dataset,series,K,L,scope,origin_start,N,phase,model_A,model_B,ambiguous_labels,geometry_status,pairwise_direction,joint_direction,higher_order_new,objective_tighter
beijing,Aotizhongxin,24,3,annual,8760,8737,AP1,constant,logistic,453,PAIRWISE_INSUFFICIENT,B,B,False,False
beijing,Aotizhongxin,24,3,annual,8760,8737,AP1,constant,hist_gradient_boosting,453,PAIRWISE_INSUFFICIENT,B,B,False,False
beijing,Aotizhongxin,24,3,annual,8760,8737,AP1,logistic,hist_gradient_boosting,453,PAIRWISE_INSUFFICIENT,OPPOSITE_POSSIBLE,OPPOSITE_POSSIBLE,False,False
beijing,Aotizhongxin,24,3,origin_week,8760,168,AP1,constant,logistic,0,PAIRWISE_EXACT,B,B,False,False
beijing,Aotizhongxin,24,3,origin_week,8760,168,AP1,constant,hist_gradient_boosting,0,PAIRWISE_EXACT,B,B,False,False
beijing,Aotizhongxin,24,3,origin_week,8760,168,AP1,logistic,hist_gradient_boosting,0,PAIRWISE_EXACT,A,A,False,False
beijing,Aotizhongxin,24,3,origin_week,8928,168,AP1,constant,logistic,0,PAIRWISE_EXACT,B,B,False,False
beijing,Aotizhongxin,24,3,origin_week,8928,168,AP1,constant,hist_gradient_boosting,0,PAIRWISE_EXACT,B,B,False,False
beijing,Aotizhongxin,24,3,origin_week,8928,168,AP1,logistic,hist_gradient_boosting,0,PAIRWISE_EXACT,B,B,False,False
beijing,Aotizhongxin,24,3,origin_week,9096,168,AP1,constant,logistic,0,PAIRWISE_EXACT,B,B,False,False
beijing,Aotizhongxin,24,3,origin_week,9096,168,AP1,constant,hist_gradient_boosting,0,PAIRWISE_EXACT,B,B,False,False
beijing,Aotizhongxin,24,3,origin_week,9096,168,AP1,logistic,hist_gradient_boosting,0,PAIRWISE_EXACT,A,A,False,False
beijing,Aotizhongxin,24,3,origin_week,9264,168,AP1,constant,logistic,0,PAIRWISE_EXACT,B,B,False,False
beijing,Aotizhongxin,24,3,origin_week,9264,168,AP1,constant,hist_gradient_boosting,0,PAIRWISE_EXACT,B,B,False,False
beijing,Aotizhongxin,24,3,origin_week,9264,168,AP1,logistic,hist_gradient_boosting,0,PAIRWISE_EXACT,A,A,False,False
beijing,Aotizhongxin,24,3,origin_week,9432,168,AP1,constant,logistic,0,PAIRWISE_EXACT,B,B,False,False
beijing,Aotizhongxin,24,3,origin_week,9432,168,AP1,constant,hist_gradient_boosting,0,PAIRWISE_EXACT,B,B,False,False
beijing,Aotizhongxin,24,3,origin_week,9432,168,AP1,logistic,hist_gradient_boosting,0,PAIRWISE_EXACT,A,A,False,False
beijing,Aotizhongxin,24,3,origin_week,9600,168,AP1,constant,logistic,0,PAIRWISE_EXACT,B,B,False,False
beijing,Aotizhongxin,24,3,origin_week,9600,168,AP1,constant,hist_gradient_boosting,0,PAIRWISE_EXACT,B,B,False,False
beijing,Aotizhongxin,24,3,origin_week,9600,168,AP1,logistic,hist_gradient_boosting,0,PAIRWISE_EXACT,B,B,False,False
beijing,Aotizhongxin,24,3,origin_week,9768,168,AP1,constant,logistic,0,PAIRWISE_EXACT,B,B,False,False
beijing,Aotizhongxin,24,3,origin_week,9768,168,AP1,constant,hist_gradient_boosting,0,PAIRWISE_EXACT,B,B,False,False
beijing,Aotizhongxin,24,3,origin_week,9768,168,AP1,logistic,hist_gradient_boosting,0,PAIRWISE_EXACT,B,B,False,False
beijing,Aotizhongxin,24,3,origin_week,9936,168,AP1,constant,logistic,0,PAIRWISE_EXACT,B,B,False,False
beijing,Aotizhongxin,24,3,origin_week,9936,168,AP1,constant,hist_gradient_boosting,0,PAIRWISE_EXACT,B,B,False,False
beijing,Aotizhongxin,24,3,origin_week,9936,168,AP1,logistic,hist_gradient_boosting,0,PAIRWISE_EXACT,B,B,False,False
beijing,Aotizhongxin,24,3,origin_week,10104,168,AP1,constant,logistic,48,PAIRWISE_INSUFFICIENT,OPPOSITE_POSSIBLE,OPPOSITE_POSSIBLE,False,False
beijing,Aotizhongxin,24,3,origin_week,10104,168,AP1,constant,hist_gradient_boosting,48,PAIRWISE_INSUFFICIENT,OPPOSITE_POSSIBLE,OPPOSITE_POSSIBLE,False,False
beijing,Aotizhongxin,24,3,origin_week,10104,168,AP1,logistic,hist_gradient_boosting,48,PAIRWISE_INSUFFICIENT,OPPOSITE_POSSIBLE,OPPOSITE_POSSIBLE,False,False
beijing,Aotizhongxin,24,3,origin_week,10272,168,AP1,constant,logistic,0,PAIRWISE_EXACT,A,A,False,False
beijing,Aotizhongxin,24,3,origin_week,10272,168,AP1,constant,hist_gradient_boosting,0,PAIRWISE_EXACT,A,A,False,False
beijing,Aotizhongxin,24,3,origin_week,10272,168,AP1,logistic,hist_gradient_boosting,0,PAIRWISE_EXACT,A,A,False,False
beijing,Aotizhongxin,24,3,origin_week,10440,168,AP1,constant,logistic,0,PAIRWISE_EXACT,B,B,False,False
beijing,Aotizhongxin,24,3,origin_week,10440,168,AP1,constant,hist_gradient_boosting,0,PAIRWISE_EXACT,B,B,False,False
beijing,Aotizhongxin,24,3,origin_week,10440,168,AP1,logistic,hist_gradient_boosting,0,PAIRWISE_EXACT,A,A,False,False
beijing,Aotizhongxin,24,3,origin_week,10608,168,AP1,constant,logistic,0,PAIRWISE_EXACT,B,B,False,False
beijing,Aotizhongxin,24,3,origin_week,10608,168,AP1,constant,hist_gradient_boosting,0,PAIRWISE_EXACT,B,B,False,False
beijing,Aotizhongxin,24,3,origin_week,10608,168,AP1,logistic,hist_gradient_boosting,0,PAIRWISE_EXACT,B,B,False,False
beijing,Aotizhongxin,24,3,origin_week,10776,168,AP1,constant,logistic,0,PAIRWISE_EXACT,B,B,False,False
beijing,Aotizhongxin,24,3,origin_week,10776,168,AP1,constant,hist_gradient_boosting,0,PAIRWISE_EXACT,B,B,False,False
beijing,Aotizhongxin,24,3,origin_week,10776,168,AP1,logistic,hist_gradient_boosting,0,PAIRWISE_EXACT,B,B,False,False
beijing,Aotizhongxin,24,3,origin_week,10944,168,AP1,constant,logistic,0,PAIRWISE_EXACT,B,B,False,False
beijing,Aotizhongxin,24,3,origin_week,10944,168,AP1,constant,hist_gradient_boosting,0,PAIRWISE_EXACT,B,B,False,False
beijing,Aotizhongxin,24,3,origin_week,10944,168,AP1,logistic,hist_gradient_boosting,0,PAIRWISE_EXACT,B,B,False,False
beijing,Aotizhongxin,24,3,origin_week,11112,168,AP1,constant,logistic,0,PAIRWISE_EXACT,B,B,False,False
beijing,Aotizhongxin,24,3,origin_week,11112,168,AP1,constant,hist_gradient_boosting,0,PAIRWISE_EXACT,B,B,False,False
beijing,Aotizhongxin,24,3,origin_week,11112,168,AP1,logistic,hist_gradient_boosting,0,PAIRWISE_EXACT,B,B,False,False
beijing,Aotizhongxin,24,3,origin_week,11280,168,AP1,constant,logistic,0,PAIRWISE_EXACT,A,A,False,False
beijing,Aotizhongxin,24,3,origin_week,11280,168,AP1,constant,hist_gradient_boosting,0,PAIRWISE_EXACT,A,A,False,False
beijing,Aotizhongxin,24,3,origin_week,11280,168,AP1,logistic,hist_gradient_boosting,0,PAIRWISE_EXACT,B,B,False,False
beijing,Aotizhongxin,24,3,origin_week,11448,168,AP1,constant,logistic,0,PAIRWISE_EXACT,B,B,False,False
beijing,Aotizhongxin,24,3,origin_week,11448,168,AP1,constant,hist_gradient_boosting,0,PAIRWISE_EXACT,B,B,False,False
beijing,Aotizhongxin,24,3,origin_week,11448,168,AP1,logistic,hist_gradient_boosting,0,PAIRWISE_EXACT,A,A,False,False
beijing,Aotizhongxin,24,3,origin_week,11616,168,AP1,constant,logistic,0,PAIRWISE_EXACT,B,B,False,False
beijing,Aotizhongxin,24,3,origin_week,11616,168,AP1,constant,hist_gradient_boosting,0,PAIRWISE_EXACT,B,B,False,False
beijing,Aotizhongxin,24,3,origin_week,11616,168,AP1,logistic,hist_gradient_boosting,0,PAIRWISE_EXACT,A,A,False,False
beijing,Aotizhongxin,24,3,origin_week,11784,168,AP1,constant,logistic,0,PAIRWISE_EXACT,B,B,False,False
beijing,Aotizhongxin,24,3,origin_week,11784,168,AP1,constant,hist_gradient_boosting,0,PAIRWISE_EXACT,B,B,False,False
beijing,Aotizhongxin,24,3,origin_week,11784,168,AP1,logistic,hist_gradient_boosting,0,PAIRWISE_EXACT,B,B,False,False
beijing,Aotizhongxin,24,3,origin_week,11952,168,AP1,constant,logistic,0,PAIRWISE_EXACT,B,B,False,False
beijing,Aotizhongxin,24,3,origin_week,11952,168,AP1,constant,hist_gradient_boosting,0,PAIRWISE_EXACT,B,B,False,False
beijing,Aotizhongxin,24,3,origin_week,11952,168,AP1,logistic,hist_gradient_boosting,0,PAIRWISE_EXACT,B,B,False,False
beijing,Aotizhongxin,24,3,origin_week,12120,168,AP1,constant,logistic,0,PAIRWISE_EXACT,B,B,False,False
beijing,Aotizhongxin,24,3,origin_week,12120,168,AP1,constant,hist_gradient_boosting,0,PAIRWISE_EXACT,B,B,False,False
beijing,Aotizhongxin,24,3,origin_week,12120,168,AP1,logistic,hist_gradient_boosting,0,PAIRWISE_EXACT,B,B,False,False
beijing,Aotizhongxin,24,3,origin_week,12288,168,AP1,constant,logistic,0,PAIRWISE_EXACT,B,B,False,False
beijing,Aotizhongxin,24,3,origin_week,12288,168,AP1,constant,hist_gradient_boosting,0,PAIRWISE_EXACT,B,B,False,False
beijing,Aotizhongxin,24,3,origin_week,12288,168,AP1,logistic,hist_gradient_boosting,0,PAIRWISE_EXACT,B,B,False,False
beijing,Aotizhongxin,24,3,origin_week,12456,168,AP1,constant,logistic,0,PAIRWISE_EXACT,B,B,False,False
beijing,Aotizhongxin,24,3,origin_week,12456,168,AP1,constant,hist_gradient_boosting,0,PAIRWISE_EXACT,B,B,False,False
beijing,Aotizhongxin,24,3,origin_week,12456,168,AP1,logistic,hist_gradient_boosting,0,PAIRWISE_EXACT,B,B,False,False
beijing,Aotizhongxin,24,3,origin_week,12624,168,AP1,constant,logistic,0,PAIRWISE_EXACT,B,B,False,False
beijing,Aotizhongxin,24,3,origin_week,12624,168,AP1,constant,hist_gradient_boosting,0,PAIRWISE_EXACT,B,B,False,False
beijing,Aotizhongxin,24,3,origin_week,12624,168,AP1,logistic,hist_gradient_boosting,0,PAIRWISE_EXACT,B,B,False,False
beijing,Aotizhongxin,24,3,origin_week,12792,168,AP1,constant,logistic,0,PAIRWISE_EXACT,B,B,False,False
beijing,Aotizhongxin,24,3,origin_week,12792,168,AP1,constant,hist_gradient_boosting,0,PAIRWISE_EXACT,B,B,False,False
beijing,Aotizhongxin,24,3,origin_week,12792,168,AP1,logistic,hist_gradient_boosting,0,PAIRWISE_EXACT,B,B,False,False
beijing,Aotizhongxin,24,3,origin_week,12960,168,AP1,constant,logistic,0,PAIRWISE_EXACT,B,B,False,False
beijing,Aotizhongxin,24,3,origin_week,12960,168,AP1,constant,hist_gradient_boosting,0,PAIRWISE_EXACT,B,B,False,False
beijing,Aotizhongxin,24,3,origin_week,12960,168,AP1,logistic,hist_gradient_boosting,0,PAIRWISE_EXACT,B,B,False,False
beijing,Aotizhongxin,24,3,origin_week,13128,168,AP1,constant,logistic,0,PAIRWISE_EXACT,B,B,False,False
beijing,Aotizhongxin,24,3,origin_week,13128,168,AP1,constant,hist_gradient_boosting,0,PAIRWISE_EXACT,B,B,False,False
beijing,Aotizhongxin,24,3,origin_week,13128,168,AP1,logistic,hist_gradient_boosting,0,PAIRWISE_EXACT,B,B,False,False
beijing,Aotizhongxin,24,3,origin_week,13296,168,AP1,constant,logistic,0,PAIRWISE_EXACT,B,B,False,False
beijing,Aotizhongxin,24,3,origin_week,13296,168,AP1,constant,hist_gradient_boosting,0,PAIRWISE_EXACT,B,B,False,False
beijing,Aotizhongxin,24,3,origin_week,13296,168,AP1,logistic,hist_gradient_boosting,0,PAIRWISE_EXACT,B,B,False,False
beijing,Aotizhongxin,24,3,origin_week,13464,168,AP1,constant,logistic,0,PAIRWISE_EXACT,B,B,False,False
beijing,Aotizhongxin,24,3,origin_week,13464,168,AP1,constant,hist_gradient_boosting,0,PAIRWISE_EXACT,B,B,False,False
beijing,Aotizhongxin,24,3,origin_week,13464,168,AP1,logistic,hist_gradient_boosting,0,PAIRWISE_EXACT,B,B,False,False
beijing,Aotizhongxin,24,3,origin_week,13632,168,AP1,constant,logistic,0,PAIRWISE_EXACT,B,B,False,False
beijing,Aotizhongxin,24,3,origin_week,13632,168,AP1,constant,hist_gradient_boosting,0,PAIRWISE_EXACT,B,B,False,False
beijing,Aotizhongxin,24,3,origin_week,13632,168,AP1,logistic,hist_gradient_boosting,0,PAIRWISE_EXACT,A,A,False,False
beijing,Aotizhongxin,24,3,origin_week,13800,168,AP1,constant,logistic,0,PAIRWISE_EXACT,B,B,False,False
beijing,Aotizhongxin,24,3,origin_week,13800,168,AP1,constant,hist_gradient_boosting,0,PAIRWISE_EXACT,A,A,False,False
beijing,Aotizhongxin,24,3,origin_week,13800,168,AP1,logistic,hist_gradient_boosting,0,PAIRWISE_EXACT,A,A,False,False
beijing,Aotizhongxin,24,3,origin_week,13968,168,AP1,constant,logistic,0,PAIRWISE_EXACT,B,B,False,False
beijing,Aotizhongxin,24,3,origin_week,13968,168,AP1,constant,hist_gradient_boosting,0,PAIRWISE_EXACT,B,B,False,False
beijing,Aotizhongxin,24,3,origin_week,13968,168,AP1,logistic,hist_gradient_boosting,0,PAIRWISE_EXACT,A,A,False,False
beijing,Aotizhongxin,24,3,origin_week,14136,168,AP1,constant,logistic,0,PAIRWISE_EXACT,B,B,False,False
beijing,Aotizhongxin,24,3,origin_week,14136,168,AP1,constant,hist_gradient_boosting,0,PAIRWISE_EXACT,B,B,False,False
beijing,Aotizhongxin,24,3,origin_week,14136,168,AP1,logistic,hist_gradient_boosting,0,PAIRWISE_EXACT,B,B,False,False
beijing,Aotizhongxin,24,3,origin_week,14304,168,AP1,constant,logistic,0,PAIRWISE_EXACT,B,B,False,False
beijing,Aotizhongxin,24,3,origin_week,14304,168,AP1,constant,hist_gradient_boosting,0,PAIRWISE_EXACT,B,B,False,False
beijing,Aotizhongxin,24,3,origin_week,14304,168,AP1,logistic,hist_gradient_boosting,0,PAIRWISE_EXACT,B,B,False,False
beijing,Aotizhongxin,24,3,origin_week,14472,168,AP1,constant,logistic,0,PAIRWISE_EXACT,B,B,False,False
beijing,Aotizhongxin,24,3,origin_week,14472,168,AP1,constant,hist_gradient_boosting,0,PAIRWISE_EXACT,B,B,False,False
beijing,Aotizhongxin,24,3,origin_week,14472,168,AP1,logistic,hist_gradient_boosting,0,PAIRWISE_EXACT,B,B,False,False
beijing,Aotizhongxin,24,3,origin_week,14640,168,AP1,constant,logistic,0,PAIRWISE_EXACT,B,B,False,False
beijing,Aotizhongxin,24,3,origin_week,14640,168,AP1,constant,hist_gradient_boosting,0,PAIRWISE_EXACT,B,B,False,False
beijing,Aotizhongxin,24,3,origin_week,14640,168,AP1,logistic,hist_gradient_boosting,0,PAIRWISE_EXACT,B,B,False,False
beijing,Aotizhongxin,24,3,origin_week,14808,168,AP1,constant,logistic,0,PAIRWISE_EXACT,B,B,False,False
beijing,Aotizhongxin,24,3,origin_week,14808,168,AP1,constant,hist_gradient_boosting,0,PAIRWISE_EXACT,B,B,False,False
beijing,Aotizhongxin,24,3,origin_week,14808,168,AP1,logistic,hist_gradient_boosting,0,PAIRWISE_EXACT,B,B,False,False
beijing,Aotizhongxin,24,3,origin_week,14976,168,AP1,constant,logistic,0,PAIRWISE_EXACT,B,B,False,False
beijing,Aotizhongxin,24,3,origin_week,14976,168,AP1,constant,hist_gradient_boosting,0,PAIRWISE_EXACT,B,B,False,False
beijing,Aotizhongxin,24,3,origin_week,14976,168,AP1,logistic,hist_gradient_boosting,0,PAIRWISE_EXACT,B,B,False,False
beijing,Aotizhongxin,24,3,origin_week,15144,168,AP1,constant,logistic,0,PAIRWISE_EXACT,B,B,False,False
beijing,Aotizhongxin,24,3,origin_week,15144,168,AP1,constant,hist_gradient_boosting,0,PAIRWISE_EXACT,A,A,False,False
beijing,Aotizhongxin,24,3,origin_week,15144,168,AP1,logistic,hist_gradient_boosting,0,PAIRWISE_EXACT,A,A,False,False
beijing,Aotizhongxin,24,3,origin_week,15312,168,AP1,constant,logistic,0,PAIRWISE_EXACT,B,B,False,False
beijing,Aotizhongxin,24,3,origin_week,15312,168,AP1,constant,hist_gradient_boosting,0,PAIRWISE_EXACT,B,B,False,False
beijing,Aotizhongxin,24,3,origin_week,15312,168,AP1,logistic,hist_gradient_boosting,0,PAIRWISE_EXACT,A,A,False,False
beijing,Aotizhongxin,24,3,origin_week,15480,168,AP1,constant,logistic,0,PAIRWISE_EXACT,B,B,False,False
beijing,Aotizhongxin,24,3,origin_week,15480,168,AP1,constant,hist_gradient_boosting,0,PAIRWISE_EXACT,B,B,False,False
beijing,Aotizhongxin,24,3,origin_week,15480,168,AP1,logistic,hist_gradient_boosting,0,PAIRWISE_EXACT,B,B,False,False
beijing,Aotizhongxin,24,3,origin_week,15648,168,AP1,constant,logistic,103,PAIRWISE_INSUFFICIENT,OPPOSITE_POSSIBLE,OPPOSITE_POSSIBLE,False,False
beijing,Aotizhongxin,24,3,origin_week,15648,168,AP1,constant,hist_gradient_boosting,103,PAIRWISE_INSUFFICIENT,OPPOSITE_POSSIBLE,OPPOSITE_POSSIBLE,False,False
beijing,Aotizhongxin,24,3,origin_week,15648,168,AP1,logistic,hist_gradient_boosting,103,PAIRWISE_INSUFFICIENT,OPPOSITE_POSSIBLE,OPPOSITE_POSSIBLE,False,False
beijing,Aotizhongxin,24,3,origin_week,15816,168,AP1,constant,logistic,168,PAIRWISE_INSUFFICIENT,OPPOSITE_POSSIBLE,OPPOSITE_POSSIBLE,False,False
beijing,Aotizhongxin,24,3,origin_week,15816,168,AP1,constant,hist_gradient_boosting,168,PAIRWISE_INSUFFICIENT,OPPOSITE_POSSIBLE,OPPOSITE_POSSIBLE,False,False
beijing,Aotizhongxin,24,3,origin_week,15816,168,AP1,logistic,hist_gradient_boosting,168,PAIRWISE_INSUFFICIENT,OPPOSITE_POSSIBLE,OPPOSITE_POSSIBLE,False,False
beijing,Aotizhongxin,24,3,origin_week,15984,168,AP1,constant,logistic,111,PAIRWISE_INSUFFICIENT,OPPOSITE_POSSIBLE,OPPOSITE_POSSIBLE,False,False
beijing,Aotizhongxin,24,3,origin_week,15984,168,AP1,constant,hist_gradient_boosting,111,PAIRWISE_INSUFFICIENT,OPPOSITE_POSSIBLE,OPPOSITE_POSSIBLE,False,False
beijing,Aotizhongxin,24,3,origin_week,15984,168,AP1,logistic,hist_gradient_boosting,111,PAIRWISE_INSUFFICIENT,OPPOSITE_POSSIBLE,OPPOSITE_POSSIBLE,False,False
beijing,Aotizhongxin,24,3,origin_week,16152,168,AP1,constant,logistic,0,PAIRWISE_EXACT,B,B,False,False
beijing,Aotizhongxin,24,3,origin_week,16152,168,AP1,constant,hist_gradient_boosting,0,PAIRWISE_EXACT,B,B,False,False
beijing,Aotizhongxin,24,3,origin_week,16152,168,AP1,logistic,hist_gradient_boosting,0,PAIRWISE_EXACT,A,A,False,False
beijing,Aotizhongxin,24,3,origin_week,16320,168,AP1,constant,logistic,0,PAIRWISE_EXACT,B,B,False,False
beijing,Aotizhongxin,24,3,origin_week,16320,168,AP1,constant,hist_gradient_boosting,0,PAIRWISE_EXACT,B,B,False,False
beijing,Aotizhongxin,24,3,origin_week,16320,168,AP1,logistic,hist_gradient_boosting,0,PAIRWISE_EXACT,A,A,False,False
beijing,Aotizhongxin,24,3,origin_week,16488,168,AP1,constant,logistic,0,PAIRWISE_EXACT,B,B,False,False
beijing,Aotizhongxin,24,3,origin_week,16488,168,AP1,constant,hist_gradient_boosting,0,PAIRWISE_EXACT,A,A,False,False
beijing,Aotizhongxin,24,3,origin_week,16488,168,AP1,logistic,hist_gradient_boosting,0,PAIRWISE_EXACT,A,A,False,False
beijing,Aotizhongxin,24,3,origin_week,16656,168,AP1,constant,logistic,23,PAIRWISE_INSUFFICIENT,B,B,False,False
beijing,Aotizhongxin,24,3,origin_week,16656,168,AP1,constant,hist_gradient_boosting,23,PAIRWISE_INSUFFICIENT,B,B,False,False
beijing,Aotizhongxin,24,3,origin_week,16656,168,AP1,logistic,hist_gradient_boosting,23,PAIRWISE_INSUFFICIENT,B,B,False,False
beijing,Aotizhongxin,24,3,origin_week,16824,168,AP1,constant,logistic,0,PAIRWISE_EXACT,B,B,False,False
beijing,Aotizhongxin,24,3,origin_week,16824,168,AP1,constant,hist_gradient_boosting,0,PAIRWISE_EXACT,B,B,False,False
beijing,Aotizhongxin,24,3,origin_week,16824,168,AP1,logistic,hist_gradient_boosting,0,PAIRWISE_EXACT,B,B,False,False
beijing,Aotizhongxin,24,3,origin_week,16992,168,AP1,constant,logistic,0,PAIRWISE_EXACT,B,B,False,False
beijing,Aotizhongxin,24,3,origin_week,16992,168,AP1,constant,hist_gradient_boosting,0,PAIRWISE_EXACT,B,B,False,False
beijing,Aotizhongxin,24,3,origin_week,16992,168,AP1,logistic,hist_gradient_boosting,0,PAIRWISE_EXACT,A,A,False,False
beijing,Aotizhongxin,24,3,origin_week,17160,168,AP1,constant,logistic,0,PAIRWISE_EXACT,B,B,False,False
beijing,Aotizhongxin,24,3,origin_week,17160,168,AP1,constant,hist_gradient_boosting,0,PAIRWISE_EXACT,B,B,False,False
beijing,Aotizhongxin,24,3,origin_week,17160,168,AP1,logistic,hist_gradient_boosting,0,PAIRWISE_EXACT,A,A,False,False
beijing,Aotizhongxin,24,3,origin_week,17328,168,AP1,constant,logistic,0,PAIRWISE_EXACT,B,B,False,False
beijing,Aotizhongxin,24,3,origin_week,17328,168,AP1,constant,hist_gradient_boosting,0,PAIRWISE_EXACT,B,B,False,False
beijing,Aotizhongxin,24,3,origin_week,17328,168,AP1,logistic,hist_gradient_boosting,0,PAIRWISE_EXACT,B,B,False,False
beijing,Aotizhongxin,24,3,origin_week,17496,1,AP1,constant,logistic,0,PAIRWISE_EXACT,B,B,False,False
beijing,Aotizhongxin,24,3,origin_week,17496,1,AP1,constant,hist_gradient_boosting,0,PAIRWISE_EXACT,A,A,False,False
beijing,Aotizhongxin,24,3,origin_week,17496,1,AP1,logistic,hist_gradient_boosting,0,PAIRWISE_EXACT,A,A,False,False
beijing,Aotizhongxin,72,3,annual,8760,8689,AP1,constant,logistic,353,PAIRWISE_INSUFFICIENT,OPPOSITE_POSSIBLE,OPPOSITE_POSSIBLE,False,False
beijing,Aotizhongxin,72,3,annual,8760,8689,AP1,constant,hist_gradient_boosting,353,PAIRWISE_INSUFFICIENT,OPPOSITE_POSSIBLE,OPPOSITE_POSSIBLE,False,True
beijing,Aotizhongxin,72,3,annual,8760,8689,AP1,logistic,hist_gradient_boosting,353,PAIRWISE_INSUFFICIENT,OPPOSITE_POSSIBLE,OPPOSITE_POSSIBLE,False,True
beijing,Aotizhongxin,72,3,origin_week,8760,168,AP1,constant,logistic,0,PAIRWISE_EXACT,B,B,False,False
beijing,Aotizhongxin,72,3,origin_week,8760,168,AP1,constant,hist_gradient_boosting,0,PAIRWISE_EXACT,A,A,False,False
beijing,Aotizhongxin,72,3,origin_week,8760,168,AP1,logistic,hist_gradient_boosting,0,PAIRWISE_EXACT,A,A,False,False
beijing,Aotizhongxin,72,3,origin_week,8928,168,AP1,constant,logistic,0,PAIRWISE_EXACT,B,B,False,False
beijing,Aotizhongxin,72,3,origin_week,8928,168,AP1,constant,hist_gradient_boosting,0,PAIRWISE_EXACT,B,B,False,False
beijing,Aotizhongxin,72,3,origin_week,8928,168,AP1,logistic,hist_gradient_boosting,0,PAIRWISE_EXACT,A,A,False,False
beijing,Aotizhongxin,72,3,origin_week,9096,168,AP1,constant,logistic,0,PAIRWISE_EXACT,A,A,False,False
beijing,Aotizhongxin,72,3,origin_week,9096,168,AP1,constant,hist_gradient_boosting,0,PAIRWISE_EXACT,A,A,False,False
beijing,Aotizhongxin,72,3,origin_week,9096,168,AP1,logistic,hist_gradient_boosting,0,PAIRWISE_EXACT,A,A,False,False
beijing,Aotizhongxin,72,3,origin_week,9264,168,AP1,constant,logistic,0,PAIRWISE_EXACT,B,B,False,False
beijing,Aotizhongxin,72,3,origin_week,9264,168,AP1,constant,hist_gradient_boosting,0,PAIRWISE_EXACT,B,B,False,False
beijing,Aotizhongxin,72,3,origin_week,9264,168,AP1,logistic,hist_gradient_boosting,0,PAIRWISE_EXACT,A,A,False,False
beijing,Aotizhongxin,72,3,origin_week,9432,168,AP1,constant,logistic,0,PAIRWISE_EXACT,A,A,False,False
beijing,Aotizhongxin,72,3,origin_week,9432,168,AP1,constant,hist_gradient_boosting,0,PAIRWISE_EXACT,A,A,False,False
beijing,Aotizhongxin,72,3,origin_week,9432,168,AP1,logistic,hist_gradient_boosting,0,PAIRWISE_EXACT,A,A,False,False
beijing,Aotizhongxin,72,3,origin_week,9600,168,AP1,constant,logistic,0,PAIRWISE_EXACT,B,B,False,False
beijing,Aotizhongxin,72,3,origin_week,9600,168,AP1,constant,hist_gradient_boosting,0,PAIRWISE_EXACT,B,B,False,False
beijing,Aotizhongxin,72,3,origin_week,9600,168,AP1,logistic,hist_gradient_boosting,0,PAIRWISE_EXACT,B,B,False,False
beijing,Aotizhongxin,72,3,origin_week,9768,168,AP1,constant,logistic,0,PAIRWISE_EXACT,B,B,False,False
beijing,Aotizhongxin,72,3,origin_week,9768,168,AP1,constant,hist_gradient_boosting,0,PAIRWISE_EXACT,B,B,False,False
beijing,Aotizhongxin,72,3,origin_week,9768,168,AP1,logistic,hist_gradient_boosting,0,PAIRWISE_EXACT,B,B,False,False
beijing,Aotizhongxin,72,3,origin_week,9936,168,AP1,constant,logistic,0,PAIRWISE_EXACT,B,B,False,False
beijing,Aotizhongxin,72,3,origin_week,9936,168,AP1,constant,hist_gradient_boosting,0,PAIRWISE_EXACT,B,B,False,False
beijing,Aotizhongxin,72,3,origin_week,9936,168,AP1,logistic,hist_gradient_boosting,0,PAIRWISE_EXACT,B,B,False,False
beijing,Aotizhongxin,72,3,origin_week,10104,168,AP1,constant,logistic,0,PAIRWISE_EXACT,B,B,False,False
beijing,Aotizhongxin,72,3,origin_week,10104,168,AP1,constant,hist_gradient_boosting,0,PAIRWISE_EXACT,B,B,False,False
beijing,Aotizhongxin,72,3,origin_week,10104,168,AP1,logistic,hist_gradient_boosting,0,PAIRWISE_EXACT,B,B,False,False
beijing,Aotizhongxin,72,3,origin_week,10272,168,AP1,constant,logistic,0,PAIRWISE_EXACT,B,B,False,False
beijing,Aotizhongxin,72,3,origin_week,10272,168,AP1,constant,hist_gradient_boosting,0,PAIRWISE_EXACT,B,B,False,False
beijing,Aotizhongxin,72,3,origin_week,10272,168,AP1,logistic,hist_gradient_boosting,0,PAIRWISE_EXACT,A,A,False,False
beijing,Aotizhongxin,72,3,origin_week,10440,168,AP1,constant,logistic,0,PAIRWISE_EXACT,A,A,False,False
beijing,Aotizhongxin,72,3,origin_week,10440,168,AP1,constant,hist_gradient_boosting,0,PAIRWISE_EXACT,A,A,False,False
beijing,Aotizhongxin,72,3,origin_week,10440,168,AP1,logistic,hist_gradient_boosting,0,PAIRWISE_EXACT,A,A,False,False
beijing,Aotizhongxin,72,3,origin_week,10608,168,AP1,constant,logistic,0,PAIRWISE_EXACT,B,B,False,False
beijing,Aotizhongxin,72,3,origin_week,10608,168,AP1,constant,hist_gradient_boosting,0,PAIRWISE_EXACT,B,B,False,False
beijing,Aotizhongxin,72,3,origin_week,10608,168,AP1,logistic,hist_gradient_boosting,0,PAIRWISE_EXACT,B,B,False,False
beijing,Aotizhongxin,72,3,origin_week,10776,168,AP1,constant,logistic,0,PAIRWISE_EXACT,B,B,False,False
beijing,Aotizhongxin,72,3,origin_week,10776,168,AP1,constant,hist_gradient_boosting,0,PAIRWISE_EXACT,B,B,False,False
beijing,Aotizhongxin,72,3,origin_week,10776,168,AP1,logistic,hist_gradient_boosting,0,PAIRWISE_EXACT,B,B,False,False
beijing,Aotizhongxin,72,3,origin_week,10944,168,AP1,constant,logistic,0,PAIRWISE_EXACT,A,A,False,False
beijing,Aotizhongxin,72,3,origin_week,10944,168,AP1,constant,hist_gradient_boosting,0,PAIRWISE_EXACT,B,B,False,False
beijing,Aotizhongxin,72,3,origin_week,10944,168,AP1,logistic,hist_gradient_boosting,0,PAIRWISE_EXACT,B,B,False,False
beijing,Aotizhongxin,72,3,origin_week,11112,168,AP1,constant,logistic,0,PAIRWISE_EXACT,B,B,False,False
beijing,Aotizhongxin,72,3,origin_week,11112,168,AP1,constant,hist_gradient_boosting,0,PAIRWISE_EXACT,B,B,False,False
beijing,Aotizhongxin,72,3,origin_week,11112,168,AP1,logistic,hist_gradient_boosting,0,PAIRWISE_EXACT,B,B,False,False
beijing,Aotizhongxin,72,3,origin_week,11280,168,AP1,constant,logistic,0,PAIRWISE_EXACT,B,B,False,False
beijing,Aotizhongxin,72,3,origin_week,11280,168,AP1,constant,hist_gradient_boosting,0,PAIRWISE_EXACT,B,B,False,False
beijing,Aotizhongxin,72,3,origin_week,11280,168,AP1,logistic,hist_gradient_boosting,0,PAIRWISE_EXACT,A,A,False,False
beijing,Aotizhongxin,72,3,origin_week,11448,168,AP1,constant,logistic,0,PAIRWISE_EXACT,B,B,False,False
beijing,Aotizhongxin,72,3,origin_week,11448,168,AP1,constant,hist_gradient_boosting,0,PAIRWISE_EXACT,B,B,False,False
beijing,Aotizhongxin,72,3,origin_week,11448,168,AP1,logistic,hist_gradient_boosting,0,PAIRWISE_EXACT,B,B,False,False
beijing,Aotizhongxin,72,3,origin_week,11616,168,AP1,constant,logistic,0,PAIRWISE_EXACT,B,B,False,False
beijing,Aotizhongxin,72,3,origin_week,11616,168,AP1,constant,hist_gradient_boosting,0,PAIRWISE_EXACT,B,B,False,False
beijing,Aotizhongxin,72,3,origin_week,11616,168,AP1,logistic,hist_gradient_boosting,0,PAIRWISE_EXACT,B,B,False,False
beijing,Aotizhongxin,72,3,origin_week,11784,168,AP1,constant,logistic,0,PAIRWISE_EXACT,B,B,False,False
beijing,Aotizhongxin,72,3,origin_week,11784,168,AP1,constant,hist_gradient_boosting,0,PAIRWISE_EXACT,B,B,False,False
beijing,Aotizhongxin,72,3,origin_week,11784,168,AP1,logistic,hist_gradient_boosting,0,PAIRWISE_EXACT,A,A,False,False
beijing,Aotizhongxin,72,3,origin_week,11952,168,AP1,constant,logistic,0,PAIRWISE_EXACT,A,A,False,False
beijing,Aotizhongxin,72,3,origin_week,11952,168,AP1,constant,hist_gradient_boosting,0,PAIRWISE_EXACT,B,B,False,False
beijing,Aotizhongxin,72,3,origin_week,11952,168,AP1,logistic,hist_gradient_boosting,0,PAIRWISE_EXACT,B,B,False,False
beijing,Aotizhongxin,72,3,origin_week,12120,168,AP1,constant,logistic,0,PAIRWISE_EXACT,A,A,False,False
beijing,Aotizhongxin,72,3,origin_week,12120,168,AP1,constant,hist_gradient_boosting,0,PAIRWISE_EXACT,A,A,False,False
beijing,Aotizhongxin,72,3,origin_week,12120,168,AP1,logistic,hist_gradient_boosting,0,PAIRWISE_EXACT,A,A,False,False
beijing,Aotizhongxin,72,3,origin_week,12288,168,AP1,constant,logistic,0,PAIRWISE_EXACT,B,B,False,False
beijing,Aotizhongxin,72,3,origin_week,12288,168,AP1,constant,hist_gradient_boosting,0,PAIRWISE_EXACT,B,B,False,False
beijing,Aotizhongxin,72,3,origin_week,12288,168,AP1,logistic,hist_gradient_boosting,0,PAIRWISE_EXACT,A,A,False,False
beijing,Aotizhongxin,72,3,origin_week,12456,168,AP1,constant,logistic,0,PAIRWISE_EXACT,A,A,False,False
beijing,Aotizhongxin,72,3,origin_week,12456,168,AP1,constant,hist_gradient_boosting,0,PAIRWISE_EXACT,A,A,False,False
beijing,Aotizhongxin,72,3,origin_week,12456,168,AP1,logistic,hist_gradient_boosting,0,PAIRWISE_EXACT,B,B,False,False
beijing,Aotizhongxin,72,3,origin_week,12624,168,AP1,constant,logistic,0,PAIRWISE_EXACT,B,B,False,False
beijing,Aotizhongxin,72,3,origin_week,12624,168,AP1,constant,hist_gradient_boosting,0,PAIRWISE_EXACT,B,B,False,False
beijing,Aotizhongxin,72,3,origin_week,12624,168,AP1,logistic,hist_gradient_boosting,0,PAIRWISE_EXACT,B,B,False,False
beijing,Aotizhongxin,72,3,origin_week,12792,168,AP1,constant,logistic,0,PAIRWISE_EXACT,B,B,False,False
beijing,Aotizhongxin,72,3,origin_week,12792,168,AP1,constant,hist_gradient_boosting,0,PAIRWISE_EXACT,B,B,False,False
beijing,Aotizhongxin,72,3,origin_week,12792,168,AP1,logistic,hist_gradient_boosting,0,PAIRWISE_EXACT,A,A,False,False
beijing,Aotizhongxin,72,3,origin_week,12960,168,AP1,constant,logistic,0,PAIRWISE_EXACT,B,B,False,False
beijing,Aotizhongxin,72,3,origin_week,12960,168,AP1,constant,hist_gradient_boosting,0,PAIRWISE_EXACT,B,B,False,False
beijing,Aotizhongxin,72,3,origin_week,12960,168,AP1,logistic,hist_gradient_boosting,0,PAIRWISE_EXACT,B,B,False,False
beijing,Aotizhongxin,72,3,origin_week,13128,168,AP1,constant,logistic,0,PAIRWISE_EXACT,B,B,False,False
beijing,Aotizhongxin,72,3,origin_week,13128,168,AP1,constant,hist_gradient_boosting,0,PAIRWISE_EXACT,A,A,False,False
beijing,Aotizhongxin,72,3,origin_week,13128,168,AP1,logistic,hist_gradient_boosting,0,PAIRWISE_EXACT,A,A,False,False
beijing,Aotizhongxin,72,3,origin_week,13296,168,AP1,constant,logistic,0,PAIRWISE_EXACT,B,B,False,False
beijing,Aotizhongxin,72,3,origin_week,13296,168,AP1,constant,hist_gradient_boosting,0,PAIRWISE_EXACT,B,B,False,False
beijing,Aotizhongxin,72,3,origin_week,13296,168,AP1,logistic,hist_gradient_boosting,0,PAIRWISE_EXACT,B,B,False,False
beijing,Aotizhongxin,72,3,origin_week,13464,168,AP1,constant,logistic,0,PAIRWISE_EXACT,A,A,False,False
beijing,Aotizhongxin,72,3,origin_week,13464,168,AP1,constant,hist_gradient_boosting,0,PAIRWISE_EXACT,A,A,False,False
beijing,Aotizhongxin,72,3,origin_week,13464,168,AP1,logistic,hist_gradient_boosting,0,PAIRWISE_EXACT,A,A,False,False
beijing,Aotizhongxin,72,3,origin_week,13632,168,AP1,constant,logistic,0,PAIRWISE_EXACT,A,A,False,False
beijing,Aotizhongxin,72,3,origin_week,13632,168,AP1,constant,hist_gradient_boosting,0,PAIRWISE_EXACT,B,B,False,False
beijing,Aotizhongxin,72,3,origin_week,13632,168,AP1,logistic,hist_gradient_boosting,0,PAIRWISE_EXACT,B,B,False,False
beijing,Aotizhongxin,72,3,origin_week,13800,168,AP1,constant,logistic,0,PAIRWISE_EXACT,B,B,False,False
beijing,Aotizhongxin,72,3,origin_week,13800,168,AP1,constant,hist_gradient_boosting,0,PAIRWISE_EXACT,A,A,False,False
beijing,Aotizhongxin,72,3,origin_week,13800,168,AP1,logistic,hist_gradient_boosting,0,PAIRWISE_EXACT,A,A,False,False
beijing,Aotizhongxin,72,3,origin_week,13968,168,AP1,constant,logistic,0,PAIRWISE_EXACT,B,B,False,False
beijing,Aotizhongxin,72,3,origin_week,13968,168,AP1,constant,hist_gradient_boosting,0,PAIRWISE_EXACT,B,B,False,False
beijing,Aotizhongxin,72,3,origin_week,13968,168,AP1,logistic,hist_gradient_boosting,0,PAIRWISE_EXACT,B,B,False,False
beijing,Aotizhongxin,72,3,origin_week,14136,168,AP1,constant,logistic,0,PAIRWISE_EXACT,B,B,False,False
beijing,Aotizhongxin,72,3,origin_week,14136,168,AP1,constant,hist_gradient_boosting,0,PAIRWISE_EXACT,A,A,False,False
beijing,Aotizhongxin,72,3,origin_week,14136,168,AP1,logistic,hist_gradient_boosting,0,PAIRWISE_EXACT,A,A,False,False
beijing,Aotizhongxin,72,3,origin_week,14304,168,AP1,constant,logistic,0,PAIRWISE_EXACT,B,B,False,False
beijing,Aotizhongxin,72,3,origin_week,14304,168,AP1,constant,hist_gradient_boosting,0,PAIRWISE_EXACT,B,B,False,False
beijing,Aotizhongxin,72,3,origin_week,14304,168,AP1,logistic,hist_gradient_boosting,0,PAIRWISE_EXACT,B,B,False,False
beijing,Aotizhongxin,72,3,origin_week,14472,168,AP1,constant,logistic,0,PAIRWISE_EXACT,B,B,False,False
beijing,Aotizhongxin,72,3,origin_week,14472,168,AP1,constant,hist_gradient_boosting,0,PAIRWISE_EXACT,B,B,False,False
beijing,Aotizhongxin,72,3,origin_week,14472,168,AP1,logistic,hist_gradient_boosting,0,PAIRWISE_EXACT,A,A,False,False
beijing,Aotizhongxin,72,3,origin_week,14640,168,AP1,constant,logistic,0,PAIRWISE_EXACT,A,A,False,False
beijing,Aotizhongxin,72,3,origin_week,14640,168,AP1,constant,hist_gradient_boosting,0,PAIRWISE_EXACT,A,A,False,False
beijing,Aotizhongxin,72,3,origin_week,14640,168,AP1,logistic,hist_gradient_boosting,0,PAIRWISE_EXACT,A,A,False,False
beijing,Aotizhongxin,72,3,origin_week,14808,168,AP1,constant,logistic,0,PAIRWISE_EXACT,B,B,False,False
beijing,Aotizhongxin,72,3,origin_week,14808,168,AP1,constant,hist_gradient_boosting,0,PAIRWISE_EXACT,A,A,False,False
beijing,Aotizhongxin,72,3,origin_week,14808,168,AP1,logistic,hist_gradient_boosting,0,PAIRWISE_EXACT,A,A,False,False
beijing,Aotizhongxin,72,3,origin_week,14976,168,AP1,constant,logistic,0,PAIRWISE_EXACT,B,B,False,False
beijing,Aotizhongxin,72,3,origin_week,14976,168,AP1,constant,hist_gradient_boosting,0,PAIRWISE_EXACT,B,B,False,False
beijing,Aotizhongxin,72,3,origin_week,14976,168,AP1,logistic,hist_gradient_boosting,0,PAIRWISE_EXACT,A,A,False,False
beijing,Aotizhongxin,72,3,origin_week,15144,168,AP1,constant,logistic,0,PAIRWISE_EXACT,B,B,False,False
beijing,Aotizhongxin,72,3,origin_week,15144,168,AP1,constant,hist_gradient_boosting,0,PAIRWISE_EXACT,A,A,False,False
beijing,Aotizhongxin,72,3,origin_week,15144,168,AP1,logistic,hist_gradient_boosting,0,PAIRWISE_EXACT,A,A,False,False
beijing,Aotizhongxin,72,3,origin_week,15312,168,AP1,constant,logistic,0,PAIRWISE_EXACT,A,A,False,False
beijing,Aotizhongxin,72,3,origin_week,15312,168,AP1,constant,hist_gradient_boosting,0,PAIRWISE_EXACT,A,A,False,False
beijing,Aotizhongxin,72,3,origin_week,15312,168,AP1,logistic,hist_gradient_boosting,0,PAIRWISE_EXACT,B,B,False,False
beijing,Aotizhongxin,72,3,origin_week,15480,168,AP1,constant,logistic,0,PAIRWISE_EXACT,B,B,False,False
beijing,Aotizhongxin,72,3,origin_week,15480,168,AP1,constant,hist_gradient_boosting,0,PAIRWISE_EXACT,B,B,False,False
beijing,Aotizhongxin,72,3,origin_week,15480,168,AP1,logistic,hist_gradient_boosting,0,PAIRWISE_EXACT,A,A,False,False
beijing,Aotizhongxin,72,3,origin_week,15648,168,AP1,constant,logistic,115,PAIRWISE_INSUFFICIENT,OPPOSITE_POSSIBLE,OPPOSITE_POSSIBLE,False,False
beijing,Aotizhongxin,72,3,origin_week,15648,168,AP1,constant,hist_gradient_boosting,115,PAIRWISE_INSUFFICIENT,OPPOSITE_POSSIBLE,OPPOSITE_POSSIBLE,False,True
beijing,Aotizhongxin,72,3,origin_week,15648,168,AP1,logistic,hist_gradient_boosting,115,PAIRWISE_INSUFFICIENT,OPPOSITE_POSSIBLE,OPPOSITE_POSSIBLE,False,True
beijing,Aotizhongxin,72,3,origin_week,15816,168,AP1,constant,logistic,168,PAIRWISE_INSUFFICIENT,OPPOSITE_POSSIBLE,OPPOSITE_POSSIBLE,False,False
beijing,Aotizhongxin,72,3,origin_week,15816,168,AP1,constant,hist_gradient_boosting,168,PAIRWISE_INSUFFICIENT,OPPOSITE_POSSIBLE,OPPOSITE_POSSIBLE,False,True
beijing,Aotizhongxin,72,3,origin_week,15816,168,AP1,logistic,hist_gradient_boosting,168,PAIRWISE_INSUFFICIENT,OPPOSITE_POSSIBLE,OPPOSITE_POSSIBLE,False,False
beijing,Aotizhongxin,72,3,origin_week,15984,168,AP1,constant,logistic,70,PAIRWISE_INSUFFICIENT,OPPOSITE_POSSIBLE,OPPOSITE_POSSIBLE,False,False
beijing,Aotizhongxin,72,3,origin_week,15984,168,AP1,constant,hist_gradient_boosting,70,PAIRWISE_INSUFFICIENT,OPPOSITE_POSSIBLE,OPPOSITE_POSSIBLE,False,False
beijing,Aotizhongxin,72,3,origin_week,15984,168,AP1,logistic,hist_gradient_boosting,70,PAIRWISE_INSUFFICIENT,OPPOSITE_POSSIBLE,OPPOSITE_POSSIBLE,False,False
beijing,Aotizhongxin,72,3,origin_week,16152,168,AP1,constant,logistic,0,PAIRWISE_EXACT,B,B,False,False
beijing,Aotizhongxin,72,3,origin_week,16152,168,AP1,constant,hist_gradient_boosting,0,PAIRWISE_EXACT,B,B,False,False
beijing,Aotizhongxin,72,3,origin_week,16152,168,AP1,logistic,hist_gradient_boosting,0,PAIRWISE_EXACT,A,A,False,False
beijing,Aotizhongxin,72,3,origin_week,16320,168,AP1,constant,logistic,0,PAIRWISE_EXACT,B,B,False,False
beijing,Aotizhongxin,72,3,origin_week,16320,168,AP1,constant,hist_gradient_boosting,0,PAIRWISE_EXACT,B,B,False,False
beijing,Aotizhongxin,72,3,origin_week,16320,168,AP1,logistic,hist_gradient_boosting,0,PAIRWISE_EXACT,A,A,False,False
beijing,Aotizhongxin,72,3,origin_week,16488,168,AP1,constant,logistic,0,PAIRWISE_EXACT,B,B,False,False
beijing,Aotizhongxin,72,3,origin_week,16488,168,AP1,constant,hist_gradient_boosting,0,PAIRWISE_EXACT,A,A,False,False
beijing,Aotizhongxin,72,3,origin_week,16488,168,AP1,logistic,hist_gradient_boosting,0,PAIRWISE_EXACT,A,A,False,False
beijing,Aotizhongxin,72,3,origin_week,16656,168,AP1,constant,logistic,0,PAIRWISE_EXACT,A,A,False,False
beijing,Aotizhongxin,72,3,origin_week,16656,168,AP1,constant,hist_gradient_boosting,0,PAIRWISE_EXACT,A,A,False,False
beijing,Aotizhongxin,72,3,origin_week,16656,168,AP1,logistic,hist_gradient_boosting,0,PAIRWISE_EXACT,A,A,False,False
beijing,Aotizhongxin,72,3,origin_week,16824,168,AP1,constant,logistic,0,PAIRWISE_EXACT,B,B,False,False
beijing,Aotizhongxin,72,3,origin_week,16824,168,AP1,constant,hist_gradient_boosting,0,PAIRWISE_EXACT,A,A,False,False
beijing,Aotizhongxin,72,3,origin_week,16824,168,AP1,logistic,hist_gradient_boosting,0,PAIRWISE_EXACT,A,A,False,False
beijing,Aotizhongxin,72,3,origin_week,16992,168,AP1,constant,logistic,0,PAIRWISE_EXACT,B,B,False,False
beijing,Aotizhongxin,72,3,origin_week,16992,168,AP1,constant,hist_gradient_boosting,0,PAIRWISE_EXACT,A,A,False,False
beijing,Aotizhongxin,72,3,origin_week,16992,168,AP1,logistic,hist_gradient_boosting,0,PAIRWISE_EXACT,A,A,False,False
beijing,Aotizhongxin,72,3,origin_week,17160,168,AP1,constant,logistic,0,PAIRWISE_EXACT,B,B,False,False
beijing,Aotizhongxin,72,3,origin_week,17160,168,AP1,constant,hist_gradient_boosting,0,PAIRWISE_EXACT,B,B,False,False
beijing,Aotizhongxin,72,3,origin_week,17160,168,AP1,logistic,hist_gradient_boosting,0,PAIRWISE_EXACT,B,B,False,False
beijing,Aotizhongxin,72,3,origin_week,17328,121,AP1,constant,logistic,0,PAIRWISE_EXACT,B,B,False,False
beijing,Aotizhongxin,72,3,origin_week,17328,121,AP1,constant,hist_gradient_boosting,0,PAIRWISE_EXACT,B,B,False,False
beijing,Aotizhongxin,72,3,origin_week,17328,121,AP1,logistic,hist_gradient_boosting,0,PAIRWISE_EXACT,B,B,False,False
beijing,Changping,24,3,annual,8760,8737,AP1,constant,logistic,187,PAIRWISE_INSUFFICIENT,B,B,False,False
beijing,Changping,24,3,annual,8760,8737,AP1,constant,hist_gradient_boosting,187,PAIRWISE_INSUFFICIENT,B,B,False,True
beijing,Changping,24,3,annual,8760,8737,AP1,logistic,hist_gradient_boosting,187,PAIRWISE_INSUFFICIENT,OPPOSITE_POSSIBLE,OPPOSITE_POSSIBLE,False,False
beijing,Changping,24,3,origin_week,8760,168,AP1,constant,logistic,0,PAIRWISE_EXACT,B,B,False,False
beijing,Changping,24,3,origin_week,8760,168,AP1,constant,hist_gradient_boosting,0,PAIRWISE_EXACT,B,B,False,False
beijing,Changping,24,3,origin_week,8760,168,AP1,logistic,hist_gradient_boosting,0,PAIRWISE_EXACT,A,A,False,False
beijing,Changping,24,3,origin_week,8928,168,AP1,constant,logistic,0,PAIRWISE_EXACT,B,B,False,False
beijing,Changping,24,3,origin_week,8928,168,AP1,constant,hist_gradient_boosting,0,PAIRWISE_EXACT,B,B,False,False
beijing,Changping,24,3,origin_week,8928,168,AP1,logistic,hist_gradient_boosting,0,PAIRWISE_EXACT,B,B,False,False
beijing,Changping,24,3,origin_week,9096,168,AP1,constant,logistic,0,PAIRWISE_EXACT,B,B,False,False
beijing,Changping,24,3,origin_week,9096,168,AP1,constant,hist_gradient_boosting,0,PAIRWISE_EXACT,B,B,False,False
beijing,Changping,24,3,origin_week,9096,168,AP1,logistic,hist_gradient_boosting,0,PAIRWISE_EXACT,A,A,False,False
beijing,Changping,24,3,origin_week,9264,168,AP1,constant,logistic,0,PAIRWISE_EXACT,B,B,False,False
beijing,Changping,24,3,origin_week,9264,168,AP1,constant,hist_gradient_boosting,0,PAIRWISE_EXACT,B,B,False,False
beijing,Changping,24,3,origin_week,9264,168,AP1,logistic,hist_gradient_boosting,0,PAIRWISE_EXACT,B,B,False,False
beijing,Changping,24,3,origin_week,9432,168,AP1,constant,logistic,0,PAIRWISE_EXACT,B,B,False,False
beijing,Changping,24,3,origin_week,9432,168,AP1,constant,hist_gradient_boosting,0,PAIRWISE_EXACT,B,B,False,False
beijing,Changping,24,3,origin_week,9432,168,AP1,logistic,hist_gradient_boosting,0,PAIRWISE_EXACT,A,A,False,False
beijing,Changping,24,3,origin_week,9600,168,AP1,constant,logistic,0,PAIRWISE_EXACT,B,B,False,False
beijing,Changping,24,3,origin_week,9600,168,AP1,constant,hist_gradient_boosting,0,PAIRWISE_EXACT,B,B,False,False
beijing,Changping,24,3,origin_week,9600,168,AP1,logistic,hist_gradient_boosting,0,PAIRWISE_EXACT,B,B,False,False
beijing,Changping,24,3,origin_week,9768,168,AP1,constant,logistic,0,PAIRWISE_EXACT,B,B,False,False
beijing,Changping,24,3,origin_week,9768,168,AP1,constant,hist_gradient_boosting,0,PAIRWISE_EXACT,B,B,False,False
beijing,Changping,24,3,origin_week,9768,168,AP1,logistic,hist_gradient_boosting,0,PAIRWISE_EXACT,B,B,False,False
beijing,Changping,24,3,origin_week,9936,168,AP1,constant,logistic,0,PAIRWISE_EXACT,B,B,False,False
beijing,Changping,24,3,origin_week,9936,168,AP1,constant,hist_gradient_boosting,0,PAIRWISE_EXACT,B,B,False,False
beijing,Changping,24,3,origin_week,9936,168,AP1,logistic,hist_gradient_boosting,0,PAIRWISE_EXACT,B,B,False,False
beijing,Changping,24,3,origin_week,10104,168,AP1,constant,logistic,45,PAIRWISE_INSUFFICIENT,OPPOSITE_POSSIBLE,OPPOSITE_POSSIBLE,False,False
beijing,Changping,24,3,origin_week,10104,168,AP1,constant,hist_gradient_boosting,45,PAIRWISE_INSUFFICIENT,OPPOSITE_POSSIBLE,OPPOSITE_POSSIBLE,False,False
beijing,Changping,24,3,origin_week,10104,168,AP1,logistic,hist_gradient_boosting,45,PAIRWISE_INSUFFICIENT,B,B,False,False
beijing,Changping,24,3,origin_week,10272,168,AP1,constant,logistic,0,PAIRWISE_EXACT,B,B,False,False
beijing,Changping,24,3,origin_week,10272,168,AP1,constant,hist_gradient_boosting,0,PAIRWISE_EXACT,B,B,False,False
beijing,Changping,24,3,origin_week,10272,168,AP1,logistic,hist_gradient_boosting,0,PAIRWISE_EXACT,A,A,False,False
beijing,Changping,24,3,origin_week,10440,168,AP1,constant,logistic,0,PAIRWISE_EXACT,B,B,False,False
beijing,Changping,24,3,origin_week,10440,168,AP1,constant,hist_gradient_boosting,0,PAIRWISE_EXACT,B,B,False,False
beijing,Changping,24,3,origin_week,10440,168,AP1,logistic,hist_gradient_boosting,0,PAIRWISE_EXACT,A,A,False,False
beijing,Changping,24,3,origin_week,10608,168,AP1,constant,logistic,0,PAIRWISE_EXACT,A,A,False,False
beijing,Changping,24,3,origin_week,10608,168,AP1,constant,hist_gradient_boosting,0,PAIRWISE_EXACT,A,A,False,False
beijing,Changping,24,3,origin_week,10608,168,AP1,logistic,hist_gradient_boosting,0,PAIRWISE_EXACT,B,B,False,False
beijing,Changping,24,3,origin_week,10776,168,AP1,constant,logistic,0,PAIRWISE_EXACT,B,B,False,False
beijing,Changping,24,3,origin_week,10776,168,AP1,constant,hist_gradient_boosting,0,PAIRWISE_EXACT,B,B,False,False
beijing,Changping,24,3,origin_week,10776,168,AP1,logistic,hist_gradient_boosting,0,PAIRWISE_EXACT,B,B,False,False
beijing,Changping,24,3,origin_week,10944,168,AP1,constant,logistic,0,PAIRWISE_EXACT,B,B,False,False
beijing,Changping,24,3,origin_week,10944,168,AP1,constant,hist_gradient_boosting,0,PAIRWISE_EXACT,B,B,False,False
beijing,Changping,24,3,origin_week,10944,168,AP1,logistic,hist_gradient_boosting,0,PAIRWISE_EXACT,A,A,False,False
beijing,Changping,24,3,origin_week,11112,168,AP1,constant,logistic,3,PAIRWISE_EXACT,B,B,False,False
beijing,Changping,24,3,origin_week,11112,168,AP1,constant,hist_gradient_boosting,3,PAIRWISE_EXACT,B,B,False,False
beijing,Changping,24,3,origin_week,11112,168,AP1,logistic,hist_gradient_boosting,3,PAIRWISE_EXACT,B,B,False,False
beijing,Changping,24,3,origin_week,11280,168,AP1,constant,logistic,20,PAIRWISE_EXACT,A,A,False,False
beijing,Changping,24,3,origin_week,11280,168,AP1,constant,hist_gradient_boosting,20,PAIRWISE_EXACT,A,A,False,False
beijing,Changping,24,3,origin_week,11280,168,AP1,logistic,hist_gradient_boosting,20,PAIRWISE_EXACT,OPPOSITE_POSSIBLE,OPPOSITE_POSSIBLE,False,False
beijing,Changping,24,3,origin_week,11448,168,AP1,constant,logistic,0,PAIRWISE_EXACT,B,B,False,False
beijing,Changping,24,3,origin_week,11448,168,AP1,constant,hist_gradient_boosting,0,PAIRWISE_EXACT,B,B,False,False
beijing,Changping,24,3,origin_week,11448,168,AP1,logistic,hist_gradient_boosting,0,PAIRWISE_EXACT,B,B,False,False
beijing,Changping,24,3,origin_week,11616,168,AP1,constant,logistic,0,PAIRWISE_EXACT,B,B,False,False
beijing,Changping,24,3,origin_week,11616,168,AP1,constant,hist_gradient_boosting,0,PAIRWISE_EXACT,B,B,False,False
beijing,Changping,24,3,origin_week,11616,168,AP1,logistic,hist_gradient_boosting,0,PAIRWISE_EXACT,B,B,False,False
beijing,Changping,24,3,origin_week,11784,168,AP1,constant,logistic,0,PAIRWISE_EXACT,B,B,False,False
beijing,Changping,24,3,origin_week,11784,168,AP1,constant,hist_gradient_boosting,0,PAIRWISE_EXACT,B,B,False,False
beijing,Changping,24,3,origin_week,11784,168,AP1,logistic,hist_gradient_boosting,0,PAIRWISE_EXACT,A,A,False,False
beijing,Changping,24,3,origin_week,11952,168,AP1,constant,logistic,0,PAIRWISE_EXACT,B,B,False,False
beijing,Changping,24,3,origin_week,11952,168,AP1,constant,hist_gradient_boosting,0,PAIRWISE_EXACT,B,B,False,False
beijing,Changping,24,3,origin_week,11952,168,AP1,logistic,hist_gradient_boosting,0,PAIRWISE_EXACT,B,B,False,False
beijing,Changping,24,3,origin_week,12120,168,AP1,constant,logistic,30,PAIRWISE_INSUFFICIENT,B,B,False,False
beijing,Changping,24,3,origin_week,12120,168,AP1,constant,hist_gradient_boosting,30,PAIRWISE_INSUFFICIENT,B,B,False,True
beijing,Changping,24,3,origin_week,12120,168,AP1,logistic,hist_gradient_boosting,30,PAIRWISE_INSUFFICIENT,OPPOSITE_POSSIBLE,OPPOSITE_POSSIBLE,False,False
beijing,Changping,24,3,origin_week,12288,168,AP1,constant,logistic,64,PAIRWISE_INSUFFICIENT,B,B,False,False
beijing,Changping,24,3,origin_week,12288,168,AP1,constant,hist_gradient_boosting,64,PAIRWISE_INSUFFICIENT,B,B,False,False
beijing,Changping,24,3,origin_week,12288,168,AP1,logistic,hist_gradient_boosting,64,PAIRWISE_INSUFFICIENT,OPPOSITE_POSSIBLE,OPPOSITE_POSSIBLE,False,False
beijing,Changping,24,3,origin_week,12456,168,AP1,constant,logistic,0,PAIRWISE_EXACT,B,B,False,False
beijing,Changping,24,3,origin_week,12456,168,AP1,constant,hist_gradient_boosting,0,PAIRWISE_EXACT,B,B,False,False
beijing,Changping,24,3,origin_week,12456,168,AP1,logistic,hist_gradient_boosting,0,PAIRWISE_EXACT,A,A,False,False
beijing,Changping,24,3,origin_week,12624,168,AP1,constant,logistic,0,PAIRWISE_EXACT,B,B,False,False
beijing,Changping,24,3,origin_week,12624,168,AP1,constant,hist_gradient_boosting,0,PAIRWISE_EXACT,B,B,False,False
beijing,Changping,24,3,origin_week,12624,168,AP1,logistic,hist_gradient_boosting,0,PAIRWISE_EXACT,B,B,False,False
beijing,Changping,24,3,origin_week,12792,168,AP1,constant,logistic,0,PAIRWISE_EXACT,A,A,False,False
beijing,Changping,24,3,origin_week,12792,168,AP1,constant,hist_gradient_boosting,0,PAIRWISE_EXACT,B,B,False,False
beijing,Changping,24,3,origin_week,12792,168,AP1,logistic,hist_gradient_boosting,0,PAIRWISE_EXACT,B,B,False,False
beijing,Changping,24,3,origin_week,12960,168,AP1,constant,logistic,0,PAIRWISE_EXACT,B,B,False,False
beijing,Changping,24,3,origin_week,12960,168,AP1,constant,hist_gradient_boosting,0,PAIRWISE_EXACT,B,B,False,False
beijing,Changping,24,3,origin_week,12960,168,AP1,logistic,hist_gradient_boosting,0,PAIRWISE_EXACT,B,B,False,False
beijing,Changping,24,3,origin_week,13128,168,AP1,constant,logistic,0,PAIRWISE_EXACT,B,B,False,False
beijing,Changping,24,3,origin_week,13128,168,AP1,constant,hist_gradient_boosting,0,PAIRWISE_EXACT,B,B,False,False
beijing,Changping,24,3,origin_week,13128,168,AP1,logistic,hist_gradient_boosting,0,PAIRWISE_EXACT,B,B,False,False
beijing,Changping,24,3,origin_week,13296,168,AP1,constant,logistic,0,PAIRWISE_EXACT,B,B,False,False
beijing,Changping,24,3,origin_week,13296,168,AP1,constant,hist_gradient_boosting,0,PAIRWISE_EXACT,B,B,False,False
beijing,Changping,24,3,origin_week,13296,168,AP1,logistic,hist_gradient_boosting,0,PAIRWISE_EXACT,B,B,False,False
beijing,Changping,24,3,origin_week,13464,168,AP1,constant,logistic,0,PAIRWISE_EXACT,B,B,False,False
beijing,Changping,24,3,origin_week,13464,168,AP1,constant,hist_gradient_boosting,0,PAIRWISE_EXACT,B,B,False,False
beijing,Changping,24,3,origin_week,13464,168,AP1,logistic,hist_gradient_boosting,0,PAIRWISE_EXACT,B,B,False,False
beijing,Changping,24,3,origin_week,13632,168,AP1,constant,logistic,0,PAIRWISE_EXACT,B,B,False,False
beijing,Changping,24,3,origin_week,13632,168,AP1,constant,hist_gradient_boosting,0,PAIRWISE_EXACT,B,B,False,False
beijing,Changping,24,3,origin_week,13632,168,AP1,logistic,hist_gradient_boosting,0,PAIRWISE_EXACT,B,B,False,False
beijing,Changping,24,3,origin_week,13800,168,AP1,constant,logistic,0,PAIRWISE_EXACT,B,B,False,False
beijing,Changping,24,3,origin_week,13800,168,AP1,constant,hist_gradient_boosting,0,PAIRWISE_EXACT,A,A,False,False
beijing,Changping,24,3,origin_week,13800,168,AP1,logistic,hist_gradient_boosting,0,PAIRWISE_EXACT,A,A,False,False
beijing,Changping,24,3,origin_week,13968,168,AP1,constant,logistic,0,PAIRWISE_EXACT,B,B,False,False
beijing,Changping,24,3,origin_week,13968,168,AP1,constant,hist_gradient_boosting,0,PAIRWISE_EXACT,B,B,False,False
beijing,Changping,24,3,origin_week,13968,168,AP1,logistic,hist_gradient_boosting,0,PAIRWISE_EXACT,A,A,False,False
beijing,Changping,24,3,origin_week,14136,168,AP1,constant,logistic,0,PAIRWISE_EXACT,B,B,False,False
beijing,Changping,24,3,origin_week,14136,168,AP1,constant,hist_gradient_boosting,0,PAIRWISE_EXACT,B,B,False,False
beijing,Changping,24,3,origin_week,14136,168,AP1,logistic,hist_gradient_boosting,0,PAIRWISE_EXACT,B,B,False,False
beijing,Changping,24,3,origin_week,14304,168,AP1,constant,logistic,0,PAIRWISE_EXACT,B,B,False,False
beijing,Changping,24,3,origin_week,14304,168,AP1,constant,hist_gradient_boosting,0,PAIRWISE_EXACT,B,B,False,False
beijing,Changping,24,3,origin_week,14304,168,AP1,logistic,hist_gradient_boosting,0,PAIRWISE_EXACT,B,B,False,False
beijing,Changping,24,3,origin_week,14472,168,AP1,constant,logistic,0,PAIRWISE_EXACT,B,B,False,False
beijing,Changping,24,3,origin_week,14472,168,AP1,constant,hist_gradient_boosting,0,PAIRWISE_EXACT,B,B,False,False
beijing,Changping,24,3,origin_week,14472,168,AP1,logistic,hist_gradient_boosting,0,PAIRWISE_EXACT,B,B,False,False
beijing,Changping,24,3,origin_week,14640,168,AP1,constant,logistic,8,PAIRWISE_EXACT,B,B,False,False
beijing,Changping,24,3,origin_week,14640,168,AP1,constant,hist_gradient_boosting,8,PAIRWISE_EXACT,B,B,False,False
beijing,Changping,24,3,origin_week,14640,168,AP1,logistic,hist_gradient_boosting,8,PAIRWISE_EXACT,A,A,False,False
beijing,Changping,24,3,origin_week,14808,168,AP1,constant,logistic,0,PAIRWISE_EXACT,B,B,False,False
beijing,Changping,24,3,origin_week,14808,168,AP1,constant,hist_gradient_boosting,0,PAIRWISE_EXACT,B,B,False,False
beijing,Changping,24,3,origin_week,14808,168,AP1,logistic,hist_gradient_boosting,0,PAIRWISE_EXACT,B,B,False,False
beijing,Changping,24,3,origin_week,14976,168,AP1,constant,logistic,0,PAIRWISE_EXACT,B,B,False,False
beijing,Changping,24,3,origin_week,14976,168,AP1,constant,hist_gradient_boosting,0,PAIRWISE_EXACT,B,B,False,False
beijing,Changping,24,3,origin_week,14976,168,AP1,logistic,hist_gradient_boosting,0,PAIRWISE_EXACT,A,A,False,False
beijing,Changping,24,3,origin_week,15144,168,AP1,constant,logistic,0,PAIRWISE_EXACT,B,B,False,False
beijing,Changping,24,3,origin_week,15144,168,AP1,constant,hist_gradient_boosting,0,PAIRWISE_EXACT,B,B,False,False
beijing,Changping,24,3,origin_week,15144,168,AP1,logistic,hist_gradient_boosting,0,PAIRWISE_EXACT,B,B,False,False
beijing,Changping,24,3,origin_week,15312,168,AP1,constant,logistic,0,PAIRWISE_EXACT,B,B,False,False
beijing,Changping,24,3,origin_week,15312,168,AP1,constant,hist_gradient_boosting,0,PAIRWISE_EXACT,B,B,False,False
beijing,Changping,24,3,origin_week,15312,168,AP1,logistic,hist_gradient_boosting,0,PAIRWISE_EXACT,A,A,False,False
beijing,Changping,24,3,origin_week,15480,168,AP1,constant,logistic,0,PAIRWISE_EXACT,B,B,False,False
beijing,Changping,24,3,origin_week,15480,168,AP1,constant,hist_gradient_boosting,0,PAIRWISE_EXACT,B,B,False,False
beijing,Changping,24,3,origin_week,15480,168,AP1,logistic,hist_gradient_boosting,0,PAIRWISE_EXACT,A,A,False,False
beijing,Changping,24,3,origin_week,15648,168,AP1,constant,logistic,7,PAIRWISE_EXACT,B,B,False,False
beijing,Changping,24,3,origin_week,15648,168,AP1,constant,hist_gradient_boosting,7,PAIRWISE_EXACT,B,B,False,False
beijing,Changping,24,3,origin_week,15648,168,AP1,logistic,hist_gradient_boosting,7,PAIRWISE_EXACT,A,A,False,False
beijing,Changping,24,3,origin_week,15816,168,AP1,constant,logistic,3,PAIRWISE_EXACT,B,B,False,False
beijing,Changping,24,3,origin_week,15816,168,AP1,constant,hist_gradient_boosting,3,PAIRWISE_EXACT,B,B,False,False
beijing,Changping,24,3,origin_week,15816,168,AP1,logistic,hist_gradient_boosting,3,PAIRWISE_EXACT,B,B,False,False
beijing,Changping,24,3,origin_week,15984,168,AP1,constant,logistic,0,PAIRWISE_EXACT,B,B,False,False
beijing,Changping,24,3,origin_week,15984,168,AP1,constant,hist_gradient_boosting,0,PAIRWISE_EXACT,B,B,False,False
beijing,Changping,24,3,origin_week,15984,168,AP1,logistic,hist_gradient_boosting,0,PAIRWISE_EXACT,A,A,False,False
beijing,Changping,24,3,origin_week,16152,168,AP1,constant,logistic,0,PAIRWISE_EXACT,A,A,False,False
beijing,Changping,24,3,origin_week,16152,168,AP1,constant,hist_gradient_boosting,0,PAIRWISE_EXACT,A,A,False,False
beijing,Changping,24,3,origin_week,16152,168,AP1,logistic,hist_gradient_boosting,0,PAIRWISE_EXACT,A,A,False,False
beijing,Changping,24,3,origin_week,16320,168,AP1,constant,logistic,0,PAIRWISE_EXACT,B,B,False,False
beijing,Changping,24,3,origin_week,16320,168,AP1,constant,hist_gradient_boosting,0,PAIRWISE_EXACT,B,B,False,False
beijing,Changping,24,3,origin_week,16320,168,AP1,logistic,hist_gradient_boosting,0,PAIRWISE_EXACT,B,B,False,False
beijing,Changping,24,3,origin_week,16488,168,AP1,constant,logistic,0,PAIRWISE_EXACT,B,B,False,False
beijing,Changping,24,3,origin_week,16488,168,AP1,constant,hist_gradient_boosting,0,PAIRWISE_EXACT,B,B,False,False
beijing,Changping,24,3,origin_week,16488,168,AP1,logistic,hist_gradient_boosting,0,PAIRWISE_EXACT,A,A,False,False
beijing,Changping,24,3,origin_week,16656,168,AP1,constant,logistic,7,PAIRWISE_EXACT,B,B,False,False
beijing,Changping,24,3,origin_week,16656,168,AP1,constant,hist_gradient_boosting,7,PAIRWISE_EXACT,B,B,False,False
beijing,Changping,24,3,origin_week,16656,168,AP1,logistic,hist_gradient_boosting,7,PAIRWISE_EXACT,B,B,False,False
beijing,Changping,24,3,origin_week,16824,168,AP1,constant,logistic,0,PAIRWISE_EXACT,B,B,False,False
beijing,Changping,24,3,origin_week,16824,168,AP1,constant,hist_gradient_boosting,0,PAIRWISE_EXACT,B,B,False,False
beijing,Changping,24,3,origin_week,16824,168,AP1,logistic,hist_gradient_boosting,0,PAIRWISE_EXACT,A,A,False,False
beijing,Changping,24,3,origin_week,16992,168,AP1,constant,logistic,0,PAIRWISE_EXACT,B,B,False,False
beijing,Changping,24,3,origin_week,16992,168,AP1,constant,hist_gradient_boosting,0,PAIRWISE_EXACT,B,B,False,False
beijing,Changping,24,3,origin_week,16992,168,AP1,logistic,hist_gradient_boosting,0,PAIRWISE_EXACT,B,B,False,False
beijing,Changping,24,3,origin_week,17160,168,AP1,constant,logistic,0,PAIRWISE_EXACT,B,B,False,False
beijing,Changping,24,3,origin_week,17160,168,AP1,constant,hist_gradient_boosting,0,PAIRWISE_EXACT,B,B,False,False
beijing,Changping,24,3,origin_week,17160,168,AP1,logistic,hist_gradient_boosting,0,PAIRWISE_EXACT,A,A,False,False
beijing,Changping,24,3,origin_week,17328,168,AP1,constant,logistic,0,PAIRWISE_EXACT,B,B,False,False
beijing,Changping,24,3,origin_week,17328,168,AP1,constant,hist_gradient_boosting,0,PAIRWISE_EXACT,B,B,False,False
beijing,Changping,24,3,origin_week,17328,168,AP1,logistic,hist_gradient_boosting,0,PAIRWISE_EXACT,B,B,False,False
beijing,Changping,24,3,origin_week,17496,1,AP1,constant,logistic,0,PAIRWISE_EXACT,B,B,False,False
beijing,Changping,24,3,origin_week,17496,1,AP1,constant,hist_gradient_boosting,0,PAIRWISE_EXACT,B,B,False,False
beijing,Changping,24,3,origin_week,17496,1,AP1,logistic,hist_gradient_boosting,0,PAIRWISE_EXACT,B,B,False,False
beijing,Changping,72,3,annual,8760,8689,AP1,constant,logistic,129,PAIRWISE_INSUFFICIENT,B,B,False,False
beijing,Changping,72,3,annual,8760,8689,AP1,constant,hist_gradient_boosting,129,PAIRWISE_INSUFFICIENT,B,B,False,False
beijing,Changping,72,3,annual,8760,8689,AP1,logistic,hist_gradient_boosting,129,PAIRWISE_INSUFFICIENT,A,A,False,False
beijing,Changping,72,3,origin_week,8760,168,AP1,constant,logistic,0,PAIRWISE_EXACT,B,B,False,False
beijing,Changping,72,3,origin_week,8760,168,AP1,constant,hist_gradient_boosting,0,PAIRWISE_EXACT,B,B,False,False
beijing,Changping,72,3,origin_week,8760,168,AP1,logistic,hist_gradient_boosting,0,PAIRWISE_EXACT,B,B,False,False
beijing,Changping,72,3,origin_week,8928,168,AP1,constant,logistic,0,PAIRWISE_EXACT,B,B,False,False
beijing,Changping,72,3,origin_week,8928,168,AP1,constant,hist_gradient_boosting,0,PAIRWISE_EXACT,B,B,False,False
beijing,Changping,72,3,origin_week,8928,168,AP1,logistic,hist_gradient_boosting,0,PAIRWISE_EXACT,A,A,False,False
beijing,Changping,72,3,origin_week,9096,168,AP1,constant,logistic,0,PAIRWISE_EXACT,B,B,False,False
beijing,Changping,72,3,origin_week,9096,168,AP1,constant,hist_gradient_boosting,0,PAIRWISE_EXACT,A,A,False,False
beijing,Changping,72,3,origin_week,9096,168,AP1,logistic,hist_gradient_boosting,0,PAIRWISE_EXACT,A,A,False,False
beijing,Changping,72,3,origin_week,9264,168,AP1,constant,logistic,0,PAIRWISE_EXACT,B,B,False,False
beijing,Changping,72,3,origin_week,9264,168,AP1,constant,hist_gradient_boosting,0,PAIRWISE_EXACT,B,B,False,False
beijing,Changping,72,3,origin_week,9264,168,AP1,logistic,hist_gradient_boosting,0,PAIRWISE_EXACT,B,B,False,False
beijing,Changping,72,3,origin_week,9432,168,AP1,constant,logistic,0,PAIRWISE_EXACT,B,B,False,False
beijing,Changping,72,3,origin_week,9432,168,AP1,constant,hist_gradient_boosting,0,PAIRWISE_EXACT,B,B,False,False
beijing,Changping,72,3,origin_week,9432,168,AP1,logistic,hist_gradient_boosting,0,PAIRWISE_EXACT,B,B,False,False
beijing,Changping,72,3,origin_week,9600,168,AP1,constant,logistic,0,PAIRWISE_EXACT,A,A,False,False
beijing,Changping,72,3,origin_week,9600,168,AP1,constant,hist_gradient_boosting,0,PAIRWISE_EXACT,B,B,False,False
beijing,Changping,72,3,origin_week,9600,168,AP1,logistic,hist_gradient_boosting,0,PAIRWISE_EXACT,B,B,False,False
beijing,Changping,72,3,origin_week,9768,168,AP1,constant,logistic,0,PAIRWISE_EXACT,A,A,False,False
beijing,Changping,72,3,origin_week,9768,168,AP1,constant,hist_gradient_boosting,0,PAIRWISE_EXACT,B,B,False,False
beijing,Changping,72,3,origin_week,9768,168,AP1,logistic,hist_gradient_boosting,0,PAIRWISE_EXACT,B,B,False,False
beijing,Changping,72,3,origin_week,9936,168,AP1,constant,logistic,0,PAIRWISE_EXACT,A,A,False,False
beijing,Changping,72,3,origin_week,9936,168,AP1,constant,hist_gradient_boosting,0,PAIRWISE_EXACT,B,B,False,False
beijing,Changping,72,3,origin_week,9936,168,AP1,logistic,hist_gradient_boosting,0,PAIRWISE_EXACT,B,B,False,False
beijing,Changping,72,3,origin_week,10104,168,AP1,constant,logistic,0,PAIRWISE_EXACT,A,A,False,False
beijing,Changping,72,3,origin_week,10104,168,AP1,constant,hist_gradient_boosting,0,PAIRWISE_EXACT,B,B,False,False
beijing,Changping,72,3,origin_week,10104,168,AP1,logistic,hist_gradient_boosting,0,PAIRWISE_EXACT,B,B,False,False
beijing,Changping,72,3,origin_week,10272,168,AP1,constant,logistic,0,PAIRWISE_EXACT,A,A,False,False
beijing,Changping,72,3,origin_week,10272,168,AP1,constant,hist_gradient_boosting,0,PAIRWISE_EXACT,A,A,False,False
beijing,Changping,72,3,origin_week,10272,168,AP1,logistic,hist_gradient_boosting,0,PAIRWISE_EXACT,A,A,False,False
beijing,Changping,72,3,origin_week,10440,168,AP1,constant,logistic,0,PAIRWISE_EXACT,B,B,False,False
beijing,Changping,72,3,origin_week,10440,168,AP1,constant,hist_gradient_boosting,0,PAIRWISE_EXACT,B,B,False,False
beijing,Changping,72,3,origin_week,10440,168,AP1,logistic,hist_gradient_boosting,0,PAIRWISE_EXACT,A,A,False,False
beijing,Changping,72,3,origin_week,10608,168,AP1,constant,logistic,0,PAIRWISE_EXACT,A,A,False,False
beijing,Changping,72,3,origin_week,10608,168,AP1,constant,hist_gradient_boosting,0,PAIRWISE_EXACT,A,A,False,False
beijing,Changping,72,3,origin_week,10608,168,AP1,logistic,hist_gradient_boosting,0,PAIRWISE_EXACT,B,B,False,False
beijing,Changping,72,3,origin_week,10776,168,AP1,constant,logistic,0,PAIRWISE_EXACT,A,A,False,False
beijing,Changping,72,3,origin_week,10776,168,AP1,constant,hist_gradient_boosting,0,PAIRWISE_EXACT,A,A,False,False
beijing,Changping,72,3,origin_week,10776,168,AP1,logistic,hist_gradient_boosting,0,PAIRWISE_EXACT,B,B,False,False
beijing,Changping,72,3,origin_week,10944,168,AP1,constant,logistic,0,PAIRWISE_EXACT,B,B,False,False
beijing,Changping,72,3,origin_week,10944,168,AP1,constant,hist_gradient_boosting,0,PAIRWISE_EXACT,B,B,False,False
beijing,Changping,72,3,origin_week,10944,168,AP1,logistic,hist_gradient_boosting,0,PAIRWISE_EXACT,A,A,False,False
beijing,Changping,72,3,origin_week,11112,168,AP1,constant,logistic,11,PAIRWISE_EXACT,B,B,False,False
beijing,Changping,72,3,origin_week,11112,168,AP1,constant,hist_gradient_boosting,11,PAIRWISE_EXACT,B,B,False,False
beijing,Changping,72,3,origin_week,11112,168,AP1,logistic,hist_gradient_boosting,11,PAIRWISE_EXACT,B,B,False,False
beijing,Changping,72,3,origin_week,11280,168,AP1,constant,logistic,0,PAIRWISE_EXACT,A,A,False,False
beijing,Changping,72,3,origin_week,11280,168,AP1,constant,hist_gradient_boosting,0,PAIRWISE_EXACT,A,A,False,False
beijing,Changping,72,3,origin_week,11280,168,AP1,logistic,hist_gradient_boosting,0,PAIRWISE_EXACT,B,B,False,False
beijing,Changping,72,3,origin_week,11448,168,AP1,constant,logistic,0,PAIRWISE_EXACT,B,B,False,False
beijing,Changping,72,3,origin_week,11448,168,AP1,constant,hist_gradient_boosting,0,PAIRWISE_EXACT,B,B,False,False
beijing,Changping,72,3,origin_week,11448,168,AP1,logistic,hist_gradient_boosting,0,PAIRWISE_EXACT,B,B,False,False
beijing,Changping,72,3,origin_week,11616,168,AP1,constant,logistic,0,PAIRWISE_EXACT,A,A,False,False
beijing,Changping,72,3,origin_week,11616,168,AP1,constant,hist_gradient_boosting,0,PAIRWISE_EXACT,A,A,False,False
beijing,Changping,72,3,origin_week,11616,168,AP1,logistic,hist_gradient_boosting,0,PAIRWISE_EXACT,B,B,False,False
beijing,Changping,72,3,origin_week,11784,168,AP1,constant,logistic,0,PAIRWISE_EXACT,B,B,False,False
beijing,Changping,72,3,origin_week,11784,168,AP1,constant,hist_gradient_boosting,0,PAIRWISE_EXACT,B,B,False,False
beijing,Changping,72,3,origin_week,11784,168,AP1,logistic,hist_gradient_boosting,0,PAIRWISE_EXACT,A,A,False,False
beijing,Changping,72,3,origin_week,11952,168,AP1,constant,logistic,0,PAIRWISE_EXACT,B,B,False,False
beijing,Changping,72,3,origin_week,11952,168,AP1,constant,hist_gradient_boosting,0,PAIRWISE_EXACT,B,B,False,False
beijing,Changping,72,3,origin_week,11952,168,AP1,logistic,hist_gradient_boosting,0,PAIRWISE_EXACT,A,A,False,False
beijing,Changping,72,3,origin_week,12120,168,AP1,constant,logistic,78,PAIRWISE_INSUFFICIENT,B,B,False,False
beijing,Changping,72,3,origin_week,12120,168,AP1,constant,hist_gradient_boosting,78,PAIRWISE_INSUFFICIENT,B,B,False,False
beijing,Changping,72,3,origin_week,12120,168,AP1,logistic,hist_gradient_boosting,78,PAIRWISE_INSUFFICIENT,A,A,False,False
beijing,Changping,72,3,origin_week,12288,168,AP1,constant,logistic,16,PAIRWISE_INSUFFICIENT,OPPOSITE_POSSIBLE,OPPOSITE_POSSIBLE,False,False
beijing,Changping,72,3,origin_week,12288,168,AP1,constant,hist_gradient_boosting,16,PAIRWISE_INSUFFICIENT,OPPOSITE_POSSIBLE,OPPOSITE_POSSIBLE,False,False
beijing,Changping,72,3,origin_week,12288,168,AP1,logistic,hist_gradient_boosting,16,PAIRWISE_INSUFFICIENT,OPPOSITE_POSSIBLE,OPPOSITE_POSSIBLE,False,False
beijing,Changping,72,3,origin_week,12456,168,AP1,constant,logistic,0,PAIRWISE_EXACT,B,B,False,False
beijing,Changping,72,3,origin_week,12456,168,AP1,constant,hist_gradient_boosting,0,PAIRWISE_EXACT,B,B,False,False
beijing,Changping,72,3,origin_week,12456,168,AP1,logistic,hist_gradient_boosting,0,PAIRWISE_EXACT,B,B,False,False
beijing,Changping,72,3,origin_week,12624,168,AP1,constant,logistic,0,PAIRWISE_EXACT,B,B,False,False
beijing,Changping,72,3,origin_week,12624,168,AP1,constant,hist_gradient_boosting,0,PAIRWISE_EXACT,B,B,False,False
beijing,Changping,72,3,origin_week,12624,168,AP1,logistic,hist_gradient_boosting,0,PAIRWISE_EXACT,A,A,False,False
beijing,Changping,72,3,origin_week,12792,168,AP1,constant,logistic,0,PAIRWISE_EXACT,A,A,False,False
beijing,Changping,72,3,origin_week,12792,168,AP1,constant,hist_gradient_boosting,0,PAIRWISE_EXACT,A,A,False,False
beijing,Changping,72,3,origin_week,12792,168,AP1,logistic,hist_gradient_boosting,0,PAIRWISE_EXACT,B,B,False,False
beijing,Changping,72,3,origin_week,12960,168,AP1,constant,logistic,0,PAIRWISE_EXACT,B,B,False,False
beijing,Changping,72,3,origin_week,12960,168,AP1,constant,hist_gradient_boosting,0,PAIRWISE_EXACT,B,B,False,False
beijing,Changping,72,3,origin_week,12960,168,AP1,logistic,hist_gradient_boosting,0,PAIRWISE_EXACT,A,A,False,False
beijing,Changping,72,3,origin_week,13128,168,AP1,constant,logistic,0,PAIRWISE_EXACT,B,B,False,False
beijing,Changping,72,3,origin_week,13128,168,AP1,constant,hist_gradient_boosting,0,PAIRWISE_EXACT,B,B,False,False
beijing,Changping,72,3,origin_week,13128,168,AP1,logistic,hist_gradient_boosting,0,PAIRWISE_EXACT,A,A,False,False
beijing,Changping,72,3,origin_week,13296,168,AP1,constant,logistic,0,PAIRWISE_EXACT,A,A,False,False
beijing,Changping,72,3,origin_week,13296,168,AP1,constant,hist_gradient_boosting,0,PAIRWISE_EXACT,A,A,False,False
beijing,Changping,72,3,origin_week,13296,168,AP1,logistic,hist_gradient_boosting,0,PAIRWISE_EXACT,A,A,False,False
beijing,Changping,72,3,origin_week,13464,168,AP1,constant,logistic,0,PAIRWISE_EXACT,A,A,False,False
beijing,Changping,72,3,origin_week,13464,168,AP1,constant,hist_gradient_boosting,0,PAIRWISE_EXACT,A,A,False,False
beijing,Changping,72,3,origin_week,13464,168,AP1,logistic,hist_gradient_boosting,0,PAIRWISE_EXACT,B,B,False,False
beijing,Changping,72,3,origin_week,13632,168,AP1,constant,logistic,0,PAIRWISE_EXACT,A,A,False,False
beijing,Changping,72,3,origin_week,13632,168,AP1,constant,hist_gradient_boosting,0,PAIRWISE_EXACT,A,A,False,False
beijing,Changping,72,3,origin_week,13632,168,AP1,logistic,hist_gradient_boosting,0,PAIRWISE_EXACT,B,B,False,False
beijing,Changping,72,3,origin_week,13800,168,AP1,constant,logistic,0,PAIRWISE_EXACT,A,A,False,False
beijing,Changping,72,3,origin_week,13800,168,AP1,constant,hist_gradient_boosting,0,PAIRWISE_EXACT,A,A,False,False
beijing,Changping,72,3,origin_week,13800,168,AP1,logistic,hist_gradient_boosting,0,PAIRWISE_EXACT,B,B,False,False
beijing,Changping,72,3,origin_week,13968,168,AP1,constant,logistic,0,PAIRWISE_EXACT,A,A,False,False
beijing,Changping,72,3,origin_week,13968,168,AP1,constant,hist_gradient_boosting,0,PAIRWISE_EXACT,A,A,False,False
beijing,Changping,72,3,origin_week,13968,168,AP1,logistic,hist_gradient_boosting,0,PAIRWISE_EXACT,B,B,False,False
beijing,Changping,72,3,origin_week,14136,168,AP1,constant,logistic,0,PAIRWISE_EXACT,B,B,False,False
beijing,Changping,72,3,origin_week,14136,168,AP1,constant,hist_gradient_boosting,0,PAIRWISE_EXACT,B,B,False,False
beijing,Changping,72,3,origin_week,14136,168,AP1,logistic,hist_gradient_boosting,0,PAIRWISE_EXACT,A,A,False,False
beijing,Changping,72,3,origin_week,14304,168,AP1,constant,logistic,0,PAIRWISE_EXACT,B,B,False,False
beijing,Changping,72,3,origin_week,14304,168,AP1,constant,hist_gradient_boosting,0,PAIRWISE_EXACT,B,B,False,False
beijing,Changping,72,3,origin_week,14304,168,AP1,logistic,hist_gradient_boosting,0,PAIRWISE_EXACT,B,B,False,False
beijing,Changping,72,3,origin_week,14472,168,AP1,constant,logistic,0,PAIRWISE_EXACT,A,A,False,False
beijing,Changping,72,3,origin_week,14472,168,AP1,constant,hist_gradient_boosting,0,PAIRWISE_EXACT,B,B,False,False
beijing,Changping,72,3,origin_week,14472,168,AP1,logistic,hist_gradient_boosting,0,PAIRWISE_EXACT,B,B,False,False
beijing,Changping,72,3,origin_week,14640,168,AP1,constant,logistic,8,PAIRWISE_EXACT,A,A,False,False
beijing,Changping,72,3,origin_week,14640,168,AP1,constant,hist_gradient_boosting,8,PAIRWISE_EXACT,A,A,False,False
beijing,Changping,72,3,origin_week,14640,168,AP1,logistic,hist_gradient_boosting,8,PAIRWISE_EXACT,OPPOSITE_POSSIBLE,OPPOSITE_POSSIBLE,False,False
beijing,Changping,72,3,origin_week,14808,168,AP1,constant,logistic,0,PAIRWISE_EXACT,B,B,False,False
beijing,Changping,72,3,origin_week,14808,168,AP1,constant,hist_gradient_boosting,0,PAIRWISE_EXACT,B,B,False,False
beijing,Changping,72,3,origin_week,14808,168,AP1,logistic,hist_gradient_boosting,0,PAIRWISE_EXACT,A,A,False,False
beijing,Changping,72,3,origin_week,14976,168,AP1,constant,logistic,0,PAIRWISE_EXACT,A,A,False,False
beijing,Changping,72,3,origin_week,14976,168,AP1,constant,hist_gradient_boosting,0,PAIRWISE_EXACT,A,A,False,False
beijing,Changping,72,3,origin_week,14976,168,AP1,logistic,hist_gradient_boosting,0,PAIRWISE_EXACT,B,B,False,False
beijing,Changping,72,3,origin_week,15144,168,AP1,constant,logistic,0,PAIRWISE_EXACT,A,A,False,False
beijing,Changping,72,3,origin_week,15144,168,AP1,constant,hist_gradient_boosting,0,PAIRWISE_EXACT,A,A,False,False
beijing,Changping,72,3,origin_week,15144,168,AP1,logistic,hist_gradient_boosting,0,PAIRWISE_EXACT,A,A,False,False
beijing,Changping,72,3,origin_week,15312,168,AP1,constant,logistic,0,PAIRWISE_EXACT,B,B,False,False
beijing,Changping,72,3,origin_week,15312,168,AP1,constant,hist_gradient_boosting,0,PAIRWISE_EXACT,B,B,False,False
beijing,Changping,72,3,origin_week,15312,168,AP1,logistic,hist_gradient_boosting,0,PAIRWISE_EXACT,A,A,False,False
beijing,Changping,72,3,origin_week,15480,168,AP1,constant,logistic,0,PAIRWISE_EXACT,B,B,False,False
beijing,Changping,72,3,origin_week,15480,168,AP1,constant,hist_gradient_boosting,0,PAIRWISE_EXACT,B,B,False,False
beijing,Changping,72,3,origin_week,15480,168,AP1,logistic,hist_gradient_boosting,0,PAIRWISE_EXACT,A,A,False,False
beijing,Changping,72,3,origin_week,15648,168,AP1,constant,logistic,7,PAIRWISE_EXACT,A,A,False,False
beijing,Changping,72,3,origin_week,15648,168,AP1,constant,hist_gradient_boosting,7,PAIRWISE_EXACT,B,B,False,False
beijing,Changping,72,3,origin_week,15648,168,AP1,logistic,hist_gradient_boosting,7,PAIRWISE_EXACT,B,B,False,False
beijing,Changping,72,3,origin_week,15816,168,AP1,constant,logistic,3,PAIRWISE_EXACT,A,A,False,False
beijing,Changping,72,3,origin_week,15816,168,AP1,constant,hist_gradient_boosting,3,PAIRWISE_EXACT,OPPOSITE_POSSIBLE,OPPOSITE_POSSIBLE,False,False
beijing,Changping,72,3,origin_week,15816,168,AP1,logistic,hist_gradient_boosting,3,PAIRWISE_EXACT,B,B,False,False
beijing,Changping,72,3,origin_week,15984,168,AP1,constant,logistic,0,PAIRWISE_EXACT,B,B,False,False
beijing,Changping,72,3,origin_week,15984,168,AP1,constant,hist_gradient_boosting,0,PAIRWISE_EXACT,B,B,False,False
beijing,Changping,72,3,origin_week,15984,168,AP1,logistic,hist_gradient_boosting,0,PAIRWISE_EXACT,B,B,False,False
beijing,Changping,72,3,origin_week,16152,168,AP1,constant,logistic,0,PAIRWISE_EXACT,A,A,False,False
beijing,Changping,72,3,origin_week,16152,168,AP1,constant,hist_gradient_boosting,0,PAIRWISE_EXACT,A,A,False,False
beijing,Changping,72,3,origin_week,16152,168,AP1,logistic,hist_gradient_boosting,0,PAIRWISE_EXACT,A,A,False,False
beijing,Changping,72,3,origin_week,16320,168,AP1,constant,logistic,0,PAIRWISE_EXACT,B,B,False,False
beijing,Changping,72,3,origin_week,16320,168,AP1,constant,hist_gradient_boosting,0,PAIRWISE_EXACT,B,B,False,False
beijing,Changping,72,3,origin_week,16320,168,AP1,logistic,hist_gradient_boosting,0,PAIRWISE_EXACT,B,B,False,False
beijing,Changping,72,3,origin_week,16488,168,AP1,constant,logistic,0,PAIRWISE_EXACT,A,A,False,False
beijing,Changping,72,3,origin_week,16488,168,AP1,constant,hist_gradient_boosting,0,PAIRWISE_EXACT,B,B,False,False
beijing,Changping,72,3,origin_week,16488,168,AP1,logistic,hist_gradient_boosting,0,PAIRWISE_EXACT,B,B,False,False
beijing,Changping,72,3,origin_week,16656,168,AP1,constant,logistic,6,PAIRWISE_EXACT,A,A,False,False
beijing,Changping,72,3,origin_week,16656,168,AP1,constant,hist_gradient_boosting,6,PAIRWISE_EXACT,A,A,False,False
beijing,Changping,72,3,origin_week,16656,168,AP1,logistic,hist_gradient_boosting,6,PAIRWISE_EXACT,A,A,False,False
beijing,Changping,72,3,origin_week,16824,168,AP1,constant,logistic,0,PAIRWISE_EXACT,B,B,False,False
beijing,Changping,72,3,origin_week,16824,168,AP1,constant,hist_gradient_boosting,0,PAIRWISE_EXACT,A,A,False,False
beijing,Changping,72,3,origin_week,16824,168,AP1,logistic,hist_gradient_boosting,0,PAIRWISE_EXACT,A,A,False,False
beijing,Changping,72,3,origin_week,16992,168,AP1,constant,logistic,0,PAIRWISE_EXACT,A,A,False,False
beijing,Changping,72,3,origin_week,16992,168,AP1,constant,hist_gradient_boosting,0,PAIRWISE_EXACT,A,A,False,False
beijing,Changping,72,3,origin_week,16992,168,AP1,logistic,hist_gradient_boosting,0,PAIRWISE_EXACT,B,B,False,False
beijing,Changping,72,3,origin_week,17160,168,AP1,constant,logistic,0,PAIRWISE_EXACT,A,A,False,False
beijing,Changping,72,3,origin_week,17160,168,AP1,constant,hist_gradient_boosting,0,PAIRWISE_EXACT,B,B,False,False
beijing,Changping,72,3,origin_week,17160,168,AP1,logistic,hist_gradient_boosting,0,PAIRWISE_EXACT,B,B,False,False
beijing,Changping,72,3,origin_week,17328,121,AP1,constant,logistic,0,PAIRWISE_EXACT,B,B,False,False
beijing,Changping,72,3,origin_week,17328,121,AP1,constant,hist_gradient_boosting,0,PAIRWISE_EXACT,A,A,False,False
beijing,Changping,72,3,origin_week,17328,121,AP1,logistic,hist_gradient_boosting,0,PAIRWISE_EXACT,A,A,False,False
beijing,Dingling,24,3,annual,8760,8737,AP1,constant,logistic,212,PAIRWISE_INSUFFICIENT,B,B,False,True
beijing,Dingling,24,3,annual,8760,8737,AP1,constant,hist_gradient_boosting,212,PAIRWISE_INSUFFICIENT,B,B,False,True
beijing,Dingling,24,3,annual,8760,8737,AP1,logistic,hist_gradient_boosting,212,PAIRWISE_INSUFFICIENT,A,A,False,False
beijing,Dingling,24,3,origin_week,8760,168,AP1,constant,logistic,0,PAIRWISE_EXACT,B,B,False,False
beijing,Dingling,24,3,origin_week,8760,168,AP1,constant,hist_gradient_boosting,0,PAIRWISE_EXACT,B,B,False,False
beijing,Dingling,24,3,origin_week,8760,168,AP1,logistic,hist_gradient_boosting,0,PAIRWISE_EXACT,A,A,False,False
beijing,Dingling,24,3,origin_week,8928,168,AP1,constant,logistic,0,PAIRWISE_EXACT,B,B,False,False
beijing,Dingling,24,3,origin_week,8928,168,AP1,constant,hist_gradient_boosting,0,PAIRWISE_EXACT,B,B,False,False
beijing,Dingling,24,3,origin_week,8928,168,AP1,logistic,hist_gradient_boosting,0,PAIRWISE_EXACT,B,B,False,False
beijing,Dingling,24,3,origin_week,9096,168,AP1,constant,logistic,0,PAIRWISE_EXACT,B,B,False,False
beijing,Dingling,24,3,origin_week,9096,168,AP1,constant,hist_gradient_boosting,0,PAIRWISE_EXACT,B,B,False,False
beijing,Dingling,24,3,origin_week,9096,168,AP1,logistic,hist_gradient_boosting,0,PAIRWISE_EXACT,B,B,False,False
beijing,Dingling,24,3,origin_week,9264,168,AP1,constant,logistic,0,PAIRWISE_EXACT,B,B,False,False
beijing,Dingling,24,3,origin_week,9264,168,AP1,constant,hist_gradient_boosting,0,PAIRWISE_EXACT,B,B,False,False
beijing,Dingling,24,3,origin_week,9264,168,AP1,logistic,hist_gradient_boosting,0,PAIRWISE_EXACT,B,B,False,False
beijing,Dingling,24,3,origin_week,9432,168,AP1,constant,logistic,0,PAIRWISE_EXACT,B,B,False,False
beijing,Dingling,24,3,origin_week,9432,168,AP1,constant,hist_gradient_boosting,0,PAIRWISE_EXACT,B,B,False,False
beijing,Dingling,24,3,origin_week,9432,168,AP1,logistic,hist_gradient_boosting,0,PAIRWISE_EXACT,A,A,False,False
beijing,Dingling,24,3,origin_week,9600,168,AP1,constant,logistic,1,PAIRWISE_EXACT,B,B,False,False
beijing,Dingling,24,3,origin_week,9600,168,AP1,constant,hist_gradient_boosting,1,PAIRWISE_EXACT,B,B,False,False
beijing,Dingling,24,3,origin_week,9600,168,AP1,logistic,hist_gradient_boosting,1,PAIRWISE_EXACT,A,A,False,False
beijing,Dingling,24,3,origin_week,9768,168,AP1,constant,logistic,0,PAIRWISE_EXACT,B,B,False,False
beijing,Dingling,24,3,origin_week,9768,168,AP1,constant,hist_gradient_boosting,0,PAIRWISE_EXACT,B,B,False,False
beijing,Dingling,24,3,origin_week,9768,168,AP1,logistic,hist_gradient_boosting,0,PAIRWISE_EXACT,B,B,False,False
beijing,Dingling,24,3,origin_week,9936,168,AP1,constant,logistic,0,PAIRWISE_EXACT,B,B,False,False
beijing,Dingling,24,3,origin_week,9936,168,AP1,constant,hist_gradient_boosting,0,PAIRWISE_EXACT,B,B,False,False
beijing,Dingling,24,3,origin_week,9936,168,AP1,logistic,hist_gradient_boosting,0,PAIRWISE_EXACT,A,A,False,False
beijing,Dingling,24,3,origin_week,10104,168,AP1,constant,logistic,18,PAIRWISE_INSUFFICIENT,B,B,False,True
beijing,Dingling,24,3,origin_week,10104,168,AP1,constant,hist_gradient_boosting,18,PAIRWISE_INSUFFICIENT,B,B,False,True
beijing,Dingling,24,3,origin_week,10104,168,AP1,logistic,hist_gradient_boosting,18,PAIRWISE_INSUFFICIENT,A,A,False,False
beijing,Dingling,24,3,origin_week,10272,168,AP1,constant,logistic,0,PAIRWISE_EXACT,B,B,False,False
beijing,Dingling,24,3,origin_week,10272,168,AP1,constant,hist_gradient_boosting,0,PAIRWISE_EXACT,B,B,False,False
beijing,Dingling,24,3,origin_week,10272,168,AP1,logistic,hist_gradient_boosting,0,PAIRWISE_EXACT,A,A,False,False
beijing,Dingling,24,3,origin_week,10440,168,AP1,constant,logistic,0,PAIRWISE_EXACT,B,B,False,False
beijing,Dingling,24,3,origin_week,10440,168,AP1,constant,hist_gradient_boosting,0,PAIRWISE_EXACT,B,B,False,False
beijing,Dingling,24,3,origin_week,10440,168,AP1,logistic,hist_gradient_boosting,0,PAIRWISE_EXACT,A,A,False,False
beijing,Dingling,24,3,origin_week,10608,168,AP1,constant,logistic,0,PAIRWISE_EXACT,A,A,False,False
beijing,Dingling,24,3,origin_week,10608,168,AP1,constant,hist_gradient_boosting,0,PAIRWISE_EXACT,A,A,False,False
beijing,Dingling,24,3,origin_week,10608,168,AP1,logistic,hist_gradient_boosting,0,PAIRWISE_EXACT,B,B,False,False
beijing,Dingling,24,3,origin_week,10776,168,AP1,constant,logistic,0,PAIRWISE_EXACT,B,B,False,False
beijing,Dingling,24,3,origin_week,10776,168,AP1,constant,hist_gradient_boosting,0,PAIRWISE_EXACT,B,B,False,False
beijing,Dingling,24,3,origin_week,10776,168,AP1,logistic,hist_gradient_boosting,0,PAIRWISE_EXACT,B,B,False,False
beijing,Dingling,24,3,origin_week,10944,168,AP1,constant,logistic,14,PAIRWISE_EXACT,B,B,False,False
beijing,Dingling,24,3,origin_week,10944,168,AP1,constant,hist_gradient_boosting,14,PAIRWISE_EXACT,B,B,False,False
beijing,Dingling,24,3,origin_week,10944,168,AP1,logistic,hist_gradient_boosting,14,PAIRWISE_EXACT,A,A,False,False
beijing,Dingling,24,3,origin_week,11112,168,AP1,constant,logistic,29,PAIRWISE_INSUFFICIENT,B,B,False,False
beijing,Dingling,24,3,origin_week,11112,168,AP1,constant,hist_gradient_boosting,29,PAIRWISE_INSUFFICIENT,B,B,False,False
beijing,Dingling,24,3,origin_week,11112,168,AP1,logistic,hist_gradient_boosting,29,PAIRWISE_INSUFFICIENT,OPPOSITE_POSSIBLE,OPPOSITE_POSSIBLE,False,False
beijing,Dingling,24,3,origin_week,11280,168,AP1,constant,logistic,0,PAIRWISE_EXACT,A,A,False,False
beijing,Dingling,24,3,origin_week,11280,168,AP1,constant,hist_gradient_boosting,0,PAIRWISE_EXACT,A,A,False,False
beijing,Dingling,24,3,origin_week,11280,168,AP1,logistic,hist_gradient_boosting,0,PAIRWISE_EXACT,B,B,False,False
beijing,Dingling,24,3,origin_week,11448,168,AP1,constant,logistic,38,PAIRWISE_INSUFFICIENT,B,B,False,False
beijing,Dingling,24,3,origin_week,11448,168,AP1,constant,hist_gradient_boosting,38,PAIRWISE_INSUFFICIENT,B,B,False,False
beijing,Dingling,24,3,origin_week,11448,168,AP1,logistic,hist_gradient_boosting,38,PAIRWISE_INSUFFICIENT,OPPOSITE_POSSIBLE,OPPOSITE_POSSIBLE,False,False
beijing,Dingling,24,3,origin_week,11616,168,AP1,constant,logistic,0,PAIRWISE_EXACT,B,B,False,False
beijing,Dingling,24,3,origin_week,11616,168,AP1,constant,hist_gradient_boosting,0,PAIRWISE_EXACT,B,B,False,False
beijing,Dingling,24,3,origin_week,11616,168,AP1,logistic,hist_gradient_boosting,0,PAIRWISE_EXACT,B,B,False,False
beijing,Dingling,24,3,origin_week,11784,168,AP1,constant,logistic,0,PAIRWISE_EXACT,B,B,False,False
beijing,Dingling,24,3,origin_week,11784,168,AP1,constant,hist_gradient_boosting,0,PAIRWISE_EXACT,B,B,False,False
beijing,Dingling,24,3,origin_week,11784,168,AP1,logistic,hist_gradient_boosting,0,PAIRWISE_EXACT,A,A,False,False
beijing,Dingling,24,3,origin_week,11952,168,AP1,constant,logistic,0,PAIRWISE_EXACT,B,B,False,False
beijing,Dingling,24,3,origin_week,11952,168,AP1,constant,hist_gradient_boosting,0,PAIRWISE_EXACT,B,B,False,False
beijing,Dingling,24,3,origin_week,11952,168,AP1,logistic,hist_gradient_boosting,0,PAIRWISE_EXACT,B,B,False,False
beijing,Dingling,24,3,origin_week,12120,168,AP1,constant,logistic,0,PAIRWISE_EXACT,B,B,False,False
beijing,Dingling,24,3,origin_week,12120,168,AP1,constant,hist_gradient_boosting,0,PAIRWISE_EXACT,B,B,False,False
beijing,Dingling,24,3,origin_week,12120,168,AP1,logistic,hist_gradient_boosting,0,PAIRWISE_EXACT,A,A,False,False
beijing,Dingling,24,3,origin_week,12288,168,AP1,constant,logistic,0,PAIRWISE_EXACT,B,B,False,False
beijing,Dingling,24,3,origin_week,12288,168,AP1,constant,hist_gradient_boosting,0,PAIRWISE_EXACT,B,B,False,False
beijing,Dingling,24,3,origin_week,12288,168,AP1,logistic,hist_gradient_boosting,0,PAIRWISE_EXACT,B,B,False,False
beijing,Dingling,24,3,origin_week,12456,168,AP1,constant,logistic,0,PAIRWISE_EXACT,B,B,False,False
beijing,Dingling,24,3,origin_week,12456,168,AP1,constant,hist_gradient_boosting,0,PAIRWISE_EXACT,B,B,False,False
beijing,Dingling,24,3,origin_week,12456,168,AP1,logistic,hist_gradient_boosting,0,PAIRWISE_EXACT,A,A,False,False
beijing,Dingling,24,3,origin_week,12624,168,AP1,constant,logistic,22,PAIRWISE_EXACT,B,B,False,False
beijing,Dingling,24,3,origin_week,12624,168,AP1,constant,hist_gradient_boosting,22,PAIRWISE_EXACT,B,B,False,False
beijing,Dingling,24,3,origin_week,12624,168,AP1,logistic,hist_gradient_boosting,22,PAIRWISE_EXACT,B,B,False,False
beijing,Dingling,24,3,origin_week,12792,168,AP1,constant,logistic,0,PAIRWISE_EXACT,A,A,False,False
beijing,Dingling,24,3,origin_week,12792,168,AP1,constant,hist_gradient_boosting,0,PAIRWISE_EXACT,B,B,False,False
beijing,Dingling,24,3,origin_week,12792,168,AP1,logistic,hist_gradient_boosting,0,PAIRWISE_EXACT,B,B,False,False
beijing,Dingling,24,3,origin_week,12960,168,AP1,constant,logistic,0,PAIRWISE_EXACT,B,B,False,False
beijing,Dingling,24,3,origin_week,12960,168,AP1,constant,hist_gradient_boosting,0,PAIRWISE_EXACT,B,B,False,False
beijing,Dingling,24,3,origin_week,12960,168,AP1,logistic,hist_gradient_boosting,0,PAIRWISE_EXACT,B,B,False,False
beijing,Dingling,24,3,origin_week,13128,168,AP1,constant,logistic,0,PAIRWISE_EXACT,B,B,False,False
beijing,Dingling,24,3,origin_week,13128,168,AP1,constant,hist_gradient_boosting,0,PAIRWISE_EXACT,B,B,False,False
beijing,Dingling,24,3,origin_week,13128,168,AP1,logistic,hist_gradient_boosting,0,PAIRWISE_EXACT,B,B,False,False
beijing,Dingling,24,3,origin_week,13296,168,AP1,constant,logistic,0,PAIRWISE_EXACT,B,B,False,False
beijing,Dingling,24,3,origin_week,13296,168,AP1,constant,hist_gradient_boosting,0,PAIRWISE_EXACT,B,B,False,False
beijing,Dingling,24,3,origin_week,13296,168,AP1,logistic,hist_gradient_boosting,0,PAIRWISE_EXACT,B,B,False,False
beijing,Dingling,24,3,origin_week,13464,168,AP1,constant,logistic,15,PAIRWISE_EXACT,B,B,False,False
beijing,Dingling,24,3,origin_week,13464,168,AP1,constant,hist_gradient_boosting,15,PAIRWISE_EXACT,OPPOSITE_POSSIBLE,OPPOSITE_POSSIBLE,False,False
beijing,Dingling,24,3,origin_week,13464,168,AP1,logistic,hist_gradient_boosting,15,PAIRWISE_EXACT,A,A,False,False
beijing,Dingling,24,3,origin_week,13632,168,AP1,constant,logistic,0,PAIRWISE_EXACT,B,B,False,False
beijing,Dingling,24,3,origin_week,13632,168,AP1,constant,hist_gradient_boosting,0,PAIRWISE_EXACT,B,B,False,False
beijing,Dingling,24,3,origin_week,13632,168,AP1,logistic,hist_gradient_boosting,0,PAIRWISE_EXACT,B,B,False,False
beijing,Dingling,24,3,origin_week,13800,168,AP1,constant,logistic,0,PAIRWISE_EXACT,B,B,False,False
beijing,Dingling,24,3,origin_week,13800,168,AP1,constant,hist_gradient_boosting,0,PAIRWISE_EXACT,A,A,False,False
beijing,Dingling,24,3,origin_week,13800,168,AP1,logistic,hist_gradient_boosting,0,PAIRWISE_EXACT,A,A,False,False
beijing,Dingling,24,3,origin_week,13968,168,AP1,constant,logistic,0,PAIRWISE_EXACT,B,B,False,False
beijing,Dingling,24,3,origin_week,13968,168,AP1,constant,hist_gradient_boosting,0,PAIRWISE_EXACT,B,B,False,False
beijing,Dingling,24,3,origin_week,13968,168,AP1,logistic,hist_gradient_boosting,0,PAIRWISE_EXACT,A,A,False,False
beijing,Dingling,24,3,origin_week,14136,168,AP1,constant,logistic,44,PAIRWISE_EXACT,B,B,False,False
beijing,Dingling,24,3,origin_week,14136,168,AP1,constant,hist_gradient_boosting,44,PAIRWISE_EXACT,B,B,False,False
beijing,Dingling,24,3,origin_week,14136,168,AP1,logistic,hist_gradient_boosting,44,PAIRWISE_EXACT,OPPOSITE_POSSIBLE,OPPOSITE_POSSIBLE,False,False
beijing,Dingling,24,3,origin_week,14304,168,AP1,constant,logistic,0,PAIRWISE_EXACT,B,B,False,False
beijing,Dingling,24,3,origin_week,14304,168,AP1,constant,hist_gradient_boosting,0,PAIRWISE_EXACT,B,B,False,False
beijing,Dingling,24,3,origin_week,14304,168,AP1,logistic,hist_gradient_boosting,0,PAIRWISE_EXACT,B,B,False,False
beijing,Dingling,24,3,origin_week,14472,168,AP1,constant,logistic,0,PAIRWISE_EXACT,B,B,False,False
beijing,Dingling,24,3,origin_week,14472,168,AP1,constant,hist_gradient_boosting,0,PAIRWISE_EXACT,B,B,False,False
beijing,Dingling,24,3,origin_week,14472,168,AP1,logistic,hist_gradient_boosting,0,PAIRWISE_EXACT,B,B,False,False
beijing,Dingling,24,3,origin_week,14640,168,AP1,constant,logistic,0,PAIRWISE_EXACT,B,B,False,False
beijing,Dingling,24,3,origin_week,14640,168,AP1,constant,hist_gradient_boosting,0,PAIRWISE_EXACT,B,B,False,False
beijing,Dingling,24,3,origin_week,14640,168,AP1,logistic,hist_gradient_boosting,0,PAIRWISE_EXACT,A,A,False,False
beijing,Dingling,24,3,origin_week,14808,168,AP1,constant,logistic,0,PAIRWISE_EXACT,B,B,False,False
beijing,Dingling,24,3,origin_week,14808,168,AP1,constant,hist_gradient_boosting,0,PAIRWISE_EXACT,B,B,False,False
beijing,Dingling,24,3,origin_week,14808,168,AP1,logistic,hist_gradient_boosting,0,PAIRWISE_EXACT,A,A,False,False
beijing,Dingling,24,3,origin_week,14976,168,AP1,constant,logistic,0,PAIRWISE_EXACT,B,B,False,False
beijing,Dingling,24,3,origin_week,14976,168,AP1,constant,hist_gradient_boosting,0,PAIRWISE_EXACT,B,B,False,False
beijing,Dingling,24,3,origin_week,14976,168,AP1,logistic,hist_gradient_boosting,0,PAIRWISE_EXACT,B,B,False,False
beijing,Dingling,24,3,origin_week,15144,168,AP1,constant,logistic,0,PAIRWISE_EXACT,B,B,False,False
beijing,Dingling,24,3,origin_week,15144,168,AP1,constant,hist_gradient_boosting,0,PAIRWISE_EXACT,B,B,False,False
beijing,Dingling,24,3,origin_week,15144,168,AP1,logistic,hist_gradient_boosting,0,PAIRWISE_EXACT,B,B,False,False
beijing,Dingling,24,3,origin_week,15312,168,AP1,constant,logistic,0,PAIRWISE_EXACT,B,B,False,False
beijing,Dingling,24,3,origin_week,15312,168,AP1,constant,hist_gradient_boosting,0,PAIRWISE_EXACT,B,B,False,False
beijing,Dingling,24,3,origin_week,15312,168,AP1,logistic,hist_gradient_boosting,0,PAIRWISE_EXACT,A,A,False,False
beijing,Dingling,24,3,origin_week,15480,168,AP1,constant,logistic,0,PAIRWISE_EXACT,B,B,False,False
beijing,Dingling,24,3,origin_week,15480,168,AP1,constant,hist_gradient_boosting,0,PAIRWISE_EXACT,B,B,False,False
beijing,Dingling,24,3,origin_week,15480,168,AP1,logistic,hist_gradient_boosting,0,PAIRWISE_EXACT,A,A,False,False
beijing,Dingling,24,3,origin_week,15648,168,AP1,constant,logistic,8,PAIRWISE_EXACT,B,B,False,False
beijing,Dingling,24,3,origin_week,15648,168,AP1,constant,hist_gradient_boosting,8,PAIRWISE_EXACT,B,B,False,False
beijing,Dingling,24,3,origin_week,15648,168,AP1,logistic,hist_gradient_boosting,8,PAIRWISE_EXACT,OPPOSITE_POSSIBLE,OPPOSITE_POSSIBLE,False,False
beijing,Dingling,24,3,origin_week,15816,168,AP1,constant,logistic,0,PAIRWISE_EXACT,B,B,False,False
beijing,Dingling,24,3,origin_week,15816,168,AP1,constant,hist_gradient_boosting,0,PAIRWISE_EXACT,B,B,False,False
beijing,Dingling,24,3,origin_week,15816,168,AP1,logistic,hist_gradient_boosting,0,PAIRWISE_EXACT,B,B,False,False
beijing,Dingling,24,3,origin_week,15984,168,AP1,constant,logistic,23,PAIRWISE_INSUFFICIENT,B,B,False,False
beijing,Dingling,24,3,origin_week,15984,168,AP1,constant,hist_gradient_boosting,23,PAIRWISE_INSUFFICIENT,OPPOSITE_POSSIBLE,OPPOSITE_POSSIBLE,False,False
beijing,Dingling,24,3,origin_week,15984,168,AP1,logistic,hist_gradient_boosting,23,PAIRWISE_INSUFFICIENT,A,A,False,False
beijing,Dingling,24,3,origin_week,16152,168,AP1,constant,logistic,0,PAIRWISE_EXACT,B,B,False,False
beijing,Dingling,24,3,origin_week,16152,168,AP1,constant,hist_gradient_boosting,0,PAIRWISE_EXACT,B,B,False,False
beijing,Dingling,24,3,origin_week,16152,168,AP1,logistic,hist_gradient_boosting,0,PAIRWISE_EXACT,A,A,False,False
beijing,Dingling,24,3,origin_week,16320,168,AP1,constant,logistic,0,PAIRWISE_EXACT,B,B,False,False
beijing,Dingling,24,3,origin_week,16320,168,AP1,constant,hist_gradient_boosting,0,PAIRWISE_EXACT,B,B,False,False
beijing,Dingling,24,3,origin_week,16320,168,AP1,logistic,hist_gradient_boosting,0,PAIRWISE_EXACT,A,A,False,False
beijing,Dingling,24,3,origin_week,16488,168,AP1,constant,logistic,0,PAIRWISE_EXACT,A,A,False,False
beijing,Dingling,24,3,origin_week,16488,168,AP1,constant,hist_gradient_boosting,0,PAIRWISE_EXACT,A,A,False,False
beijing,Dingling,24,3,origin_week,16488,168,AP1,logistic,hist_gradient_boosting,0,PAIRWISE_EXACT,A,A,False,False
beijing,Dingling,24,3,origin_week,16656,168,AP1,constant,logistic,0,PAIRWISE_EXACT,B,B,False,False
beijing,Dingling,24,3,origin_week,16656,168,AP1,constant,hist_gradient_boosting,0,PAIRWISE_EXACT,B,B,False,False
beijing,Dingling,24,3,origin_week,16656,168,AP1,logistic,hist_gradient_boosting,0,PAIRWISE_EXACT,A,A,False,False
beijing,Dingling,24,3,origin_week,16824,168,AP1,constant,logistic,0,PAIRWISE_EXACT,B,B,False,False
beijing,Dingling,24,3,origin_week,16824,168,AP1,constant,hist_gradient_boosting,0,PAIRWISE_EXACT,B,B,False,False
beijing,Dingling,24,3,origin_week,16824,168,AP1,logistic,hist_gradient_boosting,0,PAIRWISE_EXACT,B,B,False,False
beijing,Dingling,24,3,origin_week,16992,168,AP1,constant,logistic,0,PAIRWISE_EXACT,B,B,False,False
beijing,Dingling,24,3,origin_week,16992,168,AP1,constant,hist_gradient_boosting,0,PAIRWISE_EXACT,B,B,False,False
beijing,Dingling,24,3,origin_week,16992,168,AP1,logistic,hist_gradient_boosting,0,PAIRWISE_EXACT,B,B,False,False
beijing,Dingling,24,3,origin_week,17160,168,AP1,constant,logistic,0,PAIRWISE_EXACT,B,B,False,False
beijing,Dingling,24,3,origin_week,17160,168,AP1,constant,hist_gradient_boosting,0,PAIRWISE_EXACT,B,B,False,False
beijing,Dingling,24,3,origin_week,17160,168,AP1,logistic,hist_gradient_boosting,0,PAIRWISE_EXACT,A,A,False,False
beijing,Dingling,24,3,origin_week,17328,168,AP1,constant,logistic,0,PAIRWISE_EXACT,B,B,False,False
beijing,Dingling,24,3,origin_week,17328,168,AP1,constant,hist_gradient_boosting,0,PAIRWISE_EXACT,B,B,False,False
beijing,Dingling,24,3,origin_week,17328,168,AP1,logistic,hist_gradient_boosting,0,PAIRWISE_EXACT,B,B,False,False
beijing,Dingling,24,3,origin_week,17496,1,AP1,constant,logistic,0,PAIRWISE_EXACT,B,B,False,False
beijing,Dingling,24,3,origin_week,17496,1,AP1,constant,hist_gradient_boosting,0,PAIRWISE_EXACT,B,B,False,False
beijing,Dingling,24,3,origin_week,17496,1,AP1,logistic,hist_gradient_boosting,0,PAIRWISE_EXACT,B,B,False,False
beijing,Dingling,72,3,annual,8760,8689,AP1,constant,logistic,234,PAIRWISE_INSUFFICIENT,B,B,False,False
beijing,Dingling,72,3,annual,8760,8689,AP1,constant,hist_gradient_boosting,234,PAIRWISE_INSUFFICIENT,B,B,False,False
beijing,Dingling,72,3,annual,8760,8689,AP1,logistic,hist_gradient_boosting,234,PAIRWISE_INSUFFICIENT,A,A,False,False
beijing,Dingling,72,3,origin_week,8760,168,AP1,constant,logistic,0,PAIRWISE_EXACT,B,B,False,False
beijing,Dingling,72,3,origin_week,8760,168,AP1,constant,hist_gradient_boosting,0,PAIRWISE_EXACT,B,B,False,False
beijing,Dingling,72,3,origin_week,8760,168,AP1,logistic,hist_gradient_boosting,0,PAIRWISE_EXACT,B,B,False,False
beijing,Dingling,72,3,origin_week,8928,168,AP1,constant,logistic,0,PAIRWISE_EXACT,B,B,False,False
beijing,Dingling,72,3,origin_week,8928,168,AP1,constant,hist_gradient_boosting,0,PAIRWISE_EXACT,B,B,False,False
beijing,Dingling,72,3,origin_week,8928,168,AP1,logistic,hist_gradient_boosting,0,PAIRWISE_EXACT,A,A,False,False
beijing,Dingling,72,3,origin_week,9096,168,AP1,constant,logistic,0,PAIRWISE_EXACT,B,B,False,False
beijing,Dingling,72,3,origin_week,9096,168,AP1,constant,hist_gradient_boosting,0,PAIRWISE_EXACT,B,B,False,False
beijing,Dingling,72,3,origin_week,9096,168,AP1,logistic,hist_gradient_boosting,0,PAIRWISE_EXACT,A,A,False,False
beijing,Dingling,72,3,origin_week,9264,168,AP1,constant,logistic,0,PAIRWISE_EXACT,A,A,False,False
beijing,Dingling,72,3,origin_week,9264,168,AP1,constant,hist_gradient_boosting,0,PAIRWISE_EXACT,A,A,False,False
beijing,Dingling,72,3,origin_week,9264,168,AP1,logistic,hist_gradient_boosting,0,PAIRWISE_EXACT,B,B,False,False
beijing,Dingling,72,3,origin_week,9432,168,AP1,constant,logistic,0,PAIRWISE_EXACT,A,A,False,False
beijing,Dingling,72,3,origin_week,9432,168,AP1,constant,hist_gradient_boosting,0,PAIRWISE_EXACT,A,A,False,False
beijing,Dingling,72,3,origin_week,9432,168,AP1,logistic,hist_gradient_boosting,0,PAIRWISE_EXACT,A,A,False,False
beijing,Dingling,72,3,origin_week,9600,168,AP1,constant,logistic,0,PAIRWISE_EXACT,A,A,False,False
beijing,Dingling,72,3,origin_week,9600,168,AP1,constant,hist_gradient_boosting,0,PAIRWISE_EXACT,A,A,False,False
beijing,Dingling,72,3,origin_week,9600,168,AP1,logistic,hist_gradient_boosting,0,PAIRWISE_EXACT,B,B,False,False
beijing,Dingling,72,3,origin_week,9768,168,AP1,constant,logistic,0,PAIRWISE_EXACT,A,A,False,False
beijing,Dingling,72,3,origin_week,9768,168,AP1,constant,hist_gradient_boosting,0,PAIRWISE_EXACT,B,B,False,False
beijing,Dingling,72,3,origin_week,9768,168,AP1,logistic,hist_gradient_boosting,0,PAIRWISE_EXACT,B,B,False,False
beijing,Dingling,72,3,origin_week,9936,168,AP1,constant,logistic,0,PAIRWISE_EXACT,B,B,False,False
beijing,Dingling,72,3,origin_week,9936,168,AP1,constant,hist_gradient_boosting,0,PAIRWISE_EXACT,B,B,False,False
beijing,Dingling,72,3,origin_week,9936,168,AP1,logistic,hist_gradient_boosting,0,PAIRWISE_EXACT,B,B,False,False
beijing,Dingling,72,3,origin_week,10104,168,AP1,constant,logistic,0,PAIRWISE_EXACT,A,A,False,False
beijing,Dingling,72,3,origin_week,10104,168,AP1,constant,hist_gradient_boosting,0,PAIRWISE_EXACT,A,A,False,False
beijing,Dingling,72,3,origin_week,10104,168,AP1,logistic,hist_gradient_boosting,0,PAIRWISE_EXACT,B,B,False,False
beijing,Dingling,72,3,origin_week,10272,168,AP1,constant,logistic,0,PAIRWISE_EXACT,B,B,False,False
beijing,Dingling,72,3,origin_week,10272,168,AP1,constant,hist_gradient_boosting,0,PAIRWISE_EXACT,A,A,False,False
beijing,Dingling,72,3,origin_week,10272,168,AP1,logistic,hist_gradient_boosting,0,PAIRWISE_EXACT,A,A,False,False
beijing,Dingling,72,3,origin_week,10440,168,AP1,constant,logistic,0,PAIRWISE_EXACT,B,B,False,False
beijing,Dingling,72,3,origin_week,10440,168,AP1,constant,hist_gradient_boosting,0,PAIRWISE_EXACT,B,B,False,False
beijing,Dingling,72,3,origin_week,10440,168,AP1,logistic,hist_gradient_boosting,0,PAIRWISE_EXACT,A,A,False,False
beijing,Dingling,72,3,origin_week,10608,168,AP1,constant,logistic,0,PAIRWISE_EXACT,A,A,False,False
beijing,Dingling,72,3,origin_week,10608,168,AP1,constant,hist_gradient_boosting,0,PAIRWISE_EXACT,A,A,False,False
beijing,Dingling,72,3,origin_week,10608,168,AP1,logistic,hist_gradient_boosting,0,PAIRWISE_EXACT,B,B,False,False
beijing,Dingling,72,3,origin_week,10776,168,AP1,constant,logistic,0,PAIRWISE_EXACT,B,B,False,False
beijing,Dingling,72,3,origin_week,10776,168,AP1,constant,hist_gradient_boosting,0,PAIRWISE_EXACT,B,B,False,False
beijing,Dingling,72,3,origin_week,10776,168,AP1,logistic,hist_gradient_boosting,0,PAIRWISE_EXACT,A,A,False,False
beijing,Dingling,72,3,origin_week,10944,168,AP1,constant,logistic,25,PAIRWISE_INSUFFICIENT,B,B,False,False
beijing,Dingling,72,3,origin_week,10944,168,AP1,constant,hist_gradient_boosting,25,PAIRWISE_INSUFFICIENT,B,B,False,False
beijing,Dingling,72,3,origin_week,10944,168,AP1,logistic,hist_gradient_boosting,25,PAIRWISE_INSUFFICIENT,B,B,False,False
beijing,Dingling,72,3,origin_week,11112,168,AP1,constant,logistic,25,PAIRWISE_EXACT,B,B,False,False
beijing,Dingling,72,3,origin_week,11112,168,AP1,constant,hist_gradient_boosting,25,PAIRWISE_EXACT,OPPOSITE_POSSIBLE,OPPOSITE_POSSIBLE,False,False
beijing,Dingling,72,3,origin_week,11112,168,AP1,logistic,hist_gradient_boosting,25,PAIRWISE_EXACT,A,A,False,False
beijing,Dingling,72,3,origin_week,11280,168,AP1,constant,logistic,0,PAIRWISE_EXACT,A,A,False,False
beijing,Dingling,72,3,origin_week,11280,168,AP1,constant,hist_gradient_boosting,0,PAIRWISE_EXACT,A,A,False,False
beijing,Dingling,72,3,origin_week,11280,168,AP1,logistic,hist_gradient_boosting,0,PAIRWISE_EXACT,B,B,False,False
beijing,Dingling,72,3,origin_week,11448,168,AP1,constant,logistic,42,PAIRWISE_EXACT,OPPOSITE_POSSIBLE,OPPOSITE_POSSIBLE,False,False
beijing,Dingling,72,3,origin_week,11448,168,AP1,constant,hist_gradient_boosting,42,PAIRWISE_EXACT,OPPOSITE_POSSIBLE,OPPOSITE_POSSIBLE,False,False
beijing,Dingling,72,3,origin_week,11448,168,AP1,logistic,hist_gradient_boosting,42,PAIRWISE_EXACT,B,B,False,False
beijing,Dingling,72,3,origin_week,11616,168,AP1,constant,logistic,0,PAIRWISE_EXACT,B,B,False,False
beijing,Dingling,72,3,origin_week,11616,168,AP1,constant,hist_gradient_boosting,0,PAIRWISE_EXACT,B,B,False,False
beijing,Dingling,72,3,origin_week,11616,168,AP1,logistic,hist_gradient_boosting,0,PAIRWISE_EXACT,B,B,False,False
beijing,Dingling,72,3,origin_week,11784,168,AP1,constant,logistic,0,PAIRWISE_EXACT,B,B,False,False
beijing,Dingling,72,3,origin_week,11784,168,AP1,constant,hist_gradient_boosting,0,PAIRWISE_EXACT,A,A,False,False
beijing,Dingling,72,3,origin_week,11784,168,AP1,logistic,hist_gradient_boosting,0,PAIRWISE_EXACT,A,A,False,False
beijing,Dingling,72,3,origin_week,11952,168,AP1,constant,logistic,0,PAIRWISE_EXACT,B,B,False,False
beijing,Dingling,72,3,origin_week,11952,168,AP1,constant,hist_gradient_boosting,0,PAIRWISE_EXACT,A,A,False,False
beijing,Dingling,72,3,origin_week,11952,168,AP1,logistic,hist_gradient_boosting,0,PAIRWISE_EXACT,A,A,False,False
beijing,Dingling,72,3,origin_week,12120,168,AP1,constant,logistic,0,PAIRWISE_EXACT,B,B,False,False
beijing,Dingling,72,3,origin_week,12120,168,AP1,constant,hist_gradient_boosting,0,PAIRWISE_EXACT,B,B,False,False
beijing,Dingling,72,3,origin_week,12120,168,AP1,logistic,hist_gradient_boosting,0,PAIRWISE_EXACT,A,A,False,False
beijing,Dingling,72,3,origin_week,12288,168,AP1,constant,logistic,0,PAIRWISE_EXACT,A,A,False,False
beijing,Dingling,72,3,origin_week,12288,168,AP1,constant,hist_gradient_boosting,0,PAIRWISE_EXACT,A,A,False,False
beijing,Dingling,72,3,origin_week,12288,168,AP1,logistic,hist_gradient_boosting,0,PAIRWISE_EXACT,B,B,False,False
beijing,Dingling,72,3,origin_week,12456,168,AP1,constant,logistic,0,PAIRWISE_EXACT,B,B,False,False
beijing,Dingling,72,3,origin_week,12456,168,AP1,constant,hist_gradient_boosting,0,PAIRWISE_EXACT,B,B,False,False
beijing,Dingling,72,3,origin_week,12456,168,AP1,logistic,hist_gradient_boosting,0,PAIRWISE_EXACT,A,A,False,False
beijing,Dingling,72,3,origin_week,12624,168,AP1,constant,logistic,47,PAIRWISE_EXACT,B,B,False,False
beijing,Dingling,72,3,origin_week,12624,168,AP1,constant,hist_gradient_boosting,47,PAIRWISE_EXACT,B,B,False,False
beijing,Dingling,72,3,origin_week,12624,168,AP1,logistic,hist_gradient_boosting,47,PAIRWISE_EXACT,A,A,False,False
beijing,Dingling,72,3,origin_week,12792,168,AP1,constant,logistic,0,PAIRWISE_EXACT,A,A,False,False
beijing,Dingling,72,3,origin_week,12792,168,AP1,constant,hist_gradient_boosting,0,PAIRWISE_EXACT,A,A,False,False
beijing,Dingling,72,3,origin_week,12792,168,AP1,logistic,hist_gradient_boosting,0,PAIRWISE_EXACT,B,B,False,False
beijing,Dingling,72,3,origin_week,12960,168,AP1,constant,logistic,0,PAIRWISE_EXACT,B,B,False,False
beijing,Dingling,72,3,origin_week,12960,168,AP1,constant,hist_gradient_boosting,0,PAIRWISE_EXACT,B,B,False,False
beijing,Dingling,72,3,origin_week,12960,168,AP1,logistic,hist_gradient_boosting,0,PAIRWISE_EXACT,B,B,False,False
beijing,Dingling,72,3,origin_week,13128,168,AP1,constant,logistic,0,PAIRWISE_EXACT,B,B,False,False
beijing,Dingling,72,3,origin_week,13128,168,AP1,constant,hist_gradient_boosting,0,PAIRWISE_EXACT,B,B,False,False
beijing,Dingling,72,3,origin_week,13128,168,AP1,logistic,hist_gradient_boosting,0,PAIRWISE_EXACT,A,A,False,False
beijing,Dingling,72,3,origin_week,13296,168,AP1,constant,logistic,0,PAIRWISE_EXACT,B,B,False,False
beijing,Dingling,72,3,origin_week,13296,168,AP1,constant,hist_gradient_boosting,0,PAIRWISE_EXACT,B,B,False,False
beijing,Dingling,72,3,origin_week,13296,168,AP1,logistic,hist_gradient_boosting,0,PAIRWISE_EXACT,B,B,False,False
beijing,Dingling,72,3,origin_week,13464,168,AP1,constant,logistic,15,PAIRWISE_EXACT,A,A,False,False
beijing,Dingling,72,3,origin_week,13464,168,AP1,constant,hist_gradient_boosting,15,PAIRWISE_EXACT,A,A,False,False
beijing,Dingling,72,3,origin_week,13464,168,AP1,logistic,hist_gradient_boosting,15,PAIRWISE_EXACT,OPPOSITE_POSSIBLE,OPPOSITE_POSSIBLE,False,False
beijing,Dingling,72,3,origin_week,13632,168,AP1,constant,logistic,0,PAIRWISE_EXACT,A,A,False,False
beijing,Dingling,72,3,origin_week,13632,168,AP1,constant,hist_gradient_boosting,0,PAIRWISE_EXACT,A,A,False,False
beijing,Dingling,72,3,origin_week,13632,168,AP1,logistic,hist_gradient_boosting,0,PAIRWISE_EXACT,B,B,False,False
beijing,Dingling,72,3,origin_week,13800,168,AP1,constant,logistic,0,PAIRWISE_EXACT,A,A,False,False
beijing,Dingling,72,3,origin_week,13800,168,AP1,constant,hist_gradient_boosting,0,PAIRWISE_EXACT,A,A,False,False
beijing,Dingling,72,3,origin_week,13800,168,AP1,logistic,hist_gradient_boosting,0,PAIRWISE_EXACT,B,B,False,False
beijing,Dingling,72,3,origin_week,13968,168,AP1,constant,logistic,0,PAIRWISE_EXACT,A,A,False,False
beijing,Dingling,72,3,origin_week,13968,168,AP1,constant,hist_gradient_boosting,0,PAIRWISE_EXACT,A,A,False,False
beijing,Dingling,72,3,origin_week,13968,168,AP1,logistic,hist_gradient_boosting,0,PAIRWISE_EXACT,A,A,False,False
beijing,Dingling,72,3,origin_week,14136,168,AP1,constant,logistic,49,PAIRWISE_EXACT,B,B,False,False
beijing,Dingling,72,3,origin_week,14136,168,AP1,constant,hist_gradient_boosting,49,PAIRWISE_EXACT,OPPOSITE_POSSIBLE,OPPOSITE_POSSIBLE,False,False
beijing,Dingling,72,3,origin_week,14136,168,AP1,logistic,hist_gradient_boosting,49,PAIRWISE_EXACT,OPPOSITE_POSSIBLE,OPPOSITE_POSSIBLE,False,False
beijing,Dingling,72,3,origin_week,14304,168,AP1,constant,logistic,0,PAIRWISE_EXACT,A,A,False,False
beijing,Dingling,72,3,origin_week,14304,168,AP1,constant,hist_gradient_boosting,0,PAIRWISE_EXACT,B,B,False,False
beijing,Dingling,72,3,origin_week,14304,168,AP1,logistic,hist_gradient_boosting,0,PAIRWISE_EXACT,B,B,False,False
beijing,Dingling,72,3,origin_week,14472,168,AP1,constant,logistic,0,PAIRWISE_EXACT,A,A,False,False
beijing,Dingling,72,3,origin_week,14472,168,AP1,constant,hist_gradient_boosting,0,PAIRWISE_EXACT,B,B,False,False
beijing,Dingling,72,3,origin_week,14472,168,AP1,logistic,hist_gradient_boosting,0,PAIRWISE_EXACT,B,B,False,False
beijing,Dingling,72,3,origin_week,14640,168,AP1,constant,logistic,0,PAIRWISE_EXACT,A,A,False,False
beijing,Dingling,72,3,origin_week,14640,168,AP1,constant,hist_gradient_boosting,0,PAIRWISE_EXACT,A,A,False,False
beijing,Dingling,72,3,origin_week,14640,168,AP1,logistic,hist_gradient_boosting,0,PAIRWISE_EXACT,B,B,False,False
beijing,Dingling,72,3,origin_week,14808,168,AP1,constant,logistic,0,PAIRWISE_EXACT,B,B,False,False
beijing,Dingling,72,3,origin_week,14808,168,AP1,constant,hist_gradient_boosting,0,PAIRWISE_EXACT,B,B,False,False
beijing,Dingling,72,3,origin_week,14808,168,AP1,logistic,hist_gradient_boosting,0,PAIRWISE_EXACT,A,A,False,False
beijing,Dingling,72,3,origin_week,14976,168,AP1,constant,logistic,0,PAIRWISE_EXACT,A,A,False,False
beijing,Dingling,72,3,origin_week,14976,168,AP1,constant,hist_gradient_boosting,0,PAIRWISE_EXACT,A,A,False,False
beijing,Dingling,72,3,origin_week,14976,168,AP1,logistic,hist_gradient_boosting,0,PAIRWISE_EXACT,A,A,False,False
beijing,Dingling,72,3,origin_week,15144,168,AP1,constant,logistic,0,PAIRWISE_EXACT,A,A,False,False
beijing,Dingling,72,3,origin_week,15144,168,AP1,constant,hist_gradient_boosting,0,PAIRWISE_EXACT,A,A,False,False
beijing,Dingling,72,3,origin_week,15144,168,AP1,logistic,hist_gradient_boosting,0,PAIRWISE_EXACT,B,B,False,False
beijing,Dingling,72,3,origin_week,15312,168,AP1,constant,logistic,0,PAIRWISE_EXACT,B,B,False,False
beijing,Dingling,72,3,origin_week,15312,168,AP1,constant,hist_gradient_boosting,0,PAIRWISE_EXACT,B,B,False,False
beijing,Dingling,72,3,origin_week,15312,168,AP1,logistic,hist_gradient_boosting,0,PAIRWISE_EXACT,A,A,False,False
beijing,Dingling,72,3,origin_week,15480,168,AP1,constant,logistic,0,PAIRWISE_EXACT,B,B,False,False
beijing,Dingling,72,3,origin_week,15480,168,AP1,constant,hist_gradient_boosting,0,PAIRWISE_EXACT,B,B,False,False
beijing,Dingling,72,3,origin_week,15480,168,AP1,logistic,hist_gradient_boosting,0,PAIRWISE_EXACT,A,A,False,False
beijing,Dingling,72,3,origin_week,15648,168,AP1,constant,logistic,8,PAIRWISE_EXACT,OPPOSITE_POSSIBLE,OPPOSITE_POSSIBLE,False,False
beijing,Dingling,72,3,origin_week,15648,168,AP1,constant,hist_gradient_boosting,8,PAIRWISE_EXACT,OPPOSITE_POSSIBLE,OPPOSITE_POSSIBLE,False,False
beijing,Dingling,72,3,origin_week,15648,168,AP1,logistic,hist_gradient_boosting,8,PAIRWISE_EXACT,B,B,False,False
beijing,Dingling,72,3,origin_week,15816,168,AP1,constant,logistic,0,PAIRWISE_EXACT,B,B,False,False
beijing,Dingling,72,3,origin_week,15816,168,AP1,constant,hist_gradient_boosting,0,PAIRWISE_EXACT,B,B,False,False
beijing,Dingling,72,3,origin_week,15816,168,AP1,logistic,hist_gradient_boosting,0,PAIRWISE_EXACT,A,A,False,False
beijing,Dingling,72,3,origin_week,15984,168,AP1,constant,logistic,23,PAIRWISE_EXACT,OPPOSITE_POSSIBLE,OPPOSITE_POSSIBLE,False,False
beijing,Dingling,72,3,origin_week,15984,168,AP1,constant,hist_gradient_boosting,23,PAIRWISE_EXACT,B,B,False,False
beijing,Dingling,72,3,origin_week,15984,168,AP1,logistic,hist_gradient_boosting,23,PAIRWISE_EXACT,OPPOSITE_POSSIBLE,OPPOSITE_POSSIBLE,False,False
beijing,Dingling,72,3,origin_week,16152,168,AP1,constant,logistic,0,PAIRWISE_EXACT,A,A,False,False
beijing,Dingling,72,3,origin_week,16152,168,AP1,constant,hist_gradient_boosting,0,PAIRWISE_EXACT,A,A,False,False
beijing,Dingling,72,3,origin_week,16152,168,AP1,logistic,hist_gradient_boosting,0,PAIRWISE_EXACT,B,B,False,False
beijing,Dingling,72,3,origin_week,16320,168,AP1,constant,logistic,0,PAIRWISE_EXACT,A,A,False,False
beijing,Dingling,72,3,origin_week,16320,168,AP1,constant,hist_gradient_boosting,0,PAIRWISE_EXACT,B,B,False,False
beijing,Dingling,72,3,origin_week,16320,168,AP1,logistic,hist_gradient_boosting,0,PAIRWISE_EXACT,B,B,False,False
beijing,Dingling,72,3,origin_week,16488,168,AP1,constant,logistic,0,PAIRWISE_EXACT,A,A,False,False
beijing,Dingling,72,3,origin_week,16488,168,AP1,constant,hist_gradient_boosting,0,PAIRWISE_EXACT,A,A,False,False
beijing,Dingling,72,3,origin_week,16488,168,AP1,logistic,hist_gradient_boosting,0,PAIRWISE_EXACT,B,B,False,False
beijing,Dingling,72,3,origin_week,16656,168,AP1,constant,logistic,0,PAIRWISE_EXACT,A,A,False,False
beijing,Dingling,72,3,origin_week,16656,168,AP1,constant,hist_gradient_boosting,0,PAIRWISE_EXACT,A,A,False,False
beijing,Dingling,72,3,origin_week,16656,168,AP1,logistic,hist_gradient_boosting,0,PAIRWISE_EXACT,B,B,False,False
beijing,Dingling,72,3,origin_week,16824,168,AP1,constant,logistic,0,PAIRWISE_EXACT,B,B,False,False
beijing,Dingling,72,3,origin_week,16824,168,AP1,constant,hist_gradient_boosting,0,PAIRWISE_EXACT,B,B,False,False
beijing,Dingling,72,3,origin_week,16824,168,AP1,logistic,hist_gradient_boosting,0,PAIRWISE_EXACT,B,B,False,False
beijing,Dingling,72,3,origin_week,16992,168,AP1,constant,logistic,0,PAIRWISE_EXACT,A,A,False,False
beijing,Dingling,72,3,origin_week,16992,168,AP1,constant,hist_gradient_boosting,0,PAIRWISE_EXACT,A,A,False,False
beijing,Dingling,72,3,origin_week,16992,168,AP1,logistic,hist_gradient_boosting,0,PAIRWISE_EXACT,B,B,False,False
beijing,Dingling,72,3,origin_week,17160,168,AP1,constant,logistic,0,PAIRWISE_EXACT,A,A,False,False
beijing,Dingling,72,3,origin_week,17160,168,AP1,constant,hist_gradient_boosting,0,PAIRWISE_EXACT,B,B,False,False
beijing,Dingling,72,3,origin_week,17160,168,AP1,logistic,hist_gradient_boosting,0,PAIRWISE_EXACT,B,B,False,False
beijing,Dingling,72,3,origin_week,17328,121,AP1,constant,logistic,0,PAIRWISE_EXACT,A,A,False,False
beijing,Dingling,72,3,origin_week,17328,121,AP1,constant,hist_gradient_boosting,0,PAIRWISE_EXACT,A,A,False,False
beijing,Dingling,72,3,origin_week,17328,121,AP1,logistic,hist_gradient_boosting,0,PAIRWISE_EXACT,B,B,False,False
beijing,Dongsi,24,3,annual,8760,8737,AP1,constant,logistic,67,PAIRWISE_EXACT,B,B,False,False
beijing,Dongsi,24,3,annual,8760,8737,AP1,constant,hist_gradient_boosting,67,PAIRWISE_EXACT,B,B,False,False
beijing,Dongsi,24,3,annual,8760,8737,AP1,logistic,hist_gradient_boosting,67,PAIRWISE_EXACT,A,A,False,False
beijing,Dongsi,24,3,origin_week,8760,168,AP1,constant,logistic,0,PAIRWISE_EXACT,B,B,False,False
beijing,Dongsi,24,3,origin_week,8760,168,AP1,constant,hist_gradient_boosting,0,PAIRWISE_EXACT,B,B,False,False
beijing,Dongsi,24,3,origin_week,8760,168,AP1,logistic,hist_gradient_boosting,0,PAIRWISE_EXACT,A,A,False,False
beijing,Dongsi,24,3,origin_week,8928,168,AP1,constant,logistic,0,PAIRWISE_EXACT,B,B,False,False
beijing,Dongsi,24,3,origin_week,8928,168,AP1,constant,hist_gradient_boosting,0,PAIRWISE_EXACT,B,B,False,False
beijing,Dongsi,24,3,origin_week,8928,168,AP1,logistic,hist_gradient_boosting,0,PAIRWISE_EXACT,A,A,False,False
beijing,Dongsi,24,3,origin_week,9096,168,AP1,constant,logistic,0,PAIRWISE_EXACT,B,B,False,False
beijing,Dongsi,24,3,origin_week,9096,168,AP1,constant,hist_gradient_boosting,0,PAIRWISE_EXACT,B,B,False,False
beijing,Dongsi,24,3,origin_week,9096,168,AP1,logistic,hist_gradient_boosting,0,PAIRWISE_EXACT,A,A,False,False
beijing,Dongsi,24,3,origin_week,9264,168,AP1,constant,logistic,0,PAIRWISE_EXACT,B,B,False,False
beijing,Dongsi,24,3,origin_week,9264,168,AP1,constant,hist_gradient_boosting,0,PAIRWISE_EXACT,B,B,False,False
beijing,Dongsi,24,3,origin_week,9264,168,AP1,logistic,hist_gradient_boosting,0,PAIRWISE_EXACT,A,A,False,False
beijing,Dongsi,24,3,origin_week,9432,168,AP1,constant,logistic,0,PAIRWISE_EXACT,B,B,False,False
beijing,Dongsi,24,3,origin_week,9432,168,AP1,constant,hist_gradient_boosting,0,PAIRWISE_EXACT,B,B,False,False
beijing,Dongsi,24,3,origin_week,9432,168,AP1,logistic,hist_gradient_boosting,0,PAIRWISE_EXACT,A,A,False,False
beijing,Dongsi,24,3,origin_week,9600,168,AP1,constant,logistic,0,PAIRWISE_EXACT,B,B,False,False
beijing,Dongsi,24,3,origin_week,9600,168,AP1,constant,hist_gradient_boosting,0,PAIRWISE_EXACT,B,B,False,False
beijing,Dongsi,24,3,origin_week,9600,168,AP1,logistic,hist_gradient_boosting,0,PAIRWISE_EXACT,B,B,False,False
beijing,Dongsi,24,3,origin_week,9768,168,AP1,constant,logistic,0,PAIRWISE_EXACT,B,B,False,False
beijing,Dongsi,24,3,origin_week,9768,168,AP1,constant,hist_gradient_boosting,0,PAIRWISE_EXACT,B,B,False,False
beijing,Dongsi,24,3,origin_week,9768,168,AP1,logistic,hist_gradient_boosting,0,PAIRWISE_EXACT,B,B,False,False
beijing,Dongsi,24,3,origin_week,9936,168,AP1,constant,logistic,0,PAIRWISE_EXACT,B,B,False,False
beijing,Dongsi,24,3,origin_week,9936,168,AP1,constant,hist_gradient_boosting,0,PAIRWISE_EXACT,B,B,False,False
beijing,Dongsi,24,3,origin_week,9936,168,AP1,logistic,hist_gradient_boosting,0,PAIRWISE_EXACT,B,B,False,False
beijing,Dongsi,24,3,origin_week,10104,168,AP1,constant,logistic,16,PAIRWISE_EXACT,B,B,False,False
beijing,Dongsi,24,3,origin_week,10104,168,AP1,constant,hist_gradient_boosting,16,PAIRWISE_EXACT,B,B,False,False
beijing,Dongsi,24,3,origin_week,10104,168,AP1,logistic,hist_gradient_boosting,16,PAIRWISE_EXACT,B,B,False,False
beijing,Dongsi,24,3,origin_week,10272,168,AP1,constant,logistic,4,PAIRWISE_EXACT,B,B,False,False
beijing,Dongsi,24,3,origin_week,10272,168,AP1,constant,hist_gradient_boosting,4,PAIRWISE_EXACT,B,B,False,False
beijing,Dongsi,24,3,origin_week,10272,168,AP1,logistic,hist_gradient_boosting,4,PAIRWISE_EXACT,B,B,False,False
beijing,Dongsi,24,3,origin_week,10440,168,AP1,constant,logistic,0,PAIRWISE_EXACT,B,B,False,False
beijing,Dongsi,24,3,origin_week,10440,168,AP1,constant,hist_gradient_boosting,0,PAIRWISE_EXACT,A,A,False,False
beijing,Dongsi,24,3,origin_week,10440,168,AP1,logistic,hist_gradient_boosting,0,PAIRWISE_EXACT,A,A,False,False
beijing,Dongsi,24,3,origin_week,10608,168,AP1,constant,logistic,0,PAIRWISE_EXACT,B,B,False,False
beijing,Dongsi,24,3,origin_week,10608,168,AP1,constant,hist_gradient_boosting,0,PAIRWISE_EXACT,B,B,False,False
beijing,Dongsi,24,3,origin_week,10608,168,AP1,logistic,hist_gradient_boosting,0,PAIRWISE_EXACT,B,B,False,False
beijing,Dongsi,24,3,origin_week,10776,168,AP1,constant,logistic,10,PAIRWISE_EXACT,B,B,False,False
beijing,Dongsi,24,3,origin_week,10776,168,AP1,constant,hist_gradient_boosting,10,PAIRWISE_EXACT,B,B,False,False
beijing,Dongsi,24,3,origin_week,10776,168,AP1,logistic,hist_gradient_boosting,10,PAIRWISE_EXACT,B,B,False,False
beijing,Dongsi,24,3,origin_week,10944,168,AP1,constant,logistic,0,PAIRWISE_EXACT,B,B,False,False
beijing,Dongsi,24,3,origin_week,10944,168,AP1,constant,hist_gradient_boosting,0,PAIRWISE_EXACT,B,B,False,False
beijing,Dongsi,24,3,origin_week,10944,168,AP1,logistic,hist_gradient_boosting,0,PAIRWISE_EXACT,B,B,False,False
beijing,Dongsi,24,3,origin_week,11112,168,AP1,constant,logistic,0,PAIRWISE_EXACT,B,B,False,False
beijing,Dongsi,24,3,origin_week,11112,168,AP1,constant,hist_gradient_boosting,0,PAIRWISE_EXACT,B,B,False,False
beijing,Dongsi,24,3,origin_week,11112,168,AP1,logistic,hist_gradient_boosting,0,PAIRWISE_EXACT,B,B,False,False
beijing,Dongsi,24,3,origin_week,11280,168,AP1,constant,logistic,0,PAIRWISE_EXACT,A,A,False,False
beijing,Dongsi,24,3,origin_week,11280,168,AP1,constant,hist_gradient_boosting,0,PAIRWISE_EXACT,A,A,False,False
beijing,Dongsi,24,3,origin_week,11280,168,AP1,logistic,hist_gradient_boosting,0,PAIRWISE_EXACT,A,A,False,False
beijing,Dongsi,24,3,origin_week,11448,168,AP1,constant,logistic,16,PAIRWISE_EXACT,B,B,False,False
beijing,Dongsi,24,3,origin_week,11448,168,AP1,constant,hist_gradient_boosting,16,PAIRWISE_EXACT,B,B,False,False
beijing,Dongsi,24,3,origin_week,11448,168,AP1,logistic,hist_gradient_boosting,16,PAIRWISE_EXACT,OPPOSITE_POSSIBLE,OPPOSITE_POSSIBLE,False,False
beijing,Dongsi,24,3,origin_week,11616,168,AP1,constant,logistic,0,PAIRWISE_EXACT,B,B,False,False
beijing,Dongsi,24,3,origin_week,11616,168,AP1,constant,hist_gradient_boosting,0,PAIRWISE_EXACT,B,B,False,False
beijing,Dongsi,24,3,origin_week,11616,168,AP1,logistic,hist_gradient_boosting,0,PAIRWISE_EXACT,B,B,False,False
beijing,Dongsi,24,3,origin_week,11784,168,AP1,constant,logistic,0,PAIRWISE_EXACT,B,B,False,False
beijing,Dongsi,24,3,origin_week,11784,168,AP1,constant,hist_gradient_boosting,0,PAIRWISE_EXACT,B,B,False,False
beijing,Dongsi,24,3,origin_week,11784,168,AP1,logistic,hist_gradient_boosting,0,PAIRWISE_EXACT,B,B,False,False
beijing,Dongsi,24,3,origin_week,11952,168,AP1,constant,logistic,0,PAIRWISE_EXACT,B,B,False,False
beijing,Dongsi,24,3,origin_week,11952,168,AP1,constant,hist_gradient_boosting,0,PAIRWISE_EXACT,B,B,False,False
beijing,Dongsi,24,3,origin_week,11952,168,AP1,logistic,hist_gradient_boosting,0,PAIRWISE_EXACT,B,B,False,False
beijing,Dongsi,24,3,origin_week,12120,168,AP1,constant,logistic,0,PAIRWISE_EXACT,B,B,False,False
beijing,Dongsi,24,3,origin_week,12120,168,AP1,constant,hist_gradient_boosting,0,PAIRWISE_EXACT,B,B,False,False
beijing,Dongsi,24,3,origin_week,12120,168,AP1,logistic,hist_gradient_boosting,0,PAIRWISE_EXACT,B,B,False,False
beijing,Dongsi,24,3,origin_week,12288,168,AP1,constant,logistic,0,PAIRWISE_EXACT,B,B,False,False
beijing,Dongsi,24,3,origin_week,12288,168,AP1,constant,hist_gradient_boosting,0,PAIRWISE_EXACT,B,B,False,False
beijing,Dongsi,24,3,origin_week,12288,168,AP1,logistic,hist_gradient_boosting,0,PAIRWISE_EXACT,A,A,False,False
beijing,Dongsi,24,3,origin_week,12456,168,AP1,constant,logistic,0,PAIRWISE_EXACT,B,B,False,False
beijing,Dongsi,24,3,origin_week,12456,168,AP1,constant,hist_gradient_boosting,0,PAIRWISE_EXACT,B,B,False,False
beijing,Dongsi,24,3,origin_week,12456,168,AP1,logistic,hist_gradient_boosting,0,PAIRWISE_EXACT,B,B,False,False
beijing,Dongsi,24,3,origin_week,12624,168,AP1,constant,logistic,0,PAIRWISE_EXACT,B,B,False,False
beijing,Dongsi,24,3,origin_week,12624,168,AP1,constant,hist_gradient_boosting,0,PAIRWISE_EXACT,B,B,False,False
beijing,Dongsi,24,3,origin_week,12624,168,AP1,logistic,hist_gradient_boosting,0,PAIRWISE_EXACT,B,B,False,False
beijing,Dongsi,24,3,origin_week,12792,168,AP1,constant,logistic,0,PAIRWISE_EXACT,B,B,False,False
beijing,Dongsi,24,3,origin_week,12792,168,AP1,constant,hist_gradient_boosting,0,PAIRWISE_EXACT,B,B,False,False
beijing,Dongsi,24,3,origin_week,12792,168,AP1,logistic,hist_gradient_boosting,0,PAIRWISE_EXACT,B,B,False,False
beijing,Dongsi,24,3,origin_week,12960,168,AP1,constant,logistic,0,PAIRWISE_EXACT,B,B,False,False
beijing,Dongsi,24,3,origin_week,12960,168,AP1,constant,hist_gradient_boosting,0,PAIRWISE_EXACT,B,B,False,False
beijing,Dongsi,24,3,origin_week,12960,168,AP1,logistic,hist_gradient_boosting,0,PAIRWISE_EXACT,B,B,False,False
beijing,Dongsi,24,3,origin_week,13128,168,AP1,constant,logistic,0,PAIRWISE_EXACT,B,B,False,False
beijing,Dongsi,24,3,origin_week,13128,168,AP1,constant,hist_gradient_boosting,0,PAIRWISE_EXACT,B,B,False,False
beijing,Dongsi,24,3,origin_week,13128,168,AP1,logistic,hist_gradient_boosting,0,PAIRWISE_EXACT,B,B,False,False
beijing,Dongsi,24,3,origin_week,13296,168,AP1,constant,logistic,0,PAIRWISE_EXACT,B,B,False,False
beijing,Dongsi,24,3,origin_week,13296,168,AP1,constant,hist_gradient_boosting,0,PAIRWISE_EXACT,B,B,False,False
beijing,Dongsi,24,3,origin_week,13296,168,AP1,logistic,hist_gradient_boosting,0,PAIRWISE_EXACT,A,A,False,False
beijing,Dongsi,24,3,origin_week,13464,168,AP1,constant,logistic,0,PAIRWISE_EXACT,B,B,False,False
beijing,Dongsi,24,3,origin_week,13464,168,AP1,constant,hist_gradient_boosting,0,PAIRWISE_EXACT,B,B,False,False
beijing,Dongsi,24,3,origin_week,13464,168,AP1,logistic,hist_gradient_boosting,0,PAIRWISE_EXACT,B,B,False,False
beijing,Dongsi,24,3,origin_week,13632,168,AP1,constant,logistic,0,PAIRWISE_EXACT,A,A,False,False
beijing,Dongsi,24,3,origin_week,13632,168,AP1,constant,hist_gradient_boosting,0,PAIRWISE_EXACT,A,A,False,False
beijing,Dongsi,24,3,origin_week,13632,168,AP1,logistic,hist_gradient_boosting,0,PAIRWISE_EXACT,A,A,False,False
beijing,Dongsi,24,3,origin_week,13800,168,AP1,constant,logistic,0,PAIRWISE_EXACT,B,B,False,False
beijing,Dongsi,24,3,origin_week,13800,168,AP1,constant,hist_gradient_boosting,0,PAIRWISE_EXACT,B,B,False,False
beijing,Dongsi,24,3,origin_week,13800,168,AP1,logistic,hist_gradient_boosting,0,PAIRWISE_EXACT,B,B,False,False
beijing,Dongsi,24,3,origin_week,13968,168,AP1,constant,logistic,0,PAIRWISE_EXACT,B,B,False,False
beijing,Dongsi,24,3,origin_week,13968,168,AP1,constant,hist_gradient_boosting,0,PAIRWISE_EXACT,B,B,False,False
beijing,Dongsi,24,3,origin_week,13968,168,AP1,logistic,hist_gradient_boosting,0,PAIRWISE_EXACT,A,A,False,False
beijing,Dongsi,24,3,origin_week,14136,168,AP1,constant,logistic,0,PAIRWISE_EXACT,B,B,False,False
beijing,Dongsi,24,3,origin_week,14136,168,AP1,constant,hist_gradient_boosting,0,PAIRWISE_EXACT,B,B,False,False
beijing,Dongsi,24,3,origin_week,14136,168,AP1,logistic,hist_gradient_boosting,0,PAIRWISE_EXACT,A,A,False,False
beijing,Dongsi,24,3,origin_week,14304,168,AP1,constant,logistic,0,PAIRWISE_EXACT,B,B,False,False
beijing,Dongsi,24,3,origin_week,14304,168,AP1,constant,hist_gradient_boosting,0,PAIRWISE_EXACT,B,B,False,False
beijing,Dongsi,24,3,origin_week,14304,168,AP1,logistic,hist_gradient_boosting,0,PAIRWISE_EXACT,A,A,False,False
beijing,Dongsi,24,3,origin_week,14472,168,AP1,constant,logistic,0,PAIRWISE_EXACT,B,B,False,False
beijing,Dongsi,24,3,origin_week,14472,168,AP1,constant,hist_gradient_boosting,0,PAIRWISE_EXACT,B,B,False,False
beijing,Dongsi,24,3,origin_week,14472,168,AP1,logistic,hist_gradient_boosting,0,PAIRWISE_EXACT,B,B,False,False
beijing,Dongsi,24,3,origin_week,14640,168,AP1,constant,logistic,0,PAIRWISE_EXACT,B,B,False,False
beijing,Dongsi,24,3,origin_week,14640,168,AP1,constant,hist_gradient_boosting,0,PAIRWISE_EXACT,B,B,False,False
beijing,Dongsi,24,3,origin_week,14640,168,AP1,logistic,hist_gradient_boosting,0,PAIRWISE_EXACT,B,B,False,False
beijing,Dongsi,24,3,origin_week,14808,168,AP1,constant,logistic,0,PAIRWISE_EXACT,B,B,False,False
beijing,Dongsi,24,3,origin_week,14808,168,AP1,constant,hist_gradient_boosting,0,PAIRWISE_EXACT,B,B,False,False
beijing,Dongsi,24,3,origin_week,14808,168,AP1,logistic,hist_gradient_boosting,0,PAIRWISE_EXACT,B,B,False,False
beijing,Dongsi,24,3,origin_week,14976,168,AP1,constant,logistic,2,PAIRWISE_EXACT,B,B,False,False
beijing,Dongsi,24,3,origin_week,14976,168,AP1,constant,hist_gradient_boosting,2,PAIRWISE_EXACT,B,B,False,False
beijing,Dongsi,24,3,origin_week,14976,168,AP1,logistic,hist_gradient_boosting,2,PAIRWISE_EXACT,A,A,False,False
beijing,Dongsi,24,3,origin_week,15144,168,AP1,constant,logistic,0,PAIRWISE_EXACT,B,B,False,False
beijing,Dongsi,24,3,origin_week,15144,168,AP1,constant,hist_gradient_boosting,0,PAIRWISE_EXACT,A,A,False,False
beijing,Dongsi,24,3,origin_week,15144,168,AP1,logistic,hist_gradient_boosting,0,PAIRWISE_EXACT,A,A,False,False
beijing,Dongsi,24,3,origin_week,15312,168,AP1,constant,logistic,0,PAIRWISE_EXACT,B,B,False,False
beijing,Dongsi,24,3,origin_week,15312,168,AP1,constant,hist_gradient_boosting,0,PAIRWISE_EXACT,B,B,False,False
beijing,Dongsi,24,3,origin_week,15312,168,AP1,logistic,hist_gradient_boosting,0,PAIRWISE_EXACT,A,A,False,False
beijing,Dongsi,24,3,origin_week,15480,168,AP1,constant,logistic,0,PAIRWISE_EXACT,B,B,False,False
beijing,Dongsi,24,3,origin_week,15480,168,AP1,constant,hist_gradient_boosting,0,PAIRWISE_EXACT,B,B,False,False
beijing,Dongsi,24,3,origin_week,15480,168,AP1,logistic,hist_gradient_boosting,0,PAIRWISE_EXACT,A,A,False,False
beijing,Dongsi,24,3,origin_week,15648,168,AP1,constant,logistic,0,PAIRWISE_EXACT,B,B,False,False
beijing,Dongsi,24,3,origin_week,15648,168,AP1,constant,hist_gradient_boosting,0,PAIRWISE_EXACT,B,B,False,False
beijing,Dongsi,24,3,origin_week,15648,168,AP1,logistic,hist_gradient_boosting,0,PAIRWISE_EXACT,A,A,False,False
beijing,Dongsi,24,3,origin_week,15816,168,AP1,constant,logistic,0,PAIRWISE_EXACT,B,B,False,False
beijing,Dongsi,24,3,origin_week,15816,168,AP1,constant,hist_gradient_boosting,0,PAIRWISE_EXACT,B,B,False,False
beijing,Dongsi,24,3,origin_week,15816,168,AP1,logistic,hist_gradient_boosting,0,PAIRWISE_EXACT,A,A,False,False
beijing,Dongsi,24,3,origin_week,15984,168,AP1,constant,logistic,7,PAIRWISE_EXACT,B,B,False,False
beijing,Dongsi,24,3,origin_week,15984,168,AP1,constant,hist_gradient_boosting,7,PAIRWISE_EXACT,B,B,False,False
beijing,Dongsi,24,3,origin_week,15984,168,AP1,logistic,hist_gradient_boosting,7,PAIRWISE_EXACT,A,A,False,False
beijing,Dongsi,24,3,origin_week,16152,168,AP1,constant,logistic,4,PAIRWISE_EXACT,B,B,False,False
beijing,Dongsi,24,3,origin_week,16152,168,AP1,constant,hist_gradient_boosting,4,PAIRWISE_EXACT,OPPOSITE_POSSIBLE,OPPOSITE_POSSIBLE,False,False
beijing,Dongsi,24,3,origin_week,16152,168,AP1,logistic,hist_gradient_boosting,4,PAIRWISE_EXACT,A,A,False,False
beijing,Dongsi,24,3,origin_week,16320,168,AP1,constant,logistic,0,PAIRWISE_EXACT,B,B,False,False
beijing,Dongsi,24,3,origin_week,16320,168,AP1,constant,hist_gradient_boosting,0,PAIRWISE_EXACT,B,B,False,False
beijing,Dongsi,24,3,origin_week,16320,168,AP1,logistic,hist_gradient_boosting,0,PAIRWISE_EXACT,A,A,False,False
beijing,Dongsi,24,3,origin_week,16488,168,AP1,constant,logistic,3,PAIRWISE_EXACT,B,B,False,False
beijing,Dongsi,24,3,origin_week,16488,168,AP1,constant,hist_gradient_boosting,3,PAIRWISE_EXACT,A,A,False,False
beijing,Dongsi,24,3,origin_week,16488,168,AP1,logistic,hist_gradient_boosting,3,PAIRWISE_EXACT,A,A,False,False
beijing,Dongsi,24,3,origin_week,16656,168,AP1,constant,logistic,5,PAIRWISE_EXACT,B,B,False,False
beijing,Dongsi,24,3,origin_week,16656,168,AP1,constant,hist_gradient_boosting,5,PAIRWISE_EXACT,B,B,False,False
beijing,Dongsi,24,3,origin_week,16656,168,AP1,logistic,hist_gradient_boosting,5,PAIRWISE_EXACT,B,B,False,False
beijing,Dongsi,24,3,origin_week,16824,168,AP1,constant,logistic,0,PAIRWISE_EXACT,B,B,False,False
beijing,Dongsi,24,3,origin_week,16824,168,AP1,constant,hist_gradient_boosting,0,PAIRWISE_EXACT,B,B,False,False
beijing,Dongsi,24,3,origin_week,16824,168,AP1,logistic,hist_gradient_boosting,0,PAIRWISE_EXACT,A,A,False,False
beijing,Dongsi,24,3,origin_week,16992,168,AP1,constant,logistic,0,PAIRWISE_EXACT,B,B,False,False
beijing,Dongsi,24,3,origin_week,16992,168,AP1,constant,hist_gradient_boosting,0,PAIRWISE_EXACT,B,B,False,False
beijing,Dongsi,24,3,origin_week,16992,168,AP1,logistic,hist_gradient_boosting,0,PAIRWISE_EXACT,B,B,False,False
beijing,Dongsi,24,3,origin_week,17160,168,AP1,constant,logistic,0,PAIRWISE_EXACT,B,B,False,False
beijing,Dongsi,24,3,origin_week,17160,168,AP1,constant,hist_gradient_boosting,0,PAIRWISE_EXACT,B,B,False,False
beijing,Dongsi,24,3,origin_week,17160,168,AP1,logistic,hist_gradient_boosting,0,PAIRWISE_EXACT,A,A,False,False
beijing,Dongsi,24,3,origin_week,17328,168,AP1,constant,logistic,0,PAIRWISE_EXACT,B,B,False,False
beijing,Dongsi,24,3,origin_week,17328,168,AP1,constant,hist_gradient_boosting,0,PAIRWISE_EXACT,B,B,False,False
beijing,Dongsi,24,3,origin_week,17328,168,AP1,logistic,hist_gradient_boosting,0,PAIRWISE_EXACT,A,A,False,False
beijing,Dongsi,24,3,origin_week,17496,1,AP1,constant,logistic,0,PAIRWISE_EXACT,B,B,False,False
beijing,Dongsi,24,3,origin_week,17496,1,AP1,constant,hist_gradient_boosting,0,PAIRWISE_EXACT,B,B,False,False
beijing,Dongsi,24,3,origin_week,17496,1,AP1,logistic,hist_gradient_boosting,0,PAIRWISE_EXACT,A,A,False,False
beijing,Dongsi,72,3,annual,8760,8689,AP1,constant,logistic,30,PAIRWISE_EXACT,B,B,False,False
beijing,Dongsi,72,3,annual,8760,8689,AP1,constant,hist_gradient_boosting,30,PAIRWISE_EXACT,B,B,False,False
beijing,Dongsi,72,3,annual,8760,8689,AP1,logistic,hist_gradient_boosting,30,PAIRWISE_EXACT,A,A,False,False
beijing,Dongsi,72,3,origin_week,8760,168,AP1,constant,logistic,0,PAIRWISE_EXACT,B,B,False,False
beijing,Dongsi,72,3,origin_week,8760,168,AP1,constant,hist_gradient_boosting,0,PAIRWISE_EXACT,A,A,False,False
beijing,Dongsi,72,3,origin_week,8760,168,AP1,logistic,hist_gradient_boosting,0,PAIRWISE_EXACT,A,A,False,False
beijing,Dongsi,72,3,origin_week,8928,168,AP1,constant,logistic,0,PAIRWISE_EXACT,B,B,False,False
beijing,Dongsi,72,3,origin_week,8928,168,AP1,constant,hist_gradient_boosting,0,PAIRWISE_EXACT,B,B,False,False
beijing,Dongsi,72,3,origin_week,8928,168,AP1,logistic,hist_gradient_boosting,0,PAIRWISE_EXACT,A,A,False,False
beijing,Dongsi,72,3,origin_week,9096,168,AP1,constant,logistic,0,PAIRWISE_EXACT,B,B,False,False
beijing,Dongsi,72,3,origin_week,9096,168,AP1,constant,hist_gradient_boosting,0,PAIRWISE_EXACT,B,B,False,False
beijing,Dongsi,72,3,origin_week,9096,168,AP1,logistic,hist_gradient_boosting,0,PAIRWISE_EXACT,B,B,False,False
beijing,Dongsi,72,3,origin_week,9264,168,AP1,constant,logistic,0,PAIRWISE_EXACT,B,B,False,False
beijing,Dongsi,72,3,origin_week,9264,168,AP1,constant,hist_gradient_boosting,0,PAIRWISE_EXACT,B,B,False,False
beijing,Dongsi,72,3,origin_week,9264,168,AP1,logistic,hist_gradient_boosting,0,PAIRWISE_EXACT,A,A,False,False
beijing,Dongsi,72,3,origin_week,9432,168,AP1,constant,logistic,0,PAIRWISE_EXACT,B,B,False,False
beijing,Dongsi,72,3,origin_week,9432,168,AP1,constant,hist_gradient_boosting,0,PAIRWISE_EXACT,A,A,False,False
beijing,Dongsi,72,3,origin_week,9432,168,AP1,logistic,hist_gradient_boosting,0,PAIRWISE_EXACT,A,A,False,False
beijing,Dongsi,72,3,origin_week,9600,168,AP1,constant,logistic,0,PAIRWISE_EXACT,B,B,False,False
beijing,Dongsi,72,3,origin_week,9600,168,AP1,constant,hist_gradient_boosting,0,PAIRWISE_EXACT,B,B,False,False
beijing,Dongsi,72,3,origin_week,9600,168,AP1,logistic,hist_gradient_boosting,0,PAIRWISE_EXACT,B,B,False,False
beijing,Dongsi,72,3,origin_week,9768,168,AP1,constant,logistic,0,PAIRWISE_EXACT,B,B,False,False
beijing,Dongsi,72,3,origin_week,9768,168,AP1,constant,hist_gradient_boosting,0,PAIRWISE_EXACT,B,B,False,False
beijing,Dongsi,72,3,origin_week,9768,168,AP1,logistic,hist_gradient_boosting,0,PAIRWISE_EXACT,B,B,False,False
beijing,Dongsi,72,3,origin_week,9936,168,AP1,constant,logistic,0,PAIRWISE_EXACT,B,B,False,False
beijing,Dongsi,72,3,origin_week,9936,168,AP1,constant,hist_gradient_boosting,0,PAIRWISE_EXACT,B,B,False,False
beijing,Dongsi,72,3,origin_week,9936,168,AP1,logistic,hist_gradient_boosting,0,PAIRWISE_EXACT,A,A,False,False
beijing,Dongsi,72,3,origin_week,10104,168,AP1,constant,logistic,0,PAIRWISE_EXACT,B,B,False,False
beijing,Dongsi,72,3,origin_week,10104,168,AP1,constant,hist_gradient_boosting,0,PAIRWISE_EXACT,B,B,False,False
beijing,Dongsi,72,3,origin_week,10104,168,AP1,logistic,hist_gradient_boosting,0,PAIRWISE_EXACT,B,B,False,False
beijing,Dongsi,72,3,origin_week,10272,168,AP1,constant,logistic,4,PAIRWISE_EXACT,A,A,False,False
beijing,Dongsi,72,3,origin_week,10272,168,AP1,constant,hist_gradient_boosting,4,PAIRWISE_EXACT,A,A,False,False
beijing,Dongsi,72,3,origin_week,10272,168,AP1,logistic,hist_gradient_boosting,4,PAIRWISE_EXACT,B,B,False,False
beijing,Dongsi,72,3,origin_week,10440,168,AP1,constant,logistic,0,PAIRWISE_EXACT,A,A,False,False
beijing,Dongsi,72,3,origin_week,10440,168,AP1,constant,hist_gradient_boosting,0,PAIRWISE_EXACT,A,A,False,False
beijing,Dongsi,72,3,origin_week,10440,168,AP1,logistic,hist_gradient_boosting,0,PAIRWISE_EXACT,A,A,False,False
beijing,Dongsi,72,3,origin_week,10608,168,AP1,constant,logistic,0,PAIRWISE_EXACT,B,B,False,False
beijing,Dongsi,72,3,origin_week,10608,168,AP1,constant,hist_gradient_boosting,0,PAIRWISE_EXACT,B,B,False,False
beijing,Dongsi,72,3,origin_week,10608,168,AP1,logistic,hist_gradient_boosting,0,PAIRWISE_EXACT,B,B,False,False
beijing,Dongsi,72,3,origin_week,10776,168,AP1,constant,logistic,10,PAIRWISE_EXACT,B,B,False,False
beijing,Dongsi,72,3,origin_week,10776,168,AP1,constant,hist_gradient_boosting,10,PAIRWISE_EXACT,B,B,False,False
beijing,Dongsi,72,3,origin_week,10776,168,AP1,logistic,hist_gradient_boosting,10,PAIRWISE_EXACT,A,A,False,False
beijing,Dongsi,72,3,origin_week,10944,168,AP1,constant,logistic,0,PAIRWISE_EXACT,A,A,False,False
beijing,Dongsi,72,3,origin_week,10944,168,AP1,constant,hist_gradient_boosting,0,PAIRWISE_EXACT,B,B,False,False
beijing,Dongsi,72,3,origin_week,10944,168,AP1,logistic,hist_gradient_boosting,0,PAIRWISE_EXACT,B,B,False,False
beijing,Dongsi,72,3,origin_week,11112,168,AP1,constant,logistic,0,PAIRWISE_EXACT,B,B,False,False
beijing,Dongsi,72,3,origin_week,11112,168,AP1,constant,hist_gradient_boosting,0,PAIRWISE_EXACT,B,B,False,False
beijing,Dongsi,72,3,origin_week,11112,168,AP1,logistic,hist_gradient_boosting,0,PAIRWISE_EXACT,B,B,False,False
beijing,Dongsi,72,3,origin_week,11280,168,AP1,constant,logistic,0,PAIRWISE_EXACT,B,B,False,False
beijing,Dongsi,72,3,origin_week,11280,168,AP1,constant,hist_gradient_boosting,0,PAIRWISE_EXACT,A,A,False,False
beijing,Dongsi,72,3,origin_week,11280,168,AP1,logistic,hist_gradient_boosting,0,PAIRWISE_EXACT,A,A,False,False
beijing,Dongsi,72,3,origin_week,11448,168,AP1,constant,logistic,16,PAIRWISE_EXACT,A,A,False,False
beijing,Dongsi,72,3,origin_week,11448,168,AP1,constant,hist_gradient_boosting,16,PAIRWISE_EXACT,A,A,False,False
beijing,Dongsi,72,3,origin_week,11448,168,AP1,logistic,hist_gradient_boosting,16,PAIRWISE_EXACT,OPPOSITE_POSSIBLE,OPPOSITE_POSSIBLE,False,False
beijing,Dongsi,72,3,origin_week,11616,168,AP1,constant,logistic,0,PAIRWISE_EXACT,B,B,False,False
beijing,Dongsi,72,3,origin_week,11616,168,AP1,constant,hist_gradient_boosting,0,PAIRWISE_EXACT,B,B,False,False
beijing,Dongsi,72,3,origin_week,11616,168,AP1,logistic,hist_gradient_boosting,0,PAIRWISE_EXACT,A,A,False,False
beijing,Dongsi,72,3,origin_week,11784,168,AP1,constant,logistic,0,PAIRWISE_EXACT,B,B,False,False
beijing,Dongsi,72,3,origin_week,11784,168,AP1,constant,hist_gradient_boosting,0,PAIRWISE_EXACT,B,B,False,False
beijing,Dongsi,72,3,origin_week,11784,168,AP1,logistic,hist_gradient_boosting,0,PAIRWISE_EXACT,A,A,False,False
beijing,Dongsi,72,3,origin_week,11952,168,AP1,constant,logistic,0,PAIRWISE_EXACT,B,B,False,False
beijing,Dongsi,72,3,origin_week,11952,168,AP1,constant,hist_gradient_boosting,0,PAIRWISE_EXACT,B,B,False,False
beijing,Dongsi,72,3,origin_week,11952,168,AP1,logistic,hist_gradient_boosting,0,PAIRWISE_EXACT,A,A,False,False
beijing,Dongsi,72,3,origin_week,12120,168,AP1,constant,logistic,0,PAIRWISE_EXACT,B,B,False,False
beijing,Dongsi,72,3,origin_week,12120,168,AP1,constant,hist_gradient_boosting,0,PAIRWISE_EXACT,A,A,False,False
beijing,Dongsi,72,3,origin_week,12120,168,AP1,logistic,hist_gradient_boosting,0,PAIRWISE_EXACT,A,A,False,False
beijing,Dongsi,72,3,origin_week,12288,168,AP1,constant,logistic,0,PAIRWISE_EXACT,B,B,False,False
beijing,Dongsi,72,3,origin_week,12288,168,AP1,constant,hist_gradient_boosting,0,PAIRWISE_EXACT,B,B,False,False
beijing,Dongsi,72,3,origin_week,12288,168,AP1,logistic,hist_gradient_boosting,0,PAIRWISE_EXACT,A,A,False,False
beijing,Dongsi,72,3,origin_week,12456,168,AP1,constant,logistic,0,PAIRWISE_EXACT,A,A,False,False
beijing,Dongsi,72,3,origin_week,12456,168,AP1,constant,hist_gradient_boosting,0,PAIRWISE_EXACT,B,B,False,False
beijing,Dongsi,72,3,origin_week,12456,168,AP1,logistic,hist_gradient_boosting,0,PAIRWISE_EXACT,B,B,False,False
beijing,Dongsi,72,3,origin_week,12624,168,AP1,constant,logistic,0,PAIRWISE_EXACT,B,B,False,False
beijing,Dongsi,72,3,origin_week,12624,168,AP1,constant,hist_gradient_boosting,0,PAIRWISE_EXACT,B,B,False,False
beijing,Dongsi,72,3,origin_week,12624,168,AP1,logistic,hist_gradient_boosting,0,PAIRWISE_EXACT,B,B,False,False
beijing,Dongsi,72,3,origin_week,12792,168,AP1,constant,logistic,0,PAIRWISE_EXACT,B,B,False,False
beijing,Dongsi,72,3,origin_week,12792,168,AP1,constant,hist_gradient_boosting,0,PAIRWISE_EXACT,B,B,False,False
beijing,Dongsi,72,3,origin_week,12792,168,AP1,logistic,hist_gradient_boosting,0,PAIRWISE_EXACT,A,A,False,False
beijing,Dongsi,72,3,origin_week,12960,168,AP1,constant,logistic,0,PAIRWISE_EXACT,B,B,False,False
beijing,Dongsi,72,3,origin_week,12960,168,AP1,constant,hist_gradient_boosting,0,PAIRWISE_EXACT,B,B,False,False
beijing,Dongsi,72,3,origin_week,12960,168,AP1,logistic,hist_gradient_boosting,0,PAIRWISE_EXACT,B,B,False,False
beijing,Dongsi,72,3,origin_week,13128,168,AP1,constant,logistic,0,PAIRWISE_EXACT,B,B,False,False
beijing,Dongsi,72,3,origin_week,13128,168,AP1,constant,hist_gradient_boosting,0,PAIRWISE_EXACT,B,B,False,False
beijing,Dongsi,72,3,origin_week,13128,168,AP1,logistic,hist_gradient_boosting,0,PAIRWISE_EXACT,A,A,False,False
beijing,Dongsi,72,3,origin_week,13296,168,AP1,constant,logistic,0,PAIRWISE_EXACT,B,B,False,False
beijing,Dongsi,72,3,origin_week,13296,168,AP1,constant,hist_gradient_boosting,0,PAIRWISE_EXACT,A,A,False,False
beijing,Dongsi,72,3,origin_week,13296,168,AP1,logistic,hist_gradient_boosting,0,PAIRWISE_EXACT,A,A,False,False
beijing,Dongsi,72,3,origin_week,13464,168,AP1,constant,logistic,0,PAIRWISE_EXACT,B,B,False,False
beijing,Dongsi,72,3,origin_week,13464,168,AP1,constant,hist_gradient_boosting,0,PAIRWISE_EXACT,B,B,False,False
beijing,Dongsi,72,3,origin_week,13464,168,AP1,logistic,hist_gradient_boosting,0,PAIRWISE_EXACT,B,B,False,False
beijing,Dongsi,72,3,origin_week,13632,168,AP1,constant,logistic,0,PAIRWISE_EXACT,A,A,False,False
beijing,Dongsi,72,3,origin_week,13632,168,AP1,constant,hist_gradient_boosting,0,PAIRWISE_EXACT,A,A,False,False
beijing,Dongsi,72,3,origin_week,13632,168,AP1,logistic,hist_gradient_boosting,0,PAIRWISE_EXACT,A,A,False,False
beijing,Dongsi,72,3,origin_week,13800,168,AP1,constant,logistic,0,PAIRWISE_EXACT,A,A,False,False
beijing,Dongsi,72,3,origin_week,13800,168,AP1,constant,hist_gradient_boosting,0,PAIRWISE_EXACT,A,A,False,False
beijing,Dongsi,72,3,origin_week,13800,168,AP1,logistic,hist_gradient_boosting,0,PAIRWISE_EXACT,A,A,False,False
beijing,Dongsi,72,3,origin_week,13968,168,AP1,constant,logistic,0,PAIRWISE_EXACT,B,B,False,False
beijing,Dongsi,72,3,origin_week,13968,168,AP1,constant,hist_gradient_boosting,0,PAIRWISE_EXACT,A,A,False,False
beijing,Dongsi,72,3,origin_week,13968,168,AP1,logistic,hist_gradient_boosting,0,PAIRWISE_EXACT,A,A,False,False
beijing,Dongsi,72,3,origin_week,14136,168,AP1,constant,logistic,0,PAIRWISE_EXACT,A,A,False,False
beijing,Dongsi,72,3,origin_week,14136,168,AP1,constant,hist_gradient_boosting,0,PAIRWISE_EXACT,A,A,False,False
beijing,Dongsi,72,3,origin_week,14136,168,AP1,logistic,hist_gradient_boosting,0,PAIRWISE_EXACT,A,A,False,False
beijing,Dongsi,72,3,origin_week,14304,168,AP1,constant,logistic,0,PAIRWISE_EXACT,B,B,False,False
beijing,Dongsi,72,3,origin_week,14304,168,AP1,constant,hist_gradient_boosting,0,PAIRWISE_EXACT,B,B,False,False
beijing,Dongsi,72,3,origin_week,14304,168,AP1,logistic,hist_gradient_boosting,0,PAIRWISE_EXACT,B,B,False,False
beijing,Dongsi,72,3,origin_week,14472,168,AP1,constant,logistic,0,PAIRWISE_EXACT,B,B,False,False
beijing,Dongsi,72,3,origin_week,14472,168,AP1,constant,hist_gradient_boosting,0,PAIRWISE_EXACT,B,B,False,False
beijing,Dongsi,72,3,origin_week,14472,168,AP1,logistic,hist_gradient_boosting,0,PAIRWISE_EXACT,B,B,False,False
beijing,Dongsi,72,3,origin_week,14640,168,AP1,constant,logistic,0,PAIRWISE_EXACT,A,A,False,False
beijing,Dongsi,72,3,origin_week,14640,168,AP1,constant,hist_gradient_boosting,0,PAIRWISE_EXACT,A,A,False,False
beijing,Dongsi,72,3,origin_week,14640,168,AP1,logistic,hist_gradient_boosting,0,PAIRWISE_EXACT,A,A,False,False
beijing,Dongsi,72,3,origin_week,14808,168,AP1,constant,logistic,0,PAIRWISE_EXACT,B,B,False,False
beijing,Dongsi,72,3,origin_week,14808,168,AP1,constant,hist_gradient_boosting,0,PAIRWISE_EXACT,A,A,False,False
beijing,Dongsi,72,3,origin_week,14808,168,AP1,logistic,hist_gradient_boosting,0,PAIRWISE_EXACT,A,A,False,False
beijing,Dongsi,72,3,origin_week,14976,168,AP1,constant,logistic,0,PAIRWISE_EXACT,B,B,False,False
beijing,Dongsi,72,3,origin_week,14976,168,AP1,constant,hist_gradient_boosting,0,PAIRWISE_EXACT,A,A,False,False
beijing,Dongsi,72,3,origin_week,14976,168,AP1,logistic,hist_gradient_boosting,0,PAIRWISE_EXACT,A,A,False,False
beijing,Dongsi,72,3,origin_week,15144,168,AP1,constant,logistic,0,PAIRWISE_EXACT,B,B,False,False
beijing,Dongsi,72,3,origin_week,15144,168,AP1,constant,hist_gradient_boosting,0,PAIRWISE_EXACT,B,B,False,False
beijing,Dongsi,72,3,origin_week,15144,168,AP1,logistic,hist_gradient_boosting,0,PAIRWISE_EXACT,A,A,False,False
beijing,Dongsi,72,3,origin_week,15312,168,AP1,constant,logistic,0,PAIRWISE_EXACT,A,A,False,False
beijing,Dongsi,72,3,origin_week,15312,168,AP1,constant,hist_gradient_boosting,0,PAIRWISE_EXACT,B,B,False,False
beijing,Dongsi,72,3,origin_week,15312,168,AP1,logistic,hist_gradient_boosting,0,PAIRWISE_EXACT,B,B,False,False
beijing,Dongsi,72,3,origin_week,15480,168,AP1,constant,logistic,0,PAIRWISE_EXACT,B,B,False,False
beijing,Dongsi,72,3,origin_week,15480,168,AP1,constant,hist_gradient_boosting,0,PAIRWISE_EXACT,B,B,False,False
beijing,Dongsi,72,3,origin_week,15480,168,AP1,logistic,hist_gradient_boosting,0,PAIRWISE_EXACT,A,A,False,False
beijing,Dongsi,72,3,origin_week,15648,168,AP1,constant,logistic,0,PAIRWISE_EXACT,B,B,False,False
beijing,Dongsi,72,3,origin_week,15648,168,AP1,constant,hist_gradient_boosting,0,PAIRWISE_EXACT,B,B,False,False
beijing,Dongsi,72,3,origin_week,15648,168,AP1,logistic,hist_gradient_boosting,0,PAIRWISE_EXACT,A,A,False,False
beijing,Dongsi,72,3,origin_week,15816,168,AP1,constant,logistic,0,PAIRWISE_EXACT,B,B,False,False
beijing,Dongsi,72,3,origin_week,15816,168,AP1,constant,hist_gradient_boosting,0,PAIRWISE_EXACT,A,A,False,False
beijing,Dongsi,72,3,origin_week,15816,168,AP1,logistic,hist_gradient_boosting,0,PAIRWISE_EXACT,A,A,False,False
beijing,Dongsi,72,3,origin_week,15984,168,AP1,constant,logistic,0,PAIRWISE_EXACT,B,B,False,False
beijing,Dongsi,72,3,origin_week,15984,168,AP1,constant,hist_gradient_boosting,0,PAIRWISE_EXACT,B,B,False,False
beijing,Dongsi,72,3,origin_week,15984,168,AP1,logistic,hist_gradient_boosting,0,PAIRWISE_EXACT,A,A,False,False
beijing,Dongsi,72,3,origin_week,16152,168,AP1,constant,logistic,0,PAIRWISE_EXACT,B,B,False,False
beijing,Dongsi,72,3,origin_week,16152,168,AP1,constant,hist_gradient_boosting,0,PAIRWISE_EXACT,A,A,False,False
beijing,Dongsi,72,3,origin_week,16152,168,AP1,logistic,hist_gradient_boosting,0,PAIRWISE_EXACT,A,A,False,False
beijing,Dongsi,72,3,origin_week,16320,168,AP1,constant,logistic,0,PAIRWISE_EXACT,B,B,False,False
beijing,Dongsi,72,3,origin_week,16320,168,AP1,constant,hist_gradient_boosting,0,PAIRWISE_EXACT,B,B,False,False
beijing,Dongsi,72,3,origin_week,16320,168,AP1,logistic,hist_gradient_boosting,0,PAIRWISE_EXACT,A,A,False,False
beijing,Dongsi,72,3,origin_week,16488,168,AP1,constant,logistic,0,PAIRWISE_EXACT,B,B,False,False
beijing,Dongsi,72,3,origin_week,16488,168,AP1,constant,hist_gradient_boosting,0,PAIRWISE_EXACT,B,B,False,False
beijing,Dongsi,72,3,origin_week,16488,168,AP1,logistic,hist_gradient_boosting,0,PAIRWISE_EXACT,A,A,False,False
beijing,Dongsi,72,3,origin_week,16656,168,AP1,constant,logistic,0,PAIRWISE_EXACT,B,B,False,False
beijing,Dongsi,72,3,origin_week,16656,168,AP1,constant,hist_gradient_boosting,0,PAIRWISE_EXACT,B,B,False,False
beijing,Dongsi,72,3,origin_week,16656,168,AP1,logistic,hist_gradient_boosting,0,PAIRWISE_EXACT,A,A,False,False
beijing,Dongsi,72,3,origin_week,16824,168,AP1,constant,logistic,0,PAIRWISE_EXACT,B,B,False,False
beijing,Dongsi,72,3,origin_week,16824,168,AP1,constant,hist_gradient_boosting,0,PAIRWISE_EXACT,B,B,False,False
beijing,Dongsi,72,3,origin_week,16824,168,AP1,logistic,hist_gradient_boosting,0,PAIRWISE_EXACT,A,A,False,False
beijing,Dongsi,72,3,origin_week,16992,168,AP1,constant,logistic,0,PAIRWISE_EXACT,B,B,False,False
beijing,Dongsi,72,3,origin_week,16992,168,AP1,constant,hist_gradient_boosting,0,PAIRWISE_EXACT,A,A,False,False
beijing,Dongsi,72,3,origin_week,16992,168,AP1,logistic,hist_gradient_boosting,0,PAIRWISE_EXACT,A,A,False,False
beijing,Dongsi,72,3,origin_week,17160,168,AP1,constant,logistic,0,PAIRWISE_EXACT,B,B,False,False
beijing,Dongsi,72,3,origin_week,17160,168,AP1,constant,hist_gradient_boosting,0,PAIRWISE_EXACT,B,B,False,False
beijing,Dongsi,72,3,origin_week,17160,168,AP1,logistic,hist_gradient_boosting,0,PAIRWISE_EXACT,A,A,False,False
beijing,Dongsi,72,3,origin_week,17328,121,AP1,constant,logistic,0,PAIRWISE_EXACT,B,B,False,False
beijing,Dongsi,72,3,origin_week,17328,121,AP1,constant,hist_gradient_boosting,0,PAIRWISE_EXACT,A,A,False,False
beijing,Dongsi,72,3,origin_week,17328,121,AP1,logistic,hist_gradient_boosting,0,PAIRWISE_EXACT,A,A,False,False
beijing,Guanyuan,24,3,annual,8760,8737,AP1,constant,logistic,249,PAIRWISE_INSUFFICIENT,B,B,False,False
beijing,Guanyuan,24,3,annual,8760,8737,AP1,constant,hist_gradient_boosting,249,PAIRWISE_INSUFFICIENT,B,B,False,True
beijing,Guanyuan,24,3,annual,8760,8737,AP1,logistic,hist_gradient_boosting,249,PAIRWISE_INSUFFICIENT,OPPOSITE_POSSIBLE,OPPOSITE_POSSIBLE,False,False
beijing,Guanyuan,24,3,origin_week,8760,168,AP1,constant,logistic,0,PAIRWISE_EXACT,B,B,False,False
beijing,Guanyuan,24,3,origin_week,8760,168,AP1,constant,hist_gradient_boosting,0,PAIRWISE_EXACT,B,B,False,False
beijing,Guanyuan,24,3,origin_week,8760,168,AP1,logistic,hist_gradient_boosting,0,PAIRWISE_EXACT,A,A,False,False
beijing,Guanyuan,24,3,origin_week,8928,168,AP1,constant,logistic,0,PAIRWISE_EXACT,B,B,False,False
beijing,Guanyuan,24,3,origin_week,8928,168,AP1,constant,hist_gradient_boosting,0,PAIRWISE_EXACT,B,B,False,False
beijing,Guanyuan,24,3,origin_week,8928,168,AP1,logistic,hist_gradient_boosting,0,PAIRWISE_EXACT,A,A,False,False
beijing,Guanyuan,24,3,origin_week,9096,168,AP1,constant,logistic,0,PAIRWISE_EXACT,B,B,False,False
beijing,Guanyuan,24,3,origin_week,9096,168,AP1,constant,hist_gradient_boosting,0,PAIRWISE_EXACT,B,B,False,False
beijing,Guanyuan,24,3,origin_week,9096,168,AP1,logistic,hist_gradient_boosting,0,PAIRWISE_EXACT,B,B,False,False
beijing,Guanyuan,24,3,origin_week,9264,168,AP1,constant,logistic,0,PAIRWISE_EXACT,B,B,False,False
beijing,Guanyuan,24,3,origin_week,9264,168,AP1,constant,hist_gradient_boosting,0,PAIRWISE_EXACT,B,B,False,False
beijing,Guanyuan,24,3,origin_week,9264,168,AP1,logistic,hist_gradient_boosting,0,PAIRWISE_EXACT,A,A,False,False
beijing,Guanyuan,24,3,origin_week,9432,168,AP1,constant,logistic,12,PAIRWISE_EXACT,B,B,False,False
beijing,Guanyuan,24,3,origin_week,9432,168,AP1,constant,hist_gradient_boosting,12,PAIRWISE_EXACT,B,B,False,False
beijing,Guanyuan,24,3,origin_week,9432,168,AP1,logistic,hist_gradient_boosting,12,PAIRWISE_EXACT,A,A,False,False
beijing,Guanyuan,24,3,origin_week,9600,168,AP1,constant,logistic,11,PAIRWISE_EXACT,B,B,False,False
beijing,Guanyuan,24,3,origin_week,9600,168,AP1,constant,hist_gradient_boosting,11,PAIRWISE_EXACT,B,B,False,False
beijing,Guanyuan,24,3,origin_week,9600,168,AP1,logistic,hist_gradient_boosting,11,PAIRWISE_EXACT,B,B,False,False
beijing,Guanyuan,24,3,origin_week,9768,168,AP1,constant,logistic,0,PAIRWISE_EXACT,B,B,False,False
beijing,Guanyuan,24,3,origin_week,9768,168,AP1,constant,hist_gradient_boosting,0,PAIRWISE_EXACT,B,B,False,False
beijing,Guanyuan,24,3,origin_week,9768,168,AP1,logistic,hist_gradient_boosting,0,PAIRWISE_EXACT,B,B,False,False
beijing,Guanyuan,24,3,origin_week,9936,168,AP1,constant,logistic,0,PAIRWISE_EXACT,A,A,False,False
beijing,Guanyuan,24,3,origin_week,9936,168,AP1,constant,hist_gradient_boosting,0,PAIRWISE_EXACT,B,B,False,False
beijing,Guanyuan,24,3,origin_week,9936,168,AP1,logistic,hist_gradient_boosting,0,PAIRWISE_EXACT,B,B,False,False
beijing,Guanyuan,24,3,origin_week,10104,168,AP1,constant,logistic,7,PAIRWISE_EXACT,B,B,False,False
beijing,Guanyuan,24,3,origin_week,10104,168,AP1,constant,hist_gradient_boosting,7,PAIRWISE_EXACT,B,B,False,False
beijing,Guanyuan,24,3,origin_week,10104,168,AP1,logistic,hist_gradient_boosting,7,PAIRWISE_EXACT,A,A,False,False
beijing,Guanyuan,24,3,origin_week,10272,168,AP1,constant,logistic,24,PAIRWISE_EXACT,B,B,False,False
beijing,Guanyuan,24,3,origin_week,10272,168,AP1,constant,hist_gradient_boosting,24,PAIRWISE_EXACT,B,B,False,False
beijing,Guanyuan,24,3,origin_week,10272,168,AP1,logistic,hist_gradient_boosting,24,PAIRWISE_EXACT,A,A,False,False
beijing,Guanyuan,24,3,origin_week,10440,168,AP1,constant,logistic,0,PAIRWISE_EXACT,B,B,False,False
beijing,Guanyuan,24,3,origin_week,10440,168,AP1,constant,hist_gradient_boosting,0,PAIRWISE_EXACT,B,B,False,False
beijing,Guanyuan,24,3,origin_week,10440,168,AP1,logistic,hist_gradient_boosting,0,PAIRWISE_EXACT,A,A,False,False
beijing,Guanyuan,24,3,origin_week,10608,168,AP1,constant,logistic,0,PAIRWISE_EXACT,B,B,False,False
beijing,Guanyuan,24,3,origin_week,10608,168,AP1,constant,hist_gradient_boosting,0,PAIRWISE_EXACT,B,B,False,False
beijing,Guanyuan,24,3,origin_week,10608,168,AP1,logistic,hist_gradient_boosting,0,PAIRWISE_EXACT,B,B,False,False
beijing,Guanyuan,24,3,origin_week,10776,168,AP1,constant,logistic,0,PAIRWISE_EXACT,B,B,False,False
beijing,Guanyuan,24,3,origin_week,10776,168,AP1,constant,hist_gradient_boosting,0,PAIRWISE_EXACT,B,B,False,False
beijing,Guanyuan,24,3,origin_week,10776,168,AP1,logistic,hist_gradient_boosting,0,PAIRWISE_EXACT,B,B,False,False
beijing,Guanyuan,24,3,origin_week,10944,168,AP1,constant,logistic,0,PAIRWISE_EXACT,B,B,False,False
beijing,Guanyuan,24,3,origin_week,10944,168,AP1,constant,hist_gradient_boosting,0,PAIRWISE_EXACT,B,B,False,False
beijing,Guanyuan,24,3,origin_week,10944,168,AP1,logistic,hist_gradient_boosting,0,PAIRWISE_EXACT,B,B,False,False
beijing,Guanyuan,24,3,origin_week,11112,168,AP1,constant,logistic,0,PAIRWISE_EXACT,B,B,False,False
beijing,Guanyuan,24,3,origin_week,11112,168,AP1,constant,hist_gradient_boosting,0,PAIRWISE_EXACT,B,B,False,False
beijing,Guanyuan,24,3,origin_week,11112,168,AP1,logistic,hist_gradient_boosting,0,PAIRWISE_EXACT,B,B,False,False
beijing,Guanyuan,24,3,origin_week,11280,168,AP1,constant,logistic,0,PAIRWISE_EXACT,A,A,False,False
beijing,Guanyuan,24,3,origin_week,11280,168,AP1,constant,hist_gradient_boosting,0,PAIRWISE_EXACT,B,B,False,False
beijing,Guanyuan,24,3,origin_week,11280,168,AP1,logistic,hist_gradient_boosting,0,PAIRWISE_EXACT,B,B,False,False
beijing,Guanyuan,24,3,origin_week,11448,168,AP1,constant,logistic,0,PAIRWISE_EXACT,B,B,False,False
beijing,Guanyuan,24,3,origin_week,11448,168,AP1,constant,hist_gradient_boosting,0,PAIRWISE_EXACT,B,B,False,False
beijing,Guanyuan,24,3,origin_week,11448,168,AP1,logistic,hist_gradient_boosting,0,PAIRWISE_EXACT,A,A,False,False
beijing,Guanyuan,24,3,origin_week,11616,168,AP1,constant,logistic,0,PAIRWISE_EXACT,B,B,False,False
beijing,Guanyuan,24,3,origin_week,11616,168,AP1,constant,hist_gradient_boosting,0,PAIRWISE_EXACT,B,B,False,False
beijing,Guanyuan,24,3,origin_week,11616,168,AP1,logistic,hist_gradient_boosting,0,PAIRWISE_EXACT,B,B,False,False
beijing,Guanyuan,24,3,origin_week,11784,168,AP1,constant,logistic,43,PAIRWISE_INSUFFICIENT,B,B,False,False
beijing,Guanyuan,24,3,origin_week,11784,168,AP1,constant,hist_gradient_boosting,43,PAIRWISE_INSUFFICIENT,B,B,False,False
beijing,Guanyuan,24,3,origin_week,11784,168,AP1,logistic,hist_gradient_boosting,43,PAIRWISE_INSUFFICIENT,OPPOSITE_POSSIBLE,OPPOSITE_POSSIBLE,False,False
beijing,Guanyuan,24,3,origin_week,11952,168,AP1,constant,logistic,0,PAIRWISE_EXACT,B,B,False,False
beijing,Guanyuan,24,3,origin_week,11952,168,AP1,constant,hist_gradient_boosting,0,PAIRWISE_EXACT,B,B,False,False
beijing,Guanyuan,24,3,origin_week,11952,168,AP1,logistic,hist_gradient_boosting,0,PAIRWISE_EXACT,B,B,False,False
beijing,Guanyuan,24,3,origin_week,12120,168,AP1,constant,logistic,23,PAIRWISE_INSUFFICIENT,OPPOSITE_POSSIBLE,OPPOSITE_POSSIBLE,False,False
beijing,Guanyuan,24,3,origin_week,12120,168,AP1,constant,hist_gradient_boosting,23,PAIRWISE_INSUFFICIENT,OPPOSITE_POSSIBLE,OPPOSITE_POSSIBLE,False,False
beijing,Guanyuan,24,3,origin_week,12120,168,AP1,logistic,hist_gradient_boosting,23,PAIRWISE_INSUFFICIENT,OPPOSITE_POSSIBLE,OPPOSITE_POSSIBLE,False,False
beijing,Guanyuan,24,3,origin_week,12288,168,AP1,constant,logistic,0,PAIRWISE_EXACT,B,B,False,False
beijing,Guanyuan,24,3,origin_week,12288,168,AP1,constant,hist_gradient_boosting,0,PAIRWISE_EXACT,B,B,False,False
beijing,Guanyuan,24,3,origin_week,12288,168,AP1,logistic,hist_gradient_boosting,0,PAIRWISE_EXACT,B,B,False,False
beijing,Guanyuan,24,3,origin_week,12456,168,AP1,constant,logistic,1,PAIRWISE_EXACT,B,B,False,False
beijing,Guanyuan,24,3,origin_week,12456,168,AP1,constant,hist_gradient_boosting,1,PAIRWISE_EXACT,B,B,False,False
beijing,Guanyuan,24,3,origin_week,12456,168,AP1,logistic,hist_gradient_boosting,1,PAIRWISE_EXACT,B,B,False,False
beijing,Guanyuan,24,3,origin_week,12624,168,AP1,constant,logistic,90,PAIRWISE_INSUFFICIENT,OPPOSITE_POSSIBLE,OPPOSITE_POSSIBLE,False,False
beijing,Guanyuan,24,3,origin_week,12624,168,AP1,constant,hist_gradient_boosting,90,PAIRWISE_INSUFFICIENT,OPPOSITE_POSSIBLE,OPPOSITE_POSSIBLE,False,True
beijing,Guanyuan,24,3,origin_week,12624,168,AP1,logistic,hist_gradient_boosting,90,PAIRWISE_INSUFFICIENT,OPPOSITE_POSSIBLE,OPPOSITE_POSSIBLE,False,False
beijing,Guanyuan,24,3,origin_week,12792,168,AP1,constant,logistic,0,PAIRWISE_EXACT,B,B,False,False
beijing,Guanyuan,24,3,origin_week,12792,168,AP1,constant,hist_gradient_boosting,0,PAIRWISE_EXACT,B,B,False,False
beijing,Guanyuan,24,3,origin_week,12792,168,AP1,logistic,hist_gradient_boosting,0,PAIRWISE_EXACT,B,B,False,False
beijing,Guanyuan,24,3,origin_week,12960,168,AP1,constant,logistic,0,PAIRWISE_EXACT,B,B,False,False
beijing,Guanyuan,24,3,origin_week,12960,168,AP1,constant,hist_gradient_boosting,0,PAIRWISE_EXACT,B,B,False,False
beijing,Guanyuan,24,3,origin_week,12960,168,AP1,logistic,hist_gradient_boosting,0,PAIRWISE_EXACT,B,B,False,False
beijing,Guanyuan,24,3,origin_week,13128,168,AP1,constant,logistic,0,PAIRWISE_EXACT,B,B,False,False
beijing,Guanyuan,24,3,origin_week,13128,168,AP1,constant,hist_gradient_boosting,0,PAIRWISE_EXACT,B,B,False,False
beijing,Guanyuan,24,3,origin_week,13128,168,AP1,logistic,hist_gradient_boosting,0,PAIRWISE_EXACT,B,B,False,False
beijing,Guanyuan,24,3,origin_week,13296,168,AP1,constant,logistic,0,PAIRWISE_EXACT,B,B,False,False
beijing,Guanyuan,24,3,origin_week,13296,168,AP1,constant,hist_gradient_boosting,0,PAIRWISE_EXACT,B,B,False,False
beijing,Guanyuan,24,3,origin_week,13296,168,AP1,logistic,hist_gradient_boosting,0,PAIRWISE_EXACT,A,A,False,False
beijing,Guanyuan,24,3,origin_week,13464,168,AP1,constant,logistic,0,PAIRWISE_EXACT,B,B,False,False
beijing,Guanyuan,24,3,origin_week,13464,168,AP1,constant,hist_gradient_boosting,0,PAIRWISE_EXACT,B,B,False,False
beijing,Guanyuan,24,3,origin_week,13464,168,AP1,logistic,hist_gradient_boosting,0,PAIRWISE_EXACT,B,B,False,False
beijing,Guanyuan,24,3,origin_week,13632,168,AP1,constant,logistic,13,PAIRWISE_EXACT,B,B,False,False
beijing,Guanyuan,24,3,origin_week,13632,168,AP1,constant,hist_gradient_boosting,13,PAIRWISE_EXACT,B,B,False,False
beijing,Guanyuan,24,3,origin_week,13632,168,AP1,logistic,hist_gradient_boosting,13,PAIRWISE_EXACT,A,A,False,False
beijing,Guanyuan,24,3,origin_week,13800,168,AP1,constant,logistic,0,PAIRWISE_EXACT,B,B,False,False
beijing,Guanyuan,24,3,origin_week,13800,168,AP1,constant,hist_gradient_boosting,0,PAIRWISE_EXACT,B,B,False,False
beijing,Guanyuan,24,3,origin_week,13800,168,AP1,logistic,hist_gradient_boosting,0,PAIRWISE_EXACT,A,A,False,False
beijing,Guanyuan,24,3,origin_week,13968,168,AP1,constant,logistic,0,PAIRWISE_EXACT,B,B,False,False
beijing,Guanyuan,24,3,origin_week,13968,168,AP1,constant,hist_gradient_boosting,0,PAIRWISE_EXACT,B,B,False,False
beijing,Guanyuan,24,3,origin_week,13968,168,AP1,logistic,hist_gradient_boosting,0,PAIRWISE_EXACT,A,A,False,False
beijing,Guanyuan,24,3,origin_week,14136,168,AP1,constant,logistic,0,PAIRWISE_EXACT,B,B,False,False
beijing,Guanyuan,24,3,origin_week,14136,168,AP1,constant,hist_gradient_boosting,0,PAIRWISE_EXACT,B,B,False,False
beijing,Guanyuan,24,3,origin_week,14136,168,AP1,logistic,hist_gradient_boosting,0,PAIRWISE_EXACT,B,B,False,False
beijing,Guanyuan,24,3,origin_week,14304,168,AP1,constant,logistic,0,PAIRWISE_EXACT,B,B,False,False
beijing,Guanyuan,24,3,origin_week,14304,168,AP1,constant,hist_gradient_boosting,0,PAIRWISE_EXACT,B,B,False,False
beijing,Guanyuan,24,3,origin_week,14304,168,AP1,logistic,hist_gradient_boosting,0,PAIRWISE_EXACT,A,A,False,False
beijing,Guanyuan,24,3,origin_week,14472,168,AP1,constant,logistic,0,PAIRWISE_EXACT,B,B,False,False
beijing,Guanyuan,24,3,origin_week,14472,168,AP1,constant,hist_gradient_boosting,0,PAIRWISE_EXACT,B,B,False,False
beijing,Guanyuan,24,3,origin_week,14472,168,AP1,logistic,hist_gradient_boosting,0,PAIRWISE_EXACT,B,B,False,False
beijing,Guanyuan,24,3,origin_week,14640,168,AP1,constant,logistic,18,PAIRWISE_EXACT,B,B,False,False
beijing,Guanyuan,24,3,origin_week,14640,168,AP1,constant,hist_gradient_boosting,18,PAIRWISE_EXACT,B,B,False,False
beijing,Guanyuan,24,3,origin_week,14640,168,AP1,logistic,hist_gradient_boosting,18,PAIRWISE_EXACT,A,A,False,False
beijing,Guanyuan,24,3,origin_week,14808,168,AP1,constant,logistic,0,PAIRWISE_EXACT,B,B,False,False
beijing,Guanyuan,24,3,origin_week,14808,168,AP1,constant,hist_gradient_boosting,0,PAIRWISE_EXACT,B,B,False,False
beijing,Guanyuan,24,3,origin_week,14808,168,AP1,logistic,hist_gradient_boosting,0,PAIRWISE_EXACT,B,B,False,False
beijing,Guanyuan,24,3,origin_week,14976,168,AP1,constant,logistic,0,PAIRWISE_EXACT,B,B,False,False
beijing,Guanyuan,24,3,origin_week,14976,168,AP1,constant,hist_gradient_boosting,0,PAIRWISE_EXACT,B,B,False,False
beijing,Guanyuan,24,3,origin_week,14976,168,AP1,logistic,hist_gradient_boosting,0,PAIRWISE_EXACT,B,B,False,False
beijing,Guanyuan,24,3,origin_week,15144,168,AP1,constant,logistic,0,PAIRWISE_EXACT,B,B,False,False
beijing,Guanyuan,24,3,origin_week,15144,168,AP1,constant,hist_gradient_boosting,0,PAIRWISE_EXACT,B,B,False,False
beijing,Guanyuan,24,3,origin_week,15144,168,AP1,logistic,hist_gradient_boosting,0,PAIRWISE_EXACT,A,A,False,False
beijing,Guanyuan,24,3,origin_week,15312,168,AP1,constant,logistic,0,PAIRWISE_EXACT,B,B,False,False
beijing,Guanyuan,24,3,origin_week,15312,168,AP1,constant,hist_gradient_boosting,0,PAIRWISE_EXACT,B,B,False,False
beijing,Guanyuan,24,3,origin_week,15312,168,AP1,logistic,hist_gradient_boosting,0,PAIRWISE_EXACT,A,A,False,False
beijing,Guanyuan,24,3,origin_week,15480,168,AP1,constant,logistic,0,PAIRWISE_EXACT,B,B,False,False
beijing,Guanyuan,24,3,origin_week,15480,168,AP1,constant,hist_gradient_boosting,0,PAIRWISE_EXACT,B,B,False,False
beijing,Guanyuan,24,3,origin_week,15480,168,AP1,logistic,hist_gradient_boosting,0,PAIRWISE_EXACT,A,A,False,False
beijing,Guanyuan,24,3,origin_week,15648,168,AP1,constant,logistic,0,PAIRWISE_EXACT,B,B,False,False
beijing,Guanyuan,24,3,origin_week,15648,168,AP1,constant,hist_gradient_boosting,0,PAIRWISE_EXACT,B,B,False,False
beijing,Guanyuan,24,3,origin_week,15648,168,AP1,logistic,hist_gradient_boosting,0,PAIRWISE_EXACT,A,A,False,False
beijing,Guanyuan,24,3,origin_week,15816,168,AP1,constant,logistic,0,PAIRWISE_EXACT,B,B,False,False
beijing,Guanyuan,24,3,origin_week,15816,168,AP1,constant,hist_gradient_boosting,0,PAIRWISE_EXACT,B,B,False,False
beijing,Guanyuan,24,3,origin_week,15816,168,AP1,logistic,hist_gradient_boosting,0,PAIRWISE_EXACT,A,A,False,False
beijing,Guanyuan,24,3,origin_week,15984,168,AP1,constant,logistic,0,PAIRWISE_EXACT,B,B,False,False
beijing,Guanyuan,24,3,origin_week,15984,168,AP1,constant,hist_gradient_boosting,0,PAIRWISE_EXACT,B,B,False,False
beijing,Guanyuan,24,3,origin_week,15984,168,AP1,logistic,hist_gradient_boosting,0,PAIRWISE_EXACT,A,A,False,False
beijing,Guanyuan,24,3,origin_week,16152,168,AP1,constant,logistic,0,PAIRWISE_EXACT,B,B,False,False
beijing,Guanyuan,24,3,origin_week,16152,168,AP1,constant,hist_gradient_boosting,0,PAIRWISE_EXACT,B,B,False,False
beijing,Guanyuan,24,3,origin_week,16152,168,AP1,logistic,hist_gradient_boosting,0,PAIRWISE_EXACT,A,A,False,False
beijing,Guanyuan,24,3,origin_week,16320,168,AP1,constant,logistic,7,PAIRWISE_EXACT,B,B,False,False
beijing,Guanyuan,24,3,origin_week,16320,168,AP1,constant,hist_gradient_boosting,7,PAIRWISE_EXACT,B,B,False,False
beijing,Guanyuan,24,3,origin_week,16320,168,AP1,logistic,hist_gradient_boosting,7,PAIRWISE_EXACT,A,A,False,False
beijing,Guanyuan,24,3,origin_week,16488,168,AP1,constant,logistic,0,PAIRWISE_EXACT,B,B,False,False
beijing,Guanyuan,24,3,origin_week,16488,168,AP1,constant,hist_gradient_boosting,0,PAIRWISE_EXACT,A,A,False,False
beijing,Guanyuan,24,3,origin_week,16488,168,AP1,logistic,hist_gradient_boosting,0,PAIRWISE_EXACT,A,A,False,False
beijing,Guanyuan,24,3,origin_week,16656,168,AP1,constant,logistic,0,PAIRWISE_EXACT,B,B,False,False
beijing,Guanyuan,24,3,origin_week,16656,168,AP1,constant,hist_gradient_boosting,0,PAIRWISE_EXACT,B,B,False,False
beijing,Guanyuan,24,3,origin_week,16656,168,AP1,logistic,hist_gradient_boosting,0,PAIRWISE_EXACT,B,B,False,False
beijing,Guanyuan,24,3,origin_week,16824,168,AP1,constant,logistic,0,PAIRWISE_EXACT,B,B,False,False
beijing,Guanyuan,24,3,origin_week,16824,168,AP1,constant,hist_gradient_boosting,0,PAIRWISE_EXACT,B,B,False,False
beijing,Guanyuan,24,3,origin_week,16824,168,AP1,logistic,hist_gradient_boosting,0,PAIRWISE_EXACT,A,A,False,False
beijing,Guanyuan,24,3,origin_week,16992,168,AP1,constant,logistic,0,PAIRWISE_EXACT,B,B,False,False
beijing,Guanyuan,24,3,origin_week,16992,168,AP1,constant,hist_gradient_boosting,0,PAIRWISE_EXACT,B,B,False,False
beijing,Guanyuan,24,3,origin_week,16992,168,AP1,logistic,hist_gradient_boosting,0,PAIRWISE_EXACT,A,A,False,False
beijing,Guanyuan,24,3,origin_week,17160,168,AP1,constant,logistic,0,PAIRWISE_EXACT,B,B,False,False
beijing,Guanyuan,24,3,origin_week,17160,168,AP1,constant,hist_gradient_boosting,0,PAIRWISE_EXACT,B,B,False,False
beijing,Guanyuan,24,3,origin_week,17160,168,AP1,logistic,hist_gradient_boosting,0,PAIRWISE_EXACT,A,A,False,False
beijing,Guanyuan,24,3,origin_week,17328,168,AP1,constant,logistic,0,PAIRWISE_EXACT,B,B,False,False
beijing,Guanyuan,24,3,origin_week,17328,168,AP1,constant,hist_gradient_boosting,0,PAIRWISE_EXACT,B,B,False,False
beijing,Guanyuan,24,3,origin_week,17328,168,AP1,logistic,hist_gradient_boosting,0,PAIRWISE_EXACT,B,B,False,False
beijing,Guanyuan,24,3,origin_week,17496,1,AP1,constant,logistic,0,PAIRWISE_EXACT,B,B,False,False
beijing,Guanyuan,24,3,origin_week,17496,1,AP1,constant,hist_gradient_boosting,0,PAIRWISE_EXACT,B,B,False,False
beijing,Guanyuan,24,3,origin_week,17496,1,AP1,logistic,hist_gradient_boosting,0,PAIRWISE_EXACT,B,B,False,False
beijing,Guanyuan,72,3,annual,8760,8689,AP1,constant,logistic,291,PAIRWISE_INSUFFICIENT,OPPOSITE_POSSIBLE,OPPOSITE_POSSIBLE,False,True
beijing,Guanyuan,72,3,annual,8760,8689,AP1,constant,hist_gradient_boosting,291,PAIRWISE_INSUFFICIENT,OPPOSITE_POSSIBLE,OPPOSITE_POSSIBLE,False,True
beijing,Guanyuan,72,3,annual,8760,8689,AP1,logistic,hist_gradient_boosting,291,PAIRWISE_INSUFFICIENT,A,A,False,True
beijing,Guanyuan,72,3,origin_week,8760,168,AP1,constant,logistic,0,PAIRWISE_EXACT,B,B,False,False
beijing,Guanyuan,72,3,origin_week,8760,168,AP1,constant,hist_gradient_boosting,0,PAIRWISE_EXACT,A,A,False,False
beijing,Guanyuan,72,3,origin_week,8760,168,AP1,logistic,hist_gradient_boosting,0,PAIRWISE_EXACT,A,A,False,False
beijing,Guanyuan,72,3,origin_week,8928,168,AP1,constant,logistic,0,PAIRWISE_EXACT,B,B,False,False
beijing,Guanyuan,72,3,origin_week,8928,168,AP1,constant,hist_gradient_boosting,0,PAIRWISE_EXACT,B,B,False,False
beijing,Guanyuan,72,3,origin_week,8928,168,AP1,logistic,hist_gradient_boosting,0,PAIRWISE_EXACT,A,A,False,False
beijing,Guanyuan,72,3,origin_week,9096,168,AP1,constant,logistic,0,PAIRWISE_EXACT,B,B,False,False
beijing,Guanyuan,72,3,origin_week,9096,168,AP1,constant,hist_gradient_boosting,0,PAIRWISE_EXACT,B,B,False,False
beijing,Guanyuan,72,3,origin_week,9096,168,AP1,logistic,hist_gradient_boosting,0,PAIRWISE_EXACT,A,A,False,False
beijing,Guanyuan,72,3,origin_week,9264,168,AP1,constant,logistic,0,PAIRWISE_EXACT,B,B,False,False
beijing,Guanyuan,72,3,origin_week,9264,168,AP1,constant,hist_gradient_boosting,0,PAIRWISE_EXACT,B,B,False,False
beijing,Guanyuan,72,3,origin_week,9264,168,AP1,logistic,hist_gradient_boosting,0,PAIRWISE_EXACT,A,A,False,False
beijing,Guanyuan,72,3,origin_week,9432,168,AP1,constant,logistic,36,PAIRWISE_EXACT,OPPOSITE_POSSIBLE,OPPOSITE_POSSIBLE,False,False
beijing,Guanyuan,72,3,origin_week,9432,168,AP1,constant,hist_gradient_boosting,36,PAIRWISE_EXACT,A,A,False,False
beijing,Guanyuan,72,3,origin_week,9432,168,AP1,logistic,hist_gradient_boosting,36,PAIRWISE_EXACT,A,A,False,False
beijing,Guanyuan,72,3,origin_week,9600,168,AP1,constant,logistic,0,PAIRWISE_EXACT,B,B,False,False
beijing,Guanyuan,72,3,origin_week,9600,168,AP1,constant,hist_gradient_boosting,0,PAIRWISE_EXACT,B,B,False,False
beijing,Guanyuan,72,3,origin_week,9600,168,AP1,logistic,hist_gradient_boosting,0,PAIRWISE_EXACT,B,B,False,False
beijing,Guanyuan,72,3,origin_week,9768,168,AP1,constant,logistic,0,PAIRWISE_EXACT,B,B,False,False
beijing,Guanyuan,72,3,origin_week,9768,168,AP1,constant,hist_gradient_boosting,0,PAIRWISE_EXACT,B,B,False,False
beijing,Guanyuan,72,3,origin_week,9768,168,AP1,logistic,hist_gradient_boosting,0,PAIRWISE_EXACT,B,B,False,False
beijing,Guanyuan,72,3,origin_week,9936,168,AP1,constant,logistic,0,PAIRWISE_EXACT,B,B,False,False
beijing,Guanyuan,72,3,origin_week,9936,168,AP1,constant,hist_gradient_boosting,0,PAIRWISE_EXACT,B,B,False,False
beijing,Guanyuan,72,3,origin_week,9936,168,AP1,logistic,hist_gradient_boosting,0,PAIRWISE_EXACT,B,B,False,False
beijing,Guanyuan,72,3,origin_week,10104,168,AP1,constant,logistic,29,PAIRWISE_EXACT,OPPOSITE_POSSIBLE,OPPOSITE_POSSIBLE,False,False
beijing,Guanyuan,72,3,origin_week,10104,168,AP1,constant,hist_gradient_boosting,29,PAIRWISE_EXACT,B,B,False,False
beijing,Guanyuan,72,3,origin_week,10104,168,AP1,logistic,hist_gradient_boosting,29,PAIRWISE_EXACT,B,B,False,False
beijing,Guanyuan,72,3,origin_week,10272,168,AP1,constant,logistic,15,PAIRWISE_EXACT,A,A,False,False
beijing,Guanyuan,72,3,origin_week,10272,168,AP1,constant,hist_gradient_boosting,15,PAIRWISE_EXACT,A,A,False,False
beijing,Guanyuan,72,3,origin_week,10272,168,AP1,logistic,hist_gradient_boosting,15,PAIRWISE_EXACT,OPPOSITE_POSSIBLE,OPPOSITE_POSSIBLE,False,False
beijing,Guanyuan,72,3,origin_week,10440,168,AP1,constant,logistic,0,PAIRWISE_EXACT,A,A,False,False
beijing,Guanyuan,72,3,origin_week,10440,168,AP1,constant,hist_gradient_boosting,0,PAIRWISE_EXACT,A,A,False,False
beijing,Guanyuan,72,3,origin_week,10440,168,AP1,logistic,hist_gradient_boosting,0,PAIRWISE_EXACT,A,A,False,False
beijing,Guanyuan,72,3,origin_week,10608,168,AP1,constant,logistic,0,PAIRWISE_EXACT,B,B,False,False
beijing,Guanyuan,72,3,origin_week,10608,168,AP1,constant,hist_gradient_boosting,0,PAIRWISE_EXACT,B,B,False,False
beijing,Guanyuan,72,3,origin_week,10608,168,AP1,logistic,hist_gradient_boosting,0,PAIRWISE_EXACT,B,B,False,False
beijing,Guanyuan,72,3,origin_week,10776,168,AP1,constant,logistic,0,PAIRWISE_EXACT,A,A,False,False
beijing,Guanyuan,72,3,origin_week,10776,168,AP1,constant,hist_gradient_boosting,0,PAIRWISE_EXACT,B,B,False,False
beijing,Guanyuan,72,3,origin_week,10776,168,AP1,logistic,hist_gradient_boosting,0,PAIRWISE_EXACT,B,B,False,False
beijing,Guanyuan,72,3,origin_week,10944,168,AP1,constant,logistic,0,PAIRWISE_EXACT,B,B,False,False
beijing,Guanyuan,72,3,origin_week,10944,168,AP1,constant,hist_gradient_boosting,0,PAIRWISE_EXACT,B,B,False,False
beijing,Guanyuan,72,3,origin_week,10944,168,AP1,logistic,hist_gradient_boosting,0,PAIRWISE_EXACT,B,B,False,False
beijing,Guanyuan,72,3,origin_week,11112,168,AP1,constant,logistic,0,PAIRWISE_EXACT,B,B,False,False
beijing,Guanyuan,72,3,origin_week,11112,168,AP1,constant,hist_gradient_boosting,0,PAIRWISE_EXACT,B,B,False,False
beijing,Guanyuan,72,3,origin_week,11112,168,AP1,logistic,hist_gradient_boosting,0,PAIRWISE_EXACT,B,B,False,False
beijing,Guanyuan,72,3,origin_week,11280,168,AP1,constant,logistic,0,PAIRWISE_EXACT,B,B,False,False
beijing,Guanyuan,72,3,origin_week,11280,168,AP1,constant,hist_gradient_boosting,0,PAIRWISE_EXACT,B,B,False,False
beijing,Guanyuan,72,3,origin_week,11280,168,AP1,logistic,hist_gradient_boosting,0,PAIRWISE_EXACT,A,A,False,False
beijing,Guanyuan,72,3,origin_week,11448,168,AP1,constant,logistic,0,PAIRWISE_EXACT,B,B,False,False
beijing,Guanyuan,72,3,origin_week,11448,168,AP1,constant,hist_gradient_boosting,0,PAIRWISE_EXACT,B,B,False,False
beijing,Guanyuan,72,3,origin_week,11448,168,AP1,logistic,hist_gradient_boosting,0,PAIRWISE_EXACT,A,A,False,False
beijing,Guanyuan,72,3,origin_week,11616,168,AP1,constant,logistic,0,PAIRWISE_EXACT,B,B,False,False
beijing,Guanyuan,72,3,origin_week,11616,168,AP1,constant,hist_gradient_boosting,0,PAIRWISE_EXACT,B,B,False,False
beijing,Guanyuan,72,3,origin_week,11616,168,AP1,logistic,hist_gradient_boosting,0,PAIRWISE_EXACT,B,B,False,False
beijing,Guanyuan,72,3,origin_week,11784,168,AP1,constant,logistic,77,PAIRWISE_INSUFFICIENT,OPPOSITE_POSSIBLE,OPPOSITE_POSSIBLE,False,True
beijing,Guanyuan,72,3,origin_week,11784,168,AP1,constant,hist_gradient_boosting,77,PAIRWISE_INSUFFICIENT,A,A,False,True
beijing,Guanyuan,72,3,origin_week,11784,168,AP1,logistic,hist_gradient_boosting,77,PAIRWISE_INSUFFICIENT,OPPOSITE_POSSIBLE,OPPOSITE_POSSIBLE,False,False
beijing,Guanyuan,72,3,origin_week,11952,168,AP1,constant,logistic,0,PAIRWISE_EXACT,A,A,False,False
beijing,Guanyuan,72,3,origin_week,11952,168,AP1,constant,hist_gradient_boosting,0,PAIRWISE_EXACT,A,A,False,False
beijing,Guanyuan,72,3,origin_week,11952,168,AP1,logistic,hist_gradient_boosting,0,PAIRWISE_EXACT,A,A,False,False
beijing,Guanyuan,72,3,origin_week,12120,168,AP1,constant,logistic,20,PAIRWISE_EXACT,OPPOSITE_POSSIBLE,OPPOSITE_POSSIBLE,False,False
beijing,Guanyuan,72,3,origin_week,12120,168,AP1,constant,hist_gradient_boosting,20,PAIRWISE_EXACT,A,A,False,False
beijing,Guanyuan,72,3,origin_week,12120,168,AP1,logistic,hist_gradient_boosting,20,PAIRWISE_EXACT,A,A,False,False
beijing,Guanyuan,72,3,origin_week,12288,168,AP1,constant,logistic,0,PAIRWISE_EXACT,B,B,False,False
beijing,Guanyuan,72,3,origin_week,12288,168,AP1,constant,hist_gradient_boosting,0,PAIRWISE_EXACT,B,B,False,False
beijing,Guanyuan,72,3,origin_week,12288,168,AP1,logistic,hist_gradient_boosting,0,PAIRWISE_EXACT,A,A,False,False
beijing,Guanyuan,72,3,origin_week,12456,168,AP1,constant,logistic,0,PAIRWISE_EXACT,A,A,False,False
beijing,Guanyuan,72,3,origin_week,12456,168,AP1,constant,hist_gradient_boosting,0,PAIRWISE_EXACT,A,A,False,False
beijing,Guanyuan,72,3,origin_week,12456,168,AP1,logistic,hist_gradient_boosting,0,PAIRWISE_EXACT,B,B,False,False
beijing,Guanyuan,72,3,origin_week,12624,168,AP1,constant,logistic,104,PAIRWISE_INSUFFICIENT,OPPOSITE_POSSIBLE,OPPOSITE_POSSIBLE,False,True
beijing,Guanyuan,72,3,origin_week,12624,168,AP1,constant,hist_gradient_boosting,104,PAIRWISE_INSUFFICIENT,OPPOSITE_POSSIBLE,OPPOSITE_POSSIBLE,False,True
beijing,Guanyuan,72,3,origin_week,12624,168,AP1,logistic,hist_gradient_boosting,104,PAIRWISE_INSUFFICIENT,OPPOSITE_POSSIBLE,OPPOSITE_POSSIBLE,False,True
beijing,Guanyuan,72,3,origin_week,12792,168,AP1,constant,logistic,0,PAIRWISE_EXACT,B,B,False,False
beijing,Guanyuan,72,3,origin_week,12792,168,AP1,constant,hist_gradient_boosting,0,PAIRWISE_EXACT,B,B,False,False
beijing,Guanyuan,72,3,origin_week,12792,168,AP1,logistic,hist_gradient_boosting,0,PAIRWISE_EXACT,A,A,False,False
beijing,Guanyuan,72,3,origin_week,12960,168,AP1,constant,logistic,0,PAIRWISE_EXACT,B,B,False,False
beijing,Guanyuan,72,3,origin_week,12960,168,AP1,constant,hist_gradient_boosting,0,PAIRWISE_EXACT,B,B,False,False
beijing,Guanyuan,72,3,origin_week,12960,168,AP1,logistic,hist_gradient_boosting,0,PAIRWISE_EXACT,A,A,False,False
beijing,Guanyuan,72,3,origin_week,13128,168,AP1,constant,logistic,0,PAIRWISE_EXACT,B,B,False,False
beijing,Guanyuan,72,3,origin_week,13128,168,AP1,constant,hist_gradient_boosting,0,PAIRWISE_EXACT,B,B,False,False
beijing,Guanyuan,72,3,origin_week,13128,168,AP1,logistic,hist_gradient_boosting,0,PAIRWISE_EXACT,A,A,False,False
beijing,Guanyuan,72,3,origin_week,13296,168,AP1,constant,logistic,0,PAIRWISE_EXACT,A,A,False,False
beijing,Guanyuan,72,3,origin_week,13296,168,AP1,constant,hist_gradient_boosting,0,PAIRWISE_EXACT,A,A,False,False
beijing,Guanyuan,72,3,origin_week,13296,168,AP1,logistic,hist_gradient_boosting,0,PAIRWISE_EXACT,A,A,False,False
beijing,Guanyuan,72,3,origin_week,13464,168,AP1,constant,logistic,0,PAIRWISE_EXACT,A,A,False,False
beijing,Guanyuan,72,3,origin_week,13464,168,AP1,constant,hist_gradient_boosting,0,PAIRWISE_EXACT,A,A,False,False
beijing,Guanyuan,72,3,origin_week,13464,168,AP1,logistic,hist_gradient_boosting,0,PAIRWISE_EXACT,A,A,False,False
beijing,Guanyuan,72,3,origin_week,13632,168,AP1,constant,logistic,0,PAIRWISE_EXACT,A,A,False,False
beijing,Guanyuan,72,3,origin_week,13632,168,AP1,constant,hist_gradient_boosting,0,PAIRWISE_EXACT,B,B,False,False
beijing,Guanyuan,72,3,origin_week,13632,168,AP1,logistic,hist_gradient_boosting,0,PAIRWISE_EXACT,B,B,False,False
beijing,Guanyuan,72,3,origin_week,13800,168,AP1,constant,logistic,0,PAIRWISE_EXACT,A,A,False,False
beijing,Guanyuan,72,3,origin_week,13800,168,AP1,constant,hist_gradient_boosting,0,PAIRWISE_EXACT,A,A,False,False
beijing,Guanyuan,72,3,origin_week,13800,168,AP1,logistic,hist_gradient_boosting,0,PAIRWISE_EXACT,A,A,False,False
beijing,Guanyuan,72,3,origin_week,13968,168,AP1,constant,logistic,0,PAIRWISE_EXACT,A,A,False,False
beijing,Guanyuan,72,3,origin_week,13968,168,AP1,constant,hist_gradient_boosting,0,PAIRWISE_EXACT,B,B,False,False
beijing,Guanyuan,72,3,origin_week,13968,168,AP1,logistic,hist_gradient_boosting,0,PAIRWISE_EXACT,B,B,False,False
beijing,Guanyuan,72,3,origin_week,14136,168,AP1,constant,logistic,0,PAIRWISE_EXACT,A,A,False,False
beijing,Guanyuan,72,3,origin_week,14136,168,AP1,constant,hist_gradient_boosting,0,PAIRWISE_EXACT,A,A,False,False
beijing,Guanyuan,72,3,origin_week,14136,168,AP1,logistic,hist_gradient_boosting,0,PAIRWISE_EXACT,A,A,False,False
beijing,Guanyuan,72,3,origin_week,14304,168,AP1,constant,logistic,0,PAIRWISE_EXACT,B,B,False,False
beijing,Guanyuan,72,3,origin_week,14304,168,AP1,constant,hist_gradient_boosting,0,PAIRWISE_EXACT,B,B,False,False
beijing,Guanyuan,72,3,origin_week,14304,168,AP1,logistic,hist_gradient_boosting,0,PAIRWISE_EXACT,B,B,False,False
beijing,Guanyuan,72,3,origin_week,14472,168,AP1,constant,logistic,0,PAIRWISE_EXACT,B,B,False,False
beijing,Guanyuan,72,3,origin_week,14472,168,AP1,constant,hist_gradient_boosting,0,PAIRWISE_EXACT,B,B,False,False
beijing,Guanyuan,72,3,origin_week,14472,168,AP1,logistic,hist_gradient_boosting,0,PAIRWISE_EXACT,B,B,False,False
beijing,Guanyuan,72,3,origin_week,14640,168,AP1,constant,logistic,10,PAIRWISE_EXACT,A,A,False,False
beijing,Guanyuan,72,3,origin_week,14640,168,AP1,constant,hist_gradient_boosting,10,PAIRWISE_EXACT,A,A,False,False
beijing,Guanyuan,72,3,origin_week,14640,168,AP1,logistic,hist_gradient_boosting,10,PAIRWISE_EXACT,A,A,False,False
beijing,Guanyuan,72,3,origin_week,14808,168,AP1,constant,logistic,0,PAIRWISE_EXACT,B,B,False,False
beijing,Guanyuan,72,3,origin_week,14808,168,AP1,constant,hist_gradient_boosting,0,PAIRWISE_EXACT,A,A,False,False
beijing,Guanyuan,72,3,origin_week,14808,168,AP1,logistic,hist_gradient_boosting,0,PAIRWISE_EXACT,A,A,False,False
beijing,Guanyuan,72,3,origin_week,14976,168,AP1,constant,logistic,0,PAIRWISE_EXACT,B,B,False,False
beijing,Guanyuan,72,3,origin_week,14976,168,AP1,constant,hist_gradient_boosting,0,PAIRWISE_EXACT,A,A,False,False
beijing,Guanyuan,72,3,origin_week,14976,168,AP1,logistic,hist_gradient_boosting,0,PAIRWISE_EXACT,A,A,False,False
beijing,Guanyuan,72,3,origin_week,15144,168,AP1,constant,logistic,0,PAIRWISE_EXACT,B,B,False,False
beijing,Guanyuan,72,3,origin_week,15144,168,AP1,constant,hist_gradient_boosting,0,PAIRWISE_EXACT,B,B,False,False
beijing,Guanyuan,72,3,origin_week,15144,168,AP1,logistic,hist_gradient_boosting,0,PAIRWISE_EXACT,A,A,False,False
beijing,Guanyuan,72,3,origin_week,15312,168,AP1,constant,logistic,0,PAIRWISE_EXACT,A,A,False,False
beijing,Guanyuan,72,3,origin_week,15312,168,AP1,constant,hist_gradient_boosting,0,PAIRWISE_EXACT,A,A,False,False
beijing,Guanyuan,72,3,origin_week,15312,168,AP1,logistic,hist_gradient_boosting,0,PAIRWISE_EXACT,B,B,False,False
beijing,Guanyuan,72,3,origin_week,15480,168,AP1,constant,logistic,0,PAIRWISE_EXACT,B,B,False,False
beijing,Guanyuan,72,3,origin_week,15480,168,AP1,constant,hist_gradient_boosting,0,PAIRWISE_EXACT,B,B,False,False
beijing,Guanyuan,72,3,origin_week,15480,168,AP1,logistic,hist_gradient_boosting,0,PAIRWISE_EXACT,A,A,False,False
beijing,Guanyuan,72,3,origin_week,15648,168,AP1,constant,logistic,0,PAIRWISE_EXACT,B,B,False,False
beijing,Guanyuan,72,3,origin_week,15648,168,AP1,constant,hist_gradient_boosting,0,PAIRWISE_EXACT,A,A,False,False
beijing,Guanyuan,72,3,origin_week,15648,168,AP1,logistic,hist_gradient_boosting,0,PAIRWISE_EXACT,A,A,False,False
beijing,Guanyuan,72,3,origin_week,15816,168,AP1,constant,logistic,0,PAIRWISE_EXACT,A,A,False,False
beijing,Guanyuan,72,3,origin_week,15816,168,AP1,constant,hist_gradient_boosting,0,PAIRWISE_EXACT,A,A,False,False
beijing,Guanyuan,72,3,origin_week,15816,168,AP1,logistic,hist_gradient_boosting,0,PAIRWISE_EXACT,A,A,False,False
beijing,Guanyuan,72,3,origin_week,15984,168,AP1,constant,logistic,0,PAIRWISE_EXACT,A,A,False,False
beijing,Guanyuan,72,3,origin_week,15984,168,AP1,constant,hist_gradient_boosting,0,PAIRWISE_EXACT,A,A,False,False
beijing,Guanyuan,72,3,origin_week,15984,168,AP1,logistic,hist_gradient_boosting,0,PAIRWISE_EXACT,B,B,False,False
beijing,Guanyuan,72,3,origin_week,16152,168,AP1,constant,logistic,0,PAIRWISE_EXACT,A,A,False,False
beijing,Guanyuan,72,3,origin_week,16152,168,AP1,constant,hist_gradient_boosting,0,PAIRWISE_EXACT,A,A,False,False
beijing,Guanyuan,72,3,origin_week,16152,168,AP1,logistic,hist_gradient_boosting,0,PAIRWISE_EXACT,B,B,False,False
beijing,Guanyuan,72,3,origin_week,16320,168,AP1,constant,logistic,0,PAIRWISE_EXACT,B,B,False,False
beijing,Guanyuan,72,3,origin_week,16320,168,AP1,constant,hist_gradient_boosting,0,PAIRWISE_EXACT,A,A,False,False
beijing,Guanyuan,72,3,origin_week,16320,168,AP1,logistic,hist_gradient_boosting,0,PAIRWISE_EXACT,A,A,False,False
beijing,Guanyuan,72,3,origin_week,16488,168,AP1,constant,logistic,0,PAIRWISE_EXACT,B,B,False,False
beijing,Guanyuan,72,3,origin_week,16488,168,AP1,constant,hist_gradient_boosting,0,PAIRWISE_EXACT,B,B,False,False
beijing,Guanyuan,72,3,origin_week,16488,168,AP1,logistic,hist_gradient_boosting,0,PAIRWISE_EXACT,A,A,False,False
beijing,Guanyuan,72,3,origin_week,16656,168,AP1,constant,logistic,0,PAIRWISE_EXACT,A,A,False,False
beijing,Guanyuan,72,3,origin_week,16656,168,AP1,constant,hist_gradient_boosting,0,PAIRWISE_EXACT,A,A,False,False
beijing,Guanyuan,72,3,origin_week,16656,168,AP1,logistic,hist_gradient_boosting,0,PAIRWISE_EXACT,B,B,False,False
beijing,Guanyuan,72,3,origin_week,16824,168,AP1,constant,logistic,0,PAIRWISE_EXACT,A,A,False,False
beijing,Guanyuan,72,3,origin_week,16824,168,AP1,constant,hist_gradient_boosting,0,PAIRWISE_EXACT,A,A,False,False
beijing,Guanyuan,72,3,origin_week,16824,168,AP1,logistic,hist_gradient_boosting,0,PAIRWISE_EXACT,A,A,False,False
beijing,Guanyuan,72,3,origin_week,16992,168,AP1,constant,logistic,0,PAIRWISE_EXACT,A,A,False,False
beijing,Guanyuan,72,3,origin_week,16992,168,AP1,constant,hist_gradient_boosting,0,PAIRWISE_EXACT,A,A,False,False
beijing,Guanyuan,72,3,origin_week,16992,168,AP1,logistic,hist_gradient_boosting,0,PAIRWISE_EXACT,A,A,False,False
beijing,Guanyuan,72,3,origin_week,17160,168,AP1,constant,logistic,0,PAIRWISE_EXACT,B,B,False,False
beijing,Guanyuan,72,3,origin_week,17160,168,AP1,constant,hist_gradient_boosting,0,PAIRWISE_EXACT,B,B,False,False
beijing,Guanyuan,72,3,origin_week,17160,168,AP1,logistic,hist_gradient_boosting,0,PAIRWISE_EXACT,B,B,False,False
beijing,Guanyuan,72,3,origin_week,17328,121,AP1,constant,logistic,0,PAIRWISE_EXACT,A,A,False,False
beijing,Guanyuan,72,3,origin_week,17328,121,AP1,constant,hist_gradient_boosting,0,PAIRWISE_EXACT,B,B,False,False
beijing,Guanyuan,72,3,origin_week,17328,121,AP1,logistic,hist_gradient_boosting,0,PAIRWISE_EXACT,B,B,False,False
beijing,Gucheng,24,3,annual,8760,8737,AP1,constant,logistic,97,PAIRWISE_INSUFFICIENT,B,B,False,True
beijing,Gucheng,24,3,annual,8760,8737,AP1,constant,hist_gradient_boosting,97,PAIRWISE_INSUFFICIENT,B,B,False,True
beijing,Gucheng,24,3,annual,8760,8737,AP1,logistic,hist_gradient_boosting,97,PAIRWISE_INSUFFICIENT,A,A,False,False
beijing,Gucheng,24,3,origin_week,8760,168,AP1,constant,logistic,0,PAIRWISE_EXACT,B,B,False,False
beijing,Gucheng,24,3,origin_week,8760,168,AP1,constant,hist_gradient_boosting,0,PAIRWISE_EXACT,B,B,False,False
beijing,Gucheng,24,3,origin_week,8760,168,AP1,logistic,hist_gradient_boosting,0,PAIRWISE_EXACT,A,A,False,False
beijing,Gucheng,24,3,origin_week,8928,168,AP1,constant,logistic,0,PAIRWISE_EXACT,B,B,False,False
beijing,Gucheng,24,3,origin_week,8928,168,AP1,constant,hist_gradient_boosting,0,PAIRWISE_EXACT,B,B,False,False
beijing,Gucheng,24,3,origin_week,8928,168,AP1,logistic,hist_gradient_boosting,0,PAIRWISE_EXACT,B,B,False,False
beijing,Gucheng,24,3,origin_week,9096,168,AP1,constant,logistic,0,PAIRWISE_EXACT,B,B,False,False
beijing,Gucheng,24,3,origin_week,9096,168,AP1,constant,hist_gradient_boosting,0,PAIRWISE_EXACT,B,B,False,False
beijing,Gucheng,24,3,origin_week,9096,168,AP1,logistic,hist_gradient_boosting,0,PAIRWISE_EXACT,B,B,False,False
beijing,Gucheng,24,3,origin_week,9264,168,AP1,constant,logistic,0,PAIRWISE_EXACT,B,B,False,False
beijing,Gucheng,24,3,origin_week,9264,168,AP1,constant,hist_gradient_boosting,0,PAIRWISE_EXACT,B,B,False,False
beijing,Gucheng,24,3,origin_week,9264,168,AP1,logistic,hist_gradient_boosting,0,PAIRWISE_EXACT,B,B,False,False
beijing,Gucheng,24,3,origin_week,9432,168,AP1,constant,logistic,0,PAIRWISE_EXACT,B,B,False,False
beijing,Gucheng,24,3,origin_week,9432,168,AP1,constant,hist_gradient_boosting,0,PAIRWISE_EXACT,B,B,False,False
beijing,Gucheng,24,3,origin_week,9432,168,AP1,logistic,hist_gradient_boosting,0,PAIRWISE_EXACT,A,A,False,False
beijing,Gucheng,24,3,origin_week,9600,168,AP1,constant,logistic,0,PAIRWISE_EXACT,B,B,False,False
beijing,Gucheng,24,3,origin_week,9600,168,AP1,constant,hist_gradient_boosting,0,PAIRWISE_EXACT,B,B,False,False
beijing,Gucheng,24,3,origin_week,9600,168,AP1,logistic,hist_gradient_boosting,0,PAIRWISE_EXACT,A,A,False,False
beijing,Gucheng,24,3,origin_week,9768,168,AP1,constant,logistic,7,PAIRWISE_INSUFFICIENT,B,B,False,False
beijing,Gucheng,24,3,origin_week,9768,168,AP1,constant,hist_gradient_boosting,7,PAIRWISE_INSUFFICIENT,B,B,False,False
beijing,Gucheng,24,3,origin_week,9768,168,AP1,logistic,hist_gradient_boosting,7,PAIRWISE_INSUFFICIENT,A,A,False,False
beijing,Gucheng,24,3,origin_week,9936,168,AP1,constant,logistic,5,PAIRWISE_EXACT,B,B,False,False
beijing,Gucheng,24,3,origin_week,9936,168,AP1,constant,hist_gradient_boosting,5,PAIRWISE_EXACT,A,A,False,False
beijing,Gucheng,24,3,origin_week,9936,168,AP1,logistic,hist_gradient_boosting,5,PAIRWISE_EXACT,A,A,False,False
beijing,Gucheng,24,3,origin_week,10104,168,AP1,constant,logistic,7,PAIRWISE_EXACT,B,B,False,False
beijing,Gucheng,24,3,origin_week,10104,168,AP1,constant,hist_gradient_boosting,7,PAIRWISE_EXACT,B,B,False,False
beijing,Gucheng,24,3,origin_week,10104,168,AP1,logistic,hist_gradient_boosting,7,PAIRWISE_EXACT,B,B,False,False
beijing,Gucheng,24,3,origin_week,10272,168,AP1,constant,logistic,0,PAIRWISE_EXACT,B,B,False,False
beijing,Gucheng,24,3,origin_week,10272,168,AP1,constant,hist_gradient_boosting,0,PAIRWISE_EXACT,B,B,False,False
beijing,Gucheng,24,3,origin_week,10272,168,AP1,logistic,hist_gradient_boosting,0,PAIRWISE_EXACT,A,A,False,False
beijing,Gucheng,24,3,origin_week,10440,168,AP1,constant,logistic,0,PAIRWISE_EXACT,B,B,False,False
beijing,Gucheng,24,3,origin_week,10440,168,AP1,constant,hist_gradient_boosting,0,PAIRWISE_EXACT,B,B,False,False
beijing,Gucheng,24,3,origin_week,10440,168,AP1,logistic,hist_gradient_boosting,0,PAIRWISE_EXACT,A,A,False,False
beijing,Gucheng,24,3,origin_week,10608,168,AP1,constant,logistic,0,PAIRWISE_EXACT,B,B,False,False
beijing,Gucheng,24,3,origin_week,10608,168,AP1,constant,hist_gradient_boosting,0,PAIRWISE_EXACT,B,B,False,False
beijing,Gucheng,24,3,origin_week,10608,168,AP1,logistic,hist_gradient_boosting,0,PAIRWISE_EXACT,B,B,False,False
beijing,Gucheng,24,3,origin_week,10776,168,AP1,constant,logistic,0,PAIRWISE_EXACT,B,B,False,False
beijing,Gucheng,24,3,origin_week,10776,168,AP1,constant,hist_gradient_boosting,0,PAIRWISE_EXACT,B,B,False,False
beijing,Gucheng,24,3,origin_week,10776,168,AP1,logistic,hist_gradient_boosting,0,PAIRWISE_EXACT,B,B,False,False
beijing,Gucheng,24,3,origin_week,10944,168,AP1,constant,logistic,23,PAIRWISE_INSUFFICIENT,B,B,False,True
beijing,Gucheng,24,3,origin_week,10944,168,AP1,constant,hist_gradient_boosting,23,PAIRWISE_INSUFFICIENT,B,B,False,False
beijing,Gucheng,24,3,origin_week,10944,168,AP1,logistic,hist_gradient_boosting,23,PAIRWISE_INSUFFICIENT,A,A,False,False
beijing,Gucheng,24,3,origin_week,11112,168,AP1,constant,logistic,0,PAIRWISE_EXACT,B,B,False,False
beijing,Gucheng,24,3,origin_week,11112,168,AP1,constant,hist_gradient_boosting,0,PAIRWISE_EXACT,B,B,False,False
beijing,Gucheng,24,3,origin_week,11112,168,AP1,logistic,hist_gradient_boosting,0,PAIRWISE_EXACT,B,B,False,False
beijing,Gucheng,24,3,origin_week,11280,168,AP1,constant,logistic,0,PAIRWISE_EXACT,A,A,False,False
beijing,Gucheng,24,3,origin_week,11280,168,AP1,constant,hist_gradient_boosting,0,PAIRWISE_EXACT,A,A,False,False
beijing,Gucheng,24,3,origin_week,11280,168,AP1,logistic,hist_gradient_boosting,0,PAIRWISE_EXACT,B,B,False,False
beijing,Gucheng,24,3,origin_week,11448,168,AP1,constant,logistic,0,PAIRWISE_EXACT,B,B,False,False
beijing,Gucheng,24,3,origin_week,11448,168,AP1,constant,hist_gradient_boosting,0,PAIRWISE_EXACT,B,B,False,False
beijing,Gucheng,24,3,origin_week,11448,168,AP1,logistic,hist_gradient_boosting,0,PAIRWISE_EXACT,B,B,False,False
beijing,Gucheng,24,3,origin_week,11616,168,AP1,constant,logistic,0,PAIRWISE_EXACT,B,B,False,False
beijing,Gucheng,24,3,origin_week,11616,168,AP1,constant,hist_gradient_boosting,0,PAIRWISE_EXACT,B,B,False,False
beijing,Gucheng,24,3,origin_week,11616,168,AP1,logistic,hist_gradient_boosting,0,PAIRWISE_EXACT,B,B,False,False
beijing,Gucheng,24,3,origin_week,11784,168,AP1,constant,logistic,0,PAIRWISE_EXACT,B,B,False,False
beijing,Gucheng,24,3,origin_week,11784,168,AP1,constant,hist_gradient_boosting,0,PAIRWISE_EXACT,B,B,False,False
beijing,Gucheng,24,3,origin_week,11784,168,AP1,logistic,hist_gradient_boosting,0,PAIRWISE_EXACT,A,A,False,False
beijing,Gucheng,24,3,origin_week,11952,168,AP1,constant,logistic,0,PAIRWISE_EXACT,B,B,False,False
beijing,Gucheng,24,3,origin_week,11952,168,AP1,constant,hist_gradient_boosting,0,PAIRWISE_EXACT,B,B,False,False
beijing,Gucheng,24,3,origin_week,11952,168,AP1,logistic,hist_gradient_boosting,0,PAIRWISE_EXACT,B,B,False,False
beijing,Gucheng,24,3,origin_week,12120,168,AP1,constant,logistic,23,PAIRWISE_INSUFFICIENT,OPPOSITE_POSSIBLE,OPPOSITE_POSSIBLE,False,False
beijing,Gucheng,24,3,origin_week,12120,168,AP1,constant,hist_gradient_boosting,23,PAIRWISE_INSUFFICIENT,OPPOSITE_POSSIBLE,OPPOSITE_POSSIBLE,False,False
beijing,Gucheng,24,3,origin_week,12120,168,AP1,logistic,hist_gradient_boosting,23,PAIRWISE_INSUFFICIENT,B,B,False,False
beijing,Gucheng,24,3,origin_week,12288,168,AP1,constant,logistic,0,PAIRWISE_EXACT,B,B,False,False
beijing,Gucheng,24,3,origin_week,12288,168,AP1,constant,hist_gradient_boosting,0,PAIRWISE_EXACT,B,B,False,False
beijing,Gucheng,24,3,origin_week,12288,168,AP1,logistic,hist_gradient_boosting,0,PAIRWISE_EXACT,B,B,False,False
beijing,Gucheng,24,3,origin_week,12456,168,AP1,constant,logistic,0,PAIRWISE_EXACT,B,B,False,False
beijing,Gucheng,24,3,origin_week,12456,168,AP1,constant,hist_gradient_boosting,0,PAIRWISE_EXACT,B,B,False,False
beijing,Gucheng,24,3,origin_week,12456,168,AP1,logistic,hist_gradient_boosting,0,PAIRWISE_EXACT,B,B,False,False
beijing,Gucheng,24,3,origin_week,12624,168,AP1,constant,logistic,0,PAIRWISE_EXACT,B,B,False,False
beijing,Gucheng,24,3,origin_week,12624,168,AP1,constant,hist_gradient_boosting,0,PAIRWISE_EXACT,B,B,False,False
beijing,Gucheng,24,3,origin_week,12624,168,AP1,logistic,hist_gradient_boosting,0,PAIRWISE_EXACT,B,B,False,False
beijing,Gucheng,24,3,origin_week,12792,168,AP1,constant,logistic,3,PAIRWISE_EXACT,OPPOSITE_POSSIBLE,OPPOSITE_POSSIBLE,False,False
beijing,Gucheng,24,3,origin_week,12792,168,AP1,constant,hist_gradient_boosting,3,PAIRWISE_EXACT,B,B,False,False
beijing,Gucheng,24,3,origin_week,12792,168,AP1,logistic,hist_gradient_boosting,3,PAIRWISE_EXACT,B,B,False,False
beijing,Gucheng,24,3,origin_week,12960,168,AP1,constant,logistic,0,PAIRWISE_EXACT,B,B,False,False
beijing,Gucheng,24,3,origin_week,12960,168,AP1,constant,hist_gradient_boosting,0,PAIRWISE_EXACT,B,B,False,False
beijing,Gucheng,24,3,origin_week,12960,168,AP1,logistic,hist_gradient_boosting,0,PAIRWISE_EXACT,A,A,False,False
beijing,Gucheng,24,3,origin_week,13128,168,AP1,constant,logistic,0,PAIRWISE_EXACT,B,B,False,False
beijing,Gucheng,24,3,origin_week,13128,168,AP1,constant,hist_gradient_boosting,0,PAIRWISE_EXACT,B,B,False,False
beijing,Gucheng,24,3,origin_week,13128,168,AP1,logistic,hist_gradient_boosting,0,PAIRWISE_EXACT,B,B,False,False
beijing,Gucheng,24,3,origin_week,13296,168,AP1,constant,logistic,0,PAIRWISE_EXACT,B,B,False,False
beijing,Gucheng,24,3,origin_week,13296,168,AP1,constant,hist_gradient_boosting,0,PAIRWISE_EXACT,B,B,False,False
beijing,Gucheng,24,3,origin_week,13296,168,AP1,logistic,hist_gradient_boosting,0,PAIRWISE_EXACT,A,A,False,False
beijing,Gucheng,24,3,origin_week,13464,168,AP1,constant,logistic,0,PAIRWISE_EXACT,B,B,False,False
beijing,Gucheng,24,3,origin_week,13464,168,AP1,constant,hist_gradient_boosting,0,PAIRWISE_EXACT,B,B,False,False
beijing,Gucheng,24,3,origin_week,13464,168,AP1,logistic,hist_gradient_boosting,0,PAIRWISE_EXACT,B,B,False,False
beijing,Gucheng,24,3,origin_week,13632,168,AP1,constant,logistic,0,PAIRWISE_EXACT,B,B,False,False
beijing,Gucheng,24,3,origin_week,13632,168,AP1,constant,hist_gradient_boosting,0,PAIRWISE_EXACT,B,B,False,False
beijing,Gucheng,24,3,origin_week,13632,168,AP1,logistic,hist_gradient_boosting,0,PAIRWISE_EXACT,A,A,False,False
beijing,Gucheng,24,3,origin_week,13800,168,AP1,constant,logistic,0,PAIRWISE_EXACT,B,B,False,False
beijing,Gucheng,24,3,origin_week,13800,168,AP1,constant,hist_gradient_boosting,0,PAIRWISE_EXACT,B,B,False,False
beijing,Gucheng,24,3,origin_week,13800,168,AP1,logistic,hist_gradient_boosting,0,PAIRWISE_EXACT,B,B,False,False
beijing,Gucheng,24,3,origin_week,13968,168,AP1,constant,logistic,0,PAIRWISE_EXACT,B,B,False,False
beijing,Gucheng,24,3,origin_week,13968,168,AP1,constant,hist_gradient_boosting,0,PAIRWISE_EXACT,B,B,False,False
beijing,Gucheng,24,3,origin_week,13968,168,AP1,logistic,hist_gradient_boosting,0,PAIRWISE_EXACT,A,A,False,False
beijing,Gucheng,24,3,origin_week,14136,168,AP1,constant,logistic,0,PAIRWISE_EXACT,B,B,False,False
beijing,Gucheng,24,3,origin_week,14136,168,AP1,constant,hist_gradient_boosting,0,PAIRWISE_EXACT,B,B,False,False
beijing,Gucheng,24,3,origin_week,14136,168,AP1,logistic,hist_gradient_boosting,0,PAIRWISE_EXACT,A,A,False,False
beijing,Gucheng,24,3,origin_week,14304,168,AP1,constant,logistic,0,PAIRWISE_EXACT,B,B,False,False
beijing,Gucheng,24,3,origin_week,14304,168,AP1,constant,hist_gradient_boosting,0,PAIRWISE_EXACT,B,B,False,False
beijing,Gucheng,24,3,origin_week,14304,168,AP1,logistic,hist_gradient_boosting,0,PAIRWISE_EXACT,A,A,False,False
beijing,Gucheng,24,3,origin_week,14472,168,AP1,constant,logistic,0,PAIRWISE_EXACT,B,B,False,False
beijing,Gucheng,24,3,origin_week,14472,168,AP1,constant,hist_gradient_boosting,0,PAIRWISE_EXACT,B,B,False,False
beijing,Gucheng,24,3,origin_week,14472,168,AP1,logistic,hist_gradient_boosting,0,PAIRWISE_EXACT,B,B,False,False
beijing,Gucheng,24,3,origin_week,14640,168,AP1,constant,logistic,19,PAIRWISE_EXACT,B,B,False,False
beijing,Gucheng,24,3,origin_week,14640,168,AP1,constant,hist_gradient_boosting,19,PAIRWISE_EXACT,B,B,False,False
beijing,Gucheng,24,3,origin_week,14640,168,AP1,logistic,hist_gradient_boosting,19,PAIRWISE_EXACT,B,B,False,False
beijing,Gucheng,24,3,origin_week,14808,168,AP1,constant,logistic,0,PAIRWISE_EXACT,B,B,False,False
beijing,Gucheng,24,3,origin_week,14808,168,AP1,constant,hist_gradient_boosting,0,PAIRWISE_EXACT,B,B,False,False
beijing,Gucheng,24,3,origin_week,14808,168,AP1,logistic,hist_gradient_boosting,0,PAIRWISE_EXACT,B,B,False,False
beijing,Gucheng,24,3,origin_week,14976,168,AP1,constant,logistic,0,PAIRWISE_EXACT,B,B,False,False
beijing,Gucheng,24,3,origin_week,14976,168,AP1,constant,hist_gradient_boosting,0,PAIRWISE_EXACT,B,B,False,False
beijing,Gucheng,24,3,origin_week,14976,168,AP1,logistic,hist_gradient_boosting,0,PAIRWISE_EXACT,A,A,False,False
beijing,Gucheng,24,3,origin_week,15144,168,AP1,constant,logistic,0,PAIRWISE_EXACT,B,B,False,False
beijing,Gucheng,24,3,origin_week,15144,168,AP1,constant,hist_gradient_boosting,0,PAIRWISE_EXACT,B,B,False,False
beijing,Gucheng,24,3,origin_week,15144,168,AP1,logistic,hist_gradient_boosting,0,PAIRWISE_EXACT,B,B,False,False
beijing,Gucheng,24,3,origin_week,15312,168,AP1,constant,logistic,0,PAIRWISE_EXACT,B,B,False,False
beijing,Gucheng,24,3,origin_week,15312,168,AP1,constant,hist_gradient_boosting,0,PAIRWISE_EXACT,B,B,False,False
beijing,Gucheng,24,3,origin_week,15312,168,AP1,logistic,hist_gradient_boosting,0,PAIRWISE_EXACT,A,A,False,False
beijing,Gucheng,24,3,origin_week,15480,168,AP1,constant,logistic,0,PAIRWISE_EXACT,B,B,False,False
beijing,Gucheng,24,3,origin_week,15480,168,AP1,constant,hist_gradient_boosting,0,PAIRWISE_EXACT,B,B,False,False
beijing,Gucheng,24,3,origin_week,15480,168,AP1,logistic,hist_gradient_boosting,0,PAIRWISE_EXACT,A,A,False,False
beijing,Gucheng,24,3,origin_week,15648,168,AP1,constant,logistic,0,PAIRWISE_EXACT,B,B,False,False
beijing,Gucheng,24,3,origin_week,15648,168,AP1,constant,hist_gradient_boosting,0,PAIRWISE_EXACT,B,B,False,False
beijing,Gucheng,24,3,origin_week,15648,168,AP1,logistic,hist_gradient_boosting,0,PAIRWISE_EXACT,A,A,False,False
beijing,Gucheng,24,3,origin_week,15816,168,AP1,constant,logistic,0,PAIRWISE_EXACT,B,B,False,False
beijing,Gucheng,24,3,origin_week,15816,168,AP1,constant,hist_gradient_boosting,0,PAIRWISE_EXACT,B,B,False,False
beijing,Gucheng,24,3,origin_week,15816,168,AP1,logistic,hist_gradient_boosting,0,PAIRWISE_EXACT,B,B,False,False
beijing,Gucheng,24,3,origin_week,15984,168,AP1,constant,logistic,10,PAIRWISE_INSUFFICIENT,B,B,False,True
beijing,Gucheng,24,3,origin_week,15984,168,AP1,constant,hist_gradient_boosting,10,PAIRWISE_INSUFFICIENT,B,B,False,True
beijing,Gucheng,24,3,origin_week,15984,168,AP1,logistic,hist_gradient_boosting,10,PAIRWISE_INSUFFICIENT,A,A,False,False
beijing,Gucheng,24,3,origin_week,16152,168,AP1,constant,logistic,0,PAIRWISE_EXACT,B,B,False,False
beijing,Gucheng,24,3,origin_week,16152,168,AP1,constant,hist_gradient_boosting,0,PAIRWISE_EXACT,B,B,False,False
beijing,Gucheng,24,3,origin_week,16152,168,AP1,logistic,hist_gradient_boosting,0,PAIRWISE_EXACT,B,B,False,False
beijing,Gucheng,24,3,origin_week,16320,168,AP1,constant,logistic,0,PAIRWISE_EXACT,B,B,False,False
beijing,Gucheng,24,3,origin_week,16320,168,AP1,constant,hist_gradient_boosting,0,PAIRWISE_EXACT,B,B,False,False
beijing,Gucheng,24,3,origin_week,16320,168,AP1,logistic,hist_gradient_boosting,0,PAIRWISE_EXACT,A,A,False,False
beijing,Gucheng,24,3,origin_week,16488,168,AP1,constant,logistic,0,PAIRWISE_EXACT,B,B,False,False
beijing,Gucheng,24,3,origin_week,16488,168,AP1,constant,hist_gradient_boosting,0,PAIRWISE_EXACT,A,A,False,False
beijing,Gucheng,24,3,origin_week,16488,168,AP1,logistic,hist_gradient_boosting,0,PAIRWISE_EXACT,A,A,False,False
beijing,Gucheng,24,3,origin_week,16656,168,AP1,constant,logistic,0,PAIRWISE_EXACT,B,B,False,False
beijing,Gucheng,24,3,origin_week,16656,168,AP1,constant,hist_gradient_boosting,0,PAIRWISE_EXACT,B,B,False,False
beijing,Gucheng,24,3,origin_week,16656,168,AP1,logistic,hist_gradient_boosting,0,PAIRWISE_EXACT,B,B,False,False
beijing,Gucheng,24,3,origin_week,16824,168,AP1,constant,logistic,0,PAIRWISE_EXACT,B,B,False,False
beijing,Gucheng,24,3,origin_week,16824,168,AP1,constant,hist_gradient_boosting,0,PAIRWISE_EXACT,B,B,False,False
beijing,Gucheng,24,3,origin_week,16824,168,AP1,logistic,hist_gradient_boosting,0,PAIRWISE_EXACT,B,B,False,False
beijing,Gucheng,24,3,origin_week,16992,168,AP1,constant,logistic,0,PAIRWISE_EXACT,B,B,False,False
beijing,Gucheng,24,3,origin_week,16992,168,AP1,constant,hist_gradient_boosting,0,PAIRWISE_EXACT,B,B,False,False
beijing,Gucheng,24,3,origin_week,16992,168,AP1,logistic,hist_gradient_boosting,0,PAIRWISE_EXACT,A,A,False,False
beijing,Gucheng,24,3,origin_week,17160,168,AP1,constant,logistic,0,PAIRWISE_EXACT,B,B,False,False
beijing,Gucheng,24,3,origin_week,17160,168,AP1,constant,hist_gradient_boosting,0,PAIRWISE_EXACT,B,B,False,False
beijing,Gucheng,24,3,origin_week,17160,168,AP1,logistic,hist_gradient_boosting,0,PAIRWISE_EXACT,A,A,False,False
beijing,Gucheng,24,3,origin_week,17328,168,AP1,constant,logistic,0,PAIRWISE_EXACT,B,B,False,False
beijing,Gucheng,24,3,origin_week,17328,168,AP1,constant,hist_gradient_boosting,0,PAIRWISE_EXACT,B,B,False,False
beijing,Gucheng,24,3,origin_week,17328,168,AP1,logistic,hist_gradient_boosting,0,PAIRWISE_EXACT,B,B,False,False
beijing,Gucheng,24,3,origin_week,17496,1,AP1,constant,logistic,0,PAIRWISE_EXACT,B,B,False,False
beijing,Gucheng,24,3,origin_week,17496,1,AP1,constant,hist_gradient_boosting,0,PAIRWISE_EXACT,B,B,False,False
beijing,Gucheng,24,3,origin_week,17496,1,AP1,logistic,hist_gradient_boosting,0,PAIRWISE_EXACT,A,A,False,False
beijing,Gucheng,72,3,annual,8760,8689,AP1,constant,logistic,55,PAIRWISE_EXACT,B,B,False,False
beijing,Gucheng,72,3,annual,8760,8689,AP1,constant,hist_gradient_boosting,55,PAIRWISE_EXACT,B,B,False,False
beijing,Gucheng,72,3,annual,8760,8689,AP1,logistic,hist_gradient_boosting,55,PAIRWISE_EXACT,A,A,False,False
beijing,Gucheng,72,3,origin_week,8760,168,AP1,constant,logistic,0,PAIRWISE_EXACT,B,B,False,False
beijing,Gucheng,72,3,origin_week,8760,168,AP1,constant,hist_gradient_boosting,0,PAIRWISE_EXACT,A,A,False,False
beijing,Gucheng,72,3,origin_week,8760,168,AP1,logistic,hist_gradient_boosting,0,PAIRWISE_EXACT,A,A,False,False
beijing,Gucheng,72,3,origin_week,8928,168,AP1,constant,logistic,0,PAIRWISE_EXACT,B,B,False,False
beijing,Gucheng,72,3,origin_week,8928,168,AP1,constant,hist_gradient_boosting,0,PAIRWISE_EXACT,B,B,False,False
beijing,Gucheng,72,3,origin_week,8928,168,AP1,logistic,hist_gradient_boosting,0,PAIRWISE_EXACT,B,B,False,False
beijing,Gucheng,72,3,origin_week,9096,168,AP1,constant,logistic,0,PAIRWISE_EXACT,B,B,False,False
beijing,Gucheng,72,3,origin_week,9096,168,AP1,constant,hist_gradient_boosting,0,PAIRWISE_EXACT,B,B,False,False
beijing,Gucheng,72,3,origin_week,9096,168,AP1,logistic,hist_gradient_boosting,0,PAIRWISE_EXACT,B,B,False,False
beijing,Gucheng,72,3,origin_week,9264,168,AP1,constant,logistic,0,PAIRWISE_EXACT,B,B,False,False
beijing,Gucheng,72,3,origin_week,9264,168,AP1,constant,hist_gradient_boosting,0,PAIRWISE_EXACT,B,B,False,False
beijing,Gucheng,72,3,origin_week,9264,168,AP1,logistic,hist_gradient_boosting,0,PAIRWISE_EXACT,A,A,False,False
beijing,Gucheng,72,3,origin_week,9432,168,AP1,constant,logistic,0,PAIRWISE_EXACT,A,A,False,False
beijing,Gucheng,72,3,origin_week,9432,168,AP1,constant,hist_gradient_boosting,0,PAIRWISE_EXACT,A,A,False,False
beijing,Gucheng,72,3,origin_week,9432,168,AP1,logistic,hist_gradient_boosting,0,PAIRWISE_EXACT,A,A,False,False
beijing,Gucheng,72,3,origin_week,9600,168,AP1,constant,logistic,0,PAIRWISE_EXACT,B,B,False,False
beijing,Gucheng,72,3,origin_week,9600,168,AP1,constant,hist_gradient_boosting,0,PAIRWISE_EXACT,B,B,False,False
beijing,Gucheng,72,3,origin_week,9600,168,AP1,logistic,hist_gradient_boosting,0,PAIRWISE_EXACT,B,B,False,False
beijing,Gucheng,72,3,origin_week,9768,168,AP1,constant,logistic,0,PAIRWISE_EXACT,B,B,False,False
beijing,Gucheng,72,3,origin_week,9768,168,AP1,constant,hist_gradient_boosting,0,PAIRWISE_EXACT,B,B,False,False
beijing,Gucheng,72,3,origin_week,9768,168,AP1,logistic,hist_gradient_boosting,0,PAIRWISE_EXACT,A,A,False,False
beijing,Gucheng,72,3,origin_week,9936,168,AP1,constant,logistic,0,PAIRWISE_EXACT,B,B,False,False
beijing,Gucheng,72,3,origin_week,9936,168,AP1,constant,hist_gradient_boosting,0,PAIRWISE_EXACT,B,B,False,False
beijing,Gucheng,72,3,origin_week,9936,168,AP1,logistic,hist_gradient_boosting,0,PAIRWISE_EXACT,B,B,False,False
beijing,Gucheng,72,3,origin_week,10104,168,AP1,constant,logistic,0,PAIRWISE_EXACT,B,B,False,False
beijing,Gucheng,72,3,origin_week,10104,168,AP1,constant,hist_gradient_boosting,0,PAIRWISE_EXACT,A,A,False,False
beijing,Gucheng,72,3,origin_week,10104,168,AP1,logistic,hist_gradient_boosting,0,PAIRWISE_EXACT,A,A,False,False
beijing,Gucheng,72,3,origin_week,10272,168,AP1,constant,logistic,0,PAIRWISE_EXACT,A,A,False,False
beijing,Gucheng,72,3,origin_week,10272,168,AP1,constant,hist_gradient_boosting,0,PAIRWISE_EXACT,A,A,False,False
beijing,Gucheng,72,3,origin_week,10272,168,AP1,logistic,hist_gradient_boosting,0,PAIRWISE_EXACT,B,B,False,False
beijing,Gucheng,72,3,origin_week,10440,168,AP1,constant,logistic,0,PAIRWISE_EXACT,A,A,False,False
beijing,Gucheng,72,3,origin_week,10440,168,AP1,constant,hist_gradient_boosting,0,PAIRWISE_EXACT,A,A,False,False
beijing,Gucheng,72,3,origin_week,10440,168,AP1,logistic,hist_gradient_boosting,0,PAIRWISE_EXACT,A,A,False,False
beijing,Gucheng,72,3,origin_week,10608,168,AP1,constant,logistic,0,PAIRWISE_EXACT,B,B,False,False
beijing,Gucheng,72,3,origin_week,10608,168,AP1,constant,hist_gradient_boosting,0,PAIRWISE_EXACT,B,B,False,False
beijing,Gucheng,72,3,origin_week,10608,168,AP1,logistic,hist_gradient_boosting,0,PAIRWISE_EXACT,B,B,False,False
beijing,Gucheng,72,3,origin_week,10776,168,AP1,constant,logistic,0,PAIRWISE_EXACT,B,B,False,False
beijing,Gucheng,72,3,origin_week,10776,168,AP1,constant,hist_gradient_boosting,0,PAIRWISE_EXACT,B,B,False,False
beijing,Gucheng,72,3,origin_week,10776,168,AP1,logistic,hist_gradient_boosting,0,PAIRWISE_EXACT,B,B,False,False
beijing,Gucheng,72,3,origin_week,10944,168,AP1,constant,logistic,28,PAIRWISE_EXACT,B,B,False,False
beijing,Gucheng,72,3,origin_week,10944,168,AP1,constant,hist_gradient_boosting,28,PAIRWISE_EXACT,B,B,False,False
beijing,Gucheng,72,3,origin_week,10944,168,AP1,logistic,hist_gradient_boosting,28,PAIRWISE_EXACT,B,B,False,False
beijing,Gucheng,72,3,origin_week,11112,168,AP1,constant,logistic,0,PAIRWISE_EXACT,B,B,False,False
beijing,Gucheng,72,3,origin_week,11112,168,AP1,constant,hist_gradient_boosting,0,PAIRWISE_EXACT,B,B,False,False
beijing,Gucheng,72,3,origin_week,11112,168,AP1,logistic,hist_gradient_boosting,0,PAIRWISE_EXACT,B,B,False,False
beijing,Gucheng,72,3,origin_week,11280,168,AP1,constant,logistic,0,PAIRWISE_EXACT,B,B,False,False
beijing,Gucheng,72,3,origin_week,11280,168,AP1,constant,hist_gradient_boosting,0,PAIRWISE_EXACT,B,B,False,False
beijing,Gucheng,72,3,origin_week,11280,168,AP1,logistic,hist_gradient_boosting,0,PAIRWISE_EXACT,A,A,False,False
beijing,Gucheng,72,3,origin_week,11448,168,AP1,constant,logistic,0,PAIRWISE_EXACT,A,A,False,False
beijing,Gucheng,72,3,origin_week,11448,168,AP1,constant,hist_gradient_boosting,0,PAIRWISE_EXACT,A,A,False,False
beijing,Gucheng,72,3,origin_week,11448,168,AP1,logistic,hist_gradient_boosting,0,PAIRWISE_EXACT,B,B,False,False
beijing,Gucheng,72,3,origin_week,11616,168,AP1,constant,logistic,0,PAIRWISE_EXACT,B,B,False,False
beijing,Gucheng,72,3,origin_week,11616,168,AP1,constant,hist_gradient_boosting,0,PAIRWISE_EXACT,B,B,False,False
beijing,Gucheng,72,3,origin_week,11616,168,AP1,logistic,hist_gradient_boosting,0,PAIRWISE_EXACT,B,B,False,False
beijing,Gucheng,72,3,origin_week,11784,168,AP1,constant,logistic,0,PAIRWISE_EXACT,B,B,False,False
beijing,Gucheng,72,3,origin_week,11784,168,AP1,constant,hist_gradient_boosting,0,PAIRWISE_EXACT,A,A,False,False
beijing,Gucheng,72,3,origin_week,11784,168,AP1,logistic,hist_gradient_boosting,0,PAIRWISE_EXACT,A,A,False,False
beijing,Gucheng,72,3,origin_week,11952,168,AP1,constant,logistic,0,PAIRWISE_EXACT,B,B,False,False
beijing,Gucheng,72,3,origin_week,11952,168,AP1,constant,hist_gradient_boosting,0,PAIRWISE_EXACT,B,B,False,False
beijing,Gucheng,72,3,origin_week,11952,168,AP1,logistic,hist_gradient_boosting,0,PAIRWISE_EXACT,B,B,False,False
beijing,Gucheng,72,3,origin_week,12120,168,AP1,constant,logistic,17,PAIRWISE_EXACT,OPPOSITE_POSSIBLE,OPPOSITE_POSSIBLE,False,False
beijing,Gucheng,72,3,origin_week,12120,168,AP1,constant,hist_gradient_boosting,17,PAIRWISE_EXACT,OPPOSITE_POSSIBLE,OPPOSITE_POSSIBLE,False,False
beijing,Gucheng,72,3,origin_week,12120,168,AP1,logistic,hist_gradient_boosting,17,PAIRWISE_EXACT,A,A,False,False
beijing,Gucheng,72,3,origin_week,12288,168,AP1,constant,logistic,0,PAIRWISE_EXACT,B,B,False,False
beijing,Gucheng,72,3,origin_week,12288,168,AP1,constant,hist_gradient_boosting,0,PAIRWISE_EXACT,B,B,False,False
beijing,Gucheng,72,3,origin_week,12288,168,AP1,logistic,hist_gradient_boosting,0,PAIRWISE_EXACT,B,B,False,False
beijing,Gucheng,72,3,origin_week,12456,168,AP1,constant,logistic,0,PAIRWISE_EXACT,B,B,False,False
beijing,Gucheng,72,3,origin_week,12456,168,AP1,constant,hist_gradient_boosting,0,PAIRWISE_EXACT,B,B,False,False
beijing,Gucheng,72,3,origin_week,12456,168,AP1,logistic,hist_gradient_boosting,0,PAIRWISE_EXACT,A,A,False,False
beijing,Gucheng,72,3,origin_week,12624,168,AP1,constant,logistic,0,PAIRWISE_EXACT,B,B,False,False
beijing,Gucheng,72,3,origin_week,12624,168,AP1,constant,hist_gradient_boosting,0,PAIRWISE_EXACT,B,B,False,False
beijing,Gucheng,72,3,origin_week,12624,168,AP1,logistic,hist_gradient_boosting,0,PAIRWISE_EXACT,A,A,False,False
beijing,Gucheng,72,3,origin_week,12792,168,AP1,constant,logistic,0,PAIRWISE_EXACT,B,B,False,False
beijing,Gucheng,72,3,origin_week,12792,168,AP1,constant,hist_gradient_boosting,0,PAIRWISE_EXACT,B,B,False,False
beijing,Gucheng,72,3,origin_week,12792,168,AP1,logistic,hist_gradient_boosting,0,PAIRWISE_EXACT,B,B,False,False
beijing,Gucheng,72,3,origin_week,12960,168,AP1,constant,logistic,0,PAIRWISE_EXACT,B,B,False,False
beijing,Gucheng,72,3,origin_week,12960,168,AP1,constant,hist_gradient_boosting,0,PAIRWISE_EXACT,B,B,False,False
beijing,Gucheng,72,3,origin_week,12960,168,AP1,logistic,hist_gradient_boosting,0,PAIRWISE_EXACT,B,B,False,False
beijing,Gucheng,72,3,origin_week,13128,168,AP1,constant,logistic,0,PAIRWISE_EXACT,B,B,False,False
beijing,Gucheng,72,3,origin_week,13128,168,AP1,constant,hist_gradient_boosting,0,PAIRWISE_EXACT,B,B,False,False
beijing,Gucheng,72,3,origin_week,13128,168,AP1,logistic,hist_gradient_boosting,0,PAIRWISE_EXACT,A,A,False,False
beijing,Gucheng,72,3,origin_week,13296,168,AP1,constant,logistic,0,PAIRWISE_EXACT,A,A,False,False
beijing,Gucheng,72,3,origin_week,13296,168,AP1,constant,hist_gradient_boosting,0,PAIRWISE_EXACT,A,A,False,False
beijing,Gucheng,72,3,origin_week,13296,168,AP1,logistic,hist_gradient_boosting,0,PAIRWISE_EXACT,A,A,False,False
beijing,Gucheng,72,3,origin_week,13464,168,AP1,constant,logistic,0,PAIRWISE_EXACT,A,A,False,False
beijing,Gucheng,72,3,origin_week,13464,168,AP1,constant,hist_gradient_boosting,0,PAIRWISE_EXACT,A,A,False,False
beijing,Gucheng,72,3,origin_week,13464,168,AP1,logistic,hist_gradient_boosting,0,PAIRWISE_EXACT,A,A,False,False
beijing,Gucheng,72,3,origin_week,13632,168,AP1,constant,logistic,0,PAIRWISE_EXACT,A,A,False,False
beijing,Gucheng,72,3,origin_week,13632,168,AP1,constant,hist_gradient_boosting,0,PAIRWISE_EXACT,B,B,False,False
beijing,Gucheng,72,3,origin_week,13632,168,AP1,logistic,hist_gradient_boosting,0,PAIRWISE_EXACT,B,B,False,False
beijing,Gucheng,72,3,origin_week,13800,168,AP1,constant,logistic,0,PAIRWISE_EXACT,A,A,False,False
beijing,Gucheng,72,3,origin_week,13800,168,AP1,constant,hist_gradient_boosting,0,PAIRWISE_EXACT,A,A,False,False
beijing,Gucheng,72,3,origin_week,13800,168,AP1,logistic,hist_gradient_boosting,0,PAIRWISE_EXACT,A,A,False,False
beijing,Gucheng,72,3,origin_week,13968,168,AP1,constant,logistic,0,PAIRWISE_EXACT,A,A,False,False
beijing,Gucheng,72,3,origin_week,13968,168,AP1,constant,hist_gradient_boosting,0,PAIRWISE_EXACT,A,A,False,False
beijing,Gucheng,72,3,origin_week,13968,168,AP1,logistic,hist_gradient_boosting,0,PAIRWISE_EXACT,A,A,False,False
beijing,Gucheng,72,3,origin_week,14136,168,AP1,constant,logistic,0,PAIRWISE_EXACT,A,A,False,False
beijing,Gucheng,72,3,origin_week,14136,168,AP1,constant,hist_gradient_boosting,0,PAIRWISE_EXACT,A,A,False,False
beijing,Gucheng,72,3,origin_week,14136,168,AP1,logistic,hist_gradient_boosting,0,PAIRWISE_EXACT,A,A,False,False
beijing,Gucheng,72,3,origin_week,14304,168,AP1,constant,logistic,0,PAIRWISE_EXACT,B,B,False,False
beijing,Gucheng,72,3,origin_week,14304,168,AP1,constant,hist_gradient_boosting,0,PAIRWISE_EXACT,B,B,False,False
beijing,Gucheng,72,3,origin_week,14304,168,AP1,logistic,hist_gradient_boosting,0,PAIRWISE_EXACT,B,B,False,False
beijing,Gucheng,72,3,origin_week,14472,168,AP1,constant,logistic,0,PAIRWISE_EXACT,B,B,False,False
beijing,Gucheng,72,3,origin_week,14472,168,AP1,constant,hist_gradient_boosting,0,PAIRWISE_EXACT,B,B,False,False
beijing,Gucheng,72,3,origin_week,14472,168,AP1,logistic,hist_gradient_boosting,0,PAIRWISE_EXACT,B,B,False,False
beijing,Gucheng,72,3,origin_week,14640,168,AP1,constant,logistic,10,PAIRWISE_EXACT,OPPOSITE_POSSIBLE,OPPOSITE_POSSIBLE,False,False
beijing,Gucheng,72,3,origin_week,14640,168,AP1,constant,hist_gradient_boosting,10,PAIRWISE_EXACT,B,B,False,False
beijing,Gucheng,72,3,origin_week,14640,168,AP1,logistic,hist_gradient_boosting,10,PAIRWISE_EXACT,B,B,False,False
beijing,Gucheng,72,3,origin_week,14808,168,AP1,constant,logistic,0,PAIRWISE_EXACT,B,B,False,False
beijing,Gucheng,72,3,origin_week,14808,168,AP1,constant,hist_gradient_boosting,0,PAIRWISE_EXACT,A,A,False,False
beijing,Gucheng,72,3,origin_week,14808,168,AP1,logistic,hist_gradient_boosting,0,PAIRWISE_EXACT,A,A,False,False
beijing,Gucheng,72,3,origin_week,14976,168,AP1,constant,logistic,0,PAIRWISE_EXACT,A,A,False,False
beijing,Gucheng,72,3,origin_week,14976,168,AP1,constant,hist_gradient_boosting,0,PAIRWISE_EXACT,A,A,False,False
beijing,Gucheng,72,3,origin_week,14976,168,AP1,logistic,hist_gradient_boosting,0,PAIRWISE_EXACT,A,A,False,False
beijing,Gucheng,72,3,origin_week,15144,168,AP1,constant,logistic,0,PAIRWISE_EXACT,B,B,False,False
beijing,Gucheng,72,3,origin_week,15144,168,AP1,constant,hist_gradient_boosting,0,PAIRWISE_EXACT,B,B,False,False
beijing,Gucheng,72,3,origin_week,15144,168,AP1,logistic,hist_gradient_boosting,0,PAIRWISE_EXACT,B,B,False,False
beijing,Gucheng,72,3,origin_week,15312,168,AP1,constant,logistic,0,PAIRWISE_EXACT,A,A,False,False
beijing,Gucheng,72,3,origin_week,15312,168,AP1,constant,hist_gradient_boosting,0,PAIRWISE_EXACT,A,A,False,False
beijing,Gucheng,72,3,origin_week,15312,168,AP1,logistic,hist_gradient_boosting,0,PAIRWISE_EXACT,B,B,False,False
beijing,Gucheng,72,3,origin_week,15480,168,AP1,constant,logistic,0,PAIRWISE_EXACT,B,B,False,False
beijing,Gucheng,72,3,origin_week,15480,168,AP1,constant,hist_gradient_boosting,0,PAIRWISE_EXACT,A,A,False,False
beijing,Gucheng,72,3,origin_week,15480,168,AP1,logistic,hist_gradient_boosting,0,PAIRWISE_EXACT,A,A,False,False
beijing,Gucheng,72,3,origin_week,15648,168,AP1,constant,logistic,0,PAIRWISE_EXACT,A,A,False,False
beijing,Gucheng,72,3,origin_week,15648,168,AP1,constant,hist_gradient_boosting,0,PAIRWISE_EXACT,B,B,False,False
beijing,Gucheng,72,3,origin_week,15648,168,AP1,logistic,hist_gradient_boosting,0,PAIRWISE_EXACT,B,B,False,False
beijing,Gucheng,72,3,origin_week,15816,168,AP1,constant,logistic,0,PAIRWISE_EXACT,B,B,False,False
beijing,Gucheng,72,3,origin_week,15816,168,AP1,constant,hist_gradient_boosting,0,PAIRWISE_EXACT,A,A,False,False
beijing,Gucheng,72,3,origin_week,15816,168,AP1,logistic,hist_gradient_boosting,0,PAIRWISE_EXACT,A,A,False,False
beijing,Gucheng,72,3,origin_week,15984,168,AP1,constant,logistic,0,PAIRWISE_EXACT,A,A,False,False
beijing,Gucheng,72,3,origin_week,15984,168,AP1,constant,hist_gradient_boosting,0,PAIRWISE_EXACT,B,B,False,False
beijing,Gucheng,72,3,origin_week,15984,168,AP1,logistic,hist_gradient_boosting,0,PAIRWISE_EXACT,B,B,False,False
beijing,Gucheng,72,3,origin_week,16152,168,AP1,constant,logistic,0,PAIRWISE_EXACT,B,B,False,False
beijing,Gucheng,72,3,origin_week,16152,168,AP1,constant,hist_gradient_boosting,0,PAIRWISE_EXACT,B,B,False,False
beijing,Gucheng,72,3,origin_week,16152,168,AP1,logistic,hist_gradient_boosting,0,PAIRWISE_EXACT,B,B,False,False
beijing,Gucheng,72,3,origin_week,16320,168,AP1,constant,logistic,0,PAIRWISE_EXACT,B,B,False,False
beijing,Gucheng,72,3,origin_week,16320,168,AP1,constant,hist_gradient_boosting,0,PAIRWISE_EXACT,B,B,False,False
beijing,Gucheng,72,3,origin_week,16320,168,AP1,logistic,hist_gradient_boosting,0,PAIRWISE_EXACT,B,B,False,False
beijing,Gucheng,72,3,origin_week,16488,168,AP1,constant,logistic,0,PAIRWISE_EXACT,A,A,False,False
beijing,Gucheng,72,3,origin_week,16488,168,AP1,constant,hist_gradient_boosting,0,PAIRWISE_EXACT,A,A,False,False
beijing,Gucheng,72,3,origin_week,16488,168,AP1,logistic,hist_gradient_boosting,0,PAIRWISE_EXACT,A,A,False,False
beijing,Gucheng,72,3,origin_week,16656,168,AP1,constant,logistic,0,PAIRWISE_EXACT,A,A,False,False
beijing,Gucheng,72,3,origin_week,16656,168,AP1,constant,hist_gradient_boosting,0,PAIRWISE_EXACT,A,A,False,False
beijing,Gucheng,72,3,origin_week,16656,168,AP1,logistic,hist_gradient_boosting,0,PAIRWISE_EXACT,B,B,False,False
beijing,Gucheng,72,3,origin_week,16824,168,AP1,constant,logistic,0,PAIRWISE_EXACT,B,B,False,False
beijing,Gucheng,72,3,origin_week,16824,168,AP1,constant,hist_gradient_boosting,0,PAIRWISE_EXACT,B,B,False,False
beijing,Gucheng,72,3,origin_week,16824,168,AP1,logistic,hist_gradient_boosting,0,PAIRWISE_EXACT,B,B,False,False
beijing,Gucheng,72,3,origin_week,16992,168,AP1,constant,logistic,0,PAIRWISE_EXACT,A,A,False,False
beijing,Gucheng,72,3,origin_week,16992,168,AP1,constant,hist_gradient_boosting,0,PAIRWISE_EXACT,A,A,False,False
beijing,Gucheng,72,3,origin_week,16992,168,AP1,logistic,hist_gradient_boosting,0,PAIRWISE_EXACT,A,A,False,False
beijing,Gucheng,72,3,origin_week,17160,168,AP1,constant,logistic,0,PAIRWISE_EXACT,A,A,False,False
beijing,Gucheng,72,3,origin_week,17160,168,AP1,constant,hist_gradient_boosting,0,PAIRWISE_EXACT,B,B,False,False
beijing,Gucheng,72,3,origin_week,17160,168,AP1,logistic,hist_gradient_boosting,0,PAIRWISE_EXACT,B,B,False,False
beijing,Gucheng,72,3,origin_week,17328,121,AP1,constant,logistic,0,PAIRWISE_EXACT,A,A,False,False
beijing,Gucheng,72,3,origin_week,17328,121,AP1,constant,hist_gradient_boosting,0,PAIRWISE_EXACT,A,A,False,False
beijing,Gucheng,72,3,origin_week,17328,121,AP1,logistic,hist_gradient_boosting,0,PAIRWISE_EXACT,B,B,False,False
beijing,Huairou,24,3,annual,8760,8737,AP1,constant,logistic,325,PAIRWISE_INSUFFICIENT,B,B,False,False
beijing,Huairou,24,3,annual,8760,8737,AP1,constant,hist_gradient_boosting,325,PAIRWISE_INSUFFICIENT,B,B,False,True
beijing,Huairou,24,3,annual,8760,8737,AP1,logistic,hist_gradient_boosting,325,PAIRWISE_INSUFFICIENT,OPPOSITE_POSSIBLE,OPPOSITE_POSSIBLE,False,True
beijing,Huairou,24,3,origin_week,8760,168,AP1,constant,logistic,0,PAIRWISE_EXACT,B,B,False,False
beijing,Huairou,24,3,origin_week,8760,168,AP1,constant,hist_gradient_boosting,0,PAIRWISE_EXACT,B,B,False,False
beijing,Huairou,24,3,origin_week,8760,168,AP1,logistic,hist_gradient_boosting,0,PAIRWISE_EXACT,A,A,False,False
beijing,Huairou,24,3,origin_week,8928,168,AP1,constant,logistic,0,PAIRWISE_EXACT,B,B,False,False
beijing,Huairou,24,3,origin_week,8928,168,AP1,constant,hist_gradient_boosting,0,PAIRWISE_EXACT,B,B,False,False
beijing,Huairou,24,3,origin_week,8928,168,AP1,logistic,hist_gradient_boosting,0,PAIRWISE_EXACT,B,B,False,False
beijing,Huairou,24,3,origin_week,9096,168,AP1,constant,logistic,0,PAIRWISE_EXACT,B,B,False,False
beijing,Huairou,24,3,origin_week,9096,168,AP1,constant,hist_gradient_boosting,0,PAIRWISE_EXACT,B,B,False,False
beijing,Huairou,24,3,origin_week,9096,168,AP1,logistic,hist_gradient_boosting,0,PAIRWISE_EXACT,A,A,False,False
beijing,Huairou,24,3,origin_week,9264,168,AP1,constant,logistic,0,PAIRWISE_EXACT,B,B,False,False
beijing,Huairou,24,3,origin_week,9264,168,AP1,constant,hist_gradient_boosting,0,PAIRWISE_EXACT,B,B,False,False
beijing,Huairou,24,3,origin_week,9264,168,AP1,logistic,hist_gradient_boosting,0,PAIRWISE_EXACT,A,A,False,False
beijing,Huairou,24,3,origin_week,9432,168,AP1,constant,logistic,0,PAIRWISE_EXACT,B,B,False,False
beijing,Huairou,24,3,origin_week,9432,168,AP1,constant,hist_gradient_boosting,0,PAIRWISE_EXACT,B,B,False,False
beijing,Huairou,24,3,origin_week,9432,168,AP1,logistic,hist_gradient_boosting,0,PAIRWISE_EXACT,A,A,False,False
beijing,Huairou,24,3,origin_week,9600,168,AP1,constant,logistic,0,PAIRWISE_EXACT,B,B,False,False
beijing,Huairou,24,3,origin_week,9600,168,AP1,constant,hist_gradient_boosting,0,PAIRWISE_EXACT,B,B,False,False
beijing,Huairou,24,3,origin_week,9600,168,AP1,logistic,hist_gradient_boosting,0,PAIRWISE_EXACT,B,B,False,False
beijing,Huairou,24,3,origin_week,9768,168,AP1,constant,logistic,0,PAIRWISE_EXACT,B,B,False,False
beijing,Huairou,24,3,origin_week,9768,168,AP1,constant,hist_gradient_boosting,0,PAIRWISE_EXACT,B,B,False,False
beijing,Huairou,24,3,origin_week,9768,168,AP1,logistic,hist_gradient_boosting,0,PAIRWISE_EXACT,B,B,False,False
beijing,Huairou,24,3,origin_week,9936,168,AP1,constant,logistic,0,PAIRWISE_EXACT,B,B,False,False
beijing,Huairou,24,3,origin_week,9936,168,AP1,constant,hist_gradient_boosting,0,PAIRWISE_EXACT,B,B,False,False
beijing,Huairou,24,3,origin_week,9936,168,AP1,logistic,hist_gradient_boosting,0,PAIRWISE_EXACT,A,A,False,False
beijing,Huairou,24,3,origin_week,10104,168,AP1,constant,logistic,0,PAIRWISE_EXACT,B,B,False,False
beijing,Huairou,24,3,origin_week,10104,168,AP1,constant,hist_gradient_boosting,0,PAIRWISE_EXACT,B,B,False,False
beijing,Huairou,24,3,origin_week,10104,168,AP1,logistic,hist_gradient_boosting,0,PAIRWISE_EXACT,B,B,False,False
beijing,Huairou,24,3,origin_week,10272,168,AP1,constant,logistic,8,PAIRWISE_EXACT,B,B,False,False
beijing,Huairou,24,3,origin_week,10272,168,AP1,constant,hist_gradient_boosting,8,PAIRWISE_EXACT,B,B,False,False
beijing,Huairou,24,3,origin_week,10272,168,AP1,logistic,hist_gradient_boosting,8,PAIRWISE_EXACT,A,A,False,False
beijing,Huairou,24,3,origin_week,10440,168,AP1,constant,logistic,43,PAIRWISE_INSUFFICIENT,B,B,False,False
beijing,Huairou,24,3,origin_week,10440,168,AP1,constant,hist_gradient_boosting,43,PAIRWISE_INSUFFICIENT,OPPOSITE_POSSIBLE,OPPOSITE_POSSIBLE,False,False
beijing,Huairou,24,3,origin_week,10440,168,AP1,logistic,hist_gradient_boosting,43,PAIRWISE_INSUFFICIENT,A,A,False,True
beijing,Huairou,24,3,origin_week,10608,168,AP1,constant,logistic,0,PAIRWISE_EXACT,A,A,False,False
beijing,Huairou,24,3,origin_week,10608,168,AP1,constant,hist_gradient_boosting,0,PAIRWISE_EXACT,B,B,False,False
beijing,Huairou,24,3,origin_week,10608,168,AP1,logistic,hist_gradient_boosting,0,PAIRWISE_EXACT,B,B,False,False
beijing,Huairou,24,3,origin_week,10776,168,AP1,constant,logistic,33,PAIRWISE_INSUFFICIENT,B,B,False,False
beijing,Huairou,24,3,origin_week,10776,168,AP1,constant,hist_gradient_boosting,33,PAIRWISE_INSUFFICIENT,B,B,False,True
beijing,Huairou,24,3,origin_week,10776,168,AP1,logistic,hist_gradient_boosting,33,PAIRWISE_INSUFFICIENT,OPPOSITE_POSSIBLE,OPPOSITE_POSSIBLE,False,True
beijing,Huairou,24,3,origin_week,10944,168,AP1,constant,logistic,79,PAIRWISE_INSUFFICIENT,OPPOSITE_POSSIBLE,OPPOSITE_POSSIBLE,False,False
beijing,Huairou,24,3,origin_week,10944,168,AP1,constant,hist_gradient_boosting,79,PAIRWISE_INSUFFICIENT,OPPOSITE_POSSIBLE,OPPOSITE_POSSIBLE,False,False
beijing,Huairou,24,3,origin_week,10944,168,AP1,logistic,hist_gradient_boosting,79,PAIRWISE_INSUFFICIENT,B,B,False,False
beijing,Huairou,24,3,origin_week,11112,168,AP1,constant,logistic,0,PAIRWISE_EXACT,B,B,False,False
beijing,Huairou,24,3,origin_week,11112,168,AP1,constant,hist_gradient_boosting,0,PAIRWISE_EXACT,B,B,False,False
beijing,Huairou,24,3,origin_week,11112,168,AP1,logistic,hist_gradient_boosting,0,PAIRWISE_EXACT,B,B,False,False
beijing,Huairou,24,3,origin_week,11280,168,AP1,constant,logistic,18,PAIRWISE_INSUFFICIENT,OPPOSITE_POSSIBLE,OPPOSITE_POSSIBLE,False,False
beijing,Huairou,24,3,origin_week,11280,168,AP1,constant,hist_gradient_boosting,18,PAIRWISE_INSUFFICIENT,OPPOSITE_POSSIBLE,OPPOSITE_POSSIBLE,False,False
beijing,Huairou,24,3,origin_week,11280,168,AP1,logistic,hist_gradient_boosting,18,PAIRWISE_INSUFFICIENT,A,A,False,False
beijing,Huairou,24,3,origin_week,11448,168,AP1,constant,logistic,0,PAIRWISE_EXACT,B,B,False,False
beijing,Huairou,24,3,origin_week,11448,168,AP1,constant,hist_gradient_boosting,0,PAIRWISE_EXACT,B,B,False,False
beijing,Huairou,24,3,origin_week,11448,168,AP1,logistic,hist_gradient_boosting,0,PAIRWISE_EXACT,A,A,False,False
beijing,Huairou,24,3,origin_week,11616,168,AP1,constant,logistic,0,PAIRWISE_EXACT,B,B,False,False
beijing,Huairou,24,3,origin_week,11616,168,AP1,constant,hist_gradient_boosting,0,PAIRWISE_EXACT,B,B,False,False
beijing,Huairou,24,3,origin_week,11616,168,AP1,logistic,hist_gradient_boosting,0,PAIRWISE_EXACT,B,B,False,False
beijing,Huairou,24,3,origin_week,11784,168,AP1,constant,logistic,26,PAIRWISE_INSUFFICIENT,B,B,False,False
beijing,Huairou,24,3,origin_week,11784,168,AP1,constant,hist_gradient_boosting,26,PAIRWISE_INSUFFICIENT,B,B,False,False
beijing,Huairou,24,3,origin_week,11784,168,AP1,logistic,hist_gradient_boosting,26,PAIRWISE_INSUFFICIENT,B,B,False,False
beijing,Huairou,24,3,origin_week,11952,168,AP1,constant,logistic,0,PAIRWISE_EXACT,B,B,False,False
beijing,Huairou,24,3,origin_week,11952,168,AP1,constant,hist_gradient_boosting,0,PAIRWISE_EXACT,B,B,False,False
beijing,Huairou,24,3,origin_week,11952,168,AP1,logistic,hist_gradient_boosting,0,PAIRWISE_EXACT,B,B,False,False
beijing,Huairou,24,3,origin_week,12120,168,AP1,constant,logistic,0,PAIRWISE_EXACT,B,B,False,False
beijing,Huairou,24,3,origin_week,12120,168,AP1,constant,hist_gradient_boosting,0,PAIRWISE_EXACT,B,B,False,False
beijing,Huairou,24,3,origin_week,12120,168,AP1,logistic,hist_gradient_boosting,0,PAIRWISE_EXACT,A,A,False,False
beijing,Huairou,24,3,origin_week,12288,168,AP1,constant,logistic,0,PAIRWISE_EXACT,B,B,False,False
beijing,Huairou,24,3,origin_week,12288,168,AP1,constant,hist_gradient_boosting,0,PAIRWISE_EXACT,B,B,False,False
beijing,Huairou,24,3,origin_week,12288,168,AP1,logistic,hist_gradient_boosting,0,PAIRWISE_EXACT,B,B,False,False
beijing,Huairou,24,3,origin_week,12456,168,AP1,constant,logistic,0,PAIRWISE_EXACT,B,B,False,False
beijing,Huairou,24,3,origin_week,12456,168,AP1,constant,hist_gradient_boosting,0,PAIRWISE_EXACT,B,B,False,False
beijing,Huairou,24,3,origin_week,12456,168,AP1,logistic,hist_gradient_boosting,0,PAIRWISE_EXACT,A,A,False,False
beijing,Huairou,24,3,origin_week,12624,168,AP1,constant,logistic,0,PAIRWISE_EXACT,B,B,False,False
beijing,Huairou,24,3,origin_week,12624,168,AP1,constant,hist_gradient_boosting,0,PAIRWISE_EXACT,B,B,False,False
beijing,Huairou,24,3,origin_week,12624,168,AP1,logistic,hist_gradient_boosting,0,PAIRWISE_EXACT,B,B,False,False
beijing,Huairou,24,3,origin_week,12792,168,AP1,constant,logistic,3,PAIRWISE_EXACT,A,A,False,False
beijing,Huairou,24,3,origin_week,12792,168,AP1,constant,hist_gradient_boosting,3,PAIRWISE_EXACT,A,A,False,False
beijing,Huairou,24,3,origin_week,12792,168,AP1,logistic,hist_gradient_boosting,3,PAIRWISE_EXACT,B,B,False,False
beijing,Huairou,24,3,origin_week,12960,168,AP1,constant,logistic,22,PAIRWISE_INSUFFICIENT,B,B,False,False
beijing,Huairou,24,3,origin_week,12960,168,AP1,constant,hist_gradient_boosting,22,PAIRWISE_INSUFFICIENT,B,B,False,False
beijing,Huairou,24,3,origin_week,12960,168,AP1,logistic,hist_gradient_boosting,22,PAIRWISE_INSUFFICIENT,A,A,False,False
beijing,Huairou,24,3,origin_week,13128,168,AP1,constant,logistic,4,PAIRWISE_EXACT,B,B,False,False
beijing,Huairou,24,3,origin_week,13128,168,AP1,constant,hist_gradient_boosting,4,PAIRWISE_EXACT,B,B,False,False
beijing,Huairou,24,3,origin_week,13128,168,AP1,logistic,hist_gradient_boosting,4,PAIRWISE_EXACT,B,B,False,False
beijing,Huairou,24,3,origin_week,13296,168,AP1,constant,logistic,0,PAIRWISE_EXACT,B,B,False,False
beijing,Huairou,24,3,origin_week,13296,168,AP1,constant,hist_gradient_boosting,0,PAIRWISE_EXACT,B,B,False,False
beijing,Huairou,24,3,origin_week,13296,168,AP1,logistic,hist_gradient_boosting,0,PAIRWISE_EXACT,A,A,False,False
beijing,Huairou,24,3,origin_week,13464,168,AP1,constant,logistic,21,PAIRWISE_EXACT,B,B,False,False
beijing,Huairou,24,3,origin_week,13464,168,AP1,constant,hist_gradient_boosting,21,PAIRWISE_EXACT,B,B,False,False
beijing,Huairou,24,3,origin_week,13464,168,AP1,logistic,hist_gradient_boosting,21,PAIRWISE_EXACT,B,B,False,False
beijing,Huairou,24,3,origin_week,13632,168,AP1,constant,logistic,0,PAIRWISE_EXACT,B,B,False,False
beijing,Huairou,24,3,origin_week,13632,168,AP1,constant,hist_gradient_boosting,0,PAIRWISE_EXACT,B,B,False,False
beijing,Huairou,24,3,origin_week,13632,168,AP1,logistic,hist_gradient_boosting,0,PAIRWISE_EXACT,B,B,False,False
beijing,Huairou,24,3,origin_week,13800,168,AP1,constant,logistic,0,PAIRWISE_EXACT,B,B,False,False
beijing,Huairou,24,3,origin_week,13800,168,AP1,constant,hist_gradient_boosting,0,PAIRWISE_EXACT,B,B,False,False
beijing,Huairou,24,3,origin_week,13800,168,AP1,logistic,hist_gradient_boosting,0,PAIRWISE_EXACT,A,A,False,False
beijing,Huairou,24,3,origin_week,13968,168,AP1,constant,logistic,0,PAIRWISE_EXACT,B,B,False,False
beijing,Huairou,24,3,origin_week,13968,168,AP1,constant,hist_gradient_boosting,0,PAIRWISE_EXACT,B,B,False,False
beijing,Huairou,24,3,origin_week,13968,168,AP1,logistic,hist_gradient_boosting,0,PAIRWISE_EXACT,A,A,False,False
beijing,Huairou,24,3,origin_week,14136,168,AP1,constant,logistic,0,PAIRWISE_EXACT,B,B,False,False
beijing,Huairou,24,3,origin_week,14136,168,AP1,constant,hist_gradient_boosting,0,PAIRWISE_EXACT,B,B,False,False
beijing,Huairou,24,3,origin_week,14136,168,AP1,logistic,hist_gradient_boosting,0,PAIRWISE_EXACT,B,B,False,False
beijing,Huairou,24,3,origin_week,14304,168,AP1,constant,logistic,5,PAIRWISE_EXACT,B,B,False,False
beijing,Huairou,24,3,origin_week,14304,168,AP1,constant,hist_gradient_boosting,5,PAIRWISE_EXACT,B,B,False,False
beijing,Huairou,24,3,origin_week,14304,168,AP1,logistic,hist_gradient_boosting,5,PAIRWISE_EXACT,B,B,False,False
beijing,Huairou,24,3,origin_week,14472,168,AP1,constant,logistic,0,PAIRWISE_EXACT,B,B,False,False
beijing,Huairou,24,3,origin_week,14472,168,AP1,constant,hist_gradient_boosting,0,PAIRWISE_EXACT,B,B,False,False
beijing,Huairou,24,3,origin_week,14472,168,AP1,logistic,hist_gradient_boosting,0,PAIRWISE_EXACT,A,A,False,False
beijing,Huairou,24,3,origin_week,14640,168,AP1,constant,logistic,0,PAIRWISE_EXACT,B,B,False,False
beijing,Huairou,24,3,origin_week,14640,168,AP1,constant,hist_gradient_boosting,0,PAIRWISE_EXACT,B,B,False,False
beijing,Huairou,24,3,origin_week,14640,168,AP1,logistic,hist_gradient_boosting,0,PAIRWISE_EXACT,A,A,False,False
beijing,Huairou,24,3,origin_week,14808,168,AP1,constant,logistic,0,PAIRWISE_EXACT,B,B,False,False
beijing,Huairou,24,3,origin_week,14808,168,AP1,constant,hist_gradient_boosting,0,PAIRWISE_EXACT,B,B,False,False
beijing,Huairou,24,3,origin_week,14808,168,AP1,logistic,hist_gradient_boosting,0,PAIRWISE_EXACT,A,A,False,False
beijing,Huairou,24,3,origin_week,14976,168,AP1,constant,logistic,0,PAIRWISE_EXACT,B,B,False,False
beijing,Huairou,24,3,origin_week,14976,168,AP1,constant,hist_gradient_boosting,0,PAIRWISE_EXACT,B,B,False,False
beijing,Huairou,24,3,origin_week,14976,168,AP1,logistic,hist_gradient_boosting,0,PAIRWISE_EXACT,A,A,False,False
beijing,Huairou,24,3,origin_week,15144,168,AP1,constant,logistic,0,PAIRWISE_EXACT,A,A,False,False
beijing,Huairou,24,3,origin_week,15144,168,AP1,constant,hist_gradient_boosting,0,PAIRWISE_EXACT,B,B,False,False
beijing,Huairou,24,3,origin_week,15144,168,AP1,logistic,hist_gradient_boosting,0,PAIRWISE_EXACT,B,B,False,False
beijing,Huairou,24,3,origin_week,15312,168,AP1,constant,logistic,22,PAIRWISE_EXACT,B,B,False,False
beijing,Huairou,24,3,origin_week,15312,168,AP1,constant,hist_gradient_boosting,22,PAIRWISE_EXACT,B,B,False,False
beijing,Huairou,24,3,origin_week,15312,168,AP1,logistic,hist_gradient_boosting,22,PAIRWISE_EXACT,OPPOSITE_POSSIBLE,OPPOSITE_POSSIBLE,False,False
beijing,Huairou,24,3,origin_week,15480,168,AP1,constant,logistic,13,PAIRWISE_EXACT,B,B,False,False
beijing,Huairou,24,3,origin_week,15480,168,AP1,constant,hist_gradient_boosting,13,PAIRWISE_EXACT,B,B,False,False
beijing,Huairou,24,3,origin_week,15480,168,AP1,logistic,hist_gradient_boosting,13,PAIRWISE_EXACT,A,A,False,False
beijing,Huairou,24,3,origin_week,15648,168,AP1,constant,logistic,4,PAIRWISE_EXACT,B,B,False,False
beijing,Huairou,24,3,origin_week,15648,168,AP1,constant,hist_gradient_boosting,4,PAIRWISE_EXACT,B,B,False,False
beijing,Huairou,24,3,origin_week,15648,168,AP1,logistic,hist_gradient_boosting,4,PAIRWISE_EXACT,A,A,False,False
beijing,Huairou,24,3,origin_week,15816,168,AP1,constant,logistic,0,PAIRWISE_EXACT,B,B,False,False
beijing,Huairou,24,3,origin_week,15816,168,AP1,constant,hist_gradient_boosting,0,PAIRWISE_EXACT,B,B,False,False
beijing,Huairou,24,3,origin_week,15816,168,AP1,logistic,hist_gradient_boosting,0,PAIRWISE_EXACT,A,A,False,False
beijing,Huairou,24,3,origin_week,15984,168,AP1,constant,logistic,0,PAIRWISE_EXACT,B,B,False,False
beijing,Huairou,24,3,origin_week,15984,168,AP1,constant,hist_gradient_boosting,0,PAIRWISE_EXACT,B,B,False,False
beijing,Huairou,24,3,origin_week,15984,168,AP1,logistic,hist_gradient_boosting,0,PAIRWISE_EXACT,A,A,False,False
beijing,Huairou,24,3,origin_week,16152,168,AP1,constant,logistic,1,PAIRWISE_EXACT,B,B,False,False
beijing,Huairou,24,3,origin_week,16152,168,AP1,constant,hist_gradient_boosting,1,PAIRWISE_EXACT,B,B,False,False
beijing,Huairou,24,3,origin_week,16152,168,AP1,logistic,hist_gradient_boosting,1,PAIRWISE_EXACT,A,A,False,False
beijing,Huairou,24,3,origin_week,16320,168,AP1,constant,logistic,0,PAIRWISE_EXACT,B,B,False,False
beijing,Huairou,24,3,origin_week,16320,168,AP1,constant,hist_gradient_boosting,0,PAIRWISE_EXACT,B,B,False,False
beijing,Huairou,24,3,origin_week,16320,168,AP1,logistic,hist_gradient_boosting,0,PAIRWISE_EXACT,A,A,False,False
beijing,Huairou,24,3,origin_week,16488,168,AP1,constant,logistic,0,PAIRWISE_EXACT,A,A,False,False
beijing,Huairou,24,3,origin_week,16488,168,AP1,constant,hist_gradient_boosting,0,PAIRWISE_EXACT,B,B,False,False
beijing,Huairou,24,3,origin_week,16488,168,AP1,logistic,hist_gradient_boosting,0,PAIRWISE_EXACT,B,B,False,False
beijing,Huairou,24,3,origin_week,16656,168,AP1,constant,logistic,23,PAIRWISE_INSUFFICIENT,OPPOSITE_POSSIBLE,OPPOSITE_POSSIBLE,False,False
beijing,Huairou,24,3,origin_week,16656,168,AP1,constant,hist_gradient_boosting,23,PAIRWISE_INSUFFICIENT,B,B,False,False
beijing,Huairou,24,3,origin_week,16656,168,AP1,logistic,hist_gradient_boosting,23,PAIRWISE_INSUFFICIENT,OPPOSITE_POSSIBLE,OPPOSITE_POSSIBLE,False,False
beijing,Huairou,24,3,origin_week,16824,168,AP1,constant,logistic,0,PAIRWISE_EXACT,B,B,False,False
beijing,Huairou,24,3,origin_week,16824,168,AP1,constant,hist_gradient_boosting,0,PAIRWISE_EXACT,B,B,False,False
beijing,Huairou,24,3,origin_week,16824,168,AP1,logistic,hist_gradient_boosting,0,PAIRWISE_EXACT,B,B,False,False
beijing,Huairou,24,3,origin_week,16992,168,AP1,constant,logistic,0,PAIRWISE_EXACT,B,B,False,False
beijing,Huairou,24,3,origin_week,16992,168,AP1,constant,hist_gradient_boosting,0,PAIRWISE_EXACT,B,B,False,False
beijing,Huairou,24,3,origin_week,16992,168,AP1,logistic,hist_gradient_boosting,0,PAIRWISE_EXACT,B,B,False,False
beijing,Huairou,24,3,origin_week,17160,168,AP1,constant,logistic,0,PAIRWISE_EXACT,B,B,False,False
beijing,Huairou,24,3,origin_week,17160,168,AP1,constant,hist_gradient_boosting,0,PAIRWISE_EXACT,B,B,False,False
beijing,Huairou,24,3,origin_week,17160,168,AP1,logistic,hist_gradient_boosting,0,PAIRWISE_EXACT,B,B,False,False
beijing,Huairou,24,3,origin_week,17328,168,AP1,constant,logistic,0,PAIRWISE_EXACT,B,B,False,False
beijing,Huairou,24,3,origin_week,17328,168,AP1,constant,hist_gradient_boosting,0,PAIRWISE_EXACT,B,B,False,False
beijing,Huairou,24,3,origin_week,17328,168,AP1,logistic,hist_gradient_boosting,0,PAIRWISE_EXACT,B,B,False,False
beijing,Huairou,24,3,origin_week,17496,1,AP1,constant,logistic,0,PAIRWISE_EXACT,A,A,False,False
beijing,Huairou,24,3,origin_week,17496,1,AP1,constant,hist_gradient_boosting,0,PAIRWISE_EXACT,B,B,False,False
beijing,Huairou,24,3,origin_week,17496,1,AP1,logistic,hist_gradient_boosting,0,PAIRWISE_EXACT,B,B,False,False
beijing,Huairou,72,3,annual,8760,8689,AP1,constant,logistic,335,PAIRWISE_INSUFFICIENT,B,B,False,False
beijing,Huairou,72,3,annual,8760,8689,AP1,constant,hist_gradient_boosting,335,PAIRWISE_INSUFFICIENT,B,B,False,False
beijing,Huairou,72,3,annual,8760,8689,AP1,logistic,hist_gradient_boosting,335,PAIRWISE_INSUFFICIENT,A,A,False,False
beijing,Huairou,72,3,origin_week,8760,168,AP1,constant,logistic,0,PAIRWISE_EXACT,A,A,False,False
beijing,Huairou,72,3,origin_week,8760,168,AP1,constant,hist_gradient_boosting,0,PAIRWISE_EXACT,A,A,False,False
beijing,Huairou,72,3,origin_week,8760,168,AP1,logistic,hist_gradient_boosting,0,PAIRWISE_EXACT,A,A,False,False
beijing,Huairou,72,3,origin_week,8928,168,AP1,constant,logistic,0,PAIRWISE_EXACT,B,B,False,False
beijing,Huairou,72,3,origin_week,8928,168,AP1,constant,hist_gradient_boosting,0,PAIRWISE_EXACT,B,B,False,False
beijing,Huairou,72,3,origin_week,8928,168,AP1,logistic,hist_gradient_boosting,0,PAIRWISE_EXACT,B,B,False,False
beijing,Huairou,72,3,origin_week,9096,168,AP1,constant,logistic,0,PAIRWISE_EXACT,B,B,False,False
beijing,Huairou,72,3,origin_week,9096,168,AP1,constant,hist_gradient_boosting,0,PAIRWISE_EXACT,A,A,False,False
beijing,Huairou,72,3,origin_week,9096,168,AP1,logistic,hist_gradient_boosting,0,PAIRWISE_EXACT,A,A,False,False
beijing,Huairou,72,3,origin_week,9264,168,AP1,constant,logistic,0,PAIRWISE_EXACT,B,B,False,False
beijing,Huairou,72,3,origin_week,9264,168,AP1,constant,hist_gradient_boosting,0,PAIRWISE_EXACT,B,B,False,False
beijing,Huairou,72,3,origin_week,9264,168,AP1,logistic,hist_gradient_boosting,0,PAIRWISE_EXACT,B,B,False,False
beijing,Huairou,72,3,origin_week,9432,168,AP1,constant,logistic,0,PAIRWISE_EXACT,B,B,False,False
beijing,Huairou,72,3,origin_week,9432,168,AP1,constant,hist_gradient_boosting,0,PAIRWISE_EXACT,A,A,False,False
beijing,Huairou,72,3,origin_week,9432,168,AP1,logistic,hist_gradient_boosting,0,PAIRWISE_EXACT,A,A,False,False
beijing,Huairou,72,3,origin_week,9600,168,AP1,constant,logistic,0,PAIRWISE_EXACT,A,A,False,False
beijing,Huairou,72,3,origin_week,9600,168,AP1,constant,hist_gradient_boosting,0,PAIRWISE_EXACT,A,A,False,False
beijing,Huairou,72,3,origin_week,9600,168,AP1,logistic,hist_gradient_boosting,0,PAIRWISE_EXACT,B,B,False,False
beijing,Huairou,72,3,origin_week,9768,168,AP1,constant,logistic,0,PAIRWISE_EXACT,A,A,False,False
beijing,Huairou,72,3,origin_week,9768,168,AP1,constant,hist_gradient_boosting,0,PAIRWISE_EXACT,B,B,False,False
beijing,Huairou,72,3,origin_week,9768,168,AP1,logistic,hist_gradient_boosting,0,PAIRWISE_EXACT,B,B,False,False
beijing,Huairou,72,3,origin_week,9936,168,AP1,constant,logistic,0,PAIRWISE_EXACT,A,A,False,False
beijing,Huairou,72,3,origin_week,9936,168,AP1,constant,hist_gradient_boosting,0,PAIRWISE_EXACT,A,A,False,False
beijing,Huairou,72,3,origin_week,9936,168,AP1,logistic,hist_gradient_boosting,0,PAIRWISE_EXACT,B,B,False,False
beijing,Huairou,72,3,origin_week,10104,168,AP1,constant,logistic,0,PAIRWISE_EXACT,B,B,False,False
beijing,Huairou,72,3,origin_week,10104,168,AP1,constant,hist_gradient_boosting,0,PAIRWISE_EXACT,B,B,False,False
beijing,Huairou,72,3,origin_week,10104,168,AP1,logistic,hist_gradient_boosting,0,PAIRWISE_EXACT,B,B,False,False
beijing,Huairou,72,3,origin_week,10272,168,AP1,constant,logistic,9,PAIRWISE_EXACT,B,B,False,False
beijing,Huairou,72,3,origin_week,10272,168,AP1,constant,hist_gradient_boosting,9,PAIRWISE_EXACT,B,B,False,False
beijing,Huairou,72,3,origin_week,10272,168,AP1,logistic,hist_gradient_boosting,9,PAIRWISE_EXACT,A,A,False,False
beijing,Huairou,72,3,origin_week,10440,168,AP1,constant,logistic,66,PAIRWISE_INSUFFICIENT,OPPOSITE_POSSIBLE,OPPOSITE_POSSIBLE,False,False
beijing,Huairou,72,3,origin_week,10440,168,AP1,constant,hist_gradient_boosting,66,PAIRWISE_INSUFFICIENT,OPPOSITE_POSSIBLE,OPPOSITE_POSSIBLE,False,False
beijing,Huairou,72,3,origin_week,10440,168,AP1,logistic,hist_gradient_boosting,66,PAIRWISE_INSUFFICIENT,OPPOSITE_POSSIBLE,OPPOSITE_POSSIBLE,False,False
beijing,Huairou,72,3,origin_week,10608,168,AP1,constant,logistic,0,PAIRWISE_EXACT,A,A,False,False
beijing,Huairou,72,3,origin_week,10608,168,AP1,constant,hist_gradient_boosting,0,PAIRWISE_EXACT,A,A,False,False
beijing,Huairou,72,3,origin_week,10608,168,AP1,logistic,hist_gradient_boosting,0,PAIRWISE_EXACT,B,B,False,False
beijing,Huairou,72,3,origin_week,10776,168,AP1,constant,logistic,81,PAIRWISE_INSUFFICIENT,B,B,False,False
beijing,Huairou,72,3,origin_week,10776,168,AP1,constant,hist_gradient_boosting,81,PAIRWISE_INSUFFICIENT,B,B,False,False
beijing,Huairou,72,3,origin_week,10776,168,AP1,logistic,hist_gradient_boosting,81,PAIRWISE_INSUFFICIENT,A,A,False,False
beijing,Huairou,72,3,origin_week,10944,168,AP1,constant,logistic,78,PAIRWISE_INSUFFICIENT,A,A,False,False
beijing,Huairou,72,3,origin_week,10944,168,AP1,constant,hist_gradient_boosting,78,PAIRWISE_INSUFFICIENT,B,B,False,False
beijing,Huairou,72,3,origin_week,10944,168,AP1,logistic,hist_gradient_boosting,78,PAIRWISE_INSUFFICIENT,B,B,False,False
beijing,Huairou,72,3,origin_week,11112,168,AP1,constant,logistic,0,PAIRWISE_EXACT,B,B,False,False
beijing,Huairou,72,3,origin_week,11112,168,AP1,constant,hist_gradient_boosting,0,PAIRWISE_EXACT,B,B,False,False
beijing,Huairou,72,3,origin_week,11112,168,AP1,logistic,hist_gradient_boosting,0,PAIRWISE_EXACT,B,B,False,False
beijing,Huairou,72,3,origin_week,11280,168,AP1,constant,logistic,0,PAIRWISE_EXACT,A,A,False,False
beijing,Huairou,72,3,origin_week,11280,168,AP1,constant,hist_gradient_boosting,0,PAIRWISE_EXACT,A,A,False,False
beijing,Huairou,72,3,origin_week,11280,168,AP1,logistic,hist_gradient_boosting,0,PAIRWISE_EXACT,B,B,False,False
beijing,Huairou,72,3,origin_week,11448,168,AP1,constant,logistic,0,PAIRWISE_EXACT,B,B,False,False
beijing,Huairou,72,3,origin_week,11448,168,AP1,constant,hist_gradient_boosting,0,PAIRWISE_EXACT,B,B,False,False
beijing,Huairou,72,3,origin_week,11448,168,AP1,logistic,hist_gradient_boosting,0,PAIRWISE_EXACT,B,B,False,False
beijing,Huairou,72,3,origin_week,11616,168,AP1,constant,logistic,0,PAIRWISE_EXACT,A,A,False,False
beijing,Huairou,72,3,origin_week,11616,168,AP1,constant,hist_gradient_boosting,0,PAIRWISE_EXACT,A,A,False,False
beijing,Huairou,72,3,origin_week,11616,168,AP1,logistic,hist_gradient_boosting,0,PAIRWISE_EXACT,B,B,False,False
beijing,Huairou,72,3,origin_week,11784,168,AP1,constant,logistic,26,PAIRWISE_EXACT,B,B,False,False
beijing,Huairou,72,3,origin_week,11784,168,AP1,constant,hist_gradient_boosting,26,PAIRWISE_EXACT,B,B,False,False
beijing,Huairou,72,3,origin_week,11784,168,AP1,logistic,hist_gradient_boosting,26,PAIRWISE_EXACT,B,B,False,False
beijing,Huairou,72,3,origin_week,11952,168,AP1,constant,logistic,0,PAIRWISE_EXACT,A,A,False,False
beijing,Huairou,72,3,origin_week,11952,168,AP1,constant,hist_gradient_boosting,0,PAIRWISE_EXACT,A,A,False,False
beijing,Huairou,72,3,origin_week,11952,168,AP1,logistic,hist_gradient_boosting,0,PAIRWISE_EXACT,A,A,False,False
beijing,Huairou,72,3,origin_week,12120,168,AP1,constant,logistic,0,PAIRWISE_EXACT,B,B,False,False
beijing,Huairou,72,3,origin_week,12120,168,AP1,constant,hist_gradient_boosting,0,PAIRWISE_EXACT,B,B,False,False
beijing,Huairou,72,3,origin_week,12120,168,AP1,logistic,hist_gradient_boosting,0,PAIRWISE_EXACT,A,A,False,False
beijing,Huairou,72,3,origin_week,12288,168,AP1,constant,logistic,0,PAIRWISE_EXACT,B,B,False,False
beijing,Huairou,72,3,origin_week,12288,168,AP1,constant,hist_gradient_boosting,0,PAIRWISE_EXACT,B,B,False,False
beijing,Huairou,72,3,origin_week,12288,168,AP1,logistic,hist_gradient_boosting,0,PAIRWISE_EXACT,B,B,False,False
beijing,Huairou,72,3,origin_week,12456,168,AP1,constant,logistic,0,PAIRWISE_EXACT,B,B,False,False
beijing,Huairou,72,3,origin_week,12456,168,AP1,constant,hist_gradient_boosting,0,PAIRWISE_EXACT,B,B,False,False
beijing,Huairou,72,3,origin_week,12456,168,AP1,logistic,hist_gradient_boosting,0,PAIRWISE_EXACT,A,A,False,False
beijing,Huairou,72,3,origin_week,12624,168,AP1,constant,logistic,0,PAIRWISE_EXACT,B,B,False,False
beijing,Huairou,72,3,origin_week,12624,168,AP1,constant,hist_gradient_boosting,0,PAIRWISE_EXACT,B,B,False,False
beijing,Huairou,72,3,origin_week,12624,168,AP1,logistic,hist_gradient_boosting,0,PAIRWISE_EXACT,A,A,False,False
beijing,Huairou,72,3,origin_week,12792,168,AP1,constant,logistic,0,PAIRWISE_EXACT,A,A,False,False
beijing,Huairou,72,3,origin_week,12792,168,AP1,constant,hist_gradient_boosting,0,PAIRWISE_EXACT,B,B,False,False
beijing,Huairou,72,3,origin_week,12792,168,AP1,logistic,hist_gradient_boosting,0,PAIRWISE_EXACT,B,B,False,False
beijing,Huairou,72,3,origin_week,12960,168,AP1,constant,logistic,0,PAIRWISE_EXACT,B,B,False,False
beijing,Huairou,72,3,origin_week,12960,168,AP1,constant,hist_gradient_boosting,0,PAIRWISE_EXACT,B,B,False,False
beijing,Huairou,72,3,origin_week,12960,168,AP1,logistic,hist_gradient_boosting,0,PAIRWISE_EXACT,A,A,False,False
beijing,Huairou,72,3,origin_week,13128,168,AP1,constant,logistic,0,PAIRWISE_EXACT,B,B,False,False
beijing,Huairou,72,3,origin_week,13128,168,AP1,constant,hist_gradient_boosting,0,PAIRWISE_EXACT,B,B,False,False
beijing,Huairou,72,3,origin_week,13128,168,AP1,logistic,hist_gradient_boosting,0,PAIRWISE_EXACT,B,B,False,False
beijing,Huairou,72,3,origin_week,13296,168,AP1,constant,logistic,0,PAIRWISE_EXACT,B,B,False,False
beijing,Huairou,72,3,origin_week,13296,168,AP1,constant,hist_gradient_boosting,0,PAIRWISE_EXACT,B,B,False,False
beijing,Huairou,72,3,origin_week,13296,168,AP1,logistic,hist_gradient_boosting,0,PAIRWISE_EXACT,A,A,False,False
beijing,Huairou,72,3,origin_week,13464,168,AP1,constant,logistic,19,PAIRWISE_EXACT,A,A,False,False
beijing,Huairou,72,3,origin_week,13464,168,AP1,constant,hist_gradient_boosting,19,PAIRWISE_EXACT,A,A,False,False
beijing,Huairou,72,3,origin_week,13464,168,AP1,logistic,hist_gradient_boosting,19,PAIRWISE_EXACT,A,A,False,False
beijing,Huairou,72,3,origin_week,13632,168,AP1,constant,logistic,0,PAIRWISE_EXACT,A,A,False,False
beijing,Huairou,72,3,origin_week,13632,168,AP1,constant,hist_gradient_boosting,0,PAIRWISE_EXACT,A,A,False,False
beijing,Huairou,72,3,origin_week,13632,168,AP1,logistic,hist_gradient_boosting,0,PAIRWISE_EXACT,B,B,False,False
beijing,Huairou,72,3,origin_week,13800,168,AP1,constant,logistic,0,PAIRWISE_EXACT,B,B,False,False
beijing,Huairou,72,3,origin_week,13800,168,AP1,constant,hist_gradient_boosting,0,PAIRWISE_EXACT,B,B,False,False
beijing,Huairou,72,3,origin_week,13800,168,AP1,logistic,hist_gradient_boosting,0,PAIRWISE_EXACT,B,B,False,False
beijing,Huairou,72,3,origin_week,13968,168,AP1,constant,logistic,0,PAIRWISE_EXACT,A,A,False,False
beijing,Huairou,72,3,origin_week,13968,168,AP1,constant,hist_gradient_boosting,0,PAIRWISE_EXACT,A,A,False,False
beijing,Huairou,72,3,origin_week,13968,168,AP1,logistic,hist_gradient_boosting,0,PAIRWISE_EXACT,B,B,False,False
beijing,Huairou,72,3,origin_week,14136,168,AP1,constant,logistic,0,PAIRWISE_EXACT,B,B,False,False
beijing,Huairou,72,3,origin_week,14136,168,AP1,constant,hist_gradient_boosting,0,PAIRWISE_EXACT,A,A,False,False
beijing,Huairou,72,3,origin_week,14136,168,AP1,logistic,hist_gradient_boosting,0,PAIRWISE_EXACT,A,A,False,False
beijing,Huairou,72,3,origin_week,14304,168,AP1,constant,logistic,0,PAIRWISE_EXACT,A,A,False,False
beijing,Huairou,72,3,origin_week,14304,168,AP1,constant,hist_gradient_boosting,0,PAIRWISE_EXACT,A,A,False,False
beijing,Huairou,72,3,origin_week,14304,168,AP1,logistic,hist_gradient_boosting,0,PAIRWISE_EXACT,B,B,False,False
beijing,Huairou,72,3,origin_week,14472,168,AP1,constant,logistic,0,PAIRWISE_EXACT,A,A,False,False
beijing,Huairou,72,3,origin_week,14472,168,AP1,constant,hist_gradient_boosting,0,PAIRWISE_EXACT,B,B,False,False
beijing,Huairou,72,3,origin_week,14472,168,AP1,logistic,hist_gradient_boosting,0,PAIRWISE_EXACT,B,B,False,False
beijing,Huairou,72,3,origin_week,14640,168,AP1,constant,logistic,0,PAIRWISE_EXACT,A,A,False,False
beijing,Huairou,72,3,origin_week,14640,168,AP1,constant,hist_gradient_boosting,0,PAIRWISE_EXACT,A,A,False,False
beijing,Huairou,72,3,origin_week,14640,168,AP1,logistic,hist_gradient_boosting,0,PAIRWISE_EXACT,A,A,False,False
beijing,Huairou,72,3,origin_week,14808,168,AP1,constant,logistic,0,PAIRWISE_EXACT,B,B,False,False
beijing,Huairou,72,3,origin_week,14808,168,AP1,constant,hist_gradient_boosting,0,PAIRWISE_EXACT,B,B,False,False
beijing,Huairou,72,3,origin_week,14808,168,AP1,logistic,hist_gradient_boosting,0,PAIRWISE_EXACT,A,A,False,False
beijing,Huairou,72,3,origin_week,14976,168,AP1,constant,logistic,0,PAIRWISE_EXACT,A,A,False,False
beijing,Huairou,72,3,origin_week,14976,168,AP1,constant,hist_gradient_boosting,0,PAIRWISE_EXACT,A,A,False,False
beijing,Huairou,72,3,origin_week,14976,168,AP1,logistic,hist_gradient_boosting,0,PAIRWISE_EXACT,A,A,False,False
beijing,Huairou,72,3,origin_week,15144,168,AP1,constant,logistic,0,PAIRWISE_EXACT,A,A,False,False
beijing,Huairou,72,3,origin_week,15144,168,AP1,constant,hist_gradient_boosting,0,PAIRWISE_EXACT,A,A,False,False
beijing,Huairou,72,3,origin_week,15144,168,AP1,logistic,hist_gradient_boosting,0,PAIRWISE_EXACT,B,B,False,False
beijing,Huairou,72,3,origin_week,15312,168,AP1,constant,logistic,56,PAIRWISE_EXACT,OPPOSITE_POSSIBLE,OPPOSITE_POSSIBLE,False,False
beijing,Huairou,72,3,origin_week,15312,168,AP1,constant,hist_gradient_boosting,56,PAIRWISE_EXACT,OPPOSITE_POSSIBLE,OPPOSITE_POSSIBLE,False,False
beijing,Huairou,72,3,origin_week,15312,168,AP1,logistic,hist_gradient_boosting,56,PAIRWISE_EXACT,OPPOSITE_POSSIBLE,OPPOSITE_POSSIBLE,False,False
beijing,Huairou,72,3,origin_week,15480,168,AP1,constant,logistic,0,PAIRWISE_EXACT,A,A,False,False
beijing,Huairou,72,3,origin_week,15480,168,AP1,constant,hist_gradient_boosting,0,PAIRWISE_EXACT,B,B,False,False
beijing,Huairou,72,3,origin_week,15480,168,AP1,logistic,hist_gradient_boosting,0,PAIRWISE_EXACT,B,B,False,False
beijing,Huairou,72,3,origin_week,15648,168,AP1,constant,logistic,0,PAIRWISE_EXACT,A,A,False,False
beijing,Huairou,72,3,origin_week,15648,168,AP1,constant,hist_gradient_boosting,0,PAIRWISE_EXACT,B,B,False,False
beijing,Huairou,72,3,origin_week,15648,168,AP1,logistic,hist_gradient_boosting,0,PAIRWISE_EXACT,B,B,False,False
beijing,Huairou,72,3,origin_week,15816,168,AP1,constant,logistic,0,PAIRWISE_EXACT,A,A,False,False
beijing,Huairou,72,3,origin_week,15816,168,AP1,constant,hist_gradient_boosting,0,PAIRWISE_EXACT,A,A,False,False
beijing,Huairou,72,3,origin_week,15816,168,AP1,logistic,hist_gradient_boosting,0,PAIRWISE_EXACT,A,A,False,False
beijing,Huairou,72,3,origin_week,15984,168,AP1,constant,logistic,0,PAIRWISE_EXACT,B,B,False,False
beijing,Huairou,72,3,origin_week,15984,168,AP1,constant,hist_gradient_boosting,0,PAIRWISE_EXACT,B,B,False,False
beijing,Huairou,72,3,origin_week,15984,168,AP1,logistic,hist_gradient_boosting,0,PAIRWISE_EXACT,A,A,False,False
beijing,Huairou,72,3,origin_week,16152,168,AP1,constant,logistic,0,PAIRWISE_EXACT,A,A,False,False
beijing,Huairou,72,3,origin_week,16152,168,AP1,constant,hist_gradient_boosting,0,PAIRWISE_EXACT,A,A,False,False
beijing,Huairou,72,3,origin_week,16152,168,AP1,logistic,hist_gradient_boosting,0,PAIRWISE_EXACT,A,A,False,False
beijing,Huairou,72,3,origin_week,16320,168,AP1,constant,logistic,0,PAIRWISE_EXACT,A,A,False,False
beijing,Huairou,72,3,origin_week,16320,168,AP1,constant,hist_gradient_boosting,0,PAIRWISE_EXACT,B,B,False,False
beijing,Huairou,72,3,origin_week,16320,168,AP1,logistic,hist_gradient_boosting,0,PAIRWISE_EXACT,B,B,False,False
beijing,Huairou,72,3,origin_week,16488,168,AP1,constant,logistic,0,PAIRWISE_EXACT,A,A,False,False
beijing,Huairou,72,3,origin_week,16488,168,AP1,constant,hist_gradient_boosting,0,PAIRWISE_EXACT,B,B,False,False
beijing,Huairou,72,3,origin_week,16488,168,AP1,logistic,hist_gradient_boosting,0,PAIRWISE_EXACT,B,B,False,False
beijing,Huairou,72,3,origin_week,16656,168,AP1,constant,logistic,0,PAIRWISE_EXACT,A,A,False,False
beijing,Huairou,72,3,origin_week,16656,168,AP1,constant,hist_gradient_boosting,0,PAIRWISE_EXACT,A,A,False,False
beijing,Huairou,72,3,origin_week,16656,168,AP1,logistic,hist_gradient_boosting,0,PAIRWISE_EXACT,B,B,False,False
beijing,Huairou,72,3,origin_week,16824,168,AP1,constant,logistic,0,PAIRWISE_EXACT,A,A,False,False
beijing,Huairou,72,3,origin_week,16824,168,AP1,constant,hist_gradient_boosting,0,PAIRWISE_EXACT,A,A,False,False
beijing,Huairou,72,3,origin_week,16824,168,AP1,logistic,hist_gradient_boosting,0,PAIRWISE_EXACT,B,B,False,False
beijing,Huairou,72,3,origin_week,16992,168,AP1,constant,logistic,0,PAIRWISE_EXACT,A,A,False,False
beijing,Huairou,72,3,origin_week,16992,168,AP1,constant,hist_gradient_boosting,0,PAIRWISE_EXACT,A,A,False,False
beijing,Huairou,72,3,origin_week,16992,168,AP1,logistic,hist_gradient_boosting,0,PAIRWISE_EXACT,A,A,False,False
beijing,Huairou,72,3,origin_week,17160,168,AP1,constant,logistic,0,PAIRWISE_EXACT,A,A,False,False
beijing,Huairou,72,3,origin_week,17160,168,AP1,constant,hist_gradient_boosting,0,PAIRWISE_EXACT,B,B,False,False
beijing,Huairou,72,3,origin_week,17160,168,AP1,logistic,hist_gradient_boosting,0,PAIRWISE_EXACT,B,B,False,False
beijing,Huairou,72,3,origin_week,17328,121,AP1,constant,logistic,0,PAIRWISE_EXACT,A,A,False,False
beijing,Huairou,72,3,origin_week,17328,121,AP1,constant,hist_gradient_boosting,0,PAIRWISE_EXACT,A,A,False,False
beijing,Huairou,72,3,origin_week,17328,121,AP1,logistic,hist_gradient_boosting,0,PAIRWISE_EXACT,B,B,False,False
beijing,Nongzhanguan,24,3,annual,8760,8737,AP1,constant,logistic,86,PAIRWISE_INSUFFICIENT,B,B,False,False
beijing,Nongzhanguan,24,3,annual,8760,8737,AP1,constant,hist_gradient_boosting,86,PAIRWISE_INSUFFICIENT,B,B,False,True
beijing,Nongzhanguan,24,3,annual,8760,8737,AP1,logistic,hist_gradient_boosting,86,PAIRWISE_INSUFFICIENT,A,A,False,False
beijing,Nongzhanguan,24,3,origin_week,8760,168,AP1,constant,logistic,0,PAIRWISE_EXACT,B,B,False,False
beijing,Nongzhanguan,24,3,origin_week,8760,168,AP1,constant,hist_gradient_boosting,0,PAIRWISE_EXACT,B,B,False,False
beijing,Nongzhanguan,24,3,origin_week,8760,168,AP1,logistic,hist_gradient_boosting,0,PAIRWISE_EXACT,A,A,False,False
beijing,Nongzhanguan,24,3,origin_week,8928,168,AP1,constant,logistic,0,PAIRWISE_EXACT,B,B,False,False
beijing,Nongzhanguan,24,3,origin_week,8928,168,AP1,constant,hist_gradient_boosting,0,PAIRWISE_EXACT,B,B,False,False
beijing,Nongzhanguan,24,3,origin_week,8928,168,AP1,logistic,hist_gradient_boosting,0,PAIRWISE_EXACT,A,A,False,False
beijing,Nongzhanguan,24,3,origin_week,9096,168,AP1,constant,logistic,0,PAIRWISE_EXACT,B,B,False,False
beijing,Nongzhanguan,24,3,origin_week,9096,168,AP1,constant,hist_gradient_boosting,0,PAIRWISE_EXACT,B,B,False,False
beijing,Nongzhanguan,24,3,origin_week,9096,168,AP1,logistic,hist_gradient_boosting,0,PAIRWISE_EXACT,B,B,False,False
beijing,Nongzhanguan,24,3,origin_week,9264,168,AP1,constant,logistic,0,PAIRWISE_EXACT,B,B,False,False
beijing,Nongzhanguan,24,3,origin_week,9264,168,AP1,constant,hist_gradient_boosting,0,PAIRWISE_EXACT,B,B,False,False
beijing,Nongzhanguan,24,3,origin_week,9264,168,AP1,logistic,hist_gradient_boosting,0,PAIRWISE_EXACT,A,A,False,False
beijing,Nongzhanguan,24,3,origin_week,9432,168,AP1,constant,logistic,0,PAIRWISE_EXACT,B,B,False,False
beijing,Nongzhanguan,24,3,origin_week,9432,168,AP1,constant,hist_gradient_boosting,0,PAIRWISE_EXACT,B,B,False,False
beijing,Nongzhanguan,24,3,origin_week,9432,168,AP1,logistic,hist_gradient_boosting,0,PAIRWISE_EXACT,A,A,False,False
beijing,Nongzhanguan,24,3,origin_week,9600,168,AP1,constant,logistic,4,PAIRWISE_EXACT,B,B,False,False
beijing,Nongzhanguan,24,3,origin_week,9600,168,AP1,constant,hist_gradient_boosting,4,PAIRWISE_EXACT,B,B,False,False
beijing,Nongzhanguan,24,3,origin_week,9600,168,AP1,logistic,hist_gradient_boosting,4,PAIRWISE_EXACT,A,A,False,False
beijing,Nongzhanguan,24,3,origin_week,9768,168,AP1,constant,logistic,0,PAIRWISE_EXACT,B,B,False,False
beijing,Nongzhanguan,24,3,origin_week,9768,168,AP1,constant,hist_gradient_boosting,0,PAIRWISE_EXACT,B,B,False,False
beijing,Nongzhanguan,24,3,origin_week,9768,168,AP1,logistic,hist_gradient_boosting,0,PAIRWISE_EXACT,B,B,False,False
beijing,Nongzhanguan,24,3,origin_week,9936,168,AP1,constant,logistic,0,PAIRWISE_EXACT,B,B,False,False
beijing,Nongzhanguan,24,3,origin_week,9936,168,AP1,constant,hist_gradient_boosting,0,PAIRWISE_EXACT,B,B,False,False
beijing,Nongzhanguan,24,3,origin_week,9936,168,AP1,logistic,hist_gradient_boosting,0,PAIRWISE_EXACT,B,B,False,False
beijing,Nongzhanguan,24,3,origin_week,10104,168,AP1,constant,logistic,0,PAIRWISE_EXACT,B,B,False,False
beijing,Nongzhanguan,24,3,origin_week,10104,168,AP1,constant,hist_gradient_boosting,0,PAIRWISE_EXACT,B,B,False,False
beijing,Nongzhanguan,24,3,origin_week,10104,168,AP1,logistic,hist_gradient_boosting,0,PAIRWISE_EXACT,B,B,False,False
beijing,Nongzhanguan,24,3,origin_week,10272,168,AP1,constant,logistic,13,PAIRWISE_INSUFFICIENT,A,A,False,False
beijing,Nongzhanguan,24,3,origin_week,10272,168,AP1,constant,hist_gradient_boosting,13,PAIRWISE_INSUFFICIENT,A,A,False,True
beijing,Nongzhanguan,24,3,origin_week,10272,168,AP1,logistic,hist_gradient_boosting,13,PAIRWISE_INSUFFICIENT,OPPOSITE_POSSIBLE,OPPOSITE_POSSIBLE,False,False
beijing,Nongzhanguan,24,3,origin_week,10440,168,AP1,constant,logistic,0,PAIRWISE_EXACT,B,B,False,False
beijing,Nongzhanguan,24,3,origin_week,10440,168,AP1,constant,hist_gradient_boosting,0,PAIRWISE_EXACT,A,A,False,False
beijing,Nongzhanguan,24,3,origin_week,10440,168,AP1,logistic,hist_gradient_boosting,0,PAIRWISE_EXACT,A,A,False,False
beijing,Nongzhanguan,24,3,origin_week,10608,168,AP1,constant,logistic,0,PAIRWISE_EXACT,B,B,False,False
beijing,Nongzhanguan,24,3,origin_week,10608,168,AP1,constant,hist_gradient_boosting,0,PAIRWISE_EXACT,B,B,False,False
beijing,Nongzhanguan,24,3,origin_week,10608,168,AP1,logistic,hist_gradient_boosting,0,PAIRWISE_EXACT,A,A,False,False
beijing,Nongzhanguan,24,3,origin_week,10776,168,AP1,constant,logistic,0,PAIRWISE_EXACT,B,B,False,False
beijing,Nongzhanguan,24,3,origin_week,10776,168,AP1,constant,hist_gradient_boosting,0,PAIRWISE_EXACT,B,B,False,False
beijing,Nongzhanguan,24,3,origin_week,10776,168,AP1,logistic,hist_gradient_boosting,0,PAIRWISE_EXACT,B,B,False,False
beijing,Nongzhanguan,24,3,origin_week,10944,168,AP1,constant,logistic,0,PAIRWISE_EXACT,B,B,False,False
beijing,Nongzhanguan,24,3,origin_week,10944,168,AP1,constant,hist_gradient_boosting,0,PAIRWISE_EXACT,B,B,False,False
beijing,Nongzhanguan,24,3,origin_week,10944,168,AP1,logistic,hist_gradient_boosting,0,PAIRWISE_EXACT,B,B,False,False
beijing,Nongzhanguan,24,3,origin_week,11112,168,AP1,constant,logistic,0,PAIRWISE_EXACT,B,B,False,False
beijing,Nongzhanguan,24,3,origin_week,11112,168,AP1,constant,hist_gradient_boosting,0,PAIRWISE_EXACT,B,B,False,False
beijing,Nongzhanguan,24,3,origin_week,11112,168,AP1,logistic,hist_gradient_boosting,0,PAIRWISE_EXACT,B,B,False,False
beijing,Nongzhanguan,24,3,origin_week,11280,168,AP1,constant,logistic,0,PAIRWISE_EXACT,A,A,False,False
beijing,Nongzhanguan,24,3,origin_week,11280,168,AP1,constant,hist_gradient_boosting,0,PAIRWISE_EXACT,A,A,False,False
beijing,Nongzhanguan,24,3,origin_week,11280,168,AP1,logistic,hist_gradient_boosting,0,PAIRWISE_EXACT,A,A,False,False
beijing,Nongzhanguan,24,3,origin_week,11448,168,AP1,constant,logistic,0,PAIRWISE_EXACT,B,B,False,False
beijing,Nongzhanguan,24,3,origin_week,11448,168,AP1,constant,hist_gradient_boosting,0,PAIRWISE_EXACT,B,B,False,False
beijing,Nongzhanguan,24,3,origin_week,11448,168,AP1,logistic,hist_gradient_boosting,0,PAIRWISE_EXACT,A,A,False,False
beijing,Nongzhanguan,24,3,origin_week,11616,168,AP1,constant,logistic,0,PAIRWISE_EXACT,B,B,False,False
beijing,Nongzhanguan,24,3,origin_week,11616,168,AP1,constant,hist_gradient_boosting,0,PAIRWISE_EXACT,B,B,False,False
beijing,Nongzhanguan,24,3,origin_week,11616,168,AP1,logistic,hist_gradient_boosting,0,PAIRWISE_EXACT,B,B,False,False
beijing,Nongzhanguan,24,3,origin_week,11784,168,AP1,constant,logistic,0,PAIRWISE_EXACT,B,B,False,False
beijing,Nongzhanguan,24,3,origin_week,11784,168,AP1,constant,hist_gradient_boosting,0,PAIRWISE_EXACT,B,B,False,False
beijing,Nongzhanguan,24,3,origin_week,11784,168,AP1,logistic,hist_gradient_boosting,0,PAIRWISE_EXACT,B,B,False,False
beijing,Nongzhanguan,24,3,origin_week,11952,168,AP1,constant,logistic,0,PAIRWISE_EXACT,B,B,False,False
beijing,Nongzhanguan,24,3,origin_week,11952,168,AP1,constant,hist_gradient_boosting,0,PAIRWISE_EXACT,B,B,False,False
beijing,Nongzhanguan,24,3,origin_week,11952,168,AP1,logistic,hist_gradient_boosting,0,PAIRWISE_EXACT,B,B,False,False
beijing,Nongzhanguan,24,3,origin_week,12120,168,AP1,constant,logistic,0,PAIRWISE_EXACT,B,B,False,False
beijing,Nongzhanguan,24,3,origin_week,12120,168,AP1,constant,hist_gradient_boosting,0,PAIRWISE_EXACT,B,B,False,False
beijing,Nongzhanguan,24,3,origin_week,12120,168,AP1,logistic,hist_gradient_boosting,0,PAIRWISE_EXACT,B,B,False,False
beijing,Nongzhanguan,24,3,origin_week,12288,168,AP1,constant,logistic,0,PAIRWISE_EXACT,B,B,False,False
beijing,Nongzhanguan,24,3,origin_week,12288,168,AP1,constant,hist_gradient_boosting,0,PAIRWISE_EXACT,B,B,False,False
beijing,Nongzhanguan,24,3,origin_week,12288,168,AP1,logistic,hist_gradient_boosting,0,PAIRWISE_EXACT,B,B,False,False
beijing,Nongzhanguan,24,3,origin_week,12456,168,AP1,constant,logistic,0,PAIRWISE_EXACT,B,B,False,False
beijing,Nongzhanguan,24,3,origin_week,12456,168,AP1,constant,hist_gradient_boosting,0,PAIRWISE_EXACT,B,B,False,False
beijing,Nongzhanguan,24,3,origin_week,12456,168,AP1,logistic,hist_gradient_boosting,0,PAIRWISE_EXACT,B,B,False,False
beijing,Nongzhanguan,24,3,origin_week,12624,168,AP1,constant,logistic,1,PAIRWISE_EXACT,B,B,False,False
beijing,Nongzhanguan,24,3,origin_week,12624,168,AP1,constant,hist_gradient_boosting,1,PAIRWISE_EXACT,B,B,False,False
beijing,Nongzhanguan,24,3,origin_week,12624,168,AP1,logistic,hist_gradient_boosting,1,PAIRWISE_EXACT,B,B,False,False
beijing,Nongzhanguan,24,3,origin_week,12792,168,AP1,constant,logistic,0,PAIRWISE_EXACT,A,A,False,False
beijing,Nongzhanguan,24,3,origin_week,12792,168,AP1,constant,hist_gradient_boosting,0,PAIRWISE_EXACT,B,B,False,False
beijing,Nongzhanguan,24,3,origin_week,12792,168,AP1,logistic,hist_gradient_boosting,0,PAIRWISE_EXACT,B,B,False,False
beijing,Nongzhanguan,24,3,origin_week,12960,168,AP1,constant,logistic,0,PAIRWISE_EXACT,B,B,False,False
beijing,Nongzhanguan,24,3,origin_week,12960,168,AP1,constant,hist_gradient_boosting,0,PAIRWISE_EXACT,B,B,False,False
beijing,Nongzhanguan,24,3,origin_week,12960,168,AP1,logistic,hist_gradient_boosting,0,PAIRWISE_EXACT,B,B,False,False
beijing,Nongzhanguan,24,3,origin_week,13128,168,AP1,constant,logistic,0,PAIRWISE_EXACT,B,B,False,False
beijing,Nongzhanguan,24,3,origin_week,13128,168,AP1,constant,hist_gradient_boosting,0,PAIRWISE_EXACT,B,B,False,False
beijing,Nongzhanguan,24,3,origin_week,13128,168,AP1,logistic,hist_gradient_boosting,0,PAIRWISE_EXACT,B,B,False,False
beijing,Nongzhanguan,24,3,origin_week,13296,168,AP1,constant,logistic,0,PAIRWISE_EXACT,B,B,False,False
beijing,Nongzhanguan,24,3,origin_week,13296,168,AP1,constant,hist_gradient_boosting,0,PAIRWISE_EXACT,B,B,False,False
beijing,Nongzhanguan,24,3,origin_week,13296,168,AP1,logistic,hist_gradient_boosting,0,PAIRWISE_EXACT,B,B,False,False
beijing,Nongzhanguan,24,3,origin_week,13464,168,AP1,constant,logistic,33,PAIRWISE_INSUFFICIENT,OPPOSITE_POSSIBLE,OPPOSITE_POSSIBLE,False,False
beijing,Nongzhanguan,24,3,origin_week,13464,168,AP1,constant,hist_gradient_boosting,33,PAIRWISE_INSUFFICIENT,OPPOSITE_POSSIBLE,OPPOSITE_POSSIBLE,False,False
beijing,Nongzhanguan,24,3,origin_week,13464,168,AP1,logistic,hist_gradient_boosting,33,PAIRWISE_INSUFFICIENT,B,B,False,False
beijing,Nongzhanguan,24,3,origin_week,13632,168,AP1,constant,logistic,0,PAIRWISE_EXACT,B,B,False,False
beijing,Nongzhanguan,24,3,origin_week,13632,168,AP1,constant,hist_gradient_boosting,0,PAIRWISE_EXACT,B,B,False,False
beijing,Nongzhanguan,24,3,origin_week,13632,168,AP1,logistic,hist_gradient_boosting,0,PAIRWISE_EXACT,A,A,False,False
beijing,Nongzhanguan,24,3,origin_week,13800,168,AP1,constant,logistic,0,PAIRWISE_EXACT,B,B,False,False
beijing,Nongzhanguan,24,3,origin_week,13800,168,AP1,constant,hist_gradient_boosting,0,PAIRWISE_EXACT,A,A,False,False
beijing,Nongzhanguan,24,3,origin_week,13800,168,AP1,logistic,hist_gradient_boosting,0,PAIRWISE_EXACT,A,A,False,False
beijing,Nongzhanguan,24,3,origin_week,13968,168,AP1,constant,logistic,0,PAIRWISE_EXACT,B,B,False,False
beijing,Nongzhanguan,24,3,origin_week,13968,168,AP1,constant,hist_gradient_boosting,0,PAIRWISE_EXACT,B,B,False,False
beijing,Nongzhanguan,24,3,origin_week,13968,168,AP1,logistic,hist_gradient_boosting,0,PAIRWISE_EXACT,A,A,False,False
beijing,Nongzhanguan,24,3,origin_week,14136,168,AP1,constant,logistic,0,PAIRWISE_EXACT,B,B,False,False
beijing,Nongzhanguan,24,3,origin_week,14136,168,AP1,constant,hist_gradient_boosting,0,PAIRWISE_EXACT,B,B,False,False
beijing,Nongzhanguan,24,3,origin_week,14136,168,AP1,logistic,hist_gradient_boosting,0,PAIRWISE_EXACT,A,A,False,False
beijing,Nongzhanguan,24,3,origin_week,14304,168,AP1,constant,logistic,0,PAIRWISE_EXACT,B,B,False,False
beijing,Nongzhanguan,24,3,origin_week,14304,168,AP1,constant,hist_gradient_boosting,0,PAIRWISE_EXACT,B,B,False,False
beijing,Nongzhanguan,24,3,origin_week,14304,168,AP1,logistic,hist_gradient_boosting,0,PAIRWISE_EXACT,A,A,False,False
beijing,Nongzhanguan,24,3,origin_week,14472,168,AP1,constant,logistic,0,PAIRWISE_EXACT,B,B,False,False
beijing,Nongzhanguan,24,3,origin_week,14472,168,AP1,constant,hist_gradient_boosting,0,PAIRWISE_EXACT,B,B,False,False
beijing,Nongzhanguan,24,3,origin_week,14472,168,AP1,logistic,hist_gradient_boosting,0,PAIRWISE_EXACT,A,A,False,False
beijing,Nongzhanguan,24,3,origin_week,14640,168,AP1,constant,logistic,0,PAIRWISE_EXACT,B,B,False,False
beijing,Nongzhanguan,24,3,origin_week,14640,168,AP1,constant,hist_gradient_boosting,0,PAIRWISE_EXACT,B,B,False,False
beijing,Nongzhanguan,24,3,origin_week,14640,168,AP1,logistic,hist_gradient_boosting,0,PAIRWISE_EXACT,A,A,False,False
beijing,Nongzhanguan,24,3,origin_week,14808,168,AP1,constant,logistic,22,PAIRWISE_EXACT,B,B,False,False
beijing,Nongzhanguan,24,3,origin_week,14808,168,AP1,constant,hist_gradient_boosting,22,PAIRWISE_EXACT,B,B,False,False
beijing,Nongzhanguan,24,3,origin_week,14808,168,AP1,logistic,hist_gradient_boosting,22,PAIRWISE_EXACT,OPPOSITE_POSSIBLE,OPPOSITE_POSSIBLE,False,False
beijing,Nongzhanguan,24,3,origin_week,14976,168,AP1,constant,logistic,1,PAIRWISE_EXACT,B,B,False,False
beijing,Nongzhanguan,24,3,origin_week,14976,168,AP1,constant,hist_gradient_boosting,1,PAIRWISE_EXACT,B,B,False,False
beijing,Nongzhanguan,24,3,origin_week,14976,168,AP1,logistic,hist_gradient_boosting,1,PAIRWISE_EXACT,B,B,False,False
beijing,Nongzhanguan,24,3,origin_week,15144,168,AP1,constant,logistic,9,PAIRWISE_EXACT,B,B,False,False
beijing,Nongzhanguan,24,3,origin_week,15144,168,AP1,constant,hist_gradient_boosting,9,PAIRWISE_EXACT,A,A,False,False
beijing,Nongzhanguan,24,3,origin_week,15144,168,AP1,logistic,hist_gradient_boosting,9,PAIRWISE_EXACT,A,A,False,False
beijing,Nongzhanguan,24,3,origin_week,15312,168,AP1,constant,logistic,3,PAIRWISE_EXACT,B,B,False,False
beijing,Nongzhanguan,24,3,origin_week,15312,168,AP1,constant,hist_gradient_boosting,3,PAIRWISE_EXACT,B,B,False,False
beijing,Nongzhanguan,24,3,origin_week,15312,168,AP1,logistic,hist_gradient_boosting,3,PAIRWISE_EXACT,B,B,False,False
beijing,Nongzhanguan,24,3,origin_week,15480,168,AP1,constant,logistic,0,PAIRWISE_EXACT,A,A,False,False
beijing,Nongzhanguan,24,3,origin_week,15480,168,AP1,constant,hist_gradient_boosting,0,PAIRWISE_EXACT,A,A,False,False
beijing,Nongzhanguan,24,3,origin_week,15480,168,AP1,logistic,hist_gradient_boosting,0,PAIRWISE_EXACT,A,A,False,False
beijing,Nongzhanguan,24,3,origin_week,15648,168,AP1,constant,logistic,0,PAIRWISE_EXACT,B,B,False,False
beijing,Nongzhanguan,24,3,origin_week,15648,168,AP1,constant,hist_gradient_boosting,0,PAIRWISE_EXACT,B,B,False,False
beijing,Nongzhanguan,24,3,origin_week,15648,168,AP1,logistic,hist_gradient_boosting,0,PAIRWISE_EXACT,B,B,False,False
beijing,Nongzhanguan,24,3,origin_week,15816,168,AP1,constant,logistic,0,PAIRWISE_EXACT,B,B,False,False
beijing,Nongzhanguan,24,3,origin_week,15816,168,AP1,constant,hist_gradient_boosting,0,PAIRWISE_EXACT,B,B,False,False
beijing,Nongzhanguan,24,3,origin_week,15816,168,AP1,logistic,hist_gradient_boosting,0,PAIRWISE_EXACT,A,A,False,False
beijing,Nongzhanguan,24,3,origin_week,15984,168,AP1,constant,logistic,0,PAIRWISE_EXACT,B,B,False,False
beijing,Nongzhanguan,24,3,origin_week,15984,168,AP1,constant,hist_gradient_boosting,0,PAIRWISE_EXACT,B,B,False,False
beijing,Nongzhanguan,24,3,origin_week,15984,168,AP1,logistic,hist_gradient_boosting,0,PAIRWISE_EXACT,A,A,False,False
beijing,Nongzhanguan,24,3,origin_week,16152,168,AP1,constant,logistic,0,PAIRWISE_EXACT,B,B,False,False
beijing,Nongzhanguan,24,3,origin_week,16152,168,AP1,constant,hist_gradient_boosting,0,PAIRWISE_EXACT,B,B,False,False
beijing,Nongzhanguan,24,3,origin_week,16152,168,AP1,logistic,hist_gradient_boosting,0,PAIRWISE_EXACT,A,A,False,False
beijing,Nongzhanguan,24,3,origin_week,16320,168,AP1,constant,logistic,0,PAIRWISE_EXACT,B,B,False,False
beijing,Nongzhanguan,24,3,origin_week,16320,168,AP1,constant,hist_gradient_boosting,0,PAIRWISE_EXACT,B,B,False,False
beijing,Nongzhanguan,24,3,origin_week,16320,168,AP1,logistic,hist_gradient_boosting,0,PAIRWISE_EXACT,A,A,False,False
beijing,Nongzhanguan,24,3,origin_week,16488,168,AP1,constant,logistic,0,PAIRWISE_EXACT,B,B,False,False
beijing,Nongzhanguan,24,3,origin_week,16488,168,AP1,constant,hist_gradient_boosting,0,PAIRWISE_EXACT,A,A,False,False
beijing,Nongzhanguan,24,3,origin_week,16488,168,AP1,logistic,hist_gradient_boosting,0,PAIRWISE_EXACT,A,A,False,False
beijing,Nongzhanguan,24,3,origin_week,16656,168,AP1,constant,logistic,0,PAIRWISE_EXACT,B,B,False,False
beijing,Nongzhanguan,24,3,origin_week,16656,168,AP1,constant,hist_gradient_boosting,0,PAIRWISE_EXACT,B,B,False,False
beijing,Nongzhanguan,24,3,origin_week,16656,168,AP1,logistic,hist_gradient_boosting,0,PAIRWISE_EXACT,B,B,False,False
beijing,Nongzhanguan,24,3,origin_week,16824,168,AP1,constant,logistic,0,PAIRWISE_EXACT,B,B,False,False
beijing,Nongzhanguan,24,3,origin_week,16824,168,AP1,constant,hist_gradient_boosting,0,PAIRWISE_EXACT,B,B,False,False
beijing,Nongzhanguan,24,3,origin_week,16824,168,AP1,logistic,hist_gradient_boosting,0,PAIRWISE_EXACT,A,A,False,False
beijing,Nongzhanguan,24,3,origin_week,16992,168,AP1,constant,logistic,0,PAIRWISE_EXACT,B,B,False,False
beijing,Nongzhanguan,24,3,origin_week,16992,168,AP1,constant,hist_gradient_boosting,0,PAIRWISE_EXACT,B,B,False,False
beijing,Nongzhanguan,24,3,origin_week,16992,168,AP1,logistic,hist_gradient_boosting,0,PAIRWISE_EXACT,B,B,False,False
beijing,Nongzhanguan,24,3,origin_week,17160,168,AP1,constant,logistic,0,PAIRWISE_EXACT,B,B,False,False
beijing,Nongzhanguan,24,3,origin_week,17160,168,AP1,constant,hist_gradient_boosting,0,PAIRWISE_EXACT,B,B,False,False
beijing,Nongzhanguan,24,3,origin_week,17160,168,AP1,logistic,hist_gradient_boosting,0,PAIRWISE_EXACT,A,A,False,False
beijing,Nongzhanguan,24,3,origin_week,17328,168,AP1,constant,logistic,0,PAIRWISE_EXACT,B,B,False,False
beijing,Nongzhanguan,24,3,origin_week,17328,168,AP1,constant,hist_gradient_boosting,0,PAIRWISE_EXACT,B,B,False,False
beijing,Nongzhanguan,24,3,origin_week,17328,168,AP1,logistic,hist_gradient_boosting,0,PAIRWISE_EXACT,B,B,False,False
beijing,Nongzhanguan,24,3,origin_week,17496,1,AP1,constant,logistic,0,PAIRWISE_EXACT,B,B,False,False
beijing,Nongzhanguan,24,3,origin_week,17496,1,AP1,constant,hist_gradient_boosting,0,PAIRWISE_EXACT,B,B,False,False
beijing,Nongzhanguan,24,3,origin_week,17496,1,AP1,logistic,hist_gradient_boosting,0,PAIRWISE_EXACT,A,A,False,False
beijing,Nongzhanguan,72,3,annual,8760,8689,AP1,constant,logistic,50,PAIRWISE_INSUFFICIENT,B,B,False,False
beijing,Nongzhanguan,72,3,annual,8760,8689,AP1,constant,hist_gradient_boosting,50,PAIRWISE_INSUFFICIENT,OPPOSITE_POSSIBLE,OPPOSITE_POSSIBLE,False,False
beijing,Nongzhanguan,72,3,annual,8760,8689,AP1,logistic,hist_gradient_boosting,50,PAIRWISE_INSUFFICIENT,A,A,False,False
beijing,Nongzhanguan,72,3,origin_week,8760,168,AP1,constant,logistic,0,PAIRWISE_EXACT,B,B,False,False
beijing,Nongzhanguan,72,3,origin_week,8760,168,AP1,constant,hist_gradient_boosting,0,PAIRWISE_EXACT,A,A,False,False
beijing,Nongzhanguan,72,3,origin_week,8760,168,AP1,logistic,hist_gradient_boosting,0,PAIRWISE_EXACT,A,A,False,False
beijing,Nongzhanguan,72,3,origin_week,8928,168,AP1,constant,logistic,0,PAIRWISE_EXACT,B,B,False,False
beijing,Nongzhanguan,72,3,origin_week,8928,168,AP1,constant,hist_gradient_boosting,0,PAIRWISE_EXACT,B,B,False,False
beijing,Nongzhanguan,72,3,origin_week,8928,168,AP1,logistic,hist_gradient_boosting,0,PAIRWISE_EXACT,A,A,False,False
beijing,Nongzhanguan,72,3,origin_week,9096,168,AP1,constant,logistic,0,PAIRWISE_EXACT,B,B,False,False
beijing,Nongzhanguan,72,3,origin_week,9096,168,AP1,constant,hist_gradient_boosting,0,PAIRWISE_EXACT,B,B,False,False
beijing,Nongzhanguan,72,3,origin_week,9096,168,AP1,logistic,hist_gradient_boosting,0,PAIRWISE_EXACT,B,B,False,False
beijing,Nongzhanguan,72,3,origin_week,9264,168,AP1,constant,logistic,0,PAIRWISE_EXACT,B,B,False,False
beijing,Nongzhanguan,72,3,origin_week,9264,168,AP1,constant,hist_gradient_boosting,0,PAIRWISE_EXACT,B,B,False,False
beijing,Nongzhanguan,72,3,origin_week,9264,168,AP1,logistic,hist_gradient_boosting,0,PAIRWISE_EXACT,A,A,False,False
beijing,Nongzhanguan,72,3,origin_week,9432,168,AP1,constant,logistic,0,PAIRWISE_EXACT,A,A,False,False
beijing,Nongzhanguan,72,3,origin_week,9432,168,AP1,constant,hist_gradient_boosting,0,PAIRWISE_EXACT,A,A,False,False
beijing,Nongzhanguan,72,3,origin_week,9432,168,AP1,logistic,hist_gradient_boosting,0,PAIRWISE_EXACT,A,A,False,False
beijing,Nongzhanguan,72,3,origin_week,9600,168,AP1,constant,logistic,0,PAIRWISE_EXACT,B,B,False,False
beijing,Nongzhanguan,72,3,origin_week,9600,168,AP1,constant,hist_gradient_boosting,0,PAIRWISE_EXACT,B,B,False,False
beijing,Nongzhanguan,72,3,origin_week,9600,168,AP1,logistic,hist_gradient_boosting,0,PAIRWISE_EXACT,A,A,False,False
beijing,Nongzhanguan,72,3,origin_week,9768,168,AP1,constant,logistic,0,PAIRWISE_EXACT,B,B,False,False
beijing,Nongzhanguan,72,3,origin_week,9768,168,AP1,constant,hist_gradient_boosting,0,PAIRWISE_EXACT,B,B,False,False
beijing,Nongzhanguan,72,3,origin_week,9768,168,AP1,logistic,hist_gradient_boosting,0,PAIRWISE_EXACT,B,B,False,False
beijing,Nongzhanguan,72,3,origin_week,9936,168,AP1,constant,logistic,0,PAIRWISE_EXACT,B,B,False,False
beijing,Nongzhanguan,72,3,origin_week,9936,168,AP1,constant,hist_gradient_boosting,0,PAIRWISE_EXACT,B,B,False,False
beijing,Nongzhanguan,72,3,origin_week,9936,168,AP1,logistic,hist_gradient_boosting,0,PAIRWISE_EXACT,B,B,False,False
beijing,Nongzhanguan,72,3,origin_week,10104,168,AP1,constant,logistic,0,PAIRWISE_EXACT,B,B,False,False
beijing,Nongzhanguan,72,3,origin_week,10104,168,AP1,constant,hist_gradient_boosting,0,PAIRWISE_EXACT,B,B,False,False
beijing,Nongzhanguan,72,3,origin_week,10104,168,AP1,logistic,hist_gradient_boosting,0,PAIRWISE_EXACT,B,B,False,False
beijing,Nongzhanguan,72,3,origin_week,10272,168,AP1,constant,logistic,0,PAIRWISE_EXACT,A,A,False,False
beijing,Nongzhanguan,72,3,origin_week,10272,168,AP1,constant,hist_gradient_boosting,0,PAIRWISE_EXACT,A,A,False,False
beijing,Nongzhanguan,72,3,origin_week,10272,168,AP1,logistic,hist_gradient_boosting,0,PAIRWISE_EXACT,A,A,False,False
beijing,Nongzhanguan,72,3,origin_week,10440,168,AP1,constant,logistic,0,PAIRWISE_EXACT,A,A,False,False
beijing,Nongzhanguan,72,3,origin_week,10440,168,AP1,constant,hist_gradient_boosting,0,PAIRWISE_EXACT,A,A,False,False
beijing,Nongzhanguan,72,3,origin_week,10440,168,AP1,logistic,hist_gradient_boosting,0,PAIRWISE_EXACT,A,A,False,False
beijing,Nongzhanguan,72,3,origin_week,10608,168,AP1,constant,logistic,0,PAIRWISE_EXACT,B,B,False,False
beijing,Nongzhanguan,72,3,origin_week,10608,168,AP1,constant,hist_gradient_boosting,0,PAIRWISE_EXACT,B,B,False,False
beijing,Nongzhanguan,72,3,origin_week,10608,168,AP1,logistic,hist_gradient_boosting,0,PAIRWISE_EXACT,A,A,False,False
beijing,Nongzhanguan,72,3,origin_week,10776,168,AP1,constant,logistic,0,PAIRWISE_EXACT,A,A,False,False
beijing,Nongzhanguan,72,3,origin_week,10776,168,AP1,constant,hist_gradient_boosting,0,PAIRWISE_EXACT,B,B,False,False
beijing,Nongzhanguan,72,3,origin_week,10776,168,AP1,logistic,hist_gradient_boosting,0,PAIRWISE_EXACT,B,B,False,False
beijing,Nongzhanguan,72,3,origin_week,10944,168,AP1,constant,logistic,0,PAIRWISE_EXACT,A,A,False,False
beijing,Nongzhanguan,72,3,origin_week,10944,168,AP1,constant,hist_gradient_boosting,0,PAIRWISE_EXACT,B,B,False,False
beijing,Nongzhanguan,72,3,origin_week,10944,168,AP1,logistic,hist_gradient_boosting,0,PAIRWISE_EXACT,B,B,False,False
beijing,Nongzhanguan,72,3,origin_week,11112,168,AP1,constant,logistic,0,PAIRWISE_EXACT,B,B,False,False
beijing,Nongzhanguan,72,3,origin_week,11112,168,AP1,constant,hist_gradient_boosting,0,PAIRWISE_EXACT,B,B,False,False
beijing,Nongzhanguan,72,3,origin_week,11112,168,AP1,logistic,hist_gradient_boosting,0,PAIRWISE_EXACT,B,B,False,False
beijing,Nongzhanguan,72,3,origin_week,11280,168,AP1,constant,logistic,0,PAIRWISE_EXACT,B,B,False,False
beijing,Nongzhanguan,72,3,origin_week,11280,168,AP1,constant,hist_gradient_boosting,0,PAIRWISE_EXACT,A,A,False,False
beijing,Nongzhanguan,72,3,origin_week,11280,168,AP1,logistic,hist_gradient_boosting,0,PAIRWISE_EXACT,A,A,False,False
beijing,Nongzhanguan,72,3,origin_week,11448,168,AP1,constant,logistic,0,PAIRWISE_EXACT,A,A,False,False
beijing,Nongzhanguan,72,3,origin_week,11448,168,AP1,constant,hist_gradient_boosting,0,PAIRWISE_EXACT,A,A,False,False
beijing,Nongzhanguan,72,3,origin_week,11448,168,AP1,logistic,hist_gradient_boosting,0,PAIRWISE_EXACT,B,B,False,False
beijing,Nongzhanguan,72,3,origin_week,11616,168,AP1,constant,logistic,0,PAIRWISE_EXACT,B,B,False,False
beijing,Nongzhanguan,72,3,origin_week,11616,168,AP1,constant,hist_gradient_boosting,0,PAIRWISE_EXACT,B,B,False,False
beijing,Nongzhanguan,72,3,origin_week,11616,168,AP1,logistic,hist_gradient_boosting,0,PAIRWISE_EXACT,B,B,False,False
beijing,Nongzhanguan,72,3,origin_week,11784,168,AP1,constant,logistic,0,PAIRWISE_EXACT,A,A,False,False
beijing,Nongzhanguan,72,3,origin_week,11784,168,AP1,constant,hist_gradient_boosting,0,PAIRWISE_EXACT,A,A,False,False
beijing,Nongzhanguan,72,3,origin_week,11784,168,AP1,logistic,hist_gradient_boosting,0,PAIRWISE_EXACT,A,A,False,False
beijing,Nongzhanguan,72,3,origin_week,11952,168,AP1,constant,logistic,0,PAIRWISE_EXACT,B,B,False,False
beijing,Nongzhanguan,72,3,origin_week,11952,168,AP1,constant,hist_gradient_boosting,0,PAIRWISE_EXACT,A,A,False,False
beijing,Nongzhanguan,72,3,origin_week,11952,168,AP1,logistic,hist_gradient_boosting,0,PAIRWISE_EXACT,A,A,False,False
beijing,Nongzhanguan,72,3,origin_week,12120,168,AP1,constant,logistic,0,PAIRWISE_EXACT,B,B,False,False
beijing,Nongzhanguan,72,3,origin_week,12120,168,AP1,constant,hist_gradient_boosting,0,PAIRWISE_EXACT,A,A,False,False
beijing,Nongzhanguan,72,3,origin_week,12120,168,AP1,logistic,hist_gradient_boosting,0,PAIRWISE_EXACT,A,A,False,False
beijing,Nongzhanguan,72,3,origin_week,12288,168,AP1,constant,logistic,0,PAIRWISE_EXACT,B,B,False,False
beijing,Nongzhanguan,72,3,origin_week,12288,168,AP1,constant,hist_gradient_boosting,0,PAIRWISE_EXACT,B,B,False,False
beijing,Nongzhanguan,72,3,origin_week,12288,168,AP1,logistic,hist_gradient_boosting,0,PAIRWISE_EXACT,A,A,False,False
beijing,Nongzhanguan,72,3,origin_week,12456,168,AP1,constant,logistic,0,PAIRWISE_EXACT,A,A,False,False
beijing,Nongzhanguan,72,3,origin_week,12456,168,AP1,constant,hist_gradient_boosting,0,PAIRWISE_EXACT,A,A,False,False
beijing,Nongzhanguan,72,3,origin_week,12456,168,AP1,logistic,hist_gradient_boosting,0,PAIRWISE_EXACT,B,B,False,False
beijing,Nongzhanguan,72,3,origin_week,12624,168,AP1,constant,logistic,0,PAIRWISE_EXACT,B,B,False,False
beijing,Nongzhanguan,72,3,origin_week,12624,168,AP1,constant,hist_gradient_boosting,0,PAIRWISE_EXACT,B,B,False,False
beijing,Nongzhanguan,72,3,origin_week,12624,168,AP1,logistic,hist_gradient_boosting,0,PAIRWISE_EXACT,B,B,False,False
beijing,Nongzhanguan,72,3,origin_week,12792,168,AP1,constant,logistic,0,PAIRWISE_EXACT,B,B,False,False
beijing,Nongzhanguan,72,3,origin_week,12792,168,AP1,constant,hist_gradient_boosting,0,PAIRWISE_EXACT,B,B,False,False
beijing,Nongzhanguan,72,3,origin_week,12792,168,AP1,logistic,hist_gradient_boosting,0,PAIRWISE_EXACT,A,A,False,False
beijing,Nongzhanguan,72,3,origin_week,12960,168,AP1,constant,logistic,0,PAIRWISE_EXACT,B,B,False,False
beijing,Nongzhanguan,72,3,origin_week,12960,168,AP1,constant,hist_gradient_boosting,0,PAIRWISE_EXACT,B,B,False,False
beijing,Nongzhanguan,72,3,origin_week,12960,168,AP1,logistic,hist_gradient_boosting,0,PAIRWISE_EXACT,B,B,False,False
beijing,Nongzhanguan,72,3,origin_week,13128,168,AP1,constant,logistic,0,PAIRWISE_EXACT,B,B,False,False
beijing,Nongzhanguan,72,3,origin_week,13128,168,AP1,constant,hist_gradient_boosting,0,PAIRWISE_EXACT,B,B,False,False
beijing,Nongzhanguan,72,3,origin_week,13128,168,AP1,logistic,hist_gradient_boosting,0,PAIRWISE_EXACT,A,A,False,False
beijing,Nongzhanguan,72,3,origin_week,13296,168,AP1,constant,logistic,0,PAIRWISE_EXACT,B,B,False,False
beijing,Nongzhanguan,72,3,origin_week,13296,168,AP1,constant,hist_gradient_boosting,0,PAIRWISE_EXACT,A,A,False,False
beijing,Nongzhanguan,72,3,origin_week,13296,168,AP1,logistic,hist_gradient_boosting,0,PAIRWISE_EXACT,A,A,False,False
beijing,Nongzhanguan,72,3,origin_week,13464,168,AP1,constant,logistic,29,PAIRWISE_INSUFFICIENT,OPPOSITE_POSSIBLE,OPPOSITE_POSSIBLE,False,False
beijing,Nongzhanguan,72,3,origin_week,13464,168,AP1,constant,hist_gradient_boosting,29,PAIRWISE_INSUFFICIENT,OPPOSITE_POSSIBLE,OPPOSITE_POSSIBLE,False,False
beijing,Nongzhanguan,72,3,origin_week,13464,168,AP1,logistic,hist_gradient_boosting,29,PAIRWISE_INSUFFICIENT,OPPOSITE_POSSIBLE,OPPOSITE_POSSIBLE,False,False
beijing,Nongzhanguan,72,3,origin_week,13632,168,AP1,constant,logistic,0,PAIRWISE_EXACT,A,A,False,False
beijing,Nongzhanguan,72,3,origin_week,13632,168,AP1,constant,hist_gradient_boosting,0,PAIRWISE_EXACT,B,B,False,False
beijing,Nongzhanguan,72,3,origin_week,13632,168,AP1,logistic,hist_gradient_boosting,0,PAIRWISE_EXACT,B,B,False,False
beijing,Nongzhanguan,72,3,origin_week,13800,168,AP1,constant,logistic,0,PAIRWISE_EXACT,A,A,False,False
beijing,Nongzhanguan,72,3,origin_week,13800,168,AP1,constant,hist_gradient_boosting,0,PAIRWISE_EXACT,A,A,False,False
beijing,Nongzhanguan,72,3,origin_week,13800,168,AP1,logistic,hist_gradient_boosting,0,PAIRWISE_EXACT,A,A,False,False
beijing,Nongzhanguan,72,3,origin_week,13968,168,AP1,constant,logistic,0,PAIRWISE_EXACT,B,B,False,False
beijing,Nongzhanguan,72,3,origin_week,13968,168,AP1,constant,hist_gradient_boosting,0,PAIRWISE_EXACT,B,B,False,False
beijing,Nongzhanguan,72,3,origin_week,13968,168,AP1,logistic,hist_gradient_boosting,0,PAIRWISE_EXACT,B,B,False,False
beijing,Nongzhanguan,72,3,origin_week,14136,168,AP1,constant,logistic,0,PAIRWISE_EXACT,A,A,False,False
beijing,Nongzhanguan,72,3,origin_week,14136,168,AP1,constant,hist_gradient_boosting,0,PAIRWISE_EXACT,A,A,False,False
beijing,Nongzhanguan,72,3,origin_week,14136,168,AP1,logistic,hist_gradient_boosting,0,PAIRWISE_EXACT,A,A,False,False
beijing,Nongzhanguan,72,3,origin_week,14304,168,AP1,constant,logistic,0,PAIRWISE_EXACT,B,B,False,False
beijing,Nongzhanguan,72,3,origin_week,14304,168,AP1,constant,hist_gradient_boosting,0,PAIRWISE_EXACT,B,B,False,False
beijing,Nongzhanguan,72,3,origin_week,14304,168,AP1,logistic,hist_gradient_boosting,0,PAIRWISE_EXACT,B,B,False,False
beijing,Nongzhanguan,72,3,origin_week,14472,168,AP1,constant,logistic,0,PAIRWISE_EXACT,B,B,False,False
beijing,Nongzhanguan,72,3,origin_week,14472,168,AP1,constant,hist_gradient_boosting,0,PAIRWISE_EXACT,A,A,False,False
beijing,Nongzhanguan,72,3,origin_week,14472,168,AP1,logistic,hist_gradient_boosting,0,PAIRWISE_EXACT,A,A,False,False
beijing,Nongzhanguan,72,3,origin_week,14640,168,AP1,constant,logistic,0,PAIRWISE_EXACT,B,B,False,False
beijing,Nongzhanguan,72,3,origin_week,14640,168,AP1,constant,hist_gradient_boosting,0,PAIRWISE_EXACT,B,B,False,False
beijing,Nongzhanguan,72,3,origin_week,14640,168,AP1,logistic,hist_gradient_boosting,0,PAIRWISE_EXACT,B,B,False,False
beijing,Nongzhanguan,72,3,origin_week,14808,168,AP1,constant,logistic,21,PAIRWISE_EXACT,OPPOSITE_POSSIBLE,OPPOSITE_POSSIBLE,False,False
beijing,Nongzhanguan,72,3,origin_week,14808,168,AP1,constant,hist_gradient_boosting,21,PAIRWISE_EXACT,A,A,False,False
beijing,Nongzhanguan,72,3,origin_week,14808,168,AP1,logistic,hist_gradient_boosting,21,PAIRWISE_EXACT,A,A,False,False
beijing,Nongzhanguan,72,3,origin_week,14976,168,AP1,constant,logistic,0,PAIRWISE_EXACT,B,B,False,False
beijing,Nongzhanguan,72,3,origin_week,14976,168,AP1,constant,hist_gradient_boosting,0,PAIRWISE_EXACT,B,B,False,False
beijing,Nongzhanguan,72,3,origin_week,14976,168,AP1,logistic,hist_gradient_boosting,0,PAIRWISE_EXACT,A,A,False,False
beijing,Nongzhanguan,72,3,origin_week,15144,168,AP1,constant,logistic,0,PAIRWISE_EXACT,B,B,False,False
beijing,Nongzhanguan,72,3,origin_week,15144,168,AP1,constant,hist_gradient_boosting,0,PAIRWISE_EXACT,A,A,False,False
beijing,Nongzhanguan,72,3,origin_week,15144,168,AP1,logistic,hist_gradient_boosting,0,PAIRWISE_EXACT,A,A,False,False
beijing,Nongzhanguan,72,3,origin_week,15312,168,AP1,constant,logistic,0,PAIRWISE_EXACT,B,B,False,False
beijing,Nongzhanguan,72,3,origin_week,15312,168,AP1,constant,hist_gradient_boosting,0,PAIRWISE_EXACT,A,A,False,False
beijing,Nongzhanguan,72,3,origin_week,15312,168,AP1,logistic,hist_gradient_boosting,0,PAIRWISE_EXACT,A,A,False,False
beijing,Nongzhanguan,72,3,origin_week,15480,168,AP1,constant,logistic,0,PAIRWISE_EXACT,B,B,False,False
beijing,Nongzhanguan,72,3,origin_week,15480,168,AP1,constant,hist_gradient_boosting,0,PAIRWISE_EXACT,A,A,False,False
beijing,Nongzhanguan,72,3,origin_week,15480,168,AP1,logistic,hist_gradient_boosting,0,PAIRWISE_EXACT,A,A,False,False
beijing,Nongzhanguan,72,3,origin_week,15648,168,AP1,constant,logistic,0,PAIRWISE_EXACT,B,B,False,False
beijing,Nongzhanguan,72,3,origin_week,15648,168,AP1,constant,hist_gradient_boosting,0,PAIRWISE_EXACT,B,B,False,False
beijing,Nongzhanguan,72,3,origin_week,15648,168,AP1,logistic,hist_gradient_boosting,0,PAIRWISE_EXACT,A,A,False,False
beijing,Nongzhanguan,72,3,origin_week,15816,168,AP1,constant,logistic,0,PAIRWISE_EXACT,B,B,False,False
beijing,Nongzhanguan,72,3,origin_week,15816,168,AP1,constant,hist_gradient_boosting,0,PAIRWISE_EXACT,A,A,False,False
beijing,Nongzhanguan,72,3,origin_week,15816,168,AP1,logistic,hist_gradient_boosting,0,PAIRWISE_EXACT,A,A,False,False
beijing,Nongzhanguan,72,3,origin_week,15984,168,AP1,constant,logistic,0,PAIRWISE_EXACT,B,B,False,False
beijing,Nongzhanguan,72,3,origin_week,15984,168,AP1,constant,hist_gradient_boosting,0,PAIRWISE_EXACT,A,A,False,False
beijing,Nongzhanguan,72,3,origin_week,15984,168,AP1,logistic,hist_gradient_boosting,0,PAIRWISE_EXACT,A,A,False,False
beijing,Nongzhanguan,72,3,origin_week,16152,168,AP1,constant,logistic,0,PAIRWISE_EXACT,B,B,False,False
beijing,Nongzhanguan,72,3,origin_week,16152,168,AP1,constant,hist_gradient_boosting,0,PAIRWISE_EXACT,B,B,False,False
beijing,Nongzhanguan,72,3,origin_week,16152,168,AP1,logistic,hist_gradient_boosting,0,PAIRWISE_EXACT,A,A,False,False
beijing,Nongzhanguan,72,3,origin_week,16320,168,AP1,constant,logistic,0,PAIRWISE_EXACT,B,B,False,False
beijing,Nongzhanguan,72,3,origin_week,16320,168,AP1,constant,hist_gradient_boosting,0,PAIRWISE_EXACT,A,A,False,False
beijing,Nongzhanguan,72,3,origin_week,16320,168,AP1,logistic,hist_gradient_boosting,0,PAIRWISE_EXACT,A,A,False,False
beijing,Nongzhanguan,72,3,origin_week,16488,168,AP1,constant,logistic,0,PAIRWISE_EXACT,B,B,False,False
beijing,Nongzhanguan,72,3,origin_week,16488,168,AP1,constant,hist_gradient_boosting,0,PAIRWISE_EXACT,A,A,False,False
beijing,Nongzhanguan,72,3,origin_week,16488,168,AP1,logistic,hist_gradient_boosting,0,PAIRWISE_EXACT,A,A,False,False
beijing,Nongzhanguan,72,3,origin_week,16656,168,AP1,constant,logistic,0,PAIRWISE_EXACT,B,B,False,False
beijing,Nongzhanguan,72,3,origin_week,16656,168,AP1,constant,hist_gradient_boosting,0,PAIRWISE_EXACT,A,A,False,False
beijing,Nongzhanguan,72,3,origin_week,16656,168,AP1,logistic,hist_gradient_boosting,0,PAIRWISE_EXACT,A,A,False,False
beijing,Nongzhanguan,72,3,origin_week,16824,168,AP1,constant,logistic,0,PAIRWISE_EXACT,A,A,False,False
beijing,Nongzhanguan,72,3,origin_week,16824,168,AP1,constant,hist_gradient_boosting,0,PAIRWISE_EXACT,A,A,False,False
beijing,Nongzhanguan,72,3,origin_week,16824,168,AP1,logistic,hist_gradient_boosting,0,PAIRWISE_EXACT,A,A,False,False
beijing,Nongzhanguan,72,3,origin_week,16992,168,AP1,constant,logistic,0,PAIRWISE_EXACT,B,B,False,False
beijing,Nongzhanguan,72,3,origin_week,16992,168,AP1,constant,hist_gradient_boosting,0,PAIRWISE_EXACT,A,A,False,False
beijing,Nongzhanguan,72,3,origin_week,16992,168,AP1,logistic,hist_gradient_boosting,0,PAIRWISE_EXACT,A,A,False,False
beijing,Nongzhanguan,72,3,origin_week,17160,168,AP1,constant,logistic,0,PAIRWISE_EXACT,B,B,False,False
beijing,Nongzhanguan,72,3,origin_week,17160,168,AP1,constant,hist_gradient_boosting,0,PAIRWISE_EXACT,B,B,False,False
beijing,Nongzhanguan,72,3,origin_week,17160,168,AP1,logistic,hist_gradient_boosting,0,PAIRWISE_EXACT,A,A,False,False
beijing,Nongzhanguan,72,3,origin_week,17328,121,AP1,constant,logistic,0,PAIRWISE_EXACT,B,B,False,False
beijing,Nongzhanguan,72,3,origin_week,17328,121,AP1,constant,hist_gradient_boosting,0,PAIRWISE_EXACT,B,B,False,False
beijing,Nongzhanguan,72,3,origin_week,17328,121,AP1,logistic,hist_gradient_boosting,0,PAIRWISE_EXACT,B,B,False,False
beijing,Shunyi,24,3,annual,8760,8737,AP1,constant,logistic,149,PAIRWISE_INSUFFICIENT,B,B,False,False
beijing,Shunyi,24,3,annual,8760,8737,AP1,constant,hist_gradient_boosting,149,PAIRWISE_INSUFFICIENT,B,B,False,False
beijing,Shunyi,24,3,annual,8760,8737,AP1,logistic,hist_gradient_boosting,149,PAIRWISE_INSUFFICIENT,A,A,False,False
beijing,Shunyi,24,3,origin_week,8760,168,AP1,constant,logistic,0,PAIRWISE_EXACT,B,B,False,False
beijing,Shunyi,24,3,origin_week,8760,168,AP1,constant,hist_gradient_boosting,0,PAIRWISE_EXACT,B,B,False,False
beijing,Shunyi,24,3,origin_week,8760,168,AP1,logistic,hist_gradient_boosting,0,PAIRWISE_EXACT,A,A,False,False
beijing,Shunyi,24,3,origin_week,8928,168,AP1,constant,logistic,0,PAIRWISE_EXACT,B,B,False,False
beijing,Shunyi,24,3,origin_week,8928,168,AP1,constant,hist_gradient_boosting,0,PAIRWISE_EXACT,B,B,False,False
beijing,Shunyi,24,3,origin_week,8928,168,AP1,logistic,hist_gradient_boosting,0,PAIRWISE_EXACT,A,A,False,False
beijing,Shunyi,24,3,origin_week,9096,168,AP1,constant,logistic,0,PAIRWISE_EXACT,B,B,False,False
beijing,Shunyi,24,3,origin_week,9096,168,AP1,constant,hist_gradient_boosting,0,PAIRWISE_EXACT,B,B,False,False
beijing,Shunyi,24,3,origin_week,9096,168,AP1,logistic,hist_gradient_boosting,0,PAIRWISE_EXACT,A,A,False,False
beijing,Shunyi,24,3,origin_week,9264,168,AP1,constant,logistic,0,PAIRWISE_EXACT,B,B,False,False
beijing,Shunyi,24,3,origin_week,9264,168,AP1,constant,hist_gradient_boosting,0,PAIRWISE_EXACT,B,B,False,False
beijing,Shunyi,24,3,origin_week,9264,168,AP1,logistic,hist_gradient_boosting,0,PAIRWISE_EXACT,A,A,False,False
beijing,Shunyi,24,3,origin_week,9432,168,AP1,constant,logistic,0,PAIRWISE_EXACT,B,B,False,False
beijing,Shunyi,24,3,origin_week,9432,168,AP1,constant,hist_gradient_boosting,0,PAIRWISE_EXACT,B,B,False,False
beijing,Shunyi,24,3,origin_week,9432,168,AP1,logistic,hist_gradient_boosting,0,PAIRWISE_EXACT,A,A,False,False
beijing,Shunyi,24,3,origin_week,9600,168,AP1,constant,logistic,0,PAIRWISE_EXACT,B,B,False,False
beijing,Shunyi,24,3,origin_week,9600,168,AP1,constant,hist_gradient_boosting,0,PAIRWISE_EXACT,B,B,False,False
beijing,Shunyi,24,3,origin_week,9600,168,AP1,logistic,hist_gradient_boosting,0,PAIRWISE_EXACT,B,B,False,False
beijing,Shunyi,24,3,origin_week,9768,168,AP1,constant,logistic,0,PAIRWISE_EXACT,B,B,False,False
beijing,Shunyi,24,3,origin_week,9768,168,AP1,constant,hist_gradient_boosting,0,PAIRWISE_EXACT,B,B,False,False
beijing,Shunyi,24,3,origin_week,9768,168,AP1,logistic,hist_gradient_boosting,0,PAIRWISE_EXACT,B,B,False,False
beijing,Shunyi,24,3,origin_week,9936,168,AP1,constant,logistic,0,PAIRWISE_EXACT,B,B,False,False
beijing,Shunyi,24,3,origin_week,9936,168,AP1,constant,hist_gradient_boosting,0,PAIRWISE_EXACT,B,B,False,False
beijing,Shunyi,24,3,origin_week,9936,168,AP1,logistic,hist_gradient_boosting,0,PAIRWISE_EXACT,B,B,False,False
beijing,Shunyi,24,3,origin_week,10104,168,AP1,constant,logistic,0,PAIRWISE_EXACT,B,B,False,False
beijing,Shunyi,24,3,origin_week,10104,168,AP1,constant,hist_gradient_boosting,0,PAIRWISE_EXACT,B,B,False,False
beijing,Shunyi,24,3,origin_week,10104,168,AP1,logistic,hist_gradient_boosting,0,PAIRWISE_EXACT,A,A,False,False
beijing,Shunyi,24,3,origin_week,10272,168,AP1,constant,logistic,0,PAIRWISE_EXACT,B,B,False,False
beijing,Shunyi,24,3,origin_week,10272,168,AP1,constant,hist_gradient_boosting,0,PAIRWISE_EXACT,B,B,False,False
beijing,Shunyi,24,3,origin_week,10272,168,AP1,logistic,hist_gradient_boosting,0,PAIRWISE_EXACT,A,A,False,False
beijing,Shunyi,24,3,origin_week,10440,168,AP1,constant,logistic,0,PAIRWISE_EXACT,B,B,False,False
beijing,Shunyi,24,3,origin_week,10440,168,AP1,constant,hist_gradient_boosting,0,PAIRWISE_EXACT,B,B,False,False
beijing,Shunyi,24,3,origin_week,10440,168,AP1,logistic,hist_gradient_boosting,0,PAIRWISE_EXACT,A,A,False,False
beijing,Shunyi,24,3,origin_week,10608,168,AP1,constant,logistic,0,PAIRWISE_EXACT,B,B,False,False
beijing,Shunyi,24,3,origin_week,10608,168,AP1,constant,hist_gradient_boosting,0,PAIRWISE_EXACT,B,B,False,False
beijing,Shunyi,24,3,origin_week,10608,168,AP1,logistic,hist_gradient_boosting,0,PAIRWISE_EXACT,B,B,False,False
beijing,Shunyi,24,3,origin_week,10776,168,AP1,constant,logistic,0,PAIRWISE_EXACT,B,B,False,False
beijing,Shunyi,24,3,origin_week,10776,168,AP1,constant,hist_gradient_boosting,0,PAIRWISE_EXACT,B,B,False,False
beijing,Shunyi,24,3,origin_week,10776,168,AP1,logistic,hist_gradient_boosting,0,PAIRWISE_EXACT,B,B,False,False
beijing,Shunyi,24,3,origin_week,10944,168,AP1,constant,logistic,0,PAIRWISE_EXACT,B,B,False,False
beijing,Shunyi,24,3,origin_week,10944,168,AP1,constant,hist_gradient_boosting,0,PAIRWISE_EXACT,B,B,False,False
beijing,Shunyi,24,3,origin_week,10944,168,AP1,logistic,hist_gradient_boosting,0,PAIRWISE_EXACT,B,B,False,False
beijing,Shunyi,24,3,origin_week,11112,168,AP1,constant,logistic,0,PAIRWISE_EXACT,B,B,False,False
beijing,Shunyi,24,3,origin_week,11112,168,AP1,constant,hist_gradient_boosting,0,PAIRWISE_EXACT,B,B,False,False
beijing,Shunyi,24,3,origin_week,11112,168,AP1,logistic,hist_gradient_boosting,0,PAIRWISE_EXACT,B,B,False,False
beijing,Shunyi,24,3,origin_week,11280,168,AP1,constant,logistic,17,PAIRWISE_EXACT,A,A,False,False
beijing,Shunyi,24,3,origin_week,11280,168,AP1,constant,hist_gradient_boosting,17,PAIRWISE_EXACT,A,A,False,False
beijing,Shunyi,24,3,origin_week,11280,168,AP1,logistic,hist_gradient_boosting,17,PAIRWISE_EXACT,OPPOSITE_POSSIBLE,OPPOSITE_POSSIBLE,False,False
beijing,Shunyi,24,3,origin_week,11448,168,AP1,constant,logistic,0,PAIRWISE_EXACT,B,B,False,False
beijing,Shunyi,24,3,origin_week,11448,168,AP1,constant,hist_gradient_boosting,0,PAIRWISE_EXACT,B,B,False,False
beijing,Shunyi,24,3,origin_week,11448,168,AP1,logistic,hist_gradient_boosting,0,PAIRWISE_EXACT,A,A,False,False
beijing,Shunyi,24,3,origin_week,11616,168,AP1,constant,logistic,0,PAIRWISE_EXACT,B,B,False,False
beijing,Shunyi,24,3,origin_week,11616,168,AP1,constant,hist_gradient_boosting,0,PAIRWISE_EXACT,B,B,False,False
beijing,Shunyi,24,3,origin_week,11616,168,AP1,logistic,hist_gradient_boosting,0,PAIRWISE_EXACT,B,B,False,False
beijing,Shunyi,24,3,origin_week,11784,168,AP1,constant,logistic,0,PAIRWISE_EXACT,B,B,False,False
beijing,Shunyi,24,3,origin_week,11784,168,AP1,constant,hist_gradient_boosting,0,PAIRWISE_EXACT,B,B,False,False
beijing,Shunyi,24,3,origin_week,11784,168,AP1,logistic,hist_gradient_boosting,0,PAIRWISE_EXACT,B,B,False,False
beijing,Shunyi,24,3,origin_week,11952,168,AP1,constant,logistic,0,PAIRWISE_EXACT,B,B,False,False
beijing,Shunyi,24,3,origin_week,11952,168,AP1,constant,hist_gradient_boosting,0,PAIRWISE_EXACT,B,B,False,False
beijing,Shunyi,24,3,origin_week,11952,168,AP1,logistic,hist_gradient_boosting,0,PAIRWISE_EXACT,B,B,False,False
beijing,Shunyi,24,3,origin_week,12120,168,AP1,constant,logistic,0,PAIRWISE_EXACT,B,B,False,False
beijing,Shunyi,24,3,origin_week,12120,168,AP1,constant,hist_gradient_boosting,0,PAIRWISE_EXACT,B,B,False,False
beijing,Shunyi,24,3,origin_week,12120,168,AP1,logistic,hist_gradient_boosting,0,PAIRWISE_EXACT,B,B,False,False
beijing,Shunyi,24,3,origin_week,12288,168,AP1,constant,logistic,0,PAIRWISE_EXACT,B,B,False,False
beijing,Shunyi,24,3,origin_week,12288,168,AP1,constant,hist_gradient_boosting,0,PAIRWISE_EXACT,B,B,False,False
beijing,Shunyi,24,3,origin_week,12288,168,AP1,logistic,hist_gradient_boosting,0,PAIRWISE_EXACT,B,B,False,False
beijing,Shunyi,24,3,origin_week,12456,168,AP1,constant,logistic,0,PAIRWISE_EXACT,B,B,False,False
beijing,Shunyi,24,3,origin_week,12456,168,AP1,constant,hist_gradient_boosting,0,PAIRWISE_EXACT,B,B,False,False
beijing,Shunyi,24,3,origin_week,12456,168,AP1,logistic,hist_gradient_boosting,0,PAIRWISE_EXACT,B,B,False,False
beijing,Shunyi,24,3,origin_week,12624,168,AP1,constant,logistic,0,PAIRWISE_EXACT,B,B,False,False
beijing,Shunyi,24,3,origin_week,12624,168,AP1,constant,hist_gradient_boosting,0,PAIRWISE_EXACT,B,B,False,False
beijing,Shunyi,24,3,origin_week,12624,168,AP1,logistic,hist_gradient_boosting,0,PAIRWISE_EXACT,B,B,False,False
beijing,Shunyi,24,3,origin_week,12792,168,AP1,constant,logistic,3,PAIRWISE_EXACT,A,A,False,False
beijing,Shunyi,24,3,origin_week,12792,168,AP1,constant,hist_gradient_boosting,3,PAIRWISE_EXACT,A,A,False,False
beijing,Shunyi,24,3,origin_week,12792,168,AP1,logistic,hist_gradient_boosting,3,PAIRWISE_EXACT,B,B,False,False
beijing,Shunyi,24,3,origin_week,12960,168,AP1,constant,logistic,0,PAIRWISE_EXACT,B,B,False,False
beijing,Shunyi,24,3,origin_week,12960,168,AP1,constant,hist_gradient_boosting,0,PAIRWISE_EXACT,B,B,False,False
beijing,Shunyi,24,3,origin_week,12960,168,AP1,logistic,hist_gradient_boosting,0,PAIRWISE_EXACT,B,B,False,False
beijing,Shunyi,24,3,origin_week,13128,168,AP1,constant,logistic,70,PAIRWISE_INSUFFICIENT,OPPOSITE_POSSIBLE,OPPOSITE_POSSIBLE,False,False
beijing,Shunyi,24,3,origin_week,13128,168,AP1,constant,hist_gradient_boosting,70,PAIRWISE_INSUFFICIENT,OPPOSITE_POSSIBLE,OPPOSITE_POSSIBLE,False,False
beijing,Shunyi,24,3,origin_week,13128,168,AP1,logistic,hist_gradient_boosting,70,PAIRWISE_INSUFFICIENT,OPPOSITE_POSSIBLE,OPPOSITE_POSSIBLE,False,False
beijing,Shunyi,24,3,origin_week,13296,168,AP1,constant,logistic,0,PAIRWISE_EXACT,B,B,False,False
beijing,Shunyi,24,3,origin_week,13296,168,AP1,constant,hist_gradient_boosting,0,PAIRWISE_EXACT,B,B,False,False
beijing,Shunyi,24,3,origin_week,13296,168,AP1,logistic,hist_gradient_boosting,0,PAIRWISE_EXACT,A,A,False,False
beijing,Shunyi,24,3,origin_week,13464,168,AP1,constant,logistic,0,PAIRWISE_EXACT,B,B,False,False
beijing,Shunyi,24,3,origin_week,13464,168,AP1,constant,hist_gradient_boosting,0,PAIRWISE_EXACT,B,B,False,False
beijing,Shunyi,24,3,origin_week,13464,168,AP1,logistic,hist_gradient_boosting,0,PAIRWISE_EXACT,B,B,False,False
beijing,Shunyi,24,3,origin_week,13632,168,AP1,constant,logistic,0,PAIRWISE_EXACT,B,B,False,False
beijing,Shunyi,24,3,origin_week,13632,168,AP1,constant,hist_gradient_boosting,0,PAIRWISE_EXACT,B,B,False,False
beijing,Shunyi,24,3,origin_week,13632,168,AP1,logistic,hist_gradient_boosting,0,PAIRWISE_EXACT,A,A,False,False
beijing,Shunyi,24,3,origin_week,13800,168,AP1,constant,logistic,5,PAIRWISE_EXACT,B,B,False,False
beijing,Shunyi,24,3,origin_week,13800,168,AP1,constant,hist_gradient_boosting,5,PAIRWISE_EXACT,A,A,False,False
beijing,Shunyi,24,3,origin_week,13800,168,AP1,logistic,hist_gradient_boosting,5,PAIRWISE_EXACT,A,A,False,False
beijing,Shunyi,24,3,origin_week,13968,168,AP1,constant,logistic,0,PAIRWISE_EXACT,B,B,False,False
beijing,Shunyi,24,3,origin_week,13968,168,AP1,constant,hist_gradient_boosting,0,PAIRWISE_EXACT,B,B,False,False
beijing,Shunyi,24,3,origin_week,13968,168,AP1,logistic,hist_gradient_boosting,0,PAIRWISE_EXACT,A,A,False,False
beijing,Shunyi,24,3,origin_week,14136,168,AP1,constant,logistic,0,PAIRWISE_EXACT,B,B,False,False
beijing,Shunyi,24,3,origin_week,14136,168,AP1,constant,hist_gradient_boosting,0,PAIRWISE_EXACT,B,B,False,False
beijing,Shunyi,24,3,origin_week,14136,168,AP1,logistic,hist_gradient_boosting,0,PAIRWISE_EXACT,A,A,False,False
beijing,Shunyi,24,3,origin_week,14304,168,AP1,constant,logistic,0,PAIRWISE_EXACT,B,B,False,False
beijing,Shunyi,24,3,origin_week,14304,168,AP1,constant,hist_gradient_boosting,0,PAIRWISE_EXACT,B,B,False,False
beijing,Shunyi,24,3,origin_week,14304,168,AP1,logistic,hist_gradient_boosting,0,PAIRWISE_EXACT,A,A,False,False
beijing,Shunyi,24,3,origin_week,14472,168,AP1,constant,logistic,0,PAIRWISE_EXACT,B,B,False,False
beijing,Shunyi,24,3,origin_week,14472,168,AP1,constant,hist_gradient_boosting,0,PAIRWISE_EXACT,B,B,False,False
beijing,Shunyi,24,3,origin_week,14472,168,AP1,logistic,hist_gradient_boosting,0,PAIRWISE_EXACT,B,B,False,False
beijing,Shunyi,24,3,origin_week,14640,168,AP1,constant,logistic,22,PAIRWISE_EXACT,B,B,False,False
beijing,Shunyi,24,3,origin_week,14640,168,AP1,constant,hist_gradient_boosting,22,PAIRWISE_EXACT,B,B,False,False
beijing,Shunyi,24,3,origin_week,14640,168,AP1,logistic,hist_gradient_boosting,22,PAIRWISE_EXACT,A,A,False,False
beijing,Shunyi,24,3,origin_week,14808,168,AP1,constant,logistic,0,PAIRWISE_EXACT,B,B,False,False
beijing,Shunyi,24,3,origin_week,14808,168,AP1,constant,hist_gradient_boosting,0,PAIRWISE_EXACT,B,B,False,False
beijing,Shunyi,24,3,origin_week,14808,168,AP1,logistic,hist_gradient_boosting,0,PAIRWISE_EXACT,A,A,False,False
beijing,Shunyi,24,3,origin_week,14976,168,AP1,constant,logistic,0,PAIRWISE_EXACT,B,B,False,False
beijing,Shunyi,24,3,origin_week,14976,168,AP1,constant,hist_gradient_boosting,0,PAIRWISE_EXACT,B,B,False,False
beijing,Shunyi,24,3,origin_week,14976,168,AP1,logistic,hist_gradient_boosting,0,PAIRWISE_EXACT,A,A,False,False
beijing,Shunyi,24,3,origin_week,15144,168,AP1,constant,logistic,0,PAIRWISE_EXACT,B,B,False,False
beijing,Shunyi,24,3,origin_week,15144,168,AP1,constant,hist_gradient_boosting,0,PAIRWISE_EXACT,B,B,False,False
beijing,Shunyi,24,3,origin_week,15144,168,AP1,logistic,hist_gradient_boosting,0,PAIRWISE_EXACT,B,B,False,False
beijing,Shunyi,24,3,origin_week,15312,168,AP1,constant,logistic,0,PAIRWISE_EXACT,B,B,False,False
beijing,Shunyi,24,3,origin_week,15312,168,AP1,constant,hist_gradient_boosting,0,PAIRWISE_EXACT,B,B,False,False
beijing,Shunyi,24,3,origin_week,15312,168,AP1,logistic,hist_gradient_boosting,0,PAIRWISE_EXACT,B,B,False,False
beijing,Shunyi,24,3,origin_week,15480,168,AP1,constant,logistic,1,PAIRWISE_EXACT,B,B,False,False
beijing,Shunyi,24,3,origin_week,15480,168,AP1,constant,hist_gradient_boosting,1,PAIRWISE_EXACT,B,B,False,False
beijing,Shunyi,24,3,origin_week,15480,168,AP1,logistic,hist_gradient_boosting,1,PAIRWISE_EXACT,A,A,False,False
beijing,Shunyi,24,3,origin_week,15648,168,AP1,constant,logistic,21,PAIRWISE_EXACT,B,B,False,False
beijing,Shunyi,24,3,origin_week,15648,168,AP1,constant,hist_gradient_boosting,21,PAIRWISE_EXACT,B,B,False,False
beijing,Shunyi,24,3,origin_week,15648,168,AP1,logistic,hist_gradient_boosting,21,PAIRWISE_EXACT,OPPOSITE_POSSIBLE,OPPOSITE_POSSIBLE,False,False
beijing,Shunyi,24,3,origin_week,15816,168,AP1,constant,logistic,0,PAIRWISE_EXACT,B,B,False,False
beijing,Shunyi,24,3,origin_week,15816,168,AP1,constant,hist_gradient_boosting,0,PAIRWISE_EXACT,B,B,False,False
beijing,Shunyi,24,3,origin_week,15816,168,AP1,logistic,hist_gradient_boosting,0,PAIRWISE_EXACT,A,A,False,False
beijing,Shunyi,24,3,origin_week,15984,168,AP1,constant,logistic,0,PAIRWISE_EXACT,B,B,False,False
beijing,Shunyi,24,3,origin_week,15984,168,AP1,constant,hist_gradient_boosting,0,PAIRWISE_EXACT,B,B,False,False
beijing,Shunyi,24,3,origin_week,15984,168,AP1,logistic,hist_gradient_boosting,0,PAIRWISE_EXACT,A,A,False,False
beijing,Shunyi,24,3,origin_week,16152,168,AP1,constant,logistic,9,PAIRWISE_EXACT,B,B,False,False
beijing,Shunyi,24,3,origin_week,16152,168,AP1,constant,hist_gradient_boosting,9,PAIRWISE_EXACT,B,B,False,False
beijing,Shunyi,24,3,origin_week,16152,168,AP1,logistic,hist_gradient_boosting,9,PAIRWISE_EXACT,OPPOSITE_POSSIBLE,OPPOSITE_POSSIBLE,False,False
beijing,Shunyi,24,3,origin_week,16320,168,AP1,constant,logistic,0,PAIRWISE_EXACT,B,B,False,False
beijing,Shunyi,24,3,origin_week,16320,168,AP1,constant,hist_gradient_boosting,0,PAIRWISE_EXACT,B,B,False,False
beijing,Shunyi,24,3,origin_week,16320,168,AP1,logistic,hist_gradient_boosting,0,PAIRWISE_EXACT,A,A,False,False
beijing,Shunyi,24,3,origin_week,16488,168,AP1,constant,logistic,0,PAIRWISE_EXACT,B,B,False,False
beijing,Shunyi,24,3,origin_week,16488,168,AP1,constant,hist_gradient_boosting,0,PAIRWISE_EXACT,A,A,False,False
beijing,Shunyi,24,3,origin_week,16488,168,AP1,logistic,hist_gradient_boosting,0,PAIRWISE_EXACT,A,A,False,False
beijing,Shunyi,24,3,origin_week,16656,168,AP1,constant,logistic,1,PAIRWISE_EXACT,B,B,False,False
beijing,Shunyi,24,3,origin_week,16656,168,AP1,constant,hist_gradient_boosting,1,PAIRWISE_EXACT,B,B,False,False
beijing,Shunyi,24,3,origin_week,16656,168,AP1,logistic,hist_gradient_boosting,1,PAIRWISE_EXACT,A,A,False,False
beijing,Shunyi,24,3,origin_week,16824,168,AP1,constant,logistic,0,PAIRWISE_EXACT,B,B,False,False
beijing,Shunyi,24,3,origin_week,16824,168,AP1,constant,hist_gradient_boosting,0,PAIRWISE_EXACT,B,B,False,False
beijing,Shunyi,24,3,origin_week,16824,168,AP1,logistic,hist_gradient_boosting,0,PAIRWISE_EXACT,A,A,False,False
beijing,Shunyi,24,3,origin_week,16992,168,AP1,constant,logistic,0,PAIRWISE_EXACT,B,B,False,False
beijing,Shunyi,24,3,origin_week,16992,168,AP1,constant,hist_gradient_boosting,0,PAIRWISE_EXACT,B,B,False,False
beijing,Shunyi,24,3,origin_week,16992,168,AP1,logistic,hist_gradient_boosting,0,PAIRWISE_EXACT,B,B,False,False
beijing,Shunyi,24,3,origin_week,17160,168,AP1,constant,logistic,0,PAIRWISE_EXACT,B,B,False,False
beijing,Shunyi,24,3,origin_week,17160,168,AP1,constant,hist_gradient_boosting,0,PAIRWISE_EXACT,B,B,False,False
beijing,Shunyi,24,3,origin_week,17160,168,AP1,logistic,hist_gradient_boosting,0,PAIRWISE_EXACT,A,A,False,False
beijing,Shunyi,24,3,origin_week,17328,168,AP1,constant,logistic,0,PAIRWISE_EXACT,B,B,False,False
beijing,Shunyi,24,3,origin_week,17328,168,AP1,constant,hist_gradient_boosting,0,PAIRWISE_EXACT,B,B,False,False
beijing,Shunyi,24,3,origin_week,17328,168,AP1,logistic,hist_gradient_boosting,0,PAIRWISE_EXACT,B,B,False,False
beijing,Shunyi,24,3,origin_week,17496,1,AP1,constant,logistic,0,PAIRWISE_EXACT,B,B,False,False
beijing,Shunyi,24,3,origin_week,17496,1,AP1,constant,hist_gradient_boosting,0,PAIRWISE_EXACT,A,A,False,False
beijing,Shunyi,24,3,origin_week,17496,1,AP1,logistic,hist_gradient_boosting,0,PAIRWISE_EXACT,A,A,False,False
beijing,Shunyi,72,3,annual,8760,8689,AP1,constant,logistic,52,PAIRWISE_INSUFFICIENT,B,B,False,False
beijing,Shunyi,72,3,annual,8760,8689,AP1,constant,hist_gradient_boosting,52,PAIRWISE_INSUFFICIENT,B,B,False,False
beijing,Shunyi,72,3,annual,8760,8689,AP1,logistic,hist_gradient_boosting,52,PAIRWISE_INSUFFICIENT,A,A,False,False
beijing,Shunyi,72,3,origin_week,8760,168,AP1,constant,logistic,0,PAIRWISE_EXACT,A,A,False,False
beijing,Shunyi,72,3,origin_week,8760,168,AP1,constant,hist_gradient_boosting,0,PAIRWISE_EXACT,B,B,False,False
beijing,Shunyi,72,3,origin_week,8760,168,AP1,logistic,hist_gradient_boosting,0,PAIRWISE_EXACT,B,B,False,False
beijing,Shunyi,72,3,origin_week,8928,168,AP1,constant,logistic,0,PAIRWISE_EXACT,B,B,False,False
beijing,Shunyi,72,3,origin_week,8928,168,AP1,constant,hist_gradient_boosting,0,PAIRWISE_EXACT,B,B,False,False
beijing,Shunyi,72,3,origin_week,8928,168,AP1,logistic,hist_gradient_boosting,0,PAIRWISE_EXACT,A,A,False,False
beijing,Shunyi,72,3,origin_week,9096,168,AP1,constant,logistic,0,PAIRWISE_EXACT,A,A,False,False
beijing,Shunyi,72,3,origin_week,9096,168,AP1,constant,hist_gradient_boosting,0,PAIRWISE_EXACT,A,A,False,False
beijing,Shunyi,72,3,origin_week,9096,168,AP1,logistic,hist_gradient_boosting,0,PAIRWISE_EXACT,A,A,False,False
beijing,Shunyi,72,3,origin_week,9264,168,AP1,constant,logistic,0,PAIRWISE_EXACT,B,B,False,False
beijing,Shunyi,72,3,origin_week,9264,168,AP1,constant,hist_gradient_boosting,0,PAIRWISE_EXACT,B,B,False,False
beijing,Shunyi,72,3,origin_week,9264,168,AP1,logistic,hist_gradient_boosting,0,PAIRWISE_EXACT,A,A,False,False
beijing,Shunyi,72,3,origin_week,9432,168,AP1,constant,logistic,0,PAIRWISE_EXACT,B,B,False,False
beijing,Shunyi,72,3,origin_week,9432,168,AP1,constant,hist_gradient_boosting,0,PAIRWISE_EXACT,A,A,False,False
beijing,Shunyi,72,3,origin_week,9432,168,AP1,logistic,hist_gradient_boosting,0,PAIRWISE_EXACT,A,A,False,False
beijing,Shunyi,72,3,origin_week,9600,168,AP1,constant,logistic,0,PAIRWISE_EXACT,B,B,False,False
beijing,Shunyi,72,3,origin_week,9600,168,AP1,constant,hist_gradient_boosting,0,PAIRWISE_EXACT,B,B,False,False
beijing,Shunyi,72,3,origin_week,9600,168,AP1,logistic,hist_gradient_boosting,0,PAIRWISE_EXACT,A,A,False,False
beijing,Shunyi,72,3,origin_week,9768,168,AP1,constant,logistic,0,PAIRWISE_EXACT,B,B,False,False
beijing,Shunyi,72,3,origin_week,9768,168,AP1,constant,hist_gradient_boosting,0,PAIRWISE_EXACT,B,B,False,False
beijing,Shunyi,72,3,origin_week,9768,168,AP1,logistic,hist_gradient_boosting,0,PAIRWISE_EXACT,B,B,False,False
beijing,Shunyi,72,3,origin_week,9936,168,AP1,constant,logistic,0,PAIRWISE_EXACT,A,A,False,False
beijing,Shunyi,72,3,origin_week,9936,168,AP1,constant,hist_gradient_boosting,0,PAIRWISE_EXACT,B,B,False,False
beijing,Shunyi,72,3,origin_week,9936,168,AP1,logistic,hist_gradient_boosting,0,PAIRWISE_EXACT,B,B,False,False
beijing,Shunyi,72,3,origin_week,10104,168,AP1,constant,logistic,0,PAIRWISE_EXACT,B,B,False,False
beijing,Shunyi,72,3,origin_week,10104,168,AP1,constant,hist_gradient_boosting,0,PAIRWISE_EXACT,B,B,False,False
beijing,Shunyi,72,3,origin_week,10104,168,AP1,logistic,hist_gradient_boosting,0,PAIRWISE_EXACT,B,B,False,False
beijing,Shunyi,72,3,origin_week,10272,168,AP1,constant,logistic,0,PAIRWISE_EXACT,A,A,False,False
beijing,Shunyi,72,3,origin_week,10272,168,AP1,constant,hist_gradient_boosting,0,PAIRWISE_EXACT,A,A,False,False
beijing,Shunyi,72,3,origin_week,10272,168,AP1,logistic,hist_gradient_boosting,0,PAIRWISE_EXACT,B,B,False,False
beijing,Shunyi,72,3,origin_week,10440,168,AP1,constant,logistic,0,PAIRWISE_EXACT,A,A,False,False
beijing,Shunyi,72,3,origin_week,10440,168,AP1,constant,hist_gradient_boosting,0,PAIRWISE_EXACT,A,A,False,False
beijing,Shunyi,72,3,origin_week,10440,168,AP1,logistic,hist_gradient_boosting,0,PAIRWISE_EXACT,A,A,False,False
beijing,Shunyi,72,3,origin_week,10608,168,AP1,constant,logistic,0,PAIRWISE_EXACT,B,B,False,False
beijing,Shunyi,72,3,origin_week,10608,168,AP1,constant,hist_gradient_boosting,0,PAIRWISE_EXACT,B,B,False,False
beijing,Shunyi,72,3,origin_week,10608,168,AP1,logistic,hist_gradient_boosting,0,PAIRWISE_EXACT,A,A,False,False
beijing,Shunyi,72,3,origin_week,10776,168,AP1,constant,logistic,0,PAIRWISE_EXACT,B,B,False,False
beijing,Shunyi,72,3,origin_week,10776,168,AP1,constant,hist_gradient_boosting,0,PAIRWISE_EXACT,A,A,False,False
beijing,Shunyi,72,3,origin_week,10776,168,AP1,logistic,hist_gradient_boosting,0,PAIRWISE_EXACT,A,A,False,False
beijing,Shunyi,72,3,origin_week,10944,168,AP1,constant,logistic,0,PAIRWISE_EXACT,A,A,False,False
beijing,Shunyi,72,3,origin_week,10944,168,AP1,constant,hist_gradient_boosting,0,PAIRWISE_EXACT,B,B,False,False
beijing,Shunyi,72,3,origin_week,10944,168,AP1,logistic,hist_gradient_boosting,0,PAIRWISE_EXACT,B,B,False,False
beijing,Shunyi,72,3,origin_week,11112,168,AP1,constant,logistic,0,PAIRWISE_EXACT,B,B,False,False
beijing,Shunyi,72,3,origin_week,11112,168,AP1,constant,hist_gradient_boosting,0,PAIRWISE_EXACT,B,B,False,False
beijing,Shunyi,72,3,origin_week,11112,168,AP1,logistic,hist_gradient_boosting,0,PAIRWISE_EXACT,B,B,False,False
beijing,Shunyi,72,3,origin_week,11280,168,AP1,constant,logistic,0,PAIRWISE_EXACT,B,B,False,False
beijing,Shunyi,72,3,origin_week,11280,168,AP1,constant,hist_gradient_boosting,0,PAIRWISE_EXACT,B,B,False,False
beijing,Shunyi,72,3,origin_week,11280,168,AP1,logistic,hist_gradient_boosting,0,PAIRWISE_EXACT,A,A,False,False
beijing,Shunyi,72,3,origin_week,11448,168,AP1,constant,logistic,0,PAIRWISE_EXACT,A,A,False,False
beijing,Shunyi,72,3,origin_week,11448,168,AP1,constant,hist_gradient_boosting,0,PAIRWISE_EXACT,A,A,False,False
beijing,Shunyi,72,3,origin_week,11448,168,AP1,logistic,hist_gradient_boosting,0,PAIRWISE_EXACT,B,B,False,False
beijing,Shunyi,72,3,origin_week,11616,168,AP1,constant,logistic,0,PAIRWISE_EXACT,B,B,False,False
beijing,Shunyi,72,3,origin_week,11616,168,AP1,constant,hist_gradient_boosting,0,PAIRWISE_EXACT,B,B,False,False
beijing,Shunyi,72,3,origin_week,11616,168,AP1,logistic,hist_gradient_boosting,0,PAIRWISE_EXACT,B,B,False,False
beijing,Shunyi,72,3,origin_week,11784,168,AP1,constant,logistic,0,PAIRWISE_EXACT,B,B,False,False
beijing,Shunyi,72,3,origin_week,11784,168,AP1,constant,hist_gradient_boosting,0,PAIRWISE_EXACT,B,B,False,False
beijing,Shunyi,72,3,origin_week,11784,168,AP1,logistic,hist_gradient_boosting,0,PAIRWISE_EXACT,B,B,False,False
beijing,Shunyi,72,3,origin_week,11952,168,AP1,constant,logistic,0,PAIRWISE_EXACT,B,B,False,False
beijing,Shunyi,72,3,origin_week,11952,168,AP1,constant,hist_gradient_boosting,0,PAIRWISE_EXACT,A,A,False,False
beijing,Shunyi,72,3,origin_week,11952,168,AP1,logistic,hist_gradient_boosting,0,PAIRWISE_EXACT,A,A,False,False
beijing,Shunyi,72,3,origin_week,12120,168,AP1,constant,logistic,0,PAIRWISE_EXACT,A,A,False,False
beijing,Shunyi,72,3,origin_week,12120,168,AP1,constant,hist_gradient_boosting,0,PAIRWISE_EXACT,A,A,False,False
beijing,Shunyi,72,3,origin_week,12120,168,AP1,logistic,hist_gradient_boosting,0,PAIRWISE_EXACT,A,A,False,False
beijing,Shunyi,72,3,origin_week,12288,168,AP1,constant,logistic,0,PAIRWISE_EXACT,B,B,False,False
beijing,Shunyi,72,3,origin_week,12288,168,AP1,constant,hist_gradient_boosting,0,PAIRWISE_EXACT,B,B,False,False
beijing,Shunyi,72,3,origin_week,12288,168,AP1,logistic,hist_gradient_boosting,0,PAIRWISE_EXACT,B,B,False,False
beijing,Shunyi,72,3,origin_week,12456,168,AP1,constant,logistic,0,PAIRWISE_EXACT,B,B,False,False
beijing,Shunyi,72,3,origin_week,12456,168,AP1,constant,hist_gradient_boosting,0,PAIRWISE_EXACT,B,B,False,False
beijing,Shunyi,72,3,origin_week,12456,168,AP1,logistic,hist_gradient_boosting,0,PAIRWISE_EXACT,B,B,False,False
beijing,Shunyi,72,3,origin_week,12624,168,AP1,constant,logistic,0,PAIRWISE_EXACT,B,B,False,False
beijing,Shunyi,72,3,origin_week,12624,168,AP1,constant,hist_gradient_boosting,0,PAIRWISE_EXACT,B,B,False,False
beijing,Shunyi,72,3,origin_week,12624,168,AP1,logistic,hist_gradient_boosting,0,PAIRWISE_EXACT,B,B,False,False
beijing,Shunyi,72,3,origin_week,12792,168,AP1,constant,logistic,0,PAIRWISE_EXACT,B,B,False,False
beijing,Shunyi,72,3,origin_week,12792,168,AP1,constant,hist_gradient_boosting,0,PAIRWISE_EXACT,B,B,False,False
beijing,Shunyi,72,3,origin_week,12792,168,AP1,logistic,hist_gradient_boosting,0,PAIRWISE_EXACT,B,B,False,False
beijing,Shunyi,72,3,origin_week,12960,168,AP1,constant,logistic,0,PAIRWISE_EXACT,B,B,False,False
beijing,Shunyi,72,3,origin_week,12960,168,AP1,constant,hist_gradient_boosting,0,PAIRWISE_EXACT,B,B,False,False
beijing,Shunyi,72,3,origin_week,12960,168,AP1,logistic,hist_gradient_boosting,0,PAIRWISE_EXACT,A,A,False,False
beijing,Shunyi,72,3,origin_week,13128,168,AP1,constant,logistic,22,PAIRWISE_INSUFFICIENT,OPPOSITE_POSSIBLE,OPPOSITE_POSSIBLE,False,False
beijing,Shunyi,72,3,origin_week,13128,168,AP1,constant,hist_gradient_boosting,22,PAIRWISE_INSUFFICIENT,A,A,False,False
beijing,Shunyi,72,3,origin_week,13128,168,AP1,logistic,hist_gradient_boosting,22,PAIRWISE_INSUFFICIENT,A,A,False,False
beijing,Shunyi,72,3,origin_week,13296,168,AP1,constant,logistic,0,PAIRWISE_EXACT,B,B,False,False
beijing,Shunyi,72,3,origin_week,13296,168,AP1,constant,hist_gradient_boosting,0,PAIRWISE_EXACT,B,B,False,False
beijing,Shunyi,72,3,origin_week,13296,168,AP1,logistic,hist_gradient_boosting,0,PAIRWISE_EXACT,A,A,False,False
beijing,Shunyi,72,3,origin_week,13464,168,AP1,constant,logistic,0,PAIRWISE_EXACT,A,A,False,False
beijing,Shunyi,72,3,origin_week,13464,168,AP1,constant,hist_gradient_boosting,0,PAIRWISE_EXACT,A,A,False,False
beijing,Shunyi,72,3,origin_week,13464,168,AP1,logistic,hist_gradient_boosting,0,PAIRWISE_EXACT,A,A,False,False
beijing,Shunyi,72,3,origin_week,13632,168,AP1,constant,logistic,0,PAIRWISE_EXACT,A,A,False,False
beijing,Shunyi,72,3,origin_week,13632,168,AP1,constant,hist_gradient_boosting,0,PAIRWISE_EXACT,A,A,False,False
beijing,Shunyi,72,3,origin_week,13632,168,AP1,logistic,hist_gradient_boosting,0,PAIRWISE_EXACT,B,B,False,False
beijing,Shunyi,72,3,origin_week,13800,168,AP1,constant,logistic,0,PAIRWISE_EXACT,A,A,False,False
beijing,Shunyi,72,3,origin_week,13800,168,AP1,constant,hist_gradient_boosting,0,PAIRWISE_EXACT,A,A,False,False
beijing,Shunyi,72,3,origin_week,13800,168,AP1,logistic,hist_gradient_boosting,0,PAIRWISE_EXACT,A,A,False,False
beijing,Shunyi,72,3,origin_week,13968,168,AP1,constant,logistic,0,PAIRWISE_EXACT,A,A,False,False
beijing,Shunyi,72,3,origin_week,13968,168,AP1,constant,hist_gradient_boosting,0,PAIRWISE_EXACT,A,A,False,False
beijing,Shunyi,72,3,origin_week,13968,168,AP1,logistic,hist_gradient_boosting,0,PAIRWISE_EXACT,A,A,False,False
beijing,Shunyi,72,3,origin_week,14136,168,AP1,constant,logistic,0,PAIRWISE_EXACT,A,A,False,False
beijing,Shunyi,72,3,origin_week,14136,168,AP1,constant,hist_gradient_boosting,0,PAIRWISE_EXACT,A,A,False,False
beijing,Shunyi,72,3,origin_week,14136,168,AP1,logistic,hist_gradient_boosting,0,PAIRWISE_EXACT,A,A,False,False
beijing,Shunyi,72,3,origin_week,14304,168,AP1,constant,logistic,0,PAIRWISE_EXACT,B,B,False,False
beijing,Shunyi,72,3,origin_week,14304,168,AP1,constant,hist_gradient_boosting,0,PAIRWISE_EXACT,B,B,False,False
beijing,Shunyi,72,3,origin_week,14304,168,AP1,logistic,hist_gradient_boosting,0,PAIRWISE_EXACT,B,B,False,False
beijing,Shunyi,72,3,origin_week,14472,168,AP1,constant,logistic,0,PAIRWISE_EXACT,B,B,False,False
beijing,Shunyi,72,3,origin_week,14472,168,AP1,constant,hist_gradient_boosting,0,PAIRWISE_EXACT,B,B,False,False
beijing,Shunyi,72,3,origin_week,14472,168,AP1,logistic,hist_gradient_boosting,0,PAIRWISE_EXACT,B,B,False,False
beijing,Shunyi,72,3,origin_week,14640,168,AP1,constant,logistic,8,PAIRWISE_EXACT,A,A,False,False
beijing,Shunyi,72,3,origin_week,14640,168,AP1,constant,hist_gradient_boosting,8,PAIRWISE_EXACT,A,A,False,False
beijing,Shunyi,72,3,origin_week,14640,168,AP1,logistic,hist_gradient_boosting,8,PAIRWISE_EXACT,A,A,False,False
beijing,Shunyi,72,3,origin_week,14808,168,AP1,constant,logistic,0,PAIRWISE_EXACT,A,A,False,False
beijing,Shunyi,72,3,origin_week,14808,168,AP1,constant,hist_gradient_boosting,0,PAIRWISE_EXACT,A,A,False,False
beijing,Shunyi,72,3,origin_week,14808,168,AP1,logistic,hist_gradient_boosting,0,PAIRWISE_EXACT,A,A,False,False
beijing,Shunyi,72,3,origin_week,14976,168,AP1,constant,logistic,0,PAIRWISE_EXACT,B,B,False,False
beijing,Shunyi,72,3,origin_week,14976,168,AP1,constant,hist_gradient_boosting,0,PAIRWISE_EXACT,A,A,False,False
beijing,Shunyi,72,3,origin_week,14976,168,AP1,logistic,hist_gradient_boosting,0,PAIRWISE_EXACT,A,A,False,False
beijing,Shunyi,72,3,origin_week,15144,168,AP1,constant,logistic,0,PAIRWISE_EXACT,B,B,False,False
beijing,Shunyi,72,3,origin_week,15144,168,AP1,constant,hist_gradient_boosting,0,PAIRWISE_EXACT,B,B,False,False
beijing,Shunyi,72,3,origin_week,15144,168,AP1,logistic,hist_gradient_boosting,0,PAIRWISE_EXACT,A,A,False,False
beijing,Shunyi,72,3,origin_week,15312,168,AP1,constant,logistic,0,PAIRWISE_EXACT,B,B,False,False
beijing,Shunyi,72,3,origin_week,15312,168,AP1,constant,hist_gradient_boosting,0,PAIRWISE_EXACT,B,B,False,False
beijing,Shunyi,72,3,origin_week,15312,168,AP1,logistic,hist_gradient_boosting,0,PAIRWISE_EXACT,A,A,False,False
beijing,Shunyi,72,3,origin_week,15480,168,AP1,constant,logistic,22,PAIRWISE_EXACT,B,B,False,False
beijing,Shunyi,72,3,origin_week,15480,168,AP1,constant,hist_gradient_boosting,22,PAIRWISE_EXACT,OPPOSITE_POSSIBLE,OPPOSITE_POSSIBLE,False,False
beijing,Shunyi,72,3,origin_week,15480,168,AP1,logistic,hist_gradient_boosting,22,PAIRWISE_EXACT,A,A,False,False
beijing,Shunyi,72,3,origin_week,15648,168,AP1,constant,logistic,0,PAIRWISE_EXACT,A,A,False,False
beijing,Shunyi,72,3,origin_week,15648,168,AP1,constant,hist_gradient_boosting,0,PAIRWISE_EXACT,B,B,False,False
beijing,Shunyi,72,3,origin_week,15648,168,AP1,logistic,hist_gradient_boosting,0,PAIRWISE_EXACT,B,B,False,False
beijing,Shunyi,72,3,origin_week,15816,168,AP1,constant,logistic,0,PAIRWISE_EXACT,B,B,False,False
beijing,Shunyi,72,3,origin_week,15816,168,AP1,constant,hist_gradient_boosting,0,PAIRWISE_EXACT,A,A,False,False
beijing,Shunyi,72,3,origin_week,15816,168,AP1,logistic,hist_gradient_boosting,0,PAIRWISE_EXACT,A,A,False,False
beijing,Shunyi,72,3,origin_week,15984,168,AP1,constant,logistic,0,PAIRWISE_EXACT,A,A,False,False
beijing,Shunyi,72,3,origin_week,15984,168,AP1,constant,hist_gradient_boosting,0,PAIRWISE_EXACT,A,A,False,False
beijing,Shunyi,72,3,origin_week,15984,168,AP1,logistic,hist_gradient_boosting,0,PAIRWISE_EXACT,A,A,False,False
beijing,Shunyi,72,3,origin_week,16152,168,AP1,constant,logistic,0,PAIRWISE_EXACT,B,B,False,False
beijing,Shunyi,72,3,origin_week,16152,168,AP1,constant,hist_gradient_boosting,0,PAIRWISE_EXACT,B,B,False,False
beijing,Shunyi,72,3,origin_week,16152,168,AP1,logistic,hist_gradient_boosting,0,PAIRWISE_EXACT,A,A,False,False
beijing,Shunyi,72,3,origin_week,16320,168,AP1,constant,logistic,0,PAIRWISE_EXACT,B,B,False,False
beijing,Shunyi,72,3,origin_week,16320,168,AP1,constant,hist_gradient_boosting,0,PAIRWISE_EXACT,B,B,False,False
beijing,Shunyi,72,3,origin_week,16320,168,AP1,logistic,hist_gradient_boosting,0,PAIRWISE_EXACT,B,B,False,False
beijing,Shunyi,72,3,origin_week,16488,168,AP1,constant,logistic,0,PAIRWISE_EXACT,B,B,False,False
beijing,Shunyi,72,3,origin_week,16488,168,AP1,constant,hist_gradient_boosting,0,PAIRWISE_EXACT,A,A,False,False
beijing,Shunyi,72,3,origin_week,16488,168,AP1,logistic,hist_gradient_boosting,0,PAIRWISE_EXACT,A,A,False,False
beijing,Shunyi,72,3,origin_week,16656,168,AP1,constant,logistic,0,PAIRWISE_EXACT,A,A,False,False
beijing,Shunyi,72,3,origin_week,16656,168,AP1,constant,hist_gradient_boosting,0,PAIRWISE_EXACT,A,A,False,False
beijing,Shunyi,72,3,origin_week,16656,168,AP1,logistic,hist_gradient_boosting,0,PAIRWISE_EXACT,B,B,False,False
beijing,Shunyi,72,3,origin_week,16824,168,AP1,constant,logistic,0,PAIRWISE_EXACT,A,A,False,False
beijing,Shunyi,72,3,origin_week,16824,168,AP1,constant,hist_gradient_boosting,0,PAIRWISE_EXACT,A,A,False,False
beijing,Shunyi,72,3,origin_week,16824,168,AP1,logistic,hist_gradient_boosting,0,PAIRWISE_EXACT,A,A,False,False
beijing,Shunyi,72,3,origin_week,16992,168,AP1,constant,logistic,0,PAIRWISE_EXACT,A,A,False,False
beijing,Shunyi,72,3,origin_week,16992,168,AP1,constant,hist_gradient_boosting,0,PAIRWISE_EXACT,A,A,False,False
beijing,Shunyi,72,3,origin_week,16992,168,AP1,logistic,hist_gradient_boosting,0,PAIRWISE_EXACT,A,A,False,False
beijing,Shunyi,72,3,origin_week,17160,168,AP1,constant,logistic,0,PAIRWISE_EXACT,B,B,False,False
beijing,Shunyi,72,3,origin_week,17160,168,AP1,constant,hist_gradient_boosting,0,PAIRWISE_EXACT,B,B,False,False
beijing,Shunyi,72,3,origin_week,17160,168,AP1,logistic,hist_gradient_boosting,0,PAIRWISE_EXACT,B,B,False,False
beijing,Shunyi,72,3,origin_week,17328,121,AP1,constant,logistic,0,PAIRWISE_EXACT,A,A,False,False
beijing,Shunyi,72,3,origin_week,17328,121,AP1,constant,hist_gradient_boosting,0,PAIRWISE_EXACT,A,A,False,False
beijing,Shunyi,72,3,origin_week,17328,121,AP1,logistic,hist_gradient_boosting,0,PAIRWISE_EXACT,B,B,False,False
beijing,Tiantan,24,3,annual,8760,8737,AP1,constant,logistic,389,PAIRWISE_INSUFFICIENT,B,B,False,False
beijing,Tiantan,24,3,annual,8760,8737,AP1,constant,hist_gradient_boosting,389,PAIRWISE_INSUFFICIENT,B,B,False,True
beijing,Tiantan,24,3,annual,8760,8737,AP1,logistic,hist_gradient_boosting,389,PAIRWISE_INSUFFICIENT,B,B,False,False
beijing,Tiantan,24,3,origin_week,8760,168,AP1,constant,logistic,0,PAIRWISE_EXACT,B,B,False,False
beijing,Tiantan,24,3,origin_week,8760,168,AP1,constant,hist_gradient_boosting,0,PAIRWISE_EXACT,B,B,False,False
beijing,Tiantan,24,3,origin_week,8760,168,AP1,logistic,hist_gradient_boosting,0,PAIRWISE_EXACT,A,A,False,False
beijing,Tiantan,24,3,origin_week,8928,168,AP1,constant,logistic,0,PAIRWISE_EXACT,B,B,False,False
beijing,Tiantan,24,3,origin_week,8928,168,AP1,constant,hist_gradient_boosting,0,PAIRWISE_EXACT,B,B,False,False
beijing,Tiantan,24,3,origin_week,8928,168,AP1,logistic,hist_gradient_boosting,0,PAIRWISE_EXACT,B,B,False,False
beijing,Tiantan,24,3,origin_week,9096,168,AP1,constant,logistic,0,PAIRWISE_EXACT,B,B,False,False
beijing,Tiantan,24,3,origin_week,9096,168,AP1,constant,hist_gradient_boosting,0,PAIRWISE_EXACT,B,B,False,False
beijing,Tiantan,24,3,origin_week,9096,168,AP1,logistic,hist_gradient_boosting,0,PAIRWISE_EXACT,B,B,False,False
beijing,Tiantan,24,3,origin_week,9264,168,AP1,constant,logistic,0,PAIRWISE_EXACT,B,B,False,False
beijing,Tiantan,24,3,origin_week,9264,168,AP1,constant,hist_gradient_boosting,0,PAIRWISE_EXACT,B,B,False,False
beijing,Tiantan,24,3,origin_week,9264,168,AP1,logistic,hist_gradient_boosting,0,PAIRWISE_EXACT,A,A,False,False
beijing,Tiantan,24,3,origin_week,9432,168,AP1,constant,logistic,0,PAIRWISE_EXACT,B,B,False,False
beijing,Tiantan,24,3,origin_week,9432,168,AP1,constant,hist_gradient_boosting,0,PAIRWISE_EXACT,B,B,False,False
beijing,Tiantan,24,3,origin_week,9432,168,AP1,logistic,hist_gradient_boosting,0,PAIRWISE_EXACT,A,A,False,False
beijing,Tiantan,24,3,origin_week,9600,168,AP1,constant,logistic,0,PAIRWISE_EXACT,B,B,False,False
beijing,Tiantan,24,3,origin_week,9600,168,AP1,constant,hist_gradient_boosting,0,PAIRWISE_EXACT,B,B,False,False
beijing,Tiantan,24,3,origin_week,9600,168,AP1,logistic,hist_gradient_boosting,0,PAIRWISE_EXACT,B,B,False,False
beijing,Tiantan,24,3,origin_week,9768,168,AP1,constant,logistic,0,PAIRWISE_EXACT,B,B,False,False
beijing,Tiantan,24,3,origin_week,9768,168,AP1,constant,hist_gradient_boosting,0,PAIRWISE_EXACT,B,B,False,False
beijing,Tiantan,24,3,origin_week,9768,168,AP1,logistic,hist_gradient_boosting,0,PAIRWISE_EXACT,B,B,False,False
beijing,Tiantan,24,3,origin_week,9936,168,AP1,constant,logistic,0,PAIRWISE_EXACT,B,B,False,False
beijing,Tiantan,24,3,origin_week,9936,168,AP1,constant,hist_gradient_boosting,0,PAIRWISE_EXACT,B,B,False,False
beijing,Tiantan,24,3,origin_week,9936,168,AP1,logistic,hist_gradient_boosting,0,PAIRWISE_EXACT,B,B,False,False
beijing,Tiantan,24,3,origin_week,10104,168,AP1,constant,logistic,0,PAIRWISE_EXACT,B,B,False,False
beijing,Tiantan,24,3,origin_week,10104,168,AP1,constant,hist_gradient_boosting,0,PAIRWISE_EXACT,B,B,False,False
beijing,Tiantan,24,3,origin_week,10104,168,AP1,logistic,hist_gradient_boosting,0,PAIRWISE_EXACT,B,B,False,False
beijing,Tiantan,24,3,origin_week,10272,168,AP1,constant,logistic,1,PAIRWISE_EXACT,B,B,False,False
beijing,Tiantan,24,3,origin_week,10272,168,AP1,constant,hist_gradient_boosting,1,PAIRWISE_EXACT,B,B,False,False
beijing,Tiantan,24,3,origin_week,10272,168,AP1,logistic,hist_gradient_boosting,1,PAIRWISE_EXACT,B,B,False,False
beijing,Tiantan,24,3,origin_week,10440,168,AP1,constant,logistic,88,PAIRWISE_INSUFFICIENT,OPPOSITE_POSSIBLE,OPPOSITE_POSSIBLE,False,False
beijing,Tiantan,24,3,origin_week,10440,168,AP1,constant,hist_gradient_boosting,88,PAIRWISE_INSUFFICIENT,OPPOSITE_POSSIBLE,OPPOSITE_POSSIBLE,False,True
beijing,Tiantan,24,3,origin_week,10440,168,AP1,logistic,hist_gradient_boosting,88,PAIRWISE_INSUFFICIENT,OPPOSITE_POSSIBLE,OPPOSITE_POSSIBLE,False,False
beijing,Tiantan,24,3,origin_week,10608,168,AP1,constant,logistic,5,PAIRWISE_EXACT,B,B,False,False
beijing,Tiantan,24,3,origin_week,10608,168,AP1,constant,hist_gradient_boosting,5,PAIRWISE_EXACT,B,B,False,False
beijing,Tiantan,24,3,origin_week,10608,168,AP1,logistic,hist_gradient_boosting,5,PAIRWISE_EXACT,A,A,False,False
beijing,Tiantan,24,3,origin_week,10776,168,AP1,constant,logistic,17,PAIRWISE_EXACT,B,B,False,False
beijing,Tiantan,24,3,origin_week,10776,168,AP1,constant,hist_gradient_boosting,17,PAIRWISE_EXACT,B,B,False,False
beijing,Tiantan,24,3,origin_week,10776,168,AP1,logistic,hist_gradient_boosting,17,PAIRWISE_EXACT,B,B,False,False
beijing,Tiantan,24,3,origin_week,10944,168,AP1,constant,logistic,0,PAIRWISE_EXACT,B,B,False,False
beijing,Tiantan,24,3,origin_week,10944,168,AP1,constant,hist_gradient_boosting,0,PAIRWISE_EXACT,B,B,False,False
beijing,Tiantan,24,3,origin_week,10944,168,AP1,logistic,hist_gradient_boosting,0,PAIRWISE_EXACT,B,B,False,False
beijing,Tiantan,24,3,origin_week,11112,168,AP1,constant,logistic,0,PAIRWISE_EXACT,B,B,False,False
beijing,Tiantan,24,3,origin_week,11112,168,AP1,constant,hist_gradient_boosting,0,PAIRWISE_EXACT,B,B,False,False
beijing,Tiantan,24,3,origin_week,11112,168,AP1,logistic,hist_gradient_boosting,0,PAIRWISE_EXACT,B,B,False,False
beijing,Tiantan,24,3,origin_week,11280,168,AP1,constant,logistic,0,PAIRWISE_EXACT,B,B,False,False
beijing,Tiantan,24,3,origin_week,11280,168,AP1,constant,hist_gradient_boosting,0,PAIRWISE_EXACT,A,A,False,False
beijing,Tiantan,24,3,origin_week,11280,168,AP1,logistic,hist_gradient_boosting,0,PAIRWISE_EXACT,A,A,False,False
beijing,Tiantan,24,3,origin_week,11448,168,AP1,constant,logistic,20,PAIRWISE_EXACT,B,B,False,False
beijing,Tiantan,24,3,origin_week,11448,168,AP1,constant,hist_gradient_boosting,20,PAIRWISE_EXACT,B,B,False,False
beijing,Tiantan,24,3,origin_week,11448,168,AP1,logistic,hist_gradient_boosting,20,PAIRWISE_EXACT,OPPOSITE_POSSIBLE,OPPOSITE_POSSIBLE,False,False
beijing,Tiantan,24,3,origin_week,11616,168,AP1,constant,logistic,0,PAIRWISE_EXACT,B,B,False,False
beijing,Tiantan,24,3,origin_week,11616,168,AP1,constant,hist_gradient_boosting,0,PAIRWISE_EXACT,B,B,False,False
beijing,Tiantan,24,3,origin_week,11616,168,AP1,logistic,hist_gradient_boosting,0,PAIRWISE_EXACT,A,A,False,False
beijing,Tiantan,24,3,origin_week,11784,168,AP1,constant,logistic,0,PAIRWISE_EXACT,B,B,False,False
beijing,Tiantan,24,3,origin_week,11784,168,AP1,constant,hist_gradient_boosting,0,PAIRWISE_EXACT,B,B,False,False
beijing,Tiantan,24,3,origin_week,11784,168,AP1,logistic,hist_gradient_boosting,0,PAIRWISE_EXACT,B,B,False,False
beijing,Tiantan,24,3,origin_week,11952,168,AP1,constant,logistic,0,PAIRWISE_EXACT,B,B,False,False
beijing,Tiantan,24,3,origin_week,11952,168,AP1,constant,hist_gradient_boosting,0,PAIRWISE_EXACT,B,B,False,False
beijing,Tiantan,24,3,origin_week,11952,168,AP1,logistic,hist_gradient_boosting,0,PAIRWISE_EXACT,B,B,False,False
beijing,Tiantan,24,3,origin_week,12120,168,AP1,constant,logistic,0,PAIRWISE_EXACT,B,B,False,False
beijing,Tiantan,24,3,origin_week,12120,168,AP1,constant,hist_gradient_boosting,0,PAIRWISE_EXACT,B,B,False,False
beijing,Tiantan,24,3,origin_week,12120,168,AP1,logistic,hist_gradient_boosting,0,PAIRWISE_EXACT,B,B,False,False
beijing,Tiantan,24,3,origin_week,12288,168,AP1,constant,logistic,0,PAIRWISE_EXACT,B,B,False,False
beijing,Tiantan,24,3,origin_week,12288,168,AP1,constant,hist_gradient_boosting,0,PAIRWISE_EXACT,B,B,False,False
beijing,Tiantan,24,3,origin_week,12288,168,AP1,logistic,hist_gradient_boosting,0,PAIRWISE_EXACT,B,B,False,False
beijing,Tiantan,24,3,origin_week,12456,168,AP1,constant,logistic,21,PAIRWISE_EXACT,B,B,False,False
beijing,Tiantan,24,3,origin_week,12456,168,AP1,constant,hist_gradient_boosting,21,PAIRWISE_EXACT,B,B,False,False
beijing,Tiantan,24,3,origin_week,12456,168,AP1,logistic,hist_gradient_boosting,21,PAIRWISE_EXACT,B,B,False,False
beijing,Tiantan,24,3,origin_week,12624,168,AP1,constant,logistic,10,PAIRWISE_EXACT,B,B,False,False
beijing,Tiantan,24,3,origin_week,12624,168,AP1,constant,hist_gradient_boosting,10,PAIRWISE_EXACT,B,B,False,False
beijing,Tiantan,24,3,origin_week,12624,168,AP1,logistic,hist_gradient_boosting,10,PAIRWISE_EXACT,B,B,False,False
beijing,Tiantan,24,3,origin_week,12792,168,AP1,constant,logistic,0,PAIRWISE_EXACT,B,B,False,False
beijing,Tiantan,24,3,origin_week,12792,168,AP1,constant,hist_gradient_boosting,0,PAIRWISE_EXACT,B,B,False,False
beijing,Tiantan,24,3,origin_week,12792,168,AP1,logistic,hist_gradient_boosting,0,PAIRWISE_EXACT,B,B,False,False
beijing,Tiantan,24,3,origin_week,12960,168,AP1,constant,logistic,0,PAIRWISE_EXACT,B,B,False,False
beijing,Tiantan,24,3,origin_week,12960,168,AP1,constant,hist_gradient_boosting,0,PAIRWISE_EXACT,B,B,False,False
beijing,Tiantan,24,3,origin_week,12960,168,AP1,logistic,hist_gradient_boosting,0,PAIRWISE_EXACT,B,B,False,False
beijing,Tiantan,24,3,origin_week,13128,168,AP1,constant,logistic,0,PAIRWISE_EXACT,B,B,False,False
beijing,Tiantan,24,3,origin_week,13128,168,AP1,constant,hist_gradient_boosting,0,PAIRWISE_EXACT,B,B,False,False
beijing,Tiantan,24,3,origin_week,13128,168,AP1,logistic,hist_gradient_boosting,0,PAIRWISE_EXACT,B,B,False,False
beijing,Tiantan,24,3,origin_week,13296,168,AP1,constant,logistic,0,PAIRWISE_EXACT,B,B,False,False
beijing,Tiantan,24,3,origin_week,13296,168,AP1,constant,hist_gradient_boosting,0,PAIRWISE_EXACT,B,B,False,False
beijing,Tiantan,24,3,origin_week,13296,168,AP1,logistic,hist_gradient_boosting,0,PAIRWISE_EXACT,A,A,False,False
beijing,Tiantan,24,3,origin_week,13464,168,AP1,constant,logistic,0,PAIRWISE_EXACT,B,B,False,False
beijing,Tiantan,24,3,origin_week,13464,168,AP1,constant,hist_gradient_boosting,0,PAIRWISE_EXACT,B,B,False,False
beijing,Tiantan,24,3,origin_week,13464,168,AP1,logistic,hist_gradient_boosting,0,PAIRWISE_EXACT,B,B,False,False
beijing,Tiantan,24,3,origin_week,13632,168,AP1,constant,logistic,0,PAIRWISE_EXACT,B,B,False,False
beijing,Tiantan,24,3,origin_week,13632,168,AP1,constant,hist_gradient_boosting,0,PAIRWISE_EXACT,A,A,False,False
beijing,Tiantan,24,3,origin_week,13632,168,AP1,logistic,hist_gradient_boosting,0,PAIRWISE_EXACT,A,A,False,False
beijing,Tiantan,24,3,origin_week,13800,168,AP1,constant,logistic,6,PAIRWISE_INSUFFICIENT,B,B,False,False
beijing,Tiantan,24,3,origin_week,13800,168,AP1,constant,hist_gradient_boosting,6,PAIRWISE_INSUFFICIENT,OPPOSITE_POSSIBLE,OPPOSITE_POSSIBLE,False,False
beijing,Tiantan,24,3,origin_week,13800,168,AP1,logistic,hist_gradient_boosting,6,PAIRWISE_INSUFFICIENT,A,A,False,False
beijing,Tiantan,24,3,origin_week,13968,168,AP1,constant,logistic,0,PAIRWISE_EXACT,B,B,False,False
beijing,Tiantan,24,3,origin_week,13968,168,AP1,constant,hist_gradient_boosting,0,PAIRWISE_EXACT,B,B,False,False
beijing,Tiantan,24,3,origin_week,13968,168,AP1,logistic,hist_gradient_boosting,0,PAIRWISE_EXACT,A,A,False,False
beijing,Tiantan,24,3,origin_week,14136,168,AP1,constant,logistic,0,PAIRWISE_EXACT,B,B,False,False
beijing,Tiantan,24,3,origin_week,14136,168,AP1,constant,hist_gradient_boosting,0,PAIRWISE_EXACT,B,B,False,False
beijing,Tiantan,24,3,origin_week,14136,168,AP1,logistic,hist_gradient_boosting,0,PAIRWISE_EXACT,B,B,False,False
beijing,Tiantan,24,3,origin_week,14304,168,AP1,constant,logistic,0,PAIRWISE_EXACT,B,B,False,False
beijing,Tiantan,24,3,origin_week,14304,168,AP1,constant,hist_gradient_boosting,0,PAIRWISE_EXACT,B,B,False,False
beijing,Tiantan,24,3,origin_week,14304,168,AP1,logistic,hist_gradient_boosting,0,PAIRWISE_EXACT,A,A,False,False
beijing,Tiantan,24,3,origin_week,14472,168,AP1,constant,logistic,23,PAIRWISE_INSUFFICIENT,B,B,False,False
beijing,Tiantan,24,3,origin_week,14472,168,AP1,constant,hist_gradient_boosting,23,PAIRWISE_INSUFFICIENT,B,B,False,False
beijing,Tiantan,24,3,origin_week,14472,168,AP1,logistic,hist_gradient_boosting,23,PAIRWISE_INSUFFICIENT,OPPOSITE_POSSIBLE,OPPOSITE_POSSIBLE,False,False
beijing,Tiantan,24,3,origin_week,14640,168,AP1,constant,logistic,0,PAIRWISE_EXACT,B,B,False,False
beijing,Tiantan,24,3,origin_week,14640,168,AP1,constant,hist_gradient_boosting,0,PAIRWISE_EXACT,B,B,False,False
beijing,Tiantan,24,3,origin_week,14640,168,AP1,logistic,hist_gradient_boosting,0,PAIRWISE_EXACT,B,B,False,False
beijing,Tiantan,24,3,origin_week,14808,168,AP1,constant,logistic,0,PAIRWISE_EXACT,B,B,False,False
beijing,Tiantan,24,3,origin_week,14808,168,AP1,constant,hist_gradient_boosting,0,PAIRWISE_EXACT,B,B,False,False
beijing,Tiantan,24,3,origin_week,14808,168,AP1,logistic,hist_gradient_boosting,0,PAIRWISE_EXACT,B,B,False,False
beijing,Tiantan,24,3,origin_week,14976,168,AP1,constant,logistic,0,PAIRWISE_EXACT,B,B,False,False
beijing,Tiantan,24,3,origin_week,14976,168,AP1,constant,hist_gradient_boosting,0,PAIRWISE_EXACT,B,B,False,False
beijing,Tiantan,24,3,origin_week,14976,168,AP1,logistic,hist_gradient_boosting,0,PAIRWISE_EXACT,A,A,False,False
beijing,Tiantan,24,3,origin_week,15144,168,AP1,constant,logistic,0,PAIRWISE_EXACT,B,B,False,False
beijing,Tiantan,24,3,origin_week,15144,168,AP1,constant,hist_gradient_boosting,0,PAIRWISE_EXACT,B,B,False,False
beijing,Tiantan,24,3,origin_week,15144,168,AP1,logistic,hist_gradient_boosting,0,PAIRWISE_EXACT,A,A,False,False
beijing,Tiantan,24,3,origin_week,15312,168,AP1,constant,logistic,56,PAIRWISE_INSUFFICIENT,B,B,False,False
beijing,Tiantan,24,3,origin_week,15312,168,AP1,constant,hist_gradient_boosting,56,PAIRWISE_INSUFFICIENT,B,B,False,False
beijing,Tiantan,24,3,origin_week,15312,168,AP1,logistic,hist_gradient_boosting,56,PAIRWISE_INSUFFICIENT,OPPOSITE_POSSIBLE,OPPOSITE_POSSIBLE,False,False
beijing,Tiantan,24,3,origin_week,15480,168,AP1,constant,logistic,87,PAIRWISE_INSUFFICIENT,A,A,False,False
beijing,Tiantan,24,3,origin_week,15480,168,AP1,constant,hist_gradient_boosting,87,PAIRWISE_INSUFFICIENT,OPPOSITE_POSSIBLE,OPPOSITE_POSSIBLE,False,False
beijing,Tiantan,24,3,origin_week,15480,168,AP1,logistic,hist_gradient_boosting,87,PAIRWISE_INSUFFICIENT,B,B,False,False
beijing,Tiantan,24,3,origin_week,15648,168,AP1,constant,logistic,55,PAIRWISE_INSUFFICIENT,OPPOSITE_POSSIBLE,OPPOSITE_POSSIBLE,False,False
beijing,Tiantan,24,3,origin_week,15648,168,AP1,constant,hist_gradient_boosting,55,PAIRWISE_INSUFFICIENT,OPPOSITE_POSSIBLE,OPPOSITE_POSSIBLE,False,False
beijing,Tiantan,24,3,origin_week,15648,168,AP1,logistic,hist_gradient_boosting,55,PAIRWISE_INSUFFICIENT,B,B,False,False
beijing,Tiantan,24,3,origin_week,15816,168,AP1,constant,logistic,0,PAIRWISE_EXACT,B,B,False,False
beijing,Tiantan,24,3,origin_week,15816,168,AP1,constant,hist_gradient_boosting,0,PAIRWISE_EXACT,B,B,False,False
beijing,Tiantan,24,3,origin_week,15816,168,AP1,logistic,hist_gradient_boosting,0,PAIRWISE_EXACT,B,B,False,False
beijing,Tiantan,24,3,origin_week,15984,168,AP1,constant,logistic,0,PAIRWISE_EXACT,B,B,False,False
beijing,Tiantan,24,3,origin_week,15984,168,AP1,constant,hist_gradient_boosting,0,PAIRWISE_EXACT,B,B,False,False
beijing,Tiantan,24,3,origin_week,15984,168,AP1,logistic,hist_gradient_boosting,0,PAIRWISE_EXACT,A,A,False,False
beijing,Tiantan,24,3,origin_week,16152,168,AP1,constant,logistic,0,PAIRWISE_EXACT,B,B,False,False
beijing,Tiantan,24,3,origin_week,16152,168,AP1,constant,hist_gradient_boosting,0,PAIRWISE_EXACT,B,B,False,False
beijing,Tiantan,24,3,origin_week,16152,168,AP1,logistic,hist_gradient_boosting,0,PAIRWISE_EXACT,A,A,False,False
beijing,Tiantan,24,3,origin_week,16320,168,AP1,constant,logistic,0,PAIRWISE_EXACT,B,B,False,False
beijing,Tiantan,24,3,origin_week,16320,168,AP1,constant,hist_gradient_boosting,0,PAIRWISE_EXACT,B,B,False,False
beijing,Tiantan,24,3,origin_week,16320,168,AP1,logistic,hist_gradient_boosting,0,PAIRWISE_EXACT,A,A,False,False
beijing,Tiantan,24,3,origin_week,16488,168,AP1,constant,logistic,0,PAIRWISE_EXACT,B,B,False,False
beijing,Tiantan,24,3,origin_week,16488,168,AP1,constant,hist_gradient_boosting,0,PAIRWISE_EXACT,A,A,False,False
beijing,Tiantan,24,3,origin_week,16488,168,AP1,logistic,hist_gradient_boosting,0,PAIRWISE_EXACT,A,A,False,False
beijing,Tiantan,24,3,origin_week,16656,168,AP1,constant,logistic,0,PAIRWISE_EXACT,B,B,False,False
beijing,Tiantan,24,3,origin_week,16656,168,AP1,constant,hist_gradient_boosting,0,PAIRWISE_EXACT,B,B,False,False
beijing,Tiantan,24,3,origin_week,16656,168,AP1,logistic,hist_gradient_boosting,0,PAIRWISE_EXACT,B,B,False,False
beijing,Tiantan,24,3,origin_week,16824,168,AP1,constant,logistic,0,PAIRWISE_EXACT,B,B,False,False
beijing,Tiantan,24,3,origin_week,16824,168,AP1,constant,hist_gradient_boosting,0,PAIRWISE_EXACT,B,B,False,False
beijing,Tiantan,24,3,origin_week,16824,168,AP1,logistic,hist_gradient_boosting,0,PAIRWISE_EXACT,A,A,False,False
beijing,Tiantan,24,3,origin_week,16992,168,AP1,constant,logistic,0,PAIRWISE_EXACT,B,B,False,False
beijing,Tiantan,24,3,origin_week,16992,168,AP1,constant,hist_gradient_boosting,0,PAIRWISE_EXACT,B,B,False,False
beijing,Tiantan,24,3,origin_week,16992,168,AP1,logistic,hist_gradient_boosting,0,PAIRWISE_EXACT,B,B,False,False
beijing,Tiantan,24,3,origin_week,17160,168,AP1,constant,logistic,0,PAIRWISE_EXACT,B,B,False,False
beijing,Tiantan,24,3,origin_week,17160,168,AP1,constant,hist_gradient_boosting,0,PAIRWISE_EXACT,B,B,False,False
beijing,Tiantan,24,3,origin_week,17160,168,AP1,logistic,hist_gradient_boosting,0,PAIRWISE_EXACT,A,A,False,False
beijing,Tiantan,24,3,origin_week,17328,168,AP1,constant,logistic,0,PAIRWISE_EXACT,B,B,False,False
beijing,Tiantan,24,3,origin_week,17328,168,AP1,constant,hist_gradient_boosting,0,PAIRWISE_EXACT,B,B,False,False
beijing,Tiantan,24,3,origin_week,17328,168,AP1,logistic,hist_gradient_boosting,0,PAIRWISE_EXACT,B,B,False,False
beijing,Tiantan,24,3,origin_week,17496,1,AP1,constant,logistic,0,PAIRWISE_EXACT,B,B,False,False
beijing,Tiantan,24,3,origin_week,17496,1,AP1,constant,hist_gradient_boosting,0,PAIRWISE_EXACT,B,B,False,False
beijing,Tiantan,24,3,origin_week,17496,1,AP1,logistic,hist_gradient_boosting,0,PAIRWISE_EXACT,A,A,False,False
beijing,Tiantan,72,3,annual,8760,8689,AP1,constant,logistic,454,PAIRWISE_INSUFFICIENT,OPPOSITE_POSSIBLE,OPPOSITE_POSSIBLE,False,True
beijing,Tiantan,72,3,annual,8760,8689,AP1,constant,hist_gradient_boosting,454,PAIRWISE_INSUFFICIENT,B,B,False,True
beijing,Tiantan,72,3,annual,8760,8689,AP1,logistic,hist_gradient_boosting,454,PAIRWISE_INSUFFICIENT,OPPOSITE_POSSIBLE,OPPOSITE_POSSIBLE,False,True
beijing,Tiantan,72,3,origin_week,8760,168,AP1,constant,logistic,0,PAIRWISE_EXACT,B,B,False,False
beijing,Tiantan,72,3,origin_week,8760,168,AP1,constant,hist_gradient_boosting,0,PAIRWISE_EXACT,A,A,False,False
beijing,Tiantan,72,3,origin_week,8760,168,AP1,logistic,hist_gradient_boosting,0,PAIRWISE_EXACT,A,A,False,False
beijing,Tiantan,72,3,origin_week,8928,168,AP1,constant,logistic,0,PAIRWISE_EXACT,B,B,False,False
beijing,Tiantan,72,3,origin_week,8928,168,AP1,constant,hist_gradient_boosting,0,PAIRWISE_EXACT,B,B,False,False
beijing,Tiantan,72,3,origin_week,8928,168,AP1,logistic,hist_gradient_boosting,0,PAIRWISE_EXACT,B,B,False,False
beijing,Tiantan,72,3,origin_week,9096,168,AP1,constant,logistic,0,PAIRWISE_EXACT,B,B,False,False
beijing,Tiantan,72,3,origin_week,9096,168,AP1,constant,hist_gradient_boosting,0,PAIRWISE_EXACT,B,B,False,False
beijing,Tiantan,72,3,origin_week,9096,168,AP1,logistic,hist_gradient_boosting,0,PAIRWISE_EXACT,B,B,False,False
beijing,Tiantan,72,3,origin_week,9264,168,AP1,constant,logistic,0,PAIRWISE_EXACT,B,B,False,False
beijing,Tiantan,72,3,origin_week,9264,168,AP1,constant,hist_gradient_boosting,0,PAIRWISE_EXACT,B,B,False,False
beijing,Tiantan,72,3,origin_week,9264,168,AP1,logistic,hist_gradient_boosting,0,PAIRWISE_EXACT,A,A,False,False
beijing,Tiantan,72,3,origin_week,9432,168,AP1,constant,logistic,0,PAIRWISE_EXACT,B,B,False,False
beijing,Tiantan,72,3,origin_week,9432,168,AP1,constant,hist_gradient_boosting,0,PAIRWISE_EXACT,A,A,False,False
beijing,Tiantan,72,3,origin_week,9432,168,AP1,logistic,hist_gradient_boosting,0,PAIRWISE_EXACT,A,A,False,False
beijing,Tiantan,72,3,origin_week,9600,168,AP1,constant,logistic,0,PAIRWISE_EXACT,B,B,False,False
beijing,Tiantan,72,3,origin_week,9600,168,AP1,constant,hist_gradient_boosting,0,PAIRWISE_EXACT,B,B,False,False
beijing,Tiantan,72,3,origin_week,9600,168,AP1,logistic,hist_gradient_boosting,0,PAIRWISE_EXACT,B,B,False,False
beijing,Tiantan,72,3,origin_week,9768,168,AP1,constant,logistic,0,PAIRWISE_EXACT,B,B,False,False
beijing,Tiantan,72,3,origin_week,9768,168,AP1,constant,hist_gradient_boosting,0,PAIRWISE_EXACT,B,B,False,False
beijing,Tiantan,72,3,origin_week,9768,168,AP1,logistic,hist_gradient_boosting,0,PAIRWISE_EXACT,B,B,False,False
beijing,Tiantan,72,3,origin_week,9936,168,AP1,constant,logistic,0,PAIRWISE_EXACT,B,B,False,False
beijing,Tiantan,72,3,origin_week,9936,168,AP1,constant,hist_gradient_boosting,0,PAIRWISE_EXACT,B,B,False,False
beijing,Tiantan,72,3,origin_week,9936,168,AP1,logistic,hist_gradient_boosting,0,PAIRWISE_EXACT,A,A,False,False
beijing,Tiantan,72,3,origin_week,10104,168,AP1,constant,logistic,0,PAIRWISE_EXACT,B,B,False,False
beijing,Tiantan,72,3,origin_week,10104,168,AP1,constant,hist_gradient_boosting,0,PAIRWISE_EXACT,B,B,False,False
beijing,Tiantan,72,3,origin_week,10104,168,AP1,logistic,hist_gradient_boosting,0,PAIRWISE_EXACT,B,B,False,False
beijing,Tiantan,72,3,origin_week,10272,168,AP1,constant,logistic,4,PAIRWISE_EXACT,A,A,False,False
beijing,Tiantan,72,3,origin_week,10272,168,AP1,constant,hist_gradient_boosting,4,PAIRWISE_EXACT,A,A,False,False
beijing,Tiantan,72,3,origin_week,10272,168,AP1,logistic,hist_gradient_boosting,4,PAIRWISE_EXACT,B,B,False,False
beijing,Tiantan,72,3,origin_week,10440,168,AP1,constant,logistic,75,PAIRWISE_INSUFFICIENT,OPPOSITE_POSSIBLE,OPPOSITE_POSSIBLE,False,True
beijing,Tiantan,72,3,origin_week,10440,168,AP1,constant,hist_gradient_boosting,75,PAIRWISE_INSUFFICIENT,OPPOSITE_POSSIBLE,OPPOSITE_POSSIBLE,False,True
beijing,Tiantan,72,3,origin_week,10440,168,AP1,logistic,hist_gradient_boosting,75,PAIRWISE_INSUFFICIENT,OPPOSITE_POSSIBLE,OPPOSITE_POSSIBLE,False,True
beijing,Tiantan,72,3,origin_week,10608,168,AP1,constant,logistic,0,PAIRWISE_EXACT,B,B,False,False
beijing,Tiantan,72,3,origin_week,10608,168,AP1,constant,hist_gradient_boosting,0,PAIRWISE_EXACT,B,B,False,False
beijing,Tiantan,72,3,origin_week,10608,168,AP1,logistic,hist_gradient_boosting,0,PAIRWISE_EXACT,A,A,False,False
beijing,Tiantan,72,3,origin_week,10776,168,AP1,constant,logistic,17,PAIRWISE_EXACT,B,B,False,False
beijing,Tiantan,72,3,origin_week,10776,168,AP1,constant,hist_gradient_boosting,17,PAIRWISE_EXACT,B,B,False,False
beijing,Tiantan,72,3,origin_week,10776,168,AP1,logistic,hist_gradient_boosting,17,PAIRWISE_EXACT,B,B,False,False
beijing,Tiantan,72,3,origin_week,10944,168,AP1,constant,logistic,0,PAIRWISE_EXACT,B,B,False,False
beijing,Tiantan,72,3,origin_week,10944,168,AP1,constant,hist_gradient_boosting,0,PAIRWISE_EXACT,B,B,False,False
beijing,Tiantan,72,3,origin_week,10944,168,AP1,logistic,hist_gradient_boosting,0,PAIRWISE_EXACT,B,B,False,False
beijing,Tiantan,72,3,origin_week,11112,168,AP1,constant,logistic,0,PAIRWISE_EXACT,B,B,False,False
beijing,Tiantan,72,3,origin_week,11112,168,AP1,constant,hist_gradient_boosting,0,PAIRWISE_EXACT,B,B,False,False
beijing,Tiantan,72,3,origin_week,11112,168,AP1,logistic,hist_gradient_boosting,0,PAIRWISE_EXACT,B,B,False,False
beijing,Tiantan,72,3,origin_week,11280,168,AP1,constant,logistic,0,PAIRWISE_EXACT,B,B,False,False
beijing,Tiantan,72,3,origin_week,11280,168,AP1,constant,hist_gradient_boosting,0,PAIRWISE_EXACT,B,B,False,False
beijing,Tiantan,72,3,origin_week,11280,168,AP1,logistic,hist_gradient_boosting,0,PAIRWISE_EXACT,A,A,False,False
beijing,Tiantan,72,3,origin_week,11448,168,AP1,constant,logistic,0,PAIRWISE_EXACT,B,B,False,False
beijing,Tiantan,72,3,origin_week,11448,168,AP1,constant,hist_gradient_boosting,0,PAIRWISE_EXACT,B,B,False,False
beijing,Tiantan,72,3,origin_week,11448,168,AP1,logistic,hist_gradient_boosting,0,PAIRWISE_EXACT,A,A,False,False
beijing,Tiantan,72,3,origin_week,11616,168,AP1,constant,logistic,0,PAIRWISE_EXACT,B,B,False,False
beijing,Tiantan,72,3,origin_week,11616,168,AP1,constant,hist_gradient_boosting,0,PAIRWISE_EXACT,B,B,False,False
beijing,Tiantan,72,3,origin_week,11616,168,AP1,logistic,hist_gradient_boosting,0,PAIRWISE_EXACT,A,A,False,False
beijing,Tiantan,72,3,origin_week,11784,168,AP1,constant,logistic,0,PAIRWISE_EXACT,B,B,False,False
beijing,Tiantan,72,3,origin_week,11784,168,AP1,constant,hist_gradient_boosting,0,PAIRWISE_EXACT,B,B,False,False
beijing,Tiantan,72,3,origin_week,11784,168,AP1,logistic,hist_gradient_boosting,0,PAIRWISE_EXACT,A,A,False,False
beijing,Tiantan,72,3,origin_week,11952,168,AP1,constant,logistic,0,PAIRWISE_EXACT,B,B,False,False
beijing,Tiantan,72,3,origin_week,11952,168,AP1,constant,hist_gradient_boosting,0,PAIRWISE_EXACT,A,A,False,False
beijing,Tiantan,72,3,origin_week,11952,168,AP1,logistic,hist_gradient_boosting,0,PAIRWISE_EXACT,A,A,False,False
beijing,Tiantan,72,3,origin_week,12120,168,AP1,constant,logistic,0,PAIRWISE_EXACT,B,B,False,False
beijing,Tiantan,72,3,origin_week,12120,168,AP1,constant,hist_gradient_boosting,0,PAIRWISE_EXACT,A,A,False,False
beijing,Tiantan,72,3,origin_week,12120,168,AP1,logistic,hist_gradient_boosting,0,PAIRWISE_EXACT,A,A,False,False
beijing,Tiantan,72,3,origin_week,12288,168,AP1,constant,logistic,0,PAIRWISE_EXACT,B,B,False,False
beijing,Tiantan,72,3,origin_week,12288,168,AP1,constant,hist_gradient_boosting,0,PAIRWISE_EXACT,B,B,False,False
beijing,Tiantan,72,3,origin_week,12288,168,AP1,logistic,hist_gradient_boosting,0,PAIRWISE_EXACT,A,A,False,False
beijing,Tiantan,72,3,origin_week,12456,168,AP1,constant,logistic,17,PAIRWISE_EXACT,OPPOSITE_POSSIBLE,OPPOSITE_POSSIBLE,False,False
beijing,Tiantan,72,3,origin_week,12456,168,AP1,constant,hist_gradient_boosting,17,PAIRWISE_EXACT,OPPOSITE_POSSIBLE,OPPOSITE_POSSIBLE,False,False
beijing,Tiantan,72,3,origin_week,12456,168,AP1,logistic,hist_gradient_boosting,17,PAIRWISE_EXACT,B,B,False,False
beijing,Tiantan,72,3,origin_week,12624,168,AP1,constant,logistic,10,PAIRWISE_EXACT,B,B,False,False
beijing,Tiantan,72,3,origin_week,12624,168,AP1,constant,hist_gradient_boosting,10,PAIRWISE_EXACT,B,B,False,False
beijing,Tiantan,72,3,origin_week,12624,168,AP1,logistic,hist_gradient_boosting,10,PAIRWISE_EXACT,B,B,False,False
beijing,Tiantan,72,3,origin_week,12792,168,AP1,constant,logistic,0,PAIRWISE_EXACT,B,B,False,False
beijing,Tiantan,72,3,origin_week,12792,168,AP1,constant,hist_gradient_boosting,0,PAIRWISE_EXACT,A,A,False,False
beijing,Tiantan,72,3,origin_week,12792,168,AP1,logistic,hist_gradient_boosting,0,PAIRWISE_EXACT,A,A,False,False
beijing,Tiantan,72,3,origin_week,12960,168,AP1,constant,logistic,0,PAIRWISE_EXACT,B,B,False,False
beijing,Tiantan,72,3,origin_week,12960,168,AP1,constant,hist_gradient_boosting,0,PAIRWISE_EXACT,B,B,False,False
beijing,Tiantan,72,3,origin_week,12960,168,AP1,logistic,hist_gradient_boosting,0,PAIRWISE_EXACT,B,B,False,False
beijing,Tiantan,72,3,origin_week,13128,168,AP1,constant,logistic,0,PAIRWISE_EXACT,B,B,False,False
beijing,Tiantan,72,3,origin_week,13128,168,AP1,constant,hist_gradient_boosting,0,PAIRWISE_EXACT,B,B,False,False
beijing,Tiantan,72,3,origin_week,13128,168,AP1,logistic,hist_gradient_boosting,0,PAIRWISE_EXACT,A,A,False,False
beijing,Tiantan,72,3,origin_week,13296,168,AP1,constant,logistic,0,PAIRWISE_EXACT,A,A,False,False
beijing,Tiantan,72,3,origin_week,13296,168,AP1,constant,hist_gradient_boosting,0,PAIRWISE_EXACT,A,A,False,False
beijing,Tiantan,72,3,origin_week,13296,168,AP1,logistic,hist_gradient_boosting,0,PAIRWISE_EXACT,A,A,False,False
beijing,Tiantan,72,3,origin_week,13464,168,AP1,constant,logistic,0,PAIRWISE_EXACT,B,B,False,False
beijing,Tiantan,72,3,origin_week,13464,168,AP1,constant,hist_gradient_boosting,0,PAIRWISE_EXACT,B,B,False,False
beijing,Tiantan,72,3,origin_week,13464,168,AP1,logistic,hist_gradient_boosting,0,PAIRWISE_EXACT,B,B,False,False
beijing,Tiantan,72,3,origin_week,13632,168,AP1,constant,logistic,0,PAIRWISE_EXACT,B,B,False,False
beijing,Tiantan,72,3,origin_week,13632,168,AP1,constant,hist_gradient_boosting,0,PAIRWISE_EXACT,B,B,False,False
beijing,Tiantan,72,3,origin_week,13632,168,AP1,logistic,hist_gradient_boosting,0,PAIRWISE_EXACT,B,B,False,False
beijing,Tiantan,72,3,origin_week,13800,168,AP1,constant,logistic,0,PAIRWISE_EXACT,B,B,False,False
beijing,Tiantan,72,3,origin_week,13800,168,AP1,constant,hist_gradient_boosting,0,PAIRWISE_EXACT,A,A,False,False
beijing,Tiantan,72,3,origin_week,13800,168,AP1,logistic,hist_gradient_boosting,0,PAIRWISE_EXACT,A,A,False,False
beijing,Tiantan,72,3,origin_week,13968,168,AP1,constant,logistic,0,PAIRWISE_EXACT,B,B,False,False
beijing,Tiantan,72,3,origin_week,13968,168,AP1,constant,hist_gradient_boosting,0,PAIRWISE_EXACT,B,B,False,False
beijing,Tiantan,72,3,origin_week,13968,168,AP1,logistic,hist_gradient_boosting,0,PAIRWISE_EXACT,A,A,False,False
beijing,Tiantan,72,3,origin_week,14136,168,AP1,constant,logistic,0,PAIRWISE_EXACT,A,A,False,False
beijing,Tiantan,72,3,origin_week,14136,168,AP1,constant,hist_gradient_boosting,0,PAIRWISE_EXACT,A,A,False,False
beijing,Tiantan,72,3,origin_week,14136,168,AP1,logistic,hist_gradient_boosting,0,PAIRWISE_EXACT,A,A,False,False
beijing,Tiantan,72,3,origin_week,14304,168,AP1,constant,logistic,0,PAIRWISE_EXACT,B,B,False,False
beijing,Tiantan,72,3,origin_week,14304,168,AP1,constant,hist_gradient_boosting,0,PAIRWISE_EXACT,B,B,False,False
beijing,Tiantan,72,3,origin_week,14304,168,AP1,logistic,hist_gradient_boosting,0,PAIRWISE_EXACT,B,B,False,False
beijing,Tiantan,72,3,origin_week,14472,168,AP1,constant,logistic,3,PAIRWISE_EXACT,B,B,False,False
beijing,Tiantan,72,3,origin_week,14472,168,AP1,constant,hist_gradient_boosting,3,PAIRWISE_EXACT,B,B,False,False
beijing,Tiantan,72,3,origin_week,14472,168,AP1,logistic,hist_gradient_boosting,3,PAIRWISE_EXACT,B,B,False,False
beijing,Tiantan,72,3,origin_week,14640,168,AP1,constant,logistic,0,PAIRWISE_EXACT,A,A,False,False
beijing,Tiantan,72,3,origin_week,14640,168,AP1,constant,hist_gradient_boosting,0,PAIRWISE_EXACT,A,A,False,False
beijing,Tiantan,72,3,origin_week,14640,168,AP1,logistic,hist_gradient_boosting,0,PAIRWISE_EXACT,A,A,False,False
beijing,Tiantan,72,3,origin_week,14808,168,AP1,constant,logistic,0,PAIRWISE_EXACT,B,B,False,False
beijing,Tiantan,72,3,origin_week,14808,168,AP1,constant,hist_gradient_boosting,0,PAIRWISE_EXACT,A,A,False,False
beijing,Tiantan,72,3,origin_week,14808,168,AP1,logistic,hist_gradient_boosting,0,PAIRWISE_EXACT,A,A,False,False
beijing,Tiantan,72,3,origin_week,14976,168,AP1,constant,logistic,0,PAIRWISE_EXACT,B,B,False,False
beijing,Tiantan,72,3,origin_week,14976,168,AP1,constant,hist_gradient_boosting,0,PAIRWISE_EXACT,A,A,False,False
beijing,Tiantan,72,3,origin_week,14976,168,AP1,logistic,hist_gradient_boosting,0,PAIRWISE_EXACT,A,A,False,False
beijing,Tiantan,72,3,origin_week,15144,168,AP1,constant,logistic,0,PAIRWISE_EXACT,B,B,False,False
beijing,Tiantan,72,3,origin_week,15144,168,AP1,constant,hist_gradient_boosting,0,PAIRWISE_EXACT,B,B,False,False
beijing,Tiantan,72,3,origin_week,15144,168,AP1,logistic,hist_gradient_boosting,0,PAIRWISE_EXACT,A,A,False,False
beijing,Tiantan,72,3,origin_week,15312,168,AP1,constant,logistic,138,PAIRWISE_INSUFFICIENT,OPPOSITE_POSSIBLE,OPPOSITE_POSSIBLE,False,False
beijing,Tiantan,72,3,origin_week,15312,168,AP1,constant,hist_gradient_boosting,138,PAIRWISE_INSUFFICIENT,OPPOSITE_POSSIBLE,OPPOSITE_POSSIBLE,False,True
beijing,Tiantan,72,3,origin_week,15312,168,AP1,logistic,hist_gradient_boosting,138,PAIRWISE_INSUFFICIENT,OPPOSITE_POSSIBLE,OPPOSITE_POSSIBLE,False,False
beijing,Tiantan,72,3,origin_week,15480,168,AP1,constant,logistic,153,PAIRWISE_INSUFFICIENT,A,A,False,False
beijing,Tiantan,72,3,origin_week,15480,168,AP1,constant,hist_gradient_boosting,153,PAIRWISE_INSUFFICIENT,OPPOSITE_POSSIBLE,OPPOSITE_POSSIBLE,False,True
beijing,Tiantan,72,3,origin_week,15480,168,AP1,logistic,hist_gradient_boosting,153,PAIRWISE_INSUFFICIENT,B,B,False,False
beijing,Tiantan,72,3,origin_week,15648,168,AP1,constant,logistic,37,PAIRWISE_EXACT,OPPOSITE_POSSIBLE,OPPOSITE_POSSIBLE,False,False
beijing,Tiantan,72,3,origin_week,15648,168,AP1,constant,hist_gradient_boosting,37,PAIRWISE_EXACT,OPPOSITE_POSSIBLE,OPPOSITE_POSSIBLE,False,False
beijing,Tiantan,72,3,origin_week,15648,168,AP1,logistic,hist_gradient_boosting,37,PAIRWISE_EXACT,OPPOSITE_POSSIBLE,OPPOSITE_POSSIBLE,False,False
beijing,Tiantan,72,3,origin_week,15816,168,AP1,constant,logistic,0,PAIRWISE_EXACT,B,B,False,False
beijing,Tiantan,72,3,origin_week,15816,168,AP1,constant,hist_gradient_boosting,0,PAIRWISE_EXACT,A,A,False,False
beijing,Tiantan,72,3,origin_week,15816,168,AP1,logistic,hist_gradient_boosting,0,PAIRWISE_EXACT,A,A,False,False
beijing,Tiantan,72,3,origin_week,15984,168,AP1,constant,logistic,0,PAIRWISE_EXACT,B,B,False,False
beijing,Tiantan,72,3,origin_week,15984,168,AP1,constant,hist_gradient_boosting,0,PAIRWISE_EXACT,B,B,False,False
beijing,Tiantan,72,3,origin_week,15984,168,AP1,logistic,hist_gradient_boosting,0,PAIRWISE_EXACT,A,A,False,False
beijing,Tiantan,72,3,origin_week,16152,168,AP1,constant,logistic,0,PAIRWISE_EXACT,B,B,False,False
beijing,Tiantan,72,3,origin_week,16152,168,AP1,constant,hist_gradient_boosting,0,PAIRWISE_EXACT,B,B,False,False
beijing,Tiantan,72,3,origin_week,16152,168,AP1,logistic,hist_gradient_boosting,0,PAIRWISE_EXACT,A,A,False,False
beijing,Tiantan,72,3,origin_week,16320,168,AP1,constant,logistic,0,PAIRWISE_EXACT,B,B,False,False
beijing,Tiantan,72,3,origin_week,16320,168,AP1,constant,hist_gradient_boosting,0,PAIRWISE_EXACT,B,B,False,False
beijing,Tiantan,72,3,origin_week,16320,168,AP1,logistic,hist_gradient_boosting,0,PAIRWISE_EXACT,A,A,False,False
beijing,Tiantan,72,3,origin_week,16488,168,AP1,constant,logistic,0,PAIRWISE_EXACT,B,B,False,False
beijing,Tiantan,72,3,origin_week,16488,168,AP1,constant,hist_gradient_boosting,0,PAIRWISE_EXACT,A,A,False,False
beijing,Tiantan,72,3,origin_week,16488,168,AP1,logistic,hist_gradient_boosting,0,PAIRWISE_EXACT,A,A,False,False
beijing,Tiantan,72,3,origin_week,16656,168,AP1,constant,logistic,0,PAIRWISE_EXACT,A,A,False,False
beijing,Tiantan,72,3,origin_week,16656,168,AP1,constant,hist_gradient_boosting,0,PAIRWISE_EXACT,A,A,False,False
beijing,Tiantan,72,3,origin_week,16656,168,AP1,logistic,hist_gradient_boosting,0,PAIRWISE_EXACT,A,A,False,False
beijing,Tiantan,72,3,origin_week,16824,168,AP1,constant,logistic,0,PAIRWISE_EXACT,B,B,False,False
beijing,Tiantan,72,3,origin_week,16824,168,AP1,constant,hist_gradient_boosting,0,PAIRWISE_EXACT,A,A,False,False
beijing,Tiantan,72,3,origin_week,16824,168,AP1,logistic,hist_gradient_boosting,0,PAIRWISE_EXACT,A,A,False,False
beijing,Tiantan,72,3,origin_week,16992,168,AP1,constant,logistic,0,PAIRWISE_EXACT,B,B,False,False
beijing,Tiantan,72,3,origin_week,16992,168,AP1,constant,hist_gradient_boosting,0,PAIRWISE_EXACT,A,A,False,False
beijing,Tiantan,72,3,origin_week,16992,168,AP1,logistic,hist_gradient_boosting,0,PAIRWISE_EXACT,A,A,False,False
beijing,Tiantan,72,3,origin_week,17160,168,AP1,constant,logistic,0,PAIRWISE_EXACT,B,B,False,False
beijing,Tiantan,72,3,origin_week,17160,168,AP1,constant,hist_gradient_boosting,0,PAIRWISE_EXACT,B,B,False,False
beijing,Tiantan,72,3,origin_week,17160,168,AP1,logistic,hist_gradient_boosting,0,PAIRWISE_EXACT,B,B,False,False
beijing,Tiantan,72,3,origin_week,17328,121,AP1,constant,logistic,0,PAIRWISE_EXACT,B,B,False,False
beijing,Tiantan,72,3,origin_week,17328,121,AP1,constant,hist_gradient_boosting,0,PAIRWISE_EXACT,B,B,False,False
beijing,Tiantan,72,3,origin_week,17328,121,AP1,logistic,hist_gradient_boosting,0,PAIRWISE_EXACT,A,A,False,False
beijing,Wanliu,24,3,annual,8760,8737,AP1,constant,logistic,32,PAIRWISE_EXACT,B,B,False,False
beijing,Wanliu,24,3,annual,8760,8737,AP1,constant,hist_gradient_boosting,32,PAIRWISE_EXACT,B,B,False,False
beijing,Wanliu,24,3,annual,8760,8737,AP1,logistic,hist_gradient_boosting,32,PAIRWISE_EXACT,OPPOSITE_POSSIBLE,OPPOSITE_POSSIBLE,False,False
beijing,Wanliu,24,3,origin_week,8760,168,AP1,constant,logistic,0,PAIRWISE_EXACT,B,B,False,False
beijing,Wanliu,24,3,origin_week,8760,168,AP1,constant,hist_gradient_boosting,0,PAIRWISE_EXACT,B,B,False,False
beijing,Wanliu,24,3,origin_week,8760,168,AP1,logistic,hist_gradient_boosting,0,PAIRWISE_EXACT,A,A,False,False
beijing,Wanliu,24,3,origin_week,8928,168,AP1,constant,logistic,0,PAIRWISE_EXACT,B,B,False,False
beijing,Wanliu,24,3,origin_week,8928,168,AP1,constant,hist_gradient_boosting,0,PAIRWISE_EXACT,B,B,False,False
beijing,Wanliu,24,3,origin_week,8928,168,AP1,logistic,hist_gradient_boosting,0,PAIRWISE_EXACT,A,A,False,False
beijing,Wanliu,24,3,origin_week,9096,168,AP1,constant,logistic,0,PAIRWISE_EXACT,B,B,False,False
beijing,Wanliu,24,3,origin_week,9096,168,AP1,constant,hist_gradient_boosting,0,PAIRWISE_EXACT,B,B,False,False
beijing,Wanliu,24,3,origin_week,9096,168,AP1,logistic,hist_gradient_boosting,0,PAIRWISE_EXACT,B,B,False,False
beijing,Wanliu,24,3,origin_week,9264,168,AP1,constant,logistic,0,PAIRWISE_EXACT,B,B,False,False
beijing,Wanliu,24,3,origin_week,9264,168,AP1,constant,hist_gradient_boosting,0,PAIRWISE_EXACT,B,B,False,False
beijing,Wanliu,24,3,origin_week,9264,168,AP1,logistic,hist_gradient_boosting,0,PAIRWISE_EXACT,A,A,False,False
beijing,Wanliu,24,3,origin_week,9432,168,AP1,constant,logistic,0,PAIRWISE_EXACT,B,B,False,False
beijing,Wanliu,24,3,origin_week,9432,168,AP1,constant,hist_gradient_boosting,0,PAIRWISE_EXACT,B,B,False,False
beijing,Wanliu,24,3,origin_week,9432,168,AP1,logistic,hist_gradient_boosting,0,PAIRWISE_EXACT,A,A,False,False
beijing,Wanliu,24,3,origin_week,9600,168,AP1,constant,logistic,0,PAIRWISE_EXACT,B,B,False,False
beijing,Wanliu,24,3,origin_week,9600,168,AP1,constant,hist_gradient_boosting,0,PAIRWISE_EXACT,B,B,False,False
beijing,Wanliu,24,3,origin_week,9600,168,AP1,logistic,hist_gradient_boosting,0,PAIRWISE_EXACT,B,B,False,False
beijing,Wanliu,24,3,origin_week,9768,168,AP1,constant,logistic,0,PAIRWISE_EXACT,B,B,False,False
beijing,Wanliu,24,3,origin_week,9768,168,AP1,constant,hist_gradient_boosting,0,PAIRWISE_EXACT,B,B,False,False
beijing,Wanliu,24,3,origin_week,9768,168,AP1,logistic,hist_gradient_boosting,0,PAIRWISE_EXACT,B,B,False,False
beijing,Wanliu,24,3,origin_week,9936,168,AP1,constant,logistic,0,PAIRWISE_EXACT,B,B,False,False
beijing,Wanliu,24,3,origin_week,9936,168,AP1,constant,hist_gradient_boosting,0,PAIRWISE_EXACT,B,B,False,False
beijing,Wanliu,24,3,origin_week,9936,168,AP1,logistic,hist_gradient_boosting,0,PAIRWISE_EXACT,B,B,False,False
beijing,Wanliu,24,3,origin_week,10104,168,AP1,constant,logistic,0,PAIRWISE_EXACT,B,B,False,False
beijing,Wanliu,24,3,origin_week,10104,168,AP1,constant,hist_gradient_boosting,0,PAIRWISE_EXACT,B,B,False,False
beijing,Wanliu,24,3,origin_week,10104,168,AP1,logistic,hist_gradient_boosting,0,PAIRWISE_EXACT,B,B,False,False
beijing,Wanliu,24,3,origin_week,10272,168,AP1,constant,logistic,3,PAIRWISE_EXACT,B,B,False,False
beijing,Wanliu,24,3,origin_week,10272,168,AP1,constant,hist_gradient_boosting,3,PAIRWISE_EXACT,B,B,False,False
beijing,Wanliu,24,3,origin_week,10272,168,AP1,logistic,hist_gradient_boosting,3,PAIRWISE_EXACT,A,A,False,False
beijing,Wanliu,24,3,origin_week,10440,168,AP1,constant,logistic,0,PAIRWISE_EXACT,B,B,False,False
beijing,Wanliu,24,3,origin_week,10440,168,AP1,constant,hist_gradient_boosting,0,PAIRWISE_EXACT,B,B,False,False
beijing,Wanliu,24,3,origin_week,10440,168,AP1,logistic,hist_gradient_boosting,0,PAIRWISE_EXACT,A,A,False,False
beijing,Wanliu,24,3,origin_week,10608,168,AP1,constant,logistic,0,PAIRWISE_EXACT,B,B,False,False
beijing,Wanliu,24,3,origin_week,10608,168,AP1,constant,hist_gradient_boosting,0,PAIRWISE_EXACT,B,B,False,False
beijing,Wanliu,24,3,origin_week,10608,168,AP1,logistic,hist_gradient_boosting,0,PAIRWISE_EXACT,B,B,False,False
beijing,Wanliu,24,3,origin_week,10776,168,AP1,constant,logistic,0,PAIRWISE_EXACT,B,B,False,False
beijing,Wanliu,24,3,origin_week,10776,168,AP1,constant,hist_gradient_boosting,0,PAIRWISE_EXACT,B,B,False,False
beijing,Wanliu,24,3,origin_week,10776,168,AP1,logistic,hist_gradient_boosting,0,PAIRWISE_EXACT,B,B,False,False
beijing,Wanliu,24,3,origin_week,10944,168,AP1,constant,logistic,0,PAIRWISE_EXACT,B,B,False,False
beijing,Wanliu,24,3,origin_week,10944,168,AP1,constant,hist_gradient_boosting,0,PAIRWISE_EXACT,B,B,False,False
beijing,Wanliu,24,3,origin_week,10944,168,AP1,logistic,hist_gradient_boosting,0,PAIRWISE_EXACT,B,B,False,False
beijing,Wanliu,24,3,origin_week,11112,168,AP1,constant,logistic,0,PAIRWISE_EXACT,B,B,False,False
beijing,Wanliu,24,3,origin_week,11112,168,AP1,constant,hist_gradient_boosting,0,PAIRWISE_EXACT,B,B,False,False
beijing,Wanliu,24,3,origin_week,11112,168,AP1,logistic,hist_gradient_boosting,0,PAIRWISE_EXACT,B,B,False,False
beijing,Wanliu,24,3,origin_week,11280,168,AP1,constant,logistic,0,PAIRWISE_EXACT,B,B,False,False
beijing,Wanliu,24,3,origin_week,11280,168,AP1,constant,hist_gradient_boosting,0,PAIRWISE_EXACT,B,B,False,False
beijing,Wanliu,24,3,origin_week,11280,168,AP1,logistic,hist_gradient_boosting,0,PAIRWISE_EXACT,A,A,False,False
beijing,Wanliu,24,3,origin_week,11448,168,AP1,constant,logistic,0,PAIRWISE_EXACT,B,B,False,False
beijing,Wanliu,24,3,origin_week,11448,168,AP1,constant,hist_gradient_boosting,0,PAIRWISE_EXACT,B,B,False,False
beijing,Wanliu,24,3,origin_week,11448,168,AP1,logistic,hist_gradient_boosting,0,PAIRWISE_EXACT,B,B,False,False
beijing,Wanliu,24,3,origin_week,11616,168,AP1,constant,logistic,0,PAIRWISE_EXACT,B,B,False,False
beijing,Wanliu,24,3,origin_week,11616,168,AP1,constant,hist_gradient_boosting,0,PAIRWISE_EXACT,B,B,False,False
beijing,Wanliu,24,3,origin_week,11616,168,AP1,logistic,hist_gradient_boosting,0,PAIRWISE_EXACT,B,B,False,False
beijing,Wanliu,24,3,origin_week,11784,168,AP1,constant,logistic,0,PAIRWISE_EXACT,B,B,False,False
beijing,Wanliu,24,3,origin_week,11784,168,AP1,constant,hist_gradient_boosting,0,PAIRWISE_EXACT,B,B,False,False
beijing,Wanliu,24,3,origin_week,11784,168,AP1,logistic,hist_gradient_boosting,0,PAIRWISE_EXACT,A,A,False,False
beijing,Wanliu,24,3,origin_week,11952,168,AP1,constant,logistic,0,PAIRWISE_EXACT,B,B,False,False
beijing,Wanliu,24,3,origin_week,11952,168,AP1,constant,hist_gradient_boosting,0,PAIRWISE_EXACT,B,B,False,False
beijing,Wanliu,24,3,origin_week,11952,168,AP1,logistic,hist_gradient_boosting,0,PAIRWISE_EXACT,B,B,False,False
beijing,Wanliu,24,3,origin_week,12120,168,AP1,constant,logistic,0,PAIRWISE_EXACT,B,B,False,False
beijing,Wanliu,24,3,origin_week,12120,168,AP1,constant,hist_gradient_boosting,0,PAIRWISE_EXACT,B,B,False,False
beijing,Wanliu,24,3,origin_week,12120,168,AP1,logistic,hist_gradient_boosting,0,PAIRWISE_EXACT,B,B,False,False
beijing,Wanliu,24,3,origin_week,12288,168,AP1,constant,logistic,0,PAIRWISE_EXACT,B,B,False,False
beijing,Wanliu,24,3,origin_week,12288,168,AP1,constant,hist_gradient_boosting,0,PAIRWISE_EXACT,B,B,False,False
beijing,Wanliu,24,3,origin_week,12288,168,AP1,logistic,hist_gradient_boosting,0,PAIRWISE_EXACT,A,A,False,False
beijing,Wanliu,24,3,origin_week,12456,168,AP1,constant,logistic,0,PAIRWISE_EXACT,B,B,False,False
beijing,Wanliu,24,3,origin_week,12456,168,AP1,constant,hist_gradient_boosting,0,PAIRWISE_EXACT,B,B,False,False
beijing,Wanliu,24,3,origin_week,12456,168,AP1,logistic,hist_gradient_boosting,0,PAIRWISE_EXACT,A,A,False,False
beijing,Wanliu,24,3,origin_week,12624,168,AP1,constant,logistic,0,PAIRWISE_EXACT,B,B,False,False
beijing,Wanliu,24,3,origin_week,12624,168,AP1,constant,hist_gradient_boosting,0,PAIRWISE_EXACT,B,B,False,False
beijing,Wanliu,24,3,origin_week,12624,168,AP1,logistic,hist_gradient_boosting,0,PAIRWISE_EXACT,B,B,False,False
beijing,Wanliu,24,3,origin_week,12792,168,AP1,constant,logistic,0,PAIRWISE_EXACT,B,B,False,False
beijing,Wanliu,24,3,origin_week,12792,168,AP1,constant,hist_gradient_boosting,0,PAIRWISE_EXACT,B,B,False,False
beijing,Wanliu,24,3,origin_week,12792,168,AP1,logistic,hist_gradient_boosting,0,PAIRWISE_EXACT,B,B,False,False
beijing,Wanliu,24,3,origin_week,12960,168,AP1,constant,logistic,0,PAIRWISE_EXACT,B,B,False,False
beijing,Wanliu,24,3,origin_week,12960,168,AP1,constant,hist_gradient_boosting,0,PAIRWISE_EXACT,B,B,False,False
beijing,Wanliu,24,3,origin_week,12960,168,AP1,logistic,hist_gradient_boosting,0,PAIRWISE_EXACT,B,B,False,False
beijing,Wanliu,24,3,origin_week,13128,168,AP1,constant,logistic,0,PAIRWISE_EXACT,B,B,False,False
beijing,Wanliu,24,3,origin_week,13128,168,AP1,constant,hist_gradient_boosting,0,PAIRWISE_EXACT,B,B,False,False
beijing,Wanliu,24,3,origin_week,13128,168,AP1,logistic,hist_gradient_boosting,0,PAIRWISE_EXACT,B,B,False,False
beijing,Wanliu,24,3,origin_week,13296,168,AP1,constant,logistic,1,PAIRWISE_EXACT,B,B,False,False
beijing,Wanliu,24,3,origin_week,13296,168,AP1,constant,hist_gradient_boosting,1,PAIRWISE_EXACT,B,B,False,False
beijing,Wanliu,24,3,origin_week,13296,168,AP1,logistic,hist_gradient_boosting,1,PAIRWISE_EXACT,B,B,False,False
beijing,Wanliu,24,3,origin_week,13464,168,AP1,constant,logistic,0,PAIRWISE_EXACT,B,B,False,False
beijing,Wanliu,24,3,origin_week,13464,168,AP1,constant,hist_gradient_boosting,0,PAIRWISE_EXACT,B,B,False,False
beijing,Wanliu,24,3,origin_week,13464,168,AP1,logistic,hist_gradient_boosting,0,PAIRWISE_EXACT,B,B,False,False
beijing,Wanliu,24,3,origin_week,13632,168,AP1,constant,logistic,0,PAIRWISE_EXACT,B,B,False,False
beijing,Wanliu,24,3,origin_week,13632,168,AP1,constant,hist_gradient_boosting,0,PAIRWISE_EXACT,B,B,False,False
beijing,Wanliu,24,3,origin_week,13632,168,AP1,logistic,hist_gradient_boosting,0,PAIRWISE_EXACT,A,A,False,False
beijing,Wanliu,24,3,origin_week,13800,168,AP1,constant,logistic,2,PAIRWISE_EXACT,B,B,False,False
beijing,Wanliu,24,3,origin_week,13800,168,AP1,constant,hist_gradient_boosting,2,PAIRWISE_EXACT,B,B,False,False
beijing,Wanliu,24,3,origin_week,13800,168,AP1,logistic,hist_gradient_boosting,2,PAIRWISE_EXACT,B,B,False,False
beijing,Wanliu,24,3,origin_week,13968,168,AP1,constant,logistic,0,PAIRWISE_EXACT,B,B,False,False
beijing,Wanliu,24,3,origin_week,13968,168,AP1,constant,hist_gradient_boosting,0,PAIRWISE_EXACT,B,B,False,False
beijing,Wanliu,24,3,origin_week,13968,168,AP1,logistic,hist_gradient_boosting,0,PAIRWISE_EXACT,A,A,False,False
beijing,Wanliu,24,3,origin_week,14136,168,AP1,constant,logistic,0,PAIRWISE_EXACT,B,B,False,False
beijing,Wanliu,24,3,origin_week,14136,168,AP1,constant,hist_gradient_boosting,0,PAIRWISE_EXACT,B,B,False,False
beijing,Wanliu,24,3,origin_week,14136,168,AP1,logistic,hist_gradient_boosting,0,PAIRWISE_EXACT,B,B,False,False
beijing,Wanliu,24,3,origin_week,14304,168,AP1,constant,logistic,0,PAIRWISE_EXACT,B,B,False,False
beijing,Wanliu,24,3,origin_week,14304,168,AP1,constant,hist_gradient_boosting,0,PAIRWISE_EXACT,B,B,False,False
beijing,Wanliu,24,3,origin_week,14304,168,AP1,logistic,hist_gradient_boosting,0,PAIRWISE_EXACT,A,A,False,False
beijing,Wanliu,24,3,origin_week,14472,168,AP1,constant,logistic,3,PAIRWISE_EXACT,B,B,False,False
beijing,Wanliu,24,3,origin_week,14472,168,AP1,constant,hist_gradient_boosting,3,PAIRWISE_EXACT,B,B,False,False
beijing,Wanliu,24,3,origin_week,14472,168,AP1,logistic,hist_gradient_boosting,3,PAIRWISE_EXACT,B,B,False,False
beijing,Wanliu,24,3,origin_week,14640,168,AP1,constant,logistic,14,PAIRWISE_EXACT,B,B,False,False
beijing,Wanliu,24,3,origin_week,14640,168,AP1,constant,hist_gradient_boosting,14,PAIRWISE_EXACT,B,B,False,False
beijing,Wanliu,24,3,origin_week,14640,168,AP1,logistic,hist_gradient_boosting,14,PAIRWISE_EXACT,B,B,False,False
beijing,Wanliu,24,3,origin_week,14808,168,AP1,constant,logistic,0,PAIRWISE_EXACT,B,B,False,False
beijing,Wanliu,24,3,origin_week,14808,168,AP1,constant,hist_gradient_boosting,0,PAIRWISE_EXACT,B,B,False,False
beijing,Wanliu,24,3,origin_week,14808,168,AP1,logistic,hist_gradient_boosting,0,PAIRWISE_EXACT,B,B,False,False
beijing,Wanliu,24,3,origin_week,14976,168,AP1,constant,logistic,0,PAIRWISE_EXACT,B,B,False,False
beijing,Wanliu,24,3,origin_week,14976,168,AP1,constant,hist_gradient_boosting,0,PAIRWISE_EXACT,B,B,False,False
beijing,Wanliu,24,3,origin_week,14976,168,AP1,logistic,hist_gradient_boosting,0,PAIRWISE_EXACT,A,A,False,False
beijing,Wanliu,24,3,origin_week,15144,168,AP1,constant,logistic,0,PAIRWISE_EXACT,B,B,False,False
beijing,Wanliu,24,3,origin_week,15144,168,AP1,constant,hist_gradient_boosting,0,PAIRWISE_EXACT,B,B,False,False
beijing,Wanliu,24,3,origin_week,15144,168,AP1,logistic,hist_gradient_boosting,0,PAIRWISE_EXACT,A,A,False,False
beijing,Wanliu,24,3,origin_week,15312,168,AP1,constant,logistic,0,PAIRWISE_EXACT,B,B,False,False
beijing,Wanliu,24,3,origin_week,15312,168,AP1,constant,hist_gradient_boosting,0,PAIRWISE_EXACT,B,B,False,False
beijing,Wanliu,24,3,origin_week,15312,168,AP1,logistic,hist_gradient_boosting,0,PAIRWISE_EXACT,B,B,False,False
beijing,Wanliu,24,3,origin_week,15480,168,AP1,constant,logistic,0,PAIRWISE_EXACT,B,B,False,False
beijing,Wanliu,24,3,origin_week,15480,168,AP1,constant,hist_gradient_boosting,0,PAIRWISE_EXACT,B,B,False,False
beijing,Wanliu,24,3,origin_week,15480,168,AP1,logistic,hist_gradient_boosting,0,PAIRWISE_EXACT,A,A,False,False
beijing,Wanliu,24,3,origin_week,15648,168,AP1,constant,logistic,8,PAIRWISE_EXACT,B,B,False,False
beijing,Wanliu,24,3,origin_week,15648,168,AP1,constant,hist_gradient_boosting,8,PAIRWISE_EXACT,B,B,False,False
beijing,Wanliu,24,3,origin_week,15648,168,AP1,logistic,hist_gradient_boosting,8,PAIRWISE_EXACT,A,A,False,False
beijing,Wanliu,24,3,origin_week,15816,168,AP1,constant,logistic,0,PAIRWISE_EXACT,B,B,False,False
beijing,Wanliu,24,3,origin_week,15816,168,AP1,constant,hist_gradient_boosting,0,PAIRWISE_EXACT,B,B,False,False
beijing,Wanliu,24,3,origin_week,15816,168,AP1,logistic,hist_gradient_boosting,0,PAIRWISE_EXACT,A,A,False,False
beijing,Wanliu,24,3,origin_week,15984,168,AP1,constant,logistic,0,PAIRWISE_EXACT,B,B,False,False
beijing,Wanliu,24,3,origin_week,15984,168,AP1,constant,hist_gradient_boosting,0,PAIRWISE_EXACT,B,B,False,False
beijing,Wanliu,24,3,origin_week,15984,168,AP1,logistic,hist_gradient_boosting,0,PAIRWISE_EXACT,A,A,False,False
beijing,Wanliu,24,3,origin_week,16152,168,AP1,constant,logistic,0,PAIRWISE_EXACT,B,B,False,False
beijing,Wanliu,24,3,origin_week,16152,168,AP1,constant,hist_gradient_boosting,0,PAIRWISE_EXACT,B,B,False,False
beijing,Wanliu,24,3,origin_week,16152,168,AP1,logistic,hist_gradient_boosting,0,PAIRWISE_EXACT,A,A,False,False
beijing,Wanliu,24,3,origin_week,16320,168,AP1,constant,logistic,0,PAIRWISE_EXACT,B,B,False,False
beijing,Wanliu,24,3,origin_week,16320,168,AP1,constant,hist_gradient_boosting,0,PAIRWISE_EXACT,B,B,False,False
beijing,Wanliu,24,3,origin_week,16320,168,AP1,logistic,hist_gradient_boosting,0,PAIRWISE_EXACT,A,A,False,False
beijing,Wanliu,24,3,origin_week,16488,168,AP1,constant,logistic,0,PAIRWISE_EXACT,B,B,False,False
beijing,Wanliu,24,3,origin_week,16488,168,AP1,constant,hist_gradient_boosting,0,PAIRWISE_EXACT,A,A,False,False
beijing,Wanliu,24,3,origin_week,16488,168,AP1,logistic,hist_gradient_boosting,0,PAIRWISE_EXACT,A,A,False,False
beijing,Wanliu,24,3,origin_week,16656,168,AP1,constant,logistic,1,PAIRWISE_EXACT,B,B,False,False
beijing,Wanliu,24,3,origin_week,16656,168,AP1,constant,hist_gradient_boosting,1,PAIRWISE_EXACT,B,B,False,False
beijing,Wanliu,24,3,origin_week,16656,168,AP1,logistic,hist_gradient_boosting,1,PAIRWISE_EXACT,B,B,False,False
beijing,Wanliu,24,3,origin_week,16824,168,AP1,constant,logistic,0,PAIRWISE_EXACT,B,B,False,False
beijing,Wanliu,24,3,origin_week,16824,168,AP1,constant,hist_gradient_boosting,0,PAIRWISE_EXACT,B,B,False,False
beijing,Wanliu,24,3,origin_week,16824,168,AP1,logistic,hist_gradient_boosting,0,PAIRWISE_EXACT,B,B,False,False
beijing,Wanliu,24,3,origin_week,16992,168,AP1,constant,logistic,0,PAIRWISE_EXACT,B,B,False,False
beijing,Wanliu,24,3,origin_week,16992,168,AP1,constant,hist_gradient_boosting,0,PAIRWISE_EXACT,B,B,False,False
beijing,Wanliu,24,3,origin_week,16992,168,AP1,logistic,hist_gradient_boosting,0,PAIRWISE_EXACT,A,A,False,False
beijing,Wanliu,24,3,origin_week,17160,168,AP1,constant,logistic,0,PAIRWISE_EXACT,B,B,False,False
beijing,Wanliu,24,3,origin_week,17160,168,AP1,constant,hist_gradient_boosting,0,PAIRWISE_EXACT,B,B,False,False
beijing,Wanliu,24,3,origin_week,17160,168,AP1,logistic,hist_gradient_boosting,0,PAIRWISE_EXACT,A,A,False,False
beijing,Wanliu,24,3,origin_week,17328,168,AP1,constant,logistic,0,PAIRWISE_EXACT,B,B,False,False
beijing,Wanliu,24,3,origin_week,17328,168,AP1,constant,hist_gradient_boosting,0,PAIRWISE_EXACT,B,B,False,False
beijing,Wanliu,24,3,origin_week,17328,168,AP1,logistic,hist_gradient_boosting,0,PAIRWISE_EXACT,B,B,False,False
beijing,Wanliu,24,3,origin_week,17496,1,AP1,constant,logistic,0,PAIRWISE_EXACT,B,B,False,False
beijing,Wanliu,24,3,origin_week,17496,1,AP1,constant,hist_gradient_boosting,0,PAIRWISE_EXACT,B,B,False,False
beijing,Wanliu,24,3,origin_week,17496,1,AP1,logistic,hist_gradient_boosting,0,PAIRWISE_EXACT,A,A,False,False
beijing,Wanliu,72,3,annual,8760,8689,AP1,constant,logistic,19,PAIRWISE_EXACT,B,B,False,False
beijing,Wanliu,72,3,annual,8760,8689,AP1,constant,hist_gradient_boosting,19,PAIRWISE_EXACT,B,B,False,False
beijing,Wanliu,72,3,annual,8760,8689,AP1,logistic,hist_gradient_boosting,19,PAIRWISE_EXACT,A,A,False,False
beijing,Wanliu,72,3,origin_week,8760,168,AP1,constant,logistic,0,PAIRWISE_EXACT,B,B,False,False
beijing,Wanliu,72,3,origin_week,8760,168,AP1,constant,hist_gradient_boosting,0,PAIRWISE_EXACT,A,A,False,False
beijing,Wanliu,72,3,origin_week,8760,168,AP1,logistic,hist_gradient_boosting,0,PAIRWISE_EXACT,A,A,False,False
beijing,Wanliu,72,3,origin_week,8928,168,AP1,constant,logistic,0,PAIRWISE_EXACT,B,B,False,False
beijing,Wanliu,72,3,origin_week,8928,168,AP1,constant,hist_gradient_boosting,0,PAIRWISE_EXACT,B,B,False,False
beijing,Wanliu,72,3,origin_week,8928,168,AP1,logistic,hist_gradient_boosting,0,PAIRWISE_EXACT,B,B,False,False
beijing,Wanliu,72,3,origin_week,9096,168,AP1,constant,logistic,0,PAIRWISE_EXACT,A,A,False,False
beijing,Wanliu,72,3,origin_week,9096,168,AP1,constant,hist_gradient_boosting,0,PAIRWISE_EXACT,B,B,False,False
beijing,Wanliu,72,3,origin_week,9096,168,AP1,logistic,hist_gradient_boosting,0,PAIRWISE_EXACT,B,B,False,False
beijing,Wanliu,72,3,origin_week,9264,168,AP1,constant,logistic,0,PAIRWISE_EXACT,B,B,False,False
beijing,Wanliu,72,3,origin_week,9264,168,AP1,constant,hist_gradient_boosting,0,PAIRWISE_EXACT,B,B,False,False
beijing,Wanliu,72,3,origin_week,9264,168,AP1,logistic,hist_gradient_boosting,0,PAIRWISE_EXACT,A,A,False,False
beijing,Wanliu,72,3,origin_week,9432,168,AP1,constant,logistic,0,PAIRWISE_EXACT,A,A,False,False
beijing,Wanliu,72,3,origin_week,9432,168,AP1,constant,hist_gradient_boosting,0,PAIRWISE_EXACT,A,A,False,False
beijing,Wanliu,72,3,origin_week,9432,168,AP1,logistic,hist_gradient_boosting,0,PAIRWISE_EXACT,A,A,False,False
beijing,Wanliu,72,3,origin_week,9600,168,AP1,constant,logistic,0,PAIRWISE_EXACT,B,B,False,False
beijing,Wanliu,72,3,origin_week,9600,168,AP1,constant,hist_gradient_boosting,0,PAIRWISE_EXACT,B,B,False,False
beijing,Wanliu,72,3,origin_week,9600,168,AP1,logistic,hist_gradient_boosting,0,PAIRWISE_EXACT,A,A,False,False
beijing,Wanliu,72,3,origin_week,9768,168,AP1,constant,logistic,0,PAIRWISE_EXACT,B,B,False,False
beijing,Wanliu,72,3,origin_week,9768,168,AP1,constant,hist_gradient_boosting,0,PAIRWISE_EXACT,B,B,False,False
beijing,Wanliu,72,3,origin_week,9768,168,AP1,logistic,hist_gradient_boosting,0,PAIRWISE_EXACT,B,B,False,False
beijing,Wanliu,72,3,origin_week,9936,168,AP1,constant,logistic,0,PAIRWISE_EXACT,B,B,False,False
beijing,Wanliu,72,3,origin_week,9936,168,AP1,constant,hist_gradient_boosting,0,PAIRWISE_EXACT,B,B,False,False
beijing,Wanliu,72,3,origin_week,9936,168,AP1,logistic,hist_gradient_boosting,0,PAIRWISE_EXACT,A,A,False,False
beijing,Wanliu,72,3,origin_week,10104,168,AP1,constant,logistic,0,PAIRWISE_EXACT,A,A,False,False
beijing,Wanliu,72,3,origin_week,10104,168,AP1,constant,hist_gradient_boosting,0,PAIRWISE_EXACT,B,B,False,False
beijing,Wanliu,72,3,origin_week,10104,168,AP1,logistic,hist_gradient_boosting,0,PAIRWISE_EXACT,B,B,False,False
beijing,Wanliu,72,3,origin_week,10272,168,AP1,constant,logistic,2,PAIRWISE_EXACT,A,A,False,False
beijing,Wanliu,72,3,origin_week,10272,168,AP1,constant,hist_gradient_boosting,2,PAIRWISE_EXACT,A,A,False,False
beijing,Wanliu,72,3,origin_week,10272,168,AP1,logistic,hist_gradient_boosting,2,PAIRWISE_EXACT,B,B,False,False
beijing,Wanliu,72,3,origin_week,10440,168,AP1,constant,logistic,0,PAIRWISE_EXACT,A,A,False,False
beijing,Wanliu,72,3,origin_week,10440,168,AP1,constant,hist_gradient_boosting,0,PAIRWISE_EXACT,A,A,False,False
beijing,Wanliu,72,3,origin_week,10440,168,AP1,logistic,hist_gradient_boosting,0,PAIRWISE_EXACT,A,A,False,False
beijing,Wanliu,72,3,origin_week,10608,168,AP1,constant,logistic,0,PAIRWISE_EXACT,B,B,False,False
beijing,Wanliu,72,3,origin_week,10608,168,AP1,constant,hist_gradient_boosting,0,PAIRWISE_EXACT,B,B,False,False
beijing,Wanliu,72,3,origin_week,10608,168,AP1,logistic,hist_gradient_boosting,0,PAIRWISE_EXACT,A,A,False,False
beijing,Wanliu,72,3,origin_week,10776,168,AP1,constant,logistic,0,PAIRWISE_EXACT,A,A,False,False
beijing,Wanliu,72,3,origin_week,10776,168,AP1,constant,hist_gradient_boosting,0,PAIRWISE_EXACT,A,A,False,False
beijing,Wanliu,72,3,origin_week,10776,168,AP1,logistic,hist_gradient_boosting,0,PAIRWISE_EXACT,B,B,False,False
beijing,Wanliu,72,3,origin_week,10944,168,AP1,constant,logistic,0,PAIRWISE_EXACT,A,A,False,False
beijing,Wanliu,72,3,origin_week,10944,168,AP1,constant,hist_gradient_boosting,0,PAIRWISE_EXACT,B,B,False,False
beijing,Wanliu,72,3,origin_week,10944,168,AP1,logistic,hist_gradient_boosting,0,PAIRWISE_EXACT,B,B,False,False
beijing,Wanliu,72,3,origin_week,11112,168,AP1,constant,logistic,0,PAIRWISE_EXACT,B,B,False,False
beijing,Wanliu,72,3,origin_week,11112,168,AP1,constant,hist_gradient_boosting,0,PAIRWISE_EXACT,B,B,False,False
beijing,Wanliu,72,3,origin_week,11112,168,AP1,logistic,hist_gradient_boosting,0,PAIRWISE_EXACT,B,B,False,False
beijing,Wanliu,72,3,origin_week,11280,168,AP1,constant,logistic,0,PAIRWISE_EXACT,B,B,False,False
beijing,Wanliu,72,3,origin_week,11280,168,AP1,constant,hist_gradient_boosting,0,PAIRWISE_EXACT,B,B,False,False
beijing,Wanliu,72,3,origin_week,11280,168,AP1,logistic,hist_gradient_boosting,0,PAIRWISE_EXACT,A,A,False,False
beijing,Wanliu,72,3,origin_week,11448,168,AP1,constant,logistic,0,PAIRWISE_EXACT,B,B,False,False
beijing,Wanliu,72,3,origin_week,11448,168,AP1,constant,hist_gradient_boosting,0,PAIRWISE_EXACT,B,B,False,False
beijing,Wanliu,72,3,origin_week,11448,168,AP1,logistic,hist_gradient_boosting,0,PAIRWISE_EXACT,B,B,False,False
beijing,Wanliu,72,3,origin_week,11616,168,AP1,constant,logistic,0,PAIRWISE_EXACT,B,B,False,False
beijing,Wanliu,72,3,origin_week,11616,168,AP1,constant,hist_gradient_boosting,0,PAIRWISE_EXACT,B,B,False,False
beijing,Wanliu,72,3,origin_week,11616,168,AP1,logistic,hist_gradient_boosting,0,PAIRWISE_EXACT,A,A,False,False
beijing,Wanliu,72,3,origin_week,11784,168,AP1,constant,logistic,0,PAIRWISE_EXACT,B,B,False,False
beijing,Wanliu,72,3,origin_week,11784,168,AP1,constant,hist_gradient_boosting,0,PAIRWISE_EXACT,A,A,False,False
beijing,Wanliu,72,3,origin_week,11784,168,AP1,logistic,hist_gradient_boosting,0,PAIRWISE_EXACT,A,A,False,False
beijing,Wanliu,72,3,origin_week,11952,168,AP1,constant,logistic,0,PAIRWISE_EXACT,A,A,False,False
beijing,Wanliu,72,3,origin_week,11952,168,AP1,constant,hist_gradient_boosting,0,PAIRWISE_EXACT,A,A,False,False
beijing,Wanliu,72,3,origin_week,11952,168,AP1,logistic,hist_gradient_boosting,0,PAIRWISE_EXACT,B,B,False,False
beijing,Wanliu,72,3,origin_week,12120,168,AP1,constant,logistic,0,PAIRWISE_EXACT,A,A,False,False
beijing,Wanliu,72,3,origin_week,12120,168,AP1,constant,hist_gradient_boosting,0,PAIRWISE_EXACT,A,A,False,False
beijing,Wanliu,72,3,origin_week,12120,168,AP1,logistic,hist_gradient_boosting,0,PAIRWISE_EXACT,A,A,False,False
beijing,Wanliu,72,3,origin_week,12288,168,AP1,constant,logistic,0,PAIRWISE_EXACT,B,B,False,False
beijing,Wanliu,72,3,origin_week,12288,168,AP1,constant,hist_gradient_boosting,0,PAIRWISE_EXACT,B,B,False,False
beijing,Wanliu,72,3,origin_week,12288,168,AP1,logistic,hist_gradient_boosting,0,PAIRWISE_EXACT,A,A,False,False
beijing,Wanliu,72,3,origin_week,12456,168,AP1,constant,logistic,0,PAIRWISE_EXACT,A,A,False,False
beijing,Wanliu,72,3,origin_week,12456,168,AP1,constant,hist_gradient_boosting,0,PAIRWISE_EXACT,B,B,False,False
beijing,Wanliu,72,3,origin_week,12456,168,AP1,logistic,hist_gradient_boosting,0,PAIRWISE_EXACT,B,B,False,False
beijing,Wanliu,72,3,origin_week,12624,168,AP1,constant,logistic,0,PAIRWISE_EXACT,B,B,False,False
beijing,Wanliu,72,3,origin_week,12624,168,AP1,constant,hist_gradient_boosting,0,PAIRWISE_EXACT,B,B,False,False
beijing,Wanliu,72,3,origin_week,12624,168,AP1,logistic,hist_gradient_boosting,0,PAIRWISE_EXACT,B,B,False,False
beijing,Wanliu,72,3,origin_week,12792,168,AP1,constant,logistic,0,PAIRWISE_EXACT,B,B,False,False
beijing,Wanliu,72,3,origin_week,12792,168,AP1,constant,hist_gradient_boosting,0,PAIRWISE_EXACT,B,B,False,False
beijing,Wanliu,72,3,origin_week,12792,168,AP1,logistic,hist_gradient_boosting,0,PAIRWISE_EXACT,A,A,False,False
beijing,Wanliu,72,3,origin_week,12960,168,AP1,constant,logistic,0,PAIRWISE_EXACT,B,B,False,False
beijing,Wanliu,72,3,origin_week,12960,168,AP1,constant,hist_gradient_boosting,0,PAIRWISE_EXACT,B,B,False,False
beijing,Wanliu,72,3,origin_week,12960,168,AP1,logistic,hist_gradient_boosting,0,PAIRWISE_EXACT,B,B,False,False
beijing,Wanliu,72,3,origin_week,13128,168,AP1,constant,logistic,0,PAIRWISE_EXACT,B,B,False,False
beijing,Wanliu,72,3,origin_week,13128,168,AP1,constant,hist_gradient_boosting,0,PAIRWISE_EXACT,B,B,False,False
beijing,Wanliu,72,3,origin_week,13128,168,AP1,logistic,hist_gradient_boosting,0,PAIRWISE_EXACT,A,A,False,False
beijing,Wanliu,72,3,origin_week,13296,168,AP1,constant,logistic,0,PAIRWISE_EXACT,B,B,False,False
beijing,Wanliu,72,3,origin_week,13296,168,AP1,constant,hist_gradient_boosting,0,PAIRWISE_EXACT,A,A,False,False
beijing,Wanliu,72,3,origin_week,13296,168,AP1,logistic,hist_gradient_boosting,0,PAIRWISE_EXACT,A,A,False,False
beijing,Wanliu,72,3,origin_week,13464,168,AP1,constant,logistic,0,PAIRWISE_EXACT,A,A,False,False
beijing,Wanliu,72,3,origin_week,13464,168,AP1,constant,hist_gradient_boosting,0,PAIRWISE_EXACT,A,A,False,False
beijing,Wanliu,72,3,origin_week,13464,168,AP1,logistic,hist_gradient_boosting,0,PAIRWISE_EXACT,A,A,False,False
beijing,Wanliu,72,3,origin_week,13632,168,AP1,constant,logistic,0,PAIRWISE_EXACT,B,B,False,False
beijing,Wanliu,72,3,origin_week,13632,168,AP1,constant,hist_gradient_boosting,0,PAIRWISE_EXACT,B,B,False,False
beijing,Wanliu,72,3,origin_week,13632,168,AP1,logistic,hist_gradient_boosting,0,PAIRWISE_EXACT,B,B,False,False
beijing,Wanliu,72,3,origin_week,13800,168,AP1,constant,logistic,0,PAIRWISE_EXACT,B,B,False,False
beijing,Wanliu,72,3,origin_week,13800,168,AP1,constant,hist_gradient_boosting,0,PAIRWISE_EXACT,A,A,False,False
beijing,Wanliu,72,3,origin_week,13800,168,AP1,logistic,hist_gradient_boosting,0,PAIRWISE_EXACT,A,A,False,False
beijing,Wanliu,72,3,origin_week,13968,168,AP1,constant,logistic,0,PAIRWISE_EXACT,B,B,False,False
beijing,Wanliu,72,3,origin_week,13968,168,AP1,constant,hist_gradient_boosting,0,PAIRWISE_EXACT,A,A,False,False
beijing,Wanliu,72,3,origin_week,13968,168,AP1,logistic,hist_gradient_boosting,0,PAIRWISE_EXACT,A,A,False,False
beijing,Wanliu,72,3,origin_week,14136,168,AP1,constant,logistic,0,PAIRWISE_EXACT,B,B,False,False
beijing,Wanliu,72,3,origin_week,14136,168,AP1,constant,hist_gradient_boosting,0,PAIRWISE_EXACT,A,A,False,False
beijing,Wanliu,72,3,origin_week,14136,168,AP1,logistic,hist_gradient_boosting,0,PAIRWISE_EXACT,A,A,False,False
beijing,Wanliu,72,3,origin_week,14304,168,AP1,constant,logistic,0,PAIRWISE_EXACT,B,B,False,False
beijing,Wanliu,72,3,origin_week,14304,168,AP1,constant,hist_gradient_boosting,0,PAIRWISE_EXACT,B,B,False,False
beijing,Wanliu,72,3,origin_week,14304,168,AP1,logistic,hist_gradient_boosting,0,PAIRWISE_EXACT,B,B,False,False
beijing,Wanliu,72,3,origin_week,14472,168,AP1,constant,logistic,0,PAIRWISE_EXACT,B,B,False,False
beijing,Wanliu,72,3,origin_week,14472,168,AP1,constant,hist_gradient_boosting,0,PAIRWISE_EXACT,B,B,False,False
beijing,Wanliu,72,3,origin_week,14472,168,AP1,logistic,hist_gradient_boosting,0,PAIRWISE_EXACT,A,A,False,False
beijing,Wanliu,72,3,origin_week,14640,168,AP1,constant,logistic,9,PAIRWISE_EXACT,A,A,False,False
beijing,Wanliu,72,3,origin_week,14640,168,AP1,constant,hist_gradient_boosting,9,PAIRWISE_EXACT,A,A,False,False
beijing,Wanliu,72,3,origin_week,14640,168,AP1,logistic,hist_gradient_boosting,9,PAIRWISE_EXACT,B,B,False,False
beijing,Wanliu,72,3,origin_week,14808,168,AP1,constant,logistic,0,PAIRWISE_EXACT,B,B,False,False
beijing,Wanliu,72,3,origin_week,14808,168,AP1,constant,hist_gradient_boosting,0,PAIRWISE_EXACT,A,A,False,False
beijing,Wanliu,72,3,origin_week,14808,168,AP1,logistic,hist_gradient_boosting,0,PAIRWISE_EXACT,A,A,False,False
beijing,Wanliu,72,3,origin_week,14976,168,AP1,constant,logistic,0,PAIRWISE_EXACT,B,B,False,False
beijing,Wanliu,72,3,origin_week,14976,168,AP1,constant,hist_gradient_boosting,0,PAIRWISE_EXACT,A,A,False,False
beijing,Wanliu,72,3,origin_week,14976,168,AP1,logistic,hist_gradient_boosting,0,PAIRWISE_EXACT,A,A,False,False
beijing,Wanliu,72,3,origin_week,15144,168,AP1,constant,logistic,0,PAIRWISE_EXACT,B,B,False,False
beijing,Wanliu,72,3,origin_week,15144,168,AP1,constant,hist_gradient_boosting,0,PAIRWISE_EXACT,B,B,False,False
beijing,Wanliu,72,3,origin_week,15144,168,AP1,logistic,hist_gradient_boosting,0,PAIRWISE_EXACT,A,A,False,False
beijing,Wanliu,72,3,origin_week,15312,168,AP1,constant,logistic,0,PAIRWISE_EXACT,B,B,False,False
beijing,Wanliu,72,3,origin_week,15312,168,AP1,constant,hist_gradient_boosting,0,PAIRWISE_EXACT,A,A,False,False
beijing,Wanliu,72,3,origin_week,15312,168,AP1,logistic,hist_gradient_boosting,0,PAIRWISE_EXACT,A,A,False,False
beijing,Wanliu,72,3,origin_week,15480,168,AP1,constant,logistic,0,PAIRWISE_EXACT,B,B,False,False
beijing,Wanliu,72,3,origin_week,15480,168,AP1,constant,hist_gradient_boosting,0,PAIRWISE_EXACT,A,A,False,False
beijing,Wanliu,72,3,origin_week,15480,168,AP1,logistic,hist_gradient_boosting,0,PAIRWISE_EXACT,A,A,False,False
beijing,Wanliu,72,3,origin_week,15648,168,AP1,constant,logistic,8,PAIRWISE_EXACT,OPPOSITE_POSSIBLE,OPPOSITE_POSSIBLE,False,False
beijing,Wanliu,72,3,origin_week,15648,168,AP1,constant,hist_gradient_boosting,8,PAIRWISE_EXACT,A,A,False,False
beijing,Wanliu,72,3,origin_week,15648,168,AP1,logistic,hist_gradient_boosting,8,PAIRWISE_EXACT,A,A,False,False
beijing,Wanliu,72,3,origin_week,15816,168,AP1,constant,logistic,0,PAIRWISE_EXACT,B,B,False,False
beijing,Wanliu,72,3,origin_week,15816,168,AP1,constant,hist_gradient_boosting,0,PAIRWISE_EXACT,A,A,False,False
beijing,Wanliu,72,3,origin_week,15816,168,AP1,logistic,hist_gradient_boosting,0,PAIRWISE_EXACT,A,A,False,False
beijing,Wanliu,72,3,origin_week,15984,168,AP1,constant,logistic,0,PAIRWISE_EXACT,B,B,False,False
beijing,Wanliu,72,3,origin_week,15984,168,AP1,constant,hist_gradient_boosting,0,PAIRWISE_EXACT,A,A,False,False
beijing,Wanliu,72,3,origin_week,15984,168,AP1,logistic,hist_gradient_boosting,0,PAIRWISE_EXACT,A,A,False,False
beijing,Wanliu,72,3,origin_week,16152,168,AP1,constant,logistic,0,PAIRWISE_EXACT,B,B,False,False
beijing,Wanliu,72,3,origin_week,16152,168,AP1,constant,hist_gradient_boosting,0,PAIRWISE_EXACT,A,A,False,False
beijing,Wanliu,72,3,origin_week,16152,168,AP1,logistic,hist_gradient_boosting,0,PAIRWISE_EXACT,A,A,False,False
beijing,Wanliu,72,3,origin_week,16320,168,AP1,constant,logistic,0,PAIRWISE_EXACT,B,B,False,False
beijing,Wanliu,72,3,origin_week,16320,168,AP1,constant,hist_gradient_boosting,0,PAIRWISE_EXACT,B,B,False,False
beijing,Wanliu,72,3,origin_week,16320,168,AP1,logistic,hist_gradient_boosting,0,PAIRWISE_EXACT,A,A,False,False
beijing,Wanliu,72,3,origin_week,16488,168,AP1,constant,logistic,0,PAIRWISE_EXACT,B,B,False,False
beijing,Wanliu,72,3,origin_week,16488,168,AP1,constant,hist_gradient_boosting,0,PAIRWISE_EXACT,B,B,False,False
beijing,Wanliu,72,3,origin_week,16488,168,AP1,logistic,hist_gradient_boosting,0,PAIRWISE_EXACT,A,A,False,False
beijing,Wanliu,72,3,origin_week,16656,168,AP1,constant,logistic,0,PAIRWISE_EXACT,B,B,False,False
beijing,Wanliu,72,3,origin_week,16656,168,AP1,constant,hist_gradient_boosting,0,PAIRWISE_EXACT,A,A,False,False
beijing,Wanliu,72,3,origin_week,16656,168,AP1,logistic,hist_gradient_boosting,0,PAIRWISE_EXACT,A,A,False,False
beijing,Wanliu,72,3,origin_week,16824,168,AP1,constant,logistic,0,PAIRWISE_EXACT,B,B,False,False
beijing,Wanliu,72,3,origin_week,16824,168,AP1,constant,hist_gradient_boosting,0,PAIRWISE_EXACT,B,B,False,False
beijing,Wanliu,72,3,origin_week,16824,168,AP1,logistic,hist_gradient_boosting,0,PAIRWISE_EXACT,B,B,False,False
beijing,Wanliu,72,3,origin_week,16992,168,AP1,constant,logistic,0,PAIRWISE_EXACT,B,B,False,False
beijing,Wanliu,72,3,origin_week,16992,168,AP1,constant,hist_gradient_boosting,0,PAIRWISE_EXACT,A,A,False,False
beijing,Wanliu,72,3,origin_week,16992,168,AP1,logistic,hist_gradient_boosting,0,PAIRWISE_EXACT,A,A,False,False
beijing,Wanliu,72,3,origin_week,17160,168,AP1,constant,logistic,0,PAIRWISE_EXACT,B,B,False,False
beijing,Wanliu,72,3,origin_week,17160,168,AP1,constant,hist_gradient_boosting,0,PAIRWISE_EXACT,B,B,False,False
beijing,Wanliu,72,3,origin_week,17160,168,AP1,logistic,hist_gradient_boosting,0,PAIRWISE_EXACT,B,B,False,False
beijing,Wanliu,72,3,origin_week,17328,121,AP1,constant,logistic,0,PAIRWISE_EXACT,B,B,False,False
beijing,Wanliu,72,3,origin_week,17328,121,AP1,constant,hist_gradient_boosting,0,PAIRWISE_EXACT,B,B,False,False
beijing,Wanliu,72,3,origin_week,17328,121,AP1,logistic,hist_gradient_boosting,0,PAIRWISE_EXACT,B,B,False,False
beijing,Wanshouxigong,24,3,annual,8760,8737,AP1,constant,logistic,144,PAIRWISE_INSUFFICIENT,B,B,False,False
beijing,Wanshouxigong,24,3,annual,8760,8737,AP1,constant,hist_gradient_boosting,144,PAIRWISE_INSUFFICIENT,B,B,False,False
beijing,Wanshouxigong,24,3,annual,8760,8737,AP1,logistic,hist_gradient_boosting,144,PAIRWISE_INSUFFICIENT,A,A,False,True
beijing,Wanshouxigong,24,3,origin_week,8760,168,AP1,constant,logistic,0,PAIRWISE_EXACT,B,B,False,False
beijing,Wanshouxigong,24,3,origin_week,8760,168,AP1,constant,hist_gradient_boosting,0,PAIRWISE_EXACT,B,B,False,False
beijing,Wanshouxigong,24,3,origin_week,8760,168,AP1,logistic,hist_gradient_boosting,0,PAIRWISE_EXACT,A,A,False,False
beijing,Wanshouxigong,24,3,origin_week,8928,168,AP1,constant,logistic,0,PAIRWISE_EXACT,B,B,False,False
beijing,Wanshouxigong,24,3,origin_week,8928,168,AP1,constant,hist_gradient_boosting,0,PAIRWISE_EXACT,B,B,False,False
beijing,Wanshouxigong,24,3,origin_week,8928,168,AP1,logistic,hist_gradient_boosting,0,PAIRWISE_EXACT,A,A,False,False
beijing,Wanshouxigong,24,3,origin_week,9096,168,AP1,constant,logistic,0,PAIRWISE_EXACT,B,B,False,False
beijing,Wanshouxigong,24,3,origin_week,9096,168,AP1,constant,hist_gradient_boosting,0,PAIRWISE_EXACT,B,B,False,False
beijing,Wanshouxigong,24,3,origin_week,9096,168,AP1,logistic,hist_gradient_boosting,0,PAIRWISE_EXACT,B,B,False,False
beijing,Wanshouxigong,24,3,origin_week,9264,168,AP1,constant,logistic,0,PAIRWISE_EXACT,B,B,False,False
beijing,Wanshouxigong,24,3,origin_week,9264,168,AP1,constant,hist_gradient_boosting,0,PAIRWISE_EXACT,B,B,False,False
beijing,Wanshouxigong,24,3,origin_week,9264,168,AP1,logistic,hist_gradient_boosting,0,PAIRWISE_EXACT,A,A,False,False
beijing,Wanshouxigong,24,3,origin_week,9432,168,AP1,constant,logistic,0,PAIRWISE_EXACT,B,B,False,False
beijing,Wanshouxigong,24,3,origin_week,9432,168,AP1,constant,hist_gradient_boosting,0,PAIRWISE_EXACT,B,B,False,False
beijing,Wanshouxigong,24,3,origin_week,9432,168,AP1,logistic,hist_gradient_boosting,0,PAIRWISE_EXACT,A,A,False,False
beijing,Wanshouxigong,24,3,origin_week,9600,168,AP1,constant,logistic,0,PAIRWISE_EXACT,B,B,False,False
beijing,Wanshouxigong,24,3,origin_week,9600,168,AP1,constant,hist_gradient_boosting,0,PAIRWISE_EXACT,B,B,False,False
beijing,Wanshouxigong,24,3,origin_week,9600,168,AP1,logistic,hist_gradient_boosting,0,PAIRWISE_EXACT,B,B,False,False
beijing,Wanshouxigong,24,3,origin_week,9768,168,AP1,constant,logistic,0,PAIRWISE_EXACT,B,B,False,False
beijing,Wanshouxigong,24,3,origin_week,9768,168,AP1,constant,hist_gradient_boosting,0,PAIRWISE_EXACT,B,B,False,False
beijing,Wanshouxigong,24,3,origin_week,9768,168,AP1,logistic,hist_gradient_boosting,0,PAIRWISE_EXACT,B,B,False,False
beijing,Wanshouxigong,24,3,origin_week,9936,168,AP1,constant,logistic,0,PAIRWISE_EXACT,B,B,False,False
beijing,Wanshouxigong,24,3,origin_week,9936,168,AP1,constant,hist_gradient_boosting,0,PAIRWISE_EXACT,B,B,False,False
beijing,Wanshouxigong,24,3,origin_week,9936,168,AP1,logistic,hist_gradient_boosting,0,PAIRWISE_EXACT,B,B,False,False
beijing,Wanshouxigong,24,3,origin_week,10104,168,AP1,constant,logistic,0,PAIRWISE_EXACT,B,B,False,False
beijing,Wanshouxigong,24,3,origin_week,10104,168,AP1,constant,hist_gradient_boosting,0,PAIRWISE_EXACT,B,B,False,False
beijing,Wanshouxigong,24,3,origin_week,10104,168,AP1,logistic,hist_gradient_boosting,0,PAIRWISE_EXACT,B,B,False,False
beijing,Wanshouxigong,24,3,origin_week,10272,168,AP1,constant,logistic,39,PAIRWISE_INSUFFICIENT,OPPOSITE_POSSIBLE,OPPOSITE_POSSIBLE,False,False
beijing,Wanshouxigong,24,3,origin_week,10272,168,AP1,constant,hist_gradient_boosting,39,PAIRWISE_INSUFFICIENT,OPPOSITE_POSSIBLE,OPPOSITE_POSSIBLE,False,False
beijing,Wanshouxigong,24,3,origin_week,10272,168,AP1,logistic,hist_gradient_boosting,39,PAIRWISE_INSUFFICIENT,OPPOSITE_POSSIBLE,OPPOSITE_POSSIBLE,False,True
beijing,Wanshouxigong,24,3,origin_week,10440,168,AP1,constant,logistic,0,PAIRWISE_EXACT,A,A,False,False
beijing,Wanshouxigong,24,3,origin_week,10440,168,AP1,constant,hist_gradient_boosting,0,PAIRWISE_EXACT,A,A,False,False
beijing,Wanshouxigong,24,3,origin_week,10440,168,AP1,logistic,hist_gradient_boosting,0,PAIRWISE_EXACT,B,B,False,False
beijing,Wanshouxigong,24,3,origin_week,10608,168,AP1,constant,logistic,0,PAIRWISE_EXACT,B,B,False,False
beijing,Wanshouxigong,24,3,origin_week,10608,168,AP1,constant,hist_gradient_boosting,0,PAIRWISE_EXACT,B,B,False,False
beijing,Wanshouxigong,24,3,origin_week,10608,168,AP1,logistic,hist_gradient_boosting,0,PAIRWISE_EXACT,A,A,False,False
beijing,Wanshouxigong,24,3,origin_week,10776,168,AP1,constant,logistic,0,PAIRWISE_EXACT,B,B,False,False
beijing,Wanshouxigong,24,3,origin_week,10776,168,AP1,constant,hist_gradient_boosting,0,PAIRWISE_EXACT,B,B,False,False
beijing,Wanshouxigong,24,3,origin_week,10776,168,AP1,logistic,hist_gradient_boosting,0,PAIRWISE_EXACT,B,B,False,False
beijing,Wanshouxigong,24,3,origin_week,10944,168,AP1,constant,logistic,23,PAIRWISE_INSUFFICIENT,B,B,False,False
beijing,Wanshouxigong,24,3,origin_week,10944,168,AP1,constant,hist_gradient_boosting,23,PAIRWISE_INSUFFICIENT,B,B,False,False
beijing,Wanshouxigong,24,3,origin_week,10944,168,AP1,logistic,hist_gradient_boosting,23,PAIRWISE_INSUFFICIENT,B,B,False,False
beijing,Wanshouxigong,24,3,origin_week,11112,168,AP1,constant,logistic,0,PAIRWISE_EXACT,B,B,False,False
beijing,Wanshouxigong,24,3,origin_week,11112,168,AP1,constant,hist_gradient_boosting,0,PAIRWISE_EXACT,B,B,False,False
beijing,Wanshouxigong,24,3,origin_week,11112,168,AP1,logistic,hist_gradient_boosting,0,PAIRWISE_EXACT,B,B,False,False
beijing,Wanshouxigong,24,3,origin_week,11280,168,AP1,constant,logistic,0,PAIRWISE_EXACT,B,B,False,False
beijing,Wanshouxigong,24,3,origin_week,11280,168,AP1,constant,hist_gradient_boosting,0,PAIRWISE_EXACT,A,A,False,False
beijing,Wanshouxigong,24,3,origin_week,11280,168,AP1,logistic,hist_gradient_boosting,0,PAIRWISE_EXACT,A,A,False,False
beijing,Wanshouxigong,24,3,origin_week,11448,168,AP1,constant,logistic,0,PAIRWISE_EXACT,B,B,False,False
beijing,Wanshouxigong,24,3,origin_week,11448,168,AP1,constant,hist_gradient_boosting,0,PAIRWISE_EXACT,B,B,False,False
beijing,Wanshouxigong,24,3,origin_week,11448,168,AP1,logistic,hist_gradient_boosting,0,PAIRWISE_EXACT,A,A,False,False
beijing,Wanshouxigong,24,3,origin_week,11616,168,AP1,constant,logistic,0,PAIRWISE_EXACT,B,B,False,False
beijing,Wanshouxigong,24,3,origin_week,11616,168,AP1,constant,hist_gradient_boosting,0,PAIRWISE_EXACT,B,B,False,False
beijing,Wanshouxigong,24,3,origin_week,11616,168,AP1,logistic,hist_gradient_boosting,0,PAIRWISE_EXACT,A,A,False,False
beijing,Wanshouxigong,24,3,origin_week,11784,168,AP1,constant,logistic,0,PAIRWISE_EXACT,B,B,False,False
beijing,Wanshouxigong,24,3,origin_week,11784,168,AP1,constant,hist_gradient_boosting,0,PAIRWISE_EXACT,B,B,False,False
beijing,Wanshouxigong,24,3,origin_week,11784,168,AP1,logistic,hist_gradient_boosting,0,PAIRWISE_EXACT,A,A,False,False
beijing,Wanshouxigong,24,3,origin_week,11952,168,AP1,constant,logistic,0,PAIRWISE_EXACT,B,B,False,False
beijing,Wanshouxigong,24,3,origin_week,11952,168,AP1,constant,hist_gradient_boosting,0,PAIRWISE_EXACT,B,B,False,False
beijing,Wanshouxigong,24,3,origin_week,11952,168,AP1,logistic,hist_gradient_boosting,0,PAIRWISE_EXACT,B,B,False,False
beijing,Wanshouxigong,24,3,origin_week,12120,168,AP1,constant,logistic,0,PAIRWISE_EXACT,B,B,False,False
beijing,Wanshouxigong,24,3,origin_week,12120,168,AP1,constant,hist_gradient_boosting,0,PAIRWISE_EXACT,B,B,False,False
beijing,Wanshouxigong,24,3,origin_week,12120,168,AP1,logistic,hist_gradient_boosting,0,PAIRWISE_EXACT,B,B,False,False
beijing,Wanshouxigong,24,3,origin_week,12288,168,AP1,constant,logistic,0,PAIRWISE_EXACT,B,B,False,False
beijing,Wanshouxigong,24,3,origin_week,12288,168,AP1,constant,hist_gradient_boosting,0,PAIRWISE_EXACT,B,B,False,False
beijing,Wanshouxigong,24,3,origin_week,12288,168,AP1,logistic,hist_gradient_boosting,0,PAIRWISE_EXACT,B,B,False,False
beijing,Wanshouxigong,24,3,origin_week,12456,168,AP1,constant,logistic,0,PAIRWISE_EXACT,B,B,False,False
beijing,Wanshouxigong,24,3,origin_week,12456,168,AP1,constant,hist_gradient_boosting,0,PAIRWISE_EXACT,B,B,False,False
beijing,Wanshouxigong,24,3,origin_week,12456,168,AP1,logistic,hist_gradient_boosting,0,PAIRWISE_EXACT,B,B,False,False
beijing,Wanshouxigong,24,3,origin_week,12624,168,AP1,constant,logistic,0,PAIRWISE_EXACT,B,B,False,False
beijing,Wanshouxigong,24,3,origin_week,12624,168,AP1,constant,hist_gradient_boosting,0,PAIRWISE_EXACT,B,B,False,False
beijing,Wanshouxigong,24,3,origin_week,12624,168,AP1,logistic,hist_gradient_boosting,0,PAIRWISE_EXACT,B,B,False,False
beijing,Wanshouxigong,24,3,origin_week,12792,168,AP1,constant,logistic,0,PAIRWISE_EXACT,B,B,False,False
beijing,Wanshouxigong,24,3,origin_week,12792,168,AP1,constant,hist_gradient_boosting,0,PAIRWISE_EXACT,B,B,False,False
beijing,Wanshouxigong,24,3,origin_week,12792,168,AP1,logistic,hist_gradient_boosting,0,PAIRWISE_EXACT,B,B,False,False
beijing,Wanshouxigong,24,3,origin_week,12960,168,AP1,constant,logistic,0,PAIRWISE_EXACT,B,B,False,False
beijing,Wanshouxigong,24,3,origin_week,12960,168,AP1,constant,hist_gradient_boosting,0,PAIRWISE_EXACT,B,B,False,False
beijing,Wanshouxigong,24,3,origin_week,12960,168,AP1,logistic,hist_gradient_boosting,0,PAIRWISE_EXACT,B,B,False,False
beijing,Wanshouxigong,24,3,origin_week,13128,168,AP1,constant,logistic,0,PAIRWISE_EXACT,B,B,False,False
beijing,Wanshouxigong,24,3,origin_week,13128,168,AP1,constant,hist_gradient_boosting,0,PAIRWISE_EXACT,B,B,False,False
beijing,Wanshouxigong,24,3,origin_week,13128,168,AP1,logistic,hist_gradient_boosting,0,PAIRWISE_EXACT,A,A,False,False
beijing,Wanshouxigong,24,3,origin_week,13296,168,AP1,constant,logistic,0,PAIRWISE_EXACT,B,B,False,False
beijing,Wanshouxigong,24,3,origin_week,13296,168,AP1,constant,hist_gradient_boosting,0,PAIRWISE_EXACT,B,B,False,False
beijing,Wanshouxigong,24,3,origin_week,13296,168,AP1,logistic,hist_gradient_boosting,0,PAIRWISE_EXACT,B,B,False,False
beijing,Wanshouxigong,24,3,origin_week,13464,168,AP1,constant,logistic,37,PAIRWISE_INSUFFICIENT,OPPOSITE_POSSIBLE,OPPOSITE_POSSIBLE,False,False
beijing,Wanshouxigong,24,3,origin_week,13464,168,AP1,constant,hist_gradient_boosting,37,PAIRWISE_INSUFFICIENT,B,B,False,False
beijing,Wanshouxigong,24,3,origin_week,13464,168,AP1,logistic,hist_gradient_boosting,37,PAIRWISE_INSUFFICIENT,OPPOSITE_POSSIBLE,OPPOSITE_POSSIBLE,False,False
beijing,Wanshouxigong,24,3,origin_week,13632,168,AP1,constant,logistic,0,PAIRWISE_EXACT,B,B,False,False
beijing,Wanshouxigong,24,3,origin_week,13632,168,AP1,constant,hist_gradient_boosting,0,PAIRWISE_EXACT,B,B,False,False
beijing,Wanshouxigong,24,3,origin_week,13632,168,AP1,logistic,hist_gradient_boosting,0,PAIRWISE_EXACT,A,A,False,False
beijing,Wanshouxigong,24,3,origin_week,13800,168,AP1,constant,logistic,0,PAIRWISE_EXACT,B,B,False,False
beijing,Wanshouxigong,24,3,origin_week,13800,168,AP1,constant,hist_gradient_boosting,0,PAIRWISE_EXACT,A,A,False,False
beijing,Wanshouxigong,24,3,origin_week,13800,168,AP1,logistic,hist_gradient_boosting,0,PAIRWISE_EXACT,A,A,False,False
beijing,Wanshouxigong,24,3,origin_week,13968,168,AP1,constant,logistic,0,PAIRWISE_EXACT,B,B,False,False
beijing,Wanshouxigong,24,3,origin_week,13968,168,AP1,constant,hist_gradient_boosting,0,PAIRWISE_EXACT,B,B,False,False
beijing,Wanshouxigong,24,3,origin_week,13968,168,AP1,logistic,hist_gradient_boosting,0,PAIRWISE_EXACT,A,A,False,False
beijing,Wanshouxigong,24,3,origin_week,14136,168,AP1,constant,logistic,0,PAIRWISE_EXACT,B,B,False,False
beijing,Wanshouxigong,24,3,origin_week,14136,168,AP1,constant,hist_gradient_boosting,0,PAIRWISE_EXACT,B,B,False,False
beijing,Wanshouxigong,24,3,origin_week,14136,168,AP1,logistic,hist_gradient_boosting,0,PAIRWISE_EXACT,A,A,False,False
beijing,Wanshouxigong,24,3,origin_week,14304,168,AP1,constant,logistic,7,PAIRWISE_INSUFFICIENT,B,B,False,False
beijing,Wanshouxigong,24,3,origin_week,14304,168,AP1,constant,hist_gradient_boosting,7,PAIRWISE_INSUFFICIENT,B,B,False,False
beijing,Wanshouxigong,24,3,origin_week,14304,168,AP1,logistic,hist_gradient_boosting,7,PAIRWISE_INSUFFICIENT,OPPOSITE_POSSIBLE,OPPOSITE_POSSIBLE,False,False
beijing,Wanshouxigong,24,3,origin_week,14472,168,AP1,constant,logistic,23,PAIRWISE_INSUFFICIENT,B,B,False,False
beijing,Wanshouxigong,24,3,origin_week,14472,168,AP1,constant,hist_gradient_boosting,23,PAIRWISE_INSUFFICIENT,B,B,False,False
beijing,Wanshouxigong,24,3,origin_week,14472,168,AP1,logistic,hist_gradient_boosting,23,PAIRWISE_INSUFFICIENT,OPPOSITE_POSSIBLE,OPPOSITE_POSSIBLE,False,False
beijing,Wanshouxigong,24,3,origin_week,14640,168,AP1,constant,logistic,14,PAIRWISE_EXACT,B,B,False,False
beijing,Wanshouxigong,24,3,origin_week,14640,168,AP1,constant,hist_gradient_boosting,14,PAIRWISE_EXACT,B,B,False,False
beijing,Wanshouxigong,24,3,origin_week,14640,168,AP1,logistic,hist_gradient_boosting,14,PAIRWISE_EXACT,B,B,False,False
beijing,Wanshouxigong,24,3,origin_week,14808,168,AP1,constant,logistic,0,PAIRWISE_EXACT,B,B,False,False
beijing,Wanshouxigong,24,3,origin_week,14808,168,AP1,constant,hist_gradient_boosting,0,PAIRWISE_EXACT,B,B,False,False
beijing,Wanshouxigong,24,3,origin_week,14808,168,AP1,logistic,hist_gradient_boosting,0,PAIRWISE_EXACT,B,B,False,False
beijing,Wanshouxigong,24,3,origin_week,14976,168,AP1,constant,logistic,0,PAIRWISE_EXACT,B,B,False,False
beijing,Wanshouxigong,24,3,origin_week,14976,168,AP1,constant,hist_gradient_boosting,0,PAIRWISE_EXACT,B,B,False,False
beijing,Wanshouxigong,24,3,origin_week,14976,168,AP1,logistic,hist_gradient_boosting,0,PAIRWISE_EXACT,A,A,False,False
beijing,Wanshouxigong,24,3,origin_week,15144,168,AP1,constant,logistic,0,PAIRWISE_EXACT,B,B,False,False
beijing,Wanshouxigong,24,3,origin_week,15144,168,AP1,constant,hist_gradient_boosting,0,PAIRWISE_EXACT,A,A,False,False
beijing,Wanshouxigong,24,3,origin_week,15144,168,AP1,logistic,hist_gradient_boosting,0,PAIRWISE_EXACT,A,A,False,False
beijing,Wanshouxigong,24,3,origin_week,15312,168,AP1,constant,logistic,0,PAIRWISE_EXACT,B,B,False,False
beijing,Wanshouxigong,24,3,origin_week,15312,168,AP1,constant,hist_gradient_boosting,0,PAIRWISE_EXACT,B,B,False,False
beijing,Wanshouxigong,24,3,origin_week,15312,168,AP1,logistic,hist_gradient_boosting,0,PAIRWISE_EXACT,B,B,False,False
beijing,Wanshouxigong,24,3,origin_week,15480,168,AP1,constant,logistic,0,PAIRWISE_EXACT,B,B,False,False
beijing,Wanshouxigong,24,3,origin_week,15480,168,AP1,constant,hist_gradient_boosting,0,PAIRWISE_EXACT,B,B,False,False
beijing,Wanshouxigong,24,3,origin_week,15480,168,AP1,logistic,hist_gradient_boosting,0,PAIRWISE_EXACT,A,A,False,False
beijing,Wanshouxigong,24,3,origin_week,15648,168,AP1,constant,logistic,0,PAIRWISE_EXACT,B,B,False,False
beijing,Wanshouxigong,24,3,origin_week,15648,168,AP1,constant,hist_gradient_boosting,0,PAIRWISE_EXACT,B,B,False,False
beijing,Wanshouxigong,24,3,origin_week,15648,168,AP1,logistic,hist_gradient_boosting,0,PAIRWISE_EXACT,B,B,False,False
beijing,Wanshouxigong,24,3,origin_week,15816,168,AP1,constant,logistic,0,PAIRWISE_EXACT,B,B,False,False
beijing,Wanshouxigong,24,3,origin_week,15816,168,AP1,constant,hist_gradient_boosting,0,PAIRWISE_EXACT,B,B,False,False
beijing,Wanshouxigong,24,3,origin_week,15816,168,AP1,logistic,hist_gradient_boosting,0,PAIRWISE_EXACT,A,A,False,False
beijing,Wanshouxigong,24,3,origin_week,15984,168,AP1,constant,logistic,0,PAIRWISE_EXACT,B,B,False,False
beijing,Wanshouxigong,24,3,origin_week,15984,168,AP1,constant,hist_gradient_boosting,0,PAIRWISE_EXACT,B,B,False,False
beijing,Wanshouxigong,24,3,origin_week,15984,168,AP1,logistic,hist_gradient_boosting,0,PAIRWISE_EXACT,A,A,False,False
beijing,Wanshouxigong,24,3,origin_week,16152,168,AP1,constant,logistic,0,PAIRWISE_EXACT,B,B,False,False
beijing,Wanshouxigong,24,3,origin_week,16152,168,AP1,constant,hist_gradient_boosting,0,PAIRWISE_EXACT,B,B,False,False
beijing,Wanshouxigong,24,3,origin_week,16152,168,AP1,logistic,hist_gradient_boosting,0,PAIRWISE_EXACT,A,A,False,False
beijing,Wanshouxigong,24,3,origin_week,16320,168,AP1,constant,logistic,0,PAIRWISE_EXACT,B,B,False,False
beijing,Wanshouxigong,24,3,origin_week,16320,168,AP1,constant,hist_gradient_boosting,0,PAIRWISE_EXACT,B,B,False,False
beijing,Wanshouxigong,24,3,origin_week,16320,168,AP1,logistic,hist_gradient_boosting,0,PAIRWISE_EXACT,A,A,False,False
beijing,Wanshouxigong,24,3,origin_week,16488,168,AP1,constant,logistic,0,PAIRWISE_EXACT,B,B,False,False
beijing,Wanshouxigong,24,3,origin_week,16488,168,AP1,constant,hist_gradient_boosting,0,PAIRWISE_EXACT,A,A,False,False
beijing,Wanshouxigong,24,3,origin_week,16488,168,AP1,logistic,hist_gradient_boosting,0,PAIRWISE_EXACT,A,A,False,False
beijing,Wanshouxigong,24,3,origin_week,16656,168,AP1,constant,logistic,0,PAIRWISE_EXACT,B,B,False,False
beijing,Wanshouxigong,24,3,origin_week,16656,168,AP1,constant,hist_gradient_boosting,0,PAIRWISE_EXACT,B,B,False,False
beijing,Wanshouxigong,24,3,origin_week,16656,168,AP1,logistic,hist_gradient_boosting,0,PAIRWISE_EXACT,B,B,False,False
beijing,Wanshouxigong,24,3,origin_week,16824,168,AP1,constant,logistic,0,PAIRWISE_EXACT,B,B,False,False
beijing,Wanshouxigong,24,3,origin_week,16824,168,AP1,constant,hist_gradient_boosting,0,PAIRWISE_EXACT,B,B,False,False
beijing,Wanshouxigong,24,3,origin_week,16824,168,AP1,logistic,hist_gradient_boosting,0,PAIRWISE_EXACT,A,A,False,False
beijing,Wanshouxigong,24,3,origin_week,16992,168,AP1,constant,logistic,0,PAIRWISE_EXACT,B,B,False,False
beijing,Wanshouxigong,24,3,origin_week,16992,168,AP1,constant,hist_gradient_boosting,0,PAIRWISE_EXACT,B,B,False,False
beijing,Wanshouxigong,24,3,origin_week,16992,168,AP1,logistic,hist_gradient_boosting,0,PAIRWISE_EXACT,A,A,False,False
beijing,Wanshouxigong,24,3,origin_week,17160,168,AP1,constant,logistic,1,PAIRWISE_EXACT,B,B,False,False
beijing,Wanshouxigong,24,3,origin_week,17160,168,AP1,constant,hist_gradient_boosting,1,PAIRWISE_EXACT,B,B,False,False
beijing,Wanshouxigong,24,3,origin_week,17160,168,AP1,logistic,hist_gradient_boosting,1,PAIRWISE_EXACT,A,A,False,False
beijing,Wanshouxigong,24,3,origin_week,17328,168,AP1,constant,logistic,0,PAIRWISE_EXACT,B,B,False,False
beijing,Wanshouxigong,24,3,origin_week,17328,168,AP1,constant,hist_gradient_boosting,0,PAIRWISE_EXACT,B,B,False,False
beijing,Wanshouxigong,24,3,origin_week,17328,168,AP1,logistic,hist_gradient_boosting,0,PAIRWISE_EXACT,B,B,False,False
beijing,Wanshouxigong,24,3,origin_week,17496,1,AP1,constant,logistic,0,PAIRWISE_EXACT,B,B,False,False
beijing,Wanshouxigong,24,3,origin_week,17496,1,AP1,constant,hist_gradient_boosting,0,PAIRWISE_EXACT,B,B,False,False
beijing,Wanshouxigong,24,3,origin_week,17496,1,AP1,logistic,hist_gradient_boosting,0,PAIRWISE_EXACT,A,A,False,False
beijing,Wanshouxigong,72,3,annual,8760,8689,AP1,constant,logistic,104,PAIRWISE_EXACT,B,B,False,False
beijing,Wanshouxigong,72,3,annual,8760,8689,AP1,constant,hist_gradient_boosting,104,PAIRWISE_EXACT,B,B,False,False
beijing,Wanshouxigong,72,3,annual,8760,8689,AP1,logistic,hist_gradient_boosting,104,PAIRWISE_EXACT,A,A,False,False
beijing,Wanshouxigong,72,3,origin_week,8760,168,AP1,constant,logistic,0,PAIRWISE_EXACT,B,B,False,False
beijing,Wanshouxigong,72,3,origin_week,8760,168,AP1,constant,hist_gradient_boosting,0,PAIRWISE_EXACT,A,A,False,False
beijing,Wanshouxigong,72,3,origin_week,8760,168,AP1,logistic,hist_gradient_boosting,0,PAIRWISE_EXACT,A,A,False,False
beijing,Wanshouxigong,72,3,origin_week,8928,168,AP1,constant,logistic,0,PAIRWISE_EXACT,B,B,False,False
beijing,Wanshouxigong,72,3,origin_week,8928,168,AP1,constant,hist_gradient_boosting,0,PAIRWISE_EXACT,B,B,False,False
beijing,Wanshouxigong,72,3,origin_week,8928,168,AP1,logistic,hist_gradient_boosting,0,PAIRWISE_EXACT,A,A,False,False
beijing,Wanshouxigong,72,3,origin_week,9096,168,AP1,constant,logistic,0,PAIRWISE_EXACT,B,B,False,False
beijing,Wanshouxigong,72,3,origin_week,9096,168,AP1,constant,hist_gradient_boosting,0,PAIRWISE_EXACT,B,B,False,False
beijing,Wanshouxigong,72,3,origin_week,9096,168,AP1,logistic,hist_gradient_boosting,0,PAIRWISE_EXACT,B,B,False,False
beijing,Wanshouxigong,72,3,origin_week,9264,168,AP1,constant,logistic,0,PAIRWISE_EXACT,B,B,False,False
beijing,Wanshouxigong,72,3,origin_week,9264,168,AP1,constant,hist_gradient_boosting,0,PAIRWISE_EXACT,B,B,False,False
beijing,Wanshouxigong,72,3,origin_week,9264,168,AP1,logistic,hist_gradient_boosting,0,PAIRWISE_EXACT,A,A,False,False
beijing,Wanshouxigong,72,3,origin_week,9432,168,AP1,constant,logistic,0,PAIRWISE_EXACT,B,B,False,False
beijing,Wanshouxigong,72,3,origin_week,9432,168,AP1,constant,hist_gradient_boosting,0,PAIRWISE_EXACT,A,A,False,False
beijing,Wanshouxigong,72,3,origin_week,9432,168,AP1,logistic,hist_gradient_boosting,0,PAIRWISE_EXACT,A,A,False,False
beijing,Wanshouxigong,72,3,origin_week,9600,168,AP1,constant,logistic,0,PAIRWISE_EXACT,B,B,False,False
beijing,Wanshouxigong,72,3,origin_week,9600,168,AP1,constant,hist_gradient_boosting,0,PAIRWISE_EXACT,B,B,False,False
beijing,Wanshouxigong,72,3,origin_week,9600,168,AP1,logistic,hist_gradient_boosting,0,PAIRWISE_EXACT,B,B,False,False
beijing,Wanshouxigong,72,3,origin_week,9768,168,AP1,constant,logistic,0,PAIRWISE_EXACT,B,B,False,False
beijing,Wanshouxigong,72,3,origin_week,9768,168,AP1,constant,hist_gradient_boosting,0,PAIRWISE_EXACT,B,B,False,False
beijing,Wanshouxigong,72,3,origin_week,9768,168,AP1,logistic,hist_gradient_boosting,0,PAIRWISE_EXACT,B,B,False,False
beijing,Wanshouxigong,72,3,origin_week,9936,168,AP1,constant,logistic,0,PAIRWISE_EXACT,B,B,False,False
beijing,Wanshouxigong,72,3,origin_week,9936,168,AP1,constant,hist_gradient_boosting,0,PAIRWISE_EXACT,B,B,False,False
beijing,Wanshouxigong,72,3,origin_week,9936,168,AP1,logistic,hist_gradient_boosting,0,PAIRWISE_EXACT,B,B,False,False
beijing,Wanshouxigong,72,3,origin_week,10104,168,AP1,constant,logistic,0,PAIRWISE_EXACT,B,B,False,False
beijing,Wanshouxigong,72,3,origin_week,10104,168,AP1,constant,hist_gradient_boosting,0,PAIRWISE_EXACT,B,B,False,False
beijing,Wanshouxigong,72,3,origin_week,10104,168,AP1,logistic,hist_gradient_boosting,0,PAIRWISE_EXACT,B,B,False,False
beijing,Wanshouxigong,72,3,origin_week,10272,168,AP1,constant,logistic,39,PAIRWISE_EXACT,OPPOSITE_POSSIBLE,OPPOSITE_POSSIBLE,False,False
beijing,Wanshouxigong,72,3,origin_week,10272,168,AP1,constant,hist_gradient_boosting,39,PAIRWISE_EXACT,A,A,False,False
beijing,Wanshouxigong,72,3,origin_week,10272,168,AP1,logistic,hist_gradient_boosting,39,PAIRWISE_EXACT,OPPOSITE_POSSIBLE,OPPOSITE_POSSIBLE,False,False
beijing,Wanshouxigong,72,3,origin_week,10440,168,AP1,constant,logistic,0,PAIRWISE_EXACT,A,A,False,False
beijing,Wanshouxigong,72,3,origin_week,10440,168,AP1,constant,hist_gradient_boosting,0,PAIRWISE_EXACT,A,A,False,False
beijing,Wanshouxigong,72,3,origin_week,10440,168,AP1,logistic,hist_gradient_boosting,0,PAIRWISE_EXACT,A,A,False,False
beijing,Wanshouxigong,72,3,origin_week,10608,168,AP1,constant,logistic,0,PAIRWISE_EXACT,B,B,False,False
beijing,Wanshouxigong,72,3,origin_week,10608,168,AP1,constant,hist_gradient_boosting,0,PAIRWISE_EXACT,B,B,False,False
beijing,Wanshouxigong,72,3,origin_week,10608,168,AP1,logistic,hist_gradient_boosting,0,PAIRWISE_EXACT,B,B,False,False
beijing,Wanshouxigong,72,3,origin_week,10776,168,AP1,constant,logistic,0,PAIRWISE_EXACT,B,B,False,False
beijing,Wanshouxigong,72,3,origin_week,10776,168,AP1,constant,hist_gradient_boosting,0,PAIRWISE_EXACT,B,B,False,False
beijing,Wanshouxigong,72,3,origin_week,10776,168,AP1,logistic,hist_gradient_boosting,0,PAIRWISE_EXACT,B,B,False,False
beijing,Wanshouxigong,72,3,origin_week,10944,168,AP1,constant,logistic,31,PAIRWISE_EXACT,OPPOSITE_POSSIBLE,OPPOSITE_POSSIBLE,False,False
beijing,Wanshouxigong,72,3,origin_week,10944,168,AP1,constant,hist_gradient_boosting,31,PAIRWISE_EXACT,B,B,False,False
beijing,Wanshouxigong,72,3,origin_week,10944,168,AP1,logistic,hist_gradient_boosting,31,PAIRWISE_EXACT,B,B,False,False
beijing,Wanshouxigong,72,3,origin_week,11112,168,AP1,constant,logistic,0,PAIRWISE_EXACT,B,B,False,False
beijing,Wanshouxigong,72,3,origin_week,11112,168,AP1,constant,hist_gradient_boosting,0,PAIRWISE_EXACT,B,B,False,False
beijing,Wanshouxigong,72,3,origin_week,11112,168,AP1,logistic,hist_gradient_boosting,0,PAIRWISE_EXACT,B,B,False,False
beijing,Wanshouxigong,72,3,origin_week,11280,168,AP1,constant,logistic,0,PAIRWISE_EXACT,B,B,False,False
beijing,Wanshouxigong,72,3,origin_week,11280,168,AP1,constant,hist_gradient_boosting,0,PAIRWISE_EXACT,A,A,False,False
beijing,Wanshouxigong,72,3,origin_week,11280,168,AP1,logistic,hist_gradient_boosting,0,PAIRWISE_EXACT,A,A,False,False
beijing,Wanshouxigong,72,3,origin_week,11448,168,AP1,constant,logistic,0,PAIRWISE_EXACT,B,B,False,False
beijing,Wanshouxigong,72,3,origin_week,11448,168,AP1,constant,hist_gradient_boosting,0,PAIRWISE_EXACT,A,A,False,False
beijing,Wanshouxigong,72,3,origin_week,11448,168,AP1,logistic,hist_gradient_boosting,0,PAIRWISE_EXACT,A,A,False,False
beijing,Wanshouxigong,72,3,origin_week,11616,168,AP1,constant,logistic,0,PAIRWISE_EXACT,B,B,False,False
beijing,Wanshouxigong,72,3,origin_week,11616,168,AP1,constant,hist_gradient_boosting,0,PAIRWISE_EXACT,B,B,False,False
beijing,Wanshouxigong,72,3,origin_week,11616,168,AP1,logistic,hist_gradient_boosting,0,PAIRWISE_EXACT,B,B,False,False
beijing,Wanshouxigong,72,3,origin_week,11784,168,AP1,constant,logistic,0,PAIRWISE_EXACT,B,B,False,False
beijing,Wanshouxigong,72,3,origin_week,11784,168,AP1,constant,hist_gradient_boosting,0,PAIRWISE_EXACT,A,A,False,False
beijing,Wanshouxigong,72,3,origin_week,11784,168,AP1,logistic,hist_gradient_boosting,0,PAIRWISE_EXACT,A,A,False,False
beijing,Wanshouxigong,72,3,origin_week,11952,168,AP1,constant,logistic,0,PAIRWISE_EXACT,B,B,False,False
beijing,Wanshouxigong,72,3,origin_week,11952,168,AP1,constant,hist_gradient_boosting,0,PAIRWISE_EXACT,A,A,False,False
beijing,Wanshouxigong,72,3,origin_week,11952,168,AP1,logistic,hist_gradient_boosting,0,PAIRWISE_EXACT,A,A,False,False
beijing,Wanshouxigong,72,3,origin_week,12120,168,AP1,constant,logistic,0,PAIRWISE_EXACT,A,A,False,False
beijing,Wanshouxigong,72,3,origin_week,12120,168,AP1,constant,hist_gradient_boosting,0,PAIRWISE_EXACT,A,A,False,False
beijing,Wanshouxigong,72,3,origin_week,12120,168,AP1,logistic,hist_gradient_boosting,0,PAIRWISE_EXACT,A,A,False,False
beijing,Wanshouxigong,72,3,origin_week,12288,168,AP1,constant,logistic,0,PAIRWISE_EXACT,B,B,False,False
beijing,Wanshouxigong,72,3,origin_week,12288,168,AP1,constant,hist_gradient_boosting,0,PAIRWISE_EXACT,B,B,False,False
beijing,Wanshouxigong,72,3,origin_week,12288,168,AP1,logistic,hist_gradient_boosting,0,PAIRWISE_EXACT,A,A,False,False
beijing,Wanshouxigong,72,3,origin_week,12456,168,AP1,constant,logistic,0,PAIRWISE_EXACT,A,A,False,False
beijing,Wanshouxigong,72,3,origin_week,12456,168,AP1,constant,hist_gradient_boosting,0,PAIRWISE_EXACT,A,A,False,False
beijing,Wanshouxigong,72,3,origin_week,12456,168,AP1,logistic,hist_gradient_boosting,0,PAIRWISE_EXACT,B,B,False,False
beijing,Wanshouxigong,72,3,origin_week,12624,168,AP1,constant,logistic,0,PAIRWISE_EXACT,B,B,False,False
beijing,Wanshouxigong,72,3,origin_week,12624,168,AP1,constant,hist_gradient_boosting,0,PAIRWISE_EXACT,B,B,False,False
beijing,Wanshouxigong,72,3,origin_week,12624,168,AP1,logistic,hist_gradient_boosting,0,PAIRWISE_EXACT,B,B,False,False
beijing,Wanshouxigong,72,3,origin_week,12792,168,AP1,constant,logistic,0,PAIRWISE_EXACT,A,A,False,False
beijing,Wanshouxigong,72,3,origin_week,12792,168,AP1,constant,hist_gradient_boosting,0,PAIRWISE_EXACT,A,A,False,False
beijing,Wanshouxigong,72,3,origin_week,12792,168,AP1,logistic,hist_gradient_boosting,0,PAIRWISE_EXACT,A,A,False,False
beijing,Wanshouxigong,72,3,origin_week,12960,168,AP1,constant,logistic,0,PAIRWISE_EXACT,B,B,False,False
beijing,Wanshouxigong,72,3,origin_week,12960,168,AP1,constant,hist_gradient_boosting,0,PAIRWISE_EXACT,B,B,False,False
beijing,Wanshouxigong,72,3,origin_week,12960,168,AP1,logistic,hist_gradient_boosting,0,PAIRWISE_EXACT,B,B,False,False
beijing,Wanshouxigong,72,3,origin_week,13128,168,AP1,constant,logistic,0,PAIRWISE_EXACT,A,A,False,False
beijing,Wanshouxigong,72,3,origin_week,13128,168,AP1,constant,hist_gradient_boosting,0,PAIRWISE_EXACT,A,A,False,False
beijing,Wanshouxigong,72,3,origin_week,13128,168,AP1,logistic,hist_gradient_boosting,0,PAIRWISE_EXACT,B,B,False,False
beijing,Wanshouxigong,72,3,origin_week,13296,168,AP1,constant,logistic,0,PAIRWISE_EXACT,A,A,False,False
beijing,Wanshouxigong,72,3,origin_week,13296,168,AP1,constant,hist_gradient_boosting,0,PAIRWISE_EXACT,A,A,False,False
beijing,Wanshouxigong,72,3,origin_week,13296,168,AP1,logistic,hist_gradient_boosting,0,PAIRWISE_EXACT,A,A,False,False
beijing,Wanshouxigong,72,3,origin_week,13464,168,AP1,constant,logistic,25,PAIRWISE_EXACT,OPPOSITE_POSSIBLE,OPPOSITE_POSSIBLE,False,False
beijing,Wanshouxigong,72,3,origin_week,13464,168,AP1,constant,hist_gradient_boosting,25,PAIRWISE_EXACT,OPPOSITE_POSSIBLE,OPPOSITE_POSSIBLE,False,False
beijing,Wanshouxigong,72,3,origin_week,13464,168,AP1,logistic,hist_gradient_boosting,25,PAIRWISE_EXACT,OPPOSITE_POSSIBLE,OPPOSITE_POSSIBLE,False,False
beijing,Wanshouxigong,72,3,origin_week,13632,168,AP1,constant,logistic,0,PAIRWISE_EXACT,B,B,False,False
beijing,Wanshouxigong,72,3,origin_week,13632,168,AP1,constant,hist_gradient_boosting,0,PAIRWISE_EXACT,B,B,False,False
beijing,Wanshouxigong,72,3,origin_week,13632,168,AP1,logistic,hist_gradient_boosting,0,PAIRWISE_EXACT,B,B,False,False
beijing,Wanshouxigong,72,3,origin_week,13800,168,AP1,constant,logistic,0,PAIRWISE_EXACT,A,A,False,False
beijing,Wanshouxigong,72,3,origin_week,13800,168,AP1,constant,hist_gradient_boosting,0,PAIRWISE_EXACT,A,A,False,False
beijing,Wanshouxigong,72,3,origin_week,13800,168,AP1,logistic,hist_gradient_boosting,0,PAIRWISE_EXACT,A,A,False,False
beijing,Wanshouxigong,72,3,origin_week,13968,168,AP1,constant,logistic,0,PAIRWISE_EXACT,A,A,False,False
beijing,Wanshouxigong,72,3,origin_week,13968,168,AP1,constant,hist_gradient_boosting,0,PAIRWISE_EXACT,A,A,False,False
beijing,Wanshouxigong,72,3,origin_week,13968,168,AP1,logistic,hist_gradient_boosting,0,PAIRWISE_EXACT,B,B,False,False
beijing,Wanshouxigong,72,3,origin_week,14136,168,AP1,constant,logistic,0,PAIRWISE_EXACT,A,A,False,False
beijing,Wanshouxigong,72,3,origin_week,14136,168,AP1,constant,hist_gradient_boosting,0,PAIRWISE_EXACT,A,A,False,False
beijing,Wanshouxigong,72,3,origin_week,14136,168,AP1,logistic,hist_gradient_boosting,0,PAIRWISE_EXACT,A,A,False,False
beijing,Wanshouxigong,72,3,origin_week,14304,168,AP1,constant,logistic,0,PAIRWISE_EXACT,B,B,False,False
beijing,Wanshouxigong,72,3,origin_week,14304,168,AP1,constant,hist_gradient_boosting,0,PAIRWISE_EXACT,B,B,False,False
beijing,Wanshouxigong,72,3,origin_week,14304,168,AP1,logistic,hist_gradient_boosting,0,PAIRWISE_EXACT,B,B,False,False
beijing,Wanshouxigong,72,3,origin_week,14472,168,AP1,constant,logistic,0,PAIRWISE_EXACT,B,B,False,False
beijing,Wanshouxigong,72,3,origin_week,14472,168,AP1,constant,hist_gradient_boosting,0,PAIRWISE_EXACT,B,B,False,False
beijing,Wanshouxigong,72,3,origin_week,14472,168,AP1,logistic,hist_gradient_boosting,0,PAIRWISE_EXACT,B,B,False,False
beijing,Wanshouxigong,72,3,origin_week,14640,168,AP1,constant,logistic,9,PAIRWISE_EXACT,A,A,False,False
beijing,Wanshouxigong,72,3,origin_week,14640,168,AP1,constant,hist_gradient_boosting,9,PAIRWISE_EXACT,A,A,False,False
beijing,Wanshouxigong,72,3,origin_week,14640,168,AP1,logistic,hist_gradient_boosting,9,PAIRWISE_EXACT,OPPOSITE_POSSIBLE,OPPOSITE_POSSIBLE,False,False
beijing,Wanshouxigong,72,3,origin_week,14808,168,AP1,constant,logistic,0,PAIRWISE_EXACT,B,B,False,False
beijing,Wanshouxigong,72,3,origin_week,14808,168,AP1,constant,hist_gradient_boosting,0,PAIRWISE_EXACT,A,A,False,False
beijing,Wanshouxigong,72,3,origin_week,14808,168,AP1,logistic,hist_gradient_boosting,0,PAIRWISE_EXACT,A,A,False,False
beijing,Wanshouxigong,72,3,origin_week,14976,168,AP1,constant,logistic,0,PAIRWISE_EXACT,B,B,False,False
beijing,Wanshouxigong,72,3,origin_week,14976,168,AP1,constant,hist_gradient_boosting,0,PAIRWISE_EXACT,B,B,False,False
beijing,Wanshouxigong,72,3,origin_week,14976,168,AP1,logistic,hist_gradient_boosting,0,PAIRWISE_EXACT,B,B,False,False
beijing,Wanshouxigong,72,3,origin_week,15144,168,AP1,constant,logistic,0,PAIRWISE_EXACT,B,B,False,False
beijing,Wanshouxigong,72,3,origin_week,15144,168,AP1,constant,hist_gradient_boosting,0,PAIRWISE_EXACT,A,A,False,False
beijing,Wanshouxigong,72,3,origin_week,15144,168,AP1,logistic,hist_gradient_boosting,0,PAIRWISE_EXACT,A,A,False,False
beijing,Wanshouxigong,72,3,origin_week,15312,168,AP1,constant,logistic,0,PAIRWISE_EXACT,A,A,False,False
beijing,Wanshouxigong,72,3,origin_week,15312,168,AP1,constant,hist_gradient_boosting,0,PAIRWISE_EXACT,B,B,False,False
beijing,Wanshouxigong,72,3,origin_week,15312,168,AP1,logistic,hist_gradient_boosting,0,PAIRWISE_EXACT,B,B,False,False
beijing,Wanshouxigong,72,3,origin_week,15480,168,AP1,constant,logistic,0,PAIRWISE_EXACT,B,B,False,False
beijing,Wanshouxigong,72,3,origin_week,15480,168,AP1,constant,hist_gradient_boosting,0,PAIRWISE_EXACT,A,A,False,False
beijing,Wanshouxigong,72,3,origin_week,15480,168,AP1,logistic,hist_gradient_boosting,0,PAIRWISE_EXACT,A,A,False,False
beijing,Wanshouxigong,72,3,origin_week,15648,168,AP1,constant,logistic,0,PAIRWISE_EXACT,B,B,False,False
beijing,Wanshouxigong,72,3,origin_week,15648,168,AP1,constant,hist_gradient_boosting,0,PAIRWISE_EXACT,B,B,False,False
beijing,Wanshouxigong,72,3,origin_week,15648,168,AP1,logistic,hist_gradient_boosting,0,PAIRWISE_EXACT,A,A,False,False
beijing,Wanshouxigong,72,3,origin_week,15816,168,AP1,constant,logistic,0,PAIRWISE_EXACT,B,B,False,False
beijing,Wanshouxigong,72,3,origin_week,15816,168,AP1,constant,hist_gradient_boosting,0,PAIRWISE_EXACT,A,A,False,False
beijing,Wanshouxigong,72,3,origin_week,15816,168,AP1,logistic,hist_gradient_boosting,0,PAIRWISE_EXACT,A,A,False,False
beijing,Wanshouxigong,72,3,origin_week,15984,168,AP1,constant,logistic,0,PAIRWISE_EXACT,A,A,False,False
beijing,Wanshouxigong,72,3,origin_week,15984,168,AP1,constant,hist_gradient_boosting,0,PAIRWISE_EXACT,A,A,False,False
beijing,Wanshouxigong,72,3,origin_week,15984,168,AP1,logistic,hist_gradient_boosting,0,PAIRWISE_EXACT,A,A,False,False
beijing,Wanshouxigong,72,3,origin_week,16152,168,AP1,constant,logistic,0,PAIRWISE_EXACT,B,B,False,False
beijing,Wanshouxigong,72,3,origin_week,16152,168,AP1,constant,hist_gradient_boosting,0,PAIRWISE_EXACT,B,B,False,False
beijing,Wanshouxigong,72,3,origin_week,16152,168,AP1,logistic,hist_gradient_boosting,0,PAIRWISE_EXACT,A,A,False,False
beijing,Wanshouxigong,72,3,origin_week,16320,168,AP1,constant,logistic,0,PAIRWISE_EXACT,B,B,False,False
beijing,Wanshouxigong,72,3,origin_week,16320,168,AP1,constant,hist_gradient_boosting,0,PAIRWISE_EXACT,B,B,False,False
beijing,Wanshouxigong,72,3,origin_week,16320,168,AP1,logistic,hist_gradient_boosting,0,PAIRWISE_EXACT,A,A,False,False
beijing,Wanshouxigong,72,3,origin_week,16488,168,AP1,constant,logistic,0,PAIRWISE_EXACT,B,B,False,False
beijing,Wanshouxigong,72,3,origin_week,16488,168,AP1,constant,hist_gradient_boosting,0,PAIRWISE_EXACT,A,A,False,False
beijing,Wanshouxigong,72,3,origin_week,16488,168,AP1,logistic,hist_gradient_boosting,0,PAIRWISE_EXACT,A,A,False,False
beijing,Wanshouxigong,72,3,origin_week,16656,168,AP1,constant,logistic,0,PAIRWISE_EXACT,A,A,False,False
beijing,Wanshouxigong,72,3,origin_week,16656,168,AP1,constant,hist_gradient_boosting,0,PAIRWISE_EXACT,B,B,False,False
beijing,Wanshouxigong,72,3,origin_week,16656,168,AP1,logistic,hist_gradient_boosting,0,PAIRWISE_EXACT,B,B,False,False
beijing,Wanshouxigong,72,3,origin_week,16824,168,AP1,constant,logistic,0,PAIRWISE_EXACT,A,A,False,False
beijing,Wanshouxigong,72,3,origin_week,16824,168,AP1,constant,hist_gradient_boosting,0,PAIRWISE_EXACT,A,A,False,False
beijing,Wanshouxigong,72,3,origin_week,16824,168,AP1,logistic,hist_gradient_boosting,0,PAIRWISE_EXACT,A,A,False,False
beijing,Wanshouxigong,72,3,origin_week,16992,168,AP1,constant,logistic,0,PAIRWISE_EXACT,A,A,False,False
beijing,Wanshouxigong,72,3,origin_week,16992,168,AP1,constant,hist_gradient_boosting,0,PAIRWISE_EXACT,A,A,False,False
beijing,Wanshouxigong,72,3,origin_week,16992,168,AP1,logistic,hist_gradient_boosting,0,PAIRWISE_EXACT,A,A,False,False
beijing,Wanshouxigong,72,3,origin_week,17160,168,AP1,constant,logistic,0,PAIRWISE_EXACT,B,B,False,False
beijing,Wanshouxigong,72,3,origin_week,17160,168,AP1,constant,hist_gradient_boosting,0,PAIRWISE_EXACT,B,B,False,False
beijing,Wanshouxigong,72,3,origin_week,17160,168,AP1,logistic,hist_gradient_boosting,0,PAIRWISE_EXACT,B,B,False,False
beijing,Wanshouxigong,72,3,origin_week,17328,121,AP1,constant,logistic,0,PAIRWISE_EXACT,B,B,False,False
beijing,Wanshouxigong,72,3,origin_week,17328,121,AP1,constant,hist_gradient_boosting,0,PAIRWISE_EXACT,A,A,False,False
beijing,Wanshouxigong,72,3,origin_week,17328,121,AP1,logistic,hist_gradient_boosting,0,PAIRWISE_EXACT,A,A,False,False
household,household,60,5,annual,282636,526981,AP1,constant,logistic,245,PAIRWISE_INSUFFICIENT,B,B,False,False
household,household,60,5,annual,282636,526981,AP1,constant,hist_gradient_boosting,245,PAIRWISE_INSUFFICIENT,B,B,False,False
household,household,60,5,annual,282636,526981,AP1,logistic,hist_gradient_boosting,245,PAIRWISE_INSUFFICIENT,B,B,False,True
household,household,60,5,origin_week,282636,10080,AP1,constant,logistic,0,PAIRWISE_EXACT,B,B,False,False
household,household,60,5,origin_week,282636,10080,AP1,constant,hist_gradient_boosting,0,PAIRWISE_EXACT,B,B,False,False
household,household,60,5,origin_week,282636,10080,AP1,logistic,hist_gradient_boosting,0,PAIRWISE_EXACT,B,B,False,False
household,household,60,5,origin_week,292716,10080,AP1,constant,logistic,0,PAIRWISE_EXACT,B,B,False,False
household,household,60,5,origin_week,292716,10080,AP1,constant,hist_gradient_boosting,0,PAIRWISE_EXACT,B,B,False,False
household,household,60,5,origin_week,292716,10080,AP1,logistic,hist_gradient_boosting,0,PAIRWISE_EXACT,A,A,False,False
household,household,60,5,origin_week,302796,10080,AP1,constant,logistic,190,PAIRWISE_INSUFFICIENT,B,B,False,False
household,household,60,5,origin_week,302796,10080,AP1,constant,hist_gradient_boosting,190,PAIRWISE_INSUFFICIENT,B,B,False,False
household,household,60,5,origin_week,302796,10080,AP1,logistic,hist_gradient_boosting,190,PAIRWISE_INSUFFICIENT,OPPOSITE_POSSIBLE,OPPOSITE_POSSIBLE,False,True
household,household,60,5,origin_week,312876,10080,AP1,constant,logistic,0,PAIRWISE_EXACT,B,B,False,False
household,household,60,5,origin_week,312876,10080,AP1,constant,hist_gradient_boosting,0,PAIRWISE_EXACT,B,B,False,False
household,household,60,5,origin_week,312876,10080,AP1,logistic,hist_gradient_boosting,0,PAIRWISE_EXACT,A,A,False,False
household,household,60,5,origin_week,322956,10080,AP1,constant,logistic,55,PAIRWISE_EXACT,B,B,False,False
household,household,60,5,origin_week,322956,10080,AP1,constant,hist_gradient_boosting,55,PAIRWISE_EXACT,B,B,False,False
household,household,60,5,origin_week,322956,10080,AP1,logistic,hist_gradient_boosting,55,PAIRWISE_EXACT,A,A,False,False
household,household,60,5,origin_week,333036,10080,AP1,constant,logistic,0,PAIRWISE_EXACT,B,B,False,False
household,household,60,5,origin_week,333036,10080,AP1,constant,hist_gradient_boosting,0,PAIRWISE_EXACT,B,B,False,False
household,household,60,5,origin_week,333036,10080,AP1,logistic,hist_gradient_boosting,0,PAIRWISE_EXACT,B,B,False,False
household,household,60,5,origin_week,343116,10080,AP1,constant,logistic,0,PAIRWISE_EXACT,B,B,False,False
household,household,60,5,origin_week,343116,10080,AP1,constant,hist_gradient_boosting,0,PAIRWISE_EXACT,B,B,False,False
household,household,60,5,origin_week,343116,10080,AP1,logistic,hist_gradient_boosting,0,PAIRWISE_EXACT,B,B,False,False
household,household,60,5,origin_week,353196,10080,AP1,constant,logistic,0,PAIRWISE_EXACT,B,B,False,False
household,household,60,5,origin_week,353196,10080,AP1,constant,hist_gradient_boosting,0,PAIRWISE_EXACT,B,B,False,False
household,household,60,5,origin_week,353196,10080,AP1,logistic,hist_gradient_boosting,0,PAIRWISE_EXACT,A,A,False,False
household,household,60,5,origin_week,363276,10080,AP1,constant,logistic,0,PAIRWISE_EXACT,B,B,False,False
household,household,60,5,origin_week,363276,10080,AP1,constant,hist_gradient_boosting,0,PAIRWISE_EXACT,B,B,False,False
household,household,60,5,origin_week,363276,10080,AP1,logistic,hist_gradient_boosting,0,PAIRWISE_EXACT,B,B,False,False
household,household,60,5,origin_week,373356,10080,AP1,constant,logistic,0,PAIRWISE_EXACT,B,B,False,False
household,household,60,5,origin_week,373356,10080,AP1,constant,hist_gradient_boosting,0,PAIRWISE_EXACT,B,B,False,False
household,household,60,5,origin_week,373356,10080,AP1,logistic,hist_gradient_boosting,0,PAIRWISE_EXACT,B,B,False,False
household,household,60,5,origin_week,383436,10080,AP1,constant,logistic,0,PAIRWISE_EXACT,B,B,False,False
household,household,60,5,origin_week,383436,10080,AP1,constant,hist_gradient_boosting,0,PAIRWISE_EXACT,B,B,False,False
household,household,60,5,origin_week,383436,10080,AP1,logistic,hist_gradient_boosting,0,PAIRWISE_EXACT,B,B,False,False
household,household,60,5,origin_week,393516,10080,AP1,constant,logistic,0,PAIRWISE_EXACT,B,B,False,False
household,household,60,5,origin_week,393516,10080,AP1,constant,hist_gradient_boosting,0,PAIRWISE_EXACT,B,B,False,False
household,household,60,5,origin_week,393516,10080,AP1,logistic,hist_gradient_boosting,0,PAIRWISE_EXACT,B,B,False,False
household,household,60,5,origin_week,403596,10080,AP1,constant,logistic,0,PAIRWISE_EXACT,B,B,False,False
household,household,60,5,origin_week,403596,10080,AP1,constant,hist_gradient_boosting,0,PAIRWISE_EXACT,B,B,False,False
household,household,60,5,origin_week,403596,10080,AP1,logistic,hist_gradient_boosting,0,PAIRWISE_EXACT,B,B,False,False
household,household,60,5,origin_week,413676,10080,AP1,constant,logistic,0,PAIRWISE_EXACT,B,B,False,False
household,household,60,5,origin_week,413676,10080,AP1,constant,hist_gradient_boosting,0,PAIRWISE_EXACT,B,B,False,False
household,household,60,5,origin_week,413676,10080,AP1,logistic,hist_gradient_boosting,0,PAIRWISE_EXACT,B,B,False,False
household,household,60,5,origin_week,423756,10080,AP1,constant,logistic,0,PAIRWISE_EXACT,B,B,False,False
household,household,60,5,origin_week,423756,10080,AP1,constant,hist_gradient_boosting,0,PAIRWISE_EXACT,B,B,False,False
household,household,60,5,origin_week,423756,10080,AP1,logistic,hist_gradient_boosting,0,PAIRWISE_EXACT,B,B,False,False
household,household,60,5,origin_week,433836,10080,AP1,constant,logistic,0,PAIRWISE_EXACT,B,B,False,False
household,household,60,5,origin_week,433836,10080,AP1,constant,hist_gradient_boosting,0,PAIRWISE_EXACT,B,B,False,False
household,household,60,5,origin_week,433836,10080,AP1,logistic,hist_gradient_boosting,0,PAIRWISE_EXACT,B,B,False,False
household,household,60,5,origin_week,443916,10080,AP1,constant,logistic,0,PAIRWISE_EXACT,B,B,False,False
household,household,60,5,origin_week,443916,10080,AP1,constant,hist_gradient_boosting,0,PAIRWISE_EXACT,B,B,False,False
household,household,60,5,origin_week,443916,10080,AP1,logistic,hist_gradient_boosting,0,PAIRWISE_EXACT,B,B,False,False
household,household,60,5,origin_week,453996,10080,AP1,constant,logistic,0,PAIRWISE_EXACT,B,B,False,False
household,household,60,5,origin_week,453996,10080,AP1,constant,hist_gradient_boosting,0,PAIRWISE_EXACT,B,B,False,False
household,household,60,5,origin_week,453996,10080,AP1,logistic,hist_gradient_boosting,0,PAIRWISE_EXACT,A,A,False,False
household,household,60,5,origin_week,464076,10080,AP1,constant,logistic,0,PAIRWISE_EXACT,B,B,False,False
household,household,60,5,origin_week,464076,10080,AP1,constant,hist_gradient_boosting,0,PAIRWISE_EXACT,B,B,False,False
household,household,60,5,origin_week,464076,10080,AP1,logistic,hist_gradient_boosting,0,PAIRWISE_EXACT,A,A,False,False
household,household,60,5,origin_week,474156,10080,AP1,constant,logistic,0,PAIRWISE_EXACT,B,B,False,False
household,household,60,5,origin_week,474156,10080,AP1,constant,hist_gradient_boosting,0,PAIRWISE_EXACT,B,B,False,False
household,household,60,5,origin_week,474156,10080,AP1,logistic,hist_gradient_boosting,0,PAIRWISE_EXACT,B,B,False,False
household,household,60,5,origin_week,484236,10080,AP1,constant,logistic,0,PAIRWISE_EXACT,B,B,False,False
household,household,60,5,origin_week,484236,10080,AP1,constant,hist_gradient_boosting,0,PAIRWISE_EXACT,B,B,False,False
household,household,60,5,origin_week,484236,10080,AP1,logistic,hist_gradient_boosting,0,PAIRWISE_EXACT,B,B,False,False
household,household,60,5,origin_week,494316,10080,AP1,constant,logistic,0,PAIRWISE_EXACT,B,B,False,False
household,household,60,5,origin_week,494316,10080,AP1,constant,hist_gradient_boosting,0,PAIRWISE_EXACT,B,B,False,False
household,household,60,5,origin_week,494316,10080,AP1,logistic,hist_gradient_boosting,0,PAIRWISE_EXACT,B,B,False,False
household,household,60,5,origin_week,504396,10080,AP1,constant,logistic,0,PAIRWISE_EXACT,B,B,False,False
household,household,60,5,origin_week,504396,10080,AP1,constant,hist_gradient_boosting,0,PAIRWISE_EXACT,B,B,False,False
household,household,60,5,origin_week,504396,10080,AP1,logistic,hist_gradient_boosting,0,PAIRWISE_EXACT,B,B,False,False
household,household,60,5,origin_week,514476,10080,AP1,constant,logistic,0,PAIRWISE_EXACT,B,B,False,False
household,household,60,5,origin_week,514476,10080,AP1,constant,hist_gradient_boosting,0,PAIRWISE_EXACT,B,B,False,False
household,household,60,5,origin_week,514476,10080,AP1,logistic,hist_gradient_boosting,0,PAIRWISE_EXACT,B,B,False,False
household,household,60,5,origin_week,524556,10080,AP1,constant,logistic,0,PAIRWISE_EXACT,B,B,False,False
household,household,60,5,origin_week,524556,10080,AP1,constant,hist_gradient_boosting,0,PAIRWISE_EXACT,B,B,False,False
household,household,60,5,origin_week,524556,10080,AP1,logistic,hist_gradient_boosting,0,PAIRWISE_EXACT,B,B,False,False
household,household,60,5,origin_week,534636,10080,AP1,constant,logistic,0,PAIRWISE_EXACT,B,B,False,False
household,household,60,5,origin_week,534636,10080,AP1,constant,hist_gradient_boosting,0,PAIRWISE_EXACT,B,B,False,False
household,household,60,5,origin_week,534636,10080,AP1,logistic,hist_gradient_boosting,0,PAIRWISE_EXACT,A,A,False,False
household,household,60,5,origin_week,544716,10080,AP1,constant,logistic,0,PAIRWISE_EXACT,B,B,False,False
household,household,60,5,origin_week,544716,10080,AP1,constant,hist_gradient_boosting,0,PAIRWISE_EXACT,B,B,False,False
household,household,60,5,origin_week,544716,10080,AP1,logistic,hist_gradient_boosting,0,PAIRWISE_EXACT,A,A,False,False
household,household,60,5,origin_week,554796,10080,AP1,constant,logistic,0,PAIRWISE_EXACT,B,B,False,False
household,household,60,5,origin_week,554796,10080,AP1,constant,hist_gradient_boosting,0,PAIRWISE_EXACT,B,B,False,False
household,household,60,5,origin_week,554796,10080,AP1,logistic,hist_gradient_boosting,0,PAIRWISE_EXACT,B,B,False,False
household,household,60,5,origin_week,564876,10080,AP1,constant,logistic,0,PAIRWISE_EXACT,B,B,False,False
household,household,60,5,origin_week,564876,10080,AP1,constant,hist_gradient_boosting,0,PAIRWISE_EXACT,B,B,False,False
household,household,60,5,origin_week,564876,10080,AP1,logistic,hist_gradient_boosting,0,PAIRWISE_EXACT,A,A,False,False
household,household,60,5,origin_week,574956,10080,AP1,constant,logistic,0,PAIRWISE_EXACT,B,B,False,False
household,household,60,5,origin_week,574956,10080,AP1,constant,hist_gradient_boosting,0,PAIRWISE_EXACT,B,B,False,False
household,household,60,5,origin_week,574956,10080,AP1,logistic,hist_gradient_boosting,0,PAIRWISE_EXACT,A,A,False,False
household,household,60,5,origin_week,585036,10080,AP1,constant,logistic,0,PAIRWISE_EXACT,B,B,False,False
household,household,60,5,origin_week,585036,10080,AP1,constant,hist_gradient_boosting,0,PAIRWISE_EXACT,B,B,False,False
household,household,60,5,origin_week,585036,10080,AP1,logistic,hist_gradient_boosting,0,PAIRWISE_EXACT,B,B,False,False
household,household,60,5,origin_week,595116,10080,AP1,constant,logistic,0,PAIRWISE_EXACT,B,B,False,False
household,household,60,5,origin_week,595116,10080,AP1,constant,hist_gradient_boosting,0,PAIRWISE_EXACT,B,B,False,False
household,household,60,5,origin_week,595116,10080,AP1,logistic,hist_gradient_boosting,0,PAIRWISE_EXACT,B,B,False,False
household,household,60,5,origin_week,605196,10080,AP1,constant,logistic,0,PAIRWISE_EXACT,B,B,False,False
household,household,60,5,origin_week,605196,10080,AP1,constant,hist_gradient_boosting,0,PAIRWISE_EXACT,B,B,False,False
household,household,60,5,origin_week,605196,10080,AP1,logistic,hist_gradient_boosting,0,PAIRWISE_EXACT,B,B,False,False
household,household,60,5,origin_week,615276,10080,AP1,constant,logistic,0,PAIRWISE_EXACT,B,B,False,False
household,household,60,5,origin_week,615276,10080,AP1,constant,hist_gradient_boosting,0,PAIRWISE_EXACT,B,B,False,False
household,household,60,5,origin_week,615276,10080,AP1,logistic,hist_gradient_boosting,0,PAIRWISE_EXACT,B,B,False,False
household,household,60,5,origin_week,625356,10080,AP1,constant,logistic,0,PAIRWISE_EXACT,B,B,False,False
household,household,60,5,origin_week,625356,10080,AP1,constant,hist_gradient_boosting,0,PAIRWISE_EXACT,B,B,False,False
household,household,60,5,origin_week,625356,10080,AP1,logistic,hist_gradient_boosting,0,PAIRWISE_EXACT,A,A,False,False
household,household,60,5,origin_week,635436,10080,AP1,constant,logistic,0,PAIRWISE_EXACT,B,B,False,False
household,household,60,5,origin_week,635436,10080,AP1,constant,hist_gradient_boosting,0,PAIRWISE_EXACT,B,B,False,False
household,household,60,5,origin_week,635436,10080,AP1,logistic,hist_gradient_boosting,0,PAIRWISE_EXACT,A,A,False,False
household,household,60,5,origin_week,645516,10080,AP1,constant,logistic,0,PAIRWISE_EXACT,B,B,False,False
household,household,60,5,origin_week,645516,10080,AP1,constant,hist_gradient_boosting,0,PAIRWISE_EXACT,B,B,False,False
household,household,60,5,origin_week,645516,10080,AP1,logistic,hist_gradient_boosting,0,PAIRWISE_EXACT,B,B,False,False
household,household,60,5,origin_week,655596,10080,AP1,constant,logistic,0,PAIRWISE_EXACT,B,B,False,False
household,household,60,5,origin_week,655596,10080,AP1,constant,hist_gradient_boosting,0,PAIRWISE_EXACT,B,B,False,False
household,household,60,5,origin_week,655596,10080,AP1,logistic,hist_gradient_boosting,0,PAIRWISE_EXACT,A,A,False,False
household,household,60,5,origin_week,665676,10080,AP1,constant,logistic,0,PAIRWISE_EXACT,B,B,False,False
household,household,60,5,origin_week,665676,10080,AP1,constant,hist_gradient_boosting,0,PAIRWISE_EXACT,B,B,False,False
household,household,60,5,origin_week,665676,10080,AP1,logistic,hist_gradient_boosting,0,PAIRWISE_EXACT,B,B,False,False
household,household,60,5,origin_week,675756,10080,AP1,constant,logistic,0,PAIRWISE_EXACT,B,B,False,False
household,household,60,5,origin_week,675756,10080,AP1,constant,hist_gradient_boosting,0,PAIRWISE_EXACT,B,B,False,False
household,household,60,5,origin_week,675756,10080,AP1,logistic,hist_gradient_boosting,0,PAIRWISE_EXACT,B,B,False,False
household,household,60,5,origin_week,685836,10080,AP1,constant,logistic,0,PAIRWISE_EXACT,B,B,False,False
household,household,60,5,origin_week,685836,10080,AP1,constant,hist_gradient_boosting,0,PAIRWISE_EXACT,B,B,False,False
household,household,60,5,origin_week,685836,10080,AP1,logistic,hist_gradient_boosting,0,PAIRWISE_EXACT,B,B,False,False
household,household,60,5,origin_week,695916,10080,AP1,constant,logistic,0,PAIRWISE_EXACT,B,B,False,False
household,household,60,5,origin_week,695916,10080,AP1,constant,hist_gradient_boosting,0,PAIRWISE_EXACT,B,B,False,False
household,household,60,5,origin_week,695916,10080,AP1,logistic,hist_gradient_boosting,0,PAIRWISE_EXACT,B,B,False,False
household,household,60,5,origin_week,705996,10080,AP1,constant,logistic,0,PAIRWISE_EXACT,B,B,False,False
household,household,60,5,origin_week,705996,10080,AP1,constant,hist_gradient_boosting,0,PAIRWISE_EXACT,B,B,False,False
household,household,60,5,origin_week,705996,10080,AP1,logistic,hist_gradient_boosting,0,PAIRWISE_EXACT,A,A,False,False
household,household,60,5,origin_week,716076,10080,AP1,constant,logistic,0,PAIRWISE_EXACT,B,B,False,False
household,household,60,5,origin_week,716076,10080,AP1,constant,hist_gradient_boosting,0,PAIRWISE_EXACT,B,B,False,False
household,household,60,5,origin_week,716076,10080,AP1,logistic,hist_gradient_boosting,0,PAIRWISE_EXACT,A,A,False,False
household,household,60,5,origin_week,726156,10080,AP1,constant,logistic,0,PAIRWISE_EXACT,B,B,False,False
household,household,60,5,origin_week,726156,10080,AP1,constant,hist_gradient_boosting,0,PAIRWISE_EXACT,B,B,False,False
household,household,60,5,origin_week,726156,10080,AP1,logistic,hist_gradient_boosting,0,PAIRWISE_EXACT,A,A,False,False
household,household,60,5,origin_week,736236,10080,AP1,constant,logistic,0,PAIRWISE_EXACT,B,B,False,False
household,household,60,5,origin_week,736236,10080,AP1,constant,hist_gradient_boosting,0,PAIRWISE_EXACT,B,B,False,False
household,household,60,5,origin_week,736236,10080,AP1,logistic,hist_gradient_boosting,0,PAIRWISE_EXACT,A,A,False,False
household,household,60,5,origin_week,746316,10080,AP1,constant,logistic,0,PAIRWISE_EXACT,B,B,False,False
household,household,60,5,origin_week,746316,10080,AP1,constant,hist_gradient_boosting,0,PAIRWISE_EXACT,B,B,False,False
household,household,60,5,origin_week,746316,10080,AP1,logistic,hist_gradient_boosting,0,PAIRWISE_EXACT,A,A,False,False
household,household,60,5,origin_week,756396,10080,AP1,constant,logistic,0,PAIRWISE_EXACT,B,B,False,False
household,household,60,5,origin_week,756396,10080,AP1,constant,hist_gradient_boosting,0,PAIRWISE_EXACT,B,B,False,False
household,household,60,5,origin_week,756396,10080,AP1,logistic,hist_gradient_boosting,0,PAIRWISE_EXACT,A,A,False,False
household,household,60,5,origin_week,766476,10080,AP1,constant,logistic,0,PAIRWISE_EXACT,B,B,False,False
household,household,60,5,origin_week,766476,10080,AP1,constant,hist_gradient_boosting,0,PAIRWISE_EXACT,B,B,False,False
household,household,60,5,origin_week,766476,10080,AP1,logistic,hist_gradient_boosting,0,PAIRWISE_EXACT,A,A,False,False
household,household,60,5,origin_week,776556,10080,AP1,constant,logistic,0,PAIRWISE_EXACT,B,B,False,False
household,household,60,5,origin_week,776556,10080,AP1,constant,hist_gradient_boosting,0,PAIRWISE_EXACT,B,B,False,False
household,household,60,5,origin_week,776556,10080,AP1,logistic,hist_gradient_boosting,0,PAIRWISE_EXACT,B,B,False,False
household,household,60,5,origin_week,786636,10080,AP1,constant,logistic,0,PAIRWISE_EXACT,B,B,False,False
household,household,60,5,origin_week,786636,10080,AP1,constant,hist_gradient_boosting,0,PAIRWISE_EXACT,B,B,False,False
household,household,60,5,origin_week,786636,10080,AP1,logistic,hist_gradient_boosting,0,PAIRWISE_EXACT,B,B,False,False
household,household,60,5,origin_week,796716,10080,AP1,constant,logistic,0,PAIRWISE_EXACT,B,B,False,False
household,household,60,5,origin_week,796716,10080,AP1,constant,hist_gradient_boosting,0,PAIRWISE_EXACT,B,B,False,False
household,household,60,5,origin_week,796716,10080,AP1,logistic,hist_gradient_boosting,0,PAIRWISE_EXACT,A,A,False,False
household,household,60,5,origin_week,806796,2821,AP1,constant,logistic,0,PAIRWISE_EXACT,B,B,False,False
household,household,60,5,origin_week,806796,2821,AP1,constant,hist_gradient_boosting,0,PAIRWISE_EXACT,B,B,False,False
household,household,60,5,origin_week,806796,2821,AP1,logistic,hist_gradient_boosting,0,PAIRWISE_EXACT,B,B,False,False
household,household,180,5,annual,282636,526861,AP1,constant,logistic,308,PAIRWISE_INSUFFICIENT,B,B,False,False
household,household,180,5,annual,282636,526861,AP1,constant,hist_gradient_boosting,308,PAIRWISE_INSUFFICIENT,B,B,False,False
household,household,180,5,annual,282636,526861,AP1,logistic,hist_gradient_boosting,308,PAIRWISE_INSUFFICIENT,B,B,False,True
household,household,180,5,origin_week,282636,10080,AP1,constant,logistic,0,PAIRWISE_EXACT,B,B,False,False
household,household,180,5,origin_week,282636,10080,AP1,constant,hist_gradient_boosting,0,PAIRWISE_EXACT,B,B,False,False
household,household,180,5,origin_week,282636,10080,AP1,logistic,hist_gradient_boosting,0,PAIRWISE_EXACT,B,B,False,False
household,household,180,5,origin_week,292716,10080,AP1,constant,logistic,0,PAIRWISE_EXACT,B,B,False,False
household,household,180,5,origin_week,292716,10080,AP1,constant,hist_gradient_boosting,0,PAIRWISE_EXACT,B,B,False,False
household,household,180,5,origin_week,292716,10080,AP1,logistic,hist_gradient_boosting,0,PAIRWISE_EXACT,A,A,False,False
household,household,180,5,origin_week,302796,10080,AP1,constant,logistic,253,PAIRWISE_INSUFFICIENT,B,B,False,False
household,household,180,5,origin_week,302796,10080,AP1,constant,hist_gradient_boosting,253,PAIRWISE_INSUFFICIENT,B,B,False,False
household,household,180,5,origin_week,302796,10080,AP1,logistic,hist_gradient_boosting,253,PAIRWISE_INSUFFICIENT,A,A,False,True
household,household,180,5,origin_week,312876,10080,AP1,constant,logistic,0,PAIRWISE_EXACT,B,B,False,False
household,household,180,5,origin_week,312876,10080,AP1,constant,hist_gradient_boosting,0,PAIRWISE_EXACT,B,B,False,False
household,household,180,5,origin_week,312876,10080,AP1,logistic,hist_gradient_boosting,0,PAIRWISE_EXACT,A,A,False,False
household,household,180,5,origin_week,322956,10080,AP1,constant,logistic,55,PAIRWISE_EXACT,B,B,False,False
household,household,180,5,origin_week,322956,10080,AP1,constant,hist_gradient_boosting,55,PAIRWISE_EXACT,B,B,False,False
household,household,180,5,origin_week,322956,10080,AP1,logistic,hist_gradient_boosting,55,PAIRWISE_EXACT,A,A,False,False
household,household,180,5,origin_week,333036,10080,AP1,constant,logistic,0,PAIRWISE_EXACT,B,B,False,False
household,household,180,5,origin_week,333036,10080,AP1,constant,hist_gradient_boosting,0,PAIRWISE_EXACT,B,B,False,False
household,household,180,5,origin_week,333036,10080,AP1,logistic,hist_gradient_boosting,0,PAIRWISE_EXACT,A,A,False,False
household,household,180,5,origin_week,343116,10080,AP1,constant,logistic,0,PAIRWISE_EXACT,B,B,False,False
household,household,180,5,origin_week,343116,10080,AP1,constant,hist_gradient_boosting,0,PAIRWISE_EXACT,B,B,False,False
household,household,180,5,origin_week,343116,10080,AP1,logistic,hist_gradient_boosting,0,PAIRWISE_EXACT,B,B,False,False
household,household,180,5,origin_week,353196,10080,AP1,constant,logistic,0,PAIRWISE_EXACT,B,B,False,False
household,household,180,5,origin_week,353196,10080,AP1,constant,hist_gradient_boosting,0,PAIRWISE_EXACT,B,B,False,False
household,household,180,5,origin_week,353196,10080,AP1,logistic,hist_gradient_boosting,0,PAIRWISE_EXACT,A,A,False,False
household,household,180,5,origin_week,363276,10080,AP1,constant,logistic,0,PAIRWISE_EXACT,B,B,False,False
household,household,180,5,origin_week,363276,10080,AP1,constant,hist_gradient_boosting,0,PAIRWISE_EXACT,B,B,False,False
household,household,180,5,origin_week,363276,10080,AP1,logistic,hist_gradient_boosting,0,PAIRWISE_EXACT,B,B,False,False
household,household,180,5,origin_week,373356,10080,AP1,constant,logistic,0,PAIRWISE_EXACT,B,B,False,False
household,household,180,5,origin_week,373356,10080,AP1,constant,hist_gradient_boosting,0,PAIRWISE_EXACT,B,B,False,False
household,household,180,5,origin_week,373356,10080,AP1,logistic,hist_gradient_boosting,0,PAIRWISE_EXACT,B,B,False,False
household,household,180,5,origin_week,383436,10080,AP1,constant,logistic,0,PAIRWISE_EXACT,B,B,False,False
household,household,180,5,origin_week,383436,10080,AP1,constant,hist_gradient_boosting,0,PAIRWISE_EXACT,B,B,False,False
household,household,180,5,origin_week,383436,10080,AP1,logistic,hist_gradient_boosting,0,PAIRWISE_EXACT,B,B,False,False
household,household,180,5,origin_week,393516,10080,AP1,constant,logistic,0,PAIRWISE_EXACT,B,B,False,False
household,household,180,5,origin_week,393516,10080,AP1,constant,hist_gradient_boosting,0,PAIRWISE_EXACT,B,B,False,False
household,household,180,5,origin_week,393516,10080,AP1,logistic,hist_gradient_boosting,0,PAIRWISE_EXACT,B,B,False,False
household,household,180,5,origin_week,403596,10080,AP1,constant,logistic,0,PAIRWISE_EXACT,B,B,False,False
household,household,180,5,origin_week,403596,10080,AP1,constant,hist_gradient_boosting,0,PAIRWISE_EXACT,B,B,False,False
household,household,180,5,origin_week,403596,10080,AP1,logistic,hist_gradient_boosting,0,PAIRWISE_EXACT,B,B,False,False
household,household,180,5,origin_week,413676,10080,AP1,constant,logistic,0,PAIRWISE_EXACT,B,B,False,False
household,household,180,5,origin_week,413676,10080,AP1,constant,hist_gradient_boosting,0,PAIRWISE_EXACT,B,B,False,False
household,household,180,5,origin_week,413676,10080,AP1,logistic,hist_gradient_boosting,0,PAIRWISE_EXACT,B,B,False,False
household,household,180,5,origin_week,423756,10080,AP1,constant,logistic,0,PAIRWISE_EXACT,B,B,False,False
household,household,180,5,origin_week,423756,10080,AP1,constant,hist_gradient_boosting,0,PAIRWISE_EXACT,B,B,False,False
household,household,180,5,origin_week,423756,10080,AP1,logistic,hist_gradient_boosting,0,PAIRWISE_EXACT,B,B,False,False
household,household,180,5,origin_week,433836,10080,AP1,constant,logistic,0,PAIRWISE_EXACT,B,B,False,False
household,household,180,5,origin_week,433836,10080,AP1,constant,hist_gradient_boosting,0,PAIRWISE_EXACT,B,B,False,False
household,household,180,5,origin_week,433836,10080,AP1,logistic,hist_gradient_boosting,0,PAIRWISE_EXACT,B,B,False,False
household,household,180,5,origin_week,443916,10080,AP1,constant,logistic,0,PAIRWISE_EXACT,B,B,False,False
household,household,180,5,origin_week,443916,10080,AP1,constant,hist_gradient_boosting,0,PAIRWISE_EXACT,B,B,False,False
household,household,180,5,origin_week,443916,10080,AP1,logistic,hist_gradient_boosting,0,PAIRWISE_EXACT,B,B,False,False
household,household,180,5,origin_week,453996,10080,AP1,constant,logistic,0,PAIRWISE_EXACT,B,B,False,False
household,household,180,5,origin_week,453996,10080,AP1,constant,hist_gradient_boosting,0,PAIRWISE_EXACT,B,B,False,False
household,household,180,5,origin_week,453996,10080,AP1,logistic,hist_gradient_boosting,0,PAIRWISE_EXACT,A,A,False,False
household,household,180,5,origin_week,464076,10080,AP1,constant,logistic,0,PAIRWISE_EXACT,B,B,False,False
household,household,180,5,origin_week,464076,10080,AP1,constant,hist_gradient_boosting,0,PAIRWISE_EXACT,B,B,False,False
household,household,180,5,origin_week,464076,10080,AP1,logistic,hist_gradient_boosting,0,PAIRWISE_EXACT,B,B,False,False
household,household,180,5,origin_week,474156,10080,AP1,constant,logistic,0,PAIRWISE_EXACT,B,B,False,False
household,household,180,5,origin_week,474156,10080,AP1,constant,hist_gradient_boosting,0,PAIRWISE_EXACT,B,B,False,False
household,household,180,5,origin_week,474156,10080,AP1,logistic,hist_gradient_boosting,0,PAIRWISE_EXACT,B,B,False,False
household,household,180,5,origin_week,484236,10080,AP1,constant,logistic,0,PAIRWISE_EXACT,B,B,False,False
household,household,180,5,origin_week,484236,10080,AP1,constant,hist_gradient_boosting,0,PAIRWISE_EXACT,B,B,False,False
household,household,180,5,origin_week,484236,10080,AP1,logistic,hist_gradient_boosting,0,PAIRWISE_EXACT,B,B,False,False
household,household,180,5,origin_week,494316,10080,AP1,constant,logistic,0,PAIRWISE_EXACT,B,B,False,False
household,household,180,5,origin_week,494316,10080,AP1,constant,hist_gradient_boosting,0,PAIRWISE_EXACT,B,B,False,False
household,household,180,5,origin_week,494316,10080,AP1,logistic,hist_gradient_boosting,0,PAIRWISE_EXACT,B,B,False,False
household,household,180,5,origin_week,504396,10080,AP1,constant,logistic,0,PAIRWISE_EXACT,B,B,False,False
household,household,180,5,origin_week,504396,10080,AP1,constant,hist_gradient_boosting,0,PAIRWISE_EXACT,B,B,False,False
household,household,180,5,origin_week,504396,10080,AP1,logistic,hist_gradient_boosting,0,PAIRWISE_EXACT,B,B,False,False
household,household,180,5,origin_week,514476,10080,AP1,constant,logistic,0,PAIRWISE_EXACT,B,B,False,False
household,household,180,5,origin_week,514476,10080,AP1,constant,hist_gradient_boosting,0,PAIRWISE_EXACT,B,B,False,False
household,household,180,5,origin_week,514476,10080,AP1,logistic,hist_gradient_boosting,0,PAIRWISE_EXACT,B,B,False,False
household,household,180,5,origin_week,524556,10080,AP1,constant,logistic,0,PAIRWISE_EXACT,B,B,False,False
household,household,180,5,origin_week,524556,10080,AP1,constant,hist_gradient_boosting,0,PAIRWISE_EXACT,B,B,False,False
household,household,180,5,origin_week,524556,10080,AP1,logistic,hist_gradient_boosting,0,PAIRWISE_EXACT,B,B,False,False
household,household,180,5,origin_week,534636,10080,AP1,constant,logistic,0,PAIRWISE_EXACT,B,B,False,False
household,household,180,5,origin_week,534636,10080,AP1,constant,hist_gradient_boosting,0,PAIRWISE_EXACT,B,B,False,False
household,household,180,5,origin_week,534636,10080,AP1,logistic,hist_gradient_boosting,0,PAIRWISE_EXACT,A,A,False,False
household,household,180,5,origin_week,544716,10080,AP1,constant,logistic,0,PAIRWISE_EXACT,B,B,False,False
household,household,180,5,origin_week,544716,10080,AP1,constant,hist_gradient_boosting,0,PAIRWISE_EXACT,B,B,False,False
household,household,180,5,origin_week,544716,10080,AP1,logistic,hist_gradient_boosting,0,PAIRWISE_EXACT,B,B,False,False
household,household,180,5,origin_week,554796,10080,AP1,constant,logistic,0,PAIRWISE_EXACT,B,B,False,False
household,household,180,5,origin_week,554796,10080,AP1,constant,hist_gradient_boosting,0,PAIRWISE_EXACT,B,B,False,False
household,household,180,5,origin_week,554796,10080,AP1,logistic,hist_gradient_boosting,0,PAIRWISE_EXACT,B,B,False,False
household,household,180,5,origin_week,564876,10080,AP1,constant,logistic,0,PAIRWISE_EXACT,B,B,False,False
household,household,180,5,origin_week,564876,10080,AP1,constant,hist_gradient_boosting,0,PAIRWISE_EXACT,B,B,False,False
household,household,180,5,origin_week,564876,10080,AP1,logistic,hist_gradient_boosting,0,PAIRWISE_EXACT,B,B,False,False
household,household,180,5,origin_week,574956,10080,AP1,constant,logistic,0,PAIRWISE_EXACT,B,B,False,False
household,household,180,5,origin_week,574956,10080,AP1,constant,hist_gradient_boosting,0,PAIRWISE_EXACT,B,B,False,False
household,household,180,5,origin_week,574956,10080,AP1,logistic,hist_gradient_boosting,0,PAIRWISE_EXACT,B,B,False,False
household,household,180,5,origin_week,585036,10080,AP1,constant,logistic,0,PAIRWISE_EXACT,B,B,False,False
household,household,180,5,origin_week,585036,10080,AP1,constant,hist_gradient_boosting,0,PAIRWISE_EXACT,B,B,False,False
household,household,180,5,origin_week,585036,10080,AP1,logistic,hist_gradient_boosting,0,PAIRWISE_EXACT,B,B,False,False
household,household,180,5,origin_week,595116,10080,AP1,constant,logistic,0,PAIRWISE_EXACT,B,B,False,False
household,household,180,5,origin_week,595116,10080,AP1,constant,hist_gradient_boosting,0,PAIRWISE_EXACT,B,B,False,False
household,household,180,5,origin_week,595116,10080,AP1,logistic,hist_gradient_boosting,0,PAIRWISE_EXACT,B,B,False,False
household,household,180,5,origin_week,605196,10080,AP1,constant,logistic,0,PAIRWISE_EXACT,B,B,False,False
household,household,180,5,origin_week,605196,10080,AP1,constant,hist_gradient_boosting,0,PAIRWISE_EXACT,B,B,False,False
household,household,180,5,origin_week,605196,10080,AP1,logistic,hist_gradient_boosting,0,PAIRWISE_EXACT,B,B,False,False
household,household,180,5,origin_week,615276,10080,AP1,constant,logistic,0,PAIRWISE_EXACT,B,B,False,False
household,household,180,5,origin_week,615276,10080,AP1,constant,hist_gradient_boosting,0,PAIRWISE_EXACT,B,B,False,False
household,household,180,5,origin_week,615276,10080,AP1,logistic,hist_gradient_boosting,0,PAIRWISE_EXACT,B,B,False,False
household,household,180,5,origin_week,625356,10080,AP1,constant,logistic,0,PAIRWISE_EXACT,B,B,False,False
household,household,180,5,origin_week,625356,10080,AP1,constant,hist_gradient_boosting,0,PAIRWISE_EXACT,B,B,False,False
household,household,180,5,origin_week,625356,10080,AP1,logistic,hist_gradient_boosting,0,PAIRWISE_EXACT,A,A,False,False
household,household,180,5,origin_week,635436,10080,AP1,constant,logistic,0,PAIRWISE_EXACT,B,B,False,False
household,household,180,5,origin_week,635436,10080,AP1,constant,hist_gradient_boosting,0,PAIRWISE_EXACT,B,B,False,False
household,household,180,5,origin_week,635436,10080,AP1,logistic,hist_gradient_boosting,0,PAIRWISE_EXACT,A,A,False,False
household,household,180,5,origin_week,645516,10080,AP1,constant,logistic,0,PAIRWISE_EXACT,B,B,False,False
household,household,180,5,origin_week,645516,10080,AP1,constant,hist_gradient_boosting,0,PAIRWISE_EXACT,B,B,False,False
household,household,180,5,origin_week,645516,10080,AP1,logistic,hist_gradient_boosting,0,PAIRWISE_EXACT,B,B,False,False
household,household,180,5,origin_week,655596,10080,AP1,constant,logistic,0,PAIRWISE_EXACT,B,B,False,False
household,household,180,5,origin_week,655596,10080,AP1,constant,hist_gradient_boosting,0,PAIRWISE_EXACT,B,B,False,False
household,household,180,5,origin_week,655596,10080,AP1,logistic,hist_gradient_boosting,0,PAIRWISE_EXACT,B,B,False,False
household,household,180,5,origin_week,665676,10080,AP1,constant,logistic,0,PAIRWISE_EXACT,B,B,False,False
household,household,180,5,origin_week,665676,10080,AP1,constant,hist_gradient_boosting,0,PAIRWISE_EXACT,B,B,False,False
household,household,180,5,origin_week,665676,10080,AP1,logistic,hist_gradient_boosting,0,PAIRWISE_EXACT,B,B,False,False
household,household,180,5,origin_week,675756,10080,AP1,constant,logistic,0,PAIRWISE_EXACT,B,B,False,False
household,household,180,5,origin_week,675756,10080,AP1,constant,hist_gradient_boosting,0,PAIRWISE_EXACT,B,B,False,False
household,household,180,5,origin_week,675756,10080,AP1,logistic,hist_gradient_boosting,0,PAIRWISE_EXACT,B,B,False,False
household,household,180,5,origin_week,685836,10080,AP1,constant,logistic,0,PAIRWISE_EXACT,B,B,False,False
household,household,180,5,origin_week,685836,10080,AP1,constant,hist_gradient_boosting,0,PAIRWISE_EXACT,B,B,False,False
household,household,180,5,origin_week,685836,10080,AP1,logistic,hist_gradient_boosting,0,PAIRWISE_EXACT,B,B,False,False
household,household,180,5,origin_week,695916,10080,AP1,constant,logistic,0,PAIRWISE_EXACT,B,B,False,False
household,household,180,5,origin_week,695916,10080,AP1,constant,hist_gradient_boosting,0,PAIRWISE_EXACT,B,B,False,False
household,household,180,5,origin_week,695916,10080,AP1,logistic,hist_gradient_boosting,0,PAIRWISE_EXACT,B,B,False,False
household,household,180,5,origin_week,705996,10080,AP1,constant,logistic,0,PAIRWISE_EXACT,B,B,False,False
household,household,180,5,origin_week,705996,10080,AP1,constant,hist_gradient_boosting,0,PAIRWISE_EXACT,B,B,False,False
household,household,180,5,origin_week,705996,10080,AP1,logistic,hist_gradient_boosting,0,PAIRWISE_EXACT,A,A,False,False
household,household,180,5,origin_week,716076,10080,AP1,constant,logistic,0,PAIRWISE_EXACT,B,B,False,False
household,household,180,5,origin_week,716076,10080,AP1,constant,hist_gradient_boosting,0,PAIRWISE_EXACT,B,B,False,False
household,household,180,5,origin_week,716076,10080,AP1,logistic,hist_gradient_boosting,0,PAIRWISE_EXACT,A,A,False,False
household,household,180,5,origin_week,726156,10080,AP1,constant,logistic,0,PAIRWISE_EXACT,B,B,False,False
household,household,180,5,origin_week,726156,10080,AP1,constant,hist_gradient_boosting,0,PAIRWISE_EXACT,B,B,False,False
household,household,180,5,origin_week,726156,10080,AP1,logistic,hist_gradient_boosting,0,PAIRWISE_EXACT,A,A,False,False
household,household,180,5,origin_week,736236,10080,AP1,constant,logistic,0,PAIRWISE_EXACT,B,B,False,False
household,household,180,5,origin_week,736236,10080,AP1,constant,hist_gradient_boosting,0,PAIRWISE_EXACT,A,A,False,False
household,household,180,5,origin_week,736236,10080,AP1,logistic,hist_gradient_boosting,0,PAIRWISE_EXACT,A,A,False,False
household,household,180,5,origin_week,746316,10080,AP1,constant,logistic,0,PAIRWISE_EXACT,B,B,False,False
household,household,180,5,origin_week,746316,10080,AP1,constant,hist_gradient_boosting,0,PAIRWISE_EXACT,B,B,False,False
household,household,180,5,origin_week,746316,10080,AP1,logistic,hist_gradient_boosting,0,PAIRWISE_EXACT,A,A,False,False
household,household,180,5,origin_week,756396,10080,AP1,constant,logistic,0,PAIRWISE_EXACT,B,B,False,False
household,household,180,5,origin_week,756396,10080,AP1,constant,hist_gradient_boosting,0,PAIRWISE_EXACT,B,B,False,False
household,household,180,5,origin_week,756396,10080,AP1,logistic,hist_gradient_boosting,0,PAIRWISE_EXACT,A,A,False,False
household,household,180,5,origin_week,766476,10080,AP1,constant,logistic,0,PAIRWISE_EXACT,B,B,False,False
household,household,180,5,origin_week,766476,10080,AP1,constant,hist_gradient_boosting,0,PAIRWISE_EXACT,B,B,False,False
household,household,180,5,origin_week,766476,10080,AP1,logistic,hist_gradient_boosting,0,PAIRWISE_EXACT,B,B,False,False
household,household,180,5,origin_week,776556,10080,AP1,constant,logistic,0,PAIRWISE_EXACT,B,B,False,False
household,household,180,5,origin_week,776556,10080,AP1,constant,hist_gradient_boosting,0,PAIRWISE_EXACT,B,B,False,False
household,household,180,5,origin_week,776556,10080,AP1,logistic,hist_gradient_boosting,0,PAIRWISE_EXACT,B,B,False,False
household,household,180,5,origin_week,786636,10080,AP1,constant,logistic,0,PAIRWISE_EXACT,B,B,False,False
household,household,180,5,origin_week,786636,10080,AP1,constant,hist_gradient_boosting,0,PAIRWISE_EXACT,B,B,False,False
household,household,180,5,origin_week,786636,10080,AP1,logistic,hist_gradient_boosting,0,PAIRWISE_EXACT,B,B,False,False
household,household,180,5,origin_week,796716,10080,AP1,constant,logistic,0,PAIRWISE_EXACT,B,B,False,False
household,household,180,5,origin_week,796716,10080,AP1,constant,hist_gradient_boosting,0,PAIRWISE_EXACT,A,A,False,False
household,household,180,5,origin_week,796716,10080,AP1,logistic,hist_gradient_boosting,0,PAIRWISE_EXACT,A,A,False,False
household,household,180,5,origin_week,806796,2701,AP1,constant,logistic,0,PAIRWISE_EXACT,B,B,False,False
household,household,180,5,origin_week,806796,2701,AP1,constant,hist_gradient_boosting,0,PAIRWISE_EXACT,B,B,False,False
household,household,180,5,origin_week,806796,2701,AP1,logistic,hist_gradient_boosting,0,PAIRWISE_EXACT,B,B,False,False
beijing,Aotizhongxin,24,3,annual,17520,8761,AP2,constant,logistic,149,PAIRWISE_INSUFFICIENT,B,B,False,False
beijing,Aotizhongxin,24,3,annual,17520,8761,AP2,constant,hist_gradient_boosting,149,PAIRWISE_INSUFFICIENT,B,B,False,False
beijing,Aotizhongxin,24,3,annual,17520,8761,AP2,logistic,hist_gradient_boosting,149,PAIRWISE_INSUFFICIENT,B,B,False,False
beijing,Aotizhongxin,24,3,origin_week,17520,168,AP2,constant,logistic,0,PAIRWISE_EXACT,B,B,False,False
beijing,Aotizhongxin,24,3,origin_week,17520,168,AP2,constant,hist_gradient_boosting,0,PAIRWISE_EXACT,B,B,False,False
beijing,Aotizhongxin,24,3,origin_week,17520,168,AP2,logistic,hist_gradient_boosting,0,PAIRWISE_EXACT,A,A,False,False
beijing,Aotizhongxin,24,3,origin_week,17688,168,AP2,constant,logistic,0,PAIRWISE_EXACT,B,B,False,False
beijing,Aotizhongxin,24,3,origin_week,17688,168,AP2,constant,hist_gradient_boosting,0,PAIRWISE_EXACT,B,B,False,False
beijing,Aotizhongxin,24,3,origin_week,17688,168,AP2,logistic,hist_gradient_boosting,0,PAIRWISE_EXACT,A,A,False,False
beijing,Aotizhongxin,24,3,origin_week,17856,168,AP2,constant,logistic,0,PAIRWISE_EXACT,B,B,False,False
beijing,Aotizhongxin,24,3,origin_week,17856,168,AP2,constant,hist_gradient_boosting,0,PAIRWISE_EXACT,B,B,False,False
beijing,Aotizhongxin,24,3,origin_week,17856,168,AP2,logistic,hist_gradient_boosting,0,PAIRWISE_EXACT,A,A,False,False
beijing,Aotizhongxin,24,3,origin_week,18024,168,AP2,constant,logistic,0,PAIRWISE_EXACT,B,B,False,False
beijing,Aotizhongxin,24,3,origin_week,18024,168,AP2,constant,hist_gradient_boosting,0,PAIRWISE_EXACT,B,B,False,False
beijing,Aotizhongxin,24,3,origin_week,18024,168,AP2,logistic,hist_gradient_boosting,0,PAIRWISE_EXACT,B,B,False,False
beijing,Aotizhongxin,24,3,origin_week,18192,168,AP2,constant,logistic,0,PAIRWISE_EXACT,B,B,False,False
beijing,Aotizhongxin,24,3,origin_week,18192,168,AP2,constant,hist_gradient_boosting,0,PAIRWISE_EXACT,B,B,False,False
beijing,Aotizhongxin,24,3,origin_week,18192,168,AP2,logistic,hist_gradient_boosting,0,PAIRWISE_EXACT,B,B,False,False
beijing,Aotizhongxin,24,3,origin_week,18360,168,AP2,constant,logistic,21,PAIRWISE_EXACT,B,B,False,False
beijing,Aotizhongxin,24,3,origin_week,18360,168,AP2,constant,hist_gradient_boosting,21,PAIRWISE_EXACT,B,B,False,False
beijing,Aotizhongxin,24,3,origin_week,18360,168,AP2,logistic,hist_gradient_boosting,21,PAIRWISE_EXACT,OPPOSITE_POSSIBLE,OPPOSITE_POSSIBLE,False,False
beijing,Aotizhongxin,24,3,origin_week,18528,168,AP2,constant,logistic,0,PAIRWISE_EXACT,B,B,False,False
beijing,Aotizhongxin,24,3,origin_week,18528,168,AP2,constant,hist_gradient_boosting,0,PAIRWISE_EXACT,B,B,False,False
beijing,Aotizhongxin,24,3,origin_week,18528,168,AP2,logistic,hist_gradient_boosting,0,PAIRWISE_EXACT,B,B,False,False
beijing,Aotizhongxin,24,3,origin_week,18696,168,AP2,constant,logistic,6,PAIRWISE_EXACT,B,B,False,False
beijing,Aotizhongxin,24,3,origin_week,18696,168,AP2,constant,hist_gradient_boosting,6,PAIRWISE_EXACT,B,B,False,False
beijing,Aotizhongxin,24,3,origin_week,18696,168,AP2,logistic,hist_gradient_boosting,6,PAIRWISE_EXACT,B,B,False,False
beijing,Aotizhongxin,24,3,origin_week,18864,168,AP2,constant,logistic,0,PAIRWISE_EXACT,B,B,False,False
beijing,Aotizhongxin,24,3,origin_week,18864,168,AP2,constant,hist_gradient_boosting,0,PAIRWISE_EXACT,B,B,False,False
beijing,Aotizhongxin,24,3,origin_week,18864,168,AP2,logistic,hist_gradient_boosting,0,PAIRWISE_EXACT,B,B,False,False
beijing,Aotizhongxin,24,3,origin_week,19032,168,AP2,constant,logistic,0,PAIRWISE_EXACT,B,B,False,False
beijing,Aotizhongxin,24,3,origin_week,19032,168,AP2,constant,hist_gradient_boosting,0,PAIRWISE_EXACT,B,B,False,False
beijing,Aotizhongxin,24,3,origin_week,19032,168,AP2,logistic,hist_gradient_boosting,0,PAIRWISE_EXACT,B,B,False,False
beijing,Aotizhongxin,24,3,origin_week,19200,168,AP2,constant,logistic,0,PAIRWISE_EXACT,B,B,False,False
beijing,Aotizhongxin,24,3,origin_week,19200,168,AP2,constant,hist_gradient_boosting,0,PAIRWISE_EXACT,B,B,False,False
beijing,Aotizhongxin,24,3,origin_week,19200,168,AP2,logistic,hist_gradient_boosting,0,PAIRWISE_EXACT,A,A,False,False
beijing,Aotizhongxin,24,3,origin_week,19368,168,AP2,constant,logistic,0,PAIRWISE_EXACT,B,B,False,False
beijing,Aotizhongxin,24,3,origin_week,19368,168,AP2,constant,hist_gradient_boosting,0,PAIRWISE_EXACT,B,B,False,False
beijing,Aotizhongxin,24,3,origin_week,19368,168,AP2,logistic,hist_gradient_boosting,0,PAIRWISE_EXACT,B,B,False,False
beijing,Aotizhongxin,24,3,origin_week,19536,168,AP2,constant,logistic,0,PAIRWISE_EXACT,B,B,False,False
beijing,Aotizhongxin,24,3,origin_week,19536,168,AP2,constant,hist_gradient_boosting,0,PAIRWISE_EXACT,B,B,False,False
beijing,Aotizhongxin,24,3,origin_week,19536,168,AP2,logistic,hist_gradient_boosting,0,PAIRWISE_EXACT,B,B,False,False
beijing,Aotizhongxin,24,3,origin_week,19704,168,AP2,constant,logistic,0,PAIRWISE_EXACT,B,B,False,False
beijing,Aotizhongxin,24,3,origin_week,19704,168,AP2,constant,hist_gradient_boosting,0,PAIRWISE_EXACT,B,B,False,False
beijing,Aotizhongxin,24,3,origin_week,19704,168,AP2,logistic,hist_gradient_boosting,0,PAIRWISE_EXACT,A,A,False,False
beijing,Aotizhongxin,24,3,origin_week,19872,168,AP2,constant,logistic,38,PAIRWISE_INSUFFICIENT,B,B,False,False
beijing,Aotizhongxin,24,3,origin_week,19872,168,AP2,constant,hist_gradient_boosting,38,PAIRWISE_INSUFFICIENT,B,B,False,False
beijing,Aotizhongxin,24,3,origin_week,19872,168,AP2,logistic,hist_gradient_boosting,38,PAIRWISE_INSUFFICIENT,B,B,False,False
beijing,Aotizhongxin,24,3,origin_week,20040,168,AP2,constant,logistic,0,PAIRWISE_EXACT,B,B,False,False
beijing,Aotizhongxin,24,3,origin_week,20040,168,AP2,constant,hist_gradient_boosting,0,PAIRWISE_EXACT,B,B,False,False
beijing,Aotizhongxin,24,3,origin_week,20040,168,AP2,logistic,hist_gradient_boosting,0,PAIRWISE_EXACT,B,B,False,False
beijing,Aotizhongxin,24,3,origin_week,20208,168,AP2,constant,logistic,0,PAIRWISE_EXACT,B,B,False,False
beijing,Aotizhongxin,24,3,origin_week,20208,168,AP2,constant,hist_gradient_boosting,0,PAIRWISE_EXACT,B,B,False,False
beijing,Aotizhongxin,24,3,origin_week,20208,168,AP2,logistic,hist_gradient_boosting,0,PAIRWISE_EXACT,B,B,False,False
beijing,Aotizhongxin,24,3,origin_week,20376,168,AP2,constant,logistic,2,PAIRWISE_EXACT,B,B,False,False
beijing,Aotizhongxin,24,3,origin_week,20376,168,AP2,constant,hist_gradient_boosting,2,PAIRWISE_EXACT,B,B,False,False
beijing,Aotizhongxin,24,3,origin_week,20376,168,AP2,logistic,hist_gradient_boosting,2,PAIRWISE_EXACT,B,B,False,False
beijing,Aotizhongxin,24,3,origin_week,20544,168,AP2,constant,logistic,3,PAIRWISE_EXACT,B,B,False,False
beijing,Aotizhongxin,24,3,origin_week,20544,168,AP2,constant,hist_gradient_boosting,3,PAIRWISE_EXACT,B,B,False,False
beijing,Aotizhongxin,24,3,origin_week,20544,168,AP2,logistic,hist_gradient_boosting,3,PAIRWISE_EXACT,B,B,False,False
beijing,Aotizhongxin,24,3,origin_week,20712,168,AP2,constant,logistic,0,PAIRWISE_EXACT,B,B,False,False
beijing,Aotizhongxin,24,3,origin_week,20712,168,AP2,constant,hist_gradient_boosting,0,PAIRWISE_EXACT,B,B,False,False
beijing,Aotizhongxin,24,3,origin_week,20712,168,AP2,logistic,hist_gradient_boosting,0,PAIRWISE_EXACT,A,A,False,False
beijing,Aotizhongxin,24,3,origin_week,20880,168,AP2,constant,logistic,0,PAIRWISE_EXACT,B,B,False,False
beijing,Aotizhongxin,24,3,origin_week,20880,168,AP2,constant,hist_gradient_boosting,0,PAIRWISE_EXACT,B,B,False,False
beijing,Aotizhongxin,24,3,origin_week,20880,168,AP2,logistic,hist_gradient_boosting,0,PAIRWISE_EXACT,B,B,False,False
beijing,Aotizhongxin,24,3,origin_week,21048,168,AP2,constant,logistic,17,PAIRWISE_INSUFFICIENT,A,A,False,False
beijing,Aotizhongxin,24,3,origin_week,21048,168,AP2,constant,hist_gradient_boosting,17,PAIRWISE_INSUFFICIENT,A,A,False,False
beijing,Aotizhongxin,24,3,origin_week,21048,168,AP2,logistic,hist_gradient_boosting,17,PAIRWISE_INSUFFICIENT,B,B,False,False
beijing,Aotizhongxin,24,3,origin_week,21216,168,AP2,constant,logistic,42,PAIRWISE_INSUFFICIENT,OPPOSITE_POSSIBLE,OPPOSITE_POSSIBLE,False,False
beijing,Aotizhongxin,24,3,origin_week,21216,168,AP2,constant,hist_gradient_boosting,42,PAIRWISE_INSUFFICIENT,OPPOSITE_POSSIBLE,OPPOSITE_POSSIBLE,False,False
beijing,Aotizhongxin,24,3,origin_week,21216,168,AP2,logistic,hist_gradient_boosting,42,PAIRWISE_INSUFFICIENT,OPPOSITE_POSSIBLE,OPPOSITE_POSSIBLE,False,False
beijing,Aotizhongxin,24,3,origin_week,21384,168,AP2,constant,logistic,0,PAIRWISE_EXACT,B,B,False,False
beijing,Aotizhongxin,24,3,origin_week,21384,168,AP2,constant,hist_gradient_boosting,0,PAIRWISE_EXACT,B,B,False,False
beijing,Aotizhongxin,24,3,origin_week,21384,168,AP2,logistic,hist_gradient_boosting,0,PAIRWISE_EXACT,B,B,False,False
beijing,Aotizhongxin,24,3,origin_week,21552,168,AP2,constant,logistic,0,PAIRWISE_EXACT,B,B,False,False
beijing,Aotizhongxin,24,3,origin_week,21552,168,AP2,constant,hist_gradient_boosting,0,PAIRWISE_EXACT,B,B,False,False
beijing,Aotizhongxin,24,3,origin_week,21552,168,AP2,logistic,hist_gradient_boosting,0,PAIRWISE_EXACT,B,B,False,False
beijing,Aotizhongxin,24,3,origin_week,21720,168,AP2,constant,logistic,0,PAIRWISE_EXACT,B,B,False,False
beijing,Aotizhongxin,24,3,origin_week,21720,168,AP2,constant,hist_gradient_boosting,0,PAIRWISE_EXACT,B,B,False,False
beijing,Aotizhongxin,24,3,origin_week,21720,168,AP2,logistic,hist_gradient_boosting,0,PAIRWISE_EXACT,B,B,False,False
beijing,Aotizhongxin,24,3,origin_week,21888,168,AP2,constant,logistic,0,PAIRWISE_EXACT,B,B,False,False
beijing,Aotizhongxin,24,3,origin_week,21888,168,AP2,constant,hist_gradient_boosting,0,PAIRWISE_EXACT,B,B,False,False
beijing,Aotizhongxin,24,3,origin_week,21888,168,AP2,logistic,hist_gradient_boosting,0,PAIRWISE_EXACT,B,B,False,False
beijing,Aotizhongxin,24,3,origin_week,22056,168,AP2,constant,logistic,0,PAIRWISE_EXACT,B,B,False,False
beijing,Aotizhongxin,24,3,origin_week,22056,168,AP2,constant,hist_gradient_boosting,0,PAIRWISE_EXACT,B,B,False,False
beijing,Aotizhongxin,24,3,origin_week,22056,168,AP2,logistic,hist_gradient_boosting,0,PAIRWISE_EXACT,B,B,False,False
beijing,Aotizhongxin,24,3,origin_week,22224,168,AP2,constant,logistic,0,PAIRWISE_EXACT,B,B,False,False
beijing,Aotizhongxin,24,3,origin_week,22224,168,AP2,constant,hist_gradient_boosting,0,PAIRWISE_EXACT,B,B,False,False
beijing,Aotizhongxin,24,3,origin_week,22224,168,AP2,logistic,hist_gradient_boosting,0,PAIRWISE_EXACT,A,A,False,False
beijing,Aotizhongxin,24,3,origin_week,22392,168,AP2,constant,logistic,0,PAIRWISE_EXACT,B,B,False,False
beijing,Aotizhongxin,24,3,origin_week,22392,168,AP2,constant,hist_gradient_boosting,0,PAIRWISE_EXACT,B,B,False,False
beijing,Aotizhongxin,24,3,origin_week,22392,168,AP2,logistic,hist_gradient_boosting,0,PAIRWISE_EXACT,A,A,False,False
beijing,Aotizhongxin,24,3,origin_week,22560,168,AP2,constant,logistic,0,PAIRWISE_EXACT,B,B,False,False
beijing,Aotizhongxin,24,3,origin_week,22560,168,AP2,constant,hist_gradient_boosting,0,PAIRWISE_EXACT,B,B,False,False
beijing,Aotizhongxin,24,3,origin_week,22560,168,AP2,logistic,hist_gradient_boosting,0,PAIRWISE_EXACT,B,B,False,False
beijing,Aotizhongxin,24,3,origin_week,22728,168,AP2,constant,logistic,0,PAIRWISE_EXACT,B,B,False,False
beijing,Aotizhongxin,24,3,origin_week,22728,168,AP2,constant,hist_gradient_boosting,0,PAIRWISE_EXACT,B,B,False,False
beijing,Aotizhongxin,24,3,origin_week,22728,168,AP2,logistic,hist_gradient_boosting,0,PAIRWISE_EXACT,B,B,False,False
beijing,Aotizhongxin,24,3,origin_week,22896,168,AP2,constant,logistic,0,PAIRWISE_EXACT,B,B,False,False
beijing,Aotizhongxin,24,3,origin_week,22896,168,AP2,constant,hist_gradient_boosting,0,PAIRWISE_EXACT,B,B,False,False
beijing,Aotizhongxin,24,3,origin_week,22896,168,AP2,logistic,hist_gradient_boosting,0,PAIRWISE_EXACT,B,B,False,False
beijing,Aotizhongxin,24,3,origin_week,23064,168,AP2,constant,logistic,0,PAIRWISE_EXACT,B,B,False,False
beijing,Aotizhongxin,24,3,origin_week,23064,168,AP2,constant,hist_gradient_boosting,0,PAIRWISE_EXACT,B,B,False,False
beijing,Aotizhongxin,24,3,origin_week,23064,168,AP2,logistic,hist_gradient_boosting,0,PAIRWISE_EXACT,A,A,False,False
beijing,Aotizhongxin,24,3,origin_week,23232,168,AP2,constant,logistic,0,PAIRWISE_EXACT,B,B,False,False
beijing,Aotizhongxin,24,3,origin_week,23232,168,AP2,constant,hist_gradient_boosting,0,PAIRWISE_EXACT,B,B,False,False
beijing,Aotizhongxin,24,3,origin_week,23232,168,AP2,logistic,hist_gradient_boosting,0,PAIRWISE_EXACT,B,B,False,False
beijing,Aotizhongxin,24,3,origin_week,23400,168,AP2,constant,logistic,0,PAIRWISE_EXACT,B,B,False,False
beijing,Aotizhongxin,24,3,origin_week,23400,168,AP2,constant,hist_gradient_boosting,0,PAIRWISE_EXACT,B,B,False,False
beijing,Aotizhongxin,24,3,origin_week,23400,168,AP2,logistic,hist_gradient_boosting,0,PAIRWISE_EXACT,A,A,False,False
beijing,Aotizhongxin,24,3,origin_week,23568,168,AP2,constant,logistic,0,PAIRWISE_EXACT,B,B,False,False
beijing,Aotizhongxin,24,3,origin_week,23568,168,AP2,constant,hist_gradient_boosting,0,PAIRWISE_EXACT,B,B,False,False
beijing,Aotizhongxin,24,3,origin_week,23568,168,AP2,logistic,hist_gradient_boosting,0,PAIRWISE_EXACT,A,A,False,False
beijing,Aotizhongxin,24,3,origin_week,23736,168,AP2,constant,logistic,1,PAIRWISE_EXACT,A,A,False,False
beijing,Aotizhongxin,24,3,origin_week,23736,168,AP2,constant,hist_gradient_boosting,1,PAIRWISE_EXACT,A,A,False,False
beijing,Aotizhongxin,24,3,origin_week,23736,168,AP2,logistic,hist_gradient_boosting,1,PAIRWISE_EXACT,A,A,False,False
beijing,Aotizhongxin,24,3,origin_week,23904,168,AP2,constant,logistic,0,PAIRWISE_EXACT,B,B,False,False
beijing,Aotizhongxin,24,3,origin_week,23904,168,AP2,constant,hist_gradient_boosting,0,PAIRWISE_EXACT,A,A,False,False
beijing,Aotizhongxin,24,3,origin_week,23904,168,AP2,logistic,hist_gradient_boosting,0,PAIRWISE_EXACT,A,A,False,False
beijing,Aotizhongxin,24,3,origin_week,24072,168,AP2,constant,logistic,5,PAIRWISE_EXACT,B,B,False,False
beijing,Aotizhongxin,24,3,origin_week,24072,168,AP2,constant,hist_gradient_boosting,5,PAIRWISE_EXACT,B,B,False,False
beijing,Aotizhongxin,24,3,origin_week,24072,168,AP2,logistic,hist_gradient_boosting,5,PAIRWISE_EXACT,A,A,False,False
beijing,Aotizhongxin,24,3,origin_week,24240,168,AP2,constant,logistic,0,PAIRWISE_EXACT,B,B,False,False
beijing,Aotizhongxin,24,3,origin_week,24240,168,AP2,constant,hist_gradient_boosting,0,PAIRWISE_EXACT,B,B,False,False
beijing,Aotizhongxin,24,3,origin_week,24240,168,AP2,logistic,hist_gradient_boosting,0,PAIRWISE_EXACT,A,A,False,False
beijing,Aotizhongxin,24,3,origin_week,24408,168,AP2,constant,logistic,3,PAIRWISE_EXACT,B,B,False,False
beijing,Aotizhongxin,24,3,origin_week,24408,168,AP2,constant,hist_gradient_boosting,3,PAIRWISE_EXACT,B,B,False,False
beijing,Aotizhongxin,24,3,origin_week,24408,168,AP2,logistic,hist_gradient_boosting,3,PAIRWISE_EXACT,A,A,False,False
beijing,Aotizhongxin,24,3,origin_week,24576,168,AP2,constant,logistic,0,PAIRWISE_EXACT,B,B,False,False
beijing,Aotizhongxin,24,3,origin_week,24576,168,AP2,constant,hist_gradient_boosting,0,PAIRWISE_EXACT,B,B,False,False
beijing,Aotizhongxin,24,3,origin_week,24576,168,AP2,logistic,hist_gradient_boosting,0,PAIRWISE_EXACT,A,A,False,False
beijing,Aotizhongxin,24,3,origin_week,24744,168,AP2,constant,logistic,0,PAIRWISE_EXACT,A,A,False,False
beijing,Aotizhongxin,24,3,origin_week,24744,168,AP2,constant,hist_gradient_boosting,0,PAIRWISE_EXACT,A,A,False,False
beijing,Aotizhongxin,24,3,origin_week,24744,168,AP2,logistic,hist_gradient_boosting,0,PAIRWISE_EXACT,A,A,False,False
beijing,Aotizhongxin,24,3,origin_week,24912,168,AP2,constant,logistic,0,PAIRWISE_EXACT,B,B,False,False
beijing,Aotizhongxin,24,3,origin_week,24912,168,AP2,constant,hist_gradient_boosting,0,PAIRWISE_EXACT,A,A,False,False
beijing,Aotizhongxin,24,3,origin_week,24912,168,AP2,logistic,hist_gradient_boosting,0,PAIRWISE_EXACT,A,A,False,False
beijing,Aotizhongxin,24,3,origin_week,25080,168,AP2,constant,logistic,0,PAIRWISE_EXACT,B,B,False,False
beijing,Aotizhongxin,24,3,origin_week,25080,168,AP2,constant,hist_gradient_boosting,0,PAIRWISE_EXACT,B,B,False,False
beijing,Aotizhongxin,24,3,origin_week,25080,168,AP2,logistic,hist_gradient_boosting,0,PAIRWISE_EXACT,B,B,False,False
beijing,Aotizhongxin,24,3,origin_week,25248,168,AP2,constant,logistic,0,PAIRWISE_EXACT,B,B,False,False
beijing,Aotizhongxin,24,3,origin_week,25248,168,AP2,constant,hist_gradient_boosting,0,PAIRWISE_EXACT,B,B,False,False
beijing,Aotizhongxin,24,3,origin_week,25248,168,AP2,logistic,hist_gradient_boosting,0,PAIRWISE_EXACT,B,B,False,False
beijing,Aotizhongxin,24,3,origin_week,25416,168,AP2,constant,logistic,11,PAIRWISE_EXACT,B,B,False,False
beijing,Aotizhongxin,24,3,origin_week,25416,168,AP2,constant,hist_gradient_boosting,11,PAIRWISE_EXACT,B,B,False,False
beijing,Aotizhongxin,24,3,origin_week,25416,168,AP2,logistic,hist_gradient_boosting,11,PAIRWISE_EXACT,B,B,False,False
beijing,Aotizhongxin,24,3,origin_week,25584,168,AP2,constant,logistic,0,PAIRWISE_EXACT,B,B,False,False
beijing,Aotizhongxin,24,3,origin_week,25584,168,AP2,constant,hist_gradient_boosting,0,PAIRWISE_EXACT,B,B,False,False
beijing,Aotizhongxin,24,3,origin_week,25584,168,AP2,logistic,hist_gradient_boosting,0,PAIRWISE_EXACT,B,B,False,False
beijing,Aotizhongxin,24,3,origin_week,25752,168,AP2,constant,logistic,0,PAIRWISE_EXACT,B,B,False,False
beijing,Aotizhongxin,24,3,origin_week,25752,168,AP2,constant,hist_gradient_boosting,0,PAIRWISE_EXACT,B,B,False,False
beijing,Aotizhongxin,24,3,origin_week,25752,168,AP2,logistic,hist_gradient_boosting,0,PAIRWISE_EXACT,B,B,False,False
beijing,Aotizhongxin,24,3,origin_week,25920,168,AP2,constant,logistic,0,PAIRWISE_EXACT,B,B,False,False
beijing,Aotizhongxin,24,3,origin_week,25920,168,AP2,constant,hist_gradient_boosting,0,PAIRWISE_EXACT,B,B,False,False
beijing,Aotizhongxin,24,3,origin_week,25920,168,AP2,logistic,hist_gradient_boosting,0,PAIRWISE_EXACT,B,B,False,False
beijing,Aotizhongxin,24,3,origin_week,26088,168,AP2,constant,logistic,0,PAIRWISE_EXACT,B,B,False,False
beijing,Aotizhongxin,24,3,origin_week,26088,168,AP2,constant,hist_gradient_boosting,0,PAIRWISE_EXACT,B,B,False,False
beijing,Aotizhongxin,24,3,origin_week,26088,168,AP2,logistic,hist_gradient_boosting,0,PAIRWISE_EXACT,B,B,False,False
beijing,Aotizhongxin,24,3,origin_week,26256,25,AP2,constant,logistic,0,PAIRWISE_EXACT,B,B,False,False
beijing,Aotizhongxin,24,3,origin_week,26256,25,AP2,constant,hist_gradient_boosting,0,PAIRWISE_EXACT,B,B,False,False
beijing,Aotizhongxin,24,3,origin_week,26256,25,AP2,logistic,hist_gradient_boosting,0,PAIRWISE_EXACT,B,B,False,False
beijing,Aotizhongxin,72,3,annual,17520,8713,AP2,constant,logistic,76,PAIRWISE_EXACT,B,B,False,False
beijing,Aotizhongxin,72,3,annual,17520,8713,AP2,constant,hist_gradient_boosting,76,PAIRWISE_EXACT,B,B,False,False
beijing,Aotizhongxin,72,3,annual,17520,8713,AP2,logistic,hist_gradient_boosting,76,PAIRWISE_EXACT,A,A,False,False
beijing,Aotizhongxin,72,3,origin_week,17520,168,AP2,constant,logistic,0,PAIRWISE_EXACT,B,B,False,False
beijing,Aotizhongxin,72,3,origin_week,17520,168,AP2,constant,hist_gradient_boosting,0,PAIRWISE_EXACT,A,A,False,False
beijing,Aotizhongxin,72,3,origin_week,17520,168,AP2,logistic,hist_gradient_boosting,0,PAIRWISE_EXACT,A,A,False,False
beijing,Aotizhongxin,72,3,origin_week,17688,168,AP2,constant,logistic,0,PAIRWISE_EXACT,B,B,False,False
beijing,Aotizhongxin,72,3,origin_week,17688,168,AP2,constant,hist_gradient_boosting,0,PAIRWISE_EXACT,B,B,False,False
beijing,Aotizhongxin,72,3,origin_week,17688,168,AP2,logistic,hist_gradient_boosting,0,PAIRWISE_EXACT,A,A,False,False
beijing,Aotizhongxin,72,3,origin_week,17856,168,AP2,constant,logistic,0,PAIRWISE_EXACT,A,A,False,False
beijing,Aotizhongxin,72,3,origin_week,17856,168,AP2,constant,hist_gradient_boosting,0,PAIRWISE_EXACT,A,A,False,False
beijing,Aotizhongxin,72,3,origin_week,17856,168,AP2,logistic,hist_gradient_boosting,0,PAIRWISE_EXACT,B,B,False,False
beijing,Aotizhongxin,72,3,origin_week,18024,168,AP2,constant,logistic,0,PAIRWISE_EXACT,B,B,False,False
beijing,Aotizhongxin,72,3,origin_week,18024,168,AP2,constant,hist_gradient_boosting,0,PAIRWISE_EXACT,A,A,False,False
beijing,Aotizhongxin,72,3,origin_week,18024,168,AP2,logistic,hist_gradient_boosting,0,PAIRWISE_EXACT,A,A,False,False
beijing,Aotizhongxin,72,3,origin_week,18192,168,AP2,constant,logistic,0,PAIRWISE_EXACT,B,B,False,False
beijing,Aotizhongxin,72,3,origin_week,18192,168,AP2,constant,hist_gradient_boosting,0,PAIRWISE_EXACT,A,A,False,False
beijing,Aotizhongxin,72,3,origin_week,18192,168,AP2,logistic,hist_gradient_boosting,0,PAIRWISE_EXACT,A,A,False,False
beijing,Aotizhongxin,72,3,origin_week,18360,168,AP2,constant,logistic,3,PAIRWISE_EXACT,B,B,False,False
beijing,Aotizhongxin,72,3,origin_week,18360,168,AP2,constant,hist_gradient_boosting,3,PAIRWISE_EXACT,OPPOSITE_POSSIBLE,OPPOSITE_POSSIBLE,False,False
beijing,Aotizhongxin,72,3,origin_week,18360,168,AP2,logistic,hist_gradient_boosting,3,PAIRWISE_EXACT,A,A,False,False
beijing,Aotizhongxin,72,3,origin_week,18528,168,AP2,constant,logistic,0,PAIRWISE_EXACT,B,B,False,False
beijing,Aotizhongxin,72,3,origin_week,18528,168,AP2,constant,hist_gradient_boosting,0,PAIRWISE_EXACT,B,B,False,False
beijing,Aotizhongxin,72,3,origin_week,18528,168,AP2,logistic,hist_gradient_boosting,0,PAIRWISE_EXACT,A,A,False,False
beijing,Aotizhongxin,72,3,origin_week,18696,168,AP2,constant,logistic,0,PAIRWISE_EXACT,B,B,False,False
beijing,Aotizhongxin,72,3,origin_week,18696,168,AP2,constant,hist_gradient_boosting,0,PAIRWISE_EXACT,A,A,False,False
beijing,Aotizhongxin,72,3,origin_week,18696,168,AP2,logistic,hist_gradient_boosting,0,PAIRWISE_EXACT,A,A,False,False
beijing,Aotizhongxin,72,3,origin_week,18864,168,AP2,constant,logistic,0,PAIRWISE_EXACT,B,B,False,False
beijing,Aotizhongxin,72,3,origin_week,18864,168,AP2,constant,hist_gradient_boosting,0,PAIRWISE_EXACT,B,B,False,False
beijing,Aotizhongxin,72,3,origin_week,18864,168,AP2,logistic,hist_gradient_boosting,0,PAIRWISE_EXACT,B,B,False,False
beijing,Aotizhongxin,72,3,origin_week,19032,168,AP2,constant,logistic,0,PAIRWISE_EXACT,B,B,False,False
beijing,Aotizhongxin,72,3,origin_week,19032,168,AP2,constant,hist_gradient_boosting,0,PAIRWISE_EXACT,B,B,False,False
beijing,Aotizhongxin,72,3,origin_week,19032,168,AP2,logistic,hist_gradient_boosting,0,PAIRWISE_EXACT,A,A,False,False
beijing,Aotizhongxin,72,3,origin_week,19200,168,AP2,constant,logistic,0,PAIRWISE_EXACT,A,A,False,False
beijing,Aotizhongxin,72,3,origin_week,19200,168,AP2,constant,hist_gradient_boosting,0,PAIRWISE_EXACT,A,A,False,False
beijing,Aotizhongxin,72,3,origin_week,19200,168,AP2,logistic,hist_gradient_boosting,0,PAIRWISE_EXACT,A,A,False,False
beijing,Aotizhongxin,72,3,origin_week,19368,168,AP2,constant,logistic,0,PAIRWISE_EXACT,B,B,False,False
beijing,Aotizhongxin,72,3,origin_week,19368,168,AP2,constant,hist_gradient_boosting,0,PAIRWISE_EXACT,B,B,False,False
beijing,Aotizhongxin,72,3,origin_week,19368,168,AP2,logistic,hist_gradient_boosting,0,PAIRWISE_EXACT,B,B,False,False
beijing,Aotizhongxin,72,3,origin_week,19536,168,AP2,constant,logistic,0,PAIRWISE_EXACT,B,B,False,False
beijing,Aotizhongxin,72,3,origin_week,19536,168,AP2,constant,hist_gradient_boosting,0,PAIRWISE_EXACT,A,A,False,False
beijing,Aotizhongxin,72,3,origin_week,19536,168,AP2,logistic,hist_gradient_boosting,0,PAIRWISE_EXACT,A,A,False,False
beijing,Aotizhongxin,72,3,origin_week,19704,168,AP2,constant,logistic,0,PAIRWISE_EXACT,B,B,False,False
beijing,Aotizhongxin,72,3,origin_week,19704,168,AP2,constant,hist_gradient_boosting,0,PAIRWISE_EXACT,B,B,False,False
beijing,Aotizhongxin,72,3,origin_week,19704,168,AP2,logistic,hist_gradient_boosting,0,PAIRWISE_EXACT,A,A,False,False
beijing,Aotizhongxin,72,3,origin_week,19872,168,AP2,constant,logistic,31,PAIRWISE_EXACT,A,A,False,False
beijing,Aotizhongxin,72,3,origin_week,19872,168,AP2,constant,hist_gradient_boosting,31,PAIRWISE_EXACT,OPPOSITE_POSSIBLE,OPPOSITE_POSSIBLE,False,False
beijing,Aotizhongxin,72,3,origin_week,19872,168,AP2,logistic,hist_gradient_boosting,31,PAIRWISE_EXACT,OPPOSITE_POSSIBLE,OPPOSITE_POSSIBLE,False,False
beijing,Aotizhongxin,72,3,origin_week,20040,168,AP2,constant,logistic,0,PAIRWISE_EXACT,A,A,False,False
beijing,Aotizhongxin,72,3,origin_week,20040,168,AP2,constant,hist_gradient_boosting,0,PAIRWISE_EXACT,A,A,False,False
beijing,Aotizhongxin,72,3,origin_week,20040,168,AP2,logistic,hist_gradient_boosting,0,PAIRWISE_EXACT,B,B,False,False
beijing,Aotizhongxin,72,3,origin_week,20208,168,AP2,constant,logistic,0,PAIRWISE_EXACT,B,B,False,False
beijing,Aotizhongxin,72,3,origin_week,20208,168,AP2,constant,hist_gradient_boosting,0,PAIRWISE_EXACT,B,B,False,False
beijing,Aotizhongxin,72,3,origin_week,20208,168,AP2,logistic,hist_gradient_boosting,0,PAIRWISE_EXACT,A,A,False,False
beijing,Aotizhongxin,72,3,origin_week,20376,168,AP2,constant,logistic,2,PAIRWISE_EXACT,B,B,False,False
beijing,Aotizhongxin,72,3,origin_week,20376,168,AP2,constant,hist_gradient_boosting,2,PAIRWISE_EXACT,B,B,False,False
beijing,Aotizhongxin,72,3,origin_week,20376,168,AP2,logistic,hist_gradient_boosting,2,PAIRWISE_EXACT,A,A,False,False
beijing,Aotizhongxin,72,3,origin_week,20544,168,AP2,constant,logistic,0,PAIRWISE_EXACT,B,B,False,False
beijing,Aotizhongxin,72,3,origin_week,20544,168,AP2,constant,hist_gradient_boosting,0,PAIRWISE_EXACT,A,A,False,False
beijing,Aotizhongxin,72,3,origin_week,20544,168,AP2,logistic,hist_gradient_boosting,0,PAIRWISE_EXACT,A,A,False,False
beijing,Aotizhongxin,72,3,origin_week,20712,168,AP2,constant,logistic,0,PAIRWISE_EXACT,B,B,False,False
beijing,Aotizhongxin,72,3,origin_week,20712,168,AP2,constant,hist_gradient_boosting,0,PAIRWISE_EXACT,B,B,False,False
beijing,Aotizhongxin,72,3,origin_week,20712,168,AP2,logistic,hist_gradient_boosting,0,PAIRWISE_EXACT,A,A,False,False
beijing,Aotizhongxin,72,3,origin_week,20880,168,AP2,constant,logistic,0,PAIRWISE_EXACT,B,B,False,False
beijing,Aotizhongxin,72,3,origin_week,20880,168,AP2,constant,hist_gradient_boosting,0,PAIRWISE_EXACT,B,B,False,False
beijing,Aotizhongxin,72,3,origin_week,20880,168,AP2,logistic,hist_gradient_boosting,0,PAIRWISE_EXACT,B,B,False,False
beijing,Aotizhongxin,72,3,origin_week,21048,168,AP2,constant,logistic,17,PAIRWISE_EXACT,OPPOSITE_POSSIBLE,OPPOSITE_POSSIBLE,False,False
beijing,Aotizhongxin,72,3,origin_week,21048,168,AP2,constant,hist_gradient_boosting,17,PAIRWISE_EXACT,OPPOSITE_POSSIBLE,OPPOSITE_POSSIBLE,False,False
beijing,Aotizhongxin,72,3,origin_week,21048,168,AP2,logistic,hist_gradient_boosting,17,PAIRWISE_EXACT,OPPOSITE_POSSIBLE,OPPOSITE_POSSIBLE,False,False
beijing,Aotizhongxin,72,3,origin_week,21216,168,AP2,constant,logistic,7,PAIRWISE_EXACT,B,B,False,False
beijing,Aotizhongxin,72,3,origin_week,21216,168,AP2,constant,hist_gradient_boosting,7,PAIRWISE_EXACT,B,B,False,False
beijing,Aotizhongxin,72,3,origin_week,21216,168,AP2,logistic,hist_gradient_boosting,7,PAIRWISE_EXACT,OPPOSITE_POSSIBLE,OPPOSITE_POSSIBLE,False,False
beijing,Aotizhongxin,72,3,origin_week,21384,168,AP2,constant,logistic,0,PAIRWISE_EXACT,B,B,False,False
beijing,Aotizhongxin,72,3,origin_week,21384,168,AP2,constant,hist_gradient_boosting,0,PAIRWISE_EXACT,A,A,False,False
beijing,Aotizhongxin,72,3,origin_week,21384,168,AP2,logistic,hist_gradient_boosting,0,PAIRWISE_EXACT,A,A,False,False
beijing,Aotizhongxin,72,3,origin_week,21552,168,AP2,constant,logistic,0,PAIRWISE_EXACT,B,B,False,False
beijing,Aotizhongxin,72,3,origin_week,21552,168,AP2,constant,hist_gradient_boosting,0,PAIRWISE_EXACT,B,B,False,False
beijing,Aotizhongxin,72,3,origin_week,21552,168,AP2,logistic,hist_gradient_boosting,0,PAIRWISE_EXACT,B,B,False,False
beijing,Aotizhongxin,72,3,origin_week,21720,168,AP2,constant,logistic,0,PAIRWISE_EXACT,B,B,False,False
beijing,Aotizhongxin,72,3,origin_week,21720,168,AP2,constant,hist_gradient_boosting,0,PAIRWISE_EXACT,B,B,False,False
beijing,Aotizhongxin,72,3,origin_week,21720,168,AP2,logistic,hist_gradient_boosting,0,PAIRWISE_EXACT,B,B,False,False
beijing,Aotizhongxin,72,3,origin_week,21888,168,AP2,constant,logistic,0,PAIRWISE_EXACT,B,B,False,False
beijing,Aotizhongxin,72,3,origin_week,21888,168,AP2,constant,hist_gradient_boosting,0,PAIRWISE_EXACT,B,B,False,False
beijing,Aotizhongxin,72,3,origin_week,21888,168,AP2,logistic,hist_gradient_boosting,0,PAIRWISE_EXACT,B,B,False,False
beijing,Aotizhongxin,72,3,origin_week,22056,168,AP2,constant,logistic,0,PAIRWISE_EXACT,B,B,False,False
beijing,Aotizhongxin,72,3,origin_week,22056,168,AP2,constant,hist_gradient_boosting,0,PAIRWISE_EXACT,B,B,False,False
beijing,Aotizhongxin,72,3,origin_week,22056,168,AP2,logistic,hist_gradient_boosting,0,PAIRWISE_EXACT,B,B,False,False
beijing,Aotizhongxin,72,3,origin_week,22224,168,AP2,constant,logistic,0,PAIRWISE_EXACT,B,B,False,False
beijing,Aotizhongxin,72,3,origin_week,22224,168,AP2,constant,hist_gradient_boosting,0,PAIRWISE_EXACT,B,B,False,False
beijing,Aotizhongxin,72,3,origin_week,22224,168,AP2,logistic,hist_gradient_boosting,0,PAIRWISE_EXACT,A,A,False,False
beijing,Aotizhongxin,72,3,origin_week,22392,168,AP2,constant,logistic,0,PAIRWISE_EXACT,B,B,False,False
beijing,Aotizhongxin,72,3,origin_week,22392,168,AP2,constant,hist_gradient_boosting,0,PAIRWISE_EXACT,B,B,False,False
beijing,Aotizhongxin,72,3,origin_week,22392,168,AP2,logistic,hist_gradient_boosting,0,PAIRWISE_EXACT,B,B,False,False
beijing,Aotizhongxin,72,3,origin_week,22560,168,AP2,constant,logistic,0,PAIRWISE_EXACT,B,B,False,False
beijing,Aotizhongxin,72,3,origin_week,22560,168,AP2,constant,hist_gradient_boosting,0,PAIRWISE_EXACT,B,B,False,False
beijing,Aotizhongxin,72,3,origin_week,22560,168,AP2,logistic,hist_gradient_boosting,0,PAIRWISE_EXACT,A,A,False,False
beijing,Aotizhongxin,72,3,origin_week,22728,168,AP2,constant,logistic,0,PAIRWISE_EXACT,A,A,False,False
beijing,Aotizhongxin,72,3,origin_week,22728,168,AP2,constant,hist_gradient_boosting,0,PAIRWISE_EXACT,A,A,False,False
beijing,Aotizhongxin,72,3,origin_week,22728,168,AP2,logistic,hist_gradient_boosting,0,PAIRWISE_EXACT,A,A,False,False
beijing,Aotizhongxin,72,3,origin_week,22896,168,AP2,constant,logistic,0,PAIRWISE_EXACT,B,B,False,False
beijing,Aotizhongxin,72,3,origin_week,22896,168,AP2,constant,hist_gradient_boosting,0,PAIRWISE_EXACT,B,B,False,False
beijing,Aotizhongxin,72,3,origin_week,22896,168,AP2,logistic,hist_gradient_boosting,0,PAIRWISE_EXACT,A,A,False,False
beijing,Aotizhongxin,72,3,origin_week,23064,168,AP2,constant,logistic,0,PAIRWISE_EXACT,A,A,False,False
beijing,Aotizhongxin,72,3,origin_week,23064,168,AP2,constant,hist_gradient_boosting,0,PAIRWISE_EXACT,A,A,False,False
beijing,Aotizhongxin,72,3,origin_week,23064,168,AP2,logistic,hist_gradient_boosting,0,PAIRWISE_EXACT,B,B,False,False
beijing,Aotizhongxin,72,3,origin_week,23232,168,AP2,constant,logistic,0,PAIRWISE_EXACT,B,B,False,False
beijing,Aotizhongxin,72,3,origin_week,23232,168,AP2,constant,hist_gradient_boosting,0,PAIRWISE_EXACT,B,B,False,False
beijing,Aotizhongxin,72,3,origin_week,23232,168,AP2,logistic,hist_gradient_boosting,0,PAIRWISE_EXACT,A,A,False,False
beijing,Aotizhongxin,72,3,origin_week,23400,168,AP2,constant,logistic,0,PAIRWISE_EXACT,B,B,False,False
beijing,Aotizhongxin,72,3,origin_week,23400,168,AP2,constant,hist_gradient_boosting,0,PAIRWISE_EXACT,A,A,False,False
beijing,Aotizhongxin,72,3,origin_week,23400,168,AP2,logistic,hist_gradient_boosting,0,PAIRWISE_EXACT,A,A,False,False
beijing,Aotizhongxin,72,3,origin_week,23568,168,AP2,constant,logistic,0,PAIRWISE_EXACT,B,B,False,False
beijing,Aotizhongxin,72,3,origin_week,23568,168,AP2,constant,hist_gradient_boosting,0,PAIRWISE_EXACT,B,B,False,False
beijing,Aotizhongxin,72,3,origin_week,23568,168,AP2,logistic,hist_gradient_boosting,0,PAIRWISE_EXACT,A,A,False,False
beijing,Aotizhongxin,72,3,origin_week,23736,168,AP2,constant,logistic,0,PAIRWISE_EXACT,A,A,False,False
beijing,Aotizhongxin,72,3,origin_week,23736,168,AP2,constant,hist_gradient_boosting,0,PAIRWISE_EXACT,A,A,False,False
beijing,Aotizhongxin,72,3,origin_week,23736,168,AP2,logistic,hist_gradient_boosting,0,PAIRWISE_EXACT,A,A,False,False
beijing,Aotizhongxin,72,3,origin_week,23904,168,AP2,constant,logistic,0,PAIRWISE_EXACT,A,A,False,False
beijing,Aotizhongxin,72,3,origin_week,23904,168,AP2,constant,hist_gradient_boosting,0,PAIRWISE_EXACT,A,A,False,False
beijing,Aotizhongxin,72,3,origin_week,23904,168,AP2,logistic,hist_gradient_boosting,0,PAIRWISE_EXACT,A,A,False,False
beijing,Aotizhongxin,72,3,origin_week,24072,168,AP2,constant,logistic,2,PAIRWISE_EXACT,B,B,False,False
beijing,Aotizhongxin,72,3,origin_week,24072,168,AP2,constant,hist_gradient_boosting,2,PAIRWISE_EXACT,A,A,False,False
beijing,Aotizhongxin,72,3,origin_week,24072,168,AP2,logistic,hist_gradient_boosting,2,PAIRWISE_EXACT,A,A,False,False
beijing,Aotizhongxin,72,3,origin_week,24240,168,AP2,constant,logistic,0,PAIRWISE_EXACT,B,B,False,False
beijing,Aotizhongxin,72,3,origin_week,24240,168,AP2,constant,hist_gradient_boosting,0,PAIRWISE_EXACT,B,B,False,False
beijing,Aotizhongxin,72,3,origin_week,24240,168,AP2,logistic,hist_gradient_boosting,0,PAIRWISE_EXACT,A,A,False,False
beijing,Aotizhongxin,72,3,origin_week,24408,168,AP2,constant,logistic,3,PAIRWISE_EXACT,B,B,False,False
beijing,Aotizhongxin,72,3,origin_week,24408,168,AP2,constant,hist_gradient_boosting,3,PAIRWISE_EXACT,B,B,False,False
beijing,Aotizhongxin,72,3,origin_week,24408,168,AP2,logistic,hist_gradient_boosting,3,PAIRWISE_EXACT,A,A,False,False
beijing,Aotizhongxin,72,3,origin_week,24576,168,AP2,constant,logistic,0,PAIRWISE_EXACT,B,B,False,False
beijing,Aotizhongxin,72,3,origin_week,24576,168,AP2,constant,hist_gradient_boosting,0,PAIRWISE_EXACT,A,A,False,False
beijing,Aotizhongxin,72,3,origin_week,24576,168,AP2,logistic,hist_gradient_boosting,0,PAIRWISE_EXACT,A,A,False,False
beijing,Aotizhongxin,72,3,origin_week,24744,168,AP2,constant,logistic,0,PAIRWISE_EXACT,B,B,False,False
beijing,Aotizhongxin,72,3,origin_week,24744,168,AP2,constant,hist_gradient_boosting,0,PAIRWISE_EXACT,A,A,False,False
beijing,Aotizhongxin,72,3,origin_week,24744,168,AP2,logistic,hist_gradient_boosting,0,PAIRWISE_EXACT,A,A,False,False
beijing,Aotizhongxin,72,3,origin_week,24912,168,AP2,constant,logistic,0,PAIRWISE_EXACT,A,A,False,False
beijing,Aotizhongxin,72,3,origin_week,24912,168,AP2,constant,hist_gradient_boosting,0,PAIRWISE_EXACT,A,A,False,False
beijing,Aotizhongxin,72,3,origin_week,24912,168,AP2,logistic,hist_gradient_boosting,0,PAIRWISE_EXACT,A,A,False,False
beijing,Aotizhongxin,72,3,origin_week,25080,168,AP2,constant,logistic,0,PAIRWISE_EXACT,A,A,False,False
beijing,Aotizhongxin,72,3,origin_week,25080,168,AP2,constant,hist_gradient_boosting,0,PAIRWISE_EXACT,A,A,False,False
beijing,Aotizhongxin,72,3,origin_week,25080,168,AP2,logistic,hist_gradient_boosting,0,PAIRWISE_EXACT,B,B,False,False
beijing,Aotizhongxin,72,3,origin_week,25248,168,AP2,constant,logistic,10,PAIRWISE_EXACT,A,A,False,False
beijing,Aotizhongxin,72,3,origin_week,25248,168,AP2,constant,hist_gradient_boosting,10,PAIRWISE_EXACT,B,B,False,False
beijing,Aotizhongxin,72,3,origin_week,25248,168,AP2,logistic,hist_gradient_boosting,10,PAIRWISE_EXACT,B,B,False,False
beijing,Aotizhongxin,72,3,origin_week,25416,168,AP2,constant,logistic,1,PAIRWISE_EXACT,A,A,False,False
beijing,Aotizhongxin,72,3,origin_week,25416,168,AP2,constant,hist_gradient_boosting,1,PAIRWISE_EXACT,B,B,False,False
beijing,Aotizhongxin,72,3,origin_week,25416,168,AP2,logistic,hist_gradient_boosting,1,PAIRWISE_EXACT,B,B,False,False
beijing,Aotizhongxin,72,3,origin_week,25584,168,AP2,constant,logistic,0,PAIRWISE_EXACT,B,B,False,False
beijing,Aotizhongxin,72,3,origin_week,25584,168,AP2,constant,hist_gradient_boosting,0,PAIRWISE_EXACT,B,B,False,False
beijing,Aotizhongxin,72,3,origin_week,25584,168,AP2,logistic,hist_gradient_boosting,0,PAIRWISE_EXACT,B,B,False,False
beijing,Aotizhongxin,72,3,origin_week,25752,168,AP2,constant,logistic,0,PAIRWISE_EXACT,B,B,False,False
beijing,Aotizhongxin,72,3,origin_week,25752,168,AP2,constant,hist_gradient_boosting,0,PAIRWISE_EXACT,A,A,False,False
beijing,Aotizhongxin,72,3,origin_week,25752,168,AP2,logistic,hist_gradient_boosting,0,PAIRWISE_EXACT,A,A,False,False
beijing,Aotizhongxin,72,3,origin_week,25920,168,AP2,constant,logistic,0,PAIRWISE_EXACT,B,B,False,False
beijing,Aotizhongxin,72,3,origin_week,25920,168,AP2,constant,hist_gradient_boosting,0,PAIRWISE_EXACT,A,A,False,False
beijing,Aotizhongxin,72,3,origin_week,25920,168,AP2,logistic,hist_gradient_boosting,0,PAIRWISE_EXACT,A,A,False,False
beijing,Aotizhongxin,72,3,origin_week,26088,145,AP2,constant,logistic,0,PAIRWISE_EXACT,B,B,False,False
beijing,Aotizhongxin,72,3,origin_week,26088,145,AP2,constant,hist_gradient_boosting,0,PAIRWISE_EXACT,B,B,False,False
beijing,Aotizhongxin,72,3,origin_week,26088,145,AP2,logistic,hist_gradient_boosting,0,PAIRWISE_EXACT,B,B,False,False
beijing,Changping,24,3,annual,17520,8761,AP2,constant,logistic,386,PAIRWISE_INSUFFICIENT,B,B,False,True
beijing,Changping,24,3,annual,17520,8761,AP2,constant,hist_gradient_boosting,386,PAIRWISE_INSUFFICIENT,B,B,False,True
beijing,Changping,24,3,annual,17520,8761,AP2,logistic,hist_gradient_boosting,386,PAIRWISE_INSUFFICIENT,OPPOSITE_POSSIBLE,OPPOSITE_POSSIBLE,False,True
beijing,Changping,24,3,origin_week,17520,168,AP2,constant,logistic,11,PAIRWISE_EXACT,B,B,False,False
beijing,Changping,24,3,origin_week,17520,168,AP2,constant,hist_gradient_boosting,11,PAIRWISE_EXACT,B,B,False,False
beijing,Changping,24,3,origin_week,17520,168,AP2,logistic,hist_gradient_boosting,11,PAIRWISE_EXACT,B,B,False,False
beijing,Changping,24,3,origin_week,17688,168,AP2,constant,logistic,0,PAIRWISE_EXACT,B,B,False,False
beijing,Changping,24,3,origin_week,17688,168,AP2,constant,hist_gradient_boosting,0,PAIRWISE_EXACT,B,B,False,False
beijing,Changping,24,3,origin_week,17688,168,AP2,logistic,hist_gradient_boosting,0,PAIRWISE_EXACT,A,A,False,False
beijing,Changping,24,3,origin_week,17856,168,AP2,constant,logistic,0,PAIRWISE_EXACT,B,B,False,False
beijing,Changping,24,3,origin_week,17856,168,AP2,constant,hist_gradient_boosting,0,PAIRWISE_EXACT,B,B,False,False
beijing,Changping,24,3,origin_week,17856,168,AP2,logistic,hist_gradient_boosting,0,PAIRWISE_EXACT,A,A,False,False
beijing,Changping,24,3,origin_week,18024,168,AP2,constant,logistic,0,PAIRWISE_EXACT,B,B,False,False
beijing,Changping,24,3,origin_week,18024,168,AP2,constant,hist_gradient_boosting,0,PAIRWISE_EXACT,B,B,False,False
beijing,Changping,24,3,origin_week,18024,168,AP2,logistic,hist_gradient_boosting,0,PAIRWISE_EXACT,B,B,False,False
beijing,Changping,24,3,origin_week,18192,168,AP2,constant,logistic,1,PAIRWISE_EXACT,B,B,False,False
beijing,Changping,24,3,origin_week,18192,168,AP2,constant,hist_gradient_boosting,1,PAIRWISE_EXACT,B,B,False,False
beijing,Changping,24,3,origin_week,18192,168,AP2,logistic,hist_gradient_boosting,1,PAIRWISE_EXACT,A,A,False,False
beijing,Changping,24,3,origin_week,18360,168,AP2,constant,logistic,0,PAIRWISE_EXACT,B,B,False,False
beijing,Changping,24,3,origin_week,18360,168,AP2,constant,hist_gradient_boosting,0,PAIRWISE_EXACT,B,B,False,False
beijing,Changping,24,3,origin_week,18360,168,AP2,logistic,hist_gradient_boosting,0,PAIRWISE_EXACT,B,B,False,False
beijing,Changping,24,3,origin_week,18528,168,AP2,constant,logistic,7,PAIRWISE_EXACT,B,B,False,False
beijing,Changping,24,3,origin_week,18528,168,AP2,constant,hist_gradient_boosting,7,PAIRWISE_EXACT,B,B,False,False
beijing,Changping,24,3,origin_week,18528,168,AP2,logistic,hist_gradient_boosting,7,PAIRWISE_EXACT,B,B,False,False
beijing,Changping,24,3,origin_week,18696,168,AP2,constant,logistic,14,PAIRWISE_EXACT,OPPOSITE_POSSIBLE,OPPOSITE_POSSIBLE,False,False
beijing,Changping,24,3,origin_week,18696,168,AP2,constant,hist_gradient_boosting,14,PAIRWISE_EXACT,A,A,False,False
beijing,Changping,24,3,origin_week,18696,168,AP2,logistic,hist_gradient_boosting,14,PAIRWISE_EXACT,A,A,False,False
beijing,Changping,24,3,origin_week,18864,168,AP2,constant,logistic,1,PAIRWISE_EXACT,B,B,False,False
beijing,Changping,24,3,origin_week,18864,168,AP2,constant,hist_gradient_boosting,1,PAIRWISE_EXACT,B,B,False,False
beijing,Changping,24,3,origin_week,18864,168,AP2,logistic,hist_gradient_boosting,1,PAIRWISE_EXACT,B,B,False,False
beijing,Changping,24,3,origin_week,19032,168,AP2,constant,logistic,0,PAIRWISE_EXACT,B,B,False,False
beijing,Changping,24,3,origin_week,19032,168,AP2,constant,hist_gradient_boosting,0,PAIRWISE_EXACT,B,B,False,False
beijing,Changping,24,3,origin_week,19032,168,AP2,logistic,hist_gradient_boosting,0,PAIRWISE_EXACT,A,A,False,False
beijing,Changping,24,3,origin_week,19200,168,AP2,constant,logistic,0,PAIRWISE_EXACT,B,B,False,False
beijing,Changping,24,3,origin_week,19200,168,AP2,constant,hist_gradient_boosting,0,PAIRWISE_EXACT,B,B,False,False
beijing,Changping,24,3,origin_week,19200,168,AP2,logistic,hist_gradient_boosting,0,PAIRWISE_EXACT,A,A,False,False
beijing,Changping,24,3,origin_week,19368,168,AP2,constant,logistic,4,PAIRWISE_EXACT,B,B,False,False
beijing,Changping,24,3,origin_week,19368,168,AP2,constant,hist_gradient_boosting,4,PAIRWISE_EXACT,B,B,False,False
beijing,Changping,24,3,origin_week,19368,168,AP2,logistic,hist_gradient_boosting,4,PAIRWISE_EXACT,B,B,False,False
beijing,Changping,24,3,origin_week,19536,168,AP2,constant,logistic,0,PAIRWISE_EXACT,B,B,False,False
beijing,Changping,24,3,origin_week,19536,168,AP2,constant,hist_gradient_boosting,0,PAIRWISE_EXACT,B,B,False,False
beijing,Changping,24,3,origin_week,19536,168,AP2,logistic,hist_gradient_boosting,0,PAIRWISE_EXACT,B,B,False,False
beijing,Changping,24,3,origin_week,19704,168,AP2,constant,logistic,48,PAIRWISE_INSUFFICIENT,B,B,False,False
beijing,Changping,24,3,origin_week,19704,168,AP2,constant,hist_gradient_boosting,48,PAIRWISE_INSUFFICIENT,B,B,False,False
beijing,Changping,24,3,origin_week,19704,168,AP2,logistic,hist_gradient_boosting,48,PAIRWISE_INSUFFICIENT,B,B,False,True
beijing,Changping,24,3,origin_week,19872,168,AP2,constant,logistic,22,PAIRWISE_EXACT,B,B,False,False
beijing,Changping,24,3,origin_week,19872,168,AP2,constant,hist_gradient_boosting,22,PAIRWISE_EXACT,B,B,False,False
beijing,Changping,24,3,origin_week,19872,168,AP2,logistic,hist_gradient_boosting,22,PAIRWISE_EXACT,OPPOSITE_POSSIBLE,OPPOSITE_POSSIBLE,False,False
beijing,Changping,24,3,origin_week,20040,168,AP2,constant,logistic,6,PAIRWISE_EXACT,B,B,False,False
beijing,Changping,24,3,origin_week,20040,168,AP2,constant,hist_gradient_boosting,6,PAIRWISE_EXACT,B,B,False,False
beijing,Changping,24,3,origin_week,20040,168,AP2,logistic,hist_gradient_boosting,6,PAIRWISE_EXACT,B,B,False,False
beijing,Changping,24,3,origin_week,20208,168,AP2,constant,logistic,0,PAIRWISE_EXACT,B,B,False,False
beijing,Changping,24,3,origin_week,20208,168,AP2,constant,hist_gradient_boosting,0,PAIRWISE_EXACT,B,B,False,False
beijing,Changping,24,3,origin_week,20208,168,AP2,logistic,hist_gradient_boosting,0,PAIRWISE_EXACT,B,B,False,False
beijing,Changping,24,3,origin_week,20376,168,AP2,constant,logistic,0,PAIRWISE_EXACT,B,B,False,False
beijing,Changping,24,3,origin_week,20376,168,AP2,constant,hist_gradient_boosting,0,PAIRWISE_EXACT,B,B,False,False
beijing,Changping,24,3,origin_week,20376,168,AP2,logistic,hist_gradient_boosting,0,PAIRWISE_EXACT,A,A,False,False
beijing,Changping,24,3,origin_week,20544,168,AP2,constant,logistic,0,PAIRWISE_EXACT,B,B,False,False
beijing,Changping,24,3,origin_week,20544,168,AP2,constant,hist_gradient_boosting,0,PAIRWISE_EXACT,B,B,False,False
beijing,Changping,24,3,origin_week,20544,168,AP2,logistic,hist_gradient_boosting,0,PAIRWISE_EXACT,B,B,False,False
beijing,Changping,24,3,origin_week,20712,168,AP2,constant,logistic,0,PAIRWISE_EXACT,B,B,False,False
beijing,Changping,24,3,origin_week,20712,168,AP2,constant,hist_gradient_boosting,0,PAIRWISE_EXACT,B,B,False,False
beijing,Changping,24,3,origin_week,20712,168,AP2,logistic,hist_gradient_boosting,0,PAIRWISE_EXACT,A,A,False,False
beijing,Changping,24,3,origin_week,20880,168,AP2,constant,logistic,0,PAIRWISE_EXACT,B,B,False,False
beijing,Changping,24,3,origin_week,20880,168,AP2,constant,hist_gradient_boosting,0,PAIRWISE_EXACT,B,B,False,False
beijing,Changping,24,3,origin_week,20880,168,AP2,logistic,hist_gradient_boosting,0,PAIRWISE_EXACT,B,B,False,False
beijing,Changping,24,3,origin_week,21048,168,AP2,constant,logistic,0,PAIRWISE_EXACT,B,B,False,False
beijing,Changping,24,3,origin_week,21048,168,AP2,constant,hist_gradient_boosting,0,PAIRWISE_EXACT,B,B,False,False
beijing,Changping,24,3,origin_week,21048,168,AP2,logistic,hist_gradient_boosting,0,PAIRWISE_EXACT,A,A,False,False
beijing,Changping,24,3,origin_week,21216,168,AP2,constant,logistic,25,PAIRWISE_INSUFFICIENT,B,B,False,False
beijing,Changping,24,3,origin_week,21216,168,AP2,constant,hist_gradient_boosting,25,PAIRWISE_INSUFFICIENT,B,B,False,False
beijing,Changping,24,3,origin_week,21216,168,AP2,logistic,hist_gradient_boosting,25,PAIRWISE_INSUFFICIENT,A,A,False,False
beijing,Changping,24,3,origin_week,21384,168,AP2,constant,logistic,0,PAIRWISE_EXACT,B,B,False,False
beijing,Changping,24,3,origin_week,21384,168,AP2,constant,hist_gradient_boosting,0,PAIRWISE_EXACT,B,B,False,False
beijing,Changping,24,3,origin_week,21384,168,AP2,logistic,hist_gradient_boosting,0,PAIRWISE_EXACT,A,A,False,False
beijing,Changping,24,3,origin_week,21552,168,AP2,constant,logistic,0,PAIRWISE_EXACT,B,B,False,False
beijing,Changping,24,3,origin_week,21552,168,AP2,constant,hist_gradient_boosting,0,PAIRWISE_EXACT,B,B,False,False
beijing,Changping,24,3,origin_week,21552,168,AP2,logistic,hist_gradient_boosting,0,PAIRWISE_EXACT,A,A,False,False
beijing,Changping,24,3,origin_week,21720,168,AP2,constant,logistic,0,PAIRWISE_EXACT,B,B,False,False
beijing,Changping,24,3,origin_week,21720,168,AP2,constant,hist_gradient_boosting,0,PAIRWISE_EXACT,B,B,False,False
beijing,Changping,24,3,origin_week,21720,168,AP2,logistic,hist_gradient_boosting,0,PAIRWISE_EXACT,B,B,False,False
beijing,Changping,24,3,origin_week,21888,168,AP2,constant,logistic,0,PAIRWISE_EXACT,B,B,False,False
beijing,Changping,24,3,origin_week,21888,168,AP2,constant,hist_gradient_boosting,0,PAIRWISE_EXACT,B,B,False,False
beijing,Changping,24,3,origin_week,21888,168,AP2,logistic,hist_gradient_boosting,0,PAIRWISE_EXACT,A,A,False,False
beijing,Changping,24,3,origin_week,22056,168,AP2,constant,logistic,0,PAIRWISE_EXACT,B,B,False,False
beijing,Changping,24,3,origin_week,22056,168,AP2,constant,hist_gradient_boosting,0,PAIRWISE_EXACT,B,B,False,False
beijing,Changping,24,3,origin_week,22056,168,AP2,logistic,hist_gradient_boosting,0,PAIRWISE_EXACT,A,A,False,False
beijing,Changping,24,3,origin_week,22224,168,AP2,constant,logistic,17,PAIRWISE_EXACT,OPPOSITE_POSSIBLE,OPPOSITE_POSSIBLE,False,False
beijing,Changping,24,3,origin_week,22224,168,AP2,constant,hist_gradient_boosting,17,PAIRWISE_EXACT,OPPOSITE_POSSIBLE,OPPOSITE_POSSIBLE,False,False
beijing,Changping,24,3,origin_week,22224,168,AP2,logistic,hist_gradient_boosting,17,PAIRWISE_EXACT,A,A,False,False
beijing,Changping,24,3,origin_week,22392,168,AP2,constant,logistic,0,PAIRWISE_EXACT,B,B,False,False
beijing,Changping,24,3,origin_week,22392,168,AP2,constant,hist_gradient_boosting,0,PAIRWISE_EXACT,B,B,False,False
beijing,Changping,24,3,origin_week,22392,168,AP2,logistic,hist_gradient_boosting,0,PAIRWISE_EXACT,A,A,False,False
beijing,Changping,24,3,origin_week,22560,168,AP2,constant,logistic,35,PAIRWISE_INSUFFICIENT,B,B,False,True
beijing,Changping,24,3,origin_week,22560,168,AP2,constant,hist_gradient_boosting,35,PAIRWISE_INSUFFICIENT,B,B,False,True
beijing,Changping,24,3,origin_week,22560,168,AP2,logistic,hist_gradient_boosting,35,PAIRWISE_INSUFFICIENT,A,A,False,True
beijing,Changping,24,3,origin_week,22728,168,AP2,constant,logistic,151,PAIRWISE_INSUFFICIENT,OPPOSITE_POSSIBLE,OPPOSITE_POSSIBLE,False,False
beijing,Changping,24,3,origin_week,22728,168,AP2,constant,hist_gradient_boosting,151,PAIRWISE_INSUFFICIENT,OPPOSITE_POSSIBLE,OPPOSITE_POSSIBLE,False,True
beijing,Changping,24,3,origin_week,22728,168,AP2,logistic,hist_gradient_boosting,151,PAIRWISE_INSUFFICIENT,B,B,False,True
beijing,Changping,24,3,origin_week,22896,168,AP2,constant,logistic,0,PAIRWISE_EXACT,B,B,False,False
beijing,Changping,24,3,origin_week,22896,168,AP2,constant,hist_gradient_boosting,0,PAIRWISE_EXACT,B,B,False,False
beijing,Changping,24,3,origin_week,22896,168,AP2,logistic,hist_gradient_boosting,0,PAIRWISE_EXACT,B,B,False,False
beijing,Changping,24,3,origin_week,23064,168,AP2,constant,logistic,0,PAIRWISE_EXACT,B,B,False,False
beijing,Changping,24,3,origin_week,23064,168,AP2,constant,hist_gradient_boosting,0,PAIRWISE_EXACT,B,B,False,False
beijing,Changping,24,3,origin_week,23064,168,AP2,logistic,hist_gradient_boosting,0,PAIRWISE_EXACT,A,A,False,False
beijing,Changping,24,3,origin_week,23232,168,AP2,constant,logistic,18,PAIRWISE_EXACT,B,B,False,False
beijing,Changping,24,3,origin_week,23232,168,AP2,constant,hist_gradient_boosting,18,PAIRWISE_EXACT,B,B,False,False
beijing,Changping,24,3,origin_week,23232,168,AP2,logistic,hist_gradient_boosting,18,PAIRWISE_EXACT,A,A,False,False
beijing,Changping,24,3,origin_week,23400,168,AP2,constant,logistic,6,PAIRWISE_EXACT,A,A,False,False
beijing,Changping,24,3,origin_week,23400,168,AP2,constant,hist_gradient_boosting,6,PAIRWISE_EXACT,OPPOSITE_POSSIBLE,OPPOSITE_POSSIBLE,False,False
beijing,Changping,24,3,origin_week,23400,168,AP2,logistic,hist_gradient_boosting,6,PAIRWISE_EXACT,OPPOSITE_POSSIBLE,OPPOSITE_POSSIBLE,False,False
beijing,Changping,24,3,origin_week,23568,168,AP2,constant,logistic,0,PAIRWISE_EXACT,B,B,False,False
beijing,Changping,24,3,origin_week,23568,168,AP2,constant,hist_gradient_boosting,0,PAIRWISE_EXACT,B,B,False,False
beijing,Changping,24,3,origin_week,23568,168,AP2,logistic,hist_gradient_boosting,0,PAIRWISE_EXACT,B,B,False,False
beijing,Changping,24,3,origin_week,23736,168,AP2,constant,logistic,0,PAIRWISE_EXACT,B,B,False,False
beijing,Changping,24,3,origin_week,23736,168,AP2,constant,hist_gradient_boosting,0,PAIRWISE_EXACT,A,A,False,False
beijing,Changping,24,3,origin_week,23736,168,AP2,logistic,hist_gradient_boosting,0,PAIRWISE_EXACT,A,A,False,False
beijing,Changping,24,3,origin_week,23904,168,AP2,constant,logistic,0,PAIRWISE_EXACT,B,B,False,False
beijing,Changping,24,3,origin_week,23904,168,AP2,constant,hist_gradient_boosting,0,PAIRWISE_EXACT,B,B,False,False
beijing,Changping,24,3,origin_week,23904,168,AP2,logistic,hist_gradient_boosting,0,PAIRWISE_EXACT,A,A,False,False
beijing,Changping,24,3,origin_week,24072,168,AP2,constant,logistic,5,PAIRWISE_EXACT,B,B,False,False
beijing,Changping,24,3,origin_week,24072,168,AP2,constant,hist_gradient_boosting,5,PAIRWISE_EXACT,B,B,False,False
beijing,Changping,24,3,origin_week,24072,168,AP2,logistic,hist_gradient_boosting,5,PAIRWISE_EXACT,B,B,False,False
beijing,Changping,24,3,origin_week,24240,168,AP2,constant,logistic,0,PAIRWISE_EXACT,B,B,False,False
beijing,Changping,24,3,origin_week,24240,168,AP2,constant,hist_gradient_boosting,0,PAIRWISE_EXACT,B,B,False,False
beijing,Changping,24,3,origin_week,24240,168,AP2,logistic,hist_gradient_boosting,0,PAIRWISE_EXACT,B,B,False,False
beijing,Changping,24,3,origin_week,24408,168,AP2,constant,logistic,14,PAIRWISE_EXACT,B,B,False,False
beijing,Changping,24,3,origin_week,24408,168,AP2,constant,hist_gradient_boosting,14,PAIRWISE_EXACT,B,B,False,False
beijing,Changping,24,3,origin_week,24408,168,AP2,logistic,hist_gradient_boosting,14,PAIRWISE_EXACT,A,A,False,False
beijing,Changping,24,3,origin_week,24576,168,AP2,constant,logistic,0,PAIRWISE_EXACT,B,B,False,False
beijing,Changping,24,3,origin_week,24576,168,AP2,constant,hist_gradient_boosting,0,PAIRWISE_EXACT,B,B,False,False
beijing,Changping,24,3,origin_week,24576,168,AP2,logistic,hist_gradient_boosting,0,PAIRWISE_EXACT,B,B,False,False
beijing,Changping,24,3,origin_week,24744,168,AP2,constant,logistic,0,PAIRWISE_EXACT,B,B,False,False
beijing,Changping,24,3,origin_week,24744,168,AP2,constant,hist_gradient_boosting,0,PAIRWISE_EXACT,A,A,False,False
beijing,Changping,24,3,origin_week,24744,168,AP2,logistic,hist_gradient_boosting,0,PAIRWISE_EXACT,A,A,False,False
beijing,Changping,24,3,origin_week,24912,168,AP2,constant,logistic,1,PAIRWISE_EXACT,B,B,False,False
beijing,Changping,24,3,origin_week,24912,168,AP2,constant,hist_gradient_boosting,1,PAIRWISE_EXACT,B,B,False,False
beijing,Changping,24,3,origin_week,24912,168,AP2,logistic,hist_gradient_boosting,1,PAIRWISE_EXACT,A,A,False,False
beijing,Changping,24,3,origin_week,25080,168,AP2,constant,logistic,0,PAIRWISE_EXACT,B,B,False,False
beijing,Changping,24,3,origin_week,25080,168,AP2,constant,hist_gradient_boosting,0,PAIRWISE_EXACT,B,B,False,False
beijing,Changping,24,3,origin_week,25080,168,AP2,logistic,hist_gradient_boosting,0,PAIRWISE_EXACT,B,B,False,False
beijing,Changping,24,3,origin_week,25248,168,AP2,constant,logistic,0,PAIRWISE_EXACT,B,B,False,False
beijing,Changping,24,3,origin_week,25248,168,AP2,constant,hist_gradient_boosting,0,PAIRWISE_EXACT,B,B,False,False
beijing,Changping,24,3,origin_week,25248,168,AP2,logistic,hist_gradient_boosting,0,PAIRWISE_EXACT,B,B,False,False
beijing,Changping,24,3,origin_week,25416,168,AP2,constant,logistic,0,PAIRWISE_EXACT,B,B,False,False
beijing,Changping,24,3,origin_week,25416,168,AP2,constant,hist_gradient_boosting,0,PAIRWISE_EXACT,B,B,False,False
beijing,Changping,24,3,origin_week,25416,168,AP2,logistic,hist_gradient_boosting,0,PAIRWISE_EXACT,A,A,False,False
beijing,Changping,24,3,origin_week,25584,168,AP2,constant,logistic,0,PAIRWISE_EXACT,B,B,False,False
beijing,Changping,24,3,origin_week,25584,168,AP2,constant,hist_gradient_boosting,0,PAIRWISE_EXACT,B,B,False,False
beijing,Changping,24,3,origin_week,25584,168,AP2,logistic,hist_gradient_boosting,0,PAIRWISE_EXACT,B,B,False,False
beijing,Changping,24,3,origin_week,25752,168,AP2,constant,logistic,0,PAIRWISE_EXACT,A,A,False,False
beijing,Changping,24,3,origin_week,25752,168,AP2,constant,hist_gradient_boosting,0,PAIRWISE_EXACT,B,B,False,False
beijing,Changping,24,3,origin_week,25752,168,AP2,logistic,hist_gradient_boosting,0,PAIRWISE_EXACT,B,B,False,False
beijing,Changping,24,3,origin_week,25920,168,AP2,constant,logistic,0,PAIRWISE_EXACT,B,B,False,False
beijing,Changping,24,3,origin_week,25920,168,AP2,constant,hist_gradient_boosting,0,PAIRWISE_EXACT,B,B,False,False
beijing,Changping,24,3,origin_week,25920,168,AP2,logistic,hist_gradient_boosting,0,PAIRWISE_EXACT,A,A,False,False
beijing,Changping,24,3,origin_week,26088,168,AP2,constant,logistic,0,PAIRWISE_EXACT,B,B,False,False
beijing,Changping,24,3,origin_week,26088,168,AP2,constant,hist_gradient_boosting,0,PAIRWISE_EXACT,B,B,False,False
beijing,Changping,24,3,origin_week,26088,168,AP2,logistic,hist_gradient_boosting,0,PAIRWISE_EXACT,B,B,False,False
beijing,Changping,24,3,origin_week,26256,25,AP2,constant,logistic,0,PAIRWISE_EXACT,B,B,False,False
beijing,Changping,24,3,origin_week,26256,25,AP2,constant,hist_gradient_boosting,0,PAIRWISE_EXACT,B,B,False,False
beijing,Changping,24,3,origin_week,26256,25,AP2,logistic,hist_gradient_boosting,0,PAIRWISE_EXACT,B,B,False,False
beijing,Changping,72,3,annual,17520,8713,AP2,constant,logistic,463,PAIRWISE_INSUFFICIENT,B,B,False,True
beijing,Changping,72,3,annual,17520,8713,AP2,constant,hist_gradient_boosting,463,PAIRWISE_INSUFFICIENT,B,B,False,True
beijing,Changping,72,3,annual,17520,8713,AP2,logistic,hist_gradient_boosting,463,PAIRWISE_INSUFFICIENT,A,A,False,False
beijing,Changping,72,3,origin_week,17520,168,AP2,constant,logistic,11,PAIRWISE_EXACT,A,A,False,False
beijing,Changping,72,3,origin_week,17520,168,AP2,constant,hist_gradient_boosting,11,PAIRWISE_EXACT,A,A,False,False
beijing,Changping,72,3,origin_week,17520,168,AP2,logistic,hist_gradient_boosting,11,PAIRWISE_EXACT,B,B,False,False
beijing,Changping,72,3,origin_week,17688,168,AP2,constant,logistic,0,PAIRWISE_EXACT,B,B,False,False
beijing,Changping,72,3,origin_week,17688,168,AP2,constant,hist_gradient_boosting,0,PAIRWISE_EXACT,B,B,False,False
beijing,Changping,72,3,origin_week,17688,168,AP2,logistic,hist_gradient_boosting,0,PAIRWISE_EXACT,A,A,False,False
beijing,Changping,72,3,origin_week,17856,168,AP2,constant,logistic,0,PAIRWISE_EXACT,B,B,False,False
beijing,Changping,72,3,origin_week,17856,168,AP2,constant,hist_gradient_boosting,0,PAIRWISE_EXACT,A,A,False,False
beijing,Changping,72,3,origin_week,17856,168,AP2,logistic,hist_gradient_boosting,0,PAIRWISE_EXACT,A,A,False,False
beijing,Changping,72,3,origin_week,18024,168,AP2,constant,logistic,0,PAIRWISE_EXACT,A,A,False,False
beijing,Changping,72,3,origin_week,18024,168,AP2,constant,hist_gradient_boosting,0,PAIRWISE_EXACT,A,A,False,False
beijing,Changping,72,3,origin_week,18024,168,AP2,logistic,hist_gradient_boosting,0,PAIRWISE_EXACT,B,B,False,False
beijing,Changping,72,3,origin_week,18192,168,AP2,constant,logistic,1,PAIRWISE_EXACT,B,B,False,False
beijing,Changping,72,3,origin_week,18192,168,AP2,constant,hist_gradient_boosting,1,PAIRWISE_EXACT,A,A,False,False
beijing,Changping,72,3,origin_week,18192,168,AP2,logistic,hist_gradient_boosting,1,PAIRWISE_EXACT,A,A,False,False
beijing,Changping,72,3,origin_week,18360,168,AP2,constant,logistic,0,PAIRWISE_EXACT,A,A,False,False
beijing,Changping,72,3,origin_week,18360,168,AP2,constant,hist_gradient_boosting,0,PAIRWISE_EXACT,A,A,False,False
beijing,Changping,72,3,origin_week,18360,168,AP2,logistic,hist_gradient_boosting,0,PAIRWISE_EXACT,B,B,False,False
beijing,Changping,72,3,origin_week,18528,168,AP2,constant,logistic,0,PAIRWISE_EXACT,B,B,False,False
beijing,Changping,72,3,origin_week,18528,168,AP2,constant,hist_gradient_boosting,0,PAIRWISE_EXACT,B,B,False,False
beijing,Changping,72,3,origin_week,18528,168,AP2,logistic,hist_gradient_boosting,0,PAIRWISE_EXACT,A,A,False,False
beijing,Changping,72,3,origin_week,18696,168,AP2,constant,logistic,14,PAIRWISE_EXACT,A,A,False,False
beijing,Changping,72,3,origin_week,18696,168,AP2,constant,hist_gradient_boosting,14,PAIRWISE_EXACT,A,A,False,False
beijing,Changping,72,3,origin_week,18696,168,AP2,logistic,hist_gradient_boosting,14,PAIRWISE_EXACT,A,A,False,False
beijing,Changping,72,3,origin_week,18864,168,AP2,constant,logistic,0,PAIRWISE_EXACT,A,A,False,False
beijing,Changping,72,3,origin_week,18864,168,AP2,constant,hist_gradient_boosting,0,PAIRWISE_EXACT,A,A,False,False
beijing,Changping,72,3,origin_week,18864,168,AP2,logistic,hist_gradient_boosting,0,PAIRWISE_EXACT,B,B,False,False
beijing,Changping,72,3,origin_week,19032,168,AP2,constant,logistic,0,PAIRWISE_EXACT,B,B,False,False
beijing,Changping,72,3,origin_week,19032,168,AP2,constant,hist_gradient_boosting,0,PAIRWISE_EXACT,A,A,False,False
beijing,Changping,72,3,origin_week,19032,168,AP2,logistic,hist_gradient_boosting,0,PAIRWISE_EXACT,A,A,False,False
beijing,Changping,72,3,origin_week,19200,168,AP2,constant,logistic,0,PAIRWISE_EXACT,B,B,False,False
beijing,Changping,72,3,origin_week,19200,168,AP2,constant,hist_gradient_boosting,0,PAIRWISE_EXACT,A,A,False,False
beijing,Changping,72,3,origin_week,19200,168,AP2,logistic,hist_gradient_boosting,0,PAIRWISE_EXACT,A,A,False,False
beijing,Changping,72,3,origin_week,19368,168,AP2,constant,logistic,4,PAIRWISE_EXACT,B,B,False,False
beijing,Changping,72,3,origin_week,19368,168,AP2,constant,hist_gradient_boosting,4,PAIRWISE_EXACT,B,B,False,False
beijing,Changping,72,3,origin_week,19368,168,AP2,logistic,hist_gradient_boosting,4,PAIRWISE_EXACT,B,B,False,False
beijing,Changping,72,3,origin_week,19536,168,AP2,constant,logistic,0,PAIRWISE_EXACT,A,A,False,False
beijing,Changping,72,3,origin_week,19536,168,AP2,constant,hist_gradient_boosting,0,PAIRWISE_EXACT,B,B,False,False
beijing,Changping,72,3,origin_week,19536,168,AP2,logistic,hist_gradient_boosting,0,PAIRWISE_EXACT,B,B,False,False
beijing,Changping,72,3,origin_week,19704,168,AP2,constant,logistic,117,PAIRWISE_INSUFFICIENT,OPPOSITE_POSSIBLE,OPPOSITE_POSSIBLE,False,True
beijing,Changping,72,3,origin_week,19704,168,AP2,constant,hist_gradient_boosting,117,PAIRWISE_INSUFFICIENT,OPPOSITE_POSSIBLE,OPPOSITE_POSSIBLE,False,True
beijing,Changping,72,3,origin_week,19704,168,AP2,logistic,hist_gradient_boosting,117,PAIRWISE_INSUFFICIENT,OPPOSITE_POSSIBLE,OPPOSITE_POSSIBLE,False,False
beijing,Changping,72,3,origin_week,19872,168,AP2,constant,logistic,6,PAIRWISE_EXACT,B,B,False,False
beijing,Changping,72,3,origin_week,19872,168,AP2,constant,hist_gradient_boosting,6,PAIRWISE_EXACT,A,A,False,False
beijing,Changping,72,3,origin_week,19872,168,AP2,logistic,hist_gradient_boosting,6,PAIRWISE_EXACT,A,A,False,False
beijing,Changping,72,3,origin_week,20040,168,AP2,constant,logistic,0,PAIRWISE_EXACT,B,B,False,False
beijing,Changping,72,3,origin_week,20040,168,AP2,constant,hist_gradient_boosting,0,PAIRWISE_EXACT,B,B,False,False
beijing,Changping,72,3,origin_week,20040,168,AP2,logistic,hist_gradient_boosting,0,PAIRWISE_EXACT,B,B,False,False
beijing,Changping,72,3,origin_week,20208,168,AP2,constant,logistic,0,PAIRWISE_EXACT,A,A,False,False
beijing,Changping,72,3,origin_week,20208,168,AP2,constant,hist_gradient_boosting,0,PAIRWISE_EXACT,B,B,False,False
beijing,Changping,72,3,origin_week,20208,168,AP2,logistic,hist_gradient_boosting,0,PAIRWISE_EXACT,B,B,False,False
beijing,Changping,72,3,origin_week,20376,168,AP2,constant,logistic,0,PAIRWISE_EXACT,B,B,False,False
beijing,Changping,72,3,origin_week,20376,168,AP2,constant,hist_gradient_boosting,0,PAIRWISE_EXACT,B,B,False,False
beijing,Changping,72,3,origin_week,20376,168,AP2,logistic,hist_gradient_boosting,0,PAIRWISE_EXACT,A,A,False,False
beijing,Changping,72,3,origin_week,20544,168,AP2,constant,logistic,0,PAIRWISE_EXACT,A,A,False,False
beijing,Changping,72,3,origin_week,20544,168,AP2,constant,hist_gradient_boosting,0,PAIRWISE_EXACT,A,A,False,False
beijing,Changping,72,3,origin_week,20544,168,AP2,logistic,hist_gradient_boosting,0,PAIRWISE_EXACT,B,B,False,False
beijing,Changping,72,3,origin_week,20712,168,AP2,constant,logistic,0,PAIRWISE_EXACT,B,B,False,False
beijing,Changping,72,3,origin_week,20712,168,AP2,constant,hist_gradient_boosting,0,PAIRWISE_EXACT,B,B,False,False
beijing,Changping,72,3,origin_week,20712,168,AP2,logistic,hist_gradient_boosting,0,PAIRWISE_EXACT,A,A,False,False
beijing,Changping,72,3,origin_week,20880,168,AP2,constant,logistic,0,PAIRWISE_EXACT,A,A,False,False
beijing,Changping,72,3,origin_week,20880,168,AP2,constant,hist_gradient_boosting,0,PAIRWISE_EXACT,B,B,False,False
beijing,Changping,72,3,origin_week,20880,168,AP2,logistic,hist_gradient_boosting,0,PAIRWISE_EXACT,B,B,False,False
beijing,Changping,72,3,origin_week,21048,168,AP2,constant,logistic,0,PAIRWISE_EXACT,B,B,False,False
beijing,Changping,72,3,origin_week,21048,168,AP2,constant,hist_gradient_boosting,0,PAIRWISE_EXACT,B,B,False,False
beijing,Changping,72,3,origin_week,21048,168,AP2,logistic,hist_gradient_boosting,0,PAIRWISE_EXACT,A,A,False,False
beijing,Changping,72,3,origin_week,21216,168,AP2,constant,logistic,18,PAIRWISE_EXACT,OPPOSITE_POSSIBLE,OPPOSITE_POSSIBLE,False,False
beijing,Changping,72,3,origin_week,21216,168,AP2,constant,hist_gradient_boosting,18,PAIRWISE_EXACT,B,B,False,False
beijing,Changping,72,3,origin_week,21216,168,AP2,logistic,hist_gradient_boosting,18,PAIRWISE_EXACT,B,B,False,False
beijing,Changping,72,3,origin_week,21384,168,AP2,constant,logistic,0,PAIRWISE_EXACT,A,A,False,False
beijing,Changping,72,3,origin_week,21384,168,AP2,constant,hist_gradient_boosting,0,PAIRWISE_EXACT,A,A,False,False
beijing,Changping,72,3,origin_week,21384,168,AP2,logistic,hist_gradient_boosting,0,PAIRWISE_EXACT,B,B,False,False
beijing,Changping,72,3,origin_week,21552,168,AP2,constant,logistic,0,PAIRWISE_EXACT,B,B,False,False
beijing,Changping,72,3,origin_week,21552,168,AP2,constant,hist_gradient_boosting,0,PAIRWISE_EXACT,B,B,False,False
beijing,Changping,72,3,origin_week,21552,168,AP2,logistic,hist_gradient_boosting,0,PAIRWISE_EXACT,A,A,False,False
beijing,Changping,72,3,origin_week,21720,168,AP2,constant,logistic,0,PAIRWISE_EXACT,B,B,False,False
beijing,Changping,72,3,origin_week,21720,168,AP2,constant,hist_gradient_boosting,0,PAIRWISE_EXACT,B,B,False,False
beijing,Changping,72,3,origin_week,21720,168,AP2,logistic,hist_gradient_boosting,0,PAIRWISE_EXACT,A,A,False,False
beijing,Changping,72,3,origin_week,21888,168,AP2,constant,logistic,0,PAIRWISE_EXACT,B,B,False,False
beijing,Changping,72,3,origin_week,21888,168,AP2,constant,hist_gradient_boosting,0,PAIRWISE_EXACT,B,B,False,False
beijing,Changping,72,3,origin_week,21888,168,AP2,logistic,hist_gradient_boosting,0,PAIRWISE_EXACT,A,A,False,False
beijing,Changping,72,3,origin_week,22056,168,AP2,constant,logistic,0,PAIRWISE_EXACT,B,B,False,False
beijing,Changping,72,3,origin_week,22056,168,AP2,constant,hist_gradient_boosting,0,PAIRWISE_EXACT,B,B,False,False
beijing,Changping,72,3,origin_week,22056,168,AP2,logistic,hist_gradient_boosting,0,PAIRWISE_EXACT,A,A,False,False
beijing,Changping,72,3,origin_week,22224,168,AP2,constant,logistic,0,PAIRWISE_EXACT,A,A,False,False
beijing,Changping,72,3,origin_week,22224,168,AP2,constant,hist_gradient_boosting,0,PAIRWISE_EXACT,A,A,False,False
beijing,Changping,72,3,origin_week,22224,168,AP2,logistic,hist_gradient_boosting,0,PAIRWISE_EXACT,B,B,False,False
beijing,Changping,72,3,origin_week,22392,168,AP2,constant,logistic,0,PAIRWISE_EXACT,B,B,False,False
beijing,Changping,72,3,origin_week,22392,168,AP2,constant,hist_gradient_boosting,0,PAIRWISE_EXACT,B,B,False,False
beijing,Changping,72,3,origin_week,22392,168,AP2,logistic,hist_gradient_boosting,0,PAIRWISE_EXACT,B,B,False,False
beijing,Changping,72,3,origin_week,22560,168,AP2,constant,logistic,83,PAIRWISE_INSUFFICIENT,B,B,False,True
beijing,Changping,72,3,origin_week,22560,168,AP2,constant,hist_gradient_boosting,83,PAIRWISE_INSUFFICIENT,OPPOSITE_POSSIBLE,OPPOSITE_POSSIBLE,False,True
beijing,Changping,72,3,origin_week,22560,168,AP2,logistic,hist_gradient_boosting,83,PAIRWISE_INSUFFICIENT,A,A,False,False
beijing,Changping,72,3,origin_week,22728,168,AP2,constant,logistic,151,PAIRWISE_INSUFFICIENT,A,A,False,False
beijing,Changping,72,3,origin_week,22728,168,AP2,constant,hist_gradient_boosting,151,PAIRWISE_INSUFFICIENT,OPPOSITE_POSSIBLE,A,True,True
beijing,Changping,72,3,origin_week,22728,168,AP2,logistic,hist_gradient_boosting,151,PAIRWISE_INSUFFICIENT,B,B,False,False
beijing,Changping,72,3,origin_week,22896,168,AP2,constant,logistic,0,PAIRWISE_EXACT,A,A,False,False
beijing,Changping,72,3,origin_week,22896,168,AP2,constant,hist_gradient_boosting,0,PAIRWISE_EXACT,A,A,False,False
beijing,Changping,72,3,origin_week,22896,168,AP2,logistic,hist_gradient_boosting,0,PAIRWISE_EXACT,B,B,False,False
beijing,Changping,72,3,origin_week,23064,168,AP2,constant,logistic,0,PAIRWISE_EXACT,B,B,False,False
beijing,Changping,72,3,origin_week,23064,168,AP2,constant,hist_gradient_boosting,0,PAIRWISE_EXACT,B,B,False,False
beijing,Changping,72,3,origin_week,23064,168,AP2,logistic,hist_gradient_boosting,0,PAIRWISE_EXACT,A,A,False,False
beijing,Changping,72,3,origin_week,23232,168,AP2,constant,logistic,52,PAIRWISE_EXACT,B,B,False,False
beijing,Changping,72,3,origin_week,23232,168,AP2,constant,hist_gradient_boosting,52,PAIRWISE_EXACT,B,B,False,False
beijing,Changping,72,3,origin_week,23232,168,AP2,logistic,hist_gradient_boosting,52,PAIRWISE_EXACT,A,A,False,False
beijing,Changping,72,3,origin_week,23400,168,AP2,constant,logistic,0,PAIRWISE_EXACT,A,A,False,False
beijing,Changping,72,3,origin_week,23400,168,AP2,constant,hist_gradient_boosting,0,PAIRWISE_EXACT,A,A,False,False
beijing,Changping,72,3,origin_week,23400,168,AP2,logistic,hist_gradient_boosting,0,PAIRWISE_EXACT,B,B,False,False
beijing,Changping,72,3,origin_week,23568,168,AP2,constant,logistic,0,PAIRWISE_EXACT,A,A,False,False
beijing,Changping,72,3,origin_week,23568,168,AP2,constant,hist_gradient_boosting,0,PAIRWISE_EXACT,B,B,False,False
beijing,Changping,72,3,origin_week,23568,168,AP2,logistic,hist_gradient_boosting,0,PAIRWISE_EXACT,B,B,False,False
beijing,Changping,72,3,origin_week,23736,168,AP2,constant,logistic,0,PAIRWISE_EXACT,B,B,False,False
beijing,Changping,72,3,origin_week,23736,168,AP2,constant,hist_gradient_boosting,0,PAIRWISE_EXACT,B,B,False,False
beijing,Changping,72,3,origin_week,23736,168,AP2,logistic,hist_gradient_boosting,0,PAIRWISE_EXACT,A,A,False,False
beijing,Changping,72,3,origin_week,23904,168,AP2,constant,logistic,0,PAIRWISE_EXACT,A,A,False,False
beijing,Changping,72,3,origin_week,23904,168,AP2,constant,hist_gradient_boosting,0,PAIRWISE_EXACT,A,A,False,False
beijing,Changping,72,3,origin_week,23904,168,AP2,logistic,hist_gradient_boosting,0,PAIRWISE_EXACT,B,B,False,False
beijing,Changping,72,3,origin_week,24072,168,AP2,constant,logistic,5,PAIRWISE_EXACT,B,B,False,False
beijing,Changping,72,3,origin_week,24072,168,AP2,constant,hist_gradient_boosting,5,PAIRWISE_EXACT,B,B,False,False
beijing,Changping,72,3,origin_week,24072,168,AP2,logistic,hist_gradient_boosting,5,PAIRWISE_EXACT,A,A,False,False
beijing,Changping,72,3,origin_week,24240,168,AP2,constant,logistic,0,PAIRWISE_EXACT,B,B,False,False
beijing,Changping,72,3,origin_week,24240,168,AP2,constant,hist_gradient_boosting,0,PAIRWISE_EXACT,B,B,False,False
beijing,Changping,72,3,origin_week,24240,168,AP2,logistic,hist_gradient_boosting,0,PAIRWISE_EXACT,B,B,False,False
beijing,Changping,72,3,origin_week,24408,168,AP2,constant,logistic,0,PAIRWISE_EXACT,A,A,False,False
beijing,Changping,72,3,origin_week,24408,168,AP2,constant,hist_gradient_boosting,0,PAIRWISE_EXACT,A,A,False,False
beijing,Changping,72,3,origin_week,24408,168,AP2,logistic,hist_gradient_boosting,0,PAIRWISE_EXACT,B,B,False,False
beijing,Changping,72,3,origin_week,24576,168,AP2,constant,logistic,0,PAIRWISE_EXACT,B,B,False,False
beijing,Changping,72,3,origin_week,24576,168,AP2,constant,hist_gradient_boosting,0,PAIRWISE_EXACT,B,B,False,False
beijing,Changping,72,3,origin_week,24576,168,AP2,logistic,hist_gradient_boosting,0,PAIRWISE_EXACT,B,B,False,False
beijing,Changping,72,3,origin_week,24744,168,AP2,constant,logistic,0,PAIRWISE_EXACT,A,A,False,False
beijing,Changping,72,3,origin_week,24744,168,AP2,constant,hist_gradient_boosting,0,PAIRWISE_EXACT,A,A,False,False
beijing,Changping,72,3,origin_week,24744,168,AP2,logistic,hist_gradient_boosting,0,PAIRWISE_EXACT,B,B,False,False
beijing,Changping,72,3,origin_week,24912,168,AP2,constant,logistic,1,PAIRWISE_EXACT,B,B,False,False
beijing,Changping,72,3,origin_week,24912,168,AP2,constant,hist_gradient_boosting,1,PAIRWISE_EXACT,B,B,False,False
beijing,Changping,72,3,origin_week,24912,168,AP2,logistic,hist_gradient_boosting,1,PAIRWISE_EXACT,A,A,False,False
beijing,Changping,72,3,origin_week,25080,168,AP2,constant,logistic,0,PAIRWISE_EXACT,B,B,False,False
beijing,Changping,72,3,origin_week,25080,168,AP2,constant,hist_gradient_boosting,0,PAIRWISE_EXACT,B,B,False,False
beijing,Changping,72,3,origin_week,25080,168,AP2,logistic,hist_gradient_boosting,0,PAIRWISE_EXACT,B,B,False,False
beijing,Changping,72,3,origin_week,25248,168,AP2,constant,logistic,0,PAIRWISE_EXACT,B,B,False,False
beijing,Changping,72,3,origin_week,25248,168,AP2,constant,hist_gradient_boosting,0,PAIRWISE_EXACT,B,B,False,False
beijing,Changping,72,3,origin_week,25248,168,AP2,logistic,hist_gradient_boosting,0,PAIRWISE_EXACT,B,B,False,False
beijing,Changping,72,3,origin_week,25416,168,AP2,constant,logistic,0,PAIRWISE_EXACT,B,B,False,False
beijing,Changping,72,3,origin_week,25416,168,AP2,constant,hist_gradient_boosting,0,PAIRWISE_EXACT,B,B,False,False
beijing,Changping,72,3,origin_week,25416,168,AP2,logistic,hist_gradient_boosting,0,PAIRWISE_EXACT,B,B,False,False
beijing,Changping,72,3,origin_week,25584,168,AP2,constant,logistic,0,PAIRWISE_EXACT,B,B,False,False
beijing,Changping,72,3,origin_week,25584,168,AP2,constant,hist_gradient_boosting,0,PAIRWISE_EXACT,B,B,False,False
beijing,Changping,72,3,origin_week,25584,168,AP2,logistic,hist_gradient_boosting,0,PAIRWISE_EXACT,A,A,False,False
beijing,Changping,72,3,origin_week,25752,168,AP2,constant,logistic,0,PAIRWISE_EXACT,B,B,False,False
beijing,Changping,72,3,origin_week,25752,168,AP2,constant,hist_gradient_boosting,0,PAIRWISE_EXACT,A,A,False,False
beijing,Changping,72,3,origin_week,25752,168,AP2,logistic,hist_gradient_boosting,0,PAIRWISE_EXACT,A,A,False,False
beijing,Changping,72,3,origin_week,25920,168,AP2,constant,logistic,0,PAIRWISE_EXACT,B,B,False,False
beijing,Changping,72,3,origin_week,25920,168,AP2,constant,hist_gradient_boosting,0,PAIRWISE_EXACT,B,B,False,False
beijing,Changping,72,3,origin_week,25920,168,AP2,logistic,hist_gradient_boosting,0,PAIRWISE_EXACT,A,A,False,False
beijing,Changping,72,3,origin_week,26088,145,AP2,constant,logistic,0,PAIRWISE_EXACT,B,B,False,False
beijing,Changping,72,3,origin_week,26088,145,AP2,constant,hist_gradient_boosting,0,PAIRWISE_EXACT,B,B,False,False
beijing,Changping,72,3,origin_week,26088,145,AP2,logistic,hist_gradient_boosting,0,PAIRWISE_EXACT,A,A,False,False
beijing,Dingling,24,3,annual,17520,8761,AP2,constant,logistic,197,PAIRWISE_INSUFFICIENT,B,B,False,False
beijing,Dingling,24,3,annual,17520,8761,AP2,constant,hist_gradient_boosting,197,PAIRWISE_INSUFFICIENT,B,B,False,False
beijing,Dingling,24,3,annual,17520,8761,AP2,logistic,hist_gradient_boosting,197,PAIRWISE_INSUFFICIENT,A,A,False,False
beijing,Dingling,24,3,origin_week,17520,168,AP2,constant,logistic,0,PAIRWISE_EXACT,B,B,False,False
beijing,Dingling,24,3,origin_week,17520,168,AP2,constant,hist_gradient_boosting,0,PAIRWISE_EXACT,B,B,False,False
beijing,Dingling,24,3,origin_week,17520,168,AP2,logistic,hist_gradient_boosting,0,PAIRWISE_EXACT,A,A,False,False
beijing,Dingling,24,3,origin_week,17688,168,AP2,constant,logistic,0,PAIRWISE_EXACT,B,B,False,False
beijing,Dingling,24,3,origin_week,17688,168,AP2,constant,hist_gradient_boosting,0,PAIRWISE_EXACT,B,B,False,False
beijing,Dingling,24,3,origin_week,17688,168,AP2,logistic,hist_gradient_boosting,0,PAIRWISE_EXACT,A,A,False,False
beijing,Dingling,24,3,origin_week,17856,168,AP2,constant,logistic,0,PAIRWISE_EXACT,B,B,False,False
beijing,Dingling,24,3,origin_week,17856,168,AP2,constant,hist_gradient_boosting,0,PAIRWISE_EXACT,B,B,False,False
beijing,Dingling,24,3,origin_week,17856,168,AP2,logistic,hist_gradient_boosting,0,PAIRWISE_EXACT,A,A,False,False
beijing,Dingling,24,3,origin_week,18024,168,AP2,constant,logistic,0,PAIRWISE_EXACT,B,B,False,False
beijing,Dingling,24,3,origin_week,18024,168,AP2,constant,hist_gradient_boosting,0,PAIRWISE_EXACT,B,B,False,False
beijing,Dingling,24,3,origin_week,18024,168,AP2,logistic,hist_gradient_boosting,0,PAIRWISE_EXACT,B,B,False,False
beijing,Dingling,24,3,origin_week,18192,168,AP2,constant,logistic,1,PAIRWISE_EXACT,B,B,False,False
beijing,Dingling,24,3,origin_week,18192,168,AP2,constant,hist_gradient_boosting,1,PAIRWISE_EXACT,B,B,False,False
beijing,Dingling,24,3,origin_week,18192,168,AP2,logistic,hist_gradient_boosting,1,PAIRWISE_EXACT,A,A,False,False
beijing,Dingling,24,3,origin_week,18360,168,AP2,constant,logistic,7,PAIRWISE_EXACT,B,B,False,False
beijing,Dingling,24,3,origin_week,18360,168,AP2,constant,hist_gradient_boosting,7,PAIRWISE_EXACT,B,B,False,False
beijing,Dingling,24,3,origin_week,18360,168,AP2,logistic,hist_gradient_boosting,7,PAIRWISE_EXACT,A,A,False,False
beijing,Dingling,24,3,origin_week,18528,168,AP2,constant,logistic,13,PAIRWISE_EXACT,B,B,False,False
beijing,Dingling,24,3,origin_week,18528,168,AP2,constant,hist_gradient_boosting,13,PAIRWISE_EXACT,B,B,False,False
beijing,Dingling,24,3,origin_week,18528,168,AP2,logistic,hist_gradient_boosting,13,PAIRWISE_EXACT,B,B,False,False
beijing,Dingling,24,3,origin_week,18696,168,AP2,constant,logistic,0,PAIRWISE_EXACT,B,B,False,False
beijing,Dingling,24,3,origin_week,18696,168,AP2,constant,hist_gradient_boosting,0,PAIRWISE_EXACT,B,B,False,False
beijing,Dingling,24,3,origin_week,18696,168,AP2,logistic,hist_gradient_boosting,0,PAIRWISE_EXACT,A,A,False,False
beijing,Dingling,24,3,origin_week,18864,168,AP2,constant,logistic,6,PAIRWISE_EXACT,OPPOSITE_POSSIBLE,OPPOSITE_POSSIBLE,False,False
beijing,Dingling,24,3,origin_week,18864,168,AP2,constant,hist_gradient_boosting,6,PAIRWISE_EXACT,B,B,False,False
beijing,Dingling,24,3,origin_week,18864,168,AP2,logistic,hist_gradient_boosting,6,PAIRWISE_EXACT,B,B,False,False
beijing,Dingling,24,3,origin_week,19032,168,AP2,constant,logistic,0,PAIRWISE_EXACT,B,B,False,False
beijing,Dingling,24,3,origin_week,19032,168,AP2,constant,hist_gradient_boosting,0,PAIRWISE_EXACT,B,B,False,False
beijing,Dingling,24,3,origin_week,19032,168,AP2,logistic,hist_gradient_boosting,0,PAIRWISE_EXACT,A,A,False,False
beijing,Dingling,24,3,origin_week,19200,168,AP2,constant,logistic,25,PAIRWISE_INSUFFICIENT,B,B,False,False
beijing,Dingling,24,3,origin_week,19200,168,AP2,constant,hist_gradient_boosting,25,PAIRWISE_INSUFFICIENT,B,B,False,False
beijing,Dingling,24,3,origin_week,19200,168,AP2,logistic,hist_gradient_boosting,25,PAIRWISE_INSUFFICIENT,OPPOSITE_POSSIBLE,OPPOSITE_POSSIBLE,False,False
beijing,Dingling,24,3,origin_week,19368,168,AP2,constant,logistic,0,PAIRWISE_EXACT,B,B,False,False
beijing,Dingling,24,3,origin_week,19368,168,AP2,constant,hist_gradient_boosting,0,PAIRWISE_EXACT,B,B,False,False
beijing,Dingling,24,3,origin_week,19368,168,AP2,logistic,hist_gradient_boosting,0,PAIRWISE_EXACT,B,B,False,False
beijing,Dingling,24,3,origin_week,19536,168,AP2,constant,logistic,0,PAIRWISE_EXACT,B,B,False,False
beijing,Dingling,24,3,origin_week,19536,168,AP2,constant,hist_gradient_boosting,0,PAIRWISE_EXACT,B,B,False,False
beijing,Dingling,24,3,origin_week,19536,168,AP2,logistic,hist_gradient_boosting,0,PAIRWISE_EXACT,B,B,False,False
beijing,Dingling,24,3,origin_week,19704,168,AP2,constant,logistic,0,PAIRWISE_EXACT,B,B,False,False
beijing,Dingling,24,3,origin_week,19704,168,AP2,constant,hist_gradient_boosting,0,PAIRWISE_EXACT,B,B,False,False
beijing,Dingling,24,3,origin_week,19704,168,AP2,logistic,hist_gradient_boosting,0,PAIRWISE_EXACT,B,B,False,False
beijing,Dingling,24,3,origin_week,19872,168,AP2,constant,logistic,0,PAIRWISE_EXACT,B,B,False,False
beijing,Dingling,24,3,origin_week,19872,168,AP2,constant,hist_gradient_boosting,0,PAIRWISE_EXACT,B,B,False,False
beijing,Dingling,24,3,origin_week,19872,168,AP2,logistic,hist_gradient_boosting,0,PAIRWISE_EXACT,B,B,False,False
beijing,Dingling,24,3,origin_week,20040,168,AP2,constant,logistic,4,PAIRWISE_EXACT,B,B,False,False
beijing,Dingling,24,3,origin_week,20040,168,AP2,constant,hist_gradient_boosting,4,PAIRWISE_EXACT,B,B,False,False
beijing,Dingling,24,3,origin_week,20040,168,AP2,logistic,hist_gradient_boosting,4,PAIRWISE_EXACT,B,B,False,False
beijing,Dingling,24,3,origin_week,20208,168,AP2,constant,logistic,0,PAIRWISE_EXACT,B,B,False,False
beijing,Dingling,24,3,origin_week,20208,168,AP2,constant,hist_gradient_boosting,0,PAIRWISE_EXACT,B,B,False,False
beijing,Dingling,24,3,origin_week,20208,168,AP2,logistic,hist_gradient_boosting,0,PAIRWISE_EXACT,B,B,False,False
beijing,Dingling,24,3,origin_week,20376,168,AP2,constant,logistic,0,PAIRWISE_EXACT,B,B,False,False
beijing,Dingling,24,3,origin_week,20376,168,AP2,constant,hist_gradient_boosting,0,PAIRWISE_EXACT,B,B,False,False
beijing,Dingling,24,3,origin_week,20376,168,AP2,logistic,hist_gradient_boosting,0,PAIRWISE_EXACT,A,A,False,False
beijing,Dingling,24,3,origin_week,20544,168,AP2,constant,logistic,0,PAIRWISE_EXACT,A,A,False,False
beijing,Dingling,24,3,origin_week,20544,168,AP2,constant,hist_gradient_boosting,0,PAIRWISE_EXACT,B,B,False,False
beijing,Dingling,24,3,origin_week,20544,168,AP2,logistic,hist_gradient_boosting,0,PAIRWISE_EXACT,B,B,False,False
beijing,Dingling,24,3,origin_week,20712,168,AP2,constant,logistic,0,PAIRWISE_EXACT,B,B,False,False
beijing,Dingling,24,3,origin_week,20712,168,AP2,constant,hist_gradient_boosting,0,PAIRWISE_EXACT,B,B,False,False
beijing,Dingling,24,3,origin_week,20712,168,AP2,logistic,hist_gradient_boosting,0,PAIRWISE_EXACT,A,A,False,False
beijing,Dingling,24,3,origin_week,20880,168,AP2,constant,logistic,0,PAIRWISE_EXACT,B,B,False,False
beijing,Dingling,24,3,origin_week,20880,168,AP2,constant,hist_gradient_boosting,0,PAIRWISE_EXACT,B,B,False,False
beijing,Dingling,24,3,origin_week,20880,168,AP2,logistic,hist_gradient_boosting,0,PAIRWISE_EXACT,B,B,False,False
beijing,Dingling,24,3,origin_week,21048,168,AP2,constant,logistic,0,PAIRWISE_EXACT,B,B,False,False
beijing,Dingling,24,3,origin_week,21048,168,AP2,constant,hist_gradient_boosting,0,PAIRWISE_EXACT,B,B,False,False
beijing,Dingling,24,3,origin_week,21048,168,AP2,logistic,hist_gradient_boosting,0,PAIRWISE_EXACT,A,A,False,False
beijing,Dingling,24,3,origin_week,21216,168,AP2,constant,logistic,3,PAIRWISE_EXACT,B,B,False,False
beijing,Dingling,24,3,origin_week,21216,168,AP2,constant,hist_gradient_boosting,3,PAIRWISE_EXACT,B,B,False,False
beijing,Dingling,24,3,origin_week,21216,168,AP2,logistic,hist_gradient_boosting,3,PAIRWISE_EXACT,A,A,False,False
beijing,Dingling,24,3,origin_week,21384,168,AP2,constant,logistic,0,PAIRWISE_EXACT,B,B,False,False
beijing,Dingling,24,3,origin_week,21384,168,AP2,constant,hist_gradient_boosting,0,PAIRWISE_EXACT,B,B,False,False
beijing,Dingling,24,3,origin_week,21384,168,AP2,logistic,hist_gradient_boosting,0,PAIRWISE_EXACT,A,A,False,False
beijing,Dingling,24,3,origin_week,21552,168,AP2,constant,logistic,0,PAIRWISE_EXACT,B,B,False,False
beijing,Dingling,24,3,origin_week,21552,168,AP2,constant,hist_gradient_boosting,0,PAIRWISE_EXACT,B,B,False,False
beijing,Dingling,24,3,origin_week,21552,168,AP2,logistic,hist_gradient_boosting,0,PAIRWISE_EXACT,A,A,False,False
beijing,Dingling,24,3,origin_week,21720,168,AP2,constant,logistic,0,PAIRWISE_EXACT,B,B,False,False
beijing,Dingling,24,3,origin_week,21720,168,AP2,constant,hist_gradient_boosting,0,PAIRWISE_EXACT,B,B,False,False
beijing,Dingling,24,3,origin_week,21720,168,AP2,logistic,hist_gradient_boosting,0,PAIRWISE_EXACT,B,B,False,False
beijing,Dingling,24,3,origin_week,21888,168,AP2,constant,logistic,0,PAIRWISE_EXACT,B,B,False,False
beijing,Dingling,24,3,origin_week,21888,168,AP2,constant,hist_gradient_boosting,0,PAIRWISE_EXACT,B,B,False,False
beijing,Dingling,24,3,origin_week,21888,168,AP2,logistic,hist_gradient_boosting,0,PAIRWISE_EXACT,A,A,False,False
beijing,Dingling,24,3,origin_week,22056,168,AP2,constant,logistic,22,PAIRWISE_EXACT,B,B,False,False
beijing,Dingling,24,3,origin_week,22056,168,AP2,constant,hist_gradient_boosting,22,PAIRWISE_EXACT,B,B,False,False
beijing,Dingling,24,3,origin_week,22056,168,AP2,logistic,hist_gradient_boosting,22,PAIRWISE_EXACT,A,A,False,False
beijing,Dingling,24,3,origin_week,22224,168,AP2,constant,logistic,0,PAIRWISE_EXACT,B,B,False,False
beijing,Dingling,24,3,origin_week,22224,168,AP2,constant,hist_gradient_boosting,0,PAIRWISE_EXACT,B,B,False,False
beijing,Dingling,24,3,origin_week,22224,168,AP2,logistic,hist_gradient_boosting,0,PAIRWISE_EXACT,A,A,False,False
beijing,Dingling,24,3,origin_week,22392,168,AP2,constant,logistic,0,PAIRWISE_EXACT,B,B,False,False
beijing,Dingling,24,3,origin_week,22392,168,AP2,constant,hist_gradient_boosting,0,PAIRWISE_EXACT,B,B,False,False
beijing,Dingling,24,3,origin_week,22392,168,AP2,logistic,hist_gradient_boosting,0,PAIRWISE_EXACT,B,B,False,False
beijing,Dingling,24,3,origin_week,22560,168,AP2,constant,logistic,0,PAIRWISE_EXACT,B,B,False,False
beijing,Dingling,24,3,origin_week,22560,168,AP2,constant,hist_gradient_boosting,0,PAIRWISE_EXACT,B,B,False,False
beijing,Dingling,24,3,origin_week,22560,168,AP2,logistic,hist_gradient_boosting,0,PAIRWISE_EXACT,A,A,False,False
beijing,Dingling,24,3,origin_week,22728,168,AP2,constant,logistic,0,PAIRWISE_EXACT,B,B,False,False
beijing,Dingling,24,3,origin_week,22728,168,AP2,constant,hist_gradient_boosting,0,PAIRWISE_EXACT,B,B,False,False
beijing,Dingling,24,3,origin_week,22728,168,AP2,logistic,hist_gradient_boosting,0,PAIRWISE_EXACT,A,A,False,False
beijing,Dingling,24,3,origin_week,22896,168,AP2,constant,logistic,0,PAIRWISE_EXACT,B,B,False,False
beijing,Dingling,24,3,origin_week,22896,168,AP2,constant,hist_gradient_boosting,0,PAIRWISE_EXACT,B,B,False,False
beijing,Dingling,24,3,origin_week,22896,168,AP2,logistic,hist_gradient_boosting,0,PAIRWISE_EXACT,B,B,False,False
beijing,Dingling,24,3,origin_week,23064,168,AP2,constant,logistic,0,PAIRWISE_EXACT,B,B,False,False
beijing,Dingling,24,3,origin_week,23064,168,AP2,constant,hist_gradient_boosting,0,PAIRWISE_EXACT,B,B,False,False
beijing,Dingling,24,3,origin_week,23064,168,AP2,logistic,hist_gradient_boosting,0,PAIRWISE_EXACT,A,A,False,False
beijing,Dingling,24,3,origin_week,23232,168,AP2,constant,logistic,18,PAIRWISE_EXACT,B,B,False,False
beijing,Dingling,24,3,origin_week,23232,168,AP2,constant,hist_gradient_boosting,18,PAIRWISE_EXACT,B,B,False,False
beijing,Dingling,24,3,origin_week,23232,168,AP2,logistic,hist_gradient_boosting,18,PAIRWISE_EXACT,A,A,False,False
beijing,Dingling,24,3,origin_week,23400,168,AP2,constant,logistic,6,PAIRWISE_EXACT,B,B,False,False
beijing,Dingling,24,3,origin_week,23400,168,AP2,constant,hist_gradient_boosting,6,PAIRWISE_EXACT,B,B,False,False
beijing,Dingling,24,3,origin_week,23400,168,AP2,logistic,hist_gradient_boosting,6,PAIRWISE_EXACT,A,A,False,False
beijing,Dingling,24,3,origin_week,23568,168,AP2,constant,logistic,0,PAIRWISE_EXACT,B,B,False,False
beijing,Dingling,24,3,origin_week,23568,168,AP2,constant,hist_gradient_boosting,0,PAIRWISE_EXACT,B,B,False,False
beijing,Dingling,24,3,origin_week,23568,168,AP2,logistic,hist_gradient_boosting,0,PAIRWISE_EXACT,B,B,False,False
beijing,Dingling,24,3,origin_week,23736,168,AP2,constant,logistic,0,PAIRWISE_EXACT,B,B,False,False
beijing,Dingling,24,3,origin_week,23736,168,AP2,constant,hist_gradient_boosting,0,PAIRWISE_EXACT,B,B,False,False
beijing,Dingling,24,3,origin_week,23736,168,AP2,logistic,hist_gradient_boosting,0,PAIRWISE_EXACT,A,A,False,False
beijing,Dingling,24,3,origin_week,23904,168,AP2,constant,logistic,0,PAIRWISE_EXACT,B,B,False,False
beijing,Dingling,24,3,origin_week,23904,168,AP2,constant,hist_gradient_boosting,0,PAIRWISE_EXACT,B,B,False,False
beijing,Dingling,24,3,origin_week,23904,168,AP2,logistic,hist_gradient_boosting,0,PAIRWISE_EXACT,A,A,False,False
beijing,Dingling,24,3,origin_week,24072,168,AP2,constant,logistic,16,PAIRWISE_EXACT,B,B,False,False
beijing,Dingling,24,3,origin_week,24072,168,AP2,constant,hist_gradient_boosting,16,PAIRWISE_EXACT,B,B,False,False
beijing,Dingling,24,3,origin_week,24072,168,AP2,logistic,hist_gradient_boosting,16,PAIRWISE_EXACT,B,B,False,False
beijing,Dingling,24,3,origin_week,24240,168,AP2,constant,logistic,0,PAIRWISE_EXACT,B,B,False,False
beijing,Dingling,24,3,origin_week,24240,168,AP2,constant,hist_gradient_boosting,0,PAIRWISE_EXACT,B,B,False,False
beijing,Dingling,24,3,origin_week,24240,168,AP2,logistic,hist_gradient_boosting,0,PAIRWISE_EXACT,A,A,False,False
beijing,Dingling,24,3,origin_week,24408,168,AP2,constant,logistic,0,PAIRWISE_EXACT,B,B,False,False
beijing,Dingling,24,3,origin_week,24408,168,AP2,constant,hist_gradient_boosting,0,PAIRWISE_EXACT,B,B,False,False
beijing,Dingling,24,3,origin_week,24408,168,AP2,logistic,hist_gradient_boosting,0,PAIRWISE_EXACT,A,A,False,False
beijing,Dingling,24,3,origin_week,24576,168,AP2,constant,logistic,0,PAIRWISE_EXACT,B,B,False,False
beijing,Dingling,24,3,origin_week,24576,168,AP2,constant,hist_gradient_boosting,0,PAIRWISE_EXACT,B,B,False,False
beijing,Dingling,24,3,origin_week,24576,168,AP2,logistic,hist_gradient_boosting,0,PAIRWISE_EXACT,A,A,False,False
beijing,Dingling,24,3,origin_week,24744,168,AP2,constant,logistic,10,PAIRWISE_EXACT,OPPOSITE_POSSIBLE,OPPOSITE_POSSIBLE,False,False
beijing,Dingling,24,3,origin_week,24744,168,AP2,constant,hist_gradient_boosting,10,PAIRWISE_EXACT,A,A,False,False
beijing,Dingling,24,3,origin_week,24744,168,AP2,logistic,hist_gradient_boosting,10,PAIRWISE_EXACT,A,A,False,False
beijing,Dingling,24,3,origin_week,24912,168,AP2,constant,logistic,25,PAIRWISE_INSUFFICIENT,B,B,False,False
beijing,Dingling,24,3,origin_week,24912,168,AP2,constant,hist_gradient_boosting,25,PAIRWISE_INSUFFICIENT,B,B,False,False
beijing,Dingling,24,3,origin_week,24912,168,AP2,logistic,hist_gradient_boosting,25,PAIRWISE_INSUFFICIENT,B,B,False,False
beijing,Dingling,24,3,origin_week,25080,168,AP2,constant,logistic,25,PAIRWISE_INSUFFICIENT,B,B,False,False
beijing,Dingling,24,3,origin_week,25080,168,AP2,constant,hist_gradient_boosting,25,PAIRWISE_INSUFFICIENT,B,B,False,False
beijing,Dingling,24,3,origin_week,25080,168,AP2,logistic,hist_gradient_boosting,25,PAIRWISE_INSUFFICIENT,A,A,False,False
beijing,Dingling,24,3,origin_week,25248,168,AP2,constant,logistic,6,PAIRWISE_EXACT,B,B,False,False
beijing,Dingling,24,3,origin_week,25248,168,AP2,constant,hist_gradient_boosting,6,PAIRWISE_EXACT,B,B,False,False
beijing,Dingling,24,3,origin_week,25248,168,AP2,logistic,hist_gradient_boosting,6,PAIRWISE_EXACT,A,A,False,False
beijing,Dingling,24,3,origin_week,25416,168,AP2,constant,logistic,0,PAIRWISE_EXACT,B,B,False,False
beijing,Dingling,24,3,origin_week,25416,168,AP2,constant,hist_gradient_boosting,0,PAIRWISE_EXACT,B,B,False,False
beijing,Dingling,24,3,origin_week,25416,168,AP2,logistic,hist_gradient_boosting,0,PAIRWISE_EXACT,B,B,False,False
beijing,Dingling,24,3,origin_week,25584,168,AP2,constant,logistic,0,PAIRWISE_EXACT,B,B,False,False
beijing,Dingling,24,3,origin_week,25584,168,AP2,constant,hist_gradient_boosting,0,PAIRWISE_EXACT,B,B,False,False
beijing,Dingling,24,3,origin_week,25584,168,AP2,logistic,hist_gradient_boosting,0,PAIRWISE_EXACT,B,B,False,False
beijing,Dingling,24,3,origin_week,25752,168,AP2,constant,logistic,10,PAIRWISE_EXACT,A,A,False,False
beijing,Dingling,24,3,origin_week,25752,168,AP2,constant,hist_gradient_boosting,10,PAIRWISE_EXACT,B,B,False,False
beijing,Dingling,24,3,origin_week,25752,168,AP2,logistic,hist_gradient_boosting,10,PAIRWISE_EXACT,B,B,False,False
beijing,Dingling,24,3,origin_week,25920,168,AP2,constant,logistic,0,PAIRWISE_EXACT,B,B,False,False
beijing,Dingling,24,3,origin_week,25920,168,AP2,constant,hist_gradient_boosting,0,PAIRWISE_EXACT,B,B,False,False
beijing,Dingling,24,3,origin_week,25920,168,AP2,logistic,hist_gradient_boosting,0,PAIRWISE_EXACT,A,A,False,False
beijing,Dingling,24,3,origin_week,26088,168,AP2,constant,logistic,0,PAIRWISE_EXACT,B,B,False,False
beijing,Dingling,24,3,origin_week,26088,168,AP2,constant,hist_gradient_boosting,0,PAIRWISE_EXACT,B,B,False,False
beijing,Dingling,24,3,origin_week,26088,168,AP2,logistic,hist_gradient_boosting,0,PAIRWISE_EXACT,B,B,False,False
beijing,Dingling,24,3,origin_week,26256,25,AP2,constant,logistic,0,PAIRWISE_EXACT,B,B,False,False
beijing,Dingling,24,3,origin_week,26256,25,AP2,constant,hist_gradient_boosting,0,PAIRWISE_EXACT,B,B,False,False
beijing,Dingling,24,3,origin_week,26256,25,AP2,logistic,hist_gradient_boosting,0,PAIRWISE_EXACT,B,B,False,False
beijing,Dingling,72,3,annual,17520,8713,AP2,constant,logistic,361,PAIRWISE_INSUFFICIENT,B,B,False,False
beijing,Dingling,72,3,annual,17520,8713,AP2,constant,hist_gradient_boosting,361,PAIRWISE_INSUFFICIENT,B,B,False,False
beijing,Dingling,72,3,annual,17520,8713,AP2,logistic,hist_gradient_boosting,361,PAIRWISE_INSUFFICIENT,A,A,False,False
beijing,Dingling,72,3,origin_week,17520,168,AP2,constant,logistic,0,PAIRWISE_EXACT,B,B,False,False
beijing,Dingling,72,3,origin_week,17520,168,AP2,constant,hist_gradient_boosting,0,PAIRWISE_EXACT,B,B,False,False
beijing,Dingling,72,3,origin_week,17520,168,AP2,logistic,hist_gradient_boosting,0,PAIRWISE_EXACT,B,B,False,False
beijing,Dingling,72,3,origin_week,17688,168,AP2,constant,logistic,0,PAIRWISE_EXACT,B,B,False,False
beijing,Dingling,72,3,origin_week,17688,168,AP2,constant,hist_gradient_boosting,0,PAIRWISE_EXACT,B,B,False,False
beijing,Dingling,72,3,origin_week,17688,168,AP2,logistic,hist_gradient_boosting,0,PAIRWISE_EXACT,A,A,False,False
beijing,Dingling,72,3,origin_week,17856,168,AP2,constant,logistic,0,PAIRWISE_EXACT,B,B,False,False
beijing,Dingling,72,3,origin_week,17856,168,AP2,constant,hist_gradient_boosting,0,PAIRWISE_EXACT,B,B,False,False
beijing,Dingling,72,3,origin_week,17856,168,AP2,logistic,hist_gradient_boosting,0,PAIRWISE_EXACT,A,A,False,False
beijing,Dingling,72,3,origin_week,18024,168,AP2,constant,logistic,0,PAIRWISE_EXACT,A,A,False,False
beijing,Dingling,72,3,origin_week,18024,168,AP2,constant,hist_gradient_boosting,0,PAIRWISE_EXACT,A,A,False,False
beijing,Dingling,72,3,origin_week,18024,168,AP2,logistic,hist_gradient_boosting,0,PAIRWISE_EXACT,B,B,False,False
beijing,Dingling,72,3,origin_week,18192,168,AP2,constant,logistic,1,PAIRWISE_EXACT,B,B,False,False
beijing,Dingling,72,3,origin_week,18192,168,AP2,constant,hist_gradient_boosting,1,PAIRWISE_EXACT,B,B,False,False
beijing,Dingling,72,3,origin_week,18192,168,AP2,logistic,hist_gradient_boosting,1,PAIRWISE_EXACT,A,A,False,False
beijing,Dingling,72,3,origin_week,18360,168,AP2,constant,logistic,7,PAIRWISE_EXACT,A,A,False,False
beijing,Dingling,72,3,origin_week,18360,168,AP2,constant,hist_gradient_boosting,7,PAIRWISE_EXACT,A,A,False,False
beijing,Dingling,72,3,origin_week,18360,168,AP2,logistic,hist_gradient_boosting,7,PAIRWISE_EXACT,B,B,False,False
beijing,Dingling,72,3,origin_week,18528,168,AP2,constant,logistic,13,PAIRWISE_EXACT,A,A,False,False
beijing,Dingling,72,3,origin_week,18528,168,AP2,constant,hist_gradient_boosting,13,PAIRWISE_EXACT,OPPOSITE_POSSIBLE,OPPOSITE_POSSIBLE,False,False
beijing,Dingling,72,3,origin_week,18528,168,AP2,logistic,hist_gradient_boosting,13,PAIRWISE_EXACT,B,B,False,False
beijing,Dingling,72,3,origin_week,18696,168,AP2,constant,logistic,0,PAIRWISE_EXACT,A,A,False,False
beijing,Dingling,72,3,origin_week,18696,168,AP2,constant,hist_gradient_boosting,0,PAIRWISE_EXACT,A,A,False,False
beijing,Dingling,72,3,origin_week,18696,168,AP2,logistic,hist_gradient_boosting,0,PAIRWISE_EXACT,B,B,False,False
beijing,Dingling,72,3,origin_week,18864,168,AP2,constant,logistic,0,PAIRWISE_EXACT,A,A,False,False
beijing,Dingling,72,3,origin_week,18864,168,AP2,constant,hist_gradient_boosting,0,PAIRWISE_EXACT,A,A,False,False
beijing,Dingling,72,3,origin_week,18864,168,AP2,logistic,hist_gradient_boosting,0,PAIRWISE_EXACT,B,B,False,False
beijing,Dingling,72,3,origin_week,19032,168,AP2,constant,logistic,10,PAIRWISE_EXACT,B,B,False,False
beijing,Dingling,72,3,origin_week,19032,168,AP2,constant,hist_gradient_boosting,10,PAIRWISE_EXACT,B,B,False,False
beijing,Dingling,72,3,origin_week,19032,168,AP2,logistic,hist_gradient_boosting,10,PAIRWISE_EXACT,A,A,False,False
beijing,Dingling,72,3,origin_week,19200,168,AP2,constant,logistic,63,PAIRWISE_EXACT,OPPOSITE_POSSIBLE,OPPOSITE_POSSIBLE,False,False
beijing,Dingling,72,3,origin_week,19200,168,AP2,constant,hist_gradient_boosting,63,PAIRWISE_EXACT,OPPOSITE_POSSIBLE,OPPOSITE_POSSIBLE,False,False
beijing,Dingling,72,3,origin_week,19200,168,AP2,logistic,hist_gradient_boosting,63,PAIRWISE_EXACT,A,A,False,False
beijing,Dingling,72,3,origin_week,19368,168,AP2,constant,logistic,0,PAIRWISE_EXACT,B,B,False,False
beijing,Dingling,72,3,origin_week,19368,168,AP2,constant,hist_gradient_boosting,0,PAIRWISE_EXACT,B,B,False,False
beijing,Dingling,72,3,origin_week,19368,168,AP2,logistic,hist_gradient_boosting,0,PAIRWISE_EXACT,B,B,False,False
beijing,Dingling,72,3,origin_week,19536,168,AP2,constant,logistic,0,PAIRWISE_EXACT,A,A,False,False
beijing,Dingling,72,3,origin_week,19536,168,AP2,constant,hist_gradient_boosting,0,PAIRWISE_EXACT,B,B,False,False
beijing,Dingling,72,3,origin_week,19536,168,AP2,logistic,hist_gradient_boosting,0,PAIRWISE_EXACT,B,B,False,False
beijing,Dingling,72,3,origin_week,19704,168,AP2,constant,logistic,0,PAIRWISE_EXACT,B,B,False,False
beijing,Dingling,72,3,origin_week,19704,168,AP2,constant,hist_gradient_boosting,0,PAIRWISE_EXACT,B,B,False,False
beijing,Dingling,72,3,origin_week,19704,168,AP2,logistic,hist_gradient_boosting,0,PAIRWISE_EXACT,A,A,False,False
beijing,Dingling,72,3,origin_week,19872,168,AP2,constant,logistic,0,PAIRWISE_EXACT,B,B,False,False
beijing,Dingling,72,3,origin_week,19872,168,AP2,constant,hist_gradient_boosting,0,PAIRWISE_EXACT,B,B,False,False
beijing,Dingling,72,3,origin_week,19872,168,AP2,logistic,hist_gradient_boosting,0,PAIRWISE_EXACT,A,A,False,False
beijing,Dingling,72,3,origin_week,20040,168,AP2,constant,logistic,4,PAIRWISE_EXACT,B,B,False,False
beijing,Dingling,72,3,origin_week,20040,168,AP2,constant,hist_gradient_boosting,4,PAIRWISE_EXACT,B,B,False,False
beijing,Dingling,72,3,origin_week,20040,168,AP2,logistic,hist_gradient_boosting,4,PAIRWISE_EXACT,A,A,False,False
beijing,Dingling,72,3,origin_week,20208,168,AP2,constant,logistic,0,PAIRWISE_EXACT,A,A,False,False
beijing,Dingling,72,3,origin_week,20208,168,AP2,constant,hist_gradient_boosting,0,PAIRWISE_EXACT,A,A,False,False
beijing,Dingling,72,3,origin_week,20208,168,AP2,logistic,hist_gradient_boosting,0,PAIRWISE_EXACT,B,B,False,False
beijing,Dingling,72,3,origin_week,20376,168,AP2,constant,logistic,0,PAIRWISE_EXACT,B,B,False,False
beijing,Dingling,72,3,origin_week,20376,168,AP2,constant,hist_gradient_boosting,0,PAIRWISE_EXACT,B,B,False,False
beijing,Dingling,72,3,origin_week,20376,168,AP2,logistic,hist_gradient_boosting,0,PAIRWISE_EXACT,A,A,False,False
beijing,Dingling,72,3,origin_week,20544,168,AP2,constant,logistic,0,PAIRWISE_EXACT,A,A,False,False
beijing,Dingling,72,3,origin_week,20544,168,AP2,constant,hist_gradient_boosting,0,PAIRWISE_EXACT,A,A,False,False
beijing,Dingling,72,3,origin_week,20544,168,AP2,logistic,hist_gradient_boosting,0,PAIRWISE_EXACT,B,B,False,False
beijing,Dingling,72,3,origin_week,20712,168,AP2,constant,logistic,0,PAIRWISE_EXACT,B,B,False,False
beijing,Dingling,72,3,origin_week,20712,168,AP2,constant,hist_gradient_boosting,0,PAIRWISE_EXACT,B,B,False,False
beijing,Dingling,72,3,origin_week,20712,168,AP2,logistic,hist_gradient_boosting,0,PAIRWISE_EXACT,A,A,False,False
beijing,Dingling,72,3,origin_week,20880,168,AP2,constant,logistic,0,PAIRWISE_EXACT,A,A,False,False
beijing,Dingling,72,3,origin_week,20880,168,AP2,constant,hist_gradient_boosting,0,PAIRWISE_EXACT,B,B,False,False
beijing,Dingling,72,3,origin_week,20880,168,AP2,logistic,hist_gradient_boosting,0,PAIRWISE_EXACT,B,B,False,False
beijing,Dingling,72,3,origin_week,21048,168,AP2,constant,logistic,0,PAIRWISE_EXACT,B,B,False,False
beijing,Dingling,72,3,origin_week,21048,168,AP2,constant,hist_gradient_boosting,0,PAIRWISE_EXACT,B,B,False,False
beijing,Dingling,72,3,origin_week,21048,168,AP2,logistic,hist_gradient_boosting,0,PAIRWISE_EXACT,A,A,False,False
beijing,Dingling,72,3,origin_week,21216,168,AP2,constant,logistic,0,PAIRWISE_EXACT,A,A,False,False
beijing,Dingling,72,3,origin_week,21216,168,AP2,constant,hist_gradient_boosting,0,PAIRWISE_EXACT,A,A,False,False
beijing,Dingling,72,3,origin_week,21216,168,AP2,logistic,hist_gradient_boosting,0,PAIRWISE_EXACT,B,B,False,False
beijing,Dingling,72,3,origin_week,21384,168,AP2,constant,logistic,0,PAIRWISE_EXACT,A,A,False,False
beijing,Dingling,72,3,origin_week,21384,168,AP2,constant,hist_gradient_boosting,0,PAIRWISE_EXACT,A,A,False,False
beijing,Dingling,72,3,origin_week,21384,168,AP2,logistic,hist_gradient_boosting,0,PAIRWISE_EXACT,B,B,False,False
beijing,Dingling,72,3,origin_week,21552,168,AP2,constant,logistic,0,PAIRWISE_EXACT,B,B,False,False
beijing,Dingling,72,3,origin_week,21552,168,AP2,constant,hist_gradient_boosting,0,PAIRWISE_EXACT,B,B,False,False
beijing,Dingling,72,3,origin_week,21552,168,AP2,logistic,hist_gradient_boosting,0,PAIRWISE_EXACT,B,B,False,False
beijing,Dingling,72,3,origin_week,21720,168,AP2,constant,logistic,0,PAIRWISE_EXACT,B,B,False,False
beijing,Dingling,72,3,origin_week,21720,168,AP2,constant,hist_gradient_boosting,0,PAIRWISE_EXACT,B,B,False,False
beijing,Dingling,72,3,origin_week,21720,168,AP2,logistic,hist_gradient_boosting,0,PAIRWISE_EXACT,A,A,False,False
beijing,Dingling,72,3,origin_week,21888,168,AP2,constant,logistic,0,PAIRWISE_EXACT,B,B,False,False
beijing,Dingling,72,3,origin_week,21888,168,AP2,constant,hist_gradient_boosting,0,PAIRWISE_EXACT,B,B,False,False
beijing,Dingling,72,3,origin_week,21888,168,AP2,logistic,hist_gradient_boosting,0,PAIRWISE_EXACT,A,A,False,False
beijing,Dingling,72,3,origin_week,22056,168,AP2,constant,logistic,67,PAIRWISE_EXACT,B,B,False,False
beijing,Dingling,72,3,origin_week,22056,168,AP2,constant,hist_gradient_boosting,67,PAIRWISE_EXACT,B,B,False,False
beijing,Dingling,72,3,origin_week,22056,168,AP2,logistic,hist_gradient_boosting,67,PAIRWISE_EXACT,A,A,False,False
beijing,Dingling,72,3,origin_week,22224,168,AP2,constant,logistic,0,PAIRWISE_EXACT,A,A,False,False
beijing,Dingling,72,3,origin_week,22224,168,AP2,constant,hist_gradient_boosting,0,PAIRWISE_EXACT,A,A,False,False
beijing,Dingling,72,3,origin_week,22224,168,AP2,logistic,hist_gradient_boosting,0,PAIRWISE_EXACT,B,B,False,False
beijing,Dingling,72,3,origin_week,22392,168,AP2,constant,logistic,0,PAIRWISE_EXACT,B,B,False,False
beijing,Dingling,72,3,origin_week,22392,168,AP2,constant,hist_gradient_boosting,0,PAIRWISE_EXACT,B,B,False,False
beijing,Dingling,72,3,origin_week,22392,168,AP2,logistic,hist_gradient_boosting,0,PAIRWISE_EXACT,A,A,False,False
beijing,Dingling,72,3,origin_week,22560,168,AP2,constant,logistic,0,PAIRWISE_EXACT,B,B,False,False
beijing,Dingling,72,3,origin_week,22560,168,AP2,constant,hist_gradient_boosting,0,PAIRWISE_EXACT,B,B,False,False
beijing,Dingling,72,3,origin_week,22560,168,AP2,logistic,hist_gradient_boosting,0,PAIRWISE_EXACT,A,A,False,False
beijing,Dingling,72,3,origin_week,22728,168,AP2,constant,logistic,0,PAIRWISE_EXACT,B,B,False,False
beijing,Dingling,72,3,origin_week,22728,168,AP2,constant,hist_gradient_boosting,0,PAIRWISE_EXACT,B,B,False,False
beijing,Dingling,72,3,origin_week,22728,168,AP2,logistic,hist_gradient_boosting,0,PAIRWISE_EXACT,A,A,False,False
beijing,Dingling,72,3,origin_week,22896,168,AP2,constant,logistic,0,PAIRWISE_EXACT,B,B,False,False
beijing,Dingling,72,3,origin_week,22896,168,AP2,constant,hist_gradient_boosting,0,PAIRWISE_EXACT,A,A,False,False
beijing,Dingling,72,3,origin_week,22896,168,AP2,logistic,hist_gradient_boosting,0,PAIRWISE_EXACT,A,A,False,False
beijing,Dingling,72,3,origin_week,23064,168,AP2,constant,logistic,0,PAIRWISE_EXACT,B,B,False,False
beijing,Dingling,72,3,origin_week,23064,168,AP2,constant,hist_gradient_boosting,0,PAIRWISE_EXACT,B,B,False,False
beijing,Dingling,72,3,origin_week,23064,168,AP2,logistic,hist_gradient_boosting,0,PAIRWISE_EXACT,A,A,False,False
beijing,Dingling,72,3,origin_week,23232,168,AP2,constant,logistic,52,PAIRWISE_EXACT,B,B,False,False
beijing,Dingling,72,3,origin_week,23232,168,AP2,constant,hist_gradient_boosting,52,PAIRWISE_EXACT,B,B,False,False
beijing,Dingling,72,3,origin_week,23232,168,AP2,logistic,hist_gradient_boosting,52,PAIRWISE_EXACT,A,A,False,False
beijing,Dingling,72,3,origin_week,23400,168,AP2,constant,logistic,0,PAIRWISE_EXACT,A,A,False,False
beijing,Dingling,72,3,origin_week,23400,168,AP2,constant,hist_gradient_boosting,0,PAIRWISE_EXACT,A,A,False,False
beijing,Dingling,72,3,origin_week,23400,168,AP2,logistic,hist_gradient_boosting,0,PAIRWISE_EXACT,B,B,False,False
beijing,Dingling,72,3,origin_week,23568,168,AP2,constant,logistic,0,PAIRWISE_EXACT,A,A,False,False
beijing,Dingling,72,3,origin_week,23568,168,AP2,constant,hist_gradient_boosting,0,PAIRWISE_EXACT,A,A,False,False
beijing,Dingling,72,3,origin_week,23568,168,AP2,logistic,hist_gradient_boosting,0,PAIRWISE_EXACT,B,B,False,False
beijing,Dingling,72,3,origin_week,23736,168,AP2,constant,logistic,0,PAIRWISE_EXACT,A,A,False,False
beijing,Dingling,72,3,origin_week,23736,168,AP2,constant,hist_gradient_boosting,0,PAIRWISE_EXACT,A,A,False,False
beijing,Dingling,72,3,origin_week,23736,168,AP2,logistic,hist_gradient_boosting,0,PAIRWISE_EXACT,B,B,False,False
beijing,Dingling,72,3,origin_week,23904,168,AP2,constant,logistic,0,PAIRWISE_EXACT,B,B,False,False
beijing,Dingling,72,3,origin_week,23904,168,AP2,constant,hist_gradient_boosting,0,PAIRWISE_EXACT,B,B,False,False
beijing,Dingling,72,3,origin_week,23904,168,AP2,logistic,hist_gradient_boosting,0,PAIRWISE_EXACT,A,A,False,False
beijing,Dingling,72,3,origin_week,24072,168,AP2,constant,logistic,16,PAIRWISE_EXACT,OPPOSITE_POSSIBLE,OPPOSITE_POSSIBLE,False,False
beijing,Dingling,72,3,origin_week,24072,168,AP2,constant,hist_gradient_boosting,16,PAIRWISE_EXACT,B,B,False,False
beijing,Dingling,72,3,origin_week,24072,168,AP2,logistic,hist_gradient_boosting,16,PAIRWISE_EXACT,B,B,False,False
beijing,Dingling,72,3,origin_week,24240,168,AP2,constant,logistic,0,PAIRWISE_EXACT,A,A,False,False
beijing,Dingling,72,3,origin_week,24240,168,AP2,constant,hist_gradient_boosting,0,PAIRWISE_EXACT,B,B,False,False
beijing,Dingling,72,3,origin_week,24240,168,AP2,logistic,hist_gradient_boosting,0,PAIRWISE_EXACT,B,B,False,False
beijing,Dingling,72,3,origin_week,24408,168,AP2,constant,logistic,0,PAIRWISE_EXACT,B,B,False,False
beijing,Dingling,72,3,origin_week,24408,168,AP2,constant,hist_gradient_boosting,0,PAIRWISE_EXACT,B,B,False,False
beijing,Dingling,72,3,origin_week,24408,168,AP2,logistic,hist_gradient_boosting,0,PAIRWISE_EXACT,A,A,False,False
beijing,Dingling,72,3,origin_week,24576,168,AP2,constant,logistic,0,PAIRWISE_EXACT,A,A,False,False
beijing,Dingling,72,3,origin_week,24576,168,AP2,constant,hist_gradient_boosting,0,PAIRWISE_EXACT,B,B,False,False
beijing,Dingling,72,3,origin_week,24576,168,AP2,logistic,hist_gradient_boosting,0,PAIRWISE_EXACT,B,B,False,False
beijing,Dingling,72,3,origin_week,24744,168,AP2,constant,logistic,0,PAIRWISE_EXACT,A,A,False,False
beijing,Dingling,72,3,origin_week,24744,168,AP2,constant,hist_gradient_boosting,0,PAIRWISE_EXACT,A,A,False,False
beijing,Dingling,72,3,origin_week,24744,168,AP2,logistic,hist_gradient_boosting,0,PAIRWISE_EXACT,A,A,False,False
beijing,Dingling,72,3,origin_week,24912,168,AP2,constant,logistic,73,PAIRWISE_INSUFFICIENT,B,B,False,False
beijing,Dingling,72,3,origin_week,24912,168,AP2,constant,hist_gradient_boosting,73,PAIRWISE_INSUFFICIENT,B,B,False,False
beijing,Dingling,72,3,origin_week,24912,168,AP2,logistic,hist_gradient_boosting,73,PAIRWISE_INSUFFICIENT,A,A,False,False
beijing,Dingling,72,3,origin_week,25080,168,AP2,constant,logistic,39,PAIRWISE_EXACT,OPPOSITE_POSSIBLE,OPPOSITE_POSSIBLE,False,False
beijing,Dingling,72,3,origin_week,25080,168,AP2,constant,hist_gradient_boosting,39,PAIRWISE_EXACT,OPPOSITE_POSSIBLE,OPPOSITE_POSSIBLE,False,False
beijing,Dingling,72,3,origin_week,25080,168,AP2,logistic,hist_gradient_boosting,39,PAIRWISE_EXACT,B,B,False,False
beijing,Dingling,72,3,origin_week,25248,168,AP2,constant,logistic,6,PAIRWISE_EXACT,B,B,False,False
beijing,Dingling,72,3,origin_week,25248,168,AP2,constant,hist_gradient_boosting,6,PAIRWISE_EXACT,B,B,False,False
beijing,Dingling,72,3,origin_week,25248,168,AP2,logistic,hist_gradient_boosting,6,PAIRWISE_EXACT,A,A,False,False
beijing,Dingling,72,3,origin_week,25416,168,AP2,constant,logistic,0,PAIRWISE_EXACT,B,B,False,False
beijing,Dingling,72,3,origin_week,25416,168,AP2,constant,hist_gradient_boosting,0,PAIRWISE_EXACT,B,B,False,False
beijing,Dingling,72,3,origin_week,25416,168,AP2,logistic,hist_gradient_boosting,0,PAIRWISE_EXACT,B,B,False,False
beijing,Dingling,72,3,origin_week,25584,168,AP2,constant,logistic,0,PAIRWISE_EXACT,B,B,False,False
beijing,Dingling,72,3,origin_week,25584,168,AP2,constant,hist_gradient_boosting,0,PAIRWISE_EXACT,B,B,False,False
beijing,Dingling,72,3,origin_week,25584,168,AP2,logistic,hist_gradient_boosting,0,PAIRWISE_EXACT,A,A,False,False
beijing,Dingling,72,3,origin_week,25752,168,AP2,constant,logistic,10,PAIRWISE_EXACT,B,B,False,False
beijing,Dingling,72,3,origin_week,25752,168,AP2,constant,hist_gradient_boosting,10,PAIRWISE_EXACT,B,B,False,False
beijing,Dingling,72,3,origin_week,25752,168,AP2,logistic,hist_gradient_boosting,10,PAIRWISE_EXACT,A,A,False,False
beijing,Dingling,72,3,origin_week,25920,168,AP2,constant,logistic,0,PAIRWISE_EXACT,B,B,False,False
beijing,Dingling,72,3,origin_week,25920,168,AP2,constant,hist_gradient_boosting,0,PAIRWISE_EXACT,B,B,False,False
beijing,Dingling,72,3,origin_week,25920,168,AP2,logistic,hist_gradient_boosting,0,PAIRWISE_EXACT,A,A,False,False
beijing,Dingling,72,3,origin_week,26088,145,AP2,constant,logistic,0,PAIRWISE_EXACT,B,B,False,False
beijing,Dingling,72,3,origin_week,26088,145,AP2,constant,hist_gradient_boosting,0,PAIRWISE_EXACT,B,B,False,False
beijing,Dingling,72,3,origin_week,26088,145,AP2,logistic,hist_gradient_boosting,0,PAIRWISE_EXACT,A,A,False,False
beijing,Dongsi,24,3,annual,17520,8761,AP2,constant,logistic,62,PAIRWISE_INSUFFICIENT,B,B,False,False
beijing,Dongsi,24,3,annual,17520,8761,AP2,constant,hist_gradient_boosting,62,PAIRWISE_INSUFFICIENT,B,B,False,False
beijing,Dongsi,24,3,annual,17520,8761,AP2,logistic,hist_gradient_boosting,62,PAIRWISE_INSUFFICIENT,B,B,False,False
beijing,Dongsi,24,3,origin_week,17520,168,AP2,constant,logistic,0,PAIRWISE_EXACT,B,B,False,False
beijing,Dongsi,24,3,origin_week,17520,168,AP2,constant,hist_gradient_boosting,0,PAIRWISE_EXACT,B,B,False,False
beijing,Dongsi,24,3,origin_week,17520,168,AP2,logistic,hist_gradient_boosting,0,PAIRWISE_EXACT,A,A,False,False
beijing,Dongsi,24,3,origin_week,17688,168,AP2,constant,logistic,0,PAIRWISE_EXACT,B,B,False,False
beijing,Dongsi,24,3,origin_week,17688,168,AP2,constant,hist_gradient_boosting,0,PAIRWISE_EXACT,B,B,False,False
beijing,Dongsi,24,3,origin_week,17688,168,AP2,logistic,hist_gradient_boosting,0,PAIRWISE_EXACT,A,A,False,False
beijing,Dongsi,24,3,origin_week,17856,168,AP2,constant,logistic,0,PAIRWISE_EXACT,B,B,False,False
beijing,Dongsi,24,3,origin_week,17856,168,AP2,constant,hist_gradient_boosting,0,PAIRWISE_EXACT,B,B,False,False
beijing,Dongsi,24,3,origin_week,17856,168,AP2,logistic,hist_gradient_boosting,0,PAIRWISE_EXACT,B,B,False,False
beijing,Dongsi,24,3,origin_week,18024,168,AP2,constant,logistic,0,PAIRWISE_EXACT,B,B,False,False
beijing,Dongsi,24,3,origin_week,18024,168,AP2,constant,hist_gradient_boosting,0,PAIRWISE_EXACT,B,B,False,False
beijing,Dongsi,24,3,origin_week,18024,168,AP2,logistic,hist_gradient_boosting,0,PAIRWISE_EXACT,B,B,False,False
beijing,Dongsi,24,3,origin_week,18192,168,AP2,constant,logistic,5,PAIRWISE_EXACT,B,B,False,False
beijing,Dongsi,24,3,origin_week,18192,168,AP2,constant,hist_gradient_boosting,5,PAIRWISE_EXACT,B,B,False,False
beijing,Dongsi,24,3,origin_week,18192,168,AP2,logistic,hist_gradient_boosting,5,PAIRWISE_EXACT,A,A,False,False
beijing,Dongsi,24,3,origin_week,18360,168,AP2,constant,logistic,0,PAIRWISE_EXACT,B,B,False,False
beijing,Dongsi,24,3,origin_week,18360,168,AP2,constant,hist_gradient_boosting,0,PAIRWISE_EXACT,B,B,False,False
beijing,Dongsi,24,3,origin_week,18360,168,AP2,logistic,hist_gradient_boosting,0,PAIRWISE_EXACT,A,A,False,False
beijing,Dongsi,24,3,origin_week,18528,168,AP2,constant,logistic,5,PAIRWISE_EXACT,B,B,False,False
beijing,Dongsi,24,3,origin_week,18528,168,AP2,constant,hist_gradient_boosting,5,PAIRWISE_EXACT,B,B,False,False
beijing,Dongsi,24,3,origin_week,18528,168,AP2,logistic,hist_gradient_boosting,5,PAIRWISE_EXACT,B,B,False,False
beijing,Dongsi,24,3,origin_week,18696,168,AP2,constant,logistic,0,PAIRWISE_EXACT,B,B,False,False
beijing,Dongsi,24,3,origin_week,18696,168,AP2,constant,hist_gradient_boosting,0,PAIRWISE_EXACT,B,B,False,False
beijing,Dongsi,24,3,origin_week,18696,168,AP2,logistic,hist_gradient_boosting,0,PAIRWISE_EXACT,B,B,False,False
beijing,Dongsi,24,3,origin_week,18864,168,AP2,constant,logistic,0,PAIRWISE_EXACT,B,B,False,False
beijing,Dongsi,24,3,origin_week,18864,168,AP2,constant,hist_gradient_boosting,0,PAIRWISE_EXACT,B,B,False,False
beijing,Dongsi,24,3,origin_week,18864,168,AP2,logistic,hist_gradient_boosting,0,PAIRWISE_EXACT,A,A,False,False
beijing,Dongsi,24,3,origin_week,19032,168,AP2,constant,logistic,0,PAIRWISE_EXACT,B,B,False,False
beijing,Dongsi,24,3,origin_week,19032,168,AP2,constant,hist_gradient_boosting,0,PAIRWISE_EXACT,B,B,False,False
beijing,Dongsi,24,3,origin_week,19032,168,AP2,logistic,hist_gradient_boosting,0,PAIRWISE_EXACT,B,B,False,False
beijing,Dongsi,24,3,origin_week,19200,168,AP2,constant,logistic,0,PAIRWISE_EXACT,B,B,False,False
beijing,Dongsi,24,3,origin_week,19200,168,AP2,constant,hist_gradient_boosting,0,PAIRWISE_EXACT,B,B,False,False
beijing,Dongsi,24,3,origin_week,19200,168,AP2,logistic,hist_gradient_boosting,0,PAIRWISE_EXACT,A,A,False,False
beijing,Dongsi,24,3,origin_week,19368,168,AP2,constant,logistic,18,PAIRWISE_EXACT,OPPOSITE_POSSIBLE,OPPOSITE_POSSIBLE,False,False
beijing,Dongsi,24,3,origin_week,19368,168,AP2,constant,hist_gradient_boosting,18,PAIRWISE_EXACT,B,B,False,False
beijing,Dongsi,24,3,origin_week,19368,168,AP2,logistic,hist_gradient_boosting,18,PAIRWISE_EXACT,B,B,False,False
beijing,Dongsi,24,3,origin_week,19536,168,AP2,constant,logistic,5,PAIRWISE_INSUFFICIENT,B,B,False,False
beijing,Dongsi,24,3,origin_week,19536,168,AP2,constant,hist_gradient_boosting,5,PAIRWISE_INSUFFICIENT,B,B,False,False
beijing,Dongsi,24,3,origin_week,19536,168,AP2,logistic,hist_gradient_boosting,5,PAIRWISE_INSUFFICIENT,A,A,False,False
beijing,Dongsi,24,3,origin_week,19704,168,AP2,constant,logistic,0,PAIRWISE_EXACT,B,B,False,False
beijing,Dongsi,24,3,origin_week,19704,168,AP2,constant,hist_gradient_boosting,0,PAIRWISE_EXACT,B,B,False,False
beijing,Dongsi,24,3,origin_week,19704,168,AP2,logistic,hist_gradient_boosting,0,PAIRWISE_EXACT,A,A,False,False
beijing,Dongsi,24,3,origin_week,19872,168,AP2,constant,logistic,0,PAIRWISE_EXACT,B,B,False,False
beijing,Dongsi,24,3,origin_week,19872,168,AP2,constant,hist_gradient_boosting,0,PAIRWISE_EXACT,B,B,False,False
beijing,Dongsi,24,3,origin_week,19872,168,AP2,logistic,hist_gradient_boosting,0,PAIRWISE_EXACT,B,B,False,False
beijing,Dongsi,24,3,origin_week,20040,168,AP2,constant,logistic,0,PAIRWISE_EXACT,B,B,False,False
beijing,Dongsi,24,3,origin_week,20040,168,AP2,constant,hist_gradient_boosting,0,PAIRWISE_EXACT,B,B,False,False
beijing,Dongsi,24,3,origin_week,20040,168,AP2,logistic,hist_gradient_boosting,0,PAIRWISE_EXACT,B,B,False,False
beijing,Dongsi,24,3,origin_week,20208,168,AP2,constant,logistic,0,PAIRWISE_EXACT,B,B,False,False
beijing,Dongsi,24,3,origin_week,20208,168,AP2,constant,hist_gradient_boosting,0,PAIRWISE_EXACT,B,B,False,False
beijing,Dongsi,24,3,origin_week,20208,168,AP2,logistic,hist_gradient_boosting,0,PAIRWISE_EXACT,B,B,False,False
beijing,Dongsi,24,3,origin_week,20376,168,AP2,constant,logistic,0,PAIRWISE_EXACT,B,B,False,False
beijing,Dongsi,24,3,origin_week,20376,168,AP2,constant,hist_gradient_boosting,0,PAIRWISE_EXACT,B,B,False,False
beijing,Dongsi,24,3,origin_week,20376,168,AP2,logistic,hist_gradient_boosting,0,PAIRWISE_EXACT,B,B,False,False
beijing,Dongsi,24,3,origin_week,20544,168,AP2,constant,logistic,0,PAIRWISE_EXACT,B,B,False,False
beijing,Dongsi,24,3,origin_week,20544,168,AP2,constant,hist_gradient_boosting,0,PAIRWISE_EXACT,B,B,False,False
beijing,Dongsi,24,3,origin_week,20544,168,AP2,logistic,hist_gradient_boosting,0,PAIRWISE_EXACT,B,B,False,False
beijing,Dongsi,24,3,origin_week,20712,168,AP2,constant,logistic,0,PAIRWISE_EXACT,B,B,False,False
beijing,Dongsi,24,3,origin_week,20712,168,AP2,constant,hist_gradient_boosting,0,PAIRWISE_EXACT,B,B,False,False
beijing,Dongsi,24,3,origin_week,20712,168,AP2,logistic,hist_gradient_boosting,0,PAIRWISE_EXACT,A,A,False,False
beijing,Dongsi,24,3,origin_week,20880,168,AP2,constant,logistic,0,PAIRWISE_EXACT,B,B,False,False
beijing,Dongsi,24,3,origin_week,20880,168,AP2,constant,hist_gradient_boosting,0,PAIRWISE_EXACT,B,B,False,False
beijing,Dongsi,24,3,origin_week,20880,168,AP2,logistic,hist_gradient_boosting,0,PAIRWISE_EXACT,B,B,False,False
beijing,Dongsi,24,3,origin_week,21048,168,AP2,constant,logistic,0,PAIRWISE_EXACT,B,B,False,False
beijing,Dongsi,24,3,origin_week,21048,168,AP2,constant,hist_gradient_boosting,0,PAIRWISE_EXACT,B,B,False,False
beijing,Dongsi,24,3,origin_week,21048,168,AP2,logistic,hist_gradient_boosting,0,PAIRWISE_EXACT,B,B,False,False
beijing,Dongsi,24,3,origin_week,21216,168,AP2,constant,logistic,3,PAIRWISE_EXACT,A,A,False,False
beijing,Dongsi,24,3,origin_week,21216,168,AP2,constant,hist_gradient_boosting,3,PAIRWISE_EXACT,A,A,False,False
beijing,Dongsi,24,3,origin_week,21216,168,AP2,logistic,hist_gradient_boosting,3,PAIRWISE_EXACT,A,A,False,False
beijing,Dongsi,24,3,origin_week,21384,168,AP2,constant,logistic,0,PAIRWISE_EXACT,B,B,False,False
beijing,Dongsi,24,3,origin_week,21384,168,AP2,constant,hist_gradient_boosting,0,PAIRWISE_EXACT,B,B,False,False
beijing,Dongsi,24,3,origin_week,21384,168,AP2,logistic,hist_gradient_boosting,0,PAIRWISE_EXACT,B,B,False,False
beijing,Dongsi,24,3,origin_week,21552,168,AP2,constant,logistic,0,PAIRWISE_EXACT,B,B,False,False
beijing,Dongsi,24,3,origin_week,21552,168,AP2,constant,hist_gradient_boosting,0,PAIRWISE_EXACT,B,B,False,False
beijing,Dongsi,24,3,origin_week,21552,168,AP2,logistic,hist_gradient_boosting,0,PAIRWISE_EXACT,B,B,False,False
beijing,Dongsi,24,3,origin_week,21720,168,AP2,constant,logistic,0,PAIRWISE_EXACT,B,B,False,False
beijing,Dongsi,24,3,origin_week,21720,168,AP2,constant,hist_gradient_boosting,0,PAIRWISE_EXACT,B,B,False,False
beijing,Dongsi,24,3,origin_week,21720,168,AP2,logistic,hist_gradient_boosting,0,PAIRWISE_EXACT,B,B,False,False
beijing,Dongsi,24,3,origin_week,21888,168,AP2,constant,logistic,0,PAIRWISE_EXACT,B,B,False,False
beijing,Dongsi,24,3,origin_week,21888,168,AP2,constant,hist_gradient_boosting,0,PAIRWISE_EXACT,B,B,False,False
beijing,Dongsi,24,3,origin_week,21888,168,AP2,logistic,hist_gradient_boosting,0,PAIRWISE_EXACT,B,B,False,False
beijing,Dongsi,24,3,origin_week,22056,168,AP2,constant,logistic,0,PAIRWISE_EXACT,B,B,False,False
beijing,Dongsi,24,3,origin_week,22056,168,AP2,constant,hist_gradient_boosting,0,PAIRWISE_EXACT,B,B,False,False
beijing,Dongsi,24,3,origin_week,22056,168,AP2,logistic,hist_gradient_boosting,0,PAIRWISE_EXACT,B,B,False,False
beijing,Dongsi,24,3,origin_week,22224,168,AP2,constant,logistic,0,PAIRWISE_EXACT,B,B,False,False
beijing,Dongsi,24,3,origin_week,22224,168,AP2,constant,hist_gradient_boosting,0,PAIRWISE_EXACT,B,B,False,False
beijing,Dongsi,24,3,origin_week,22224,168,AP2,logistic,hist_gradient_boosting,0,PAIRWISE_EXACT,A,A,False,False
beijing,Dongsi,24,3,origin_week,22392,168,AP2,constant,logistic,0,PAIRWISE_EXACT,B,B,False,False
beijing,Dongsi,24,3,origin_week,22392,168,AP2,constant,hist_gradient_boosting,0,PAIRWISE_EXACT,B,B,False,False
beijing,Dongsi,24,3,origin_week,22392,168,AP2,logistic,hist_gradient_boosting,0,PAIRWISE_EXACT,A,A,False,False
beijing,Dongsi,24,3,origin_week,22560,168,AP2,constant,logistic,0,PAIRWISE_EXACT,B,B,False,False
beijing,Dongsi,24,3,origin_week,22560,168,AP2,constant,hist_gradient_boosting,0,PAIRWISE_EXACT,B,B,False,False
beijing,Dongsi,24,3,origin_week,22560,168,AP2,logistic,hist_gradient_boosting,0,PAIRWISE_EXACT,B,B,False,False
beijing,Dongsi,24,3,origin_week,22728,168,AP2,constant,logistic,0,PAIRWISE_EXACT,B,B,False,False
beijing,Dongsi,24,3,origin_week,22728,168,AP2,constant,hist_gradient_boosting,0,PAIRWISE_EXACT,B,B,False,False
beijing,Dongsi,24,3,origin_week,22728,168,AP2,logistic,hist_gradient_boosting,0,PAIRWISE_EXACT,B,B,False,False
beijing,Dongsi,24,3,origin_week,22896,168,AP2,constant,logistic,0,PAIRWISE_EXACT,B,B,False,False
beijing,Dongsi,24,3,origin_week,22896,168,AP2,constant,hist_gradient_boosting,0,PAIRWISE_EXACT,B,B,False,False
beijing,Dongsi,24,3,origin_week,22896,168,AP2,logistic,hist_gradient_boosting,0,PAIRWISE_EXACT,B,B,False,False
beijing,Dongsi,24,3,origin_week,23064,168,AP2,constant,logistic,0,PAIRWISE_EXACT,A,A,False,False
beijing,Dongsi,24,3,origin_week,23064,168,AP2,constant,hist_gradient_boosting,0,PAIRWISE_EXACT,B,B,False,False
beijing,Dongsi,24,3,origin_week,23064,168,AP2,logistic,hist_gradient_boosting,0,PAIRWISE_EXACT,B,B,False,False
beijing,Dongsi,24,3,origin_week,23232,168,AP2,constant,logistic,0,PAIRWISE_EXACT,B,B,False,False
beijing,Dongsi,24,3,origin_week,23232,168,AP2,constant,hist_gradient_boosting,0,PAIRWISE_EXACT,B,B,False,False
beijing,Dongsi,24,3,origin_week,23232,168,AP2,logistic,hist_gradient_boosting,0,PAIRWISE_EXACT,B,B,False,False
beijing,Dongsi,24,3,origin_week,23400,168,AP2,constant,logistic,0,PAIRWISE_EXACT,B,B,False,False
beijing,Dongsi,24,3,origin_week,23400,168,AP2,constant,hist_gradient_boosting,0,PAIRWISE_EXACT,B,B,False,False
beijing,Dongsi,24,3,origin_week,23400,168,AP2,logistic,hist_gradient_boosting,0,PAIRWISE_EXACT,A,A,False,False
beijing,Dongsi,24,3,origin_week,23568,168,AP2,constant,logistic,0,PAIRWISE_EXACT,B,B,False,False
beijing,Dongsi,24,3,origin_week,23568,168,AP2,constant,hist_gradient_boosting,0,PAIRWISE_EXACT,B,B,False,False
beijing,Dongsi,24,3,origin_week,23568,168,AP2,logistic,hist_gradient_boosting,0,PAIRWISE_EXACT,A,A,False,False
beijing,Dongsi,24,3,origin_week,23736,168,AP2,constant,logistic,22,PAIRWISE_EXACT,B,B,False,False
beijing,Dongsi,24,3,origin_week,23736,168,AP2,constant,hist_gradient_boosting,22,PAIRWISE_EXACT,OPPOSITE_POSSIBLE,OPPOSITE_POSSIBLE,False,False
beijing,Dongsi,24,3,origin_week,23736,168,AP2,logistic,hist_gradient_boosting,22,PAIRWISE_EXACT,A,A,False,False
beijing,Dongsi,24,3,origin_week,23904,168,AP2,constant,logistic,0,PAIRWISE_EXACT,B,B,False,False
beijing,Dongsi,24,3,origin_week,23904,168,AP2,constant,hist_gradient_boosting,0,PAIRWISE_EXACT,A,A,False,False
beijing,Dongsi,24,3,origin_week,23904,168,AP2,logistic,hist_gradient_boosting,0,PAIRWISE_EXACT,A,A,False,False
beijing,Dongsi,24,3,origin_week,24072,168,AP2,constant,logistic,4,PAIRWISE_EXACT,B,B,False,False
beijing,Dongsi,24,3,origin_week,24072,168,AP2,constant,hist_gradient_boosting,4,PAIRWISE_EXACT,B,B,False,False
beijing,Dongsi,24,3,origin_week,24072,168,AP2,logistic,hist_gradient_boosting,4,PAIRWISE_EXACT,A,A,False,False
beijing,Dongsi,24,3,origin_week,24240,168,AP2,constant,logistic,0,PAIRWISE_EXACT,B,B,False,False
beijing,Dongsi,24,3,origin_week,24240,168,AP2,constant,hist_gradient_boosting,0,PAIRWISE_EXACT,B,B,False,False
beijing,Dongsi,24,3,origin_week,24240,168,AP2,logistic,hist_gradient_boosting,0,PAIRWISE_EXACT,A,A,False,False
beijing,Dongsi,24,3,origin_week,24408,168,AP2,constant,logistic,0,PAIRWISE_EXACT,B,B,False,False
beijing,Dongsi,24,3,origin_week,24408,168,AP2,constant,hist_gradient_boosting,0,PAIRWISE_EXACT,B,B,False,False
beijing,Dongsi,24,3,origin_week,24408,168,AP2,logistic,hist_gradient_boosting,0,PAIRWISE_EXACT,B,B,False,False
beijing,Dongsi,24,3,origin_week,24576,168,AP2,constant,logistic,0,PAIRWISE_EXACT,B,B,False,False
beijing,Dongsi,24,3,origin_week,24576,168,AP2,constant,hist_gradient_boosting,0,PAIRWISE_EXACT,B,B,False,False
beijing,Dongsi,24,3,origin_week,24576,168,AP2,logistic,hist_gradient_boosting,0,PAIRWISE_EXACT,A,A,False,False
beijing,Dongsi,24,3,origin_week,24744,168,AP2,constant,logistic,0,PAIRWISE_EXACT,A,A,False,False
beijing,Dongsi,24,3,origin_week,24744,168,AP2,constant,hist_gradient_boosting,0,PAIRWISE_EXACT,A,A,False,False
beijing,Dongsi,24,3,origin_week,24744,168,AP2,logistic,hist_gradient_boosting,0,PAIRWISE_EXACT,A,A,False,False
beijing,Dongsi,24,3,origin_week,24912,168,AP2,constant,logistic,0,PAIRWISE_EXACT,B,B,False,False
beijing,Dongsi,24,3,origin_week,24912,168,AP2,constant,hist_gradient_boosting,0,PAIRWISE_EXACT,A,A,False,False
beijing,Dongsi,24,3,origin_week,24912,168,AP2,logistic,hist_gradient_boosting,0,PAIRWISE_EXACT,A,A,False,False
beijing,Dongsi,24,3,origin_week,25080,168,AP2,constant,logistic,0,PAIRWISE_EXACT,B,B,False,False
beijing,Dongsi,24,3,origin_week,25080,168,AP2,constant,hist_gradient_boosting,0,PAIRWISE_EXACT,B,B,False,False
beijing,Dongsi,24,3,origin_week,25080,168,AP2,logistic,hist_gradient_boosting,0,PAIRWISE_EXACT,B,B,False,False
beijing,Dongsi,24,3,origin_week,25248,168,AP2,constant,logistic,0,PAIRWISE_EXACT,B,B,False,False
beijing,Dongsi,24,3,origin_week,25248,168,AP2,constant,hist_gradient_boosting,0,PAIRWISE_EXACT,B,B,False,False
beijing,Dongsi,24,3,origin_week,25248,168,AP2,logistic,hist_gradient_boosting,0,PAIRWISE_EXACT,B,B,False,False
beijing,Dongsi,24,3,origin_week,25416,168,AP2,constant,logistic,0,PAIRWISE_EXACT,B,B,False,False
beijing,Dongsi,24,3,origin_week,25416,168,AP2,constant,hist_gradient_boosting,0,PAIRWISE_EXACT,B,B,False,False
beijing,Dongsi,24,3,origin_week,25416,168,AP2,logistic,hist_gradient_boosting,0,PAIRWISE_EXACT,A,A,False,False
beijing,Dongsi,24,3,origin_week,25584,168,AP2,constant,logistic,0,PAIRWISE_EXACT,B,B,False,False
beijing,Dongsi,24,3,origin_week,25584,168,AP2,constant,hist_gradient_boosting,0,PAIRWISE_EXACT,B,B,False,False
beijing,Dongsi,24,3,origin_week,25584,168,AP2,logistic,hist_gradient_boosting,0,PAIRWISE_EXACT,B,B,False,False
beijing,Dongsi,24,3,origin_week,25752,168,AP2,constant,logistic,0,PAIRWISE_EXACT,A,A,False,False
beijing,Dongsi,24,3,origin_week,25752,168,AP2,constant,hist_gradient_boosting,0,PAIRWISE_EXACT,B,B,False,False
beijing,Dongsi,24,3,origin_week,25752,168,AP2,logistic,hist_gradient_boosting,0,PAIRWISE_EXACT,B,B,False,False
beijing,Dongsi,24,3,origin_week,25920,168,AP2,constant,logistic,0,PAIRWISE_EXACT,B,B,False,False
beijing,Dongsi,24,3,origin_week,25920,168,AP2,constant,hist_gradient_boosting,0,PAIRWISE_EXACT,B,B,False,False
beijing,Dongsi,24,3,origin_week,25920,168,AP2,logistic,hist_gradient_boosting,0,PAIRWISE_EXACT,B,B,False,False
beijing,Dongsi,24,3,origin_week,26088,168,AP2,constant,logistic,0,PAIRWISE_EXACT,B,B,False,False
beijing,Dongsi,24,3,origin_week,26088,168,AP2,constant,hist_gradient_boosting,0,PAIRWISE_EXACT,B,B,False,False
beijing,Dongsi,24,3,origin_week,26088,168,AP2,logistic,hist_gradient_boosting,0,PAIRWISE_EXACT,B,B,False,False
beijing,Dongsi,24,3,origin_week,26256,25,AP2,constant,logistic,0,PAIRWISE_EXACT,B,B,False,False
beijing,Dongsi,24,3,origin_week,26256,25,AP2,constant,hist_gradient_boosting,0,PAIRWISE_EXACT,B,B,False,False
beijing,Dongsi,24,3,origin_week,26256,25,AP2,logistic,hist_gradient_boosting,0,PAIRWISE_EXACT,B,B,False,False
beijing,Dongsi,72,3,annual,17520,8713,AP2,constant,logistic,49,PAIRWISE_EXACT,B,B,False,False
beijing,Dongsi,72,3,annual,17520,8713,AP2,constant,hist_gradient_boosting,49,PAIRWISE_EXACT,B,B,False,False
beijing,Dongsi,72,3,annual,17520,8713,AP2,logistic,hist_gradient_boosting,49,PAIRWISE_EXACT,A,A,False,False
beijing,Dongsi,72,3,origin_week,17520,168,AP2,constant,logistic,0,PAIRWISE_EXACT,B,B,False,False
beijing,Dongsi,72,3,origin_week,17520,168,AP2,constant,hist_gradient_boosting,0,PAIRWISE_EXACT,B,B,False,False
beijing,Dongsi,72,3,origin_week,17520,168,AP2,logistic,hist_gradient_boosting,0,PAIRWISE_EXACT,A,A,False,False
beijing,Dongsi,72,3,origin_week,17688,168,AP2,constant,logistic,0,PAIRWISE_EXACT,B,B,False,False
beijing,Dongsi,72,3,origin_week,17688,168,AP2,constant,hist_gradient_boosting,0,PAIRWISE_EXACT,B,B,False,False
beijing,Dongsi,72,3,origin_week,17688,168,AP2,logistic,hist_gradient_boosting,0,PAIRWISE_EXACT,B,B,False,False
beijing,Dongsi,72,3,origin_week,17856,168,AP2,constant,logistic,0,PAIRWISE_EXACT,A,A,False,False
beijing,Dongsi,72,3,origin_week,17856,168,AP2,constant,hist_gradient_boosting,0,PAIRWISE_EXACT,B,B,False,False
beijing,Dongsi,72,3,origin_week,17856,168,AP2,logistic,hist_gradient_boosting,0,PAIRWISE_EXACT,B,B,False,False
beijing,Dongsi,72,3,origin_week,18024,168,AP2,constant,logistic,0,PAIRWISE_EXACT,B,B,False,False
beijing,Dongsi,72,3,origin_week,18024,168,AP2,constant,hist_gradient_boosting,0,PAIRWISE_EXACT,A,A,False,False
beijing,Dongsi,72,3,origin_week,18024,168,AP2,logistic,hist_gradient_boosting,0,PAIRWISE_EXACT,A,A,False,False
beijing,Dongsi,72,3,origin_week,18192,168,AP2,constant,logistic,5,PAIRWISE_EXACT,A,A,False,False
beijing,Dongsi,72,3,origin_week,18192,168,AP2,constant,hist_gradient_boosting,5,PAIRWISE_EXACT,A,A,False,False
beijing,Dongsi,72,3,origin_week,18192,168,AP2,logistic,hist_gradient_boosting,5,PAIRWISE_EXACT,OPPOSITE_POSSIBLE,OPPOSITE_POSSIBLE,False,False
beijing,Dongsi,72,3,origin_week,18360,168,AP2,constant,logistic,0,PAIRWISE_EXACT,B,B,False,False
beijing,Dongsi,72,3,origin_week,18360,168,AP2,constant,hist_gradient_boosting,0,PAIRWISE_EXACT,B,B,False,False
beijing,Dongsi,72,3,origin_week,18360,168,AP2,logistic,hist_gradient_boosting,0,PAIRWISE_EXACT,A,A,False,False
beijing,Dongsi,72,3,origin_week,18528,168,AP2,constant,logistic,0,PAIRWISE_EXACT,B,B,False,False
beijing,Dongsi,72,3,origin_week,18528,168,AP2,constant,hist_gradient_boosting,0,PAIRWISE_EXACT,B,B,False,False
beijing,Dongsi,72,3,origin_week,18528,168,AP2,logistic,hist_gradient_boosting,0,PAIRWISE_EXACT,B,B,False,False
beijing,Dongsi,72,3,origin_week,18696,168,AP2,constant,logistic,0,PAIRWISE_EXACT,A,A,False,False
beijing,Dongsi,72,3,origin_week,18696,168,AP2,constant,hist_gradient_boosting,0,PAIRWISE_EXACT,A,A,False,False
beijing,Dongsi,72,3,origin_week,18696,168,AP2,logistic,hist_gradient_boosting,0,PAIRWISE_EXACT,A,A,False,False
beijing,Dongsi,72,3,origin_week,18864,168,AP2,constant,logistic,0,PAIRWISE_EXACT,B,B,False,False
beijing,Dongsi,72,3,origin_week,18864,168,AP2,constant,hist_gradient_boosting,0,PAIRWISE_EXACT,B,B,False,False
beijing,Dongsi,72,3,origin_week,18864,168,AP2,logistic,hist_gradient_boosting,0,PAIRWISE_EXACT,A,A,False,False
beijing,Dongsi,72,3,origin_week,19032,168,AP2,constant,logistic,0,PAIRWISE_EXACT,B,B,False,False
beijing,Dongsi,72,3,origin_week,19032,168,AP2,constant,hist_gradient_boosting,0,PAIRWISE_EXACT,B,B,False,False
beijing,Dongsi,72,3,origin_week,19032,168,AP2,logistic,hist_gradient_boosting,0,PAIRWISE_EXACT,A,A,False,False
beijing,Dongsi,72,3,origin_week,19200,168,AP2,constant,logistic,0,PAIRWISE_EXACT,A,A,False,False
beijing,Dongsi,72,3,origin_week,19200,168,AP2,constant,hist_gradient_boosting,0,PAIRWISE_EXACT,A,A,False,False
beijing,Dongsi,72,3,origin_week,19200,168,AP2,logistic,hist_gradient_boosting,0,PAIRWISE_EXACT,A,A,False,False
beijing,Dongsi,72,3,origin_week,19368,168,AP2,constant,logistic,18,PAIRWISE_EXACT,OPPOSITE_POSSIBLE,OPPOSITE_POSSIBLE,False,False
beijing,Dongsi,72,3,origin_week,19368,168,AP2,constant,hist_gradient_boosting,18,PAIRWISE_EXACT,OPPOSITE_POSSIBLE,OPPOSITE_POSSIBLE,False,False
beijing,Dongsi,72,3,origin_week,19368,168,AP2,logistic,hist_gradient_boosting,18,PAIRWISE_EXACT,B,B,False,False
beijing,Dongsi,72,3,origin_week,19536,168,AP2,constant,logistic,0,PAIRWISE_EXACT,B,B,False,False
beijing,Dongsi,72,3,origin_week,19536,168,AP2,constant,hist_gradient_boosting,0,PAIRWISE_EXACT,A,A,False,False
beijing,Dongsi,72,3,origin_week,19536,168,AP2,logistic,hist_gradient_boosting,0,PAIRWISE_EXACT,A,A,False,False
beijing,Dongsi,72,3,origin_week,19704,168,AP2,constant,logistic,0,PAIRWISE_EXACT,A,A,False,False
beijing,Dongsi,72,3,origin_week,19704,168,AP2,constant,hist_gradient_boosting,0,PAIRWISE_EXACT,A,A,False,False
beijing,Dongsi,72,3,origin_week,19704,168,AP2,logistic,hist_gradient_boosting,0,PAIRWISE_EXACT,B,B,False,False
beijing,Dongsi,72,3,origin_week,19872,168,AP2,constant,logistic,0,PAIRWISE_EXACT,A,A,False,False
beijing,Dongsi,72,3,origin_week,19872,168,AP2,constant,hist_gradient_boosting,0,PAIRWISE_EXACT,B,B,False,False
beijing,Dongsi,72,3,origin_week,19872,168,AP2,logistic,hist_gradient_boosting,0,PAIRWISE_EXACT,B,B,False,False
beijing,Dongsi,72,3,origin_week,20040,168,AP2,constant,logistic,0,PAIRWISE_EXACT,A,A,False,False
beijing,Dongsi,72,3,origin_week,20040,168,AP2,constant,hist_gradient_boosting,0,PAIRWISE_EXACT,B,B,False,False
beijing,Dongsi,72,3,origin_week,20040,168,AP2,logistic,hist_gradient_boosting,0,PAIRWISE_EXACT,B,B,False,False
beijing,Dongsi,72,3,origin_week,20208,168,AP2,constant,logistic,0,PAIRWISE_EXACT,B,B,False,False
beijing,Dongsi,72,3,origin_week,20208,168,AP2,constant,hist_gradient_boosting,0,PAIRWISE_EXACT,B,B,False,False
beijing,Dongsi,72,3,origin_week,20208,168,AP2,logistic,hist_gradient_boosting,0,PAIRWISE_EXACT,A,A,False,False
beijing,Dongsi,72,3,origin_week,20376,168,AP2,constant,logistic,0,PAIRWISE_EXACT,B,B,False,False
beijing,Dongsi,72,3,origin_week,20376,168,AP2,constant,hist_gradient_boosting,0,PAIRWISE_EXACT,B,B,False,False
beijing,Dongsi,72,3,origin_week,20376,168,AP2,logistic,hist_gradient_boosting,0,PAIRWISE_EXACT,A,A,False,False
beijing,Dongsi,72,3,origin_week,20544,168,AP2,constant,logistic,0,PAIRWISE_EXACT,B,B,False,False
beijing,Dongsi,72,3,origin_week,20544,168,AP2,constant,hist_gradient_boosting,0,PAIRWISE_EXACT,A,A,False,False
beijing,Dongsi,72,3,origin_week,20544,168,AP2,logistic,hist_gradient_boosting,0,PAIRWISE_EXACT,A,A,False,False
beijing,Dongsi,72,3,origin_week,20712,168,AP2,constant,logistic,0,PAIRWISE_EXACT,B,B,False,False
beijing,Dongsi,72,3,origin_week,20712,168,AP2,constant,hist_gradient_boosting,0,PAIRWISE_EXACT,A,A,False,False
beijing,Dongsi,72,3,origin_week,20712,168,AP2,logistic,hist_gradient_boosting,0,PAIRWISE_EXACT,A,A,False,False
beijing,Dongsi,72,3,origin_week,20880,168,AP2,constant,logistic,0,PAIRWISE_EXACT,B,B,False,False
beijing,Dongsi,72,3,origin_week,20880,168,AP2,constant,hist_gradient_boosting,0,PAIRWISE_EXACT,B,B,False,False
beijing,Dongsi,72,3,origin_week,20880,168,AP2,logistic,hist_gradient_boosting,0,PAIRWISE_EXACT,B,B,False,False
beijing,Dongsi,72,3,origin_week,21048,168,AP2,constant,logistic,0,PAIRWISE_EXACT,B,B,False,False
beijing,Dongsi,72,3,origin_week,21048,168,AP2,constant,hist_gradient_boosting,0,PAIRWISE_EXACT,B,B,False,False
beijing,Dongsi,72,3,origin_week,21048,168,AP2,logistic,hist_gradient_boosting,0,PAIRWISE_EXACT,B,B,False,False
beijing,Dongsi,72,3,origin_week,21216,168,AP2,constant,logistic,0,PAIRWISE_EXACT,A,A,False,False
beijing,Dongsi,72,3,origin_week,21216,168,AP2,constant,hist_gradient_boosting,0,PAIRWISE_EXACT,A,A,False,False
beijing,Dongsi,72,3,origin_week,21216,168,AP2,logistic,hist_gradient_boosting,0,PAIRWISE_EXACT,A,A,False,False
beijing,Dongsi,72,3,origin_week,21384,168,AP2,constant,logistic,0,PAIRWISE_EXACT,A,A,False,False
beijing,Dongsi,72,3,origin_week,21384,168,AP2,constant,hist_gradient_boosting,0,PAIRWISE_EXACT,A,A,False,False
beijing,Dongsi,72,3,origin_week,21384,168,AP2,logistic,hist_gradient_boosting,0,PAIRWISE_EXACT,A,A,False,False
beijing,Dongsi,72,3,origin_week,21552,168,AP2,constant,logistic,0,PAIRWISE_EXACT,B,B,False,False
beijing,Dongsi,72,3,origin_week,21552,168,AP2,constant,hist_gradient_boosting,0,PAIRWISE_EXACT,B,B,False,False
beijing,Dongsi,72,3,origin_week,21552,168,AP2,logistic,hist_gradient_boosting,0,PAIRWISE_EXACT,B,B,False,False
beijing,Dongsi,72,3,origin_week,21720,168,AP2,constant,logistic,0,PAIRWISE_EXACT,B,B,False,False
beijing,Dongsi,72,3,origin_week,21720,168,AP2,constant,hist_gradient_boosting,0,PAIRWISE_EXACT,B,B,False,False
beijing,Dongsi,72,3,origin_week,21720,168,AP2,logistic,hist_gradient_boosting,0,PAIRWISE_EXACT,A,A,False,False
beijing,Dongsi,72,3,origin_week,21888,168,AP2,constant,logistic,0,PAIRWISE_EXACT,B,B,False,False
beijing,Dongsi,72,3,origin_week,21888,168,AP2,constant,hist_gradient_boosting,0,PAIRWISE_EXACT,A,A,False,False
beijing,Dongsi,72,3,origin_week,21888,168,AP2,logistic,hist_gradient_boosting,0,PAIRWISE_EXACT,A,A,False,False
beijing,Dongsi,72,3,origin_week,22056,168,AP2,constant,logistic,0,PAIRWISE_EXACT,B,B,False,False
beijing,Dongsi,72,3,origin_week,22056,168,AP2,constant,hist_gradient_boosting,0,PAIRWISE_EXACT,B,B,False,False
beijing,Dongsi,72,3,origin_week,22056,168,AP2,logistic,hist_gradient_boosting,0,PAIRWISE_EXACT,B,B,False,False
beijing,Dongsi,72,3,origin_week,22224,168,AP2,constant,logistic,0,PAIRWISE_EXACT,B,B,False,False
beijing,Dongsi,72,3,origin_week,22224,168,AP2,constant,hist_gradient_boosting,0,PAIRWISE_EXACT,B,B,False,False
beijing,Dongsi,72,3,origin_week,22224,168,AP2,logistic,hist_gradient_boosting,0,PAIRWISE_EXACT,A,A,False,False
beijing,Dongsi,72,3,origin_week,22392,168,AP2,constant,logistic,0,PAIRWISE_EXACT,B,B,False,False
beijing,Dongsi,72,3,origin_week,22392,168,AP2,constant,hist_gradient_boosting,0,PAIRWISE_EXACT,B,B,False,False
beijing,Dongsi,72,3,origin_week,22392,168,AP2,logistic,hist_gradient_boosting,0,PAIRWISE_EXACT,A,A,False,False
beijing,Dongsi,72,3,origin_week,22560,168,AP2,constant,logistic,0,PAIRWISE_EXACT,B,B,False,False
beijing,Dongsi,72,3,origin_week,22560,168,AP2,constant,hist_gradient_boosting,0,PAIRWISE_EXACT,B,B,False,False
beijing,Dongsi,72,3,origin_week,22560,168,AP2,logistic,hist_gradient_boosting,0,PAIRWISE_EXACT,A,A,False,False
beijing,Dongsi,72,3,origin_week,22728,168,AP2,constant,logistic,0,PAIRWISE_EXACT,A,A,False,False
beijing,Dongsi,72,3,origin_week,22728,168,AP2,constant,hist_gradient_boosting,0,PAIRWISE_EXACT,A,A,False,False
beijing,Dongsi,72,3,origin_week,22728,168,AP2,logistic,hist_gradient_boosting,0,PAIRWISE_EXACT,A,A,False,False
beijing,Dongsi,72,3,origin_week,22896,168,AP2,constant,logistic,0,PAIRWISE_EXACT,B,B,False,False
beijing,Dongsi,72,3,origin_week,22896,168,AP2,constant,hist_gradient_boosting,0,PAIRWISE_EXACT,B,B,False,False
beijing,Dongsi,72,3,origin_week,22896,168,AP2,logistic,hist_gradient_boosting,0,PAIRWISE_EXACT,A,A,False,False
beijing,Dongsi,72,3,origin_week,23064,168,AP2,constant,logistic,0,PAIRWISE_EXACT,A,A,False,False
beijing,Dongsi,72,3,origin_week,23064,168,AP2,constant,hist_gradient_boosting,0,PAIRWISE_EXACT,A,A,False,False
beijing,Dongsi,72,3,origin_week,23064,168,AP2,logistic,hist_gradient_boosting,0,PAIRWISE_EXACT,A,A,False,False
beijing,Dongsi,72,3,origin_week,23232,168,AP2,constant,logistic,0,PAIRWISE_EXACT,B,B,False,False
beijing,Dongsi,72,3,origin_week,23232,168,AP2,constant,hist_gradient_boosting,0,PAIRWISE_EXACT,B,B,False,False
beijing,Dongsi,72,3,origin_week,23232,168,AP2,logistic,hist_gradient_boosting,0,PAIRWISE_EXACT,A,A,False,False
beijing,Dongsi,72,3,origin_week,23400,168,AP2,constant,logistic,0,PAIRWISE_EXACT,B,B,False,False
beijing,Dongsi,72,3,origin_week,23400,168,AP2,constant,hist_gradient_boosting,0,PAIRWISE_EXACT,A,A,False,False
beijing,Dongsi,72,3,origin_week,23400,168,AP2,logistic,hist_gradient_boosting,0,PAIRWISE_EXACT,A,A,False,False
beijing,Dongsi,72,3,origin_week,23568,168,AP2,constant,logistic,0,PAIRWISE_EXACT,B,B,False,False
beijing,Dongsi,72,3,origin_week,23568,168,AP2,constant,hist_gradient_boosting,0,PAIRWISE_EXACT,B,B,False,False
beijing,Dongsi,72,3,origin_week,23568,168,AP2,logistic,hist_gradient_boosting,0,PAIRWISE_EXACT,A,A,False,False
beijing,Dongsi,72,3,origin_week,23736,168,AP2,constant,logistic,26,PAIRWISE_EXACT,A,A,False,False
beijing,Dongsi,72,3,origin_week,23736,168,AP2,constant,hist_gradient_boosting,26,PAIRWISE_EXACT,A,A,False,False
beijing,Dongsi,72,3,origin_week,23736,168,AP2,logistic,hist_gradient_boosting,26,PAIRWISE_EXACT,OPPOSITE_POSSIBLE,OPPOSITE_POSSIBLE,False,False
beijing,Dongsi,72,3,origin_week,23904,168,AP2,constant,logistic,0,PAIRWISE_EXACT,A,A,False,False
beijing,Dongsi,72,3,origin_week,23904,168,AP2,constant,hist_gradient_boosting,0,PAIRWISE_EXACT,A,A,False,False
beijing,Dongsi,72,3,origin_week,23904,168,AP2,logistic,hist_gradient_boosting,0,PAIRWISE_EXACT,A,A,False,False
beijing,Dongsi,72,3,origin_week,24072,168,AP2,constant,logistic,0,PAIRWISE_EXACT,B,B,False,False
beijing,Dongsi,72,3,origin_week,24072,168,AP2,constant,hist_gradient_boosting,0,PAIRWISE_EXACT,A,A,False,False
beijing,Dongsi,72,3,origin_week,24072,168,AP2,logistic,hist_gradient_boosting,0,PAIRWISE_EXACT,A,A,False,False
beijing,Dongsi,72,3,origin_week,24240,168,AP2,constant,logistic,0,PAIRWISE_EXACT,B,B,False,False
beijing,Dongsi,72,3,origin_week,24240,168,AP2,constant,hist_gradient_boosting,0,PAIRWISE_EXACT,B,B,False,False
beijing,Dongsi,72,3,origin_week,24240,168,AP2,logistic,hist_gradient_boosting,0,PAIRWISE_EXACT,A,A,False,False
beijing,Dongsi,72,3,origin_week,24408,168,AP2,constant,logistic,0,PAIRWISE_EXACT,B,B,False,False
beijing,Dongsi,72,3,origin_week,24408,168,AP2,constant,hist_gradient_boosting,0,PAIRWISE_EXACT,B,B,False,False
beijing,Dongsi,72,3,origin_week,24408,168,AP2,logistic,hist_gradient_boosting,0,PAIRWISE_EXACT,B,B,False,False
beijing,Dongsi,72,3,origin_week,24576,168,AP2,constant,logistic,0,PAIRWISE_EXACT,B,B,False,False
beijing,Dongsi,72,3,origin_week,24576,168,AP2,constant,hist_gradient_boosting,0,PAIRWISE_EXACT,B,B,False,False
beijing,Dongsi,72,3,origin_week,24576,168,AP2,logistic,hist_gradient_boosting,0,PAIRWISE_EXACT,A,A,False,False
beijing,Dongsi,72,3,origin_week,24744,168,AP2,constant,logistic,0,PAIRWISE_EXACT,B,B,False,False
beijing,Dongsi,72,3,origin_week,24744,168,AP2,constant,hist_gradient_boosting,0,PAIRWISE_EXACT,A,A,False,False
beijing,Dongsi,72,3,origin_week,24744,168,AP2,logistic,hist_gradient_boosting,0,PAIRWISE_EXACT,A,A,False,False
beijing,Dongsi,72,3,origin_week,24912,168,AP2,constant,logistic,0,PAIRWISE_EXACT,A,A,False,False
beijing,Dongsi,72,3,origin_week,24912,168,AP2,constant,hist_gradient_boosting,0,PAIRWISE_EXACT,A,A,False,False
beijing,Dongsi,72,3,origin_week,24912,168,AP2,logistic,hist_gradient_boosting,0,PAIRWISE_EXACT,A,A,False,False
beijing,Dongsi,72,3,origin_week,25080,168,AP2,constant,logistic,0,PAIRWISE_EXACT,A,A,False,False
beijing,Dongsi,72,3,origin_week,25080,168,AP2,constant,hist_gradient_boosting,0,PAIRWISE_EXACT,A,A,False,False
beijing,Dongsi,72,3,origin_week,25080,168,AP2,logistic,hist_gradient_boosting,0,PAIRWISE_EXACT,B,B,False,False
beijing,Dongsi,72,3,origin_week,25248,168,AP2,constant,logistic,0,PAIRWISE_EXACT,B,B,False,False
beijing,Dongsi,72,3,origin_week,25248,168,AP2,constant,hist_gradient_boosting,0,PAIRWISE_EXACT,B,B,False,False
beijing,Dongsi,72,3,origin_week,25248,168,AP2,logistic,hist_gradient_boosting,0,PAIRWISE_EXACT,B,B,False,False
beijing,Dongsi,72,3,origin_week,25416,168,AP2,constant,logistic,0,PAIRWISE_EXACT,A,A,False,False
beijing,Dongsi,72,3,origin_week,25416,168,AP2,constant,hist_gradient_boosting,0,PAIRWISE_EXACT,A,A,False,False
beijing,Dongsi,72,3,origin_week,25416,168,AP2,logistic,hist_gradient_boosting,0,PAIRWISE_EXACT,A,A,False,False
beijing,Dongsi,72,3,origin_week,25584,168,AP2,constant,logistic,0,PAIRWISE_EXACT,B,B,False,False
beijing,Dongsi,72,3,origin_week,25584,168,AP2,constant,hist_gradient_boosting,0,PAIRWISE_EXACT,B,B,False,False
beijing,Dongsi,72,3,origin_week,25584,168,AP2,logistic,hist_gradient_boosting,0,PAIRWISE_EXACT,A,A,False,False
beijing,Dongsi,72,3,origin_week,25752,168,AP2,constant,logistic,0,PAIRWISE_EXACT,B,B,False,False
beijing,Dongsi,72,3,origin_week,25752,168,AP2,constant,hist_gradient_boosting,0,PAIRWISE_EXACT,A,A,False,False
beijing,Dongsi,72,3,origin_week,25752,168,AP2,logistic,hist_gradient_boosting,0,PAIRWISE_EXACT,A,A,False,False
beijing,Dongsi,72,3,origin_week,25920,168,AP2,constant,logistic,0,PAIRWISE_EXACT,B,B,False,False
beijing,Dongsi,72,3,origin_week,25920,168,AP2,constant,hist_gradient_boosting,0,PAIRWISE_EXACT,A,A,False,False
beijing,Dongsi,72,3,origin_week,25920,168,AP2,logistic,hist_gradient_boosting,0,PAIRWISE_EXACT,A,A,False,False
beijing,Dongsi,72,3,origin_week,26088,145,AP2,constant,logistic,0,PAIRWISE_EXACT,B,B,False,False
beijing,Dongsi,72,3,origin_week,26088,145,AP2,constant,hist_gradient_boosting,0,PAIRWISE_EXACT,B,B,False,False
beijing,Dongsi,72,3,origin_week,26088,145,AP2,logistic,hist_gradient_boosting,0,PAIRWISE_EXACT,B,B,False,False
beijing,Guanyuan,24,3,annual,17520,8761,AP2,constant,logistic,122,PAIRWISE_INSUFFICIENT,B,B,False,False
beijing,Guanyuan,24,3,annual,17520,8761,AP2,constant,hist_gradient_boosting,122,PAIRWISE_INSUFFICIENT,B,B,False,False
beijing,Guanyuan,24,3,annual,17520,8761,AP2,logistic,hist_gradient_boosting,122,PAIRWISE_INSUFFICIENT,OPPOSITE_POSSIBLE,OPPOSITE_POSSIBLE,False,True
beijing,Guanyuan,24,3,origin_week,17520,168,AP2,constant,logistic,1,PAIRWISE_EXACT,B,B,False,False
beijing,Guanyuan,24,3,origin_week,17520,168,AP2,constant,hist_gradient_boosting,1,PAIRWISE_EXACT,B,B,False,False
beijing,Guanyuan,24,3,origin_week,17520,168,AP2,logistic,hist_gradient_boosting,1,PAIRWISE_EXACT,A,A,False,False
beijing,Guanyuan,24,3,origin_week,17688,168,AP2,constant,logistic,0,PAIRWISE_EXACT,B,B,False,False
beijing,Guanyuan,24,3,origin_week,17688,168,AP2,constant,hist_gradient_boosting,0,PAIRWISE_EXACT,B,B,False,False
beijing,Guanyuan,24,3,origin_week,17688,168,AP2,logistic,hist_gradient_boosting,0,PAIRWISE_EXACT,A,A,False,False
beijing,Guanyuan,24,3,origin_week,17856,168,AP2,constant,logistic,0,PAIRWISE_EXACT,B,B,False,False
beijing,Guanyuan,24,3,origin_week,17856,168,AP2,constant,hist_gradient_boosting,0,PAIRWISE_EXACT,B,B,False,False
beijing,Guanyuan,24,3,origin_week,17856,168,AP2,logistic,hist_gradient_boosting,0,PAIRWISE_EXACT,A,A,False,False
beijing,Guanyuan,24,3,origin_week,18024,168,AP2,constant,logistic,0,PAIRWISE_EXACT,B,B,False,False
beijing,Guanyuan,24,3,origin_week,18024,168,AP2,constant,hist_gradient_boosting,0,PAIRWISE_EXACT,B,B,False,False
beijing,Guanyuan,24,3,origin_week,18024,168,AP2,logistic,hist_gradient_boosting,0,PAIRWISE_EXACT,B,B,False,False
beijing,Guanyuan,24,3,origin_week,18192,168,AP2,constant,logistic,0,PAIRWISE_EXACT,B,B,False,False
beijing,Guanyuan,24,3,origin_week,18192,168,AP2,constant,hist_gradient_boosting,0,PAIRWISE_EXACT,B,B,False,False
beijing,Guanyuan,24,3,origin_week,18192,168,AP2,logistic,hist_gradient_boosting,0,PAIRWISE_EXACT,B,B,False,False
beijing,Guanyuan,24,3,origin_week,18360,168,AP2,constant,logistic,22,PAIRWISE_EXACT,OPPOSITE_POSSIBLE,OPPOSITE_POSSIBLE,False,False
beijing,Guanyuan,24,3,origin_week,18360,168,AP2,constant,hist_gradient_boosting,22,PAIRWISE_EXACT,B,B,False,False
beijing,Guanyuan,24,3,origin_week,18360,168,AP2,logistic,hist_gradient_boosting,22,PAIRWISE_EXACT,B,B,False,False
beijing,Guanyuan,24,3,origin_week,18528,168,AP2,constant,logistic,15,PAIRWISE_EXACT,B,B,False,False
beijing,Guanyuan,24,3,origin_week,18528,168,AP2,constant,hist_gradient_boosting,15,PAIRWISE_EXACT,B,B,False,False
beijing,Guanyuan,24,3,origin_week,18528,168,AP2,logistic,hist_gradient_boosting,15,PAIRWISE_EXACT,OPPOSITE_POSSIBLE,OPPOSITE_POSSIBLE,False,False
beijing,Guanyuan,24,3,origin_week,18696,168,AP2,constant,logistic,0,PAIRWISE_EXACT,B,B,False,False
beijing,Guanyuan,24,3,origin_week,18696,168,AP2,constant,hist_gradient_boosting,0,PAIRWISE_EXACT,B,B,False,False
beijing,Guanyuan,24,3,origin_week,18696,168,AP2,logistic,hist_gradient_boosting,0,PAIRWISE_EXACT,B,B,False,False
beijing,Guanyuan,24,3,origin_week,18864,168,AP2,constant,logistic,0,PAIRWISE_EXACT,A,A,False,False
beijing,Guanyuan,24,3,origin_week,18864,168,AP2,constant,hist_gradient_boosting,0,PAIRWISE_EXACT,B,B,False,False
beijing,Guanyuan,24,3,origin_week,18864,168,AP2,logistic,hist_gradient_boosting,0,PAIRWISE_EXACT,B,B,False,False
beijing,Guanyuan,24,3,origin_week,19032,168,AP2,constant,logistic,35,PAIRWISE_INSUFFICIENT,B,B,False,False
beijing,Guanyuan,24,3,origin_week,19032,168,AP2,constant,hist_gradient_boosting,35,PAIRWISE_INSUFFICIENT,B,B,False,False
beijing,Guanyuan,24,3,origin_week,19032,168,AP2,logistic,hist_gradient_boosting,35,PAIRWISE_INSUFFICIENT,B,B,False,True
beijing,Guanyuan,24,3,origin_week,19200,168,AP2,constant,logistic,0,PAIRWISE_EXACT,B,B,False,False
beijing,Guanyuan,24,3,origin_week,19200,168,AP2,constant,hist_gradient_boosting,0,PAIRWISE_EXACT,B,B,False,False
beijing,Guanyuan,24,3,origin_week,19200,168,AP2,logistic,hist_gradient_boosting,0,PAIRWISE_EXACT,A,A,False,False
beijing,Guanyuan,24,3,origin_week,19368,168,AP2,constant,logistic,0,PAIRWISE_EXACT,B,B,False,False
beijing,Guanyuan,24,3,origin_week,19368,168,AP2,constant,hist_gradient_boosting,0,PAIRWISE_EXACT,B,B,False,False
beijing,Guanyuan,24,3,origin_week,19368,168,AP2,logistic,hist_gradient_boosting,0,PAIRWISE_EXACT,B,B,False,False
beijing,Guanyuan,24,3,origin_week,19536,168,AP2,constant,logistic,0,PAIRWISE_EXACT,B,B,False,False
beijing,Guanyuan,24,3,origin_week,19536,168,AP2,constant,hist_gradient_boosting,0,PAIRWISE_EXACT,B,B,False,False
beijing,Guanyuan,24,3,origin_week,19536,168,AP2,logistic,hist_gradient_boosting,0,PAIRWISE_EXACT,B,B,False,False
beijing,Guanyuan,24,3,origin_week,19704,168,AP2,constant,logistic,0,PAIRWISE_EXACT,B,B,False,False
beijing,Guanyuan,24,3,origin_week,19704,168,AP2,constant,hist_gradient_boosting,0,PAIRWISE_EXACT,B,B,False,False
beijing,Guanyuan,24,3,origin_week,19704,168,AP2,logistic,hist_gradient_boosting,0,PAIRWISE_EXACT,A,A,False,False
beijing,Guanyuan,24,3,origin_week,19872,168,AP2,constant,logistic,0,PAIRWISE_EXACT,B,B,False,False
beijing,Guanyuan,24,3,origin_week,19872,168,AP2,constant,hist_gradient_boosting,0,PAIRWISE_EXACT,B,B,False,False
beijing,Guanyuan,24,3,origin_week,19872,168,AP2,logistic,hist_gradient_boosting,0,PAIRWISE_EXACT,B,B,False,False
beijing,Guanyuan,24,3,origin_week,20040,168,AP2,constant,logistic,0,PAIRWISE_EXACT,B,B,False,False
beijing,Guanyuan,24,3,origin_week,20040,168,AP2,constant,hist_gradient_boosting,0,PAIRWISE_EXACT,B,B,False,False
beijing,Guanyuan,24,3,origin_week,20040,168,AP2,logistic,hist_gradient_boosting,0,PAIRWISE_EXACT,B,B,False,False
beijing,Guanyuan,24,3,origin_week,20208,168,AP2,constant,logistic,0,PAIRWISE_EXACT,B,B,False,False
beijing,Guanyuan,24,3,origin_week,20208,168,AP2,constant,hist_gradient_boosting,0,PAIRWISE_EXACT,B,B,False,False
beijing,Guanyuan,24,3,origin_week,20208,168,AP2,logistic,hist_gradient_boosting,0,PAIRWISE_EXACT,B,B,False,False
beijing,Guanyuan,24,3,origin_week,20376,168,AP2,constant,logistic,0,PAIRWISE_EXACT,B,B,False,False
beijing,Guanyuan,24,3,origin_week,20376,168,AP2,constant,hist_gradient_boosting,0,PAIRWISE_EXACT,B,B,False,False
beijing,Guanyuan,24,3,origin_week,20376,168,AP2,logistic,hist_gradient_boosting,0,PAIRWISE_EXACT,A,A,False,False
beijing,Guanyuan,24,3,origin_week,20544,168,AP2,constant,logistic,0,PAIRWISE_EXACT,B,B,False,False
beijing,Guanyuan,24,3,origin_week,20544,168,AP2,constant,hist_gradient_boosting,0,PAIRWISE_EXACT,B,B,False,False
beijing,Guanyuan,24,3,origin_week,20544,168,AP2,logistic,hist_gradient_boosting,0,PAIRWISE_EXACT,B,B,False,False
beijing,Guanyuan,24,3,origin_week,20712,168,AP2,constant,logistic,13,PAIRWISE_EXACT,B,B,False,False
beijing,Guanyuan,24,3,origin_week,20712,168,AP2,constant,hist_gradient_boosting,13,PAIRWISE_EXACT,B,B,False,False
beijing,Guanyuan,24,3,origin_week,20712,168,AP2,logistic,hist_gradient_boosting,13,PAIRWISE_EXACT,A,A,False,False
beijing,Guanyuan,24,3,origin_week,20880,168,AP2,constant,logistic,0,PAIRWISE_EXACT,A,A,False,False
beijing,Guanyuan,24,3,origin_week,20880,168,AP2,constant,hist_gradient_boosting,0,PAIRWISE_EXACT,B,B,False,False
beijing,Guanyuan,24,3,origin_week,20880,168,AP2,logistic,hist_gradient_boosting,0,PAIRWISE_EXACT,B,B,False,False
beijing,Guanyuan,24,3,origin_week,21048,168,AP2,constant,logistic,0,PAIRWISE_EXACT,A,A,False,False
beijing,Guanyuan,24,3,origin_week,21048,168,AP2,constant,hist_gradient_boosting,0,PAIRWISE_EXACT,B,B,False,False
beijing,Guanyuan,24,3,origin_week,21048,168,AP2,logistic,hist_gradient_boosting,0,PAIRWISE_EXACT,B,B,False,False
beijing,Guanyuan,24,3,origin_week,21216,168,AP2,constant,logistic,3,PAIRWISE_EXACT,A,A,False,False
beijing,Guanyuan,24,3,origin_week,21216,168,AP2,constant,hist_gradient_boosting,3,PAIRWISE_EXACT,A,A,False,False
beijing,Guanyuan,24,3,origin_week,21216,168,AP2,logistic,hist_gradient_boosting,3,PAIRWISE_EXACT,A,A,False,False
beijing,Guanyuan,24,3,origin_week,21384,168,AP2,constant,logistic,0,PAIRWISE_EXACT,B,B,False,False
beijing,Guanyuan,24,3,origin_week,21384,168,AP2,constant,hist_gradient_boosting,0,PAIRWISE_EXACT,B,B,False,False
beijing,Guanyuan,24,3,origin_week,21384,168,AP2,logistic,hist_gradient_boosting,0,PAIRWISE_EXACT,B,B,False,False
beijing,Guanyuan,24,3,origin_week,21552,168,AP2,constant,logistic,0,PAIRWISE_EXACT,B,B,False,False
beijing,Guanyuan,24,3,origin_week,21552,168,AP2,constant,hist_gradient_boosting,0,PAIRWISE_EXACT,B,B,False,False
beijing,Guanyuan,24,3,origin_week,21552,168,AP2,logistic,hist_gradient_boosting,0,PAIRWISE_EXACT,A,A,False,False
beijing,Guanyuan,24,3,origin_week,21720,168,AP2,constant,logistic,0,PAIRWISE_EXACT,B,B,False,False
beijing,Guanyuan,24,3,origin_week,21720,168,AP2,constant,hist_gradient_boosting,0,PAIRWISE_EXACT,B,B,False,False
beijing,Guanyuan,24,3,origin_week,21720,168,AP2,logistic,hist_gradient_boosting,0,PAIRWISE_EXACT,B,B,False,False
beijing,Guanyuan,24,3,origin_week,21888,168,AP2,constant,logistic,0,PAIRWISE_EXACT,B,B,False,False
beijing,Guanyuan,24,3,origin_week,21888,168,AP2,constant,hist_gradient_boosting,0,PAIRWISE_EXACT,B,B,False,False
beijing,Guanyuan,24,3,origin_week,21888,168,AP2,logistic,hist_gradient_boosting,0,PAIRWISE_EXACT,A,A,False,False
beijing,Guanyuan,24,3,origin_week,22056,168,AP2,constant,logistic,22,PAIRWISE_EXACT,B,B,False,False
beijing,Guanyuan,24,3,origin_week,22056,168,AP2,constant,hist_gradient_boosting,22,PAIRWISE_EXACT,B,B,False,False
beijing,Guanyuan,24,3,origin_week,22056,168,AP2,logistic,hist_gradient_boosting,22,PAIRWISE_EXACT,OPPOSITE_POSSIBLE,OPPOSITE_POSSIBLE,False,False
beijing,Guanyuan,24,3,origin_week,22224,168,AP2,constant,logistic,6,PAIRWISE_EXACT,B,B,False,False
beijing,Guanyuan,24,3,origin_week,22224,168,AP2,constant,hist_gradient_boosting,6,PAIRWISE_EXACT,B,B,False,False
beijing,Guanyuan,24,3,origin_week,22224,168,AP2,logistic,hist_gradient_boosting,6,PAIRWISE_EXACT,OPPOSITE_POSSIBLE,OPPOSITE_POSSIBLE,False,False
beijing,Guanyuan,24,3,origin_week,22392,168,AP2,constant,logistic,0,PAIRWISE_EXACT,B,B,False,False
beijing,Guanyuan,24,3,origin_week,22392,168,AP2,constant,hist_gradient_boosting,0,PAIRWISE_EXACT,B,B,False,False
beijing,Guanyuan,24,3,origin_week,22392,168,AP2,logistic,hist_gradient_boosting,0,PAIRWISE_EXACT,B,B,False,False
beijing,Guanyuan,24,3,origin_week,22560,168,AP2,constant,logistic,0,PAIRWISE_EXACT,B,B,False,False
beijing,Guanyuan,24,3,origin_week,22560,168,AP2,constant,hist_gradient_boosting,0,PAIRWISE_EXACT,B,B,False,False
beijing,Guanyuan,24,3,origin_week,22560,168,AP2,logistic,hist_gradient_boosting,0,PAIRWISE_EXACT,A,A,False,False
beijing,Guanyuan,24,3,origin_week,22728,168,AP2,constant,logistic,0,PAIRWISE_EXACT,B,B,False,False
beijing,Guanyuan,24,3,origin_week,22728,168,AP2,constant,hist_gradient_boosting,0,PAIRWISE_EXACT,B,B,False,False
beijing,Guanyuan,24,3,origin_week,22728,168,AP2,logistic,hist_gradient_boosting,0,PAIRWISE_EXACT,A,A,False,False
beijing,Guanyuan,24,3,origin_week,22896,168,AP2,constant,logistic,0,PAIRWISE_EXACT,B,B,False,False
beijing,Guanyuan,24,3,origin_week,22896,168,AP2,constant,hist_gradient_boosting,0,PAIRWISE_EXACT,B,B,False,False
beijing,Guanyuan,24,3,origin_week,22896,168,AP2,logistic,hist_gradient_boosting,0,PAIRWISE_EXACT,B,B,False,False
beijing,Guanyuan,24,3,origin_week,23064,168,AP2,constant,logistic,0,PAIRWISE_EXACT,B,B,False,False
beijing,Guanyuan,24,3,origin_week,23064,168,AP2,constant,hist_gradient_boosting,0,PAIRWISE_EXACT,B,B,False,False
beijing,Guanyuan,24,3,origin_week,23064,168,AP2,logistic,hist_gradient_boosting,0,PAIRWISE_EXACT,A,A,False,False
beijing,Guanyuan,24,3,origin_week,23232,168,AP2,constant,logistic,0,PAIRWISE_EXACT,B,B,False,False
beijing,Guanyuan,24,3,origin_week,23232,168,AP2,constant,hist_gradient_boosting,0,PAIRWISE_EXACT,B,B,False,False
beijing,Guanyuan,24,3,origin_week,23232,168,AP2,logistic,hist_gradient_boosting,0,PAIRWISE_EXACT,B,B,False,False
beijing,Guanyuan,24,3,origin_week,23400,168,AP2,constant,logistic,0,PAIRWISE_EXACT,B,B,False,False
beijing,Guanyuan,24,3,origin_week,23400,168,AP2,constant,hist_gradient_boosting,0,PAIRWISE_EXACT,B,B,False,False
beijing,Guanyuan,24,3,origin_week,23400,168,AP2,logistic,hist_gradient_boosting,0,PAIRWISE_EXACT,A,A,False,False
beijing,Guanyuan,24,3,origin_week,23568,168,AP2,constant,logistic,0,PAIRWISE_EXACT,B,B,False,False
beijing,Guanyuan,24,3,origin_week,23568,168,AP2,constant,hist_gradient_boosting,0,PAIRWISE_EXACT,B,B,False,False
beijing,Guanyuan,24,3,origin_week,23568,168,AP2,logistic,hist_gradient_boosting,0,PAIRWISE_EXACT,B,B,False,False
beijing,Guanyuan,24,3,origin_week,23736,168,AP2,constant,logistic,1,PAIRWISE_EXACT,A,A,False,False
beijing,Guanyuan,24,3,origin_week,23736,168,AP2,constant,hist_gradient_boosting,1,PAIRWISE_EXACT,A,A,False,False
beijing,Guanyuan,24,3,origin_week,23736,168,AP2,logistic,hist_gradient_boosting,1,PAIRWISE_EXACT,A,A,False,False
beijing,Guanyuan,24,3,origin_week,23904,168,AP2,constant,logistic,0,PAIRWISE_EXACT,B,B,False,False
beijing,Guanyuan,24,3,origin_week,23904,168,AP2,constant,hist_gradient_boosting,0,PAIRWISE_EXACT,A,A,False,False
beijing,Guanyuan,24,3,origin_week,23904,168,AP2,logistic,hist_gradient_boosting,0,PAIRWISE_EXACT,A,A,False,False
beijing,Guanyuan,24,3,origin_week,24072,168,AP2,constant,logistic,4,PAIRWISE_EXACT,B,B,False,False
beijing,Guanyuan,24,3,origin_week,24072,168,AP2,constant,hist_gradient_boosting,4,PAIRWISE_EXACT,B,B,False,False
beijing,Guanyuan,24,3,origin_week,24072,168,AP2,logistic,hist_gradient_boosting,4,PAIRWISE_EXACT,A,A,False,False
beijing,Guanyuan,24,3,origin_week,24240,168,AP2,constant,logistic,0,PAIRWISE_EXACT,B,B,False,False
beijing,Guanyuan,24,3,origin_week,24240,168,AP2,constant,hist_gradient_boosting,0,PAIRWISE_EXACT,B,B,False,False
beijing,Guanyuan,24,3,origin_week,24240,168,AP2,logistic,hist_gradient_boosting,0,PAIRWISE_EXACT,A,A,False,False
beijing,Guanyuan,24,3,origin_week,24408,168,AP2,constant,logistic,0,PAIRWISE_EXACT,B,B,False,False
beijing,Guanyuan,24,3,origin_week,24408,168,AP2,constant,hist_gradient_boosting,0,PAIRWISE_EXACT,B,B,False,False
beijing,Guanyuan,24,3,origin_week,24408,168,AP2,logistic,hist_gradient_boosting,0,PAIRWISE_EXACT,A,A,False,False
beijing,Guanyuan,24,3,origin_week,24576,168,AP2,constant,logistic,0,PAIRWISE_EXACT,B,B,False,False
beijing,Guanyuan,24,3,origin_week,24576,168,AP2,constant,hist_gradient_boosting,0,PAIRWISE_EXACT,B,B,False,False
beijing,Guanyuan,24,3,origin_week,24576,168,AP2,logistic,hist_gradient_boosting,0,PAIRWISE_EXACT,A,A,False,False
beijing,Guanyuan,24,3,origin_week,24744,168,AP2,constant,logistic,0,PAIRWISE_EXACT,A,A,False,False
beijing,Guanyuan,24,3,origin_week,24744,168,AP2,constant,hist_gradient_boosting,0,PAIRWISE_EXACT,A,A,False,False
beijing,Guanyuan,24,3,origin_week,24744,168,AP2,logistic,hist_gradient_boosting,0,PAIRWISE_EXACT,A,A,False,False
beijing,Guanyuan,24,3,origin_week,24912,168,AP2,constant,logistic,0,PAIRWISE_EXACT,B,B,False,False
beijing,Guanyuan,24,3,origin_week,24912,168,AP2,constant,hist_gradient_boosting,0,PAIRWISE_EXACT,B,B,False,False
beijing,Guanyuan,24,3,origin_week,24912,168,AP2,logistic,hist_gradient_boosting,0,PAIRWISE_EXACT,A,A,False,False
beijing,Guanyuan,24,3,origin_week,25080,168,AP2,constant,logistic,0,PAIRWISE_EXACT,B,B,False,False
beijing,Guanyuan,24,3,origin_week,25080,168,AP2,constant,hist_gradient_boosting,0,PAIRWISE_EXACT,B,B,False,False
beijing,Guanyuan,24,3,origin_week,25080,168,AP2,logistic,hist_gradient_boosting,0,PAIRWISE_EXACT,B,B,False,False
beijing,Guanyuan,24,3,origin_week,25248,168,AP2,constant,logistic,0,PAIRWISE_EXACT,B,B,False,False
beijing,Guanyuan,24,3,origin_week,25248,168,AP2,constant,hist_gradient_boosting,0,PAIRWISE_EXACT,B,B,False,False
beijing,Guanyuan,24,3,origin_week,25248,168,AP2,logistic,hist_gradient_boosting,0,PAIRWISE_EXACT,A,A,False,False
beijing,Guanyuan,24,3,origin_week,25416,168,AP2,constant,logistic,0,PAIRWISE_EXACT,B,B,False,False
beijing,Guanyuan,24,3,origin_week,25416,168,AP2,constant,hist_gradient_boosting,0,PAIRWISE_EXACT,B,B,False,False
beijing,Guanyuan,24,3,origin_week,25416,168,AP2,logistic,hist_gradient_boosting,0,PAIRWISE_EXACT,A,A,False,False
beijing,Guanyuan,24,3,origin_week,25584,168,AP2,constant,logistic,0,PAIRWISE_EXACT,B,B,False,False
beijing,Guanyuan,24,3,origin_week,25584,168,AP2,constant,hist_gradient_boosting,0,PAIRWISE_EXACT,B,B,False,False
beijing,Guanyuan,24,3,origin_week,25584,168,AP2,logistic,hist_gradient_boosting,0,PAIRWISE_EXACT,B,B,False,False
beijing,Guanyuan,24,3,origin_week,25752,168,AP2,constant,logistic,0,PAIRWISE_EXACT,B,B,False,False
beijing,Guanyuan,24,3,origin_week,25752,168,AP2,constant,hist_gradient_boosting,0,PAIRWISE_EXACT,B,B,False,False
beijing,Guanyuan,24,3,origin_week,25752,168,AP2,logistic,hist_gradient_boosting,0,PAIRWISE_EXACT,B,B,False,False
beijing,Guanyuan,24,3,origin_week,25920,168,AP2,constant,logistic,0,PAIRWISE_EXACT,B,B,False,False
beijing,Guanyuan,24,3,origin_week,25920,168,AP2,constant,hist_gradient_boosting,0,PAIRWISE_EXACT,B,B,False,False
beijing,Guanyuan,24,3,origin_week,25920,168,AP2,logistic,hist_gradient_boosting,0,PAIRWISE_EXACT,B,B,False,False
beijing,Guanyuan,24,3,origin_week,26088,168,AP2,constant,logistic,0,PAIRWISE_EXACT,B,B,False,False
beijing,Guanyuan,24,3,origin_week,26088,168,AP2,constant,hist_gradient_boosting,0,PAIRWISE_EXACT,B,B,False,False
beijing,Guanyuan,24,3,origin_week,26088,168,AP2,logistic,hist_gradient_boosting,0,PAIRWISE_EXACT,B,B,False,False
beijing,Guanyuan,24,3,origin_week,26256,25,AP2,constant,logistic,0,PAIRWISE_EXACT,B,B,False,False
beijing,Guanyuan,24,3,origin_week,26256,25,AP2,constant,hist_gradient_boosting,0,PAIRWISE_EXACT,B,B,False,False
beijing,Guanyuan,24,3,origin_week,26256,25,AP2,logistic,hist_gradient_boosting,0,PAIRWISE_EXACT,B,B,False,False
beijing,Guanyuan,72,3,annual,17520,8713,AP2,constant,logistic,166,PAIRWISE_INSUFFICIENT,B,B,False,False
beijing,Guanyuan,72,3,annual,17520,8713,AP2,constant,hist_gradient_boosting,166,PAIRWISE_INSUFFICIENT,B,B,False,False
beijing,Guanyuan,72,3,annual,17520,8713,AP2,logistic,hist_gradient_boosting,166,PAIRWISE_INSUFFICIENT,A,A,False,False
beijing,Guanyuan,72,3,origin_week,17520,168,AP2,constant,logistic,0,PAIRWISE_EXACT,A,A,False,False
beijing,Guanyuan,72,3,origin_week,17520,168,AP2,constant,hist_gradient_boosting,0,PAIRWISE_EXACT,B,B,False,False
beijing,Guanyuan,72,3,origin_week,17520,168,AP2,logistic,hist_gradient_boosting,0,PAIRWISE_EXACT,B,B,False,False
beijing,Guanyuan,72,3,origin_week,17688,168,AP2,constant,logistic,0,PAIRWISE_EXACT,B,B,False,False
beijing,Guanyuan,72,3,origin_week,17688,168,AP2,constant,hist_gradient_boosting,0,PAIRWISE_EXACT,A,A,False,False
beijing,Guanyuan,72,3,origin_week,17688,168,AP2,logistic,hist_gradient_boosting,0,PAIRWISE_EXACT,A,A,False,False
beijing,Guanyuan,72,3,origin_week,17856,168,AP2,constant,logistic,0,PAIRWISE_EXACT,A,A,False,False
beijing,Guanyuan,72,3,origin_week,17856,168,AP2,constant,hist_gradient_boosting,0,PAIRWISE_EXACT,A,A,False,False
beijing,Guanyuan,72,3,origin_week,17856,168,AP2,logistic,hist_gradient_boosting,0,PAIRWISE_EXACT,B,B,False,False
beijing,Guanyuan,72,3,origin_week,18024,168,AP2,constant,logistic,0,PAIRWISE_EXACT,B,B,False,False
beijing,Guanyuan,72,3,origin_week,18024,168,AP2,constant,hist_gradient_boosting,0,PAIRWISE_EXACT,A,A,False,False
beijing,Guanyuan,72,3,origin_week,18024,168,AP2,logistic,hist_gradient_boosting,0,PAIRWISE_EXACT,A,A,False,False
beijing,Guanyuan,72,3,origin_week,18192,168,AP2,constant,logistic,0,PAIRWISE_EXACT,B,B,False,False
beijing,Guanyuan,72,3,origin_week,18192,168,AP2,constant,hist_gradient_boosting,0,PAIRWISE_EXACT,A,A,False,False
beijing,Guanyuan,72,3,origin_week,18192,168,AP2,logistic,hist_gradient_boosting,0,PAIRWISE_EXACT,A,A,False,False
beijing,Guanyuan,72,3,origin_week,18360,168,AP2,constant,logistic,0,PAIRWISE_EXACT,B,B,False,False
beijing,Guanyuan,72,3,origin_week,18360,168,AP2,constant,hist_gradient_boosting,0,PAIRWISE_EXACT,B,B,False,False
beijing,Guanyuan,72,3,origin_week,18360,168,AP2,logistic,hist_gradient_boosting,0,PAIRWISE_EXACT,B,B,False,False
beijing,Guanyuan,72,3,origin_week,18528,168,AP2,constant,logistic,0,PAIRWISE_EXACT,A,A,False,False
beijing,Guanyuan,72,3,origin_week,18528,168,AP2,constant,hist_gradient_boosting,0,PAIRWISE_EXACT,B,B,False,False
beijing,Guanyuan,72,3,origin_week,18528,168,AP2,logistic,hist_gradient_boosting,0,PAIRWISE_EXACT,B,B,False,False
beijing,Guanyuan,72,3,origin_week,18696,168,AP2,constant,logistic,0,PAIRWISE_EXACT,A,A,False,False
beijing,Guanyuan,72,3,origin_week,18696,168,AP2,constant,hist_gradient_boosting,0,PAIRWISE_EXACT,A,A,False,False
beijing,Guanyuan,72,3,origin_week,18696,168,AP2,logistic,hist_gradient_boosting,0,PAIRWISE_EXACT,B,B,False,False
beijing,Guanyuan,72,3,origin_week,18864,168,AP2,constant,logistic,0,PAIRWISE_EXACT,A,A,False,False
beijing,Guanyuan,72,3,origin_week,18864,168,AP2,constant,hist_gradient_boosting,0,PAIRWISE_EXACT,B,B,False,False
beijing,Guanyuan,72,3,origin_week,18864,168,AP2,logistic,hist_gradient_boosting,0,PAIRWISE_EXACT,B,B,False,False
beijing,Guanyuan,72,3,origin_week,19032,168,AP2,constant,logistic,83,PAIRWISE_INSUFFICIENT,B,B,False,False
beijing,Guanyuan,72,3,origin_week,19032,168,AP2,constant,hist_gradient_boosting,83,PAIRWISE_INSUFFICIENT,OPPOSITE_POSSIBLE,OPPOSITE_POSSIBLE,False,False
beijing,Guanyuan,72,3,origin_week,19032,168,AP2,logistic,hist_gradient_boosting,83,PAIRWISE_INSUFFICIENT,A,A,False,False
beijing,Guanyuan,72,3,origin_week,19200,168,AP2,constant,logistic,0,PAIRWISE_EXACT,B,B,False,False
beijing,Guanyuan,72,3,origin_week,19200,168,AP2,constant,hist_gradient_boosting,0,PAIRWISE_EXACT,A,A,False,False
beijing,Guanyuan,72,3,origin_week,19200,168,AP2,logistic,hist_gradient_boosting,0,PAIRWISE_EXACT,A,A,False,False
beijing,Guanyuan,72,3,origin_week,19368,168,AP2,constant,logistic,0,PAIRWISE_EXACT,B,B,False,False
beijing,Guanyuan,72,3,origin_week,19368,168,AP2,constant,hist_gradient_boosting,0,PAIRWISE_EXACT,B,B,False,False
beijing,Guanyuan,72,3,origin_week,19368,168,AP2,logistic,hist_gradient_boosting,0,PAIRWISE_EXACT,B,B,False,False
beijing,Guanyuan,72,3,origin_week,19536,168,AP2,constant,logistic,0,PAIRWISE_EXACT,A,A,False,False
beijing,Guanyuan,72,3,origin_week,19536,168,AP2,constant,hist_gradient_boosting,0,PAIRWISE_EXACT,A,A,False,False
beijing,Guanyuan,72,3,origin_week,19536,168,AP2,logistic,hist_gradient_boosting,0,PAIRWISE_EXACT,A,A,False,False
beijing,Guanyuan,72,3,origin_week,19704,168,AP2,constant,logistic,0,PAIRWISE_EXACT,B,B,False,False
beijing,Guanyuan,72,3,origin_week,19704,168,AP2,constant,hist_gradient_boosting,0,PAIRWISE_EXACT,B,B,False,False
beijing,Guanyuan,72,3,origin_week,19704,168,AP2,logistic,hist_gradient_boosting,0,PAIRWISE_EXACT,A,A,False,False
beijing,Guanyuan,72,3,origin_week,19872,168,AP2,constant,logistic,0,PAIRWISE_EXACT,A,A,False,False
beijing,Guanyuan,72,3,origin_week,19872,168,AP2,constant,hist_gradient_boosting,0,PAIRWISE_EXACT,B,B,False,False
beijing,Guanyuan,72,3,origin_week,19872,168,AP2,logistic,hist_gradient_boosting,0,PAIRWISE_EXACT,B,B,False,False
beijing,Guanyuan,72,3,origin_week,20040,168,AP2,constant,logistic,0,PAIRWISE_EXACT,B,B,False,False
beijing,Guanyuan,72,3,origin_week,20040,168,AP2,constant,hist_gradient_boosting,0,PAIRWISE_EXACT,B,B,False,False
beijing,Guanyuan,72,3,origin_week,20040,168,AP2,logistic,hist_gradient_boosting,0,PAIRWISE_EXACT,B,B,False,False
beijing,Guanyuan,72,3,origin_week,20208,168,AP2,constant,logistic,0,PAIRWISE_EXACT,B,B,False,False
beijing,Guanyuan,72,3,origin_week,20208,168,AP2,constant,hist_gradient_boosting,0,PAIRWISE_EXACT,B,B,False,False
beijing,Guanyuan,72,3,origin_week,20208,168,AP2,logistic,hist_gradient_boosting,0,PAIRWISE_EXACT,B,B,False,False
beijing,Guanyuan,72,3,origin_week,20376,168,AP2,constant,logistic,0,PAIRWISE_EXACT,B,B,False,False
beijing,Guanyuan,72,3,origin_week,20376,168,AP2,constant,hist_gradient_boosting,0,PAIRWISE_EXACT,B,B,False,False
beijing,Guanyuan,72,3,origin_week,20376,168,AP2,logistic,hist_gradient_boosting,0,PAIRWISE_EXACT,A,A,False,False
beijing,Guanyuan,72,3,origin_week,20544,168,AP2,constant,logistic,0,PAIRWISE_EXACT,A,A,False,False
beijing,Guanyuan,72,3,origin_week,20544,168,AP2,constant,hist_gradient_boosting,0,PAIRWISE_EXACT,A,A,False,False
beijing,Guanyuan,72,3,origin_week,20544,168,AP2,logistic,hist_gradient_boosting,0,PAIRWISE_EXACT,A,A,False,False
beijing,Guanyuan,72,3,origin_week,20712,168,AP2,constant,logistic,13,PAIRWISE_EXACT,B,B,False,False
beijing,Guanyuan,72,3,origin_week,20712,168,AP2,constant,hist_gradient_boosting,13,PAIRWISE_EXACT,B,B,False,False
beijing,Guanyuan,72,3,origin_week,20712,168,AP2,logistic,hist_gradient_boosting,13,PAIRWISE_EXACT,A,A,False,False
beijing,Guanyuan,72,3,origin_week,20880,168,AP2,constant,logistic,0,PAIRWISE_EXACT,B,B,False,False
beijing,Guanyuan,72,3,origin_week,20880,168,AP2,constant,hist_gradient_boosting,0,PAIRWISE_EXACT,B,B,False,False
beijing,Guanyuan,72,3,origin_week,20880,168,AP2,logistic,hist_gradient_boosting,0,PAIRWISE_EXACT,B,B,False,False
beijing,Guanyuan,72,3,origin_week,21048,168,AP2,constant,logistic,0,PAIRWISE_EXACT,A,A,False,False
beijing,Guanyuan,72,3,origin_week,21048,168,AP2,constant,hist_gradient_boosting,0,PAIRWISE_EXACT,B,B,False,False
beijing,Guanyuan,72,3,origin_week,21048,168,AP2,logistic,hist_gradient_boosting,0,PAIRWISE_EXACT,B,B,False,False
beijing,Guanyuan,72,3,origin_week,21216,168,AP2,constant,logistic,0,PAIRWISE_EXACT,A,A,False,False
beijing,Guanyuan,72,3,origin_week,21216,168,AP2,constant,hist_gradient_boosting,0,PAIRWISE_EXACT,A,A,False,False
beijing,Guanyuan,72,3,origin_week,21216,168,AP2,logistic,hist_gradient_boosting,0,PAIRWISE_EXACT,A,A,False,False
beijing,Guanyuan,72,3,origin_week,21384,168,AP2,constant,logistic,0,PAIRWISE_EXACT,A,A,False,False
beijing,Guanyuan,72,3,origin_week,21384,168,AP2,constant,hist_gradient_boosting,0,PAIRWISE_EXACT,A,A,False,False
beijing,Guanyuan,72,3,origin_week,21384,168,AP2,logistic,hist_gradient_boosting,0,PAIRWISE_EXACT,A,A,False,False
beijing,Guanyuan,72,3,origin_week,21552,168,AP2,constant,logistic,0,PAIRWISE_EXACT,B,B,False,False
beijing,Guanyuan,72,3,origin_week,21552,168,AP2,constant,hist_gradient_boosting,0,PAIRWISE_EXACT,B,B,False,False
beijing,Guanyuan,72,3,origin_week,21552,168,AP2,logistic,hist_gradient_boosting,0,PAIRWISE_EXACT,A,A,False,False
beijing,Guanyuan,72,3,origin_week,21720,168,AP2,constant,logistic,0,PAIRWISE_EXACT,B,B,False,False
beijing,Guanyuan,72,3,origin_week,21720,168,AP2,constant,hist_gradient_boosting,0,PAIRWISE_EXACT,B,B,False,False
beijing,Guanyuan,72,3,origin_week,21720,168,AP2,logistic,hist_gradient_boosting,0,PAIRWISE_EXACT,A,A,False,False
beijing,Guanyuan,72,3,origin_week,21888,168,AP2,constant,logistic,11,PAIRWISE_EXACT,B,B,False,False
beijing,Guanyuan,72,3,origin_week,21888,168,AP2,constant,hist_gradient_boosting,11,PAIRWISE_EXACT,A,A,False,False
beijing,Guanyuan,72,3,origin_week,21888,168,AP2,logistic,hist_gradient_boosting,11,PAIRWISE_EXACT,A,A,False,False
beijing,Guanyuan,72,3,origin_week,22056,168,AP2,constant,logistic,59,PAIRWISE_EXACT,B,B,False,False
beijing,Guanyuan,72,3,origin_week,22056,168,AP2,constant,hist_gradient_boosting,59,PAIRWISE_EXACT,B,B,False,False
beijing,Guanyuan,72,3,origin_week,22056,168,AP2,logistic,hist_gradient_boosting,59,PAIRWISE_EXACT,B,B,False,False
beijing,Guanyuan,72,3,origin_week,22224,168,AP2,constant,logistic,0,PAIRWISE_EXACT,B,B,False,False
beijing,Guanyuan,72,3,origin_week,22224,168,AP2,constant,hist_gradient_boosting,0,PAIRWISE_EXACT,B,B,False,False
beijing,Guanyuan,72,3,origin_week,22224,168,AP2,logistic,hist_gradient_boosting,0,PAIRWISE_EXACT,B,B,False,False
beijing,Guanyuan,72,3,origin_week,22392,168,AP2,constant,logistic,0,PAIRWISE_EXACT,B,B,False,False
beijing,Guanyuan,72,3,origin_week,22392,168,AP2,constant,hist_gradient_boosting,0,PAIRWISE_EXACT,B,B,False,False
beijing,Guanyuan,72,3,origin_week,22392,168,AP2,logistic,hist_gradient_boosting,0,PAIRWISE_EXACT,B,B,False,False
beijing,Guanyuan,72,3,origin_week,22560,168,AP2,constant,logistic,0,PAIRWISE_EXACT,B,B,False,False
beijing,Guanyuan,72,3,origin_week,22560,168,AP2,constant,hist_gradient_boosting,0,PAIRWISE_EXACT,B,B,False,False
beijing,Guanyuan,72,3,origin_week,22560,168,AP2,logistic,hist_gradient_boosting,0,PAIRWISE_EXACT,A,A,False,False
beijing,Guanyuan,72,3,origin_week,22728,168,AP2,constant,logistic,0,PAIRWISE_EXACT,B,B,False,False
beijing,Guanyuan,72,3,origin_week,22728,168,AP2,constant,hist_gradient_boosting,0,PAIRWISE_EXACT,A,A,False,False
beijing,Guanyuan,72,3,origin_week,22728,168,AP2,logistic,hist_gradient_boosting,0,PAIRWISE_EXACT,A,A,False,False
beijing,Guanyuan,72,3,origin_week,22896,168,AP2,constant,logistic,0,PAIRWISE_EXACT,B,B,False,False
beijing,Guanyuan,72,3,origin_week,22896,168,AP2,constant,hist_gradient_boosting,0,PAIRWISE_EXACT,B,B,False,False
beijing,Guanyuan,72,3,origin_week,22896,168,AP2,logistic,hist_gradient_boosting,0,PAIRWISE_EXACT,B,B,False,False
beijing,Guanyuan,72,3,origin_week,23064,168,AP2,constant,logistic,0,PAIRWISE_EXACT,B,B,False,False
beijing,Guanyuan,72,3,origin_week,23064,168,AP2,constant,hist_gradient_boosting,0,PAIRWISE_EXACT,A,A,False,False
beijing,Guanyuan,72,3,origin_week,23064,168,AP2,logistic,hist_gradient_boosting,0,PAIRWISE_EXACT,A,A,False,False
beijing,Guanyuan,72,3,origin_week,23232,168,AP2,constant,logistic,0,PAIRWISE_EXACT,B,B,False,False
beijing,Guanyuan,72,3,origin_week,23232,168,AP2,constant,hist_gradient_boosting,0,PAIRWISE_EXACT,B,B,False,False
beijing,Guanyuan,72,3,origin_week,23232,168,AP2,logistic,hist_gradient_boosting,0,PAIRWISE_EXACT,A,A,False,False
beijing,Guanyuan,72,3,origin_week,23400,168,AP2,constant,logistic,0,PAIRWISE_EXACT,B,B,False,False
beijing,Guanyuan,72,3,origin_week,23400,168,AP2,constant,hist_gradient_boosting,0,PAIRWISE_EXACT,A,A,False,False
beijing,Guanyuan,72,3,origin_week,23400,168,AP2,logistic,hist_gradient_boosting,0,PAIRWISE_EXACT,A,A,False,False
beijing,Guanyuan,72,3,origin_week,23568,168,AP2,constant,logistic,0,PAIRWISE_EXACT,B,B,False,False
beijing,Guanyuan,72,3,origin_week,23568,168,AP2,constant,hist_gradient_boosting,0,PAIRWISE_EXACT,B,B,False,False
beijing,Guanyuan,72,3,origin_week,23568,168,AP2,logistic,hist_gradient_boosting,0,PAIRWISE_EXACT,B,B,False,False
beijing,Guanyuan,72,3,origin_week,23736,168,AP2,constant,logistic,0,PAIRWISE_EXACT,A,A,False,False
beijing,Guanyuan,72,3,origin_week,23736,168,AP2,constant,hist_gradient_boosting,0,PAIRWISE_EXACT,A,A,False,False
beijing,Guanyuan,72,3,origin_week,23736,168,AP2,logistic,hist_gradient_boosting,0,PAIRWISE_EXACT,A,A,False,False
beijing,Guanyuan,72,3,origin_week,23904,168,AP2,constant,logistic,0,PAIRWISE_EXACT,A,A,False,False
beijing,Guanyuan,72,3,origin_week,23904,168,AP2,constant,hist_gradient_boosting,0,PAIRWISE_EXACT,A,A,False,False
beijing,Guanyuan,72,3,origin_week,23904,168,AP2,logistic,hist_gradient_boosting,0,PAIRWISE_EXACT,B,B,False,False
beijing,Guanyuan,72,3,origin_week,24072,168,AP2,constant,logistic,0,PAIRWISE_EXACT,B,B,False,False
beijing,Guanyuan,72,3,origin_week,24072,168,AP2,constant,hist_gradient_boosting,0,PAIRWISE_EXACT,A,A,False,False
beijing,Guanyuan,72,3,origin_week,24072,168,AP2,logistic,hist_gradient_boosting,0,PAIRWISE_EXACT,A,A,False,False
beijing,Guanyuan,72,3,origin_week,24240,168,AP2,constant,logistic,0,PAIRWISE_EXACT,B,B,False,False
beijing,Guanyuan,72,3,origin_week,24240,168,AP2,constant,hist_gradient_boosting,0,PAIRWISE_EXACT,B,B,False,False
beijing,Guanyuan,72,3,origin_week,24240,168,AP2,logistic,hist_gradient_boosting,0,PAIRWISE_EXACT,A,A,False,False
beijing,Guanyuan,72,3,origin_week,24408,168,AP2,constant,logistic,0,PAIRWISE_EXACT,A,A,False,False
beijing,Guanyuan,72,3,origin_week,24408,168,AP2,constant,hist_gradient_boosting,0,PAIRWISE_EXACT,A,A,False,False
beijing,Guanyuan,72,3,origin_week,24408,168,AP2,logistic,hist_gradient_boosting,0,PAIRWISE_EXACT,B,B,False,False
beijing,Guanyuan,72,3,origin_week,24576,168,AP2,constant,logistic,0,PAIRWISE_EXACT,B,B,False,False
beijing,Guanyuan,72,3,origin_week,24576,168,AP2,constant,hist_gradient_boosting,0,PAIRWISE_EXACT,B,B,False,False
beijing,Guanyuan,72,3,origin_week,24576,168,AP2,logistic,hist_gradient_boosting,0,PAIRWISE_EXACT,A,A,False,False
beijing,Guanyuan,72,3,origin_week,24744,168,AP2,constant,logistic,0,PAIRWISE_EXACT,B,B,False,False
beijing,Guanyuan,72,3,origin_week,24744,168,AP2,constant,hist_gradient_boosting,0,PAIRWISE_EXACT,A,A,False,False
beijing,Guanyuan,72,3,origin_week,24744,168,AP2,logistic,hist_gradient_boosting,0,PAIRWISE_EXACT,A,A,False,False
beijing,Guanyuan,72,3,origin_week,24912,168,AP2,constant,logistic,0,PAIRWISE_EXACT,A,A,False,False
beijing,Guanyuan,72,3,origin_week,24912,168,AP2,constant,hist_gradient_boosting,0,PAIRWISE_EXACT,A,A,False,False
beijing,Guanyuan,72,3,origin_week,24912,168,AP2,logistic,hist_gradient_boosting,0,PAIRWISE_EXACT,A,A,False,False
beijing,Guanyuan,72,3,origin_week,25080,168,AP2,constant,logistic,0,PAIRWISE_EXACT,A,A,False,False
beijing,Guanyuan,72,3,origin_week,25080,168,AP2,constant,hist_gradient_boosting,0,PAIRWISE_EXACT,A,A,False,False
beijing,Guanyuan,72,3,origin_week,25080,168,AP2,logistic,hist_gradient_boosting,0,PAIRWISE_EXACT,A,A,False,False
beijing,Guanyuan,72,3,origin_week,25248,168,AP2,constant,logistic,0,PAIRWISE_EXACT,B,B,False,False
beijing,Guanyuan,72,3,origin_week,25248,168,AP2,constant,hist_gradient_boosting,0,PAIRWISE_EXACT,B,B,False,False
beijing,Guanyuan,72,3,origin_week,25248,168,AP2,logistic,hist_gradient_boosting,0,PAIRWISE_EXACT,B,B,False,False
beijing,Guanyuan,72,3,origin_week,25416,168,AP2,constant,logistic,0,PAIRWISE_EXACT,A,A,False,False
beijing,Guanyuan,72,3,origin_week,25416,168,AP2,constant,hist_gradient_boosting,0,PAIRWISE_EXACT,A,A,False,False
beijing,Guanyuan,72,3,origin_week,25416,168,AP2,logistic,hist_gradient_boosting,0,PAIRWISE_EXACT,A,A,False,False
beijing,Guanyuan,72,3,origin_week,25584,168,AP2,constant,logistic,0,PAIRWISE_EXACT,B,B,False,False
beijing,Guanyuan,72,3,origin_week,25584,168,AP2,constant,hist_gradient_boosting,0,PAIRWISE_EXACT,B,B,False,False
beijing,Guanyuan,72,3,origin_week,25584,168,AP2,logistic,hist_gradient_boosting,0,PAIRWISE_EXACT,A,A,False,False
beijing,Guanyuan,72,3,origin_week,25752,168,AP2,constant,logistic,0,PAIRWISE_EXACT,B,B,False,False
beijing,Guanyuan,72,3,origin_week,25752,168,AP2,constant,hist_gradient_boosting,0,PAIRWISE_EXACT,B,B,False,False
beijing,Guanyuan,72,3,origin_week,25752,168,AP2,logistic,hist_gradient_boosting,0,PAIRWISE_EXACT,A,A,False,False
beijing,Guanyuan,72,3,origin_week,25920,168,AP2,constant,logistic,0,PAIRWISE_EXACT,B,B,False,False
beijing,Guanyuan,72,3,origin_week,25920,168,AP2,constant,hist_gradient_boosting,0,PAIRWISE_EXACT,B,B,False,False
beijing,Guanyuan,72,3,origin_week,25920,168,AP2,logistic,hist_gradient_boosting,0,PAIRWISE_EXACT,A,A,False,False
beijing,Guanyuan,72,3,origin_week,26088,145,AP2,constant,logistic,0,PAIRWISE_EXACT,B,B,False,False
beijing,Guanyuan,72,3,origin_week,26088,145,AP2,constant,hist_gradient_boosting,0,PAIRWISE_EXACT,B,B,False,False
beijing,Guanyuan,72,3,origin_week,26088,145,AP2,logistic,hist_gradient_boosting,0,PAIRWISE_EXACT,B,B,False,False
beijing,Gucheng,24,3,annual,17520,8761,AP2,constant,logistic,130,PAIRWISE_INSUFFICIENT,B,B,False,False
beijing,Gucheng,24,3,annual,17520,8761,AP2,constant,hist_gradient_boosting,130,PAIRWISE_INSUFFICIENT,B,B,False,False
beijing,Gucheng,24,3,annual,17520,8761,AP2,logistic,hist_gradient_boosting,130,PAIRWISE_INSUFFICIENT,A,A,False,False
beijing,Gucheng,24,3,origin_week,17520,168,AP2,constant,logistic,0,PAIRWISE_EXACT,B,B,False,False
beijing,Gucheng,24,3,origin_week,17520,168,AP2,constant,hist_gradient_boosting,0,PAIRWISE_EXACT,B,B,False,False
beijing,Gucheng,24,3,origin_week,17520,168,AP2,logistic,hist_gradient_boosting,0,PAIRWISE_EXACT,A,A,False,False
beijing,Gucheng,24,3,origin_week,17688,168,AP2,constant,logistic,0,PAIRWISE_EXACT,B,B,False,False
beijing,Gucheng,24,3,origin_week,17688,168,AP2,constant,hist_gradient_boosting,0,PAIRWISE_EXACT,B,B,False,False
beijing,Gucheng,24,3,origin_week,17688,168,AP2,logistic,hist_gradient_boosting,0,PAIRWISE_EXACT,A,A,False,False
beijing,Gucheng,24,3,origin_week,17856,168,AP2,constant,logistic,0,PAIRWISE_EXACT,B,B,False,False
beijing,Gucheng,24,3,origin_week,17856,168,AP2,constant,hist_gradient_boosting,0,PAIRWISE_EXACT,B,B,False,False
beijing,Gucheng,24,3,origin_week,17856,168,AP2,logistic,hist_gradient_boosting,0,PAIRWISE_EXACT,B,B,False,False
beijing,Gucheng,24,3,origin_week,18024,168,AP2,constant,logistic,0,PAIRWISE_EXACT,B,B,False,False
beijing,Gucheng,24,3,origin_week,18024,168,AP2,constant,hist_gradient_boosting,0,PAIRWISE_EXACT,B,B,False,False
beijing,Gucheng,24,3,origin_week,18024,168,AP2,logistic,hist_gradient_boosting,0,PAIRWISE_EXACT,B,B,False,False
beijing,Gucheng,24,3,origin_week,18192,168,AP2,constant,logistic,0,PAIRWISE_EXACT,B,B,False,False
beijing,Gucheng,24,3,origin_week,18192,168,AP2,constant,hist_gradient_boosting,0,PAIRWISE_EXACT,B,B,False,False
beijing,Gucheng,24,3,origin_week,18192,168,AP2,logistic,hist_gradient_boosting,0,PAIRWISE_EXACT,A,A,False,False
beijing,Gucheng,24,3,origin_week,18360,168,AP2,constant,logistic,0,PAIRWISE_EXACT,B,B,False,False
beijing,Gucheng,24,3,origin_week,18360,168,AP2,constant,hist_gradient_boosting,0,PAIRWISE_EXACT,B,B,False,False
beijing,Gucheng,24,3,origin_week,18360,168,AP2,logistic,hist_gradient_boosting,0,PAIRWISE_EXACT,A,A,False,False
beijing,Gucheng,24,3,origin_week,18528,168,AP2,constant,logistic,0,PAIRWISE_EXACT,B,B,False,False
beijing,Gucheng,24,3,origin_week,18528,168,AP2,constant,hist_gradient_boosting,0,PAIRWISE_EXACT,B,B,False,False
beijing,Gucheng,24,3,origin_week,18528,168,AP2,logistic,hist_gradient_boosting,0,PAIRWISE_EXACT,A,A,False,False
beijing,Gucheng,24,3,origin_week,18696,168,AP2,constant,logistic,0,PAIRWISE_EXACT,A,A,False,False
beijing,Gucheng,24,3,origin_week,18696,168,AP2,constant,hist_gradient_boosting,0,PAIRWISE_EXACT,B,B,False,False
beijing,Gucheng,24,3,origin_week,18696,168,AP2,logistic,hist_gradient_boosting,0,PAIRWISE_EXACT,B,B,False,False
beijing,Gucheng,24,3,origin_week,18864,168,AP2,constant,logistic,0,PAIRWISE_EXACT,B,B,False,False
beijing,Gucheng,24,3,origin_week,18864,168,AP2,constant,hist_gradient_boosting,0,PAIRWISE_EXACT,B,B,False,False
beijing,Gucheng,24,3,origin_week,18864,168,AP2,logistic,hist_gradient_boosting,0,PAIRWISE_EXACT,A,A,False,False
beijing,Gucheng,24,3,origin_week,19032,168,AP2,constant,logistic,0,PAIRWISE_EXACT,B,B,False,False
beijing,Gucheng,24,3,origin_week,19032,168,AP2,constant,hist_gradient_boosting,0,PAIRWISE_EXACT,B,B,False,False
beijing,Gucheng,24,3,origin_week,19032,168,AP2,logistic,hist_gradient_boosting,0,PAIRWISE_EXACT,A,A,False,False
beijing,Gucheng,24,3,origin_week,19200,168,AP2,constant,logistic,0,PAIRWISE_EXACT,B,B,False,False
beijing,Gucheng,24,3,origin_week,19200,168,AP2,constant,hist_gradient_boosting,0,PAIRWISE_EXACT,B,B,False,False
beijing,Gucheng,24,3,origin_week,19200,168,AP2,logistic,hist_gradient_boosting,0,PAIRWISE_EXACT,A,A,False,False
beijing,Gucheng,24,3,origin_week,19368,168,AP2,constant,logistic,10,PAIRWISE_EXACT,B,B,False,False
beijing,Gucheng,24,3,origin_week,19368,168,AP2,constant,hist_gradient_boosting,10,PAIRWISE_EXACT,B,B,False,False
beijing,Gucheng,24,3,origin_week,19368,168,AP2,logistic,hist_gradient_boosting,10,PAIRWISE_EXACT,OPPOSITE_POSSIBLE,OPPOSITE_POSSIBLE,False,False
beijing,Gucheng,24,3,origin_week,19536,168,AP2,constant,logistic,0,PAIRWISE_EXACT,B,B,False,False
beijing,Gucheng,24,3,origin_week,19536,168,AP2,constant,hist_gradient_boosting,0,PAIRWISE_EXACT,B,B,False,False
beijing,Gucheng,24,3,origin_week,19536,168,AP2,logistic,hist_gradient_boosting,0,PAIRWISE_EXACT,A,A,False,False
beijing,Gucheng,24,3,origin_week,19704,168,AP2,constant,logistic,0,PAIRWISE_EXACT,B,B,False,False
beijing,Gucheng,24,3,origin_week,19704,168,AP2,constant,hist_gradient_boosting,0,PAIRWISE_EXACT,B,B,False,False
beijing,Gucheng,24,3,origin_week,19704,168,AP2,logistic,hist_gradient_boosting,0,PAIRWISE_EXACT,A,A,False,False
beijing,Gucheng,24,3,origin_week,19872,168,AP2,constant,logistic,0,PAIRWISE_EXACT,B,B,False,False
beijing,Gucheng,24,3,origin_week,19872,168,AP2,constant,hist_gradient_boosting,0,PAIRWISE_EXACT,B,B,False,False
beijing,Gucheng,24,3,origin_week,19872,168,AP2,logistic,hist_gradient_boosting,0,PAIRWISE_EXACT,B,B,False,False
beijing,Gucheng,24,3,origin_week,20040,168,AP2,constant,logistic,52,PAIRWISE_INSUFFICIENT,OPPOSITE_POSSIBLE,OPPOSITE_POSSIBLE,False,False
beijing,Gucheng,24,3,origin_week,20040,168,AP2,constant,hist_gradient_boosting,52,PAIRWISE_INSUFFICIENT,OPPOSITE_POSSIBLE,OPPOSITE_POSSIBLE,False,False
beijing,Gucheng,24,3,origin_week,20040,168,AP2,logistic,hist_gradient_boosting,52,PAIRWISE_INSUFFICIENT,OPPOSITE_POSSIBLE,OPPOSITE_POSSIBLE,False,False
beijing,Gucheng,24,3,origin_week,20208,168,AP2,constant,logistic,0,PAIRWISE_EXACT,B,B,False,False
beijing,Gucheng,24,3,origin_week,20208,168,AP2,constant,hist_gradient_boosting,0,PAIRWISE_EXACT,B,B,False,False
beijing,Gucheng,24,3,origin_week,20208,168,AP2,logistic,hist_gradient_boosting,0,PAIRWISE_EXACT,B,B,False,False
beijing,Gucheng,24,3,origin_week,20376,168,AP2,constant,logistic,0,PAIRWISE_EXACT,B,B,False,False
beijing,Gucheng,24,3,origin_week,20376,168,AP2,constant,hist_gradient_boosting,0,PAIRWISE_EXACT,B,B,False,False
beijing,Gucheng,24,3,origin_week,20376,168,AP2,logistic,hist_gradient_boosting,0,PAIRWISE_EXACT,A,A,False,False
beijing,Gucheng,24,3,origin_week,20544,168,AP2,constant,logistic,0,PAIRWISE_EXACT,B,B,False,False
beijing,Gucheng,24,3,origin_week,20544,168,AP2,constant,hist_gradient_boosting,0,PAIRWISE_EXACT,B,B,False,False
beijing,Gucheng,24,3,origin_week,20544,168,AP2,logistic,hist_gradient_boosting,0,PAIRWISE_EXACT,B,B,False,False
beijing,Gucheng,24,3,origin_week,20712,168,AP2,constant,logistic,0,PAIRWISE_EXACT,B,B,False,False
beijing,Gucheng,24,3,origin_week,20712,168,AP2,constant,hist_gradient_boosting,0,PAIRWISE_EXACT,B,B,False,False
beijing,Gucheng,24,3,origin_week,20712,168,AP2,logistic,hist_gradient_boosting,0,PAIRWISE_EXACT,A,A,False,False
beijing,Gucheng,24,3,origin_week,20880,168,AP2,constant,logistic,0,PAIRWISE_EXACT,B,B,False,False
beijing,Gucheng,24,3,origin_week,20880,168,AP2,constant,hist_gradient_boosting,0,PAIRWISE_EXACT,B,B,False,False
beijing,Gucheng,24,3,origin_week,20880,168,AP2,logistic,hist_gradient_boosting,0,PAIRWISE_EXACT,B,B,False,False
beijing,Gucheng,24,3,origin_week,21048,168,AP2,constant,logistic,0,PAIRWISE_EXACT,A,A,False,False
beijing,Gucheng,24,3,origin_week,21048,168,AP2,constant,hist_gradient_boosting,0,PAIRWISE_EXACT,B,B,False,False
beijing,Gucheng,24,3,origin_week,21048,168,AP2,logistic,hist_gradient_boosting,0,PAIRWISE_EXACT,B,B,False,False
beijing,Gucheng,24,3,origin_week,21216,168,AP2,constant,logistic,0,PAIRWISE_EXACT,B,B,False,False
beijing,Gucheng,24,3,origin_week,21216,168,AP2,constant,hist_gradient_boosting,0,PAIRWISE_EXACT,B,B,False,False
beijing,Gucheng,24,3,origin_week,21216,168,AP2,logistic,hist_gradient_boosting,0,PAIRWISE_EXACT,A,A,False,False
beijing,Gucheng,24,3,origin_week,21384,168,AP2,constant,logistic,0,PAIRWISE_EXACT,A,A,False,False
beijing,Gucheng,24,3,origin_week,21384,168,AP2,constant,hist_gradient_boosting,0,PAIRWISE_EXACT,A,A,False,False
beijing,Gucheng,24,3,origin_week,21384,168,AP2,logistic,hist_gradient_boosting,0,PAIRWISE_EXACT,A,A,False,False
beijing,Gucheng,24,3,origin_week,21552,168,AP2,constant,logistic,0,PAIRWISE_EXACT,B,B,False,False
beijing,Gucheng,24,3,origin_week,21552,168,AP2,constant,hist_gradient_boosting,0,PAIRWISE_EXACT,B,B,False,False
beijing,Gucheng,24,3,origin_week,21552,168,AP2,logistic,hist_gradient_boosting,0,PAIRWISE_EXACT,A,A,False,False
beijing,Gucheng,24,3,origin_week,21720,168,AP2,constant,logistic,22,PAIRWISE_EXACT,B,B,False,False
beijing,Gucheng,24,3,origin_week,21720,168,AP2,constant,hist_gradient_boosting,22,PAIRWISE_EXACT,B,B,False,False
beijing,Gucheng,24,3,origin_week,21720,168,AP2,logistic,hist_gradient_boosting,22,PAIRWISE_EXACT,B,B,False,False
beijing,Gucheng,24,3,origin_week,21888,168,AP2,constant,logistic,0,PAIRWISE_EXACT,B,B,False,False
beijing,Gucheng,24,3,origin_week,21888,168,AP2,constant,hist_gradient_boosting,0,PAIRWISE_EXACT,B,B,False,False
beijing,Gucheng,24,3,origin_week,21888,168,AP2,logistic,hist_gradient_boosting,0,PAIRWISE_EXACT,B,B,False,False
beijing,Gucheng,24,3,origin_week,22056,168,AP2,constant,logistic,0,PAIRWISE_EXACT,B,B,False,False
beijing,Gucheng,24,3,origin_week,22056,168,AP2,constant,hist_gradient_boosting,0,PAIRWISE_EXACT,B,B,False,False
beijing,Gucheng,24,3,origin_week,22056,168,AP2,logistic,hist_gradient_boosting,0,PAIRWISE_EXACT,B,B,False,False
beijing,Gucheng,24,3,origin_week,22224,168,AP2,constant,logistic,12,PAIRWISE_EXACT,B,B,False,False
beijing,Gucheng,24,3,origin_week,22224,168,AP2,constant,hist_gradient_boosting,12,PAIRWISE_EXACT,B,B,False,False
beijing,Gucheng,24,3,origin_week,22224,168,AP2,logistic,hist_gradient_boosting,12,PAIRWISE_EXACT,A,A,False,False
beijing,Gucheng,24,3,origin_week,22392,168,AP2,constant,logistic,4,PAIRWISE_EXACT,B,B,False,False
beijing,Gucheng,24,3,origin_week,22392,168,AP2,constant,hist_gradient_boosting,4,PAIRWISE_EXACT,B,B,False,False
beijing,Gucheng,24,3,origin_week,22392,168,AP2,logistic,hist_gradient_boosting,4,PAIRWISE_EXACT,B,B,False,False
beijing,Gucheng,24,3,origin_week,22560,168,AP2,constant,logistic,0,PAIRWISE_EXACT,B,B,False,False
beijing,Gucheng,24,3,origin_week,22560,168,AP2,constant,hist_gradient_boosting,0,PAIRWISE_EXACT,B,B,False,False
beijing,Gucheng,24,3,origin_week,22560,168,AP2,logistic,hist_gradient_boosting,0,PAIRWISE_EXACT,A,A,False,False
beijing,Gucheng,24,3,origin_week,22728,168,AP2,constant,logistic,0,PAIRWISE_EXACT,B,B,False,False
beijing,Gucheng,24,3,origin_week,22728,168,AP2,constant,hist_gradient_boosting,0,PAIRWISE_EXACT,B,B,False,False
beijing,Gucheng,24,3,origin_week,22728,168,AP2,logistic,hist_gradient_boosting,0,PAIRWISE_EXACT,A,A,False,False
beijing,Gucheng,24,3,origin_week,22896,168,AP2,constant,logistic,0,PAIRWISE_EXACT,B,B,False,False
beijing,Gucheng,24,3,origin_week,22896,168,AP2,constant,hist_gradient_boosting,0,PAIRWISE_EXACT,B,B,False,False
beijing,Gucheng,24,3,origin_week,22896,168,AP2,logistic,hist_gradient_boosting,0,PAIRWISE_EXACT,B,B,False,False
beijing,Gucheng,24,3,origin_week,23064,168,AP2,constant,logistic,2,PAIRWISE_EXACT,A,A,False,False
beijing,Gucheng,24,3,origin_week,23064,168,AP2,constant,hist_gradient_boosting,2,PAIRWISE_EXACT,B,B,False,False
beijing,Gucheng,24,3,origin_week,23064,168,AP2,logistic,hist_gradient_boosting,2,PAIRWISE_EXACT,B,B,False,False
beijing,Gucheng,24,3,origin_week,23232,168,AP2,constant,logistic,0,PAIRWISE_EXACT,B,B,False,False
beijing,Gucheng,24,3,origin_week,23232,168,AP2,constant,hist_gradient_boosting,0,PAIRWISE_EXACT,B,B,False,False
beijing,Gucheng,24,3,origin_week,23232,168,AP2,logistic,hist_gradient_boosting,0,PAIRWISE_EXACT,B,B,False,False
beijing,Gucheng,24,3,origin_week,23400,168,AP2,constant,logistic,6,PAIRWISE_EXACT,B,B,False,False
beijing,Gucheng,24,3,origin_week,23400,168,AP2,constant,hist_gradient_boosting,6,PAIRWISE_EXACT,B,B,False,False
beijing,Gucheng,24,3,origin_week,23400,168,AP2,logistic,hist_gradient_boosting,6,PAIRWISE_EXACT,A,A,False,False
beijing,Gucheng,24,3,origin_week,23568,168,AP2,constant,logistic,0,PAIRWISE_EXACT,B,B,False,False
beijing,Gucheng,24,3,origin_week,23568,168,AP2,constant,hist_gradient_boosting,0,PAIRWISE_EXACT,B,B,False,False
beijing,Gucheng,24,3,origin_week,23568,168,AP2,logistic,hist_gradient_boosting,0,PAIRWISE_EXACT,A,A,False,False
beijing,Gucheng,24,3,origin_week,23736,168,AP2,constant,logistic,1,PAIRWISE_EXACT,A,A,False,False
beijing,Gucheng,24,3,origin_week,23736,168,AP2,constant,hist_gradient_boosting,1,PAIRWISE_EXACT,A,A,False,False
beijing,Gucheng,24,3,origin_week,23736,168,AP2,logistic,hist_gradient_boosting,1,PAIRWISE_EXACT,A,A,False,False
beijing,Gucheng,24,3,origin_week,23904,168,AP2,constant,logistic,13,PAIRWISE_EXACT,OPPOSITE_POSSIBLE,OPPOSITE_POSSIBLE,False,False
beijing,Gucheng,24,3,origin_week,23904,168,AP2,constant,hist_gradient_boosting,13,PAIRWISE_EXACT,A,A,False,False
beijing,Gucheng,24,3,origin_week,23904,168,AP2,logistic,hist_gradient_boosting,13,PAIRWISE_EXACT,A,A,False,False
beijing,Gucheng,24,3,origin_week,24072,168,AP2,constant,logistic,5,PAIRWISE_EXACT,B,B,False,False
beijing,Gucheng,24,3,origin_week,24072,168,AP2,constant,hist_gradient_boosting,5,PAIRWISE_EXACT,B,B,False,False
beijing,Gucheng,24,3,origin_week,24072,168,AP2,logistic,hist_gradient_boosting,5,PAIRWISE_EXACT,A,A,False,False
beijing,Gucheng,24,3,origin_week,24240,168,AP2,constant,logistic,0,PAIRWISE_EXACT,B,B,False,False
beijing,Gucheng,24,3,origin_week,24240,168,AP2,constant,hist_gradient_boosting,0,PAIRWISE_EXACT,B,B,False,False
beijing,Gucheng,24,3,origin_week,24240,168,AP2,logistic,hist_gradient_boosting,0,PAIRWISE_EXACT,A,A,False,False
beijing,Gucheng,24,3,origin_week,24408,168,AP2,constant,logistic,0,PAIRWISE_EXACT,B,B,False,False
beijing,Gucheng,24,3,origin_week,24408,168,AP2,constant,hist_gradient_boosting,0,PAIRWISE_EXACT,B,B,False,False
beijing,Gucheng,24,3,origin_week,24408,168,AP2,logistic,hist_gradient_boosting,0,PAIRWISE_EXACT,A,A,False,False
beijing,Gucheng,24,3,origin_week,24576,168,AP2,constant,logistic,0,PAIRWISE_EXACT,B,B,False,False
beijing,Gucheng,24,3,origin_week,24576,168,AP2,constant,hist_gradient_boosting,0,PAIRWISE_EXACT,B,B,False,False
beijing,Gucheng,24,3,origin_week,24576,168,AP2,logistic,hist_gradient_boosting,0,PAIRWISE_EXACT,A,A,False,False
beijing,Gucheng,24,3,origin_week,24744,168,AP2,constant,logistic,0,PAIRWISE_EXACT,A,A,False,False
beijing,Gucheng,24,3,origin_week,24744,168,AP2,constant,hist_gradient_boosting,0,PAIRWISE_EXACT,A,A,False,False
beijing,Gucheng,24,3,origin_week,24744,168,AP2,logistic,hist_gradient_boosting,0,PAIRWISE_EXACT,A,A,False,False
beijing,Gucheng,24,3,origin_week,24912,168,AP2,constant,logistic,3,PAIRWISE_EXACT,B,B,False,False
beijing,Gucheng,24,3,origin_week,24912,168,AP2,constant,hist_gradient_boosting,3,PAIRWISE_EXACT,A,A,False,False
beijing,Gucheng,24,3,origin_week,24912,168,AP2,logistic,hist_gradient_boosting,3,PAIRWISE_EXACT,A,A,False,False
beijing,Gucheng,24,3,origin_week,25080,168,AP2,constant,logistic,0,PAIRWISE_EXACT,B,B,False,False
beijing,Gucheng,24,3,origin_week,25080,168,AP2,constant,hist_gradient_boosting,0,PAIRWISE_EXACT,B,B,False,False
beijing,Gucheng,24,3,origin_week,25080,168,AP2,logistic,hist_gradient_boosting,0,PAIRWISE_EXACT,B,B,False,False
beijing,Gucheng,24,3,origin_week,25248,168,AP2,constant,logistic,0,PAIRWISE_EXACT,B,B,False,False
beijing,Gucheng,24,3,origin_week,25248,168,AP2,constant,hist_gradient_boosting,0,PAIRWISE_EXACT,B,B,False,False
beijing,Gucheng,24,3,origin_week,25248,168,AP2,logistic,hist_gradient_boosting,0,PAIRWISE_EXACT,A,A,False,False
beijing,Gucheng,24,3,origin_week,25416,168,AP2,constant,logistic,0,PAIRWISE_EXACT,B,B,False,False
beijing,Gucheng,24,3,origin_week,25416,168,AP2,constant,hist_gradient_boosting,0,PAIRWISE_EXACT,B,B,False,False
beijing,Gucheng,24,3,origin_week,25416,168,AP2,logistic,hist_gradient_boosting,0,PAIRWISE_EXACT,A,A,False,False
beijing,Gucheng,24,3,origin_week,25584,168,AP2,constant,logistic,0,PAIRWISE_EXACT,B,B,False,False
beijing,Gucheng,24,3,origin_week,25584,168,AP2,constant,hist_gradient_boosting,0,PAIRWISE_EXACT,B,B,False,False
beijing,Gucheng,24,3,origin_week,25584,168,AP2,logistic,hist_gradient_boosting,0,PAIRWISE_EXACT,A,A,False,False
beijing,Gucheng,24,3,origin_week,25752,168,AP2,constant,logistic,0,PAIRWISE_EXACT,B,B,False,False
beijing,Gucheng,24,3,origin_week,25752,168,AP2,constant,hist_gradient_boosting,0,PAIRWISE_EXACT,B,B,False,False
beijing,Gucheng,24,3,origin_week,25752,168,AP2,logistic,hist_gradient_boosting,0,PAIRWISE_EXACT,B,B,False,False
beijing,Gucheng,24,3,origin_week,25920,168,AP2,constant,logistic,0,PAIRWISE_EXACT,B,B,False,False
beijing,Gucheng,24,3,origin_week,25920,168,AP2,constant,hist_gradient_boosting,0,PAIRWISE_EXACT,B,B,False,False
beijing,Gucheng,24,3,origin_week,25920,168,AP2,logistic,hist_gradient_boosting,0,PAIRWISE_EXACT,B,B,False,False
beijing,Gucheng,24,3,origin_week,26088,168,AP2,constant,logistic,0,PAIRWISE_EXACT,B,B,False,False
beijing,Gucheng,24,3,origin_week,26088,168,AP2,constant,hist_gradient_boosting,0,PAIRWISE_EXACT,B,B,False,False
beijing,Gucheng,24,3,origin_week,26088,168,AP2,logistic,hist_gradient_boosting,0,PAIRWISE_EXACT,B,B,False,False
beijing,Gucheng,24,3,origin_week,26256,25,AP2,constant,logistic,0,PAIRWISE_EXACT,B,B,False,False
beijing,Gucheng,24,3,origin_week,26256,25,AP2,constant,hist_gradient_boosting,0,PAIRWISE_EXACT,B,B,False,False
beijing,Gucheng,24,3,origin_week,26256,25,AP2,logistic,hist_gradient_boosting,0,PAIRWISE_EXACT,B,B,False,False
beijing,Gucheng,72,3,annual,17520,8713,AP2,constant,logistic,150,PAIRWISE_INSUFFICIENT,B,B,False,True
beijing,Gucheng,72,3,annual,17520,8713,AP2,constant,hist_gradient_boosting,150,PAIRWISE_INSUFFICIENT,B,B,False,True
beijing,Gucheng,72,3,annual,17520,8713,AP2,logistic,hist_gradient_boosting,150,PAIRWISE_INSUFFICIENT,A,A,False,True
beijing,Gucheng,72,3,origin_week,17520,168,AP2,constant,logistic,0,PAIRWISE_EXACT,A,A,False,False
beijing,Gucheng,72,3,origin_week,17520,168,AP2,constant,hist_gradient_boosting,0,PAIRWISE_EXACT,A,A,False,False
beijing,Gucheng,72,3,origin_week,17520,168,AP2,logistic,hist_gradient_boosting,0,PAIRWISE_EXACT,A,A,False,False
beijing,Gucheng,72,3,origin_week,17688,168,AP2,constant,logistic,0,PAIRWISE_EXACT,B,B,False,False
beijing,Gucheng,72,3,origin_week,17688,168,AP2,constant,hist_gradient_boosting,0,PAIRWISE_EXACT,A,A,False,False
beijing,Gucheng,72,3,origin_week,17688,168,AP2,logistic,hist_gradient_boosting,0,PAIRWISE_EXACT,A,A,False,False
beijing,Gucheng,72,3,origin_week,17856,168,AP2,constant,logistic,0,PAIRWISE_EXACT,A,A,False,False
beijing,Gucheng,72,3,origin_week,17856,168,AP2,constant,hist_gradient_boosting,0,PAIRWISE_EXACT,B,B,False,False
beijing,Gucheng,72,3,origin_week,17856,168,AP2,logistic,hist_gradient_boosting,0,PAIRWISE_EXACT,B,B,False,False
beijing,Gucheng,72,3,origin_week,18024,168,AP2,constant,logistic,0,PAIRWISE_EXACT,B,B,False,False
beijing,Gucheng,72,3,origin_week,18024,168,AP2,constant,hist_gradient_boosting,0,PAIRWISE_EXACT,A,A,False,False
beijing,Gucheng,72,3,origin_week,18024,168,AP2,logistic,hist_gradient_boosting,0,PAIRWISE_EXACT,A,A,False,False
beijing,Gucheng,72,3,origin_week,18192,168,AP2,constant,logistic,0,PAIRWISE_EXACT,B,B,False,False
beijing,Gucheng,72,3,origin_week,18192,168,AP2,constant,hist_gradient_boosting,0,PAIRWISE_EXACT,A,A,False,False
beijing,Gucheng,72,3,origin_week,18192,168,AP2,logistic,hist_gradient_boosting,0,PAIRWISE_EXACT,A,A,False,False
beijing,Gucheng,72,3,origin_week,18360,168,AP2,constant,logistic,0,PAIRWISE_EXACT,A,A,False,False
beijing,Gucheng,72,3,origin_week,18360,168,AP2,constant,hist_gradient_boosting,0,PAIRWISE_EXACT,A,A,False,False
beijing,Gucheng,72,3,origin_week,18360,168,AP2,logistic,hist_gradient_boosting,0,PAIRWISE_EXACT,B,B,False,False
beijing,Gucheng,72,3,origin_week,18528,168,AP2,constant,logistic,0,PAIRWISE_EXACT,B,B,False,False
beijing,Gucheng,72,3,origin_week,18528,168,AP2,constant,hist_gradient_boosting,0,PAIRWISE_EXACT,B,B,False,False
beijing,Gucheng,72,3,origin_week,18528,168,AP2,logistic,hist_gradient_boosting,0,PAIRWISE_EXACT,A,A,False,False
beijing,Gucheng,72,3,origin_week,18696,168,AP2,constant,logistic,0,PAIRWISE_EXACT,A,A,False,False
beijing,Gucheng,72,3,origin_week,18696,168,AP2,constant,hist_gradient_boosting,0,PAIRWISE_EXACT,A,A,False,False
beijing,Gucheng,72,3,origin_week,18696,168,AP2,logistic,hist_gradient_boosting,0,PAIRWISE_EXACT,A,A,False,False
beijing,Gucheng,72,3,origin_week,18864,168,AP2,constant,logistic,0,PAIRWISE_EXACT,B,B,False,False
beijing,Gucheng,72,3,origin_week,18864,168,AP2,constant,hist_gradient_boosting,0,PAIRWISE_EXACT,A,A,False,False
beijing,Gucheng,72,3,origin_week,18864,168,AP2,logistic,hist_gradient_boosting,0,PAIRWISE_EXACT,A,A,False,False
beijing,Gucheng,72,3,origin_week,19032,168,AP2,constant,logistic,0,PAIRWISE_EXACT,B,B,False,False
beijing,Gucheng,72,3,origin_week,19032,168,AP2,constant,hist_gradient_boosting,0,PAIRWISE_EXACT,A,A,False,False
beijing,Gucheng,72,3,origin_week,19032,168,AP2,logistic,hist_gradient_boosting,0,PAIRWISE_EXACT,A,A,False,False
beijing,Gucheng,72,3,origin_week,19200,168,AP2,constant,logistic,0,PAIRWISE_EXACT,B,B,False,False
beijing,Gucheng,72,3,origin_week,19200,168,AP2,constant,hist_gradient_boosting,0,PAIRWISE_EXACT,B,B,False,False
beijing,Gucheng,72,3,origin_week,19200,168,AP2,logistic,hist_gradient_boosting,0,PAIRWISE_EXACT,A,A,False,False
beijing,Gucheng,72,3,origin_week,19368,168,AP2,constant,logistic,10,PAIRWISE_EXACT,B,B,False,False
beijing,Gucheng,72,3,origin_week,19368,168,AP2,constant,hist_gradient_boosting,10,PAIRWISE_EXACT,OPPOSITE_POSSIBLE,OPPOSITE_POSSIBLE,False,False
beijing,Gucheng,72,3,origin_week,19368,168,AP2,logistic,hist_gradient_boosting,10,PAIRWISE_EXACT,OPPOSITE_POSSIBLE,OPPOSITE_POSSIBLE,False,False
beijing,Gucheng,72,3,origin_week,19536,168,AP2,constant,logistic,0,PAIRWISE_EXACT,B,B,False,False
beijing,Gucheng,72,3,origin_week,19536,168,AP2,constant,hist_gradient_boosting,0,PAIRWISE_EXACT,B,B,False,False
beijing,Gucheng,72,3,origin_week,19536,168,AP2,logistic,hist_gradient_boosting,0,PAIRWISE_EXACT,A,A,False,False
beijing,Gucheng,72,3,origin_week,19704,168,AP2,constant,logistic,0,PAIRWISE_EXACT,A,A,False,False
beijing,Gucheng,72,3,origin_week,19704,168,AP2,constant,hist_gradient_boosting,0,PAIRWISE_EXACT,A,A,False,False
beijing,Gucheng,72,3,origin_week,19704,168,AP2,logistic,hist_gradient_boosting,0,PAIRWISE_EXACT,A,A,False,False
beijing,Gucheng,72,3,origin_week,19872,168,AP2,constant,logistic,0,PAIRWISE_EXACT,A,A,False,False
beijing,Gucheng,72,3,origin_week,19872,168,AP2,constant,hist_gradient_boosting,0,PAIRWISE_EXACT,B,B,False,False
beijing,Gucheng,72,3,origin_week,19872,168,AP2,logistic,hist_gradient_boosting,0,PAIRWISE_EXACT,B,B,False,False
beijing,Gucheng,72,3,origin_week,20040,168,AP2,constant,logistic,58,PAIRWISE_INSUFFICIENT,OPPOSITE_POSSIBLE,OPPOSITE_POSSIBLE,False,True
beijing,Gucheng,72,3,origin_week,20040,168,AP2,constant,hist_gradient_boosting,58,PAIRWISE_INSUFFICIENT,OPPOSITE_POSSIBLE,OPPOSITE_POSSIBLE,False,True
beijing,Gucheng,72,3,origin_week,20040,168,AP2,logistic,hist_gradient_boosting,58,PAIRWISE_INSUFFICIENT,OPPOSITE_POSSIBLE,OPPOSITE_POSSIBLE,False,True
beijing,Gucheng,72,3,origin_week,20208,168,AP2,constant,logistic,0,PAIRWISE_EXACT,B,B,False,False
beijing,Gucheng,72,3,origin_week,20208,168,AP2,constant,hist_gradient_boosting,0,PAIRWISE_EXACT,B,B,False,False
beijing,Gucheng,72,3,origin_week,20208,168,AP2,logistic,hist_gradient_boosting,0,PAIRWISE_EXACT,A,A,False,False
beijing,Gucheng,72,3,origin_week,20376,168,AP2,constant,logistic,0,PAIRWISE_EXACT,B,B,False,False
beijing,Gucheng,72,3,origin_week,20376,168,AP2,constant,hist_gradient_boosting,0,PAIRWISE_EXACT,B,B,False,False
beijing,Gucheng,72,3,origin_week,20376,168,AP2,logistic,hist_gradient_boosting,0,PAIRWISE_EXACT,A,A,False,False
beijing,Gucheng,72,3,origin_week,20544,168,AP2,constant,logistic,0,PAIRWISE_EXACT,A,A,False,False
beijing,Gucheng,72,3,origin_week,20544,168,AP2,constant,hist_gradient_boosting,0,PAIRWISE_EXACT,A,A,False,False
beijing,Gucheng,72,3,origin_week,20544,168,AP2,logistic,hist_gradient_boosting,0,PAIRWISE_EXACT,A,A,False,False
beijing,Gucheng,72,3,origin_week,20712,168,AP2,constant,logistic,0,PAIRWISE_EXACT,B,B,False,False
beijing,Gucheng,72,3,origin_week,20712,168,AP2,constant,hist_gradient_boosting,0,PAIRWISE_EXACT,A,A,False,False
beijing,Gucheng,72,3,origin_week,20712,168,AP2,logistic,hist_gradient_boosting,0,PAIRWISE_EXACT,A,A,False,False
beijing,Gucheng,72,3,origin_week,20880,168,AP2,constant,logistic,0,PAIRWISE_EXACT,A,A,False,False
beijing,Gucheng,72,3,origin_week,20880,168,AP2,constant,hist_gradient_boosting,0,PAIRWISE_EXACT,B,B,False,False
beijing,Gucheng,72,3,origin_week,20880,168,AP2,logistic,hist_gradient_boosting,0,PAIRWISE_EXACT,B,B,False,False
beijing,Gucheng,72,3,origin_week,21048,168,AP2,constant,logistic,0,PAIRWISE_EXACT,A,A,False,False
beijing,Gucheng,72,3,origin_week,21048,168,AP2,constant,hist_gradient_boosting,0,PAIRWISE_EXACT,B,B,False,False
beijing,Gucheng,72,3,origin_week,21048,168,AP2,logistic,hist_gradient_boosting,0,PAIRWISE_EXACT,B,B,False,False
beijing,Gucheng,72,3,origin_week,21216,168,AP2,constant,logistic,0,PAIRWISE_EXACT,A,A,False,False
beijing,Gucheng,72,3,origin_week,21216,168,AP2,constant,hist_gradient_boosting,0,PAIRWISE_EXACT,A,A,False,False
beijing,Gucheng,72,3,origin_week,21216,168,AP2,logistic,hist_gradient_boosting,0,PAIRWISE_EXACT,A,A,False,False
beijing,Gucheng,72,3,origin_week,21384,168,AP2,constant,logistic,0,PAIRWISE_EXACT,A,A,False,False
beijing,Gucheng,72,3,origin_week,21384,168,AP2,constant,hist_gradient_boosting,0,PAIRWISE_EXACT,A,A,False,False
beijing,Gucheng,72,3,origin_week,21384,168,AP2,logistic,hist_gradient_boosting,0,PAIRWISE_EXACT,A,A,False,False
beijing,Gucheng,72,3,origin_week,21552,168,AP2,constant,logistic,0,PAIRWISE_EXACT,B,B,False,False
beijing,Gucheng,72,3,origin_week,21552,168,AP2,constant,hist_gradient_boosting,0,PAIRWISE_EXACT,B,B,False,False
beijing,Gucheng,72,3,origin_week,21552,168,AP2,logistic,hist_gradient_boosting,0,PAIRWISE_EXACT,A,A,False,False
beijing,Gucheng,72,3,origin_week,21720,168,AP2,constant,logistic,70,PAIRWISE_EXACT,B,B,False,False
beijing,Gucheng,72,3,origin_week,21720,168,AP2,constant,hist_gradient_boosting,70,PAIRWISE_EXACT,B,B,False,False
beijing,Gucheng,72,3,origin_week,21720,168,AP2,logistic,hist_gradient_boosting,70,PAIRWISE_EXACT,A,A,False,False
beijing,Gucheng,72,3,origin_week,21888,168,AP2,constant,logistic,0,PAIRWISE_EXACT,B,B,False,False
beijing,Gucheng,72,3,origin_week,21888,168,AP2,constant,hist_gradient_boosting,0,PAIRWISE_EXACT,B,B,False,False
beijing,Gucheng,72,3,origin_week,21888,168,AP2,logistic,hist_gradient_boosting,0,PAIRWISE_EXACT,A,A,False,False
beijing,Gucheng,72,3,origin_week,22056,168,AP2,constant,logistic,12,PAIRWISE_EXACT,B,B,False,False
beijing,Gucheng,72,3,origin_week,22056,168,AP2,constant,hist_gradient_boosting,12,PAIRWISE_EXACT,B,B,False,False
beijing,Gucheng,72,3,origin_week,22056,168,AP2,logistic,hist_gradient_boosting,12,PAIRWISE_EXACT,A,A,False,False
beijing,Gucheng,72,3,origin_week,22224,168,AP2,constant,logistic,0,PAIRWISE_EXACT,B,B,False,False
beijing,Gucheng,72,3,origin_week,22224,168,AP2,constant,hist_gradient_boosting,0,PAIRWISE_EXACT,A,A,False,False
beijing,Gucheng,72,3,origin_week,22224,168,AP2,logistic,hist_gradient_boosting,0,PAIRWISE_EXACT,A,A,False,False
beijing,Gucheng,72,3,origin_week,22392,168,AP2,constant,logistic,0,PAIRWISE_EXACT,B,B,False,False
beijing,Gucheng,72,3,origin_week,22392,168,AP2,constant,hist_gradient_boosting,0,PAIRWISE_EXACT,B,B,False,False
beijing,Gucheng,72,3,origin_week,22392,168,AP2,logistic,hist_gradient_boosting,0,PAIRWISE_EXACT,B,B,False,False
beijing,Gucheng,72,3,origin_week,22560,168,AP2,constant,logistic,0,PAIRWISE_EXACT,B,B,False,False
beijing,Gucheng,72,3,origin_week,22560,168,AP2,constant,hist_gradient_boosting,0,PAIRWISE_EXACT,B,B,False,False
beijing,Gucheng,72,3,origin_week,22560,168,AP2,logistic,hist_gradient_boosting,0,PAIRWISE_EXACT,A,A,False,False
beijing,Gucheng,72,3,origin_week,22728,168,AP2,constant,logistic,0,PAIRWISE_EXACT,B,B,False,False
beijing,Gucheng,72,3,origin_week,22728,168,AP2,constant,hist_gradient_boosting,0,PAIRWISE_EXACT,A,A,False,False
beijing,Gucheng,72,3,origin_week,22728,168,AP2,logistic,hist_gradient_boosting,0,PAIRWISE_EXACT,A,A,False,False
beijing,Gucheng,72,3,origin_week,22896,168,AP2,constant,logistic,0,PAIRWISE_EXACT,B,B,False,False
beijing,Gucheng,72,3,origin_week,22896,168,AP2,constant,hist_gradient_boosting,0,PAIRWISE_EXACT,B,B,False,False
beijing,Gucheng,72,3,origin_week,22896,168,AP2,logistic,hist_gradient_boosting,0,PAIRWISE_EXACT,A,A,False,False
beijing,Gucheng,72,3,origin_week,23064,168,AP2,constant,logistic,0,PAIRWISE_EXACT,A,A,False,False
beijing,Gucheng,72,3,origin_week,23064,168,AP2,constant,hist_gradient_boosting,0,PAIRWISE_EXACT,A,A,False,False
beijing,Gucheng,72,3,origin_week,23064,168,AP2,logistic,hist_gradient_boosting,0,PAIRWISE_EXACT,A,A,False,False
beijing,Gucheng,72,3,origin_week,23232,168,AP2,constant,logistic,0,PAIRWISE_EXACT,B,B,False,False
beijing,Gucheng,72,3,origin_week,23232,168,AP2,constant,hist_gradient_boosting,0,PAIRWISE_EXACT,B,B,False,False
beijing,Gucheng,72,3,origin_week,23232,168,AP2,logistic,hist_gradient_boosting,0,PAIRWISE_EXACT,A,A,False,False
beijing,Gucheng,72,3,origin_week,23400,168,AP2,constant,logistic,0,PAIRWISE_EXACT,B,B,False,False
beijing,Gucheng,72,3,origin_week,23400,168,AP2,constant,hist_gradient_boosting,0,PAIRWISE_EXACT,B,B,False,False
beijing,Gucheng,72,3,origin_week,23400,168,AP2,logistic,hist_gradient_boosting,0,PAIRWISE_EXACT,A,A,False,False
beijing,Gucheng,72,3,origin_week,23568,168,AP2,constant,logistic,0,PAIRWISE_EXACT,B,B,False,False
beijing,Gucheng,72,3,origin_week,23568,168,AP2,constant,hist_gradient_boosting,0,PAIRWISE_EXACT,B,B,False,False
beijing,Gucheng,72,3,origin_week,23568,168,AP2,logistic,hist_gradient_boosting,0,PAIRWISE_EXACT,A,A,False,False
beijing,Gucheng,72,3,origin_week,23736,168,AP2,constant,logistic,0,PAIRWISE_EXACT,B,B,False,False
beijing,Gucheng,72,3,origin_week,23736,168,AP2,constant,hist_gradient_boosting,0,PAIRWISE_EXACT,A,A,False,False
beijing,Gucheng,72,3,origin_week,23736,168,AP2,logistic,hist_gradient_boosting,0,PAIRWISE_EXACT,A,A,False,False
beijing,Gucheng,72,3,origin_week,23904,168,AP2,constant,logistic,0,PAIRWISE_EXACT,A,A,False,False
beijing,Gucheng,72,3,origin_week,23904,168,AP2,constant,hist_gradient_boosting,0,PAIRWISE_EXACT,B,B,False,False
beijing,Gucheng,72,3,origin_week,23904,168,AP2,logistic,hist_gradient_boosting,0,PAIRWISE_EXACT,B,B,False,False
beijing,Gucheng,72,3,origin_week,24072,168,AP2,constant,logistic,0,PAIRWISE_EXACT,B,B,False,False
beijing,Gucheng,72,3,origin_week,24072,168,AP2,constant,hist_gradient_boosting,0,PAIRWISE_EXACT,A,A,False,False
beijing,Gucheng,72,3,origin_week,24072,168,AP2,logistic,hist_gradient_boosting,0,PAIRWISE_EXACT,A,A,False,False
beijing,Gucheng,72,3,origin_week,24240,168,AP2,constant,logistic,0,PAIRWISE_EXACT,B,B,False,False
beijing,Gucheng,72,3,origin_week,24240,168,AP2,constant,hist_gradient_boosting,0,PAIRWISE_EXACT,B,B,False,False
beijing,Gucheng,72,3,origin_week,24240,168,AP2,logistic,hist_gradient_boosting,0,PAIRWISE_EXACT,A,A,False,False
beijing,Gucheng,72,3,origin_week,24408,168,AP2,constant,logistic,0,PAIRWISE_EXACT,A,A,False,False
beijing,Gucheng,72,3,origin_week,24408,168,AP2,constant,hist_gradient_boosting,0,PAIRWISE_EXACT,B,B,False,False
beijing,Gucheng,72,3,origin_week,24408,168,AP2,logistic,hist_gradient_boosting,0,PAIRWISE_EXACT,B,B,False,False
beijing,Gucheng,72,3,origin_week,24576,168,AP2,constant,logistic,0,PAIRWISE_EXACT,B,B,False,False
beijing,Gucheng,72,3,origin_week,24576,168,AP2,constant,hist_gradient_boosting,0,PAIRWISE_EXACT,B,B,False,False
beijing,Gucheng,72,3,origin_week,24576,168,AP2,logistic,hist_gradient_boosting,0,PAIRWISE_EXACT,B,B,False,False
beijing,Gucheng,72,3,origin_week,24744,168,AP2,constant,logistic,0,PAIRWISE_EXACT,B,B,False,False
beijing,Gucheng,72,3,origin_week,24744,168,AP2,constant,hist_gradient_boosting,0,PAIRWISE_EXACT,A,A,False,False
beijing,Gucheng,72,3,origin_week,24744,168,AP2,logistic,hist_gradient_boosting,0,PAIRWISE_EXACT,A,A,False,False
beijing,Gucheng,72,3,origin_week,24912,168,AP2,constant,logistic,0,PAIRWISE_EXACT,A,A,False,False
beijing,Gucheng,72,3,origin_week,24912,168,AP2,constant,hist_gradient_boosting,0,PAIRWISE_EXACT,A,A,False,False
beijing,Gucheng,72,3,origin_week,24912,168,AP2,logistic,hist_gradient_boosting,0,PAIRWISE_EXACT,A,A,False,False
beijing,Gucheng,72,3,origin_week,25080,168,AP2,constant,logistic,0,PAIRWISE_EXACT,A,A,False,False
beijing,Gucheng,72,3,origin_week,25080,168,AP2,constant,hist_gradient_boosting,0,PAIRWISE_EXACT,A,A,False,False
beijing,Gucheng,72,3,origin_week,25080,168,AP2,logistic,hist_gradient_boosting,0,PAIRWISE_EXACT,B,B,False,False
beijing,Gucheng,72,3,origin_week,25248,168,AP2,constant,logistic,0,PAIRWISE_EXACT,B,B,False,False
beijing,Gucheng,72,3,origin_week,25248,168,AP2,constant,hist_gradient_boosting,0,PAIRWISE_EXACT,B,B,False,False
beijing,Gucheng,72,3,origin_week,25248,168,AP2,logistic,hist_gradient_boosting,0,PAIRWISE_EXACT,B,B,False,False
beijing,Gucheng,72,3,origin_week,25416,168,AP2,constant,logistic,0,PAIRWISE_EXACT,A,A,False,False
beijing,Gucheng,72,3,origin_week,25416,168,AP2,constant,hist_gradient_boosting,0,PAIRWISE_EXACT,A,A,False,False
beijing,Gucheng,72,3,origin_week,25416,168,AP2,logistic,hist_gradient_boosting,0,PAIRWISE_EXACT,A,A,False,False
beijing,Gucheng,72,3,origin_week,25584,168,AP2,constant,logistic,0,PAIRWISE_EXACT,B,B,False,False
beijing,Gucheng,72,3,origin_week,25584,168,AP2,constant,hist_gradient_boosting,0,PAIRWISE_EXACT,A,A,False,False
beijing,Gucheng,72,3,origin_week,25584,168,AP2,logistic,hist_gradient_boosting,0,PAIRWISE_EXACT,A,A,False,False
beijing,Gucheng,72,3,origin_week,25752,168,AP2,constant,logistic,0,PAIRWISE_EXACT,B,B,False,False
beijing,Gucheng,72,3,origin_week,25752,168,AP2,constant,hist_gradient_boosting,0,PAIRWISE_EXACT,A,A,False,False
beijing,Gucheng,72,3,origin_week,25752,168,AP2,logistic,hist_gradient_boosting,0,PAIRWISE_EXACT,A,A,False,False
beijing,Gucheng,72,3,origin_week,25920,168,AP2,constant,logistic,0,PAIRWISE_EXACT,B,B,False,False
beijing,Gucheng,72,3,origin_week,25920,168,AP2,constant,hist_gradient_boosting,0,PAIRWISE_EXACT,A,A,False,False
beijing,Gucheng,72,3,origin_week,25920,168,AP2,logistic,hist_gradient_boosting,0,PAIRWISE_EXACT,A,A,False,False
beijing,Gucheng,72,3,origin_week,26088,145,AP2,constant,logistic,0,PAIRWISE_EXACT,B,B,False,False
beijing,Gucheng,72,3,origin_week,26088,145,AP2,constant,hist_gradient_boosting,0,PAIRWISE_EXACT,B,B,False,False
beijing,Gucheng,72,3,origin_week,26088,145,AP2,logistic,hist_gradient_boosting,0,PAIRWISE_EXACT,B,B,False,False
beijing,Huairou,24,3,annual,17520,8761,AP2,constant,logistic,243,PAIRWISE_INSUFFICIENT,B,B,False,True
beijing,Huairou,24,3,annual,17520,8761,AP2,constant,hist_gradient_boosting,243,PAIRWISE_INSUFFICIENT,B,B,False,False
beijing,Huairou,24,3,annual,17520,8761,AP2,logistic,hist_gradient_boosting,243,PAIRWISE_INSUFFICIENT,OPPOSITE_POSSIBLE,OPPOSITE_POSSIBLE,False,False
beijing,Huairou,24,3,origin_week,17520,168,AP2,constant,logistic,0,PAIRWISE_EXACT,B,B,False,False
beijing,Huairou,24,3,origin_week,17520,168,AP2,constant,hist_gradient_boosting,0,PAIRWISE_EXACT,B,B,False,False
beijing,Huairou,24,3,origin_week,17520,168,AP2,logistic,hist_gradient_boosting,0,PAIRWISE_EXACT,A,A,False,False
beijing,Huairou,24,3,origin_week,17688,168,AP2,constant,logistic,0,PAIRWISE_EXACT,B,B,False,False
beijing,Huairou,24,3,origin_week,17688,168,AP2,constant,hist_gradient_boosting,0,PAIRWISE_EXACT,B,B,False,False
beijing,Huairou,24,3,origin_week,17688,168,AP2,logistic,hist_gradient_boosting,0,PAIRWISE_EXACT,B,B,False,False
beijing,Huairou,24,3,origin_week,17856,168,AP2,constant,logistic,0,PAIRWISE_EXACT,B,B,False,False
beijing,Huairou,24,3,origin_week,17856,168,AP2,constant,hist_gradient_boosting,0,PAIRWISE_EXACT,B,B,False,False
beijing,Huairou,24,3,origin_week,17856,168,AP2,logistic,hist_gradient_boosting,0,PAIRWISE_EXACT,B,B,False,False
beijing,Huairou,24,3,origin_week,18024,168,AP2,constant,logistic,0,PAIRWISE_EXACT,B,B,False,False
beijing,Huairou,24,3,origin_week,18024,168,AP2,constant,hist_gradient_boosting,0,PAIRWISE_EXACT,B,B,False,False
beijing,Huairou,24,3,origin_week,18024,168,AP2,logistic,hist_gradient_boosting,0,PAIRWISE_EXACT,B,B,False,False
beijing,Huairou,24,3,origin_week,18192,168,AP2,constant,logistic,0,PAIRWISE_EXACT,B,B,False,False
beijing,Huairou,24,3,origin_week,18192,168,AP2,constant,hist_gradient_boosting,0,PAIRWISE_EXACT,B,B,False,False
beijing,Huairou,24,3,origin_week,18192,168,AP2,logistic,hist_gradient_boosting,0,PAIRWISE_EXACT,A,A,False,False
beijing,Huairou,24,3,origin_week,18360,168,AP2,constant,logistic,0,PAIRWISE_EXACT,B,B,False,False
beijing,Huairou,24,3,origin_week,18360,168,AP2,constant,hist_gradient_boosting,0,PAIRWISE_EXACT,B,B,False,False
beijing,Huairou,24,3,origin_week,18360,168,AP2,logistic,hist_gradient_boosting,0,PAIRWISE_EXACT,A,A,False,False
beijing,Huairou,24,3,origin_week,18528,168,AP2,constant,logistic,0,PAIRWISE_EXACT,B,B,False,False
beijing,Huairou,24,3,origin_week,18528,168,AP2,constant,hist_gradient_boosting,0,PAIRWISE_EXACT,B,B,False,False
beijing,Huairou,24,3,origin_week,18528,168,AP2,logistic,hist_gradient_boosting,0,PAIRWISE_EXACT,A,A,False,False
beijing,Huairou,24,3,origin_week,18696,168,AP2,constant,logistic,75,PAIRWISE_INSUFFICIENT,OPPOSITE_POSSIBLE,OPPOSITE_POSSIBLE,False,True
beijing,Huairou,24,3,origin_week,18696,168,AP2,constant,hist_gradient_boosting,75,PAIRWISE_INSUFFICIENT,OPPOSITE_POSSIBLE,OPPOSITE_POSSIBLE,False,False
beijing,Huairou,24,3,origin_week,18696,168,AP2,logistic,hist_gradient_boosting,75,PAIRWISE_INSUFFICIENT,OPPOSITE_POSSIBLE,OPPOSITE_POSSIBLE,False,False
beijing,Huairou,24,3,origin_week,18864,168,AP2,constant,logistic,7,PAIRWISE_EXACT,OPPOSITE_POSSIBLE,OPPOSITE_POSSIBLE,False,False
beijing,Huairou,24,3,origin_week,18864,168,AP2,constant,hist_gradient_boosting,7,PAIRWISE_EXACT,B,B,False,False
beijing,Huairou,24,3,origin_week,18864,168,AP2,logistic,hist_gradient_boosting,7,PAIRWISE_EXACT,B,B,False,False
beijing,Huairou,24,3,origin_week,19032,168,AP2,constant,logistic,0,PAIRWISE_EXACT,B,B,False,False
beijing,Huairou,24,3,origin_week,19032,168,AP2,constant,hist_gradient_boosting,0,PAIRWISE_EXACT,B,B,False,False
beijing,Huairou,24,3,origin_week,19032,168,AP2,logistic,hist_gradient_boosting,0,PAIRWISE_EXACT,A,A,False,False
beijing,Huairou,24,3,origin_week,19200,168,AP2,constant,logistic,0,PAIRWISE_EXACT,B,B,False,False
beijing,Huairou,24,3,origin_week,19200,168,AP2,constant,hist_gradient_boosting,0,PAIRWISE_EXACT,B,B,False,False
beijing,Huairou,24,3,origin_week,19200,168,AP2,logistic,hist_gradient_boosting,0,PAIRWISE_EXACT,A,A,False,False
beijing,Huairou,24,3,origin_week,19368,168,AP2,constant,logistic,0,PAIRWISE_EXACT,B,B,False,False
beijing,Huairou,24,3,origin_week,19368,168,AP2,constant,hist_gradient_boosting,0,PAIRWISE_EXACT,B,B,False,False
beijing,Huairou,24,3,origin_week,19368,168,AP2,logistic,hist_gradient_boosting,0,PAIRWISE_EXACT,B,B,False,False
beijing,Huairou,24,3,origin_week,19536,168,AP2,constant,logistic,0,PAIRWISE_EXACT,A,A,False,False
beijing,Huairou,24,3,origin_week,19536,168,AP2,constant,hist_gradient_boosting,0,PAIRWISE_EXACT,B,B,False,False
beijing,Huairou,24,3,origin_week,19536,168,AP2,logistic,hist_gradient_boosting,0,PAIRWISE_EXACT,B,B,False,False
beijing,Huairou,24,3,origin_week,19704,168,AP2,constant,logistic,0,PAIRWISE_EXACT,B,B,False,False
beijing,Huairou,24,3,origin_week,19704,168,AP2,constant,hist_gradient_boosting,0,PAIRWISE_EXACT,B,B,False,False
beijing,Huairou,24,3,origin_week,19704,168,AP2,logistic,hist_gradient_boosting,0,PAIRWISE_EXACT,A,A,False,False
beijing,Huairou,24,3,origin_week,19872,168,AP2,constant,logistic,23,PAIRWISE_INSUFFICIENT,B,B,False,False
beijing,Huairou,24,3,origin_week,19872,168,AP2,constant,hist_gradient_boosting,23,PAIRWISE_INSUFFICIENT,B,B,False,False
beijing,Huairou,24,3,origin_week,19872,168,AP2,logistic,hist_gradient_boosting,23,PAIRWISE_INSUFFICIENT,A,A,False,False
beijing,Huairou,24,3,origin_week,20040,168,AP2,constant,logistic,16,PAIRWISE_EXACT,B,B,False,False
beijing,Huairou,24,3,origin_week,20040,168,AP2,constant,hist_gradient_boosting,16,PAIRWISE_EXACT,B,B,False,False
beijing,Huairou,24,3,origin_week,20040,168,AP2,logistic,hist_gradient_boosting,16,PAIRWISE_EXACT,B,B,False,False
beijing,Huairou,24,3,origin_week,20208,168,AP2,constant,logistic,0,PAIRWISE_EXACT,A,A,False,False
beijing,Huairou,24,3,origin_week,20208,168,AP2,constant,hist_gradient_boosting,0,PAIRWISE_EXACT,B,B,False,False
beijing,Huairou,24,3,origin_week,20208,168,AP2,logistic,hist_gradient_boosting,0,PAIRWISE_EXACT,B,B,False,False
beijing,Huairou,24,3,origin_week,20376,168,AP2,constant,logistic,0,PAIRWISE_EXACT,B,B,False,False
beijing,Huairou,24,3,origin_week,20376,168,AP2,constant,hist_gradient_boosting,0,PAIRWISE_EXACT,B,B,False,False
beijing,Huairou,24,3,origin_week,20376,168,AP2,logistic,hist_gradient_boosting,0,PAIRWISE_EXACT,B,B,False,False
beijing,Huairou,24,3,origin_week,20544,168,AP2,constant,logistic,0,PAIRWISE_EXACT,A,A,False,False
beijing,Huairou,24,3,origin_week,20544,168,AP2,constant,hist_gradient_boosting,0,PAIRWISE_EXACT,B,B,False,False
beijing,Huairou,24,3,origin_week,20544,168,AP2,logistic,hist_gradient_boosting,0,PAIRWISE_EXACT,B,B,False,False
beijing,Huairou,24,3,origin_week,20712,168,AP2,constant,logistic,0,PAIRWISE_EXACT,B,B,False,False
beijing,Huairou,24,3,origin_week,20712,168,AP2,constant,hist_gradient_boosting,0,PAIRWISE_EXACT,B,B,False,False
beijing,Huairou,24,3,origin_week,20712,168,AP2,logistic,hist_gradient_boosting,0,PAIRWISE_EXACT,A,A,False,False
beijing,Huairou,24,3,origin_week,20880,168,AP2,constant,logistic,0,PAIRWISE_EXACT,A,A,False,False
beijing,Huairou,24,3,origin_week,20880,168,AP2,constant,hist_gradient_boosting,0,PAIRWISE_EXACT,A,A,False,False
beijing,Huairou,24,3,origin_week,20880,168,AP2,logistic,hist_gradient_boosting,0,PAIRWISE_EXACT,B,B,False,False
beijing,Huairou,24,3,origin_week,21048,168,AP2,constant,logistic,0,PAIRWISE_EXACT,B,B,False,False
beijing,Huairou,24,3,origin_week,21048,168,AP2,constant,hist_gradient_boosting,0,PAIRWISE_EXACT,B,B,False,False
beijing,Huairou,24,3,origin_week,21048,168,AP2,logistic,hist_gradient_boosting,0,PAIRWISE_EXACT,A,A,False,False
beijing,Huairou,24,3,origin_week,21216,168,AP2,constant,logistic,8,PAIRWISE_EXACT,B,B,False,False
beijing,Huairou,24,3,origin_week,21216,168,AP2,constant,hist_gradient_boosting,8,PAIRWISE_EXACT,B,B,False,False
beijing,Huairou,24,3,origin_week,21216,168,AP2,logistic,hist_gradient_boosting,8,PAIRWISE_EXACT,OPPOSITE_POSSIBLE,OPPOSITE_POSSIBLE,False,False
beijing,Huairou,24,3,origin_week,21384,168,AP2,constant,logistic,0,PAIRWISE_EXACT,B,B,False,False
beijing,Huairou,24,3,origin_week,21384,168,AP2,constant,hist_gradient_boosting,0,PAIRWISE_EXACT,B,B,False,False
beijing,Huairou,24,3,origin_week,21384,168,AP2,logistic,hist_gradient_boosting,0,PAIRWISE_EXACT,A,A,False,False
beijing,Huairou,24,3,origin_week,21552,168,AP2,constant,logistic,0,PAIRWISE_EXACT,B,B,False,False
beijing,Huairou,24,3,origin_week,21552,168,AP2,constant,hist_gradient_boosting,0,PAIRWISE_EXACT,B,B,False,False
beijing,Huairou,24,3,origin_week,21552,168,AP2,logistic,hist_gradient_boosting,0,PAIRWISE_EXACT,B,B,False,False
beijing,Huairou,24,3,origin_week,21720,168,AP2,constant,logistic,0,PAIRWISE_EXACT,B,B,False,False
beijing,Huairou,24,3,origin_week,21720,168,AP2,constant,hist_gradient_boosting,0,PAIRWISE_EXACT,B,B,False,False
beijing,Huairou,24,3,origin_week,21720,168,AP2,logistic,hist_gradient_boosting,0,PAIRWISE_EXACT,B,B,False,False
beijing,Huairou,24,3,origin_week,21888,168,AP2,constant,logistic,0,PAIRWISE_EXACT,B,B,False,False
beijing,Huairou,24,3,origin_week,21888,168,AP2,constant,hist_gradient_boosting,0,PAIRWISE_EXACT,B,B,False,False
beijing,Huairou,24,3,origin_week,21888,168,AP2,logistic,hist_gradient_boosting,0,PAIRWISE_EXACT,B,B,False,False
beijing,Huairou,24,3,origin_week,22056,168,AP2,constant,logistic,0,PAIRWISE_EXACT,B,B,False,False
beijing,Huairou,24,3,origin_week,22056,168,AP2,constant,hist_gradient_boosting,0,PAIRWISE_EXACT,B,B,False,False
beijing,Huairou,24,3,origin_week,22056,168,AP2,logistic,hist_gradient_boosting,0,PAIRWISE_EXACT,A,A,False,False
beijing,Huairou,24,3,origin_week,22224,168,AP2,constant,logistic,0,PAIRWISE_EXACT,B,B,False,False
beijing,Huairou,24,3,origin_week,22224,168,AP2,constant,hist_gradient_boosting,0,PAIRWISE_EXACT,B,B,False,False
beijing,Huairou,24,3,origin_week,22224,168,AP2,logistic,hist_gradient_boosting,0,PAIRWISE_EXACT,A,A,False,False
beijing,Huairou,24,3,origin_week,22392,168,AP2,constant,logistic,3,PAIRWISE_EXACT,B,B,False,False
beijing,Huairou,24,3,origin_week,22392,168,AP2,constant,hist_gradient_boosting,3,PAIRWISE_EXACT,B,B,False,False
beijing,Huairou,24,3,origin_week,22392,168,AP2,logistic,hist_gradient_boosting,3,PAIRWISE_EXACT,B,B,False,False
beijing,Huairou,24,3,origin_week,22560,168,AP2,constant,logistic,0,PAIRWISE_EXACT,B,B,False,False
beijing,Huairou,24,3,origin_week,22560,168,AP2,constant,hist_gradient_boosting,0,PAIRWISE_EXACT,B,B,False,False
beijing,Huairou,24,3,origin_week,22560,168,AP2,logistic,hist_gradient_boosting,0,PAIRWISE_EXACT,A,A,False,False
beijing,Huairou,24,3,origin_week,22728,168,AP2,constant,logistic,15,PAIRWISE_EXACT,B,B,False,False
beijing,Huairou,24,3,origin_week,22728,168,AP2,constant,hist_gradient_boosting,15,PAIRWISE_EXACT,B,B,False,False
beijing,Huairou,24,3,origin_week,22728,168,AP2,logistic,hist_gradient_boosting,15,PAIRWISE_EXACT,A,A,False,False
beijing,Huairou,24,3,origin_week,22896,168,AP2,constant,logistic,0,PAIRWISE_EXACT,B,B,False,False
beijing,Huairou,24,3,origin_week,22896,168,AP2,constant,hist_gradient_boosting,0,PAIRWISE_EXACT,B,B,False,False
beijing,Huairou,24,3,origin_week,22896,168,AP2,logistic,hist_gradient_boosting,0,PAIRWISE_EXACT,B,B,False,False
beijing,Huairou,24,3,origin_week,23064,168,AP2,constant,logistic,0,PAIRWISE_EXACT,B,B,False,False
beijing,Huairou,24,3,origin_week,23064,168,AP2,constant,hist_gradient_boosting,0,PAIRWISE_EXACT,B,B,False,False
beijing,Huairou,24,3,origin_week,23064,168,AP2,logistic,hist_gradient_boosting,0,PAIRWISE_EXACT,B,B,False,False
beijing,Huairou,24,3,origin_week,23232,168,AP2,constant,logistic,17,PAIRWISE_EXACT,B,B,False,False
beijing,Huairou,24,3,origin_week,23232,168,AP2,constant,hist_gradient_boosting,17,PAIRWISE_EXACT,B,B,False,False
beijing,Huairou,24,3,origin_week,23232,168,AP2,logistic,hist_gradient_boosting,17,PAIRWISE_EXACT,A,A,False,False
beijing,Huairou,24,3,origin_week,23400,168,AP2,constant,logistic,0,PAIRWISE_EXACT,B,B,False,False
beijing,Huairou,24,3,origin_week,23400,168,AP2,constant,hist_gradient_boosting,0,PAIRWISE_EXACT,B,B,False,False
beijing,Huairou,24,3,origin_week,23400,168,AP2,logistic,hist_gradient_boosting,0,PAIRWISE_EXACT,A,A,False,False
beijing,Huairou,24,3,origin_week,23568,168,AP2,constant,logistic,0,PAIRWISE_EXACT,B,B,False,False
beijing,Huairou,24,3,origin_week,23568,168,AP2,constant,hist_gradient_boosting,0,PAIRWISE_EXACT,B,B,False,False
beijing,Huairou,24,3,origin_week,23568,168,AP2,logistic,hist_gradient_boosting,0,PAIRWISE_EXACT,B,B,False,False
beijing,Huairou,24,3,origin_week,23736,168,AP2,constant,logistic,1,PAIRWISE_EXACT,A,A,False,False
beijing,Huairou,24,3,origin_week,23736,168,AP2,constant,hist_gradient_boosting,1,PAIRWISE_EXACT,B,B,False,False
beijing,Huairou,24,3,origin_week,23736,168,AP2,logistic,hist_gradient_boosting,1,PAIRWISE_EXACT,B,B,False,False
beijing,Huairou,24,3,origin_week,23904,168,AP2,constant,logistic,0,PAIRWISE_EXACT,B,B,False,False
beijing,Huairou,24,3,origin_week,23904,168,AP2,constant,hist_gradient_boosting,0,PAIRWISE_EXACT,B,B,False,False
beijing,Huairou,24,3,origin_week,23904,168,AP2,logistic,hist_gradient_boosting,0,PAIRWISE_EXACT,A,A,False,False
beijing,Huairou,24,3,origin_week,24072,168,AP2,constant,logistic,3,PAIRWISE_EXACT,B,B,False,False
beijing,Huairou,24,3,origin_week,24072,168,AP2,constant,hist_gradient_boosting,3,PAIRWISE_EXACT,B,B,False,False
beijing,Huairou,24,3,origin_week,24072,168,AP2,logistic,hist_gradient_boosting,3,PAIRWISE_EXACT,B,B,False,False
beijing,Huairou,24,3,origin_week,24240,168,AP2,constant,logistic,0,PAIRWISE_EXACT,B,B,False,False
beijing,Huairou,24,3,origin_week,24240,168,AP2,constant,hist_gradient_boosting,0,PAIRWISE_EXACT,B,B,False,False
beijing,Huairou,24,3,origin_week,24240,168,AP2,logistic,hist_gradient_boosting,0,PAIRWISE_EXACT,A,A,False,False
beijing,Huairou,24,3,origin_week,24408,168,AP2,constant,logistic,22,PAIRWISE_EXACT,OPPOSITE_POSSIBLE,OPPOSITE_POSSIBLE,False,False
beijing,Huairou,24,3,origin_week,24408,168,AP2,constant,hist_gradient_boosting,22,PAIRWISE_EXACT,B,B,False,False
beijing,Huairou,24,3,origin_week,24408,168,AP2,logistic,hist_gradient_boosting,22,PAIRWISE_EXACT,OPPOSITE_POSSIBLE,OPPOSITE_POSSIBLE,False,False
beijing,Huairou,24,3,origin_week,24576,168,AP2,constant,logistic,0,PAIRWISE_EXACT,B,B,False,False
beijing,Huairou,24,3,origin_week,24576,168,AP2,constant,hist_gradient_boosting,0,PAIRWISE_EXACT,B,B,False,False
beijing,Huairou,24,3,origin_week,24576,168,AP2,logistic,hist_gradient_boosting,0,PAIRWISE_EXACT,B,B,False,False
beijing,Huairou,24,3,origin_week,24744,168,AP2,constant,logistic,5,PAIRWISE_EXACT,A,A,False,False
beijing,Huairou,24,3,origin_week,24744,168,AP2,constant,hist_gradient_boosting,5,PAIRWISE_EXACT,A,A,False,False
beijing,Huairou,24,3,origin_week,24744,168,AP2,logistic,hist_gradient_boosting,5,PAIRWISE_EXACT,A,A,False,False
beijing,Huairou,24,3,origin_week,24912,168,AP2,constant,logistic,0,PAIRWISE_EXACT,B,B,False,False
beijing,Huairou,24,3,origin_week,24912,168,AP2,constant,hist_gradient_boosting,0,PAIRWISE_EXACT,B,B,False,False
beijing,Huairou,24,3,origin_week,24912,168,AP2,logistic,hist_gradient_boosting,0,PAIRWISE_EXACT,A,A,False,False
beijing,Huairou,24,3,origin_week,25080,168,AP2,constant,logistic,0,PAIRWISE_EXACT,B,B,False,False
beijing,Huairou,24,3,origin_week,25080,168,AP2,constant,hist_gradient_boosting,0,PAIRWISE_EXACT,B,B,False,False
beijing,Huairou,24,3,origin_week,25080,168,AP2,logistic,hist_gradient_boosting,0,PAIRWISE_EXACT,B,B,False,False
beijing,Huairou,24,3,origin_week,25248,168,AP2,constant,logistic,0,PAIRWISE_EXACT,B,B,False,False
beijing,Huairou,24,3,origin_week,25248,168,AP2,constant,hist_gradient_boosting,0,PAIRWISE_EXACT,B,B,False,False
beijing,Huairou,24,3,origin_week,25248,168,AP2,logistic,hist_gradient_boosting,0,PAIRWISE_EXACT,A,A,False,False
beijing,Huairou,24,3,origin_week,25416,168,AP2,constant,logistic,0,PAIRWISE_EXACT,B,B,False,False
beijing,Huairou,24,3,origin_week,25416,168,AP2,constant,hist_gradient_boosting,0,PAIRWISE_EXACT,B,B,False,False
beijing,Huairou,24,3,origin_week,25416,168,AP2,logistic,hist_gradient_boosting,0,PAIRWISE_EXACT,B,B,False,False
beijing,Huairou,24,3,origin_week,25584,168,AP2,constant,logistic,0,PAIRWISE_EXACT,B,B,False,False
beijing,Huairou,24,3,origin_week,25584,168,AP2,constant,hist_gradient_boosting,0,PAIRWISE_EXACT,B,B,False,False
beijing,Huairou,24,3,origin_week,25584,168,AP2,logistic,hist_gradient_boosting,0,PAIRWISE_EXACT,B,B,False,False
beijing,Huairou,24,3,origin_week,25752,168,AP2,constant,logistic,0,PAIRWISE_EXACT,A,A,False,False
beijing,Huairou,24,3,origin_week,25752,168,AP2,constant,hist_gradient_boosting,0,PAIRWISE_EXACT,B,B,False,False
beijing,Huairou,24,3,origin_week,25752,168,AP2,logistic,hist_gradient_boosting,0,PAIRWISE_EXACT,B,B,False,False
beijing,Huairou,24,3,origin_week,25920,168,AP2,constant,logistic,0,PAIRWISE_EXACT,B,B,False,False
beijing,Huairou,24,3,origin_week,25920,168,AP2,constant,hist_gradient_boosting,0,PAIRWISE_EXACT,B,B,False,False
beijing,Huairou,24,3,origin_week,25920,168,AP2,logistic,hist_gradient_boosting,0,PAIRWISE_EXACT,B,B,False,False
beijing,Huairou,24,3,origin_week,26088,168,AP2,constant,logistic,48,PAIRWISE_INSUFFICIENT,B,B,False,False
beijing,Huairou,24,3,origin_week,26088,168,AP2,constant,hist_gradient_boosting,48,PAIRWISE_INSUFFICIENT,B,B,False,False
beijing,Huairou,24,3,origin_week,26088,168,AP2,logistic,hist_gradient_boosting,48,PAIRWISE_INSUFFICIENT,OPPOSITE_POSSIBLE,OPPOSITE_POSSIBLE,False,False
beijing,Huairou,24,3,origin_week,26256,25,AP2,constant,logistic,0,PAIRWISE_EXACT,B,B,False,False
beijing,Huairou,24,3,origin_week,26256,25,AP2,constant,hist_gradient_boosting,0,PAIRWISE_EXACT,B,B,False,False
beijing,Huairou,24,3,origin_week,26256,25,AP2,logistic,hist_gradient_boosting,0,PAIRWISE_EXACT,B,B,False,False
beijing,Huairou,72,3,annual,17520,8713,AP2,constant,logistic,227,PAIRWISE_INSUFFICIENT,B,B,False,True
beijing,Huairou,72,3,annual,17520,8713,AP2,constant,hist_gradient_boosting,227,PAIRWISE_INSUFFICIENT,B,B,False,True
beijing,Huairou,72,3,annual,17520,8713,AP2,logistic,hist_gradient_boosting,227,PAIRWISE_INSUFFICIENT,A,A,False,True
beijing,Huairou,72,3,origin_week,17520,168,AP2,constant,logistic,0,PAIRWISE_EXACT,B,B,False,False
beijing,Huairou,72,3,origin_week,17520,168,AP2,constant,hist_gradient_boosting,0,PAIRWISE_EXACT,B,B,False,False
beijing,Huairou,72,3,origin_week,17520,168,AP2,logistic,hist_gradient_boosting,0,PAIRWISE_EXACT,B,B,False,False
beijing,Huairou,72,3,origin_week,17688,168,AP2,constant,logistic,0,PAIRWISE_EXACT,A,A,False,False
beijing,Huairou,72,3,origin_week,17688,168,AP2,constant,hist_gradient_boosting,0,PAIRWISE_EXACT,A,A,False,False
beijing,Huairou,72,3,origin_week,17688,168,AP2,logistic,hist_gradient_boosting,0,PAIRWISE_EXACT,B,B,False,False
beijing,Huairou,72,3,origin_week,17856,168,AP2,constant,logistic,0,PAIRWISE_EXACT,B,B,False,False
beijing,Huairou,72,3,origin_week,17856,168,AP2,constant,hist_gradient_boosting,0,PAIRWISE_EXACT,A,A,False,False
beijing,Huairou,72,3,origin_week,17856,168,AP2,logistic,hist_gradient_boosting,0,PAIRWISE_EXACT,A,A,False,False
beijing,Huairou,72,3,origin_week,18024,168,AP2,constant,logistic,0,PAIRWISE_EXACT,A,A,False,False
beijing,Huairou,72,3,origin_week,18024,168,AP2,constant,hist_gradient_boosting,0,PAIRWISE_EXACT,A,A,False,False
beijing,Huairou,72,3,origin_week,18024,168,AP2,logistic,hist_gradient_boosting,0,PAIRWISE_EXACT,B,B,False,False
beijing,Huairou,72,3,origin_week,18192,168,AP2,constant,logistic,0,PAIRWISE_EXACT,B,B,False,False
beijing,Huairou,72,3,origin_week,18192,168,AP2,constant,hist_gradient_boosting,0,PAIRWISE_EXACT,B,B,False,False
beijing,Huairou,72,3,origin_week,18192,168,AP2,logistic,hist_gradient_boosting,0,PAIRWISE_EXACT,A,A,False,False
beijing,Huairou,72,3,origin_week,18360,168,AP2,constant,logistic,0,PAIRWISE_EXACT,A,A,False,False
beijing,Huairou,72,3,origin_week,18360,168,AP2,constant,hist_gradient_boosting,0,PAIRWISE_EXACT,A,A,False,False
beijing,Huairou,72,3,origin_week,18360,168,AP2,logistic,hist_gradient_boosting,0,PAIRWISE_EXACT,B,B,False,False
beijing,Huairou,72,3,origin_week,18528,168,AP2,constant,logistic,0,PAIRWISE_EXACT,B,B,False,False
beijing,Huairou,72,3,origin_week,18528,168,AP2,constant,hist_gradient_boosting,0,PAIRWISE_EXACT,A,A,False,False
beijing,Huairou,72,3,origin_week,18528,168,AP2,logistic,hist_gradient_boosting,0,PAIRWISE_EXACT,A,A,False,False
beijing,Huairou,72,3,origin_week,18696,168,AP2,constant,logistic,34,PAIRWISE_INSUFFICIENT,OPPOSITE_POSSIBLE,OPPOSITE_POSSIBLE,False,True
beijing,Huairou,72,3,origin_week,18696,168,AP2,constant,hist_gradient_boosting,34,PAIRWISE_INSUFFICIENT,OPPOSITE_POSSIBLE,OPPOSITE_POSSIBLE,False,True
beijing,Huairou,72,3,origin_week,18696,168,AP2,logistic,hist_gradient_boosting,34,PAIRWISE_INSUFFICIENT,OPPOSITE_POSSIBLE,OPPOSITE_POSSIBLE,False,False
beijing,Huairou,72,3,origin_week,18864,168,AP2,constant,logistic,0,PAIRWISE_EXACT,B,B,False,False
beijing,Huairou,72,3,origin_week,18864,168,AP2,constant,hist_gradient_boosting,0,PAIRWISE_EXACT,B,B,False,False
beijing,Huairou,72,3,origin_week,18864,168,AP2,logistic,hist_gradient_boosting,0,PAIRWISE_EXACT,B,B,False,False
beijing,Huairou,72,3,origin_week,19032,168,AP2,constant,logistic,0,PAIRWISE_EXACT,B,B,False,False
beijing,Huairou,72,3,origin_week,19032,168,AP2,constant,hist_gradient_boosting,0,PAIRWISE_EXACT,B,B,False,False
beijing,Huairou,72,3,origin_week,19032,168,AP2,logistic,hist_gradient_boosting,0,PAIRWISE_EXACT,A,A,False,False
beijing,Huairou,72,3,origin_week,19200,168,AP2,constant,logistic,0,PAIRWISE_EXACT,A,A,False,False
beijing,Huairou,72,3,origin_week,19200,168,AP2,constant,hist_gradient_boosting,0,PAIRWISE_EXACT,A,A,False,False
beijing,Huairou,72,3,origin_week,19200,168,AP2,logistic,hist_gradient_boosting,0,PAIRWISE_EXACT,B,B,False,False
beijing,Huairou,72,3,origin_week,19368,168,AP2,constant,logistic,0,PAIRWISE_EXACT,B,B,False,False
beijing,Huairou,72,3,origin_week,19368,168,AP2,constant,hist_gradient_boosting,0,PAIRWISE_EXACT,B,B,False,False
beijing,Huairou,72,3,origin_week,19368,168,AP2,logistic,hist_gradient_boosting,0,PAIRWISE_EXACT,B,B,False,False
beijing,Huairou,72,3,origin_week,19536,168,AP2,constant,logistic,0,PAIRWISE_EXACT,A,A,False,False
beijing,Huairou,72,3,origin_week,19536,168,AP2,constant,hist_gradient_boosting,0,PAIRWISE_EXACT,A,A,False,False
beijing,Huairou,72,3,origin_week,19536,168,AP2,logistic,hist_gradient_boosting,0,PAIRWISE_EXACT,B,B,False,False
beijing,Huairou,72,3,origin_week,19704,168,AP2,constant,logistic,0,PAIRWISE_EXACT,B,B,False,False
beijing,Huairou,72,3,origin_week,19704,168,AP2,constant,hist_gradient_boosting,0,PAIRWISE_EXACT,B,B,False,False
beijing,Huairou,72,3,origin_week,19704,168,AP2,logistic,hist_gradient_boosting,0,PAIRWISE_EXACT,A,A,False,False
beijing,Huairou,72,3,origin_week,19872,168,AP2,constant,logistic,35,PAIRWISE_EXACT,B,B,False,False
beijing,Huairou,72,3,origin_week,19872,168,AP2,constant,hist_gradient_boosting,35,PAIRWISE_EXACT,OPPOSITE_POSSIBLE,OPPOSITE_POSSIBLE,False,False
beijing,Huairou,72,3,origin_week,19872,168,AP2,logistic,hist_gradient_boosting,35,PAIRWISE_EXACT,A,A,False,False
beijing,Huairou,72,3,origin_week,20040,168,AP2,constant,logistic,16,PAIRWISE_EXACT,B,B,False,False
beijing,Huairou,72,3,origin_week,20040,168,AP2,constant,hist_gradient_boosting,16,PAIRWISE_EXACT,B,B,False,False
beijing,Huairou,72,3,origin_week,20040,168,AP2,logistic,hist_gradient_boosting,16,PAIRWISE_EXACT,A,A,False,False
beijing,Huairou,72,3,origin_week,20208,168,AP2,constant,logistic,0,PAIRWISE_EXACT,A,A,False,False
beijing,Huairou,72,3,origin_week,20208,168,AP2,constant,hist_gradient_boosting,0,PAIRWISE_EXACT,A,A,False,False
beijing,Huairou,72,3,origin_week,20208,168,AP2,logistic,hist_gradient_boosting,0,PAIRWISE_EXACT,B,B,False,False
beijing,Huairou,72,3,origin_week,20376,168,AP2,constant,logistic,0,PAIRWISE_EXACT,B,B,False,False
beijing,Huairou,72,3,origin_week,20376,168,AP2,constant,hist_gradient_boosting,0,PAIRWISE_EXACT,B,B,False,False
beijing,Huairou,72,3,origin_week,20376,168,AP2,logistic,hist_gradient_boosting,0,PAIRWISE_EXACT,A,A,False,False
beijing,Huairou,72,3,origin_week,20544,168,AP2,constant,logistic,0,PAIRWISE_EXACT,A,A,False,False
beijing,Huairou,72,3,origin_week,20544,168,AP2,constant,hist_gradient_boosting,0,PAIRWISE_EXACT,A,A,False,False
beijing,Huairou,72,3,origin_week,20544,168,AP2,logistic,hist_gradient_boosting,0,PAIRWISE_EXACT,B,B,False,False
beijing,Huairou,72,3,origin_week,20712,168,AP2,constant,logistic,0,PAIRWISE_EXACT,B,B,False,False
beijing,Huairou,72,3,origin_week,20712,168,AP2,constant,hist_gradient_boosting,0,PAIRWISE_EXACT,B,B,False,False
beijing,Huairou,72,3,origin_week,20712,168,AP2,logistic,hist_gradient_boosting,0,PAIRWISE_EXACT,A,A,False,False
beijing,Huairou,72,3,origin_week,20880,168,AP2,constant,logistic,0,PAIRWISE_EXACT,A,A,False,False
beijing,Huairou,72,3,origin_week,20880,168,AP2,constant,hist_gradient_boosting,0,PAIRWISE_EXACT,A,A,False,False
beijing,Huairou,72,3,origin_week,20880,168,AP2,logistic,hist_gradient_boosting,0,PAIRWISE_EXACT,B,B,False,False
beijing,Huairou,72,3,origin_week,21048,168,AP2,constant,logistic,0,PAIRWISE_EXACT,B,B,False,False
beijing,Huairou,72,3,origin_week,21048,168,AP2,constant,hist_gradient_boosting,0,PAIRWISE_EXACT,B,B,False,False
beijing,Huairou,72,3,origin_week,21048,168,AP2,logistic,hist_gradient_boosting,0,PAIRWISE_EXACT,A,A,False,False
beijing,Huairou,72,3,origin_week,21216,168,AP2,constant,logistic,0,PAIRWISE_EXACT,A,A,False,False
beijing,Huairou,72,3,origin_week,21216,168,AP2,constant,hist_gradient_boosting,0,PAIRWISE_EXACT,A,A,False,False
beijing,Huairou,72,3,origin_week,21216,168,AP2,logistic,hist_gradient_boosting,0,PAIRWISE_EXACT,B,B,False,False
beijing,Huairou,72,3,origin_week,21384,168,AP2,constant,logistic,0,PAIRWISE_EXACT,A,A,False,False
beijing,Huairou,72,3,origin_week,21384,168,AP2,constant,hist_gradient_boosting,0,PAIRWISE_EXACT,A,A,False,False
beijing,Huairou,72,3,origin_week,21384,168,AP2,logistic,hist_gradient_boosting,0,PAIRWISE_EXACT,B,B,False,False
beijing,Huairou,72,3,origin_week,21552,168,AP2,constant,logistic,0,PAIRWISE_EXACT,B,B,False,False
beijing,Huairou,72,3,origin_week,21552,168,AP2,constant,hist_gradient_boosting,0,PAIRWISE_EXACT,B,B,False,False
beijing,Huairou,72,3,origin_week,21552,168,AP2,logistic,hist_gradient_boosting,0,PAIRWISE_EXACT,A,A,False,False
beijing,Huairou,72,3,origin_week,21720,168,AP2,constant,logistic,0,PAIRWISE_EXACT,B,B,False,False
beijing,Huairou,72,3,origin_week,21720,168,AP2,constant,hist_gradient_boosting,0,PAIRWISE_EXACT,B,B,False,False
beijing,Huairou,72,3,origin_week,21720,168,AP2,logistic,hist_gradient_boosting,0,PAIRWISE_EXACT,A,A,False,False
beijing,Huairou,72,3,origin_week,21888,168,AP2,constant,logistic,0,PAIRWISE_EXACT,B,B,False,False
beijing,Huairou,72,3,origin_week,21888,168,AP2,constant,hist_gradient_boosting,0,PAIRWISE_EXACT,B,B,False,False
beijing,Huairou,72,3,origin_week,21888,168,AP2,logistic,hist_gradient_boosting,0,PAIRWISE_EXACT,A,A,False,False
beijing,Huairou,72,3,origin_week,22056,168,AP2,constant,logistic,0,PAIRWISE_EXACT,B,B,False,False
beijing,Huairou,72,3,origin_week,22056,168,AP2,constant,hist_gradient_boosting,0,PAIRWISE_EXACT,B,B,False,False
beijing,Huairou,72,3,origin_week,22056,168,AP2,logistic,hist_gradient_boosting,0,PAIRWISE_EXACT,A,A,False,False
beijing,Huairou,72,3,origin_week,22224,168,AP2,constant,logistic,0,PAIRWISE_EXACT,A,A,False,False
beijing,Huairou,72,3,origin_week,22224,168,AP2,constant,hist_gradient_boosting,0,PAIRWISE_EXACT,A,A,False,False
beijing,Huairou,72,3,origin_week,22224,168,AP2,logistic,hist_gradient_boosting,0,PAIRWISE_EXACT,B,B,False,False
beijing,Huairou,72,3,origin_week,22392,168,AP2,constant,logistic,3,PAIRWISE_EXACT,B,B,False,False
beijing,Huairou,72,3,origin_week,22392,168,AP2,constant,hist_gradient_boosting,3,PAIRWISE_EXACT,B,B,False,False
beijing,Huairou,72,3,origin_week,22392,168,AP2,logistic,hist_gradient_boosting,3,PAIRWISE_EXACT,B,B,False,False
beijing,Huairou,72,3,origin_week,22560,168,AP2,constant,logistic,0,PAIRWISE_EXACT,B,B,False,False
beijing,Huairou,72,3,origin_week,22560,168,AP2,constant,hist_gradient_boosting,0,PAIRWISE_EXACT,B,B,False,False
beijing,Huairou,72,3,origin_week,22560,168,AP2,logistic,hist_gradient_boosting,0,PAIRWISE_EXACT,A,A,False,False
beijing,Huairou,72,3,origin_week,22728,168,AP2,constant,logistic,15,PAIRWISE_EXACT,B,B,False,False
beijing,Huairou,72,3,origin_week,22728,168,AP2,constant,hist_gradient_boosting,15,PAIRWISE_EXACT,A,A,False,False
beijing,Huairou,72,3,origin_week,22728,168,AP2,logistic,hist_gradient_boosting,15,PAIRWISE_EXACT,A,A,False,False
beijing,Huairou,72,3,origin_week,22896,168,AP2,constant,logistic,0,PAIRWISE_EXACT,B,B,False,False
beijing,Huairou,72,3,origin_week,22896,168,AP2,constant,hist_gradient_boosting,0,PAIRWISE_EXACT,A,A,False,False
beijing,Huairou,72,3,origin_week,22896,168,AP2,logistic,hist_gradient_boosting,0,PAIRWISE_EXACT,A,A,False,False
beijing,Huairou,72,3,origin_week,23064,168,AP2,constant,logistic,0,PAIRWISE_EXACT,A,A,False,False
beijing,Huairou,72,3,origin_week,23064,168,AP2,constant,hist_gradient_boosting,0,PAIRWISE_EXACT,A,A,False,False
beijing,Huairou,72,3,origin_week,23064,168,AP2,logistic,hist_gradient_boosting,0,PAIRWISE_EXACT,B,B,False,False
beijing,Huairou,72,3,origin_week,23232,168,AP2,constant,logistic,17,PAIRWISE_EXACT,B,B,False,False
beijing,Huairou,72,3,origin_week,23232,168,AP2,constant,hist_gradient_boosting,17,PAIRWISE_EXACT,B,B,False,False
beijing,Huairou,72,3,origin_week,23232,168,AP2,logistic,hist_gradient_boosting,17,PAIRWISE_EXACT,A,A,False,False
beijing,Huairou,72,3,origin_week,23400,168,AP2,constant,logistic,0,PAIRWISE_EXACT,B,B,False,False
beijing,Huairou,72,3,origin_week,23400,168,AP2,constant,hist_gradient_boosting,0,PAIRWISE_EXACT,B,B,False,False
beijing,Huairou,72,3,origin_week,23400,168,AP2,logistic,hist_gradient_boosting,0,PAIRWISE_EXACT,A,A,False,False
beijing,Huairou,72,3,origin_week,23568,168,AP2,constant,logistic,0,PAIRWISE_EXACT,B,B,False,False
beijing,Huairou,72,3,origin_week,23568,168,AP2,constant,hist_gradient_boosting,0,PAIRWISE_EXACT,B,B,False,False
beijing,Huairou,72,3,origin_week,23568,168,AP2,logistic,hist_gradient_boosting,0,PAIRWISE_EXACT,B,B,False,False
beijing,Huairou,72,3,origin_week,23736,168,AP2,constant,logistic,0,PAIRWISE_EXACT,A,A,False,False
beijing,Huairou,72,3,origin_week,23736,168,AP2,constant,hist_gradient_boosting,0,PAIRWISE_EXACT,A,A,False,False
beijing,Huairou,72,3,origin_week,23736,168,AP2,logistic,hist_gradient_boosting,0,PAIRWISE_EXACT,B,B,False,False
beijing,Huairou,72,3,origin_week,23904,168,AP2,constant,logistic,0,PAIRWISE_EXACT,B,B,False,False
beijing,Huairou,72,3,origin_week,23904,168,AP2,constant,hist_gradient_boosting,0,PAIRWISE_EXACT,B,B,False,False
beijing,Huairou,72,3,origin_week,23904,168,AP2,logistic,hist_gradient_boosting,0,PAIRWISE_EXACT,A,A,False,False
beijing,Huairou,72,3,origin_week,24072,168,AP2,constant,logistic,3,PAIRWISE_EXACT,B,B,False,False
beijing,Huairou,72,3,origin_week,24072,168,AP2,constant,hist_gradient_boosting,3,PAIRWISE_EXACT,B,B,False,False
beijing,Huairou,72,3,origin_week,24072,168,AP2,logistic,hist_gradient_boosting,3,PAIRWISE_EXACT,B,B,False,False
beijing,Huairou,72,3,origin_week,24240,168,AP2,constant,logistic,0,PAIRWISE_EXACT,B,B,False,False
beijing,Huairou,72,3,origin_week,24240,168,AP2,constant,hist_gradient_boosting,0,PAIRWISE_EXACT,B,B,False,False
beijing,Huairou,72,3,origin_week,24240,168,AP2,logistic,hist_gradient_boosting,0,PAIRWISE_EXACT,B,B,False,False
beijing,Huairou,72,3,origin_week,24408,168,AP2,constant,logistic,6,PAIRWISE_EXACT,A,A,False,False
beijing,Huairou,72,3,origin_week,24408,168,AP2,constant,hist_gradient_boosting,6,PAIRWISE_EXACT,OPPOSITE_POSSIBLE,OPPOSITE_POSSIBLE,False,False
beijing,Huairou,72,3,origin_week,24408,168,AP2,logistic,hist_gradient_boosting,6,PAIRWISE_EXACT,B,B,False,False
beijing,Huairou,72,3,origin_week,24576,168,AP2,constant,logistic,0,PAIRWISE_EXACT,B,B,False,False
beijing,Huairou,72,3,origin_week,24576,168,AP2,constant,hist_gradient_boosting,0,PAIRWISE_EXACT,B,B,False,False
beijing,Huairou,72,3,origin_week,24576,168,AP2,logistic,hist_gradient_boosting,0,PAIRWISE_EXACT,B,B,False,False
beijing,Huairou,72,3,origin_week,24744,168,AP2,constant,logistic,0,PAIRWISE_EXACT,A,A,False,False
beijing,Huairou,72,3,origin_week,24744,168,AP2,constant,hist_gradient_boosting,0,PAIRWISE_EXACT,A,A,False,False
beijing,Huairou,72,3,origin_week,24744,168,AP2,logistic,hist_gradient_boosting,0,PAIRWISE_EXACT,A,A,False,False
beijing,Huairou,72,3,origin_week,24912,168,AP2,constant,logistic,0,PAIRWISE_EXACT,B,B,False,False
beijing,Huairou,72,3,origin_week,24912,168,AP2,constant,hist_gradient_boosting,0,PAIRWISE_EXACT,A,A,False,False
beijing,Huairou,72,3,origin_week,24912,168,AP2,logistic,hist_gradient_boosting,0,PAIRWISE_EXACT,A,A,False,False
beijing,Huairou,72,3,origin_week,25080,168,AP2,constant,logistic,0,PAIRWISE_EXACT,B,B,False,False
beijing,Huairou,72,3,origin_week,25080,168,AP2,constant,hist_gradient_boosting,0,PAIRWISE_EXACT,B,B,False,False
beijing,Huairou,72,3,origin_week,25080,168,AP2,logistic,hist_gradient_boosting,0,PAIRWISE_EXACT,A,A,False,False
beijing,Huairou,72,3,origin_week,25248,168,AP2,constant,logistic,0,PAIRWISE_EXACT,B,B,False,False
beijing,Huairou,72,3,origin_week,25248,168,AP2,constant,hist_gradient_boosting,0,PAIRWISE_EXACT,B,B,False,False
beijing,Huairou,72,3,origin_week,25248,168,AP2,logistic,hist_gradient_boosting,0,PAIRWISE_EXACT,B,B,False,False
beijing,Huairou,72,3,origin_week,25416,168,AP2,constant,logistic,0,PAIRWISE_EXACT,B,B,False,False
beijing,Huairou,72,3,origin_week,25416,168,AP2,constant,hist_gradient_boosting,0,PAIRWISE_EXACT,B,B,False,False
beijing,Huairou,72,3,origin_week,25416,168,AP2,logistic,hist_gradient_boosting,0,PAIRWISE_EXACT,B,B,False,False
beijing,Huairou,72,3,origin_week,25584,168,AP2,constant,logistic,0,PAIRWISE_EXACT,B,B,False,False
beijing,Huairou,72,3,origin_week,25584,168,AP2,constant,hist_gradient_boosting,0,PAIRWISE_EXACT,B,B,False,False
beijing,Huairou,72,3,origin_week,25584,168,AP2,logistic,hist_gradient_boosting,0,PAIRWISE_EXACT,A,A,False,False
beijing,Huairou,72,3,origin_week,25752,168,AP2,constant,logistic,0,PAIRWISE_EXACT,B,B,False,False
beijing,Huairou,72,3,origin_week,25752,168,AP2,constant,hist_gradient_boosting,0,PAIRWISE_EXACT,B,B,False,False
beijing,Huairou,72,3,origin_week,25752,168,AP2,logistic,hist_gradient_boosting,0,PAIRWISE_EXACT,A,A,False,False
beijing,Huairou,72,3,origin_week,25920,168,AP2,constant,logistic,0,PAIRWISE_EXACT,B,B,False,False
beijing,Huairou,72,3,origin_week,25920,168,AP2,constant,hist_gradient_boosting,0,PAIRWISE_EXACT,A,A,False,False
beijing,Huairou,72,3,origin_week,25920,168,AP2,logistic,hist_gradient_boosting,0,PAIRWISE_EXACT,A,A,False,False
beijing,Huairou,72,3,origin_week,26088,145,AP2,constant,logistic,98,PAIRWISE_INSUFFICIENT,OPPOSITE_POSSIBLE,OPPOSITE_POSSIBLE,False,False
beijing,Huairou,72,3,origin_week,26088,145,AP2,constant,hist_gradient_boosting,98,PAIRWISE_INSUFFICIENT,OPPOSITE_POSSIBLE,OPPOSITE_POSSIBLE,False,False
beijing,Huairou,72,3,origin_week,26088,145,AP2,logistic,hist_gradient_boosting,98,PAIRWISE_INSUFFICIENT,OPPOSITE_POSSIBLE,OPPOSITE_POSSIBLE,False,True
beijing,Nongzhanguan,24,3,annual,17520,8761,AP2,constant,logistic,285,PAIRWISE_INSUFFICIENT,B,B,False,True
beijing,Nongzhanguan,24,3,annual,17520,8761,AP2,constant,hist_gradient_boosting,285,PAIRWISE_INSUFFICIENT,B,B,False,True
beijing,Nongzhanguan,24,3,annual,17520,8761,AP2,logistic,hist_gradient_boosting,285,PAIRWISE_INSUFFICIENT,B,B,False,True
beijing,Nongzhanguan,24,3,origin_week,17520,168,AP2,constant,logistic,0,PAIRWISE_EXACT,B,B,False,False
beijing,Nongzhanguan,24,3,origin_week,17520,168,AP2,constant,hist_gradient_boosting,0,PAIRWISE_EXACT,B,B,False,False
beijing,Nongzhanguan,24,3,origin_week,17520,168,AP2,logistic,hist_gradient_boosting,0,PAIRWISE_EXACT,A,A,False,False
beijing,Nongzhanguan,24,3,origin_week,17688,168,AP2,constant,logistic,0,PAIRWISE_EXACT,B,B,False,False
beijing,Nongzhanguan,24,3,origin_week,17688,168,AP2,constant,hist_gradient_boosting,0,PAIRWISE_EXACT,B,B,False,False
beijing,Nongzhanguan,24,3,origin_week,17688,168,AP2,logistic,hist_gradient_boosting,0,PAIRWISE_EXACT,A,A,False,False
beijing,Nongzhanguan,24,3,origin_week,17856,168,AP2,constant,logistic,0,PAIRWISE_EXACT,B,B,False,False
beijing,Nongzhanguan,24,3,origin_week,17856,168,AP2,constant,hist_gradient_boosting,0,PAIRWISE_EXACT,B,B,False,False
beijing,Nongzhanguan,24,3,origin_week,17856,168,AP2,logistic,hist_gradient_boosting,0,PAIRWISE_EXACT,A,A,False,False
beijing,Nongzhanguan,24,3,origin_week,18024,168,AP2,constant,logistic,0,PAIRWISE_EXACT,B,B,False,False
beijing,Nongzhanguan,24,3,origin_week,18024,168,AP2,constant,hist_gradient_boosting,0,PAIRWISE_EXACT,B,B,False,False
beijing,Nongzhanguan,24,3,origin_week,18024,168,AP2,logistic,hist_gradient_boosting,0,PAIRWISE_EXACT,B,B,False,False
beijing,Nongzhanguan,24,3,origin_week,18192,168,AP2,constant,logistic,1,PAIRWISE_EXACT,B,B,False,False
beijing,Nongzhanguan,24,3,origin_week,18192,168,AP2,constant,hist_gradient_boosting,1,PAIRWISE_EXACT,B,B,False,False
beijing,Nongzhanguan,24,3,origin_week,18192,168,AP2,logistic,hist_gradient_boosting,1,PAIRWISE_EXACT,A,A,False,False
beijing,Nongzhanguan,24,3,origin_week,18360,168,AP2,constant,logistic,0,PAIRWISE_EXACT,B,B,False,False
beijing,Nongzhanguan,24,3,origin_week,18360,168,AP2,constant,hist_gradient_boosting,0,PAIRWISE_EXACT,B,B,False,False
beijing,Nongzhanguan,24,3,origin_week,18360,168,AP2,logistic,hist_gradient_boosting,0,PAIRWISE_EXACT,B,B,False,False
beijing,Nongzhanguan,24,3,origin_week,18528,168,AP2,constant,logistic,23,PAIRWISE_INSUFFICIENT,B,B,False,True
beijing,Nongzhanguan,24,3,origin_week,18528,168,AP2,constant,hist_gradient_boosting,23,PAIRWISE_INSUFFICIENT,B,B,False,True
beijing,Nongzhanguan,24,3,origin_week,18528,168,AP2,logistic,hist_gradient_boosting,23,PAIRWISE_INSUFFICIENT,OPPOSITE_POSSIBLE,OPPOSITE_POSSIBLE,False,False
beijing,Nongzhanguan,24,3,origin_week,18696,168,AP2,constant,logistic,2,PAIRWISE_EXACT,B,B,False,False
beijing,Nongzhanguan,24,3,origin_week,18696,168,AP2,constant,hist_gradient_boosting,2,PAIRWISE_EXACT,B,B,False,False
beijing,Nongzhanguan,24,3,origin_week,18696,168,AP2,logistic,hist_gradient_boosting,2,PAIRWISE_EXACT,B,B,False,False
beijing,Nongzhanguan,24,3,origin_week,18864,168,AP2,constant,logistic,0,PAIRWISE_EXACT,B,B,False,False
beijing,Nongzhanguan,24,3,origin_week,18864,168,AP2,constant,hist_gradient_boosting,0,PAIRWISE_EXACT,B,B,False,False
beijing,Nongzhanguan,24,3,origin_week,18864,168,AP2,logistic,hist_gradient_boosting,0,PAIRWISE_EXACT,A,A,False,False
beijing,Nongzhanguan,24,3,origin_week,19032,168,AP2,constant,logistic,0,PAIRWISE_EXACT,B,B,False,False
beijing,Nongzhanguan,24,3,origin_week,19032,168,AP2,constant,hist_gradient_boosting,0,PAIRWISE_EXACT,B,B,False,False
beijing,Nongzhanguan,24,3,origin_week,19032,168,AP2,logistic,hist_gradient_boosting,0,PAIRWISE_EXACT,B,B,False,False
beijing,Nongzhanguan,24,3,origin_week,19200,168,AP2,constant,logistic,0,PAIRWISE_EXACT,B,B,False,False
beijing,Nongzhanguan,24,3,origin_week,19200,168,AP2,constant,hist_gradient_boosting,0,PAIRWISE_EXACT,B,B,False,False
beijing,Nongzhanguan,24,3,origin_week,19200,168,AP2,logistic,hist_gradient_boosting,0,PAIRWISE_EXACT,A,A,False,False
beijing,Nongzhanguan,24,3,origin_week,19368,168,AP2,constant,logistic,35,PAIRWISE_INSUFFICIENT,OPPOSITE_POSSIBLE,OPPOSITE_POSSIBLE,False,False
beijing,Nongzhanguan,24,3,origin_week,19368,168,AP2,constant,hist_gradient_boosting,35,PAIRWISE_INSUFFICIENT,OPPOSITE_POSSIBLE,OPPOSITE_POSSIBLE,False,False
beijing,Nongzhanguan,24,3,origin_week,19368,168,AP2,logistic,hist_gradient_boosting,35,PAIRWISE_INSUFFICIENT,B,B,False,False
beijing,Nongzhanguan,24,3,origin_week,19536,168,AP2,constant,logistic,0,PAIRWISE_EXACT,B,B,False,False
beijing,Nongzhanguan,24,3,origin_week,19536,168,AP2,constant,hist_gradient_boosting,0,PAIRWISE_EXACT,B,B,False,False
beijing,Nongzhanguan,24,3,origin_week,19536,168,AP2,logistic,hist_gradient_boosting,0,PAIRWISE_EXACT,B,B,False,False
beijing,Nongzhanguan,24,3,origin_week,19704,168,AP2,constant,logistic,0,PAIRWISE_EXACT,B,B,False,False
beijing,Nongzhanguan,24,3,origin_week,19704,168,AP2,constant,hist_gradient_boosting,0,PAIRWISE_EXACT,B,B,False,False
beijing,Nongzhanguan,24,3,origin_week,19704,168,AP2,logistic,hist_gradient_boosting,0,PAIRWISE_EXACT,B,B,False,False
beijing,Nongzhanguan,24,3,origin_week,19872,168,AP2,constant,logistic,0,PAIRWISE_EXACT,B,B,False,False
beijing,Nongzhanguan,24,3,origin_week,19872,168,AP2,constant,hist_gradient_boosting,0,PAIRWISE_EXACT,B,B,False,False
beijing,Nongzhanguan,24,3,origin_week,19872,168,AP2,logistic,hist_gradient_boosting,0,PAIRWISE_EXACT,B,B,False,False
beijing,Nongzhanguan,24,3,origin_week,20040,168,AP2,constant,logistic,4,PAIRWISE_EXACT,B,B,False,False
beijing,Nongzhanguan,24,3,origin_week,20040,168,AP2,constant,hist_gradient_boosting,4,PAIRWISE_EXACT,B,B,False,False
beijing,Nongzhanguan,24,3,origin_week,20040,168,AP2,logistic,hist_gradient_boosting,4,PAIRWISE_EXACT,B,B,False,False
beijing,Nongzhanguan,24,3,origin_week,20208,168,AP2,constant,logistic,0,PAIRWISE_EXACT,B,B,False,False
beijing,Nongzhanguan,24,3,origin_week,20208,168,AP2,constant,hist_gradient_boosting,0,PAIRWISE_EXACT,B,B,False,False
beijing,Nongzhanguan,24,3,origin_week,20208,168,AP2,logistic,hist_gradient_boosting,0,PAIRWISE_EXACT,B,B,False,False
beijing,Nongzhanguan,24,3,origin_week,20376,168,AP2,constant,logistic,0,PAIRWISE_EXACT,B,B,False,False
beijing,Nongzhanguan,24,3,origin_week,20376,168,AP2,constant,hist_gradient_boosting,0,PAIRWISE_EXACT,B,B,False,False
beijing,Nongzhanguan,24,3,origin_week,20376,168,AP2,logistic,hist_gradient_boosting,0,PAIRWISE_EXACT,B,B,False,False
beijing,Nongzhanguan,24,3,origin_week,20544,168,AP2,constant,logistic,0,PAIRWISE_EXACT,B,B,False,False
beijing,Nongzhanguan,24,3,origin_week,20544,168,AP2,constant,hist_gradient_boosting,0,PAIRWISE_EXACT,B,B,False,False
beijing,Nongzhanguan,24,3,origin_week,20544,168,AP2,logistic,hist_gradient_boosting,0,PAIRWISE_EXACT,B,B,False,False
beijing,Nongzhanguan,24,3,origin_week,20712,168,AP2,constant,logistic,22,PAIRWISE_EXACT,B,B,False,False
beijing,Nongzhanguan,24,3,origin_week,20712,168,AP2,constant,hist_gradient_boosting,22,PAIRWISE_EXACT,B,B,False,False
beijing,Nongzhanguan,24,3,origin_week,20712,168,AP2,logistic,hist_gradient_boosting,22,PAIRWISE_EXACT,B,B,False,False
beijing,Nongzhanguan,24,3,origin_week,20880,168,AP2,constant,logistic,0,PAIRWISE_EXACT,B,B,False,False
beijing,Nongzhanguan,24,3,origin_week,20880,168,AP2,constant,hist_gradient_boosting,0,PAIRWISE_EXACT,B,B,False,False
beijing,Nongzhanguan,24,3,origin_week,20880,168,AP2,logistic,hist_gradient_boosting,0,PAIRWISE_EXACT,B,B,False,False
beijing,Nongzhanguan,24,3,origin_week,21048,168,AP2,constant,logistic,0,PAIRWISE_EXACT,A,A,False,False
beijing,Nongzhanguan,24,3,origin_week,21048,168,AP2,constant,hist_gradient_boosting,0,PAIRWISE_EXACT,A,A,False,False
beijing,Nongzhanguan,24,3,origin_week,21048,168,AP2,logistic,hist_gradient_boosting,0,PAIRWISE_EXACT,A,A,False,False
beijing,Nongzhanguan,24,3,origin_week,21216,168,AP2,constant,logistic,5,PAIRWISE_EXACT,A,A,False,False
beijing,Nongzhanguan,24,3,origin_week,21216,168,AP2,constant,hist_gradient_boosting,5,PAIRWISE_EXACT,A,A,False,False
beijing,Nongzhanguan,24,3,origin_week,21216,168,AP2,logistic,hist_gradient_boosting,5,PAIRWISE_EXACT,A,A,False,False
beijing,Nongzhanguan,24,3,origin_week,21384,168,AP2,constant,logistic,0,PAIRWISE_EXACT,B,B,False,False
beijing,Nongzhanguan,24,3,origin_week,21384,168,AP2,constant,hist_gradient_boosting,0,PAIRWISE_EXACT,B,B,False,False
beijing,Nongzhanguan,24,3,origin_week,21384,168,AP2,logistic,hist_gradient_boosting,0,PAIRWISE_EXACT,B,B,False,False
beijing,Nongzhanguan,24,3,origin_week,21552,168,AP2,constant,logistic,24,PAIRWISE_INSUFFICIENT,B,B,False,False
beijing,Nongzhanguan,24,3,origin_week,21552,168,AP2,constant,hist_gradient_boosting,24,PAIRWISE_INSUFFICIENT,B,B,False,False
beijing,Nongzhanguan,24,3,origin_week,21552,168,AP2,logistic,hist_gradient_boosting,24,PAIRWISE_INSUFFICIENT,B,B,False,False
beijing,Nongzhanguan,24,3,origin_week,21720,168,AP2,constant,logistic,0,PAIRWISE_EXACT,B,B,False,False
beijing,Nongzhanguan,24,3,origin_week,21720,168,AP2,constant,hist_gradient_boosting,0,PAIRWISE_EXACT,B,B,False,False
beijing,Nongzhanguan,24,3,origin_week,21720,168,AP2,logistic,hist_gradient_boosting,0,PAIRWISE_EXACT,B,B,False,False
beijing,Nongzhanguan,24,3,origin_week,21888,168,AP2,constant,logistic,0,PAIRWISE_EXACT,B,B,False,False
beijing,Nongzhanguan,24,3,origin_week,21888,168,AP2,constant,hist_gradient_boosting,0,PAIRWISE_EXACT,B,B,False,False
beijing,Nongzhanguan,24,3,origin_week,21888,168,AP2,logistic,hist_gradient_boosting,0,PAIRWISE_EXACT,B,B,False,False
beijing,Nongzhanguan,24,3,origin_week,22056,168,AP2,constant,logistic,29,PAIRWISE_INSUFFICIENT,B,B,False,False
beijing,Nongzhanguan,24,3,origin_week,22056,168,AP2,constant,hist_gradient_boosting,29,PAIRWISE_INSUFFICIENT,B,B,False,False
beijing,Nongzhanguan,24,3,origin_week,22056,168,AP2,logistic,hist_gradient_boosting,29,PAIRWISE_INSUFFICIENT,B,B,False,False
beijing,Nongzhanguan,24,3,origin_week,22224,168,AP2,constant,logistic,0,PAIRWISE_EXACT,B,B,False,False
beijing,Nongzhanguan,24,3,origin_week,22224,168,AP2,constant,hist_gradient_boosting,0,PAIRWISE_EXACT,B,B,False,False
beijing,Nongzhanguan,24,3,origin_week,22224,168,AP2,logistic,hist_gradient_boosting,0,PAIRWISE_EXACT,A,A,False,False
beijing,Nongzhanguan,24,3,origin_week,22392,168,AP2,constant,logistic,0,PAIRWISE_EXACT,B,B,False,False
beijing,Nongzhanguan,24,3,origin_week,22392,168,AP2,constant,hist_gradient_boosting,0,PAIRWISE_EXACT,B,B,False,False
beijing,Nongzhanguan,24,3,origin_week,22392,168,AP2,logistic,hist_gradient_boosting,0,PAIRWISE_EXACT,A,A,False,False
beijing,Nongzhanguan,24,3,origin_week,22560,168,AP2,constant,logistic,0,PAIRWISE_EXACT,B,B,False,False
beijing,Nongzhanguan,24,3,origin_week,22560,168,AP2,constant,hist_gradient_boosting,0,PAIRWISE_EXACT,B,B,False,False
beijing,Nongzhanguan,24,3,origin_week,22560,168,AP2,logistic,hist_gradient_boosting,0,PAIRWISE_EXACT,B,B,False,False
beijing,Nongzhanguan,24,3,origin_week,22728,168,AP2,constant,logistic,68,PAIRWISE_INSUFFICIENT,OPPOSITE_POSSIBLE,OPPOSITE_POSSIBLE,False,True
beijing,Nongzhanguan,24,3,origin_week,22728,168,AP2,constant,hist_gradient_boosting,68,PAIRWISE_INSUFFICIENT,B,B,False,False
beijing,Nongzhanguan,24,3,origin_week,22728,168,AP2,logistic,hist_gradient_boosting,68,PAIRWISE_INSUFFICIENT,OPPOSITE_POSSIBLE,OPPOSITE_POSSIBLE,False,True
beijing,Nongzhanguan,24,3,origin_week,22896,168,AP2,constant,logistic,0,PAIRWISE_EXACT,B,B,False,False
beijing,Nongzhanguan,24,3,origin_week,22896,168,AP2,constant,hist_gradient_boosting,0,PAIRWISE_EXACT,B,B,False,False
beijing,Nongzhanguan,24,3,origin_week,22896,168,AP2,logistic,hist_gradient_boosting,0,PAIRWISE_EXACT,B,B,False,False
beijing,Nongzhanguan,24,3,origin_week,23064,168,AP2,constant,logistic,6,PAIRWISE_EXACT,OPPOSITE_POSSIBLE,OPPOSITE_POSSIBLE,False,False
beijing,Nongzhanguan,24,3,origin_week,23064,168,AP2,constant,hist_gradient_boosting,6,PAIRWISE_EXACT,B,B,False,False
beijing,Nongzhanguan,24,3,origin_week,23064,168,AP2,logistic,hist_gradient_boosting,6,PAIRWISE_EXACT,B,B,False,False
beijing,Nongzhanguan,24,3,origin_week,23232,168,AP2,constant,logistic,0,PAIRWISE_EXACT,B,B,False,False
beijing,Nongzhanguan,24,3,origin_week,23232,168,AP2,constant,hist_gradient_boosting,0,PAIRWISE_EXACT,B,B,False,False
beijing,Nongzhanguan,24,3,origin_week,23232,168,AP2,logistic,hist_gradient_boosting,0,PAIRWISE_EXACT,B,B,False,False
beijing,Nongzhanguan,24,3,origin_week,23400,168,AP2,constant,logistic,0,PAIRWISE_EXACT,B,B,False,False
beijing,Nongzhanguan,24,3,origin_week,23400,168,AP2,constant,hist_gradient_boosting,0,PAIRWISE_EXACT,B,B,False,False
beijing,Nongzhanguan,24,3,origin_week,23400,168,AP2,logistic,hist_gradient_boosting,0,PAIRWISE_EXACT,A,A,False,False
beijing,Nongzhanguan,24,3,origin_week,23568,168,AP2,constant,logistic,0,PAIRWISE_EXACT,B,B,False,False
beijing,Nongzhanguan,24,3,origin_week,23568,168,AP2,constant,hist_gradient_boosting,0,PAIRWISE_EXACT,B,B,False,False
beijing,Nongzhanguan,24,3,origin_week,23568,168,AP2,logistic,hist_gradient_boosting,0,PAIRWISE_EXACT,A,A,False,False
beijing,Nongzhanguan,24,3,origin_week,23736,168,AP2,constant,logistic,22,PAIRWISE_EXACT,B,B,False,False
beijing,Nongzhanguan,24,3,origin_week,23736,168,AP2,constant,hist_gradient_boosting,22,PAIRWISE_EXACT,B,B,False,False
beijing,Nongzhanguan,24,3,origin_week,23736,168,AP2,logistic,hist_gradient_boosting,22,PAIRWISE_EXACT,OPPOSITE_POSSIBLE,OPPOSITE_POSSIBLE,False,False
beijing,Nongzhanguan,24,3,origin_week,23904,168,AP2,constant,logistic,39,PAIRWISE_INSUFFICIENT,OPPOSITE_POSSIBLE,OPPOSITE_POSSIBLE,False,False
beijing,Nongzhanguan,24,3,origin_week,23904,168,AP2,constant,hist_gradient_boosting,39,PAIRWISE_INSUFFICIENT,OPPOSITE_POSSIBLE,OPPOSITE_POSSIBLE,False,False
beijing,Nongzhanguan,24,3,origin_week,23904,168,AP2,logistic,hist_gradient_boosting,39,PAIRWISE_INSUFFICIENT,A,A,False,False
beijing,Nongzhanguan,24,3,origin_week,24072,168,AP2,constant,logistic,5,PAIRWISE_EXACT,B,B,False,False
beijing,Nongzhanguan,24,3,origin_week,24072,168,AP2,constant,hist_gradient_boosting,5,PAIRWISE_EXACT,B,B,False,False
beijing,Nongzhanguan,24,3,origin_week,24072,168,AP2,logistic,hist_gradient_boosting,5,PAIRWISE_EXACT,A,A,False,False
beijing,Nongzhanguan,24,3,origin_week,24240,168,AP2,constant,logistic,0,PAIRWISE_EXACT,B,B,False,False
beijing,Nongzhanguan,24,3,origin_week,24240,168,AP2,constant,hist_gradient_boosting,0,PAIRWISE_EXACT,B,B,False,False
beijing,Nongzhanguan,24,3,origin_week,24240,168,AP2,logistic,hist_gradient_boosting,0,PAIRWISE_EXACT,A,A,False,False
beijing,Nongzhanguan,24,3,origin_week,24408,168,AP2,constant,logistic,0,PAIRWISE_EXACT,B,B,False,False
beijing,Nongzhanguan,24,3,origin_week,24408,168,AP2,constant,hist_gradient_boosting,0,PAIRWISE_EXACT,B,B,False,False
beijing,Nongzhanguan,24,3,origin_week,24408,168,AP2,logistic,hist_gradient_boosting,0,PAIRWISE_EXACT,B,B,False,False
beijing,Nongzhanguan,24,3,origin_week,24576,168,AP2,constant,logistic,0,PAIRWISE_EXACT,B,B,False,False
beijing,Nongzhanguan,24,3,origin_week,24576,168,AP2,constant,hist_gradient_boosting,0,PAIRWISE_EXACT,B,B,False,False
beijing,Nongzhanguan,24,3,origin_week,24576,168,AP2,logistic,hist_gradient_boosting,0,PAIRWISE_EXACT,A,A,False,False
beijing,Nongzhanguan,24,3,origin_week,24744,168,AP2,constant,logistic,0,PAIRWISE_EXACT,B,B,False,False
beijing,Nongzhanguan,24,3,origin_week,24744,168,AP2,constant,hist_gradient_boosting,0,PAIRWISE_EXACT,A,A,False,False
beijing,Nongzhanguan,24,3,origin_week,24744,168,AP2,logistic,hist_gradient_boosting,0,PAIRWISE_EXACT,A,A,False,False
beijing,Nongzhanguan,24,3,origin_week,24912,168,AP2,constant,logistic,0,PAIRWISE_EXACT,B,B,False,False
beijing,Nongzhanguan,24,3,origin_week,24912,168,AP2,constant,hist_gradient_boosting,0,PAIRWISE_EXACT,A,A,False,False
beijing,Nongzhanguan,24,3,origin_week,24912,168,AP2,logistic,hist_gradient_boosting,0,PAIRWISE_EXACT,A,A,False,False
beijing,Nongzhanguan,24,3,origin_week,25080,168,AP2,constant,logistic,0,PAIRWISE_EXACT,B,B,False,False
beijing,Nongzhanguan,24,3,origin_week,25080,168,AP2,constant,hist_gradient_boosting,0,PAIRWISE_EXACT,B,B,False,False
beijing,Nongzhanguan,24,3,origin_week,25080,168,AP2,logistic,hist_gradient_boosting,0,PAIRWISE_EXACT,B,B,False,False
beijing,Nongzhanguan,24,3,origin_week,25248,168,AP2,constant,logistic,0,PAIRWISE_EXACT,B,B,False,False
beijing,Nongzhanguan,24,3,origin_week,25248,168,AP2,constant,hist_gradient_boosting,0,PAIRWISE_EXACT,B,B,False,False
beijing,Nongzhanguan,24,3,origin_week,25248,168,AP2,logistic,hist_gradient_boosting,0,PAIRWISE_EXACT,B,B,False,False
beijing,Nongzhanguan,24,3,origin_week,25416,168,AP2,constant,logistic,0,PAIRWISE_EXACT,B,B,False,False
beijing,Nongzhanguan,24,3,origin_week,25416,168,AP2,constant,hist_gradient_boosting,0,PAIRWISE_EXACT,B,B,False,False
beijing,Nongzhanguan,24,3,origin_week,25416,168,AP2,logistic,hist_gradient_boosting,0,PAIRWISE_EXACT,A,A,False,False
beijing,Nongzhanguan,24,3,origin_week,25584,168,AP2,constant,logistic,0,PAIRWISE_EXACT,B,B,False,False
beijing,Nongzhanguan,24,3,origin_week,25584,168,AP2,constant,hist_gradient_boosting,0,PAIRWISE_EXACT,B,B,False,False
beijing,Nongzhanguan,24,3,origin_week,25584,168,AP2,logistic,hist_gradient_boosting,0,PAIRWISE_EXACT,B,B,False,False
beijing,Nongzhanguan,24,3,origin_week,25752,168,AP2,constant,logistic,0,PAIRWISE_EXACT,B,B,False,False
beijing,Nongzhanguan,24,3,origin_week,25752,168,AP2,constant,hist_gradient_boosting,0,PAIRWISE_EXACT,B,B,False,False
beijing,Nongzhanguan,24,3,origin_week,25752,168,AP2,logistic,hist_gradient_boosting,0,PAIRWISE_EXACT,B,B,False,False
beijing,Nongzhanguan,24,3,origin_week,25920,168,AP2,constant,logistic,0,PAIRWISE_EXACT,B,B,False,False
beijing,Nongzhanguan,24,3,origin_week,25920,168,AP2,constant,hist_gradient_boosting,0,PAIRWISE_EXACT,B,B,False,False
beijing,Nongzhanguan,24,3,origin_week,25920,168,AP2,logistic,hist_gradient_boosting,0,PAIRWISE_EXACT,A,A,False,False
beijing,Nongzhanguan,24,3,origin_week,26088,168,AP2,constant,logistic,0,PAIRWISE_EXACT,B,B,False,False
beijing,Nongzhanguan,24,3,origin_week,26088,168,AP2,constant,hist_gradient_boosting,0,PAIRWISE_EXACT,B,B,False,False
beijing,Nongzhanguan,24,3,origin_week,26088,168,AP2,logistic,hist_gradient_boosting,0,PAIRWISE_EXACT,B,B,False,False
beijing,Nongzhanguan,24,3,origin_week,26256,25,AP2,constant,logistic,0,PAIRWISE_EXACT,B,B,False,False
beijing,Nongzhanguan,24,3,origin_week,26256,25,AP2,constant,hist_gradient_boosting,0,PAIRWISE_EXACT,B,B,False,False
beijing,Nongzhanguan,24,3,origin_week,26256,25,AP2,logistic,hist_gradient_boosting,0,PAIRWISE_EXACT,B,B,False,False
beijing,Nongzhanguan,72,3,annual,17520,8713,AP2,constant,logistic,366,PAIRWISE_INSUFFICIENT,B,B,False,False
beijing,Nongzhanguan,72,3,annual,17520,8713,AP2,constant,hist_gradient_boosting,366,PAIRWISE_INSUFFICIENT,B,B,False,True
beijing,Nongzhanguan,72,3,annual,17520,8713,AP2,logistic,hist_gradient_boosting,366,PAIRWISE_INSUFFICIENT,A,A,False,False
beijing,Nongzhanguan,72,3,origin_week,17520,168,AP2,constant,logistic,0,PAIRWISE_EXACT,B,B,False,False
beijing,Nongzhanguan,72,3,origin_week,17520,168,AP2,constant,hist_gradient_boosting,0,PAIRWISE_EXACT,B,B,False,False
beijing,Nongzhanguan,72,3,origin_week,17520,168,AP2,logistic,hist_gradient_boosting,0,PAIRWISE_EXACT,A,A,False,False
beijing,Nongzhanguan,72,3,origin_week,17688,168,AP2,constant,logistic,0,PAIRWISE_EXACT,B,B,False,False
beijing,Nongzhanguan,72,3,origin_week,17688,168,AP2,constant,hist_gradient_boosting,0,PAIRWISE_EXACT,B,B,False,False
beijing,Nongzhanguan,72,3,origin_week,17688,168,AP2,logistic,hist_gradient_boosting,0,PAIRWISE_EXACT,A,A,False,False
beijing,Nongzhanguan,72,3,origin_week,17856,168,AP2,constant,logistic,0,PAIRWISE_EXACT,A,A,False,False
beijing,Nongzhanguan,72,3,origin_week,17856,168,AP2,constant,hist_gradient_boosting,0,PAIRWISE_EXACT,B,B,False,False
beijing,Nongzhanguan,72,3,origin_week,17856,168,AP2,logistic,hist_gradient_boosting,0,PAIRWISE_EXACT,B,B,False,False
beijing,Nongzhanguan,72,3,origin_week,18024,168,AP2,constant,logistic,0,PAIRWISE_EXACT,B,B,False,False
beijing,Nongzhanguan,72,3,origin_week,18024,168,AP2,constant,hist_gradient_boosting,0,PAIRWISE_EXACT,B,B,False,False
beijing,Nongzhanguan,72,3,origin_week,18024,168,AP2,logistic,hist_gradient_boosting,0,PAIRWISE_EXACT,A,A,False,False
beijing,Nongzhanguan,72,3,origin_week,18192,168,AP2,constant,logistic,1,PAIRWISE_EXACT,B,B,False,False
beijing,Nongzhanguan,72,3,origin_week,18192,168,AP2,constant,hist_gradient_boosting,1,PAIRWISE_EXACT,B,B,False,False
beijing,Nongzhanguan,72,3,origin_week,18192,168,AP2,logistic,hist_gradient_boosting,1,PAIRWISE_EXACT,A,A,False,False
beijing,Nongzhanguan,72,3,origin_week,18360,168,AP2,constant,logistic,0,PAIRWISE_EXACT,A,A,False,False
beijing,Nongzhanguan,72,3,origin_week,18360,168,AP2,constant,hist_gradient_boosting,0,PAIRWISE_EXACT,A,A,False,False
beijing,Nongzhanguan,72,3,origin_week,18360,168,AP2,logistic,hist_gradient_boosting,0,PAIRWISE_EXACT,A,A,False,False
beijing,Nongzhanguan,72,3,origin_week,18528,168,AP2,constant,logistic,0,PAIRWISE_EXACT,B,B,False,False
beijing,Nongzhanguan,72,3,origin_week,18528,168,AP2,constant,hist_gradient_boosting,0,PAIRWISE_EXACT,A,A,False,False
beijing,Nongzhanguan,72,3,origin_week,18528,168,AP2,logistic,hist_gradient_boosting,0,PAIRWISE_EXACT,A,A,False,False
beijing,Nongzhanguan,72,3,origin_week,18696,168,AP2,constant,logistic,0,PAIRWISE_EXACT,B,B,False,False
beijing,Nongzhanguan,72,3,origin_week,18696,168,AP2,constant,hist_gradient_boosting,0,PAIRWISE_EXACT,B,B,False,False
beijing,Nongzhanguan,72,3,origin_week,18696,168,AP2,logistic,hist_gradient_boosting,0,PAIRWISE_EXACT,A,A,False,False
beijing,Nongzhanguan,72,3,origin_week,18864,168,AP2,constant,logistic,0,PAIRWISE_EXACT,B,B,False,False
beijing,Nongzhanguan,72,3,origin_week,18864,168,AP2,constant,hist_gradient_boosting,0,PAIRWISE_EXACT,B,B,False,False
beijing,Nongzhanguan,72,3,origin_week,18864,168,AP2,logistic,hist_gradient_boosting,0,PAIRWISE_EXACT,A,A,False,False
beijing,Nongzhanguan,72,3,origin_week,19032,168,AP2,constant,logistic,0,PAIRWISE_EXACT,B,B,False,False
beijing,Nongzhanguan,72,3,origin_week,19032,168,AP2,constant,hist_gradient_boosting,0,PAIRWISE_EXACT,B,B,False,False
beijing,Nongzhanguan,72,3,origin_week,19032,168,AP2,logistic,hist_gradient_boosting,0,PAIRWISE_EXACT,A,A,False,False
beijing,Nongzhanguan,72,3,origin_week,19200,168,AP2,constant,logistic,0,PAIRWISE_EXACT,A,A,False,False
beijing,Nongzhanguan,72,3,origin_week,19200,168,AP2,constant,hist_gradient_boosting,0,PAIRWISE_EXACT,A,A,False,False
beijing,Nongzhanguan,72,3,origin_week,19200,168,AP2,logistic,hist_gradient_boosting,0,PAIRWISE_EXACT,B,B,False,False
beijing,Nongzhanguan,72,3,origin_week,19368,168,AP2,constant,logistic,50,PAIRWISE_EXACT,OPPOSITE_POSSIBLE,OPPOSITE_POSSIBLE,False,False
beijing,Nongzhanguan,72,3,origin_week,19368,168,AP2,constant,hist_gradient_boosting,50,PAIRWISE_EXACT,OPPOSITE_POSSIBLE,OPPOSITE_POSSIBLE,False,False
beijing,Nongzhanguan,72,3,origin_week,19368,168,AP2,logistic,hist_gradient_boosting,50,PAIRWISE_EXACT,OPPOSITE_POSSIBLE,OPPOSITE_POSSIBLE,False,False
beijing,Nongzhanguan,72,3,origin_week,19536,168,AP2,constant,logistic,0,PAIRWISE_EXACT,B,B,False,False
beijing,Nongzhanguan,72,3,origin_week,19536,168,AP2,constant,hist_gradient_boosting,0,PAIRWISE_EXACT,B,B,False,False
beijing,Nongzhanguan,72,3,origin_week,19536,168,AP2,logistic,hist_gradient_boosting,0,PAIRWISE_EXACT,A,A,False,False
beijing,Nongzhanguan,72,3,origin_week,19704,168,AP2,constant,logistic,0,PAIRWISE_EXACT,B,B,False,False
beijing,Nongzhanguan,72,3,origin_week,19704,168,AP2,constant,hist_gradient_boosting,0,PAIRWISE_EXACT,B,B,False,False
beijing,Nongzhanguan,72,3,origin_week,19704,168,AP2,logistic,hist_gradient_boosting,0,PAIRWISE_EXACT,B,B,False,False
beijing,Nongzhanguan,72,3,origin_week,19872,168,AP2,constant,logistic,0,PAIRWISE_EXACT,A,A,False,False
beijing,Nongzhanguan,72,3,origin_week,19872,168,AP2,constant,hist_gradient_boosting,0,PAIRWISE_EXACT,B,B,False,False
beijing,Nongzhanguan,72,3,origin_week,19872,168,AP2,logistic,hist_gradient_boosting,0,PAIRWISE_EXACT,B,B,False,False
beijing,Nongzhanguan,72,3,origin_week,20040,168,AP2,constant,logistic,4,PAIRWISE_EXACT,A,A,False,False
beijing,Nongzhanguan,72,3,origin_week,20040,168,AP2,constant,hist_gradient_boosting,4,PAIRWISE_EXACT,B,B,False,False
beijing,Nongzhanguan,72,3,origin_week,20040,168,AP2,logistic,hist_gradient_boosting,4,PAIRWISE_EXACT,B,B,False,False
beijing,Nongzhanguan,72,3,origin_week,20208,168,AP2,constant,logistic,0,PAIRWISE_EXACT,B,B,False,False
beijing,Nongzhanguan,72,3,origin_week,20208,168,AP2,constant,hist_gradient_boosting,0,PAIRWISE_EXACT,B,B,False,False
beijing,Nongzhanguan,72,3,origin_week,20208,168,AP2,logistic,hist_gradient_boosting,0,PAIRWISE_EXACT,A,A,False,False
beijing,Nongzhanguan,72,3,origin_week,20376,168,AP2,constant,logistic,0,PAIRWISE_EXACT,B,B,False,False
beijing,Nongzhanguan,72,3,origin_week,20376,168,AP2,constant,hist_gradient_boosting,0,PAIRWISE_EXACT,B,B,False,False
beijing,Nongzhanguan,72,3,origin_week,20376,168,AP2,logistic,hist_gradient_boosting,0,PAIRWISE_EXACT,A,A,False,False
beijing,Nongzhanguan,72,3,origin_week,20544,168,AP2,constant,logistic,0,PAIRWISE_EXACT,B,B,False,False
beijing,Nongzhanguan,72,3,origin_week,20544,168,AP2,constant,hist_gradient_boosting,0,PAIRWISE_EXACT,A,A,False,False
beijing,Nongzhanguan,72,3,origin_week,20544,168,AP2,logistic,hist_gradient_boosting,0,PAIRWISE_EXACT,A,A,False,False
beijing,Nongzhanguan,72,3,origin_week,20712,168,AP2,constant,logistic,70,PAIRWISE_EXACT,OPPOSITE_POSSIBLE,OPPOSITE_POSSIBLE,False,False
beijing,Nongzhanguan,72,3,origin_week,20712,168,AP2,constant,hist_gradient_boosting,70,PAIRWISE_EXACT,OPPOSITE_POSSIBLE,OPPOSITE_POSSIBLE,False,False
beijing,Nongzhanguan,72,3,origin_week,20712,168,AP2,logistic,hist_gradient_boosting,70,PAIRWISE_EXACT,OPPOSITE_POSSIBLE,OPPOSITE_POSSIBLE,False,False
beijing,Nongzhanguan,72,3,origin_week,20880,168,AP2,constant,logistic,0,PAIRWISE_EXACT,B,B,False,False
beijing,Nongzhanguan,72,3,origin_week,20880,168,AP2,constant,hist_gradient_boosting,0,PAIRWISE_EXACT,A,A,False,False
beijing,Nongzhanguan,72,3,origin_week,20880,168,AP2,logistic,hist_gradient_boosting,0,PAIRWISE_EXACT,A,A,False,False
beijing,Nongzhanguan,72,3,origin_week,21048,168,AP2,constant,logistic,0,PAIRWISE_EXACT,A,A,False,False
beijing,Nongzhanguan,72,3,origin_week,21048,168,AP2,constant,hist_gradient_boosting,0,PAIRWISE_EXACT,A,A,False,False
beijing,Nongzhanguan,72,3,origin_week,21048,168,AP2,logistic,hist_gradient_boosting,0,PAIRWISE_EXACT,A,A,False,False
beijing,Nongzhanguan,72,3,origin_week,21216,168,AP2,constant,logistic,0,PAIRWISE_EXACT,A,A,False,False
beijing,Nongzhanguan,72,3,origin_week,21216,168,AP2,constant,hist_gradient_boosting,0,PAIRWISE_EXACT,A,A,False,False
beijing,Nongzhanguan,72,3,origin_week,21216,168,AP2,logistic,hist_gradient_boosting,0,PAIRWISE_EXACT,A,A,False,False
beijing,Nongzhanguan,72,3,origin_week,21384,168,AP2,constant,logistic,0,PAIRWISE_EXACT,A,A,False,False
beijing,Nongzhanguan,72,3,origin_week,21384,168,AP2,constant,hist_gradient_boosting,0,PAIRWISE_EXACT,A,A,False,False
beijing,Nongzhanguan,72,3,origin_week,21384,168,AP2,logistic,hist_gradient_boosting,0,PAIRWISE_EXACT,A,A,False,False
beijing,Nongzhanguan,72,3,origin_week,21552,168,AP2,constant,logistic,72,PAIRWISE_INSUFFICIENT,OPPOSITE_POSSIBLE,OPPOSITE_POSSIBLE,False,False
beijing,Nongzhanguan,72,3,origin_week,21552,168,AP2,constant,hist_gradient_boosting,72,PAIRWISE_INSUFFICIENT,B,B,False,False
beijing,Nongzhanguan,72,3,origin_week,21552,168,AP2,logistic,hist_gradient_boosting,72,PAIRWISE_INSUFFICIENT,B,B,False,False
beijing,Nongzhanguan,72,3,origin_week,21720,168,AP2,constant,logistic,0,PAIRWISE_EXACT,B,B,False,False
beijing,Nongzhanguan,72,3,origin_week,21720,168,AP2,constant,hist_gradient_boosting,0,PAIRWISE_EXACT,B,B,False,False
beijing,Nongzhanguan,72,3,origin_week,21720,168,AP2,logistic,hist_gradient_boosting,0,PAIRWISE_EXACT,B,B,False,False
beijing,Nongzhanguan,72,3,origin_week,21888,168,AP2,constant,logistic,0,PAIRWISE_EXACT,B,B,False,False
beijing,Nongzhanguan,72,3,origin_week,21888,168,AP2,constant,hist_gradient_boosting,0,PAIRWISE_EXACT,B,B,False,False
beijing,Nongzhanguan,72,3,origin_week,21888,168,AP2,logistic,hist_gradient_boosting,0,PAIRWISE_EXACT,B,B,False,False
beijing,Nongzhanguan,72,3,origin_week,22056,168,AP2,constant,logistic,58,PAIRWISE_EXACT,OPPOSITE_POSSIBLE,OPPOSITE_POSSIBLE,False,False
beijing,Nongzhanguan,72,3,origin_week,22056,168,AP2,constant,hist_gradient_boosting,58,PAIRWISE_EXACT,OPPOSITE_POSSIBLE,OPPOSITE_POSSIBLE,False,False
beijing,Nongzhanguan,72,3,origin_week,22056,168,AP2,logistic,hist_gradient_boosting,58,PAIRWISE_EXACT,OPPOSITE_POSSIBLE,OPPOSITE_POSSIBLE,False,False
beijing,Nongzhanguan,72,3,origin_week,22224,168,AP2,constant,logistic,0,PAIRWISE_EXACT,B,B,False,False
beijing,Nongzhanguan,72,3,origin_week,22224,168,AP2,constant,hist_gradient_boosting,0,PAIRWISE_EXACT,B,B,False,False
beijing,Nongzhanguan,72,3,origin_week,22224,168,AP2,logistic,hist_gradient_boosting,0,PAIRWISE_EXACT,A,A,False,False
beijing,Nongzhanguan,72,3,origin_week,22392,168,AP2,constant,logistic,0,PAIRWISE_EXACT,B,B,False,False
beijing,Nongzhanguan,72,3,origin_week,22392,168,AP2,constant,hist_gradient_boosting,0,PAIRWISE_EXACT,B,B,False,False
beijing,Nongzhanguan,72,3,origin_week,22392,168,AP2,logistic,hist_gradient_boosting,0,PAIRWISE_EXACT,A,A,False,False
beijing,Nongzhanguan,72,3,origin_week,22560,168,AP2,constant,logistic,0,PAIRWISE_EXACT,B,B,False,False
beijing,Nongzhanguan,72,3,origin_week,22560,168,AP2,constant,hist_gradient_boosting,0,PAIRWISE_EXACT,B,B,False,False
beijing,Nongzhanguan,72,3,origin_week,22560,168,AP2,logistic,hist_gradient_boosting,0,PAIRWISE_EXACT,A,A,False,False
beijing,Nongzhanguan,72,3,origin_week,22728,168,AP2,constant,logistic,68,PAIRWISE_EXACT,A,A,False,False
beijing,Nongzhanguan,72,3,origin_week,22728,168,AP2,constant,hist_gradient_boosting,68,PAIRWISE_EXACT,OPPOSITE_POSSIBLE,OPPOSITE_POSSIBLE,False,False
beijing,Nongzhanguan,72,3,origin_week,22728,168,AP2,logistic,hist_gradient_boosting,68,PAIRWISE_EXACT,B,B,False,False
beijing,Nongzhanguan,72,3,origin_week,22896,168,AP2,constant,logistic,0,PAIRWISE_EXACT,B,B,False,False
beijing,Nongzhanguan,72,3,origin_week,22896,168,AP2,constant,hist_gradient_boosting,0,PAIRWISE_EXACT,B,B,False,False
beijing,Nongzhanguan,72,3,origin_week,22896,168,AP2,logistic,hist_gradient_boosting,0,PAIRWISE_EXACT,A,A,False,False
beijing,Nongzhanguan,72,3,origin_week,23064,168,AP2,constant,logistic,6,PAIRWISE_EXACT,A,A,False,False
beijing,Nongzhanguan,72,3,origin_week,23064,168,AP2,constant,hist_gradient_boosting,6,PAIRWISE_EXACT,A,A,False,False
beijing,Nongzhanguan,72,3,origin_week,23064,168,AP2,logistic,hist_gradient_boosting,6,PAIRWISE_EXACT,B,B,False,False
beijing,Nongzhanguan,72,3,origin_week,23232,168,AP2,constant,logistic,0,PAIRWISE_EXACT,B,B,False,False
beijing,Nongzhanguan,72,3,origin_week,23232,168,AP2,constant,hist_gradient_boosting,0,PAIRWISE_EXACT,B,B,False,False
beijing,Nongzhanguan,72,3,origin_week,23232,168,AP2,logistic,hist_gradient_boosting,0,PAIRWISE_EXACT,A,A,False,False
beijing,Nongzhanguan,72,3,origin_week,23400,168,AP2,constant,logistic,0,PAIRWISE_EXACT,B,B,False,False
beijing,Nongzhanguan,72,3,origin_week,23400,168,AP2,constant,hist_gradient_boosting,0,PAIRWISE_EXACT,A,A,False,False
beijing,Nongzhanguan,72,3,origin_week,23400,168,AP2,logistic,hist_gradient_boosting,0,PAIRWISE_EXACT,A,A,False,False
beijing,Nongzhanguan,72,3,origin_week,23568,168,AP2,constant,logistic,0,PAIRWISE_EXACT,B,B,False,False
beijing,Nongzhanguan,72,3,origin_week,23568,168,AP2,constant,hist_gradient_boosting,0,PAIRWISE_EXACT,B,B,False,False
beijing,Nongzhanguan,72,3,origin_week,23568,168,AP2,logistic,hist_gradient_boosting,0,PAIRWISE_EXACT,B,B,False,False
beijing,Nongzhanguan,72,3,origin_week,23736,168,AP2,constant,logistic,28,PAIRWISE_INSUFFICIENT,A,A,False,False
beijing,Nongzhanguan,72,3,origin_week,23736,168,AP2,constant,hist_gradient_boosting,28,PAIRWISE_INSUFFICIENT,A,A,False,True
beijing,Nongzhanguan,72,3,origin_week,23736,168,AP2,logistic,hist_gradient_boosting,28,PAIRWISE_INSUFFICIENT,OPPOSITE_POSSIBLE,OPPOSITE_POSSIBLE,False,False
beijing,Nongzhanguan,72,3,origin_week,23904,168,AP2,constant,logistic,7,PAIRWISE_EXACT,OPPOSITE_POSSIBLE,OPPOSITE_POSSIBLE,False,False
beijing,Nongzhanguan,72,3,origin_week,23904,168,AP2,constant,hist_gradient_boosting,7,PAIRWISE_EXACT,A,A,False,False
beijing,Nongzhanguan,72,3,origin_week,23904,168,AP2,logistic,hist_gradient_boosting,7,PAIRWISE_EXACT,A,A,False,False
beijing,Nongzhanguan,72,3,origin_week,24072,168,AP2,constant,logistic,2,PAIRWISE_EXACT,B,B,False,False
beijing,Nongzhanguan,72,3,origin_week,24072,168,AP2,constant,hist_gradient_boosting,2,PAIRWISE_EXACT,A,A,False,False
beijing,Nongzhanguan,72,3,origin_week,24072,168,AP2,logistic,hist_gradient_boosting,2,PAIRWISE_EXACT,A,A,False,False
beijing,Nongzhanguan,72,3,origin_week,24240,168,AP2,constant,logistic,0,PAIRWISE_EXACT,B,B,False,False
beijing,Nongzhanguan,72,3,origin_week,24240,168,AP2,constant,hist_gradient_boosting,0,PAIRWISE_EXACT,B,B,False,False
beijing,Nongzhanguan,72,3,origin_week,24240,168,AP2,logistic,hist_gradient_boosting,0,PAIRWISE_EXACT,A,A,False,False
beijing,Nongzhanguan,72,3,origin_week,24408,168,AP2,constant,logistic,0,PAIRWISE_EXACT,B,B,False,False
beijing,Nongzhanguan,72,3,origin_week,24408,168,AP2,constant,hist_gradient_boosting,0,PAIRWISE_EXACT,A,A,False,False
beijing,Nongzhanguan,72,3,origin_week,24408,168,AP2,logistic,hist_gradient_boosting,0,PAIRWISE_EXACT,A,A,False,False
beijing,Nongzhanguan,72,3,origin_week,24576,168,AP2,constant,logistic,0,PAIRWISE_EXACT,B,B,False,False
beijing,Nongzhanguan,72,3,origin_week,24576,168,AP2,constant,hist_gradient_boosting,0,PAIRWISE_EXACT,B,B,False,False
beijing,Nongzhanguan,72,3,origin_week,24576,168,AP2,logistic,hist_gradient_boosting,0,PAIRWISE_EXACT,A,A,False,False
beijing,Nongzhanguan,72,3,origin_week,24744,168,AP2,constant,logistic,0,PAIRWISE_EXACT,B,B,False,False
beijing,Nongzhanguan,72,3,origin_week,24744,168,AP2,constant,hist_gradient_boosting,0,PAIRWISE_EXACT,A,A,False,False
beijing,Nongzhanguan,72,3,origin_week,24744,168,AP2,logistic,hist_gradient_boosting,0,PAIRWISE_EXACT,A,A,False,False
beijing,Nongzhanguan,72,3,origin_week,24912,168,AP2,constant,logistic,0,PAIRWISE_EXACT,A,A,False,False
beijing,Nongzhanguan,72,3,origin_week,24912,168,AP2,constant,hist_gradient_boosting,0,PAIRWISE_EXACT,A,A,False,False
beijing,Nongzhanguan,72,3,origin_week,24912,168,AP2,logistic,hist_gradient_boosting,0,PAIRWISE_EXACT,A,A,False,False
beijing,Nongzhanguan,72,3,origin_week,25080,168,AP2,constant,logistic,0,PAIRWISE_EXACT,A,A,False,False
beijing,Nongzhanguan,72,3,origin_week,25080,168,AP2,constant,hist_gradient_boosting,0,PAIRWISE_EXACT,A,A,False,False
beijing,Nongzhanguan,72,3,origin_week,25080,168,AP2,logistic,hist_gradient_boosting,0,PAIRWISE_EXACT,A,A,False,False
beijing,Nongzhanguan,72,3,origin_week,25248,168,AP2,constant,logistic,0,PAIRWISE_EXACT,B,B,False,False
beijing,Nongzhanguan,72,3,origin_week,25248,168,AP2,constant,hist_gradient_boosting,0,PAIRWISE_EXACT,B,B,False,False
beijing,Nongzhanguan,72,3,origin_week,25248,168,AP2,logistic,hist_gradient_boosting,0,PAIRWISE_EXACT,B,B,False,False
beijing,Nongzhanguan,72,3,origin_week,25416,168,AP2,constant,logistic,0,PAIRWISE_EXACT,A,A,False,False
beijing,Nongzhanguan,72,3,origin_week,25416,168,AP2,constant,hist_gradient_boosting,0,PAIRWISE_EXACT,B,B,False,False
beijing,Nongzhanguan,72,3,origin_week,25416,168,AP2,logistic,hist_gradient_boosting,0,PAIRWISE_EXACT,B,B,False,False
beijing,Nongzhanguan,72,3,origin_week,25584,168,AP2,constant,logistic,0,PAIRWISE_EXACT,B,B,False,False
beijing,Nongzhanguan,72,3,origin_week,25584,168,AP2,constant,hist_gradient_boosting,0,PAIRWISE_EXACT,B,B,False,False
beijing,Nongzhanguan,72,3,origin_week,25584,168,AP2,logistic,hist_gradient_boosting,0,PAIRWISE_EXACT,A,A,False,False
beijing,Nongzhanguan,72,3,origin_week,25752,168,AP2,constant,logistic,0,PAIRWISE_EXACT,B,B,False,False
beijing,Nongzhanguan,72,3,origin_week,25752,168,AP2,constant,hist_gradient_boosting,0,PAIRWISE_EXACT,A,A,False,False
beijing,Nongzhanguan,72,3,origin_week,25752,168,AP2,logistic,hist_gradient_boosting,0,PAIRWISE_EXACT,A,A,False,False
beijing,Nongzhanguan,72,3,origin_week,25920,168,AP2,constant,logistic,0,PAIRWISE_EXACT,B,B,False,False
beijing,Nongzhanguan,72,3,origin_week,25920,168,AP2,constant,hist_gradient_boosting,0,PAIRWISE_EXACT,A,A,False,False
beijing,Nongzhanguan,72,3,origin_week,25920,168,AP2,logistic,hist_gradient_boosting,0,PAIRWISE_EXACT,A,A,False,False
beijing,Nongzhanguan,72,3,origin_week,26088,145,AP2,constant,logistic,0,PAIRWISE_EXACT,B,B,False,False
beijing,Nongzhanguan,72,3,origin_week,26088,145,AP2,constant,hist_gradient_boosting,0,PAIRWISE_EXACT,B,B,False,False
beijing,Nongzhanguan,72,3,origin_week,26088,145,AP2,logistic,hist_gradient_boosting,0,PAIRWISE_EXACT,B,B,False,False
beijing,Shunyi,24,3,annual,17520,8761,AP2,constant,logistic,65,PAIRWISE_EXACT,B,B,False,False
beijing,Shunyi,24,3,annual,17520,8761,AP2,constant,hist_gradient_boosting,65,PAIRWISE_EXACT,B,B,False,False
beijing,Shunyi,24,3,annual,17520,8761,AP2,logistic,hist_gradient_boosting,65,PAIRWISE_EXACT,B,B,False,False
beijing,Shunyi,24,3,origin_week,17520,168,AP2,constant,logistic,0,PAIRWISE_EXACT,B,B,False,False
beijing,Shunyi,24,3,origin_week,17520,168,AP2,constant,hist_gradient_boosting,0,PAIRWISE_EXACT,B,B,False,False
beijing,Shunyi,24,3,origin_week,17520,168,AP2,logistic,hist_gradient_boosting,0,PAIRWISE_EXACT,A,A,False,False
beijing,Shunyi,24,3,origin_week,17688,168,AP2,constant,logistic,1,PAIRWISE_EXACT,B,B,False,False
beijing,Shunyi,24,3,origin_week,17688,168,AP2,constant,hist_gradient_boosting,1,PAIRWISE_EXACT,B,B,False,False
beijing,Shunyi,24,3,origin_week,17688,168,AP2,logistic,hist_gradient_boosting,1,PAIRWISE_EXACT,A,A,False,False
beijing,Shunyi,24,3,origin_week,17856,168,AP2,constant,logistic,0,PAIRWISE_EXACT,B,B,False,False
beijing,Shunyi,24,3,origin_week,17856,168,AP2,constant,hist_gradient_boosting,0,PAIRWISE_EXACT,B,B,False,False
beijing,Shunyi,24,3,origin_week,17856,168,AP2,logistic,hist_gradient_boosting,0,PAIRWISE_EXACT,A,A,False,False
beijing,Shunyi,24,3,origin_week,18024,168,AP2,constant,logistic,0,PAIRWISE_EXACT,B,B,False,False
beijing,Shunyi,24,3,origin_week,18024,168,AP2,constant,hist_gradient_boosting,0,PAIRWISE_EXACT,B,B,False,False
beijing,Shunyi,24,3,origin_week,18024,168,AP2,logistic,hist_gradient_boosting,0,PAIRWISE_EXACT,B,B,False,False
beijing,Shunyi,24,3,origin_week,18192,168,AP2,constant,logistic,0,PAIRWISE_EXACT,B,B,False,False
beijing,Shunyi,24,3,origin_week,18192,168,AP2,constant,hist_gradient_boosting,0,PAIRWISE_EXACT,B,B,False,False
beijing,Shunyi,24,3,origin_week,18192,168,AP2,logistic,hist_gradient_boosting,0,PAIRWISE_EXACT,A,A,False,False
beijing,Shunyi,24,3,origin_week,18360,168,AP2,constant,logistic,0,PAIRWISE_EXACT,B,B,False,False
beijing,Shunyi,24,3,origin_week,18360,168,AP2,constant,hist_gradient_boosting,0,PAIRWISE_EXACT,B,B,False,False
beijing,Shunyi,24,3,origin_week,18360,168,AP2,logistic,hist_gradient_boosting,0,PAIRWISE_EXACT,B,B,False,False
beijing,Shunyi,24,3,origin_week,18528,168,AP2,constant,logistic,10,PAIRWISE_EXACT,B,B,False,False
beijing,Shunyi,24,3,origin_week,18528,168,AP2,constant,hist_gradient_boosting,10,PAIRWISE_EXACT,B,B,False,False
beijing,Shunyi,24,3,origin_week,18528,168,AP2,logistic,hist_gradient_boosting,10,PAIRWISE_EXACT,OPPOSITE_POSSIBLE,OPPOSITE_POSSIBLE,False,False
beijing,Shunyi,24,3,origin_week,18696,168,AP2,constant,logistic,0,PAIRWISE_EXACT,A,A,False,False
beijing,Shunyi,24,3,origin_week,18696,168,AP2,constant,hist_gradient_boosting,0,PAIRWISE_EXACT,A,A,False,False
beijing,Shunyi,24,3,origin_week,18696,168,AP2,logistic,hist_gradient_boosting,0,PAIRWISE_EXACT,A,A,False,False
beijing,Shunyi,24,3,origin_week,18864,168,AP2,constant,logistic,0,PAIRWISE_EXACT,A,A,False,False
beijing,Shunyi,24,3,origin_week,18864,168,AP2,constant,hist_gradient_boosting,0,PAIRWISE_EXACT,B,B,False,False
beijing,Shunyi,24,3,origin_week,18864,168,AP2,logistic,hist_gradient_boosting,0,PAIRWISE_EXACT,B,B,False,False
beijing,Shunyi,24,3,origin_week,19032,168,AP2,constant,logistic,0,PAIRWISE_EXACT,B,B,False,False
beijing,Shunyi,24,3,origin_week,19032,168,AP2,constant,hist_gradient_boosting,0,PAIRWISE_EXACT,B,B,False,False
beijing,Shunyi,24,3,origin_week,19032,168,AP2,logistic,hist_gradient_boosting,0,PAIRWISE_EXACT,B,B,False,False
beijing,Shunyi,24,3,origin_week,19200,168,AP2,constant,logistic,0,PAIRWISE_EXACT,B,B,False,False
beijing,Shunyi,24,3,origin_week,19200,168,AP2,constant,hist_gradient_boosting,0,PAIRWISE_EXACT,B,B,False,False
beijing,Shunyi,24,3,origin_week,19200,168,AP2,logistic,hist_gradient_boosting,0,PAIRWISE_EXACT,A,A,False,False
beijing,Shunyi,24,3,origin_week,19368,168,AP2,constant,logistic,0,PAIRWISE_EXACT,B,B,False,False
beijing,Shunyi,24,3,origin_week,19368,168,AP2,constant,hist_gradient_boosting,0,PAIRWISE_EXACT,B,B,False,False
beijing,Shunyi,24,3,origin_week,19368,168,AP2,logistic,hist_gradient_boosting,0,PAIRWISE_EXACT,B,B,False,False
beijing,Shunyi,24,3,origin_week,19536,168,AP2,constant,logistic,0,PAIRWISE_EXACT,B,B,False,False
beijing,Shunyi,24,3,origin_week,19536,168,AP2,constant,hist_gradient_boosting,0,PAIRWISE_EXACT,B,B,False,False
beijing,Shunyi,24,3,origin_week,19536,168,AP2,logistic,hist_gradient_boosting,0,PAIRWISE_EXACT,B,B,False,False
beijing,Shunyi,24,3,origin_week,19704,168,AP2,constant,logistic,0,PAIRWISE_EXACT,B,B,False,False
beijing,Shunyi,24,3,origin_week,19704,168,AP2,constant,hist_gradient_boosting,0,PAIRWISE_EXACT,B,B,False,False
beijing,Shunyi,24,3,origin_week,19704,168,AP2,logistic,hist_gradient_boosting,0,PAIRWISE_EXACT,A,A,False,False
beijing,Shunyi,24,3,origin_week,19872,168,AP2,constant,logistic,0,PAIRWISE_EXACT,B,B,False,False
beijing,Shunyi,24,3,origin_week,19872,168,AP2,constant,hist_gradient_boosting,0,PAIRWISE_EXACT,B,B,False,False
beijing,Shunyi,24,3,origin_week,19872,168,AP2,logistic,hist_gradient_boosting,0,PAIRWISE_EXACT,B,B,False,False
beijing,Shunyi,24,3,origin_week,20040,168,AP2,constant,logistic,8,PAIRWISE_EXACT,B,B,False,False
beijing,Shunyi,24,3,origin_week,20040,168,AP2,constant,hist_gradient_boosting,8,PAIRWISE_EXACT,B,B,False,False
beijing,Shunyi,24,3,origin_week,20040,168,AP2,logistic,hist_gradient_boosting,8,PAIRWISE_EXACT,A,A,False,False
beijing,Shunyi,24,3,origin_week,20208,168,AP2,constant,logistic,0,PAIRWISE_EXACT,B,B,False,False
beijing,Shunyi,24,3,origin_week,20208,168,AP2,constant,hist_gradient_boosting,0,PAIRWISE_EXACT,B,B,False,False
beijing,Shunyi,24,3,origin_week,20208,168,AP2,logistic,hist_gradient_boosting,0,PAIRWISE_EXACT,B,B,False,False
beijing,Shunyi,24,3,origin_week,20376,168,AP2,constant,logistic,0,PAIRWISE_EXACT,B,B,False,False
beijing,Shunyi,24,3,origin_week,20376,168,AP2,constant,hist_gradient_boosting,0,PAIRWISE_EXACT,B,B,False,False
beijing,Shunyi,24,3,origin_week,20376,168,AP2,logistic,hist_gradient_boosting,0,PAIRWISE_EXACT,B,B,False,False
beijing,Shunyi,24,3,origin_week,20544,168,AP2,constant,logistic,0,PAIRWISE_EXACT,B,B,False,False
beijing,Shunyi,24,3,origin_week,20544,168,AP2,constant,hist_gradient_boosting,0,PAIRWISE_EXACT,B,B,False,False
beijing,Shunyi,24,3,origin_week,20544,168,AP2,logistic,hist_gradient_boosting,0,PAIRWISE_EXACT,B,B,False,False
beijing,Shunyi,24,3,origin_week,20712,168,AP2,constant,logistic,0,PAIRWISE_EXACT,B,B,False,False
beijing,Shunyi,24,3,origin_week,20712,168,AP2,constant,hist_gradient_boosting,0,PAIRWISE_EXACT,B,B,False,False
beijing,Shunyi,24,3,origin_week,20712,168,AP2,logistic,hist_gradient_boosting,0,PAIRWISE_EXACT,A,A,False,False
beijing,Shunyi,24,3,origin_week,20880,168,AP2,constant,logistic,0,PAIRWISE_EXACT,A,A,False,False
beijing,Shunyi,24,3,origin_week,20880,168,AP2,constant,hist_gradient_boosting,0,PAIRWISE_EXACT,B,B,False,False
beijing,Shunyi,24,3,origin_week,20880,168,AP2,logistic,hist_gradient_boosting,0,PAIRWISE_EXACT,B,B,False,False
beijing,Shunyi,24,3,origin_week,21048,168,AP2,constant,logistic,0,PAIRWISE_EXACT,B,B,False,False
beijing,Shunyi,24,3,origin_week,21048,168,AP2,constant,hist_gradient_boosting,0,PAIRWISE_EXACT,B,B,False,False
beijing,Shunyi,24,3,origin_week,21048,168,AP2,logistic,hist_gradient_boosting,0,PAIRWISE_EXACT,A,A,False,False
beijing,Shunyi,24,3,origin_week,21216,168,AP2,constant,logistic,0,PAIRWISE_EXACT,B,B,False,False
beijing,Shunyi,24,3,origin_week,21216,168,AP2,constant,hist_gradient_boosting,0,PAIRWISE_EXACT,B,B,False,False
beijing,Shunyi,24,3,origin_week,21216,168,AP2,logistic,hist_gradient_boosting,0,PAIRWISE_EXACT,A,A,False,False
beijing,Shunyi,24,3,origin_week,21384,168,AP2,constant,logistic,0,PAIRWISE_EXACT,B,B,False,False
beijing,Shunyi,24,3,origin_week,21384,168,AP2,constant,hist_gradient_boosting,0,PAIRWISE_EXACT,B,B,False,False
beijing,Shunyi,24,3,origin_week,21384,168,AP2,logistic,hist_gradient_boosting,0,PAIRWISE_EXACT,B,B,False,False
beijing,Shunyi,24,3,origin_week,21552,168,AP2,constant,logistic,0,PAIRWISE_EXACT,B,B,False,False
beijing,Shunyi,24,3,origin_week,21552,168,AP2,constant,hist_gradient_boosting,0,PAIRWISE_EXACT,B,B,False,False
beijing,Shunyi,24,3,origin_week,21552,168,AP2,logistic,hist_gradient_boosting,0,PAIRWISE_EXACT,B,B,False,False
beijing,Shunyi,24,3,origin_week,21720,168,AP2,constant,logistic,22,PAIRWISE_EXACT,B,B,False,False
beijing,Shunyi,24,3,origin_week,21720,168,AP2,constant,hist_gradient_boosting,22,PAIRWISE_EXACT,B,B,False,False
beijing,Shunyi,24,3,origin_week,21720,168,AP2,logistic,hist_gradient_boosting,22,PAIRWISE_EXACT,B,B,False,False
beijing,Shunyi,24,3,origin_week,21888,168,AP2,constant,logistic,0,PAIRWISE_EXACT,B,B,False,False
beijing,Shunyi,24,3,origin_week,21888,168,AP2,constant,hist_gradient_boosting,0,PAIRWISE_EXACT,B,B,False,False
beijing,Shunyi,24,3,origin_week,21888,168,AP2,logistic,hist_gradient_boosting,0,PAIRWISE_EXACT,B,B,False,False
beijing,Shunyi,24,3,origin_week,22056,168,AP2,constant,logistic,0,PAIRWISE_EXACT,B,B,False,False
beijing,Shunyi,24,3,origin_week,22056,168,AP2,constant,hist_gradient_boosting,0,PAIRWISE_EXACT,B,B,False,False
beijing,Shunyi,24,3,origin_week,22056,168,AP2,logistic,hist_gradient_boosting,0,PAIRWISE_EXACT,A,A,False,False
beijing,Shunyi,24,3,origin_week,22224,168,AP2,constant,logistic,0,PAIRWISE_EXACT,B,B,False,False
beijing,Shunyi,24,3,origin_week,22224,168,AP2,constant,hist_gradient_boosting,0,PAIRWISE_EXACT,B,B,False,False
beijing,Shunyi,24,3,origin_week,22224,168,AP2,logistic,hist_gradient_boosting,0,PAIRWISE_EXACT,A,A,False,False
beijing,Shunyi,24,3,origin_week,22392,168,AP2,constant,logistic,0,PAIRWISE_EXACT,A,A,False,False
beijing,Shunyi,24,3,origin_week,22392,168,AP2,constant,hist_gradient_boosting,0,PAIRWISE_EXACT,A,A,False,False
beijing,Shunyi,24,3,origin_week,22392,168,AP2,logistic,hist_gradient_boosting,0,PAIRWISE_EXACT,A,A,False,False
beijing,Shunyi,24,3,origin_week,22560,168,AP2,constant,logistic,0,PAIRWISE_EXACT,B,B,False,False
beijing,Shunyi,24,3,origin_week,22560,168,AP2,constant,hist_gradient_boosting,0,PAIRWISE_EXACT,B,B,False,False
beijing,Shunyi,24,3,origin_week,22560,168,AP2,logistic,hist_gradient_boosting,0,PAIRWISE_EXACT,A,A,False,False
beijing,Shunyi,24,3,origin_week,22728,168,AP2,constant,logistic,0,PAIRWISE_EXACT,B,B,False,False
beijing,Shunyi,24,3,origin_week,22728,168,AP2,constant,hist_gradient_boosting,0,PAIRWISE_EXACT,B,B,False,False
beijing,Shunyi,24,3,origin_week,22728,168,AP2,logistic,hist_gradient_boosting,0,PAIRWISE_EXACT,B,B,False,False
beijing,Shunyi,24,3,origin_week,22896,168,AP2,constant,logistic,0,PAIRWISE_EXACT,B,B,False,False
beijing,Shunyi,24,3,origin_week,22896,168,AP2,constant,hist_gradient_boosting,0,PAIRWISE_EXACT,B,B,False,False
beijing,Shunyi,24,3,origin_week,22896,168,AP2,logistic,hist_gradient_boosting,0,PAIRWISE_EXACT,B,B,False,False
beijing,Shunyi,24,3,origin_week,23064,168,AP2,constant,logistic,2,PAIRWISE_EXACT,OPPOSITE_POSSIBLE,OPPOSITE_POSSIBLE,False,False
beijing,Shunyi,24,3,origin_week,23064,168,AP2,constant,hist_gradient_boosting,2,PAIRWISE_EXACT,B,B,False,False
beijing,Shunyi,24,3,origin_week,23064,168,AP2,logistic,hist_gradient_boosting,2,PAIRWISE_EXACT,B,B,False,False
beijing,Shunyi,24,3,origin_week,23232,168,AP2,constant,logistic,0,PAIRWISE_EXACT,B,B,False,False
beijing,Shunyi,24,3,origin_week,23232,168,AP2,constant,hist_gradient_boosting,0,PAIRWISE_EXACT,B,B,False,False
beijing,Shunyi,24,3,origin_week,23232,168,AP2,logistic,hist_gradient_boosting,0,PAIRWISE_EXACT,A,A,False,False
beijing,Shunyi,24,3,origin_week,23400,168,AP2,constant,logistic,0,PAIRWISE_EXACT,B,B,False,False
beijing,Shunyi,24,3,origin_week,23400,168,AP2,constant,hist_gradient_boosting,0,PAIRWISE_EXACT,B,B,False,False
beijing,Shunyi,24,3,origin_week,23400,168,AP2,logistic,hist_gradient_boosting,0,PAIRWISE_EXACT,A,A,False,False
beijing,Shunyi,24,3,origin_week,23568,168,AP2,constant,logistic,0,PAIRWISE_EXACT,B,B,False,False
beijing,Shunyi,24,3,origin_week,23568,168,AP2,constant,hist_gradient_boosting,0,PAIRWISE_EXACT,B,B,False,False
beijing,Shunyi,24,3,origin_week,23568,168,AP2,logistic,hist_gradient_boosting,0,PAIRWISE_EXACT,A,A,False,False
beijing,Shunyi,24,3,origin_week,23736,168,AP2,constant,logistic,0,PAIRWISE_EXACT,B,B,False,False
beijing,Shunyi,24,3,origin_week,23736,168,AP2,constant,hist_gradient_boosting,0,PAIRWISE_EXACT,A,A,False,False
beijing,Shunyi,24,3,origin_week,23736,168,AP2,logistic,hist_gradient_boosting,0,PAIRWISE_EXACT,A,A,False,False
beijing,Shunyi,24,3,origin_week,23904,168,AP2,constant,logistic,0,PAIRWISE_EXACT,B,B,False,False
beijing,Shunyi,24,3,origin_week,23904,168,AP2,constant,hist_gradient_boosting,0,PAIRWISE_EXACT,B,B,False,False
beijing,Shunyi,24,3,origin_week,23904,168,AP2,logistic,hist_gradient_boosting,0,PAIRWISE_EXACT,A,A,False,False
beijing,Shunyi,24,3,origin_week,24072,168,AP2,constant,logistic,3,PAIRWISE_EXACT,B,B,False,False
beijing,Shunyi,24,3,origin_week,24072,168,AP2,constant,hist_gradient_boosting,3,PAIRWISE_EXACT,B,B,False,False
beijing,Shunyi,24,3,origin_week,24072,168,AP2,logistic,hist_gradient_boosting,3,PAIRWISE_EXACT,A,A,False,False
beijing,Shunyi,24,3,origin_week,24240,168,AP2,constant,logistic,0,PAIRWISE_EXACT,B,B,False,False
beijing,Shunyi,24,3,origin_week,24240,168,AP2,constant,hist_gradient_boosting,0,PAIRWISE_EXACT,B,B,False,False
beijing,Shunyi,24,3,origin_week,24240,168,AP2,logistic,hist_gradient_boosting,0,PAIRWISE_EXACT,A,A,False,False
beijing,Shunyi,24,3,origin_week,24408,168,AP2,constant,logistic,0,PAIRWISE_EXACT,B,B,False,False
beijing,Shunyi,24,3,origin_week,24408,168,AP2,constant,hist_gradient_boosting,0,PAIRWISE_EXACT,B,B,False,False
beijing,Shunyi,24,3,origin_week,24408,168,AP2,logistic,hist_gradient_boosting,0,PAIRWISE_EXACT,B,B,False,False
beijing,Shunyi,24,3,origin_week,24576,168,AP2,constant,logistic,0,PAIRWISE_EXACT,B,B,False,False
beijing,Shunyi,24,3,origin_week,24576,168,AP2,constant,hist_gradient_boosting,0,PAIRWISE_EXACT,B,B,False,False
beijing,Shunyi,24,3,origin_week,24576,168,AP2,logistic,hist_gradient_boosting,0,PAIRWISE_EXACT,B,B,False,False
beijing,Shunyi,24,3,origin_week,24744,168,AP2,constant,logistic,0,PAIRWISE_EXACT,A,A,False,False
beijing,Shunyi,24,3,origin_week,24744,168,AP2,constant,hist_gradient_boosting,0,PAIRWISE_EXACT,A,A,False,False
beijing,Shunyi,24,3,origin_week,24744,168,AP2,logistic,hist_gradient_boosting,0,PAIRWISE_EXACT,A,A,False,False
beijing,Shunyi,24,3,origin_week,24912,168,AP2,constant,logistic,0,PAIRWISE_EXACT,B,B,False,False
beijing,Shunyi,24,3,origin_week,24912,168,AP2,constant,hist_gradient_boosting,0,PAIRWISE_EXACT,B,B,False,False
beijing,Shunyi,24,3,origin_week,24912,168,AP2,logistic,hist_gradient_boosting,0,PAIRWISE_EXACT,B,B,False,False
beijing,Shunyi,24,3,origin_week,25080,168,AP2,constant,logistic,0,PAIRWISE_EXACT,B,B,False,False
beijing,Shunyi,24,3,origin_week,25080,168,AP2,constant,hist_gradient_boosting,0,PAIRWISE_EXACT,B,B,False,False
beijing,Shunyi,24,3,origin_week,25080,168,AP2,logistic,hist_gradient_boosting,0,PAIRWISE_EXACT,B,B,False,False
beijing,Shunyi,24,3,origin_week,25248,168,AP2,constant,logistic,0,PAIRWISE_EXACT,B,B,False,False
beijing,Shunyi,24,3,origin_week,25248,168,AP2,constant,hist_gradient_boosting,0,PAIRWISE_EXACT,B,B,False,False
beijing,Shunyi,24,3,origin_week,25248,168,AP2,logistic,hist_gradient_boosting,0,PAIRWISE_EXACT,A,A,False,False
beijing,Shunyi,24,3,origin_week,25416,168,AP2,constant,logistic,0,PAIRWISE_EXACT,B,B,False,False
beijing,Shunyi,24,3,origin_week,25416,168,AP2,constant,hist_gradient_boosting,0,PAIRWISE_EXACT,B,B,False,False
beijing,Shunyi,24,3,origin_week,25416,168,AP2,logistic,hist_gradient_boosting,0,PAIRWISE_EXACT,B,B,False,False
beijing,Shunyi,24,3,origin_week,25584,168,AP2,constant,logistic,19,PAIRWISE_EXACT,B,B,False,False
beijing,Shunyi,24,3,origin_week,25584,168,AP2,constant,hist_gradient_boosting,19,PAIRWISE_EXACT,B,B,False,False
beijing,Shunyi,24,3,origin_week,25584,168,AP2,logistic,hist_gradient_boosting,19,PAIRWISE_EXACT,B,B,False,False
beijing,Shunyi,24,3,origin_week,25752,168,AP2,constant,logistic,0,PAIRWISE_EXACT,B,B,False,False
beijing,Shunyi,24,3,origin_week,25752,168,AP2,constant,hist_gradient_boosting,0,PAIRWISE_EXACT,B,B,False,False
beijing,Shunyi,24,3,origin_week,25752,168,AP2,logistic,hist_gradient_boosting,0,PAIRWISE_EXACT,B,B,False,False
beijing,Shunyi,24,3,origin_week,25920,168,AP2,constant,logistic,0,PAIRWISE_EXACT,B,B,False,False
beijing,Shunyi,24,3,origin_week,25920,168,AP2,constant,hist_gradient_boosting,0,PAIRWISE_EXACT,B,B,False,False
beijing,Shunyi,24,3,origin_week,25920,168,AP2,logistic,hist_gradient_boosting,0,PAIRWISE_EXACT,B,B,False,False
beijing,Shunyi,24,3,origin_week,26088,168,AP2,constant,logistic,0,PAIRWISE_EXACT,B,B,False,False
beijing,Shunyi,24,3,origin_week,26088,168,AP2,constant,hist_gradient_boosting,0,PAIRWISE_EXACT,B,B,False,False
beijing,Shunyi,24,3,origin_week,26088,168,AP2,logistic,hist_gradient_boosting,0,PAIRWISE_EXACT,B,B,False,False
beijing,Shunyi,24,3,origin_week,26256,25,AP2,constant,logistic,0,PAIRWISE_EXACT,B,B,False,False
beijing,Shunyi,24,3,origin_week,26256,25,AP2,constant,hist_gradient_boosting,0,PAIRWISE_EXACT,B,B,False,False
beijing,Shunyi,24,3,origin_week,26256,25,AP2,logistic,hist_gradient_boosting,0,PAIRWISE_EXACT,B,B,False,False
beijing,Shunyi,72,3,annual,17520,8713,AP2,constant,logistic,92,PAIRWISE_EXACT,B,B,False,False
beijing,Shunyi,72,3,annual,17520,8713,AP2,constant,hist_gradient_boosting,92,PAIRWISE_EXACT,B,B,False,False
beijing,Shunyi,72,3,annual,17520,8713,AP2,logistic,hist_gradient_boosting,92,PAIRWISE_EXACT,A,A,False,False
beijing,Shunyi,72,3,origin_week,17520,168,AP2,constant,logistic,0,PAIRWISE_EXACT,B,B,False,False
beijing,Shunyi,72,3,origin_week,17520,168,AP2,constant,hist_gradient_boosting,0,PAIRWISE_EXACT,A,A,False,False
beijing,Shunyi,72,3,origin_week,17520,168,AP2,logistic,hist_gradient_boosting,0,PAIRWISE_EXACT,A,A,False,False
beijing,Shunyi,72,3,origin_week,17688,168,AP2,constant,logistic,0,PAIRWISE_EXACT,A,A,False,False
beijing,Shunyi,72,3,origin_week,17688,168,AP2,constant,hist_gradient_boosting,0,PAIRWISE_EXACT,B,B,False,False
beijing,Shunyi,72,3,origin_week,17688,168,AP2,logistic,hist_gradient_boosting,0,PAIRWISE_EXACT,B,B,False,False
beijing,Shunyi,72,3,origin_week,17856,168,AP2,constant,logistic,0,PAIRWISE_EXACT,A,A,False,False
beijing,Shunyi,72,3,origin_week,17856,168,AP2,constant,hist_gradient_boosting,0,PAIRWISE_EXACT,B,B,False,False
beijing,Shunyi,72,3,origin_week,17856,168,AP2,logistic,hist_gradient_boosting,0,PAIRWISE_EXACT,B,B,False,False
beijing,Shunyi,72,3,origin_week,18024,168,AP2,constant,logistic,0,PAIRWISE_EXACT,B,B,False,False
beijing,Shunyi,72,3,origin_week,18024,168,AP2,constant,hist_gradient_boosting,0,PAIRWISE_EXACT,B,B,False,False
beijing,Shunyi,72,3,origin_week,18024,168,AP2,logistic,hist_gradient_boosting,0,PAIRWISE_EXACT,A,A,False,False
beijing,Shunyi,72,3,origin_week,18192,168,AP2,constant,logistic,0,PAIRWISE_EXACT,B,B,False,False
beijing,Shunyi,72,3,origin_week,18192,168,AP2,constant,hist_gradient_boosting,0,PAIRWISE_EXACT,A,A,False,False
beijing,Shunyi,72,3,origin_week,18192,168,AP2,logistic,hist_gradient_boosting,0,PAIRWISE_EXACT,A,A,False,False
beijing,Shunyi,72,3,origin_week,18360,168,AP2,constant,logistic,0,PAIRWISE_EXACT,A,A,False,False
beijing,Shunyi,72,3,origin_week,18360,168,AP2,constant,hist_gradient_boosting,0,PAIRWISE_EXACT,A,A,False,False
beijing,Shunyi,72,3,origin_week,18360,168,AP2,logistic,hist_gradient_boosting,0,PAIRWISE_EXACT,A,A,False,False
beijing,Shunyi,72,3,origin_week,18528,168,AP2,constant,logistic,0,PAIRWISE_EXACT,B,B,False,False
beijing,Shunyi,72,3,origin_week,18528,168,AP2,constant,hist_gradient_boosting,0,PAIRWISE_EXACT,A,A,False,False
beijing,Shunyi,72,3,origin_week,18528,168,AP2,logistic,hist_gradient_boosting,0,PAIRWISE_EXACT,A,A,False,False
beijing,Shunyi,72,3,origin_week,18696,168,AP2,constant,logistic,0,PAIRWISE_EXACT,A,A,False,False
beijing,Shunyi,72,3,origin_week,18696,168,AP2,constant,hist_gradient_boosting,0,PAIRWISE_EXACT,A,A,False,False
beijing,Shunyi,72,3,origin_week,18696,168,AP2,logistic,hist_gradient_boosting,0,PAIRWISE_EXACT,A,A,False,False
beijing,Shunyi,72,3,origin_week,18864,168,AP2,constant,logistic,0,PAIRWISE_EXACT,B,B,False,False
beijing,Shunyi,72,3,origin_week,18864,168,AP2,constant,hist_gradient_boosting,0,PAIRWISE_EXACT,B,B,False,False
beijing,Shunyi,72,3,origin_week,18864,168,AP2,logistic,hist_gradient_boosting,0,PAIRWISE_EXACT,B,B,False,False
beijing,Shunyi,72,3,origin_week,19032,168,AP2,constant,logistic,0,PAIRWISE_EXACT,B,B,False,False
beijing,Shunyi,72,3,origin_week,19032,168,AP2,constant,hist_gradient_boosting,0,PAIRWISE_EXACT,A,A,False,False
beijing,Shunyi,72,3,origin_week,19032,168,AP2,logistic,hist_gradient_boosting,0,PAIRWISE_EXACT,A,A,False,False
beijing,Shunyi,72,3,origin_week,19200,168,AP2,constant,logistic,0,PAIRWISE_EXACT,A,A,False,False
beijing,Shunyi,72,3,origin_week,19200,168,AP2,constant,hist_gradient_boosting,0,PAIRWISE_EXACT,A,A,False,False
beijing,Shunyi,72,3,origin_week,19200,168,AP2,logistic,hist_gradient_boosting,0,PAIRWISE_EXACT,B,B,False,False
beijing,Shunyi,72,3,origin_week,19368,168,AP2,constant,logistic,0,PAIRWISE_EXACT,B,B,False,False
beijing,Shunyi,72,3,origin_week,19368,168,AP2,constant,hist_gradient_boosting,0,PAIRWISE_EXACT,B,B,False,False
beijing,Shunyi,72,3,origin_week,19368,168,AP2,logistic,hist_gradient_boosting,0,PAIRWISE_EXACT,B,B,False,False
beijing,Shunyi,72,3,origin_week,19536,168,AP2,constant,logistic,0,PAIRWISE_EXACT,B,B,False,False
beijing,Shunyi,72,3,origin_week,19536,168,AP2,constant,hist_gradient_boosting,0,PAIRWISE_EXACT,A,A,False,False
beijing,Shunyi,72,3,origin_week,19536,168,AP2,logistic,hist_gradient_boosting,0,PAIRWISE_EXACT,A,A,False,False
beijing,Shunyi,72,3,origin_week,19704,168,AP2,constant,logistic,0,PAIRWISE_EXACT,B,B,False,False
beijing,Shunyi,72,3,origin_week,19704,168,AP2,constant,hist_gradient_boosting,0,PAIRWISE_EXACT,B,B,False,False
beijing,Shunyi,72,3,origin_week,19704,168,AP2,logistic,hist_gradient_boosting,0,PAIRWISE_EXACT,B,B,False,False
beijing,Shunyi,72,3,origin_week,19872,168,AP2,constant,logistic,0,PAIRWISE_EXACT,B,B,False,False
beijing,Shunyi,72,3,origin_week,19872,168,AP2,constant,hist_gradient_boosting,0,PAIRWISE_EXACT,B,B,False,False
beijing,Shunyi,72,3,origin_week,19872,168,AP2,logistic,hist_gradient_boosting,0,PAIRWISE_EXACT,B,B,False,False
beijing,Shunyi,72,3,origin_week,20040,168,AP2,constant,logistic,0,PAIRWISE_EXACT,B,B,False,False
beijing,Shunyi,72,3,origin_week,20040,168,AP2,constant,hist_gradient_boosting,0,PAIRWISE_EXACT,B,B,False,False
beijing,Shunyi,72,3,origin_week,20040,168,AP2,logistic,hist_gradient_boosting,0,PAIRWISE_EXACT,B,B,False,False
beijing,Shunyi,72,3,origin_week,20208,168,AP2,constant,logistic,0,PAIRWISE_EXACT,B,B,False,False
beijing,Shunyi,72,3,origin_week,20208,168,AP2,constant,hist_gradient_boosting,0,PAIRWISE_EXACT,B,B,False,False
beijing,Shunyi,72,3,origin_week,20208,168,AP2,logistic,hist_gradient_boosting,0,PAIRWISE_EXACT,A,A,False,False
beijing,Shunyi,72,3,origin_week,20376,168,AP2,constant,logistic,0,PAIRWISE_EXACT,B,B,False,False
beijing,Shunyi,72,3,origin_week,20376,168,AP2,constant,hist_gradient_boosting,0,PAIRWISE_EXACT,B,B,False,False
beijing,Shunyi,72,3,origin_week,20376,168,AP2,logistic,hist_gradient_boosting,0,PAIRWISE_EXACT,A,A,False,False
beijing,Shunyi,72,3,origin_week,20544,168,AP2,constant,logistic,0,PAIRWISE_EXACT,B,B,False,False
beijing,Shunyi,72,3,origin_week,20544,168,AP2,constant,hist_gradient_boosting,0,PAIRWISE_EXACT,A,A,False,False
beijing,Shunyi,72,3,origin_week,20544,168,AP2,logistic,hist_gradient_boosting,0,PAIRWISE_EXACT,A,A,False,False
beijing,Shunyi,72,3,origin_week,20712,168,AP2,constant,logistic,0,PAIRWISE_EXACT,B,B,False,False
beijing,Shunyi,72,3,origin_week,20712,168,AP2,constant,hist_gradient_boosting,0,PAIRWISE_EXACT,A,A,False,False
beijing,Shunyi,72,3,origin_week,20712,168,AP2,logistic,hist_gradient_boosting,0,PAIRWISE_EXACT,A,A,False,False
beijing,Shunyi,72,3,origin_week,20880,168,AP2,constant,logistic,0,PAIRWISE_EXACT,B,B,False,False
beijing,Shunyi,72,3,origin_week,20880,168,AP2,constant,hist_gradient_boosting,0,PAIRWISE_EXACT,B,B,False,False
beijing,Shunyi,72,3,origin_week,20880,168,AP2,logistic,hist_gradient_boosting,0,PAIRWISE_EXACT,B,B,False,False
beijing,Shunyi,72,3,origin_week,21048,168,AP2,constant,logistic,0,PAIRWISE_EXACT,A,A,False,False
beijing,Shunyi,72,3,origin_week,21048,168,AP2,constant,hist_gradient_boosting,0,PAIRWISE_EXACT,A,A,False,False
beijing,Shunyi,72,3,origin_week,21048,168,AP2,logistic,hist_gradient_boosting,0,PAIRWISE_EXACT,A,A,False,False
beijing,Shunyi,72,3,origin_week,21216,168,AP2,constant,logistic,0,PAIRWISE_EXACT,A,A,False,False
beijing,Shunyi,72,3,origin_week,21216,168,AP2,constant,hist_gradient_boosting,0,PAIRWISE_EXACT,A,A,False,False
beijing,Shunyi,72,3,origin_week,21216,168,AP2,logistic,hist_gradient_boosting,0,PAIRWISE_EXACT,A,A,False,False
beijing,Shunyi,72,3,origin_week,21384,168,AP2,constant,logistic,0,PAIRWISE_EXACT,A,A,False,False
beijing,Shunyi,72,3,origin_week,21384,168,AP2,constant,hist_gradient_boosting,0,PAIRWISE_EXACT,B,B,False,False
beijing,Shunyi,72,3,origin_week,21384,168,AP2,logistic,hist_gradient_boosting,0,PAIRWISE_EXACT,B,B,False,False
beijing,Shunyi,72,3,origin_week,21552,168,AP2,constant,logistic,0,PAIRWISE_EXACT,B,B,False,False
beijing,Shunyi,72,3,origin_week,21552,168,AP2,constant,hist_gradient_boosting,0,PAIRWISE_EXACT,B,B,False,False
beijing,Shunyi,72,3,origin_week,21552,168,AP2,logistic,hist_gradient_boosting,0,PAIRWISE_EXACT,B,B,False,False
beijing,Shunyi,72,3,origin_week,21720,168,AP2,constant,logistic,70,PAIRWISE_EXACT,B,B,False,False
beijing,Shunyi,72,3,origin_week,21720,168,AP2,constant,hist_gradient_boosting,70,PAIRWISE_EXACT,B,B,False,False
beijing,Shunyi,72,3,origin_week,21720,168,AP2,logistic,hist_gradient_boosting,70,PAIRWISE_EXACT,A,A,False,False
beijing,Shunyi,72,3,origin_week,21888,168,AP2,constant,logistic,0,PAIRWISE_EXACT,B,B,False,False
beijing,Shunyi,72,3,origin_week,21888,168,AP2,constant,hist_gradient_boosting,0,PAIRWISE_EXACT,B,B,False,False
beijing,Shunyi,72,3,origin_week,21888,168,AP2,logistic,hist_gradient_boosting,0,PAIRWISE_EXACT,A,A,False,False
beijing,Shunyi,72,3,origin_week,22056,168,AP2,constant,logistic,0,PAIRWISE_EXACT,B,B,False,False
beijing,Shunyi,72,3,origin_week,22056,168,AP2,constant,hist_gradient_boosting,0,PAIRWISE_EXACT,B,B,False,False
beijing,Shunyi,72,3,origin_week,22056,168,AP2,logistic,hist_gradient_boosting,0,PAIRWISE_EXACT,A,A,False,False
beijing,Shunyi,72,3,origin_week,22224,168,AP2,constant,logistic,0,PAIRWISE_EXACT,B,B,False,False
beijing,Shunyi,72,3,origin_week,22224,168,AP2,constant,hist_gradient_boosting,0,PAIRWISE_EXACT,A,A,False,False
beijing,Shunyi,72,3,origin_week,22224,168,AP2,logistic,hist_gradient_boosting,0,PAIRWISE_EXACT,A,A,False,False
beijing,Shunyi,72,3,origin_week,22392,168,AP2,constant,logistic,0,PAIRWISE_EXACT,B,B,False,False
beijing,Shunyi,72,3,origin_week,22392,168,AP2,constant,hist_gradient_boosting,0,PAIRWISE_EXACT,B,B,False,False
beijing,Shunyi,72,3,origin_week,22392,168,AP2,logistic,hist_gradient_boosting,0,PAIRWISE_EXACT,B,B,False,False
beijing,Shunyi,72,3,origin_week,22560,168,AP2,constant,logistic,0,PAIRWISE_EXACT,B,B,False,False
beijing,Shunyi,72,3,origin_week,22560,168,AP2,constant,hist_gradient_boosting,0,PAIRWISE_EXACT,B,B,False,False
beijing,Shunyi,72,3,origin_week,22560,168,AP2,logistic,hist_gradient_boosting,0,PAIRWISE_EXACT,A,A,False,False
beijing,Shunyi,72,3,origin_week,22728,168,AP2,constant,logistic,0,PAIRWISE_EXACT,A,A,False,False
beijing,Shunyi,72,3,origin_week,22728,168,AP2,constant,hist_gradient_boosting,0,PAIRWISE_EXACT,A,A,False,False
beijing,Shunyi,72,3,origin_week,22728,168,AP2,logistic,hist_gradient_boosting,0,PAIRWISE_EXACT,A,A,False,False
beijing,Shunyi,72,3,origin_week,22896,168,AP2,constant,logistic,0,PAIRWISE_EXACT,B,B,False,False
beijing,Shunyi,72,3,origin_week,22896,168,AP2,constant,hist_gradient_boosting,0,PAIRWISE_EXACT,A,A,False,False
beijing,Shunyi,72,3,origin_week,22896,168,AP2,logistic,hist_gradient_boosting,0,PAIRWISE_EXACT,A,A,False,False
beijing,Shunyi,72,3,origin_week,23064,168,AP2,constant,logistic,0,PAIRWISE_EXACT,B,B,False,False
beijing,Shunyi,72,3,origin_week,23064,168,AP2,constant,hist_gradient_boosting,0,PAIRWISE_EXACT,A,A,False,False
beijing,Shunyi,72,3,origin_week,23064,168,AP2,logistic,hist_gradient_boosting,0,PAIRWISE_EXACT,A,A,False,False
beijing,Shunyi,72,3,origin_week,23232,168,AP2,constant,logistic,0,PAIRWISE_EXACT,B,B,False,False
beijing,Shunyi,72,3,origin_week,23232,168,AP2,constant,hist_gradient_boosting,0,PAIRWISE_EXACT,B,B,False,False
beijing,Shunyi,72,3,origin_week,23232,168,AP2,logistic,hist_gradient_boosting,0,PAIRWISE_EXACT,A,A,False,False
beijing,Shunyi,72,3,origin_week,23400,168,AP2,constant,logistic,0,PAIRWISE_EXACT,B,B,False,False
beijing,Shunyi,72,3,origin_week,23400,168,AP2,constant,hist_gradient_boosting,0,PAIRWISE_EXACT,B,B,False,False
beijing,Shunyi,72,3,origin_week,23400,168,AP2,logistic,hist_gradient_boosting,0,PAIRWISE_EXACT,A,A,False,False
beijing,Shunyi,72,3,origin_week,23568,168,AP2,constant,logistic,0,PAIRWISE_EXACT,B,B,False,False
beijing,Shunyi,72,3,origin_week,23568,168,AP2,constant,hist_gradient_boosting,0,PAIRWISE_EXACT,B,B,False,False
beijing,Shunyi,72,3,origin_week,23568,168,AP2,logistic,hist_gradient_boosting,0,PAIRWISE_EXACT,A,A,False,False
beijing,Shunyi,72,3,origin_week,23736,168,AP2,constant,logistic,0,PAIRWISE_EXACT,B,B,False,False
beijing,Shunyi,72,3,origin_week,23736,168,AP2,constant,hist_gradient_boosting,0,PAIRWISE_EXACT,A,A,False,False
beijing,Shunyi,72,3,origin_week,23736,168,AP2,logistic,hist_gradient_boosting,0,PAIRWISE_EXACT,A,A,False,False
beijing,Shunyi,72,3,origin_week,23904,168,AP2,constant,logistic,0,PAIRWISE_EXACT,B,B,False,False
beijing,Shunyi,72,3,origin_week,23904,168,AP2,constant,hist_gradient_boosting,0,PAIRWISE_EXACT,B,B,False,False
beijing,Shunyi,72,3,origin_week,23904,168,AP2,logistic,hist_gradient_boosting,0,PAIRWISE_EXACT,A,A,False,False
beijing,Shunyi,72,3,origin_week,24072,168,AP2,constant,logistic,3,PAIRWISE_EXACT,B,B,False,False
beijing,Shunyi,72,3,origin_week,24072,168,AP2,constant,hist_gradient_boosting,3,PAIRWISE_EXACT,A,A,False,False
beijing,Shunyi,72,3,origin_week,24072,168,AP2,logistic,hist_gradient_boosting,3,PAIRWISE_EXACT,A,A,False,False
beijing,Shunyi,72,3,origin_week,24240,168,AP2,constant,logistic,0,PAIRWISE_EXACT,B,B,False,False
beijing,Shunyi,72,3,origin_week,24240,168,AP2,constant,hist_gradient_boosting,0,PAIRWISE_EXACT,B,B,False,False
beijing,Shunyi,72,3,origin_week,24240,168,AP2,logistic,hist_gradient_boosting,0,PAIRWISE_EXACT,A,A,False,False
beijing,Shunyi,72,3,origin_week,24408,168,AP2,constant,logistic,0,PAIRWISE_EXACT,B,B,False,False
beijing,Shunyi,72,3,origin_week,24408,168,AP2,constant,hist_gradient_boosting,0,PAIRWISE_EXACT,B,B,False,False
beijing,Shunyi,72,3,origin_week,24408,168,AP2,logistic,hist_gradient_boosting,0,PAIRWISE_EXACT,A,A,False,False
beijing,Shunyi,72,3,origin_week,24576,168,AP2,constant,logistic,0,PAIRWISE_EXACT,B,B,False,False
beijing,Shunyi,72,3,origin_week,24576,168,AP2,constant,hist_gradient_boosting,0,PAIRWISE_EXACT,B,B,False,False
beijing,Shunyi,72,3,origin_week,24576,168,AP2,logistic,hist_gradient_boosting,0,PAIRWISE_EXACT,B,B,False,False
beijing,Shunyi,72,3,origin_week,24744,168,AP2,constant,logistic,0,PAIRWISE_EXACT,B,B,False,False
beijing,Shunyi,72,3,origin_week,24744,168,AP2,constant,hist_gradient_boosting,0,PAIRWISE_EXACT,A,A,False,False
beijing,Shunyi,72,3,origin_week,24744,168,AP2,logistic,hist_gradient_boosting,0,PAIRWISE_EXACT,A,A,False,False
beijing,Shunyi,72,3,origin_week,24912,168,AP2,constant,logistic,0,PAIRWISE_EXACT,B,B,False,False
beijing,Shunyi,72,3,origin_week,24912,168,AP2,constant,hist_gradient_boosting,0,PAIRWISE_EXACT,B,B,False,False
beijing,Shunyi,72,3,origin_week,24912,168,AP2,logistic,hist_gradient_boosting,0,PAIRWISE_EXACT,B,B,False,False
beijing,Shunyi,72,3,origin_week,25080,168,AP2,constant,logistic,0,PAIRWISE_EXACT,B,B,False,False
beijing,Shunyi,72,3,origin_week,25080,168,AP2,constant,hist_gradient_boosting,0,PAIRWISE_EXACT,B,B,False,False
beijing,Shunyi,72,3,origin_week,25080,168,AP2,logistic,hist_gradient_boosting,0,PAIRWISE_EXACT,B,B,False,False
beijing,Shunyi,72,3,origin_week,25248,168,AP2,constant,logistic,0,PAIRWISE_EXACT,B,B,False,False
beijing,Shunyi,72,3,origin_week,25248,168,AP2,constant,hist_gradient_boosting,0,PAIRWISE_EXACT,B,B,False,False
beijing,Shunyi,72,3,origin_week,25248,168,AP2,logistic,hist_gradient_boosting,0,PAIRWISE_EXACT,B,B,False,False
beijing,Shunyi,72,3,origin_week,25416,168,AP2,constant,logistic,0,PAIRWISE_EXACT,A,A,False,False
beijing,Shunyi,72,3,origin_week,25416,168,AP2,constant,hist_gradient_boosting,0,PAIRWISE_EXACT,B,B,False,False
beijing,Shunyi,72,3,origin_week,25416,168,AP2,logistic,hist_gradient_boosting,0,PAIRWISE_EXACT,B,B,False,False
beijing,Shunyi,72,3,origin_week,25584,168,AP2,constant,logistic,19,PAIRWISE_EXACT,B,B,False,False
beijing,Shunyi,72,3,origin_week,25584,168,AP2,constant,hist_gradient_boosting,19,PAIRWISE_EXACT,B,B,False,False
beijing,Shunyi,72,3,origin_week,25584,168,AP2,logistic,hist_gradient_boosting,19,PAIRWISE_EXACT,A,A,False,False
beijing,Shunyi,72,3,origin_week,25752,168,AP2,constant,logistic,0,PAIRWISE_EXACT,B,B,False,False
beijing,Shunyi,72,3,origin_week,25752,168,AP2,constant,hist_gradient_boosting,0,PAIRWISE_EXACT,A,A,False,False
beijing,Shunyi,72,3,origin_week,25752,168,AP2,logistic,hist_gradient_boosting,0,PAIRWISE_EXACT,A,A,False,False
beijing,Shunyi,72,3,origin_week,25920,168,AP2,constant,logistic,0,PAIRWISE_EXACT,B,B,False,False
beijing,Shunyi,72,3,origin_week,25920,168,AP2,constant,hist_gradient_boosting,0,PAIRWISE_EXACT,A,A,False,False
beijing,Shunyi,72,3,origin_week,25920,168,AP2,logistic,hist_gradient_boosting,0,PAIRWISE_EXACT,A,A,False,False
beijing,Shunyi,72,3,origin_week,26088,145,AP2,constant,logistic,0,PAIRWISE_EXACT,B,B,False,False
beijing,Shunyi,72,3,origin_week,26088,145,AP2,constant,hist_gradient_boosting,0,PAIRWISE_EXACT,B,B,False,False
beijing,Shunyi,72,3,origin_week,26088,145,AP2,logistic,hist_gradient_boosting,0,PAIRWISE_EXACT,B,B,False,False
beijing,Tiantan,24,3,annual,17520,8761,AP2,constant,logistic,168,PAIRWISE_INSUFFICIENT,B,B,False,False
beijing,Tiantan,24,3,annual,17520,8761,AP2,constant,hist_gradient_boosting,168,PAIRWISE_INSUFFICIENT,B,B,False,False
beijing,Tiantan,24,3,annual,17520,8761,AP2,logistic,hist_gradient_boosting,168,PAIRWISE_INSUFFICIENT,B,B,False,False
beijing,Tiantan,24,3,origin_week,17520,168,AP2,constant,logistic,0,PAIRWISE_EXACT,B,B,False,False
beijing,Tiantan,24,3,origin_week,17520,168,AP2,constant,hist_gradient_boosting,0,PAIRWISE_EXACT,B,B,False,False
beijing,Tiantan,24,3,origin_week,17520,168,AP2,logistic,hist_gradient_boosting,0,PAIRWISE_EXACT,A,A,False,False
beijing,Tiantan,24,3,origin_week,17688,168,AP2,constant,logistic,0,PAIRWISE_EXACT,B,B,False,False
beijing,Tiantan,24,3,origin_week,17688,168,AP2,constant,hist_gradient_boosting,0,PAIRWISE_EXACT,B,B,False,False
beijing,Tiantan,24,3,origin_week,17688,168,AP2,logistic,hist_gradient_boosting,0,PAIRWISE_EXACT,A,A,False,False
beijing,Tiantan,24,3,origin_week,17856,168,AP2,constant,logistic,0,PAIRWISE_EXACT,B,B,False,False
beijing,Tiantan,24,3,origin_week,17856,168,AP2,constant,hist_gradient_boosting,0,PAIRWISE_EXACT,B,B,False,False
beijing,Tiantan,24,3,origin_week,17856,168,AP2,logistic,hist_gradient_boosting,0,PAIRWISE_EXACT,A,A,False,False
beijing,Tiantan,24,3,origin_week,18024,168,AP2,constant,logistic,0,PAIRWISE_EXACT,B,B,False,False
beijing,Tiantan,24,3,origin_week,18024,168,AP2,constant,hist_gradient_boosting,0,PAIRWISE_EXACT,B,B,False,False
beijing,Tiantan,24,3,origin_week,18024,168,AP2,logistic,hist_gradient_boosting,0,PAIRWISE_EXACT,B,B,False,False
beijing,Tiantan,24,3,origin_week,18192,168,AP2,constant,logistic,5,PAIRWISE_EXACT,B,B,False,False
beijing,Tiantan,24,3,origin_week,18192,168,AP2,constant,hist_gradient_boosting,5,PAIRWISE_EXACT,B,B,False,False
beijing,Tiantan,24,3,origin_week,18192,168,AP2,logistic,hist_gradient_boosting,5,PAIRWISE_EXACT,B,B,False,False
beijing,Tiantan,24,3,origin_week,18360,168,AP2,constant,logistic,0,PAIRWISE_EXACT,B,B,False,False
beijing,Tiantan,24,3,origin_week,18360,168,AP2,constant,hist_gradient_boosting,0,PAIRWISE_EXACT,B,B,False,False
beijing,Tiantan,24,3,origin_week,18360,168,AP2,logistic,hist_gradient_boosting,0,PAIRWISE_EXACT,A,A,False,False
beijing,Tiantan,24,3,origin_week,18528,168,AP2,constant,logistic,15,PAIRWISE_EXACT,B,B,False,False
beijing,Tiantan,24,3,origin_week,18528,168,AP2,constant,hist_gradient_boosting,15,PAIRWISE_EXACT,B,B,False,False
beijing,Tiantan,24,3,origin_week,18528,168,AP2,logistic,hist_gradient_boosting,15,PAIRWISE_EXACT,OPPOSITE_POSSIBLE,OPPOSITE_POSSIBLE,False,False
beijing,Tiantan,24,3,origin_week,18696,168,AP2,constant,logistic,5,PAIRWISE_EXACT,A,A,False,False
beijing,Tiantan,24,3,origin_week,18696,168,AP2,constant,hist_gradient_boosting,5,PAIRWISE_EXACT,OPPOSITE_POSSIBLE,OPPOSITE_POSSIBLE,False,False
beijing,Tiantan,24,3,origin_week,18696,168,AP2,logistic,hist_gradient_boosting,5,PAIRWISE_EXACT,B,B,False,False
beijing,Tiantan,24,3,origin_week,18864,168,AP2,constant,logistic,0,PAIRWISE_EXACT,B,B,False,False
beijing,Tiantan,24,3,origin_week,18864,168,AP2,constant,hist_gradient_boosting,0,PAIRWISE_EXACT,B,B,False,False
beijing,Tiantan,24,3,origin_week,18864,168,AP2,logistic,hist_gradient_boosting,0,PAIRWISE_EXACT,B,B,False,False
beijing,Tiantan,24,3,origin_week,19032,168,AP2,constant,logistic,0,PAIRWISE_EXACT,B,B,False,False
beijing,Tiantan,24,3,origin_week,19032,168,AP2,constant,hist_gradient_boosting,0,PAIRWISE_EXACT,B,B,False,False
beijing,Tiantan,24,3,origin_week,19032,168,AP2,logistic,hist_gradient_boosting,0,PAIRWISE_EXACT,B,B,False,False
beijing,Tiantan,24,3,origin_week,19200,168,AP2,constant,logistic,0,PAIRWISE_EXACT,B,B,False,False
beijing,Tiantan,24,3,origin_week,19200,168,AP2,constant,hist_gradient_boosting,0,PAIRWISE_EXACT,B,B,False,False
beijing,Tiantan,24,3,origin_week,19200,168,AP2,logistic,hist_gradient_boosting,0,PAIRWISE_EXACT,A,A,False,False
beijing,Tiantan,24,3,origin_week,19368,168,AP2,constant,logistic,0,PAIRWISE_EXACT,B,B,False,False
beijing,Tiantan,24,3,origin_week,19368,168,AP2,constant,hist_gradient_boosting,0,PAIRWISE_EXACT,B,B,False,False
beijing,Tiantan,24,3,origin_week,19368,168,AP2,logistic,hist_gradient_boosting,0,PAIRWISE_EXACT,B,B,False,False
beijing,Tiantan,24,3,origin_week,19536,168,AP2,constant,logistic,0,PAIRWISE_EXACT,B,B,False,False
beijing,Tiantan,24,3,origin_week,19536,168,AP2,constant,hist_gradient_boosting,0,PAIRWISE_EXACT,B,B,False,False
beijing,Tiantan,24,3,origin_week,19536,168,AP2,logistic,hist_gradient_boosting,0,PAIRWISE_EXACT,B,B,False,False
beijing,Tiantan,24,3,origin_week,19704,168,AP2,constant,logistic,0,PAIRWISE_EXACT,B,B,False,False
beijing,Tiantan,24,3,origin_week,19704,168,AP2,constant,hist_gradient_boosting,0,PAIRWISE_EXACT,B,B,False,False
beijing,Tiantan,24,3,origin_week,19704,168,AP2,logistic,hist_gradient_boosting,0,PAIRWISE_EXACT,A,A,False,False
beijing,Tiantan,24,3,origin_week,19872,168,AP2,constant,logistic,4,PAIRWISE_EXACT,B,B,False,False
beijing,Tiantan,24,3,origin_week,19872,168,AP2,constant,hist_gradient_boosting,4,PAIRWISE_EXACT,B,B,False,False
beijing,Tiantan,24,3,origin_week,19872,168,AP2,logistic,hist_gradient_boosting,4,PAIRWISE_EXACT,B,B,False,False
beijing,Tiantan,24,3,origin_week,20040,168,AP2,constant,logistic,27,PAIRWISE_INSUFFICIENT,B,B,False,False
beijing,Tiantan,24,3,origin_week,20040,168,AP2,constant,hist_gradient_boosting,27,PAIRWISE_INSUFFICIENT,B,B,False,False
beijing,Tiantan,24,3,origin_week,20040,168,AP2,logistic,hist_gradient_boosting,27,PAIRWISE_INSUFFICIENT,B,B,False,False
beijing,Tiantan,24,3,origin_week,20208,168,AP2,constant,logistic,0,PAIRWISE_EXACT,B,B,False,False
beijing,Tiantan,24,3,origin_week,20208,168,AP2,constant,hist_gradient_boosting,0,PAIRWISE_EXACT,B,B,False,False
beijing,Tiantan,24,3,origin_week,20208,168,AP2,logistic,hist_gradient_boosting,0,PAIRWISE_EXACT,B,B,False,False
beijing,Tiantan,24,3,origin_week,20376,168,AP2,constant,logistic,0,PAIRWISE_EXACT,B,B,False,False
beijing,Tiantan,24,3,origin_week,20376,168,AP2,constant,hist_gradient_boosting,0,PAIRWISE_EXACT,B,B,False,False
beijing,Tiantan,24,3,origin_week,20376,168,AP2,logistic,hist_gradient_boosting,0,PAIRWISE_EXACT,B,B,False,False
beijing,Tiantan,24,3,origin_week,20544,168,AP2,constant,logistic,0,PAIRWISE_EXACT,B,B,False,False
beijing,Tiantan,24,3,origin_week,20544,168,AP2,constant,hist_gradient_boosting,0,PAIRWISE_EXACT,B,B,False,False
beijing,Tiantan,24,3,origin_week,20544,168,AP2,logistic,hist_gradient_boosting,0,PAIRWISE_EXACT,B,B,False,False
beijing,Tiantan,24,3,origin_week,20712,168,AP2,constant,logistic,22,PAIRWISE_EXACT,B,B,False,False
beijing,Tiantan,24,3,origin_week,20712,168,AP2,constant,hist_gradient_boosting,22,PAIRWISE_EXACT,OPPOSITE_POSSIBLE,OPPOSITE_POSSIBLE,False,False
beijing,Tiantan,24,3,origin_week,20712,168,AP2,logistic,hist_gradient_boosting,22,PAIRWISE_EXACT,A,A,False,False
beijing,Tiantan,24,3,origin_week,20880,168,AP2,constant,logistic,0,PAIRWISE_EXACT,B,B,False,False
beijing,Tiantan,24,3,origin_week,20880,168,AP2,constant,hist_gradient_boosting,0,PAIRWISE_EXACT,B,B,False,False
beijing,Tiantan,24,3,origin_week,20880,168,AP2,logistic,hist_gradient_boosting,0,PAIRWISE_EXACT,B,B,False,False
beijing,Tiantan,24,3,origin_week,21048,168,AP2,constant,logistic,36,PAIRWISE_INSUFFICIENT,OPPOSITE_POSSIBLE,OPPOSITE_POSSIBLE,False,False
beijing,Tiantan,24,3,origin_week,21048,168,AP2,constant,hist_gradient_boosting,36,PAIRWISE_INSUFFICIENT,OPPOSITE_POSSIBLE,OPPOSITE_POSSIBLE,False,False
beijing,Tiantan,24,3,origin_week,21048,168,AP2,logistic,hist_gradient_boosting,36,PAIRWISE_INSUFFICIENT,OPPOSITE_POSSIBLE,OPPOSITE_POSSIBLE,False,False
beijing,Tiantan,24,3,origin_week,21216,168,AP2,constant,logistic,4,PAIRWISE_EXACT,OPPOSITE_POSSIBLE,OPPOSITE_POSSIBLE,False,False
beijing,Tiantan,24,3,origin_week,21216,168,AP2,constant,hist_gradient_boosting,4,PAIRWISE_EXACT,A,A,False,False
beijing,Tiantan,24,3,origin_week,21216,168,AP2,logistic,hist_gradient_boosting,4,PAIRWISE_EXACT,A,A,False,False
beijing,Tiantan,24,3,origin_week,21384,168,AP2,constant,logistic,0,PAIRWISE_EXACT,B,B,False,False
beijing,Tiantan,24,3,origin_week,21384,168,AP2,constant,hist_gradient_boosting,0,PAIRWISE_EXACT,B,B,False,False
beijing,Tiantan,24,3,origin_week,21384,168,AP2,logistic,hist_gradient_boosting,0,PAIRWISE_EXACT,B,B,False,False
beijing,Tiantan,24,3,origin_week,21552,168,AP2,constant,logistic,0,PAIRWISE_EXACT,B,B,False,False
beijing,Tiantan,24,3,origin_week,21552,168,AP2,constant,hist_gradient_boosting,0,PAIRWISE_EXACT,B,B,False,False
beijing,Tiantan,24,3,origin_week,21552,168,AP2,logistic,hist_gradient_boosting,0,PAIRWISE_EXACT,B,B,False,False
beijing,Tiantan,24,3,origin_week,21720,168,AP2,constant,logistic,2,PAIRWISE_EXACT,B,B,False,False
beijing,Tiantan,24,3,origin_week,21720,168,AP2,constant,hist_gradient_boosting,2,PAIRWISE_EXACT,B,B,False,False
beijing,Tiantan,24,3,origin_week,21720,168,AP2,logistic,hist_gradient_boosting,2,PAIRWISE_EXACT,B,B,False,False
beijing,Tiantan,24,3,origin_week,21888,168,AP2,constant,logistic,38,PAIRWISE_INSUFFICIENT,B,B,False,False
beijing,Tiantan,24,3,origin_week,21888,168,AP2,constant,hist_gradient_boosting,38,PAIRWISE_INSUFFICIENT,B,B,False,False
beijing,Tiantan,24,3,origin_week,21888,168,AP2,logistic,hist_gradient_boosting,38,PAIRWISE_INSUFFICIENT,B,B,False,False
beijing,Tiantan,24,3,origin_week,22056,168,AP2,constant,logistic,0,PAIRWISE_EXACT,B,B,False,False
beijing,Tiantan,24,3,origin_week,22056,168,AP2,constant,hist_gradient_boosting,0,PAIRWISE_EXACT,B,B,False,False
beijing,Tiantan,24,3,origin_week,22056,168,AP2,logistic,hist_gradient_boosting,0,PAIRWISE_EXACT,B,B,False,False
beijing,Tiantan,24,3,origin_week,22224,168,AP2,constant,logistic,0,PAIRWISE_EXACT,B,B,False,False
beijing,Tiantan,24,3,origin_week,22224,168,AP2,constant,hist_gradient_boosting,0,PAIRWISE_EXACT,A,A,False,False
beijing,Tiantan,24,3,origin_week,22224,168,AP2,logistic,hist_gradient_boosting,0,PAIRWISE_EXACT,A,A,False,False
beijing,Tiantan,24,3,origin_week,22392,168,AP2,constant,logistic,0,PAIRWISE_EXACT,B,B,False,False
beijing,Tiantan,24,3,origin_week,22392,168,AP2,constant,hist_gradient_boosting,0,PAIRWISE_EXACT,B,B,False,False
beijing,Tiantan,24,3,origin_week,22392,168,AP2,logistic,hist_gradient_boosting,0,PAIRWISE_EXACT,B,B,False,False
beijing,Tiantan,24,3,origin_week,22560,168,AP2,constant,logistic,0,PAIRWISE_EXACT,B,B,False,False
beijing,Tiantan,24,3,origin_week,22560,168,AP2,constant,hist_gradient_boosting,0,PAIRWISE_EXACT,B,B,False,False
beijing,Tiantan,24,3,origin_week,22560,168,AP2,logistic,hist_gradient_boosting,0,PAIRWISE_EXACT,B,B,False,False
beijing,Tiantan,24,3,origin_week,22728,168,AP2,constant,logistic,0,PAIRWISE_EXACT,B,B,False,False
beijing,Tiantan,24,3,origin_week,22728,168,AP2,constant,hist_gradient_boosting,0,PAIRWISE_EXACT,B,B,False,False
beijing,Tiantan,24,3,origin_week,22728,168,AP2,logistic,hist_gradient_boosting,0,PAIRWISE_EXACT,A,A,False,False
beijing,Tiantan,24,3,origin_week,22896,168,AP2,constant,logistic,0,PAIRWISE_EXACT,B,B,False,False
beijing,Tiantan,24,3,origin_week,22896,168,AP2,constant,hist_gradient_boosting,0,PAIRWISE_EXACT,B,B,False,False
beijing,Tiantan,24,3,origin_week,22896,168,AP2,logistic,hist_gradient_boosting,0,PAIRWISE_EXACT,B,B,False,False
beijing,Tiantan,24,3,origin_week,23064,168,AP2,constant,logistic,0,PAIRWISE_EXACT,A,A,False,False
beijing,Tiantan,24,3,origin_week,23064,168,AP2,constant,hist_gradient_boosting,0,PAIRWISE_EXACT,A,A,False,False
beijing,Tiantan,24,3,origin_week,23064,168,AP2,logistic,hist_gradient_boosting,0,PAIRWISE_EXACT,B,B,False,False
beijing,Tiantan,24,3,origin_week,23232,168,AP2,constant,logistic,0,PAIRWISE_EXACT,B,B,False,False
beijing,Tiantan,24,3,origin_week,23232,168,AP2,constant,hist_gradient_boosting,0,PAIRWISE_EXACT,B,B,False,False
beijing,Tiantan,24,3,origin_week,23232,168,AP2,logistic,hist_gradient_boosting,0,PAIRWISE_EXACT,B,B,False,False
beijing,Tiantan,24,3,origin_week,23400,168,AP2,constant,logistic,0,PAIRWISE_EXACT,B,B,False,False
beijing,Tiantan,24,3,origin_week,23400,168,AP2,constant,hist_gradient_boosting,0,PAIRWISE_EXACT,B,B,False,False
beijing,Tiantan,24,3,origin_week,23400,168,AP2,logistic,hist_gradient_boosting,0,PAIRWISE_EXACT,A,A,False,False
beijing,Tiantan,24,3,origin_week,23568,168,AP2,constant,logistic,0,PAIRWISE_EXACT,B,B,False,False
beijing,Tiantan,24,3,origin_week,23568,168,AP2,constant,hist_gradient_boosting,0,PAIRWISE_EXACT,B,B,False,False
beijing,Tiantan,24,3,origin_week,23568,168,AP2,logistic,hist_gradient_boosting,0,PAIRWISE_EXACT,A,A,False,False
beijing,Tiantan,24,3,origin_week,23736,168,AP2,constant,logistic,1,PAIRWISE_EXACT,B,B,False,False
beijing,Tiantan,24,3,origin_week,23736,168,AP2,constant,hist_gradient_boosting,1,PAIRWISE_EXACT,B,B,False,False
beijing,Tiantan,24,3,origin_week,23736,168,AP2,logistic,hist_gradient_boosting,1,PAIRWISE_EXACT,B,B,False,False
beijing,Tiantan,24,3,origin_week,23904,168,AP2,constant,logistic,0,PAIRWISE_EXACT,B,B,False,False
beijing,Tiantan,24,3,origin_week,23904,168,AP2,constant,hist_gradient_boosting,0,PAIRWISE_EXACT,A,A,False,False
beijing,Tiantan,24,3,origin_week,23904,168,AP2,logistic,hist_gradient_boosting,0,PAIRWISE_EXACT,A,A,False,False
beijing,Tiantan,24,3,origin_week,24072,168,AP2,constant,logistic,4,PAIRWISE_EXACT,B,B,False,False
beijing,Tiantan,24,3,origin_week,24072,168,AP2,constant,hist_gradient_boosting,4,PAIRWISE_EXACT,B,B,False,False
beijing,Tiantan,24,3,origin_week,24072,168,AP2,logistic,hist_gradient_boosting,4,PAIRWISE_EXACT,A,A,False,False
beijing,Tiantan,24,3,origin_week,24240,168,AP2,constant,logistic,0,PAIRWISE_EXACT,B,B,False,False
beijing,Tiantan,24,3,origin_week,24240,168,AP2,constant,hist_gradient_boosting,0,PAIRWISE_EXACT,B,B,False,False
beijing,Tiantan,24,3,origin_week,24240,168,AP2,logistic,hist_gradient_boosting,0,PAIRWISE_EXACT,B,B,False,False
beijing,Tiantan,24,3,origin_week,24408,168,AP2,constant,logistic,3,PAIRWISE_EXACT,B,B,False,False
beijing,Tiantan,24,3,origin_week,24408,168,AP2,constant,hist_gradient_boosting,3,PAIRWISE_EXACT,B,B,False,False
beijing,Tiantan,24,3,origin_week,24408,168,AP2,logistic,hist_gradient_boosting,3,PAIRWISE_EXACT,B,B,False,False
beijing,Tiantan,24,3,origin_week,24576,168,AP2,constant,logistic,0,PAIRWISE_EXACT,B,B,False,False
beijing,Tiantan,24,3,origin_week,24576,168,AP2,constant,hist_gradient_boosting,0,PAIRWISE_EXACT,B,B,False,False
beijing,Tiantan,24,3,origin_week,24576,168,AP2,logistic,hist_gradient_boosting,0,PAIRWISE_EXACT,A,A,False,False
beijing,Tiantan,24,3,origin_week,24744,168,AP2,constant,logistic,2,PAIRWISE_EXACT,B,B,False,False
beijing,Tiantan,24,3,origin_week,24744,168,AP2,constant,hist_gradient_boosting,2,PAIRWISE_EXACT,A,A,False,False
beijing,Tiantan,24,3,origin_week,24744,168,AP2,logistic,hist_gradient_boosting,2,PAIRWISE_EXACT,A,A,False,False
beijing,Tiantan,24,3,origin_week,24912,168,AP2,constant,logistic,0,PAIRWISE_EXACT,B,B,False,False
beijing,Tiantan,24,3,origin_week,24912,168,AP2,constant,hist_gradient_boosting,0,PAIRWISE_EXACT,A,A,False,False
beijing,Tiantan,24,3,origin_week,24912,168,AP2,logistic,hist_gradient_boosting,0,PAIRWISE_EXACT,A,A,False,False
beijing,Tiantan,24,3,origin_week,25080,168,AP2,constant,logistic,0,PAIRWISE_EXACT,B,B,False,False
beijing,Tiantan,24,3,origin_week,25080,168,AP2,constant,hist_gradient_boosting,0,PAIRWISE_EXACT,B,B,False,False
beijing,Tiantan,24,3,origin_week,25080,168,AP2,logistic,hist_gradient_boosting,0,PAIRWISE_EXACT,B,B,False,False
beijing,Tiantan,24,3,origin_week,25248,168,AP2,constant,logistic,0,PAIRWISE_EXACT,B,B,False,False
beijing,Tiantan,24,3,origin_week,25248,168,AP2,constant,hist_gradient_boosting,0,PAIRWISE_EXACT,B,B,False,False
beijing,Tiantan,24,3,origin_week,25248,168,AP2,logistic,hist_gradient_boosting,0,PAIRWISE_EXACT,B,B,False,False
beijing,Tiantan,24,3,origin_week,25416,168,AP2,constant,logistic,0,PAIRWISE_EXACT,B,B,False,False
beijing,Tiantan,24,3,origin_week,25416,168,AP2,constant,hist_gradient_boosting,0,PAIRWISE_EXACT,B,B,False,False
beijing,Tiantan,24,3,origin_week,25416,168,AP2,logistic,hist_gradient_boosting,0,PAIRWISE_EXACT,B,B,False,False
beijing,Tiantan,24,3,origin_week,25584,168,AP2,constant,logistic,0,PAIRWISE_EXACT,B,B,False,False
beijing,Tiantan,24,3,origin_week,25584,168,AP2,constant,hist_gradient_boosting,0,PAIRWISE_EXACT,B,B,False,False
beijing,Tiantan,24,3,origin_week,25584,168,AP2,logistic,hist_gradient_boosting,0,PAIRWISE_EXACT,A,A,False,False
beijing,Tiantan,24,3,origin_week,25752,168,AP2,constant,logistic,0,PAIRWISE_EXACT,A,A,False,False
beijing,Tiantan,24,3,origin_week,25752,168,AP2,constant,hist_gradient_boosting,0,PAIRWISE_EXACT,B,B,False,False
beijing,Tiantan,24,3,origin_week,25752,168,AP2,logistic,hist_gradient_boosting,0,PAIRWISE_EXACT,B,B,False,False
beijing,Tiantan,24,3,origin_week,25920,168,AP2,constant,logistic,0,PAIRWISE_EXACT,B,B,False,False
beijing,Tiantan,24,3,origin_week,25920,168,AP2,constant,hist_gradient_boosting,0,PAIRWISE_EXACT,B,B,False,False
beijing,Tiantan,24,3,origin_week,25920,168,AP2,logistic,hist_gradient_boosting,0,PAIRWISE_EXACT,B,B,False,False
beijing,Tiantan,24,3,origin_week,26088,168,AP2,constant,logistic,0,PAIRWISE_EXACT,B,B,False,False
beijing,Tiantan,24,3,origin_week,26088,168,AP2,constant,hist_gradient_boosting,0,PAIRWISE_EXACT,B,B,False,False
beijing,Tiantan,24,3,origin_week,26088,168,AP2,logistic,hist_gradient_boosting,0,PAIRWISE_EXACT,B,B,False,False
beijing,Tiantan,24,3,origin_week,26256,25,AP2,constant,logistic,0,PAIRWISE_EXACT,B,B,False,False
beijing,Tiantan,24,3,origin_week,26256,25,AP2,constant,hist_gradient_boosting,0,PAIRWISE_EXACT,B,B,False,False
beijing,Tiantan,24,3,origin_week,26256,25,AP2,logistic,hist_gradient_boosting,0,PAIRWISE_EXACT,B,B,False,False
beijing,Tiantan,72,3,annual,17520,8713,AP2,constant,logistic,182,PAIRWISE_INSUFFICIENT,B,B,False,False
beijing,Tiantan,72,3,annual,17520,8713,AP2,constant,hist_gradient_boosting,182,PAIRWISE_INSUFFICIENT,B,B,False,False
beijing,Tiantan,72,3,annual,17520,8713,AP2,logistic,hist_gradient_boosting,182,PAIRWISE_INSUFFICIENT,A,A,False,True
beijing,Tiantan,72,3,origin_week,17520,168,AP2,constant,logistic,0,PAIRWISE_EXACT,B,B,False,False
beijing,Tiantan,72,3,origin_week,17520,168,AP2,constant,hist_gradient_boosting,0,PAIRWISE_EXACT,B,B,False,False
beijing,Tiantan,72,3,origin_week,17520,168,AP2,logistic,hist_gradient_boosting,0,PAIRWISE_EXACT,A,A,False,False
beijing,Tiantan,72,3,origin_week,17688,168,AP2,constant,logistic,0,PAIRWISE_EXACT,B,B,False,False
beijing,Tiantan,72,3,origin_week,17688,168,AP2,constant,hist_gradient_boosting,0,PAIRWISE_EXACT,B,B,False,False
beijing,Tiantan,72,3,origin_week,17688,168,AP2,logistic,hist_gradient_boosting,0,PAIRWISE_EXACT,A,A,False,False
beijing,Tiantan,72,3,origin_week,17856,168,AP2,constant,logistic,0,PAIRWISE_EXACT,A,A,False,False
beijing,Tiantan,72,3,origin_week,17856,168,AP2,constant,hist_gradient_boosting,0,PAIRWISE_EXACT,A,A,False,False
beijing,Tiantan,72,3,origin_week,17856,168,AP2,logistic,hist_gradient_boosting,0,PAIRWISE_EXACT,B,B,False,False
beijing,Tiantan,72,3,origin_week,18024,168,AP2,constant,logistic,0,PAIRWISE_EXACT,B,B,False,False
beijing,Tiantan,72,3,origin_week,18024,168,AP2,constant,hist_gradient_boosting,0,PAIRWISE_EXACT,A,A,False,False
beijing,Tiantan,72,3,origin_week,18024,168,AP2,logistic,hist_gradient_boosting,0,PAIRWISE_EXACT,A,A,False,False
beijing,Tiantan,72,3,origin_week,18192,168,AP2,constant,logistic,5,PAIRWISE_EXACT,OPPOSITE_POSSIBLE,OPPOSITE_POSSIBLE,False,False
beijing,Tiantan,72,3,origin_week,18192,168,AP2,constant,hist_gradient_boosting,5,PAIRWISE_EXACT,A,A,False,False
beijing,Tiantan,72,3,origin_week,18192,168,AP2,logistic,hist_gradient_boosting,5,PAIRWISE_EXACT,A,A,False,False
beijing,Tiantan,72,3,origin_week,18360,168,AP2,constant,logistic,0,PAIRWISE_EXACT,A,A,False,False
beijing,Tiantan,72,3,origin_week,18360,168,AP2,constant,hist_gradient_boosting,0,PAIRWISE_EXACT,A,A,False,False
beijing,Tiantan,72,3,origin_week,18360,168,AP2,logistic,hist_gradient_boosting,0,PAIRWISE_EXACT,A,A,False,False
beijing,Tiantan,72,3,origin_week,18528,168,AP2,constant,logistic,0,PAIRWISE_EXACT,B,B,False,False
beijing,Tiantan,72,3,origin_week,18528,168,AP2,constant,hist_gradient_boosting,0,PAIRWISE_EXACT,A,A,False,False
beijing,Tiantan,72,3,origin_week,18528,168,AP2,logistic,hist_gradient_boosting,0,PAIRWISE_EXACT,A,A,False,False
beijing,Tiantan,72,3,origin_week,18696,168,AP2,constant,logistic,0,PAIRWISE_EXACT,B,B,False,False
beijing,Tiantan,72,3,origin_week,18696,168,AP2,constant,hist_gradient_boosting,0,PAIRWISE_EXACT,A,A,False,False
beijing,Tiantan,72,3,origin_week,18696,168,AP2,logistic,hist_gradient_boosting,0,PAIRWISE_EXACT,A,A,False,False
beijing,Tiantan,72,3,origin_week,18864,168,AP2,constant,logistic,0,PAIRWISE_EXACT,B,B,False,False
beijing,Tiantan,72,3,origin_week,18864,168,AP2,constant,hist_gradient_boosting,0,PAIRWISE_EXACT,B,B,False,False
beijing,Tiantan,72,3,origin_week,18864,168,AP2,logistic,hist_gradient_boosting,0,PAIRWISE_EXACT,A,A,False,False
beijing,Tiantan,72,3,origin_week,19032,168,AP2,constant,logistic,0,PAIRWISE_EXACT,A,A,False,False
beijing,Tiantan,72,3,origin_week,19032,168,AP2,constant,hist_gradient_boosting,0,PAIRWISE_EXACT,A,A,False,False
beijing,Tiantan,72,3,origin_week,19032,168,AP2,logistic,hist_gradient_boosting,0,PAIRWISE_EXACT,A,A,False,False
beijing,Tiantan,72,3,origin_week,19200,168,AP2,constant,logistic,0,PAIRWISE_EXACT,A,A,False,False
beijing,Tiantan,72,3,origin_week,19200,168,AP2,constant,hist_gradient_boosting,0,PAIRWISE_EXACT,A,A,False,False
beijing,Tiantan,72,3,origin_week,19200,168,AP2,logistic,hist_gradient_boosting,0,PAIRWISE_EXACT,A,A,False,False
beijing,Tiantan,72,3,origin_week,19368,168,AP2,constant,logistic,0,PAIRWISE_EXACT,B,B,False,False
beijing,Tiantan,72,3,origin_week,19368,168,AP2,constant,hist_gradient_boosting,0,PAIRWISE_EXACT,B,B,False,False
beijing,Tiantan,72,3,origin_week,19368,168,AP2,logistic,hist_gradient_boosting,0,PAIRWISE_EXACT,B,B,False,False
beijing,Tiantan,72,3,origin_week,19536,168,AP2,constant,logistic,0,PAIRWISE_EXACT,B,B,False,False
beijing,Tiantan,72,3,origin_week,19536,168,AP2,constant,hist_gradient_boosting,0,PAIRWISE_EXACT,A,A,False,False
beijing,Tiantan,72,3,origin_week,19536,168,AP2,logistic,hist_gradient_boosting,0,PAIRWISE_EXACT,A,A,False,False
beijing,Tiantan,72,3,origin_week,19704,168,AP2,constant,logistic,4,PAIRWISE_EXACT,B,B,False,False
beijing,Tiantan,72,3,origin_week,19704,168,AP2,constant,hist_gradient_boosting,4,PAIRWISE_EXACT,B,B,False,False
beijing,Tiantan,72,3,origin_week,19704,168,AP2,logistic,hist_gradient_boosting,4,PAIRWISE_EXACT,B,B,False,False
beijing,Tiantan,72,3,origin_week,19872,168,AP2,constant,logistic,0,PAIRWISE_EXACT,A,A,False,False
beijing,Tiantan,72,3,origin_week,19872,168,AP2,constant,hist_gradient_boosting,0,PAIRWISE_EXACT,B,B,False,False
beijing,Tiantan,72,3,origin_week,19872,168,AP2,logistic,hist_gradient_boosting,0,PAIRWISE_EXACT,B,B,False,False
beijing,Tiantan,72,3,origin_week,20040,168,AP2,constant,logistic,32,PAIRWISE_EXACT,A,A,False,False
beijing,Tiantan,72,3,origin_week,20040,168,AP2,constant,hist_gradient_boosting,32,PAIRWISE_EXACT,B,B,False,False
beijing,Tiantan,72,3,origin_week,20040,168,AP2,logistic,hist_gradient_boosting,32,PAIRWISE_EXACT,B,B,False,False
beijing,Tiantan,72,3,origin_week,20208,168,AP2,constant,logistic,0,PAIRWISE_EXACT,B,B,False,False
beijing,Tiantan,72,3,origin_week,20208,168,AP2,constant,hist_gradient_boosting,0,PAIRWISE_EXACT,B,B,False,False
beijing,Tiantan,72,3,origin_week,20208,168,AP2,logistic,hist_gradient_boosting,0,PAIRWISE_EXACT,A,A,False,False
beijing,Tiantan,72,3,origin_week,20376,168,AP2,constant,logistic,0,PAIRWISE_EXACT,B,B,False,False
beijing,Tiantan,72,3,origin_week,20376,168,AP2,constant,hist_gradient_boosting,0,PAIRWISE_EXACT,B,B,False,False
beijing,Tiantan,72,3,origin_week,20376,168,AP2,logistic,hist_gradient_boosting,0,PAIRWISE_EXACT,A,A,False,False
beijing,Tiantan,72,3,origin_week,20544,168,AP2,constant,logistic,0,PAIRWISE_EXACT,B,B,False,False
beijing,Tiantan,72,3,origin_week,20544,168,AP2,constant,hist_gradient_boosting,0,PAIRWISE_EXACT,A,A,False,False
beijing,Tiantan,72,3,origin_week,20544,168,AP2,logistic,hist_gradient_boosting,0,PAIRWISE_EXACT,A,A,False,False
beijing,Tiantan,72,3,origin_week,20712,168,AP2,constant,logistic,49,PAIRWISE_EXACT,OPPOSITE_POSSIBLE,OPPOSITE_POSSIBLE,False,False
beijing,Tiantan,72,3,origin_week,20712,168,AP2,constant,hist_gradient_boosting,49,PAIRWISE_EXACT,B,B,False,False
beijing,Tiantan,72,3,origin_week,20712,168,AP2,logistic,hist_gradient_boosting,49,PAIRWISE_EXACT,OPPOSITE_POSSIBLE,OPPOSITE_POSSIBLE,False,False
beijing,Tiantan,72,3,origin_week,20880,168,AP2,constant,logistic,0,PAIRWISE_EXACT,B,B,False,False
beijing,Tiantan,72,3,origin_week,20880,168,AP2,constant,hist_gradient_boosting,0,PAIRWISE_EXACT,B,B,False,False
beijing,Tiantan,72,3,origin_week,20880,168,AP2,logistic,hist_gradient_boosting,0,PAIRWISE_EXACT,B,B,False,False
beijing,Tiantan,72,3,origin_week,21048,168,AP2,constant,logistic,0,PAIRWISE_EXACT,B,B,False,False
beijing,Tiantan,72,3,origin_week,21048,168,AP2,constant,hist_gradient_boosting,0,PAIRWISE_EXACT,A,A,False,False
beijing,Tiantan,72,3,origin_week,21048,168,AP2,logistic,hist_gradient_boosting,0,PAIRWISE_EXACT,A,A,False,False
beijing,Tiantan,72,3,origin_week,21216,168,AP2,constant,logistic,0,PAIRWISE_EXACT,B,B,False,False
beijing,Tiantan,72,3,origin_week,21216,168,AP2,constant,hist_gradient_boosting,0,PAIRWISE_EXACT,A,A,False,False
beijing,Tiantan,72,3,origin_week,21216,168,AP2,logistic,hist_gradient_boosting,0,PAIRWISE_EXACT,A,A,False,False
beijing,Tiantan,72,3,origin_week,21384,168,AP2,constant,logistic,0,PAIRWISE_EXACT,B,B,False,False
beijing,Tiantan,72,3,origin_week,21384,168,AP2,constant,hist_gradient_boosting,0,PAIRWISE_EXACT,A,A,False,False
beijing,Tiantan,72,3,origin_week,21384,168,AP2,logistic,hist_gradient_boosting,0,PAIRWISE_EXACT,A,A,False,False
beijing,Tiantan,72,3,origin_week,21552,168,AP2,constant,logistic,0,PAIRWISE_EXACT,B,B,False,False
beijing,Tiantan,72,3,origin_week,21552,168,AP2,constant,hist_gradient_boosting,0,PAIRWISE_EXACT,B,B,False,False
beijing,Tiantan,72,3,origin_week,21552,168,AP2,logistic,hist_gradient_boosting,0,PAIRWISE_EXACT,B,B,False,False
beijing,Tiantan,72,3,origin_week,21720,168,AP2,constant,logistic,50,PAIRWISE_EXACT,B,B,False,False
beijing,Tiantan,72,3,origin_week,21720,168,AP2,constant,hist_gradient_boosting,50,PAIRWISE_EXACT,B,B,False,False
beijing,Tiantan,72,3,origin_week,21720,168,AP2,logistic,hist_gradient_boosting,50,PAIRWISE_EXACT,OPPOSITE_POSSIBLE,OPPOSITE_POSSIBLE,False,False
beijing,Tiantan,72,3,origin_week,21888,168,AP2,constant,logistic,38,PAIRWISE_EXACT,A,A,False,False
beijing,Tiantan,72,3,origin_week,21888,168,AP2,constant,hist_gradient_boosting,38,PAIRWISE_EXACT,A,A,False,False
beijing,Tiantan,72,3,origin_week,21888,168,AP2,logistic,hist_gradient_boosting,38,PAIRWISE_EXACT,OPPOSITE_POSSIBLE,OPPOSITE_POSSIBLE,False,False
beijing,Tiantan,72,3,origin_week,22056,168,AP2,constant,logistic,0,PAIRWISE_EXACT,B,B,False,False
beijing,Tiantan,72,3,origin_week,22056,168,AP2,constant,hist_gradient_boosting,0,PAIRWISE_EXACT,B,B,False,False
beijing,Tiantan,72,3,origin_week,22056,168,AP2,logistic,hist_gradient_boosting,0,PAIRWISE_EXACT,B,B,False,False
beijing,Tiantan,72,3,origin_week,22224,168,AP2,constant,logistic,0,PAIRWISE_EXACT,B,B,False,False
beijing,Tiantan,72,3,origin_week,22224,168,AP2,constant,hist_gradient_boosting,0,PAIRWISE_EXACT,A,A,False,False
beijing,Tiantan,72,3,origin_week,22224,168,AP2,logistic,hist_gradient_boosting,0,PAIRWISE_EXACT,A,A,False,False
beijing,Tiantan,72,3,origin_week,22392,168,AP2,constant,logistic,0,PAIRWISE_EXACT,A,A,False,False
beijing,Tiantan,72,3,origin_week,22392,168,AP2,constant,hist_gradient_boosting,0,PAIRWISE_EXACT,A,A,False,False
beijing,Tiantan,72,3,origin_week,22392,168,AP2,logistic,hist_gradient_boosting,0,PAIRWISE_EXACT,B,B,False,False
beijing,Tiantan,72,3,origin_week,22560,168,AP2,constant,logistic,0,PAIRWISE_EXACT,B,B,False,False
beijing,Tiantan,72,3,origin_week,22560,168,AP2,constant,hist_gradient_boosting,0,PAIRWISE_EXACT,A,A,False,False
beijing,Tiantan,72,3,origin_week,22560,168,AP2,logistic,hist_gradient_boosting,0,PAIRWISE_EXACT,A,A,False,False
beijing,Tiantan,72,3,origin_week,22728,168,AP2,constant,logistic,0,PAIRWISE_EXACT,A,A,False,False
beijing,Tiantan,72,3,origin_week,22728,168,AP2,constant,hist_gradient_boosting,0,PAIRWISE_EXACT,A,A,False,False
beijing,Tiantan,72,3,origin_week,22728,168,AP2,logistic,hist_gradient_boosting,0,PAIRWISE_EXACT,A,A,False,False
beijing,Tiantan,72,3,origin_week,22896,168,AP2,constant,logistic,0,PAIRWISE_EXACT,B,B,False,False
beijing,Tiantan,72,3,origin_week,22896,168,AP2,constant,hist_gradient_boosting,0,PAIRWISE_EXACT,B,B,False,False
beijing,Tiantan,72,3,origin_week,22896,168,AP2,logistic,hist_gradient_boosting,0,PAIRWISE_EXACT,B,B,False,False
beijing,Tiantan,72,3,origin_week,23064,168,AP2,constant,logistic,0,PAIRWISE_EXACT,A,A,False,False
beijing,Tiantan,72,3,origin_week,23064,168,AP2,constant,hist_gradient_boosting,0,PAIRWISE_EXACT,A,A,False,False
beijing,Tiantan,72,3,origin_week,23064,168,AP2,logistic,hist_gradient_boosting,0,PAIRWISE_EXACT,B,B,False,False
beijing,Tiantan,72,3,origin_week,23232,168,AP2,constant,logistic,0,PAIRWISE_EXACT,B,B,False,False
beijing,Tiantan,72,3,origin_week,23232,168,AP2,constant,hist_gradient_boosting,0,PAIRWISE_EXACT,B,B,False,False
beijing,Tiantan,72,3,origin_week,23232,168,AP2,logistic,hist_gradient_boosting,0,PAIRWISE_EXACT,A,A,False,False
beijing,Tiantan,72,3,origin_week,23400,168,AP2,constant,logistic,0,PAIRWISE_EXACT,B,B,False,False
beijing,Tiantan,72,3,origin_week,23400,168,AP2,constant,hist_gradient_boosting,0,PAIRWISE_EXACT,A,A,False,False
beijing,Tiantan,72,3,origin_week,23400,168,AP2,logistic,hist_gradient_boosting,0,PAIRWISE_EXACT,A,A,False,False
beijing,Tiantan,72,3,origin_week,23568,168,AP2,constant,logistic,0,PAIRWISE_EXACT,B,B,False,False
beijing,Tiantan,72,3,origin_week,23568,168,AP2,constant,hist_gradient_boosting,0,PAIRWISE_EXACT,B,B,False,False
beijing,Tiantan,72,3,origin_week,23568,168,AP2,logistic,hist_gradient_boosting,0,PAIRWISE_EXACT,A,A,False,False
beijing,Tiantan,72,3,origin_week,23736,168,AP2,constant,logistic,1,PAIRWISE_EXACT,A,A,False,False
beijing,Tiantan,72,3,origin_week,23736,168,AP2,constant,hist_gradient_boosting,1,PAIRWISE_EXACT,A,A,False,False
beijing,Tiantan,72,3,origin_week,23736,168,AP2,logistic,hist_gradient_boosting,1,PAIRWISE_EXACT,B,B,False,False
beijing,Tiantan,72,3,origin_week,23904,168,AP2,constant,logistic,0,PAIRWISE_EXACT,A,A,False,False
beijing,Tiantan,72,3,origin_week,23904,168,AP2,constant,hist_gradient_boosting,0,PAIRWISE_EXACT,A,A,False,False
beijing,Tiantan,72,3,origin_week,23904,168,AP2,logistic,hist_gradient_boosting,0,PAIRWISE_EXACT,A,A,False,False
beijing,Tiantan,72,3,origin_week,24072,168,AP2,constant,logistic,0,PAIRWISE_EXACT,B,B,False,False
beijing,Tiantan,72,3,origin_week,24072,168,AP2,constant,hist_gradient_boosting,0,PAIRWISE_EXACT,A,A,False,False
beijing,Tiantan,72,3,origin_week,24072,168,AP2,logistic,hist_gradient_boosting,0,PAIRWISE_EXACT,A,A,False,False
beijing,Tiantan,72,3,origin_week,24240,168,AP2,constant,logistic,0,PAIRWISE_EXACT,B,B,False,False
beijing,Tiantan,72,3,origin_week,24240,168,AP2,constant,hist_gradient_boosting,0,PAIRWISE_EXACT,B,B,False,False
beijing,Tiantan,72,3,origin_week,24240,168,AP2,logistic,hist_gradient_boosting,0,PAIRWISE_EXACT,B,B,False,False
beijing,Tiantan,72,3,origin_week,24408,168,AP2,constant,logistic,3,PAIRWISE_EXACT,OPPOSITE_POSSIBLE,OPPOSITE_POSSIBLE,False,False
beijing,Tiantan,72,3,origin_week,24408,168,AP2,constant,hist_gradient_boosting,3,PAIRWISE_EXACT,A,A,False,False
beijing,Tiantan,72,3,origin_week,24408,168,AP2,logistic,hist_gradient_boosting,3,PAIRWISE_EXACT,OPPOSITE_POSSIBLE,OPPOSITE_POSSIBLE,False,False
beijing,Tiantan,72,3,origin_week,24576,168,AP2,constant,logistic,0,PAIRWISE_EXACT,B,B,False,False
beijing,Tiantan,72,3,origin_week,24576,168,AP2,constant,hist_gradient_boosting,0,PAIRWISE_EXACT,B,B,False,False
beijing,Tiantan,72,3,origin_week,24576,168,AP2,logistic,hist_gradient_boosting,0,PAIRWISE_EXACT,A,A,False,False
beijing,Tiantan,72,3,origin_week,24744,168,AP2,constant,logistic,0,PAIRWISE_EXACT,B,B,False,False
beijing,Tiantan,72,3,origin_week,24744,168,AP2,constant,hist_gradient_boosting,0,PAIRWISE_EXACT,A,A,False,False
beijing,Tiantan,72,3,origin_week,24744,168,AP2,logistic,hist_gradient_boosting,0,PAIRWISE_EXACT,A,A,False,False
beijing,Tiantan,72,3,origin_week,24912,168,AP2,constant,logistic,0,PAIRWISE_EXACT,B,B,False,False
beijing,Tiantan,72,3,origin_week,24912,168,AP2,constant,hist_gradient_boosting,0,PAIRWISE_EXACT,A,A,False,False
beijing,Tiantan,72,3,origin_week,24912,168,AP2,logistic,hist_gradient_boosting,0,PAIRWISE_EXACT,A,A,False,False
beijing,Tiantan,72,3,origin_week,25080,168,AP2,constant,logistic,0,PAIRWISE_EXACT,A,A,False,False
beijing,Tiantan,72,3,origin_week,25080,168,AP2,constant,hist_gradient_boosting,0,PAIRWISE_EXACT,A,A,False,False
beijing,Tiantan,72,3,origin_week,25080,168,AP2,logistic,hist_gradient_boosting,0,PAIRWISE_EXACT,A,A,False,False
beijing,Tiantan,72,3,origin_week,25248,168,AP2,constant,logistic,0,PAIRWISE_EXACT,A,A,False,False
beijing,Tiantan,72,3,origin_week,25248,168,AP2,constant,hist_gradient_boosting,0,PAIRWISE_EXACT,B,B,False,False
beijing,Tiantan,72,3,origin_week,25248,168,AP2,logistic,hist_gradient_boosting,0,PAIRWISE_EXACT,B,B,False,False
beijing,Tiantan,72,3,origin_week,25416,168,AP2,constant,logistic,0,PAIRWISE_EXACT,B,B,False,False
beijing,Tiantan,72,3,origin_week,25416,168,AP2,constant,hist_gradient_boosting,0,PAIRWISE_EXACT,A,A,False,False
beijing,Tiantan,72,3,origin_week,25416,168,AP2,logistic,hist_gradient_boosting,0,PAIRWISE_EXACT,A,A,False,False
beijing,Tiantan,72,3,origin_week,25584,168,AP2,constant,logistic,0,PAIRWISE_EXACT,B,B,False,False
beijing,Tiantan,72,3,origin_week,25584,168,AP2,constant,hist_gradient_boosting,0,PAIRWISE_EXACT,A,A,False,False
beijing,Tiantan,72,3,origin_week,25584,168,AP2,logistic,hist_gradient_boosting,0,PAIRWISE_EXACT,A,A,False,False
beijing,Tiantan,72,3,origin_week,25752,168,AP2,constant,logistic,0,PAIRWISE_EXACT,B,B,False,False
beijing,Tiantan,72,3,origin_week,25752,168,AP2,constant,hist_gradient_boosting,0,PAIRWISE_EXACT,A,A,False,False
beijing,Tiantan,72,3,origin_week,25752,168,AP2,logistic,hist_gradient_boosting,0,PAIRWISE_EXACT,A,A,False,False
beijing,Tiantan,72,3,origin_week,25920,168,AP2,constant,logistic,0,PAIRWISE_EXACT,A,A,False,False
beijing,Tiantan,72,3,origin_week,25920,168,AP2,constant,hist_gradient_boosting,0,PAIRWISE_EXACT,A,A,False,False
beijing,Tiantan,72,3,origin_week,25920,168,AP2,logistic,hist_gradient_boosting,0,PAIRWISE_EXACT,A,A,False,False
beijing,Tiantan,72,3,origin_week,26088,145,AP2,constant,logistic,0,PAIRWISE_EXACT,B,B,False,False
beijing,Tiantan,72,3,origin_week,26088,145,AP2,constant,hist_gradient_boosting,0,PAIRWISE_EXACT,B,B,False,False
beijing,Tiantan,72,3,origin_week,26088,145,AP2,logistic,hist_gradient_boosting,0,PAIRWISE_EXACT,B,B,False,False
beijing,Wanliu,24,3,annual,17520,8761,AP2,constant,logistic,143,PAIRWISE_INSUFFICIENT,B,B,False,True
beijing,Wanliu,24,3,annual,17520,8761,AP2,constant,hist_gradient_boosting,143,PAIRWISE_INSUFFICIENT,B,B,False,True
beijing,Wanliu,24,3,annual,17520,8761,AP2,logistic,hist_gradient_boosting,143,PAIRWISE_INSUFFICIENT,B,B,False,True
beijing,Wanliu,24,3,origin_week,17520,168,AP2,constant,logistic,0,PAIRWISE_EXACT,B,B,False,False
beijing,Wanliu,24,3,origin_week,17520,168,AP2,constant,hist_gradient_boosting,0,PAIRWISE_EXACT,B,B,False,False
beijing,Wanliu,24,3,origin_week,17520,168,AP2,logistic,hist_gradient_boosting,0,PAIRWISE_EXACT,A,A,False,False
beijing,Wanliu,24,3,origin_week,17688,168,AP2,constant,logistic,0,PAIRWISE_EXACT,B,B,False,False
beijing,Wanliu,24,3,origin_week,17688,168,AP2,constant,hist_gradient_boosting,0,PAIRWISE_EXACT,B,B,False,False
beijing,Wanliu,24,3,origin_week,17688,168,AP2,logistic,hist_gradient_boosting,0,PAIRWISE_EXACT,A,A,False,False
beijing,Wanliu,24,3,origin_week,17856,168,AP2,constant,logistic,0,PAIRWISE_EXACT,B,B,False,False
beijing,Wanliu,24,3,origin_week,17856,168,AP2,constant,hist_gradient_boosting,0,PAIRWISE_EXACT,B,B,False,False
beijing,Wanliu,24,3,origin_week,17856,168,AP2,logistic,hist_gradient_boosting,0,PAIRWISE_EXACT,A,A,False,False
beijing,Wanliu,24,3,origin_week,18024,168,AP2,constant,logistic,0,PAIRWISE_EXACT,B,B,False,False
beijing,Wanliu,24,3,origin_week,18024,168,AP2,constant,hist_gradient_boosting,0,PAIRWISE_EXACT,B,B,False,False
beijing,Wanliu,24,3,origin_week,18024,168,AP2,logistic,hist_gradient_boosting,0,PAIRWISE_EXACT,B,B,False,False
beijing,Wanliu,24,3,origin_week,18192,168,AP2,constant,logistic,0,PAIRWISE_EXACT,B,B,False,False
beijing,Wanliu,24,3,origin_week,18192,168,AP2,constant,hist_gradient_boosting,0,PAIRWISE_EXACT,B,B,False,False
beijing,Wanliu,24,3,origin_week,18192,168,AP2,logistic,hist_gradient_boosting,0,PAIRWISE_EXACT,B,B,False,False
beijing,Wanliu,24,3,origin_week,18360,168,AP2,constant,logistic,4,PAIRWISE_EXACT,B,B,False,False
beijing,Wanliu,24,3,origin_week,18360,168,AP2,constant,hist_gradient_boosting,4,PAIRWISE_EXACT,B,B,False,False
beijing,Wanliu,24,3,origin_week,18360,168,AP2,logistic,hist_gradient_boosting,4,PAIRWISE_EXACT,B,B,False,False
beijing,Wanliu,24,3,origin_week,18528,168,AP2,constant,logistic,0,PAIRWISE_EXACT,B,B,False,False
beijing,Wanliu,24,3,origin_week,18528,168,AP2,constant,hist_gradient_boosting,0,PAIRWISE_EXACT,B,B,False,False
beijing,Wanliu,24,3,origin_week,18528,168,AP2,logistic,hist_gradient_boosting,0,PAIRWISE_EXACT,B,B,False,False
beijing,Wanliu,24,3,origin_week,18696,168,AP2,constant,logistic,52,PAIRWISE_INSUFFICIENT,OPPOSITE_POSSIBLE,OPPOSITE_POSSIBLE,False,True
beijing,Wanliu,24,3,origin_week,18696,168,AP2,constant,hist_gradient_boosting,52,PAIRWISE_INSUFFICIENT,OPPOSITE_POSSIBLE,OPPOSITE_POSSIBLE,False,True
beijing,Wanliu,24,3,origin_week,18696,168,AP2,logistic,hist_gradient_boosting,52,PAIRWISE_INSUFFICIENT,OPPOSITE_POSSIBLE,OPPOSITE_POSSIBLE,False,True
beijing,Wanliu,24,3,origin_week,18864,168,AP2,constant,logistic,0,PAIRWISE_EXACT,B,B,False,False
beijing,Wanliu,24,3,origin_week,18864,168,AP2,constant,hist_gradient_boosting,0,PAIRWISE_EXACT,B,B,False,False
beijing,Wanliu,24,3,origin_week,18864,168,AP2,logistic,hist_gradient_boosting,0,PAIRWISE_EXACT,B,B,False,False
beijing,Wanliu,24,3,origin_week,19032,168,AP2,constant,logistic,0,PAIRWISE_EXACT,B,B,False,False
beijing,Wanliu,24,3,origin_week,19032,168,AP2,constant,hist_gradient_boosting,0,PAIRWISE_EXACT,B,B,False,False
beijing,Wanliu,24,3,origin_week,19032,168,AP2,logistic,hist_gradient_boosting,0,PAIRWISE_EXACT,B,B,False,False
beijing,Wanliu,24,3,origin_week,19200,168,AP2,constant,logistic,0,PAIRWISE_EXACT,B,B,False,False
beijing,Wanliu,24,3,origin_week,19200,168,AP2,constant,hist_gradient_boosting,0,PAIRWISE_EXACT,B,B,False,False
beijing,Wanliu,24,3,origin_week,19200,168,AP2,logistic,hist_gradient_boosting,0,PAIRWISE_EXACT,B,B,False,False
beijing,Wanliu,24,3,origin_week,19368,168,AP2,constant,logistic,0,PAIRWISE_EXACT,B,B,False,False
beijing,Wanliu,24,3,origin_week,19368,168,AP2,constant,hist_gradient_boosting,0,PAIRWISE_EXACT,B,B,False,False
beijing,Wanliu,24,3,origin_week,19368,168,AP2,logistic,hist_gradient_boosting,0,PAIRWISE_EXACT,B,B,False,False
beijing,Wanliu,24,3,origin_week,19536,168,AP2,constant,logistic,0,PAIRWISE_EXACT,B,B,False,False
beijing,Wanliu,24,3,origin_week,19536,168,AP2,constant,hist_gradient_boosting,0,PAIRWISE_EXACT,B,B,False,False
beijing,Wanliu,24,3,origin_week,19536,168,AP2,logistic,hist_gradient_boosting,0,PAIRWISE_EXACT,A,A,False,False
beijing,Wanliu,24,3,origin_week,19704,168,AP2,constant,logistic,0,PAIRWISE_EXACT,B,B,False,False
beijing,Wanliu,24,3,origin_week,19704,168,AP2,constant,hist_gradient_boosting,0,PAIRWISE_EXACT,B,B,False,False
beijing,Wanliu,24,3,origin_week,19704,168,AP2,logistic,hist_gradient_boosting,0,PAIRWISE_EXACT,A,A,False,False
beijing,Wanliu,24,3,origin_week,19872,168,AP2,constant,logistic,0,PAIRWISE_EXACT,B,B,False,False
beijing,Wanliu,24,3,origin_week,19872,168,AP2,constant,hist_gradient_boosting,0,PAIRWISE_EXACT,B,B,False,False
beijing,Wanliu,24,3,origin_week,19872,168,AP2,logistic,hist_gradient_boosting,0,PAIRWISE_EXACT,B,B,False,False
beijing,Wanliu,24,3,origin_week,20040,168,AP2,constant,logistic,0,PAIRWISE_EXACT,B,B,False,False
beijing,Wanliu,24,3,origin_week,20040,168,AP2,constant,hist_gradient_boosting,0,PAIRWISE_EXACT,B,B,False,False
beijing,Wanliu,24,3,origin_week,20040,168,AP2,logistic,hist_gradient_boosting,0,PAIRWISE_EXACT,B,B,False,False
beijing,Wanliu,24,3,origin_week,20208,168,AP2,constant,logistic,0,PAIRWISE_EXACT,B,B,False,False
beijing,Wanliu,24,3,origin_week,20208,168,AP2,constant,hist_gradient_boosting,0,PAIRWISE_EXACT,B,B,False,False
beijing,Wanliu,24,3,origin_week,20208,168,AP2,logistic,hist_gradient_boosting,0,PAIRWISE_EXACT,B,B,False,False
beijing,Wanliu,24,3,origin_week,20376,168,AP2,constant,logistic,0,PAIRWISE_EXACT,B,B,False,False
beijing,Wanliu,24,3,origin_week,20376,168,AP2,constant,hist_gradient_boosting,0,PAIRWISE_EXACT,B,B,False,False
beijing,Wanliu,24,3,origin_week,20376,168,AP2,logistic,hist_gradient_boosting,0,PAIRWISE_EXACT,A,A,False,False
beijing,Wanliu,24,3,origin_week,20544,168,AP2,constant,logistic,0,PAIRWISE_EXACT,B,B,False,False
beijing,Wanliu,24,3,origin_week,20544,168,AP2,constant,hist_gradient_boosting,0,PAIRWISE_EXACT,B,B,False,False
beijing,Wanliu,24,3,origin_week,20544,168,AP2,logistic,hist_gradient_boosting,0,PAIRWISE_EXACT,B,B,False,False
beijing,Wanliu,24,3,origin_week,20712,168,AP2,constant,logistic,9,PAIRWISE_INSUFFICIENT,B,B,False,False
beijing,Wanliu,24,3,origin_week,20712,168,AP2,constant,hist_gradient_boosting,9,PAIRWISE_INSUFFICIENT,B,B,False,False
beijing,Wanliu,24,3,origin_week,20712,168,AP2,logistic,hist_gradient_boosting,9,PAIRWISE_INSUFFICIENT,B,B,False,False
beijing,Wanliu,24,3,origin_week,20880,168,AP2,constant,logistic,22,PAIRWISE_EXACT,B,B,False,False
beijing,Wanliu,24,3,origin_week,20880,168,AP2,constant,hist_gradient_boosting,22,PAIRWISE_EXACT,B,B,False,False
beijing,Wanliu,24,3,origin_week,20880,168,AP2,logistic,hist_gradient_boosting,22,PAIRWISE_EXACT,B,B,False,False
beijing,Wanliu,24,3,origin_week,21048,168,AP2,constant,logistic,0,PAIRWISE_EXACT,B,B,False,False
beijing,Wanliu,24,3,origin_week,21048,168,AP2,constant,hist_gradient_boosting,0,PAIRWISE_EXACT,B,B,False,False
beijing,Wanliu,24,3,origin_week,21048,168,AP2,logistic,hist_gradient_boosting,0,PAIRWISE_EXACT,B,B,False,False
beijing,Wanliu,24,3,origin_week,21216,168,AP2,constant,logistic,5,PAIRWISE_EXACT,B,B,False,False
beijing,Wanliu,24,3,origin_week,21216,168,AP2,constant,hist_gradient_boosting,5,PAIRWISE_EXACT,B,B,False,False
beijing,Wanliu,24,3,origin_week,21216,168,AP2,logistic,hist_gradient_boosting,5,PAIRWISE_EXACT,A,A,False,False
beijing,Wanliu,24,3,origin_week,21384,168,AP2,constant,logistic,0,PAIRWISE_EXACT,B,B,False,False
beijing,Wanliu,24,3,origin_week,21384,168,AP2,constant,hist_gradient_boosting,0,PAIRWISE_EXACT,B,B,False,False
beijing,Wanliu,24,3,origin_week,21384,168,AP2,logistic,hist_gradient_boosting,0,PAIRWISE_EXACT,B,B,False,False
beijing,Wanliu,24,3,origin_week,21552,168,AP2,constant,logistic,0,PAIRWISE_EXACT,B,B,False,False
beijing,Wanliu,24,3,origin_week,21552,168,AP2,constant,hist_gradient_boosting,0,PAIRWISE_EXACT,B,B,False,False
beijing,Wanliu,24,3,origin_week,21552,168,AP2,logistic,hist_gradient_boosting,0,PAIRWISE_EXACT,B,B,False,False
beijing,Wanliu,24,3,origin_week,21720,168,AP2,constant,logistic,0,PAIRWISE_EXACT,B,B,False,False
beijing,Wanliu,24,3,origin_week,21720,168,AP2,constant,hist_gradient_boosting,0,PAIRWISE_EXACT,B,B,False,False
beijing,Wanliu,24,3,origin_week,21720,168,AP2,logistic,hist_gradient_boosting,0,PAIRWISE_EXACT,B,B,False,False
beijing,Wanliu,24,3,origin_week,21888,168,AP2,constant,logistic,0,PAIRWISE_EXACT,B,B,False,False
beijing,Wanliu,24,3,origin_week,21888,168,AP2,constant,hist_gradient_boosting,0,PAIRWISE_EXACT,B,B,False,False
beijing,Wanliu,24,3,origin_week,21888,168,AP2,logistic,hist_gradient_boosting,0,PAIRWISE_EXACT,B,B,False,False
beijing,Wanliu,24,3,origin_week,22056,168,AP2,constant,logistic,0,PAIRWISE_EXACT,B,B,False,False
beijing,Wanliu,24,3,origin_week,22056,168,AP2,constant,hist_gradient_boosting,0,PAIRWISE_EXACT,B,B,False,False
beijing,Wanliu,24,3,origin_week,22056,168,AP2,logistic,hist_gradient_boosting,0,PAIRWISE_EXACT,B,B,False,False
beijing,Wanliu,24,3,origin_week,22224,168,AP2,constant,logistic,8,PAIRWISE_EXACT,B,B,False,False
beijing,Wanliu,24,3,origin_week,22224,168,AP2,constant,hist_gradient_boosting,8,PAIRWISE_EXACT,OPPOSITE_POSSIBLE,OPPOSITE_POSSIBLE,False,False
beijing,Wanliu,24,3,origin_week,22224,168,AP2,logistic,hist_gradient_boosting,8,PAIRWISE_EXACT,A,A,False,False
beijing,Wanliu,24,3,origin_week,22392,168,AP2,constant,logistic,0,PAIRWISE_EXACT,B,B,False,False
beijing,Wanliu,24,3,origin_week,22392,168,AP2,constant,hist_gradient_boosting,0,PAIRWISE_EXACT,B,B,False,False
beijing,Wanliu,24,3,origin_week,22392,168,AP2,logistic,hist_gradient_boosting,0,PAIRWISE_EXACT,B,B,False,False
beijing,Wanliu,24,3,origin_week,22560,168,AP2,constant,logistic,0,PAIRWISE_EXACT,B,B,False,False
beijing,Wanliu,24,3,origin_week,22560,168,AP2,constant,hist_gradient_boosting,0,PAIRWISE_EXACT,B,B,False,False
beijing,Wanliu,24,3,origin_week,22560,168,AP2,logistic,hist_gradient_boosting,0,PAIRWISE_EXACT,B,B,False,False
beijing,Wanliu,24,3,origin_week,22728,168,AP2,constant,logistic,0,PAIRWISE_EXACT,B,B,False,False
beijing,Wanliu,24,3,origin_week,22728,168,AP2,constant,hist_gradient_boosting,0,PAIRWISE_EXACT,B,B,False,False
beijing,Wanliu,24,3,origin_week,22728,168,AP2,logistic,hist_gradient_boosting,0,PAIRWISE_EXACT,A,A,False,False
beijing,Wanliu,24,3,origin_week,22896,168,AP2,constant,logistic,0,PAIRWISE_EXACT,B,B,False,False
beijing,Wanliu,24,3,origin_week,22896,168,AP2,constant,hist_gradient_boosting,0,PAIRWISE_EXACT,B,B,False,False
beijing,Wanliu,24,3,origin_week,22896,168,AP2,logistic,hist_gradient_boosting,0,PAIRWISE_EXACT,B,B,False,False
beijing,Wanliu,24,3,origin_week,23064,168,AP2,constant,logistic,14,PAIRWISE_EXACT,A,A,False,False
beijing,Wanliu,24,3,origin_week,23064,168,AP2,constant,hist_gradient_boosting,14,PAIRWISE_EXACT,A,A,False,False
beijing,Wanliu,24,3,origin_week,23064,168,AP2,logistic,hist_gradient_boosting,14,PAIRWISE_EXACT,A,A,False,False
beijing,Wanliu,24,3,origin_week,23232,168,AP2,constant,logistic,0,PAIRWISE_EXACT,B,B,False,False
beijing,Wanliu,24,3,origin_week,23232,168,AP2,constant,hist_gradient_boosting,0,PAIRWISE_EXACT,B,B,False,False
beijing,Wanliu,24,3,origin_week,23232,168,AP2,logistic,hist_gradient_boosting,0,PAIRWISE_EXACT,B,B,False,False
beijing,Wanliu,24,3,origin_week,23400,168,AP2,constant,logistic,0,PAIRWISE_EXACT,B,B,False,False
beijing,Wanliu,24,3,origin_week,23400,168,AP2,constant,hist_gradient_boosting,0,PAIRWISE_EXACT,B,B,False,False
beijing,Wanliu,24,3,origin_week,23400,168,AP2,logistic,hist_gradient_boosting,0,PAIRWISE_EXACT,A,A,False,False
beijing,Wanliu,24,3,origin_week,23568,168,AP2,constant,logistic,0,PAIRWISE_EXACT,B,B,False,False
beijing,Wanliu,24,3,origin_week,23568,168,AP2,constant,hist_gradient_boosting,0,PAIRWISE_EXACT,B,B,False,False
beijing,Wanliu,24,3,origin_week,23568,168,AP2,logistic,hist_gradient_boosting,0,PAIRWISE_EXACT,A,A,False,False
beijing,Wanliu,24,3,origin_week,23736,168,AP2,constant,logistic,0,PAIRWISE_EXACT,B,B,False,False
beijing,Wanliu,24,3,origin_week,23736,168,AP2,constant,hist_gradient_boosting,0,PAIRWISE_EXACT,B,B,False,False
beijing,Wanliu,24,3,origin_week,23736,168,AP2,logistic,hist_gradient_boosting,0,PAIRWISE_EXACT,A,A,False,False
beijing,Wanliu,24,3,origin_week,23904,168,AP2,constant,logistic,0,PAIRWISE_EXACT,B,B,False,False
beijing,Wanliu,24,3,origin_week,23904,168,AP2,constant,hist_gradient_boosting,0,PAIRWISE_EXACT,A,A,False,False
beijing,Wanliu,24,3,origin_week,23904,168,AP2,logistic,hist_gradient_boosting,0,PAIRWISE_EXACT,A,A,False,False
beijing,Wanliu,24,3,origin_week,24072,168,AP2,constant,logistic,5,PAIRWISE_EXACT,B,B,False,False
beijing,Wanliu,24,3,origin_week,24072,168,AP2,constant,hist_gradient_boosting,5,PAIRWISE_EXACT,B,B,False,False
beijing,Wanliu,24,3,origin_week,24072,168,AP2,logistic,hist_gradient_boosting,5,PAIRWISE_EXACT,A,A,False,False
beijing,Wanliu,24,3,origin_week,24240,168,AP2,constant,logistic,0,PAIRWISE_EXACT,B,B,False,False
beijing,Wanliu,24,3,origin_week,24240,168,AP2,constant,hist_gradient_boosting,0,PAIRWISE_EXACT,B,B,False,False
beijing,Wanliu,24,3,origin_week,24240,168,AP2,logistic,hist_gradient_boosting,0,PAIRWISE_EXACT,A,A,False,False
beijing,Wanliu,24,3,origin_week,24408,168,AP2,constant,logistic,0,PAIRWISE_EXACT,B,B,False,False
beijing,Wanliu,24,3,origin_week,24408,168,AP2,constant,hist_gradient_boosting,0,PAIRWISE_EXACT,B,B,False,False
beijing,Wanliu,24,3,origin_week,24408,168,AP2,logistic,hist_gradient_boosting,0,PAIRWISE_EXACT,A,A,False,False
beijing,Wanliu,24,3,origin_week,24576,168,AP2,constant,logistic,0,PAIRWISE_EXACT,B,B,False,False
beijing,Wanliu,24,3,origin_week,24576,168,AP2,constant,hist_gradient_boosting,0,PAIRWISE_EXACT,B,B,False,False
beijing,Wanliu,24,3,origin_week,24576,168,AP2,logistic,hist_gradient_boosting,0,PAIRWISE_EXACT,A,A,False,False
beijing,Wanliu,24,3,origin_week,24744,168,AP2,constant,logistic,0,PAIRWISE_EXACT,B,B,False,False
beijing,Wanliu,24,3,origin_week,24744,168,AP2,constant,hist_gradient_boosting,0,PAIRWISE_EXACT,A,A,False,False
beijing,Wanliu,24,3,origin_week,24744,168,AP2,logistic,hist_gradient_boosting,0,PAIRWISE_EXACT,A,A,False,False
beijing,Wanliu,24,3,origin_week,24912,168,AP2,constant,logistic,0,PAIRWISE_EXACT,B,B,False,False
beijing,Wanliu,24,3,origin_week,24912,168,AP2,constant,hist_gradient_boosting,0,PAIRWISE_EXACT,B,B,False,False
beijing,Wanliu,24,3,origin_week,24912,168,AP2,logistic,hist_gradient_boosting,0,PAIRWISE_EXACT,A,A,False,False
beijing,Wanliu,24,3,origin_week,25080,168,AP2,constant,logistic,0,PAIRWISE_EXACT,B,B,False,False
beijing,Wanliu,24,3,origin_week,25080,168,AP2,constant,hist_gradient_boosting,0,PAIRWISE_EXACT,B,B,False,False
beijing,Wanliu,24,3,origin_week,25080,168,AP2,logistic,hist_gradient_boosting,0,PAIRWISE_EXACT,B,B,False,False
beijing,Wanliu,24,3,origin_week,25248,168,AP2,constant,logistic,0,PAIRWISE_EXACT,B,B,False,False
beijing,Wanliu,24,3,origin_week,25248,168,AP2,constant,hist_gradient_boosting,0,PAIRWISE_EXACT,B,B,False,False
beijing,Wanliu,24,3,origin_week,25248,168,AP2,logistic,hist_gradient_boosting,0,PAIRWISE_EXACT,B,B,False,False
beijing,Wanliu,24,3,origin_week,25416,168,AP2,constant,logistic,0,PAIRWISE_EXACT,B,B,False,False
beijing,Wanliu,24,3,origin_week,25416,168,AP2,constant,hist_gradient_boosting,0,PAIRWISE_EXACT,B,B,False,False
beijing,Wanliu,24,3,origin_week,25416,168,AP2,logistic,hist_gradient_boosting,0,PAIRWISE_EXACT,B,B,False,False
beijing,Wanliu,24,3,origin_week,25584,168,AP2,constant,logistic,22,PAIRWISE_EXACT,B,B,False,False
beijing,Wanliu,24,3,origin_week,25584,168,AP2,constant,hist_gradient_boosting,22,PAIRWISE_EXACT,B,B,False,False
beijing,Wanliu,24,3,origin_week,25584,168,AP2,logistic,hist_gradient_boosting,22,PAIRWISE_EXACT,B,B,False,False
beijing,Wanliu,24,3,origin_week,25752,168,AP2,constant,logistic,2,PAIRWISE_EXACT,A,A,False,False
beijing,Wanliu,24,3,origin_week,25752,168,AP2,constant,hist_gradient_boosting,2,PAIRWISE_EXACT,B,B,False,False
beijing,Wanliu,24,3,origin_week,25752,168,AP2,logistic,hist_gradient_boosting,2,PAIRWISE_EXACT,B,B,False,False
beijing,Wanliu,24,3,origin_week,25920,168,AP2,constant,logistic,0,PAIRWISE_EXACT,B,B,False,False
beijing,Wanliu,24,3,origin_week,25920,168,AP2,constant,hist_gradient_boosting,0,PAIRWISE_EXACT,B,B,False,False
beijing,Wanliu,24,3,origin_week,25920,168,AP2,logistic,hist_gradient_boosting,0,PAIRWISE_EXACT,B,B,False,False
beijing,Wanliu,24,3,origin_week,26088,168,AP2,constant,logistic,0,PAIRWISE_EXACT,B,B,False,False
beijing,Wanliu,24,3,origin_week,26088,168,AP2,constant,hist_gradient_boosting,0,PAIRWISE_EXACT,B,B,False,False
beijing,Wanliu,24,3,origin_week,26088,168,AP2,logistic,hist_gradient_boosting,0,PAIRWISE_EXACT,B,B,False,False
beijing,Wanliu,24,3,origin_week,26256,25,AP2,constant,logistic,0,PAIRWISE_EXACT,B,B,False,False
beijing,Wanliu,24,3,origin_week,26256,25,AP2,constant,hist_gradient_boosting,0,PAIRWISE_EXACT,B,B,False,False
beijing,Wanliu,24,3,origin_week,26256,25,AP2,logistic,hist_gradient_boosting,0,PAIRWISE_EXACT,B,B,False,False
beijing,Wanliu,72,3,annual,17520,8713,AP2,constant,logistic,76,PAIRWISE_EXACT,B,B,False,False
beijing,Wanliu,72,3,annual,17520,8713,AP2,constant,hist_gradient_boosting,76,PAIRWISE_EXACT,B,B,False,False
beijing,Wanliu,72,3,annual,17520,8713,AP2,logistic,hist_gradient_boosting,76,PAIRWISE_EXACT,B,B,False,False
beijing,Wanliu,72,3,origin_week,17520,168,AP2,constant,logistic,0,PAIRWISE_EXACT,B,B,False,False
beijing,Wanliu,72,3,origin_week,17520,168,AP2,constant,hist_gradient_boosting,0,PAIRWISE_EXACT,B,B,False,False
beijing,Wanliu,72,3,origin_week,17520,168,AP2,logistic,hist_gradient_boosting,0,PAIRWISE_EXACT,A,A,False,False
beijing,Wanliu,72,3,origin_week,17688,168,AP2,constant,logistic,0,PAIRWISE_EXACT,B,B,False,False
beijing,Wanliu,72,3,origin_week,17688,168,AP2,constant,hist_gradient_boosting,0,PAIRWISE_EXACT,B,B,False,False
beijing,Wanliu,72,3,origin_week,17688,168,AP2,logistic,hist_gradient_boosting,0,PAIRWISE_EXACT,A,A,False,False
beijing,Wanliu,72,3,origin_week,17856,168,AP2,constant,logistic,0,PAIRWISE_EXACT,A,A,False,False
beijing,Wanliu,72,3,origin_week,17856,168,AP2,constant,hist_gradient_boosting,0,PAIRWISE_EXACT,A,A,False,False
beijing,Wanliu,72,3,origin_week,17856,168,AP2,logistic,hist_gradient_boosting,0,PAIRWISE_EXACT,B,B,False,False
beijing,Wanliu,72,3,origin_week,18024,168,AP2,constant,logistic,0,PAIRWISE_EXACT,B,B,False,False
beijing,Wanliu,72,3,origin_week,18024,168,AP2,constant,hist_gradient_boosting,0,PAIRWISE_EXACT,A,A,False,False
beijing,Wanliu,72,3,origin_week,18024,168,AP2,logistic,hist_gradient_boosting,0,PAIRWISE_EXACT,A,A,False,False
beijing,Wanliu,72,3,origin_week,18192,168,AP2,constant,logistic,0,PAIRWISE_EXACT,B,B,False,False
beijing,Wanliu,72,3,origin_week,18192,168,AP2,constant,hist_gradient_boosting,0,PAIRWISE_EXACT,A,A,False,False
beijing,Wanliu,72,3,origin_week,18192,168,AP2,logistic,hist_gradient_boosting,0,PAIRWISE_EXACT,A,A,False,False
beijing,Wanliu,72,3,origin_week,18360,168,AP2,constant,logistic,0,PAIRWISE_EXACT,B,B,False,False
beijing,Wanliu,72,3,origin_week,18360,168,AP2,constant,hist_gradient_boosting,0,PAIRWISE_EXACT,A,A,False,False
beijing,Wanliu,72,3,origin_week,18360,168,AP2,logistic,hist_gradient_boosting,0,PAIRWISE_EXACT,A,A,False,False
beijing,Wanliu,72,3,origin_week,18528,168,AP2,constant,logistic,0,PAIRWISE_EXACT,B,B,False,False
beijing,Wanliu,72,3,origin_week,18528,168,AP2,constant,hist_gradient_boosting,0,PAIRWISE_EXACT,B,B,False,False
beijing,Wanliu,72,3,origin_week,18528,168,AP2,logistic,hist_gradient_boosting,0,PAIRWISE_EXACT,A,A,False,False
beijing,Wanliu,72,3,origin_week,18696,168,AP2,constant,logistic,5,PAIRWISE_EXACT,B,B,False,False
beijing,Wanliu,72,3,origin_week,18696,168,AP2,constant,hist_gradient_boosting,5,PAIRWISE_EXACT,A,A,False,False
beijing,Wanliu,72,3,origin_week,18696,168,AP2,logistic,hist_gradient_boosting,5,PAIRWISE_EXACT,A,A,False,False
beijing,Wanliu,72,3,origin_week,18864,168,AP2,constant,logistic,0,PAIRWISE_EXACT,B,B,False,False
beijing,Wanliu,72,3,origin_week,18864,168,AP2,constant,hist_gradient_boosting,0,PAIRWISE_EXACT,B,B,False,False
beijing,Wanliu,72,3,origin_week,18864,168,AP2,logistic,hist_gradient_boosting,0,PAIRWISE_EXACT,A,A,False,False
beijing,Wanliu,72,3,origin_week,19032,168,AP2,constant,logistic,0,PAIRWISE_EXACT,A,A,False,False
beijing,Wanliu,72,3,origin_week,19032,168,AP2,constant,hist_gradient_boosting,0,PAIRWISE_EXACT,A,A,False,False
beijing,Wanliu,72,3,origin_week,19032,168,AP2,logistic,hist_gradient_boosting,0,PAIRWISE_EXACT,B,B,False,False
beijing,Wanliu,72,3,origin_week,19200,168,AP2,constant,logistic,0,PAIRWISE_EXACT,A,A,False,False
beijing,Wanliu,72,3,origin_week,19200,168,AP2,constant,hist_gradient_boosting,0,PAIRWISE_EXACT,A,A,False,False
beijing,Wanliu,72,3,origin_week,19200,168,AP2,logistic,hist_gradient_boosting,0,PAIRWISE_EXACT,A,A,False,False
beijing,Wanliu,72,3,origin_week,19368,168,AP2,constant,logistic,0,PAIRWISE_EXACT,B,B,False,False
beijing,Wanliu,72,3,origin_week,19368,168,AP2,constant,hist_gradient_boosting,0,PAIRWISE_EXACT,B,B,False,False
beijing,Wanliu,72,3,origin_week,19368,168,AP2,logistic,hist_gradient_boosting,0,PAIRWISE_EXACT,B,B,False,False
beijing,Wanliu,72,3,origin_week,19536,168,AP2,constant,logistic,0,PAIRWISE_EXACT,B,B,False,False
beijing,Wanliu,72,3,origin_week,19536,168,AP2,constant,hist_gradient_boosting,0,PAIRWISE_EXACT,A,A,False,False
beijing,Wanliu,72,3,origin_week,19536,168,AP2,logistic,hist_gradient_boosting,0,PAIRWISE_EXACT,A,A,False,False
beijing,Wanliu,72,3,origin_week,19704,168,AP2,constant,logistic,0,PAIRWISE_EXACT,A,A,False,False
beijing,Wanliu,72,3,origin_week,19704,168,AP2,constant,hist_gradient_boosting,0,PAIRWISE_EXACT,B,B,False,False
beijing,Wanliu,72,3,origin_week,19704,168,AP2,logistic,hist_gradient_boosting,0,PAIRWISE_EXACT,B,B,False,False
beijing,Wanliu,72,3,origin_week,19872,168,AP2,constant,logistic,0,PAIRWISE_EXACT,A,A,False,False
beijing,Wanliu,72,3,origin_week,19872,168,AP2,constant,hist_gradient_boosting,0,PAIRWISE_EXACT,B,B,False,False
beijing,Wanliu,72,3,origin_week,19872,168,AP2,logistic,hist_gradient_boosting,0,PAIRWISE_EXACT,B,B,False,False
beijing,Wanliu,72,3,origin_week,20040,168,AP2,constant,logistic,0,PAIRWISE_EXACT,A,A,False,False
beijing,Wanliu,72,3,origin_week,20040,168,AP2,constant,hist_gradient_boosting,0,PAIRWISE_EXACT,B,B,False,False
beijing,Wanliu,72,3,origin_week,20040,168,AP2,logistic,hist_gradient_boosting,0,PAIRWISE_EXACT,B,B,False,False
beijing,Wanliu,72,3,origin_week,20208,168,AP2,constant,logistic,0,PAIRWISE_EXACT,B,B,False,False
beijing,Wanliu,72,3,origin_week,20208,168,AP2,constant,hist_gradient_boosting,0,PAIRWISE_EXACT,B,B,False,False
beijing,Wanliu,72,3,origin_week,20208,168,AP2,logistic,hist_gradient_boosting,0,PAIRWISE_EXACT,A,A,False,False
beijing,Wanliu,72,3,origin_week,20376,168,AP2,constant,logistic,0,PAIRWISE_EXACT,B,B,False,False
beijing,Wanliu,72,3,origin_week,20376,168,AP2,constant,hist_gradient_boosting,0,PAIRWISE_EXACT,A,A,False,False
beijing,Wanliu,72,3,origin_week,20376,168,AP2,logistic,hist_gradient_boosting,0,PAIRWISE_EXACT,A,A,False,False
beijing,Wanliu,72,3,origin_week,20544,168,AP2,constant,logistic,0,PAIRWISE_EXACT,B,B,False,False
beijing,Wanliu,72,3,origin_week,20544,168,AP2,constant,hist_gradient_boosting,0,PAIRWISE_EXACT,A,A,False,False
beijing,Wanliu,72,3,origin_week,20544,168,AP2,logistic,hist_gradient_boosting,0,PAIRWISE_EXACT,A,A,False,False
beijing,Wanliu,72,3,origin_week,20712,168,AP2,constant,logistic,0,PAIRWISE_EXACT,A,A,False,False
beijing,Wanliu,72,3,origin_week,20712,168,AP2,constant,hist_gradient_boosting,0,PAIRWISE_EXACT,A,A,False,False
beijing,Wanliu,72,3,origin_week,20712,168,AP2,logistic,hist_gradient_boosting,0,PAIRWISE_EXACT,A,A,False,False
beijing,Wanliu,72,3,origin_week,20880,168,AP2,constant,logistic,0,PAIRWISE_EXACT,B,B,False,False
beijing,Wanliu,72,3,origin_week,20880,168,AP2,constant,hist_gradient_boosting,0,PAIRWISE_EXACT,B,B,False,False
beijing,Wanliu,72,3,origin_week,20880,168,AP2,logistic,hist_gradient_boosting,0,PAIRWISE_EXACT,A,A,False,False
beijing,Wanliu,72,3,origin_week,21048,168,AP2,constant,logistic,0,PAIRWISE_EXACT,A,A,False,False
beijing,Wanliu,72,3,origin_week,21048,168,AP2,constant,hist_gradient_boosting,0,PAIRWISE_EXACT,A,A,False,False
beijing,Wanliu,72,3,origin_week,21048,168,AP2,logistic,hist_gradient_boosting,0,PAIRWISE_EXACT,A,A,False,False
beijing,Wanliu,72,3,origin_week,21216,168,AP2,constant,logistic,0,PAIRWISE_EXACT,A,A,False,False
beijing,Wanliu,72,3,origin_week,21216,168,AP2,constant,hist_gradient_boosting,0,PAIRWISE_EXACT,A,A,False,False
beijing,Wanliu,72,3,origin_week,21216,168,AP2,logistic,hist_gradient_boosting,0,PAIRWISE_EXACT,B,B,False,False
beijing,Wanliu,72,3,origin_week,21384,168,AP2,constant,logistic,0,PAIRWISE_EXACT,B,B,False,False
beijing,Wanliu,72,3,origin_week,21384,168,AP2,constant,hist_gradient_boosting,0,PAIRWISE_EXACT,A,A,False,False
beijing,Wanliu,72,3,origin_week,21384,168,AP2,logistic,hist_gradient_boosting,0,PAIRWISE_EXACT,A,A,False,False
beijing,Wanliu,72,3,origin_week,21552,168,AP2,constant,logistic,0,PAIRWISE_EXACT,A,A,False,False
beijing,Wanliu,72,3,origin_week,21552,168,AP2,constant,hist_gradient_boosting,0,PAIRWISE_EXACT,B,B,False,False
beijing,Wanliu,72,3,origin_week,21552,168,AP2,logistic,hist_gradient_boosting,0,PAIRWISE_EXACT,B,B,False,False
beijing,Wanliu,72,3,origin_week,21720,168,AP2,constant,logistic,0,PAIRWISE_EXACT,B,B,False,False
beijing,Wanliu,72,3,origin_week,21720,168,AP2,constant,hist_gradient_boosting,0,PAIRWISE_EXACT,B,B,False,False
beijing,Wanliu,72,3,origin_week,21720,168,AP2,logistic,hist_gradient_boosting,0,PAIRWISE_EXACT,B,B,False,False
beijing,Wanliu,72,3,origin_week,21888,168,AP2,constant,logistic,0,PAIRWISE_EXACT,B,B,False,False
beijing,Wanliu,72,3,origin_week,21888,168,AP2,constant,hist_gradient_boosting,0,PAIRWISE_EXACT,B,B,False,False
beijing,Wanliu,72,3,origin_week,21888,168,AP2,logistic,hist_gradient_boosting,0,PAIRWISE_EXACT,B,B,False,False
beijing,Wanliu,72,3,origin_week,22056,168,AP2,constant,logistic,0,PAIRWISE_EXACT,B,B,False,False
beijing,Wanliu,72,3,origin_week,22056,168,AP2,constant,hist_gradient_boosting,0,PAIRWISE_EXACT,B,B,False,False
beijing,Wanliu,72,3,origin_week,22056,168,AP2,logistic,hist_gradient_boosting,0,PAIRWISE_EXACT,B,B,False,False
beijing,Wanliu,72,3,origin_week,22224,168,AP2,constant,logistic,0,PAIRWISE_EXACT,B,B,False,False
beijing,Wanliu,72,3,origin_week,22224,168,AP2,constant,hist_gradient_boosting,0,PAIRWISE_EXACT,A,A,False,False
beijing,Wanliu,72,3,origin_week,22224,168,AP2,logistic,hist_gradient_boosting,0,PAIRWISE_EXACT,A,A,False,False
beijing,Wanliu,72,3,origin_week,22392,168,AP2,constant,logistic,0,PAIRWISE_EXACT,B,B,False,False
beijing,Wanliu,72,3,origin_week,22392,168,AP2,constant,hist_gradient_boosting,0,PAIRWISE_EXACT,B,B,False,False
beijing,Wanliu,72,3,origin_week,22392,168,AP2,logistic,hist_gradient_boosting,0,PAIRWISE_EXACT,A,A,False,False
beijing,Wanliu,72,3,origin_week,22560,168,AP2,constant,logistic,0,PAIRWISE_EXACT,A,A,False,False
beijing,Wanliu,72,3,origin_week,22560,168,AP2,constant,hist_gradient_boosting,0,PAIRWISE_EXACT,A,A,False,False
beijing,Wanliu,72,3,origin_week,22560,168,AP2,logistic,hist_gradient_boosting,0,PAIRWISE_EXACT,A,A,False,False
beijing,Wanliu,72,3,origin_week,22728,168,AP2,constant,logistic,0,PAIRWISE_EXACT,A,A,False,False
beijing,Wanliu,72,3,origin_week,22728,168,AP2,constant,hist_gradient_boosting,0,PAIRWISE_EXACT,A,A,False,False
beijing,Wanliu,72,3,origin_week,22728,168,AP2,logistic,hist_gradient_boosting,0,PAIRWISE_EXACT,A,A,False,False
beijing,Wanliu,72,3,origin_week,22896,168,AP2,constant,logistic,0,PAIRWISE_EXACT,B,B,False,False
beijing,Wanliu,72,3,origin_week,22896,168,AP2,constant,hist_gradient_boosting,0,PAIRWISE_EXACT,B,B,False,False
beijing,Wanliu,72,3,origin_week,22896,168,AP2,logistic,hist_gradient_boosting,0,PAIRWISE_EXACT,A,A,False,False
beijing,Wanliu,72,3,origin_week,23064,168,AP2,constant,logistic,0,PAIRWISE_EXACT,A,A,False,False
beijing,Wanliu,72,3,origin_week,23064,168,AP2,constant,hist_gradient_boosting,0,PAIRWISE_EXACT,A,A,False,False
beijing,Wanliu,72,3,origin_week,23064,168,AP2,logistic,hist_gradient_boosting,0,PAIRWISE_EXACT,A,A,False,False
beijing,Wanliu,72,3,origin_week,23232,168,AP2,constant,logistic,0,PAIRWISE_EXACT,B,B,False,False
beijing,Wanliu,72,3,origin_week,23232,168,AP2,constant,hist_gradient_boosting,0,PAIRWISE_EXACT,B,B,False,False
beijing,Wanliu,72,3,origin_week,23232,168,AP2,logistic,hist_gradient_boosting,0,PAIRWISE_EXACT,B,B,False,False
beijing,Wanliu,72,3,origin_week,23400,168,AP2,constant,logistic,0,PAIRWISE_EXACT,B,B,False,False
beijing,Wanliu,72,3,origin_week,23400,168,AP2,constant,hist_gradient_boosting,0,PAIRWISE_EXACT,B,B,False,False
beijing,Wanliu,72,3,origin_week,23400,168,AP2,logistic,hist_gradient_boosting,0,PAIRWISE_EXACT,A,A,False,False
beijing,Wanliu,72,3,origin_week,23568,168,AP2,constant,logistic,0,PAIRWISE_EXACT,B,B,False,False
beijing,Wanliu,72,3,origin_week,23568,168,AP2,constant,hist_gradient_boosting,0,PAIRWISE_EXACT,B,B,False,False
beijing,Wanliu,72,3,origin_week,23568,168,AP2,logistic,hist_gradient_boosting,0,PAIRWISE_EXACT,A,A,False,False
beijing,Wanliu,72,3,origin_week,23736,168,AP2,constant,logistic,0,PAIRWISE_EXACT,A,A,False,False
beijing,Wanliu,72,3,origin_week,23736,168,AP2,constant,hist_gradient_boosting,0,PAIRWISE_EXACT,A,A,False,False
beijing,Wanliu,72,3,origin_week,23736,168,AP2,logistic,hist_gradient_boosting,0,PAIRWISE_EXACT,B,B,False,False
beijing,Wanliu,72,3,origin_week,23904,168,AP2,constant,logistic,0,PAIRWISE_EXACT,B,B,False,False
beijing,Wanliu,72,3,origin_week,23904,168,AP2,constant,hist_gradient_boosting,0,PAIRWISE_EXACT,A,A,False,False
beijing,Wanliu,72,3,origin_week,23904,168,AP2,logistic,hist_gradient_boosting,0,PAIRWISE_EXACT,A,A,False,False
beijing,Wanliu,72,3,origin_week,24072,168,AP2,constant,logistic,1,PAIRWISE_EXACT,B,B,False,False
beijing,Wanliu,72,3,origin_week,24072,168,AP2,constant,hist_gradient_boosting,1,PAIRWISE_EXACT,A,A,False,False
beijing,Wanliu,72,3,origin_week,24072,168,AP2,logistic,hist_gradient_boosting,1,PAIRWISE_EXACT,A,A,False,False
beijing,Wanliu,72,3,origin_week,24240,168,AP2,constant,logistic,0,PAIRWISE_EXACT,B,B,False,False
beijing,Wanliu,72,3,origin_week,24240,168,AP2,constant,hist_gradient_boosting,0,PAIRWISE_EXACT,B,B,False,False
beijing,Wanliu,72,3,origin_week,24240,168,AP2,logistic,hist_gradient_boosting,0,PAIRWISE_EXACT,A,A,False,False
beijing,Wanliu,72,3,origin_week,24408,168,AP2,constant,logistic,0,PAIRWISE_EXACT,B,B,False,False
beijing,Wanliu,72,3,origin_week,24408,168,AP2,constant,hist_gradient_boosting,0,PAIRWISE_EXACT,B,B,False,False
beijing,Wanliu,72,3,origin_week,24408,168,AP2,logistic,hist_gradient_boosting,0,PAIRWISE_EXACT,B,B,False,False
beijing,Wanliu,72,3,origin_week,24576,168,AP2,constant,logistic,0,PAIRWISE_EXACT,B,B,False,False
beijing,Wanliu,72,3,origin_week,24576,168,AP2,constant,hist_gradient_boosting,0,PAIRWISE_EXACT,B,B,False,False
beijing,Wanliu,72,3,origin_week,24576,168,AP2,logistic,hist_gradient_boosting,0,PAIRWISE_EXACT,A,A,False,False
beijing,Wanliu,72,3,origin_week,24744,168,AP2,constant,logistic,0,PAIRWISE_EXACT,B,B,False,False
beijing,Wanliu,72,3,origin_week,24744,168,AP2,constant,hist_gradient_boosting,0,PAIRWISE_EXACT,A,A,False,False
beijing,Wanliu,72,3,origin_week,24744,168,AP2,logistic,hist_gradient_boosting,0,PAIRWISE_EXACT,A,A,False,False
beijing,Wanliu,72,3,origin_week,24912,168,AP2,constant,logistic,0,PAIRWISE_EXACT,B,B,False,False
beijing,Wanliu,72,3,origin_week,24912,168,AP2,constant,hist_gradient_boosting,0,PAIRWISE_EXACT,A,A,False,False
beijing,Wanliu,72,3,origin_week,24912,168,AP2,logistic,hist_gradient_boosting,0,PAIRWISE_EXACT,A,A,False,False
beijing,Wanliu,72,3,origin_week,25080,168,AP2,constant,logistic,0,PAIRWISE_EXACT,A,A,False,False
beijing,Wanliu,72,3,origin_week,25080,168,AP2,constant,hist_gradient_boosting,0,PAIRWISE_EXACT,A,A,False,False
beijing,Wanliu,72,3,origin_week,25080,168,AP2,logistic,hist_gradient_boosting,0,PAIRWISE_EXACT,B,B,False,False
beijing,Wanliu,72,3,origin_week,25248,168,AP2,constant,logistic,0,PAIRWISE_EXACT,A,A,False,False
beijing,Wanliu,72,3,origin_week,25248,168,AP2,constant,hist_gradient_boosting,0,PAIRWISE_EXACT,A,A,False,False
beijing,Wanliu,72,3,origin_week,25248,168,AP2,logistic,hist_gradient_boosting,0,PAIRWISE_EXACT,B,B,False,False
beijing,Wanliu,72,3,origin_week,25416,168,AP2,constant,logistic,0,PAIRWISE_EXACT,A,A,False,False
beijing,Wanliu,72,3,origin_week,25416,168,AP2,constant,hist_gradient_boosting,0,PAIRWISE_EXACT,A,A,False,False
beijing,Wanliu,72,3,origin_week,25416,168,AP2,logistic,hist_gradient_boosting,0,PAIRWISE_EXACT,A,A,False,False
beijing,Wanliu,72,3,origin_week,25584,168,AP2,constant,logistic,70,PAIRWISE_EXACT,OPPOSITE_POSSIBLE,OPPOSITE_POSSIBLE,False,False
beijing,Wanliu,72,3,origin_week,25584,168,AP2,constant,hist_gradient_boosting,70,PAIRWISE_EXACT,B,B,False,False
beijing,Wanliu,72,3,origin_week,25584,168,AP2,logistic,hist_gradient_boosting,70,PAIRWISE_EXACT,B,B,False,False
beijing,Wanliu,72,3,origin_week,25752,168,AP2,constant,logistic,0,PAIRWISE_EXACT,B,B,False,False
beijing,Wanliu,72,3,origin_week,25752,168,AP2,constant,hist_gradient_boosting,0,PAIRWISE_EXACT,A,A,False,False
beijing,Wanliu,72,3,origin_week,25752,168,AP2,logistic,hist_gradient_boosting,0,PAIRWISE_EXACT,A,A,False,False
beijing,Wanliu,72,3,origin_week,25920,168,AP2,constant,logistic,0,PAIRWISE_EXACT,B,B,False,False
beijing,Wanliu,72,3,origin_week,25920,168,AP2,constant,hist_gradient_boosting,0,PAIRWISE_EXACT,A,A,False,False
beijing,Wanliu,72,3,origin_week,25920,168,AP2,logistic,hist_gradient_boosting,0,PAIRWISE_EXACT,A,A,False,False
beijing,Wanliu,72,3,origin_week,26088,145,AP2,constant,logistic,0,PAIRWISE_EXACT,B,B,False,False
beijing,Wanliu,72,3,origin_week,26088,145,AP2,constant,hist_gradient_boosting,0,PAIRWISE_EXACT,B,B,False,False
beijing,Wanliu,72,3,origin_week,26088,145,AP2,logistic,hist_gradient_boosting,0,PAIRWISE_EXACT,B,B,False,False
beijing,Wanshouxigong,24,3,annual,17520,8761,AP2,constant,logistic,232,PAIRWISE_INSUFFICIENT,B,B,False,True
beijing,Wanshouxigong,24,3,annual,17520,8761,AP2,constant,hist_gradient_boosting,232,PAIRWISE_INSUFFICIENT,B,B,False,False
beijing,Wanshouxigong,24,3,annual,17520,8761,AP2,logistic,hist_gradient_boosting,232,PAIRWISE_INSUFFICIENT,B,B,False,False
beijing,Wanshouxigong,24,3,origin_week,17520,168,AP2,constant,logistic,0,PAIRWISE_EXACT,B,B,False,False
beijing,Wanshouxigong,24,3,origin_week,17520,168,AP2,constant,hist_gradient_boosting,0,PAIRWISE_EXACT,B,B,False,False
beijing,Wanshouxigong,24,3,origin_week,17520,168,AP2,logistic,hist_gradient_boosting,0,PAIRWISE_EXACT,A,A,False,False
beijing,Wanshouxigong,24,3,origin_week,17688,168,AP2,constant,logistic,0,PAIRWISE_EXACT,B,B,False,False
beijing,Wanshouxigong,24,3,origin_week,17688,168,AP2,constant,hist_gradient_boosting,0,PAIRWISE_EXACT,B,B,False,False
beijing,Wanshouxigong,24,3,origin_week,17688,168,AP2,logistic,hist_gradient_boosting,0,PAIRWISE_EXACT,A,A,False,False
beijing,Wanshouxigong,24,3,origin_week,17856,168,AP2,constant,logistic,0,PAIRWISE_EXACT,B,B,False,False
beijing,Wanshouxigong,24,3,origin_week,17856,168,AP2,constant,hist_gradient_boosting,0,PAIRWISE_EXACT,B,B,False,False
beijing,Wanshouxigong,24,3,origin_week,17856,168,AP2,logistic,hist_gradient_boosting,0,PAIRWISE_EXACT,A,A,False,False
beijing,Wanshouxigong,24,3,origin_week,18024,168,AP2,constant,logistic,0,PAIRWISE_EXACT,B,B,False,False
beijing,Wanshouxigong,24,3,origin_week,18024,168,AP2,constant,hist_gradient_boosting,0,PAIRWISE_EXACT,B,B,False,False
beijing,Wanshouxigong,24,3,origin_week,18024,168,AP2,logistic,hist_gradient_boosting,0,PAIRWISE_EXACT,B,B,False,False
beijing,Wanshouxigong,24,3,origin_week,18192,168,AP2,constant,logistic,5,PAIRWISE_EXACT,B,B,False,False
beijing,Wanshouxigong,24,3,origin_week,18192,168,AP2,constant,hist_gradient_boosting,5,PAIRWISE_EXACT,B,B,False,False
beijing,Wanshouxigong,24,3,origin_week,18192,168,AP2,logistic,hist_gradient_boosting,5,PAIRWISE_EXACT,B,B,False,False
beijing,Wanshouxigong,24,3,origin_week,18360,168,AP2,constant,logistic,0,PAIRWISE_EXACT,B,B,False,False
beijing,Wanshouxigong,24,3,origin_week,18360,168,AP2,constant,hist_gradient_boosting,0,PAIRWISE_EXACT,B,B,False,False
beijing,Wanshouxigong,24,3,origin_week,18360,168,AP2,logistic,hist_gradient_boosting,0,PAIRWISE_EXACT,B,B,False,False
beijing,Wanshouxigong,24,3,origin_week,18528,168,AP2,constant,logistic,39,PAIRWISE_EXACT,B,B,False,False
beijing,Wanshouxigong,24,3,origin_week,18528,168,AP2,constant,hist_gradient_boosting,39,PAIRWISE_EXACT,B,B,False,False
beijing,Wanshouxigong,24,3,origin_week,18528,168,AP2,logistic,hist_gradient_boosting,39,PAIRWISE_EXACT,B,B,False,False
beijing,Wanshouxigong,24,3,origin_week,18696,168,AP2,constant,logistic,0,PAIRWISE_EXACT,B,B,False,False
beijing,Wanshouxigong,24,3,origin_week,18696,168,AP2,constant,hist_gradient_boosting,0,PAIRWISE_EXACT,B,B,False,False
beijing,Wanshouxigong,24,3,origin_week,18696,168,AP2,logistic,hist_gradient_boosting,0,PAIRWISE_EXACT,B,B,False,False
beijing,Wanshouxigong,24,3,origin_week,18864,168,AP2,constant,logistic,0,PAIRWISE_EXACT,B,B,False,False
beijing,Wanshouxigong,24,3,origin_week,18864,168,AP2,constant,hist_gradient_boosting,0,PAIRWISE_EXACT,B,B,False,False
beijing,Wanshouxigong,24,3,origin_week,18864,168,AP2,logistic,hist_gradient_boosting,0,PAIRWISE_EXACT,B,B,False,False
beijing,Wanshouxigong,24,3,origin_week,19032,168,AP2,constant,logistic,30,PAIRWISE_EXACT,B,B,False,False
beijing,Wanshouxigong,24,3,origin_week,19032,168,AP2,constant,hist_gradient_boosting,30,PAIRWISE_EXACT,B,B,False,False
beijing,Wanshouxigong,24,3,origin_week,19032,168,AP2,logistic,hist_gradient_boosting,30,PAIRWISE_EXACT,B,B,False,False
beijing,Wanshouxigong,24,3,origin_week,19200,168,AP2,constant,logistic,0,PAIRWISE_EXACT,B,B,False,False
beijing,Wanshouxigong,24,3,origin_week,19200,168,AP2,constant,hist_gradient_boosting,0,PAIRWISE_EXACT,B,B,False,False
beijing,Wanshouxigong,24,3,origin_week,19200,168,AP2,logistic,hist_gradient_boosting,0,PAIRWISE_EXACT,B,B,False,False
beijing,Wanshouxigong,24,3,origin_week,19368,168,AP2,constant,logistic,0,PAIRWISE_EXACT,B,B,False,False
beijing,Wanshouxigong,24,3,origin_week,19368,168,AP2,constant,hist_gradient_boosting,0,PAIRWISE_EXACT,B,B,False,False
beijing,Wanshouxigong,24,3,origin_week,19368,168,AP2,logistic,hist_gradient_boosting,0,PAIRWISE_EXACT,B,B,False,False
beijing,Wanshouxigong,24,3,origin_week,19536,168,AP2,constant,logistic,23,PAIRWISE_INSUFFICIENT,OPPOSITE_POSSIBLE,OPPOSITE_POSSIBLE,False,True
beijing,Wanshouxigong,24,3,origin_week,19536,168,AP2,constant,hist_gradient_boosting,23,PAIRWISE_INSUFFICIENT,OPPOSITE_POSSIBLE,OPPOSITE_POSSIBLE,False,False
beijing,Wanshouxigong,24,3,origin_week,19536,168,AP2,logistic,hist_gradient_boosting,23,PAIRWISE_INSUFFICIENT,A,A,False,False
beijing,Wanshouxigong,24,3,origin_week,19704,168,AP2,constant,logistic,0,PAIRWISE_EXACT,B,B,False,False
beijing,Wanshouxigong,24,3,origin_week,19704,168,AP2,constant,hist_gradient_boosting,0,PAIRWISE_EXACT,B,B,False,False
beijing,Wanshouxigong,24,3,origin_week,19704,168,AP2,logistic,hist_gradient_boosting,0,PAIRWISE_EXACT,B,B,False,False
beijing,Wanshouxigong,24,3,origin_week,19872,168,AP2,constant,logistic,0,PAIRWISE_EXACT,B,B,False,False
beijing,Wanshouxigong,24,3,origin_week,19872,168,AP2,constant,hist_gradient_boosting,0,PAIRWISE_EXACT,B,B,False,False
beijing,Wanshouxigong,24,3,origin_week,19872,168,AP2,logistic,hist_gradient_boosting,0,PAIRWISE_EXACT,B,B,False,False
beijing,Wanshouxigong,24,3,origin_week,20040,168,AP2,constant,logistic,31,PAIRWISE_INSUFFICIENT,B,B,False,False
beijing,Wanshouxigong,24,3,origin_week,20040,168,AP2,constant,hist_gradient_boosting,31,PAIRWISE_INSUFFICIENT,B,B,False,False
beijing,Wanshouxigong,24,3,origin_week,20040,168,AP2,logistic,hist_gradient_boosting,31,PAIRWISE_INSUFFICIENT,B,B,False,False
beijing,Wanshouxigong,24,3,origin_week,20208,168,AP2,constant,logistic,0,PAIRWISE_EXACT,B,B,False,False
beijing,Wanshouxigong,24,3,origin_week,20208,168,AP2,constant,hist_gradient_boosting,0,PAIRWISE_EXACT,B,B,False,False
beijing,Wanshouxigong,24,3,origin_week,20208,168,AP2,logistic,hist_gradient_boosting,0,PAIRWISE_EXACT,B,B,False,False
beijing,Wanshouxigong,24,3,origin_week,20376,168,AP2,constant,logistic,0,PAIRWISE_EXACT,B,B,False,False
beijing,Wanshouxigong,24,3,origin_week,20376,168,AP2,constant,hist_gradient_boosting,0,PAIRWISE_EXACT,B,B,False,False
beijing,Wanshouxigong,24,3,origin_week,20376,168,AP2,logistic,hist_gradient_boosting,0,PAIRWISE_EXACT,B,B,False,False
beijing,Wanshouxigong,24,3,origin_week,20544,168,AP2,constant,logistic,0,PAIRWISE_EXACT,B,B,False,False
beijing,Wanshouxigong,24,3,origin_week,20544,168,AP2,constant,hist_gradient_boosting,0,PAIRWISE_EXACT,B,B,False,False
beijing,Wanshouxigong,24,3,origin_week,20544,168,AP2,logistic,hist_gradient_boosting,0,PAIRWISE_EXACT,A,A,False,False
beijing,Wanshouxigong,24,3,origin_week,20712,168,AP2,constant,logistic,0,PAIRWISE_EXACT,B,B,False,False
beijing,Wanshouxigong,24,3,origin_week,20712,168,AP2,constant,hist_gradient_boosting,0,PAIRWISE_EXACT,B,B,False,False
beijing,Wanshouxigong,24,3,origin_week,20712,168,AP2,logistic,hist_gradient_boosting,0,PAIRWISE_EXACT,B,B,False,False
beijing,Wanshouxigong,24,3,origin_week,20880,168,AP2,constant,logistic,0,PAIRWISE_EXACT,B,B,False,False
beijing,Wanshouxigong,24,3,origin_week,20880,168,AP2,constant,hist_gradient_boosting,0,PAIRWISE_EXACT,B,B,False,False
beijing,Wanshouxigong,24,3,origin_week,20880,168,AP2,logistic,hist_gradient_boosting,0,PAIRWISE_EXACT,B,B,False,False
beijing,Wanshouxigong,24,3,origin_week,21048,168,AP2,constant,logistic,2,PAIRWISE_EXACT,OPPOSITE_POSSIBLE,OPPOSITE_POSSIBLE,False,False
beijing,Wanshouxigong,24,3,origin_week,21048,168,AP2,constant,hist_gradient_boosting,2,PAIRWISE_EXACT,OPPOSITE_POSSIBLE,OPPOSITE_POSSIBLE,False,False
beijing,Wanshouxigong,24,3,origin_week,21048,168,AP2,logistic,hist_gradient_boosting,2,PAIRWISE_EXACT,A,A,False,False
beijing,Wanshouxigong,24,3,origin_week,21216,168,AP2,constant,logistic,4,PAIRWISE_EXACT,OPPOSITE_POSSIBLE,OPPOSITE_POSSIBLE,False,False
beijing,Wanshouxigong,24,3,origin_week,21216,168,AP2,constant,hist_gradient_boosting,4,PAIRWISE_EXACT,A,A,False,False
beijing,Wanshouxigong,24,3,origin_week,21216,168,AP2,logistic,hist_gradient_boosting,4,PAIRWISE_EXACT,A,A,False,False
beijing,Wanshouxigong,24,3,origin_week,21384,168,AP2,constant,logistic,0,PAIRWISE_EXACT,B,B,False,False
beijing,Wanshouxigong,24,3,origin_week,21384,168,AP2,constant,hist_gradient_boosting,0,PAIRWISE_EXACT,B,B,False,False
beijing,Wanshouxigong,24,3,origin_week,21384,168,AP2,logistic,hist_gradient_boosting,0,PAIRWISE_EXACT,B,B,False,False
beijing,Wanshouxigong,24,3,origin_week,21552,168,AP2,constant,logistic,22,PAIRWISE_EXACT,B,B,False,False
beijing,Wanshouxigong,24,3,origin_week,21552,168,AP2,constant,hist_gradient_boosting,22,PAIRWISE_EXACT,B,B,False,False
beijing,Wanshouxigong,24,3,origin_week,21552,168,AP2,logistic,hist_gradient_boosting,22,PAIRWISE_EXACT,B,B,False,False
beijing,Wanshouxigong,24,3,origin_week,21720,168,AP2,constant,logistic,0,PAIRWISE_EXACT,B,B,False,False
beijing,Wanshouxigong,24,3,origin_week,21720,168,AP2,constant,hist_gradient_boosting,0,PAIRWISE_EXACT,B,B,False,False
beijing,Wanshouxigong,24,3,origin_week,21720,168,AP2,logistic,hist_gradient_boosting,0,PAIRWISE_EXACT,B,B,False,False
beijing,Wanshouxigong,24,3,origin_week,21888,168,AP2,constant,logistic,28,PAIRWISE_INSUFFICIENT,B,B,False,False
beijing,Wanshouxigong,24,3,origin_week,21888,168,AP2,constant,hist_gradient_boosting,28,PAIRWISE_INSUFFICIENT,B,B,False,False
beijing,Wanshouxigong,24,3,origin_week,21888,168,AP2,logistic,hist_gradient_boosting,28,PAIRWISE_INSUFFICIENT,B,B,False,False
beijing,Wanshouxigong,24,3,origin_week,22056,168,AP2,constant,logistic,0,PAIRWISE_EXACT,B,B,False,False
beijing,Wanshouxigong,24,3,origin_week,22056,168,AP2,constant,hist_gradient_boosting,0,PAIRWISE_EXACT,B,B,False,False
beijing,Wanshouxigong,24,3,origin_week,22056,168,AP2,logistic,hist_gradient_boosting,0,PAIRWISE_EXACT,B,B,False,False
beijing,Wanshouxigong,24,3,origin_week,22224,168,AP2,constant,logistic,6,PAIRWISE_EXACT,B,B,False,False
beijing,Wanshouxigong,24,3,origin_week,22224,168,AP2,constant,hist_gradient_boosting,6,PAIRWISE_EXACT,A,A,False,False
beijing,Wanshouxigong,24,3,origin_week,22224,168,AP2,logistic,hist_gradient_boosting,6,PAIRWISE_EXACT,A,A,False,False
beijing,Wanshouxigong,24,3,origin_week,22392,168,AP2,constant,logistic,0,PAIRWISE_EXACT,B,B,False,False
beijing,Wanshouxigong,24,3,origin_week,22392,168,AP2,constant,hist_gradient_boosting,0,PAIRWISE_EXACT,B,B,False,False
beijing,Wanshouxigong,24,3,origin_week,22392,168,AP2,logistic,hist_gradient_boosting,0,PAIRWISE_EXACT,B,B,False,False
beijing,Wanshouxigong,24,3,origin_week,22560,168,AP2,constant,logistic,0,PAIRWISE_EXACT,B,B,False,False
beijing,Wanshouxigong,24,3,origin_week,22560,168,AP2,constant,hist_gradient_boosting,0,PAIRWISE_EXACT,B,B,False,False
beijing,Wanshouxigong,24,3,origin_week,22560,168,AP2,logistic,hist_gradient_boosting,0,PAIRWISE_EXACT,B,B,False,False
beijing,Wanshouxigong,24,3,origin_week,22728,168,AP2,constant,logistic,0,PAIRWISE_EXACT,B,B,False,False
beijing,Wanshouxigong,24,3,origin_week,22728,168,AP2,constant,hist_gradient_boosting,0,PAIRWISE_EXACT,B,B,False,False
beijing,Wanshouxigong,24,3,origin_week,22728,168,AP2,logistic,hist_gradient_boosting,0,PAIRWISE_EXACT,B,B,False,False
beijing,Wanshouxigong,24,3,origin_week,22896,168,AP2,constant,logistic,0,PAIRWISE_EXACT,B,B,False,False
beijing,Wanshouxigong,24,3,origin_week,22896,168,AP2,constant,hist_gradient_boosting,0,PAIRWISE_EXACT,B,B,False,False
beijing,Wanshouxigong,24,3,origin_week,22896,168,AP2,logistic,hist_gradient_boosting,0,PAIRWISE_EXACT,B,B,False,False
beijing,Wanshouxigong,24,3,origin_week,23064,168,AP2,constant,logistic,0,PAIRWISE_EXACT,A,A,False,False
beijing,Wanshouxigong,24,3,origin_week,23064,168,AP2,constant,hist_gradient_boosting,0,PAIRWISE_EXACT,A,A,False,False
beijing,Wanshouxigong,24,3,origin_week,23064,168,AP2,logistic,hist_gradient_boosting,0,PAIRWISE_EXACT,A,A,False,False
beijing,Wanshouxigong,24,3,origin_week,23232,168,AP2,constant,logistic,0,PAIRWISE_EXACT,B,B,False,False
beijing,Wanshouxigong,24,3,origin_week,23232,168,AP2,constant,hist_gradient_boosting,0,PAIRWISE_EXACT,B,B,False,False
beijing,Wanshouxigong,24,3,origin_week,23232,168,AP2,logistic,hist_gradient_boosting,0,PAIRWISE_EXACT,B,B,False,False
beijing,Wanshouxigong,24,3,origin_week,23400,168,AP2,constant,logistic,0,PAIRWISE_EXACT,B,B,False,False
beijing,Wanshouxigong,24,3,origin_week,23400,168,AP2,constant,hist_gradient_boosting,0,PAIRWISE_EXACT,B,B,False,False
beijing,Wanshouxigong,24,3,origin_week,23400,168,AP2,logistic,hist_gradient_boosting,0,PAIRWISE_EXACT,A,A,False,False
beijing,Wanshouxigong,24,3,origin_week,23568,168,AP2,constant,logistic,0,PAIRWISE_EXACT,B,B,False,False
beijing,Wanshouxigong,24,3,origin_week,23568,168,AP2,constant,hist_gradient_boosting,0,PAIRWISE_EXACT,B,B,False,False
beijing,Wanshouxigong,24,3,origin_week,23568,168,AP2,logistic,hist_gradient_boosting,0,PAIRWISE_EXACT,A,A,False,False
beijing,Wanshouxigong,24,3,origin_week,23736,168,AP2,constant,logistic,23,PAIRWISE_EXACT,OPPOSITE_POSSIBLE,OPPOSITE_POSSIBLE,False,False
beijing,Wanshouxigong,24,3,origin_week,23736,168,AP2,constant,hist_gradient_boosting,23,PAIRWISE_EXACT,OPPOSITE_POSSIBLE,OPPOSITE_POSSIBLE,False,False
beijing,Wanshouxigong,24,3,origin_week,23736,168,AP2,logistic,hist_gradient_boosting,23,PAIRWISE_EXACT,A,A,False,False
beijing,Wanshouxigong,24,3,origin_week,23904,168,AP2,constant,logistic,0,PAIRWISE_EXACT,B,B,False,False
beijing,Wanshouxigong,24,3,origin_week,23904,168,AP2,constant,hist_gradient_boosting,0,PAIRWISE_EXACT,A,A,False,False
beijing,Wanshouxigong,24,3,origin_week,23904,168,AP2,logistic,hist_gradient_boosting,0,PAIRWISE_EXACT,A,A,False,False
beijing,Wanshouxigong,24,3,origin_week,24072,168,AP2,constant,logistic,4,PAIRWISE_EXACT,B,B,False,False
beijing,Wanshouxigong,24,3,origin_week,24072,168,AP2,constant,hist_gradient_boosting,4,PAIRWISE_EXACT,B,B,False,False
beijing,Wanshouxigong,24,3,origin_week,24072,168,AP2,logistic,hist_gradient_boosting,4,PAIRWISE_EXACT,A,A,False,False
beijing,Wanshouxigong,24,3,origin_week,24240,168,AP2,constant,logistic,0,PAIRWISE_EXACT,B,B,False,False
beijing,Wanshouxigong,24,3,origin_week,24240,168,AP2,constant,hist_gradient_boosting,0,PAIRWISE_EXACT,B,B,False,False
beijing,Wanshouxigong,24,3,origin_week,24240,168,AP2,logistic,hist_gradient_boosting,0,PAIRWISE_EXACT,B,B,False,False
beijing,Wanshouxigong,24,3,origin_week,24408,168,AP2,constant,logistic,0,PAIRWISE_EXACT,B,B,False,False
beijing,Wanshouxigong,24,3,origin_week,24408,168,AP2,constant,hist_gradient_boosting,0,PAIRWISE_EXACT,B,B,False,False
beijing,Wanshouxigong,24,3,origin_week,24408,168,AP2,logistic,hist_gradient_boosting,0,PAIRWISE_EXACT,A,A,False,False
beijing,Wanshouxigong,24,3,origin_week,24576,168,AP2,constant,logistic,3,PAIRWISE_EXACT,B,B,False,False
beijing,Wanshouxigong,24,3,origin_week,24576,168,AP2,constant,hist_gradient_boosting,3,PAIRWISE_EXACT,B,B,False,False
beijing,Wanshouxigong,24,3,origin_week,24576,168,AP2,logistic,hist_gradient_boosting,3,PAIRWISE_EXACT,A,A,False,False
beijing,Wanshouxigong,24,3,origin_week,24744,168,AP2,constant,logistic,2,PAIRWISE_EXACT,A,A,False,False
beijing,Wanshouxigong,24,3,origin_week,24744,168,AP2,constant,hist_gradient_boosting,2,PAIRWISE_EXACT,A,A,False,False
beijing,Wanshouxigong,24,3,origin_week,24744,168,AP2,logistic,hist_gradient_boosting,2,PAIRWISE_EXACT,A,A,False,False
beijing,Wanshouxigong,24,3,origin_week,24912,168,AP2,constant,logistic,10,PAIRWISE_EXACT,B,B,False,False
beijing,Wanshouxigong,24,3,origin_week,24912,168,AP2,constant,hist_gradient_boosting,10,PAIRWISE_EXACT,A,A,False,False
beijing,Wanshouxigong,24,3,origin_week,24912,168,AP2,logistic,hist_gradient_boosting,10,PAIRWISE_EXACT,A,A,False,False
beijing,Wanshouxigong,24,3,origin_week,25080,168,AP2,constant,logistic,0,PAIRWISE_EXACT,B,B,False,False
beijing,Wanshouxigong,24,3,origin_week,25080,168,AP2,constant,hist_gradient_boosting,0,PAIRWISE_EXACT,B,B,False,False
beijing,Wanshouxigong,24,3,origin_week,25080,168,AP2,logistic,hist_gradient_boosting,0,PAIRWISE_EXACT,B,B,False,False
beijing,Wanshouxigong,24,3,origin_week,25248,168,AP2,constant,logistic,0,PAIRWISE_EXACT,B,B,False,False
beijing,Wanshouxigong,24,3,origin_week,25248,168,AP2,constant,hist_gradient_boosting,0,PAIRWISE_EXACT,B,B,False,False
beijing,Wanshouxigong,24,3,origin_week,25248,168,AP2,logistic,hist_gradient_boosting,0,PAIRWISE_EXACT,B,B,False,False
beijing,Wanshouxigong,24,3,origin_week,25416,168,AP2,constant,logistic,0,PAIRWISE_EXACT,B,B,False,False
beijing,Wanshouxigong,24,3,origin_week,25416,168,AP2,constant,hist_gradient_boosting,0,PAIRWISE_EXACT,B,B,False,False
beijing,Wanshouxigong,24,3,origin_week,25416,168,AP2,logistic,hist_gradient_boosting,0,PAIRWISE_EXACT,A,A,False,False
beijing,Wanshouxigong,24,3,origin_week,25584,168,AP2,constant,logistic,0,PAIRWISE_EXACT,B,B,False,False
beijing,Wanshouxigong,24,3,origin_week,25584,168,AP2,constant,hist_gradient_boosting,0,PAIRWISE_EXACT,A,A,False,False
beijing,Wanshouxigong,24,3,origin_week,25584,168,AP2,logistic,hist_gradient_boosting,0,PAIRWISE_EXACT,A,A,False,False
beijing,Wanshouxigong,24,3,origin_week,25752,168,AP2,constant,logistic,0,PAIRWISE_EXACT,A,A,False,False
beijing,Wanshouxigong,24,3,origin_week,25752,168,AP2,constant,hist_gradient_boosting,0,PAIRWISE_EXACT,B,B,False,False
beijing,Wanshouxigong,24,3,origin_week,25752,168,AP2,logistic,hist_gradient_boosting,0,PAIRWISE_EXACT,B,B,False,False
beijing,Wanshouxigong,24,3,origin_week,25920,168,AP2,constant,logistic,0,PAIRWISE_EXACT,B,B,False,False
beijing,Wanshouxigong,24,3,origin_week,25920,168,AP2,constant,hist_gradient_boosting,0,PAIRWISE_EXACT,B,B,False,False
beijing,Wanshouxigong,24,3,origin_week,25920,168,AP2,logistic,hist_gradient_boosting,0,PAIRWISE_EXACT,B,B,False,False
beijing,Wanshouxigong,24,3,origin_week,26088,168,AP2,constant,logistic,0,PAIRWISE_EXACT,B,B,False,False
beijing,Wanshouxigong,24,3,origin_week,26088,168,AP2,constant,hist_gradient_boosting,0,PAIRWISE_EXACT,B,B,False,False
beijing,Wanshouxigong,24,3,origin_week,26088,168,AP2,logistic,hist_gradient_boosting,0,PAIRWISE_EXACT,B,B,False,False
beijing,Wanshouxigong,24,3,origin_week,26256,25,AP2,constant,logistic,0,PAIRWISE_EXACT,B,B,False,False
beijing,Wanshouxigong,24,3,origin_week,26256,25,AP2,constant,hist_gradient_boosting,0,PAIRWISE_EXACT,B,B,False,False
beijing,Wanshouxigong,24,3,origin_week,26256,25,AP2,logistic,hist_gradient_boosting,0,PAIRWISE_EXACT,B,B,False,False
beijing,Wanshouxigong,72,3,annual,17520,8713,AP2,constant,logistic,271,PAIRWISE_EXACT,B,B,False,False
beijing,Wanshouxigong,72,3,annual,17520,8713,AP2,constant,hist_gradient_boosting,271,PAIRWISE_EXACT,B,B,False,False
beijing,Wanshouxigong,72,3,annual,17520,8713,AP2,logistic,hist_gradient_boosting,271,PAIRWISE_EXACT,A,A,False,False
beijing,Wanshouxigong,72,3,origin_week,17520,168,AP2,constant,logistic,0,PAIRWISE_EXACT,B,B,False,False
beijing,Wanshouxigong,72,3,origin_week,17520,168,AP2,constant,hist_gradient_boosting,0,PAIRWISE_EXACT,B,B,False,False
beijing,Wanshouxigong,72,3,origin_week,17520,168,AP2,logistic,hist_gradient_boosting,0,PAIRWISE_EXACT,B,B,False,False
beijing,Wanshouxigong,72,3,origin_week,17688,168,AP2,constant,logistic,0,PAIRWISE_EXACT,B,B,False,False
beijing,Wanshouxigong,72,3,origin_week,17688,168,AP2,constant,hist_gradient_boosting,0,PAIRWISE_EXACT,B,B,False,False
beijing,Wanshouxigong,72,3,origin_week,17688,168,AP2,logistic,hist_gradient_boosting,0,PAIRWISE_EXACT,B,B,False,False
beijing,Wanshouxigong,72,3,origin_week,17856,168,AP2,constant,logistic,0,PAIRWISE_EXACT,A,A,False,False
beijing,Wanshouxigong,72,3,origin_week,17856,168,AP2,constant,hist_gradient_boosting,0,PAIRWISE_EXACT,B,B,False,False
beijing,Wanshouxigong,72,3,origin_week,17856,168,AP2,logistic,hist_gradient_boosting,0,PAIRWISE_EXACT,B,B,False,False
beijing,Wanshouxigong,72,3,origin_week,18024,168,AP2,constant,logistic,0,PAIRWISE_EXACT,B,B,False,False
beijing,Wanshouxigong,72,3,origin_week,18024,168,AP2,constant,hist_gradient_boosting,0,PAIRWISE_EXACT,A,A,False,False
beijing,Wanshouxigong,72,3,origin_week,18024,168,AP2,logistic,hist_gradient_boosting,0,PAIRWISE_EXACT,A,A,False,False
beijing,Wanshouxigong,72,3,origin_week,18192,168,AP2,constant,logistic,5,PAIRWISE_EXACT,B,B,False,False
beijing,Wanshouxigong,72,3,origin_week,18192,168,AP2,constant,hist_gradient_boosting,5,PAIRWISE_EXACT,OPPOSITE_POSSIBLE,OPPOSITE_POSSIBLE,False,False
beijing,Wanshouxigong,72,3,origin_week,18192,168,AP2,logistic,hist_gradient_boosting,5,PAIRWISE_EXACT,A,A,False,False
beijing,Wanshouxigong,72,3,origin_week,18360,168,AP2,constant,logistic,3,PAIRWISE_EXACT,OPPOSITE_POSSIBLE,OPPOSITE_POSSIBLE,False,False
beijing,Wanshouxigong,72,3,origin_week,18360,168,AP2,constant,hist_gradient_boosting,3,PAIRWISE_EXACT,A,A,False,False
beijing,Wanshouxigong,72,3,origin_week,18360,168,AP2,logistic,hist_gradient_boosting,3,PAIRWISE_EXACT,A,A,False,False
beijing,Wanshouxigong,72,3,origin_week,18528,168,AP2,constant,logistic,6,PAIRWISE_EXACT,OPPOSITE_POSSIBLE,OPPOSITE_POSSIBLE,False,False
beijing,Wanshouxigong,72,3,origin_week,18528,168,AP2,constant,hist_gradient_boosting,6,PAIRWISE_EXACT,OPPOSITE_POSSIBLE,OPPOSITE_POSSIBLE,False,False
beijing,Wanshouxigong,72,3,origin_week,18528,168,AP2,logistic,hist_gradient_boosting,6,PAIRWISE_EXACT,OPPOSITE_POSSIBLE,OPPOSITE_POSSIBLE,False,False
beijing,Wanshouxigong,72,3,origin_week,18696,168,AP2,constant,logistic,0,PAIRWISE_EXACT,A,A,False,False
beijing,Wanshouxigong,72,3,origin_week,18696,168,AP2,constant,hist_gradient_boosting,0,PAIRWISE_EXACT,A,A,False,False
beijing,Wanshouxigong,72,3,origin_week,18696,168,AP2,logistic,hist_gradient_boosting,0,PAIRWISE_EXACT,A,A,False,False
beijing,Wanshouxigong,72,3,origin_week,18864,168,AP2,constant,logistic,0,PAIRWISE_EXACT,B,B,False,False
beijing,Wanshouxigong,72,3,origin_week,18864,168,AP2,constant,hist_gradient_boosting,0,PAIRWISE_EXACT,B,B,False,False
beijing,Wanshouxigong,72,3,origin_week,18864,168,AP2,logistic,hist_gradient_boosting,0,PAIRWISE_EXACT,B,B,False,False
beijing,Wanshouxigong,72,3,origin_week,19032,168,AP2,constant,logistic,62,PAIRWISE_EXACT,OPPOSITE_POSSIBLE,OPPOSITE_POSSIBLE,False,False
beijing,Wanshouxigong,72,3,origin_week,19032,168,AP2,constant,hist_gradient_boosting,62,PAIRWISE_EXACT,A,A,False,False
beijing,Wanshouxigong,72,3,origin_week,19032,168,AP2,logistic,hist_gradient_boosting,62,PAIRWISE_EXACT,OPPOSITE_POSSIBLE,OPPOSITE_POSSIBLE,False,False
beijing,Wanshouxigong,72,3,origin_week,19200,168,AP2,constant,logistic,0,PAIRWISE_EXACT,B,B,False,False
beijing,Wanshouxigong,72,3,origin_week,19200,168,AP2,constant,hist_gradient_boosting,0,PAIRWISE_EXACT,B,B,False,False
beijing,Wanshouxigong,72,3,origin_week,19200,168,AP2,logistic,hist_gradient_boosting,0,PAIRWISE_EXACT,A,A,False,False
beijing,Wanshouxigong,72,3,origin_week,19368,168,AP2,constant,logistic,0,PAIRWISE_EXACT,B,B,False,False
beijing,Wanshouxigong,72,3,origin_week,19368,168,AP2,constant,hist_gradient_boosting,0,PAIRWISE_EXACT,B,B,False,False
beijing,Wanshouxigong,72,3,origin_week,19368,168,AP2,logistic,hist_gradient_boosting,0,PAIRWISE_EXACT,B,B,False,False
beijing,Wanshouxigong,72,3,origin_week,19536,168,AP2,constant,logistic,0,PAIRWISE_EXACT,B,B,False,False
beijing,Wanshouxigong,72,3,origin_week,19536,168,AP2,constant,hist_gradient_boosting,0,PAIRWISE_EXACT,A,A,False,False
beijing,Wanshouxigong,72,3,origin_week,19536,168,AP2,logistic,hist_gradient_boosting,0,PAIRWISE_EXACT,A,A,False,False
beijing,Wanshouxigong,72,3,origin_week,19704,168,AP2,constant,logistic,0,PAIRWISE_EXACT,A,A,False,False
beijing,Wanshouxigong,72,3,origin_week,19704,168,AP2,constant,hist_gradient_boosting,0,PAIRWISE_EXACT,A,A,False,False
beijing,Wanshouxigong,72,3,origin_week,19704,168,AP2,logistic,hist_gradient_boosting,0,PAIRWISE_EXACT,B,B,False,False
beijing,Wanshouxigong,72,3,origin_week,19872,168,AP2,constant,logistic,0,PAIRWISE_EXACT,A,A,False,False
beijing,Wanshouxigong,72,3,origin_week,19872,168,AP2,constant,hist_gradient_boosting,0,PAIRWISE_EXACT,B,B,False,False
beijing,Wanshouxigong,72,3,origin_week,19872,168,AP2,logistic,hist_gradient_boosting,0,PAIRWISE_EXACT,B,B,False,False
beijing,Wanshouxigong,72,3,origin_week,20040,168,AP2,constant,logistic,32,PAIRWISE_EXACT,OPPOSITE_POSSIBLE,OPPOSITE_POSSIBLE,False,False
beijing,Wanshouxigong,72,3,origin_week,20040,168,AP2,constant,hist_gradient_boosting,32,PAIRWISE_EXACT,B,B,False,False
beijing,Wanshouxigong,72,3,origin_week,20040,168,AP2,logistic,hist_gradient_boosting,32,PAIRWISE_EXACT,B,B,False,False
beijing,Wanshouxigong,72,3,origin_week,20208,168,AP2,constant,logistic,0,PAIRWISE_EXACT,B,B,False,False
beijing,Wanshouxigong,72,3,origin_week,20208,168,AP2,constant,hist_gradient_boosting,0,PAIRWISE_EXACT,B,B,False,False
beijing,Wanshouxigong,72,3,origin_week,20208,168,AP2,logistic,hist_gradient_boosting,0,PAIRWISE_EXACT,A,A,False,False
beijing,Wanshouxigong,72,3,origin_week,20376,168,AP2,constant,logistic,0,PAIRWISE_EXACT,B,B,False,False
beijing,Wanshouxigong,72,3,origin_week,20376,168,AP2,constant,hist_gradient_boosting,0,PAIRWISE_EXACT,A,A,False,False
beijing,Wanshouxigong,72,3,origin_week,20376,168,AP2,logistic,hist_gradient_boosting,0,PAIRWISE_EXACT,A,A,False,False
beijing,Wanshouxigong,72,3,origin_week,20544,168,AP2,constant,logistic,0,PAIRWISE_EXACT,B,B,False,False
beijing,Wanshouxigong,72,3,origin_week,20544,168,AP2,constant,hist_gradient_boosting,0,PAIRWISE_EXACT,A,A,False,False
beijing,Wanshouxigong,72,3,origin_week,20544,168,AP2,logistic,hist_gradient_boosting,0,PAIRWISE_EXACT,A,A,False,False
beijing,Wanshouxigong,72,3,origin_week,20712,168,AP2,constant,logistic,0,PAIRWISE_EXACT,B,B,False,False
beijing,Wanshouxigong,72,3,origin_week,20712,168,AP2,constant,hist_gradient_boosting,0,PAIRWISE_EXACT,A,A,False,False
beijing,Wanshouxigong,72,3,origin_week,20712,168,AP2,logistic,hist_gradient_boosting,0,PAIRWISE_EXACT,A,A,False,False
beijing,Wanshouxigong,72,3,origin_week,20880,168,AP2,constant,logistic,0,PAIRWISE_EXACT,B,B,False,False
beijing,Wanshouxigong,72,3,origin_week,20880,168,AP2,constant,hist_gradient_boosting,0,PAIRWISE_EXACT,B,B,False,False
beijing,Wanshouxigong,72,3,origin_week,20880,168,AP2,logistic,hist_gradient_boosting,0,PAIRWISE_EXACT,B,B,False,False
beijing,Wanshouxigong,72,3,origin_week,21048,168,AP2,constant,logistic,0,PAIRWISE_EXACT,B,B,False,False
beijing,Wanshouxigong,72,3,origin_week,21048,168,AP2,constant,hist_gradient_boosting,0,PAIRWISE_EXACT,A,A,False,False
beijing,Wanshouxigong,72,3,origin_week,21048,168,AP2,logistic,hist_gradient_boosting,0,PAIRWISE_EXACT,A,A,False,False
beijing,Wanshouxigong,72,3,origin_week,21216,168,AP2,constant,logistic,0,PAIRWISE_EXACT,A,A,False,False
beijing,Wanshouxigong,72,3,origin_week,21216,168,AP2,constant,hist_gradient_boosting,0,PAIRWISE_EXACT,A,A,False,False
beijing,Wanshouxigong,72,3,origin_week,21216,168,AP2,logistic,hist_gradient_boosting,0,PAIRWISE_EXACT,A,A,False,False
beijing,Wanshouxigong,72,3,origin_week,21384,168,AP2,constant,logistic,0,PAIRWISE_EXACT,A,A,False,False
beijing,Wanshouxigong,72,3,origin_week,21384,168,AP2,constant,hist_gradient_boosting,0,PAIRWISE_EXACT,A,A,False,False
beijing,Wanshouxigong,72,3,origin_week,21384,168,AP2,logistic,hist_gradient_boosting,0,PAIRWISE_EXACT,A,A,False,False
beijing,Wanshouxigong,72,3,origin_week,21552,168,AP2,constant,logistic,70,PAIRWISE_EXACT,OPPOSITE_POSSIBLE,OPPOSITE_POSSIBLE,False,False
beijing,Wanshouxigong,72,3,origin_week,21552,168,AP2,constant,hist_gradient_boosting,70,PAIRWISE_EXACT,B,B,False,False
beijing,Wanshouxigong,72,3,origin_week,21552,168,AP2,logistic,hist_gradient_boosting,70,PAIRWISE_EXACT,B,B,False,False
beijing,Wanshouxigong,72,3,origin_week,21720,168,AP2,constant,logistic,6,PAIRWISE_EXACT,B,B,False,False
beijing,Wanshouxigong,72,3,origin_week,21720,168,AP2,constant,hist_gradient_boosting,6,PAIRWISE_EXACT,A,A,False,False
beijing,Wanshouxigong,72,3,origin_week,21720,168,AP2,logistic,hist_gradient_boosting,6,PAIRWISE_EXACT,A,A,False,False
beijing,Wanshouxigong,72,3,origin_week,21888,168,AP2,constant,logistic,61,PAIRWISE_EXACT,A,A,False,False
beijing,Wanshouxigong,72,3,origin_week,21888,168,AP2,constant,hist_gradient_boosting,61,PAIRWISE_EXACT,A,A,False,False
beijing,Wanshouxigong,72,3,origin_week,21888,168,AP2,logistic,hist_gradient_boosting,61,PAIRWISE_EXACT,A,A,False,False
beijing,Wanshouxigong,72,3,origin_week,22056,168,AP2,constant,logistic,0,PAIRWISE_EXACT,B,B,False,False
beijing,Wanshouxigong,72,3,origin_week,22056,168,AP2,constant,hist_gradient_boosting,0,PAIRWISE_EXACT,B,B,False,False
beijing,Wanshouxigong,72,3,origin_week,22056,168,AP2,logistic,hist_gradient_boosting,0,PAIRWISE_EXACT,B,B,False,False
beijing,Wanshouxigong,72,3,origin_week,22224,168,AP2,constant,logistic,0,PAIRWISE_EXACT,B,B,False,False
beijing,Wanshouxigong,72,3,origin_week,22224,168,AP2,constant,hist_gradient_boosting,0,PAIRWISE_EXACT,B,B,False,False
beijing,Wanshouxigong,72,3,origin_week,22224,168,AP2,logistic,hist_gradient_boosting,0,PAIRWISE_EXACT,B,B,False,False
beijing,Wanshouxigong,72,3,origin_week,22392,168,AP2,constant,logistic,0,PAIRWISE_EXACT,B,B,False,False
beijing,Wanshouxigong,72,3,origin_week,22392,168,AP2,constant,hist_gradient_boosting,0,PAIRWISE_EXACT,B,B,False,False
beijing,Wanshouxigong,72,3,origin_week,22392,168,AP2,logistic,hist_gradient_boosting,0,PAIRWISE_EXACT,A,A,False,False
beijing,Wanshouxigong,72,3,origin_week,22560,168,AP2,constant,logistic,0,PAIRWISE_EXACT,B,B,False,False
beijing,Wanshouxigong,72,3,origin_week,22560,168,AP2,constant,hist_gradient_boosting,0,PAIRWISE_EXACT,A,A,False,False
beijing,Wanshouxigong,72,3,origin_week,22560,168,AP2,logistic,hist_gradient_boosting,0,PAIRWISE_EXACT,A,A,False,False
beijing,Wanshouxigong,72,3,origin_week,22728,168,AP2,constant,logistic,0,PAIRWISE_EXACT,A,A,False,False
beijing,Wanshouxigong,72,3,origin_week,22728,168,AP2,constant,hist_gradient_boosting,0,PAIRWISE_EXACT,A,A,False,False
beijing,Wanshouxigong,72,3,origin_week,22728,168,AP2,logistic,hist_gradient_boosting,0,PAIRWISE_EXACT,A,A,False,False
beijing,Wanshouxigong,72,3,origin_week,22896,168,AP2,constant,logistic,0,PAIRWISE_EXACT,B,B,False,False
beijing,Wanshouxigong,72,3,origin_week,22896,168,AP2,constant,hist_gradient_boosting,0,PAIRWISE_EXACT,B,B,False,False
beijing,Wanshouxigong,72,3,origin_week,22896,168,AP2,logistic,hist_gradient_boosting,0,PAIRWISE_EXACT,A,A,False,False
beijing,Wanshouxigong,72,3,origin_week,23064,168,AP2,constant,logistic,0,PAIRWISE_EXACT,A,A,False,False
beijing,Wanshouxigong,72,3,origin_week,23064,168,AP2,constant,hist_gradient_boosting,0,PAIRWISE_EXACT,A,A,False,False
beijing,Wanshouxigong,72,3,origin_week,23064,168,AP2,logistic,hist_gradient_boosting,0,PAIRWISE_EXACT,B,B,False,False
beijing,Wanshouxigong,72,3,origin_week,23232,168,AP2,constant,logistic,0,PAIRWISE_EXACT,B,B,False,False
beijing,Wanshouxigong,72,3,origin_week,23232,168,AP2,constant,hist_gradient_boosting,0,PAIRWISE_EXACT,B,B,False,False
beijing,Wanshouxigong,72,3,origin_week,23232,168,AP2,logistic,hist_gradient_boosting,0,PAIRWISE_EXACT,A,A,False,False
beijing,Wanshouxigong,72,3,origin_week,23400,168,AP2,constant,logistic,0,PAIRWISE_EXACT,B,B,False,False
beijing,Wanshouxigong,72,3,origin_week,23400,168,AP2,constant,hist_gradient_boosting,0,PAIRWISE_EXACT,A,A,False,False
beijing,Wanshouxigong,72,3,origin_week,23400,168,AP2,logistic,hist_gradient_boosting,0,PAIRWISE_EXACT,A,A,False,False
beijing,Wanshouxigong,72,3,origin_week,23568,168,AP2,constant,logistic,0,PAIRWISE_EXACT,B,B,False,False
beijing,Wanshouxigong,72,3,origin_week,23568,168,AP2,constant,hist_gradient_boosting,0,PAIRWISE_EXACT,B,B,False,False
beijing,Wanshouxigong,72,3,origin_week,23568,168,AP2,logistic,hist_gradient_boosting,0,PAIRWISE_EXACT,B,B,False,False
beijing,Wanshouxigong,72,3,origin_week,23736,168,AP2,constant,logistic,26,PAIRWISE_EXACT,A,A,False,False
beijing,Wanshouxigong,72,3,origin_week,23736,168,AP2,constant,hist_gradient_boosting,26,PAIRWISE_EXACT,A,A,False,False
beijing,Wanshouxigong,72,3,origin_week,23736,168,AP2,logistic,hist_gradient_boosting,26,PAIRWISE_EXACT,B,B,False,False
beijing,Wanshouxigong,72,3,origin_week,23904,168,AP2,constant,logistic,0,PAIRWISE_EXACT,A,A,False,False
beijing,Wanshouxigong,72,3,origin_week,23904,168,AP2,constant,hist_gradient_boosting,0,PAIRWISE_EXACT,A,A,False,False
beijing,Wanshouxigong,72,3,origin_week,23904,168,AP2,logistic,hist_gradient_boosting,0,PAIRWISE_EXACT,A,A,False,False
beijing,Wanshouxigong,72,3,origin_week,24072,168,AP2,constant,logistic,0,PAIRWISE_EXACT,B,B,False,False
beijing,Wanshouxigong,72,3,origin_week,24072,168,AP2,constant,hist_gradient_boosting,0,PAIRWISE_EXACT,A,A,False,False
beijing,Wanshouxigong,72,3,origin_week,24072,168,AP2,logistic,hist_gradient_boosting,0,PAIRWISE_EXACT,A,A,False,False
beijing,Wanshouxigong,72,3,origin_week,24240,168,AP2,constant,logistic,0,PAIRWISE_EXACT,B,B,False,False
beijing,Wanshouxigong,72,3,origin_week,24240,168,AP2,constant,hist_gradient_boosting,0,PAIRWISE_EXACT,B,B,False,False
beijing,Wanshouxigong,72,3,origin_week,24240,168,AP2,logistic,hist_gradient_boosting,0,PAIRWISE_EXACT,B,B,False,False
beijing,Wanshouxigong,72,3,origin_week,24408,168,AP2,constant,logistic,0,PAIRWISE_EXACT,A,A,False,False
beijing,Wanshouxigong,72,3,origin_week,24408,168,AP2,constant,hist_gradient_boosting,0,PAIRWISE_EXACT,A,A,False,False
beijing,Wanshouxigong,72,3,origin_week,24408,168,AP2,logistic,hist_gradient_boosting,0,PAIRWISE_EXACT,B,B,False,False
beijing,Wanshouxigong,72,3,origin_week,24576,168,AP2,constant,logistic,0,PAIRWISE_EXACT,B,B,False,False
beijing,Wanshouxigong,72,3,origin_week,24576,168,AP2,constant,hist_gradient_boosting,0,PAIRWISE_EXACT,B,B,False,False
beijing,Wanshouxigong,72,3,origin_week,24576,168,AP2,logistic,hist_gradient_boosting,0,PAIRWISE_EXACT,A,A,False,False
beijing,Wanshouxigong,72,3,origin_week,24744,168,AP2,constant,logistic,0,PAIRWISE_EXACT,B,B,False,False
beijing,Wanshouxigong,72,3,origin_week,24744,168,AP2,constant,hist_gradient_boosting,0,PAIRWISE_EXACT,A,A,False,False
beijing,Wanshouxigong,72,3,origin_week,24744,168,AP2,logistic,hist_gradient_boosting,0,PAIRWISE_EXACT,A,A,False,False
beijing,Wanshouxigong,72,3,origin_week,24912,168,AP2,constant,logistic,0,PAIRWISE_EXACT,B,B,False,False
beijing,Wanshouxigong,72,3,origin_week,24912,168,AP2,constant,hist_gradient_boosting,0,PAIRWISE_EXACT,A,A,False,False
beijing,Wanshouxigong,72,3,origin_week,24912,168,AP2,logistic,hist_gradient_boosting,0,PAIRWISE_EXACT,A,A,False,False
beijing,Wanshouxigong,72,3,origin_week,25080,168,AP2,constant,logistic,0,PAIRWISE_EXACT,A,A,False,False
beijing,Wanshouxigong,72,3,origin_week,25080,168,AP2,constant,hist_gradient_boosting,0,PAIRWISE_EXACT,A,A,False,False
beijing,Wanshouxigong,72,3,origin_week,25080,168,AP2,logistic,hist_gradient_boosting,0,PAIRWISE_EXACT,A,A,False,False
beijing,Wanshouxigong,72,3,origin_week,25248,168,AP2,constant,logistic,0,PAIRWISE_EXACT,B,B,False,False
beijing,Wanshouxigong,72,3,origin_week,25248,168,AP2,constant,hist_gradient_boosting,0,PAIRWISE_EXACT,B,B,False,False
beijing,Wanshouxigong,72,3,origin_week,25248,168,AP2,logistic,hist_gradient_boosting,0,PAIRWISE_EXACT,B,B,False,False
beijing,Wanshouxigong,72,3,origin_week,25416,168,AP2,constant,logistic,0,PAIRWISE_EXACT,A,A,False,False
beijing,Wanshouxigong,72,3,origin_week,25416,168,AP2,constant,hist_gradient_boosting,0,PAIRWISE_EXACT,A,A,False,False
beijing,Wanshouxigong,72,3,origin_week,25416,168,AP2,logistic,hist_gradient_boosting,0,PAIRWISE_EXACT,A,A,False,False
beijing,Wanshouxigong,72,3,origin_week,25584,168,AP2,constant,logistic,0,PAIRWISE_EXACT,A,A,False,False
beijing,Wanshouxigong,72,3,origin_week,25584,168,AP2,constant,hist_gradient_boosting,0,PAIRWISE_EXACT,A,A,False,False
beijing,Wanshouxigong,72,3,origin_week,25584,168,AP2,logistic,hist_gradient_boosting,0,PAIRWISE_EXACT,A,A,False,False
beijing,Wanshouxigong,72,3,origin_week,25752,168,AP2,constant,logistic,0,PAIRWISE_EXACT,B,B,False,False
beijing,Wanshouxigong,72,3,origin_week,25752,168,AP2,constant,hist_gradient_boosting,0,PAIRWISE_EXACT,A,A,False,False
beijing,Wanshouxigong,72,3,origin_week,25752,168,AP2,logistic,hist_gradient_boosting,0,PAIRWISE_EXACT,A,A,False,False
beijing,Wanshouxigong,72,3,origin_week,25920,168,AP2,constant,logistic,0,PAIRWISE_EXACT,A,A,False,False
beijing,Wanshouxigong,72,3,origin_week,25920,168,AP2,constant,hist_gradient_boosting,0,PAIRWISE_EXACT,A,A,False,False
beijing,Wanshouxigong,72,3,origin_week,25920,168,AP2,logistic,hist_gradient_boosting,0,PAIRWISE_EXACT,A,A,False,False
beijing,Wanshouxigong,72,3,origin_week,26088,145,AP2,constant,logistic,0,PAIRWISE_EXACT,B,B,False,False
beijing,Wanshouxigong,72,3,origin_week,26088,145,AP2,constant,hist_gradient_boosting,0,PAIRWISE_EXACT,B,B,False,False
beijing,Wanshouxigong,72,3,origin_week,26088,145,AP2,logistic,hist_gradient_boosting,0,PAIRWISE_EXACT,B,B,False,False
household,household,60,5,annual,809676,525541,AP2,constant,logistic,3735,PAIRWISE_INSUFFICIENT,B,B,False,False
household,household,60,5,annual,809676,525541,AP2,constant,hist_gradient_boosting,3735,PAIRWISE_INSUFFICIENT,B,B,False,False
household,household,60,5,annual,809676,525541,AP2,logistic,hist_gradient_boosting,3735,PAIRWISE_INSUFFICIENT,OPPOSITE_POSSIBLE,OPPOSITE_POSSIBLE,False,True
household,household,60,5,origin_week,809676,10080,AP2,constant,logistic,0,PAIRWISE_EXACT,B,B,False,False
household,household,60,5,origin_week,809676,10080,AP2,constant,hist_gradient_boosting,0,PAIRWISE_EXACT,B,B,False,False
household,household,60,5,origin_week,809676,10080,AP2,logistic,hist_gradient_boosting,0,PAIRWISE_EXACT,A,A,False,False
household,household,60,5,origin_week,819756,10080,AP2,constant,logistic,0,PAIRWISE_EXACT,B,B,False,False
household,household,60,5,origin_week,819756,10080,AP2,constant,hist_gradient_boosting,0,PAIRWISE_EXACT,B,B,False,False
household,household,60,5,origin_week,819756,10080,AP2,logistic,hist_gradient_boosting,0,PAIRWISE_EXACT,A,A,False,False
household,household,60,5,origin_week,829836,10080,AP2,constant,logistic,0,PAIRWISE_EXACT,B,B,False,False
household,household,60,5,origin_week,829836,10080,AP2,constant,hist_gradient_boosting,0,PAIRWISE_EXACT,B,B,False,False
household,household,60,5,origin_week,829836,10080,AP2,logistic,hist_gradient_boosting,0,PAIRWISE_EXACT,A,A,False,False
household,household,60,5,origin_week,839916,10080,AP2,constant,logistic,0,PAIRWISE_EXACT,B,B,False,False
household,household,60,5,origin_week,839916,10080,AP2,constant,hist_gradient_boosting,0,PAIRWISE_EXACT,B,B,False,False
household,household,60,5,origin_week,839916,10080,AP2,logistic,hist_gradient_boosting,0,PAIRWISE_EXACT,A,A,False,False
household,household,60,5,origin_week,849996,10080,AP2,constant,logistic,0,PAIRWISE_EXACT,B,B,False,False
household,household,60,5,origin_week,849996,10080,AP2,constant,hist_gradient_boosting,0,PAIRWISE_EXACT,B,B,False,False
household,household,60,5,origin_week,849996,10080,AP2,logistic,hist_gradient_boosting,0,PAIRWISE_EXACT,A,A,False,False
household,household,60,5,origin_week,860076,10080,AP2,constant,logistic,0,PAIRWISE_EXACT,B,B,False,False
household,household,60,5,origin_week,860076,10080,AP2,constant,hist_gradient_boosting,0,PAIRWISE_EXACT,B,B,False,False
household,household,60,5,origin_week,860076,10080,AP2,logistic,hist_gradient_boosting,0,PAIRWISE_EXACT,A,A,False,False
household,household,60,5,origin_week,870156,10080,AP2,constant,logistic,0,PAIRWISE_EXACT,B,B,False,False
household,household,60,5,origin_week,870156,10080,AP2,constant,hist_gradient_boosting,0,PAIRWISE_EXACT,B,B,False,False
household,household,60,5,origin_week,870156,10080,AP2,logistic,hist_gradient_boosting,0,PAIRWISE_EXACT,A,A,False,False
household,household,60,5,origin_week,880236,10080,AP2,constant,logistic,0,PAIRWISE_EXACT,B,B,False,False
household,household,60,5,origin_week,880236,10080,AP2,constant,hist_gradient_boosting,0,PAIRWISE_EXACT,B,B,False,False
household,household,60,5,origin_week,880236,10080,AP2,logistic,hist_gradient_boosting,0,PAIRWISE_EXACT,A,A,False,False
household,household,60,5,origin_week,890316,10080,AP2,constant,logistic,0,PAIRWISE_EXACT,B,B,False,False
household,household,60,5,origin_week,890316,10080,AP2,constant,hist_gradient_boosting,0,PAIRWISE_EXACT,B,B,False,False
household,household,60,5,origin_week,890316,10080,AP2,logistic,hist_gradient_boosting,0,PAIRWISE_EXACT,A,A,False,False
household,household,60,5,origin_week,900396,10080,AP2,constant,logistic,0,PAIRWISE_EXACT,B,B,False,False
household,household,60,5,origin_week,900396,10080,AP2,constant,hist_gradient_boosting,0,PAIRWISE_EXACT,B,B,False,False
household,household,60,5,origin_week,900396,10080,AP2,logistic,hist_gradient_boosting,0,PAIRWISE_EXACT,B,B,False,False
household,household,60,5,origin_week,910476,10080,AP2,constant,logistic,0,PAIRWISE_EXACT,B,B,False,False
household,household,60,5,origin_week,910476,10080,AP2,constant,hist_gradient_boosting,0,PAIRWISE_EXACT,B,B,False,False
household,household,60,5,origin_week,910476,10080,AP2,logistic,hist_gradient_boosting,0,PAIRWISE_EXACT,A,A,False,False
household,household,60,5,origin_week,920556,10080,AP2,constant,logistic,0,PAIRWISE_EXACT,B,B,False,False
household,household,60,5,origin_week,920556,10080,AP2,constant,hist_gradient_boosting,0,PAIRWISE_EXACT,B,B,False,False
household,household,60,5,origin_week,920556,10080,AP2,logistic,hist_gradient_boosting,0,PAIRWISE_EXACT,B,B,False,False
household,household,60,5,origin_week,930636,10080,AP2,constant,logistic,0,PAIRWISE_EXACT,B,B,False,False
household,household,60,5,origin_week,930636,10080,AP2,constant,hist_gradient_boosting,0,PAIRWISE_EXACT,B,B,False,False
household,household,60,5,origin_week,930636,10080,AP2,logistic,hist_gradient_boosting,0,PAIRWISE_EXACT,B,B,False,False
household,household,60,5,origin_week,940716,10080,AP2,constant,logistic,0,PAIRWISE_EXACT,B,B,False,False
household,household,60,5,origin_week,940716,10080,AP2,constant,hist_gradient_boosting,0,PAIRWISE_EXACT,B,B,False,False
household,household,60,5,origin_week,940716,10080,AP2,logistic,hist_gradient_boosting,0,PAIRWISE_EXACT,B,B,False,False
household,household,60,5,origin_week,950796,10080,AP2,constant,logistic,0,PAIRWISE_EXACT,B,B,False,False
household,household,60,5,origin_week,950796,10080,AP2,constant,hist_gradient_boosting,0,PAIRWISE_EXACT,B,B,False,False
household,household,60,5,origin_week,950796,10080,AP2,logistic,hist_gradient_boosting,0,PAIRWISE_EXACT,A,A,False,False
household,household,60,5,origin_week,960876,10080,AP2,constant,logistic,0,PAIRWISE_EXACT,B,B,False,False
household,household,60,5,origin_week,960876,10080,AP2,constant,hist_gradient_boosting,0,PAIRWISE_EXACT,B,B,False,False
household,household,60,5,origin_week,960876,10080,AP2,logistic,hist_gradient_boosting,0,PAIRWISE_EXACT,B,B,False,False
household,household,60,5,origin_week,970956,10080,AP2,constant,logistic,94,PAIRWISE_INSUFFICIENT,B,B,False,False
household,household,60,5,origin_week,970956,10080,AP2,constant,hist_gradient_boosting,94,PAIRWISE_INSUFFICIENT,B,B,False,False
household,household,60,5,origin_week,970956,10080,AP2,logistic,hist_gradient_boosting,94,PAIRWISE_INSUFFICIENT,B,B,False,True
household,household,60,5,origin_week,981036,10080,AP2,constant,logistic,0,PAIRWISE_EXACT,B,B,False,False
household,household,60,5,origin_week,981036,10080,AP2,constant,hist_gradient_boosting,0,PAIRWISE_EXACT,B,B,False,False
household,household,60,5,origin_week,981036,10080,AP2,logistic,hist_gradient_boosting,0,PAIRWISE_EXACT,B,B,False,False
household,household,60,5,origin_week,991116,10080,AP2,constant,logistic,0,PAIRWISE_EXACT,B,B,False,False
household,household,60,5,origin_week,991116,10080,AP2,constant,hist_gradient_boosting,0,PAIRWISE_EXACT,B,B,False,False
household,household,60,5,origin_week,991116,10080,AP2,logistic,hist_gradient_boosting,0,PAIRWISE_EXACT,A,A,False,False
household,household,60,5,origin_week,1001196,10080,AP2,constant,logistic,0,PAIRWISE_EXACT,B,B,False,False
household,household,60,5,origin_week,1001196,10080,AP2,constant,hist_gradient_boosting,0,PAIRWISE_EXACT,B,B,False,False
household,household,60,5,origin_week,1001196,10080,AP2,logistic,hist_gradient_boosting,0,PAIRWISE_EXACT,A,A,False,False
household,household,60,5,origin_week,1011276,10080,AP2,constant,logistic,0,PAIRWISE_EXACT,B,B,False,False
household,household,60,5,origin_week,1011276,10080,AP2,constant,hist_gradient_boosting,0,PAIRWISE_EXACT,B,B,False,False
household,household,60,5,origin_week,1011276,10080,AP2,logistic,hist_gradient_boosting,0,PAIRWISE_EXACT,A,A,False,False
household,household,60,5,origin_week,1021356,10080,AP2,constant,logistic,0,PAIRWISE_EXACT,B,B,False,False
household,household,60,5,origin_week,1021356,10080,AP2,constant,hist_gradient_boosting,0,PAIRWISE_EXACT,B,B,False,False
household,household,60,5,origin_week,1021356,10080,AP2,logistic,hist_gradient_boosting,0,PAIRWISE_EXACT,B,B,False,False
household,household,60,5,origin_week,1031436,10080,AP2,constant,logistic,0,PAIRWISE_EXACT,B,B,False,False
household,household,60,5,origin_week,1031436,10080,AP2,constant,hist_gradient_boosting,0,PAIRWISE_EXACT,B,B,False,False
household,household,60,5,origin_week,1031436,10080,AP2,logistic,hist_gradient_boosting,0,PAIRWISE_EXACT,B,B,False,False
household,household,60,5,origin_week,1041516,10080,AP2,constant,logistic,121,PAIRWISE_INSUFFICIENT,B,B,False,False
household,household,60,5,origin_week,1041516,10080,AP2,constant,hist_gradient_boosting,121,PAIRWISE_INSUFFICIENT,B,B,False,False
household,household,60,5,origin_week,1041516,10080,AP2,logistic,hist_gradient_boosting,121,PAIRWISE_INSUFFICIENT,B,B,False,False
household,household,60,5,origin_week,1051596,10080,AP2,constant,logistic,0,PAIRWISE_EXACT,B,B,False,False
household,household,60,5,origin_week,1051596,10080,AP2,constant,hist_gradient_boosting,0,PAIRWISE_EXACT,B,B,False,False
household,household,60,5,origin_week,1051596,10080,AP2,logistic,hist_gradient_boosting,0,PAIRWISE_EXACT,B,B,False,False
household,household,60,5,origin_week,1061676,10080,AP2,constant,logistic,0,PAIRWISE_EXACT,B,B,False,False
household,household,60,5,origin_week,1061676,10080,AP2,constant,hist_gradient_boosting,0,PAIRWISE_EXACT,B,B,False,False
household,household,60,5,origin_week,1061676,10080,AP2,logistic,hist_gradient_boosting,0,PAIRWISE_EXACT,A,A,False,False
household,household,60,5,origin_week,1071756,10080,AP2,constant,logistic,0,PAIRWISE_EXACT,B,B,False,False
household,household,60,5,origin_week,1071756,10080,AP2,constant,hist_gradient_boosting,0,PAIRWISE_EXACT,B,B,False,False
household,household,60,5,origin_week,1071756,10080,AP2,logistic,hist_gradient_boosting,0,PAIRWISE_EXACT,A,A,False,False
household,household,60,5,origin_week,1081836,10080,AP2,constant,logistic,0,PAIRWISE_EXACT,B,B,False,False
household,household,60,5,origin_week,1081836,10080,AP2,constant,hist_gradient_boosting,0,PAIRWISE_EXACT,B,B,False,False
household,household,60,5,origin_week,1081836,10080,AP2,logistic,hist_gradient_boosting,0,PAIRWISE_EXACT,B,B,False,False
household,household,60,5,origin_week,1091916,10080,AP2,constant,logistic,0,PAIRWISE_EXACT,B,B,False,False
household,household,60,5,origin_week,1091916,10080,AP2,constant,hist_gradient_boosting,0,PAIRWISE_EXACT,B,B,False,False
household,household,60,5,origin_week,1091916,10080,AP2,logistic,hist_gradient_boosting,0,PAIRWISE_EXACT,B,B,False,False
household,household,60,5,origin_week,1101996,10080,AP2,constant,logistic,0,PAIRWISE_EXACT,B,B,False,False
household,household,60,5,origin_week,1101996,10080,AP2,constant,hist_gradient_boosting,0,PAIRWISE_EXACT,B,B,False,False
household,household,60,5,origin_week,1101996,10080,AP2,logistic,hist_gradient_boosting,0,PAIRWISE_EXACT,A,A,False,False
household,household,60,5,origin_week,1112076,10080,AP2,constant,logistic,89,PAIRWISE_INSUFFICIENT,B,B,False,False
household,household,60,5,origin_week,1112076,10080,AP2,constant,hist_gradient_boosting,89,PAIRWISE_INSUFFICIENT,B,B,False,False
household,household,60,5,origin_week,1112076,10080,AP2,logistic,hist_gradient_boosting,89,PAIRWISE_INSUFFICIENT,OPPOSITE_POSSIBLE,OPPOSITE_POSSIBLE,False,False
household,household,60,5,origin_week,1122156,10080,AP2,constant,logistic,0,PAIRWISE_EXACT,B,B,False,False
household,household,60,5,origin_week,1122156,10080,AP2,constant,hist_gradient_boosting,0,PAIRWISE_EXACT,B,B,False,False
household,household,60,5,origin_week,1122156,10080,AP2,logistic,hist_gradient_boosting,0,PAIRWISE_EXACT,A,A,False,False
household,household,60,5,origin_week,1132236,10080,AP2,constant,logistic,0,PAIRWISE_EXACT,B,B,False,False
household,household,60,5,origin_week,1132236,10080,AP2,constant,hist_gradient_boosting,0,PAIRWISE_EXACT,B,B,False,False
household,household,60,5,origin_week,1132236,10080,AP2,logistic,hist_gradient_boosting,0,PAIRWISE_EXACT,B,B,False,False
household,household,60,5,origin_week,1142316,10080,AP2,constant,logistic,75,PAIRWISE_INSUFFICIENT,B,B,False,False
household,household,60,5,origin_week,1142316,10080,AP2,constant,hist_gradient_boosting,75,PAIRWISE_INSUFFICIENT,B,B,False,False
household,household,60,5,origin_week,1142316,10080,AP2,logistic,hist_gradient_boosting,75,PAIRWISE_INSUFFICIENT,B,B,False,False
household,household,60,5,origin_week,1152396,10080,AP2,constant,logistic,0,PAIRWISE_EXACT,B,B,False,False
household,household,60,5,origin_week,1152396,10080,AP2,constant,hist_gradient_boosting,0,PAIRWISE_EXACT,B,B,False,False
household,household,60,5,origin_week,1152396,10080,AP2,logistic,hist_gradient_boosting,0,PAIRWISE_EXACT,B,B,False,False
household,household,60,5,origin_week,1162476,10080,AP2,constant,logistic,0,PAIRWISE_EXACT,B,B,False,False
household,household,60,5,origin_week,1162476,10080,AP2,constant,hist_gradient_boosting,0,PAIRWISE_EXACT,B,B,False,False
household,household,60,5,origin_week,1162476,10080,AP2,logistic,hist_gradient_boosting,0,PAIRWISE_EXACT,A,A,False,False
household,household,60,5,origin_week,1172556,10080,AP2,constant,logistic,0,PAIRWISE_EXACT,B,B,False,False
household,household,60,5,origin_week,1172556,10080,AP2,constant,hist_gradient_boosting,0,PAIRWISE_EXACT,B,B,False,False
household,household,60,5,origin_week,1172556,10080,AP2,logistic,hist_gradient_boosting,0,PAIRWISE_EXACT,A,A,False,False
household,household,60,5,origin_week,1182636,10080,AP2,constant,logistic,0,PAIRWISE_EXACT,B,B,False,False
household,household,60,5,origin_week,1182636,10080,AP2,constant,hist_gradient_boosting,0,PAIRWISE_EXACT,B,B,False,False
household,household,60,5,origin_week,1182636,10080,AP2,logistic,hist_gradient_boosting,0,PAIRWISE_EXACT,B,B,False,False
household,household,60,5,origin_week,1192716,10080,AP2,constant,logistic,0,PAIRWISE_EXACT,B,B,False,False
household,household,60,5,origin_week,1192716,10080,AP2,constant,hist_gradient_boosting,0,PAIRWISE_EXACT,B,B,False,False
household,household,60,5,origin_week,1192716,10080,AP2,logistic,hist_gradient_boosting,0,PAIRWISE_EXACT,A,A,False,False
household,household,60,5,origin_week,1202796,10080,AP2,constant,logistic,0,PAIRWISE_EXACT,B,B,False,False
household,household,60,5,origin_week,1202796,10080,AP2,constant,hist_gradient_boosting,0,PAIRWISE_EXACT,B,B,False,False
household,household,60,5,origin_week,1202796,10080,AP2,logistic,hist_gradient_boosting,0,PAIRWISE_EXACT,B,B,False,False
household,household,60,5,origin_week,1212876,10080,AP2,constant,logistic,0,PAIRWISE_EXACT,B,B,False,False
household,household,60,5,origin_week,1212876,10080,AP2,constant,hist_gradient_boosting,0,PAIRWISE_EXACT,B,B,False,False
household,household,60,5,origin_week,1212876,10080,AP2,logistic,hist_gradient_boosting,0,PAIRWISE_EXACT,B,B,False,False
household,household,60,5,origin_week,1222956,10080,AP2,constant,logistic,0,PAIRWISE_EXACT,B,B,False,False
household,household,60,5,origin_week,1222956,10080,AP2,constant,hist_gradient_boosting,0,PAIRWISE_EXACT,B,B,False,False
household,household,60,5,origin_week,1222956,10080,AP2,logistic,hist_gradient_boosting,0,PAIRWISE_EXACT,B,B,False,False
household,household,60,5,origin_week,1233036,10080,AP2,constant,logistic,0,PAIRWISE_EXACT,B,B,False,False
household,household,60,5,origin_week,1233036,10080,AP2,constant,hist_gradient_boosting,0,PAIRWISE_EXACT,B,B,False,False
household,household,60,5,origin_week,1233036,10080,AP2,logistic,hist_gradient_boosting,0,PAIRWISE_EXACT,A,A,False,False
household,household,60,5,origin_week,1243116,10080,AP2,constant,logistic,0,PAIRWISE_EXACT,B,B,False,False
household,household,60,5,origin_week,1243116,10080,AP2,constant,hist_gradient_boosting,0,PAIRWISE_EXACT,B,B,False,False
household,household,60,5,origin_week,1243116,10080,AP2,logistic,hist_gradient_boosting,0,PAIRWISE_EXACT,A,A,False,False
household,household,60,5,origin_week,1253196,10080,AP2,constant,logistic,0,PAIRWISE_EXACT,B,B,False,False
household,household,60,5,origin_week,1253196,10080,AP2,constant,hist_gradient_boosting,0,PAIRWISE_EXACT,B,B,False,False
household,household,60,5,origin_week,1253196,10080,AP2,logistic,hist_gradient_boosting,0,PAIRWISE_EXACT,A,A,False,False
household,household,60,5,origin_week,1263276,10080,AP2,constant,logistic,0,PAIRWISE_EXACT,B,B,False,False
household,household,60,5,origin_week,1263276,10080,AP2,constant,hist_gradient_boosting,0,PAIRWISE_EXACT,B,B,False,False
household,household,60,5,origin_week,1263276,10080,AP2,logistic,hist_gradient_boosting,0,PAIRWISE_EXACT,A,A,False,False
household,household,60,5,origin_week,1273356,10080,AP2,constant,logistic,0,PAIRWISE_EXACT,B,B,False,False
household,household,60,5,origin_week,1273356,10080,AP2,constant,hist_gradient_boosting,0,PAIRWISE_EXACT,B,B,False,False
household,household,60,5,origin_week,1273356,10080,AP2,logistic,hist_gradient_boosting,0,PAIRWISE_EXACT,A,A,False,False
household,household,60,5,origin_week,1283436,10080,AP2,constant,logistic,0,PAIRWISE_EXACT,B,B,False,False
household,household,60,5,origin_week,1283436,10080,AP2,constant,hist_gradient_boosting,0,PAIRWISE_EXACT,B,B,False,False
household,household,60,5,origin_week,1283436,10080,AP2,logistic,hist_gradient_boosting,0,PAIRWISE_EXACT,A,A,False,False
household,household,60,5,origin_week,1293516,10080,AP2,constant,logistic,0,PAIRWISE_EXACT,B,B,False,False
household,household,60,5,origin_week,1293516,10080,AP2,constant,hist_gradient_boosting,0,PAIRWISE_EXACT,B,B,False,False
household,household,60,5,origin_week,1293516,10080,AP2,logistic,hist_gradient_boosting,0,PAIRWISE_EXACT,A,A,False,False
household,household,60,5,origin_week,1303596,10080,AP2,constant,logistic,3356,PAIRWISE_INSUFFICIENT,OPPOSITE_POSSIBLE,OPPOSITE_POSSIBLE,False,False
household,household,60,5,origin_week,1303596,10080,AP2,constant,hist_gradient_boosting,3356,PAIRWISE_INSUFFICIENT,OPPOSITE_POSSIBLE,OPPOSITE_POSSIBLE,False,False
household,household,60,5,origin_week,1303596,10080,AP2,logistic,hist_gradient_boosting,3356,PAIRWISE_INSUFFICIENT,OPPOSITE_POSSIBLE,OPPOSITE_POSSIBLE,False,True
household,household,60,5,origin_week,1313676,10080,AP2,constant,logistic,0,PAIRWISE_EXACT,B,B,False,False
household,household,60,5,origin_week,1313676,10080,AP2,constant,hist_gradient_boosting,0,PAIRWISE_EXACT,B,B,False,False
household,household,60,5,origin_week,1313676,10080,AP2,logistic,hist_gradient_boosting,0,PAIRWISE_EXACT,A,A,False,False
household,household,60,5,origin_week,1323756,10080,AP2,constant,logistic,0,PAIRWISE_EXACT,B,B,False,False
household,household,60,5,origin_week,1323756,10080,AP2,constant,hist_gradient_boosting,0,PAIRWISE_EXACT,B,B,False,False
household,household,60,5,origin_week,1323756,10080,AP2,logistic,hist_gradient_boosting,0,PAIRWISE_EXACT,A,A,False,False
household,household,60,5,origin_week,1333836,1381,AP2,constant,logistic,0,PAIRWISE_EXACT,B,B,False,False
household,household,60,5,origin_week,1333836,1381,AP2,constant,hist_gradient_boosting,0,PAIRWISE_EXACT,B,B,False,False
household,household,60,5,origin_week,1333836,1381,AP2,logistic,hist_gradient_boosting,0,PAIRWISE_EXACT,A,A,False,False
household,household,180,5,annual,809676,525421,AP2,constant,logistic,4084,PAIRWISE_INSUFFICIENT,B,B,False,True
household,household,180,5,annual,809676,525421,AP2,constant,hist_gradient_boosting,4084,PAIRWISE_INSUFFICIENT,B,B,False,True
household,household,180,5,annual,809676,525421,AP2,logistic,hist_gradient_boosting,4084,PAIRWISE_INSUFFICIENT,B,B,False,True
household,household,180,5,origin_week,809676,10080,AP2,constant,logistic,0,PAIRWISE_EXACT,B,B,False,False
household,household,180,5,origin_week,809676,10080,AP2,constant,hist_gradient_boosting,0,PAIRWISE_EXACT,B,B,False,False
household,household,180,5,origin_week,809676,10080,AP2,logistic,hist_gradient_boosting,0,PAIRWISE_EXACT,B,B,False,False
household,household,180,5,origin_week,819756,10080,AP2,constant,logistic,0,PAIRWISE_EXACT,B,B,False,False
household,household,180,5,origin_week,819756,10080,AP2,constant,hist_gradient_boosting,0,PAIRWISE_EXACT,B,B,False,False
household,household,180,5,origin_week,819756,10080,AP2,logistic,hist_gradient_boosting,0,PAIRWISE_EXACT,A,A,False,False
household,household,180,5,origin_week,829836,10080,AP2,constant,logistic,0,PAIRWISE_EXACT,B,B,False,False
household,household,180,5,origin_week,829836,10080,AP2,constant,hist_gradient_boosting,0,PAIRWISE_EXACT,B,B,False,False
household,household,180,5,origin_week,829836,10080,AP2,logistic,hist_gradient_boosting,0,PAIRWISE_EXACT,A,A,False,False
household,household,180,5,origin_week,839916,10080,AP2,constant,logistic,0,PAIRWISE_EXACT,B,B,False,False
household,household,180,5,origin_week,839916,10080,AP2,constant,hist_gradient_boosting,0,PAIRWISE_EXACT,B,B,False,False
household,household,180,5,origin_week,839916,10080,AP2,logistic,hist_gradient_boosting,0,PAIRWISE_EXACT,A,A,False,False
household,household,180,5,origin_week,849996,10080,AP2,constant,logistic,0,PAIRWISE_EXACT,B,B,False,False
household,household,180,5,origin_week,849996,10080,AP2,constant,hist_gradient_boosting,0,PAIRWISE_EXACT,B,B,False,False
household,household,180,5,origin_week,849996,10080,AP2,logistic,hist_gradient_boosting,0,PAIRWISE_EXACT,B,B,False,False
household,household,180,5,origin_week,860076,10080,AP2,constant,logistic,0,PAIRWISE_EXACT,B,B,False,False
household,household,180,5,origin_week,860076,10080,AP2,constant,hist_gradient_boosting,0,PAIRWISE_EXACT,B,B,False,False
household,household,180,5,origin_week,860076,10080,AP2,logistic,hist_gradient_boosting,0,PAIRWISE_EXACT,A,A,False,False
household,household,180,5,origin_week,870156,10080,AP2,constant,logistic,0,PAIRWISE_EXACT,B,B,False,False
household,household,180,5,origin_week,870156,10080,AP2,constant,hist_gradient_boosting,0,PAIRWISE_EXACT,B,B,False,False
household,household,180,5,origin_week,870156,10080,AP2,logistic,hist_gradient_boosting,0,PAIRWISE_EXACT,A,A,False,False
household,household,180,5,origin_week,880236,10080,AP2,constant,logistic,0,PAIRWISE_EXACT,B,B,False,False
household,household,180,5,origin_week,880236,10080,AP2,constant,hist_gradient_boosting,0,PAIRWISE_EXACT,B,B,False,False
household,household,180,5,origin_week,880236,10080,AP2,logistic,hist_gradient_boosting,0,PAIRWISE_EXACT,A,A,False,False
household,household,180,5,origin_week,890316,10080,AP2,constant,logistic,0,PAIRWISE_EXACT,B,B,False,False
household,household,180,5,origin_week,890316,10080,AP2,constant,hist_gradient_boosting,0,PAIRWISE_EXACT,B,B,False,False
household,household,180,5,origin_week,890316,10080,AP2,logistic,hist_gradient_boosting,0,PAIRWISE_EXACT,A,A,False,False
household,household,180,5,origin_week,900396,10080,AP2,constant,logistic,0,PAIRWISE_EXACT,B,B,False,False
household,household,180,5,origin_week,900396,10080,AP2,constant,hist_gradient_boosting,0,PAIRWISE_EXACT,B,B,False,False
household,household,180,5,origin_week,900396,10080,AP2,logistic,hist_gradient_boosting,0,PAIRWISE_EXACT,B,B,False,False
household,household,180,5,origin_week,910476,10080,AP2,constant,logistic,0,PAIRWISE_EXACT,B,B,False,False
household,household,180,5,origin_week,910476,10080,AP2,constant,hist_gradient_boosting,0,PAIRWISE_EXACT,B,B,False,False
household,household,180,5,origin_week,910476,10080,AP2,logistic,hist_gradient_boosting,0,PAIRWISE_EXACT,B,B,False,False
household,household,180,5,origin_week,920556,10080,AP2,constant,logistic,0,PAIRWISE_EXACT,B,B,False,False
household,household,180,5,origin_week,920556,10080,AP2,constant,hist_gradient_boosting,0,PAIRWISE_EXACT,B,B,False,False
household,household,180,5,origin_week,920556,10080,AP2,logistic,hist_gradient_boosting,0,PAIRWISE_EXACT,B,B,False,False
household,household,180,5,origin_week,930636,10080,AP2,constant,logistic,0,PAIRWISE_EXACT,B,B,False,False
household,household,180,5,origin_week,930636,10080,AP2,constant,hist_gradient_boosting,0,PAIRWISE_EXACT,B,B,False,False
household,household,180,5,origin_week,930636,10080,AP2,logistic,hist_gradient_boosting,0,PAIRWISE_EXACT,B,B,False,False
household,household,180,5,origin_week,940716,10080,AP2,constant,logistic,0,PAIRWISE_EXACT,A,A,False,False
household,household,180,5,origin_week,940716,10080,AP2,constant,hist_gradient_boosting,0,PAIRWISE_EXACT,B,B,False,False
household,household,180,5,origin_week,940716,10080,AP2,logistic,hist_gradient_boosting,0,PAIRWISE_EXACT,B,B,False,False
household,household,180,5,origin_week,950796,10080,AP2,constant,logistic,0,PAIRWISE_EXACT,B,B,False,False
household,household,180,5,origin_week,950796,10080,AP2,constant,hist_gradient_boosting,0,PAIRWISE_EXACT,B,B,False,False
household,household,180,5,origin_week,950796,10080,AP2,logistic,hist_gradient_boosting,0,PAIRWISE_EXACT,B,B,False,False
household,household,180,5,origin_week,960876,10080,AP2,constant,logistic,0,PAIRWISE_EXACT,B,B,False,False
household,household,180,5,origin_week,960876,10080,AP2,constant,hist_gradient_boosting,0,PAIRWISE_EXACT,B,B,False,False
household,household,180,5,origin_week,960876,10080,AP2,logistic,hist_gradient_boosting,0,PAIRWISE_EXACT,B,B,False,False
household,household,180,5,origin_week,970956,10080,AP2,constant,logistic,153,PAIRWISE_INSUFFICIENT,B,B,False,False
household,household,180,5,origin_week,970956,10080,AP2,constant,hist_gradient_boosting,153,PAIRWISE_INSUFFICIENT,B,B,False,False
household,household,180,5,origin_week,970956,10080,AP2,logistic,hist_gradient_boosting,153,PAIRWISE_INSUFFICIENT,B,B,False,True
household,household,180,5,origin_week,981036,10080,AP2,constant,logistic,0,PAIRWISE_EXACT,B,B,False,False
household,household,180,5,origin_week,981036,10080,AP2,constant,hist_gradient_boosting,0,PAIRWISE_EXACT,B,B,False,False
household,household,180,5,origin_week,981036,10080,AP2,logistic,hist_gradient_boosting,0,PAIRWISE_EXACT,A,A,False,False
household,household,180,5,origin_week,991116,10080,AP2,constant,logistic,0,PAIRWISE_EXACT,B,B,False,False
household,household,180,5,origin_week,991116,10080,AP2,constant,hist_gradient_boosting,0,PAIRWISE_EXACT,B,B,False,False
household,household,180,5,origin_week,991116,10080,AP2,logistic,hist_gradient_boosting,0,PAIRWISE_EXACT,B,B,False,False
household,household,180,5,origin_week,1001196,10080,AP2,constant,logistic,0,PAIRWISE_EXACT,B,B,False,False
household,household,180,5,origin_week,1001196,10080,AP2,constant,hist_gradient_boosting,0,PAIRWISE_EXACT,B,B,False,False
household,household,180,5,origin_week,1001196,10080,AP2,logistic,hist_gradient_boosting,0,PAIRWISE_EXACT,B,B,False,False
household,household,180,5,origin_week,1011276,10080,AP2,constant,logistic,0,PAIRWISE_EXACT,B,B,False,False
household,household,180,5,origin_week,1011276,10080,AP2,constant,hist_gradient_boosting,0,PAIRWISE_EXACT,B,B,False,False
household,household,180,5,origin_week,1011276,10080,AP2,logistic,hist_gradient_boosting,0,PAIRWISE_EXACT,B,B,False,False
household,household,180,5,origin_week,1021356,10080,AP2,constant,logistic,0,PAIRWISE_EXACT,B,B,False,False
household,household,180,5,origin_week,1021356,10080,AP2,constant,hist_gradient_boosting,0,PAIRWISE_EXACT,B,B,False,False
household,household,180,5,origin_week,1021356,10080,AP2,logistic,hist_gradient_boosting,0,PAIRWISE_EXACT,B,B,False,False
household,household,180,5,origin_week,1031436,10080,AP2,constant,logistic,0,PAIRWISE_EXACT,B,B,False,False
household,household,180,5,origin_week,1031436,10080,AP2,constant,hist_gradient_boosting,0,PAIRWISE_EXACT,B,B,False,False
household,household,180,5,origin_week,1031436,10080,AP2,logistic,hist_gradient_boosting,0,PAIRWISE_EXACT,B,B,False,False
household,household,180,5,origin_week,1041516,10080,AP2,constant,logistic,122,PAIRWISE_EXACT,OPPOSITE_POSSIBLE,OPPOSITE_POSSIBLE,False,False
household,household,180,5,origin_week,1041516,10080,AP2,constant,hist_gradient_boosting,122,PAIRWISE_EXACT,B,B,False,False
household,household,180,5,origin_week,1041516,10080,AP2,logistic,hist_gradient_boosting,122,PAIRWISE_EXACT,B,B,False,False
household,household,180,5,origin_week,1051596,10080,AP2,constant,logistic,0,PAIRWISE_EXACT,B,B,False,False
household,household,180,5,origin_week,1051596,10080,AP2,constant,hist_gradient_boosting,0,PAIRWISE_EXACT,B,B,False,False
household,household,180,5,origin_week,1051596,10080,AP2,logistic,hist_gradient_boosting,0,PAIRWISE_EXACT,B,B,False,False
household,household,180,5,origin_week,1061676,10080,AP2,constant,logistic,0,PAIRWISE_EXACT,B,B,False,False
household,household,180,5,origin_week,1061676,10080,AP2,constant,hist_gradient_boosting,0,PAIRWISE_EXACT,B,B,False,False
household,household,180,5,origin_week,1061676,10080,AP2,logistic,hist_gradient_boosting,0,PAIRWISE_EXACT,A,A,False,False
household,household,180,5,origin_week,1071756,10080,AP2,constant,logistic,0,PAIRWISE_EXACT,B,B,False,False
household,household,180,5,origin_week,1071756,10080,AP2,constant,hist_gradient_boosting,0,PAIRWISE_EXACT,B,B,False,False
household,household,180,5,origin_week,1071756,10080,AP2,logistic,hist_gradient_boosting,0,PAIRWISE_EXACT,A,A,False,False
household,household,180,5,origin_week,1081836,10080,AP2,constant,logistic,0,PAIRWISE_EXACT,B,B,False,False
household,household,180,5,origin_week,1081836,10080,AP2,constant,hist_gradient_boosting,0,PAIRWISE_EXACT,B,B,False,False
household,household,180,5,origin_week,1081836,10080,AP2,logistic,hist_gradient_boosting,0,PAIRWISE_EXACT,B,B,False,False
household,household,180,5,origin_week,1091916,10080,AP2,constant,logistic,0,PAIRWISE_EXACT,B,B,False,False
household,household,180,5,origin_week,1091916,10080,AP2,constant,hist_gradient_boosting,0,PAIRWISE_EXACT,B,B,False,False
household,household,180,5,origin_week,1091916,10080,AP2,logistic,hist_gradient_boosting,0,PAIRWISE_EXACT,B,B,False,False
household,household,180,5,origin_week,1101996,10080,AP2,constant,logistic,0,PAIRWISE_EXACT,B,B,False,False
household,household,180,5,origin_week,1101996,10080,AP2,constant,hist_gradient_boosting,0,PAIRWISE_EXACT,B,B,False,False
household,household,180,5,origin_week,1101996,10080,AP2,logistic,hist_gradient_boosting,0,PAIRWISE_EXACT,B,B,False,False
household,household,180,5,origin_week,1112076,10080,AP2,constant,logistic,208,PAIRWISE_INSUFFICIENT,B,B,False,False
household,household,180,5,origin_week,1112076,10080,AP2,constant,hist_gradient_boosting,208,PAIRWISE_INSUFFICIENT,B,B,False,False
household,household,180,5,origin_week,1112076,10080,AP2,logistic,hist_gradient_boosting,208,PAIRWISE_INSUFFICIENT,B,B,False,True
household,household,180,5,origin_week,1122156,10080,AP2,constant,logistic,0,PAIRWISE_EXACT,B,B,False,False
household,household,180,5,origin_week,1122156,10080,AP2,constant,hist_gradient_boosting,0,PAIRWISE_EXACT,B,B,False,False
household,household,180,5,origin_week,1122156,10080,AP2,logistic,hist_gradient_boosting,0,PAIRWISE_EXACT,B,B,False,False
household,household,180,5,origin_week,1132236,10080,AP2,constant,logistic,0,PAIRWISE_EXACT,B,B,False,False
household,household,180,5,origin_week,1132236,10080,AP2,constant,hist_gradient_boosting,0,PAIRWISE_EXACT,B,B,False,False
household,household,180,5,origin_week,1132236,10080,AP2,logistic,hist_gradient_boosting,0,PAIRWISE_EXACT,B,B,False,False
household,household,180,5,origin_week,1142316,10080,AP2,constant,logistic,195,PAIRWISE_INSUFFICIENT,B,B,False,False
household,household,180,5,origin_week,1142316,10080,AP2,constant,hist_gradient_boosting,195,PAIRWISE_INSUFFICIENT,B,B,False,False
household,household,180,5,origin_week,1142316,10080,AP2,logistic,hist_gradient_boosting,195,PAIRWISE_INSUFFICIENT,B,B,False,False
household,household,180,5,origin_week,1152396,10080,AP2,constant,logistic,0,PAIRWISE_EXACT,B,B,False,False
household,household,180,5,origin_week,1152396,10080,AP2,constant,hist_gradient_boosting,0,PAIRWISE_EXACT,B,B,False,False
household,household,180,5,origin_week,1152396,10080,AP2,logistic,hist_gradient_boosting,0,PAIRWISE_EXACT,B,B,False,False
household,household,180,5,origin_week,1162476,10080,AP2,constant,logistic,0,PAIRWISE_EXACT,B,B,False,False
household,household,180,5,origin_week,1162476,10080,AP2,constant,hist_gradient_boosting,0,PAIRWISE_EXACT,B,B,False,False
household,household,180,5,origin_week,1162476,10080,AP2,logistic,hist_gradient_boosting,0,PAIRWISE_EXACT,B,B,False,False
household,household,180,5,origin_week,1172556,10080,AP2,constant,logistic,0,PAIRWISE_EXACT,B,B,False,False
household,household,180,5,origin_week,1172556,10080,AP2,constant,hist_gradient_boosting,0,PAIRWISE_EXACT,B,B,False,False
household,household,180,5,origin_week,1172556,10080,AP2,logistic,hist_gradient_boosting,0,PAIRWISE_EXACT,B,B,False,False
household,household,180,5,origin_week,1182636,10080,AP2,constant,logistic,0,PAIRWISE_EXACT,B,B,False,False
household,household,180,5,origin_week,1182636,10080,AP2,constant,hist_gradient_boosting,0,PAIRWISE_EXACT,B,B,False,False
household,household,180,5,origin_week,1182636,10080,AP2,logistic,hist_gradient_boosting,0,PAIRWISE_EXACT,B,B,False,False
household,household,180,5,origin_week,1192716,10080,AP2,constant,logistic,0,PAIRWISE_EXACT,B,B,False,False
household,household,180,5,origin_week,1192716,10080,AP2,constant,hist_gradient_boosting,0,PAIRWISE_EXACT,B,B,False,False
household,household,180,5,origin_week,1192716,10080,AP2,logistic,hist_gradient_boosting,0,PAIRWISE_EXACT,B,B,False,False
household,household,180,5,origin_week,1202796,10080,AP2,constant,logistic,0,PAIRWISE_EXACT,B,B,False,False
household,household,180,5,origin_week,1202796,10080,AP2,constant,hist_gradient_boosting,0,PAIRWISE_EXACT,B,B,False,False
household,household,180,5,origin_week,1202796,10080,AP2,logistic,hist_gradient_boosting,0,PAIRWISE_EXACT,B,B,False,False
household,household,180,5,origin_week,1212876,10080,AP2,constant,logistic,0,PAIRWISE_EXACT,B,B,False,False
household,household,180,5,origin_week,1212876,10080,AP2,constant,hist_gradient_boosting,0,PAIRWISE_EXACT,B,B,False,False
household,household,180,5,origin_week,1212876,10080,AP2,logistic,hist_gradient_boosting,0,PAIRWISE_EXACT,B,B,False,False
household,household,180,5,origin_week,1222956,10080,AP2,constant,logistic,0,PAIRWISE_EXACT,B,B,False,False
household,household,180,5,origin_week,1222956,10080,AP2,constant,hist_gradient_boosting,0,PAIRWISE_EXACT,B,B,False,False
household,household,180,5,origin_week,1222956,10080,AP2,logistic,hist_gradient_boosting,0,PAIRWISE_EXACT,B,B,False,False
household,household,180,5,origin_week,1233036,10080,AP2,constant,logistic,0,PAIRWISE_EXACT,B,B,False,False
household,household,180,5,origin_week,1233036,10080,AP2,constant,hist_gradient_boosting,0,PAIRWISE_EXACT,B,B,False,False
household,household,180,5,origin_week,1233036,10080,AP2,logistic,hist_gradient_boosting,0,PAIRWISE_EXACT,B,B,False,False
household,household,180,5,origin_week,1243116,10080,AP2,constant,logistic,0,PAIRWISE_EXACT,B,B,False,False
household,household,180,5,origin_week,1243116,10080,AP2,constant,hist_gradient_boosting,0,PAIRWISE_EXACT,B,B,False,False
household,household,180,5,origin_week,1243116,10080,AP2,logistic,hist_gradient_boosting,0,PAIRWISE_EXACT,B,B,False,False
household,household,180,5,origin_week,1253196,10080,AP2,constant,logistic,0,PAIRWISE_EXACT,B,B,False,False
household,household,180,5,origin_week,1253196,10080,AP2,constant,hist_gradient_boosting,0,PAIRWISE_EXACT,B,B,False,False
household,household,180,5,origin_week,1253196,10080,AP2,logistic,hist_gradient_boosting,0,PAIRWISE_EXACT,A,A,False,False
household,household,180,5,origin_week,1263276,10080,AP2,constant,logistic,0,PAIRWISE_EXACT,B,B,False,False
household,household,180,5,origin_week,1263276,10080,AP2,constant,hist_gradient_boosting,0,PAIRWISE_EXACT,B,B,False,False
household,household,180,5,origin_week,1263276,10080,AP2,logistic,hist_gradient_boosting,0,PAIRWISE_EXACT,B,B,False,False
household,household,180,5,origin_week,1273356,10080,AP2,constant,logistic,0,PAIRWISE_EXACT,B,B,False,False
household,household,180,5,origin_week,1273356,10080,AP2,constant,hist_gradient_boosting,0,PAIRWISE_EXACT,B,B,False,False
household,household,180,5,origin_week,1273356,10080,AP2,logistic,hist_gradient_boosting,0,PAIRWISE_EXACT,A,A,False,False
household,household,180,5,origin_week,1283436,10080,AP2,constant,logistic,0,PAIRWISE_EXACT,B,B,False,False
household,household,180,5,origin_week,1283436,10080,AP2,constant,hist_gradient_boosting,0,PAIRWISE_EXACT,B,B,False,False
household,household,180,5,origin_week,1283436,10080,AP2,logistic,hist_gradient_boosting,0,PAIRWISE_EXACT,A,A,False,False
household,household,180,5,origin_week,1293516,10080,AP2,constant,logistic,0,PAIRWISE_EXACT,B,B,False,False
household,household,180,5,origin_week,1293516,10080,AP2,constant,hist_gradient_boosting,0,PAIRWISE_EXACT,B,B,False,False
household,household,180,5,origin_week,1293516,10080,AP2,logistic,hist_gradient_boosting,0,PAIRWISE_EXACT,B,B,False,False
household,household,180,5,origin_week,1303596,10080,AP2,constant,logistic,3406,PAIRWISE_INSUFFICIENT,OPPOSITE_POSSIBLE,OPPOSITE_POSSIBLE,False,True
household,household,180,5,origin_week,1303596,10080,AP2,constant,hist_gradient_boosting,3406,PAIRWISE_INSUFFICIENT,OPPOSITE_POSSIBLE,OPPOSITE_POSSIBLE,False,True
household,household,180,5,origin_week,1303596,10080,AP2,logistic,hist_gradient_boosting,3406,PAIRWISE_INSUFFICIENT,OPPOSITE_POSSIBLE,OPPOSITE_POSSIBLE,False,True
household,household,180,5,origin_week,1313676,10080,AP2,constant,logistic,0,PAIRWISE_EXACT,B,B,False,False
household,household,180,5,origin_week,1313676,10080,AP2,constant,hist_gradient_boosting,0,PAIRWISE_EXACT,B,B,False,False
household,household,180,5,origin_week,1313676,10080,AP2,logistic,hist_gradient_boosting,0,PAIRWISE_EXACT,B,B,False,False
household,household,180,5,origin_week,1323756,10080,AP2,constant,logistic,0,PAIRWISE_EXACT,B,B,False,False
household,household,180,5,origin_week,1323756,10080,AP2,constant,hist_gradient_boosting,0,PAIRWISE_EXACT,B,B,False,False
household,household,180,5,origin_week,1323756,10080,AP2,logistic,hist_gradient_boosting,0,PAIRWISE_EXACT,A,A,False,False
household,household,180,5,origin_week,1333836,1261,AP2,constant,logistic,0,PAIRWISE_EXACT,B,B,False,False
household,household,180,5,origin_week,1333836,1261,AP2,constant,hist_gradient_boosting,0,PAIRWISE_EXACT,B,B,False,False
household,household,180,5,origin_week,1333836,1261,AP2,logistic,hist_gradient_boosting,0,PAIRWISE_EXACT,A,A,False,False
