phase,dataset,series,scope,mask,origin_start,time_start,quarter,cluster,K,L,model_A,model_B,N,support_records,missing_records,ambiguous_windows,independent_lower,independent_upper,pairwise_lower,pairwise_upper,joint_lower,joint_upper,joint_enclosure_lower,joint_enclosure_upper,numeric_method,Gamma_minus,Gamma_plus,W_ind,ambiguous_weight,lower_zero_margin,upper_zero_margin,mixed_components,implications,lp_variables,lp_constraints,pair_preprocess_seconds,pair_solve_seconds,pair_status,joint_seconds,independent_direction,pairwise_direction,joint_direction,independent_undirected,pairwise_new,joint_new,higher_order_new,category,truth_delta,truth_contained,locf_delta,locf_wrong,identified_delta,identified_wrong
AP0,beijing,Aotizhongxin,fixed_panel,natural,6570,2013-11-29 18:00:00,2013Q4,beijing_2013-11-29T18:00:00,24,3,constant,logistic,145,168,0,0,-0.011872417523227121,-0.011872417523227121,-0.01187241752324712,-0.011872417523207134,-0.01187241752322707,-0.01187241752322707,-0.011872417523545498,-0.011872417522908643,FLOAT_OUTWARD,7.294512216482474e-15,0.0,0.0,0.0,0.011872417523227121,-0.011872417523227121,0,0,0,0,0.6932796000037342,2.710000262595713e-05,ANALYTIC,0.03730310000537429,A,A,A,False,False,False,False,NO_AMBIGUOUS_LABELS,,,,,,
AP0,beijing,Aotizhongxin,fixed_panel,natural,6570,2013-11-29 18:00:00,2013Q4,beijing_2013-11-29T18:00:00,24,3,constant,hist_gradient_boosting,145,168,0,0,-0.05332802375857529,-0.05332802375857529,-0.053328023758595286,-0.05332802375855532,-0.05332802375857528,-0.05332802375857528,-0.05332802375889371,-0.053328023758256855,FLOAT_OUTWARD,1.0061396160665481e-15,0.0,0.0,0.0,0.05332802375857529,-0.05332802375857529,0,0,0,0,0.6932796000037342,1.3900003978051245e-05,ANALYTIC,0.00018649999401532114,A,A,A,False,False,False,False,NO_AMBIGUOUS_LABELS,,,,,,
AP0,beijing,Aotizhongxin,fixed_panel,natural,6570,2013-11-29 18:00:00,2013Q4,beijing_2013-11-29T18:00:00,24,3,logistic,hist_gradient_boosting,145,168,0,0,-0.04145560623534819,-0.04145560623534819,-0.04145560623536817,-0.04145560623532819,-0.04145560623534817,-0.04145560623534817,-0.041455606235666596,-0.041455606235029745,FLOAT_OUTWARD,3.0184188481996443e-15,0.0,0.0,0.0,0.04145560623534819,-0.04145560623534819,0,0,0,0,0.6932796000037342,1.2600008631125093e-05,ANALYTIC,9.359999967273325e-05,A,A,A,False,False,False,False,NO_AMBIGUOUS_LABELS,,,,,,
AP0,beijing,Aotizhongxin,fixed_panel,natural,6738,2013-12-06 18:00:00,2013Q4,beijing_2013-12-06T18:00:00,24,3,constant,logistic,145,168,0,0,0.19333392020832404,0.19333392020832404,0.19333392020830406,0.19333392020834406,0.19333392020832404,0.19333392020832404,0.1933339202080056,0.19333392020864248,FLOAT_OUTWARD,0.0,0.0,0.0,0.0,-0.19333392020832404,0.19333392020832404,0,0,0,0,2.7999994927085936e-05,1.4300007023848593e-05,ANALYTIC,0.00014649999502580613,B,B,B,False,False,False,False,NO_AMBIGUOUS_LABELS,,,,,,
AP0,beijing,Aotizhongxin,fixed_panel,natural,6738,2013-12-06 18:00:00,2013Q4,beijing_2013-12-06T18:00:00,24,3,constant,hist_gradient_boosting,145,168,0,0,0.16612846725984975,0.16612846725984975,0.16612846725982974,0.16612846725986974,0.16612846725984967,0.16612846725984967,0.16612846725953123,0.1661284672601681,FLOAT_OUTWARD,0.0,1.2073675392798577e-14,0.0,0.0,-0.16612846725984975,0.16612846725984975,0,0,0,0,2.7999994927085936e-05,1.3500000932253897e-05,ANALYTIC,9.90999978967011e-05,B,B,B,False,False,False,False,NO_AMBIGUOUS_LABELS,,,,,,
AP0,beijing,Aotizhongxin,fixed_panel,natural,6738,2013-12-06 18:00:00,2013Q4,beijing_2013-12-06T18:00:00,24,3,logistic,hist_gradient_boosting,145,168,0,0,-0.027205452948474332,-0.027205452948474332,-0.02720545294849433,-0.02720545294845433,-0.02720545294847433,-0.02720545294847433,-0.027205452948792758,-0.0272054529481559,FLOAT_OUTWARD,5.030698080332741e-16,0.0,0.0,0.0,0.027205452948474332,-0.027205452948474332,0,0,0,0,2.7999994927085936e-05,1.2199991033412516e-05,ANALYTIC,8.690000686328858e-05,A,A,A,False,False,False,False,NO_AMBIGUOUS_LABELS,,,,,,
AP0,beijing,Aotizhongxin,fixed_panel,natural,6906,2013-12-13 18:00:00,2013Q4,beijing_2013-12-13T18:00:00,24,3,constant,logistic,145,168,1,0,-0.04746187725614914,-0.04746187725614914,-0.04746187725616914,-0.04746187725612915,-0.0474618772561491,-0.0474618772561491,-0.04746187725646753,-0.047461877255830676,FLOAT_OUTWARD,6.036837696399289e-15,0.0,0.0,0.0,0.04746187725614914,-0.04746187725614914,0,0,0,0,2.0400009816512465e-05,1.3500000932253897e-05,ANALYTIC,0.00011520000407472253,A,A,A,False,False,False,False,NO_AMBIGUOUS_LABELS,,,,,,
AP0,beijing,Aotizhongxin,fixed_panel,natural,6906,2013-12-13 18:00:00,2013Q4,beijing_2013-12-13T18:00:00,24,3,constant,hist_gradient_boosting,145,168,1,0,-0.143502646210737,-0.143502646210737,-0.143502646210757,-0.14350264621071698,-0.143502646210737,-0.143502646210737,-0.14350264621105543,-0.14350264621041856,FLOAT_OUTWARD,0.0,0.0,0.0,0.0,0.143502646210737,-0.143502646210737,0,0,0,0,2.0400009816512465e-05,1.2100004823878407e-05,ANALYTIC,8.950001210905612e-05,A,A,A,False,False,False,False,NO_AMBIGUOUS_LABELS,,,,,,
AP0,beijing,Aotizhongxin,fixed_panel,natural,6906,2013-12-13 18:00:00,2013Q4,beijing_2013-12-13T18:00:00,24,3,logistic,hist_gradient_boosting,145,168,1,0,-0.09604076895458785,-0.09604076895458785,-0.09604076895460785,-0.09604076895456787,-0.09604076895458785,-0.09604076895458785,-0.09604076895490628,-0.09604076895426943,FLOAT_OUTWARD,0.0,0.0,0.0,0.0,0.09604076895458785,-0.09604076895458785,0,0,0,0,2.0400009816512465e-05,1.170000177808106e-05,ANALYTIC,8.090000483207405e-05,A,A,A,False,False,False,False,NO_AMBIGUOUS_LABELS,,,,,,
AP0,beijing,Aotizhongxin,fixed_panel,natural,7074,2013-12-20 18:00:00,2013Q4,beijing_2013-12-20T18:00:00,24,3,constant,logistic,145,168,0,0,0.0957001097767884,0.0957001097767884,0.0957001097767684,0.0957001097768084,0.0957001097767884,0.0957001097767884,0.09570010977646998,0.09570010977710683,FLOAT_OUTWARD,0.0,0.0,0.0,0.0,-0.0957001097767884,0.0957001097767884,0,0,0,0,2.020000829361379e-05,1.4000004739500582e-05,ANALYTIC,0.00011510000331327319,B,B,B,False,False,False,False,NO_AMBIGUOUS_LABELS,,,,,,
AP0,beijing,Aotizhongxin,fixed_panel,natural,7074,2013-12-20 18:00:00,2013Q4,beijing_2013-12-20T18:00:00,24,3,constant,hist_gradient_boosting,145,168,0,0,0.049259205079041725,0.049259205079041725,0.04925920507902173,0.049259205079061695,0.049259205079041676,0.049259205079041676,0.04925920507872325,0.0492592050793601,FLOAT_OUTWARD,0.0,7.042977312465837e-15,0.0,0.0,-0.049259205079041725,0.049259205079041725,0,0,0,0,2.020000829361379e-05,1.270000939257443e-05,ANALYTIC,8.779999916441739e-05,B,B,B,False,False,False,False,NO_AMBIGUOUS_LABELS,,,,,,
AP0,beijing,Aotizhongxin,fixed_panel,natural,7074,2013-12-20 18:00:00,2013Q4,beijing_2013-12-20T18:00:00,24,3,logistic,hist_gradient_boosting,145,168,0,0,-0.04644090469774669,-0.04644090469774669,-0.04644090469776669,-0.04644090469772671,-0.04644090469774671,-0.04644090469774671,-0.04644090469806514,-0.04644090469742829,FLOAT_OUTWARD,0.0,3.0184188481996443e-15,0.0,0.0,0.04644090469774669,-0.04644090469774669,0,0,0,0,2.020000829361379e-05,1.2199991033412516e-05,ANALYTIC,9.99000039882958e-05,A,A,A,False,False,False,False,NO_AMBIGUOUS_LABELS,,,,,,
AP0,beijing,Aotizhongxin,fixed_panel,natural,7242,2013-12-27 18:00:00,2013Q4,beijing_2013-12-27T18:00:00,24,3,constant,logistic,145,168,0,0,0.019546677569132403,0.019546677569132403,0.0195466775691124,0.019546677569152394,0.019546677569132365,0.019546677569132365,0.019546677568813935,0.019546677569450794,FLOAT_OUTWARD,0.0,5.533767888366015e-15,0.0,0.0,-0.019546677569132403,0.019546677569132403,0,0,0,0,1.8999999156221747e-05,1.3800003216601908e-05,ANALYTIC,0.00011269999959040433,B,B,B,False,False,False,False,NO_AMBIGUOUS_LABELS,,,,,,
AP0,beijing,Aotizhongxin,fixed_panel,natural,7242,2013-12-27 18:00:00,2013Q4,beijing_2013-12-27T18:00:00,24,3,constant,hist_gradient_boosting,145,168,0,0,0.013770488492950634,0.013770488492950634,0.013770488492930635,0.013770488492970627,0.013770488492950615,0.013770488492950615,0.013770488492632188,0.013770488493269043,FLOAT_OUTWARD,0.0,2.7668839441830073e-15,0.0,0.0,-0.013770488492950634,0.013770488492950634,0,0,0,0,1.8999999156221747e-05,1.270000939257443e-05,ANALYTIC,8.930001058615744e-05,B,B,B,False,False,False,False,NO_AMBIGUOUS_LABELS,,,,,,
AP0,beijing,Aotizhongxin,fixed_panel,natural,7242,2013-12-27 18:00:00,2013Q4,beijing_2013-12-27T18:00:00,24,3,logistic,hist_gradient_boosting,145,168,0,0,-0.005776189076181762,-0.005776189076181762,-0.005776189076201755,-0.005776189076161762,-0.00577618907618181,-0.00577618907618181,-0.005776189076500238,-0.0057761890758633826,FLOAT_OUTWARD,0.0,7.042977312465837e-15,0.0,0.0,0.005776189076181762,-0.005776189076181762,0,0,0,0,1.8999999156221747e-05,1.2199991033412516e-05,ANALYTIC,8.33000085549429e-05,A,A,A,False,False,False,False,NO_AMBIGUOUS_LABELS,,,,,,
AP0,beijing,Aotizhongxin,fixed_panel,natural,7410,2014-01-03 18:00:00,2014Q1,beijing_2014-01-03T18:00:00,24,3,constant,logistic,145,168,0,0,0.01611525161158153,0.01611525161158153,0.016115251611561538,0.01611525161160153,0.01611525161158148,0.01611525161158148,0.01611525161126305,0.01611525161189991,FLOAT_OUTWARD,0.0,7.042977312465837e-15,0.0,0.0,-0.01611525161158153,0.01611525161158153,0,0,0,0,1.8999999156221747e-05,1.340000017080456e-05,ANALYTIC,0.00012430000060703605,B,B,B,False,False,False,False,NO_AMBIGUOUS_LABELS,,,,,,
AP0,beijing,Aotizhongxin,fixed_panel,natural,7410,2014-01-03 18:00:00,2014Q1,beijing_2014-01-03T18:00:00,24,3,constant,hist_gradient_boosting,145,168,0,0,0.01774830268408406,0.01774830268408406,0.017748302684064115,0.017748302684104062,0.017748302684084307,0.017748302684084307,0.017748302683765878,0.017748302684402736,FLOAT_OUTWARD,3.571795637036246e-14,0.0,0.0,0.0,-0.01774830268408406,0.01774830268408406,0,0,0,0,1.8999999156221747e-05,1.2299991794861853e-05,ANALYTIC,8.830000297166407e-05,B,B,B,False,False,False,False,NO_AMBIGUOUS_LABELS,,,,,,
AP0,beijing,Aotizhongxin,fixed_panel,natural,7410,2014-01-03 18:00:00,2014Q1,beijing_2014-01-03T18:00:00,24,3,logistic,hist_gradient_boosting,145,168,0,0,0.001633051072502566,0.001633051072502566,0.001633051072482566,0.0016330510725225652,0.001633051072502575,0.001633051072502575,0.001633051072184147,0.001633051072821003,FLOAT_OUTWARD,1.3205582460873444e-15,0.0,0.0,0.0,-0.001633051072502566,0.001633051072502566,0,0,0,0,1.8999999156221747e-05,1.200000406242907e-05,ANALYTIC,9.429999045096338e-05,B,B,B,False,False,False,False,NO_AMBIGUOUS_LABELS,,,,,,
AP0,beijing,Aotizhongxin,fixed_panel,natural,7578,2014-01-10 18:00:00,2014Q1,beijing_2014-01-10T18:00:00,24,3,constant,logistic,145,168,0,0,0.0649374856014018,0.0649374856014018,0.06493748560138181,0.0649374856014218,0.06493748560140175,0.06493748560140175,0.06493748560108333,0.06493748560172018,FLOAT_OUTWARD,0.0,8.049116928532385e-15,0.0,0.0,-0.0649374856014018,0.0649374856014018,0,0,0,0,2.300000051036477e-05,1.3800003216601908e-05,ANALYTIC,0.0001238000113517046,B,B,B,False,False,False,False,NO_AMBIGUOUS_LABELS,,,,,,
AP0,beijing,Aotizhongxin,fixed_panel,natural,7578,2014-01-10 18:00:00,2014Q1,beijing_2014-01-10T18:00:00,24,3,constant,hist_gradient_boosting,145,168,0,0,0.06694260465743126,0.06694260465743126,0.06694260465741127,0.06694260465745126,0.06694260465743121,0.06694260465743121,0.06694260465711278,0.06694260465774964,FLOAT_OUTWARD,0.0,8.049116928532385e-15,0.0,0.0,-0.06694260465743126,0.06694260465743126,0,0,0,0,2.300000051036477e-05,1.2799995602108538e-05,ANALYTIC,8.859999070409685e-05,B,B,B,False,False,False,False,NO_AMBIGUOUS_LABELS,,,,,,
AP0,beijing,Aotizhongxin,fixed_panel,natural,7578,2014-01-10 18:00:00,2014Q1,beijing_2014-01-10T18:00:00,24,3,logistic,hist_gradient_boosting,145,168,0,0,0.002005119056029459,0.002005119056029459,0.002005119056009459,0.002005119056049459,0.002005119056029453,0.002005119056029453,0.002005119055711025,0.002005119056347881,FLOAT_OUTWARD,0.0,8.803721640582296e-16,0.0,0.0,-0.002005119056029459,0.002005119056029459,0,0,0,0,2.300000051036477e-05,1.1899988749064505e-05,ANALYTIC,8.360001083929092e-05,B,B,B,False,False,False,False,NO_AMBIGUOUS_LABELS,,,,,,
AP0,beijing,Aotizhongxin,fixed_panel,natural,7746,2014-01-17 18:00:00,2014Q1,beijing_2014-01-17T18:00:00,24,3,constant,logistic,145,168,1,0,0.032210980817277406,0.032210980817277406,0.03221098081725742,0.032210980817297404,0.032210980817277406,0.032210980817277406,0.03221098081695898,0.03221098081759583,FLOAT_OUTWARD,0.0,0.0,0.0,0.0,-0.032210980817277406,0.032210980817277406,0,0,0,0,1.9500002963468432e-05,1.3299999409355223e-05,ANALYTIC,0.00011160000576637685,B,B,B,False,False,False,False,NO_AMBIGUOUS_LABELS,,,,,,
AP0,beijing,Aotizhongxin,fixed_panel,natural,7746,2014-01-17 18:00:00,2014Q1,beijing_2014-01-17T18:00:00,24,3,constant,hist_gradient_boosting,145,168,1,0,0.02048805916199056,0.02048805916199056,0.020488059161970565,0.02048805916201056,0.02048805916199053,0.02048805916199053,0.020488059161672102,0.02048805916230896,FLOAT_OUTWARD,0.0,4.0245584642661925e-15,0.0,0.0,-0.02048805916199056,0.02048805916199056,0,0,0,0,1.9500002963468432e-05,1.270000939257443e-05,ANALYTIC,8.980001439340413e-05,B,B,B,False,False,False,False,NO_AMBIGUOUS_LABELS,,,,,,
AP0,beijing,Aotizhongxin,fixed_panel,natural,7746,2014-01-17 18:00:00,2014Q1,beijing_2014-01-17T18:00:00,24,3,logistic,hist_gradient_boosting,145,168,1,0,-0.01172292165528686,-0.01172292165528686,-0.011722921655306853,-0.01172292165526686,-0.011722921655286836,-0.011722921655286836,-0.011722921655605264,-0.011722921654968408,FLOAT_OUTWARD,3.5214886562329184e-15,0.0,0.0,0.0,0.01172292165528686,-0.01172292165528686,0,0,0,0,1.9500002963468432e-05,1.2200005585327744e-05,ANALYTIC,8.339999476447701e-05,A,A,A,False,False,False,False,NO_AMBIGUOUS_LABELS,,,,,,
AP0,beijing,Aotizhongxin,fixed_panel,natural,7914,2014-01-24 18:00:00,2014Q1,beijing_2014-01-24T18:00:00,24,3,constant,logistic,145,168,5,23,-0.000634779736327668,0.0801735539031767,-0.0006067773092825754,0.08014555147613157,-0.0006067773092625173,0.08014555147611159,-0.0006067773095809452,0.08014555147643002,FLOAT_OUTWARD,0.004060351924446862,0.004060351924440181,0.08080833363950436,0.08080833363950436,0.000634779736327668,0.0801735539031767,1,462,45,226,0.02419089998875279,0.026682700001401827,OPTIMAL_DUAL_OUTWARD,0.00018360000103712082,OPPOSITE_POSSIBLE,OPPOSITE_POSSIBLE,OPPOSITE_POSSIBLE,True,False,False,False,JOINT_OPPOSITE_POSSIBLE,,,,,,
AP0,beijing,Aotizhongxin,fixed_panel,natural,7914,2014-01-24 18:00:00,2014Q1,beijing_2014-01-24T18:00:00,24,3,constant,hist_gradient_boosting,145,168,5,23,0.004225271747324456,0.08019056746652464,0.015159054240984755,0.0678453613515882,0.015159054241004818,0.06784536135156821,0.015159054240686391,0.06784536135188664,FLOAT_OUTWARD,1.5853984615836527,1.7900548866686825,0.07596529571920019,0.07596529571920019,-0.004225271747324456,0.08019056746652464,1,462,45,226,0.02419089998875279,0.004970999987563118,OPTIMAL_DUAL_OUTWARD,0.00020989999757148325,B,B,B,False,False,False,False,INDEPENDENT_ALREADY_DIRECTED,,,,,,
AP0,beijing,Aotizhongxin,fixed_panel,natural,7914,2014-01-24 18:00:00,2014Q1,beijing_2014-01-24T18:00:00,24,3,logistic,hist_gradient_boosting,145,168,5,23,-0.015382446674173296,0.02025951172117339,-0.012300190124563374,0.01717725517156346,-0.012300190124543366,0.017177255171543462,-0.012300190124861794,0.01717725517186189,FLOAT_OUTWARD,0.44692719969633987,0.4469271996963394,0.03564195839534669,0.03564195839534668,0.015382446674173296,0.02025951172117339,1,462,45,226,0.02419089998875279,0.004355900004156865,OPTIMAL_DUAL_OUTWARD,0.00012229999992996454,OPPOSITE_POSSIBLE,OPPOSITE_POSSIBLE,OPPOSITE_POSSIBLE,True,False,False,False,JOINT_OPPOSITE_POSSIBLE,,,,,,
AP0,beijing,Aotizhongxin,fixed_panel,natural,8082,2014-01-31 18:00:00,2014Q1,beijing_2014-01-31T18:00:00,24,3,constant,logistic,145,168,0,0,0.08330884117074715,0.08330884117074715,0.08330884117072715,0.08330884117076715,0.0833088411707471,0.0833088411707471,0.08330884117042868,0.08330884117106553,FLOAT_OUTWARD,0.0,6.036837696399289e-15,0.0,0.0,-0.08330884117074715,0.08330884117074715,0,0,0,0,2.239999594166875e-05,1.3800003216601908e-05,ANALYTIC,0.00012419999984558672,B,B,B,False,False,False,False,NO_AMBIGUOUS_LABELS,,,,,,
AP0,beijing,Aotizhongxin,fixed_panel,natural,8082,2014-01-31 18:00:00,2014Q1,beijing_2014-01-31T18:00:00,24,3,constant,hist_gradient_boosting,145,168,0,0,0.08754216895285453,0.08754216895285453,0.08754216895283454,0.08754216895287453,0.08754216895285448,0.08754216895285448,0.08754216895253605,0.0875421689531729,FLOAT_OUTWARD,0.0,8.049116928532385e-15,0.0,0.0,-0.08754216895285453,0.08754216895285453,0,0,0,0,2.239999594166875e-05,1.1999989510513842e-05,ANALYTIC,8.81000014487654e-05,B,B,B,False,False,False,False,NO_AMBIGUOUS_LABELS,,,,,,
AP0,beijing,Aotizhongxin,fixed_panel,natural,8082,2014-01-31 18:00:00,2014Q1,beijing_2014-01-31T18:00:00,24,3,logistic,hist_gradient_boosting,145,168,0,0,0.004233327782107397,0.004233327782107397,0.004233327782087402,0.004233327782127397,0.004233327782107376,0.004233327782107376,0.004233327781788948,0.004233327782425803,FLOAT_OUTWARD,0.0,3.144186300207963e-15,0.0,0.0,-0.004233327782107397,0.004233327782107397,0,0,0,0,2.239999594166875e-05,1.1500000255182385e-05,ANALYTIC,8.019999950192869e-05,B,B,B,False,False,False,False,NO_AMBIGUOUS_LABELS,,,,,,
AP0,beijing,Aotizhongxin,fixed_panel,natural,8250,2014-02-07 18:00:00,2014Q1,beijing_2014-02-07T18:00:00,24,3,constant,logistic,145,168,3,0,0.09387406032093876,0.09387406032093876,0.09387406032091877,0.09387406032095875,0.09387406032093876,0.09387406032093876,0.09387406032062033,0.09387406032125718,FLOAT_OUTWARD,0.0,0.0,0.0,0.0,-0.09387406032093876,0.09387406032093876,0,0,0,0,2.1100000594742596e-05,1.3800003216601908e-05,ANALYTIC,0.00011890000314451754,B,B,B,False,False,False,False,NO_AMBIGUOUS_LABELS,,,,,,
AP0,beijing,Aotizhongxin,fixed_panel,natural,8250,2014-02-07 18:00:00,2014Q1,beijing_2014-02-07T18:00:00,24,3,constant,hist_gradient_boosting,145,168,3,0,0.10900115613379316,0.10900115613379316,0.10900115613377316,0.10900115613381316,0.10900115613379313,0.10900115613379313,0.1090011561334747,0.10900115613411156,FLOAT_OUTWARD,0.0,4.0245584642661925e-15,0.0,0.0,-0.10900115613379316,0.10900115613379316,0,0,0,0,2.1100000594742596e-05,1.2499993317760527e-05,ANALYTIC,9.180000051856041e-05,B,B,B,False,False,False,False,NO_AMBIGUOUS_LABELS,,,,,,
AP0,beijing,Aotizhongxin,fixed_panel,natural,8250,2014-02-07 18:00:00,2014Q1,beijing_2014-02-07T18:00:00,24,3,logistic,hist_gradient_boosting,145,168,3,0,0.015127095812854392,0.015127095812854392,0.0151270958128344,0.015127095812874391,0.01512709581285438,0.01512709581285438,0.015127095812535952,0.015127095813172807,FLOAT_OUTWARD,0.0,1.7607443281164592e-15,0.0,0.0,-0.015127095812854392,0.015127095812854392,0,0,0,0,2.1100000594742596e-05,1.4999997802078724e-05,ANALYTIC,0.00014840000949334353,B,B,B,False,False,False,False,NO_AMBIGUOUS_LABELS,,,,,,
AP0,beijing,Aotizhongxin,fixed_panel,natural,8418,2014-02-14 18:00:00,2014Q1,beijing_2014-02-14T18:00:00,24,3,constant,logistic,145,168,1,0,-0.024838218539741726,-0.024838218539741726,-0.024838218539761727,-0.02483821853972175,-0.02483821853974175,-0.02483821853974175,-0.02483821854006018,-0.02483821853942332,FLOAT_OUTWARD,0.0,3.5214886562329184e-15,0.0,0.0,0.024838218539741726,-0.024838218539741726,0,0,0,0,2.2599997464567423e-05,1.3999990187585354e-05,ANALYTIC,0.00014279999595601112,A,A,A,False,False,False,False,NO_AMBIGUOUS_LABELS,,,,,,
AP0,beijing,Aotizhongxin,fixed_panel,natural,8418,2014-02-14 18:00:00,2014Q1,beijing_2014-02-14T18:00:00,24,3,constant,hist_gradient_boosting,145,168,1,0,-0.12277613265103698,-0.12277613265103698,-0.12277613265105698,-0.12277613265101701,-0.12277613265103704,-0.12277613265103704,-0.12277613265135547,-0.12277613265071861,FLOAT_OUTWARD,0.0,8.049116928532385e-15,0.0,0.0,0.12277613265103698,-0.12277613265103698,0,0,0,0,2.2599997464567423e-05,1.2499993317760527e-05,ANALYTIC,9.43000050028786e-05,A,A,A,False,False,False,False,NO_AMBIGUOUS_LABELS,,,,,,
AP0,beijing,Aotizhongxin,fixed_panel,natural,8418,2014-02-14 18:00:00,2014Q1,beijing_2014-02-14T18:00:00,24,3,logistic,hist_gradient_boosting,145,168,1,0,-0.0979379141112953,-0.0979379141112953,-0.09793791411131529,-0.09793791411127531,-0.09793791411129533,-0.09793791411129533,-0.09793791411161376,-0.09793791411097691,FLOAT_OUTWARD,0.0,6.036837696399289e-15,0.0,0.0,0.0979379141112953,-0.0979379141112953,0,0,0,0,2.2599997464567423e-05,1.2200005585327744e-05,ANALYTIC,8.339999476447701e-05,A,A,A,False,False,False,False,NO_AMBIGUOUS_LABELS,,,,,,
AP0,beijing,Aotizhongxin,fixed_panel,natural,8586,2014-02-21 18:00:00,2014Q1,beijing_2014-02-21T18:00:00,24,3,constant,logistic,145,168,16,0,0.11425822418095008,0.11425822418095008,0.1142582241809301,0.11425822418097008,0.11425822418095008,0.11425822418095008,0.11425822418063165,0.1142582241812685,FLOAT_OUTWARD,0.0,0.0,0.0,0.0,-0.11425822418095008,0.11425822418095008,0,0,0,0,2.0799998310394585e-05,1.3900003978051245e-05,ANALYTIC,0.0001213000068673864,B,B,B,False,False,False,False,NO_AMBIGUOUS_LABELS,,,,,,
AP0,beijing,Aotizhongxin,fixed_panel,natural,8586,2014-02-21 18:00:00,2014Q1,beijing_2014-02-21T18:00:00,24,3,constant,hist_gradient_boosting,145,168,16,0,0.08936153617606542,0.08936153617606542,0.08936153617604543,0.08936153617608542,0.08936153617606536,0.08936153617606536,0.08936153617574694,0.08936153617638379,FLOAT_OUTWARD,0.0,8.049116928532385e-15,0.0,0.0,-0.08936153617606542,0.08936153617606542,0,0,0,0,2.0799998310394585e-05,1.270000939257443e-05,ANALYTIC,9.200000204145908e-05,B,B,B,False,False,False,False,NO_AMBIGUOUS_LABELS,,,,,,
AP0,beijing,Aotizhongxin,fixed_panel,natural,8586,2014-02-21 18:00:00,2014Q1,beijing_2014-02-21T18:00:00,24,3,logistic,hist_gradient_boosting,145,168,16,0,-0.024896688004884662,-0.024896688004884662,-0.024896688004904664,-0.024896688004864668,-0.024896688004884763,-0.024896688004884763,-0.024896688005203192,-0.024896688004566334,FLOAT_OUTWARD,0.0,1.4589024432964948e-14,0.0,0.0,0.024896688004884662,-0.024896688004884662,0,0,0,0,2.0799998310394585e-05,1.2100004823878407e-05,ANALYTIC,8.38999985717237e-05,A,A,A,False,False,False,False,NO_AMBIGUOUS_LABELS,,,,,,
AP0,beijing,Aotizhongxin,fixed_panel,natural,6570,2013-11-29 18:00:00,2013Q4,beijing_2013-11-29T18:00:00,72,3,constant,logistic,97,168,0,0,0.0019358285271249436,0.0019358285271249436,0.0019358285271049436,0.0019358285271449402,0.0019358285271249619,0.0019358285271249619,0.0019358285268065338,0.0019358285274433899,FLOAT_OUTWARD,1.766815860282378e-15,0.0,0.0,0.0,-0.0019358285271249436,0.0019358285271249436,0,0,0,0,2.61999957729131e-05,1.4600009308196604e-05,ANALYTIC,0.0009279999940190464,B,B,B,False,False,False,False,NO_AMBIGUOUS_LABELS,,,,,,
AP0,beijing,Aotizhongxin,fixed_panel,natural,6570,2013-11-29 18:00:00,2013Q4,beijing_2013-11-29T18:00:00,72,3,constant,hist_gradient_boosting,97,168,0,0,-0.04997102259071205,-0.04997102259071205,-0.04997102259073205,-0.04997102259069208,-0.04997102259071205,-0.04997102259071205,-0.04997102259103048,-0.04997102259039363,FLOAT_OUTWARD,0.0,0.0,0.0,0.0,0.04997102259071205,-0.04997102259071205,0,0,0,0,2.61999957729131e-05,1.2600008631125093e-05,ANALYTIC,0.00011619999713730067,A,A,A,False,False,False,False,NO_AMBIGUOUS_LABELS,,,,,,
AP0,beijing,Aotizhongxin,fixed_panel,natural,6570,2013-11-29 18:00:00,2013Q4,beijing_2013-11-29T18:00:00,72,3,logistic,hist_gradient_boosting,97,168,0,0,-0.05190685111783701,-0.05190685111783701,-0.051906851117857006,-0.05190685111781701,-0.05190685111783704,-0.05190685111783704,-0.05190685111815547,-0.05190685111751862,FLOAT_OUTWARD,0.0,3.3653635433950058e-15,0.0,0.0,0.05190685111783701,-0.05190685111783701,0,0,0,0,2.61999957729131e-05,1.1500000255182385e-05,ANALYTIC,0.00010130000009667128,A,A,A,False,False,False,False,NO_AMBIGUOUS_LABELS,,,,,,
AP0,beijing,Aotizhongxin,fixed_panel,natural,6738,2013-12-06 18:00:00,2013Q4,beijing_2013-12-06T18:00:00,72,3,constant,logistic,97,168,0,0,0.055032012795745364,0.055032012795745364,0.055032012795725366,0.05503201279576535,0.055032012795745364,0.055032012795745364,0.05503201279542694,0.05503201279606379,FLOAT_OUTWARD,0.0,0.0,0.0,0.0,-0.055032012795745364,0.055032012795745364,0,0,0,0,2.099999983329326e-05,1.3900003978051245e-05,ANALYTIC,0.00012930000957567245,B,B,B,False,False,False,False,NO_AMBIGUOUS_LABELS,,,,,,
AP0,beijing,Aotizhongxin,fixed_panel,natural,6738,2013-12-06 18:00:00,2013Q4,beijing_2013-12-06T18:00:00,72,3,constant,hist_gradient_boosting,97,168,0,0,-0.03936889821352596,-0.03936889821352596,-0.03936889821354596,-0.03936889821350597,-0.039368898213525946,-0.039368898213525946,-0.03936889821384437,-0.03936889821320752,FLOAT_OUTWARD,1.3461454173580023e-15,0.0,0.0,0.0,0.03936889821352596,-0.03936889821352596,0,0,0,0,2.099999983329326e-05,2.2799998987466097e-05,ANALYTIC,0.00010309999925084412,A,A,A,False,False,False,False,NO_AMBIGUOUS_LABELS,,,,,,
AP0,beijing,Aotizhongxin,fixed_panel,natural,6738,2013-12-06 18:00:00,2013Q4,beijing_2013-12-06T18:00:00,72,3,logistic,hist_gradient_boosting,97,168,0,0,-0.09440091100927132,-0.09440091100927132,-0.09440091100929132,-0.09440091100925133,-0.09440091100927132,-0.09440091100927132,-0.09440091100958975,-0.0944009110089529,FLOAT_OUTWARD,0.0,0.0,0.0,0.0,0.09440091100927132,-0.09440091100927132,0,0,0,0,2.099999983329326e-05,1.1799987987615168e-05,ANALYTIC,9.880001016426831e-05,A,A,A,False,False,False,False,NO_AMBIGUOUS_LABELS,,,,,,
AP0,beijing,Aotizhongxin,fixed_panel,natural,6906,2013-12-13 18:00:00,2013Q4,beijing_2013-12-13T18:00:00,72,3,constant,logistic,97,168,1,0,0.0029678553451091753,0.0029678553451091753,0.0029678553450891753,0.0029678553451291697,0.0029678553451091385,0.0029678553451091385,0.0029678553447907105,0.0029678553454275665,FLOAT_OUTWARD,0.0,3.575698764857194e-15,0.0,0.0,-0.0029678553451091753,0.0029678553451091753,0,0,0,0,1.959998917300254e-05,1.2999997125007212e-05,ANALYTIC,0.0001241000136360526,B,B,B,False,False,False,False,NO_AMBIGUOUS_LABELS,,,,,,
AP0,beijing,Aotizhongxin,fixed_panel,natural,6906,2013-12-13 18:00:00,2013Q4,beijing_2013-12-13T18:00:00,72,3,constant,hist_gradient_boosting,97,168,1,0,-0.007836369818614745,-0.007836369818614745,-0.007836369818634744,-0.007836369818594747,-0.007836369818614776,-0.007836369818614776,-0.007836369818933204,-0.007836369818296348,FLOAT_OUTWARD,0.0,3.028827189055505e-15,0.0,0.0,0.007836369818614745,-0.007836369818614745,0,0,0,0,1.959998917300254e-05,1.1900003300979733e-05,ANALYTIC,0.00010139998630620539,A,A,A,False,False,False,False,NO_AMBIGUOUS_LABELS,,,,,,
AP0,beijing,Aotizhongxin,fixed_panel,natural,6906,2013-12-13 18:00:00,2013Q4,beijing_2013-12-13T18:00:00,72,3,logistic,hist_gradient_boosting,97,168,1,0,-0.010804225163723919,-0.010804225163723919,-0.010804225163743915,-0.010804225163703919,-0.010804225163723919,-0.010804225163723919,-0.010804225164042346,-0.010804225163405491,FLOAT_OUTWARD,0.0,0.0,0.0,0.0,0.010804225163723919,-0.010804225163723919,0,0,0,0,1.959998917300254e-05,1.1299998732283711e-05,ANALYTIC,9.359999967273325e-05,A,A,A,False,False,False,False,NO_AMBIGUOUS_LABELS,,,,,,
AP0,beijing,Aotizhongxin,fixed_panel,natural,7074,2013-12-20 18:00:00,2013Q4,beijing_2013-12-20T18:00:00,72,3,constant,logistic,97,168,0,0,0.003497835655397273,0.003497835655397273,0.0034978356553772728,0.0034978356554172647,0.003497835655397254,0.003497835655397254,0.003497835655078826,0.003497835655715682,FLOAT_OUTWARD,0.0,1.8088829045748156e-15,0.0,0.0,-0.003497835655397273,0.003497835655397273,0,0,0,0,1.920000067912042e-05,1.3199998647905886e-05,ANALYTIC,0.00012169999536126852,B,B,B,False,False,False,False,NO_AMBIGUOUS_LABELS,,,,,,
AP0,beijing,Aotizhongxin,fixed_panel,natural,7074,2013-12-20 18:00:00,2013Q4,beijing_2013-12-20T18:00:00,72,3,constant,hist_gradient_boosting,97,168,0,0,0.003549814970815361,0.003549814970815361,0.003549814970795361,0.0035498149708353575,0.003549814970815379,0.003549814970815379,0.003549814970496951,0.003549814971133807,FLOAT_OUTWARD,1.766815860282378e-15,0.0,0.0,0.0,-0.003549814970815361,0.003549814970815361,0,0,0,0,1.920000067912042e-05,1.170000177808106e-05,ANALYTIC,9.90999978967011e-05,B,B,B,False,False,False,False,NO_AMBIGUOUS_LABELS,,,,,,
AP0,beijing,Aotizhongxin,fixed_panel,natural,7074,2013-12-20 18:00:00,2013Q4,beijing_2013-12-20T18:00:00,72,3,logistic,hist_gradient_boosting,97,168,0,0,5.1979315418092955e-05,5.1979315418092955e-05,5.1979315398092956e-05,5.1979315438092955e-05,5.1979315418092955e-05,5.1979315418092955e-05,5.197931509966501e-05,5.1979315736520904e-05,FLOAT_OUTWARD,0.0,0.0,0.0,0.0,-5.1979315418092955e-05,5.1979315418092955e-05,0,0,0,0,1.920000067912042e-05,1.1600001016631722e-05,ANALYTIC,9.679999493528157e-05,B,B,B,False,False,False,False,NO_AMBIGUOUS_LABELS,,,,,,
AP0,beijing,Aotizhongxin,fixed_panel,natural,7242,2013-12-27 18:00:00,2013Q4,beijing_2013-12-27T18:00:00,72,3,constant,logistic,97,168,0,0,0.0023173248347919087,0.0023173248347919087,0.0023173248347719087,0.002317324834811909,0.0023173248347918905,0.0023173248347918905,0.0023173248344734625,0.0023173248351103185,FLOAT_OUTWARD,0.0,1.766815860282378e-15,0.0,0.0,-0.0023173248347919087,0.0023173248347919087,0,0,0,0,2.059999678749591e-05,1.3500000932253897e-05,ANALYTIC,0.00012569999671541154,B,B,B,False,False,False,False,NO_AMBIGUOUS_LABELS,,,,,,
AP0,beijing,Aotizhongxin,fixed_panel,natural,7242,2013-12-27 18:00:00,2013Q4,beijing_2013-12-27T18:00:00,72,3,constant,hist_gradient_boosting,97,168,0,0,-0.0027273712263821653,-0.0027273712263821653,-0.0027273712264021554,-0.0027273712263621653,-0.0027273712263822017,-0.0027273712263822017,-0.0027273712267006298,-0.0027273712260637737,FLOAT_OUTWARD,0.0,3.533631720564756e-15,0.0,0.0,0.0027273712263821653,-0.0027273712263821653,0,0,0,0,2.059999678749591e-05,1.1999989510513842e-05,ANALYTIC,0.00010210000618826598,A,A,A,False,False,False,False,NO_AMBIGUOUS_LABELS,,,,,,
AP0,beijing,Aotizhongxin,fixed_panel,natural,7242,2013-12-27 18:00:00,2013Q4,beijing_2013-12-27T18:00:00,72,3,logistic,hist_gradient_boosting,97,168,0,0,-0.00504469606117407,-0.00504469606117407,-0.005044696061194064,-0.00504469606115407,-0.005044696061174088,-0.005044696061174088,-0.0050446960614925155,-0.00504469606085566,FLOAT_OUTWARD,0.0,1.766815860282378e-15,0.0,0.0,0.00504469606117407,-0.00504469606117407,0,0,0,0,2.059999678749591e-05,1.1299998732283711e-05,ANALYTIC,9.679999493528157e-05,A,A,A,False,False,False,False,NO_AMBIGUOUS_LABELS,,,,,,
AP0,beijing,Aotizhongxin,fixed_panel,natural,7410,2014-01-03 18:00:00,2014Q1,beijing_2014-01-03T18:00:00,72,3,constant,logistic,97,168,0,0,0.00032345274153703236,0.00032345274153703236,0.00032345274151703235,0.0003234527415570232,0.0003234527415370507,0.0003234527415370507,0.0003234527412186227,0.00032345274185547864,FLOAT_OUTWARD,1.7773326213554874e-15,0.0,0.0,0.0,-0.00032345274153703236,0.00032345274153703236,0,0,0,0,1.920000067912042e-05,1.340000017080456e-05,ANALYTIC,0.00012319999223109335,B,B,B,False,False,False,False,NO_AMBIGUOUS_LABELS,,,,,,
AP0,beijing,Aotizhongxin,fixed_panel,natural,7410,2014-01-03 18:00:00,2014Q1,beijing_2014-01-03T18:00:00,72,3,constant,hist_gradient_boosting,97,168,0,0,0.00223693042007589,0.00223693042007589,0.00223693042005589,0.002236930420095882,0.0022369304200758533,0.0022369304200758533,0.0022369304197574253,0.0022369304203942813,FLOAT_OUTWARD,0.0,3.575698764857194e-15,0.0,0.0,-0.00223693042007589,0.00223693042007589,0,0,0,0,1.920000067912042e-05,1.2199991033412516e-05,ANALYTIC,0.00010170000314246863,B,B,B,False,False,False,False,NO_AMBIGUOUS_LABELS,,,,,,
AP0,beijing,Aotizhongxin,fixed_panel,natural,7410,2014-01-03 18:00:00,2014Q1,beijing_2014-01-03T18:00:00,72,3,logistic,hist_gradient_boosting,97,168,0,0,0.0019134776785388588,0.0019134776785388588,0.0019134776785188587,0.0019134776785588589,0.0019134776785388588,0.0019134776785388588,0.0019134776782204308,0.0019134776788572868,FLOAT_OUTWARD,0.0,0.0,0.0,0.0,-0.0019134776785388588,0.0019134776785388588,0,0,0,0,1.920000067912042e-05,1.1600001016631722e-05,ANALYTIC,9.580000187270343e-05,B,B,B,False,False,False,False,NO_AMBIGUOUS_LABELS,,,,,,
AP0,beijing,Aotizhongxin,fixed_panel,natural,7578,2014-01-10 18:00:00,2014Q1,beijing_2014-01-10T18:00:00,72,3,constant,logistic,97,168,0,0,0.00300806735086549,0.00300806735086549,0.00300806735084549,0.00300806735088549,0.003008067350865499,0.003008067350865499,0.003008067350547071,0.003008067351183927,FLOAT_OUTWARD,8.83407930141189e-16,0.0,0.0,0.0,-0.00300806735086549,0.00300806735086549,0,0,0,0,4.129999433644116e-05,1.4900011592544615e-05,ANALYTIC,0.0001877999893622473,B,B,B,False,False,False,False,NO_AMBIGUOUS_LABELS,,,,,,
AP0,beijing,Aotizhongxin,fixed_panel,natural,7578,2014-01-10 18:00:00,2014Q1,beijing_2014-01-10T18:00:00,72,3,constant,hist_gradient_boosting,97,168,0,0,0.0015123062129894472,0.0015123062129894472,0.0015123062129694471,0.001512306213009437,0.0015123062129894565,0.0015123062129894565,0.0015123062126710285,0.0015123062133078845,FLOAT_OUTWARD,9.044414522874078e-16,0.0,0.0,0.0,-0.0015123062129894472,0.0015123062129894472,0,0,0,0,4.129999433644116e-05,1.3700002455152571e-05,ANALYTIC,0.00011520000407472253,B,B,B,False,False,False,False,NO_AMBIGUOUS_LABELS,,,,,,
AP0,beijing,Aotizhongxin,fixed_panel,natural,7578,2014-01-10 18:00:00,2014Q1,beijing_2014-01-10T18:00:00,72,3,logistic,hist_gradient_boosting,97,168,0,0,-0.0014957611378760562,-0.0014957611378760562,-0.0014957611378960528,-0.0014957611378560562,-0.0014957611378760471,-0.0014957611378760471,-0.0014957611381944751,-0.0014957611375576191,FLOAT_OUTWARD,8.83407930141189e-16,0.0,0.0,0.0,0.0014957611378760562,-0.0014957611378760562,0,0,0,0,4.129999433644116e-05,2.9699993319809437e-05,ANALYTIC,0.00029200001154094934,A,A,A,False,False,False,False,NO_AMBIGUOUS_LABELS,,,,,,
AP0,beijing,Aotizhongxin,fixed_panel,natural,7746,2014-01-17 18:00:00,2014Q1,beijing_2014-01-17T18:00:00,72,3,constant,logistic,97,168,1,0,-0.007778206756191955,-0.007778206756191955,-0.007778206756211954,-0.007778206756171955,-0.007778206756191969,-0.007778206756191969,-0.007778206756510396,-0.007778206755873541,FLOAT_OUTWARD,0.0,1.3461454173580023e-15,0.0,0.0,0.007778206756191955,-0.007778206756191955,0,0,0,0,2.2199994418770075e-05,1.340000017080456e-05,ANALYTIC,0.00013760000001639128,A,A,A,False,False,False,False,NO_AMBIGUOUS_LABELS,,,,,,
AP0,beijing,Aotizhongxin,fixed_panel,natural,7746,2014-01-17 18:00:00,2014Q1,beijing_2014-01-17T18:00:00,72,3,constant,hist_gradient_boosting,97,168,1,0,-0.03125961793113582,-0.03125961793113582,-0.031259617931155816,-0.03125961793111582,-0.03125961793113584,-0.03125961793113584,-0.031259617931454264,-0.03125961793081741,FLOAT_OUTWARD,0.0,2.0192181260370035e-15,0.0,0.0,0.03125961793113582,-0.03125961793113582,0,0,0,0,2.2199994418770075e-05,1.2200005585327744e-05,ANALYTIC,0.000106100007542409,A,A,A,False,False,False,False,NO_AMBIGUOUS_LABELS,,,,,,
AP0,beijing,Aotizhongxin,fixed_panel,natural,7746,2014-01-17 18:00:00,2014Q1,beijing_2014-01-17T18:00:00,72,3,logistic,hist_gradient_boosting,97,168,1,0,-0.023481411174943876,-0.023481411174943876,-0.023481411174963867,-0.023481411174923875,-0.02348141117494386,-0.02348141117494386,-0.023481411175262288,-0.02348141117462543,FLOAT_OUTWARD,1.6826817716975029e-15,0.0,0.0,0.0,0.023481411174943876,-0.023481411174943876,0,0,0,0,2.2199994418770075e-05,1.200000406242907e-05,ANALYTIC,0.00011500000255182385,A,A,A,False,False,False,False,NO_AMBIGUOUS_LABELS,,,,,,
AP0,beijing,Aotizhongxin,fixed_panel,natural,7914,2014-01-24 18:00:00,2014Q1,beijing_2014-01-24T18:00:00,72,3,constant,logistic,97,168,5,0,-0.000513714867154665,-0.000513714867154665,-0.0005137148671746615,-0.000513714867134665,-0.0005137148671546741,-0.0005137148671546741,-0.000513714867473102,-0.0005137148668362462,FLOAT_OUTWARD,0.0,8.83407930141189e-16,0.0,0.0,0.000513714867154665,-0.000513714867154665,0,0,0,0,2.6200010324828327e-05,1.3900003978051245e-05,ANALYTIC,0.00015180000627879053,A,A,A,False,False,False,False,NO_AMBIGUOUS_LABELS,,,,,,
AP0,beijing,Aotizhongxin,fixed_panel,natural,7914,2014-01-24 18:00:00,2014Q1,beijing_2014-01-24T18:00:00,72,3,constant,hist_gradient_boosting,97,168,5,0,-0.02365038272638085,-0.02365038272638085,-0.02365038272640085,-0.02365038272636086,-0.02365038272638085,-0.02365038272638085,-0.023650382726699278,-0.02365038272606242,FLOAT_OUTWARD,0.0,0.0,0.0,0.0,0.02365038272638085,-0.02365038272638085,0,0,0,0,2.6200010324828327e-05,1.200000406242907e-05,ANALYTIC,0.00010670001211110502,A,A,A,False,False,False,False,NO_AMBIGUOUS_LABELS,,,,,,
AP0,beijing,Aotizhongxin,fixed_panel,natural,7914,2014-01-24 18:00:00,2014Q1,beijing_2014-01-24T18:00:00,72,3,logistic,hist_gradient_boosting,97,168,5,0,-0.023136667859226204,-0.023136667859226204,-0.023136667859246205,-0.023136667859206202,-0.02313666785922622,-0.02313666785922622,-0.02313666785954465,-0.023136667858907792,FLOAT_OUTWARD,0.0,1.6826817716975029e-15,0.0,0.0,0.023136667859226204,-0.023136667859226204,0,0,0,0,2.6200010324828327e-05,1.1999989510513842e-05,ANALYTIC,0.0001112000027205795,A,A,A,False,False,False,False,NO_AMBIGUOUS_LABELS,,,,,,
AP0,beijing,Aotizhongxin,fixed_panel,natural,8082,2014-01-31 18:00:00,2014Q1,beijing_2014-01-31T18:00:00,72,3,constant,logistic,97,168,0,0,-0.01581141537656282,-0.01581141537656282,-0.015811415376582823,-0.01581141537654282,-0.01581141537656282,-0.01581141537656282,-0.01581141537688125,-0.015811415376244392,FLOAT_OUTWARD,0.0,0.0,0.0,0.0,0.01581141537656282,-0.01581141537656282,0,0,0,0,2.0000006770715117e-05,1.3800003216601908e-05,ANALYTIC,0.00014230000670067966,A,A,A,False,False,False,False,NO_AMBIGUOUS_LABELS,,,,,,
AP0,beijing,Aotizhongxin,fixed_panel,natural,8082,2014-01-31 18:00:00,2014Q1,beijing_2014-01-31T18:00:00,72,3,constant,hist_gradient_boosting,97,168,0,0,-0.0046891415326584945,-0.0046891415326584945,-0.004689141532678494,-0.004689141532638495,-0.004689141532658511,-0.004689141532658511,-0.004689141532976939,-0.0046891415323400834,FLOAT_OUTWARD,0.0,1.5985476831126277e-15,0.0,0.0,0.0046891415326584945,-0.0046891415326584945,0,0,0,0,2.0000006770715117e-05,1.239999255631119e-05,ANALYTIC,0.00010750000365078449,A,A,A,False,False,False,False,NO_AMBIGUOUS_LABELS,,,,,,
AP0,beijing,Aotizhongxin,fixed_panel,natural,8082,2014-01-31 18:00:00,2014Q1,beijing_2014-01-31T18:00:00,72,3,logistic,hist_gradient_boosting,97,168,0,0,0.01112227384390434,0.01112227384390434,0.011122273843884341,0.011122273843924323,0.011122273843904304,0.011122273843904304,0.011122273843585877,0.011122273844222732,FLOAT_OUTWARD,0.0,3.533631720564756e-15,0.0,0.0,-0.01112227384390434,0.01112227384390434,0,0,0,0,2.0000006770715117e-05,1.1900003300979733e-05,ANALYTIC,0.00010309999925084412,B,B,B,False,False,False,False,NO_AMBIGUOUS_LABELS,,,,,,
AP0,beijing,Aotizhongxin,fixed_panel,natural,8250,2014-02-07 18:00:00,2014Q1,beijing_2014-02-07T18:00:00,72,3,constant,logistic,97,168,3,0,-0.0006569766353583574,-0.0006569766353583574,-0.0006569766353783573,-0.0006569766353383574,-0.0006569766353583483,-0.0006569766353583483,-0.0006569766356767762,-0.0006569766350399204,FLOAT_OUTWARD,8.83407930141189e-16,0.0,0.0,0.0,0.0006569766353583574,-0.0006569766353583574,0,0,0,0,0.0001340000017080456,1.4800010831095278e-05,ANALYTIC,0.0002091000060318038,A,A,A,False,False,False,False,NO_AMBIGUOUS_LABELS,,,,,,
AP0,beijing,Aotizhongxin,fixed_panel,natural,8250,2014-02-07 18:00:00,2014Q1,beijing_2014-02-07T18:00:00,72,3,constant,hist_gradient_boosting,97,168,3,0,-0.013064279717588419,-0.013064279717588419,-0.013064279717608408,-0.01306427971756842,-0.013064279717588419,-0.013064279717588419,-0.013064279717906847,-0.013064279717269991,FLOAT_OUTWARD,0.0,0.0,0.0,0.0,0.013064279717588419,-0.013064279717588419,0,0,0,0,0.0001340000017080456,1.2799995602108538e-05,ANALYTIC,0.00011280000035185367,A,A,A,False,False,False,False,NO_AMBIGUOUS_LABELS,,,,,,
AP0,beijing,Aotizhongxin,fixed_panel,natural,8250,2014-02-07 18:00:00,2014Q1,beijing_2014-02-07T18:00:00,72,3,logistic,hist_gradient_boosting,97,168,3,0,-0.012407303082230028,-0.012407303082230028,-0.012407303082250028,-0.012407303082210051,-0.012407303082230082,-0.012407303082230082,-0.01240730308254851,-0.012407303081911654,FLOAT_OUTWARD,0.0,5.216313492262259e-15,0.0,0.0,0.012407303082230028,-0.012407303082230028,0,0,0,0,0.0001340000017080456,1.1900003300979733e-05,ANALYTIC,0.00010029999248217791,A,A,A,False,False,False,False,NO_AMBIGUOUS_LABELS,,,,,,
AP0,beijing,Aotizhongxin,fixed_panel,natural,8418,2014-02-14 18:00:00,2014Q1,beijing_2014-02-14T18:00:00,72,3,constant,logistic,97,168,1,0,-0.016057592001768744,-0.016057592001768744,-0.016057592001788745,-0.01605759200174875,-0.016057592001768754,-0.016057592001768754,-0.016057592002087184,-0.016057592001450325,FLOAT_OUTWARD,0.0,1.0096090630185017e-15,0.0,0.0,0.016057592001768744,-0.016057592001768744,0,0,0,0,2.1100000594742596e-05,1.3800003216601908e-05,ANALYTIC,0.0001320000010309741,A,A,A,False,False,False,False,NO_AMBIGUOUS_LABELS,,,,,,
AP0,beijing,Aotizhongxin,fixed_panel,natural,8418,2014-02-14 18:00:00,2014Q1,beijing_2014-02-14T18:00:00,72,3,constant,hist_gradient_boosting,97,168,1,0,-0.08894556227446809,-0.08894556227446809,-0.08894556227448806,-0.0889455622744481,-0.08894556227446801,-0.08894556227446801,-0.08894556227478644,-0.08894556227414958,FLOAT_OUTWARD,8.076872504148014e-15,0.0,0.0,0.0,0.08894556227446809,-0.08894556227446809,0,0,0,0,2.1100000594742596e-05,1.3199998647905886e-05,ANALYTIC,0.00017660000594332814,A,A,A,False,False,False,False,NO_AMBIGUOUS_LABELS,,,,,,
AP0,beijing,Aotizhongxin,fixed_panel,natural,8418,2014-02-14 18:00:00,2014Q1,beijing_2014-02-14T18:00:00,72,3,logistic,hist_gradient_boosting,97,168,1,0,-0.07288797027269933,-0.07288797027269933,-0.07288797027271932,-0.07288797027267933,-0.07288797027269935,-0.07288797027269935,-0.07288797027301777,-0.07288797027238092,FLOAT_OUTWARD,0.0,1.3461454173580023e-15,0.0,0.0,0.07288797027269933,-0.07288797027269933,0,0,0,0,2.1100000594742596e-05,1.239999255631119e-05,ANALYTIC,0.00019750000501517206,A,A,A,False,False,False,False,NO_AMBIGUOUS_LABELS,,,,,,
AP0,beijing,Aotizhongxin,fixed_panel,natural,8586,2014-02-21 18:00:00,2014Q1,beijing_2014-02-21T18:00:00,72,3,constant,logistic,97,168,16,0,0.0028043229123205014,0.0028043229123205014,0.0028043229123005014,0.0028043229123404993,0.002804322912320465,0.002804322912320465,0.002804322912002037,0.002804322912638893,FLOAT_OUTWARD,0.0,3.533631720564756e-15,0.0,0.0,-0.0028043229123205014,0.0028043229123205014,0,0,0,0,2.1200001356191933e-05,1.3500000932253897e-05,ANALYTIC,0.0001311999949393794,B,B,B,False,False,False,False,NO_AMBIGUOUS_LABELS,,,,,,
AP0,beijing,Aotizhongxin,fixed_panel,natural,8586,2014-02-21 18:00:00,2014Q1,beijing_2014-02-21T18:00:00,72,3,constant,hist_gradient_boosting,97,168,16,0,-0.0015538897170614208,-0.0015538897170614208,-0.0015538897170814174,-0.0015538897170414207,-0.0015538897170614757,-0.0015538897170614757,-0.0015538897173799037,-0.0015538897167430476,FLOAT_OUTWARD,0.0,5.321481102993353e-15,0.0,0.0,0.0015538897170614208,-0.0015538897170614208,0,0,0,0,2.1200001356191933e-05,1.4000004739500582e-05,ANALYTIC,0.00014200000441633165,A,A,A,False,False,False,False,NO_AMBIGUOUS_LABELS,,,,,,
AP0,beijing,Aotizhongxin,fixed_panel,natural,8586,2014-02-21 18:00:00,2014Q1,beijing_2014-02-21T18:00:00,72,3,logistic,hist_gradient_boosting,97,168,16,0,-0.004358212629381922,-0.004358212629381922,-0.004358212629401916,-0.004358212629361922,-0.004358212629381941,-0.004358212629381941,-0.0043582126297003684,-0.004358212629063513,FLOAT_OUTWARD,0.0,1.850949948867253e-15,0.0,0.0,0.004358212629381922,-0.004358212629381922,0,0,0,0,2.1200001356191933e-05,1.9400002202019095e-05,ANALYTIC,0.00010830000974237919,A,A,A,False,False,False,False,NO_AMBIGUOUS_LABELS,,,,,,
AP0,beijing,Aotizhongxin,full_station,natural,6570,2013-11-29 18:00:00,2013Q4,beijing_2013-11-29T18:00:00,24,3,constant,logistic,2167,2190,27,23,0.050395349067997836,0.055802459533031555,0.05039722278829367,0.05580058581273572,0.05039722278831351,0.05580058581271567,0.05039722278440329,0.05580058581662589,FLOAT_OUTWARD,0.004060351924066903,0.004060351924518001,0.0054071104650337196,0.005407110465033748,-0.050395349067997836,0.055802459533031555,1,462,45,226,0.0011957000097027048,0.0063624999893363565,OPTIMAL_DUAL_OUTWARD,0.0005806000117445365,B,B,B,False,False,False,False,INDEPENDENT_ALREADY_DIRECTED,,,,,,
AP0,beijing,Aotizhongxin,full_station,natural,6570,2013-11-29 18:00:00,2013Q4,beijing_2013-11-29T18:00:00,24,3,constant,hist_gradient_boosting,2167,2190,27,23,0.027352149237235744,0.03243519855854817,0.028083759048744893,0.031609146465043175,0.028083759048764687,0.03160914646502294,0.028083759044854464,0.03160914646893316,FLOAT_OUTWARD,1.5853984615832182,1.7900548866691732,0.005083049321312427,0.005083049321312426,-0.027352149237235744,0.03243519855854817,1,462,45,226,0.0011957000097027048,0.005955800006631762,OPTIMAL_DUAL_OUTWARD,0.0007140999950934201,B,B,B,False,False,False,False,INDEPENDENT_ALREADY_DIRECTED,,,,,,
AP0,beijing,Aotizhongxin,full_station,natural,6570,2013-11-29 18:00:00,2013Q4,beijing_2013-11-29T18:00:00,24,3,logistic,hist_gradient_boosting,2167,2190,27,23,-0.02439768171026586,-0.022012779094979618,-0.02419143934771256,-0.02221902145753292,-0.024191439347692557,-0.02221902145755292,-0.02419143935160278,-0.0222190214536427,FLOAT_OUTWARD,0.4469271996963488,0.4469271996963488,0.0023849026152862433,0.002384902615286234,0.02439768171026586,-0.022012779094979618,1,462,45,226,0.0011957000097027048,0.00615160001325421,OPTIMAL_DUAL_OUTWARD,0.00071340000431519,A,A,A,False,False,False,False,INDEPENDENT_ALREADY_DIRECTED,,,,,,
AP0,beijing,Aotizhongxin,full_station,natural,6570,2013-11-29 18:00:00,2013Q4,beijing_2013-11-29T18:00:00,72,3,constant,logistic,2119,2190,27,0,0.002787870332765158,0.002787870332765158,0.0027878703327451643,0.002787870332785158,0.0027878703327651176,0.0027878703327651176,0.002787870328854896,0.002787870336675339,FLOAT_OUTWARD,0.0,8.546418781008036e-14,0.0,0.0,-0.002787870332765158,0.002787870332765158,0,0,0,0,3.7699996028095484e-05,7.700000423938036e-05,ANALYTIC,0.0005755000020144507,B,B,B,False,False,False,False,NO_AMBIGUOUS_LABELS,,,,,,
AP0,beijing,Aotizhongxin,full_station,natural,6570,2013-11-29 18:00:00,2013Q4,beijing_2013-11-29T18:00:00,72,3,constant,hist_gradient_boosting,2119,2190,27,0,-0.018762436769553095,-0.018762436769553095,-0.018762436769573097,-0.018762436769533094,-0.018762436769553095,-0.018762436769553095,-0.018762436773463318,-0.018762436765642872,FLOAT_OUTWARD,0.0,0.0,0.0,0.0,0.018762436769553095,-0.018762436769553095,0,0,0,0,3.7699996028095484e-05,8.270000398624688e-05,ANALYTIC,0.0008190999942598864,A,A,A,False,False,False,False,NO_AMBIGUOUS_LABELS,,,,,,
AP0,beijing,Aotizhongxin,full_station,natural,6570,2013-11-29 18:00:00,2013Q4,beijing_2013-11-29T18:00:00,72,3,logistic,hist_gradient_boosting,2119,2190,27,0,-0.021550307102318263,-0.021550307102318263,-0.021550307102338264,-0.02155030710229826,-0.021550307102318162,-0.021550307102318162,-0.021550307106228385,-0.02155030709840794,FLOAT_OUTWARD,2.1320098464450155e-13,0.0,0.0,0.0,0.021550307102318263,-0.021550307102318263,0,0,0,0,3.7699996028095484e-05,2.1400002879090607e-05,ANALYTIC,0.0006569000106537715,A,A,A,False,False,False,False,NO_AMBIGUOUS_LABELS,,,,,,
AP0,beijing,Changping,fixed_panel,natural,6570,2013-11-29 18:00:00,2013Q4,beijing_2013-11-29T18:00:00,24,3,constant,logistic,145,168,0,0,0.0447626800364856,0.0447626800364856,0.0447626800364656,0.044762680036505596,0.044762680036485605,0.044762680036485605,0.04476268003616718,0.04476268003680403,FLOAT_OUTWARD,1.0061396160665481e-15,0.0,0.0,0.0,-0.0447626800364856,0.0447626800364856,0,0,0,0,5.339999916031957e-05,3.950000973418355e-05,ANALYTIC,0.0003369000041857362,B,B,B,False,False,False,False,NO_AMBIGUOUS_LABELS,,,,,,
AP0,beijing,Changping,fixed_panel,natural,6570,2013-11-29 18:00:00,2013Q4,beijing_2013-11-29T18:00:00,24,3,constant,hist_gradient_boosting,145,168,0,0,0.02847103114708333,0.02847103114708333,0.028471031147063338,0.02847103114710333,0.028471031147083353,0.028471031147083353,0.028471031146764924,0.028471031147401783,FLOAT_OUTWARD,3.5214886562329184e-15,0.0,0.0,0.0,-0.02847103114708333,0.02847103114708333,0,0,0,0,5.339999916031957e-05,1.6600009985268116e-05,ANALYTIC,0.00029850000282749534,B,B,B,False,False,False,False,NO_AMBIGUOUS_LABELS,,,,,,
AP0,beijing,Changping,fixed_panel,natural,6570,2013-11-29 18:00:00,2013Q4,beijing_2013-11-29T18:00:00,24,3,logistic,hist_gradient_boosting,145,168,0,0,-0.01629164888940225,-0.01629164888940225,-0.01629164888942225,-0.016291648889382254,-0.01629164888940225,-0.01629164888940225,-0.016291648889720678,-0.01629164888908382,FLOAT_OUTWARD,0.0,0.0,0.0,0.0,0.01629164888940225,-0.01629164888940225,0,0,0,0,5.339999916031957e-05,1.340000017080456e-05,ANALYTIC,0.00011390000872779638,A,A,A,False,False,False,False,NO_AMBIGUOUS_LABELS,,,,,,
AP0,beijing,Changping,fixed_panel,natural,6738,2013-12-06 18:00:00,2013Q4,beijing_2013-12-06T18:00:00,24,3,constant,logistic,145,168,0,0,0.2324926237671118,0.2324926237671118,0.23249262376709184,0.2324926237671318,0.23249262376711186,0.23249262376711186,0.23249262376679342,0.2324926237674303,FLOAT_OUTWARD,8.049116928532385e-15,0.0,0.0,0.0,-0.2324926237671118,0.2324926237671118,0,0,0,0,2.4900000425986946e-05,1.8799997633323073e-05,ANALYTIC,0.0007217999955173582,B,B,B,False,False,False,False,NO_AMBIGUOUS_LABELS,,,,,,
AP0,beijing,Changping,fixed_panel,natural,6738,2013-12-06 18:00:00,2013Q4,beijing_2013-12-06T18:00:00,24,3,constant,hist_gradient_boosting,145,168,0,0,0.1551302488958871,0.1551302488958871,0.1551302488958671,0.15513024889590712,0.15513024889588717,0.15513024889588717,0.15513024889556873,0.1551302488962056,FLOAT_OUTWARD,8.049116928532385e-15,0.0,0.0,0.0,-0.1551302488958871,0.1551302488958871,0,0,0,0,2.4900000425986946e-05,1.4899997040629387e-05,ANALYTIC,0.0001109000004362315,B,B,B,False,False,False,False,NO_AMBIGUOUS_LABELS,,,,,,
AP0,beijing,Changping,fixed_panel,natural,6738,2013-12-06 18:00:00,2013Q4,beijing_2013-12-06T18:00:00,24,3,logistic,hist_gradient_boosting,145,168,0,0,-0.07736237487122469,-0.07736237487122469,-0.07736237487124469,-0.07736237487120469,-0.07736237487122469,-0.07736237487122469,-0.07736237487154311,-0.07736237487090626,FLOAT_OUTWARD,0.0,0.0,0.0,0.0,0.07736237487122469,-0.07736237487122469,0,0,0,0,2.4900000425986946e-05,1.4599994756281376e-05,ANALYTIC,0.00013679999392479658,A,A,A,False,False,False,False,NO_AMBIGUOUS_LABELS,,,,,,
AP0,beijing,Changping,fixed_panel,natural,6906,2013-12-13 18:00:00,2013Q4,beijing_2013-12-13T18:00:00,24,3,constant,logistic,145,168,0,0,-0.036007790934225195,-0.036007790934225195,-0.03600779093424519,-0.03600779093420521,-0.03600779093422515,-0.03600779093422515,-0.03600779093454358,-0.03600779093390673,FLOAT_OUTWARD,6.036837696399289e-15,0.0,0.0,0.0,0.036007790934225195,-0.036007790934225195,0,0,0,0,2.1500003640539944e-05,1.410000550094992e-05,ANALYTIC,0.00011919999087695032,A,A,A,False,False,False,False,NO_AMBIGUOUS_LABELS,,,,,,
AP0,beijing,Changping,fixed_panel,natural,6906,2013-12-13 18:00:00,2013Q4,beijing_2013-12-13T18:00:00,24,3,constant,hist_gradient_boosting,145,168,0,0,-0.11033194270679249,-0.11033194270679249,-0.11033194270681249,-0.11033194270677252,-0.11033194270679249,-0.11033194270679249,-0.11033194270711091,-0.11033194270647406,FLOAT_OUTWARD,0.0,0.0,0.0,0.0,0.11033194270679249,-0.11033194270679249,0,0,0,0,2.1500003640539944e-05,1.4700010069645941e-05,ANALYTIC,0.0002536999963922426,A,A,A,False,False,False,False,NO_AMBIGUOUS_LABELS,,,,,,
AP0,beijing,Changping,fixed_panel,natural,6906,2013-12-13 18:00:00,2013Q4,beijing_2013-12-13T18:00:00,24,3,logistic,hist_gradient_boosting,145,168,0,0,-0.07432415177256733,-0.07432415177256733,-0.07432415177258733,-0.07432415177254734,-0.07432415177256721,-0.07432415177256721,-0.07432415177288564,-0.07432415177224878,FLOAT_OUTWARD,1.8110513089197866e-14,0.0,0.0,0.0,0.07432415177256733,-0.07432415177256733,0,0,0,0,2.1500003640539944e-05,1.340000017080456e-05,ANALYTIC,0.00022579998767469078,A,A,A,False,False,False,False,NO_AMBIGUOUS_LABELS,,,,,,
AP0,beijing,Changping,fixed_panel,natural,7074,2013-12-20 18:00:00,2013Q4,beijing_2013-12-20T18:00:00,24,3,constant,logistic,145,168,0,0,0.08816143367042861,0.08816143367042861,0.08816143367040864,0.08816143367044861,0.08816143367042864,0.08816143367042864,0.08816143367011021,0.08816143367074707,FLOAT_OUTWARD,4.0245584642661925e-15,0.0,0.0,0.0,-0.08816143367042861,0.08816143367042861,0,0,0,0,2.479999966453761e-05,1.4399993233382702e-05,ANALYTIC,0.00012179999612271786,B,B,B,False,False,False,False,NO_AMBIGUOUS_LABELS,,,,,,
AP0,beijing,Changping,fixed_panel,natural,7074,2013-12-20 18:00:00,2013Q4,beijing_2013-12-20T18:00:00,24,3,constant,hist_gradient_boosting,145,168,0,0,0.05187168955386866,0.05187168955386866,0.05187168955384868,0.051871689553888656,0.051871689553868706,0.051871689553868706,0.05187168955355028,0.05187168955418713,FLOAT_OUTWARD,7.042977312465837e-15,0.0,0.0,0.0,-0.05187168955386866,0.05187168955386866,0,0,0,0,2.479999966453761e-05,2.160000440198928e-05,ANALYTIC,9.349999891128391e-05,B,B,B,False,False,False,False,NO_AMBIGUOUS_LABELS,,,,,,
AP0,beijing,Changping,fixed_panel,natural,7074,2013-12-20 18:00:00,2013Q4,beijing_2013-12-20T18:00:00,24,3,logistic,hist_gradient_boosting,145,168,0,0,-0.036289744116559976,-0.036289744116559976,-0.036289744116579974,-0.036289744116539985,-0.03628974411655995,-0.03628974411655995,-0.036289744116878374,-0.03628974411624152,FLOAT_OUTWARD,4.0245584642661925e-15,0.0,0.0,0.0,0.036289744116559976,-0.036289744116559976,0,0,0,0,2.479999966453761e-05,1.649999467190355e-05,ANALYTIC,0.00038529999437741935,A,A,A,False,False,False,False,NO_AMBIGUOUS_LABELS,,,,,,
AP0,beijing,Changping,fixed_panel,natural,7242,2013-12-27 18:00:00,2013Q4,beijing_2013-12-27T18:00:00,24,3,constant,logistic,145,168,1,0,-0.01924376861058325,-0.01924376861058325,-0.01924376861060325,-0.01924376861056326,-0.01924376861058322,-0.01924376861058322,-0.01924376861090165,-0.01924376861026479,FLOAT_OUTWARD,4.0245584642661925e-15,0.0,0.0,0.0,0.01924376861058325,-0.01924376861058325,0,0,0,0,2.0799998310394585e-05,1.4299992471933365e-05,ANALYTIC,0.00011829999857582152,A,A,A,False,False,False,False,NO_AMBIGUOUS_LABELS,,,,,,
AP0,beijing,Changping,fixed_panel,natural,7242,2013-12-27 18:00:00,2013Q4,beijing_2013-12-27T18:00:00,24,3,constant,hist_gradient_boosting,145,168,1,0,0.0026686937209006445,0.0026686937209006445,0.0026686937208806596,0.0026686937209206446,0.0026686937209006445,0.0026686937209006445,0.0026686937205822165,0.0026686937212190725,FLOAT_OUTWARD,0.0,0.0,0.0,0.0,-0.0026686937209006445,0.0026686937209006445,0,0,0,0,2.0799998310394585e-05,1.3199998647905886e-05,ANALYTIC,0.00010350000229664147,B,B,B,False,False,False,False,NO_AMBIGUOUS_LABELS,,,,,,
AP0,beijing,Changping,fixed_panel,natural,7242,2013-12-27 18:00:00,2013Q4,beijing_2013-12-27T18:00:00,24,3,logistic,hist_gradient_boosting,145,168,1,0,0.02191246233148392,0.02191246233148392,0.02191246233146392,0.02191246233150392,0.02191246233148391,0.02191246233148391,0.02191246233116548,0.02191246233180234,FLOAT_OUTWARD,0.0,1.5092094240998222e-15,0.0,0.0,-0.02191246233148392,0.02191246233148392,0,0,0,0,2.0799998310394585e-05,1.4200006262399256e-05,ANALYTIC,0.00023350000265054405,B,B,B,False,False,False,False,NO_AMBIGUOUS_LABELS,,,,,,
AP0,beijing,Changping,fixed_panel,natural,7410,2014-01-03 18:00:00,2014Q1,beijing_2014-01-03T18:00:00,24,3,constant,logistic,145,168,3,0,0.10497240486783438,0.10497240486783438,0.10497240486781438,0.10497240486785435,0.10497240486783443,0.10497240486783443,0.10497240486751601,0.10497240486815286,FLOAT_OUTWARD,8.049116928532385e-15,0.0,0.0,0.0,-0.10497240486783438,0.10497240486783438,0,0,0,0,2.0699997548945248e-05,1.4300007023848593e-05,ANALYTIC,0.00012769999739248306,B,B,B,False,False,False,False,NO_AMBIGUOUS_LABELS,,,,,,
AP0,beijing,Changping,fixed_panel,natural,7410,2014-01-03 18:00:00,2014Q1,beijing_2014-01-03T18:00:00,24,3,constant,hist_gradient_boosting,145,168,3,0,0.07318743758294782,0.07318743758294782,0.07318743758292783,0.07318743758296782,0.07318743758294775,0.07318743758294775,0.07318743758262933,0.07318743758326618,FLOAT_OUTWARD,0.0,1.0061396160665481e-14,0.0,0.0,-0.07318743758294782,0.07318743758294782,0,0,0,0,2.0699997548945248e-05,0.00014859999646432698,ANALYTIC,0.0002426999999443069,B,B,B,False,False,False,False,NO_AMBIGUOUS_LABELS,,,,,,
AP0,beijing,Changping,fixed_panel,natural,7410,2014-01-03 18:00:00,2014Q1,beijing_2014-01-03T18:00:00,24,3,logistic,hist_gradient_boosting,145,168,3,0,-0.03178496728488654,-0.03178496728488654,-0.03178496728490653,-0.031784967284866544,-0.03178496728488655,-0.03178496728488655,-0.031784967285204975,-0.03178496728456812,FLOAT_OUTWARD,0.0,1.0061396160665481e-15,0.0,0.0,0.03178496728488654,-0.03178496728488654,0,0,0,0,2.0699997548945248e-05,1.4000004739500582e-05,ANALYTIC,0.00017759999900590628,A,A,A,False,False,False,False,NO_AMBIGUOUS_LABELS,,,,,,
AP0,beijing,Changping,fixed_panel,natural,7578,2014-01-10 18:00:00,2014Q1,beijing_2014-01-10T18:00:00,24,3,constant,logistic,145,168,4,0,0.018942333217364035,0.018942333217364035,0.018942333217344044,0.018942333217384037,0.01894233321736401,0.01894233321736401,0.01894233321704558,0.01894233321768244,FLOAT_OUTWARD,0.0,3.5214886562329184e-15,0.0,0.0,-0.018942333217364035,0.018942333217364035,0,0,0,0,2.0399995264597237e-05,1.4299992471933365e-05,ANALYTIC,0.00011839999933727086,B,B,B,False,False,False,False,NO_AMBIGUOUS_LABELS,,,,,,
AP0,beijing,Changping,fixed_panel,natural,7578,2014-01-10 18:00:00,2014Q1,beijing_2014-01-10T18:00:00,24,3,constant,hist_gradient_boosting,145,168,4,0,0.032338132568919827,0.032338132568919827,0.03233813256889983,0.03233813256893982,0.032338132568919875,0.032338132568919875,0.03233813256860145,0.0323381325692383,FLOAT_OUTWARD,7.042977312465837e-15,0.0,0.0,0.0,-0.032338132568919827,0.032338132568919827,0,0,0,0,2.0399995264597237e-05,1.3299999409355223e-05,ANALYTIC,0.00010540000221226364,B,B,B,False,False,False,False,NO_AMBIGUOUS_LABELS,,,,,,
AP0,beijing,Changping,fixed_panel,natural,7578,2014-01-10 18:00:00,2014Q1,beijing_2014-01-10T18:00:00,24,3,logistic,hist_gradient_boosting,145,168,4,0,0.013395799351555777,0.013395799351555777,0.013395799351535778,0.013395799351575775,0.013395799351555776,0.013395799351555776,0.013395799351237348,0.013395799351874203,FLOAT_OUTWARD,0.0,2.5153490401663703e-16,0.0,0.0,-0.013395799351555777,0.013395799351555777,0,0,0,0,2.0399995264597237e-05,1.2300006346777081e-05,ANALYTIC,9.31999966269359e-05,B,B,B,False,False,False,False,NO_AMBIGUOUS_LABELS,,,,,,
AP0,beijing,Changping,fixed_panel,natural,7746,2014-01-17 18:00:00,2014Q1,beijing_2014-01-17T18:00:00,24,3,constant,logistic,145,168,3,0,0.06672777589507634,0.06672777589507634,0.06672777589505638,0.06672777589509633,0.06672777589507636,0.06672777589507636,0.06672777589475794,0.06672777589539479,FLOAT_OUTWARD,4.0245584642661925e-15,0.0,0.0,0.0,-0.06672777589507634,0.06672777589507634,0,0,0,0,4.490000719670206e-05,2.8299997211433947e-05,ANALYTIC,0.00024729999131523073,B,B,B,False,False,False,False,NO_AMBIGUOUS_LABELS,,,,,,
AP0,beijing,Changping,fixed_panel,natural,7746,2014-01-17 18:00:00,2014Q1,beijing_2014-01-17T18:00:00,24,3,constant,hist_gradient_boosting,145,168,3,0,0.06463566924816415,0.06463566924816415,0.06463566924814415,0.06463566924818412,0.06463566924816415,0.06463566924816415,0.06463566924784572,0.06463566924848257,FLOAT_OUTWARD,0.0,0.0,0.0,0.0,-0.06463566924816415,0.06463566924816415,0,0,0,0,4.490000719670206e-05,1.2999997125007212e-05,ANALYTIC,0.0001787999935913831,B,B,B,False,False,False,False,NO_AMBIGUOUS_LABELS,,,,,,
AP0,beijing,Changping,fixed_panel,natural,7746,2014-01-17 18:00:00,2014Q1,beijing_2014-01-17T18:00:00,24,3,logistic,hist_gradient_boosting,145,168,3,0,-0.002092106646912239,-0.002092106646912239,-0.002092106646932239,-0.0020921066468922423,-0.002092106646912257,-0.002092106646912257,-0.002092106647230685,-0.002092106646593829,FLOAT_OUTWARD,0.0,2.6411164921746888e-15,0.0,0.0,0.002092106646912239,-0.002092106646912239,0,0,0,0,4.490000719670206e-05,1.2800010154023767e-05,ANALYTIC,8.890000754036009e-05,A,A,A,False,False,False,False,NO_AMBIGUOUS_LABELS,,,,,,
AP0,beijing,Changping,fixed_panel,natural,7914,2014-01-24 18:00:00,2014Q1,beijing_2014-01-24T18:00:00,24,3,constant,logistic,145,168,7,23,-0.11602377603007621,-0.00957537110654998,-0.11602377603009621,-0.013464324456367967,-0.11602377603007619,-0.013464324456387976,-0.11602377603039461,-0.013464324456069548,FLOAT_OUTWARD,4.0245584642661925e-15,0.5638982357265094,0.10644840492352624,0.10644840492352622,0.11602377603007621,-0.00957537110654998,1,462,45,226,0.0005564000020967796,0.00566860000253655,OPTIMAL_DUAL_OUTWARD,0.00012849998893216252,A,A,A,False,False,False,False,INDEPENDENT_ALREADY_DIRECTED,,,,,,
AP0,beijing,Changping,fixed_panel,natural,7914,2014-01-24 18:00:00,2014Q1,beijing_2014-01-24T18:00:00,24,3,constant,hist_gradient_boosting,145,168,7,23,-0.06509245440157517,0.01592230315940308,-0.06509245440159517,0.012416374669351775,-0.06509245440157517,0.012416374669331718,-0.0650924544018936,0.012416374669650145,FLOAT_OUTWARD,0.0,0.5083596310603475,0.08101475756097826,0.08101475756097824,0.06509245440157517,0.01592230315940308,1,462,45,226,0.0005564000020967796,0.005176999999093823,OPTIMAL_DUAL_OUTWARD,0.00014289999671746045,OPPOSITE_POSSIBLE,OPPOSITE_POSSIBLE,OPPOSITE_POSSIBLE,True,False,False,False,JOINT_OPPOSITE_POSSIBLE,,,,,,
AP0,beijing,Changping,fixed_panel,natural,7914,2014-01-24 18:00:00,2014Q1,beijing_2014-01-24T18:00:00,24,3,logistic,hist_gradient_boosting,145,168,7,23,0.022776119557533524,0.05365287633692057,0.025880699125699742,0.050931321628521035,0.025880699125719824,0.05093132162850103,0.025880699125401394,0.050931321628819456,FLOAT_OUTWARD,0.4501640373870135,0.3946254327208332,0.030876756779387046,0.030876756779387032,-0.022776119557533524,0.05365287633692057,1,462,45,226,0.0005564000020967796,0.0053662999998778105,OPTIMAL_DUAL_OUTWARD,0.00012840000272262841,B,B,B,False,False,False,False,INDEPENDENT_ALREADY_DIRECTED,,,,,,
AP0,beijing,Changping,fixed_panel,natural,8082,2014-01-31 18:00:00,2014Q1,beijing_2014-01-31T18:00:00,24,3,constant,logistic,145,168,0,0,0.1776473342499385,0.1776473342499385,0.1776473342499185,0.17764733424995852,0.17764733424993842,0.17764733424993842,0.17764733424961998,0.17764733425025686,FLOAT_OUTWARD,0.0,1.2073675392798577e-14,0.0,0.0,-0.1776473342499385,0.1776473342499385,0,0,0,0,2.4600012693554163e-05,1.4299992471933365e-05,ANALYTIC,0.00013259999104775488,B,B,B,False,False,False,False,NO_AMBIGUOUS_LABELS,,,,,,
AP0,beijing,Changping,fixed_panel,natural,8082,2014-01-31 18:00:00,2014Q1,beijing_2014-01-31T18:00:00,24,3,constant,hist_gradient_boosting,145,168,0,0,0.1901173397740542,0.1901173397740542,0.19011733977403425,0.19011733977407422,0.19011733977405423,0.19011733977405423,0.1901173397737358,0.19011733977437267,FLOAT_OUTWARD,4.0245584642661925e-15,0.0,0.0,0.0,-0.1901173397740542,0.1901173397740542,0,0,0,0,2.4600012693554163e-05,1.3500000932253897e-05,ANALYTIC,9.790000331122428e-05,B,B,B,False,False,False,False,NO_AMBIGUOUS_LABELS,,,,,,
AP0,beijing,Changping,fixed_panel,natural,8082,2014-01-31 18:00:00,2014Q1,beijing_2014-01-31T18:00:00,24,3,logistic,hist_gradient_boosting,145,168,0,0,0.0124700055241157,0.0124700055241157,0.012470005524095704,0.0124700055241357,0.012470005524115717,0.012470005524115717,0.01247000552379729,0.012470005524434145,FLOAT_OUTWARD,2.5153490401663703e-15,0.0,0.0,0.0,-0.0124700055241157,0.0124700055241157,0,0,0,0,2.4600012693554163e-05,1.2400007108226418e-05,ANALYTIC,8.939999679569155e-05,B,B,B,False,False,False,False,NO_AMBIGUOUS_LABELS,,,,,,
AP0,beijing,Changping,fixed_panel,natural,8250,2014-02-07 18:00:00,2014Q1,beijing_2014-02-07T18:00:00,24,3,constant,logistic,145,168,3,0,0.15773584458836856,0.15773584458836856,0.15773584458834858,0.15773584458838857,0.15773584458836853,0.15773584458836853,0.1577358445880501,0.15773584458868697,FLOAT_OUTWARD,0.0,4.0245584642661925e-15,0.0,0.0,-0.15773584458836856,0.15773584458836856,0,0,0,0,2.1400002879090607e-05,1.4599994756281376e-05,ANALYTIC,0.00012539999443106353,B,B,B,False,False,False,False,NO_AMBIGUOUS_LABELS,,,,,,
AP0,beijing,Changping,fixed_panel,natural,8250,2014-02-07 18:00:00,2014Q1,beijing_2014-02-07T18:00:00,24,3,constant,hist_gradient_boosting,145,168,3,0,0.20045268721523113,0.20045268721523113,0.20045268721521114,0.20045268721525114,0.20045268721523116,0.20045268721523116,0.20045268721491272,0.2004526872155496,FLOAT_OUTWARD,4.0245584642661925e-15,0.0,0.0,0.0,-0.20045268721523113,0.20045268721523113,0,0,0,0,2.1400002879090607e-05,1.2899996363557875e-05,ANALYTIC,9.490000957157463e-05,B,B,B,False,False,False,False,NO_AMBIGUOUS_LABELS,,,,,,
AP0,beijing,Changping,fixed_panel,natural,8250,2014-02-07 18:00:00,2014Q1,beijing_2014-02-07T18:00:00,24,3,logistic,hist_gradient_boosting,145,168,3,0,0.04271684262686257,0.04271684262686257,0.042716842626842576,0.042716842626882565,0.042716842626862574,0.042716842626862574,0.04271684262654415,0.042716842627181,FLOAT_OUTWARD,1.0061396160665481e-15,0.0,0.0,0.0,-0.04271684262686257,0.04271684262686257,0,0,0,0,2.1400002879090607e-05,1.2500007869675756e-05,ANALYTIC,8.739999611862004e-05,B,B,B,False,False,False,False,NO_AMBIGUOUS_LABELS,,,,,,
AP0,beijing,Changping,fixed_panel,natural,8418,2014-02-14 18:00:00,2014Q1,beijing_2014-02-14T18:00:00,24,3,constant,logistic,145,168,3,0,-0.08797542742586446,-0.08797542742586446,-0.08797542742588446,-0.08797542742584451,-0.08797542742586441,-0.08797542742586441,-0.08797542742618283,-0.08797542742554598,FLOAT_OUTWARD,8.049116928532385e-15,0.0,0.0,0.0,0.08797542742586446,-0.08797542742586446,0,0,0,0,2.4199995095841587e-05,1.4699995517730713e-05,ANALYTIC,0.00012650000280700624,A,A,A,False,False,False,False,NO_AMBIGUOUS_LABELS,,,,,,
AP0,beijing,Changping,fixed_panel,natural,8418,2014-02-14 18:00:00,2014Q1,beijing_2014-02-14T18:00:00,24,3,constant,hist_gradient_boosting,145,168,3,0,-0.1449258524795752,-0.1449258524795752,-0.14492585247959516,-0.1449258524795552,-0.14492585247957507,-0.14492585247957507,-0.1449258524798935,-0.14492585247925663,FLOAT_OUTWARD,2.0122792321330962e-14,0.0,0.0,0.0,0.1449258524795752,-0.1449258524795752,0,0,0,0,2.4199995095841587e-05,1.340000017080456e-05,ANALYTIC,0.00010109999857377261,A,A,A,False,False,False,False,NO_AMBIGUOUS_LABELS,,,,,,
AP0,beijing,Changping,fixed_panel,natural,8418,2014-02-14 18:00:00,2014Q1,beijing_2014-02-14T18:00:00,24,3,logistic,hist_gradient_boosting,145,168,3,0,-0.05695042505371067,-0.05695042505371067,-0.05695042505373065,-0.05695042505369067,-0.05695042505371067,-0.05695042505371067,-0.05695042505402909,-0.05695042505339224,FLOAT_OUTWARD,0.0,0.0,0.0,0.0,0.05695042505371067,-0.05695042505371067,0,0,0,0,2.4199995095841587e-05,1.2799995602108538e-05,ANALYTIC,8.97999998414889e-05,A,A,A,False,False,False,False,NO_AMBIGUOUS_LABELS,,,,,,
AP0,beijing,Changping,fixed_panel,natural,8586,2014-02-21 18:00:00,2014Q1,beijing_2014-02-21T18:00:00,24,3,constant,logistic,145,168,18,0,0.11174000215347128,0.11174000215347128,0.11174000215345128,0.11174000215349128,0.11174000215347177,0.11174000215347177,0.11174000215315334,0.1117400021537902,FLOAT_OUTWARD,7.042977312465837e-14,0.0,0.0,0.0,-0.11174000215347128,0.11174000215347128,0,0,0,0,2.139998832717538e-05,1.4899997040629387e-05,ANALYTIC,0.00016340000729542226,B,B,B,False,False,False,False,NO_AMBIGUOUS_LABELS,,,,,,
AP0,beijing,Changping,fixed_panel,natural,8586,2014-02-21 18:00:00,2014Q1,beijing_2014-02-21T18:00:00,24,3,constant,hist_gradient_boosting,145,168,18,0,0.09632246653047649,0.09632246653047649,0.0963224665304565,0.09632246653049649,0.09632246653047659,0.09632246653047659,0.09632246653015816,0.09632246653079501,FLOAT_OUTWARD,1.4085954624931674e-14,0.0,0.0,0.0,-0.09632246653047649,0.09632246653047649,0,0,0,0,2.139998832717538e-05,1.2699994840659201e-05,ANALYTIC,9.839999256655574e-05,B,B,B,False,False,False,False,NO_AMBIGUOUS_LABELS,,,,,,
AP0,beijing,Changping,fixed_panel,natural,8586,2014-02-21 18:00:00,2014Q1,beijing_2014-02-21T18:00:00,24,3,logistic,hist_gradient_boosting,145,168,18,0,-0.015417535622994806,-0.015417535622994806,-0.01541753562301477,-0.015417535622974807,-0.01541753562299471,-0.01541753562299471,-0.015417535623313137,-0.015417535622676282,FLOAT_OUTWARD,1.4085954624931674e-14,0.0,0.0,0.0,0.015417535622994806,-0.015417535622994806,0,0,0,0,2.139998832717538e-05,1.2600008631125093e-05,ANALYTIC,8.689999231137335e-05,A,A,A,False,False,False,False,NO_AMBIGUOUS_LABELS,,,,,,
AP0,beijing,Changping,fixed_panel,natural,6570,2013-11-29 18:00:00,2013Q4,beijing_2013-11-29T18:00:00,72,3,constant,logistic,97,168,0,0,0.005127598963762523,0.005127598963762523,0.005127598963742525,0.005127598963782522,0.005127598963762513,0.005127598963762513,0.0051275989634440855,0.005127598964080941,FLOAT_OUTWARD,0.0,9.254749744336266e-16,0.0,0.0,-0.005127598963762523,0.005127598963762523,0,0,0,0,2.439999661874026e-05,1.4600009308196604e-05,ANALYTIC,0.00015799999528098851,B,B,B,False,False,False,False,NO_AMBIGUOUS_LABELS,,,,,,
AP0,beijing,Changping,fixed_panel,natural,6570,2013-11-29 18:00:00,2013Q4,beijing_2013-11-29T18:00:00,72,3,constant,hist_gradient_boosting,97,168,0,0,-0.004525095779561348,-0.004525095779561348,-0.004525095779581347,-0.004525095779541355,-0.004525095779561348,-0.004525095779561348,-0.004525095779879775,-0.00452509577924292,FLOAT_OUTWARD,0.0,0.0,0.0,0.0,0.004525095779561348,-0.004525095779561348,0,0,0,0,2.439999661874026e-05,1.2499993317760527e-05,ANALYTIC,0.00011300000187475234,A,A,A,False,False,False,False,NO_AMBIGUOUS_LABELS,,,,,,
AP0,beijing,Changping,fixed_panel,natural,6570,2013-11-29 18:00:00,2013Q4,beijing_2013-11-29T18:00:00,72,3,logistic,hist_gradient_boosting,97,168,0,0,-0.009652694743323876,-0.009652694743323876,-0.009652694743343876,-0.00965269474330388,-0.009652694743323923,-0.009652694743323923,-0.00965269474364235,-0.009652694743005496,FLOAT_OUTWARD,0.0,4.543240783583258e-15,0.0,0.0,0.009652694743323876,-0.009652694743323876,0,0,0,0,2.439999661874026e-05,1.2600008631125093e-05,ANALYTIC,0.00010590000601951033,A,A,A,False,False,False,False,NO_AMBIGUOUS_LABELS,,,,,,
AP0,beijing,Changping,fixed_panel,natural,6738,2013-12-06 18:00:00,2013Q4,beijing_2013-12-06T18:00:00,72,3,constant,logistic,97,168,0,0,0.07645887194876944,0.07645887194876944,0.07645887194874945,0.07645887194878943,0.07645887194876944,0.07645887194876944,0.07645887194845101,0.07645887194908786,FLOAT_OUTWARD,0.0,0.0,0.0,0.0,-0.07645887194876944,0.07645887194876944,0,0,0,0,2.7600006433203816e-05,1.4499993994832039e-05,ANALYTIC,0.0001441000058548525,B,B,B,False,False,False,False,NO_AMBIGUOUS_LABELS,,,,,,
AP0,beijing,Changping,fixed_panel,natural,6738,2013-12-06 18:00:00,2013Q4,beijing_2013-12-06T18:00:00,72,3,constant,hist_gradient_boosting,97,168,0,0,-0.044139388160812074,-0.044139388160812074,-0.04413938816083207,-0.04413938816079208,-0.04413938816081206,-0.04413938816081206,-0.044139388161130486,-0.044139388160493634,FLOAT_OUTWARD,1.3461454173580023e-15,0.0,0.0,0.0,0.044139388160812074,-0.044139388160812074,0,0,0,0,2.7600006433203816e-05,1.270000939257443e-05,ANALYTIC,0.00010990000737365335,A,A,A,False,False,False,False,NO_AMBIGUOUS_LABELS,,,,,,
AP0,beijing,Changping,fixed_panel,natural,6738,2013-12-06 18:00:00,2013Q4,beijing_2013-12-06T18:00:00,72,3,logistic,hist_gradient_boosting,97,168,0,0,-0.12059826010958155,-0.12059826010958155,-0.12059826010960155,-0.12059826010956155,-0.12059826010958155,-0.12059826010958155,-0.12059826010989998,-0.12059826010926313,FLOAT_OUTWARD,0.0,0.0,0.0,0.0,0.12059826010958155,-0.12059826010958155,0,0,0,0,2.7600006433203816e-05,1.2099990271963179e-05,ANALYTIC,0.0001086000120267272,A,A,A,False,False,False,False,NO_AMBIGUOUS_LABELS,,,,,,
AP0,beijing,Changping,fixed_panel,natural,6906,2013-12-13 18:00:00,2013Q4,beijing_2013-12-13T18:00:00,72,3,constant,logistic,97,168,0,0,-0.00782149277424899,-0.00782149277424899,-0.00782149277426899,-0.007821492774228991,-0.007821492774248963,-0.007821492774248963,-0.00782149277456739,-0.007821492773930535,FLOAT_OUTWARD,2.6922908347160046e-15,0.0,0.0,0.0,0.00782149277424899,-0.00782149277424899,0,0,0,0,2.0499996026046574e-05,1.340000017080456e-05,ANALYTIC,0.00013010000111535192,A,A,A,False,False,False,False,NO_AMBIGUOUS_LABELS,,,,,,
AP0,beijing,Changping,fixed_panel,natural,6906,2013-12-13 18:00:00,2013Q4,beijing_2013-12-13T18:00:00,72,3,constant,hist_gradient_boosting,97,168,0,0,-0.022939997332952062,-0.022939997332952062,-0.022939997332972056,-0.02293999733293206,-0.02293999733295202,-0.02293999733295202,-0.02293999733327045,-0.02293999733263359,FLOAT_OUTWARD,4.038436252074007e-15,0.0,0.0,0.0,0.022939997332952062,-0.022939997332952062,0,0,0,0,2.0499996026046574e-05,1.2299991794861853e-05,ANALYTIC,0.00010580000525806099,A,A,A,False,False,False,False,NO_AMBIGUOUS_LABELS,,,,,,
AP0,beijing,Changping,fixed_panel,natural,6906,2013-12-13 18:00:00,2013Q4,beijing_2013-12-13T18:00:00,72,3,logistic,hist_gradient_boosting,97,168,0,0,-0.015118504558703075,-0.015118504558703075,-0.015118504558723071,-0.015118504558683075,-0.01511850455870307,-0.01511850455870307,-0.015118504559021497,-0.015118504558384642,FLOAT_OUTWARD,5.048045315092509e-16,0.0,0.0,0.0,0.015118504558703075,-0.015118504558703075,0,0,0,0,2.0499996026046574e-05,0.00012719999358523637,ANALYTIC,0.0002615999983390793,A,A,A,False,False,False,False,NO_AMBIGUOUS_LABELS,,,,,,
AP0,beijing,Changping,fixed_panel,natural,7074,2013-12-20 18:00:00,2013Q4,beijing_2013-12-20T18:00:00,72,3,constant,logistic,97,168,0,0,0.0006917853002559842,0.0006917853002559842,0.0006917853002359854,0.0006917853002759842,0.0006917853002560026,0.0006917853002560026,0.0006917852999375747,0.0006917853005744305,FLOAT_OUTWARD,1.7773326213554874e-15,0.0,0.0,0.0,-0.0006917853002559842,0.0006917853002559842,0,0,0,0,2.4900000425986946e-05,1.5400000847876072e-05,ANALYTIC,0.0003193000011378899,B,B,B,False,False,False,False,NO_AMBIGUOUS_LABELS,,,,,,
AP0,beijing,Changping,fixed_panel,natural,7074,2013-12-20 18:00:00,2013Q4,beijing_2013-12-20T18:00:00,72,3,constant,hist_gradient_boosting,97,168,0,0,-0.016679226333104216,-0.016679226333104216,-0.016679226333124214,-0.016679226333084215,-0.016679226333104192,-0.016679226333104192,-0.01667922633342262,-0.016679226332785763,FLOAT_OUTWARD,2.355754480376504e-15,0.0,0.0,0.0,0.016679226333104216,-0.016679226333104216,0,0,0,0,2.4900000425986946e-05,1.309999788645655e-05,ANALYTIC,0.00012209999840706587,A,A,A,False,False,False,False,NO_AMBIGUOUS_LABELS,,,,,,
AP0,beijing,Changping,fixed_panel,natural,7074,2013-12-20 18:00:00,2013Q4,beijing_2013-12-20T18:00:00,72,3,logistic,hist_gradient_boosting,97,168,0,0,-0.017371011633360196,-0.017371011633360196,-0.017371011633380198,-0.0173710116333402,-0.017371011633360196,-0.017371011633360196,-0.017371011633678626,-0.017371011633041767,FLOAT_OUTWARD,0.0,0.0,0.0,0.0,0.017371011633360196,-0.017371011633360196,0,0,0,0,2.4900000425986946e-05,1.2699994840659201e-05,ANALYTIC,0.00011660000018309802,A,A,A,False,False,False,False,NO_AMBIGUOUS_LABELS,,,,,,
AP0,beijing,Changping,fixed_panel,natural,7242,2013-12-27 18:00:00,2013Q4,beijing_2013-12-27T18:00:00,72,3,constant,logistic,97,168,1,0,-0.0026598013700790736,-0.0026598013700790736,-0.0026598013700990723,-0.0026598013700590735,-0.002659801370079087,-0.002659801370079087,-0.002659801370397515,-0.002659801369760659,FLOAT_OUTWARD,0.0,1.3040783730655647e-15,0.0,0.0,0.0026598013700790736,-0.0026598013700790736,0,0,0,0,1.990000600926578e-05,1.3299999409355223e-05,ANALYTIC,0.00012599999899975955,A,A,A,False,False,False,False,NO_AMBIGUOUS_LABELS,,,,,,
AP0,beijing,Changping,fixed_panel,natural,7242,2013-12-27 18:00:00,2013Q4,beijing_2013-12-27T18:00:00,72,3,constant,hist_gradient_boosting,97,168,1,0,0.002478693527170051,0.002478693527170051,0.0024786935271500577,0.002478693527190051,0.002478693527170051,0.002478693527170051,0.002478693526851623,0.002478693527488479,FLOAT_OUTWARD,0.0,0.0,0.0,0.0,-0.002478693527170051,0.002478693527170051,0,0,0,0,1.990000600926578e-05,1.2400007108226418e-05,ANALYTIC,0.00010410000686533749,B,B,B,False,False,False,False,NO_AMBIGUOUS_LABELS,,,,,,
AP0,beijing,Changping,fixed_panel,natural,7242,2013-12-27 18:00:00,2013Q4,beijing_2013-12-27T18:00:00,72,3,logistic,hist_gradient_boosting,97,168,1,0,0.005138494897249138,0.005138494897249138,0.005138494897229139,0.005138494897269129,0.0051384948972491564,0.0051384948972491564,0.005138494896930729,0.005138494897567584,FLOAT_OUTWARD,1.766815860282378e-15,0.0,0.0,0.0,-0.005138494897249138,0.005138494897249138,0,0,0,0,1.990000600926578e-05,1.3800003216601908e-05,ANALYTIC,0.0002435000060359016,B,B,B,False,False,False,False,NO_AMBIGUOUS_LABELS,,,,,,
AP0,beijing,Changping,fixed_panel,natural,7410,2014-01-03 18:00:00,2014Q1,beijing_2014-01-03T18:00:00,72,3,constant,logistic,97,168,3,0,-0.007726687041805161,-0.007726687041805161,-0.007726687041825161,-0.007726687041785164,-0.007726687041805166,-0.007726687041805166,-0.007726687042123594,-0.007726687041486739,FLOAT_OUTWARD,0.0,5.048045315092509e-16,0.0,0.0,0.007726687041805161,-0.007726687041805161,0,0,0,0,2.7099988074041903e-05,1.5300000086426735e-05,ANALYTIC,0.00020939999376423657,A,A,A,False,False,False,False,NO_AMBIGUOUS_LABELS,,,,,,
AP0,beijing,Changping,fixed_panel,natural,7410,2014-01-03 18:00:00,2014Q1,beijing_2014-01-03T18:00:00,72,3,constant,hist_gradient_boosting,97,168,3,0,-0.005164028557462643,-0.005164028557462643,-0.005164028557482643,-0.005164028557442646,-0.0051640285574626596,-0.0051640285574626596,-0.005164028557781087,-0.005164028557144232,FLOAT_OUTWARD,0.0,1.5985476831126277e-15,0.0,0.0,0.005164028557462643,-0.005164028557462643,0,0,0,0,2.7099988074041903e-05,1.410000550094992e-05,ANALYTIC,0.00019299999985378236,A,A,A,False,False,False,False,NO_AMBIGUOUS_LABELS,,,,,,
AP0,beijing,Changping,fixed_panel,natural,7410,2014-01-03 18:00:00,2014Q1,beijing_2014-01-03T18:00:00,72,3,logistic,hist_gradient_boosting,97,168,3,0,0.002562658484342518,0.002562658484342518,0.0025626584843225185,0.002562658484362518,0.0025626584843425225,0.0025626584843425225,0.0025626584840240945,0.0025626584846609505,FLOAT_OUTWARD,4.206704429243757e-16,0.0,0.0,0.0,-0.002562658484342518,0.002562658484342518,0,0,0,0,2.7099988074041903e-05,1.2200005585327744e-05,ANALYTIC,0.00010930000280495733,B,B,B,False,False,False,False,NO_AMBIGUOUS_LABELS,,,,,,
AP0,beijing,Changping,fixed_panel,natural,7578,2014-01-10 18:00:00,2014Q1,beijing_2014-01-10T18:00:00,72,3,constant,logistic,97,168,4,0,-0.005608111221904171,-0.005608111221904171,-0.005608111221924171,-0.0056081112218841715,-0.005608111221904169,-0.005608111221904169,-0.005608111222222597,-0.005608111221585742,FLOAT_OUTWARD,1.682681771697503e-16,0.0,0.0,0.0,0.005608111221904171,-0.005608111221904171,0,0,0,0,2.099999983329326e-05,1.440000778529793e-05,ANALYTIC,0.00013179999950807542,A,A,A,False,False,False,False,NO_AMBIGUOUS_LABELS,,,,,,
AP0,beijing,Changping,fixed_panel,natural,7578,2014-01-10 18:00:00,2014Q1,beijing_2014-01-10T18:00:00,72,3,constant,hist_gradient_boosting,97,168,4,0,-0.009161855703660342,-0.009161855703660342,-0.00916185570368034,-0.009161855703640342,-0.009161855703660347,-0.009161855703660347,-0.009161855703978775,-0.00916185570334192,FLOAT_OUTWARD,0.0,5.048045315092509e-16,0.0,0.0,0.009161855703660342,-0.009161855703660342,0,0,0,0,2.099999983329326e-05,1.2899996363557875e-05,ANALYTIC,0.00010799999290611595,A,A,A,False,False,False,False,NO_AMBIGUOUS_LABELS,,,,,,
AP0,beijing,Changping,fixed_panel,natural,7578,2014-01-10 18:00:00,2014Q1,beijing_2014-01-10T18:00:00,72,3,logistic,hist_gradient_boosting,97,168,4,0,-0.0035537444817561673,-0.0035537444817561673,-0.0035537444817761673,-0.003553744481736169,-0.0035537444817561764,-0.0035537444817561764,-0.0035537444820746044,-0.0035537444814377483,FLOAT_OUTWARD,0.0,8.83407930141189e-16,0.0,0.0,0.0035537444817561673,-0.0035537444817561673,0,0,0,0,2.099999983329326e-05,1.550000160932541e-05,ANALYTIC,0.0002486000012140721,A,A,A,False,False,False,False,NO_AMBIGUOUS_LABELS,,,,,,
AP0,beijing,Changping,fixed_panel,natural,7746,2014-01-17 18:00:00,2014Q1,beijing_2014-01-17T18:00:00,72,3,constant,logistic,97,168,3,0,-0.032755941895104626,-0.032755941895104626,-0.032755941895124624,-0.03275594189508463,-0.03275594189510466,-0.03275594189510466,-0.03275594189542309,-0.032755941894786235,FLOAT_OUTWARD,0.0,3.3653635433950058e-15,0.0,0.0,0.032755941895104626,-0.032755941895104626,0,0,0,0,2.1400002879090607e-05,2.469999890308827e-05,ANALYTIC,0.0003026000049430877,A,A,A,False,False,False,False,NO_AMBIGUOUS_LABELS,,,,,,
AP0,beijing,Changping,fixed_panel,natural,7746,2014-01-17 18:00:00,2014Q1,beijing_2014-01-17T18:00:00,72,3,constant,hist_gradient_boosting,97,168,3,0,-0.033697063924163044,-0.033697063924163044,-0.033697063924183014,-0.033697063924143046,-0.033697063924163044,-0.033697063924163044,-0.03369706392448147,-0.03369706392384462,FLOAT_OUTWARD,0.0,0.0,0.0,0.0,0.033697063924163044,-0.033697063924163044,0,0,0,0,2.1400002879090607e-05,1.5199999324977398e-05,ANALYTIC,0.0004047999973408878,A,A,A,False,False,False,False,NO_AMBIGUOUS_LABELS,,,,,,
AP0,beijing,Changping,fixed_panel,natural,7746,2014-01-17 18:00:00,2014Q1,beijing_2014-01-17T18:00:00,72,3,logistic,hist_gradient_boosting,97,168,3,0,-0.0009411220290583775,-0.0009411220290583775,-0.0009411220290783775,-0.0009411220290383781,-0.0009411220290583752,-0.0009411220290583752,-0.0009411220293768031,-0.0009411220287399473,FLOAT_OUTWARD,2.2085198253529725e-16,0.0,0.0,0.0,0.0009411220290583775,-0.0009411220290583775,0,0,0,0,2.1400002879090607e-05,1.4099990949034691e-05,ANALYTIC,0.0002442999975755811,A,A,A,False,False,False,False,NO_AMBIGUOUS_LABELS,,,,,,
AP0,beijing,Changping,fixed_panel,natural,7914,2014-01-24 18:00:00,2014Q1,beijing_2014-01-24T18:00:00,72,3,constant,logistic,97,168,7,0,-0.006598491830496427,-0.006598491830496427,-0.006598491830516426,-0.006598491830476427,-0.006598491830496438,-0.006598491830496438,-0.006598491830814865,-0.00659849183017801,FLOAT_OUTWARD,0.0,1.0937431516033769e-15,0.0,0.0,0.006598491830496427,-0.006598491830496427,0,0,0,0,2.2200008970685303e-05,1.4299992471933365e-05,ANALYTIC,0.0001353999978164211,A,A,A,False,False,False,False,NO_AMBIGUOUS_LABELS,,,,,,
AP0,beijing,Changping,fixed_panel,natural,7914,2014-01-24 18:00:00,2014Q1,beijing_2014-01-24T18:00:00,72,3,constant,hist_gradient_boosting,97,168,7,0,-0.04916811088112006,-0.04916811088112006,-0.04916811088114006,-0.04916811088110006,-0.04916811088112008,-0.04916811088112008,-0.049168110881438506,-0.049168110880801655,FLOAT_OUTWARD,0.0,2.0192181260370035e-15,0.0,0.0,0.04916811088112006,-0.04916811088112006,0,0,0,0,2.2200008970685303e-05,1.6400008462369442e-05,ANALYTIC,0.00043080000614281744,A,A,A,False,False,False,False,NO_AMBIGUOUS_LABELS,,,,,,
AP0,beijing,Changping,fixed_panel,natural,7914,2014-01-24 18:00:00,2014Q1,beijing_2014-01-24T18:00:00,72,3,logistic,hist_gradient_boosting,97,168,7,0,-0.04256961905062365,-0.04256961905062365,-0.042569619050643624,-0.04256961905060365,-0.04256961905062365,-0.04256961905062365,-0.04256961905094207,-0.04256961905030522,FLOAT_OUTWARD,0.0,0.0,0.0,0.0,0.04256961905062365,-0.04256961905062365,0,0,0,0,2.2200008970685303e-05,1.2600008631125093e-05,ANALYTIC,0.00012670000432990491,A,A,A,False,False,False,False,NO_AMBIGUOUS_LABELS,,,,,,
AP0,beijing,Changping,fixed_panel,natural,8082,2014-01-31 18:00:00,2014Q1,beijing_2014-01-31T18:00:00,72,3,constant,logistic,97,168,0,0,-0.03270348928852734,-0.03270348928852734,-0.03270348928854732,-0.032703489288507345,-0.03270348928852734,-0.03270348928852734,-0.03270348928884577,-0.03270348928820892,FLOAT_OUTWARD,0.0,0.0,0.0,0.0,0.03270348928852734,-0.03270348928852734,0,0,0,0,2.2400010493583977e-05,1.4199991710484028e-05,ANALYTIC,0.00027520000003278255,A,A,A,False,False,False,False,NO_AMBIGUOUS_LABELS,,,,,,
AP0,beijing,Changping,fixed_panel,natural,8082,2014-01-31 18:00:00,2014Q1,beijing_2014-01-31T18:00:00,72,3,constant,hist_gradient_boosting,97,168,0,0,0.01027222616305466,0.01027222616305466,0.010272226163034665,0.01027222616307466,0.01027222616305466,0.01027222616305466,0.010272226162736233,0.010272226163373088,FLOAT_OUTWARD,0.0,0.0,0.0,0.0,-0.01027222616305466,0.01027222616305466,0,0,0,0,2.2400010493583977e-05,1.270000939257443e-05,ANALYTIC,0.00010889999975915998,B,B,B,False,False,False,False,NO_AMBIGUOUS_LABELS,,,,,,
AP0,beijing,Changping,fixed_panel,natural,8082,2014-01-31 18:00:00,2014Q1,beijing_2014-01-31T18:00:00,72,3,logistic,hist_gradient_boosting,97,168,0,0,0.042975715451582006,0.042975715451582006,0.04297571545156201,0.042975715451601976,0.04297571545158197,0.04297571545158197,0.042975715451263545,0.0429757154519004,FLOAT_OUTWARD,0.0,3.3653635433950058e-15,0.0,0.0,-0.042975715451582006,0.042975715451582006,0,0,0,0,2.2400010493583977e-05,1.200000406242907e-05,ANALYTIC,0.00010390000534243882,B,B,B,False,False,False,False,NO_AMBIGUOUS_LABELS,,,,,,
AP0,beijing,Changping,fixed_panel,natural,8250,2014-02-07 18:00:00,2014Q1,beijing_2014-02-07T18:00:00,72,3,constant,logistic,97,168,3,0,-0.01516090714800851,-0.01516090714800851,-0.0151609071480285,-0.01516090714798851,-0.015160907148008492,-0.015160907148008492,-0.01516090714832692,-0.015160907147690065,FLOAT_OUTWARD,1.6826817716975029e-15,0.0,0.0,0.0,0.01516090714800851,-0.01516090714800851,0,0,0,0,2.0000006770715117e-05,1.4499993994832039e-05,ANALYTIC,0.00026899999647866935,A,A,A,False,False,False,False,NO_AMBIGUOUS_LABELS,,,,,,
AP0,beijing,Changping,fixed_panel,natural,8250,2014-02-07 18:00:00,2014Q1,beijing_2014-02-07T18:00:00,72,3,constant,hist_gradient_boosting,97,168,3,0,0.018209749119887576,0.018209749119887576,0.01820974911986758,0.018209749119907578,0.018209749119887573,0.018209749119887573,0.018209749119569144,0.018209749120206002,FLOAT_OUTWARD,0.0,3.365363543395006e-16,0.0,0.0,-0.018209749119887576,0.018209749119887576,0,0,0,0,2.0000006770715117e-05,1.2899996363557875e-05,ANALYTIC,0.00024310000299010426,B,B,B,False,False,False,False,NO_AMBIGUOUS_LABELS,,,,,,
AP0,beijing,Changping,fixed_panel,natural,8250,2014-02-07 18:00:00,2014Q1,beijing_2014-02-07T18:00:00,72,3,logistic,hist_gradient_boosting,97,168,3,0,0.03337065626789608,0.03337065626789608,0.03337065626787608,0.03337065626791608,0.03337065626789606,0.03337065626789606,0.03337065626757763,0.033370656268214484,FLOAT_OUTWARD,0.0,2.0192181260370035e-15,0.0,0.0,-0.03337065626789608,0.03337065626789608,0,0,0,0,2.0000006770715117e-05,1.1800002539530396e-05,ANALYTIC,0.00010189999011345208,B,B,B,False,False,False,False,NO_AMBIGUOUS_LABELS,,,,,,
AP0,beijing,Changping,fixed_panel,natural,8418,2014-02-14 18:00:00,2014Q1,beijing_2014-02-14T18:00:00,72,3,constant,logistic,97,168,3,0,-0.029377902015544518,-0.029377902015544518,-0.02937790201556452,-0.029377902015524517,-0.0293779020155445,-0.0293779020155445,-0.02937790201586293,-0.02937790201522607,FLOAT_OUTWARD,1.6826817716975029e-15,0.0,0.0,0.0,0.029377902015544518,-0.029377902015544518,0,0,0,0,2.2799998987466097e-05,1.3900003978051245e-05,ANALYTIC,0.00013649999164044857,A,A,A,False,False,False,False,NO_AMBIGUOUS_LABELS,,,,,,
AP0,beijing,Changping,fixed_panel,natural,8418,2014-02-14 18:00:00,2014Q1,beijing_2014-02-14T18:00:00,72,3,constant,hist_gradient_boosting,97,168,3,0,-0.08098846782514571,-0.08098846782514571,-0.08098846782516568,-0.08098846782512571,-0.08098846782514568,-0.08098846782514568,-0.08098846782546411,-0.08098846782482726,FLOAT_OUTWARD,2.6922908347160046e-15,0.0,0.0,0.0,0.08098846782514571,-0.08098846782514571,0,0,0,0,2.2799998987466097e-05,1.2500007869675756e-05,ANALYTIC,0.00010810000821948051,A,A,A,False,False,False,False,NO_AMBIGUOUS_LABELS,,,,,,
AP0,beijing,Changping,fixed_panel,natural,8418,2014-02-14 18:00:00,2014Q1,beijing_2014-02-14T18:00:00,72,3,logistic,hist_gradient_boosting,97,168,3,0,-0.05161056580960117,-0.05161056580960117,-0.05161056580962116,-0.05161056580958117,-0.051610565809601154,-0.051610565809601154,-0.05161056580991958,-0.05161056580928273,FLOAT_OUTWARD,1.3461454173580023e-15,0.0,0.0,0.0,0.05161056580960117,-0.05161056580960117,0,0,0,0,2.2799998987466097e-05,1.2100004823878407e-05,ANALYTIC,0.00010140000085812062,A,A,A,False,False,False,False,NO_AMBIGUOUS_LABELS,,,,,,
AP0,beijing,Changping,fixed_panel,natural,8586,2014-02-21 18:00:00,2014Q1,beijing_2014-02-21T18:00:00,72,3,constant,logistic,97,168,18,0,0.00023640502811570301,0.00023640502811570301,0.000236405028095703,0.00023640502813570302,0.00023640502811570301,0.00023640502811570301,0.00023640502779727506,0.00023640502843413097,FLOAT_OUTWARD,0.0,0.0,0.0,0.0,-0.00023640502811570301,0.00023640502811570301,0,0,0,0,1.999999221879989e-05,0.0001548000000184402,ANALYTIC,0.0001252000074600801,B,B,B,False,False,False,False,NO_AMBIGUOUS_LABELS,,,,,,
AP0,beijing,Changping,fixed_panel,natural,8586,2014-02-21 18:00:00,2014Q1,beijing_2014-02-21T18:00:00,72,3,constant,hist_gradient_boosting,97,168,18,0,-0.016014381492640485,-0.016014381492640485,-0.01601438149266048,-0.016014381492620484,-0.016014381492640523,-0.016014381492640523,-0.016014381492958953,-0.016014381492322094,FLOAT_OUTWARD,0.0,3.701899897734506e-15,0.0,0.0,0.016014381492640485,-0.016014381492640485,0,0,0,0,1.999999221879989e-05,1.3500000932253897e-05,ANALYTIC,0.00023579999106004834,A,A,A,False,False,False,False,NO_AMBIGUOUS_LABELS,,,,,,
AP0,beijing,Changping,fixed_panel,natural,8586,2014-02-21 18:00:00,2014Q1,beijing_2014-02-21T18:00:00,72,3,logistic,hist_gradient_boosting,97,168,18,0,-0.016250786520756188,-0.016250786520756188,-0.016250786520776182,-0.016250786520736187,-0.01625078652075617,-0.01625078652075617,-0.0162507865210746,-0.01625078652043774,FLOAT_OUTWARD,1.6826817716975029e-15,0.0,0.0,0.0,0.016250786520756188,-0.016250786520756188,0,0,0,0,1.999999221879989e-05,1.1799987987615168e-05,ANALYTIC,0.00010689999908208847,A,A,A,False,False,False,False,NO_AMBIGUOUS_LABELS,,,,,,
AP0,beijing,Changping,full_station,natural,6570,2013-11-29 18:00:00,2013Q4,beijing_2013-11-29T18:00:00,24,3,constant,logistic,2167,2190,42,23,0.05539558515023408,0.06251834413219591,0.0553955851502141,0.062258123441986814,0.05539558515023412,0.062258123441966816,0.0553955851463239,0.062258123445877035,FLOAT_OUTWARD,9.021949853860178e-14,0.563898235726448,0.007122758981961831,0.007122758981961838,-0.05539558515023408,0.06251834413219591,1,462,45,226,0.0006745999999111518,0.006604900001548231,OPTIMAL_DUAL_OUTWARD,0.00043960000039078295,B,B,B,False,False,False,False,INDEPENDENT_ALREADY_DIRECTED,,,,,,
AP0,beijing,Changping,full_station,natural,6570,2013-11-29 18:00:00,2013Q4,beijing_2013-11-29T18:00:00,24,3,constant,hist_gradient_boosting,2167,2190,42,23,0.04178166346353238,0.04720258632755724,0.0417816634635124,0.04696799489653879,0.041781663463532355,0.04696799489651873,0.041781663459622136,0.04696799490042895,FLOAT_OUTWARD,0.0,0.5083596310604506,0.00542092286402486,0.005420922864024848,-0.04178166346353238,0.04720258632755724,1,462,45,226,0.0006745999999111518,0.005706800002371892,OPTIMAL_DUAL_OUTWARD,0.0006285999988904223,B,B,B,False,False,False,False,INDEPENDENT_ALREADY_DIRECTED,,,,,,
AP0,beijing,Changping,full_station,natural,6570,2013-11-29 18:00:00,2013Q4,beijing_2013-11-29T18:00:00,24,3,logistic,hist_gradient_boosting,2167,2190,42,23,-0.015497864603310051,-0.013431814888030346,-0.01529012854546803,-0.013613921686681706,-0.015290128545448018,-0.01361392168670169,-0.01529012854935824,-0.013613921682791469,FLOAT_OUTWARD,0.4501640373870253,0.3946254327208023,0.0020660497152797056,0.0020660497152797047,0.015497864603310051,-0.013431814888030346,1,462,45,226,0.0006745999999111518,0.006622200002311729,OPTIMAL_DUAL_OUTWARD,0.0006231000006664544,A,A,A,False,False,False,False,INDEPENDENT_ALREADY_DIRECTED,,,,,,
AP0,beijing,Changping,full_station,natural,6570,2013-11-29 18:00:00,2013Q4,beijing_2013-11-29T18:00:00,72,3,constant,logistic,2119,2190,42,0,-0.003428689068100777,-0.003428689068100777,-0.003428689068120769,-0.003428689068080777,-0.003428689068100797,-0.003428689068100797,-0.0034286890720110186,-0.0034286890641905756,FLOAT_OUTWARD,0.0,4.2272609024340824e-14,0.0,0.0,0.003428689068100777,-0.003428689068100777,0,0,0,0,3.800001286435872e-05,2.3500004317611456e-05,ANALYTIC,0.0010450999980093911,A,A,A,False,False,False,False,NO_AMBIGUOUS_LABELS,,,,,,
AP0,beijing,Changping,full_station,natural,6570,2013-11-29 18:00:00,2013Q4,beijing_2013-11-29T18:00:00,72,3,constant,hist_gradient_boosting,2119,2190,42,0,-0.021479247427178307,-0.021479247427178307,-0.021479247427198308,-0.021479247427158305,-0.0214792474271784,-0.0214792474271784,-0.021479247431088623,-0.021479247423268177,FLOAT_OUTWARD,0.0,1.9849746846212213e-13,0.0,0.0,0.021479247427178307,-0.021479247427178307,0,0,0,0,3.800001286435872e-05,2.169999061152339e-05,ANALYTIC,0.0006766000005882233,A,A,A,False,False,False,False,NO_AMBIGUOUS_LABELS,,,,,,
AP0,beijing,Changping,full_station,natural,6570,2013-11-29 18:00:00,2013Q4,beijing_2013-11-29T18:00:00,72,3,logistic,hist_gradient_boosting,2119,2190,42,0,-0.018050558359077536,-0.018050558359077536,-0.018050558359097538,-0.01805055835905754,-0.018050558359077536,-0.018050558359077536,-0.01805055836298776,-0.018050558355167313,FLOAT_OUTWARD,0.0,0.0,0.0,0.0,0.018050558359077536,-0.018050558359077536,0,0,0,0,3.800001286435872e-05,1.9799990695901215e-05,ANALYTIC,0.0005483999993884936,A,A,A,False,False,False,False,NO_AMBIGUOUS_LABELS,,,,,,
AP0,beijing,Dingling,fixed_panel,natural,6570,2013-11-29 18:00:00,2013Q4,beijing_2013-11-29T18:00:00,24,3,constant,logistic,145,168,0,0,0.18039604947019502,0.18039604947019502,0.180396049470175,0.18039604947021504,0.18039604947019502,0.18039604947019502,0.18039604946987658,0.18039604947051346,FLOAT_OUTWARD,0.0,0.0,0.0,0.0,-0.18039604947019502,0.18039604947019502,0,0,0,0,4.290000651963055e-05,1.5199999324977398e-05,ANALYTIC,0.00015520000306423753,B,B,B,False,False,False,False,NO_AMBIGUOUS_LABELS,,,,,,
AP0,beijing,Dingling,fixed_panel,natural,6570,2013-11-29 18:00:00,2013Q4,beijing_2013-11-29T18:00:00,24,3,constant,hist_gradient_boosting,145,168,0,0,0.21845544153010163,0.21845544153010163,0.21845544153008162,0.21845544153012156,0.21845544153010163,0.21845544153010163,0.2184554415297832,0.21845544153042007,FLOAT_OUTWARD,0.0,0.0,0.0,0.0,-0.21845544153010163,0.21845544153010163,0,0,0,0,4.290000651963055e-05,1.3800003216601908e-05,ANALYTIC,0.00010109999857377261,B,B,B,False,False,False,False,NO_AMBIGUOUS_LABELS,,,,,,
AP0,beijing,Dingling,fixed_panel,natural,6570,2013-11-29 18:00:00,2013Q4,beijing_2013-11-29T18:00:00,24,3,logistic,hist_gradient_boosting,145,168,0,0,0.03805939205990659,0.03805939205990659,0.03805939205988659,0.03805939205992658,0.038059392059906584,0.038059392059906584,0.03805939205958816,0.03805939206022501,FLOAT_OUTWARD,0.0,1.0061396160665481e-15,0.0,0.0,-0.03805939205990659,0.03805939205990659,0,0,0,0,4.290000651963055e-05,1.2199991033412516e-05,ANALYTIC,9.040000441018492e-05,B,B,B,False,False,False,False,NO_AMBIGUOUS_LABELS,,,,,,
AP0,beijing,Dingling,fixed_panel,natural,6738,2013-12-06 18:00:00,2013Q4,beijing_2013-12-06T18:00:00,24,3,constant,logistic,145,168,1,0,0.2788920596111584,0.2788920596111584,0.27889205961113844,0.2788920596111784,0.2788920596111584,0.2788920596111584,0.27889205961084,0.27889205961147684,FLOAT_OUTWARD,0.0,0.0,0.0,0.0,-0.2788920596111584,0.2788920596111584,0,0,0,0,2.1299987565726042e-05,1.4099990949034691e-05,ANALYTIC,0.00011989999620709568,B,B,B,False,False,False,False,NO_AMBIGUOUS_LABELS,,,,,,
AP0,beijing,Dingling,fixed_panel,natural,6738,2013-12-06 18:00:00,2013Q4,beijing_2013-12-06T18:00:00,24,3,constant,hist_gradient_boosting,145,168,1,0,0.19732261844979054,0.19732261844979054,0.19732261844977053,0.19732261844981056,0.19732261844979054,0.19732261844979054,0.1973226184494721,0.19732261845010898,FLOAT_OUTWARD,0.0,0.0,0.0,0.0,-0.19732261844979054,0.19732261844979054,0,0,0,0,2.1299987565726042e-05,1.3199998647905886e-05,ANALYTIC,9.57000011112541e-05,B,B,B,False,False,False,False,NO_AMBIGUOUS_LABELS,,,,,,
AP0,beijing,Dingling,fixed_panel,natural,6738,2013-12-06 18:00:00,2013Q4,beijing_2013-12-06T18:00:00,24,3,logistic,hist_gradient_boosting,145,168,1,0,-0.08156944116136788,-0.08156944116136788,-0.08156944116138787,-0.08156944116134789,-0.08156944116136788,-0.08156944116136788,-0.08156944116168631,-0.08156944116104946,FLOAT_OUTWARD,0.0,0.0,0.0,0.0,0.08156944116136788,-0.08156944116136788,0,0,0,0,2.1299987565726042e-05,1.3199998647905886e-05,ANALYTIC,8.890000754036009e-05,A,A,A,False,False,False,False,NO_AMBIGUOUS_LABELS,,,,,,
AP0,beijing,Dingling,fixed_panel,natural,6906,2013-12-13 18:00:00,2013Q4,beijing_2013-12-13T18:00:00,24,3,constant,logistic,145,168,0,0,0.1817768283623975,0.1817768283623975,0.18177682836237752,0.18177682836241751,0.18177682836239747,0.18177682836239747,0.18177682836207903,0.18177682836271591,FLOAT_OUTWARD,0.0,4.0245584642661925e-15,0.0,0.0,-0.1817768283623975,0.1817768283623975,0,0,0,0,2.0699997548945248e-05,1.4599994756281376e-05,ANALYTIC,0.00011949999316129833,B,B,B,False,False,False,False,NO_AMBIGUOUS_LABELS,,,,,,
AP0,beijing,Dingling,fixed_panel,natural,6906,2013-12-13 18:00:00,2013Q4,beijing_2013-12-13T18:00:00,24,3,constant,hist_gradient_boosting,145,168,0,0,0.2137523044335715,0.2137523044335715,0.21375230443355148,0.21375230443359147,0.21375230443357146,0.21375230443357146,0.21375230443325302,0.2137523044338899,FLOAT_OUTWARD,0.0,4.0245584642661925e-15,0.0,0.0,-0.2137523044335715,0.2137523044335715,0,0,0,0,2.0699997548945248e-05,1.2900010915473104e-05,ANALYTIC,9.339999814983457e-05,B,B,B,False,False,False,False,NO_AMBIGUOUS_LABELS,,,,,,
AP0,beijing,Dingling,fixed_panel,natural,6906,2013-12-13 18:00:00,2013Q4,beijing_2013-12-13T18:00:00,24,3,logistic,hist_gradient_boosting,145,168,0,0,0.031975476071173944,0.031975476071173944,0.031975476071153947,0.03197547607119394,0.03197547607117394,0.03197547607117394,0.03197547607085551,0.03197547607149236,FLOAT_OUTWARD,0.0,1.0061396160665481e-15,0.0,0.0,-0.031975476071173944,0.031975476071173944,0,0,0,0,2.0699997548945248e-05,1.2899996363557875e-05,ANALYTIC,9.810000483412296e-05,B,B,B,False,False,False,False,NO_AMBIGUOUS_LABELS,,,,,,
AP0,beijing,Dingling,fixed_panel,natural,7074,2013-12-20 18:00:00,2013Q4,beijing_2013-12-20T18:00:00,24,3,constant,logistic,145,168,0,0,0.05821426020623109,0.05821426020623109,0.05821426020621112,0.05821426020625109,0.05821426020623112,0.05821426020623112,0.05821426020591269,0.058214260206549545,FLOAT_OUTWARD,4.0245584642661925e-15,0.0,0.0,0.0,-0.05821426020623109,0.05821426020623109,0,0,0,0,2.02999945031479e-05,1.4600009308196604e-05,ANALYTIC,0.00012080000306013972,B,B,B,False,False,False,False,NO_AMBIGUOUS_LABELS,,,,,,
AP0,beijing,Dingling,fixed_panel,natural,7074,2013-12-20 18:00:00,2013Q4,beijing_2013-12-20T18:00:00,24,3,constant,hist_gradient_boosting,145,168,0,0,-0.003513597208095378,-0.003513597208095378,-0.003513597208115378,-0.003513597208075378,-0.0035135972080955124,-0.0035135972080955124,-0.0035135972084139404,-0.0035135972077770844,FLOAT_OUTWARD,0.0,1.949395506128937e-14,0.0,0.0,0.003513597208095378,-0.003513597208095378,0,0,0,0,2.02999945031479e-05,1.309999788645655e-05,ANALYTIC,9.290000889450312e-05,A,A,A,False,False,False,False,NO_AMBIGUOUS_LABELS,,,,,,
AP0,beijing,Dingling,fixed_panel,natural,7074,2013-12-20 18:00:00,2013Q4,beijing_2013-12-20T18:00:00,24,3,logistic,hist_gradient_boosting,145,168,0,0,-0.06172785741432649,-0.06172785741432649,-0.061727857414346485,-0.06172785741430649,-0.06172785741432646,-0.06172785741432646,-0.061727857414644885,-0.06172785741400803,FLOAT_OUTWARD,4.0245584642661925e-15,0.0,0.0,0.0,0.06172785741432649,-0.06172785741432649,0,0,0,0,2.02999945031479e-05,1.2699994840659201e-05,ANALYTIC,8.660000457894057e-05,A,A,A,False,False,False,False,NO_AMBIGUOUS_LABELS,,,,,,
AP0,beijing,Dingling,fixed_panel,natural,7242,2013-12-27 18:00:00,2013Q4,beijing_2013-12-27T18:00:00,24,3,constant,logistic,145,168,0,0,0.14393738482836393,0.14393738482836393,0.14393738482834392,0.14393738482838395,0.14393738482836393,0.14393738482836393,0.1439373848280455,0.14393738482868237,FLOAT_OUTWARD,0.0,0.0,0.0,0.0,-0.14393738482836393,0.14393738482836393,0,0,0,0,1.9700004486367106e-05,1.4499993994832039e-05,ANALYTIC,0.00011809999705292284,B,B,B,False,False,False,False,NO_AMBIGUOUS_LABELS,,,,,,
AP0,beijing,Dingling,fixed_panel,natural,7242,2013-12-27 18:00:00,2013Q4,beijing_2013-12-27T18:00:00,24,3,constant,hist_gradient_boosting,145,168,0,0,0.09949144507077946,0.09949144507077946,0.09949144507075947,0.09949144507079946,0.09949144507077948,0.09949144507077948,0.09949144507046105,0.0994914450710979,FLOAT_OUTWARD,2.0122792321330962e-15,0.0,0.0,0.0,-0.09949144507077946,0.09949144507077946,0,0,0,0,1.9700004486367106e-05,1.3199998647905886e-05,ANALYTIC,9.299999510403723e-05,B,B,B,False,False,False,False,NO_AMBIGUOUS_LABELS,,,,,,
AP0,beijing,Dingling,fixed_panel,natural,7242,2013-12-27 18:00:00,2013Q4,beijing_2013-12-27T18:00:00,24,3,logistic,hist_gradient_boosting,145,168,0,0,-0.04444593975758448,-0.04444593975758448,-0.044445939757604476,-0.04444593975756448,-0.04444593975758448,-0.04444593975758448,-0.044445939757902904,-0.04444593975726605,FLOAT_OUTWARD,0.0,0.0,0.0,0.0,0.04444593975758448,-0.04444593975758448,0,0,0,0,1.9700004486367106e-05,1.2999997125007212e-05,ANALYTIC,9.000000136438757e-05,A,A,A,False,False,False,False,NO_AMBIGUOUS_LABELS,,,,,,
AP0,beijing,Dingling,fixed_panel,natural,7410,2014-01-03 18:00:00,2014Q1,beijing_2014-01-03T18:00:00,24,3,constant,logistic,145,168,0,0,0.15027302955711294,0.15027302955711294,0.15027302955709293,0.15027302955713293,0.15027302955711294,0.15027302955711294,0.1502730295567945,0.15027302955743138,FLOAT_OUTWARD,0.0,0.0,0.0,0.0,-0.15027302955711294,0.15027302955711294,0,0,0,0,2.0799998310394585e-05,1.4299992471933365e-05,ANALYTIC,0.00012110000534448773,B,B,B,False,False,False,False,NO_AMBIGUOUS_LABELS,,,,,,
AP0,beijing,Dingling,fixed_panel,natural,7410,2014-01-03 18:00:00,2014Q1,beijing_2014-01-03T18:00:00,24,3,constant,hist_gradient_boosting,145,168,0,0,0.1396110542562671,0.1396110542562671,0.1396110542562471,0.13961105425628711,0.13961105425626708,0.13961105425626708,0.13961105425594864,0.13961105425658552,FLOAT_OUTWARD,0.0,4.0245584642661925e-15,0.0,0.0,-0.1396110542562671,0.1396110542562671,0,0,0,0,2.0799998310394585e-05,1.2899996363557875e-05,ANALYTIC,9.289999434258789e-05,B,B,B,False,False,False,False,NO_AMBIGUOUS_LABELS,,,,,,
AP0,beijing,Dingling,fixed_panel,natural,7410,2014-01-03 18:00:00,2014Q1,beijing_2014-01-03T18:00:00,24,3,logistic,hist_gradient_boosting,145,168,0,0,-0.010661975300845828,-0.010661975300845828,-0.010661975300865828,-0.010661975300825828,-0.010661975300845816,-0.010661975300845816,-0.010661975301164243,-0.010661975300527388,FLOAT_OUTWARD,1.7607443281164592e-15,0.0,0.0,0.0,0.010661975300845828,-0.010661975300845828,0,0,0,0,2.0799998310394585e-05,1.2299991794861853e-05,ANALYTIC,8.680000610183924e-05,A,A,A,False,False,False,False,NO_AMBIGUOUS_LABELS,,,,,,
AP0,beijing,Dingling,fixed_panel,natural,7578,2014-01-10 18:00:00,2014Q1,beijing_2014-01-10T18:00:00,24,3,constant,logistic,145,168,1,0,-0.05119574228846918,-0.05119574228846918,-0.05119574228848918,-0.0511957422884492,-0.051195742288469175,-0.051195742288469175,-0.0511957422887876,-0.05119574228815075,FLOAT_OUTWARD,1.0061396160665481e-15,0.0,0.0,0.0,0.05119574228846918,-0.05119574228846918,0,0,0,0,1.990000600926578e-05,1.440000778529793e-05,ANALYTIC,0.00011809999705292284,A,A,A,False,False,False,False,NO_AMBIGUOUS_LABELS,,,,,,
AP0,beijing,Dingling,fixed_panel,natural,7578,2014-01-10 18:00:00,2014Q1,beijing_2014-01-10T18:00:00,24,3,constant,hist_gradient_boosting,145,168,1,0,-0.050226463053279186,-0.050226463053279186,-0.05022646305329918,-0.05022646305325919,-0.05022646305327909,-0.05022646305327909,-0.050226463053597514,-0.05022646305296066,FLOAT_OUTWARD,1.4085954624931674e-14,0.0,0.0,0.0,0.050226463053279186,-0.050226463053279186,0,0,0,0,1.990000600926578e-05,1.3199998647905886e-05,ANALYTIC,9.499999578110874e-05,A,A,A,False,False,False,False,NO_AMBIGUOUS_LABELS,,,,,,
AP0,beijing,Dingling,fixed_panel,natural,7578,2014-01-10 18:00:00,2014Q1,beijing_2014-01-10T18:00:00,24,3,logistic,hist_gradient_boosting,145,168,1,0,0.0009692792351900026,0.0009692792351900026,0.0009692792351700027,0.0009692792352100026,0.0009692792351900011,0.0009692792351900011,0.0009692792348715732,0.000969279235508429,FLOAT_OUTWARD,0.0,2.200930410145574e-16,0.0,0.0,-0.0009692792351900026,0.0009692792351900026,0,0,0,0,1.990000600926578e-05,1.2699994840659201e-05,ANALYTIC,0.00010069999552797526,B,B,B,False,False,False,False,NO_AMBIGUOUS_LABELS,,,,,,
AP0,beijing,Dingling,fixed_panel,natural,7746,2014-01-17 18:00:00,2014Q1,beijing_2014-01-17T18:00:00,24,3,constant,logistic,145,168,18,0,-0.005887983564386755,-0.005887983564386755,-0.005887983564406754,-0.0058879835643667645,-0.0058879835643866904,-0.0058879835643866904,-0.005887983564705118,-0.005887983564068263,FLOAT_OUTWARD,9.30679144861557e-15,0.0,0.0,0.0,0.005887983564386755,-0.005887983564386755,0,0,0,0,1.999999221879989e-05,1.4199991710484028e-05,ANALYTIC,0.0001235000090673566,A,A,A,False,False,False,False,NO_AMBIGUOUS_LABELS,,,,,,
AP0,beijing,Dingling,fixed_panel,natural,7746,2014-01-17 18:00:00,2014Q1,beijing_2014-01-17T18:00:00,24,3,constant,hist_gradient_boosting,145,168,18,0,0.0340585383663177,0.0340585383663177,0.03405853836629772,0.034058538366337696,0.03405853836631771,0.03405853836631771,0.034058538365999286,0.03405853836663614,FLOAT_OUTWARD,2.0122792321330962e-15,0.0,0.0,0.0,-0.0340585383663177,0.0340585383663177,0,0,0,0,1.999999221879989e-05,1.3299999409355223e-05,ANALYTIC,9.679999493528157e-05,B,B,B,False,False,False,False,NO_AMBIGUOUS_LABELS,,,,,,
AP0,beijing,Dingling,fixed_panel,natural,7746,2014-01-17 18:00:00,2014Q1,beijing_2014-01-17T18:00:00,24,3,logistic,hist_gradient_boosting,145,168,18,0,0.03994652193070448,0.03994652193070448,0.03994652193068448,0.039946521930724475,0.03994652193070448,0.03994652193070448,0.03994652193038605,0.0399465219310229,FLOAT_OUTWARD,0.0,0.0,0.0,0.0,-0.03994652193070448,0.03994652193070448,0,0,0,0,1.999999221879989e-05,1.2500007869675756e-05,ANALYTIC,8.929999603424221e-05,B,B,B,False,False,False,False,NO_AMBIGUOUS_LABELS,,,,,,
AP0,beijing,Dingling,fixed_panel,natural,7914,2014-01-24 18:00:00,2014Q1,beijing_2014-01-24T18:00:00,24,3,constant,logistic,145,168,4,23,-0.09396321482745465,0.009875619950186603,-0.09396321482747465,0.009875619950206596,-0.09396321482745468,0.009875619950186591,-0.0939632148277731,0.009875619950505019,FLOAT_OUTWARD,0.0,1.7607443281164592e-15,0.10383883477764125,0.10383883477764125,0.09396321482745465,0.009875619950186603,0,462,45,226,0.00047139999514911324,2.47000134550035e-05,ANALYTIC,0.00011839999933727086,OPPOSITE_POSSIBLE,OPPOSITE_POSSIBLE,OPPOSITE_POSSIBLE,True,False,False,False,JOINT_OPPOSITE_POSSIBLE,,,,,,
AP0,beijing,Dingling,fixed_panel,natural,7914,2014-01-24 18:00:00,2014Q1,beijing_2014-01-24T18:00:00,24,3,constant,hist_gradient_boosting,145,168,4,23,-0.0823309133058364,0.006660983663418336,-0.0823309133058564,0.006660983663438311,-0.08233091330583638,0.006660983663418343,-0.0823309133061548,0.006660983663736771,FLOAT_OUTWARD,4.0245584642661925e-15,0.0,0.08899189696925475,0.08899189696925472,0.0823309133058364,0.006660983663418336,0,462,45,226,0.00047139999514911324,2.1700005163438618e-05,ANALYTIC,9.950000094249845e-05,OPPOSITE_POSSIBLE,OPPOSITE_POSSIBLE,OPPOSITE_POSSIBLE,True,False,False,False,JOINT_OPPOSITE_POSSIBLE,,,,,,
AP0,beijing,Dingling,fixed_panel,natural,7914,2014-01-24 18:00:00,2014Q1,beijing_2014-01-24T18:00:00,24,3,logistic,hist_gradient_boosting,145,168,4,23,-0.014772986467803425,0.02319065170265341,-0.003214636286788279,0.011632301521638262,-0.0032146362867682974,0.011632301521618246,-0.0032146362870867254,0.011632301521936674,FLOAT_OUTWARD,1.6759607762500934,1.6759607762500988,0.03796363817045684,0.03796363817045683,0.014772986467803425,0.02319065170265341,1,462,45,226,0.00047139999514911324,0.0050703999877441674,OPTIMAL_DUAL_OUTWARD,9.57000011112541e-05,OPPOSITE_POSSIBLE,OPPOSITE_POSSIBLE,OPPOSITE_POSSIBLE,True,False,False,False,JOINT_OPPOSITE_POSSIBLE,,,,,,
AP0,beijing,Dingling,fixed_panel,natural,8082,2014-01-31 18:00:00,2014Q1,beijing_2014-01-31T18:00:00,24,3,constant,logistic,145,168,24,5,0.1406420087668332,0.1597208890466893,0.1406420087668132,0.1597208890467093,0.14064200876683325,0.15972088904668932,0.1406420087665148,0.15972088904700776,FLOAT_OUTWARD,8.049116928532385e-15,0.0,0.019078880279856103,0.0190788802798561,-0.1406420087668332,0.1597208890466893,0,0,5,0,5.4199990699999034e-05,1.5700003132224083e-05,ANALYTIC,0.00013780000153928995,B,B,B,False,False,False,False,INDEPENDENT_ALREADY_DIRECTED,,,,,,
AP0,beijing,Dingling,fixed_panel,natural,8082,2014-01-31 18:00:00,2014Q1,beijing_2014-01-31T18:00:00,24,3,constant,hist_gradient_boosting,145,168,24,5,0.09547226806840525,0.11259649500697913,0.09547226806838527,0.11259649500699913,0.09547226806840516,0.11259649500697907,0.09547226806808673,0.1125964950072975,FLOAT_OUTWARD,0.0,8.049116928532385e-15,0.017124226938573878,0.017124226938573878,-0.09547226806840525,0.11259649500697913,0,0,5,0,5.4199990699999034e-05,1.4499993994832039e-05,ANALYTIC,0.00010450000991113484,B,B,B,False,False,False,False,INDEPENDENT_ALREADY_DIRECTED,,,,,,
AP0,beijing,Dingling,fixed_panel,natural,8082,2014-01-31 18:00:00,2014Q1,beijing_2014-01-31T18:00:00,24,3,logistic,hist_gradient_boosting,145,168,24,5,-0.047124394039710193,-0.045169740698427954,-0.04712439403973018,-0.04516974069840796,-0.04712439403971016,-0.04516974069842793,-0.047124394040028585,-0.04516974069810951,FLOAT_OUTWARD,5.0306980803327406e-15,0.0,0.0019546533412822392,0.0019546533412822236,0.047124394039710193,-0.045169740698427954,0,0,5,0,5.4199990699999034e-05,1.2899996363557875e-05,ANALYTIC,9.529999806545675e-05,A,A,A,False,False,False,False,INDEPENDENT_ALREADY_DIRECTED,,,,,,
AP0,beijing,Dingling,fixed_panel,natural,8250,2014-02-07 18:00:00,2014Q1,beijing_2014-02-07T18:00:00,24,3,constant,logistic,145,168,4,1,0.1520850775131549,0.15553131019538805,0.15208507751313488,0.15553131019540803,0.1520850775131549,0.1555313101953881,0.15208507751283645,0.15553131019570654,FLOAT_OUTWARD,0.0,0.0,0.0034462326822331524,0.003446232682233157,-0.1520850775131549,0.15553131019538805,0,0,1,0,9.43000050028786e-05,1.4600009308196604e-05,ANALYTIC,0.00012329999299254268,B,B,B,False,False,False,False,INDEPENDENT_ALREADY_DIRECTED,,,,,,
AP0,beijing,Dingling,fixed_panel,natural,8250,2014-02-07 18:00:00,2014Q1,beijing_2014-02-07T18:00:00,24,3,constant,hist_gradient_boosting,145,168,4,1,0.1224842475942576,0.12349490355814242,0.12248424759423764,0.12349490355816242,0.12248424759425758,0.1234949035581424,0.12248424759393915,0.12349490355846082,FLOAT_OUTWARD,0.0,4.0245584642661925e-15,0.0010106559638848184,0.0010106559638848238,-0.1224842475942576,0.12349490355814242,0,0,1,0,9.43000050028786e-05,1.340000017080456e-05,ANALYTIC,9.410000347997993e-05,B,B,B,False,False,False,False,INDEPENDENT_ALREADY_DIRECTED,,,,,,
AP0,beijing,Dingling,fixed_panel,natural,8250,2014-02-07 18:00:00,2014Q1,beijing_2014-02-07T18:00:00,24,3,logistic,hist_gradient_boosting,145,168,4,1,-0.032036406637245586,-0.029600829918897252,-0.03203640663726558,-0.02960082991887725,-0.03203640663724559,-0.02960082991889726,-0.03203640663756402,-0.02960082991857883,FLOAT_OUTWARD,0.0,1.0061396160665481e-15,0.002435576718348334,0.0024355767183483336,0.032036406637245586,-0.029600829918897252,0,0,1,0,9.43000050028786e-05,1.309999788645655e-05,ANALYTIC,8.749999688006938e-05,A,A,A,False,False,False,False,INDEPENDENT_ALREADY_DIRECTED,,,,,,
AP0,beijing,Dingling,fixed_panel,natural,8418,2014-02-14 18:00:00,2014Q1,beijing_2014-02-14T18:00:00,24,3,constant,logistic,145,168,1,0,-0.07154199086544559,-0.07154199086544559,-0.07154199086546557,-0.07154199086542559,-0.07154199086544559,-0.07154199086544559,-0.07154199086576402,-0.07154199086512716,FLOAT_OUTWARD,0.0,0.0,0.0,0.0,0.07154199086544559,-0.07154199086544559,0,0,0,0,2.060001133941114e-05,1.4199991710484028e-05,ANALYTIC,0.00011920000542886555,A,A,A,False,False,False,False,NO_AMBIGUOUS_LABELS,,,,,,
AP0,beijing,Dingling,fixed_panel,natural,8418,2014-02-14 18:00:00,2014Q1,beijing_2014-02-14T18:00:00,24,3,constant,hist_gradient_boosting,145,168,1,0,-0.12041578323068723,-0.12041578323068723,-0.12041578323070723,-0.12041578323066728,-0.12041578323068733,-0.12041578323068733,-0.12041578323100575,-0.1204157832303689,FLOAT_OUTWARD,0.0,1.4085954624931674e-14,0.0,0.0,0.12041578323068723,-0.12041578323068723,0,0,0,0,2.060001133941114e-05,1.2899996363557875e-05,ANALYTIC,9.459999273531139e-05,A,A,A,False,False,False,False,NO_AMBIGUOUS_LABELS,,,,,,
AP0,beijing,Dingling,fixed_panel,natural,8418,2014-02-14 18:00:00,2014Q1,beijing_2014-02-14T18:00:00,24,3,logistic,hist_gradient_boosting,145,168,1,0,-0.048873792365241676,-0.048873792365241676,-0.04887379236526166,-0.04887379236522168,-0.04887379236524163,-0.04887379236524163,-0.048873792365560054,-0.0488737923649232,FLOAT_OUTWARD,7.042977312465837e-15,0.0,0.0,0.0,0.048873792365241676,-0.048873792365241676,0,0,0,0,2.060001133941114e-05,1.2599994079209864e-05,ANALYTIC,0.00010130000009667128,A,A,A,False,False,False,False,NO_AMBIGUOUS_LABELS,,,,,,
AP0,beijing,Dingling,fixed_panel,natural,8586,2014-02-21 18:00:00,2014Q1,beijing_2014-02-21T18:00:00,24,3,constant,logistic,145,168,23,0,0.12843298589037974,0.12843298589037974,0.12843298589035979,0.12843298589039975,0.12843298589037985,0.12843298589037985,0.1284329858900614,0.1284329858906983,FLOAT_OUTWARD,1.609823385706477e-14,0.0,0.0,0.0,-0.12843298589037974,0.12843298589037974,0,0,0,0,1.9899991457350552e-05,1.4199991710484028e-05,ANALYTIC,0.00012379999679978937,B,B,B,False,False,False,False,NO_AMBIGUOUS_LABELS,,,,,,
AP0,beijing,Dingling,fixed_panel,natural,8586,2014-02-21 18:00:00,2014Q1,beijing_2014-02-21T18:00:00,24,3,constant,hist_gradient_boosting,145,168,23,0,0.10731151998027055,0.10731151998027055,0.10731151998025056,0.10731151998029055,0.10731151998027046,0.10731151998027046,0.10731151997995203,0.10731151998058888,FLOAT_OUTWARD,0.0,1.4085954624931674e-14,0.0,0.0,-0.10731151998027055,0.10731151998027055,0,0,0,0,1.9899991457350552e-05,1.2599994079209864e-05,ANALYTIC,9.370000043418258e-05,B,B,B,False,False,False,False,NO_AMBIGUOUS_LABELS,,,,,,
AP0,beijing,Dingling,fixed_panel,natural,8586,2014-02-21 18:00:00,2014Q1,beijing_2014-02-21T18:00:00,24,3,logistic,hist_gradient_boosting,145,168,23,0,-0.02112146591010923,-0.02112146591010923,-0.021121465910129214,-0.02112146591008923,-0.02112146591010928,-0.02112146591010928,-0.021121465910427708,-0.02112146590979085,FLOAT_OUTWARD,0.0,7.042977312465837e-15,0.0,0.0,0.02112146591010923,-0.02112146591010923,0,0,0,0,1.9899991457350552e-05,1.2299991794861853e-05,ANALYTIC,8.81000014487654e-05,A,A,A,False,False,False,False,NO_AMBIGUOUS_LABELS,,,,,,
AP0,beijing,Dingling,fixed_panel,natural,6570,2013-11-29 18:00:00,2013Q4,beijing_2013-11-29T18:00:00,72,3,constant,logistic,97,168,0,0,0.01826033841947122,0.01826033841947122,0.018260338419451218,0.018260338419491217,0.018260338419471236,0.018260338419471236,0.018260338419152807,0.018260338419789666,FLOAT_OUTWARD,1.6826817716975029e-15,0.0,0.0,0.0,-0.01826033841947122,0.01826033841947122,0,0,0,0,4.5900000259280205e-05,1.7600003047846258e-05,ANALYTIC,0.0002626999921631068,B,B,B,False,False,False,False,NO_AMBIGUOUS_LABELS,,,,,,
AP0,beijing,Dingling,fixed_panel,natural,6570,2013-11-29 18:00:00,2013Q4,beijing_2013-11-29T18:00:00,72,3,constant,hist_gradient_boosting,97,168,0,0,0.0761251463807624,0.0761251463807624,0.0761251463807424,0.0761251463807824,0.0761251463807624,0.0761251463807624,0.07612514638044397,0.07612514638108082,FLOAT_OUTWARD,0.0,0.0,0.0,0.0,-0.0761251463807624,0.0761251463807624,0,0,0,0,4.5900000259280205e-05,1.340000017080456e-05,ANALYTIC,0.00015020000864751637,B,B,B,False,False,False,False,NO_AMBIGUOUS_LABELS,,,,,,
AP0,beijing,Dingling,fixed_panel,natural,6570,2013-11-29 18:00:00,2013Q4,beijing_2013-11-29T18:00:00,72,3,logistic,hist_gradient_boosting,97,168,0,0,0.057864807961291176,0.057864807961291176,0.057864807961271185,0.057864807961311174,0.05786480796129121,0.05786480796129121,0.057864807960972785,0.057864807961609636,FLOAT_OUTWARD,3.3653635433950058e-15,0.0,0.0,0.0,-0.057864807961291176,0.057864807961291176,0,0,0,0,4.5900000259280205e-05,1.2999997125007212e-05,ANALYTIC,0.00010889999975915998,B,B,B,False,False,False,False,NO_AMBIGUOUS_LABELS,,,,,,
AP0,beijing,Dingling,fixed_panel,natural,6738,2013-12-06 18:00:00,2013Q4,beijing_2013-12-06T18:00:00,72,3,constant,logistic,97,168,1,0,0.1845879703999511,0.1845879703999511,0.18458797039993108,0.1845879703999711,0.18458797039995106,0.18458797039995106,0.18458797039963262,0.1845879704002695,FLOAT_OUTWARD,0.0,2.6922908347160046e-15,0.0,0.0,-0.1845879703999511,0.1845879703999511,0,0,0,0,2.0399995264597237e-05,1.3600001693703234e-05,ANALYTIC,0.00012709999282378703,B,B,B,False,False,False,False,NO_AMBIGUOUS_LABELS,,,,,,
AP0,beijing,Dingling,fixed_panel,natural,6738,2013-12-06 18:00:00,2013Q4,beijing_2013-12-06T18:00:00,72,3,constant,hist_gradient_boosting,97,168,1,0,-0.004277577615418029,-0.004277577615418029,-0.004277577615438029,-0.00427757761539803,-0.00427757761541802,-0.00427757761541802,-0.004277577615736447,-0.004277577615099592,FLOAT_OUTWARD,9.254749744336266e-16,0.0,0.0,0.0,0.004277577615418029,-0.004277577615418029,0,0,0,0,2.0399995264597237e-05,1.1900003300979733e-05,ANALYTIC,0.00010239999392069876,A,A,A,False,False,False,False,NO_AMBIGUOUS_LABELS,,,,,,
AP0,beijing,Dingling,fixed_panel,natural,6738,2013-12-06 18:00:00,2013Q4,beijing_2013-12-06T18:00:00,72,3,logistic,hist_gradient_boosting,97,168,1,0,-0.1888655480153691,-0.1888655480153691,-0.1888655480153891,-0.18886554801534908,-0.1888655480153691,-0.1888655480153691,-0.18886554801568753,-0.18886554801505065,FLOAT_OUTWARD,0.0,0.0,0.0,0.0,0.1888655480153691,-0.1888655480153691,0,0,0,0,2.0399995264597237e-05,1.6599995433352888e-05,ANALYTIC,9.499999578110874e-05,A,A,A,False,False,False,False,NO_AMBIGUOUS_LABELS,,,,,,
AP0,beijing,Dingling,fixed_panel,natural,6906,2013-12-13 18:00:00,2013Q4,beijing_2013-12-13T18:00:00,72,3,constant,logistic,97,168,0,0,0.051675415966435295,0.051675415966435295,0.0516754159664153,0.05167541596645528,0.051675415966435295,0.051675415966435295,0.05167541596611687,0.05167541596675372,FLOAT_OUTWARD,0.0,0.0,0.0,0.0,-0.051675415966435295,0.051675415966435295,0,0,0,0,1.990000600926578e-05,1.340000017080456e-05,ANALYTIC,0.00013179999950807542,B,B,B,False,False,False,False,NO_AMBIGUOUS_LABELS,,,,,,
AP0,beijing,Dingling,fixed_panel,natural,6906,2013-12-13 18:00:00,2013Q4,beijing_2013-12-13T18:00:00,72,3,constant,hist_gradient_boosting,97,168,0,0,0.06225322065124081,0.06225322065124081,0.06225322065122081,0.06225322065126079,0.06225322065124081,0.06225322065124081,0.06225322065092238,0.062253220651559235,FLOAT_OUTWARD,0.0,0.0,0.0,0.0,-0.06225322065124081,0.06225322065124081,0,0,0,0,1.990000600926578e-05,1.2099990271963179e-05,ANALYTIC,0.00010879999899771065,B,B,B,False,False,False,False,NO_AMBIGUOUS_LABELS,,,,,,
AP0,beijing,Dingling,fixed_panel,natural,6906,2013-12-13 18:00:00,2013Q4,beijing_2013-12-13T18:00:00,72,3,logistic,hist_gradient_boosting,97,168,0,0,0.010577804684805521,0.010577804684805521,0.010577804684785521,0.010577804684825519,0.010577804684805521,0.010577804684805521,0.010577804684487093,0.010577804685123949,FLOAT_OUTWARD,0.0,0.0,0.0,0.0,-0.010577804684805521,0.010577804684805521,0,0,0,0,1.990000600926578e-05,1.200000406242907e-05,ANALYTIC,9.820000559557229e-05,B,B,B,False,False,False,False,NO_AMBIGUOUS_LABELS,,,,,,
AP0,beijing,Dingling,fixed_panel,natural,7074,2013-12-20 18:00:00,2013Q4,beijing_2013-12-20T18:00:00,72,3,constant,logistic,97,168,0,0,-0.0038544068032339133,-0.0038544068032339133,-0.0038544068032539134,-0.0038544068032139132,-0.0038544068032339133,-0.0038544068032339133,-0.0038544068035523413,-0.0038544068029154853,FLOAT_OUTWARD,0.0,0.0,0.0,0.0,0.0038544068032339133,-0.0038544068032339133,0,0,0,0,1.9399987650103867e-05,1.3299999409355223e-05,ANALYTIC,0.00014820000797044486,A,A,A,False,False,False,False,NO_AMBIGUOUS_LABELS,,,,,,
AP0,beijing,Dingling,fixed_panel,natural,7074,2013-12-20 18:00:00,2013Q4,beijing_2013-12-20T18:00:00,72,3,constant,hist_gradient_boosting,97,168,0,0,-0.008311032410970247,-0.008311032410970247,-0.008311032410990246,-0.008311032410950252,-0.008311032410970247,-0.008311032410970247,-0.008311032411288674,-0.00831103241065182,FLOAT_OUTWARD,0.0,0.0,0.0,0.0,0.008311032410970247,-0.008311032410970247,0,0,0,0,1.9399987650103867e-05,1.239999255631119e-05,ANALYTIC,0.0001049999991664663,A,A,A,False,False,False,False,NO_AMBIGUOUS_LABELS,,,,,,
AP0,beijing,Dingling,fixed_panel,natural,7074,2013-12-20 18:00:00,2013Q4,beijing_2013-12-20T18:00:00,72,3,logistic,hist_gradient_boosting,97,168,0,0,-0.004456625607736337,-0.004456625607736337,-0.004456625607756336,-0.00445662560771634,-0.004456625607736337,-0.004456625607736337,-0.004456625608054764,-0.004456625607417909,FLOAT_OUTWARD,0.0,0.0,0.0,0.0,0.004456625607736337,-0.004456625607736337,0,0,0,0,1.9399987650103867e-05,1.170000177808106e-05,ANALYTIC,9.709999721962959e-05,A,A,A,False,False,False,False,NO_AMBIGUOUS_LABELS,,,,,,
AP0,beijing,Dingling,fixed_panel,natural,7242,2013-12-27 18:00:00,2013Q4,beijing_2013-12-27T18:00:00,72,3,constant,logistic,97,168,0,0,0.04161064894516768,0.04161064894516768,0.04161064894514769,0.04161064894518768,0.04161064894516767,0.04161064894516767,0.04161064894484925,0.0416106489454861,FLOAT_OUTWARD,0.0,6.730727086790012e-16,0.0,0.0,-0.04161064894516768,0.04161064894516768,0,0,0,0,1.920000067912042e-05,1.270000939257443e-05,ANALYTIC,0.00012540000898297876,B,B,B,False,False,False,False,NO_AMBIGUOUS_LABELS,,,,,,
AP0,beijing,Dingling,fixed_panel,natural,7242,2013-12-27 18:00:00,2013Q4,beijing_2013-12-27T18:00:00,72,3,constant,hist_gradient_boosting,97,168,0,0,-0.023037712393674577,-0.023037712393674577,-0.02303771239369458,-0.023037712393654576,-0.023037712393674577,-0.023037712393674577,-0.023037712393993007,-0.023037712393356148,FLOAT_OUTWARD,0.0,0.0,0.0,0.0,0.023037712393674577,-0.023037712393674577,0,0,0,0,1.920000067912042e-05,1.7099999240599573e-05,ANALYTIC,0.00013919999764766544,A,A,A,False,False,False,False,NO_AMBIGUOUS_LABELS,,,,,,
AP0,beijing,Dingling,fixed_panel,natural,7242,2013-12-27 18:00:00,2013Q4,beijing_2013-12-27T18:00:00,72,3,logistic,hist_gradient_boosting,97,168,0,0,-0.06464836133884226,-0.06464836133884226,-0.06464836133886226,-0.06464836133882226,-0.06464836133884226,-0.06464836133884226,-0.06464836133916069,-0.06464836133852384,FLOAT_OUTWARD,0.0,0.0,0.0,0.0,0.06464836133884226,-0.06464836133884226,0,0,0,0,1.920000067912042e-05,1.1299998732283711e-05,ANALYTIC,0.00010320000001229346,A,A,A,False,False,False,False,NO_AMBIGUOUS_LABELS,,,,,,
AP0,beijing,Dingling,fixed_panel,natural,7410,2014-01-03 18:00:00,2014Q1,beijing_2014-01-03T18:00:00,72,3,constant,logistic,97,168,0,0,0.06264662098313305,0.06264662098313305,0.06264662098311305,0.06264662098315305,0.06264662098313303,0.06264662098313303,0.06264662098281461,0.06264662098345146,FLOAT_OUTWARD,0.0,1.3461454173580023e-15,0.0,0.0,-0.06264662098313305,0.06264662098313305,0,0,0,0,2.0000006770715117e-05,1.3299999409355223e-05,ANALYTIC,0.0001289999927394092,B,B,B,False,False,False,False,NO_AMBIGUOUS_LABELS,,,,,,
AP0,beijing,Dingling,fixed_panel,natural,7410,2014-01-03 18:00:00,2014Q1,beijing_2014-01-03T18:00:00,72,3,constant,hist_gradient_boosting,97,168,0,0,0.03328325790385551,0.03328325790385551,0.03328325790383551,0.033283257903875506,0.03328325790385551,0.03328325790385551,0.03328325790353708,0.033283257904173934,FLOAT_OUTWARD,0.0,0.0,0.0,0.0,-0.03328325790385551,0.03328325790385551,0,0,0,0,2.0000006770715117e-05,1.239999255631119e-05,ANALYTIC,0.00010509999992791563,B,B,B,False,False,False,False,NO_AMBIGUOUS_LABELS,,,,,,
AP0,beijing,Dingling,fixed_panel,natural,7410,2014-01-03 18:00:00,2014Q1,beijing_2014-01-03T18:00:00,72,3,logistic,hist_gradient_boosting,97,168,0,0,-0.029363363079277543,-0.029363363079277543,-0.029363363079297544,-0.02936336307925754,-0.029363363079277543,-0.029363363079277543,-0.029363363079595972,-0.029363363078959114,FLOAT_OUTWARD,0.0,0.0,0.0,0.0,0.029363363079277543,-0.029363363079277543,0,0,0,0,2.0000006770715117e-05,1.1999989510513842e-05,ANALYTIC,9.940000018104911e-05,A,A,A,False,False,False,False,NO_AMBIGUOUS_LABELS,,,,,,
AP0,beijing,Dingling,fixed_panel,natural,7578,2014-01-10 18:00:00,2014Q1,beijing_2014-01-10T18:00:00,72,3,constant,logistic,97,168,1,0,-0.02050772716640967,-0.02050772716640967,-0.020507727166429672,-0.02050772716638969,-0.020507727166409688,-0.020507727166409688,-0.020507727166728117,-0.02050772716609126,FLOAT_OUTWARD,0.0,1.6826817716975029e-15,0.0,0.0,0.02050772716640967,-0.02050772716640967,0,0,0,0,1.999999221879989e-05,1.3199998647905886e-05,ANALYTIC,0.00012850000348407775,A,A,A,False,False,False,False,NO_AMBIGUOUS_LABELS,,,,,,
AP0,beijing,Dingling,fixed_panel,natural,7578,2014-01-10 18:00:00,2014Q1,beijing_2014-01-10T18:00:00,72,3,constant,hist_gradient_boosting,97,168,1,0,-0.01881314400649496,-0.01881314400649496,-0.01881314400651495,-0.01881314400647496,-0.018813144006494944,-0.018813144006494944,-0.018813144006813373,-0.018813144006176515,FLOAT_OUTWARD,1.6826817716975029e-15,0.0,0.0,0.0,0.01881314400649496,-0.01881314400649496,0,0,0,0,1.999999221879989e-05,1.2200005585327744e-05,ANALYTIC,0.00010420000762678683,A,A,A,False,False,False,False,NO_AMBIGUOUS_LABELS,,,,,,
AP0,beijing,Dingling,fixed_panel,natural,7578,2014-01-10 18:00:00,2014Q1,beijing_2014-01-10T18:00:00,72,3,logistic,hist_gradient_boosting,97,168,1,0,0.0016945831599147467,0.0016945831599147467,0.0016945831598947467,0.0016945831599347444,0.0016945831599147376,0.0016945831599147376,0.0016945831595963096,0.0016945831602331657,FLOAT_OUTWARD,0.0,8.83407930141189e-16,0.0,0.0,-0.0016945831599147467,0.0016945831599147467,0,0,0,0,1.999999221879989e-05,1.1600001016631722e-05,ANALYTIC,9.800000407267362e-05,B,B,B,False,False,False,False,NO_AMBIGUOUS_LABELS,,,,,,
AP0,beijing,Dingling,fixed_panel,natural,7746,2014-01-17 18:00:00,2014Q1,beijing_2014-01-17T18:00:00,72,3,constant,logistic,97,168,18,0,-0.05451819091767618,-0.05451819091767618,-0.05451819091769618,-0.054518190917656216,-0.054518190917676145,-0.054518190917676145,-0.05451819091799457,-0.05451819091735772,FLOAT_OUTWARD,3.3653635433950058e-15,0.0,0.0,0.0,0.05451819091767618,-0.05451819091767618,0,0,0,0,1.999999221879989e-05,1.3800003216601908e-05,ANALYTIC,0.00012969999806955457,A,A,A,False,False,False,False,NO_AMBIGUOUS_LABELS,,,,,,
AP0,beijing,Dingling,fixed_panel,natural,7746,2014-01-17 18:00:00,2014Q1,beijing_2014-01-17T18:00:00,72,3,constant,hist_gradient_boosting,97,168,18,0,-0.009776531770251602,-0.009776531770251602,-0.009776531770271601,-0.009776531770231606,-0.009776531770251591,-0.009776531770251591,-0.009776531770570019,-0.009776531769933164,FLOAT_OUTWARD,1.0096090630185017e-15,0.0,0.0,0.0,0.009776531770251602,-0.009776531770251602,0,0,0,0,1.999999221879989e-05,1.2599994079209864e-05,ANALYTIC,0.00010790000669658184,A,A,A,False,False,False,False,NO_AMBIGUOUS_LABELS,,,,,,
AP0,beijing,Dingling,fixed_panel,natural,7746,2014-01-17 18:00:00,2014Q1,beijing_2014-01-17T18:00:00,72,3,logistic,hist_gradient_boosting,97,168,18,0,0.04474165914742464,0.04474165914742464,0.04474165914740464,0.04474165914744461,0.04474165914742467,0.04474165914742467,0.04474165914710625,0.0447416591477431,FLOAT_OUTWARD,3.3653635433950058e-15,0.0,0.0,0.0,-0.04474165914742464,0.04474165914742464,0,0,0,0,1.999999221879989e-05,1.2100004823878407e-05,ANALYTIC,0.00010750000365078449,B,B,B,False,False,False,False,NO_AMBIGUOUS_LABELS,,,,,,
AP0,beijing,Dingling,fixed_panel,natural,7914,2014-01-24 18:00:00,2014Q1,beijing_2014-01-24T18:00:00,72,3,constant,logistic,97,168,4,0,-0.004355600171878136,-0.004355600171878136,-0.004355600171898136,-0.0043556001718581365,-0.004355600171878157,-0.004355600171878157,-0.0043556001721965845,-0.004355600171559729,FLOAT_OUTWARD,0.0,2.0192181260370035e-15,0.0,0.0,0.004355600171878136,-0.004355600171878136,0,0,0,0,1.9099999917671084e-05,1.2999997125007212e-05,ANALYTIC,0.00012400001287460327,A,A,A,False,False,False,False,NO_AMBIGUOUS_LABELS,,,,,,
AP0,beijing,Dingling,fixed_panel,natural,7914,2014-01-24 18:00:00,2014Q1,beijing_2014-01-24T18:00:00,72,3,constant,hist_gradient_boosting,97,168,4,0,-0.011122726798598286,-0.011122726798598286,-0.011122726798618286,-0.011122726798578286,-0.011122726798598341,-0.011122726798598341,-0.011122726798916769,-0.011122726798279914,FLOAT_OUTWARD,0.0,5.384581669432009e-15,0.0,0.0,0.011122726798598286,-0.011122726798598286,0,0,0,0,1.9099999917671084e-05,1.2200005585327744e-05,ANALYTIC,0.0001033000007737428,A,A,A,False,False,False,False,NO_AMBIGUOUS_LABELS,,,,,,
AP0,beijing,Dingling,fixed_panel,natural,7914,2014-01-24 18:00:00,2014Q1,beijing_2014-01-24T18:00:00,72,3,logistic,hist_gradient_boosting,97,168,4,0,-0.006767126626720149,-0.006767126626720149,-0.0067671266267401485,-0.006767126626700149,-0.006767126626720146,-0.006767126626720146,-0.006767126627038574,-0.006767126626401719,FLOAT_OUTWARD,2.5240226575462543e-16,0.0,0.0,0.0,0.006767126626720149,-0.006767126626720149,0,0,0,0,1.9099999917671084e-05,1.170000177808106e-05,ANALYTIC,0.00011449999874457717,A,A,A,False,False,False,False,NO_AMBIGUOUS_LABELS,,,,,,
AP0,beijing,Dingling,fixed_panel,natural,8082,2014-01-31 18:00:00,2014Q1,beijing_2014-01-31T18:00:00,72,3,constant,logistic,97,168,24,0,-0.055988508791378344,-0.055988508791378344,-0.05598850879139834,-0.05598850879135842,-0.05598850879137827,-0.05598850879137827,-0.055988508791696694,-0.05598850879105984,FLOAT_OUTWARD,7.403799795469013e-15,0.0,0.0,0.0,0.055988508791378344,-0.055988508791378344,0,0,0,0,1.9099999917671084e-05,1.340000017080456e-05,ANALYTIC,0.00012909999350085855,A,A,A,False,False,False,False,NO_AMBIGUOUS_LABELS,,,,,,
AP0,beijing,Dingling,fixed_panel,natural,8082,2014-01-31 18:00:00,2014Q1,beijing_2014-01-31T18:00:00,72,3,constant,hist_gradient_boosting,97,168,24,0,-0.051347345381934965,-0.051347345381934965,-0.05134734538195495,-0.05134734538191497,-0.051347345381934965,-0.051347345381934965,-0.05134734538225339,-0.05134734538161654,FLOAT_OUTWARD,0.0,0.0,0.0,0.0,0.051347345381934965,-0.051347345381934965,0,0,0,0,1.9099999917671084e-05,1.2500007869675756e-05,ANALYTIC,0.00010749998909886926,A,A,A,False,False,False,False,NO_AMBIGUOUS_LABELS,,,,,,
AP0,beijing,Dingling,fixed_panel,natural,8082,2014-01-31 18:00:00,2014Q1,beijing_2014-01-31T18:00:00,72,3,logistic,hist_gradient_boosting,97,168,24,0,0.004641163409443466,0.004641163409443466,0.004641163409423473,0.004641163409463466,0.004641163409443503,0.004641163409443503,0.004641163409125075,0.00464116340976193,FLOAT_OUTWARD,3.533631720564756e-15,0.0,0.0,0.0,-0.004641163409443466,0.004641163409443466,0,0,0,0,1.9099999917671084e-05,1.580000389367342e-05,ANALYTIC,9.849999332800508e-05,B,B,B,False,False,False,False,NO_AMBIGUOUS_LABELS,,,,,,
AP0,beijing,Dingling,fixed_panel,natural,8250,2014-02-07 18:00:00,2014Q1,beijing_2014-02-07T18:00:00,72,3,constant,logistic,97,168,4,1,-0.007378872893938699,-0.007378578691964338,-0.007378872893958696,-0.007378578691944338,-0.0073788728939386755,-0.007378578691964315,-0.007378872894257103,-0.0073785786916458875,FLOAT_OUTWARD,2.271620391791629e-15,0.0,2.9420197436135637e-07,2.9420197436082877e-07,0.007378872893938699,-0.007378578691964338,0,0,1,0,4.339999577496201e-05,1.4600009308196604e-05,ANALYTIC,0.00012329999299254268,A,A,A,False,False,False,False,INDEPENDENT_ALREADY_DIRECTED,,,,,,
AP0,beijing,Dingling,fixed_panel,natural,8250,2014-02-07 18:00:00,2014Q1,beijing_2014-02-07T18:00:00,72,3,constant,hist_gradient_boosting,97,168,4,1,0.0007518567398830544,0.0013958069349224859,0.0007518567398630545,0.001395806934942486,0.0007518567398830452,0.0013958069349224722,0.0007518567395646173,0.0013958069352409002,FLOAT_OUTWARD,0.0,1.3251118952117835e-15,0.0006439501950394314,0.0006439501950394338,-0.0007518567398830544,0.0013958069349224859,0,0,1,0,4.339999577496201e-05,1.2999997125007212e-05,ANALYTIC,0.00010689999908208847,B,B,B,False,False,False,False,INDEPENDENT_ALREADY_DIRECTED,,,,,,
AP0,beijing,Dingling,fixed_panel,natural,8250,2014-02-07 18:00:00,2014Q1,beijing_2014-02-07T18:00:00,72,3,logistic,hist_gradient_boosting,97,168,4,1,0.008130435431847393,0.008774679828861194,0.008130435431827393,0.008774679828881185,0.008130435431847402,0.008774679828861194,0.008130435431528974,0.008774679829179621,FLOAT_OUTWARD,8.413408858487514e-16,0.0,0.0006442443970138007,0.0006442443970137946,-0.008130435431847393,0.008774679828861194,0,0,1,0,4.339999577496201e-05,1.2499993317760527e-05,ANALYTIC,0.00010550000297371298,B,B,B,False,False,False,False,INDEPENDENT_ALREADY_DIRECTED,,,,,,
AP0,beijing,Dingling,fixed_panel,natural,8418,2014-02-14 18:00:00,2014Q1,beijing_2014-02-14T18:00:00,72,3,constant,logistic,97,168,1,0,-0.02544378823699154,-0.02544378823699154,-0.02544378823701154,-0.02544378823697155,-0.025443788236991557,-0.025443788236991557,-0.025443788237309986,-0.025443788236673127,FLOAT_OUTWARD,0.0,1.6826817716975029e-15,0.0,0.0,0.02544378823699154,-0.02544378823699154,0,0,0,0,2.0000006770715117e-05,1.3600001693703234e-05,ANALYTIC,0.0001269999920623377,A,A,A,False,False,False,False,NO_AMBIGUOUS_LABELS,,,,,,
AP0,beijing,Dingling,fixed_panel,natural,8418,2014-02-14 18:00:00,2014Q1,beijing_2014-02-14T18:00:00,72,3,constant,hist_gradient_boosting,97,168,1,0,-0.045049058206165865,-0.045049058206165865,-0.04504905820618586,-0.045049058206145874,-0.045049058206165865,-0.045049058206165865,-0.04504905820648429,-0.04504905820584744,FLOAT_OUTWARD,0.0,0.0,0.0,0.0,0.045049058206165865,-0.045049058206165865,0,0,0,0,2.0000006770715117e-05,1.2199991033412516e-05,ANALYTIC,0.00010820000898092985,A,A,A,False,False,False,False,NO_AMBIGUOUS_LABELS,,,,,,
AP0,beijing,Dingling,fixed_panel,natural,8418,2014-02-14 18:00:00,2014Q1,beijing_2014-02-14T18:00:00,72,3,logistic,hist_gradient_boosting,97,168,1,0,-0.01960526996917432,-0.01960526996917432,-0.01960526996919432,-0.019605269969154317,-0.01960526996917431,-0.01960526996917431,-0.019605269969492738,-0.01960526996885588,FLOAT_OUTWARD,1.0096090630185017e-15,0.0,0.0,0.0,0.01960526996917432,-0.01960526996917432,0,0,0,0,2.0000006770715117e-05,1.1899988749064505e-05,ANALYTIC,9.709999721962959e-05,A,A,A,False,False,False,False,NO_AMBIGUOUS_LABELS,,,,,,
AP0,beijing,Dingling,fixed_panel,natural,8586,2014-02-21 18:00:00,2014Q1,beijing_2014-02-21T18:00:00,72,3,constant,logistic,97,168,23,0,0.0009275811279996422,0.0009275811279996422,0.0009275811279796457,0.0009275811280196421,0.000927581127999633,0.000927581127999633,0.0009275811276812051,0.000927581128318061,FLOAT_OUTWARD,0.0,8.83407930141189e-16,0.0,0.0,-0.0009275811279996422,0.0009275811279996422,0,0,0,0,1.820000761654228e-05,1.2900010915473104e-05,ANALYTIC,0.00012179999612271786,B,B,B,False,False,False,False,NO_AMBIGUOUS_LABELS,,,,,,
AP0,beijing,Dingling,fixed_panel,natural,8586,2014-02-21 18:00:00,2014Q1,beijing_2014-02-21T18:00:00,72,3,constant,hist_gradient_boosting,97,168,23,0,0.002582948448320774,0.002582948448320774,0.002582948448300774,0.002582948448340774,0.0025829484483208018,0.0025829484483208018,0.0025829484480023738,0.0025829484486392298,FLOAT_OUTWARD,2.6922908347160046e-15,0.0,0.0,0.0,-0.002582948448320774,0.002582948448320774,0,0,0,0,1.820000761654228e-05,1.6699996194802225e-05,ANALYTIC,9.99000039882958e-05,B,B,B,False,False,False,False,NO_AMBIGUOUS_LABELS,,,,,,
AP0,beijing,Dingling,fixed_panel,natural,8586,2014-02-21 18:00:00,2014Q1,beijing_2014-02-21T18:00:00,72,3,logistic,hist_gradient_boosting,97,168,23,0,0.0016553673203211273,0.0016553673203211273,0.0016553673203011285,0.0016553673203411274,0.0016553673203211251,0.0016553673203211251,0.0016553673200026971,0.0016553673206395531,FLOAT_OUTWARD,0.0,2.1033522146218786e-16,0.0,0.0,-0.0016553673203211273,0.0016553673203211273,0,0,0,0,1.820000761654228e-05,1.1199997970834374e-05,ANALYTIC,0.00010560000373516232,B,B,B,False,False,False,False,NO_AMBIGUOUS_LABELS,,,,,,
AP0,beijing,Dingling,full_station,natural,6570,2013-11-29 18:00:00,2013Q4,beijing_2013-11-29T18:00:00,24,3,constant,logistic,2167,2190,76,29,0.09100666113266491,0.09946202450242075,0.09100666113264491,0.09946202450244074,0.09100666113266494,0.09946202450242067,0.09100666112875472,0.09946202450633089,FLOAT_OUTWARD,6.014633235906786e-14,1.8043899707720357e-13,0.008455363369755844,0.008455363369755848,-0.09100666113266491,0.09946202450242075,0,462,45,226,0.00048129999777302146,0.005032000000937842,OPTIMAL_DUAL_OUTWARD,0.0003873999958159402,B,B,B,False,False,False,False,INDEPENDENT_ALREADY_DIRECTED,,,,,,
AP0,beijing,Dingling,full_station,natural,6570,2013-11-29 18:00:00,2013Q4,beijing_2013-11-29T18:00:00,24,3,constant,hist_gradient_boosting,2167,2190,76,29,0.07381874604927656,0.08098689698670086,0.07381874604925658,0.08098689698672086,0.0738187460492766,0.08098689698670082,0.07381874604536638,0.08098689699061104,FLOAT_OUTWARD,9.021949853860178e-14,9.021949853860178e-14,0.007168150937424303,0.0071681509374242934,-0.07381874604927656,0.08098689698670086,0,462,45,226,0.00048129999777302146,0.004424400001880713,OPTIMAL_DUAL_OUTWARD,0.0003831000067293644,B,B,B,False,False,False,False,INDEPENDENT_ALREADY_DIRECTED,,,,,,
AP0,beijing,Dingling,full_station,natural,6570,2013-11-29 18:00:00,2013Q4,beijing_2013-11-29T18:00:00,24,3,logistic,hist_gradient_boosting,2167,2190,76,29,-0.019248528889162474,-0.016414513709945736,-0.018475127515739886,-0.017187915083368328,-0.01847512751571989,-0.017187915083388346,-0.018475127519630114,-0.017187915079478124,FLOAT_OUTWARD,1.675960776250076,1.675960776250136,0.0028340151792167374,0.0028340151792167383,0.019248528889162474,-0.016414513709945736,1,462,45,226,0.00048129999777302146,0.004481800002395175,OPTIMAL_DUAL_OUTWARD,0.0003693000035127625,A,A,A,False,False,False,False,INDEPENDENT_ALREADY_DIRECTED,,,,,,
AP0,beijing,Dingling,full_station,natural,6570,2013-11-29 18:00:00,2013Q4,beijing_2013-11-29T18:00:00,72,3,constant,logistic,2119,2190,76,1,0.02229337359343914,0.022293387060919795,0.02229337359341914,0.022293387060939793,0.022293373593439053,0.02229338706091972,0.02229337358952883,0.02229338706482994,FLOAT_OUTWARD,0.0,1.6173867800617359e-13,1.346748065497727e-08,1.3467480657385744e-08,-0.02229337359343914,0.022293387060919795,0,0,1,0,6.0999998822808266e-05,2.169999061152339e-05,ANALYTIC,0.0005416999920271337,B,B,B,False,False,False,False,INDEPENDENT_ALREADY_DIRECTED,,,,,,
AP0,beijing,Dingling,full_station,natural,6570,2013-11-29 18:00:00,2013Q4,beijing_2013-11-29T18:00:00,72,3,constant,hist_gradient_boosting,2119,2190,76,1,-0.00438723086230486,-0.0043577531988226465,-0.00438723086232486,-0.004357753198802647,-0.0043872308623047465,-0.00435775319882252,-0.004387230866214968,-0.004357753194912299,FLOAT_OUTWARD,2.4077007748646295e-13,0.0,2.947766348221359e-05,2.9477663482220427e-05,0.00438723086230486,-0.0043577531988226465,0,0,1,0,6.0999998822808266e-05,2.02999945031479e-05,ANALYTIC,0.000517400010721758,A,A,A,False,False,False,False,INDEPENDENT_ALREADY_DIRECTED,,,,,,
AP0,beijing,Dingling,full_station,natural,6570,2013-11-29 18:00:00,2013Q4,beijing_2013-11-29T18:00:00,72,3,logistic,hist_gradient_boosting,2119,2190,76,1,-0.02668061792322466,-0.02665112679226178,-0.026680617923244655,-0.02665112679224178,-0.02668061792322466,-0.02665112679226178,-0.026680617927134883,-0.02665112678835156,FLOAT_OUTWARD,0.0,0.0,2.9491130962878975e-05,2.9491130962877813e-05,0.02668061792322466,-0.02665112679226178,0,0,1,0,6.0999998822808266e-05,1.9500002963468432e-05,ANALYTIC,0.0005149000062374398,A,A,A,False,False,False,False,INDEPENDENT_ALREADY_DIRECTED,,,,,,
AP0,beijing,Dongsi,fixed_panel,natural,6570,2013-11-29 18:00:00,2013Q4,beijing_2013-11-29T18:00:00,24,3,constant,logistic,145,168,0,0,0.008784555230441159,0.008784555230441159,0.008784555230421166,0.008784555230461158,0.008784555230441086,0.008784555230441086,0.008784555230122658,0.008784555230759513,FLOAT_OUTWARD,0.0,1.0564465968698755e-14,0.0,0.0,-0.008784555230441159,0.008784555230441159,0,0,0,0,2.4499997380189598e-05,1.4399993233382702e-05,ANALYTIC,0.00013050000416114926,B,B,B,False,False,False,False,NO_AMBIGUOUS_LABELS,,,,,,
AP0,beijing,Dongsi,fixed_panel,natural,6570,2013-11-29 18:00:00,2013Q4,beijing_2013-11-29T18:00:00,24,3,constant,hist_gradient_boosting,145,168,0,0,-0.0820173664985133,-0.0820173664985133,-0.08201736649853329,-0.0820173664984933,-0.08201736649851327,-0.08201736649851327,-0.08201736649883169,-0.08201736649819484,FLOAT_OUTWARD,4.0245584642661925e-15,0.0,0.0,0.0,0.0820173664985133,-0.0820173664985133,0,0,0,0,2.4499997380189598e-05,1.2299991794861853e-05,ANALYTIC,9.370000043418258e-05,A,A,A,False,False,False,False,NO_AMBIGUOUS_LABELS,,,,,,
AP0,beijing,Dongsi,fixed_panel,natural,6570,2013-11-29 18:00:00,2013Q4,beijing_2013-11-29T18:00:00,24,3,logistic,hist_gradient_boosting,145,168,0,0,-0.09080192172895447,-0.09080192172895447,-0.09080192172897446,-0.09080192172893448,-0.09080192172895447,-0.09080192172895447,-0.0908019217292729,-0.09080192172863605,FLOAT_OUTWARD,0.0,0.0,0.0,0.0,0.09080192172895447,-0.09080192172895447,0,0,0,0,2.4499997380189598e-05,1.1600001016631722e-05,ANALYTIC,8.38999985717237e-05,A,A,A,False,False,False,False,NO_AMBIGUOUS_LABELS,,,,,,
AP0,beijing,Dongsi,fixed_panel,natural,6738,2013-12-06 18:00:00,2013Q4,beijing_2013-12-06T18:00:00,24,3,constant,logistic,145,168,0,0,0.17699455862173707,0.17699455862173707,0.17699455862171706,0.1769945586217571,0.1769945586217371,0.1769945586217371,0.17699455862141866,0.17699455862205554,FLOAT_OUTWARD,4.0245584642661925e-15,0.0,0.0,0.0,-0.17699455862173707,0.17699455862173707,0,0,0,0,1.990000600926578e-05,1.3700002455152571e-05,ANALYTIC,0.00011249999806750566,B,B,B,False,False,False,False,NO_AMBIGUOUS_LABELS,,,,,,
AP0,beijing,Dongsi,fixed_panel,natural,6738,2013-12-06 18:00:00,2013Q4,beijing_2013-12-06T18:00:00,24,3,constant,hist_gradient_boosting,145,168,0,0,0.20176277204594678,0.20176277204594678,0.20176277204592677,0.2017627720459668,0.20176277204594678,0.20176277204594678,0.20176277204562834,0.20176277204626522,FLOAT_OUTWARD,0.0,0.0,0.0,0.0,-0.20176277204594678,0.20176277204594678,0,0,0,0,1.990000600926578e-05,1.2300006346777081e-05,ANALYTIC,9.919999865815043e-05,B,B,B,False,False,False,False,NO_AMBIGUOUS_LABELS,,,,,,
AP0,beijing,Dongsi,fixed_panel,natural,6738,2013-12-06 18:00:00,2013Q4,beijing_2013-12-06T18:00:00,24,3,logistic,hist_gradient_boosting,145,168,0,0,0.024768213424209724,0.024768213424209724,0.024768213424189722,0.024768213424229725,0.02476821342420973,0.02476821342420973,0.0247682134238913,0.02476821342452816,FLOAT_OUTWARD,1.0061396160665481e-15,0.0,0.0,0.0,-0.024768213424209724,0.024768213424209724,0,0,0,0,1.990000600926578e-05,1.200000406242907e-05,ANALYTIC,8.92000098247081e-05,B,B,B,False,False,False,False,NO_AMBIGUOUS_LABELS,,,,,,
AP0,beijing,Dongsi,fixed_panel,natural,6906,2013-12-13 18:00:00,2013Q4,beijing_2013-12-13T18:00:00,24,3,constant,logistic,145,168,1,0,-0.03369671570492796,-0.03369671570492796,-0.033696715704947956,-0.03369671570490799,-0.033696715704928056,-0.033696715704928056,-0.03369671570524648,-0.03369671570460963,FLOAT_OUTWARD,0.0,1.4085954624931674e-14,0.0,0.0,0.03369671570492796,-0.03369671570492796,0,0,0,0,1.930000144056976e-05,1.3900003978051245e-05,ANALYTIC,0.00011280000035185367,A,A,A,False,False,False,False,NO_AMBIGUOUS_LABELS,,,,,,
AP0,beijing,Dongsi,fixed_panel,natural,6906,2013-12-13 18:00:00,2013Q4,beijing_2013-12-13T18:00:00,24,3,constant,hist_gradient_boosting,145,168,1,0,-0.10815831483758585,-0.10815831483758585,-0.10815831483760584,-0.10815831483756586,-0.1081583148375858,-0.1081583148375858,-0.10815831483790422,-0.10815831483726737,FLOAT_OUTWARD,8.049116928532385e-15,0.0,0.0,0.0,0.10815831483758585,-0.10815831483758585,0,0,0,0,1.930000144056976e-05,1.2499993317760527e-05,ANALYTIC,9.099999442696571e-05,A,A,A,False,False,False,False,NO_AMBIGUOUS_LABELS,,,,,,
AP0,beijing,Dongsi,fixed_panel,natural,6906,2013-12-13 18:00:00,2013Q4,beijing_2013-12-13T18:00:00,24,3,logistic,hist_gradient_boosting,145,168,1,0,-0.07446159913265785,-0.07446159913265785,-0.07446159913267784,-0.07446159913263785,-0.07446159913265775,-0.07446159913265775,-0.07446159913297618,-0.07446159913233932,FLOAT_OUTWARD,1.4085954624931674e-14,0.0,0.0,0.0,0.07446159913265785,-0.07446159913265785,0,0,0,0,1.930000144056976e-05,1.2400007108226418e-05,ANALYTIC,8.379999781027436e-05,A,A,A,False,False,False,False,NO_AMBIGUOUS_LABELS,,,,,,
AP0,beijing,Dongsi,fixed_panel,natural,7074,2013-12-20 18:00:00,2013Q4,beijing_2013-12-20T18:00:00,24,3,constant,logistic,145,168,0,0,0.10328052380619065,0.10328052380619065,0.10328052380617068,0.10328052380621065,0.10328052380619071,0.10328052380619071,0.10328052380587228,0.10328052380650914,FLOAT_OUTWARD,8.049116928532385e-15,0.0,0.0,0.0,-0.10328052380619065,0.10328052380619065,0,0,0,0,1.85999961104244e-05,1.3299999409355223e-05,ANALYTIC,0.00010820000898092985,B,B,B,False,False,False,False,NO_AMBIGUOUS_LABELS,,,,,,
AP0,beijing,Dongsi,fixed_panel,natural,7074,2013-12-20 18:00:00,2013Q4,beijing_2013-12-20T18:00:00,24,3,constant,hist_gradient_boosting,145,168,0,0,0.05880337360075025,0.05880337360075025,0.05880337360073027,0.058803373600770245,0.0588033736007501,0.0588033736007501,0.058803373600431676,0.05880337360106853,FLOAT_OUTWARD,0.0,2.112893193739751e-14,0.0,0.0,-0.05880337360075025,0.05880337360075025,0,0,0,0,1.85999961104244e-05,1.2200005585327744e-05,ANALYTIC,8.660000457894057e-05,B,B,B,False,False,False,False,NO_AMBIGUOUS_LABELS,,,,,,
AP0,beijing,Dongsi,fixed_panel,natural,7074,2013-12-20 18:00:00,2013Q4,beijing_2013-12-20T18:00:00,24,3,logistic,hist_gradient_boosting,145,168,0,0,-0.044477150205440415,-0.044477150205440415,-0.04447715020546041,-0.04447715020542042,-0.044477150205440394,-0.044477150205440394,-0.04447715020575882,-0.04447715020512197,FLOAT_OUTWARD,3.0184188481996443e-15,0.0,0.0,0.0,0.044477150205440415,-0.044477150205440415,0,0,0,0,1.85999961104244e-05,1.1799987987615168e-05,ANALYTIC,8.13999940874055e-05,A,A,A,False,False,False,False,NO_AMBIGUOUS_LABELS,,,,,,
AP0,beijing,Dongsi,fixed_panel,natural,7242,2013-12-27 18:00:00,2013Q4,beijing_2013-12-27T18:00:00,24,3,constant,logistic,145,168,0,0,0.021268120224149308,0.021268120224149308,0.021268120224129307,0.021268120224169303,0.021268120224149308,0.021268120224149308,0.02126812022383088,0.021268120224467738,FLOAT_OUTWARD,0.0,0.0,0.0,0.0,-0.021268120224149308,0.021268120224149308,0,0,0,0,1.789999078027904e-05,1.3199998647905886e-05,ANALYTIC,0.00011670000094454736,B,B,B,False,False,False,False,NO_AMBIGUOUS_LABELS,,,,,,
AP0,beijing,Dongsi,fixed_panel,natural,7242,2013-12-27 18:00:00,2013Q4,beijing_2013-12-27T18:00:00,24,3,constant,hist_gradient_boosting,145,168,0,0,0.0340357746633212,0.0340357746633212,0.03403577466330121,0.0340357746633412,0.03403577466332121,0.03403577466332121,0.03403577466300278,0.034035774663639634,FLOAT_OUTWARD,1.0061396160665481e-15,0.0,0.0,0.0,-0.0340357746633212,0.0340357746633212,0,0,0,0,1.789999078027904e-05,1.2199991033412516e-05,ANALYTIC,8.769999840296805e-05,B,B,B,False,False,False,False,NO_AMBIGUOUS_LABELS,,,,,,
AP0,beijing,Dongsi,fixed_panel,natural,7242,2013-12-27 18:00:00,2013Q4,beijing_2013-12-27T18:00:00,24,3,logistic,hist_gradient_boosting,145,168,0,0,0.01276765443917191,0.01276765443917191,0.01276765443915191,0.012767654439191905,0.01276765443917191,0.01276765443917191,0.012767654438853483,0.012767654439490338,FLOAT_OUTWARD,0.0,0.0,0.0,0.0,-0.01276765443917191,0.01276765443917191,0,0,0,0,1.789999078027904e-05,1.170000177808106e-05,ANALYTIC,8.110000635497272e-05,B,B,B,False,False,False,False,NO_AMBIGUOUS_LABELS,,,,,,
AP0,beijing,Dongsi,fixed_panel,natural,7410,2014-01-03 18:00:00,2014Q1,beijing_2014-01-03T18:00:00,24,3,constant,logistic,145,168,0,0,0.1632578651020546,0.1632578651020546,0.1632578651020346,0.1632578651020746,0.16325786510205464,0.16325786510205464,0.1632578651017362,0.16325786510237308,FLOAT_OUTWARD,8.049116928532385e-15,0.0,0.0,0.0,-0.1632578651020546,0.1632578651020546,0,0,0,0,1.9099999917671084e-05,1.3600001693703234e-05,ANALYTIC,0.0001103000104194507,B,B,B,False,False,False,False,NO_AMBIGUOUS_LABELS,,,,,,
AP0,beijing,Dongsi,fixed_panel,natural,7410,2014-01-03 18:00:00,2014Q1,beijing_2014-01-03T18:00:00,24,3,constant,hist_gradient_boosting,145,168,0,0,0.14933302745045512,0.14933302745045512,0.14933302745043514,0.14933302745047514,0.1493330274504552,0.1493330274504552,0.14933302745013677,0.14933302745077365,FLOAT_OUTWARD,1.2073675392798577e-14,0.0,0.0,0.0,-0.14933302745045512,0.14933302745045512,0,0,0,0,1.9099999917671084e-05,1.2999997125007212e-05,ANALYTIC,9.610000415705144e-05,B,B,B,False,False,False,False,NO_AMBIGUOUS_LABELS,,,,,,
AP0,beijing,Dongsi,fixed_panel,natural,7410,2014-01-03 18:00:00,2014Q1,beijing_2014-01-03T18:00:00,24,3,logistic,hist_gradient_boosting,145,168,0,0,-0.013924837651599485,-0.013924837651599485,-0.013924837651619485,-0.013924837651579489,-0.013924837651599473,-0.013924837651599473,-0.0139248376519179,-0.013924837651281045,FLOAT_OUTWARD,1.7607443281164592e-15,0.0,0.0,0.0,0.013924837651599485,-0.013924837651599485,0,0,0,0,1.9099999917671084e-05,1.2100004823878407e-05,ANALYTIC,8.709999383427203e-05,A,A,A,False,False,False,False,NO_AMBIGUOUS_LABELS,,,,,,
AP0,beijing,Dongsi,fixed_panel,natural,7578,2014-01-10 18:00:00,2014Q1,beijing_2014-01-10T18:00:00,24,3,constant,logistic,145,168,2,0,0.04952472474027048,0.04952472474027048,0.049524724740250485,0.049524724740290405,0.04952472474027034,0.04952472474027034,0.04952472473995191,0.04952472474058876,FLOAT_OUTWARD,0.0,2.112893193739751e-14,0.0,0.0,-0.04952472474027048,0.04952472474027048,0,0,0,0,2.0699997548945248e-05,1.3700002455152571e-05,ANALYTIC,0.00011489998723845929,B,B,B,False,False,False,False,NO_AMBIGUOUS_LABELS,,,,,,
AP0,beijing,Dongsi,fixed_panel,natural,7578,2014-01-10 18:00:00,2014Q1,beijing_2014-01-10T18:00:00,24,3,constant,hist_gradient_boosting,145,168,2,0,0.01887690187988178,0.01887690187988178,0.018876901879861806,0.01887690187990178,0.018876901879881877,0.018876901879881877,0.018876901879563448,0.018876901880200306,FLOAT_OUTWARD,1.4085954624931674e-14,0.0,0.0,0.0,-0.01887690187988178,0.01887690187988178,0,0,0,0,2.0699997548945248e-05,1.2499993317760527e-05,ANALYTIC,9.190000128000975e-05,B,B,B,False,False,False,False,NO_AMBIGUOUS_LABELS,,,,,,
AP0,beijing,Dongsi,fixed_panel,natural,7578,2014-01-10 18:00:00,2014Q1,beijing_2014-01-10T18:00:00,24,3,logistic,hist_gradient_boosting,145,168,2,0,-0.030647822860388606,-0.030647822860388606,-0.0306478228604086,-0.030647822860368604,-0.030647822860388592,-0.030647822860388592,-0.03064782286070702,-0.030647822860070163,FLOAT_OUTWARD,2.0122792321330962e-15,0.0,0.0,0.0,0.030647822860388606,-0.030647822860388606,0,0,0,0,2.0699997548945248e-05,1.2200005585327744e-05,ANALYTIC,8.379999781027436e-05,A,A,A,False,False,False,False,NO_AMBIGUOUS_LABELS,,,,,,
AP0,beijing,Dongsi,fixed_panel,natural,7746,2014-01-17 18:00:00,2014Q1,beijing_2014-01-17T18:00:00,24,3,constant,logistic,145,168,2,0,0.05100759306828218,0.05100759306828218,0.051007593068262205,0.05100759306830218,0.05100759306828223,0.05100759306828223,0.051007593067963805,0.05100759306860066,FLOAT_OUTWARD,7.042977312465837e-15,0.0,0.0,0.0,-0.05100759306828218,0.05100759306828218,0,0,0,0,1.920000067912042e-05,1.340000017080456e-05,ANALYTIC,0.00011049999739043415,B,B,B,False,False,False,False,NO_AMBIGUOUS_LABELS,,,,,,
AP0,beijing,Dongsi,fixed_panel,natural,7746,2014-01-17 18:00:00,2014Q1,beijing_2014-01-17T18:00:00,24,3,constant,hist_gradient_boosting,145,168,2,0,-0.04603233895129724,-0.04603233895129724,-0.04603233895131724,-0.046032338951277244,-0.04603233895129719,-0.04603233895129719,-0.04603233895161562,-0.04603233895097877,FLOAT_OUTWARD,7.042977312465837e-15,0.0,0.0,0.0,0.04603233895129724,-0.04603233895129724,0,0,0,0,1.920000067912042e-05,1.2100004823878407e-05,ANALYTIC,8.739999611862004e-05,A,A,A,False,False,False,False,NO_AMBIGUOUS_LABELS,,,,,,
AP0,beijing,Dongsi,fixed_panel,natural,7746,2014-01-17 18:00:00,2014Q1,beijing_2014-01-17T18:00:00,24,3,logistic,hist_gradient_boosting,145,168,2,0,-0.09703993201957944,-0.09703993201957944,-0.09703993201959944,-0.09703993201955945,-0.09703993201957925,-0.09703993201957925,-0.09703993201989768,-0.09703993201926082,FLOAT_OUTWARD,2.8171909249863347e-14,0.0,0.0,0.0,0.09703993201957944,-0.09703993201957944,0,0,0,0,1.920000067912042e-05,1.1600001016631722e-05,ANALYTIC,8.099999104160815e-05,A,A,A,False,False,False,False,NO_AMBIGUOUS_LABELS,,,,,,
AP0,beijing,Dongsi,fixed_panel,natural,7914,2014-01-24 18:00:00,2014Q1,beijing_2014-01-24T18:00:00,24,3,constant,logistic,145,168,6,23,-0.00017103771824550248,0.09004796868227259,-0.000171037718265478,0.09004796868229259,-0.00017103771824544123,0.09004796868227256,-0.00017103771856386918,0.09004796868259099,FLOAT_OUTWARD,8.882326298087495e-15,4.0245584642661925e-15,0.0902190064005181,0.09021900640051807,0.00017103771824550248,0.09004796868227259,0,462,45,226,0.0005075999943073839,2.4199995095841587e-05,ANALYTIC,0.00011560000712051988,OPPOSITE_POSSIBLE,OPPOSITE_POSSIBLE,OPPOSITE_POSSIBLE,True,False,False,False,JOINT_OPPOSITE_POSSIBLE,,,,,,
AP0,beijing,Dongsi,fixed_panel,natural,7914,2014-01-24 18:00:00,2014Q1,beijing_2014-01-24T18:00:00,24,3,constant,hist_gradient_boosting,145,168,6,23,0.01767882513055663,0.08160523645431136,0.02066356981231488,0.07840274681515862,0.020663569812334914,0.07840274681513856,0.020663569812016485,0.07840274681545699,FLOAT_OUTWARD,0.4327879788578512,0.4643609976800561,0.06392641132375473,0.06392641132375472,-0.01767882513055663,0.08160523645431136,1,462,45,226,0.0005075999943073839,0.005079099995782599,OPTIMAL_DUAL_OUTWARD,9.519999730400741e-05,B,B,B,False,False,False,False,INDEPENDENT_ALREADY_DIRECTED,,,,,,
AP0,beijing,Dongsi,fixed_panel,natural,7914,2014-01-24 18:00:00,2014Q1,beijing_2014-01-24T18:00:00,24,3,logistic,hist_gradient_boosting,145,168,6,23,-0.012395491536579047,0.021802622157419942,-0.011645221867153988,0.02105235248799489,-0.01164522186713399,0.021052352487974886,-0.011645221867452418,0.021052352488293315,FLOAT_OUTWARD,0.10878910206953316,0.10878910206953316,0.034198113693998985,0.03419811369399898,0.012395491536579047,0.021802622157419942,1,462,45,226,0.0005075999943073839,0.0045627000072272494,OPTIMAL_DUAL_OUTWARD,0.00010869999823626131,OPPOSITE_POSSIBLE,OPPOSITE_POSSIBLE,OPPOSITE_POSSIBLE,True,False,False,False,JOINT_OPPOSITE_POSSIBLE,,,,,,
AP0,beijing,Dongsi,fixed_panel,natural,8082,2014-01-31 18:00:00,2014Q1,beijing_2014-01-31T18:00:00,24,3,constant,logistic,145,168,0,0,0.07987616179801596,0.07987616179801596,0.07987616179799598,0.07987616179803596,0.0798761617980159,0.0798761617980159,0.07987616179769748,0.07987616179833433,FLOAT_OUTWARD,0.0,8.049116928532385e-15,0.0,0.0,-0.07987616179801596,0.07987616179801596,0,0,0,0,2.3600005079060793e-05,1.4300007023848593e-05,ANALYTIC,0.00014930000179447234,B,B,B,False,False,False,False,NO_AMBIGUOUS_LABELS,,,,,,
AP0,beijing,Dongsi,fixed_panel,natural,8082,2014-01-31 18:00:00,2014Q1,beijing_2014-01-31T18:00:00,24,3,constant,hist_gradient_boosting,145,168,0,0,0.08350317540840055,0.08350317540840055,0.08350317540838055,0.08350317540842055,0.08350317540840052,0.08350317540840052,0.0835031754080821,0.08350317540871895,FLOAT_OUTWARD,0.0,4.0245584642661925e-15,0.0,0.0,-0.08350317540840055,0.08350317540840055,0,0,0,0,2.3600005079060793e-05,1.2600008631125093e-05,ANALYTIC,9.40000027185306e-05,B,B,B,False,False,False,False,NO_AMBIGUOUS_LABELS,,,,,,
AP0,beijing,Dongsi,fixed_panel,natural,8082,2014-01-31 18:00:00,2014Q1,beijing_2014-01-31T18:00:00,24,3,logistic,hist_gradient_boosting,145,168,0,0,0.003627013610384589,0.003627013610384589,0.003627013610364589,0.003627013610404589,0.003627013610384589,0.003627013610384589,0.003627013610066161,0.003627013610703017,FLOAT_OUTWARD,0.0,0.0,0.0,0.0,-0.003627013610384589,0.003627013610384589,0,0,0,0,2.3600005079060793e-05,1.1800002539530396e-05,ANALYTIC,8.489999163430184e-05,B,B,B,False,False,False,False,NO_AMBIGUOUS_LABELS,,,,,,
AP0,beijing,Dongsi,fixed_panel,natural,8250,2014-02-07 18:00:00,2014Q1,beijing_2014-02-07T18:00:00,24,3,constant,logistic,145,168,3,0,0.09622477769509417,0.09622477769509417,0.09622477769507419,0.09622477769511417,0.09622477769509422,0.09622477769509422,0.09622477769477579,0.09622477769541264,FLOAT_OUTWARD,6.036837696399289e-15,0.0,0.0,0.0,-0.09622477769509417,0.09622477769509417,0,0,0,0,1.9699989934451878e-05,1.4000004739500582e-05,ANALYTIC,0.00011550000635907054,B,B,B,False,False,False,False,NO_AMBIGUOUS_LABELS,,,,,,
AP0,beijing,Dongsi,fixed_panel,natural,8250,2014-02-07 18:00:00,2014Q1,beijing_2014-02-07T18:00:00,24,3,constant,hist_gradient_boosting,145,168,3,0,0.1027493754024653,0.1027493754024653,0.1027493754024453,0.10274937540248529,0.10274937540246529,0.10274937540246529,0.10274937540214686,0.10274937540278371,FLOAT_OUTWARD,0.0,2.0122792321330962e-15,0.0,0.0,-0.1027493754024653,0.1027493754024653,0,0,0,0,1.9699989934451878e-05,1.2600008631125093e-05,ANALYTIC,9.100000897888094e-05,B,B,B,False,False,False,False,NO_AMBIGUOUS_LABELS,,,,,,
AP0,beijing,Dongsi,fixed_panel,natural,8250,2014-02-07 18:00:00,2014Q1,beijing_2014-02-07T18:00:00,24,3,logistic,hist_gradient_boosting,145,168,3,0,0.0065245977073711105,0.0065245977073711105,0.006524597707351111,0.006524597707391097,0.0065245977073711105,0.0065245977073711105,0.006524597707052683,0.006524597707689538,FLOAT_OUTWARD,0.0,0.0,0.0,0.0,-0.0065245977073711105,0.0065245977073711105,0,0,0,0,1.9699989934451878e-05,1.1999989510513842e-05,ANALYTIC,8.499999239575118e-05,B,B,B,False,False,False,False,NO_AMBIGUOUS_LABELS,,,,,,
AP0,beijing,Dongsi,fixed_panel,natural,8418,2014-02-14 18:00:00,2014Q1,beijing_2014-02-14T18:00:00,24,3,constant,logistic,145,168,1,0,-0.04928995078247169,-0.04928995078247169,-0.049289950782491675,-0.04928995078245169,-0.04928995078247169,-0.04928995078247169,-0.049289950782790116,-0.049289950782153265,FLOAT_OUTWARD,0.0,0.0,0.0,0.0,0.04928995078247169,-0.04928995078247169,0,0,0,0,1.889999839477241e-05,1.7400001524947584e-05,ANALYTIC,0.00010900000052060932,A,A,A,False,False,False,False,NO_AMBIGUOUS_LABELS,,,,,,
AP0,beijing,Dongsi,fixed_panel,natural,8418,2014-02-14 18:00:00,2014Q1,beijing_2014-02-14T18:00:00,24,3,constant,hist_gradient_boosting,145,168,1,0,-0.15527414219448435,-0.15527414219448435,-0.15527414219450436,-0.1552741421944644,-0.15527414219448446,-0.15527414219448446,-0.1552741421948029,-0.15527414219416602,FLOAT_OUTWARD,0.0,1.609823385706477e-14,0.0,0.0,0.15527414219448435,-0.15527414219448435,0,0,0,0,1.889999839477241e-05,2.9400005587376654e-05,ANALYTIC,9.779998799785972e-05,A,A,A,False,False,False,False,NO_AMBIGUOUS_LABELS,,,,,,
AP0,beijing,Dongsi,fixed_panel,natural,8418,2014-02-14 18:00:00,2014Q1,beijing_2014-02-14T18:00:00,24,3,logistic,hist_gradient_boosting,145,168,1,0,-0.10598419141201276,-0.10598419141201276,-0.1059841914120327,-0.10598419141199276,-0.10598419141201271,-0.10598419141201271,-0.10598419141233113,-0.10598419141169428,FLOAT_OUTWARD,8.049116928532385e-15,0.0,0.0,0.0,0.10598419141201276,-0.10598419141201276,0,0,0,0,1.889999839477241e-05,1.340000017080456e-05,ANALYTIC,0.00010979999206028879,A,A,A,False,False,False,False,NO_AMBIGUOUS_LABELS,,,,,,
AP0,beijing,Dongsi,fixed_panel,natural,8586,2014-02-21 18:00:00,2014Q1,beijing_2014-02-21T18:00:00,24,3,constant,logistic,145,168,17,0,0.12081030916190064,0.12081030916190064,0.12081030916188064,0.12081030916192055,0.12081030916190033,0.12081030916190033,0.1208103091615819,0.12081030916221876,FLOAT_OUTWARD,0.0,4.427014310692812e-14,0.0,0.0,-0.12081030916190064,0.12081030916190064,0,0,0,0,2.0099992980249226e-05,1.3900003978051245e-05,ANALYTIC,0.00011760000779759139,B,B,B,False,False,False,False,NO_AMBIGUOUS_LABELS,,,,,,
AP0,beijing,Dongsi,fixed_panel,natural,8586,2014-02-21 18:00:00,2014Q1,beijing_2014-02-21T18:00:00,24,3,constant,hist_gradient_boosting,145,168,17,0,0.09795214337582145,0.09795214337582145,0.09795214337580145,0.09795214337584142,0.09795214337582135,0.09795214337582135,0.09795214337550293,0.09795214337613978,FLOAT_OUTWARD,0.0,1.4085954624931674e-14,0.0,0.0,-0.09795214337582145,0.09795214337582145,0,0,0,0,2.0099992980249226e-05,1.3499986380338669e-05,ANALYTIC,9.560000034980476e-05,B,B,B,False,False,False,False,NO_AMBIGUOUS_LABELS,,,,,,
AP0,beijing,Dongsi,fixed_panel,natural,8586,2014-02-21 18:00:00,2014Q1,beijing_2014-02-21T18:00:00,24,3,logistic,hist_gradient_boosting,145,168,17,0,-0.02285816578607916,-0.02285816578607916,-0.02285816578609914,-0.02285816578605916,-0.022858165786079108,-0.022858165786079108,-0.022858165786397537,-0.02285816578576068,FLOAT_OUTWARD,7.546047120499111e-15,0.0,0.0,0.0,0.02285816578607916,-0.02285816578607916,0,0,0,0,2.0099992980249226e-05,1.2400007108226418e-05,ANALYTIC,8.739999611862004e-05,A,A,A,False,False,False,False,NO_AMBIGUOUS_LABELS,,,,,,
AP0,beijing,Dongsi,fixed_panel,natural,6570,2013-11-29 18:00:00,2013Q4,beijing_2013-11-29T18:00:00,72,3,constant,logistic,97,168,0,0,0.002489176233038268,0.002489176233038268,0.0024891762330182714,0.002489176233058268,0.0024891762330382958,0.0024891762330382958,0.0024891762327198677,0.0024891762333567238,FLOAT_OUTWARD,2.6922908347160046e-15,0.0,0.0,0.0,-0.002489176233038268,0.002489176233038268,0,0,0,0,2.4900000425986946e-05,1.3999990187585354e-05,ANALYTIC,0.00014659999578725547,B,B,B,False,False,False,False,NO_AMBIGUOUS_LABELS,,,,,,
AP0,beijing,Dongsi,fixed_panel,natural,6570,2013-11-29 18:00:00,2013Q4,beijing_2013-11-29T18:00:00,72,3,constant,hist_gradient_boosting,97,168,0,0,-0.0802609724890161,-0.0802609724890161,-0.08026097248903609,-0.08026097248899611,-0.08026097248901612,-0.08026097248901612,-0.08026097248933454,-0.0802609724886977,FLOAT_OUTWARD,0.0,1.3461454173580023e-15,0.0,0.0,0.0802609724890161,-0.0802609724890161,0,0,0,0,2.4900000425986946e-05,1.200000406242907e-05,ANALYTIC,0.0001109000004362315,A,A,A,False,False,False,False,NO_AMBIGUOUS_LABELS,,,,,,
AP0,beijing,Dongsi,fixed_panel,natural,6570,2013-11-29 18:00:00,2013Q4,beijing_2013-11-29T18:00:00,72,3,logistic,hist_gradient_boosting,97,168,0,0,-0.08275014872205434,-0.08275014872205434,-0.08275014872207434,-0.08275014872203436,-0.08275014872205438,-0.08275014872205438,-0.08275014872237281,-0.08275014872173596,FLOAT_OUTWARD,0.0,4.038436252074007e-15,0.0,0.0,0.08275014872205434,-0.08275014872205434,0,0,0,0,2.4900000425986946e-05,1.1900003300979733e-05,ANALYTIC,0.0001002000062726438,A,A,A,False,False,False,False,NO_AMBIGUOUS_LABELS,,,,,,
AP0,beijing,Dongsi,fixed_panel,natural,6738,2013-12-06 18:00:00,2013Q4,beijing_2013-12-06T18:00:00,72,3,constant,logistic,97,168,0,0,0.08308157403232358,0.08308157403232358,0.08308157403230358,0.08308157403234356,0.08308157403232358,0.08308157403232358,0.08308157403200515,0.083081574032642,FLOAT_OUTWARD,0.0,0.0,0.0,0.0,-0.08308157403232358,0.08308157403232358,0,0,0,0,2.0100007532164454e-05,4.539999645203352e-05,ANALYTIC,0.00013059999037068337,B,B,B,False,False,False,False,NO_AMBIGUOUS_LABELS,,,,,,
AP0,beijing,Dongsi,fixed_panel,natural,6738,2013-12-06 18:00:00,2013Q4,beijing_2013-12-06T18:00:00,72,3,constant,hist_gradient_boosting,97,168,0,0,0.0014116324046965145,0.0014116324046965145,0.0014116324046765144,0.0014116324047165135,0.0014116324046964963,0.0014116324046964963,0.0014116324043780683,0.0014116324050149243,FLOAT_OUTWARD,0.0,1.766815860282378e-15,0.0,0.0,-0.0014116324046965145,0.0014116324046965145,0,0,0,0,2.0100007532164454e-05,1.3900003978051245e-05,ANALYTIC,0.00013190000026952475,B,B,B,False,False,False,False,NO_AMBIGUOUS_LABELS,,,,,,
AP0,beijing,Dongsi,fixed_panel,natural,6738,2013-12-06 18:00:00,2013Q4,beijing_2013-12-06T18:00:00,72,3,logistic,hist_gradient_boosting,97,168,0,0,-0.08166994162762707,-0.08166994162762707,-0.08166994162764707,-0.08166994162760707,-0.08166994162762707,-0.08166994162762707,-0.0816699416279455,-0.08166994162730865,FLOAT_OUTWARD,0.0,0.0,0.0,0.0,0.08166994162762707,-0.08166994162762707,0,0,0,0,2.0100007532164454e-05,1.2300006346777081e-05,ANALYTIC,0.00011149999045301229,A,A,A,False,False,False,False,NO_AMBIGUOUS_LABELS,,,,,,
AP0,beijing,Dongsi,fixed_panel,natural,6906,2013-12-13 18:00:00,2013Q4,beijing_2013-12-13T18:00:00,72,3,constant,logistic,97,168,1,0,0.0028632496019597563,0.0028632496019597563,0.0028632496019397563,0.0028632496019797187,0.0028632496019597017,0.0028632496019597017,0.0028632496016412737,0.0028632496022781297,FLOAT_OUTWARD,0.0,5.300447580847134e-15,0.0,0.0,-0.0028632496019597563,0.0028632496019597563,0,0,0,0,2.059999678749591e-05,1.2999997125007212e-05,ANALYTIC,0.00012830000196117908,B,B,B,False,False,False,False,NO_AMBIGUOUS_LABELS,,,,,,
AP0,beijing,Dongsi,fixed_panel,natural,6906,2013-12-13 18:00:00,2013Q4,beijing_2013-12-13T18:00:00,72,3,constant,hist_gradient_boosting,97,168,1,0,0.0008676510440100169,0.0008676510440100169,0.0008676510439900227,0.0008676510440300168,0.0008676510440100444,0.0008676510440100444,0.0008676510436916165,0.0008676510443284723,FLOAT_OUTWARD,2.671257312569786e-15,0.0,0.0,0.0,-0.0008676510440100169,0.0008676510440100169,0,0,0,0,2.059999678749591e-05,1.2199991033412516e-05,ANALYTIC,0.00011510000331327319,B,B,B,False,False,False,False,NO_AMBIGUOUS_LABELS,,,,,,
AP0,beijing,Dongsi,fixed_panel,natural,6906,2013-12-13 18:00:00,2013Q4,beijing_2013-12-13T18:00:00,72,3,logistic,hist_gradient_boosting,97,168,1,0,-0.0019955985579496985,-0.0019955985579496985,-0.001995598557969696,-0.0019955985579296984,-0.0019955985579496937,-0.0019955985579496937,-0.0019955985582681217,-0.0019955985576312657,FLOAT_OUTWARD,4.627374872168133e-16,0.0,0.0,0.0,0.0019955985579496985,-0.0019955985579496985,0,0,0,0,2.059999678749591e-05,1.1299998732283711e-05,ANALYTIC,9.73999995039776e-05,A,A,A,False,False,False,False,NO_AMBIGUOUS_LABELS,,,,,,
AP0,beijing,Dongsi,fixed_panel,natural,7074,2013-12-20 18:00:00,2013Q4,beijing_2013-12-20T18:00:00,72,3,constant,logistic,97,168,0,0,0.003558803027382748,0.003558803027382748,0.003558803027362748,0.0035588030274027356,0.003558803027382748,0.003558803027382748,0.00355880302706432,0.003558803027701176,FLOAT_OUTWARD,0.0,0.0,0.0,0.0,-0.003558803027382748,0.003558803027382748,0,0,0,0,2.9600007110275328e-05,1.340000017080456e-05,ANALYTIC,0.00012879999121651053,B,B,B,False,False,False,False,NO_AMBIGUOUS_LABELS,,,,,,
AP0,beijing,Dongsi,fixed_panel,natural,7074,2013-12-20 18:00:00,2013Q4,beijing_2013-12-20T18:00:00,72,3,constant,hist_gradient_boosting,97,168,0,0,0.0035647441707362328,0.0035647441707362328,0.0035647441707162327,0.003564744170756233,0.0035647441707361777,0.0035647441707361777,0.0035647441704177497,0.0035647441710546057,FLOAT_OUTWARD,0.0,5.342514625139572e-15,0.0,0.0,-0.0035647441707362328,0.0035647441707362328,0,0,0,0,2.9600007110275328e-05,1.2100004823878407e-05,ANALYTIC,0.00010340000153519213,B,B,B,False,False,False,False,NO_AMBIGUOUS_LABELS,,,,,,
AP0,beijing,Dongsi,fixed_panel,natural,7074,2013-12-20 18:00:00,2013Q4,beijing_2013-12-20T18:00:00,72,3,logistic,hist_gradient_boosting,97,168,0,0,5.9411433534970286e-06,5.9411433534970286e-06,5.941143333497029e-06,5.941143373497028e-06,5.9411433534970286e-06,5.9411433534970286e-06,5.94114303506908e-06,5.941143671924977e-06,FLOAT_OUTWARD,0.0,0.0,0.0,0.0,-5.9411433534970286e-06,5.9411433534970286e-06,0,0,0,0,2.9600007110275328e-05,1.2100004823878407e-05,ANALYTIC,0.0001863000070443377,B,B,B,False,False,False,False,NO_AMBIGUOUS_LABELS,,,,,,
AP0,beijing,Dongsi,fixed_panel,natural,7242,2013-12-27 18:00:00,2013Q4,beijing_2013-12-27T18:00:00,72,3,constant,logistic,97,168,0,0,0.0015889360203398583,0.0015889360203398583,0.0015889360203198582,0.0015889360203598549,0.0015889360203398583,0.0015889360203398583,0.0015889360200214303,0.0015889360206582863,FLOAT_OUTWARD,0.0,0.0,0.0,0.0,-0.0015889360203398583,0.0015889360203398583,0,0,0,0,2.0500010577961802e-05,1.3499986380338669e-05,ANALYTIC,0.00013469999248627573,B,B,B,False,False,False,False,NO_AMBIGUOUS_LABELS,,,,,,
AP0,beijing,Dongsi,fixed_panel,natural,7242,2013-12-27 18:00:00,2013Q4,beijing_2013-12-27T18:00:00,72,3,constant,hist_gradient_boosting,97,168,0,0,-0.01085888456235577,-0.01085888456235577,-0.01085888456237577,-0.010858884562335771,-0.010858884562355769,-0.010858884562355769,-0.010858884562674196,-0.010858884562037341,FLOAT_OUTWARD,1.682681771697503e-16,0.0,0.0,0.0,0.01085888456235577,-0.01085888456235577,0,0,0,0,2.0500010577961802e-05,1.1800002539530396e-05,ANALYTIC,0.00010239999392069876,A,A,A,False,False,False,False,NO_AMBIGUOUS_LABELS,,,,,,
AP0,beijing,Dongsi,fixed_panel,natural,7242,2013-12-27 18:00:00,2013Q4,beijing_2013-12-27T18:00:00,72,3,logistic,hist_gradient_boosting,97,168,0,0,-0.012447820582695633,-0.012447820582695633,-0.012447820582715624,-0.012447820582675634,-0.012447820582695616,-0.012447820582695616,-0.012447820583014043,-0.012447820582377188,FLOAT_OUTWARD,1.6826817716975029e-15,0.0,0.0,0.0,0.012447820582695633,-0.012447820582695633,0,0,0,0,2.0500010577961802e-05,1.239999255631119e-05,ANALYTIC,0.00012159999459981918,A,A,A,False,False,False,False,NO_AMBIGUOUS_LABELS,,,,,,
AP0,beijing,Dongsi,fixed_panel,natural,7410,2014-01-03 18:00:00,2014Q1,beijing_2014-01-03T18:00:00,72,3,constant,logistic,97,168,0,0,0.02235343410455226,0.02235343410455226,0.022353434104532267,0.022353434104572262,0.022353434104552268,0.022353434104552268,0.02235343410423384,0.022353434104870697,FLOAT_OUTWARD,6.730727086790012e-16,0.0,0.0,0.0,-0.02235343410455226,0.02235343410455226,0,0,0,0,2.099999983329326e-05,1.340000017080456e-05,ANALYTIC,0.0001286000042455271,B,B,B,False,False,False,False,NO_AMBIGUOUS_LABELS,,,,,,
AP0,beijing,Dongsi,fixed_panel,natural,7410,2014-01-03 18:00:00,2014Q1,beijing_2014-01-03T18:00:00,72,3,constant,hist_gradient_boosting,97,168,0,0,0.027946228060714944,0.027946228060714944,0.027946228060694942,0.027946228060734945,0.02794622806071494,0.02794622806071494,0.02794622806039651,0.02794622806103337,FLOAT_OUTWARD,0.0,3.365363543395006e-16,0.0,0.0,-0.027946228060714944,0.027946228060714944,0,0,0,0,2.099999983329326e-05,1.2199991033412516e-05,ANALYTIC,0.0001049999991664663,B,B,B,False,False,False,False,NO_AMBIGUOUS_LABELS,,,,,,
AP0,beijing,Dongsi,fixed_panel,natural,7410,2014-01-03 18:00:00,2014Q1,beijing_2014-01-03T18:00:00,72,3,logistic,hist_gradient_boosting,97,168,0,0,0.0055927939561626755,0.0055927939561626755,0.005592793956142676,0.005592793956182675,0.005592793956162666,0.005592793956162666,0.005592793955844238,0.0055927939564810935,FLOAT_OUTWARD,0.0,9.254749744336266e-16,0.0,0.0,-0.0055927939561626755,0.0055927939561626755,0,0,0,0,2.099999983329326e-05,0.00014429999282583594,ANALYTIC,0.00012929999502375722,B,B,B,False,False,False,False,NO_AMBIGUOUS_LABELS,,,,,,
AP0,beijing,Dongsi,fixed_panel,natural,7578,2014-01-10 18:00:00,2014Q1,beijing_2014-01-10T18:00:00,72,3,constant,logistic,97,168,2,0,0.0034131574704279553,0.0034131574704279553,0.00341315747040796,0.0034131574704479553,0.003413157470427974,0.003413157470427974,0.003413157470109546,0.003413157470746402,FLOAT_OUTWARD,1.8088829045748156e-15,0.0,0.0,0.0,-0.0034131574704279553,0.0034131574704279553,0,0,0,0,2.130000211764127e-05,1.3599987141788006e-05,ANALYTIC,0.0001419000036548823,B,B,B,False,False,False,False,NO_AMBIGUOUS_LABELS,,,,,,
AP0,beijing,Dongsi,fixed_panel,natural,7578,2014-01-10 18:00:00,2014Q1,beijing_2014-01-10T18:00:00,72,3,constant,hist_gradient_boosting,97,168,2,0,0.0034222694201727737,0.0034222694201727737,0.0034222694201527966,0.0034222694201927737,0.00342226942017281,0.00342226942017281,0.003422269419854382,0.003422269420491238,FLOAT_OUTWARD,3.533631720564756e-15,0.0,0.0,0.0,-0.0034222694201727737,0.0034222694201727737,0,0,0,0,2.130000211764127e-05,1.340000017080456e-05,ANALYTIC,0.0002629999944474548,B,B,B,False,False,False,False,NO_AMBIGUOUS_LABELS,,,,,,
AP0,beijing,Dongsi,fixed_panel,natural,7578,2014-01-10 18:00:00,2014Q1,beijing_2014-01-10T18:00:00,72,3,logistic,hist_gradient_boosting,97,168,2,0,9.111949744836405e-06,9.111949744836405e-06,9.111949724836406e-06,9.111949764836405e-06,9.111949744836405e-06,9.111949744836405e-06,9.111949426408457e-06,9.111950063264354e-06,FLOAT_OUTWARD,0.0,0.0,0.0,0.0,-9.111949744836405e-06,9.111949744836405e-06,0,0,0,0,2.130000211764127e-05,1.440000778529793e-05,ANALYTIC,0.00036809999437537044,B,B,B,False,False,False,False,NO_AMBIGUOUS_LABELS,,,,,,
AP0,beijing,Dongsi,fixed_panel,natural,7746,2014-01-17 18:00:00,2014Q1,beijing_2014-01-17T18:00:00,72,3,constant,logistic,97,168,2,0,-0.012009856167096959,-0.012009856167096959,-0.012009856167116958,-0.012009856167076963,-0.012009856167096985,-0.012009856167096985,-0.012009856167415412,-0.012009856166778557,FLOAT_OUTWARD,0.0,2.5240226575462543e-15,0.0,0.0,0.012009856167096959,-0.012009856167096959,0,0,0,0,1.999999221879989e-05,1.3100012438371778e-05,ANALYTIC,0.00012530000822152942,A,A,A,False,False,False,False,NO_AMBIGUOUS_LABELS,,,,,,
AP0,beijing,Dongsi,fixed_panel,natural,7746,2014-01-17 18:00:00,2014Q1,beijing_2014-01-17T18:00:00,72,3,constant,hist_gradient_boosting,97,168,2,0,-0.12231895522534092,-0.12231895522534092,-0.12231895522536089,-0.12231895522532092,-0.12231895522534095,-0.12231895522534095,-0.12231895522565937,-0.12231895522502252,FLOAT_OUTWARD,0.0,2.6922908347160046e-15,0.0,0.0,0.12231895522534092,-0.12231895522534092,0,0,0,0,1.999999221879989e-05,1.170000177808106e-05,ANALYTIC,0.00010060000931844115,A,A,A,False,False,False,False,NO_AMBIGUOUS_LABELS,,,,,,
AP0,beijing,Dongsi,fixed_panel,natural,7746,2014-01-17 18:00:00,2014Q1,beijing_2014-01-17T18:00:00,72,3,logistic,hist_gradient_boosting,97,168,2,0,-0.11030909905824395,-0.11030909905824395,-0.11030909905826394,-0.11030909905822396,-0.11030909905824395,-0.11030909905824395,-0.11030909905856237,-0.11030909905792552,FLOAT_OUTWARD,0.0,0.0,0.0,0.0,0.11030909905824395,-0.11030909905824395,0,0,0,0,1.999999221879989e-05,1.1199997970834374e-05,ANALYTIC,9.410000347997993e-05,A,A,A,False,False,False,False,NO_AMBIGUOUS_LABELS,,,,,,
AP0,beijing,Dongsi,fixed_panel,natural,7914,2014-01-24 18:00:00,2014Q1,beijing_2014-01-24T18:00:00,72,3,constant,logistic,97,168,6,0,-0.002298130360314539,-0.002298130360314539,-0.002298130360334539,-0.002298130360294539,-0.002298130360314523,-0.002298130360314523,-0.002298130360632951,-0.002298130359996095,FLOAT_OUTWARD,1.5564806388201902e-15,0.0,0.0,0.0,0.002298130360314539,-0.002298130360314539,0,0,0,0,2.1900006686337292e-05,1.3600001693703234e-05,ANALYTIC,0.00013420000323094428,A,A,A,False,False,False,False,NO_AMBIGUOUS_LABELS,,,,,,
AP0,beijing,Dongsi,fixed_panel,natural,7914,2014-01-24 18:00:00,2014Q1,beijing_2014-01-24T18:00:00,72,3,constant,hist_gradient_boosting,97,168,6,0,-0.021304753424176693,-0.021304753424176693,-0.021304753424196694,-0.02130475342415669,-0.02130475342417673,-0.02130475342417673,-0.02130475342449516,-0.021304753423858302,FLOAT_OUTWARD,0.0,3.701899897734506e-15,0.0,0.0,0.021304753424176693,-0.021304753424176693,0,0,0,0,2.1900006686337292e-05,1.2200005585327744e-05,ANALYTIC,0.00010930000280495733,A,A,A,False,False,False,False,NO_AMBIGUOUS_LABELS,,,,,,
AP0,beijing,Dongsi,fixed_panel,natural,7914,2014-01-24 18:00:00,2014Q1,beijing_2014-01-24T18:00:00,72,3,logistic,hist_gradient_boosting,97,168,6,0,-0.019006623063862155,-0.019006623063862155,-0.019006623063882157,-0.019006623063842158,-0.019006623063862135,-0.019006623063862135,-0.019006623064180564,-0.019006623063543705,FLOAT_OUTWARD,2.0192181260370035e-15,0.0,0.0,0.0,0.019006623063862155,-0.019006623063862155,0,0,0,0,2.1900006686337292e-05,1.170000177808106e-05,ANALYTIC,0.00010019999172072858,A,A,A,False,False,False,False,NO_AMBIGUOUS_LABELS,,,,,,
AP0,beijing,Dongsi,fixed_panel,natural,8082,2014-01-31 18:00:00,2014Q1,beijing_2014-01-31T18:00:00,72,3,constant,logistic,97,168,0,0,-0.020284810329655973,-0.020284810329655973,-0.020284810329675974,-0.020284810329636,-0.020284810329655973,-0.020284810329655973,-0.020284810329974402,-0.020284810329337544,FLOAT_OUTWARD,0.0,0.0,0.0,0.0,0.020284810329655973,-0.020284810329655973,0,0,0,0,1.930000144056976e-05,1.2899996363557875e-05,ANALYTIC,0.0001235999952768907,A,A,A,False,False,False,False,NO_AMBIGUOUS_LABELS,,,,,,
AP0,beijing,Dongsi,fixed_panel,natural,8082,2014-01-31 18:00:00,2014Q1,beijing_2014-01-31T18:00:00,72,3,constant,hist_gradient_boosting,97,168,0,0,-0.005950736938159245,-0.005950736938159245,-0.005950736938179244,-0.005950736938139245,-0.005950736938159263,-0.005950736938159263,-0.00595073693847769,-0.005950736937840835,FLOAT_OUTWARD,0.0,1.766815860282378e-15,0.0,0.0,0.005950736938159245,-0.005950736938159245,0,0,0,0,1.930000144056976e-05,1.1399999493733048e-05,ANALYTIC,9.799998952075839e-05,A,A,A,False,False,False,False,NO_AMBIGUOUS_LABELS,,,,,,
AP0,beijing,Dongsi,fixed_panel,natural,8082,2014-01-31 18:00:00,2014Q1,beijing_2014-01-31T18:00:00,72,3,logistic,hist_gradient_boosting,97,168,0,0,0.014334073391496768,0.014334073391496768,0.014334073391476769,0.014334073391516754,0.01433407339149675,0.01433407339149675,0.014334073391178322,0.014334073391815177,FLOAT_OUTWARD,0.0,1.850949948867253e-15,0.0,0.0,-0.014334073391496768,0.014334073391496768,0,0,0,0,1.930000144056976e-05,1.0800009476952255e-05,ANALYTIC,9.139999747276306e-05,B,B,B,False,False,False,False,NO_AMBIGUOUS_LABELS,,,,,,
AP0,beijing,Dongsi,fixed_panel,natural,8250,2014-02-07 18:00:00,2014Q1,beijing_2014-02-07T18:00:00,72,3,constant,logistic,97,168,3,0,-0.001476902052252093,-0.001476902052252093,-0.0014769020522720931,-0.001476902052232093,-0.0014769020522520976,-0.0014769020522520976,-0.0014769020525705256,-0.0014769020519336696,FLOAT_OUTWARD,0.0,4.417039650705945e-16,0.0,0.0,0.001476902052252093,-0.001476902052252093,0,0,0,0,1.8699996871873736e-05,1.2300006346777081e-05,ANALYTIC,0.00011829999857582152,A,A,A,False,False,False,False,NO_AMBIGUOUS_LABELS,,,,,,
AP0,beijing,Dongsi,fixed_panel,natural,8250,2014-02-07 18:00:00,2014Q1,beijing_2014-02-07T18:00:00,72,3,constant,hist_gradient_boosting,97,168,3,0,-0.004932258750151786,-0.004932258750151786,-0.004932258750171786,-0.0049322587501317875,-0.004932258750151786,-0.004932258750151786,-0.004932258750470214,-0.004932258749833359,FLOAT_OUTWARD,0.0,0.0,0.0,0.0,0.004932258750151786,-0.004932258750151786,0,0,0,0,1.8699996871873736e-05,1.1199997970834374e-05,ANALYTIC,9.640000644139946e-05,A,A,A,False,False,False,False,NO_AMBIGUOUS_LABELS,,,,,,
AP0,beijing,Dongsi,fixed_panel,natural,8250,2014-02-07 18:00:00,2014Q1,beijing_2014-02-07T18:00:00,72,3,logistic,hist_gradient_boosting,97,168,3,0,-0.0034553566978996956,-0.0034553566978996956,-0.0034553566979196944,-0.0034553566978796956,-0.0034553566978997047,-0.0034553566978997047,-0.0034553566982181328,-0.0034553566975812767,FLOAT_OUTWARD,0.0,8.83407930141189e-16,0.0,0.0,0.0034553566978996956,-0.0034553566978996956,0,0,0,0,1.8699996871873736e-05,1.0899995686486363e-05,ANALYTIC,9.129999671131372e-05,A,A,A,False,False,False,False,NO_AMBIGUOUS_LABELS,,,,,,
AP0,beijing,Dongsi,fixed_panel,natural,8418,2014-02-14 18:00:00,2014Q1,beijing_2014-02-14T18:00:00,72,3,constant,logistic,97,168,1,0,-0.030711661826363444,-0.030711661826363444,-0.030711661826383446,-0.030711661826343467,-0.030711661826363517,-0.030711661826363517,-0.030711661826681946,-0.030711661826045088,FLOAT_OUTWARD,0.0,7.067263441129512e-15,0.0,0.0,0.030711661826363444,-0.030711661826363444,0,0,0,0,1.8800012185238302e-05,1.2699994840659201e-05,ANALYTIC,0.00012129999231547117,A,A,A,False,False,False,False,NO_AMBIGUOUS_LABELS,,,,,,
AP0,beijing,Dongsi,fixed_panel,natural,8418,2014-02-14 18:00:00,2014Q1,beijing_2014-02-14T18:00:00,72,3,constant,hist_gradient_boosting,97,168,1,0,-0.0945798473399708,-0.0945798473399708,-0.09457984733999077,-0.0945798473399508,-0.0945798473399708,-0.0945798473399708,-0.09457984734028922,-0.09457984733965237,FLOAT_OUTWARD,0.0,0.0,0.0,0.0,0.0945798473399708,-0.0945798473399708,0,0,0,0,1.8800012185238302e-05,1.1699987226165831e-05,ANALYTIC,0.00010670001211110502,A,A,A,False,False,False,False,NO_AMBIGUOUS_LABELS,,,,,,
AP0,beijing,Dongsi,fixed_panel,natural,8418,2014-02-14 18:00:00,2014Q1,beijing_2014-02-14T18:00:00,72,3,logistic,hist_gradient_boosting,97,168,1,0,-0.06386818551360733,-0.06386818551360733,-0.06386818551362732,-0.06386818551358733,-0.06386818551360733,-0.06386818551360733,-0.06386818551392576,-0.0638681855132889,FLOAT_OUTWARD,0.0,0.0,0.0,0.0,0.06386818551360733,-0.06386818551360733,0,0,0,0,1.8800012185238302e-05,1.1900003300979733e-05,ANALYTIC,0.00018180000188294798,A,A,A,False,False,False,False,NO_AMBIGUOUS_LABELS,,,,,,
AP0,beijing,Dongsi,fixed_panel,natural,8586,2014-02-21 18:00:00,2014Q1,beijing_2014-02-21T18:00:00,72,3,constant,logistic,97,168,17,0,0.003165706279262394,0.003165706279262394,0.003165706279242394,0.0031657062792823892,0.003165706279262412,0.003165706279262412,0.003165706278943984,0.00316570627958084,FLOAT_OUTWARD,1.766815860282378e-15,0.0,0.0,0.0,-0.003165706279262394,0.003165706279262394,0,0,0,0,1.8799997633323073e-05,1.2799995602108538e-05,ANALYTIC,0.00012209999840706587,B,B,B,False,False,False,False,NO_AMBIGUOUS_LABELS,,,,,,
AP0,beijing,Dongsi,fixed_panel,natural,8586,2014-02-21 18:00:00,2014Q1,beijing_2014-02-21T18:00:00,72,3,constant,hist_gradient_boosting,97,168,17,0,-0.0010407421137985193,-0.0010407421137985193,-0.0010407421138185194,-0.0010407421137785203,-0.001040742113798565,-0.001040742113798565,-0.001040742114116993,-0.001040742113480137,FLOAT_OUTWARD,0.0,4.438073172852164e-15,0.0,0.0,0.0010407421137985193,-0.0010407421137985193,0,0,0,0,1.8799997633323073e-05,1.170000177808106e-05,ANALYTIC,0.00010039999324362725,A,A,A,False,False,False,False,NO_AMBIGUOUS_LABELS,,,,,,
AP0,beijing,Dongsi,fixed_panel,natural,8586,2014-02-21 18:00:00,2014Q1,beijing_2014-02-21T18:00:00,72,3,logistic,hist_gradient_boosting,97,168,17,0,-0.0042064483930609135,-0.0042064483930609135,-0.00420644839308091,-0.004206448393040914,-0.004206448393060895,-0.004206448393060895,-0.004206448393379323,-0.004206448392742468,FLOAT_OUTWARD,1.766815860282378e-15,0.0,0.0,0.0,0.0042064483930609135,-0.0042064483930609135,0,0,0,0,1.8799997633323073e-05,1.1099997209385037e-05,ANALYTIC,9.470000804867595e-05,A,A,A,False,False,False,False,NO_AMBIGUOUS_LABELS,,,,,,
AP0,beijing,Dongsi,full_station,natural,6570,2013-11-29 18:00:00,2013Q4,beijing_2013-11-29T18:00:00,24,3,constant,logistic,2167,2190,32,23,0.060509409119902366,0.06654621388597304,0.06050940911988238,0.06654621388599304,0.06050940911990263,0.06654621388597325,0.06050940911599241,0.06654621388988347,FLOAT_OUTWARD,5.713901574111446e-13,0.0,0.006036804766070672,0.00603680476607066,-0.060509409119902366,0.06654621388597304,0,462,45,226,0.0004518000059761107,3.0199997127056122e-05,ANALYTIC,0.00034610000147949904,B,B,B,False,False,False,False,INDEPENDENT_ALREADY_DIRECTED,,,,,,
AP0,beijing,Dongsi,full_station,natural,6570,2013-11-29 18:00:00,2013Q4,beijing_2013-11-29T18:00:00,24,3,constant,hist_gradient_boosting,2167,2190,32,23,0.027898128430952594,0.03217562249737826,0.028097846003086655,0.031961335004237194,0.028097846003106525,0.03196133500421705,0.028097845999196302,0.03196133500812727,FLOAT_OUTWARD,0.43278797885756726,0.4643609976803352,0.004277494066425663,0.004277494066425674,-0.027898128430952594,0.03217562249737826,1,462,45,226,0.0004518000059761107,0.005169600000954233,OPTIMAL_DUAL_OUTWARD,0.0003440000000409782,B,B,B,False,False,False,False,INDEPENDENT_ALREADY_DIRECTED,,,,,,
AP0,beijing,Dongsi,full_station,natural,6570,2013-11-29 18:00:00,2013Q4,beijing_2013-11-29T18:00:00,24,3,logistic,hist_gradient_boosting,2167,2190,32,23,-0.034635081513075434,-0.032346790564469145,-0.034584878881775846,-0.03239699319576871,-0.03458487888175599,-0.0323969931957888,-0.034584878885666206,-0.03239699319187858,FLOAT_OUTWARD,0.1087891020692423,0.10878910206969339,0.002288290948606289,0.0022882909486062995,0.034635081513075434,-0.032346790564469145,1,462,45,226,0.0004518000059761107,0.004317099999752827,OPTIMAL_DUAL_OUTWARD,0.00036279999767430127,A,A,A,False,False,False,False,INDEPENDENT_ALREADY_DIRECTED,,,,,,
AP0,beijing,Dongsi,full_station,natural,6570,2013-11-29 18:00:00,2013Q4,beijing_2013-11-29T18:00:00,72,3,constant,logistic,2119,2190,32,0,0.0032654918945437786,0.0032654918945437786,0.0032654918945237785,0.0032654918945637743,0.0032654918945437587,0.0032654918945437587,0.003265491890633537,0.00326549189845398,FLOAT_OUTWARD,0.0,4.2272609024340824e-14,0.0,0.0,-0.0032654918945437786,0.0032654918945437786,0,0,0,0,2.95999925583601e-05,1.9800005247816443e-05,ANALYTIC,0.0005302999925334007,B,B,B,False,False,False,False,NO_AMBIGUOUS_LABELS,,,,,,
AP0,beijing,Dongsi,full_station,natural,6570,2013-11-29 18:00:00,2013Q4,beijing_2013-11-29T18:00:00,72,3,constant,hist_gradient_boosting,2119,2190,32,0,-0.02140622947304563,-0.02140622947304563,-0.021406229473065627,-0.021406229473025628,-0.021406229473045633,-0.021406229473045633,-0.021406229476955856,-0.02140622946913541,FLOAT_OUTWARD,0.0,7.351758091189708e-15,0.0,0.0,0.02140622947304563,-0.02140622947304563,0,0,0,0,2.95999925583601e-05,1.8400009139440954e-05,ANALYTIC,0.0005076999950688332,A,A,A,False,False,False,False,NO_AMBIGUOUS_LABELS,,,,,,
AP0,beijing,Dongsi,full_station,natural,6570,2013-11-29 18:00:00,2013Q4,beijing_2013-11-29T18:00:00,72,3,logistic,hist_gradient_boosting,2119,2190,32,0,-0.02467172136758941,-0.02467172136758941,-0.024671721367609405,-0.02467172136756941,-0.024671721367589397,-0.024671721367589397,-0.02467172137149962,-0.024671721363679174,FLOAT_OUTWARD,2.9407032364758834e-14,0.0,0.0,0.0,0.02467172136758941,-0.02467172136758941,0,0,0,0,2.95999925583601e-05,1.8600010662339628e-05,ANALYTIC,0.0004966999986208975,A,A,A,False,False,False,False,NO_AMBIGUOUS_LABELS,,,,,,
AP0,beijing,Guanyuan,fixed_panel,natural,6570,2013-11-29 18:00:00,2013Q4,beijing_2013-11-29T18:00:00,24,3,constant,logistic,145,168,0,0,-0.004125166023216676,-0.004125166023216676,-0.004125166023236676,-0.004125166023196681,-0.004125166023216726,-0.004125166023216726,-0.004125166023535153,-0.004125166022898298,FLOAT_OUTWARD,0.0,7.168744764474155e-15,0.0,0.0,0.004125166023216676,-0.004125166023216676,0,0,0,0,2.95999925583601e-05,1.4299992471933365e-05,ANALYTIC,0.00013949999993201345,A,A,A,False,False,False,False,NO_AMBIGUOUS_LABELS,,,,,,
AP0,beijing,Guanyuan,fixed_panel,natural,6570,2013-11-29 18:00:00,2013Q4,beijing_2013-11-29T18:00:00,24,3,constant,hist_gradient_boosting,145,168,0,0,-0.07459200474415345,-0.07459200474415345,-0.07459200474417343,-0.07459200474413345,-0.07459200474415346,-0.07459200474415346,-0.07459200474447189,-0.07459200474383504,FLOAT_OUTWARD,0.0,2.0122792321330962e-15,0.0,0.0,0.07459200474415345,-0.07459200474415345,0,0,0,0,2.95999925583601e-05,1.239999255631119e-05,ANALYTIC,9.619999036658555e-05,A,A,A,False,False,False,False,NO_AMBIGUOUS_LABELS,,,,,,
AP0,beijing,Guanyuan,fixed_panel,natural,6570,2013-11-29 18:00:00,2013Q4,beijing_2013-11-29T18:00:00,24,3,logistic,hist_gradient_boosting,145,168,0,0,-0.07046683872093676,-0.07046683872093676,-0.07046683872095676,-0.07046683872091676,-0.07046683872093666,-0.07046683872093666,-0.07046683872125509,-0.07046683872061824,FLOAT_OUTWARD,1.4085954624931674e-14,0.0,0.0,0.0,0.07046683872093676,-0.07046683872093676,0,0,0,0,2.95999925583601e-05,1.6599995433352888e-05,ANALYTIC,0.00015279999934136868,A,A,A,False,False,False,False,NO_AMBIGUOUS_LABELS,,,,,,
AP0,beijing,Guanyuan,fixed_panel,natural,6738,2013-12-06 18:00:00,2013Q4,beijing_2013-12-06T18:00:00,24,3,constant,logistic,145,168,1,0,0.20706721999975994,0.20706721999975994,0.20706721999973993,0.20706721999977992,0.2070672199997599,0.2070672199997599,0.20706721999944147,0.20706722000007835,FLOAT_OUTWARD,0.0,4.0245584642661925e-15,0.0,0.0,-0.20706721999975994,0.20706721999975994,0,0,0,0,2.0099992980249226e-05,1.7099999240599573e-05,ANALYTIC,0.00011559999256860465,B,B,B,False,False,False,False,NO_AMBIGUOUS_LABELS,,,,,,
AP0,beijing,Guanyuan,fixed_panel,natural,6738,2013-12-06 18:00:00,2013Q4,beijing_2013-12-06T18:00:00,24,3,constant,hist_gradient_boosting,145,168,1,0,0.16447591627226238,0.16447591627226238,0.1644759162722424,0.1644759162722824,0.16447591627226235,0.16447591627226235,0.1644759162719439,0.1644759162725808,FLOAT_OUTWARD,0.0,4.0245584642661925e-15,0.0,0.0,-0.16447591627226238,0.16447591627226238,0,0,0,0,2.0099992980249226e-05,1.2400007108226418e-05,ANALYTIC,8.949999755714089e-05,B,B,B,False,False,False,False,NO_AMBIGUOUS_LABELS,,,,,,
AP0,beijing,Guanyuan,fixed_panel,natural,6738,2013-12-06 18:00:00,2013Q4,beijing_2013-12-06T18:00:00,24,3,logistic,hist_gradient_boosting,145,168,1,0,-0.042591303727497504,-0.042591303727497504,-0.0425913037275175,-0.042591303727477506,-0.042591303727497504,-0.042591303727497504,-0.04259130372781593,-0.04259130372717908,FLOAT_OUTWARD,0.0,0.0,0.0,0.0,0.042591303727497504,-0.042591303727497504,0,0,0,0,2.0099992980249226e-05,1.2499993317760527e-05,ANALYTIC,8.549999620299786e-05,A,A,A,False,False,False,False,NO_AMBIGUOUS_LABELS,,,,,,
AP0,beijing,Guanyuan,fixed_panel,natural,6906,2013-12-13 18:00:00,2013Q4,beijing_2013-12-13T18:00:00,24,3,constant,logistic,145,168,0,0,-0.05222935662066139,-0.05222935662066139,-0.052229356620681386,-0.05222935662064139,-0.05222935662066138,-0.05222935662066138,-0.05222935662097981,-0.052229356620342955,FLOAT_OUTWARD,1.0061396160665481e-15,0.0,0.0,0.0,0.05222935662066139,-0.05222935662066139,0,0,0,0,1.829999382607639e-05,1.3199998647905886e-05,ANALYTIC,0.00010889999975915998,A,A,A,False,False,False,False,NO_AMBIGUOUS_LABELS,,,,,,
AP0,beijing,Guanyuan,fixed_panel,natural,6906,2013-12-13 18:00:00,2013Q4,beijing_2013-12-13T18:00:00,24,3,constant,hist_gradient_boosting,145,168,0,0,-0.13980784954222691,-0.13980784954222691,-0.1398078495422469,-0.1398078495422069,-0.13980784954222691,-0.13980784954222691,-0.13980784954254535,-0.13980784954190847,FLOAT_OUTWARD,0.0,0.0,0.0,0.0,0.13980784954222691,-0.13980784954222691,0,0,0,0,1.829999382607639e-05,1.1600001016631722e-05,ANALYTIC,8.579999848734587e-05,A,A,A,False,False,False,False,NO_AMBIGUOUS_LABELS,,,,,,
AP0,beijing,Guanyuan,fixed_panel,natural,6906,2013-12-13 18:00:00,2013Q4,beijing_2013-12-13T18:00:00,24,3,logistic,hist_gradient_boosting,145,168,0,0,-0.08757849292156553,-0.08757849292156553,-0.08757849292158551,-0.08757849292154553,-0.08757849292156557,-0.08757849292156557,-0.087578492921884,-0.08757849292124714,FLOAT_OUTWARD,0.0,6.036837696399289e-15,0.0,0.0,0.08757849292156553,-0.08757849292156553,0,0,0,0,1.829999382607639e-05,1.1500000255182385e-05,ANALYTIC,8.630000229459256e-05,A,A,A,False,False,False,False,NO_AMBIGUOUS_LABELS,,,,,,
AP0,beijing,Guanyuan,fixed_panel,natural,7074,2013-12-20 18:00:00,2013Q4,beijing_2013-12-20T18:00:00,24,3,constant,logistic,145,168,0,0,0.09055443350338695,0.09055443350338695,0.09055443350336698,0.09055443350340694,0.090554433503387,0.090554433503387,0.09055443350306858,0.09055443350370543,FLOAT_OUTWARD,8.049116928532385e-15,0.0,0.0,0.0,-0.09055443350338695,0.09055443350338695,0,0,0,0,1.960000372491777e-05,1.379998866468668e-05,ANALYTIC,0.00011019999510608613,B,B,B,False,False,False,False,NO_AMBIGUOUS_LABELS,,,,,,
AP0,beijing,Guanyuan,fixed_panel,natural,7074,2013-12-20 18:00:00,2013Q4,beijing_2013-12-20T18:00:00,24,3,constant,hist_gradient_boosting,145,168,0,0,0.03817262438877622,0.03817262438877622,0.038172624388756224,0.03817262438879622,0.03817262438877617,0.03817262438877617,0.03817262438845775,0.0381726243890946,FLOAT_OUTWARD,0.0,7.042977312465837e-15,0.0,0.0,-0.03817262438877622,0.03817262438877622,0,0,0,0,1.960000372491777e-05,1.2499993317760527e-05,ANALYTIC,8.860000525601208e-05,B,B,B,False,False,False,False,NO_AMBIGUOUS_LABELS,,,,,,
AP0,beijing,Guanyuan,fixed_panel,natural,7074,2013-12-20 18:00:00,2013Q4,beijing_2013-12-20T18:00:00,24,3,logistic,hist_gradient_boosting,145,168,0,0,-0.05238180911461076,-0.05238180911461076,-0.05238180911463075,-0.05238180911459076,-0.052381809114610794,-0.052381809114610794,-0.05238180911492922,-0.05238180911429237,FLOAT_OUTWARD,0.0,5.0306980803327406e-15,0.0,0.0,0.05238180911461076,-0.05238180911461076,0,0,0,0,1.960000372491777e-05,1.1600001016631722e-05,ANALYTIC,8.110000635497272e-05,A,A,A,False,False,False,False,NO_AMBIGUOUS_LABELS,,,,,,
AP0,beijing,Guanyuan,fixed_panel,natural,7242,2013-12-27 18:00:00,2013Q4,beijing_2013-12-27T18:00:00,24,3,constant,logistic,145,168,0,0,0.029451527730005728,0.029451527730005728,0.029451527729985733,0.02945152773002573,0.02945152773000574,0.02945152773000574,0.029451527729687312,0.02945152773032417,FLOAT_OUTWARD,2.0122792321330962e-15,0.0,0.0,0.0,-0.029451527730005728,0.029451527730005728,0,0,0,0,1.820000761654228e-05,1.3600001693703234e-05,ANALYTIC,0.00010910000128205866,B,B,B,False,False,False,False,NO_AMBIGUOUS_LABELS,,,,,,
AP0,beijing,Guanyuan,fixed_panel,natural,7242,2013-12-27 18:00:00,2013Q4,beijing_2013-12-27T18:00:00,24,3,constant,hist_gradient_boosting,145,168,0,0,0.03545107860992159,0.03545107860992159,0.0354510786099016,0.03545107860994159,0.03545107860992157,0.03545107860992157,0.03545107860960314,0.035451078610239994,FLOAT_OUTWARD,0.0,3.0184188481996443e-15,0.0,0.0,-0.03545107860992159,0.03545107860992159,0,0,0,0,1.820000761654228e-05,1.2500007869675756e-05,ANALYTIC,8.72999953571707e-05,B,B,B,False,False,False,False,NO_AMBIGUOUS_LABELS,,,,,,
AP0,beijing,Guanyuan,fixed_panel,natural,7242,2013-12-27 18:00:00,2013Q4,beijing_2013-12-27T18:00:00,24,3,logistic,hist_gradient_boosting,145,168,0,0,0.005999550879915859,0.005999550879915859,0.0059995508798958595,0.005999550879935859,0.005999550879915859,0.005999550879915859,0.0059995508795974315,0.005999550880234287,FLOAT_OUTWARD,0.0,0.0,0.0,0.0,-0.005999550879915859,0.005999550879915859,0,0,0,0,1.820000761654228e-05,1.1900003300979733e-05,ANALYTIC,9.250000584870577e-05,B,B,B,False,False,False,False,NO_AMBIGUOUS_LABELS,,,,,,
AP0,beijing,Guanyuan,fixed_panel,natural,7410,2014-01-03 18:00:00,2014Q1,beijing_2014-01-03T18:00:00,24,3,constant,logistic,145,168,0,0,0.14944548109296477,0.14944548109296477,0.14944548109294478,0.14944548109298478,0.1494454810929648,0.1494454810929648,0.14944548109264635,0.14944548109328323,FLOAT_OUTWARD,4.0245584642661925e-15,0.0,0.0,0.0,-0.14944548109296477,0.14944548109296477,0,0,0,0,1.819999306462705e-05,1.2800010154023767e-05,ANALYTIC,0.0001044000091496855,B,B,B,False,False,False,False,NO_AMBIGUOUS_LABELS,,,,,,
AP0,beijing,Guanyuan,fixed_panel,natural,7410,2014-01-03 18:00:00,2014Q1,beijing_2014-01-03T18:00:00,24,3,constant,hist_gradient_boosting,145,168,0,0,0.15334092877911357,0.15334092877911357,0.15334092877909358,0.15334092877913358,0.15334092877911365,0.15334092877911365,0.1533409287787952,0.1533409287794321,FLOAT_OUTWARD,1.2073675392798577e-14,0.0,0.0,0.0,-0.15334092877911357,0.15334092877911357,0,0,0,0,1.819999306462705e-05,1.1699987226165831e-05,ANALYTIC,8.379999781027436e-05,B,B,B,False,False,False,False,NO_AMBIGUOUS_LABELS,,,,,,
AP0,beijing,Guanyuan,fixed_panel,natural,7410,2014-01-03 18:00:00,2014Q1,beijing_2014-01-03T18:00:00,24,3,logistic,hist_gradient_boosting,145,168,0,0,0.0038954476861487717,0.0038954476861487717,0.0038954476861287725,0.0038954476861687718,0.0038954476861487626,0.0038954476861487626,0.0038954476858303346,0.0038954476864671906,FLOAT_OUTWARD,0.0,1.3205582460873444e-15,0.0,0.0,-0.0038954476861487717,0.0038954476861487717,0,0,0,0,1.819999306462705e-05,1.1099997209385037e-05,ANALYTIC,7.850000110920519e-05,B,B,B,False,False,False,False,NO_AMBIGUOUS_LABELS,,,,,,
AP0,beijing,Guanyuan,fixed_panel,natural,7578,2014-01-10 18:00:00,2014Q1,beijing_2014-01-10T18:00:00,24,3,constant,logistic,145,168,3,0,0.03908318314525063,0.03908318314525063,0.039083183145230634,0.03908318314527063,0.03908318314525063,0.03908318314525063,0.039083183144932206,0.03908318314556906,FLOAT_OUTWARD,0.0,0.0,0.0,0.0,-0.03908318314525063,0.03908318314525063,0,0,0,0,1.820000761654228e-05,1.309999788645655e-05,ANALYTIC,0.0001083999959519133,B,B,B,False,False,False,False,NO_AMBIGUOUS_LABELS,,,,,,
AP0,beijing,Guanyuan,fixed_panel,natural,7578,2014-01-10 18:00:00,2014Q1,beijing_2014-01-10T18:00:00,24,3,constant,hist_gradient_boosting,145,168,3,0,0.0236589254820124,0.0236589254820124,0.023658925481992398,0.023658925482032397,0.0236589254820125,0.0236589254820125,0.02365892548169407,0.02365892548233093,FLOAT_OUTWARD,1.4589024432964948e-14,0.0,0.0,0.0,-0.0236589254820124,0.0236589254820124,0,0,0,0,1.820000761654228e-05,1.68999977177009e-05,ANALYTIC,8.81000014487654e-05,B,B,B,False,False,False,False,NO_AMBIGUOUS_LABELS,,,,,,
AP0,beijing,Guanyuan,fixed_panel,natural,7578,2014-01-10 18:00:00,2014Q1,beijing_2014-01-10T18:00:00,24,3,logistic,hist_gradient_boosting,145,168,3,0,-0.015424257663238239,-0.015424257663238239,-0.015424257663258239,-0.01542425766321824,-0.015424257663238251,-0.015424257663238251,-0.015424257663556679,-0.015424257662919823,FLOAT_OUTWARD,0.0,1.7607443281164592e-15,0.0,0.0,0.015424257663238239,-0.015424257663238239,0,0,0,0,1.820000761654228e-05,1.170000177808106e-05,ANALYTIC,8.369999704882503e-05,A,A,A,False,False,False,False,NO_AMBIGUOUS_LABELS,,,,,,
AP0,beijing,Guanyuan,fixed_panel,natural,7746,2014-01-17 18:00:00,2014Q1,beijing_2014-01-17T18:00:00,24,3,constant,logistic,145,168,5,0,0.053098835982129416,0.053098835982129416,0.053098835982109446,0.053098835982149414,0.053098835982129416,0.053098835982129416,0.05309883598181099,0.05309883598244784,FLOAT_OUTWARD,0.0,0.0,0.0,0.0,-0.053098835982129416,0.053098835982129416,0,0,0,0,1.85999961104244e-05,1.2800010154023767e-05,ANALYTIC,0.00010869999823626131,B,B,B,False,False,False,False,NO_AMBIGUOUS_LABELS,,,,,,
AP0,beijing,Guanyuan,fixed_panel,natural,7746,2014-01-17 18:00:00,2014Q1,beijing_2014-01-17T18:00:00,24,3,constant,hist_gradient_boosting,145,168,5,0,-0.03304627825598326,-0.03304627825598326,-0.03304627825600326,-0.033046278255963284,-0.03304627825598329,-0.03304627825598329,-0.033046278256301714,-0.03304627825566486,FLOAT_OUTWARD,0.0,4.0245584642661925e-15,0.0,0.0,0.03304627825598326,-0.03304627825598326,0,0,0,0,1.85999961104244e-05,1.200000406242907e-05,ANALYTIC,9.639999188948423e-05,A,A,A,False,False,False,False,NO_AMBIGUOUS_LABELS,,,,,,
AP0,beijing,Guanyuan,fixed_panel,natural,7746,2014-01-17 18:00:00,2014Q1,beijing_2014-01-17T18:00:00,24,3,logistic,hist_gradient_boosting,145,168,5,0,-0.0861451142381127,-0.0861451142381127,-0.0861451142381327,-0.08614511423809272,-0.0861451142381127,-0.0861451142381127,-0.08614511423843113,-0.08614511423779428,FLOAT_OUTWARD,0.0,0.0,0.0,0.0,0.0861451142381127,-0.0861451142381127,0,0,0,0,1.85999961104244e-05,1.1600001016631722e-05,ANALYTIC,8.13000078778714e-05,A,A,A,False,False,False,False,NO_AMBIGUOUS_LABELS,,,,,,
AP0,beijing,Guanyuan,fixed_panel,natural,7914,2014-01-24 18:00:00,2014Q1,beijing_2014-01-24T18:00:00,24,3,constant,logistic,145,168,5,24,-0.01514298138861658,0.07675172348335407,-0.01514298138863658,0.07675172348337407,-0.015142981388616531,0.07675172348335407,-0.015142981388934959,0.0767517234836725,FLOAT_OUTWARD,7.042977312465837e-15,0.0,0.09189470487197066,0.09189470487197064,0.01514298138861658,0.07675172348335407,0,462,45,226,0.0004242000140948221,0.004531300000962801,OPTIMAL_DUAL_OUTWARD,0.00010829999519046396,OPPOSITE_POSSIBLE,OPPOSITE_POSSIBLE,OPPOSITE_POSSIBLE,True,False,False,False,JOINT_OPPOSITE_POSSIBLE,,,,,,
AP0,beijing,Guanyuan,fixed_panel,natural,7914,2014-01-24 18:00:00,2014Q1,beijing_2014-01-24T18:00:00,24,3,constant,hist_gradient_boosting,145,168,5,24,0.005920294763610207,0.0800162692185098,0.01479926353651001,0.07025288548989901,0.014799263536530027,0.07025288548987897,0.0147992635362116,0.0702528854901974,FLOAT_OUTWARD,1.2874504720733737,1.4156906406514693,0.07409597445489959,0.07409597445489957,-0.005920294763610207,0.0800162692185098,1,462,45,226,0.0004242000140948221,0.0044962999963900074,OPTIMAL_DUAL_OUTWARD,0.0001241000136360526,B,B,B,False,False,False,False,INDEPENDENT_ALREADY_DIRECTED,,,,,,
AP0,beijing,Guanyuan,fixed_panel,natural,7914,2014-01-24 18:00:00,2014Q1,beijing_2014-01-24T18:00:00,24,3,logistic,hist_gradient_boosting,145,168,5,24,-0.009459410105201968,0.033787231992584495,-0.006498837993495044,0.03082665988087759,-0.00649883799347506,0.030826659880857577,-0.006498837993793488,0.030826659881176006,FLOAT_OUTWARD,0.42928295620040163,0.429282956200403,0.04324664209778646,0.043246642097786454,0.009459410105201968,0.033787231992584495,1,462,45,226,0.0004242000140948221,0.004359899990959093,OPTIMAL_DUAL_OUTWARD,0.00011910000466741621,OPPOSITE_POSSIBLE,OPPOSITE_POSSIBLE,OPPOSITE_POSSIBLE,True,False,False,False,JOINT_OPPOSITE_POSSIBLE,,,,,,
AP0,beijing,Guanyuan,fixed_panel,natural,8082,2014-01-31 18:00:00,2014Q1,beijing_2014-01-31T18:00:00,24,3,constant,logistic,145,168,0,0,0.07833690278018811,0.07833690278018811,0.07833690278016811,0.0783369027802081,0.07833690278018811,0.07833690278018811,0.07833690277986968,0.07833690278050653,FLOAT_OUTWARD,0.0,0.0,0.0,0.0,-0.07833690278018811,0.07833690278018811,0,0,0,0,2.239999594166875e-05,1.4200006262399256e-05,ANALYTIC,0.00012409999908413738,B,B,B,False,False,False,False,NO_AMBIGUOUS_LABELS,,,,,,
AP0,beijing,Guanyuan,fixed_panel,natural,8082,2014-01-31 18:00:00,2014Q1,beijing_2014-01-31T18:00:00,24,3,constant,hist_gradient_boosting,145,168,0,0,0.08696311689626204,0.08696311689626204,0.08696311689624205,0.08696311689628203,0.08696311689626204,0.08696311689626204,0.08696311689594362,0.08696311689658047,FLOAT_OUTWARD,0.0,0.0,0.0,0.0,-0.08696311689626204,0.08696311689626204,0,0,0,0,2.239999594166875e-05,1.270000939257443e-05,ANALYTIC,9.320001117885113e-05,B,B,B,False,False,False,False,NO_AMBIGUOUS_LABELS,,,,,,
AP0,beijing,Guanyuan,fixed_panel,natural,8082,2014-01-31 18:00:00,2014Q1,beijing_2014-01-31T18:00:00,24,3,logistic,hist_gradient_boosting,145,168,0,0,0.008626214116073906,0.008626214116073906,0.00862621411605392,0.008626214116093905,0.00862621411607393,0.00862621411607393,0.008626214115755503,0.008626214116392358,FLOAT_OUTWARD,3.5214886562329184e-15,0.0,0.0,0.0,-0.008626214116073906,0.008626214116073906,0,0,0,0,2.239999594166875e-05,1.1799987987615168e-05,ANALYTIC,8.629998774267733e-05,B,B,B,False,False,False,False,NO_AMBIGUOUS_LABELS,,,,,,
AP0,beijing,Guanyuan,fixed_panel,natural,8250,2014-02-07 18:00:00,2014Q1,beijing_2014-02-07T18:00:00,24,3,constant,logistic,145,168,3,0,0.11021360592910998,0.11021360592910998,0.11021360592908998,0.11021360592912995,0.11021360592910995,0.11021360592910995,0.11021360592879152,0.11021360592942837,FLOAT_OUTWARD,0.0,4.0245584642661925e-15,0.0,0.0,-0.11021360592910998,0.11021360592910998,0,0,0,0,1.960000372491777e-05,1.3800003216601908e-05,ANALYTIC,0.00011570000788196921,B,B,B,False,False,False,False,NO_AMBIGUOUS_LABELS,,,,,,
AP0,beijing,Guanyuan,fixed_panel,natural,8250,2014-02-07 18:00:00,2014Q1,beijing_2014-02-07T18:00:00,24,3,constant,hist_gradient_boosting,145,168,3,0,0.12827221465446614,0.12827221465446614,0.12827221465444613,0.12827221465448613,0.12827221465446614,0.12827221465446614,0.1282722146541477,0.12827221465478458,FLOAT_OUTWARD,0.0,0.0,0.0,0.0,-0.12827221465446614,0.12827221465446614,0,0,0,0,1.960000372491777e-05,1.2300006346777081e-05,ANALYTIC,8.959999831859022e-05,B,B,B,False,False,False,False,NO_AMBIGUOUS_LABELS,,,,,,
AP0,beijing,Guanyuan,fixed_panel,natural,8250,2014-02-07 18:00:00,2014Q1,beijing_2014-02-07T18:00:00,24,3,logistic,hist_gradient_boosting,145,168,3,0,0.018058608725356154,0.018058608725356154,0.01805860872533616,0.018058608725376155,0.01805860872535614,0.01805860872535614,0.01805860872503771,0.01805860872567457,FLOAT_OUTWARD,0.0,2.0122792321330962e-15,0.0,0.0,-0.018058608725356154,0.018058608725356154,0,0,0,0,1.960000372491777e-05,1.1900003300979733e-05,ANALYTIC,8.30000062705949e-05,B,B,B,False,False,False,False,NO_AMBIGUOUS_LABELS,,,,,,
AP0,beijing,Guanyuan,fixed_panel,natural,8418,2014-02-14 18:00:00,2014Q1,beijing_2014-02-14T18:00:00,24,3,constant,logistic,145,168,2,0,-0.061442920015629024,-0.061442920015629024,-0.06144292001564902,-0.06144292001560907,-0.061442920015629114,-0.061442920015629114,-0.06144292001594754,-0.06144292001531069,FLOAT_OUTWARD,0.0,1.3079815008865125e-14,0.0,0.0,0.061442920015629024,-0.061442920015629024,0,0,0,0,2.1500003640539944e-05,1.3800003216601908e-05,ANALYTIC,0.00011969999468419701,A,A,A,False,False,False,False,NO_AMBIGUOUS_LABELS,,,,,,
AP0,beijing,Guanyuan,fixed_panel,natural,8418,2014-02-14 18:00:00,2014Q1,beijing_2014-02-14T18:00:00,24,3,constant,hist_gradient_boosting,145,168,2,0,-0.1557124990265659,-0.1557124990265659,-0.1557124990265859,-0.15571249902654588,-0.15571249902656595,-0.15571249902656595,-0.1557124990268844,-0.1557124990262475,FLOAT_OUTWARD,0.0,8.049116928532385e-15,0.0,0.0,0.1557124990265659,-0.1557124990265659,0,0,0,0,2.1500003640539944e-05,1.2599994079209864e-05,ANALYTIC,9.349999891128391e-05,A,A,A,False,False,False,False,NO_AMBIGUOUS_LABELS,,,,,,
AP0,beijing,Guanyuan,fixed_panel,natural,8418,2014-02-14 18:00:00,2014Q1,beijing_2014-02-14T18:00:00,24,3,logistic,hist_gradient_boosting,145,168,2,0,-0.09426957901093684,-0.09426957901093684,-0.09426957901095684,-0.09426957901091684,-0.09426957901093687,-0.09426957901093687,-0.0942695790112553,-0.09426957901061844,FLOAT_OUTWARD,0.0,4.0245584642661925e-15,0.0,0.0,0.09426957901093684,-0.09426957901093684,0,0,0,0,2.1500003640539944e-05,1.1699987226165831e-05,ANALYTIC,8.589999924879521e-05,A,A,A,False,False,False,False,NO_AMBIGUOUS_LABELS,,,,,,
AP0,beijing,Guanyuan,fixed_panel,natural,8586,2014-02-21 18:00:00,2014Q1,beijing_2014-02-21T18:00:00,24,3,constant,logistic,145,168,18,0,0.10961491270811302,0.10961491270811302,0.10961491270809308,0.10961491270813302,0.10961491270811322,0.10961491270811322,0.10961491270779479,0.10961491270843164,FLOAT_OUTWARD,2.8171909249863347e-14,0.0,0.0,0.0,-0.10961491270811302,0.10961491270811302,0,0,0,0,1.920000067912042e-05,1.340000017080456e-05,ANALYTIC,0.00011490000179037452,B,B,B,False,False,False,False,NO_AMBIGUOUS_LABELS,,,,,,
AP0,beijing,Guanyuan,fixed_panel,natural,8586,2014-02-21 18:00:00,2014Q1,beijing_2014-02-21T18:00:00,24,3,constant,hist_gradient_boosting,145,168,18,0,0.07985648701940626,0.07985648701940626,0.07985648701938626,0.07985648701942624,0.07985648701940616,0.07985648701940616,0.07985648701908774,0.07985648701972459,FLOAT_OUTWARD,0.0,1.4085954624931674e-14,0.0,0.0,-0.07985648701940626,0.07985648701940626,0,0,0,0,1.920000067912042e-05,1.2499993317760527e-05,ANALYTIC,9.109999518841505e-05,B,B,B,False,False,False,False,NO_AMBIGUOUS_LABELS,,,,,,
AP0,beijing,Guanyuan,fixed_panel,natural,8586,2014-02-21 18:00:00,2014Q1,beijing_2014-02-21T18:00:00,24,3,logistic,hist_gradient_boosting,145,168,18,0,-0.02975842568870684,-0.02975842568870684,-0.029758425688726824,-0.02975842568868684,-0.029758425688706888,-0.029758425688706888,-0.029758425689025318,-0.02975842568838846,FLOAT_OUTWARD,0.0,7.042977312465837e-15,0.0,0.0,0.02975842568870684,-0.02975842568870684,0,0,0,0,1.920000067912042e-05,1.1900003300979733e-05,ANALYTIC,8.720000914763659e-05,A,A,A,False,False,False,False,NO_AMBIGUOUS_LABELS,,,,,,
AP0,beijing,Guanyuan,fixed_panel,natural,6570,2013-11-29 18:00:00,2013Q4,beijing_2013-11-29T18:00:00,72,3,constant,logistic,97,168,0,0,0.0013045369969673802,0.0013045369969673802,0.0013045369969473801,0.0013045369969873768,0.0013045369969673986,0.0013045369969673986,0.0013045369966489706,0.0013045369972858266,FLOAT_OUTWARD,1.787849382428597e-15,0.0,0.0,0.0,-0.0013045369969673802,0.0013045369969673802,0,0,0,0,2.5200002710334957e-05,1.3600001693703234e-05,ANALYTIC,0.000142700009746477,B,B,B,False,False,False,False,NO_AMBIGUOUS_LABELS,,,,,,
AP0,beijing,Guanyuan,fixed_panel,natural,6570,2013-11-29 18:00:00,2013Q4,beijing_2013-11-29T18:00:00,72,3,constant,hist_gradient_boosting,97,168,0,0,-0.05886167751663743,-0.05886167751663743,-0.058861677516657426,-0.058861677516617444,-0.05886167751663743,-0.05886167751663743,-0.058861677516955854,-0.058861677516319,FLOAT_OUTWARD,0.0,0.0,0.0,0.0,0.05886167751663743,-0.05886167751663743,0,0,0,0,2.5200002710334957e-05,1.1900003300979733e-05,ANALYTIC,0.000106100007542409,A,A,A,False,False,False,False,NO_AMBIGUOUS_LABELS,,,,,,
AP0,beijing,Guanyuan,fixed_panel,natural,6570,2013-11-29 18:00:00,2013Q4,beijing_2013-11-29T18:00:00,72,3,logistic,hist_gradient_boosting,97,168,0,0,-0.06016621451360479,-0.06016621451360479,-0.06016621451362479,-0.060166214513584816,-0.06016621451360483,-0.06016621451360483,-0.060166214513923254,-0.0601662145132864,FLOAT_OUTWARD,0.0,3.3653635433950058e-15,0.0,0.0,0.06016621451360479,-0.06016621451360479,0,0,0,0,2.5200002710334957e-05,1.1399999493733048e-05,ANALYTIC,9.669999417383224e-05,A,A,A,False,False,False,False,NO_AMBIGUOUS_LABELS,,,,,,
AP0,beijing,Guanyuan,fixed_panel,natural,6738,2013-12-06 18:00:00,2013Q4,beijing_2013-12-06T18:00:00,72,3,constant,logistic,97,168,1,0,0.10978590284472858,0.10978590284472858,0.10978590284470859,0.10978590284474858,0.10978590284472856,0.10978590284472856,0.10978590284441013,0.10978590284504698,FLOAT_OUTWARD,0.0,2.6922908347160046e-15,0.0,0.0,-0.10978590284472858,0.10978590284472858,0,0,0,0,1.990000600926578e-05,1.309999788645655e-05,ANALYTIC,0.00013559999933931977,B,B,B,False,False,False,False,NO_AMBIGUOUS_LABELS,,,,,,
AP0,beijing,Guanyuan,fixed_panel,natural,6738,2013-12-06 18:00:00,2013Q4,beijing_2013-12-06T18:00:00,72,3,constant,hist_gradient_boosting,97,168,1,0,-0.012329216465165216,-0.012329216465165216,-0.012329216465185215,-0.012329216465145227,-0.012329216465165197,-0.012329216465165197,-0.012329216465483624,-0.01232921646484677,FLOAT_OUTWARD,1.850949948867253e-15,0.0,0.0,0.0,0.012329216465165216,-0.012329216465165216,0,0,0,0,1.990000600926578e-05,1.1899988749064505e-05,ANALYTIC,0.00010770000517368317,A,A,A,False,False,False,False,NO_AMBIGUOUS_LABELS,,,,,,
AP0,beijing,Guanyuan,fixed_panel,natural,6738,2013-12-06 18:00:00,2013Q4,beijing_2013-12-06T18:00:00,72,3,logistic,hist_gradient_boosting,97,168,1,0,-0.1221151193098938,-0.1221151193098938,-0.1221151193099138,-0.1221151193098738,-0.1221151193098938,-0.1221151193098938,-0.12211511931021223,-0.12211511930957537,FLOAT_OUTWARD,0.0,0.0,0.0,0.0,0.1221151193098938,-0.1221151193098938,0,0,0,0,1.990000600926578e-05,1.1600001016631722e-05,ANALYTIC,9.580000187270343e-05,A,A,A,False,False,False,False,NO_AMBIGUOUS_LABELS,,,,,,
AP0,beijing,Guanyuan,fixed_panel,natural,6906,2013-12-13 18:00:00,2013Q4,beijing_2013-12-13T18:00:00,72,3,constant,logistic,97,168,0,0,0.0025095450237040797,0.0025095450237040797,0.0025095450236840853,0.0025095450237240797,0.002509545023704089,0.002509545023704089,0.0025095450233856608,0.002509545024022517,FLOAT_OUTWARD,8.83407930141189e-16,0.0,0.0,0.0,-0.0025095450237040797,0.0025095450237040797,0,0,0,0,1.9700004486367106e-05,1.2800010154023767e-05,ANALYTIC,0.0001255999959539622,B,B,B,False,False,False,False,NO_AMBIGUOUS_LABELS,,,,,,
AP0,beijing,Guanyuan,fixed_panel,natural,6906,2013-12-13 18:00:00,2013Q4,beijing_2013-12-13T18:00:00,72,3,constant,hist_gradient_boosting,97,168,0,0,0.0008452591990472916,0.0008452591990472916,0.000845259199027295,0.0008452591990672915,0.0008452591990472916,0.0008452591990472916,0.0008452591987288637,0.0008452591993657195,FLOAT_OUTWARD,0.0,0.0,0.0,0.0,-0.0008452591990472916,0.0008452591990472916,0,0,0,0,1.9700004486367106e-05,1.1899988749064505e-05,ANALYTIC,0.00010289999772794545,B,B,B,False,False,False,False,NO_AMBIGUOUS_LABELS,,,,,,
AP0,beijing,Guanyuan,fixed_panel,natural,6906,2013-12-13 18:00:00,2013Q4,beijing_2013-12-13T18:00:00,72,3,logistic,hist_gradient_boosting,97,168,0,0,-0.0016642858246567903,-0.0016642858246567903,-0.0016642858246767903,-0.0016642858246367902,-0.0016642858246567903,-0.0016642858246567903,-0.0016642858249752183,-0.0016642858243383623,FLOAT_OUTWARD,0.0,0.0,0.0,0.0,0.0016642858246567903,-0.0016642858246567903,0,0,0,0,1.9700004486367106e-05,1.1399999493733048e-05,ANALYTIC,9.320001117885113e-05,A,A,A,False,False,False,False,NO_AMBIGUOUS_LABELS,,,,,,
AP0,beijing,Guanyuan,fixed_panel,natural,7074,2013-12-20 18:00:00,2013Q4,beijing_2013-12-20T18:00:00,72,3,constant,logistic,97,168,0,0,0.0030945675710752733,0.0030945675710752733,0.0030945675710552767,0.0030945675710952734,0.003094567571075237,0.003094567571075237,0.003094567570756809,0.003094567571393665,FLOAT_OUTWARD,0.0,3.533631720564756e-15,0.0,0.0,-0.0030945675710752733,0.0030945675710752733,0,0,0,0,1.85999961104244e-05,1.2400007108226418e-05,ANALYTIC,0.00011810001160483807,B,B,B,False,False,False,False,NO_AMBIGUOUS_LABELS,,,,,,
AP0,beijing,Guanyuan,fixed_panel,natural,7074,2013-12-20 18:00:00,2013Q4,beijing_2013-12-20T18:00:00,72,3,constant,hist_gradient_boosting,97,168,0,0,0.0034414286801300693,0.0034414286801300693,0.0034414286801100692,0.003441428680150059,0.0034414286801300693,0.0034414286801300693,0.0034414286798116413,0.0034414286804484973,FLOAT_OUTWARD,0.0,0.0,0.0,0.0,-0.0034414286801300693,0.0034414286801300693,0,0,0,0,1.85999961104244e-05,1.1299998732283711e-05,ANALYTIC,9.679999493528157e-05,B,B,B,False,False,False,False,NO_AMBIGUOUS_LABELS,,,,,,
AP0,beijing,Guanyuan,fixed_panel,natural,7074,2013-12-20 18:00:00,2013Q4,beijing_2013-12-20T18:00:00,72,3,logistic,hist_gradient_boosting,97,168,0,0,0.000346861109054782,0.000346861109054782,0.000346861109034782,0.000346861109074782,0.000346861109054782,0.000346861109054782,0.000346861108736354,0.00034686110937320994,FLOAT_OUTWARD,0.0,0.0,0.0,0.0,-0.000346861109054782,0.000346861109054782,0,0,0,0,1.85999961104244e-05,1.09999964479357e-05,ANALYTIC,9.019998833537102e-05,B,B,B,False,False,False,False,NO_AMBIGUOUS_LABELS,,,,,,
AP0,beijing,Guanyuan,fixed_panel,natural,7242,2013-12-27 18:00:00,2013Q4,beijing_2013-12-27T18:00:00,72,3,constant,logistic,97,168,0,0,0.0007805880671590059,0.0007805880671590059,0.000780588067139006,0.0007805880671790024,0.000780588067159015,0.000780588067159015,0.0007805880668405871,0.0007805880674774429,FLOAT_OUTWARD,8.83407930141189e-16,0.0,0.0,0.0,-0.0007805880671590059,0.0007805880671590059,0,0,0,0,1.9099999917671084e-05,1.2499993317760527e-05,ANALYTIC,0.00012009999772999436,B,B,B,False,False,False,False,NO_AMBIGUOUS_LABELS,,,,,,
AP0,beijing,Guanyuan,fixed_panel,natural,7242,2013-12-27 18:00:00,2013Q4,beijing_2013-12-27T18:00:00,72,3,constant,hist_gradient_boosting,97,168,0,0,-0.004938705998022879,-0.004938705998022879,-0.004938705998042878,-0.004938705998002884,-0.00493870599802286,-0.00493870599802286,-0.004938705998341288,-0.004938705997704433,FLOAT_OUTWARD,1.766815860282378e-15,0.0,0.0,0.0,0.004938705998022879,-0.004938705998022879,0,0,0,0,1.9099999917671084e-05,1.1800002539530396e-05,ANALYTIC,0.00010509999992791563,A,A,A,False,False,False,False,NO_AMBIGUOUS_LABELS,,,,,,
AP0,beijing,Guanyuan,fixed_panel,natural,7242,2013-12-27 18:00:00,2013Q4,beijing_2013-12-27T18:00:00,72,3,logistic,hist_gradient_boosting,97,168,0,0,-0.0057192940651818866,-0.0057192940651818866,-0.005719294065201886,-0.005719294065161887,-0.0057192940651818866,-0.0057192940651818866,-0.005719294065500314,-0.005719294064863459,FLOAT_OUTWARD,0.0,0.0,0.0,0.0,0.0057192940651818866,-0.0057192940651818866,0,0,0,0,1.9099999917671084e-05,1.1200012522749603e-05,ANALYTIC,9.869999485090375e-05,A,A,A,False,False,False,False,NO_AMBIGUOUS_LABELS,,,,,,
AP0,beijing,Guanyuan,fixed_panel,natural,7410,2014-01-03 18:00:00,2014Q1,beijing_2014-01-03T18:00:00,72,3,constant,logistic,97,168,0,0,0.02188440972064558,0.02188440972064558,0.021884409720625577,0.02188440972066558,0.021884409720645596,0.021884409720645596,0.021884409720327166,0.021884409720964025,FLOAT_OUTWARD,1.6826817716975029e-15,0.0,0.0,0.0,-0.02188440972064558,0.02188440972064558,0,0,0,0,1.85999961104244e-05,1.2999997125007212e-05,ANALYTIC,0.00013329999637790024,B,B,B,False,False,False,False,NO_AMBIGUOUS_LABELS,,,,,,
AP0,beijing,Guanyuan,fixed_panel,natural,7410,2014-01-03 18:00:00,2014Q1,beijing_2014-01-03T18:00:00,72,3,constant,hist_gradient_boosting,97,168,0,0,0.0233737048336873,0.0233737048336873,0.023373704833667307,0.0233737048337073,0.0233737048336873,0.0233737048336873,0.02337370483336887,0.023373704834005728,FLOAT_OUTWARD,0.0,0.0,0.0,0.0,-0.0233737048336873,0.0233737048336873,0,0,0,0,1.85999961104244e-05,1.1900003300979733e-05,ANALYTIC,0.00010279999696649611,B,B,B,False,False,False,False,NO_AMBIGUOUS_LABELS,,,,,,
AP0,beijing,Guanyuan,fixed_panel,natural,7410,2014-01-03 18:00:00,2014Q1,beijing_2014-01-03T18:00:00,72,3,logistic,hist_gradient_boosting,97,168,0,0,0.0014892951130417338,0.0014892951130417338,0.0014892951130217338,0.0014892951130617339,0.0014892951130417338,0.0014892951130417338,0.0014892951127233058,0.0014892951133601618,FLOAT_OUTWARD,0.0,0.0,0.0,0.0,-0.0014892951130417338,0.0014892951130417338,0,0,0,0,1.85999961104244e-05,1.1399999493733048e-05,ANALYTIC,9.539999882690609e-05,B,B,B,False,False,False,False,NO_AMBIGUOUS_LABELS,,,,,,
AP0,beijing,Guanyuan,fixed_panel,natural,7578,2014-01-10 18:00:00,2014Q1,beijing_2014-01-10T18:00:00,72,3,constant,logistic,97,168,3,0,0.00268963224870532,0.00268963224870532,0.00268963224868532,0.002689632248725319,0.0026896322487052924,0.0026896322487052924,0.0026896322483868644,0.0026896322490237204,FLOAT_OUTWARD,0.0,2.6922908347160046e-15,0.0,0.0,-0.00268963224870532,0.00268963224870532,0,0,0,0,1.819999306462705e-05,1.270000939257443e-05,ANALYTIC,0.00011659998563118279,B,B,B,False,False,False,False,NO_AMBIGUOUS_LABELS,,,,,,
AP0,beijing,Guanyuan,fixed_panel,natural,7578,2014-01-10 18:00:00,2014Q1,beijing_2014-01-10T18:00:00,72,3,constant,hist_gradient_boosting,97,168,3,0,0.002762510352683177,0.002762510352683177,0.0027625103526631835,0.002762510352703177,0.0027625103526831953,0.0027625103526831953,0.0027625103523647673,0.0027625103530016233,FLOAT_OUTWARD,1.766815860282378e-15,0.0,0.0,0.0,-0.002762510352683177,0.002762510352683177,0,0,0,0,1.819999306462705e-05,1.1399999493733048e-05,ANALYTIC,9.73999995039776e-05,B,B,B,False,False,False,False,NO_AMBIGUOUS_LABELS,,,,,,
AP0,beijing,Guanyuan,fixed_panel,natural,7578,2014-01-10 18:00:00,2014Q1,beijing_2014-01-10T18:00:00,72,3,logistic,hist_gradient_boosting,97,168,3,0,7.287810397786485e-05,7.287810397786485e-05,7.287810395786485e-05,7.287810399786486e-05,7.287810397786485e-05,7.287810397786485e-05,7.28781036594369e-05,7.287810429629281e-05,FLOAT_OUTWARD,0.0,0.0,0.0,0.0,-7.287810397786485e-05,7.287810397786485e-05,0,0,0,0,1.819999306462705e-05,1.0899995686486363e-05,ANALYTIC,9.050000517163426e-05,B,B,B,False,False,False,False,NO_AMBIGUOUS_LABELS,,,,,,
AP0,beijing,Guanyuan,fixed_panel,natural,7746,2014-01-17 18:00:00,2014Q1,beijing_2014-01-17T18:00:00,72,3,constant,logistic,97,168,5,0,-0.018585718670670364,-0.018585718670670364,-0.018585718670690365,-0.018585718670650363,-0.018585718670670392,-0.018585718670670392,-0.01858571867098882,-0.018585718670351963,FLOAT_OUTWARD,0.0,2.6922908347160046e-15,0.0,0.0,0.018585718670670364,-0.018585718670670364,0,0,0,0,2.0399995264597237e-05,1.340000017080456e-05,ANALYTIC,0.00013359999866224825,A,A,A,False,False,False,False,NO_AMBIGUOUS_LABELS,,,,,,
AP0,beijing,Guanyuan,fixed_panel,natural,7746,2014-01-17 18:00:00,2014Q1,beijing_2014-01-17T18:00:00,72,3,constant,hist_gradient_boosting,97,168,5,0,-0.11806899048628965,-0.11806899048628965,-0.11806899048630959,-0.11806899048626965,-0.11806899048628945,-0.11806899048628945,-0.11806899048660788,-0.11806899048597103,FLOAT_OUTWARD,1.8846035843012032e-14,0.0,0.0,0.0,0.11806899048628965,-0.11806899048628965,0,0,0,0,2.0399995264597237e-05,1.2200005585327744e-05,ANALYTIC,0.00010509999992791563,A,A,A,False,False,False,False,NO_AMBIGUOUS_LABELS,,,,,,
AP0,beijing,Guanyuan,fixed_panel,natural,7746,2014-01-17 18:00:00,2014Q1,beijing_2014-01-17T18:00:00,72,3,logistic,hist_gradient_boosting,97,168,5,0,-0.09948327181561924,-0.09948327181561924,-0.09948327181563921,-0.09948327181559924,-0.09948327181561933,-0.09948327181561933,-0.09948327181593776,-0.09948327181530091,FLOAT_OUTWARD,0.0,9.423017921506016e-15,0.0,0.0,0.09948327181561924,-0.09948327181561924,0,0,0,0,2.0399995264597237e-05,1.1800002539530396e-05,ANALYTIC,9.879999561235309e-05,A,A,A,False,False,False,False,NO_AMBIGUOUS_LABELS,,,,,,
AP0,beijing,Guanyuan,fixed_panel,natural,7914,2014-01-24 18:00:00,2014Q1,beijing_2014-01-24T18:00:00,72,3,constant,logistic,97,168,5,0,-0.0030717395199546067,-0.0030717395199546067,-0.0030717395199746068,-0.0030717395199346066,-0.0030717395199546136,-0.0030717395199546136,-0.0030717395202730416,-0.0030717395196361856,FLOAT_OUTWARD,0.0,6.730727086790012e-16,0.0,0.0,0.0030717395199546067,-0.0030717395199546067,0,0,0,0,1.9700004486367106e-05,1.2699994840659201e-05,ANALYTIC,0.00012469998910091817,A,A,A,False,False,False,False,NO_AMBIGUOUS_LABELS,,,,,,
AP0,beijing,Guanyuan,fixed_panel,natural,7914,2014-01-24 18:00:00,2014Q1,beijing_2014-01-24T18:00:00,72,3,constant,hist_gradient_boosting,97,168,5,0,-0.019618053517682442,-0.019618053517682442,-0.01961805351770244,-0.01961805351766244,-0.019618053517682442,-0.019618053517682442,-0.01961805351800087,-0.019618053517364013,FLOAT_OUTWARD,0.0,0.0,0.0,0.0,0.019618053517682442,-0.019618053517682442,0,0,0,0,1.9700004486367106e-05,1.1900003300979733e-05,ANALYTIC,0.00010259999544359744,A,A,A,False,False,False,False,NO_AMBIGUOUS_LABELS,,,,,,
AP0,beijing,Guanyuan,fixed_panel,natural,7914,2014-01-24 18:00:00,2014Q1,beijing_2014-01-24T18:00:00,72,3,logistic,hist_gradient_boosting,97,168,5,0,-0.01654631399772783,-0.01654631399772783,-0.016546313997747832,-0.01654631399770783,-0.016546313997727814,-0.016546313997727814,-0.016546313998046243,-0.016546313997409384,FLOAT_OUTWARD,1.6826817716975029e-15,0.0,0.0,0.0,0.01654631399772783,-0.01654631399772783,0,0,0,0,1.9700004486367106e-05,1.1399999493733048e-05,ANALYTIC,9.600000339560211e-05,A,A,A,False,False,False,False,NO_AMBIGUOUS_LABELS,,,,,,
AP0,beijing,Guanyuan,fixed_panel,natural,8082,2014-01-31 18:00:00,2014Q1,beijing_2014-01-31T18:00:00,72,3,constant,logistic,97,168,0,0,-0.023240595854492358,-0.023240595854492358,-0.023240595854512342,-0.023240595854472357,-0.02324059585449238,-0.02324059585449238,-0.023240595854810808,-0.02324059585417395,FLOAT_OUTWARD,0.0,2.0192181260370035e-15,0.0,0.0,0.023240595854492358,-0.023240595854492358,0,0,0,0,1.8799997633323073e-05,1.239999255631119e-05,ANALYTIC,0.00012379999679978937,A,A,A,False,False,False,False,NO_AMBIGUOUS_LABELS,,,,,,
AP0,beijing,Guanyuan,fixed_panel,natural,8082,2014-01-31 18:00:00,2014Q1,beijing_2014-01-31T18:00:00,72,3,constant,hist_gradient_boosting,97,168,0,0,-0.0062706286019221895,-0.0062706286019221895,-0.006270628601942189,-0.006270628601902191,-0.006270628601922219,-0.006270628601922219,-0.0062706286022406466,-0.006270628601603791,FLOAT_OUTWARD,0.0,2.860559011885755e-15,0.0,0.0,0.0062706286019221895,-0.0062706286019221895,0,0,0,0,1.8799997633323073e-05,1.1500000255182385e-05,ANALYTIC,0.00010089999705087394,A,A,A,False,False,False,False,NO_AMBIGUOUS_LABELS,,,,,,
AP0,beijing,Guanyuan,fixed_panel,natural,8082,2014-01-31 18:00:00,2014Q1,beijing_2014-01-31T18:00:00,72,3,logistic,hist_gradient_boosting,97,168,0,0,0.01696996725257015,0.01696996725257015,0.016969967252550153,0.016969967252590153,0.01696996725257015,0.01696996725257015,0.016969967252251722,0.01696996725288858,FLOAT_OUTWARD,0.0,0.0,0.0,0.0,-0.01696996725257015,0.01696996725257015,0,0,0,0,1.8799997633323073e-05,1.1099997209385037e-05,ANALYTIC,9.73999995039776e-05,B,B,B,False,False,False,False,NO_AMBIGUOUS_LABELS,,,,,,
AP0,beijing,Guanyuan,fixed_panel,natural,8250,2014-02-07 18:00:00,2014Q1,beijing_2014-02-07T18:00:00,72,3,constant,logistic,97,168,3,0,-0.003744503829360197,-0.003744503829360197,-0.003744503829380197,-0.003744503829340197,-0.0037445038293601996,-0.0037445038293601996,-0.0037445038296786276,-0.0037445038290417716,FLOAT_OUTWARD,0.0,2.5240226575462543e-16,0.0,0.0,0.003744503829360197,-0.003744503829360197,0,0,0,0,2.0000006770715117e-05,1.2899996363557875e-05,ANALYTIC,0.00012349999451544136,A,A,A,False,False,False,False,NO_AMBIGUOUS_LABELS,,,,,,
AP0,beijing,Guanyuan,fixed_panel,natural,8250,2014-02-07 18:00:00,2014Q1,beijing_2014-02-07T18:00:00,72,3,constant,hist_gradient_boosting,97,168,3,0,-0.005841263084480831,-0.005841263084480831,-0.005841263084500831,-0.005841263084460835,-0.005841263084480831,-0.005841263084480831,-0.005841263084799259,-0.005841263084162404,FLOAT_OUTWARD,0.0,0.0,0.0,0.0,0.005841263084480831,-0.005841263084480831,0,0,0,0,2.0000006770715117e-05,1.1699987226165831e-05,ANALYTIC,0.00010200000542681664,A,A,A,False,False,False,False,NO_AMBIGUOUS_LABELS,,,,,,
AP0,beijing,Guanyuan,fixed_panel,natural,8250,2014-02-07 18:00:00,2014Q1,beijing_2014-02-07T18:00:00,72,3,logistic,hist_gradient_boosting,97,168,3,0,-0.002096759255120639,-0.002096759255120639,-0.002096759255140638,-0.002096759255100639,-0.0020967592551206665,-0.0020967592551206665,-0.0020967592554390945,-0.0020967592548022385,FLOAT_OUTWARD,0.0,2.650223790423567e-15,0.0,0.0,0.002096759255120639,-0.002096759255120639,0,0,0,0,2.0000006770715117e-05,1.1399999493733048e-05,ANALYTIC,9.560000034980476e-05,A,A,A,False,False,False,False,NO_AMBIGUOUS_LABELS,,,,,,
AP0,beijing,Guanyuan,fixed_panel,natural,8418,2014-02-14 18:00:00,2014Q1,beijing_2014-02-14T18:00:00,72,3,constant,logistic,97,168,2,0,-0.02954877779437754,-0.02954877779437754,-0.029548777794397532,-0.02954877779435754,-0.02954877779437754,-0.02954877779437754,-0.02954877779469597,-0.029548777794059112,FLOAT_OUTWARD,0.0,0.0,0.0,0.0,0.02954877779437754,-0.02954877779437754,0,0,0,0,1.8700011423788965e-05,1.270000939257443e-05,ANALYTIC,0.00011899998935405165,A,A,A,False,False,False,False,NO_AMBIGUOUS_LABELS,,,,,,
AP0,beijing,Guanyuan,fixed_panel,natural,8418,2014-02-14 18:00:00,2014Q1,beijing_2014-02-14T18:00:00,72,3,constant,hist_gradient_boosting,97,168,2,0,-0.10319229498058367,-0.10319229498058367,-0.10319229498060367,-0.10319229498056369,-0.1031922949805837,-0.1031922949805837,-0.10319229498090213,-0.10319229498026528,FLOAT_OUTWARD,0.0,2.6922908347160046e-15,0.0,0.0,0.10319229498058367,-0.10319229498058367,0,0,0,0,1.8700011423788965e-05,1.1799987987615168e-05,ANALYTIC,9.980000322684646e-05,A,A,A,False,False,False,False,NO_AMBIGUOUS_LABELS,,,,,,
AP0,beijing,Guanyuan,fixed_panel,natural,8418,2014-02-14 18:00:00,2014Q1,beijing_2014-02-14T18:00:00,72,3,logistic,hist_gradient_boosting,97,168,2,0,-0.07364351718620615,-0.07364351718620615,-0.07364351718622615,-0.07364351718618616,-0.07364351718620618,-0.07364351718620618,-0.0736435171865246,-0.07364351718588776,FLOAT_OUTWARD,0.0,2.6922908347160046e-15,0.0,0.0,0.07364351718620615,-0.07364351718620615,0,0,0,0,1.8700011423788965e-05,1.1299998732283711e-05,ANALYTIC,9.439999121241271e-05,A,A,A,False,False,False,False,NO_AMBIGUOUS_LABELS,,,,,,
AP0,beijing,Guanyuan,fixed_panel,natural,8586,2014-02-21 18:00:00,2014Q1,beijing_2014-02-21T18:00:00,72,3,constant,logistic,97,168,18,0,0.002233999351843073,0.002233999351843073,0.0022339993518230785,0.002233999351863073,0.002233999351843091,0.002233999351843091,0.002233999351524663,0.002233999352161519,FLOAT_OUTWARD,1.766815860282378e-15,0.0,0.0,0.0,-0.002233999351843073,0.002233999351843073,0,0,0,0,1.8099992303177714e-05,1.2299991794861853e-05,ANALYTIC,0.00012199999764561653,B,B,B,False,False,False,False,NO_AMBIGUOUS_LABELS,,,,,,
AP0,beijing,Guanyuan,fixed_panel,natural,8586,2014-02-21 18:00:00,2014Q1,beijing_2014-02-21T18:00:00,72,3,constant,hist_gradient_boosting,97,168,18,0,-9.112362324730136e-05,-9.112362324730136e-05,-9.112362326730136e-05,-9.112362322731051e-05,-9.112362324733799e-05,-9.112362324733799e-05,-9.112362356576595e-05,-9.112362292891003e-05,FLOAT_OUTWARD,0.0,3.553350647576836e-15,0.0,0.0,9.112362324730136e-05,-9.112362324730136e-05,0,0,0,0,1.8099992303177714e-05,1.1500000255182385e-05,ANALYTIC,9.950000094249845e-05,A,A,A,False,False,False,False,NO_AMBIGUOUS_LABELS,,,,,,
AP0,beijing,Guanyuan,fixed_panel,natural,8586,2014-02-21 18:00:00,2014Q1,beijing_2014-02-21T18:00:00,72,3,logistic,hist_gradient_boosting,97,168,18,0,-0.002325122975090388,-0.002325122975090388,-0.002325122975110388,-0.002325122975070389,-0.0023251229750903784,-0.0023251229750903784,-0.0023251229754088065,-0.0023251229747719504,FLOAT_OUTWARD,9.254749744336266e-16,0.0,0.0,0.0,0.002325122975090388,-0.002325122975090388,0,0,0,0,1.8099992303177714e-05,1.0800009476952255e-05,ANALYTIC,9.410000347997993e-05,A,A,A,False,False,False,False,NO_AMBIGUOUS_LABELS,,,,,,
AP0,beijing,Guanyuan,full_station,natural,6570,2013-11-29 18:00:00,2013Q4,beijing_2013-11-29T18:00:00,24,3,constant,logistic,2167,2190,37,27,0.056641167985422985,0.06361255385792584,0.056641167985403,0.06361255385794584,0.056641167985422694,0.06361255385792566,0.056641167981512475,0.06361255386183588,FLOAT_OUTWARD,0.0,3.9095116033394106e-13,0.006971385872502858,0.006971385872502868,-0.056641167985422985,0.06361255385792584,0,465,51,215,0.0004905999958282337,0.004727899999124929,OPTIMAL_DUAL_OUTWARD,0.0003665999975055456,B,B,B,False,False,False,False,INDEPENDENT_ALREADY_DIRECTED,,,,,,
AP0,beijing,Guanyuan,full_station,natural,6570,2013-11-29 18:00:00,2013Q4,beijing_2013-11-29T18:00:00,24,3,constant,hist_gradient_boosting,2167,2190,37,27,0.025361038295312437,0.031024147840328028,0.025955154802940493,0.03037085266699709,0.025955154802960456,0.030370852666977047,0.025955154799050233,0.03037085267088727,FLOAT_OUTWARD,1.2874504720732582,1.415690640651576,0.005663109545015591,0.005663109545015593,-0.025361038295312437,0.031024147840328028,1,465,51,215,0.0004905999958282337,0.0045409000013023615,OPTIMAL_DUAL_OUTWARD,0.0003549999964889139,B,B,B,False,False,False,False,INDEPENDENT_ALREADY_DIRECTED,,,,,,
AP0,beijing,Guanyuan,full_station,natural,6570,2013-11-29 18:00:00,2013Q4,beijing_2013-11-29T18:00:00,24,3,logistic,hist_gradient_boosting,2167,2190,37,27,-0.03343980130917692,-0.030428734398531488,-0.03324170119096877,-0.030626834516739636,-0.033241701190948846,-0.030626834516759734,-0.033241701194859065,-0.03062683451284951,FLOAT_OUTWARD,0.4292829562002338,0.42928295620060974,0.0030110669106454303,0.0030110669106454325,0.03343980130917692,-0.030428734398531488,1,465,51,215,0.0004905999958282337,0.0044932000018889084,OPTIMAL_DUAL_OUTWARD,0.0003665000112960115,A,A,A,False,False,False,False,INDEPENDENT_ALREADY_DIRECTED,,,,,,
AP0,beijing,Guanyuan,full_station,natural,6570,2013-11-29 18:00:00,2013Q4,beijing_2013-11-29T18:00:00,72,3,constant,logistic,2119,2190,37,0,0.003913934018797098,0.003913934018797098,0.003913934018777102,0.003913934018817098,0.003913934018797014,0.003913934018797014,0.003913934014886793,0.003913934022707235,FLOAT_OUTWARD,0.0,1.7828013371135043e-13,0.0,0.0,-0.003913934018797098,0.003913934018797098,0,0,0,0,3.12999909510836e-05,2.0000006770715117e-05,ANALYTIC,0.0005403999966802076,B,B,B,False,False,False,False,NO_AMBIGUOUS_LABELS,,,,,,
AP0,beijing,Guanyuan,full_station,natural,6570,2013-11-29 18:00:00,2013Q4,beijing_2013-11-29T18:00:00,72,3,constant,hist_gradient_boosting,2119,2190,37,0,-0.019877551534643236,-0.019877551534643236,-0.019877551534663234,-0.019877551534623235,-0.019877551534643233,-0.019877551534643233,-0.019877551538553456,-0.01987755153073301,FLOAT_OUTWARD,7.351758091189708e-15,0.0,0.0,0.0,0.019877551534643236,-0.019877551534643236,0,0,0,0,3.12999909510836e-05,1.889999839477241e-05,ANALYTIC,0.0004994999908376485,A,A,A,False,False,False,False,NO_AMBIGUOUS_LABELS,,,,,,
AP0,beijing,Guanyuan,full_station,natural,6570,2013-11-29 18:00:00,2013Q4,beijing_2013-11-29T18:00:00,72,3,logistic,hist_gradient_boosting,2119,2190,37,0,-0.02379148555344033,-0.02379148555344033,-0.02379148555346033,-0.023791485553420335,-0.023791485553440336,-0.023791485553440336,-0.02379148555735056,-0.023791485549530113,FLOAT_OUTWARD,0.0,1.4703516182379417e-14,0.0,0.0,0.02379148555344033,-0.02379148555344033,0,0,0,0,3.12999909510836e-05,1.820000761654228e-05,ANALYTIC,0.0005044999998062849,A,A,A,False,False,False,False,NO_AMBIGUOUS_LABELS,,,,,,
AP0,beijing,Gucheng,fixed_panel,natural,6570,2013-11-29 18:00:00,2013Q4,beijing_2013-11-29T18:00:00,24,3,constant,logistic,145,168,0,0,0.005970914690843873,0.005970914690843873,0.005970914690823874,0.005970914690863867,0.005970914690843849,0.005970914690843849,0.0059709146905254215,0.005970914691162277,FLOAT_OUTWARD,0.0,3.5214886562329184e-15,0.0,0.0,-0.005970914690843873,0.005970914690843873,0,0,0,0,2.7700007194653153e-05,1.479999627918005e-05,ANALYTIC,0.00019520000205375254,B,B,B,False,False,False,False,NO_AMBIGUOUS_LABELS,,,,,,
AP0,beijing,Gucheng,fixed_panel,natural,6570,2013-11-29 18:00:00,2013Q4,beijing_2013-11-29T18:00:00,24,3,constant,hist_gradient_boosting,145,168,0,0,-0.06634168614436305,-0.06634168614436305,-0.06634168614438303,-0.06634168614434305,-0.06634168614436309,-0.06634168614436309,-0.06634168614468151,-0.06634168614404466,FLOAT_OUTWARD,0.0,6.036837696399289e-15,0.0,0.0,0.06634168614436305,-0.06634168614436305,0,0,0,0,2.7700007194653153e-05,1.300001167692244e-05,ANALYTIC,0.00010059999476652592,A,A,A,False,False,False,False,NO_AMBIGUOUS_LABELS,,,,,,
AP0,beijing,Gucheng,fixed_panel,natural,6570,2013-11-29 18:00:00,2013Q4,beijing_2013-11-29T18:00:00,24,3,logistic,hist_gradient_boosting,145,168,0,0,-0.07231260083520691,-0.07231260083520691,-0.07231260083522689,-0.07231260083518691,-0.07231260083520681,-0.07231260083520681,-0.07231260083552524,-0.07231260083488839,FLOAT_OUTWARD,1.4085954624931674e-14,0.0,0.0,0.0,0.07231260083520691,-0.07231260083520691,0,0,0,0,2.7700007194653153e-05,1.2199991033412516e-05,ANALYTIC,8.860000525601208e-05,A,A,A,False,False,False,False,NO_AMBIGUOUS_LABELS,,,,,,
AP0,beijing,Gucheng,fixed_panel,natural,6738,2013-12-06 18:00:00,2013Q4,beijing_2013-12-06T18:00:00,24,3,constant,logistic,145,168,0,0,0.143744262228955,0.143744262228955,0.14374426222893502,0.14374426222897502,0.143744262228955,0.143744262228955,0.14374426222863657,0.14374426222927345,FLOAT_OUTWARD,0.0,0.0,0.0,0.0,-0.143744262228955,0.143744262228955,0,0,0,0,2.0799998310394585e-05,1.4300007023848593e-05,ANALYTIC,0.0001235999952768907,B,B,B,False,False,False,False,NO_AMBIGUOUS_LABELS,,,,,,
AP0,beijing,Gucheng,fixed_panel,natural,6738,2013-12-06 18:00:00,2013Q4,beijing_2013-12-06T18:00:00,24,3,constant,hist_gradient_boosting,145,168,0,0,0.08192244372187828,0.08192244372187828,0.08192244372185829,0.08192244372189827,0.08192244372187829,0.08192244372187829,0.08192244372155986,0.08192244372219672,FLOAT_OUTWARD,2.0122792321330962e-15,0.0,0.0,0.0,-0.08192244372187828,0.08192244372187828,0,0,0,0,2.0799998310394585e-05,1.2599994079209864e-05,ANALYTIC,9.359999967273325e-05,B,B,B,False,False,False,False,NO_AMBIGUOUS_LABELS,,,,,,
AP0,beijing,Gucheng,fixed_panel,natural,6738,2013-12-06 18:00:00,2013Q4,beijing_2013-12-06T18:00:00,24,3,logistic,hist_gradient_boosting,145,168,0,0,-0.06182181850707674,-0.06182181850707674,-0.06182181850709674,-0.061821818507056744,-0.06182181850707673,-0.06182181850707673,-0.061821818507395154,-0.0618218185067583,FLOAT_OUTWARD,2.0122792321330962e-15,0.0,0.0,0.0,0.06182181850707674,-0.06182181850707674,0,0,0,0,2.0799998310394585e-05,1.2499993317760527e-05,ANALYTIC,8.639998850412667e-05,A,A,A,False,False,False,False,NO_AMBIGUOUS_LABELS,,,,,,
AP0,beijing,Gucheng,fixed_panel,natural,6906,2013-12-13 18:00:00,2013Q4,beijing_2013-12-13T18:00:00,24,3,constant,logistic,145,168,0,0,-0.02448484404720433,-0.02448484404720433,-0.02448484404722433,-0.02448484404718434,-0.024484844047204354,-0.024484844047204354,-0.024484844047522783,-0.024484844046885924,FLOAT_OUTWARD,0.0,3.5214886562329184e-15,0.0,0.0,0.02448484404720433,-0.02448484404720433,0,0,0,0,2.0399995264597237e-05,1.3700002455152571e-05,ANALYTIC,0.00011680000170599669,A,A,A,False,False,False,False,NO_AMBIGUOUS_LABELS,,,,,,
AP0,beijing,Gucheng,fixed_panel,natural,6906,2013-12-13 18:00:00,2013Q4,beijing_2013-12-13T18:00:00,24,3,constant,hist_gradient_boosting,145,168,0,0,-0.09009291844971529,-0.09009291844971529,-0.09009291844973526,-0.09009291844969529,-0.09009291844971526,-0.09009291844971526,-0.09009291845003368,-0.09009291844939683,FLOAT_OUTWARD,4.0245584642661925e-15,0.0,0.0,0.0,0.09009291844971529,-0.09009291844971529,0,0,0,0,2.0399995264597237e-05,1.2300006346777081e-05,ANALYTIC,9.209998825099319e-05,A,A,A,False,False,False,False,NO_AMBIGUOUS_LABELS,,,,,,
AP0,beijing,Gucheng,fixed_panel,natural,6906,2013-12-13 18:00:00,2013Q4,beijing_2013-12-13T18:00:00,24,3,logistic,hist_gradient_boosting,145,168,0,0,-0.06560807440251093,-0.06560807440251093,-0.06560807440253091,-0.06560807440249093,-0.0656080744025109,-0.0656080744025109,-0.06560807440282933,-0.06560807440219248,FLOAT_OUTWARD,4.0245584642661925e-15,0.0,0.0,0.0,0.06560807440251093,-0.06560807440251093,0,0,0,0,2.0399995264597237e-05,1.1900003300979733e-05,ANALYTIC,8.519999391864985e-05,A,A,A,False,False,False,False,NO_AMBIGUOUS_LABELS,,,,,,
AP0,beijing,Gucheng,fixed_panel,natural,7074,2013-12-20 18:00:00,2013Q4,beijing_2013-12-20T18:00:00,24,3,constant,logistic,145,168,0,0,0.10980814564687646,0.10980814564687646,0.1098081456468565,0.10980814564689646,0.10980814564687666,0.10980814564687666,0.10980814564655823,0.10980814564719509,FLOAT_OUTWARD,2.8171909249863347e-14,0.0,0.0,0.0,-0.10980814564687646,0.10980814564687646,0,0,0,0,1.9700004486367106e-05,1.3900003978051245e-05,ANALYTIC,0.00011700000322889537,B,B,B,False,False,False,False,NO_AMBIGUOUS_LABELS,,,,,,
AP0,beijing,Gucheng,fixed_panel,natural,7074,2013-12-20 18:00:00,2013Q4,beijing_2013-12-20T18:00:00,24,3,constant,hist_gradient_boosting,145,168,0,0,0.08052577778244802,0.08052577778244802,0.08052577778242802,0.08052577778246801,0.08052577778244811,0.08052577778244811,0.08052577778212969,0.08052577778276654,FLOAT_OUTWARD,1.4085954624931674e-14,0.0,0.0,0.0,-0.08052577778244802,0.08052577778244802,0,0,0,0,1.9700004486367106e-05,1.2600008631125093e-05,ANALYTIC,9.159999899566174e-05,B,B,B,False,False,False,False,NO_AMBIGUOUS_LABELS,,,,,,
AP0,beijing,Gucheng,fixed_panel,natural,7074,2013-12-20 18:00:00,2013Q4,beijing_2013-12-20T18:00:00,24,3,logistic,hist_gradient_boosting,145,168,0,0,-0.02928236786442847,-0.02928236786442847,-0.02928236786444847,-0.029282367864408475,-0.02928236786442847,-0.02928236786442847,-0.0292823678647469,-0.02928236786411004,FLOAT_OUTWARD,0.0,0.0,0.0,0.0,0.02928236786442847,-0.02928236786442847,0,0,0,0,1.9700004486367106e-05,1.5600002370774746e-05,ANALYTIC,8.610000077169389e-05,A,A,A,False,False,False,False,NO_AMBIGUOUS_LABELS,,,,,,
AP0,beijing,Gucheng,fixed_panel,natural,7242,2013-12-27 18:00:00,2013Q4,beijing_2013-12-27T18:00:00,24,3,constant,logistic,145,168,0,0,0.0003816139524703082,0.0003816139524703082,0.0003816139524503082,0.000381613952490299,0.00038161395247030206,0.00038161395247030206,0.0003816139521518741,0.00038161395278873,FLOAT_OUTWARD,0.0,8.882326298087495e-16,0.0,0.0,-0.0003816139524703082,0.0003816139524703082,0,0,0,0,1.999999221879989e-05,1.4500008546747267e-05,ANALYTIC,0.00020589999621734023,B,B,B,False,False,False,False,NO_AMBIGUOUS_LABELS,,,,,,
AP0,beijing,Gucheng,fixed_panel,natural,7242,2013-12-27 18:00:00,2013Q4,beijing_2013-12-27T18:00:00,24,3,constant,hist_gradient_boosting,145,168,0,0,0.021300062206232852,0.021300062206232852,0.02130006220621285,0.02130006220625285,0.021300062206232883,0.021300062206232883,0.021300062205914454,0.021300062206551312,FLOAT_OUTWARD,4.5276282722994665e-15,0.0,0.0,0.0,-0.021300062206232852,0.021300062206232852,0,0,0,0,1.999999221879989e-05,1.239999255631119e-05,ANALYTIC,9.539999882690609e-05,B,B,B,False,False,False,False,NO_AMBIGUOUS_LABELS,,,,,,
AP0,beijing,Gucheng,fixed_panel,natural,7242,2013-12-27 18:00:00,2013Q4,beijing_2013-12-27T18:00:00,24,3,logistic,hist_gradient_boosting,145,168,0,0,0.020918448253762552,0.020918448253762552,0.02091844825374255,0.02091844825378255,0.020918448253762552,0.020918448253762552,0.020918448253444123,0.02091844825408098,FLOAT_OUTWARD,0.0,0.0,0.0,0.0,-0.020918448253762552,0.020918448253762552,0,0,0,0,1.999999221879989e-05,1.2099990271963179e-05,ANALYTIC,8.6199986981228e-05,B,B,B,False,False,False,False,NO_AMBIGUOUS_LABELS,,,,,,
AP0,beijing,Gucheng,fixed_panel,natural,7410,2014-01-03 18:00:00,2014Q1,beijing_2014-01-03T18:00:00,24,3,constant,logistic,145,168,0,0,0.17256817703250557,0.17256817703250557,0.17256817703248556,0.17256817703252555,0.17256817703250557,0.17256817703250557,0.17256817703218713,0.172568177032824,FLOAT_OUTWARD,0.0,0.0,0.0,0.0,-0.17256817703250557,0.17256817703250557,0,0,0,0,1.9799990695901215e-05,1.3999990187585354e-05,ANALYTIC,0.00011700000322889537,B,B,B,False,False,False,False,NO_AMBIGUOUS_LABELS,,,,,,
AP0,beijing,Gucheng,fixed_panel,natural,7410,2014-01-03 18:00:00,2014Q1,beijing_2014-01-03T18:00:00,24,3,constant,hist_gradient_boosting,145,168,0,0,0.15871712132445623,0.15871712132445623,0.15871712132443622,0.1587171213244762,0.15871712132445634,0.15871712132445634,0.1587171213241379,0.15871712132477478,FLOAT_OUTWARD,1.609823385706477e-14,0.0,0.0,0.0,-0.15871712132445623,0.15871712132445623,0,0,0,0,1.9799990695901215e-05,1.2699994840659201e-05,ANALYTIC,9.06000059330836e-05,B,B,B,False,False,False,False,NO_AMBIGUOUS_LABELS,,,,,,
AP0,beijing,Gucheng,fixed_panel,natural,7410,2014-01-03 18:00:00,2014Q1,beijing_2014-01-03T18:00:00,24,3,logistic,hist_gradient_boosting,145,168,0,0,-0.013851055708049368,-0.013851055708049368,-0.013851055708069365,-0.013851055708029369,-0.013851055708049365,-0.013851055708049365,-0.013851055708367793,-0.013851055707730937,FLOAT_OUTWARD,5.030698080332741e-16,0.0,0.0,0.0,0.013851055708049368,-0.013851055708049368,0,0,0,0,1.9799990695901215e-05,1.2100004823878407e-05,ANALYTIC,8.440000237897038e-05,A,A,A,False,False,False,False,NO_AMBIGUOUS_LABELS,,,,,,
AP0,beijing,Gucheng,fixed_panel,natural,7578,2014-01-10 18:00:00,2014Q1,beijing_2014-01-10T18:00:00,24,3,constant,logistic,145,168,2,0,0.06715694150665967,0.06715694150665967,0.0671569415066397,0.06715694150667967,0.06715694150665961,0.06715694150665961,0.06715694150634119,0.06715694150697804,FLOAT_OUTWARD,0.0,8.049116928532385e-15,0.0,0.0,-0.06715694150665967,0.06715694150665967,0,0,0,0,1.9699989934451878e-05,1.3700002455152571e-05,ANALYTIC,0.00011979999544564635,B,B,B,False,False,False,False,NO_AMBIGUOUS_LABELS,,,,,,
AP0,beijing,Gucheng,fixed_panel,natural,7578,2014-01-10 18:00:00,2014Q1,beijing_2014-01-10T18:00:00,24,3,constant,hist_gradient_boosting,145,168,2,0,0.0964243058947019,0.0964243058947019,0.09642430589468194,0.0964243058947219,0.096424305894702,0.096424305894702,0.09642430589438357,0.09642430589502042,FLOAT_OUTWARD,1.4085954624931674e-14,0.0,0.0,0.0,-0.0964243058947019,0.0964243058947019,0,0,0,0,1.9699989934451878e-05,1.2300006346777081e-05,ANALYTIC,9.049999061971903e-05,B,B,B,False,False,False,False,NO_AMBIGUOUS_LABELS,,,,,,
AP0,beijing,Gucheng,fixed_panel,natural,7578,2014-01-10 18:00:00,2014Q1,beijing_2014-01-10T18:00:00,24,3,logistic,hist_gradient_boosting,145,168,2,0,0.029267364388042266,0.029267364388042266,0.029267364388022264,0.029267364388062267,0.029267364388042266,0.029267364388042266,0.029267364387723836,0.029267364388360695,FLOAT_OUTWARD,0.0,0.0,0.0,0.0,-0.029267364388042266,0.029267364388042266,0,0,0,0,1.9699989934451878e-05,1.1600001016631722e-05,ANALYTIC,8.420000085607171e-05,B,B,B,False,False,False,False,NO_AMBIGUOUS_LABELS,,,,,,
AP0,beijing,Gucheng,fixed_panel,natural,7746,2014-01-17 18:00:00,2014Q1,beijing_2014-01-17T18:00:00,24,3,constant,logistic,145,168,15,0,0.08058445440468762,0.08058445440468762,0.08058445440466762,0.08058445440470756,0.08058445440468756,0.08058445440468756,0.08058445440436914,0.08058445440500599,FLOAT_OUTWARD,0.0,8.049116928532385e-15,0.0,0.0,-0.08058445440468762,0.08058445440468762,0,0,0,0,2.0399995264597237e-05,1.3500000932253897e-05,ANALYTIC,0.00011990001075901091,B,B,B,False,False,False,False,NO_AMBIGUOUS_LABELS,,,,,,
AP0,beijing,Gucheng,fixed_panel,natural,7746,2014-01-17 18:00:00,2014Q1,beijing_2014-01-17T18:00:00,24,3,constant,hist_gradient_boosting,145,168,15,0,-0.00134718490065056,-0.00134718490065056,-0.0013471849006705416,-0.00134718490063056,-0.00134718490065056,-0.00134718490065056,-0.001347184900968988,-0.001347184900332132,FLOAT_OUTWARD,0.0,0.0,0.0,0.0,0.00134718490065056,-0.00134718490065056,0,0,0,0,2.0399995264597237e-05,1.2100004823878407e-05,ANALYTIC,8.939999679569155e-05,A,A,A,False,False,False,False,NO_AMBIGUOUS_LABELS,,,,,,
AP0,beijing,Gucheng,fixed_panel,natural,7746,2014-01-17 18:00:00,2014Q1,beijing_2014-01-17T18:00:00,24,3,logistic,hist_gradient_boosting,145,168,15,0,-0.08193163930533807,-0.08193163930533807,-0.08193163930535807,-0.0819316393053181,-0.08193163930533813,-0.08193163930533813,-0.08193163930565656,-0.0819316393050197,FLOAT_OUTWARD,0.0,8.049116928532385e-15,0.0,0.0,0.08193163930533807,-0.08193163930533807,0,0,0,0,2.0399995264597237e-05,1.1900003300979733e-05,ANALYTIC,8.360001083929092e-05,A,A,A,False,False,False,False,NO_AMBIGUOUS_LABELS,,,,,,
AP0,beijing,Gucheng,fixed_panel,natural,7914,2014-01-24 18:00:00,2014Q1,beijing_2014-01-24T18:00:00,24,3,constant,logistic,145,168,5,21,-0.08028573258067784,-0.02437972727366092,-0.07778537194518069,-0.026880087909158093,-0.07778537194516073,-0.026880087909178063,-0.07778537194547916,-0.026880087908859634,FLOAT_OUTWARD,0.36255229214998014,0.36255229214998563,0.05590600530701692,0.05590600530701693,0.08028573258067784,-0.02437972727366092,1,400,41,160,0.00040610000723972917,0.0055447000049753115,OPTIMAL_DUAL_OUTWARD,0.00011559999256860465,A,A,A,False,False,False,False,INDEPENDENT_ALREADY_DIRECTED,,,,,,
AP0,beijing,Gucheng,fixed_panel,natural,7914,2014-01-24 18:00:00,2014Q1,beijing_2014-01-24T18:00:00,24,3,constant,hist_gradient_boosting,145,168,5,21,-0.07063911937580061,0.0006503779573402554,-0.04700214785994682,-0.0251843618466354,-0.047002147859926804,-0.025184361846655425,-0.04700214786024523,-0.025184361846336996,FLOAT_OUTWARD,3.4273608698017024,3.746037271579374,0.07128949733314087,0.07128949733314086,0.07063911937580061,0.0006503779573402554,1,400,41,160,0.00040610000723972917,0.005418599990662187,OPTIMAL_DUAL_OUTWARD,0.00011280000035185367,OPPOSITE_POSSIBLE,A,A,True,True,True,False,JOINT_NEW_STRICT,,,,,,
AP0,beijing,Gucheng,fixed_panel,natural,7914,2014-01-24 18:00:00,2014Q1,beijing_2014-01-24T18:00:00,24,3,logistic,hist_gradient_boosting,145,168,5,21,-0.0008482370579757318,0.03552495549385411,0.0016957260625026797,0.03298099237337572,0.0016957260625226692,0.03298099237335573,0.0016957260622042412,0.032980992373674155,FLOAT_OUTWARD,0.36887465247226814,0.36887465247226486,0.03637319255182984,0.03637319255182984,0.0008482370579757318,0.03552495549385411,1,400,41,160,0.00040610000723972917,0.005397899993113242,OPTIMAL_DUAL_OUTWARD,0.00012450000212993473,OPPOSITE_POSSIBLE,B,B,True,True,True,False,JOINT_NEW_STRICT,,,,,,
AP0,beijing,Gucheng,fixed_panel,natural,8082,2014-01-31 18:00:00,2014Q1,beijing_2014-01-31T18:00:00,24,3,constant,logistic,145,168,0,0,0.07623296868926978,0.07623296868926978,0.0762329686892498,0.07623296868928978,0.07623296868926985,0.07623296868926985,0.07623296868895142,0.07623296868958827,FLOAT_OUTWARD,1.0061396160665481e-14,0.0,0.0,0.0,-0.07623296868926978,0.07623296868926978,0,0,0,0,0.00016379999578930438,1.5099998563528061e-05,ANALYTIC,0.0002119999990100041,B,B,B,False,False,False,False,NO_AMBIGUOUS_LABELS,,,,,,
AP0,beijing,Gucheng,fixed_panel,natural,8082,2014-01-31 18:00:00,2014Q1,beijing_2014-01-31T18:00:00,24,3,constant,hist_gradient_boosting,145,168,0,0,0.07703586504701236,0.07703586504701236,0.07703586504699238,0.07703586504703236,0.0770358650470123,0.0770358650470123,0.07703586504669388,0.07703586504733073,FLOAT_OUTWARD,0.0,8.049116928532385e-15,0.0,0.0,-0.07703586504701236,0.07703586504701236,0,0,0,0,0.00016379999578930438,1.440000778529793e-05,ANALYTIC,0.0002359000063734129,B,B,B,False,False,False,False,NO_AMBIGUOUS_LABELS,,,,,,
AP0,beijing,Gucheng,fixed_panel,natural,8082,2014-01-31 18:00:00,2014Q1,beijing_2014-01-31T18:00:00,24,3,logistic,hist_gradient_boosting,145,168,0,0,0.0008028963577425759,0.0008028963577425759,0.000802896357722582,0.0008028963577625758,0.0008028963577425759,0.0008028963577425759,0.000802896357424148,0.0008028963580610038,FLOAT_OUTWARD,0.0,0.0,0.0,0.0,-0.0008028963577425759,0.0008028963577425759,0,0,0,0,0.00016379999578930438,1.2899996363557875e-05,ANALYTIC,0.00010859999747481197,B,B,B,False,False,False,False,NO_AMBIGUOUS_LABELS,,,,,,
AP0,beijing,Gucheng,fixed_panel,natural,8250,2014-02-07 18:00:00,2014Q1,beijing_2014-02-07T18:00:00,24,3,constant,logistic,145,168,5,0,0.0751329007987671,0.0751329007987671,0.07513290079874711,0.0751329007987871,0.07513290079876707,0.07513290079876707,0.07513290079844864,0.0751329007990855,FLOAT_OUTWARD,0.0,4.0245584642661925e-15,0.0,0.0,-0.0751329007987671,0.0751329007987671,0,0,0,0,1.9700004486367106e-05,0.00015259999781847,ANALYTIC,0.00011419999646022916,B,B,B,False,False,False,False,NO_AMBIGUOUS_LABELS,,,,,,
AP0,beijing,Gucheng,fixed_panel,natural,8250,2014-02-07 18:00:00,2014Q1,beijing_2014-02-07T18:00:00,24,3,constant,hist_gradient_boosting,145,168,5,0,0.06980254429257407,0.06980254429257407,0.06980254429255407,0.06980254429259404,0.06980254429257411,0.06980254429257411,0.06980254429225569,0.06980254429289254,FLOAT_OUTWARD,6.036837696399289e-15,0.0,0.0,0.0,-0.06980254429257407,0.06980254429257407,0,0,0,0,1.9700004486367106e-05,1.340000017080456e-05,ANALYTIC,0.00022309999621938914,B,B,B,False,False,False,False,NO_AMBIGUOUS_LABELS,,,,,,
AP0,beijing,Gucheng,fixed_panel,natural,8250,2014-02-07 18:00:00,2014Q1,beijing_2014-02-07T18:00:00,24,3,logistic,hist_gradient_boosting,145,168,5,0,-0.0053303565061930515,-0.0053303565061930515,-0.005330356506213051,-0.005330356506173055,-0.0053303565061930515,-0.0053303565061930515,-0.005330356506511479,-0.005330356505874624,FLOAT_OUTWARD,0.0,0.0,0.0,0.0,0.0053303565061930515,-0.0053303565061930515,0,0,0,0,1.9700004486367106e-05,1.170000177808106e-05,ANALYTIC,8.949999755714089e-05,A,A,A,False,False,False,False,NO_AMBIGUOUS_LABELS,,,,,,
AP0,beijing,Gucheng,fixed_panel,natural,8418,2014-02-14 18:00:00,2014Q1,beijing_2014-02-14T18:00:00,24,3,constant,logistic,145,168,3,0,-0.056478676886404774,-0.056478676886404774,-0.056478676886424745,-0.05647867688638478,-0.0564786768864047,-0.0564786768864047,-0.056478676886723124,-0.05647867688608627,FLOAT_OUTWARD,1.106753577673203e-14,0.0,0.0,0.0,0.056478676886404774,-0.056478676886404774,0,0,0,0,2.890000178012997e-05,1.5300000086426735e-05,ANALYTIC,0.00017130000924225897,A,A,A,False,False,False,False,NO_AMBIGUOUS_LABELS,,,,,,
AP0,beijing,Gucheng,fixed_panel,natural,8418,2014-02-14 18:00:00,2014Q1,beijing_2014-02-14T18:00:00,24,3,constant,hist_gradient_boosting,145,168,3,0,-0.12367147397847227,-0.12367147397847227,-0.12367147397849226,-0.12367147397845227,-0.12367147397847233,-0.12367147397847233,-0.12367147397879076,-0.12367147397815391,FLOAT_OUTWARD,0.0,1.0061396160665481e-14,0.0,0.0,0.12367147397847227,-0.12367147397847227,0,0,0,0,2.890000178012997e-05,1.4200006262399256e-05,ANALYTIC,9.980000322684646e-05,A,A,A,False,False,False,False,NO_AMBIGUOUS_LABELS,,,,,,
AP0,beijing,Gucheng,fixed_panel,natural,8418,2014-02-14 18:00:00,2014Q1,beijing_2014-02-14T18:00:00,24,3,logistic,hist_gradient_boosting,145,168,3,0,-0.06719279709206756,-0.06719279709206756,-0.06719279709208754,-0.06719279709204756,-0.06719279709206756,-0.06719279709206756,-0.06719279709238599,-0.06719279709174913,FLOAT_OUTWARD,0.0,0.0,0.0,0.0,0.06719279709206756,-0.06719279709206756,0,0,0,0,2.890000178012997e-05,1.2599994079209864e-05,ANALYTIC,9.309999586548656e-05,A,A,A,False,False,False,False,NO_AMBIGUOUS_LABELS,,,,,,
AP0,beijing,Gucheng,fixed_panel,natural,8586,2014-02-21 18:00:00,2014Q1,beijing_2014-02-21T18:00:00,24,3,constant,logistic,145,168,14,0,0.07393676067466558,0.07393676067466558,0.07393676067464558,0.07393676067468558,0.07393676067466567,0.07393676067466567,0.07393676067434725,0.0739367606749841,FLOAT_OUTWARD,1.4085954624931674e-14,0.0,0.0,0.0,-0.07393676067466558,0.07393676067466558,0,0,0,0,1.9500002963468432e-05,1.3200013199821115e-05,ANALYTIC,0.00011500000255182385,B,B,B,False,False,False,False,NO_AMBIGUOUS_LABELS,,,,,,
AP0,beijing,Gucheng,fixed_panel,natural,8586,2014-02-21 18:00:00,2014Q1,beijing_2014-02-21T18:00:00,24,3,constant,hist_gradient_boosting,145,168,14,0,0.04079030418322166,0.04079030418322166,0.04079030418320166,0.04079030418324166,0.04079030418322151,0.04079030418322151,0.04079030418290308,0.04079030418353993,FLOAT_OUTWARD,0.0,2.213507155346406e-14,0.0,0.0,-0.04079030418322166,0.04079030418322166,0,0,0,0,1.9500002963468432e-05,1.2300006346777081e-05,ANALYTIC,9.240000508725643e-05,B,B,B,False,False,False,False,NO_AMBIGUOUS_LABELS,,,,,,
AP0,beijing,Gucheng,fixed_panel,natural,8586,2014-02-21 18:00:00,2014Q1,beijing_2014-02-21T18:00:00,24,3,logistic,hist_gradient_boosting,145,168,14,0,-0.033146456491443925,-0.033146456491443925,-0.03314645649146392,-0.03314645649142393,-0.03314645649144402,-0.03314645649144402,-0.03314645649176245,-0.033146456491125596,FLOAT_OUTWARD,0.0,1.4085954624931674e-14,0.0,0.0,0.033146456491443925,-0.033146456491443925,0,0,0,0,1.9500002963468432e-05,1.3500000932253897e-05,ANALYTIC,0.00022139999782666564,A,A,A,False,False,False,False,NO_AMBIGUOUS_LABELS,,,,,,
AP0,beijing,Gucheng,fixed_panel,natural,6570,2013-11-29 18:00:00,2013Q4,beijing_2013-11-29T18:00:00,72,3,constant,logistic,97,168,0,0,0.0018121944726169886,0.0018121944726169886,0.0018121944725969885,0.0018121944726369875,0.0018121944726169795,0.0018121944726169795,0.0018121944722985514,0.0018121944729354075,FLOAT_OUTWARD,0.0,8.83407930141189e-16,0.0,0.0,-0.0018121944726169886,0.0018121944726169886,0,0,0,0,2.3800006601959467e-05,1.340000017080456e-05,ANALYTIC,0.00013689999468624592,B,B,B,False,False,False,False,NO_AMBIGUOUS_LABELS,,,,,,
AP0,beijing,Gucheng,fixed_panel,natural,6570,2013-11-29 18:00:00,2013Q4,beijing_2013-11-29T18:00:00,72,3,constant,hist_gradient_boosting,97,168,0,0,-0.05170044064392775,-0.05170044064392775,-0.05170044064394775,-0.05170044064390777,-0.05170044064392775,-0.05170044064392775,-0.05170044064424618,-0.051700440643609326,FLOAT_OUTWARD,0.0,0.0,0.0,0.0,0.05170044064392775,-0.05170044064392775,0,0,0,0,2.3800006601959467e-05,1.2100004823878407e-05,ANALYTIC,0.00010480001219548285,A,A,A,False,False,False,False,NO_AMBIGUOUS_LABELS,,,,,,
AP0,beijing,Gucheng,fixed_panel,natural,6570,2013-11-29 18:00:00,2013Q4,beijing_2013-11-29T18:00:00,72,3,logistic,hist_gradient_boosting,97,168,0,0,-0.05351263511654474,-0.05351263511654474,-0.05351263511656474,-0.05351263511652475,-0.05351263511654478,-0.05351263511654478,-0.0535126351168632,-0.05351263511622635,FLOAT_OUTWARD,0.0,3.3653635433950058e-15,0.0,0.0,0.05351263511654474,-0.05351263511654474,0,0,0,0,2.3800006601959467e-05,1.2200005585327744e-05,ANALYTIC,0.0001314999972237274,A,A,A,False,False,False,False,NO_AMBIGUOUS_LABELS,,,,,,
AP0,beijing,Gucheng,fixed_panel,natural,6738,2013-12-06 18:00:00,2013Q4,beijing_2013-12-06T18:00:00,72,3,constant,logistic,97,168,0,0,0.00646825116296456,0.00646825116296456,0.00646825116294456,0.006468251162984559,0.006468251162964567,0.006468251162964567,0.006468251162646139,0.006468251163282994,FLOAT_OUTWARD,6.730727086790012e-16,0.0,0.0,0.0,-0.00646825116296456,0.00646825116296456,0,0,0,0,1.9700004486367106e-05,1.3100012438371778e-05,ANALYTIC,0.0001297999988310039,B,B,B,False,False,False,False,NO_AMBIGUOUS_LABELS,,,,,,
AP0,beijing,Gucheng,fixed_panel,natural,6738,2013-12-06 18:00:00,2013Q4,beijing_2013-12-06T18:00:00,72,3,constant,hist_gradient_boosting,97,168,0,0,-0.006426630020432213,-0.006426630020432213,-0.0064266300204521955,-0.006426630020412214,-0.00642663002043225,-0.00642663002043225,-0.006426630020750677,-0.006426630020113822,FLOAT_OUTWARD,0.0,3.533631720564756e-15,0.0,0.0,0.006426630020432213,-0.006426630020432213,0,0,0,0,1.9700004486367106e-05,1.1900003300979733e-05,ANALYTIC,0.0001036000030580908,A,A,A,False,False,False,False,NO_AMBIGUOUS_LABELS,,,,,,
AP0,beijing,Gucheng,fixed_panel,natural,6738,2013-12-06 18:00:00,2013Q4,beijing_2013-12-06T18:00:00,72,3,logistic,hist_gradient_boosting,97,168,0,0,-0.01289488118339674,-0.01289488118339674,-0.012894881183416739,-0.012894881183376757,-0.01289488118339674,-0.01289488118339674,-0.012894881183715167,-0.012894881183078312,FLOAT_OUTWARD,0.0,0.0,0.0,0.0,0.01289488118339674,-0.01289488118339674,0,0,0,0,1.9700004486367106e-05,1.1500000255182385e-05,ANALYTIC,9.590000263415277e-05,A,A,A,False,False,False,False,NO_AMBIGUOUS_LABELS,,,,,,
AP0,beijing,Gucheng,fixed_panel,natural,6906,2013-12-13 18:00:00,2013Q4,beijing_2013-12-13T18:00:00,72,3,constant,logistic,97,168,0,0,0.0005383010751397088,0.0005383010751397088,0.0005383010751197145,0.0005383010751597088,0.0005383010751396905,0.0005383010751396905,0.0005383010748212626,0.0005383010754581184,FLOAT_OUTWARD,0.0,1.7773326213554874e-15,0.0,0.0,-0.0005383010751397088,0.0005383010751397088,0,0,0,0,2.439999661874026e-05,1.3600001693703234e-05,ANALYTIC,0.0001334000116912648,B,B,B,False,False,False,False,NO_AMBIGUOUS_LABELS,,,,,,
AP0,beijing,Gucheng,fixed_panel,natural,6906,2013-12-13 18:00:00,2013Q4,beijing_2013-12-13T18:00:00,72,3,constant,hist_gradient_boosting,97,168,0,0,-0.020713290615936783,-0.020713290615936783,-0.02071329061595678,-0.02071329061591678,-0.020713290615936776,-0.020713290615936776,-0.020713290616255205,-0.020713290615618347,FLOAT_OUTWARD,6.730727086790012e-16,0.0,0.0,0.0,0.020713290615936783,-0.020713290615936783,0,0,0,0,2.439999661874026e-05,1.239999255631119e-05,ANALYTIC,0.00011579999409150332,A,A,A,False,False,False,False,NO_AMBIGUOUS_LABELS,,,,,,
AP0,beijing,Gucheng,fixed_panel,natural,6906,2013-12-13 18:00:00,2013Q4,beijing_2013-12-13T18:00:00,72,3,logistic,hist_gradient_boosting,97,168,0,0,-0.02125159169107649,-0.02125159169107649,-0.021251591691096493,-0.02125159169105649,-0.02125159169107649,-0.02125159169107649,-0.02125159169139492,-0.021251591690758062,FLOAT_OUTWARD,0.0,0.0,0.0,0.0,0.02125159169107649,-0.02125159169107649,0,0,0,0,2.439999661874026e-05,1.1500000255182385e-05,ANALYTIC,9.709999721962959e-05,A,A,A,False,False,False,False,NO_AMBIGUOUS_LABELS,,,,,,
AP0,beijing,Gucheng,fixed_panel,natural,7074,2013-12-20 18:00:00,2013Q4,beijing_2013-12-20T18:00:00,72,3,constant,logistic,97,168,0,0,0.003562125172957082,0.003562125172957082,0.003562125172937082,0.0035621251729770808,0.0035621251729571366,0.0035621251729571366,0.0035621251726387086,0.0035621251732755647,FLOAT_OUTWARD,5.300447580847134e-15,0.0,0.0,0.0,-0.003562125172957082,0.003562125172957082,0,0,0,0,1.8699996871873736e-05,1.2499993317760527e-05,ANALYTIC,0.00012719999358523637,B,B,B,False,False,False,False,NO_AMBIGUOUS_LABELS,,,,,,
AP0,beijing,Gucheng,fixed_panel,natural,7074,2013-12-20 18:00:00,2013Q4,beijing_2013-12-20T18:00:00,72,3,constant,hist_gradient_boosting,97,168,0,0,0.0024485102515072812,0.0024485102515072812,0.002448510251487288,0.0024485102515272813,0.0024485102515072995,0.0024485102515072995,0.0024485102511888714,0.0024485102518257275,FLOAT_OUTWARD,1.766815860282378e-15,0.0,0.0,0.0,-0.0024485102515072812,0.0024485102515072812,0,0,0,0,1.8699996871873736e-05,1.1500000255182385e-05,ANALYTIC,9.629999112803489e-05,B,B,B,False,False,False,False,NO_AMBIGUOUS_LABELS,,,,,,
AP0,beijing,Gucheng,fixed_panel,natural,7074,2013-12-20 18:00:00,2013Q4,beijing_2013-12-20T18:00:00,72,3,logistic,hist_gradient_boosting,97,168,0,0,-0.001113614921449796,-0.001113614921449796,-0.0011136149214697928,-0.001113614921429796,-0.0011136149214498053,-0.0011136149214498053,-0.0011136149217682333,-0.0011136149211313773,FLOAT_OUTWARD,0.0,9.044414522874078e-16,0.0,0.0,0.001113614921449796,-0.001113614921449796,0,0,0,0,1.8699996871873736e-05,1.0899995686486363e-05,ANALYTIC,9.049999061971903e-05,A,A,A,False,False,False,False,NO_AMBIGUOUS_LABELS,,,,,,
AP0,beijing,Gucheng,fixed_panel,natural,7242,2013-12-27 18:00:00,2013Q4,beijing_2013-12-27T18:00:00,72,3,constant,logistic,97,168,0,0,0.0020973599330714045,0.0020973599330714045,0.0020973599330514044,0.0020973599330914032,0.0020973599330713585,0.0020973599330713585,0.0020973599327529305,0.0020973599333897865,FLOAT_OUTWARD,0.0,4.459106694998383e-15,0.0,0.0,-0.0020973599330714045,0.0020973599330714045,0,0,0,0,1.9500002963468432e-05,1.2900010915473104e-05,ANALYTIC,0.00012830000196117908,B,B,B,False,False,False,False,NO_AMBIGUOUS_LABELS,,,,,,
AP0,beijing,Gucheng,fixed_panel,natural,7242,2013-12-27 18:00:00,2013Q4,beijing_2013-12-27T18:00:00,72,3,constant,hist_gradient_boosting,97,168,0,0,-0.018148995030015852,-0.018148995030015852,-0.018148995030035853,-0.01814899502999585,-0.018148995030015873,-0.018148995030015873,-0.018148995030334302,-0.018148995029697444,FLOAT_OUTWARD,0.0,2.0192181260370035e-15,0.0,0.0,0.018148995030015852,-0.018148995030015852,0,0,0,0,1.9500002963468432e-05,1.1900003300979733e-05,ANALYTIC,0.00010150000161956996,A,A,A,False,False,False,False,NO_AMBIGUOUS_LABELS,,,,,,
AP0,beijing,Gucheng,fixed_panel,natural,7242,2013-12-27 18:00:00,2013Q4,beijing_2013-12-27T18:00:00,72,3,logistic,hist_gradient_boosting,97,168,0,0,-0.020246354963087264,-0.020246354963087264,-0.02024635496310726,-0.020246354963067262,-0.020246354963087246,-0.020246354963087246,-0.020246354963405676,-0.020246354962768817,FLOAT_OUTWARD,1.6826817716975029e-15,0.0,0.0,0.0,0.020246354963087264,-0.020246354963087264,0,0,0,0,1.9500002963468432e-05,1.1200012522749603e-05,ANALYTIC,9.549999958835542e-05,A,A,A,False,False,False,False,NO_AMBIGUOUS_LABELS,,,,,,
AP0,beijing,Gucheng,fixed_panel,natural,7410,2014-01-03 18:00:00,2014Q1,beijing_2014-01-03T18:00:00,72,3,constant,logistic,97,168,0,0,0.01263862824785484,0.01263862824785484,0.012638628247834844,0.01263862824787484,0.012638628247854848,0.012638628247854848,0.012638628247536421,0.012638628248173276,FLOAT_OUTWARD,8.413408858487514e-16,0.0,0.0,0.0,-0.01263862824785484,0.01263862824785484,0,0,0,0,1.8700011423788965e-05,1.2999997125007212e-05,ANALYTIC,0.00012859998969361186,B,B,B,False,False,False,False,NO_AMBIGUOUS_LABELS,,,,,,
AP0,beijing,Gucheng,fixed_panel,natural,7410,2014-01-03 18:00:00,2014Q1,beijing_2014-01-03T18:00:00,72,3,constant,hist_gradient_boosting,97,168,0,0,0.012988831762590084,0.012988831762590084,0.012988831762570086,0.012988831762610084,0.012988831762590093,0.012988831762590093,0.012988831762271665,0.01298883176290852,FLOAT_OUTWARD,8.413408858487514e-16,0.0,0.0,0.0,-0.012988831762590084,0.012988831762590084,0,0,0,0,1.8700011423788965e-05,1.1900003300979733e-05,ANALYTIC,0.00010019999172072858,B,B,B,False,False,False,False,NO_AMBIGUOUS_LABELS,,,,,,
AP0,beijing,Gucheng,fixed_panel,natural,7410,2014-01-03 18:00:00,2014Q1,beijing_2014-01-03T18:00:00,72,3,logistic,hist_gradient_boosting,97,168,0,0,0.00035020351473524894,0.00035020351473524894,0.00035020351471524893,0.0003502035147552404,0.00035020351473524894,0.00035020351473524894,0.000350203514416821,0.0003502035150536769,FLOAT_OUTWARD,0.0,0.0,0.0,0.0,-0.00035020351473524894,0.00035020351473524894,0,0,0,0,1.8700011423788965e-05,1.1399999493733048e-05,ANALYTIC,9.780000254977494e-05,B,B,B,False,False,False,False,NO_AMBIGUOUS_LABELS,,,,,,
AP0,beijing,Gucheng,fixed_panel,natural,7578,2014-01-10 18:00:00,2014Q1,beijing_2014-01-10T18:00:00,72,3,constant,logistic,97,168,2,0,0.0029643185091311965,0.0029643185091311965,0.0029643185091112025,0.0029643185091511965,0.0029643185091312333,0.0029643185091312333,0.0029643185088128053,0.0029643185094496614,FLOAT_OUTWARD,3.575698764857194e-15,0.0,0.0,0.0,-0.0029643185091311965,0.0029643185091311965,0,0,0,0,1.8399994587525725e-05,1.2300006346777081e-05,ANALYTIC,0.00012620000052265823,B,B,B,False,False,False,False,NO_AMBIGUOUS_LABELS,,,,,,
AP0,beijing,Gucheng,fixed_panel,natural,7578,2014-01-10 18:00:00,2014Q1,beijing_2014-01-10T18:00:00,72,3,constant,hist_gradient_boosting,97,168,2,0,0.002767959356754272,0.002767959356754272,0.002767959356734272,0.0027679593567742663,0.002767959356754272,0.002767959356754272,0.002767959356435844,0.0027679593570727,FLOAT_OUTWARD,0.0,0.0,0.0,0.0,-0.002767959356754272,0.002767959356754272,0,0,0,0,1.8399994587525725e-05,1.1399999493733048e-05,ANALYTIC,9.68000094871968e-05,B,B,B,False,False,False,False,NO_AMBIGUOUS_LABELS,,,,,,
AP0,beijing,Gucheng,fixed_panel,natural,7578,2014-01-10 18:00:00,2014Q1,beijing_2014-01-10T18:00:00,72,3,logistic,hist_gradient_boosting,97,168,2,0,-0.00019635915237693627,-0.00019635915237693627,-0.00019635915239693628,-0.00019635915235693627,-0.00019635915237693627,-0.00019635915237693627,-0.00019635915269536423,-0.00019635915205850832,FLOAT_OUTWARD,0.0,0.0,0.0,0.0,0.00019635915237693627,-0.00019635915237693627,0,0,0,0,1.8399994587525725e-05,1.069999416358769e-05,ANALYTIC,0.00010650001058820635,A,A,A,False,False,False,False,NO_AMBIGUOUS_LABELS,,,,,,
AP0,beijing,Gucheng,fixed_panel,natural,7746,2014-01-17 18:00:00,2014Q1,beijing_2014-01-17T18:00:00,72,3,constant,logistic,97,168,15,0,-0.008441760254114517,-0.008441760254114517,-0.008441760254134517,-0.008441760254094518,-0.008441760254114517,-0.008441760254114517,-0.008441760254432945,-0.00844176025379609,FLOAT_OUTWARD,0.0,0.0,0.0,0.0,0.008441760254114517,-0.008441760254114517,0,0,0,0,1.930000144056976e-05,1.2800010154023767e-05,ANALYTIC,0.0001247000036528334,A,A,A,False,False,False,False,NO_AMBIGUOUS_LABELS,,,,,,
AP0,beijing,Gucheng,fixed_panel,natural,7746,2014-01-17 18:00:00,2014Q1,beijing_2014-01-17T18:00:00,72,3,constant,hist_gradient_boosting,97,168,15,0,-0.18412503894357768,-0.18412503894357768,-0.1841250389435977,-0.1841250389435577,-0.18412503894357773,-0.18412503894357773,-0.18412503894389617,-0.1841250389432593,FLOAT_OUTWARD,0.0,5.384581669432009e-15,0.0,0.0,0.18412503894357768,-0.18412503894357768,0,0,0,0,1.930000144056976e-05,1.1900003300979733e-05,ANALYTIC,0.00010200000542681664,A,A,A,False,False,False,False,NO_AMBIGUOUS_LABELS,,,,,,
AP0,beijing,Gucheng,fixed_panel,natural,7746,2014-01-17 18:00:00,2014Q1,beijing_2014-01-17T18:00:00,72,3,logistic,hist_gradient_boosting,97,168,15,0,-0.1756832786894632,-0.1756832786894632,-0.17568327868948322,-0.1756832786894432,-0.17568327868946326,-0.17568327868946326,-0.1756832786897817,-0.17568327868914482,FLOAT_OUTWARD,0.0,5.384581669432009e-15,0.0,0.0,0.1756832786894632,-0.1756832786894632,0,0,0,0,1.930000144056976e-05,1.1399999493733048e-05,ANALYTIC,9.65999934123829e-05,A,A,A,False,False,False,False,NO_AMBIGUOUS_LABELS,,,,,,
AP0,beijing,Gucheng,fixed_panel,natural,7914,2014-01-24 18:00:00,2014Q1,beijing_2014-01-24T18:00:00,72,3,constant,logistic,97,168,5,0,-0.004765605187805388,-0.004765605187805388,-0.004765605187825387,-0.004765605187785388,-0.004765605187805368,-0.004765605187805368,-0.004765605188123795,-0.00476560518748694,FLOAT_OUTWARD,1.9350840374521283e-15,0.0,0.0,0.0,0.004765605187805388,-0.004765605187805388,0,0,0,0,1.8800012185238302e-05,1.2600008631125093e-05,ANALYTIC,0.00011929999163839966,A,A,A,False,False,False,False,NO_AMBIGUOUS_LABELS,,,,,,
AP0,beijing,Gucheng,fixed_panel,natural,7914,2014-01-24 18:00:00,2014Q1,beijing_2014-01-24T18:00:00,72,3,constant,hist_gradient_boosting,97,168,5,0,-0.01943027136333968,-0.01943027136333968,-0.01943027136335968,-0.019430271363319682,-0.01943027136333969,-0.01943027136333969,-0.01943027136365812,-0.01943027136302126,FLOAT_OUTWARD,0.0,1.0096090630185017e-15,0.0,0.0,0.01943027136333968,-0.01943027136333968,0,0,0,0,1.8800012185238302e-05,1.170000177808106e-05,ANALYTIC,0.00010629999451339245,A,A,A,False,False,False,False,NO_AMBIGUOUS_LABELS,,,,,,
AP0,beijing,Gucheng,fixed_panel,natural,7914,2014-01-24 18:00:00,2014Q1,beijing_2014-01-24T18:00:00,72,3,logistic,hist_gradient_boosting,97,168,5,0,-0.014664666175534295,-0.014664666175534295,-0.01466466617555429,-0.014664666175514296,-0.014664666175534304,-0.014664666175534304,-0.014664666175852731,-0.014664666175215876,FLOAT_OUTWARD,0.0,8.413408858487514e-16,0.0,0.0,0.014664666175534295,-0.014664666175534295,0,0,0,0,1.8800012185238302e-05,1.09999964479357e-05,ANALYTIC,9.339999814983457e-05,A,A,A,False,False,False,False,NO_AMBIGUOUS_LABELS,,,,,,
AP0,beijing,Gucheng,fixed_panel,natural,8082,2014-01-31 18:00:00,2014Q1,beijing_2014-01-31T18:00:00,72,3,constant,logistic,97,168,0,0,-0.022632826122640868,-0.022632826122640868,-0.022632826122660866,-0.022632826122620867,-0.022632826122640868,-0.022632826122640868,-0.022632826122959297,-0.02263282612232244,FLOAT_OUTWARD,0.0,0.0,0.0,0.0,0.022632826122640868,-0.022632826122640868,0,0,0,0,1.7700003809295595e-05,1.2600008631125093e-05,ANALYTIC,0.00011660000018309802,A,A,A,False,False,False,False,NO_AMBIGUOUS_LABELS,,,,,,
AP0,beijing,Gucheng,fixed_panel,natural,8082,2014-01-31 18:00:00,2014Q1,beijing_2014-01-31T18:00:00,72,3,constant,hist_gradient_boosting,97,168,0,0,-0.008701955089857738,-0.008701955089857738,-0.008701955089877738,-0.008701955089837739,-0.008701955089857747,-0.008701955089857747,-0.008701955090176175,-0.00870195508953932,FLOAT_OUTWARD,0.0,8.413408858487514e-16,0.0,0.0,0.008701955089857738,-0.008701955089857738,0,0,0,0,1.7700003809295595e-05,1.1600001016631722e-05,ANALYTIC,0.0001019000046653673,A,A,A,False,False,False,False,NO_AMBIGUOUS_LABELS,,,,,,
AP0,beijing,Gucheng,fixed_panel,natural,8082,2014-01-31 18:00:00,2014Q1,beijing_2014-01-31T18:00:00,72,3,logistic,hist_gradient_boosting,97,168,0,0,0.01393087103278313,0.01393087103278313,0.01393087103276313,0.013930871032803124,0.01393087103278313,0.01393087103278313,0.013930871032464702,0.013930871033101557,FLOAT_OUTWARD,0.0,0.0,0.0,0.0,-0.01393087103278313,0.01393087103278313,0,0,0,0,1.7700003809295595e-05,1.1099997209385037e-05,ANALYTIC,9.100000897888094e-05,B,B,B,False,False,False,False,NO_AMBIGUOUS_LABELS,,,,,,
AP0,beijing,Gucheng,fixed_panel,natural,8250,2014-02-07 18:00:00,2014Q1,beijing_2014-02-07T18:00:00,72,3,constant,logistic,97,168,5,0,-0.0012720561765857262,-0.0012720561765857262,-0.0012720561766057263,-0.0012720561765657262,-0.0012720561765857286,-0.0012720561765857286,-0.0012720561769041566,-0.0012720561762673006,FLOAT_OUTWARD,0.0,2.3136874360840665e-16,0.0,0.0,0.0012720561765857262,-0.0012720561765857262,0,0,0,0,1.8699996871873736e-05,1.2800010154023767e-05,ANALYTIC,0.0001213000068673864,A,A,A,False,False,False,False,NO_AMBIGUOUS_LABELS,,,,,,
AP0,beijing,Gucheng,fixed_panel,natural,8250,2014-02-07 18:00:00,2014Q1,beijing_2014-02-07T18:00:00,72,3,constant,hist_gradient_boosting,97,168,5,0,-0.015035664283753919,-0.015035664283753919,-0.015035664283773918,-0.015035664283733928,-0.015035664283753945,-0.015035664283753945,-0.015035664284072372,-0.015035664283435517,FLOAT_OUTWARD,0.0,2.5240226575462543e-15,0.0,0.0,0.015035664283753919,-0.015035664283753919,0,0,0,0,1.8699996871873736e-05,1.170000177808106e-05,ANALYTIC,9.980000322684646e-05,A,A,A,False,False,False,False,NO_AMBIGUOUS_LABELS,,,,,,
AP0,beijing,Gucheng,fixed_panel,natural,8250,2014-02-07 18:00:00,2014Q1,beijing_2014-02-07T18:00:00,72,3,logistic,hist_gradient_boosting,97,168,5,0,-0.013763608107168201,-0.013763608107168201,-0.013763608107188198,-0.013763608107148202,-0.013763608107168238,-0.013763608107168238,-0.013763608107486665,-0.01376360810684981,FLOAT_OUTWARD,0.0,3.533631720564756e-15,0.0,0.0,0.013763608107168201,-0.013763608107168201,0,0,0,0,1.8699996871873736e-05,1.1199997970834374e-05,ANALYTIC,9.889999637380242e-05,A,A,A,False,False,False,False,NO_AMBIGUOUS_LABELS,,,,,,
AP0,beijing,Gucheng,fixed_panel,natural,8418,2014-02-14 18:00:00,2014Q1,beijing_2014-02-14T18:00:00,72,3,constant,logistic,97,168,3,0,-0.02955679827690311,-0.02955679827690311,-0.029556798276923108,-0.02955679827688311,-0.02955679827690311,-0.02955679827690311,-0.02955679827722154,-0.02955679827658468,FLOAT_OUTWARD,0.0,0.0,0.0,0.0,0.02955679827690311,-0.02955679827690311,0,0,0,0,1.8999999156221747e-05,1.2799995602108538e-05,ANALYTIC,0.00012709999282378703,A,A,A,False,False,False,False,NO_AMBIGUOUS_LABELS,,,,,,
AP0,beijing,Gucheng,fixed_panel,natural,8418,2014-02-14 18:00:00,2014Q1,beijing_2014-02-14T18:00:00,72,3,constant,hist_gradient_boosting,97,168,3,0,-0.07552115353572103,-0.07552115353572103,-0.07552115353574103,-0.07552115353570103,-0.07552115353572103,-0.07552115353572103,-0.07552115353603946,-0.0755211535354026,FLOAT_OUTWARD,0.0,0.0,0.0,0.0,0.07552115353572103,-0.07552115353572103,0,0,0,0,1.8999999156221747e-05,1.170000177808106e-05,ANALYTIC,9.830000635702163e-05,A,A,A,False,False,False,False,NO_AMBIGUOUS_LABELS,,,,,,
AP0,beijing,Gucheng,fixed_panel,natural,8418,2014-02-14 18:00:00,2014Q1,beijing_2014-02-14T18:00:00,72,3,logistic,hist_gradient_boosting,97,168,3,0,-0.04596435525881793,-0.04596435525881793,-0.04596435525883793,-0.04596435525879793,-0.04596435525881793,-0.04596435525881793,-0.04596435525913636,-0.045964355258499505,FLOAT_OUTWARD,0.0,0.0,0.0,0.0,0.04596435525881793,-0.04596435525881793,0,0,0,0,1.8999999156221747e-05,1.1199997970834374e-05,ANALYTIC,9.370000043418258e-05,A,A,A,False,False,False,False,NO_AMBIGUOUS_LABELS,,,,,,
AP0,beijing,Gucheng,fixed_panel,natural,8586,2014-02-21 18:00:00,2014Q1,beijing_2014-02-21T18:00:00,72,3,constant,logistic,97,168,14,0,0.0022559631692642777,0.0022559631692642777,0.0022559631692442776,0.002255963169284271,0.0022559631692642777,0.0022559631692642777,0.0022559631689458496,0.0022559631695827057,FLOAT_OUTWARD,0.0,0.0,0.0,0.0,-0.0022559631692642777,0.0022559631692642777,0,0,0,0,1.85999961104244e-05,1.2699994840659201e-05,ANALYTIC,0.00012260000221431255,B,B,B,False,False,False,False,NO_AMBIGUOUS_LABELS,,,,,,
AP0,beijing,Gucheng,fixed_panel,natural,8586,2014-02-21 18:00:00,2014Q1,beijing_2014-02-21T18:00:00,72,3,constant,hist_gradient_boosting,97,168,14,0,-0.010828509032715004,-0.010828509032715004,-0.010828509032735004,-0.010828509032695005,-0.010828509032715022,-0.010828509032715022,-0.01082850903303345,-0.010828509032396594,FLOAT_OUTWARD,0.0,1.6826817716975029e-15,0.0,0.0,0.010828509032715004,-0.010828509032715004,0,0,0,0,1.85999961104244e-05,1.1600001016631722e-05,ANALYTIC,9.960000170394778e-05,A,A,A,False,False,False,False,NO_AMBIGUOUS_LABELS,,,,,,
AP0,beijing,Gucheng,fixed_panel,natural,8586,2014-02-21 18:00:00,2014Q1,beijing_2014-02-21T18:00:00,72,3,logistic,hist_gradient_boosting,97,168,14,0,-0.013084472201979285,-0.013084472201979285,-0.013084472201999275,-0.013084472201959286,-0.013084472201979341,-0.013084472201979341,-0.013084472202297769,-0.013084472201660913,FLOAT_OUTWARD,0.0,5.384581669432009e-15,0.0,0.0,0.013084472201979285,-0.013084472201979285,0,0,0,0,1.85999961104244e-05,1.1399999493733048e-05,ANALYTIC,9.420000424142927e-05,A,A,A,False,False,False,False,NO_AMBIGUOUS_LABELS,,,,,,
AP0,beijing,Gucheng,full_station,natural,6570,2013-11-29 18:00:00,2013Q4,beijing_2013-11-29T18:00:00,24,3,constant,logistic,2167,2190,44,21,0.04376340472947861,0.047504231111351,0.04393071081720667,0.04733692502362298,0.04393071081722696,0.04733692502360325,0.04393071081331674,0.04733692502751347,FLOAT_OUTWARD,0.36255229215067286,0.3625522921493647,0.0037408263818723905,0.003740826381872383,-0.04376340472947861,0.047504231111351,1,400,41,160,0.00040889999945648015,0.0044135999924037606,OPTIMAL_DUAL_OUTWARD,0.0003665999975055456,B,B,B,False,False,False,False,INDEPENDENT_ALREADY_DIRECTED,,,,,,
AP0,beijing,Gucheng,full_station,natural,6570,2013-11-29 18:00:00,2013Q4,beijing_2013-11-29T18:00:00,24,3,constant,hist_gradient_boosting,2167,2190,44,21,0.019988450900932157,0.02475862954112847,0.02157006643843024,0.023029955211854806,0.02157006643845009,0.02302995521183472,0.021570066434539868,0.023029955215744944,FLOAT_OUTWARD,3.427360869801364,3.746037271579552,0.0047701786401963125,0.0047701786401963195,-0.019988450900932157,0.02475862954112847,1,400,41,160,0.00040889999945648015,0.004036099999211729,OPTIMAL_DUAL_OUTWARD,0.0003538000019034371,B,B,B,False,False,False,False,INDEPENDENT_ALREADY_DIRECTED,,,,,,
AP0,beijing,Gucheng,full_station,natural,6570,2013-11-29 18:00:00,2013Q4,beijing_2013-11-29T18:00:00,24,3,logistic,hist_gradient_boosting,2167,2190,44,21,-0.024477193463116696,-0.022043361935652313,-0.024306969811788183,-0.022213585586980857,-0.024306969811768057,-0.022213585587000796,-0.02430696981567828,-0.022213585583090573,FLOAT_OUTWARD,0.3688746524725003,0.368874652472162,0.002433831527464382,0.002433831527464387,0.024477193463116696,-0.022043361935652313,1,400,41,160,0.00040889999945648015,0.003986099996836856,OPTIMAL_DUAL_OUTWARD,0.0003432000085012987,A,A,A,False,False,False,False,INDEPENDENT_ALREADY_DIRECTED,,,,,,
AP0,beijing,Gucheng,full_station,natural,6570,2013-11-29 18:00:00,2013Q4,beijing_2013-11-29T18:00:00,72,3,constant,logistic,2119,2190,44,0,-0.00261304125501363,-0.00261304125501363,-0.0026130412550336296,-0.00261304125499363,-0.002613041255013667,-0.002613041255013667,-0.0026130412589238884,-0.0026130412511034453,FLOAT_OUTWARD,0.0,7.811242971889065e-14,0.0,0.0,0.00261304125501363,-0.00261304125501363,0,0,0,0,3.0499999411404133e-05,2.0499996026046574e-05,ANALYTIC,0.0005510999908437952,A,A,A,False,False,False,False,NO_AMBIGUOUS_LABELS,,,,,,
AP0,beijing,Gucheng,full_station,natural,6570,2013-11-29 18:00:00,2013Q4,beijing_2013-11-29T18:00:00,72,3,constant,hist_gradient_boosting,2119,2190,44,0,-0.026495263451600415,-0.026495263451600415,-0.026495263451620416,-0.026495263451580413,-0.026495263451600335,-0.026495263451600335,-0.026495263455510558,-0.026495263447690112,FLOAT_OUTWARD,1.690904360973633e-13,0.0,0.0,0.0,0.026495263451600415,-0.026495263451600415,0,0,0,0,3.0499999411404133e-05,1.8700011423788965e-05,ANALYTIC,0.0004988000000594184,A,A,A,False,False,False,False,NO_AMBIGUOUS_LABELS,,,,,,
AP0,beijing,Gucheng,full_station,natural,6570,2013-11-29 18:00:00,2013Q4,beijing_2013-11-29T18:00:00,72,3,logistic,hist_gradient_boosting,2119,2190,44,0,-0.023882222196586797,-0.023882222196586797,-0.023882222196606788,-0.023882222196566796,-0.02388222219658684,-0.02388222219658684,-0.02388222220049706,-0.023882222192676616,FLOAT_OUTWARD,0.0,8.82210970942765e-14,0.0,0.0,0.023882222196586797,-0.023882222196586797,0,0,0,0,3.0499999411404133e-05,2.340000355616212e-05,ANALYTIC,0.0004899000050500035,A,A,A,False,False,False,False,NO_AMBIGUOUS_LABELS,,,,,,
AP0,beijing,Huairou,fixed_panel,natural,6570,2013-11-29 18:00:00,2013Q4,beijing_2013-11-29T18:00:00,24,3,constant,logistic,145,168,5,5,0.002960401017463489,0.027488568914950832,0.002960401017443492,0.027488568914970833,0.002960401017463489,0.027488568914950832,0.002960401017145061,0.02748856891526926,FLOAT_OUTWARD,0.0,0.0,0.02452816789748734,0.02452816789748734,-0.002960401017463489,0.027488568914950832,0,16,9,19,0.0002927999885287136,2.2799998987466097e-05,ANALYTIC,0.00012150000839028507,B,B,B,False,False,False,False,INDEPENDENT_ALREADY_DIRECTED,,,,,,
AP0,beijing,Huairou,fixed_panel,natural,6570,2013-11-29 18:00:00,2013Q4,beijing_2013-11-29T18:00:00,24,3,constant,hist_gradient_boosting,145,168,5,5,0.029299786141206485,0.07008107787068346,0.029299786141186484,0.07008107787070346,0.02929978614120649,0.07008107787068346,0.02929978614088806,0.07008107787100189,FLOAT_OUTWARD,5.030698080332741e-16,0.0,0.040781291729476976,0.04078129172947698,-0.029299786141206485,0.07008107787068346,0,16,9,19,0.0002927999885287136,2.3500004317611456e-05,ANALYTIC,9.300000965595245e-05,B,B,B,False,False,False,False,INDEPENDENT_ALREADY_DIRECTED,,,,,,
AP0,beijing,Huairou,fixed_panel,natural,6570,2013-11-29 18:00:00,2013Q4,beijing_2013-11-29T18:00:00,24,3,logistic,hist_gradient_boosting,145,168,5,5,0.02633938512374298,0.042592508955732626,0.026339385123722983,0.042592508955752624,0.02633938512374297,0.042592508955732605,0.02633938512342454,0.04259250895605103,FLOAT_OUTWARD,0.0,3.0184188481996443e-15,0.016253123831989645,0.01625312383198964,-0.02633938512374298,0.042592508955732626,0,16,9,19,0.0002927999885287136,1.9099999917671084e-05,ANALYTIC,8.530000923201442e-05,B,B,B,False,False,False,False,INDEPENDENT_ALREADY_DIRECTED,,,,,,
AP0,beijing,Huairou,fixed_panel,natural,6738,2013-12-06 18:00:00,2013Q4,beijing_2013-12-06T18:00:00,24,3,constant,logistic,145,168,1,0,0.22112879826396406,0.22112879826396406,0.22112879826394405,0.22112879826398407,0.22112879826396412,0.22112879826396412,0.22112879826364568,0.22112879826428256,FLOAT_OUTWARD,8.049116928532385e-15,0.0,0.0,0.0,-0.22112879826396406,0.22112879826396406,0,0,0,0,1.960000372491777e-05,1.340000017080456e-05,ANALYTIC,0.00011339999036863446,B,B,B,False,False,False,False,NO_AMBIGUOUS_LABELS,,,,,,
AP0,beijing,Huairou,fixed_panel,natural,6738,2013-12-06 18:00:00,2013Q4,beijing_2013-12-06T18:00:00,24,3,constant,hist_gradient_boosting,145,168,1,0,0.13031679233861698,0.13031679233861698,0.13031679233859697,0.130316792338637,0.130316792338617,0.130316792338617,0.13031679233829857,0.13031679233893545,FLOAT_OUTWARD,4.0245584642661925e-15,0.0,0.0,0.0,-0.13031679233861698,0.13031679233861698,0,0,0,0,1.960000372491777e-05,2.1400002879090607e-05,ANALYTIC,8.869999146554619e-05,B,B,B,False,False,False,False,NO_AMBIGUOUS_LABELS,,,,,,
AP0,beijing,Huairou,fixed_panel,natural,6738,2013-12-06 18:00:00,2013Q4,beijing_2013-12-06T18:00:00,24,3,logistic,hist_gradient_boosting,145,168,1,0,-0.0908120059253471,-0.0908120059253471,-0.09081200592536709,-0.09081200592532711,-0.0908120059253471,-0.0908120059253471,-0.09081200592566553,-0.09081200592502868,FLOAT_OUTWARD,0.0,0.0,0.0,0.0,0.0908120059253471,-0.0908120059253471,0,0,0,0,1.960000372491777e-05,1.200000406242907e-05,ANALYTIC,8.410000009462237e-05,A,A,A,False,False,False,False,NO_AMBIGUOUS_LABELS,,,,,,
AP0,beijing,Huairou,fixed_panel,natural,6906,2013-12-13 18:00:00,2013Q4,beijing_2013-12-13T18:00:00,24,3,constant,logistic,145,168,26,31,-0.012914181890940154,0.1214303920607129,-0.012914181890960141,0.1214303920607329,-0.012914181890940178,0.1214303920607129,-0.012914181891258605,0.12143039206103133,FLOAT_OUTWARD,0.0,0.0,0.13434457395165306,0.13434457395165306,0.012914181890940154,0.1214303920607129,0,259,59,122,0.00030300000798888505,2.1500003640539944e-05,ANALYTIC,0.00011219999578315765,OPPOSITE_POSSIBLE,OPPOSITE_POSSIBLE,OPPOSITE_POSSIBLE,True,False,False,False,JOINT_OPPOSITE_POSSIBLE,,,,,,
AP0,beijing,Huairou,fixed_panel,natural,6906,2013-12-13 18:00:00,2013Q4,beijing_2013-12-13T18:00:00,24,3,constant,hist_gradient_boosting,145,168,26,31,-0.02962794618558555,0.15688724887779915,-0.028134214402558345,0.15539351709477187,-0.028134214402538296,0.15539351709475185,-0.028134214402856725,0.1553935170950703,FLOAT_OUTWARD,0.2165911085418518,0.2165911085418573,0.1865151950633847,0.1865151950633847,0.02962794618558555,0.15688724887779915,1,259,59,122,0.00030300000798888505,0.004000900007667951,OPTIMAL_DUAL_OUTWARD,9.410000347997993e-05,OPPOSITE_POSSIBLE,OPPOSITE_POSSIBLE,OPPOSITE_POSSIBLE,True,False,False,False,JOINT_OPPOSITE_POSSIBLE,,,,,,
AP0,beijing,Huairou,fixed_panel,natural,6906,2013-12-13 18:00:00,2013Q4,beijing_2013-12-13T18:00:00,24,3,logistic,hist_gradient_boosting,145,168,26,31,-0.022249370122244982,0.04099246264468584,-0.018311403189579738,0.03396312503405897,-0.01831140318955971,0.033963125034038984,-0.018311403189878138,0.03396312503435741,FLOAT_OUTWARD,0.5710052052393647,1.0192539535437941,0.06324183276693082,0.06324183276693081,0.022249370122244982,0.04099246264468584,1,259,59,122,0.00030300000798888505,0.003830999994534068,OPTIMAL_DUAL_OUTWARD,0.0001221999991685152,OPPOSITE_POSSIBLE,OPPOSITE_POSSIBLE,OPPOSITE_POSSIBLE,True,False,False,False,JOINT_OPPOSITE_POSSIBLE,,,,,,
AP0,beijing,Huairou,fixed_panel,natural,7074,2013-12-20 18:00:00,2013Q4,beijing_2013-12-20T18:00:00,24,3,constant,logistic,145,168,0,0,0.0674982898195562,0.0674982898195562,0.0674982898195362,0.06749828981957619,0.06749828981955612,0.06749828981955612,0.0674982898192377,0.06749828981987455,FLOAT_OUTWARD,0.0,1.2073675392798577e-14,0.0,0.0,-0.0674982898195562,0.0674982898195562,0,0,0,0,2.130000211764127e-05,1.5600002370774746e-05,ANALYTIC,0.0001227000029757619,B,B,B,False,False,False,False,NO_AMBIGUOUS_LABELS,,,,,,
AP0,beijing,Huairou,fixed_panel,natural,7074,2013-12-20 18:00:00,2013Q4,beijing_2013-12-20T18:00:00,24,3,constant,hist_gradient_boosting,145,168,0,0,0.08076520485564372,0.08076520485564372,0.08076520485562373,0.08076520485566371,0.08076520485564381,0.08076520485564381,0.08076520485532539,0.08076520485596224,FLOAT_OUTWARD,1.4085954624931674e-14,0.0,0.0,0.0,-0.08076520485564372,0.08076520485564372,0,0,0,0,2.130000211764127e-05,1.2199991033412516e-05,ANALYTIC,9.099999442696571e-05,B,B,B,False,False,False,False,NO_AMBIGUOUS_LABELS,,,,,,
AP0,beijing,Huairou,fixed_panel,natural,7074,2013-12-20 18:00:00,2013Q4,beijing_2013-12-20T18:00:00,24,3,logistic,hist_gradient_boosting,145,168,0,0,0.01326691503608754,0.01326691503608754,0.01326691503606754,0.013266915036107524,0.013266915036087552,0.013266915036087552,0.013266915035769124,0.01326691503640598,FLOAT_OUTWARD,1.7607443281164592e-15,0.0,0.0,0.0,-0.01326691503608754,0.01326691503608754,0,0,0,0,2.130000211764127e-05,1.2100004823878407e-05,ANALYTIC,8.420000085607171e-05,B,B,B,False,False,False,False,NO_AMBIGUOUS_LABELS,,,,,,
AP0,beijing,Huairou,fixed_panel,natural,7242,2013-12-27 18:00:00,2013Q4,beijing_2013-12-27T18:00:00,24,3,constant,logistic,145,168,1,0,-0.017938774749010046,-0.017938774749010046,-0.017938774749030047,-0.017938774748990055,-0.01793877474901006,-0.01793877474901006,-0.01793877474932849,-0.01793877474869163,FLOAT_OUTWARD,0.0,2.0122792321330962e-15,0.0,0.0,0.017938774749010046,-0.017938774749010046,0,0,0,0,1.9099999917671084e-05,1.3299999409355223e-05,ANALYTIC,0.00010970000585075468,A,A,A,False,False,False,False,NO_AMBIGUOUS_LABELS,,,,,,
AP0,beijing,Huairou,fixed_panel,natural,7242,2013-12-27 18:00:00,2013Q4,beijing_2013-12-27T18:00:00,24,3,constant,hist_gradient_boosting,145,168,1,0,-0.04484764173554907,-0.04484764173554907,-0.044847641735569065,-0.04484764173552907,-0.04484764173554904,-0.04484764173554904,-0.044847641735867465,-0.04484764173523061,FLOAT_OUTWARD,4.0245584642661925e-15,0.0,0.0,0.0,0.04484764173554907,-0.04484764173554907,0,0,0,0,1.9099999917671084e-05,1.1999989510513842e-05,ANALYTIC,8.800000068731606e-05,A,A,A,False,False,False,False,NO_AMBIGUOUS_LABELS,,,,,,
AP0,beijing,Huairou,fixed_panel,natural,7242,2013-12-27 18:00:00,2013Q4,beijing_2013-12-27T18:00:00,24,3,logistic,hist_gradient_boosting,145,168,1,0,-0.026908866986539014,-0.026908866986539014,-0.026908866986559015,-0.026908866986519012,-0.026908866986539017,-0.026908866986539017,-0.026908866986857446,-0.026908866986220588,FLOAT_OUTWARD,0.0,5.030698080332741e-16,0.0,0.0,0.026908866986539014,-0.026908866986539014,0,0,0,0,1.9099999917671084e-05,1.1800002539530396e-05,ANALYTIC,8.140000863932073e-05,A,A,A,False,False,False,False,NO_AMBIGUOUS_LABELS,,,,,,
AP0,beijing,Huairou,fixed_panel,natural,7410,2014-01-03 18:00:00,2014Q1,beijing_2014-01-03T18:00:00,24,3,constant,logistic,145,168,0,0,0.165218872192323,0.165218872192323,0.16521887219230302,0.16521887219234302,0.1652188721923231,0.1652188721923231,0.16521887219200465,0.16521887219264153,FLOAT_OUTWARD,1.2073675392798577e-14,0.0,0.0,0.0,-0.165218872192323,0.165218872192323,0,0,0,0,2.020000829361379e-05,1.3800003216601908e-05,ANALYTIC,0.00011170000652782619,B,B,B,False,False,False,False,NO_AMBIGUOUS_LABELS,,,,,,
AP0,beijing,Huairou,fixed_panel,natural,7410,2014-01-03 18:00:00,2014Q1,beijing_2014-01-03T18:00:00,24,3,constant,hist_gradient_boosting,145,168,0,0,0.13110140543038723,0.13110140543038723,0.13110140543036722,0.13110140543040721,0.13110140543038717,0.13110140543038717,0.13110140543006873,0.13110140543070561,FLOAT_OUTWARD,0.0,8.049116928532385e-15,0.0,0.0,-0.13110140543038723,0.13110140543038723,0,0,0,0,2.020000829361379e-05,1.2799995602108538e-05,ANALYTIC,9.139999747276306e-05,B,B,B,False,False,False,False,NO_AMBIGUOUS_LABELS,,,,,,
AP0,beijing,Huairou,fixed_panel,natural,7410,2014-01-03 18:00:00,2014Q1,beijing_2014-01-03T18:00:00,24,3,logistic,hist_gradient_boosting,145,168,0,0,-0.03411746676193583,-0.03411746676193583,-0.03411746676195583,-0.034117466761915835,-0.03411746676193583,-0.03411746676193583,-0.03411746676225426,-0.03411746676161741,FLOAT_OUTWARD,0.0,0.0,0.0,0.0,0.03411746676193583,-0.03411746676193583,0,0,0,0,2.020000829361379e-05,1.2200005585327744e-05,ANALYTIC,8.420000085607171e-05,A,A,A,False,False,False,False,NO_AMBIGUOUS_LABELS,,,,,,
AP0,beijing,Huairou,fixed_panel,natural,7578,2014-01-10 18:00:00,2014Q1,beijing_2014-01-10T18:00:00,24,3,constant,logistic,145,168,1,0,0.0034662336311345808,0.0034662336311345808,0.0034662336311145807,0.003466233631154576,0.003466233631134584,0.003466233631134584,0.003466233630816156,0.003466233631453012,FLOAT_OUTWARD,4.401860820291148e-16,0.0,0.0,0.0,-0.0034662336311345808,0.0034662336311345808,0,0,0,0,1.889999839477241e-05,1.2899996363557875e-05,ANALYTIC,0.00011049999739043415,B,B,B,False,False,False,False,NO_AMBIGUOUS_LABELS,,,,,,
AP0,beijing,Huairou,fixed_panel,natural,7578,2014-01-10 18:00:00,2014Q1,beijing_2014-01-10T18:00:00,24,3,constant,hist_gradient_boosting,145,168,1,0,0.04005656337880841,0.04005656337880841,0.040056563378788414,0.0400565633788284,0.04005656337880839,0.04005656337880839,0.040056563378489965,0.04005656337912682,FLOAT_OUTWARD,0.0,3.0184188481996443e-15,0.0,0.0,-0.04005656337880841,0.04005656337880841,0,0,0,0,1.889999839477241e-05,1.2300006346777081e-05,ANALYTIC,9.830000635702163e-05,B,B,B,False,False,False,False,NO_AMBIGUOUS_LABELS,,,,,,
AP0,beijing,Huairou,fixed_panel,natural,7578,2014-01-10 18:00:00,2014Q1,beijing_2014-01-10T18:00:00,24,3,logistic,hist_gradient_boosting,145,168,1,0,0.036590329747673817,0.036590329747673817,0.036590329747653826,0.036590329747693814,0.03659032974767384,0.03659032974767384,0.03659032974735541,0.03659032974799226,FLOAT_OUTWARD,3.0184188481996443e-15,0.0,0.0,0.0,-0.036590329747673817,0.036590329747673817,0,0,0,0,1.889999839477241e-05,1.170000177808106e-05,ANALYTIC,8.320000779349357e-05,B,B,B,False,False,False,False,NO_AMBIGUOUS_LABELS,,,,,,
AP0,beijing,Huairou,fixed_panel,natural,7746,2014-01-17 18:00:00,2014Q1,beijing_2014-01-17T18:00:00,24,3,constant,logistic,145,168,4,0,0.02706648241082068,0.02706648241082068,0.027066482410800678,0.027066482410840653,0.027066482410820644,0.027066482410820644,0.027066482410502215,0.027066482411139074,FLOAT_OUTWARD,0.0,5.0306980803327406e-15,0.0,0.0,-0.02706648241082068,0.02706648241082068,0,0,0,0,1.8399994587525725e-05,1.2999997125007212e-05,ANALYTIC,0.00010749998909886926,B,B,B,False,False,False,False,NO_AMBIGUOUS_LABELS,,,,,,
AP0,beijing,Huairou,fixed_panel,natural,7746,2014-01-17 18:00:00,2014Q1,beijing_2014-01-17T18:00:00,24,3,constant,hist_gradient_boosting,145,168,4,0,0.07124895910383232,0.07124895910383232,0.07124895910381235,0.07124895910385232,0.07124895910383226,0.07124895910383226,0.07124895910351384,0.07124895910415069,FLOAT_OUTWARD,0.0,8.049116928532385e-15,0.0,0.0,-0.07124895910383232,0.07124895910383232,0,0,0,0,1.8399994587525725e-05,1.1899988749064505e-05,ANALYTIC,8.579999848734587e-05,B,B,B,False,False,False,False,NO_AMBIGUOUS_LABELS,,,,,,
AP0,beijing,Huairou,fixed_panel,natural,7746,2014-01-17 18:00:00,2014Q1,beijing_2014-01-17T18:00:00,24,3,logistic,hist_gradient_boosting,145,168,4,0,0.04418247669301171,0.04418247669301171,0.04418247669299171,0.044182476693031686,0.04418247669301169,0.04418247669301169,0.04418247669269326,0.044182476693330114,FLOAT_OUTWARD,0.0,3.0184188481996443e-15,0.0,0.0,-0.04418247669301171,0.04418247669301171,0,0,0,0,1.8399994587525725e-05,1.1500000255182385e-05,ANALYTIC,8.240000170189887e-05,B,B,B,False,False,False,False,NO_AMBIGUOUS_LABELS,,,,,,
AP0,beijing,Huairou,fixed_panel,natural,7914,2014-01-24 18:00:00,2014Q1,beijing_2014-01-24T18:00:00,24,3,constant,logistic,145,168,6,21,0.006873044218351061,0.07693779404326753,0.009860495519659545,0.07395034274195905,0.00986049551967953,0.07395034274193904,0.009860495519361103,0.07395034274225747,FLOAT_OUTWARD,0.43318043869262807,0.43318043869263134,0.07006474982491648,0.07006474982491648,-0.006873044218351061,0.07693779404326753,1,400,41,176,0.0003693000035127625,0.004351299998234026,OPTIMAL_DUAL_OUTWARD,0.00011300000187475234,B,B,B,False,False,False,False,INDEPENDENT_ALREADY_DIRECTED,,,,,,
AP0,beijing,Huairou,fixed_panel,natural,7914,2014-01-24 18:00:00,2014Q1,beijing_2014-01-24T18:00:00,24,3,constant,hist_gradient_boosting,145,168,6,21,0.032734053250782824,0.09158751555890156,0.047862077178124074,0.07645949163156027,0.0478620771781441,0.07645949163154027,0.047862077177825674,0.0764594916318587,FLOAT_OUTWARD,2.193563469467385,2.193563469467387,0.058853462308118734,0.05885346230811873,-0.032734053250782824,0.09158751555890156,1,400,41,176,0.0003693000035127625,0.0041981999966083094,OPTIMAL_DUAL_OUTWARD,0.00011399999493733048,B,B,B,False,False,False,False,INDEPENDENT_ALREADY_DIRECTED,,,,,,
AP0,beijing,Huairou,fixed_panel,natural,7914,2014-01-24 18:00:00,2014Q1,beijing_2014-01-24T18:00:00,24,3,logistic,hist_gradient_boosting,145,168,6,21,0.00235721854745334,0.03815351200061244,0.002509148889581227,0.03800158165848454,0.002509148889601247,0.03800158165846456,0.002509148889282819,0.038001581658782986,FLOAT_OUTWARD,0.022029899611446517,0.022029899611442742,0.0357962934531591,0.03579629345315911,-0.00235721854745334,0.03815351200061244,1,400,41,176,0.0003693000035127625,0.003935700005968101,OPTIMAL_DUAL_OUTWARD,0.00012089998926967382,B,B,B,False,False,False,False,INDEPENDENT_ALREADY_DIRECTED,,,,,,
AP0,beijing,Huairou,fixed_panel,natural,8082,2014-01-31 18:00:00,2014Q1,beijing_2014-01-31T18:00:00,24,3,constant,logistic,145,168,2,0,0.17674874814128616,0.17674874814128616,0.17674874814126615,0.17674874814130617,0.17674874814128616,0.17674874814128616,0.17674874814096772,0.1767487481416046,FLOAT_OUTWARD,0.0,0.0,0.0,0.0,-0.17674874814128616,0.17674874814128616,0,0,0,0,2.160000440198928e-05,1.309999788645655e-05,ANALYTIC,0.00012480000441428274,B,B,B,False,False,False,False,NO_AMBIGUOUS_LABELS,,,,,,
AP0,beijing,Huairou,fixed_panel,natural,8082,2014-01-31 18:00:00,2014Q1,beijing_2014-01-31T18:00:00,24,3,constant,hist_gradient_boosting,145,168,2,0,0.1564448084229528,0.1564448084229528,0.1564448084229328,0.15644480842297281,0.15644480842295277,0.15644480842295277,0.15644480842263433,0.15644480842327121,FLOAT_OUTWARD,0.0,4.0245584642661925e-15,0.0,0.0,-0.1564448084229528,0.1564448084229528,0,0,0,0,2.160000440198928e-05,1.1699987226165831e-05,ANALYTIC,8.630000229459256e-05,B,B,B,False,False,False,False,NO_AMBIGUOUS_LABELS,,,,,,
AP0,beijing,Huairou,fixed_panel,natural,8082,2014-01-31 18:00:00,2014Q1,beijing_2014-01-31T18:00:00,24,3,logistic,hist_gradient_boosting,145,168,2,0,-0.02030393971833333,-0.02030393971833333,-0.02030393971835333,-0.02030393971831333,-0.02030393971833332,-0.02030393971833332,-0.02030393971865175,-0.02030393971801489,FLOAT_OUTWARD,1.5092094240998222e-15,0.0,0.0,0.0,0.02030393971833333,-0.02030393971833333,0,0,0,0,2.160000440198928e-05,1.1100011761300266e-05,ANALYTIC,7.899999036453664e-05,A,A,A,False,False,False,False,NO_AMBIGUOUS_LABELS,,,,,,
AP0,beijing,Huairou,fixed_panel,natural,8250,2014-02-07 18:00:00,2014Q1,beijing_2014-02-07T18:00:00,24,3,constant,logistic,145,168,6,0,0.13139932580420602,0.13139932580420602,0.13139932580418603,0.13139932580422603,0.13139932580420616,0.13139932580420616,0.13139932580388772,0.1313993258045246,FLOAT_OUTWARD,2.0122792321330962e-14,0.0,0.0,0.0,-0.13139932580420602,0.13139932580420602,0,0,0,0,1.8699996871873736e-05,1.2899996363557875e-05,ANALYTIC,0.00010809999366756529,B,B,B,False,False,False,False,NO_AMBIGUOUS_LABELS,,,,,,
AP0,beijing,Huairou,fixed_panel,natural,8250,2014-02-07 18:00:00,2014Q1,beijing_2014-02-07T18:00:00,24,3,constant,hist_gradient_boosting,145,168,6,0,0.1554367417800476,0.1554367417800476,0.1554367417800276,0.1554367417800676,0.15543674178004763,0.15543674178004763,0.1554367417797292,0.15543674178036607,FLOAT_OUTWARD,4.0245584642661925e-15,0.0,0.0,0.0,-0.1554367417800476,0.1554367417800476,0,0,0,0,1.8699996871873736e-05,1.1500000255182385e-05,ANALYTIC,8.569999772589654e-05,B,B,B,False,False,False,False,NO_AMBIGUOUS_LABELS,,,,,,
AP0,beijing,Huairou,fixed_panel,natural,8250,2014-02-07 18:00:00,2014Q1,beijing_2014-02-07T18:00:00,24,3,logistic,hist_gradient_boosting,145,168,6,0,0.02403741597584157,0.02403741597584157,0.02403741597582157,0.02403741597586157,0.024037415975841553,0.024037415975841553,0.024037415975523124,0.024037415976159982,FLOAT_OUTWARD,0.0,2.5153490401663703e-15,0.0,0.0,-0.02403741597584157,0.02403741597584157,0,0,0,0,1.8699996871873736e-05,1.1100011761300266e-05,ANALYTIC,7.900000491645187e-05,B,B,B,False,False,False,False,NO_AMBIGUOUS_LABELS,,,,,,
AP0,beijing,Huairou,fixed_panel,natural,8418,2014-02-14 18:00:00,2014Q1,beijing_2014-02-14T18:00:00,24,3,constant,logistic,145,168,2,0,-0.0164920356165052,-0.0164920356165052,-0.016492035616525187,-0.0164920356164852,-0.016492035616505273,-0.016492035616505273,-0.016492035616823702,-0.016492035616186843,FLOAT_OUTWARD,0.0,1.0564465968698755e-14,0.0,0.0,0.0164920356165052,-0.0164920356165052,0,0,0,0,1.889999839477241e-05,1.3299999409355223e-05,ANALYTIC,0.00010989999282173812,A,A,A,False,False,False,False,NO_AMBIGUOUS_LABELS,,,,,,
AP0,beijing,Huairou,fixed_panel,natural,8418,2014-02-14 18:00:00,2014Q1,beijing_2014-02-14T18:00:00,24,3,constant,hist_gradient_boosting,145,168,2,0,-0.05261383161097538,-0.05261383161097538,-0.05261383161099538,-0.05261383161095539,-0.05261383161097549,-0.05261383161097549,-0.05261383161129392,-0.052613831610657066,FLOAT_OUTWARD,0.0,1.609823385706477e-14,0.0,0.0,0.05261383161097538,-0.05261383161097538,0,0,0,0,1.889999839477241e-05,1.1900003300979733e-05,ANALYTIC,8.660000457894057e-05,A,A,A,False,False,False,False,NO_AMBIGUOUS_LABELS,,,,,,
AP0,beijing,Huairou,fixed_panel,natural,8418,2014-02-14 18:00:00,2014Q1,beijing_2014-02-14T18:00:00,24,3,logistic,hist_gradient_boosting,145,168,2,0,-0.036121795994470206,-0.036121795994470206,-0.036121795994490204,-0.03612179599445021,-0.036121795994470136,-0.036121795994470136,-0.03612179599478856,-0.03612179599415171,FLOAT_OUTWARD,1.0061396160665481e-14,0.0,0.0,0.0,0.036121795994470206,-0.036121795994470206,0,0,0,0,1.889999839477241e-05,1.1500000255182385e-05,ANALYTIC,8.399999933317304e-05,A,A,A,False,False,False,False,NO_AMBIGUOUS_LABELS,,,,,,
AP0,beijing,Huairou,fixed_panel,natural,8586,2014-02-21 18:00:00,2014Q1,beijing_2014-02-21T18:00:00,24,3,constant,logistic,145,168,21,0,0.04569798737714866,0.04569798737714866,0.045697987377128664,0.045697987377168625,0.04569798737714847,0.04569798737714847,0.04569798737683004,0.045697987377466893,FLOAT_OUTWARD,0.0,2.8171909249863347e-14,0.0,0.0,-0.04569798737714866,0.04569798737714866,0,0,0,0,1.8300008377991617e-05,1.3199998647905886e-05,ANALYTIC,0.00011140000424347818,B,B,B,False,False,False,False,NO_AMBIGUOUS_LABELS,,,,,,
AP0,beijing,Huairou,fixed_panel,natural,8586,2014-02-21 18:00:00,2014Q1,beijing_2014-02-21T18:00:00,24,3,constant,hist_gradient_boosting,145,168,21,0,0.02063237926225973,0.02063237926225973,0.020632379262239747,0.020632379262279732,0.020632379262259803,0.020632379262259803,0.020632379261941374,0.020632379262578233,FLOAT_OUTWARD,1.0564465968698755e-14,0.0,0.0,0.0,-0.02063237926225973,0.02063237926225973,0,0,0,0,1.8300008377991617e-05,1.4299992471933365e-05,ANALYTIC,0.00014459999511018395,B,B,B,False,False,False,False,NO_AMBIGUOUS_LABELS,,,,,,
AP0,beijing,Huairou,fixed_panel,natural,8586,2014-02-21 18:00:00,2014Q1,beijing_2014-02-21T18:00:00,24,3,logistic,hist_gradient_boosting,145,168,21,0,-0.025065608114888862,-0.025065608114888862,-0.025065608114908863,-0.025065608114868864,-0.025065608114888862,-0.025065608114888862,-0.02506560811520729,-0.025065608114570433,FLOAT_OUTWARD,0.0,0.0,0.0,0.0,0.025065608114888862,-0.025065608114888862,0,0,0,0,1.8300008377991617e-05,1.2699994840659201e-05,ANALYTIC,9.690001024864614e-05,A,A,A,False,False,False,False,NO_AMBIGUOUS_LABELS,,,,,,
AP0,beijing,Huairou,fixed_panel,natural,6570,2013-11-29 18:00:00,2013Q4,beijing_2013-11-29T18:00:00,72,3,constant,logistic,97,168,5,0,-0.0008058050180038312,-0.0008058050180038312,-0.00080580501802383,-0.0008058050179838313,-0.000805805018003822,-0.000805805018003822,-0.0008058050183222499,-0.0008058050176853941,FLOAT_OUTWARD,8.939246912142984e-16,0.0,0.0,0.0,0.0008058050180038312,-0.0008058050180038312,0,0,0,0,2.5000001187436283e-05,1.3299999409355223e-05,ANALYTIC,0.00014040000678505749,A,A,A,False,False,False,False,NO_AMBIGUOUS_LABELS,,,,,,
AP0,beijing,Huairou,fixed_panel,natural,6570,2013-11-29 18:00:00,2013Q4,beijing_2013-11-29T18:00:00,72,3,constant,hist_gradient_boosting,97,168,5,0,-0.016001478687526487,-0.016001478687526487,-0.016001478687546488,-0.016001478687506485,-0.016001478687526507,-0.016001478687526507,-0.016001478687844937,-0.016001478687208078,FLOAT_OUTWARD,0.0,2.0192181260370035e-15,0.0,0.0,0.016001478687526487,-0.016001478687526487,0,0,0,0,2.5000001187436283e-05,1.2599994079209864e-05,ANALYTIC,0.00010559998918324709,A,A,A,False,False,False,False,NO_AMBIGUOUS_LABELS,,,,,,
AP0,beijing,Huairou,fixed_panel,natural,6570,2013-11-29 18:00:00,2013Q4,beijing_2013-11-29T18:00:00,72,3,logistic,hist_gradient_boosting,97,168,5,0,-0.015195673669522658,-0.015195673669522658,-0.015195673669542657,-0.015195673669502658,-0.015195673669522658,-0.015195673669522658,-0.015195673669841085,-0.01519567366920423,FLOAT_OUTWARD,0.0,0.0,0.0,0.0,0.015195673669522658,-0.015195673669522658,0,0,0,0,2.5000001187436283e-05,1.1499985703267157e-05,ANALYTIC,9.780000254977494e-05,A,A,A,False,False,False,False,NO_AMBIGUOUS_LABELS,,,,,,
AP0,beijing,Huairou,fixed_panel,natural,6738,2013-12-06 18:00:00,2013Q4,beijing_2013-12-06T18:00:00,72,3,constant,logistic,97,168,1,0,0.0517242264830753,0.0517242264830753,0.0517242264830553,0.0517242264830953,0.051724226483075314,0.051724226483075314,0.05172422648275689,0.05172422648339374,FLOAT_OUTWARD,1.3461454173580023e-15,0.0,0.0,0.0,-0.0517242264830753,0.0517242264830753,0,0,0,0,1.8999999156221747e-05,2.19999928958714e-05,ANALYTIC,0.0001255999959539622,B,B,B,False,False,False,False,NO_AMBIGUOUS_LABELS,,,,,,
AP0,beijing,Huairou,fixed_panel,natural,6738,2013-12-06 18:00:00,2013Q4,beijing_2013-12-06T18:00:00,72,3,constant,hist_gradient_boosting,97,168,1,0,-0.037006123350438756,-0.037006123350438756,-0.03700612335045875,-0.03700612335041876,-0.037006123350438756,-0.037006123350438756,-0.03700612335075718,-0.03700612335012033,FLOAT_OUTWARD,0.0,0.0,0.0,0.0,0.037006123350438756,-0.037006123350438756,0,0,0,0,1.8999999156221747e-05,1.6000005416572094e-05,ANALYTIC,9.800000407267362e-05,A,A,A,False,False,False,False,NO_AMBIGUOUS_LABELS,,,,,,
AP0,beijing,Huairou,fixed_panel,natural,6738,2013-12-06 18:00:00,2013Q4,beijing_2013-12-06T18:00:00,72,3,logistic,hist_gradient_boosting,97,168,1,0,-0.08873034983351405,-0.08873034983351405,-0.08873034983353405,-0.08873034983349407,-0.08873034983351405,-0.08873034983351405,-0.08873034983383248,-0.08873034983319562,FLOAT_OUTWARD,0.0,0.0,0.0,0.0,0.08873034983351405,-0.08873034983351405,0,0,0,0,1.8999999156221747e-05,1.09999964479357e-05,ANALYTIC,9.130001126322895e-05,A,A,A,False,False,False,False,NO_AMBIGUOUS_LABELS,,,,,,
AP0,beijing,Huairou,fixed_panel,natural,6906,2013-12-13 18:00:00,2013Q4,beijing_2013-12-13T18:00:00,72,3,constant,logistic,97,168,26,15,-0.0013182853238994248,0.012874758404951088,-0.0012625928305842612,0.010618391826117082,-0.0012625928305642587,0.010618391826097091,-0.0012625928308826868,0.010618391826415519,FLOAT_OUTWARD,0.0054021718535111115,0.2188675581488377,0.014193043728850514,0.014193043728850519,0.0013182853238994248,0.012874758404951088,1,133,29,68,0.00031740000122226775,0.003694799990626052,OPTIMAL_DUAL_OUTWARD,0.00012450000212993473,OPPOSITE_POSSIBLE,OPPOSITE_POSSIBLE,OPPOSITE_POSSIBLE,True,False,False,False,JOINT_OPPOSITE_POSSIBLE,,,,,,
AP0,beijing,Huairou,fixed_panel,natural,6906,2013-12-13 18:00:00,2013Q4,beijing_2013-12-13T18:00:00,72,3,constant,hist_gradient_boosting,97,168,26,15,-0.013413013095026825,0.046914341216778274,-0.013413013095046824,0.04636253553230315,-0.013413013095026832,0.04636253553228314,-0.01341301309534526,0.04636253553260156,FLOAT_OUTWARD,0.0,0.05352515139602825,0.060327354311805095,0.060327354311805095,0.013413013095026825,0.046914341216778274,1,133,29,68,0.00031740000122226775,0.0033285999961663038,OPTIMAL_DUAL_OUTWARD,0.0001230000052601099,OPPOSITE_POSSIBLE,OPPOSITE_POSSIBLE,OPPOSITE_POSSIBLE,True,False,False,False,JOINT_OPPOSITE_POSSIBLE,,,,,,
AP0,beijing,Huairou,fixed_panel,natural,6906,2013-12-13 18:00:00,2013Q4,beijing_2013-12-13T18:00:00,72,3,logistic,hist_gradient_boosting,97,168,26,15,-0.01452765969869131,0.0364725147393911,-0.013799288665506284,0.035744143706206065,-0.013799288665486268,0.03574414370618607,-0.013799288665804696,0.03574414370650449,FLOAT_OUTWARD,0.07065199022088901,0.07065199022088833,0.05100017443808241,0.05100017443808242,0.01452765969869131,0.0364725147393911,1,133,29,68,0.00031740000122226775,0.0036281000066082925,OPTIMAL_DUAL_OUTWARD,0.00012250000145286322,OPPOSITE_POSSIBLE,OPPOSITE_POSSIBLE,OPPOSITE_POSSIBLE,True,False,False,False,JOINT_OPPOSITE_POSSIBLE,,,,,,
AP0,beijing,Huairou,fixed_panel,natural,7074,2013-12-20 18:00:00,2013Q4,beijing_2013-12-20T18:00:00,72,3,constant,logistic,97,168,0,0,0.003388010003813104,0.003388010003813104,0.003388010003793115,0.003388010003833104,0.003388010003813067,0.003388010003813067,0.003388010003494639,0.003388010004131495,FLOAT_OUTWARD,0.0,3.575698764857194e-15,0.0,0.0,-0.003388010003813104,0.003388010003813104,0,0,0,0,2.160000440198928e-05,1.3600001693703234e-05,ANALYTIC,0.00014009998994879425,B,B,B,False,False,False,False,NO_AMBIGUOUS_LABELS,,,,,,
AP0,beijing,Huairou,fixed_panel,natural,7074,2013-12-20 18:00:00,2013Q4,beijing_2013-12-20T18:00:00,72,3,constant,hist_gradient_boosting,97,168,0,0,0.0036500483874237813,0.0036500483874237813,0.003650048387403796,0.0036500483874437814,0.0036500483874237813,0.0036500483874237813,0.0036500483871053533,0.0036500483877422094,FLOAT_OUTWARD,0.0,0.0,0.0,0.0,-0.0036500483874237813,0.0036500483874237813,0,0,0,0,2.160000440198928e-05,1.1900003300979733e-05,ANALYTIC,0.0001033000007737428,B,B,B,False,False,False,False,NO_AMBIGUOUS_LABELS,,,,,,
AP0,beijing,Huairou,fixed_panel,natural,7074,2013-12-20 18:00:00,2013Q4,beijing_2013-12-20T18:00:00,72,3,logistic,hist_gradient_boosting,97,168,0,0,0.00026203838361068095,0.00026203838361068095,0.00026203838359068095,0.00026203838363068096,0.00026203838361068095,0.00026203838361068095,0.000262038383292253,0.0002620383839291089,FLOAT_OUTWARD,0.0,0.0,0.0,0.0,-0.00026203838361068095,0.00026203838361068095,0,0,0,0,2.160000440198928e-05,1.1500000255182385e-05,ANALYTIC,9.57000011112541e-05,B,B,B,False,False,False,False,NO_AMBIGUOUS_LABELS,,,,,,
AP0,beijing,Huairou,fixed_panel,natural,7242,2013-12-27 18:00:00,2013Q4,beijing_2013-12-27T18:00:00,72,3,constant,logistic,97,168,1,0,-0.0016785654225906998,-0.0016785654225906998,-0.0016785654226106998,-0.0016785654225706997,-0.0016785654225907089,-0.0016785654225907089,-0.0016785654229091369,-0.0016785654222722809,FLOAT_OUTWARD,0.0,8.83407930141189e-16,0.0,0.0,0.0016785654225906998,-0.0016785654225906998,0,0,0,0,1.930000144056976e-05,1.239999255631119e-05,ANALYTIC,0.0001281000004382804,A,A,A,False,False,False,False,NO_AMBIGUOUS_LABELS,,,,,,
AP0,beijing,Huairou,fixed_panel,natural,7242,2013-12-27 18:00:00,2013Q4,beijing_2013-12-27T18:00:00,72,3,constant,hist_gradient_boosting,97,168,1,0,-0.001236159050515055,-0.001236159050515055,-0.001236159050535055,-0.0012361590504950566,-0.0012361590505150643,-0.0012361590505150643,-0.0012361590508334923,-0.0012361590501966363,FLOAT_OUTWARD,0.0,9.044414522874078e-16,0.0,0.0,0.001236159050515055,-0.001236159050515055,0,0,0,0,1.930000144056976e-05,1.1099997209385037e-05,ANALYTIC,0.00011709998943842947,A,A,A,False,False,False,False,NO_AMBIGUOUS_LABELS,,,,,,
AP0,beijing,Huairou,fixed_panel,natural,7242,2013-12-27 18:00:00,2013Q4,beijing_2013-12-27T18:00:00,72,3,logistic,hist_gradient_boosting,97,168,1,0,0.0004424063720756492,0.0004424063720756492,0.0004424063720556492,0.00044240637209564293,0.0004424063720756492,0.0004424063720756492,0.00044240637175722126,0.00044240637239407717,FLOAT_OUTWARD,0.0,0.0,0.0,0.0,-0.0004424063720756492,0.0004424063720756492,0,0,0,0,1.930000144056976e-05,1.0899995686486363e-05,ANALYTIC,9.269999281968921e-05,B,B,B,False,False,False,False,NO_AMBIGUOUS_LABELS,,,,,,
AP0,beijing,Huairou,fixed_panel,natural,7410,2014-01-03 18:00:00,2014Q1,beijing_2014-01-03T18:00:00,72,3,constant,logistic,97,168,0,0,0.0312913331811628,0.0312913331811628,0.0312913331811428,0.031291333181182795,0.03129133318116278,0.03129133318116278,0.03129133318084435,0.0312913331814812,FLOAT_OUTWARD,0.0,2.0192181260370035e-15,0.0,0.0,-0.0312913331811628,0.0312913331811628,0,0,0,0,1.85999961104244e-05,1.239999255631119e-05,ANALYTIC,0.00012060000153724104,B,B,B,False,False,False,False,NO_AMBIGUOUS_LABELS,,,,,,
AP0,beijing,Huairou,fixed_panel,natural,7410,2014-01-03 18:00:00,2014Q1,beijing_2014-01-03T18:00:00,72,3,constant,hist_gradient_boosting,97,168,0,0,0.010087894613678733,0.010087894613678733,0.010087894613658733,0.010087894613698732,0.01008789461367875,0.01008789461367875,0.010087894613360323,0.010087894613997178,FLOAT_OUTWARD,1.6826817716975029e-15,0.0,0.0,0.0,-0.010087894613678733,0.010087894613678733,0,0,0,0,1.85999961104244e-05,1.1500000255182385e-05,ANALYTIC,9.760000102687627e-05,B,B,B,False,False,False,False,NO_AMBIGUOUS_LABELS,,,,,,
AP0,beijing,Huairou,fixed_panel,natural,7410,2014-01-03 18:00:00,2014Q1,beijing_2014-01-03T18:00:00,72,3,logistic,hist_gradient_boosting,97,168,0,0,-0.021203438567484065,-0.021203438567484065,-0.021203438567504066,-0.021203438567464063,-0.021203438567484065,-0.021203438567484065,-0.021203438567802494,-0.021203438567165635,FLOAT_OUTWARD,0.0,0.0,0.0,0.0,0.021203438567484065,-0.021203438567484065,0,0,0,0,1.85999961104244e-05,1.1099997209385037e-05,ANALYTIC,9.120001050177962e-05,A,A,A,False,False,False,False,NO_AMBIGUOUS_LABELS,,,,,,
AP0,beijing,Huairou,fixed_panel,natural,7578,2014-01-10 18:00:00,2014Q1,beijing_2014-01-10T18:00:00,72,3,constant,logistic,97,168,1,0,-0.003565167587316162,-0.003565167587316162,-0.003565167587336162,-0.003565167587296162,-0.003565167587316169,-0.003565167587316169,-0.003565167587634597,-0.003565167586997741,FLOAT_OUTWARD,0.0,6.730727086790012e-16,0.0,0.0,0.003565167587316162,-0.003565167587316162,0,0,0,0,1.889999839477241e-05,1.2699994840659201e-05,ANALYTIC,0.00012199999764561653,A,A,A,False,False,False,False,NO_AMBIGUOUS_LABELS,,,,,,
AP0,beijing,Huairou,fixed_panel,natural,7578,2014-01-10 18:00:00,2014Q1,beijing_2014-01-10T18:00:00,72,3,constant,hist_gradient_boosting,97,168,1,0,0.0015619913761484075,0.0015619913761484075,0.0015619913761284075,0.0015619913761684065,0.001561991376148435,0.001561991376148435,0.001561991375830007,0.001561991376466863,FLOAT_OUTWARD,2.671257312569786e-15,0.0,0.0,0.0,-0.0015619913761484075,0.0015619913761484075,0,0,0,0,1.889999839477241e-05,1.1800002539530396e-05,ANALYTIC,0.00010809999366756529,B,B,B,False,False,False,False,NO_AMBIGUOUS_LABELS,,,,,,
AP0,beijing,Huairou,fixed_panel,natural,7578,2014-01-10 18:00:00,2014Q1,beijing_2014-01-10T18:00:00,72,3,logistic,hist_gradient_boosting,97,168,1,0,0.00512715896346456,0.00512715896346456,0.005127158963444569,0.005127158963484559,0.005127158963464541,0.005127158963464541,0.005127158963146114,0.005127158963782969,FLOAT_OUTWARD,0.0,1.766815860282378e-15,0.0,0.0,-0.00512715896346456,0.00512715896346456,0,0,0,0,1.889999839477241e-05,1.8799997633323073e-05,ANALYTIC,9.269999281968921e-05,B,B,B,False,False,False,False,NO_AMBIGUOUS_LABELS,,,,,,
AP0,beijing,Huairou,fixed_panel,natural,7746,2014-01-17 18:00:00,2014Q1,beijing_2014-01-17T18:00:00,72,3,constant,logistic,97,168,4,0,-0.015828286517770983,-0.015828286517770983,-0.015828286517790984,-0.015828286517750985,-0.015828286517770993,-0.015828286517770993,-0.015828286518089422,-0.015828286517452564,FLOAT_OUTWARD,0.0,1.0096090630185017e-15,0.0,0.0,0.015828286517770983,-0.015828286517770983,0,0,0,0,1.85999961104244e-05,1.2600008631125093e-05,ANALYTIC,0.00011860000086016953,A,A,A,False,False,False,False,NO_AMBIGUOUS_LABELS,,,,,,
AP0,beijing,Huairou,fixed_panel,natural,7746,2014-01-17 18:00:00,2014Q1,beijing_2014-01-17T18:00:00,72,3,constant,hist_gradient_boosting,97,168,4,0,-0.002275084195545557,-0.002275084195545557,-0.002275084195565557,-0.002275084195525557,-0.002275084195545573,-0.002275084195545573,-0.002275084195864001,-0.002275084195227145,FLOAT_OUTWARD,0.0,1.5564806388201902e-15,0.0,0.0,0.002275084195545557,-0.002275084195545557,0,0,0,0,1.85999961104244e-05,1.1500000255182385e-05,ANALYTIC,9.689999569673091e-05,A,A,A,False,False,False,False,NO_AMBIGUOUS_LABELS,,,,,,
AP0,beijing,Huairou,fixed_panel,natural,7746,2014-01-17 18:00:00,2014Q1,beijing_2014-01-17T18:00:00,72,3,logistic,hist_gradient_boosting,97,168,4,0,0.013553202322225438,0.013553202322225438,0.013553202322205438,0.01355320232224543,0.013553202322225438,0.013553202322225438,0.01355320232190701,0.013553202322543865,FLOAT_OUTWARD,0.0,0.0,0.0,0.0,-0.013553202322225438,0.013553202322225438,0,0,0,0,1.85999961104244e-05,1.09999964479357e-05,ANALYTIC,9.010000212583691e-05,B,B,B,False,False,False,False,NO_AMBIGUOUS_LABELS,,,,,,
AP0,beijing,Huairou,fixed_panel,natural,7914,2014-01-24 18:00:00,2014Q1,beijing_2014-01-24T18:00:00,72,3,constant,logistic,97,168,6,0,-0.0046048328003513665,-0.0046048328003513665,-0.004604832800371366,-0.004604832800331367,-0.0046048328003513595,-0.0046048328003513595,-0.004604832800669787,-0.004604832800032932,FLOAT_OUTWARD,6.730727086790012e-16,0.0,0.0,0.0,0.0046048328003513665,-0.0046048328003513665,0,0,0,0,1.8099992303177714e-05,1.2300006346777081e-05,ANALYTIC,0.00011709998943842947,A,A,A,False,False,False,False,NO_AMBIGUOUS_LABELS,,,,,,
AP0,beijing,Huairou,fixed_panel,natural,7914,2014-01-24 18:00:00,2014Q1,beijing_2014-01-24T18:00:00,72,3,constant,hist_gradient_boosting,97,168,6,0,-0.025351730478149394,-0.025351730478149394,-0.025351730478169396,-0.0253517304781294,-0.025351730478149405,-0.025351730478149405,-0.025351730478467834,-0.025351730477830976,FLOAT_OUTWARD,0.0,1.0096090630185017e-15,0.0,0.0,0.025351730478149394,-0.025351730478149394,0,0,0,0,1.8099992303177714e-05,1.1500000255182385e-05,ANALYTIC,9.629999112803489e-05,A,A,A,False,False,False,False,NO_AMBIGUOUS_LABELS,,,,,,
AP0,beijing,Huairou,fixed_panel,natural,7914,2014-01-24 18:00:00,2014Q1,beijing_2014-01-24T18:00:00,72,3,logistic,hist_gradient_boosting,97,168,6,0,-0.020746897677798033,-0.020746897677798033,-0.02074689767781803,-0.020746897677778032,-0.020746897677798044,-0.020746897677798044,-0.020746897678116473,-0.020746897677479614,FLOAT_OUTWARD,0.0,1.0096090630185017e-15,0.0,0.0,0.020746897677798033,-0.020746897677798033,0,0,0,0,1.8099992303177714e-05,1.0700008715502918e-05,ANALYTIC,9.620000491850078e-05,A,A,A,False,False,False,False,NO_AMBIGUOUS_LABELS,,,,,,
AP0,beijing,Huairou,fixed_panel,natural,8082,2014-01-31 18:00:00,2014Q1,beijing_2014-01-31T18:00:00,72,3,constant,logistic,97,168,2,0,-0.02180122616757024,-0.02180122616757024,-0.021801226167590233,-0.021801226167550238,-0.021801226167570256,-0.021801226167570256,-0.021801226167888686,-0.021801226167251827,FLOAT_OUTWARD,0.0,1.6826817716975029e-15,0.0,0.0,0.02180122616757024,-0.02180122616757024,0,0,0,0,1.8799997633323073e-05,1.2800010154023767e-05,ANALYTIC,0.00012070000229869038,A,A,A,False,False,False,False,NO_AMBIGUOUS_LABELS,,,,,,
AP0,beijing,Huairou,fixed_panel,natural,8082,2014-01-31 18:00:00,2014Q1,beijing_2014-01-31T18:00:00,72,3,constant,hist_gradient_boosting,97,168,2,0,-0.004022973295669165,-0.004022973295669165,-0.004022973295689165,-0.004022973295649166,-0.004022973295669149,-0.004022973295669149,-0.0040229732959875765,-0.004022973295350721,FLOAT_OUTWARD,1.5985476831126277e-15,0.0,0.0,0.0,0.004022973295669165,-0.004022973295669165,0,0,0,0,1.8799997633323073e-05,1.7799990018829703e-05,ANALYTIC,9.950000094249845e-05,A,A,A,False,False,False,False,NO_AMBIGUOUS_LABELS,,,,,,
AP0,beijing,Huairou,fixed_panel,natural,8082,2014-01-31 18:00:00,2014Q1,beijing_2014-01-31T18:00:00,72,3,logistic,hist_gradient_boosting,97,168,2,0,0.017778252871901084,0.017778252871901084,0.017778252871881083,0.017778252871921064,0.017778252871901046,0.017778252871901046,0.017778252871582616,0.017778252872219475,FLOAT_OUTWARD,0.0,3.701899897734506e-15,0.0,0.0,-0.017778252871901084,0.017778252871901084,0,0,0,0,1.8799997633323073e-05,1.1500000255182385e-05,ANALYTIC,9.529999806545675e-05,B,B,B,False,False,False,False,NO_AMBIGUOUS_LABELS,,,,,,
AP0,beijing,Huairou,fixed_panel,natural,8250,2014-02-07 18:00:00,2014Q1,beijing_2014-02-07T18:00:00,72,3,constant,logistic,97,168,6,0,-0.006168138858268536,-0.006168138858268536,-0.006168138858288536,-0.006168138858248537,-0.006168138858268536,-0.006168138858268536,-0.006168138858586964,-0.006168138857950109,FLOAT_OUTWARD,0.0,0.0,0.0,0.0,0.006168138858268536,-0.006168138858268536,0,0,0,0,1.8499995348975062e-05,1.2400007108226418e-05,ANALYTIC,0.00011729999096132815,A,A,A,False,False,False,False,NO_AMBIGUOUS_LABELS,,,,,,
AP0,beijing,Huairou,fixed_panel,natural,8250,2014-02-07 18:00:00,2014Q1,beijing_2014-02-07T18:00:00,72,3,constant,hist_gradient_boosting,97,168,6,0,0.0017014460969380979,0.0017014460969380979,0.0017014460969180978,0.0017014460969580966,0.0017014460969380703,0.0017014460969380703,0.0017014460966196423,0.0017014460972564983,FLOAT_OUTWARD,0.0,2.671257312569786e-15,0.0,0.0,-0.0017014460969380979,0.0017014460969380979,0,0,0,0,1.8499995348975062e-05,1.1399999493733048e-05,ANALYTIC,9.619999036658555e-05,B,B,B,False,False,False,False,NO_AMBIGUOUS_LABELS,,,,,,
AP0,beijing,Huairou,fixed_panel,natural,8250,2014-02-07 18:00:00,2014Q1,beijing_2014-02-07T18:00:00,72,3,logistic,hist_gradient_boosting,97,168,6,0,0.007869584955206637,0.007869584955206637,0.007869584955186637,0.007869584955226633,0.007869584955206637,0.007869584955206637,0.007869584954888209,0.007869584955525064,FLOAT_OUTWARD,0.0,0.0,0.0,0.0,-0.007869584955206637,0.007869584955206637,0,0,0,0,1.8499995348975062e-05,1.1099997209385037e-05,ANALYTIC,8.990000060293823e-05,B,B,B,False,False,False,False,NO_AMBIGUOUS_LABELS,,,,,,
AP0,beijing,Huairou,fixed_panel,natural,8418,2014-02-14 18:00:00,2014Q1,beijing_2014-02-14T18:00:00,72,3,constant,logistic,97,168,2,0,-0.014477785905256188,-0.014477785905256188,-0.014477785905276187,-0.014477785905236188,-0.014477785905256202,-0.014477785905256202,-0.01447778590557463,-0.014477785904937774,FLOAT_OUTWARD,0.0,1.3461454173580023e-15,0.0,0.0,0.014477785905256188,-0.014477785905256188,0,0,0,0,1.820000761654228e-05,1.2299991794861853e-05,ANALYTIC,0.00011500000255182385,A,A,A,False,False,False,False,NO_AMBIGUOUS_LABELS,,,,,,
AP0,beijing,Huairou,fixed_panel,natural,8418,2014-02-14 18:00:00,2014Q1,beijing_2014-02-14T18:00:00,72,3,constant,hist_gradient_boosting,97,168,2,0,-0.04491297401615676,-0.04491297401615676,-0.044912974016176756,-0.04491297401613676,-0.04491297401615674,-0.04491297401615674,-0.04491297401647516,-0.04491297401583831,FLOAT_OUTWARD,2.0192181260370035e-15,0.0,0.0,0.0,0.04491297401615676,-0.04491297401615676,0,0,0,0,1.820000761654228e-05,1.1199997970834374e-05,ANALYTIC,9.450000652577728e-05,A,A,A,False,False,False,False,NO_AMBIGUOUS_LABELS,,,,,,
AP0,beijing,Huairou,fixed_panel,natural,8418,2014-02-14 18:00:00,2014Q1,beijing_2014-02-14T18:00:00,72,3,logistic,hist_gradient_boosting,97,168,2,0,-0.03043518811090057,-0.03043518811090057,-0.03043518811092057,-0.030435188110880574,-0.030435188110900575,-0.030435188110900575,-0.030435188111219005,-0.030435188110582146,FLOAT_OUTWARD,0.0,6.730727086790012e-16,0.0,0.0,0.03043518811090057,-0.03043518811090057,0,0,0,0,1.820000761654228e-05,1.1399999493733048e-05,ANALYTIC,0.00010580000525806099,A,A,A,False,False,False,False,NO_AMBIGUOUS_LABELS,,,,,,
AP0,beijing,Huairou,fixed_panel,natural,8586,2014-02-21 18:00:00,2014Q1,beijing_2014-02-21T18:00:00,72,3,constant,logistic,97,168,21,0,0.002716889192666641,0.002716889192666641,0.002716889192646641,0.002716889192686641,0.002716889192666641,0.002716889192666641,0.002716889192348213,0.002716889192985069,FLOAT_OUTWARD,0.0,0.0,0.0,0.0,-0.002716889192666641,0.002716889192666641,0,0,0,0,2.099999983329326e-05,1.309999788645655e-05,ANALYTIC,0.0001306999911321327,B,B,B,False,False,False,False,NO_AMBIGUOUS_LABELS,,,,,,
AP0,beijing,Huairou,fixed_panel,natural,8586,2014-02-21 18:00:00,2014Q1,beijing_2014-02-21T18:00:00,72,3,constant,hist_gradient_boosting,97,168,21,0,-0.007395713993827229,-0.007395713993827229,-0.007395713993847227,-0.007395713993807229,-0.0073957139938272244,-0.0073957139938272244,-0.007395713994145652,-0.007395713993508797,FLOAT_OUTWARD,4.206704429243757e-16,0.0,0.0,0.0,0.007395713993827229,-0.007395713993827229,0,0,0,0,2.099999983329326e-05,1.1799987987615168e-05,ANALYTIC,0.00010370000381954014,A,A,A,False,False,False,False,NO_AMBIGUOUS_LABELS,,,,,,
AP0,beijing,Huairou,fixed_panel,natural,8586,2014-02-21 18:00:00,2014Q1,beijing_2014-02-21T18:00:00,72,3,logistic,hist_gradient_boosting,97,168,21,0,-0.010112603186493884,-0.010112603186493884,-0.010112603186513868,-0.010112603186473884,-0.010112603186493848,-0.010112603186493848,-0.010112603186812275,-0.01011260318617542,FLOAT_OUTWARD,3.533631720564756e-15,0.0,0.0,0.0,0.010112603186493884,-0.010112603186493884,0,0,0,0,2.099999983329326e-05,1.170000177808106e-05,ANALYTIC,9.839999256655574e-05,A,A,A,False,False,False,False,NO_AMBIGUOUS_LABELS,,,,,,
AP0,beijing,Huairou,full_station,natural,6570,2013-11-29 18:00:00,2013Q4,beijing_2013-11-29T18:00:00,24,3,constant,logistic,2167,2190,75,71,0.06117456743038228,0.07732884211707534,0.06137446610996203,0.07711786832755367,0.06137446610998192,0.07711786832753352,0.0613744661060717,0.07711786833144374,FLOAT_OUTWARD,0.43318043869242934,0.4571802019371326,0.016154274686693067,0.01615427468669304,-0.06117456743038228,0.07732884211707534,2,878,139,452,0.0007826999935787171,0.006823300005635247,OPTIMAL_DUAL_OUTWARD,0.00035689999640453607,B,B,B,False,False,False,False,INDEPENDENT_ALREADY_DIRECTED,,,,,,
AP0,beijing,Huairou,full_station,natural,6570,2013-11-29 18:00:00,2013Q4,beijing_2013-11-29T18:00:00,24,3,constant,hist_gradient_boosting,2167,2190,75,71,0.05223125960187837,0.07330073724956133,0.05334346752895077,0.07218852932248895,0.053343467528970755,0.07218852932246879,0.053343467525060535,0.07218852932637901,FLOAT_OUTWARD,2.4101545780092004,2.4101545780095464,0.021069477647682966,0.021069477647682987,-0.05223125960187837,0.07330073724956133,2,878,139,452,0.0007826999935787171,0.007371100000455044,OPTIMAL_DUAL_OUTWARD,0.00036449999606702477,B,B,B,False,False,False,False,INDEPENDENT_ALREADY_DIRECTED,,,,,,
AP0,beijing,Huairou,full_station,natural,6570,2013-11-29 18:00:00,2013Q4,beijing_2013-11-29T18:00:00,24,3,logistic,hist_gradient_boosting,2167,2190,75,71,-0.010897489752162402,-0.002073922943855455,-0.01047964770072754,-0.0025544415655037716,-0.0104796477007075,-0.0025544415655237834,-0.010479647704617722,-0.002554441561613562,FLOAT_OUTWARD,0.9054637255027704,1.0412838531552677,0.008823566808306947,0.008823566808306949,0.010897489752162402,-0.002073922943855455,2,878,139,452,0.0007826999935787171,0.006704100000206381,OPTIMAL_DUAL_OUTWARD,0.00038159999530762434,A,A,A,False,False,False,False,INDEPENDENT_ALREADY_DIRECTED,,,,,,
AP0,beijing,Huairou,full_station,natural,6570,2013-11-29 18:00:00,2013Q4,beijing_2013-11-29T18:00:00,72,3,constant,logistic,2119,2190,75,43,0.0013977130043074065,0.004484109616933291,0.0014018814491607876,0.004379202433856528,0.0014018814491807993,0.004379202433836546,0.0014018814452705778,0.004379202437746767,FLOAT_OUTWARD,0.00883293468671939,0.22229832098200222,0.0030863966126258844,0.003086396612625884,-0.0013977130043074065,0.004484109616933291,1,1533,85,327,0.0005244000058155507,0.005700599998817779,OPTIMAL_DUAL_OUTWARD,0.0005323000077623874,B,B,B,False,False,False,False,INDEPENDENT_ALREADY_DIRECTED,,,,,,
AP0,beijing,Huairou,full_station,natural,6570,2013-11-29 18:00:00,2013Q4,beijing_2013-11-29T18:00:00,72,3,constant,hist_gradient_boosting,2119,2190,75,43,-0.01316365546711662,-0.00455713104747965,-0.012854362317804516,-0.004891683824633197,-0.012854362317784555,-0.004891683824653243,-0.012854362321694776,-0.004891683820743022,FLOAT_OUTWARD,0.6553921834346447,0.7089173348308435,0.008606524419636968,0.008606524419636965,0.01316365546711662,-0.00455713104747965,1,1533,85,327,0.0005244000058155507,0.0055041000014171,OPTIMAL_DUAL_OUTWARD,0.0005361000075936317,A,A,A,False,False,False,False,INDEPENDENT_ALREADY_DIRECTED,,,,,,
AP0,beijing,Huairou,full_station,natural,6570,2013-11-29 18:00:00,2013Q4,beijing_2013-11-29T18:00:00,72,3,logistic,hist_gradient_boosting,2119,2190,75,43,-0.015414425009420056,-0.008188184126416899,-0.014331722877367229,-0.009270886258469726,-0.014331722877347223,-0.00927088625848974,-0.014331722881257444,-0.00927088625457952,FLOAT_OUTWARD,2.2942458178623335,2.2942458178623517,0.007226240883003157,0.007226240883003157,0.015414425009420056,-0.008188184126416899,1,1533,85,327,0.0005244000058155507,0.005479400002514012,OPTIMAL_DUAL_OUTWARD,0.0005260000034468248,A,A,A,False,False,False,False,INDEPENDENT_ALREADY_DIRECTED,,,,,,
AP0,beijing,Nongzhanguan,fixed_panel,natural,6570,2013-11-29 18:00:00,2013Q4,beijing_2013-11-29T18:00:00,24,3,constant,logistic,145,168,0,0,0.0039062074448198876,0.0039062074448198876,0.0039062074447998875,0.0039062074448398864,0.0039062074448198386,0.0039062074448198386,0.0039062074445014106,0.0039062074451382666,FLOAT_OUTWARD,0.0,7.105861038469996e-15,0.0,0.0,-0.0039062074448198876,0.0039062074448198876,0,0,0,0,2.9000002541579306e-05,1.4199991710484028e-05,ANALYTIC,0.00014829999417997897,B,B,B,False,False,False,False,NO_AMBIGUOUS_LABELS,,,,,,
AP0,beijing,Nongzhanguan,fixed_panel,natural,6570,2013-11-29 18:00:00,2013Q4,beijing_2013-11-29T18:00:00,24,3,constant,hist_gradient_boosting,145,168,0,0,-0.11079787873829287,-0.11079787873829287,-0.11079787873831287,-0.11079787873827288,-0.11079787873829287,-0.11079787873829287,-0.1107978787386113,-0.11079787873797445,FLOAT_OUTWARD,0.0,0.0,0.0,0.0,0.11079787873829287,-0.11079787873829287,0,0,0,0,2.9000002541579306e-05,1.2099990271963179e-05,ANALYTIC,9.529999806545675e-05,A,A,A,False,False,False,False,NO_AMBIGUOUS_LABELS,,,,,,
AP0,beijing,Nongzhanguan,fixed_panel,natural,6570,2013-11-29 18:00:00,2013Q4,beijing_2013-11-29T18:00:00,24,3,logistic,hist_gradient_boosting,145,168,0,0,-0.11470408618311274,-0.11470408618311274,-0.11470408618313274,-0.11470408618309277,-0.11470408618311274,-0.11470408618311274,-0.11470408618343117,-0.11470408618279432,FLOAT_OUTWARD,0.0,0.0,0.0,0.0,0.11470408618311274,-0.11470408618311274,0,0,0,0,2.9000002541579306e-05,1.170000177808106e-05,ANALYTIC,8.529999468009919e-05,A,A,A,False,False,False,False,NO_AMBIGUOUS_LABELS,,,,,,
AP0,beijing,Nongzhanguan,fixed_panel,natural,6738,2013-12-06 18:00:00,2013Q4,beijing_2013-12-06T18:00:00,24,3,constant,logistic,145,168,0,0,0.12519643396411628,0.12519643396411628,0.1251964339640963,0.1251964339641363,0.12519643396411634,0.12519643396411634,0.1251964339637979,0.12519643396443478,FLOAT_OUTWARD,8.049116928532385e-15,0.0,0.0,0.0,-0.12519643396411628,0.12519643396411628,0,0,0,0,2.1200001356191933e-05,1.3700002455152571e-05,ANALYTIC,0.00011870000162161887,B,B,B,False,False,False,False,NO_AMBIGUOUS_LABELS,,,,,,
AP0,beijing,Nongzhanguan,fixed_panel,natural,6738,2013-12-06 18:00:00,2013Q4,beijing_2013-12-06T18:00:00,24,3,constant,hist_gradient_boosting,145,168,0,0,0.12014961446041808,0.12014961446041808,0.12014961446039808,0.12014961446043808,0.12014961446041815,0.12014961446041815,0.12014961446009972,0.12014961446073658,FLOAT_OUTWARD,1.0061396160665481e-14,0.0,0.0,0.0,-0.12014961446041808,0.12014961446041808,0,0,0,0,2.1200001356191933e-05,1.2900010915473104e-05,ANALYTIC,9.590000263415277e-05,B,B,B,False,False,False,False,NO_AMBIGUOUS_LABELS,,,,,,
AP0,beijing,Nongzhanguan,fixed_panel,natural,6738,2013-12-06 18:00:00,2013Q4,beijing_2013-12-06T18:00:00,24,3,logistic,hist_gradient_boosting,145,168,0,0,-0.005046819503698233,-0.005046819503698233,-0.005046819503718228,-0.005046819503678234,-0.005046819503698233,-0.005046819503698233,-0.005046819504016661,-0.005046819503379806,FLOAT_OUTWARD,0.0,0.0,0.0,0.0,0.005046819503698233,-0.005046819503698233,0,0,0,0,2.1200001356191933e-05,1.1800002539530396e-05,ANALYTIC,8.47999908728525e-05,A,A,A,False,False,False,False,NO_AMBIGUOUS_LABELS,,,,,,
AP0,beijing,Nongzhanguan,fixed_panel,natural,6906,2013-12-13 18:00:00,2013Q4,beijing_2013-12-13T18:00:00,24,3,constant,logistic,145,168,1,0,-0.030096401505410854,-0.030096401505410854,-0.030096401505430855,-0.030096401505390877,-0.030096401505410854,-0.030096401505410854,-0.030096401505729283,-0.030096401505092425,FLOAT_OUTWARD,0.0,0.0,0.0,0.0,0.030096401505410854,-0.030096401505410854,0,0,0,0,1.920000067912042e-05,1.309999788645655e-05,ANALYTIC,0.00011499998799990863,A,A,A,False,False,False,False,NO_AMBIGUOUS_LABELS,,,,,,
AP0,beijing,Nongzhanguan,fixed_panel,natural,6906,2013-12-13 18:00:00,2013Q4,beijing_2013-12-13T18:00:00,24,3,constant,hist_gradient_boosting,145,168,1,0,-0.060571075479204754,-0.060571075479204754,-0.06057107547922474,-0.060571075479184756,-0.060571075479204727,-0.060571075479204727,-0.06057107547952315,-0.0605710754788863,FLOAT_OUTWARD,4.0245584642661925e-15,0.0,0.0,0.0,0.060571075479204754,-0.060571075479204754,0,0,0,0,1.920000067912042e-05,1.2099990271963179e-05,ANALYTIC,8.860000525601208e-05,A,A,A,False,False,False,False,NO_AMBIGUOUS_LABELS,,,,,,
AP0,beijing,Nongzhanguan,fixed_panel,natural,6906,2013-12-13 18:00:00,2013Q4,beijing_2013-12-13T18:00:00,24,3,logistic,hist_gradient_boosting,145,168,1,0,-0.030474673973793862,-0.030474673973793862,-0.030474673973813864,-0.03047467397377386,-0.030474673973793814,-0.030474673973793814,-0.030474673974112243,-0.030474673973475384,FLOAT_OUTWARD,7.042977312465837e-15,0.0,0.0,0.0,0.030474673973793862,-0.030474673973793862,0,0,0,0,1.920000067912042e-05,1.1999989510513842e-05,ANALYTIC,8.05999879958108e-05,A,A,A,False,False,False,False,NO_AMBIGUOUS_LABELS,,,,,,
AP0,beijing,Nongzhanguan,fixed_panel,natural,7074,2013-12-20 18:00:00,2013Q4,beijing_2013-12-20T18:00:00,24,3,constant,logistic,145,168,0,0,0.10848672930308705,0.10848672930308705,0.1084867293030671,0.10848672930310704,0.10848672930308705,0.10848672930308705,0.10848672930276862,0.10848672930340547,FLOAT_OUTWARD,0.0,0.0,0.0,0.0,-0.10848672930308705,0.10848672930308705,0,0,0,0,1.8800012185238302e-05,1.309999788645655e-05,ANALYTIC,0.00010809999366756529,B,B,B,False,False,False,False,NO_AMBIGUOUS_LABELS,,,,,,
AP0,beijing,Nongzhanguan,fixed_panel,natural,7074,2013-12-20 18:00:00,2013Q4,beijing_2013-12-20T18:00:00,24,3,constant,hist_gradient_boosting,145,168,0,0,0.07581041270385909,0.07581041270385909,0.0758104127038391,0.07581041270387909,0.07581041270385899,0.07581041270385899,0.07581041270354057,0.07581041270417742,FLOAT_OUTWARD,0.0,1.4085954624931674e-14,0.0,0.0,-0.07581041270385909,0.07581041270385909,0,0,0,0,1.8800012185238302e-05,1.1900003300979733e-05,ANALYTIC,8.600000001024455e-05,B,B,B,False,False,False,False,NO_AMBIGUOUS_LABELS,,,,,,
AP0,beijing,Nongzhanguan,fixed_panel,natural,7074,2013-12-20 18:00:00,2013Q4,beijing_2013-12-20T18:00:00,24,3,logistic,hist_gradient_boosting,145,168,0,0,-0.03267631659922798,-0.03267631659922798,-0.032676316599247975,-0.03267631659920798,-0.032676316599227956,-0.032676316599227956,-0.03267631659954638,-0.03267631659890953,FLOAT_OUTWARD,3.0184188481996443e-15,0.0,0.0,0.0,0.03267631659922798,-0.03267631659922798,0,0,0,0,1.8800012185238302e-05,1.4700010069645941e-05,ANALYTIC,7.979999645613134e-05,A,A,A,False,False,False,False,NO_AMBIGUOUS_LABELS,,,,,,
AP0,beijing,Nongzhanguan,fixed_panel,natural,7242,2013-12-27 18:00:00,2013Q4,beijing_2013-12-27T18:00:00,24,3,constant,logistic,145,168,0,0,0.010884414594280302,0.010884414594280302,0.010884414594260303,0.010884414594300278,0.010884414594280327,0.010884414594280327,0.010884414593961899,0.010884414594598754,FLOAT_OUTWARD,3.5214886562329184e-15,0.0,0.0,0.0,-0.010884414594280302,0.010884414594280302,0,0,0,0,1.789999078027904e-05,1.2999997125007212e-05,ANALYTIC,0.00011039999662898481,B,B,B,False,False,False,False,NO_AMBIGUOUS_LABELS,,,,,,
AP0,beijing,Nongzhanguan,fixed_panel,natural,7242,2013-12-27 18:00:00,2013Q4,beijing_2013-12-27T18:00:00,24,3,constant,hist_gradient_boosting,145,168,0,0,0.02296349710752323,0.02296349710752323,0.022963497107503235,0.02296349710754323,0.022963497107523236,0.022963497107523236,0.022963497107204807,0.022963497107841666,FLOAT_OUTWARD,1.0061396160665481e-15,0.0,0.0,0.0,-0.02296349710752323,0.02296349710752323,0,0,0,0,1.789999078027904e-05,1.170000177808106e-05,ANALYTIC,8.420000085607171e-05,B,B,B,False,False,False,False,NO_AMBIGUOUS_LABELS,,,,,,
AP0,beijing,Nongzhanguan,fixed_panel,natural,7242,2013-12-27 18:00:00,2013Q4,beijing_2013-12-27T18:00:00,24,3,logistic,hist_gradient_boosting,145,168,0,0,0.012079082513242951,0.012079082513242951,0.012079082513222957,0.012079082513262951,0.012079082513242927,0.012079082513242927,0.0120790825129245,0.012079082513561355,FLOAT_OUTWARD,0.0,3.5214886562329184e-15,0.0,0.0,-0.012079082513242951,0.012079082513242951,0,0,0,0,1.789999078027904e-05,1.0899995686486363e-05,ANALYTIC,7.759999425616115e-05,B,B,B,False,False,False,False,NO_AMBIGUOUS_LABELS,,,,,,
AP0,beijing,Nongzhanguan,fixed_panel,natural,7410,2014-01-03 18:00:00,2014Q1,beijing_2014-01-03T18:00:00,24,3,constant,logistic,145,168,0,0,0.11228734619941506,0.11228734619941506,0.11228734619939507,0.11228734619943506,0.11228734619941516,0.11228734619941516,0.11228734619909674,0.11228734619973359,FLOAT_OUTWARD,1.4085954624931674e-14,0.0,0.0,0.0,-0.11228734619941506,0.11228734619941506,0,0,0,0,1.9099999917671084e-05,1.309999788645655e-05,ANALYTIC,0.00010980000661220402,B,B,B,False,False,False,False,NO_AMBIGUOUS_LABELS,,,,,,
AP0,beijing,Nongzhanguan,fixed_panel,natural,7410,2014-01-03 18:00:00,2014Q1,beijing_2014-01-03T18:00:00,24,3,constant,hist_gradient_boosting,145,168,0,0,0.07349856623651456,0.07349856623651456,0.07349856623649458,0.07349856623653456,0.07349856623651467,0.07349856623651467,0.07349856623619624,0.0734985662368331,FLOAT_OUTWARD,1.609823385706477e-14,0.0,0.0,0.0,-0.07349856623651456,0.07349856623651456,0,0,0,0,1.9099999917671084e-05,1.200000406242907e-05,ANALYTIC,8.660000457894057e-05,B,B,B,False,False,False,False,NO_AMBIGUOUS_LABELS,,,,,,
AP0,beijing,Nongzhanguan,fixed_panel,natural,7410,2014-01-03 18:00:00,2014Q1,beijing_2014-01-03T18:00:00,24,3,logistic,hist_gradient_boosting,145,168,0,0,-0.03878877996290049,-0.03878877996290049,-0.03878877996292049,-0.03878877996288049,-0.03878877996290049,-0.03878877996290049,-0.03878877996321892,-0.038788779962582065,FLOAT_OUTWARD,0.0,0.0,0.0,0.0,0.03878877996290049,-0.03878877996290049,0,0,0,0,1.9099999917671084e-05,1.1500000255182385e-05,ANALYTIC,8.060000254772604e-05,A,A,A,False,False,False,False,NO_AMBIGUOUS_LABELS,,,,,,
AP0,beijing,Nongzhanguan,fixed_panel,natural,7578,2014-01-10 18:00:00,2014Q1,beijing_2014-01-10T18:00:00,24,3,constant,logistic,145,168,0,0,0.053375086808503086,0.053375086808503086,0.0533750868084831,0.053375086808523084,0.053375086808503135,0.053375086808503135,0.05337508680818471,0.05337508680882156,FLOAT_OUTWARD,7.042977312465837e-15,0.0,0.0,0.0,-0.053375086808503086,0.053375086808503086,0,0,0,0,1.790000533219427e-05,1.309999788645655e-05,ANALYTIC,0.00010779999138321728,B,B,B,False,False,False,False,NO_AMBIGUOUS_LABELS,,,,,,
AP0,beijing,Nongzhanguan,fixed_panel,natural,7578,2014-01-10 18:00:00,2014Q1,beijing_2014-01-10T18:00:00,24,3,constant,hist_gradient_boosting,145,168,0,0,0.03776332214042506,0.03776332214042506,0.037763322140405065,0.03776332214044506,0.03776332214042506,0.03776332214042506,0.03776332214010664,0.03776332214074349,FLOAT_OUTWARD,0.0,0.0,0.0,0.0,-0.03776332214042506,0.03776332214042506,0,0,0,0,1.790000533219427e-05,1.2300006346777081e-05,ANALYTIC,8.689999231137335e-05,B,B,B,False,False,False,False,NO_AMBIGUOUS_LABELS,,,,,,
AP0,beijing,Nongzhanguan,fixed_panel,natural,7578,2014-01-10 18:00:00,2014Q1,beijing_2014-01-10T18:00:00,24,3,logistic,hist_gradient_boosting,145,168,0,0,-0.015611764668078046,-0.015611764668078046,-0.015611764668098037,-0.015611764668058047,-0.015611764668078034,-0.015611764668078034,-0.015611764668396462,-0.015611764667759606,FLOAT_OUTWARD,1.7607443281164592e-15,0.0,0.0,0.0,0.015611764668078046,-0.015611764668078046,0,0,0,0,1.790000533219427e-05,1.1199997970834374e-05,ANALYTIC,8.260000322479755e-05,A,A,A,False,False,False,False,NO_AMBIGUOUS_LABELS,,,,,,
AP0,beijing,Nongzhanguan,fixed_panel,natural,7746,2014-01-17 18:00:00,2014Q1,beijing_2014-01-17T18:00:00,24,3,constant,logistic,145,168,4,0,0.04460507032778652,0.04460507032778652,0.04460507032776652,0.044605070327806466,0.04460507032778649,0.04460507032778649,0.04460507032746806,0.044605070328104915,FLOAT_OUTWARD,0.0,4.0245584642661925e-15,0.0,0.0,-0.04460507032778652,0.04460507032778652,0,0,0,0,2.2099993657320738e-05,1.2499993317760527e-05,ANALYTIC,0.00010389999079052359,B,B,B,False,False,False,False,NO_AMBIGUOUS_LABELS,,,,,,
AP0,beijing,Nongzhanguan,fixed_panel,natural,7746,2014-01-17 18:00:00,2014Q1,beijing_2014-01-17T18:00:00,24,3,constant,hist_gradient_boosting,145,168,4,0,-0.034898237911563365,-0.034898237911563365,-0.03489823791158336,-0.034898237911543374,-0.03489823791156346,-0.03489823791156346,-0.03489823791188189,-0.034898237911245036,FLOAT_OUTWARD,0.0,1.4085954624931674e-14,0.0,0.0,0.034898237911563365,-0.034898237911563365,0,0,0,0,2.2099993657320738e-05,1.1600001016631722e-05,ANALYTIC,8.349999552592635e-05,A,A,A,False,False,False,False,NO_AMBIGUOUS_LABELS,,,,,,
AP0,beijing,Nongzhanguan,fixed_panel,natural,7746,2014-01-17 18:00:00,2014Q1,beijing_2014-01-17T18:00:00,24,3,logistic,hist_gradient_boosting,145,168,4,0,-0.07950330823934984,-0.07950330823934984,-0.07950330823936984,-0.07950330823932984,-0.07950330823934984,-0.07950330823934984,-0.07950330823966827,-0.07950330823903141,FLOAT_OUTWARD,0.0,0.0,0.0,0.0,0.07950330823934984,-0.07950330823934984,0,0,0,0,2.2099993657320738e-05,1.1299998732283711e-05,ANALYTIC,7.759999425616115e-05,A,A,A,False,False,False,False,NO_AMBIGUOUS_LABELS,,,,,,
AP0,beijing,Nongzhanguan,fixed_panel,natural,7914,2014-01-24 18:00:00,2014Q1,beijing_2014-01-24T18:00:00,24,3,constant,logistic,145,168,6,23,0.007651822503831102,0.09735597868177708,0.007651822503811102,0.09735597868179707,0.0076518225038310645,0.09735597868177714,0.007651822503512637,0.09735597868209557,FLOAT_OUTWARD,0.0,0.0,0.08970415617794597,0.089704156177946,-0.007651822503831102,0.09735597868177708,0,462,45,226,0.0004793999978573993,2.2499996703118086e-05,ANALYTIC,0.00011570000788196921,B,B,B,False,False,False,False,INDEPENDENT_ALREADY_DIRECTED,,,,,,
AP0,beijing,Nongzhanguan,fixed_panel,natural,7914,2014-01-24 18:00:00,2014Q1,beijing_2014-01-24T18:00:00,24,3,constant,hist_gradient_boosting,145,168,6,23,0.028492914662909676,0.08886658384451816,0.028699690916066865,0.08764392886927885,0.0286996909160869,0.08764392886925887,0.02869969091576847,0.0876439288695773,FLOAT_OUTWARD,0.029982556710697553,0.17728497141259758,0.06037366918160848,0.06037366918160849,-0.028492914662909676,0.08886658384451816,1,462,45,226,0.0004793999978573993,0.004879500003880821,OPTIMAL_DUAL_OUTWARD,9.309999586548656e-05,B,B,B,False,False,False,False,INDEPENDENT_ALREADY_DIRECTED,,,,,,
AP0,beijing,Nongzhanguan,fixed_panel,natural,7914,2014-01-24 18:00:00,2014Q1,beijing_2014-01-24T18:00:00,24,3,logistic,hist_gradient_boosting,145,168,6,23,-0.010417320632911026,0.022769017954730714,-0.009712049812538223,0.022063747134357926,-0.009712049812518223,0.022063747134337914,-0.00971204981283665,0.022063747134656343,FLOAT_OUTWARD,0.10226426895695646,0.10226426895695596,0.03318633858764174,0.033186338587641744,0.010417320632911026,0.022769017954730714,1,462,45,226,0.0004793999978573993,0.004382699989946559,OPTIMAL_DUAL_OUTWARD,0.00010750000365078449,OPPOSITE_POSSIBLE,OPPOSITE_POSSIBLE,OPPOSITE_POSSIBLE,True,False,False,False,JOINT_OPPOSITE_POSSIBLE,,,,,,
AP0,beijing,Nongzhanguan,fixed_panel,natural,8082,2014-01-31 18:00:00,2014Q1,beijing_2014-01-31T18:00:00,24,3,constant,logistic,145,168,0,0,0.08130532920479075,0.08130532920479075,0.08130532920477075,0.08130532920481075,0.08130532920479074,0.08130532920479074,0.08130532920447231,0.08130532920510916,FLOAT_OUTWARD,0.0,2.0122792321330962e-15,0.0,0.0,-0.08130532920479075,0.08130532920479075,0,0,0,0,2.0399995264597237e-05,1.3800003216601908e-05,ANALYTIC,0.0001323000033153221,B,B,B,False,False,False,False,NO_AMBIGUOUS_LABELS,,,,,,
AP0,beijing,Nongzhanguan,fixed_panel,natural,8082,2014-01-31 18:00:00,2014Q1,beijing_2014-01-31T18:00:00,24,3,constant,hist_gradient_boosting,145,168,0,0,0.08250495885404839,0.08250495885404839,0.08250495885402839,0.08250495885406837,0.08250495885404832,0.08250495885404832,0.0825049588537299,0.08250495885436675,FLOAT_OUTWARD,0.0,1.0061396160665481e-14,0.0,0.0,-0.08250495885404839,0.08250495885404839,0,0,0,0,2.0399995264597237e-05,1.2600008631125093e-05,ANALYTIC,9.240000508725643e-05,B,B,B,False,False,False,False,NO_AMBIGUOUS_LABELS,,,,,,
AP0,beijing,Nongzhanguan,fixed_panel,natural,8082,2014-01-31 18:00:00,2014Q1,beijing_2014-01-31T18:00:00,24,3,logistic,hist_gradient_boosting,145,168,0,0,0.0011996296492576349,0.0011996296492576349,0.0011996296492376348,0.0011996296492776286,0.001199629649257598,0.001199629649257598,0.00119962964893917,0.001199629649576026,FLOAT_OUTWARD,0.0,5.345116710353537e-15,0.0,0.0,-0.0011996296492576349,0.0011996296492576349,0,0,0,0,2.0399995264597237e-05,1.1500000255182385e-05,ANALYTIC,8.369999704882503e-05,B,B,B,False,False,False,False,NO_AMBIGUOUS_LABELS,,,,,,
AP0,beijing,Nongzhanguan,fixed_panel,natural,8250,2014-02-07 18:00:00,2014Q1,beijing_2014-02-07T18:00:00,24,3,constant,logistic,145,168,2,0,0.10864418856236603,0.10864418856236603,0.10864418856234603,0.10864418856238602,0.10864418856236605,0.10864418856236605,0.10864418856204762,0.10864418856268447,FLOAT_OUTWARD,2.0122792321330962e-15,0.0,0.0,0.0,-0.10864418856236603,0.10864418856236603,0,0,0,0,1.920000067912042e-05,1.3199998647905886e-05,ANALYTIC,0.0001134999911300838,B,B,B,False,False,False,False,NO_AMBIGUOUS_LABELS,,,,,,
AP0,beijing,Nongzhanguan,fixed_panel,natural,8250,2014-02-07 18:00:00,2014Q1,beijing_2014-02-07T18:00:00,24,3,constant,hist_gradient_boosting,145,168,2,0,0.12100811296018599,0.12100811296018599,0.12100811296016599,0.12100811296020599,0.12100811296018603,0.12100811296018603,0.1210081129598676,0.12100811296050445,FLOAT_OUTWARD,6.036837696399289e-15,0.0,0.0,0.0,-0.12100811296018599,0.12100811296018599,0,0,0,0,1.920000067912042e-05,1.2200005585327744e-05,ANALYTIC,8.890000754036009e-05,B,B,B,False,False,False,False,NO_AMBIGUOUS_LABELS,,,,,,
AP0,beijing,Nongzhanguan,fixed_panel,natural,8250,2014-02-07 18:00:00,2014Q1,beijing_2014-02-07T18:00:00,24,3,logistic,hist_gradient_boosting,145,168,2,0,0.012363924397819965,0.012363924397819965,0.012363924397799965,0.012363924397839952,0.012363924397820003,0.012363924397820003,0.012363924397501575,0.01236392439813843,FLOAT_OUTWARD,5.533767888366015e-15,0.0,0.0,0.0,-0.012363924397819965,0.012363924397819965,0,0,0,0,1.920000067912042e-05,1.1500000255182385e-05,ANALYTIC,8.549999620299786e-05,B,B,B,False,False,False,False,NO_AMBIGUOUS_LABELS,,,,,,
AP0,beijing,Nongzhanguan,fixed_panel,natural,8418,2014-02-14 18:00:00,2014Q1,beijing_2014-02-14T18:00:00,24,3,constant,logistic,145,168,1,0,-0.042386830033447905,-0.042386830033447905,-0.0423868300334679,-0.04238683003342793,-0.04238683003344802,-0.04238683003344802,-0.04238683003376645,-0.0423868300331296,FLOAT_OUTWARD,0.0,1.7104373473131318e-14,0.0,0.0,0.042386830033447905,-0.042386830033447905,0,0,0,0,1.9099999917671084e-05,1.379998866468668e-05,ANALYTIC,0.00021999998716637492,A,A,A,False,False,False,False,NO_AMBIGUOUS_LABELS,,,,,,
AP0,beijing,Nongzhanguan,fixed_panel,natural,8418,2014-02-14 18:00:00,2014Q1,beijing_2014-02-14T18:00:00,24,3,constant,hist_gradient_boosting,145,168,1,0,-0.13522176723486837,-0.13522176723486837,-0.13522176723488838,-0.13522176723484847,-0.13522176723486853,-0.13522176723486853,-0.13522176723518697,-0.1352217672345501,FLOAT_OUTWARD,0.0,2.4147350785597155e-14,0.0,0.0,0.13522176723486837,-0.13522176723486837,0,0,0,0,1.9099999917671084e-05,1.2599994079209864e-05,ANALYTIC,9.200000204145908e-05,A,A,A,False,False,False,False,NO_AMBIGUOUS_LABELS,,,,,,
AP0,beijing,Nongzhanguan,fixed_panel,natural,8418,2014-02-14 18:00:00,2014Q1,beijing_2014-02-14T18:00:00,24,3,logistic,hist_gradient_boosting,145,168,1,0,-0.0928349372014205,-0.0928349372014205,-0.0928349372014405,-0.09283493720140053,-0.0928349372014206,-0.0928349372014206,-0.09283493720173902,-0.09283493720110217,FLOAT_OUTWARD,0.0,1.4085954624931674e-14,0.0,0.0,0.0928349372014205,-0.0928349372014205,0,0,0,0,1.9099999917671084e-05,1.1600001016631722e-05,ANALYTIC,8.320000779349357e-05,A,A,A,False,False,False,False,NO_AMBIGUOUS_LABELS,,,,,,
AP0,beijing,Nongzhanguan,fixed_panel,natural,8586,2014-02-21 18:00:00,2014Q1,beijing_2014-02-21T18:00:00,24,3,constant,logistic,145,168,15,0,0.11320593978632655,0.11320593978632655,0.11320593978630658,0.11320593978634655,0.11320593978632655,0.11320593978632655,0.11320593978600813,0.11320593978664498,FLOAT_OUTWARD,0.0,0.0,0.0,0.0,-0.11320593978632655,0.11320593978632655,0,0,0,0,1.819999306462705e-05,1.2999997125007212e-05,ANALYTIC,0.00011010000889655203,B,B,B,False,False,False,False,NO_AMBIGUOUS_LABELS,,,,,,
AP0,beijing,Nongzhanguan,fixed_panel,natural,8586,2014-02-21 18:00:00,2014Q1,beijing_2014-02-21T18:00:00,24,3,constant,hist_gradient_boosting,145,168,15,0,0.0911951439157305,0.0911951439157305,0.09119514391571053,0.0911951439157505,0.09119514391573055,0.09119514391573055,0.09119514391541213,0.09119514391604898,FLOAT_OUTWARD,8.049116928532385e-15,0.0,0.0,0.0,-0.0911951439157305,0.0911951439157305,0,0,0,0,1.819999306462705e-05,1.200000406242907e-05,ANALYTIC,8.769999840296805e-05,B,B,B,False,False,False,False,NO_AMBIGUOUS_LABELS,,,,,,
AP0,beijing,Nongzhanguan,fixed_panel,natural,8586,2014-02-21 18:00:00,2014Q1,beijing_2014-02-21T18:00:00,24,3,logistic,hist_gradient_boosting,145,168,15,0,-0.02201079587059603,-0.02201079587059603,-0.02201079587061603,-0.022010795870576038,-0.02201079587059603,-0.02201079587059603,-0.02201079587091446,-0.0220107958702776,FLOAT_OUTWARD,0.0,0.0,0.0,0.0,0.02201079587059603,-0.02201079587059603,0,0,0,0,1.819999306462705e-05,1.1800002539530396e-05,ANALYTIC,8.81000014487654e-05,A,A,A,False,False,False,False,NO_AMBIGUOUS_LABELS,,,,,,
AP0,beijing,Nongzhanguan,fixed_panel,natural,6570,2013-11-29 18:00:00,2013Q4,beijing_2013-11-29T18:00:00,72,3,constant,logistic,97,168,0,0,0.0025103064210895407,0.0025103064210895407,0.0025103064210695407,0.002510306421109519,0.0025103064210895407,0.0025103064210895407,0.0025103064207711127,0.0025103064214079688,FLOAT_OUTWARD,0.0,0.0,0.0,0.0,-0.0025103064210895407,0.0025103064210895407,0,0,0,0,2.4900000425986946e-05,0.00012460000289138407,ANALYTIC,0.0002975000097649172,B,B,B,False,False,False,False,NO_AMBIGUOUS_LABELS,,,,,,
AP0,beijing,Nongzhanguan,fixed_panel,natural,6570,2013-11-29 18:00:00,2013Q4,beijing_2013-11-29T18:00:00,72,3,constant,hist_gradient_boosting,97,168,0,0,-0.05049322353803305,-0.05049322353803305,-0.05049322353805305,-0.050493223538013055,-0.05049322353803304,-0.05049322353803304,-0.050493223538351464,-0.05049322353771461,FLOAT_OUTWARD,1.3461454173580023e-15,0.0,0.0,0.0,0.05049322353803305,-0.05049322353803305,0,0,0,0,2.4900000425986946e-05,1.2899996363557875e-05,ANALYTIC,0.00012069998774677515,A,A,A,False,False,False,False,NO_AMBIGUOUS_LABELS,,,,,,
AP0,beijing,Nongzhanguan,fixed_panel,natural,6570,2013-11-29 18:00:00,2013Q4,beijing_2013-11-29T18:00:00,72,3,logistic,hist_gradient_boosting,97,168,0,0,-0.05300352995912261,-0.05300352995912261,-0.053003529959142565,-0.05300352995910261,-0.05300352995912257,-0.05300352995912257,-0.05300352995944099,-0.05300352995880414,FLOAT_OUTWARD,4.038436252074007e-15,0.0,0.0,0.0,0.05300352995912261,-0.05300352995912261,0,0,0,0,2.4900000425986946e-05,1.170000177808106e-05,ANALYTIC,0.00010220000694971532,A,A,A,False,False,False,False,NO_AMBIGUOUS_LABELS,,,,,,
AP0,beijing,Nongzhanguan,fixed_panel,natural,6738,2013-12-06 18:00:00,2013Q4,beijing_2013-12-06T18:00:00,72,3,constant,logistic,97,168,0,0,0.008350134263324115,0.008350134263324115,0.008350134263304117,0.008350134263344114,0.008350134263324106,0.008350134263324106,0.008350134263005678,0.008350134263642534,FLOAT_OUTWARD,0.0,8.413408858487514e-16,0.0,0.0,-0.008350134263324115,0.008350134263324115,0,0,0,0,2.130000211764127e-05,1.3500000932253897e-05,ANALYTIC,0.00013080000644549727,B,B,B,False,False,False,False,NO_AMBIGUOUS_LABELS,,,,,,
AP0,beijing,Nongzhanguan,fixed_panel,natural,6738,2013-12-06 18:00:00,2013Q4,beijing_2013-12-06T18:00:00,72,3,constant,hist_gradient_boosting,97,168,0,0,-0.006525683767679051,-0.006525683767679051,-0.006525683767699051,-0.006525683767659057,-0.0065256837676790705,-0.0065256837676790705,-0.006525683767997498,-0.006525683767360643,FLOAT_OUTWARD,0.0,1.850949948867253e-15,0.0,0.0,0.006525683767679051,-0.006525683767679051,0,0,0,0,2.130000211764127e-05,1.200000406242907e-05,ANALYTIC,0.00010790000669658184,A,A,A,False,False,False,False,NO_AMBIGUOUS_LABELS,,,,,,
AP0,beijing,Nongzhanguan,fixed_panel,natural,6738,2013-12-06 18:00:00,2013Q4,beijing_2013-12-06T18:00:00,72,3,logistic,hist_gradient_boosting,97,168,0,0,-0.014875818031003182,-0.014875818031003182,-0.014875818031023173,-0.014875818030983182,-0.0148758180310032,-0.0148758180310032,-0.014875818031321628,-0.014875818030684773,FLOAT_OUTWARD,0.0,1.850949948867253e-15,0.0,0.0,0.014875818031003182,-0.014875818031003182,0,0,0,0,2.130000211764127e-05,1.1500000255182385e-05,ANALYTIC,9.970000246539712e-05,A,A,A,False,False,False,False,NO_AMBIGUOUS_LABELS,,,,,,
AP0,beijing,Nongzhanguan,fixed_panel,natural,6906,2013-12-13 18:00:00,2013Q4,beijing_2013-12-13T18:00:00,72,3,constant,logistic,97,168,1,0,0.0031425907980769632,0.0031425907980769632,0.0031425907980569654,0.0031425907980969633,0.0031425907980769815,0.0031425907980769815,0.0031425907977585535,0.0031425907983954095,FLOAT_OUTWARD,1.766815860282378e-15,0.0,0.0,0.0,-0.0031425907980769632,0.0031425907980769632,0,0,0,0,1.890001294668764e-05,1.2899996363557875e-05,ANALYTIC,0.00012240000069141388,B,B,B,False,False,False,False,NO_AMBIGUOUS_LABELS,,,,,,
AP0,beijing,Nongzhanguan,fixed_panel,natural,6906,2013-12-13 18:00:00,2013Q4,beijing_2013-12-13T18:00:00,72,3,constant,hist_gradient_boosting,97,168,1,0,0.0025937176246784385,0.0025937176246784385,0.0025937176246584497,0.0025937176246984385,0.002593717624678475,0.002593717624678475,0.002593717624360047,0.002593717624996903,FLOAT_OUTWARD,3.533631720564756e-15,0.0,0.0,0.0,-0.0025937176246784385,0.0025937176246784385,0,0,0,0,1.890001294668764e-05,1.2799995602108538e-05,ANALYTIC,0.0002297000028192997,B,B,B,False,False,False,False,NO_AMBIGUOUS_LABELS,,,,,,
AP0,beijing,Nongzhanguan,fixed_panel,natural,6906,2013-12-13 18:00:00,2013Q4,beijing_2013-12-13T18:00:00,72,3,logistic,hist_gradient_boosting,97,168,1,0,-0.0005488731733985156,-0.0005488731733985156,-0.0005488731734185155,-0.0005488731733785156,-0.0005488731733985156,-0.0005488731733985156,-0.0005488731737169435,-0.0005488731730800877,FLOAT_OUTWARD,0.0,0.0,0.0,0.0,0.0005488731733985156,-0.0005488731733985156,0,0,0,0,1.890001294668764e-05,1.7300000763498247e-05,ANALYTIC,0.00010059999476652592,A,A,A,False,False,False,False,NO_AMBIGUOUS_LABELS,,,,,,
AP0,beijing,Nongzhanguan,fixed_panel,natural,7074,2013-12-20 18:00:00,2013Q4,beijing_2013-12-20T18:00:00,72,3,constant,logistic,97,168,0,0,0.0035978528541828303,0.0035978528541828303,0.0035978528541628302,0.0035978528542028303,0.0035978528541828303,0.0035978528541828303,0.0035978528538644023,0.0035978528545012583,FLOAT_OUTWARD,0.0,0.0,0.0,0.0,-0.0035978528541828303,0.0035978528541828303,0,0,0,0,2.3299988242797554e-05,1.340000017080456e-05,ANALYTIC,0.0001348000077996403,B,B,B,False,False,False,False,NO_AMBIGUOUS_LABELS,,,,,,
AP0,beijing,Nongzhanguan,fixed_panel,natural,7074,2013-12-20 18:00:00,2013Q4,beijing_2013-12-20T18:00:00,72,3,constant,hist_gradient_boosting,97,168,0,0,0.00357803000718876,0.00357803000718876,0.0035780300071687598,0.003578030007208729,0.00357803000718876,0.00357803000718876,0.003578030006870332,0.003578030007507188,FLOAT_OUTWARD,0.0,0.0,0.0,0.0,-0.00357803000718876,0.00357803000718876,0,0,0,0,2.3299988242797554e-05,1.2299991794861853e-05,ANALYTIC,0.00010430000838823617,B,B,B,False,False,False,False,NO_AMBIGUOUS_LABELS,,,,,,
AP0,beijing,Nongzhanguan,fixed_panel,natural,7074,2013-12-20 18:00:00,2013Q4,beijing_2013-12-20T18:00:00,72,3,logistic,hist_gradient_boosting,97,168,0,0,-1.982284699410124e-05,-1.982284699410124e-05,-1.982284701410124e-05,-1.982284697410124e-05,-1.982284699410124e-05,-1.982284699410124e-05,-1.982284731252919e-05,-1.982284667567329e-05,FLOAT_OUTWARD,0.0,0.0,0.0,0.0,1.982284699410124e-05,-1.982284699410124e-05,0,0,0,0,2.3299988242797554e-05,1.1500000255182385e-05,ANALYTIC,0.00010229999315924942,A,A,A,False,False,False,False,NO_AMBIGUOUS_LABELS,,,,,,
AP0,beijing,Nongzhanguan,fixed_panel,natural,7242,2013-12-27 18:00:00,2013Q4,beijing_2013-12-27T18:00:00,72,3,constant,logistic,97,168,0,0,0.0010542753320550962,0.0010542753320550962,0.0010542753320350962,0.0010542753320750802,0.0010542753320550962,0.0010542753320550962,0.0010542753317366682,0.0010542753323735242,FLOAT_OUTWARD,0.0,0.0,0.0,0.0,-0.0010542753320550962,0.0010542753320550962,0,0,0,0,1.930000144056976e-05,1.2899996363557875e-05,ANALYTIC,0.00013179999950807542,B,B,B,False,False,False,False,NO_AMBIGUOUS_LABELS,,,,,,
AP0,beijing,Nongzhanguan,fixed_panel,natural,7242,2013-12-27 18:00:00,2013Q4,beijing_2013-12-27T18:00:00,72,3,constant,hist_gradient_boosting,97,168,0,0,-0.011876592179254119,-0.011876592179254119,-0.011876592179274116,-0.011876592179234119,-0.011876592179254132,-0.011876592179254132,-0.01187659217957256,-0.011876592178935705,FLOAT_OUTWARD,0.0,1.3461454173580023e-15,0.0,0.0,0.011876592179254119,-0.011876592179254119,0,0,0,0,1.930000144056976e-05,1.550000160932541e-05,ANALYTIC,0.00024850000045262277,A,A,A,False,False,False,False,NO_AMBIGUOUS_LABELS,,,,,,
AP0,beijing,Nongzhanguan,fixed_panel,natural,7242,2013-12-27 18:00:00,2013Q4,beijing_2013-12-27T18:00:00,72,3,logistic,hist_gradient_boosting,97,168,0,0,-0.012930867511309199,-0.012930867511309199,-0.012930867511329198,-0.012930867511289199,-0.012930867511309226,-0.012930867511309226,-0.012930867511627654,-0.012930867510990799,FLOAT_OUTWARD,0.0,2.6922908347160046e-15,0.0,0.0,0.012930867511309199,-0.012930867511309199,0,0,0,0,1.930000144056976e-05,1.1699987226165831e-05,ANALYTIC,0.0001083999959519133,A,A,A,False,False,False,False,NO_AMBIGUOUS_LABELS,,,,,,
AP0,beijing,Nongzhanguan,fixed_panel,natural,7410,2014-01-03 18:00:00,2014Q1,beijing_2014-01-03T18:00:00,72,3,constant,logistic,97,168,0,0,0.00045003202338289583,0.00045003202338289583,0.00045003202336289924,0.00045003202340289584,0.00045003202338289583,0.00045003202338289583,0.0004500320230644679,0.0004500320237013238,FLOAT_OUTWARD,0.0,0.0,0.0,0.0,-0.00045003202338289583,0.00045003202338289583,0,0,0,0,2.1899992134422064e-05,1.4099990949034691e-05,ANALYTIC,0.000182100004167296,B,B,B,False,False,False,False,NO_AMBIGUOUS_LABELS,,,,,,
AP0,beijing,Nongzhanguan,fixed_panel,natural,7410,2014-01-03 18:00:00,2014Q1,beijing_2014-01-03T18:00:00,72,3,constant,hist_gradient_boosting,97,168,0,0,0.002950699343442823,0.002950699343442823,0.002950699343422823,0.002950699343462815,0.002950699343442823,0.002950699343442823,0.002950699343124395,0.002950699343761251,FLOAT_OUTWARD,0.0,0.0,0.0,0.0,-0.002950699343442823,0.002950699343442823,0,0,0,0,2.1899992134422064e-05,1.6999998479150236e-05,ANALYTIC,0.00010799999290611595,B,B,B,False,False,False,False,NO_AMBIGUOUS_LABELS,,,,,,
AP0,beijing,Nongzhanguan,fixed_panel,natural,7410,2014-01-03 18:00:00,2014Q1,beijing_2014-01-03T18:00:00,72,3,logistic,hist_gradient_boosting,97,168,0,0,0.0025006673200599155,0.0025006673200599155,0.0025006673200399154,0.0025006673200799155,0.0025006673200599155,0.0025006673200599155,0.0025006673197414874,0.0025006673203783435,FLOAT_OUTWARD,0.0,0.0,0.0,0.0,-0.0025006673200599155,0.0025006673200599155,0,0,0,0,2.1899992134422064e-05,1.239999255631119e-05,ANALYTIC,0.00015279999934136868,B,B,B,False,False,False,False,NO_AMBIGUOUS_LABELS,,,,,,
AP0,beijing,Nongzhanguan,fixed_panel,natural,7578,2014-01-10 18:00:00,2014Q1,beijing_2014-01-10T18:00:00,72,3,constant,logistic,97,168,0,0,0.003398166513574009,0.003398166513574009,0.003398166513554009,0.003398166513594002,0.003398166513574009,0.003398166513574009,0.003398166513255581,0.003398166513892437,FLOAT_OUTWARD,0.0,0.0,0.0,0.0,-0.003398166513574009,0.003398166513574009,0,0,0,0,2.0000006770715117e-05,1.550000160932541e-05,ANALYTIC,0.00039960000140126795,B,B,B,False,False,False,False,NO_AMBIGUOUS_LABELS,,,,,,
AP0,beijing,Nongzhanguan,fixed_panel,natural,7578,2014-01-10 18:00:00,2014Q1,beijing_2014-01-10T18:00:00,72,3,constant,hist_gradient_boosting,97,168,0,0,0.0035912070957836864,0.0035912070957836864,0.0035912070957636864,0.003591207095803684,0.0035912070957837047,0.0035912070957837047,0.0035912070954652766,0.0035912070961021327,FLOAT_OUTWARD,1.766815860282378e-15,0.0,0.0,0.0,-0.0035912070957836864,0.0035912070957836864,0,0,0,0,2.0000006770715117e-05,1.2299991794861853e-05,ANALYTIC,0.00011329998960718513,B,B,B,False,False,False,False,NO_AMBIGUOUS_LABELS,,,,,,
AP0,beijing,Nongzhanguan,fixed_panel,natural,7578,2014-01-10 18:00:00,2014Q1,beijing_2014-01-10T18:00:00,72,3,logistic,hist_gradient_boosting,97,168,0,0,0.00019304058220968195,0.00019304058220968195,0.00019304058218968194,0.00019304058222968196,0.00019304058220968195,0.00019304058220968195,0.000193040581891254,0.0001930405825281099,FLOAT_OUTWARD,0.0,0.0,0.0,0.0,-0.00019304058220968195,0.00019304058220968195,0,0,0,0,2.0000006770715117e-05,1.1900003300979733e-05,ANALYTIC,9.889999637380242e-05,B,B,B,False,False,False,False,NO_AMBIGUOUS_LABELS,,,,,,
AP0,beijing,Nongzhanguan,fixed_panel,natural,7746,2014-01-17 18:00:00,2014Q1,beijing_2014-01-17T18:00:00,72,3,constant,logistic,97,168,4,0,-0.014868285189899178,-0.014868285189899178,-0.014868285189919178,-0.01486828518987919,-0.014868285189899152,-0.014868285189899152,-0.01486828519021758,-0.014868285189580725,FLOAT_OUTWARD,2.5240226575462543e-15,0.0,0.0,0.0,0.014868285189899178,-0.014868285189899178,0,0,0,0,2.3200002033263445e-05,1.410000550094992e-05,ANALYTIC,0.00019659999816212803,A,A,A,False,False,False,False,NO_AMBIGUOUS_LABELS,,,,,,
AP0,beijing,Nongzhanguan,fixed_panel,natural,7746,2014-01-17 18:00:00,2014Q1,beijing_2014-01-17T18:00:00,72,3,constant,hist_gradient_boosting,97,168,4,0,-0.06269331485815549,-0.06269331485815549,-0.06269331485817549,-0.0626933148581355,-0.06269331485815541,-0.06269331485815541,-0.06269331485847383,-0.06269331485783698,FLOAT_OUTWARD,8.076872504148014e-15,0.0,0.0,0.0,0.06269331485815549,-0.06269331485815549,0,0,0,0,2.3200002033263445e-05,1.300001167692244e-05,ANALYTIC,0.00023960000544320792,A,A,A,False,False,False,False,NO_AMBIGUOUS_LABELS,,,,,,
AP0,beijing,Nongzhanguan,fixed_panel,natural,7746,2014-01-17 18:00:00,2014Q1,beijing_2014-01-17T18:00:00,72,3,logistic,hist_gradient_boosting,97,168,4,0,-0.04782502966825627,-0.04782502966825627,-0.047825029668276266,-0.0478250296682363,-0.04782502966825627,-0.04782502966825627,-0.047825029668574694,-0.04782502966793784,FLOAT_OUTWARD,0.0,0.0,0.0,0.0,0.04782502966825627,-0.04782502966825627,0,0,0,0,2.3200002033263445e-05,1.200000406242907e-05,ANALYTIC,0.00010309999925084412,A,A,A,False,False,False,False,NO_AMBIGUOUS_LABELS,,,,,,
AP0,beijing,Nongzhanguan,fixed_panel,natural,7914,2014-01-24 18:00:00,2014Q1,beijing_2014-01-24T18:00:00,72,3,constant,logistic,97,168,6,0,-0.0016514745131233671,-0.0016514745131233671,-0.0016514745131433605,-0.001651474513103367,-0.001651474513123349,-0.001651474513123349,-0.001651474513441777,-0.001651474512804921,FLOAT_OUTWARD,1.766815860282378e-15,0.0,0.0,0.0,0.0016514745131233671,-0.0016514745131233671,0,0,0,0,1.920000067912042e-05,1.309999788645655e-05,ANALYTIC,0.00019449999672360718,A,A,A,False,False,False,False,NO_AMBIGUOUS_LABELS,,,,,,
AP0,beijing,Nongzhanguan,fixed_panel,natural,7914,2014-01-24 18:00:00,2014Q1,beijing_2014-01-24T18:00:00,72,3,constant,hist_gradient_boosting,97,168,6,0,-0.02007761403721141,-0.02007761403721141,-0.020077614037231413,-0.02007761403719141,-0.020077614037211405,-0.020077614037211405,-0.020077614037529834,-0.020077614036892975,FLOAT_OUTWARD,6.730727086790012e-16,0.0,0.0,0.0,0.02007761403721141,-0.02007761403721141,0,0,0,0,1.920000067912042e-05,1.3299999409355223e-05,ANALYTIC,0.0001880000054370612,A,A,A,False,False,False,False,NO_AMBIGUOUS_LABELS,,,,,,
AP0,beijing,Nongzhanguan,fixed_panel,natural,7914,2014-01-24 18:00:00,2014Q1,beijing_2014-01-24T18:00:00,72,3,logistic,hist_gradient_boosting,97,168,6,0,-0.018426139524088052,-0.018426139524088052,-0.018426139524108053,-0.01842613952406805,-0.01842613952408806,-0.01842613952408806,-0.018426139524406488,-0.01842613952376963,FLOAT_OUTWARD,0.0,6.730727086790012e-16,0.0,0.0,0.018426139524088052,-0.018426139524088052,0,0,0,0,1.920000067912042e-05,1.1900003300979733e-05,ANALYTIC,0.00010389999079052359,A,A,A,False,False,False,False,NO_AMBIGUOUS_LABELS,,,,,,
AP0,beijing,Nongzhanguan,fixed_panel,natural,8082,2014-01-31 18:00:00,2014Q1,beijing_2014-01-31T18:00:00,72,3,constant,logistic,97,168,0,0,-0.028051266770438652,-0.028051266770438652,-0.02805126677045865,-0.02805126677041865,-0.028051266770438652,-0.028051266770438652,-0.02805126677075708,-0.028051266770120223,FLOAT_OUTWARD,0.0,0.0,0.0,0.0,0.028051266770438652,-0.028051266770438652,0,0,0,0,2.4499997380189598e-05,1.5700003132224083e-05,ANALYTIC,0.00013649999164044857,A,A,A,False,False,False,False,NO_AMBIGUOUS_LABELS,,,,,,
AP0,beijing,Nongzhanguan,fixed_panel,natural,8082,2014-01-31 18:00:00,2014Q1,beijing_2014-01-31T18:00:00,72,3,constant,hist_gradient_boosting,97,168,0,0,-0.005607570719141914,-0.005607570719141914,-0.005607570719161913,-0.005607570719121914,-0.005607570719141918,-0.005607570719141918,-0.0056075707194603456,-0.00560757071882349,FLOAT_OUTWARD,0.0,4.206704429243757e-16,0.0,0.0,0.005607570719141914,-0.005607570719141914,0,0,0,0,2.4499997380189598e-05,1.2200005585327744e-05,ANALYTIC,0.00010959999053739011,A,A,A,False,False,False,False,NO_AMBIGUOUS_LABELS,,,,,,
AP0,beijing,Nongzhanguan,fixed_panel,natural,8082,2014-01-31 18:00:00,2014Q1,beijing_2014-01-31T18:00:00,72,3,logistic,hist_gradient_boosting,97,168,0,0,0.02244369605129673,0.02244369605129673,0.022443696051276735,0.02244369605131673,0.022443696051296674,0.022443696051296674,0.022443696050978245,0.022443696051615104,FLOAT_OUTWARD,0.0,5.384581669432009e-15,0.0,0.0,-0.02244369605129673,0.02244369605129673,0,0,0,0,2.4499997380189598e-05,1.170000177808106e-05,ANALYTIC,9.820000559557229e-05,B,B,B,False,False,False,False,NO_AMBIGUOUS_LABELS,,,,,,
AP0,beijing,Nongzhanguan,fixed_panel,natural,8250,2014-02-07 18:00:00,2014Q1,beijing_2014-02-07T18:00:00,72,3,constant,logistic,97,168,2,0,-0.002465148239594217,-0.002465148239594217,-0.0024651482396142173,-0.002465148239574217,-0.002465148239594217,-0.002465148239594217,-0.002465148239912645,-0.002465148239275789,FLOAT_OUTWARD,0.0,0.0,0.0,0.0,0.002465148239594217,-0.002465148239594217,0,0,0,0,1.9099999917671084e-05,1.3199998647905886e-05,ANALYTIC,0.00012280000373721123,A,A,A,False,False,False,False,NO_AMBIGUOUS_LABELS,,,,,,
AP0,beijing,Nongzhanguan,fixed_panel,natural,8250,2014-02-07 18:00:00,2014Q1,beijing_2014-02-07T18:00:00,72,3,constant,hist_gradient_boosting,97,168,2,0,-0.0042763130903813425,-0.0042763130903813425,-0.004276313090401342,-0.004276313090361343,-0.004276313090381352,-0.004276313090381352,-0.00427631309069978,-0.0042763130900629245,FLOAT_OUTWARD,0.0,9.254749744336266e-16,0.0,0.0,0.0042763130903813425,-0.0042763130903813425,0,0,0,0,1.9099999917671084e-05,1.200000406242907e-05,ANALYTIC,0.00010070001007989049,A,A,A,False,False,False,False,NO_AMBIGUOUS_LABELS,,,,,,
AP0,beijing,Nongzhanguan,fixed_panel,natural,8250,2014-02-07 18:00:00,2014Q1,beijing_2014-02-07T18:00:00,72,3,logistic,hist_gradient_boosting,97,168,2,0,-0.0018111648507871266,-0.0018111648507871266,-0.0018111648508071256,-0.0018111648507671265,-0.0018111648507871448,-0.0018111648507871448,-0.0018111648511055728,-0.0018111648504687168,FLOAT_OUTWARD,0.0,1.766815860282378e-15,0.0,0.0,0.0018111648507871266,-0.0018111648507871266,0,0,0,0,1.9099999917671084e-05,1.1299998732283711e-05,ANALYTIC,9.420000424142927e-05,A,A,A,False,False,False,False,NO_AMBIGUOUS_LABELS,,,,,,
AP0,beijing,Nongzhanguan,fixed_panel,natural,8418,2014-02-14 18:00:00,2014Q1,beijing_2014-02-14T18:00:00,72,3,constant,logistic,97,168,1,0,-0.03739127333242954,-0.03739127333242954,-0.037391273332449536,-0.037391273332409554,-0.03739127333242954,-0.03739127333242954,-0.037391273332747964,-0.03739127333211111,FLOAT_OUTWARD,0.0,0.0,0.0,0.0,0.03739127333242954,-0.03739127333242954,0,0,0,0,1.9500002963468432e-05,1.2999997125007212e-05,ANALYTIC,0.0001353999978164211,A,A,A,False,False,False,False,NO_AMBIGUOUS_LABELS,,,,,,
AP0,beijing,Nongzhanguan,fixed_panel,natural,8418,2014-02-14 18:00:00,2014Q1,beijing_2014-02-14T18:00:00,72,3,constant,hist_gradient_boosting,97,168,1,0,-0.10984612225087945,-0.10984612225087945,-0.10984612225089944,-0.10984612225085945,-0.10984612225087949,-0.10984612225087949,-0.10984612225119791,-0.10984612225056106,FLOAT_OUTWARD,0.0,4.038436252074007e-15,0.0,0.0,0.10984612225087945,-0.10984612225087945,0,0,0,0,1.9500002963468432e-05,0.00014859999646432698,ANALYTIC,0.00011690000246744603,A,A,A,False,False,False,False,NO_AMBIGUOUS_LABELS,,,,,,
AP0,beijing,Nongzhanguan,fixed_panel,natural,8418,2014-02-14 18:00:00,2014Q1,beijing_2014-02-14T18:00:00,72,3,logistic,hist_gradient_boosting,97,168,1,0,-0.07245484891844987,-0.07245484891844987,-0.07245484891846987,-0.07245484891842988,-0.07245484891844987,-0.07245484891844987,-0.0724548489187683,-0.07245484891813145,FLOAT_OUTWARD,0.0,0.0,0.0,0.0,0.07245484891844987,-0.07245484891844987,0,0,0,0,1.9500002963468432e-05,1.4599994756281376e-05,ANALYTIC,0.00024920000578276813,A,A,A,False,False,False,False,NO_AMBIGUOUS_LABELS,,,,,,
AP0,beijing,Nongzhanguan,fixed_panel,natural,8586,2014-02-21 18:00:00,2014Q1,beijing_2014-02-21T18:00:00,72,3,constant,logistic,97,168,15,0,0.003160817637181648,0.003160817637181648,0.003160817637161655,0.003160817637201648,0.0031608176371816297,0.0031608176371816297,0.0031608176368632017,0.0031608176375000577,FLOAT_OUTWARD,0.0,1.766815860282378e-15,0.0,0.0,-0.003160817637181648,0.003160817637181648,0,0,0,0,1.930000144056976e-05,1.2800010154023767e-05,ANALYTIC,0.0001230000052601099,B,B,B,False,False,False,False,NO_AMBIGUOUS_LABELS,,,,,,
AP0,beijing,Nongzhanguan,fixed_panel,natural,8586,2014-02-21 18:00:00,2014Q1,beijing_2014-02-21T18:00:00,72,3,constant,hist_gradient_boosting,97,168,15,0,0.002566846776606526,0.002566846776606526,0.002566846776586526,0.0025668467766265133,0.0025668467766064526,0.0025668467766064526,0.0025668467762880245,0.0025668467769248806,FLOAT_OUTWARD,0.0,7.10933048542195e-15,0.0,0.0,-0.002566846776606526,0.002566846776606526,0,0,0,0,1.930000144056976e-05,1.200000406242907e-05,ANALYTIC,0.00018829999316949397,B,B,B,False,False,False,False,NO_AMBIGUOUS_LABELS,,,,,,
AP0,beijing,Nongzhanguan,fixed_panel,natural,8586,2014-02-21 18:00:00,2014Q1,beijing_2014-02-21T18:00:00,72,3,logistic,hist_gradient_boosting,97,168,15,0,-0.0005939708605751448,-0.0005939708605751448,-0.0005939708605951412,-0.0005939708605551448,-0.0005939708605751355,-0.0005939708605751355,-0.0005939708608935634,-0.0005939708602567076,FLOAT_OUTWARD,8.939246912142984e-16,0.0,0.0,0.0,0.0005939708605751448,-0.0005939708605751448,0,0,0,0,1.930000144056976e-05,1.1199997970834374e-05,ANALYTIC,9.729999874252826e-05,A,A,A,False,False,False,False,NO_AMBIGUOUS_LABELS,,,,,,
AP0,beijing,Nongzhanguan,full_station,natural,6570,2013-11-29 18:00:00,2013Q4,beijing_2013-11-29T18:00:00,24,3,constant,logistic,2167,2190,29,23,0.05503249881141158,0.0610348535164426,0.055032498811391585,0.061034853516462574,0.05503249881141156,0.061034853516442465,0.05503249880750134,0.061034853520352685,FLOAT_OUTWARD,0.0,2.856950787055723e-13,0.006002354705031014,0.006002354705030997,-0.05503249881141158,0.0610348535164426,0,462,45,226,0.0007526999979745597,3.199999628122896e-05,ANALYTIC,0.0005379999929573387,B,B,B,False,False,False,False,INDEPENDENT_ALREADY_DIRECTED,,,,,,
AP0,beijing,Nongzhanguan,full_station,natural,6570,2013-11-29 18:00:00,2013Q4,beijing_2013-11-29T18:00:00,24,3,constant,hist_gradient_boosting,2167,2190,29,23,0.025062133666906537,0.02910190387056747,0.025075969641372337,0.029020092623973457,0.02507596964139221,0.02902009262395331,0.025075969637481987,0.029020092627863533,FLOAT_OUTWARD,0.029982556710453277,0.1772849714128863,0.004039770203660933,0.004039770203660928,-0.025062133666906537,0.02910190387056747,1,462,45,226,0.0007526999979745597,0.006255900007090531,OPTIMAL_DUAL_OUTWARD,0.00035519999801181257,B,B,B,False,False,False,False,INDEPENDENT_ALREADY_DIRECTED,,,,,,
AP0,beijing,Nongzhanguan,full_station,natural,6570,2013-11-29 18:00:00,2013Q4,beijing_2013-11-29T18:00:00,24,3,logistic,hist_gradient_boosting,2167,2190,29,23,-0.03206195252560261,-0.02984136226477749,-0.03201476089250911,-0.029888553897870984,-0.03201476089248904,-0.0298885538978909,-0.03201476089639926,-0.029888553893980676,FLOAT_OUTWARD,0.10226426895710727,0.1022642689567539,0.0022205902608251164,0.002220590260825128,0.03206195252560261,-0.02984136226477749,1,462,45,226,0.0007526999979745597,0.005499899998540059,OPTIMAL_DUAL_OUTWARD,0.0006670000002486631,A,A,A,False,False,False,False,INDEPENDENT_ALREADY_DIRECTED,,,,,,
AP0,beijing,Nongzhanguan,full_station,natural,6570,2013-11-29 18:00:00,2013Q4,beijing_2013-11-29T18:00:00,72,3,constant,logistic,2119,2190,29,0,-0.0017768536644291455,-0.0017768536644291455,-0.0017768536644491434,-0.0017768536644091454,-0.0017768536644291186,-0.0017768536644291186,-0.0017768536683393401,-0.001776853660518897,FLOAT_OUTWARD,5.697612520672024e-14,0.0,0.0,0.0,0.0017768536644291455,-0.0017768536644291455,0,0,0,0,2.9700007871724665e-05,2.1400002879090607e-05,ANALYTIC,0.0007956999907037243,A,A,A,False,False,False,False,NO_AMBIGUOUS_LABELS,,,,,,
AP0,beijing,Nongzhanguan,full_station,natural,6570,2013-11-29 18:00:00,2013Q4,beijing_2013-11-29T18:00:00,72,3,constant,hist_gradient_boosting,2119,2190,29,0,-0.016886728481987575,-0.016886728481987575,-0.016886728482007576,-0.016886728481967577,-0.01688672848198756,-0.01688672848198756,-0.016886728485897784,-0.01688672847807734,FLOAT_OUTWARD,2.9407032364758834e-14,0.0,0.0,0.0,0.016886728481987575,-0.016886728481987575,0,0,0,0,2.9700007871724665e-05,2.1400002879090607e-05,ANALYTIC,0.0007938000053400174,A,A,A,False,False,False,False,NO_AMBIGUOUS_LABELS,,,,,,
AP0,beijing,Nongzhanguan,full_station,natural,6570,2013-11-29 18:00:00,2013Q4,beijing_2013-11-29T18:00:00,72,3,logistic,hist_gradient_boosting,2119,2190,29,0,-0.015109874817558433,-0.015109874817558433,-0.015109874817578433,-0.015109874817538433,-0.015109874817558445,-0.015109874817558445,-0.015109874821468666,-0.015109874813648224,FLOAT_OUTWARD,0.0,2.573115331916398e-14,0.0,0.0,0.015109874817558433,-0.015109874817558433,0,0,0,0,2.9700007871724665e-05,1.990000600926578e-05,ANALYTIC,0.0005922999989707023,A,A,A,False,False,False,False,NO_AMBIGUOUS_LABELS,,,,,,
AP0,beijing,Shunyi,fixed_panel,natural,6570,2013-11-29 18:00:00,2013Q4,beijing_2013-11-29T18:00:00,24,3,constant,logistic,145,168,0,0,-0.07657920706853384,-0.07657920706853384,-0.07657920706855381,-0.07657920706851384,-0.0765792070685338,-0.0765792070685338,-0.07657920706885223,-0.07657920706821537,FLOAT_OUTWARD,6.036837696399289e-15,0.0,0.0,0.0,0.07657920706853384,-0.07657920706853384,0,0,0,0,6.089999806135893e-05,0.00011490000179037452,ANALYTIC,0.0002700000040931627,A,A,A,False,False,False,False,NO_AMBIGUOUS_LABELS,,,,,,
AP0,beijing,Shunyi,fixed_panel,natural,6570,2013-11-29 18:00:00,2013Q4,beijing_2013-11-29T18:00:00,24,3,constant,hist_gradient_boosting,145,168,0,0,-0.16149168890525434,-0.16149168890525434,-0.16149168890527435,-0.16149168890523433,-0.16149168890525434,-0.16149168890525434,-0.16149168890557278,-0.1614916889049359,FLOAT_OUTWARD,0.0,0.0,0.0,0.0,0.16149168890525434,-0.16149168890525434,0,0,0,0,6.089999806135893e-05,2.6699999580159783e-05,ANALYTIC,0.0002310999989276752,A,A,A,False,False,False,False,NO_AMBIGUOUS_LABELS,,,,,,
AP0,beijing,Shunyi,fixed_panel,natural,6570,2013-11-29 18:00:00,2013Q4,beijing_2013-11-29T18:00:00,24,3,logistic,hist_gradient_boosting,145,168,0,0,-0.0849124818367205,-0.0849124818367205,-0.0849124818367405,-0.08491248183670051,-0.08491248183672052,-0.08491248183672052,-0.08491248183703895,-0.0849124818364021,FLOAT_OUTWARD,0.0,4.0245584642661925e-15,0.0,0.0,0.0849124818367205,-0.0849124818367205,0,0,0,0,6.089999806135893e-05,4.289999196771532e-05,ANALYTIC,0.000182400006451644,A,A,A,False,False,False,False,NO_AMBIGUOUS_LABELS,,,,,,
AP0,beijing,Shunyi,fixed_panel,natural,6738,2013-12-06 18:00:00,2013Q4,beijing_2013-12-06T18:00:00,24,3,constant,logistic,145,168,0,0,0.22706172730280832,0.22706172730280832,0.22706172730278837,0.22706172730282834,0.22706172730280827,0.22706172730280827,0.22706172730248983,0.2270617273031267,FLOAT_OUTWARD,0.0,8.049116928532385e-15,0.0,0.0,-0.22706172730280832,0.22706172730280832,0,0,0,0,2.1900006686337292e-05,1.4300007023848593e-05,ANALYTIC,0.00011720000475179404,B,B,B,False,False,False,False,NO_AMBIGUOUS_LABELS,,,,,,
AP0,beijing,Shunyi,fixed_panel,natural,6738,2013-12-06 18:00:00,2013Q4,beijing_2013-12-06T18:00:00,24,3,constant,hist_gradient_boosting,145,168,0,0,0.16827804855377543,0.16827804855377543,0.16827804855375542,0.16827804855379544,0.16827804855377546,0.16827804855377546,0.16827804855345702,0.1682780485540939,FLOAT_OUTWARD,4.0245584642661925e-15,0.0,0.0,0.0,-0.16827804855377543,0.16827804855377543,0,0,0,0,2.1900006686337292e-05,1.2299991794861853e-05,ANALYTIC,9.139999747276306e-05,B,B,B,False,False,False,False,NO_AMBIGUOUS_LABELS,,,,,,
AP0,beijing,Shunyi,fixed_panel,natural,6738,2013-12-06 18:00:00,2013Q4,beijing_2013-12-06T18:00:00,24,3,logistic,hist_gradient_boosting,145,168,0,0,-0.058783678749032904,-0.058783678749032904,-0.0587836787490529,-0.05878367874901292,-0.05878367874903292,-0.05878367874903292,-0.058783678749351344,-0.05878367874871449,FLOAT_OUTWARD,0.0,2.0122792321330962e-15,0.0,0.0,0.058783678749032904,-0.058783678749032904,0,0,0,0,2.1900006686337292e-05,1.2100004823878407e-05,ANALYTIC,8.289999095723033e-05,A,A,A,False,False,False,False,NO_AMBIGUOUS_LABELS,,,,,,
AP0,beijing,Shunyi,fixed_panel,natural,6906,2013-12-13 18:00:00,2013Q4,beijing_2013-12-13T18:00:00,24,3,constant,logistic,145,168,2,0,0.11452565577040244,0.11452565577040244,0.11452565577038244,0.11452565577042244,0.11452565577040244,0.11452565577040244,0.11452565577008401,0.11452565577072087,FLOAT_OUTWARD,0.0,0.0,0.0,0.0,-0.11452565577040244,0.11452565577040244,0,0,0,0,1.9099999917671084e-05,1.3700002455152571e-05,ANALYTIC,0.00011020000965800136,B,B,B,False,False,False,False,NO_AMBIGUOUS_LABELS,,,,,,
AP0,beijing,Shunyi,fixed_panel,natural,6906,2013-12-13 18:00:00,2013Q4,beijing_2013-12-13T18:00:00,24,3,constant,hist_gradient_boosting,145,168,2,0,0.1751626686031983,0.1751626686031983,0.1751626686031783,0.1751626686032183,0.1751626686031983,0.1751626686031983,0.17516266860287985,0.17516266860351673,FLOAT_OUTWARD,0.0,0.0,0.0,0.0,-0.1751626686031983,0.1751626686031983,0,0,0,0,1.9099999917671084e-05,1.2600008631125093e-05,ANALYTIC,0.00010259999544359744,B,B,B,False,False,False,False,NO_AMBIGUOUS_LABELS,,,,,,
AP0,beijing,Shunyi,fixed_panel,natural,6906,2013-12-13 18:00:00,2013Q4,beijing_2013-12-13T18:00:00,24,3,logistic,hist_gradient_boosting,145,168,2,0,0.06063701283279586,0.06063701283279586,0.060637012832775866,0.060637012832815855,0.060637012832795864,0.060637012832795864,0.06063701283247744,0.06063701283311429,FLOAT_OUTWARD,1.0061396160665481e-15,0.0,0.0,0.0,-0.06063701283279586,0.06063701283279586,0,0,0,0,1.9099999917671084e-05,1.1800002539530396e-05,ANALYTIC,8.440000237897038e-05,B,B,B,False,False,False,False,NO_AMBIGUOUS_LABELS,,,,,,
AP0,beijing,Shunyi,fixed_panel,natural,7074,2013-12-20 18:00:00,2013Q4,beijing_2013-12-20T18:00:00,24,3,constant,logistic,145,168,0,0,0.07966809626223696,0.07966809626223696,0.07966809626221696,0.07966809626225693,0.07966809626223696,0.07966809626223696,0.07966809626191854,0.07966809626255539,FLOAT_OUTWARD,0.0,0.0,0.0,0.0,-0.07966809626223696,0.07966809626223696,0,0,0,0,1.8300008377991617e-05,1.3299999409355223e-05,ANALYTIC,0.00011039999662898481,B,B,B,False,False,False,False,NO_AMBIGUOUS_LABELS,,,,,,
AP0,beijing,Shunyi,fixed_panel,natural,7074,2013-12-20 18:00:00,2013Q4,beijing_2013-12-20T18:00:00,24,3,constant,hist_gradient_boosting,145,168,0,0,-0.008782145799039007,-0.008782145799039007,-0.00878214579905898,-0.008782145799019007,-0.008782145799038875,-0.008782145799038875,-0.008782145799357302,-0.008782145798720447,FLOAT_OUTWARD,1.9116652705264414e-14,0.0,0.0,0.0,0.008782145799039007,-0.008782145799039007,0,0,0,0,1.8300008377991617e-05,1.1900003300979733e-05,ANALYTIC,8.709999383427203e-05,A,A,A,False,False,False,False,NO_AMBIGUOUS_LABELS,,,,,,
AP0,beijing,Shunyi,fixed_panel,natural,7074,2013-12-20 18:00:00,2013Q4,beijing_2013-12-20T18:00:00,24,3,logistic,hist_gradient_boosting,145,168,0,0,-0.08845024206127597,-0.08845024206127597,-0.08845024206129591,-0.08845024206125597,-0.08845024206127584,-0.08845024206127584,-0.08845024206159427,-0.08845024206095742,FLOAT_OUTWARD,1.8110513089197866e-14,0.0,0.0,0.0,0.08845024206127597,-0.08845024206127597,0,0,0,0,1.8300008377991617e-05,1.2699994840659201e-05,ANALYTIC,8.280000474769622e-05,A,A,A,False,False,False,False,NO_AMBIGUOUS_LABELS,,,,,,
AP0,beijing,Shunyi,fixed_panel,natural,7242,2013-12-27 18:00:00,2013Q4,beijing_2013-12-27T18:00:00,24,3,constant,logistic,145,168,0,0,0.002407721551780235,0.002407721551780235,0.002407721551760241,0.002407721551800235,0.0024077215517802537,0.0024077215517802537,0.0024077215514618257,0.0024077215520986817,FLOAT_OUTWARD,2.704000218178848e-15,0.0,0.0,0.0,-0.002407721551780235,0.002407721551780235,0,0,0,0,1.85999961104244e-05,1.3600001693703234e-05,ANALYTIC,0.00011280000035185367,B,B,B,False,False,False,False,NO_AMBIGUOUS_LABELS,,,,,,
AP0,beijing,Shunyi,fixed_panel,natural,7242,2013-12-27 18:00:00,2013Q4,beijing_2013-12-27T18:00:00,24,3,constant,hist_gradient_boosting,145,168,0,0,0.004653275006790172,0.004653275006790172,0.004653275006770185,0.0046532750068101715,0.004653275006790179,0.004653275006790179,0.004653275006471751,0.004653275007108606,FLOAT_OUTWARD,1.0061396160665481e-15,0.0,0.0,0.0,-0.004653275006790172,0.004653275006790172,0,0,0,0,1.85999961104244e-05,1.2300006346777081e-05,ANALYTIC,8.820000221021473e-05,B,B,B,False,False,False,False,NO_AMBIGUOUS_LABELS,,,,,,
AP0,beijing,Shunyi,fixed_panel,natural,7242,2013-12-27 18:00:00,2013Q4,beijing_2013-12-27T18:00:00,24,3,logistic,hist_gradient_boosting,145,168,0,0,0.0022455534550099403,0.0022455534550099403,0.00224555345498994,0.0022455534550299373,0.002245553455009934,0.002245553455009934,0.002245553454691506,0.002245553455328362,FLOAT_OUTWARD,0.0,8.803721640582296e-16,0.0,0.0,-0.0022455534550099403,0.0022455534550099403,0,0,0,0,1.85999961104244e-05,1.1900003300979733e-05,ANALYTIC,8.22000001790002e-05,B,B,B,False,False,False,False,NO_AMBIGUOUS_LABELS,,,,,,
AP0,beijing,Shunyi,fixed_panel,natural,7410,2014-01-03 18:00:00,2014Q1,beijing_2014-01-03T18:00:00,24,3,constant,logistic,145,168,0,0,0.16263122924541062,0.16263122924541062,0.1626312292453906,0.16263122924543064,0.16263122924541062,0.16263122924541062,0.16263122924509218,0.16263122924572906,FLOAT_OUTWARD,0.0,0.0,0.0,0.0,-0.16263122924541062,0.16263122924541062,0,0,0,0,2.8600014047697186e-05,1.3199998647905886e-05,ANALYTIC,0.00011269999959040433,B,B,B,False,False,False,False,NO_AMBIGUOUS_LABELS,,,,,,
AP0,beijing,Shunyi,fixed_panel,natural,7410,2014-01-03 18:00:00,2014Q1,beijing_2014-01-03T18:00:00,24,3,constant,hist_gradient_boosting,145,168,0,0,0.11620566413809472,0.11620566413809472,0.11620566413807472,0.11620566413811471,0.11620566413809481,0.11620566413809481,0.11620566413777639,0.11620566413841324,FLOAT_OUTWARD,1.4085954624931674e-14,0.0,0.0,0.0,-0.11620566413809472,0.11620566413809472,0,0,0,0,2.8600014047697186e-05,1.1900003300979733e-05,ANALYTIC,8.959999831859022e-05,B,B,B,False,False,False,False,NO_AMBIGUOUS_LABELS,,,,,,
AP0,beijing,Shunyi,fixed_panel,natural,7410,2014-01-03 18:00:00,2014Q1,beijing_2014-01-03T18:00:00,24,3,logistic,hist_gradient_boosting,145,168,0,0,-0.0464255651073159,-0.0464255651073159,-0.0464255651073359,-0.04642556510729591,-0.04642556510731591,-0.04642556510731591,-0.046425565107634334,-0.04642556510699748,FLOAT_OUTWARD,0.0,1.0061396160665481e-15,0.0,0.0,0.0464255651073159,-0.0464255651073159,0,0,0,0,2.8600014047697186e-05,1.1600001016631722e-05,ANALYTIC,8.100000559352338e-05,A,A,A,False,False,False,False,NO_AMBIGUOUS_LABELS,,,,,,
AP0,beijing,Shunyi,fixed_panel,natural,7578,2014-01-10 18:00:00,2014Q1,beijing_2014-01-10T18:00:00,24,3,constant,logistic,145,168,0,0,-0.0014817973196371256,-0.0014817973196371256,-0.0014817973196571072,-0.0014817973196171255,-0.00148179731963715,-0.00148179731963715,-0.001481797319955578,-0.001481797319318722,FLOAT_OUTWARD,0.0,3.552930519234998e-15,0.0,0.0,0.0014817973196371256,-0.0014817973196371256,0,0,0,0,1.8099992303177714e-05,1.309999788645655e-05,ANALYTIC,0.0001058999914675951,A,A,A,False,False,False,False,NO_AMBIGUOUS_LABELS,,,,,,
AP0,beijing,Shunyi,fixed_panel,natural,7578,2014-01-10 18:00:00,2014Q1,beijing_2014-01-10T18:00:00,24,3,constant,hist_gradient_boosting,145,168,0,0,-0.02745424982310295,-0.02745424982310295,-0.027454249823122952,-0.02745424982308296,-0.027454249823102926,-0.027454249823102926,-0.027454249823421355,-0.027454249822784497,FLOAT_OUTWARD,3.5214886562329184e-15,0.0,0.0,0.0,0.02745424982310295,-0.02745424982310295,0,0,0,0,1.8099992303177714e-05,1.2199991033412516e-05,ANALYTIC,8.610000077169389e-05,A,A,A,False,False,False,False,NO_AMBIGUOUS_LABELS,,,,,,
AP0,beijing,Shunyi,fixed_panel,natural,7578,2014-01-10 18:00:00,2014Q1,beijing_2014-01-10T18:00:00,24,3,logistic,hist_gradient_boosting,145,168,0,0,-0.02597245250346586,-0.02597245250346586,-0.025972452503485857,-0.025972452503445858,-0.02597245250346586,-0.02597245250346586,-0.02597245250378429,-0.02597245250314743,FLOAT_OUTWARD,0.0,0.0,0.0,0.0,0.02597245250346586,-0.02597245250346586,0,0,0,0,1.8099992303177714e-05,1.1600001016631722e-05,ANALYTIC,8.189999789465219e-05,A,A,A,False,False,False,False,NO_AMBIGUOUS_LABELS,,,,,,
AP0,beijing,Shunyi,fixed_panel,natural,7746,2014-01-17 18:00:00,2014Q1,beijing_2014-01-17T18:00:00,24,3,constant,logistic,145,168,3,0,0.014505316294902326,0.014505316294902326,0.01450531629488233,0.014505316294922325,0.014505316294902338,0.014505316294902338,0.01450531629458391,0.014505316295220765,FLOAT_OUTWARD,1.7607443281164592e-15,0.0,0.0,0.0,-0.014505316294902326,0.014505316294902326,0,0,0,0,2.1100000594742596e-05,1.3800003216601908e-05,ANALYTIC,0.00012029999925289303,B,B,B,False,False,False,False,NO_AMBIGUOUS_LABELS,,,,,,
AP0,beijing,Shunyi,fixed_panel,natural,7746,2014-01-17 18:00:00,2014Q1,beijing_2014-01-17T18:00:00,24,3,constant,hist_gradient_boosting,145,168,3,0,0.0276508354196425,0.0276508354196425,0.0276508354196225,0.027650835419662477,0.027650835419642476,0.027650835419642476,0.027650835419324046,0.027650835419960905,FLOAT_OUTWARD,0.0,3.5214886562329184e-15,0.0,0.0,-0.0276508354196425,0.0276508354196425,0,0,0,0,2.1100000594742596e-05,1.2899996363557875e-05,ANALYTIC,9.249999129679054e-05,B,B,B,False,False,False,False,NO_AMBIGUOUS_LABELS,,,,,,
AP0,beijing,Shunyi,fixed_panel,natural,7746,2014-01-17 18:00:00,2014Q1,beijing_2014-01-17T18:00:00,24,3,logistic,hist_gradient_boosting,145,168,3,0,0.013145519124740148,0.013145519124740148,0.013145519124720149,0.013145519124760148,0.013145519124740147,0.013145519124740147,0.013145519124421719,0.013145519125058574,FLOAT_OUTWARD,0.0,2.5153490401663703e-16,0.0,0.0,-0.013145519124740148,0.013145519124740148,0,0,0,0,2.1100000594742596e-05,1.1899988749064505e-05,ANALYTIC,8.44999885885045e-05,B,B,B,False,False,False,False,NO_AMBIGUOUS_LABELS,,,,,,
AP0,beijing,Shunyi,fixed_panel,natural,7914,2014-01-24 18:00:00,2014Q1,beijing_2014-01-24T18:00:00,24,3,constant,logistic,145,168,10,24,-0.012792944565758899,0.0991371729067602,-0.012792944565778898,0.09913717290678019,-0.012792944565758935,0.09913717290676016,-0.012792944566077363,0.09913717290707859,FLOAT_OUTWARD,0.0,6.036837696399289e-15,0.1119301174725191,0.1119301174725191,0.012792944565758899,0.0991371729067602,0,462,45,226,0.00044689999776892364,0.00477600000158418,OPTIMAL_DUAL_OUTWARD,0.00011100000119768083,OPPOSITE_POSSIBLE,OPPOSITE_POSSIBLE,OPPOSITE_POSSIBLE,True,False,False,False,JOINT_OPPOSITE_POSSIBLE,,,,,,
AP0,beijing,Shunyi,fixed_panel,natural,7914,2014-01-24 18:00:00,2014Q1,beijing_2014-01-24T18:00:00,24,3,constant,hist_gradient_boosting,145,168,10,24,0.016386631804538206,0.10016850685095462,0.016386631804518204,0.10016850685097461,0.016386631804538192,0.10016850685095464,0.016386631804219762,0.10016850685127307,FLOAT_OUTWARD,0.0,0.0,0.0837818750464164,0.08378187504641643,-0.016386631804538206,0.10016850685095462,0,462,45,226,0.00044689999776892364,0.004400899997563101,OPTIMAL_DUAL_OUTWARD,0.0001083999959519133,B,B,B,False,False,False,False,INDEPENDENT_ALREADY_DIRECTED,,,,,,
AP0,beijing,Shunyi,fixed_panel,natural,7914,2014-01-24 18:00:00,2014Q1,beijing_2014-01-24T18:00:00,24,3,logistic,hist_gradient_boosting,145,168,10,24,-0.0010924540312082067,0.03130336434569977,0.0010313339441744484,0.029179576370317113,0.0010313339441944149,0.029179576370297142,0.0010313339438759869,0.02917957637061557,FLOAT_OUTWARD,0.30794925643338017,0.30794925643338067,0.03239581837690798,0.032395818376907984,0.0010924540312082067,0.03130336434569977,1,462,45,226,0.00044689999776892364,0.004349199996795505,OPTIMAL_DUAL_OUTWARD,0.00010659999679774046,OPPOSITE_POSSIBLE,B,B,True,True,True,False,JOINT_NEW_STRICT,,,,,,
AP0,beijing,Shunyi,fixed_panel,natural,8082,2014-01-31 18:00:00,2014Q1,beijing_2014-01-31T18:00:00,24,3,constant,logistic,145,168,5,0,0.08921381237218604,0.08921381237218604,0.08921381237216605,0.08921381237220603,0.08921381237218606,0.08921381237218606,0.08921381237186764,0.08921381237250449,FLOAT_OUTWARD,4.0245584642661925e-15,0.0,0.0,0.0,-0.08921381237218604,0.08921381237218604,0,0,0,0,2.059999678749591e-05,1.3900003978051245e-05,ANALYTIC,0.00012110000534448773,B,B,B,False,False,False,False,NO_AMBIGUOUS_LABELS,,,,,,
AP0,beijing,Shunyi,fixed_panel,natural,8082,2014-01-31 18:00:00,2014Q1,beijing_2014-01-31T18:00:00,24,3,constant,hist_gradient_boosting,145,168,5,0,0.07976334888260275,0.07976334888260275,0.07976334888258275,0.07976334888262272,0.07976334888260257,0.07976334888260257,0.07976334888228415,0.079763348882921,FLOAT_OUTWARD,0.0,2.615963001773025e-14,0.0,0.0,-0.07976334888260275,0.07976334888260275,0,0,0,0,2.059999678749591e-05,1.2400007108226418e-05,ANALYTIC,9.099999442696571e-05,B,B,B,False,False,False,False,NO_AMBIGUOUS_LABELS,,,,,,
AP0,beijing,Shunyi,fixed_panel,natural,8082,2014-01-31 18:00:00,2014Q1,beijing_2014-01-31T18:00:00,24,3,logistic,hist_gradient_boosting,145,168,5,0,-0.00945046348958333,-0.00945046348958333,-0.00945046348960333,-0.00945046348956333,-0.009450463489583323,-0.009450463489583323,-0.00945046348990175,-0.009450463489264895,FLOAT_OUTWARD,1.0061396160665481e-15,0.0,0.0,0.0,0.00945046348958333,-0.00945046348958333,0,0,0,0,2.059999678749591e-05,1.1399999493733048e-05,ANALYTIC,8.30000062705949e-05,A,A,A,False,False,False,False,NO_AMBIGUOUS_LABELS,,,,,,
AP0,beijing,Shunyi,fixed_panel,natural,8250,2014-02-07 18:00:00,2014Q1,beijing_2014-02-07T18:00:00,24,3,constant,logistic,145,168,7,0,0.07145005767311832,0.07145005767311832,0.07145005767309835,0.07145005767313832,0.0714500576731183,0.0714500576731183,0.07145005767279987,0.07145005767343672,FLOAT_OUTWARD,0.0,4.0245584642661925e-15,0.0,0.0,-0.07145005767311832,0.07145005767311832,0,0,0,0,1.889999839477241e-05,1.2899996363557875e-05,ANALYTIC,0.00011209999502170831,B,B,B,False,False,False,False,NO_AMBIGUOUS_LABELS,,,,,,
AP0,beijing,Shunyi,fixed_panel,natural,8250,2014-02-07 18:00:00,2014Q1,beijing_2014-02-07T18:00:00,24,3,constant,hist_gradient_boosting,145,168,7,0,0.07664760260568504,0.07664760260568504,0.07664760260566504,0.07664760260570504,0.0766476026056851,0.0766476026056851,0.07664760260536667,0.07664760260600352,FLOAT_OUTWARD,8.049116928532385e-15,0.0,0.0,0.0,-0.07664760260568504,0.07664760260568504,0,0,0,0,1.889999839477241e-05,1.2199991033412516e-05,ANALYTIC,9.950000094249845e-05,B,B,B,False,False,False,False,NO_AMBIGUOUS_LABELS,,,,,,
AP0,beijing,Shunyi,fixed_panel,natural,8250,2014-02-07 18:00:00,2014Q1,beijing_2014-02-07T18:00:00,24,3,logistic,hist_gradient_boosting,145,168,7,0,0.005197544932566688,0.005197544932566688,0.005197544932546688,0.00519754493258668,0.005197544932566682,0.005197544932566682,0.005197544932248254,0.0051975449328851096,FLOAT_OUTWARD,0.0,8.803721640582296e-16,0.0,0.0,-0.005197544932566688,0.005197544932566688,0,0,0,0,1.889999839477241e-05,1.170000177808106e-05,ANALYTIC,8.349999552592635e-05,B,B,B,False,False,False,False,NO_AMBIGUOUS_LABELS,,,,,,
AP0,beijing,Shunyi,fixed_panel,natural,8418,2014-02-14 18:00:00,2014Q1,beijing_2014-02-14T18:00:00,24,3,constant,logistic,145,168,1,0,-0.03499644582708776,-0.03499644582708776,-0.034996445827107744,-0.03499644582706776,-0.03499644582708766,-0.03499644582708766,-0.03499644582740609,-0.03499644582676924,FLOAT_OUTWARD,1.4085954624931674e-14,0.0,0.0,0.0,0.03499644582708776,-0.03499644582708776,0,0,0,0,1.8399994587525725e-05,1.3199998647905886e-05,ANALYTIC,0.00011269999959040433,A,A,A,False,False,False,False,NO_AMBIGUOUS_LABELS,,,,,,
AP0,beijing,Shunyi,fixed_panel,natural,8418,2014-02-14 18:00:00,2014Q1,beijing_2014-02-14T18:00:00,24,3,constant,hist_gradient_boosting,145,168,1,0,-0.10942869667080213,-0.10942869667080213,-0.10942869667082213,-0.10942869667078214,-0.10942869667080227,-0.10942869667080227,-0.10942869667112069,-0.10942869667048384,FLOAT_OUTWARD,0.0,2.0122792321330962e-14,0.0,0.0,0.10942869667080213,-0.10942869667080213,0,0,0,0,1.8399994587525725e-05,1.2100004823878407e-05,ANALYTIC,8.959999831859022e-05,A,A,A,False,False,False,False,NO_AMBIGUOUS_LABELS,,,,,,
AP0,beijing,Shunyi,fixed_panel,natural,8418,2014-02-14 18:00:00,2014Q1,beijing_2014-02-14T18:00:00,24,3,logistic,hist_gradient_boosting,145,168,1,0,-0.0744322508437144,-0.0744322508437144,-0.0744322508437344,-0.07443225084369441,-0.07443225084371441,-0.07443225084371441,-0.07443225084403284,-0.07443225084339598,FLOAT_OUTWARD,0.0,2.0122792321330962e-15,0.0,0.0,0.0744322508437144,-0.0744322508437144,0,0,0,0,1.8399994587525725e-05,1.1800002539530396e-05,ANALYTIC,8.189999789465219e-05,A,A,A,False,False,False,False,NO_AMBIGUOUS_LABELS,,,,,,
AP0,beijing,Shunyi,fixed_panel,natural,8586,2014-02-21 18:00:00,2014Q1,beijing_2014-02-21T18:00:00,24,3,constant,logistic,145,168,19,0,0.0005629738440240548,0.0005629738440240548,0.0005629738440040548,0.000562973844043969,0.0005629738440240058,0.0005629738440240058,0.0005629738437055779,0.0005629738443424337,FLOAT_OUTWARD,0.0,7.105861038469996e-15,0.0,0.0,-0.0005629738440240548,0.0005629738440240548,0,0,0,0,1.8100006855092943e-05,1.3299999409355223e-05,ANALYTIC,0.00011069999891333282,B,B,B,False,False,False,False,NO_AMBIGUOUS_LABELS,,,,,,
AP0,beijing,Shunyi,fixed_panel,natural,8586,2014-02-21 18:00:00,2014Q1,beijing_2014-02-21T18:00:00,24,3,constant,hist_gradient_boosting,145,168,19,0,-0.024398999995632296,-0.024398999995632296,-0.024398999995652298,-0.02439899999561231,-0.02439899999563237,-0.02439899999563237,-0.0243989999959508,-0.02439899999531394,FLOAT_OUTWARD,0.0,1.0564465968698755e-14,0.0,0.0,0.024398999995632296,-0.024398999995632296,0,0,0,0,1.8100006855092943e-05,1.1899988749064505e-05,ANALYTIC,8.710000838618726e-05,A,A,A,False,False,False,False,NO_AMBIGUOUS_LABELS,,,,,,
AP0,beijing,Shunyi,fixed_panel,natural,8586,2014-02-21 18:00:00,2014Q1,beijing_2014-02-21T18:00:00,24,3,logistic,hist_gradient_boosting,145,168,19,0,-0.024961973839656277,-0.024961973839656277,-0.024961973839676268,-0.024961973839636276,-0.024961973839656326,-0.024961973839656326,-0.024961973839974755,-0.024961973839337896,FLOAT_OUTWARD,0.0,7.042977312465837e-15,0.0,0.0,0.024961973839656277,-0.024961973839656277,0,0,0,0,1.8100006855092943e-05,1.1500000255182385e-05,ANALYTIC,8.159999561030418e-05,A,A,A,False,False,False,False,NO_AMBIGUOUS_LABELS,,,,,,
AP0,beijing,Shunyi,fixed_panel,natural,6570,2013-11-29 18:00:00,2013Q4,beijing_2013-11-29T18:00:00,72,3,constant,logistic,97,168,0,0,-8.9033178514045e-05,-8.9033178514045e-05,-8.903317853404272e-05,-8.9033178494045e-05,-8.903317851406331e-05,-8.903317851406331e-05,-8.903317883249127e-05,-8.903317819563536e-05,FLOAT_OUTWARD,0.0,1.7760180262213487e-15,0.0,0.0,8.9033178514045e-05,-8.9033178514045e-05,0,0,0,0,2.409999433439225e-05,1.4399993233382702e-05,ANALYTIC,0.0002806999982567504,A,A,A,False,False,False,False,NO_AMBIGUOUS_LABELS,,,,,,
AP0,beijing,Shunyi,fixed_panel,natural,6570,2013-11-29 18:00:00,2013Q4,beijing_2013-11-29T18:00:00,72,3,constant,hist_gradient_boosting,97,168,0,0,-0.004481433489226554,-0.004481433489226554,-0.004481433489246551,-0.0044814334892065546,-0.004481433489226545,-0.004481433489226545,-0.004481433489544972,-0.004481433488908117,FLOAT_OUTWARD,9.254749744336266e-16,0.0,0.0,0.0,0.004481433489226554,-0.004481433489226554,0,0,0,0,2.409999433439225e-05,1.2599994079209864e-05,ANALYTIC,0.0001213000068673864,A,A,A,False,False,False,False,NO_AMBIGUOUS_LABELS,,,,,,
AP0,beijing,Shunyi,fixed_panel,natural,6570,2013-11-29 18:00:00,2013Q4,beijing_2013-11-29T18:00:00,72,3,logistic,hist_gradient_boosting,97,168,0,0,-0.004392400310712509,-0.004392400310712509,-0.004392400310732509,-0.004392400310692509,-0.004392400310712509,-0.004392400310712509,-0.0043924003110309365,-0.004392400310394081,FLOAT_OUTWARD,0.0,0.0,0.0,0.0,0.004392400310712509,-0.004392400310712509,0,0,0,0,2.409999433439225e-05,1.2199991033412516e-05,ANALYTIC,0.00011480000102892518,A,A,A,False,False,False,False,NO_AMBIGUOUS_LABELS,,,,,,
AP0,beijing,Shunyi,fixed_panel,natural,6738,2013-12-06 18:00:00,2013Q4,beijing_2013-12-06T18:00:00,72,3,constant,logistic,97,168,0,0,0.09993901427973065,0.09993901427973065,0.09993901427971065,0.09993901427975065,0.09993901427973065,0.09993901427973065,0.09993901427941222,0.09993901428004907,FLOAT_OUTWARD,0.0,0.0,0.0,0.0,-0.09993901427973065,0.09993901427973065,0,0,0,0,2.8599999495781958e-05,1.550000160932541e-05,ANALYTIC,0.00012379999679978937,B,B,B,False,False,False,False,NO_AMBIGUOUS_LABELS,,,,,,
AP0,beijing,Shunyi,fixed_panel,natural,6738,2013-12-06 18:00:00,2013Q4,beijing_2013-12-06T18:00:00,72,3,constant,hist_gradient_boosting,97,168,0,0,-0.021346227632228994,-0.021346227632228994,-0.021346227632248995,-0.021346227632208992,-0.021346227632228976,-0.021346227632228976,-0.021346227632547406,-0.021346227631910547,FLOAT_OUTWARD,1.6826817716975029e-15,0.0,0.0,0.0,0.021346227632228994,-0.021346227632228994,0,0,0,0,2.8599999495781958e-05,1.1299998732283711e-05,ANALYTIC,0.00010370000381954014,A,A,A,False,False,False,False,NO_AMBIGUOUS_LABELS,,,,,,
AP0,beijing,Shunyi,fixed_panel,natural,6738,2013-12-06 18:00:00,2013Q4,beijing_2013-12-06T18:00:00,72,3,logistic,hist_gradient_boosting,97,168,0,0,-0.12128524191195966,-0.12128524191195966,-0.12128524191197966,-0.12128524191193966,-0.12128524191195966,-0.12128524191195966,-0.12128524191227809,-0.12128524191164124,FLOAT_OUTWARD,0.0,0.0,0.0,0.0,0.12128524191195966,-0.12128524191195966,0,0,0,0,2.8599999495781958e-05,1.1199997970834374e-05,ANALYTIC,9.859999408945441e-05,A,A,A,False,False,False,False,NO_AMBIGUOUS_LABELS,,,,,,
AP0,beijing,Shunyi,fixed_panel,natural,6906,2013-12-13 18:00:00,2013Q4,beijing_2013-12-13T18:00:00,72,3,constant,logistic,97,168,2,0,0.014002791672934778,0.014002791672934778,0.014002791672914778,0.014002791672954776,0.01400279167293475,0.01400279167293475,0.014002791672616323,0.014002791673253178,FLOAT_OUTWARD,0.0,2.6922908347160046e-15,0.0,0.0,-0.014002791672934778,0.014002791672934778,0,0,0,0,1.9899991457350552e-05,1.4200006262399256e-05,ANALYTIC,0.0002724999940255657,B,B,B,False,False,False,False,NO_AMBIGUOUS_LABELS,,,,,,
AP0,beijing,Shunyi,fixed_panel,natural,6906,2013-12-13 18:00:00,2013Q4,beijing_2013-12-13T18:00:00,72,3,constant,hist_gradient_boosting,97,168,2,0,0.06424731931725063,0.06424731931725063,0.06424731931723063,0.06424731931727062,0.06424731931725063,0.06424731931725063,0.0642473193169322,0.06424731931756905,FLOAT_OUTWARD,0.0,0.0,0.0,0.0,-0.06424731931725063,0.06424731931725063,0,0,0,0,1.9899991457350552e-05,1.239999255631119e-05,ANALYTIC,0.00018060000729747117,B,B,B,False,False,False,False,NO_AMBIGUOUS_LABELS,,,,,,
AP0,beijing,Shunyi,fixed_panel,natural,6906,2013-12-13 18:00:00,2013Q4,beijing_2013-12-13T18:00:00,72,3,logistic,hist_gradient_boosting,97,168,2,0,0.050244527644315855,0.050244527644315855,0.05024452764429586,0.05024452764433585,0.050244527644315855,0.050244527644315855,0.05024452764399743,0.05024452764463428,FLOAT_OUTWARD,0.0,0.0,0.0,0.0,-0.050244527644315855,0.050244527644315855,0,0,0,0,1.9899991457350552e-05,1.5199999324977398e-05,ANALYTIC,0.00025189999723806977,B,B,B,False,False,False,False,NO_AMBIGUOUS_LABELS,,,,,,
AP0,beijing,Shunyi,fixed_panel,natural,7074,2013-12-20 18:00:00,2013Q4,beijing_2013-12-20T18:00:00,72,3,constant,logistic,97,168,0,0,0.003331807917786539,0.003331807917786539,0.003331807917766539,0.00333180791780653,0.003331807917786539,0.003331807917786539,0.003331807917468111,0.003331807918104967,FLOAT_OUTWARD,0.0,0.0,0.0,0.0,-0.003331807917786539,0.003331807917786539,0,0,0,0,1.9700004486367106e-05,1.340000017080456e-05,ANALYTIC,0.0001379999885102734,B,B,B,False,False,False,False,NO_AMBIGUOUS_LABELS,,,,,,
AP0,beijing,Shunyi,fixed_panel,natural,7074,2013-12-20 18:00:00,2013Q4,beijing_2013-12-20T18:00:00,72,3,constant,hist_gradient_boosting,97,168,0,0,0.0013152478328818968,0.0013152478328818968,0.0013152478328619013,0.0013152478329018968,0.0013152478328818968,0.0013152478328818968,0.0013152478325634688,0.0013152478332003248,FLOAT_OUTWARD,0.0,0.0,0.0,0.0,-0.0013152478328818968,0.0013152478328818968,0,0,0,0,1.9700004486367106e-05,1.2299991794861853e-05,ANALYTIC,0.00010479999764356762,B,B,B,False,False,False,False,NO_AMBIGUOUS_LABELS,,,,,,
AP0,beijing,Shunyi,fixed_panel,natural,7074,2013-12-20 18:00:00,2013Q4,beijing_2013-12-20T18:00:00,72,3,logistic,hist_gradient_boosting,97,168,0,0,-0.0020165600849046286,-0.0020165600849046286,-0.0020165600849246287,-0.0020165600848846285,-0.0020165600849046147,-0.0020165600849046147,-0.0020165600852230427,-0.0020165600845861867,FLOAT_OUTWARD,1.3461454173580023e-15,0.0,0.0,0.0,0.0020165600849046286,-0.0020165600849046286,0,0,0,0,1.9700004486367106e-05,1.1399999493733048e-05,ANALYTIC,9.699999645818025e-05,A,A,A,False,False,False,False,NO_AMBIGUOUS_LABELS,,,,,,
AP0,beijing,Shunyi,fixed_panel,natural,7242,2013-12-27 18:00:00,2013Q4,beijing_2013-12-27T18:00:00,72,3,constant,logistic,97,168,0,0,0.0010411815217473365,0.0010411815217473365,0.00104118152172734,0.0010411815217673365,0.0010411815217473274,0.0010411815217473274,0.0010411815214288994,0.0010411815220657554,FLOAT_OUTWARD,0.0,8.83407930141189e-16,0.0,0.0,-0.0010411815217473365,0.0010411815217473365,0,0,0,0,2.0799998310394585e-05,1.2600008631125093e-05,ANALYTIC,0.0001250000059371814,B,B,B,False,False,False,False,NO_AMBIGUOUS_LABELS,,,,,,
AP0,beijing,Shunyi,fixed_panel,natural,7242,2013-12-27 18:00:00,2013Q4,beijing_2013-12-27T18:00:00,72,3,constant,hist_gradient_boosting,97,168,0,0,-0.0026107419361733677,-0.0026107419361733677,-0.002610741936193368,-0.0026107419361533707,-0.0026107419361734046,-0.0026107419361734046,-0.0026107419364918326,-0.0026107419358549766,FLOAT_OUTWARD,0.0,3.575698764857194e-15,0.0,0.0,0.0026107419361733677,-0.0026107419361733677,0,0,0,0,2.0799998310394585e-05,1.1600001016631722e-05,ANALYTIC,0.0001083999959519133,A,A,A,False,False,False,False,NO_AMBIGUOUS_LABELS,,,,,,
AP0,beijing,Shunyi,fixed_panel,natural,7242,2013-12-27 18:00:00,2013Q4,beijing_2013-12-27T18:00:00,72,3,logistic,hist_gradient_boosting,97,168,0,0,-0.0036519234579207105,-0.0036519234579207105,-0.0036519234579407106,-0.0036519234579007105,-0.0036519234579207105,-0.0036519234579207105,-0.0036519234582391385,-0.0036519234576022825,FLOAT_OUTWARD,0.0,0.0,0.0,0.0,0.0036519234579207105,-0.0036519234579207105,0,0,0,0,2.0799998310394585e-05,1.4099990949034691e-05,ANALYTIC,0.00028870000096503645,A,A,A,False,False,False,False,NO_AMBIGUOUS_LABELS,,,,,,
AP0,beijing,Shunyi,fixed_panel,natural,7410,2014-01-03 18:00:00,2014Q1,beijing_2014-01-03T18:00:00,72,3,constant,logistic,97,168,0,0,0.029656336987537824,0.029656336987537824,0.029656336987517826,0.029656336987557826,0.029656336987537824,0.029656336987537824,0.029656336987219395,0.029656336987856254,FLOAT_OUTWARD,0.0,0.0,0.0,0.0,-0.029656336987537824,0.029656336987537824,0,0,0,0,2.0399995264597237e-05,1.2899996363557875e-05,ANALYTIC,0.00013010000111535192,B,B,B,False,False,False,False,NO_AMBIGUOUS_LABELS,,,,,,
AP0,beijing,Shunyi,fixed_panel,natural,7410,2014-01-03 18:00:00,2014Q1,beijing_2014-01-03T18:00:00,72,3,constant,hist_gradient_boosting,97,168,0,0,0.00974276129806939,0.00974276129806939,0.00974276129804939,0.009742761298089389,0.009742761298069379,0.009742761298069379,0.009742761297750951,0.009742761298387807,FLOAT_OUTWARD,0.0,1.0096090630185017e-15,0.0,0.0,-0.00974276129806939,0.00974276129806939,0,0,0,0,2.0399995264597237e-05,1.270000939257443e-05,ANALYTIC,0.00016510000568814576,B,B,B,False,False,False,False,NO_AMBIGUOUS_LABELS,,,,,,
AP0,beijing,Shunyi,fixed_panel,natural,7410,2014-01-03 18:00:00,2014Q1,beijing_2014-01-03T18:00:00,72,3,logistic,hist_gradient_boosting,97,168,0,0,-0.01991357568946844,-0.01991357568946844,-0.01991357568948844,-0.01991357568944844,-0.01991357568946844,-0.01991357568946844,-0.01991357568978687,-0.01991357568915001,FLOAT_OUTWARD,0.0,0.0,0.0,0.0,0.01991357568946844,-0.01991357568946844,0,0,0,0,2.0399995264597237e-05,1.1299998732283711e-05,ANALYTIC,9.99000039882958e-05,A,A,A,False,False,False,False,NO_AMBIGUOUS_LABELS,,,,,,
AP0,beijing,Shunyi,fixed_panel,natural,7578,2014-01-10 18:00:00,2014Q1,beijing_2014-01-10T18:00:00,72,3,constant,logistic,97,168,0,0,0.0015045416059262498,0.0015045416059262498,0.0015045416059062588,0.0015045416059462499,0.0015045416059262407,0.0015045416059262407,0.0015045416056078127,0.0015045416062446687,FLOAT_OUTWARD,0.0,8.83407930141189e-16,0.0,0.0,-0.0015045416059262498,0.0015045416059262498,0,0,0,0,1.8999999156221747e-05,1.239999255631119e-05,ANALYTIC,0.00012060000153724104,B,B,B,False,False,False,False,NO_AMBIGUOUS_LABELS,,,,,,
AP0,beijing,Shunyi,fixed_panel,natural,7578,2014-01-10 18:00:00,2014Q1,beijing_2014-01-10T18:00:00,72,3,constant,hist_gradient_boosting,97,168,0,0,-0.007507087467320071,-0.007507087467320071,-0.007507087467340069,-0.007507087467300071,-0.007507087467320076,-0.007507087467320076,-0.007507087467638503,-0.007507087467001648,FLOAT_OUTWARD,0.0,5.048045315092509e-16,0.0,0.0,0.007507087467320071,-0.007507087467320071,0,0,0,0,1.8999999156221747e-05,1.1399999493733048e-05,ANALYTIC,0.00010570000449661165,A,A,A,False,False,False,False,NO_AMBIGUOUS_LABELS,,,,,,
AP0,beijing,Shunyi,fixed_panel,natural,7578,2014-01-10 18:00:00,2014Q1,beijing_2014-01-10T18:00:00,72,3,logistic,hist_gradient_boosting,97,168,0,0,-0.009011629073246326,-0.009011629073246326,-0.009011629073266325,-0.00901162907322633,-0.00901162907324632,-0.00901162907324632,-0.009011629073564748,-0.009011629072927893,FLOAT_OUTWARD,5.048045315092509e-16,0.0,0.0,0.0,0.009011629073246326,-0.009011629073246326,0,0,0,0,1.8999999156221747e-05,1.239999255631119e-05,ANALYTIC,0.00015380000695586205,A,A,A,False,False,False,False,NO_AMBIGUOUS_LABELS,,,,,,
AP0,beijing,Shunyi,fixed_panel,natural,7746,2014-01-17 18:00:00,2014Q1,beijing_2014-01-17T18:00:00,72,3,constant,logistic,97,168,3,0,-0.015458525850143751,-0.015458525850143751,-0.015458525850163737,-0.015458525850123752,-0.015458525850143743,-0.015458525850143743,-0.01545852585046217,-0.015458525849825315,FLOAT_OUTWARD,8.413408858487514e-16,0.0,0.0,0.0,0.015458525850143751,-0.015458525850143751,0,0,0,0,1.9400002202019095e-05,1.270000939257443e-05,ANALYTIC,0.00013159999798517674,A,A,A,False,False,False,False,NO_AMBIGUOUS_LABELS,,,,,,
AP0,beijing,Shunyi,fixed_panel,natural,7746,2014-01-17 18:00:00,2014Q1,beijing_2014-01-17T18:00:00,72,3,constant,hist_gradient_boosting,97,168,3,0,-0.005997273438249821,-0.005997273438249821,-0.005997273438269821,-0.005997273438229821,-0.005997273438249848,-0.005997273438249848,-0.0059972734385682755,-0.00599727343793142,FLOAT_OUTWARD,0.0,2.6081567461311295e-15,0.0,0.0,0.005997273438249821,-0.005997273438249821,0,0,0,0,1.9400002202019095e-05,1.1600001016631722e-05,ANALYTIC,0.00010399999155197293,A,A,A,False,False,False,False,NO_AMBIGUOUS_LABELS,,,,,,
AP0,beijing,Shunyi,fixed_panel,natural,7746,2014-01-17 18:00:00,2014Q1,beijing_2014-01-17T18:00:00,72,3,logistic,hist_gradient_boosting,97,168,3,0,0.009461252411893911,0.009461252411893911,0.009461252411873919,0.00946125241191391,0.009461252411893911,0.009461252411893911,0.009461252411575484,0.009461252412212339,FLOAT_OUTWARD,0.0,0.0,0.0,0.0,-0.009461252411893911,0.009461252411893911,0,0,0,0,1.9400002202019095e-05,1.09999964479357e-05,ANALYTIC,9.169999975711107e-05,B,B,B,False,False,False,False,NO_AMBIGUOUS_LABELS,,,,,,
AP0,beijing,Shunyi,fixed_panel,natural,7914,2014-01-24 18:00:00,2014Q1,beijing_2014-01-24T18:00:00,72,3,constant,logistic,97,168,10,0,-0.005616633316546526,-0.005616633316546526,-0.005616633316566526,-0.0056166333165265266,-0.00561663331654654,-0.00561663331654654,-0.005616633316864968,-0.0056166333162281125,FLOAT_OUTWARD,0.0,1.3461454173580023e-15,0.0,0.0,0.005616633316546526,-0.005616633316546526,0,0,0,0,1.920000067912042e-05,1.2499993317760527e-05,ANALYTIC,0.0001294999965466559,A,A,A,False,False,False,False,NO_AMBIGUOUS_LABELS,,,,,,
AP0,beijing,Shunyi,fixed_panel,natural,7914,2014-01-24 18:00:00,2014Q1,beijing_2014-01-24T18:00:00,72,3,constant,hist_gradient_boosting,97,168,10,0,-0.03528274201130418,-0.03528274201130418,-0.03528274201132418,-0.03528274201128418,-0.0352827420113042,-0.0352827420113042,-0.035282742011622625,-0.035282742010985774,FLOAT_OUTWARD,0.0,2.0192181260370035e-15,0.0,0.0,0.03528274201130418,-0.03528274201130418,0,0,0,0,1.920000067912042e-05,1.1600001016631722e-05,ANALYTIC,0.0001036000030580908,A,A,A,False,False,False,False,NO_AMBIGUOUS_LABELS,,,,,,
AP0,beijing,Shunyi,fixed_panel,natural,7914,2014-01-24 18:00:00,2014Q1,beijing_2014-01-24T18:00:00,72,3,logistic,hist_gradient_boosting,97,168,10,0,-0.02966610869475764,-0.02966610869475764,-0.02966610869477764,-0.029666108694737646,-0.029666108694757647,-0.029666108694757647,-0.029666108695076077,-0.029666108694439218,FLOAT_OUTWARD,0.0,6.730727086790012e-16,0.0,0.0,0.02966610869475764,-0.02966610869475764,0,0,0,0,1.920000067912042e-05,1.309999788645655e-05,ANALYTIC,0.00024110000231303275,A,A,A,False,False,False,False,NO_AMBIGUOUS_LABELS,,,,,,
AP0,beijing,Shunyi,fixed_panel,natural,8082,2014-01-31 18:00:00,2014Q1,beijing_2014-01-31T18:00:00,72,3,constant,logistic,97,168,5,0,-0.03009520239519754,-0.03009520239519754,-0.030095202395217513,-0.030095202395177538,-0.03009520239519754,-0.03009520239519754,-0.03009520239551597,-0.03009520239487911,FLOAT_OUTWARD,0.0,0.0,0.0,0.0,0.03009520239519754,-0.03009520239519754,0,0,0,0,1.9500002963468432e-05,1.2799995602108538e-05,ANALYTIC,0.00012369999603834003,A,A,A,False,False,False,False,NO_AMBIGUOUS_LABELS,,,,,,
AP0,beijing,Shunyi,fixed_panel,natural,8082,2014-01-31 18:00:00,2014Q1,beijing_2014-01-31T18:00:00,72,3,constant,hist_gradient_boosting,97,168,5,0,-0.011563252231782138,-0.011563252231782138,-0.011563252231802138,-0.011563252231762139,-0.011563252231782102,-0.011563252231782102,-0.01156325223210053,-0.011563252231463674,FLOAT_OUTWARD,3.533631720564756e-15,0.0,0.0,0.0,0.011563252231782138,-0.011563252231782138,0,0,0,0,1.9500002963468432e-05,1.1399999493733048e-05,ANALYTIC,9.68000094871968e-05,A,A,A,False,False,False,False,NO_AMBIGUOUS_LABELS,,,,,,
AP0,beijing,Shunyi,fixed_panel,natural,8082,2014-01-31 18:00:00,2014Q1,beijing_2014-01-31T18:00:00,72,3,logistic,hist_gradient_boosting,97,168,5,0,0.01853195016341538,0.01853195016341538,0.01853195016339538,0.018531950163435375,0.018531950163415398,0.018531950163415398,0.01853195016309697,0.018531950163733827,FLOAT_OUTWARD,1.6826817716975029e-15,0.0,0.0,0.0,-0.01853195016341538,0.01853195016341538,0,0,0,0,1.9500002963468432e-05,1.09999964479357e-05,ANALYTIC,0.00010000000474974513,B,B,B,False,False,False,False,NO_AMBIGUOUS_LABELS,,,,,,
AP0,beijing,Shunyi,fixed_panel,natural,8250,2014-02-07 18:00:00,2014Q1,beijing_2014-02-07T18:00:00,72,3,constant,logistic,97,168,7,0,-0.0013255311773811224,-0.0013255311773811224,-0.0013255311774011225,-0.0013255311773611236,-0.0013255311773811224,-0.0013255311773811224,-0.0013255311776995504,-0.0013255311770626944,FLOAT_OUTWARD,0.0,0.0,0.0,0.0,0.0013255311773811224,-0.0013255311773811224,0,0,0,0,1.8499995348975062e-05,2.1100000594742596e-05,ANALYTIC,0.00011829999857582152,A,A,A,False,False,False,False,NO_AMBIGUOUS_LABELS,,,,,,
AP0,beijing,Shunyi,fixed_panel,natural,8250,2014-02-07 18:00:00,2014Q1,beijing_2014-02-07T18:00:00,72,3,constant,hist_gradient_boosting,97,168,7,0,0.0013963107754777608,0.0013963107754777608,0.0013963107754577607,0.0013963107754977574,0.0013963107754777517,0.0013963107754777517,0.0013963107751593237,0.0013963107757961797,FLOAT_OUTWARD,0.0,8.83407930141189e-16,0.0,0.0,-0.0013963107754777608,0.0013963107754777608,0,0,0,0,1.8499995348975062e-05,1.1800002539530396e-05,ANALYTIC,0.00010170000314246863,B,B,B,False,False,False,False,NO_AMBIGUOUS_LABELS,,,,,,
AP0,beijing,Shunyi,fixed_panel,natural,8250,2014-02-07 18:00:00,2014Q1,beijing_2014-02-07T18:00:00,72,3,logistic,hist_gradient_boosting,97,168,7,0,0.002721841952858881,0.002721841952858881,0.0027218419528388807,0.002721841952878881,0.002721841952858858,0.002721841952858858,0.00272184195254043,0.002721841953177286,FLOAT_OUTWARD,0.0,2.2295533474991913e-15,0.0,0.0,-0.002721841952858881,0.002721841952858881,0,0,0,0,1.8499995348975062e-05,1.1299998732283711e-05,ANALYTIC,9.330001194030046e-05,B,B,B,False,False,False,False,NO_AMBIGUOUS_LABELS,,,,,,
AP0,beijing,Shunyi,fixed_panel,natural,8418,2014-02-14 18:00:00,2014Q1,beijing_2014-02-14T18:00:00,72,3,constant,logistic,97,168,1,0,-0.034549352843340694,-0.034549352843340694,-0.03454935284336069,-0.034549352843320696,-0.034549352843340715,-0.034549352843340715,-0.03454935284365914,-0.03454935284302229,FLOAT_OUTWARD,0.0,2.0192181260370035e-15,0.0,0.0,0.034549352843340694,-0.034549352843340694,0,0,0,0,2.0199993741698563e-05,1.2800010154023767e-05,ANALYTIC,0.00012409999908413738,A,A,A,False,False,False,False,NO_AMBIGUOUS_LABELS,,,,,,
AP0,beijing,Shunyi,fixed_panel,natural,8418,2014-02-14 18:00:00,2014Q1,beijing_2014-02-14T18:00:00,72,3,constant,hist_gradient_boosting,97,168,1,0,-0.07764694765576569,-0.07764694765576569,-0.07764694765578567,-0.07764694765574569,-0.07764694765576569,-0.07764694765576569,-0.07764694765608411,-0.07764694765544726,FLOAT_OUTWARD,0.0,0.0,0.0,0.0,0.07764694765576569,-0.07764694765576569,0,0,0,0,2.0199993741698563e-05,1.1500000255182385e-05,ANALYTIC,9.870000940281898e-05,A,A,A,False,False,False,False,NO_AMBIGUOUS_LABELS,,,,,,
AP0,beijing,Shunyi,fixed_panel,natural,8418,2014-02-14 18:00:00,2014Q1,beijing_2014-02-14T18:00:00,72,3,logistic,hist_gradient_boosting,97,168,1,0,-0.04309759481242499,-0.04309759481242499,-0.04309759481244498,-0.04309759481240499,-0.04309759481242497,-0.04309759481242497,-0.043097594812743396,-0.043097594812106545,FLOAT_OUTWARD,2.0192181260370035e-15,0.0,0.0,0.0,0.04309759481242499,-0.04309759481242499,0,0,0,0,2.0199993741698563e-05,1.09999964479357e-05,ANALYTIC,9.630000567995012e-05,A,A,A,False,False,False,False,NO_AMBIGUOUS_LABELS,,,,,,
AP0,beijing,Shunyi,fixed_panel,natural,8586,2014-02-21 18:00:00,2014Q1,beijing_2014-02-21T18:00:00,72,3,constant,logistic,97,168,19,0,0.0024853930266705783,0.0024853930266705783,0.0024853930266505782,0.0024853930266905736,0.0024853930266705783,0.0024853930266705783,0.0024853930263521503,0.0024853930269890063,FLOAT_OUTWARD,0.0,0.0,0.0,0.0,-0.0024853930266705783,0.0024853930266705783,0,0,0,0,2.030000905506313e-05,1.2999997125007212e-05,ANALYTIC,0.00012590001279022545,B,B,B,False,False,False,False,NO_AMBIGUOUS_LABELS,,,,,,
AP0,beijing,Shunyi,fixed_panel,natural,8586,2014-02-21 18:00:00,2014Q1,beijing_2014-02-21T18:00:00,72,3,constant,hist_gradient_boosting,97,168,19,0,-0.004267605101608636,-0.004267605101608636,-0.004267605101628635,-0.004267605101588637,-0.004267605101608646,-0.004267605101608646,-0.004267605101927073,-0.004267605101290218,FLOAT_OUTWARD,0.0,9.254749744336266e-16,0.0,0.0,0.004267605101608636,-0.004267605101608636,0,0,0,0,2.030000905506313e-05,1.1999989510513842e-05,ANALYTIC,0.00011110000195913017,A,A,A,False,False,False,False,NO_AMBIGUOUS_LABELS,,,,,,
AP0,beijing,Shunyi,fixed_panel,natural,8586,2014-02-21 18:00:00,2014Q1,beijing_2014-02-21T18:00:00,72,3,logistic,hist_gradient_boosting,97,168,19,0,-0.006752998128279212,-0.006752998128279212,-0.006752998128299209,-0.006752998128259213,-0.006752998128279221,-0.006752998128279221,-0.006752998128597649,-0.0067529981279607935,FLOAT_OUTWARD,0.0,8.413408858487514e-16,0.0,0.0,0.006752998128279212,-0.006752998128279212,0,0,0,0,2.030000905506313e-05,1.1299998732283711e-05,ANALYTIC,0.00010230000771116465,A,A,A,False,False,False,False,NO_AMBIGUOUS_LABELS,,,,,,
AP0,beijing,Shunyi,full_station,natural,6570,2013-11-29 18:00:00,2013Q4,beijing_2013-11-29T18:00:00,24,3,constant,logistic,2167,2190,47,24,0.05140937102347972,0.05889892664577565,0.05140937102345974,0.05889892664579565,0.051409371023479644,0.058898926645775604,0.051409371019569425,0.05889892664968582,FLOAT_OUTWARD,0.0,1.0525608162836875e-13,0.007489555622295932,0.007489555622295925,-0.05140937102347972,0.05889892664577565,0,462,45,226,0.0004769999941345304,0.006159999989904463,OPTIMAL_DUAL_OUTWARD,0.0003691000019898638,B,B,B,False,False,False,False,INDEPENDENT_ALREADY_DIRECTED,,,,,,
AP0,beijing,Shunyi,full_station,natural,6570,2013-11-29 18:00:00,2013Q4,beijing_2013-11-29T18:00:00,24,3,constant,hist_gradient_boosting,2167,2190,47,24,0.03217052701053749,0.03777660540542922,0.0321705270105175,0.03777660540544922,0.032170527010537436,0.037776605405429146,0.03217052700662722,0.037776605409339366,FLOAT_OUTWARD,0.0,1.654024139874366e-13,0.005606078394891731,0.005606078394891732,-0.03217052701053749,0.03777660540542922,0,462,45,226,0.0004769999941345304,0.005762800006777979,OPTIMAL_DUAL_OUTWARD,0.0005606000049738213,B,B,B,False,False,False,False,INDEPENDENT_ALREADY_DIRECTED,,,,,,
AP0,beijing,Shunyi,full_station,natural,6570,2013-11-29 18:00:00,2013Q4,beijing_2013-11-29T18:00:00,24,3,logistic,hist_gradient_boosting,2167,2190,47,24,-0.021264429803536728,-0.01909673544975193,-0.02112232124036643,-0.019238844012922234,-0.021122321240346575,-0.019238844012942374,-0.0211223212442568,-0.01923884400903215,FLOAT_OUTWARD,0.3079492564330608,0.30794925643369236,0.002167694353784798,0.002167694353784798,0.021264429803536728,-0.01909673544975193,1,462,45,226,0.0004769999941345304,0.00475670000014361,OPTIMAL_DUAL_OUTWARD,0.0007440999906975776,A,A,A,False,False,False,False,INDEPENDENT_ALREADY_DIRECTED,,,,,,
AP0,beijing,Shunyi,full_station,natural,6570,2013-11-29 18:00:00,2013Q4,beijing_2013-11-29T18:00:00,72,3,constant,logistic,2119,2190,47,0,0.008243096399207072,0.008243096399207072,0.008243096399187074,0.008243096399227072,0.008243096399207065,0.008243096399207065,0.008243096395296844,0.008243096403117286,FLOAT_OUTWARD,0.0,1.4703516182379417e-14,0.0,0.0,-0.008243096399207072,0.008243096399207072,0,0,0,0,2.9499991796910763e-05,2.0799998310394585e-05,ANALYTIC,0.00054600001021754,B,B,B,False,False,False,False,NO_AMBIGUOUS_LABELS,,,,,,
AP0,beijing,Shunyi,full_station,natural,6570,2013-11-29 18:00:00,2013Q4,beijing_2013-11-29T18:00:00,72,3,constant,hist_gradient_boosting,2119,2190,47,0,-0.005171577028791695,-0.005171577028791695,-0.0051715770288116945,-0.005171577028771699,-0.005171577028791686,-0.005171577028791686,-0.005171577032701907,-0.005171577024881465,FLOAT_OUTWARD,1.837939522797427e-14,0.0,0.0,0.0,0.005171577028791695,-0.005171577028791695,0,0,0,0,2.9499991796910763e-05,1.8799997633323073e-05,ANALYTIC,0.00049560000479687,A,A,A,False,False,False,False,NO_AMBIGUOUS_LABELS,,,,,,
AP0,beijing,Shunyi,full_station,natural,6570,2013-11-29 18:00:00,2013Q4,beijing_2013-11-29T18:00:00,72,3,logistic,hist_gradient_boosting,2119,2190,47,0,-0.013414673427998774,-0.013414673427998774,-0.013414673428018772,-0.013414673427978774,-0.013414673427998763,-0.013414673427998763,-0.013414673431908984,-0.013414673424088542,FLOAT_OUTWARD,2.2055274273569125e-14,0.0,0.0,0.0,0.013414673427998774,-0.013414673427998774,0,0,0,0,2.9499991796910763e-05,1.720000000204891e-05,ANALYTIC,0.0004786999925272539,A,A,A,False,False,False,False,NO_AMBIGUOUS_LABELS,,,,,,
AP0,beijing,Tiantan,fixed_panel,natural,6570,2013-11-29 18:00:00,2013Q4,beijing_2013-11-29T18:00:00,24,3,constant,logistic,145,168,0,0,-0.007309722297882237,-0.007309722297882237,-0.007309722297902218,-0.007309722297862238,-0.007309722297882188,-0.007309722297882188,-0.0073097222982006155,-0.00730972229756376,FLOAT_OUTWARD,7.168744764474155e-15,0.0,0.0,0.0,0.007309722297882237,-0.007309722297882237,0,0,0,0,2.409999433439225e-05,1.4500008546747267e-05,ANALYTIC,0.00020460000087041408,A,A,A,False,False,False,False,NO_AMBIGUOUS_LABELS,,,,,,
AP0,beijing,Tiantan,fixed_panel,natural,6570,2013-11-29 18:00:00,2013Q4,beijing_2013-11-29T18:00:00,24,3,constant,hist_gradient_boosting,145,168,0,0,-0.10887827990376635,-0.10887827990376635,-0.10887827990378635,-0.10887827990374635,-0.10887827990376638,-0.10887827990376638,-0.1088782799040848,-0.10887827990344795,FLOAT_OUTWARD,0.0,4.0245584642661925e-15,0.0,0.0,0.10887827990376635,-0.10887827990376635,0,0,0,0,2.409999433439225e-05,1.2799995602108538e-05,ANALYTIC,9.729999874252826e-05,A,A,A,False,False,False,False,NO_AMBIGUOUS_LABELS,,,,,,
AP0,beijing,Tiantan,fixed_panel,natural,6570,2013-11-29 18:00:00,2013Q4,beijing_2013-11-29T18:00:00,24,3,logistic,hist_gradient_boosting,145,168,0,0,-0.10156855760588414,-0.10156855760588414,-0.10156855760590414,-0.10156855760586414,-0.10156855760588414,-0.10156855760588414,-0.10156855760620256,-0.10156855760556571,FLOAT_OUTWARD,0.0,0.0,0.0,0.0,0.10156855760588414,-0.10156855760588414,0,0,0,0,2.409999433439225e-05,1.1600001016631722e-05,ANALYTIC,9.180000051856041e-05,A,A,A,False,False,False,False,NO_AMBIGUOUS_LABELS,,,,,,
AP0,beijing,Tiantan,fixed_panel,natural,6738,2013-12-06 18:00:00,2013Q4,beijing_2013-12-06T18:00:00,24,3,constant,logistic,145,168,0,0,0.19696392574635116,0.19696392574635116,0.19696392574633115,0.19696392574637114,0.19696392574635116,0.19696392574635116,0.19696392574603272,0.1969639257466696,FLOAT_OUTWARD,0.0,0.0,0.0,0.0,-0.19696392574635116,0.19696392574635116,0,0,0,0,2.4499997380189598e-05,1.3800003216601908e-05,ANALYTIC,0.000123099991469644,B,B,B,False,False,False,False,NO_AMBIGUOUS_LABELS,,,,,,
AP0,beijing,Tiantan,fixed_panel,natural,6738,2013-12-06 18:00:00,2013Q4,beijing_2013-12-06T18:00:00,24,3,constant,hist_gradient_boosting,145,168,0,0,0.2044887014422922,0.2044887014422922,0.2044887014422722,0.2044887014423122,0.20448870144229223,0.20448870144229223,0.20448870144197379,0.20448870144261067,FLOAT_OUTWARD,4.0245584642661925e-15,0.0,0.0,0.0,-0.2044887014422922,0.2044887014422922,0,0,0,0,2.4499997380189598e-05,1.4899997040629387e-05,ANALYTIC,9.06999921426177e-05,B,B,B,False,False,False,False,NO_AMBIGUOUS_LABELS,,,,,,
AP0,beijing,Tiantan,fixed_panel,natural,6738,2013-12-06 18:00:00,2013Q4,beijing_2013-12-06T18:00:00,24,3,logistic,hist_gradient_boosting,145,168,0,0,0.007524775695941086,0.007524775695941086,0.0075247756959210925,0.007524775695961086,0.007524775695941086,0.007524775695941086,0.0075247756956226585,0.007524775696259514,FLOAT_OUTWARD,0.0,0.0,0.0,0.0,-0.007524775695941086,0.007524775695941086,0,0,0,0,2.4499997380189598e-05,2.2299995180219412e-05,ANALYTIC,9.070000669453293e-05,B,B,B,False,False,False,False,NO_AMBIGUOUS_LABELS,,,,,,
AP0,beijing,Tiantan,fixed_panel,natural,6906,2013-12-13 18:00:00,2013Q4,beijing_2013-12-13T18:00:00,24,3,constant,logistic,145,168,0,0,-0.02715879943300568,-0.02715879943300568,-0.02715879943302566,-0.02715879943298568,-0.027158799433005695,-0.027158799433005695,-0.027158799433324124,-0.027158799432687265,FLOAT_OUTWARD,0.0,2.0122792321330962e-15,0.0,0.0,0.02715879943300568,-0.02715879943300568,0,0,0,0,1.959998917300254e-05,1.3600001693703234e-05,ANALYTIC,0.00011420001101214439,A,A,A,False,False,False,False,NO_AMBIGUOUS_LABELS,,,,,,
AP0,beijing,Tiantan,fixed_panel,natural,6906,2013-12-13 18:00:00,2013Q4,beijing_2013-12-13T18:00:00,24,3,constant,hist_gradient_boosting,145,168,0,0,-0.13384121066750707,-0.13384121066750707,-0.13384121066752708,-0.13384121066748705,-0.13384121066750712,-0.13384121066750712,-0.13384121066782556,-0.13384121066718868,FLOAT_OUTWARD,0.0,8.049116928532385e-15,0.0,0.0,0.13384121066750707,-0.13384121066750707,0,0,0,0,1.959998917300254e-05,1.270000939257443e-05,ANALYTIC,9.530001261737198e-05,A,A,A,False,False,False,False,NO_AMBIGUOUS_LABELS,,,,,,
AP0,beijing,Tiantan,fixed_panel,natural,6906,2013-12-13 18:00:00,2013Q4,beijing_2013-12-13T18:00:00,24,3,logistic,hist_gradient_boosting,145,168,0,0,-0.10668241123450138,-0.10668241123450138,-0.10668241123452138,-0.1066824112344814,-0.10668241123450144,-0.10668241123450144,-0.10668241123481986,-0.10668241123418301,FLOAT_OUTWARD,0.0,8.049116928532385e-15,0.0,0.0,0.10668241123450138,-0.10668241123450138,0,0,0,0,1.959998917300254e-05,1.2199991033412516e-05,ANALYTIC,8.50000069476664e-05,A,A,A,False,False,False,False,NO_AMBIGUOUS_LABELS,,,,,,
AP0,beijing,Tiantan,fixed_panel,natural,7074,2013-12-20 18:00:00,2013Q4,beijing_2013-12-20T18:00:00,24,3,constant,logistic,145,168,0,0,0.08840804132298764,0.08840804132298764,0.08840804132296765,0.08840804132300761,0.08840804132298755,0.08840804132298755,0.08840804132266912,0.08840804132330597,FLOAT_OUTWARD,0.0,1.4085954624931674e-14,0.0,0.0,-0.08840804132298764,0.08840804132298764,0,0,0,0,1.9800005247816443e-05,1.3500000932253897e-05,ANALYTIC,0.00011320000339765102,B,B,B,False,False,False,False,NO_AMBIGUOUS_LABELS,,,,,,
AP0,beijing,Tiantan,fixed_panel,natural,7074,2013-12-20 18:00:00,2013Q4,beijing_2013-12-20T18:00:00,24,3,constant,hist_gradient_boosting,145,168,0,0,0.025550722313017922,0.025550722313017922,0.02555072231299792,0.025550722313037923,0.025550722313017873,0.025550722313017873,0.025550722312699444,0.025550722313336303,FLOAT_OUTWARD,0.0,7.042977312465837e-15,0.0,0.0,-0.025550722313017922,0.025550722313017922,0,0,0,0,1.9800005247816443e-05,1.3600001693703234e-05,ANALYTIC,0.0002317000034963712,B,B,B,False,False,False,False,NO_AMBIGUOUS_LABELS,,,,,,
AP0,beijing,Tiantan,fixed_panel,natural,7074,2013-12-20 18:00:00,2013Q4,beijing_2013-12-20T18:00:00,24,3,logistic,hist_gradient_boosting,145,168,0,0,-0.06285731900996967,-0.06285731900996967,-0.06285731900998967,-0.06285731900994967,-0.0628573190099697,-0.0628573190099697,-0.06285731901028813,-0.06285731900965127,FLOAT_OUTWARD,0.0,4.0245584642661925e-15,0.0,0.0,0.06285731900996967,-0.06285731900996967,0,0,0,0,1.9800005247816443e-05,1.5199999324977398e-05,ANALYTIC,0.0002246999938506633,A,A,A,False,False,False,False,NO_AMBIGUOUS_LABELS,,,,,,
AP0,beijing,Tiantan,fixed_panel,natural,7242,2013-12-27 18:00:00,2013Q4,beijing_2013-12-27T18:00:00,24,3,constant,logistic,145,168,0,0,0.00045046156340713484,0.00045046156340713484,0.00045046156338713483,0.00045046156342712563,0.0004504615634071226,0.0004504615634071226,0.00045046156308869463,0.00045046156372555054,FLOAT_OUTWARD,0.0,1.776465259617499e-15,0.0,0.0,-0.00045046156340713484,0.00045046156340713484,0,0,0,0,1.9099999917671084e-05,1.3500000932253897e-05,ANALYTIC,0.00011100000119768083,B,B,B,False,False,False,False,NO_AMBIGUOUS_LABELS,,,,,,
AP0,beijing,Tiantan,fixed_panel,natural,7242,2013-12-27 18:00:00,2013Q4,beijing_2013-12-27T18:00:00,24,3,constant,hist_gradient_boosting,145,168,0,0,-0.04394024795379325,-0.04394024795379325,-0.043940247953813245,-0.04394024795377325,-0.04394024795379325,-0.04394024795379325,-0.04394024795411167,-0.04394024795347482,FLOAT_OUTWARD,0.0,0.0,0.0,0.0,0.04394024795379325,-0.04394024795379325,0,0,0,0,1.9099999917671084e-05,1.2199991033412516e-05,ANALYTIC,9.010000212583691e-05,A,A,A,False,False,False,False,NO_AMBIGUOUS_LABELS,,,,,,
AP0,beijing,Tiantan,fixed_panel,natural,7242,2013-12-27 18:00:00,2013Q4,beijing_2013-12-27T18:00:00,24,3,logistic,hist_gradient_boosting,145,168,0,0,-0.04439070951720038,-0.04439070951720038,-0.044390709517220364,-0.04439070951718038,-0.04439070951720043,-0.04439070951720043,-0.044390709517518855,-0.044390709516882,FLOAT_OUTWARD,0.0,7.042977312465837e-15,0.0,0.0,0.04439070951720038,-0.04439070951720038,0,0,0,0,1.9099999917671084e-05,1.170000177808106e-05,ANALYTIC,8.869999146554619e-05,A,A,A,False,False,False,False,NO_AMBIGUOUS_LABELS,,,,,,
AP0,beijing,Tiantan,fixed_panel,natural,7410,2014-01-03 18:00:00,2014Q1,beijing_2014-01-03T18:00:00,24,3,constant,logistic,145,168,0,0,0.16509792802147882,0.16509792802147882,0.1650979280214588,0.16509792802149884,0.16509792802147885,0.16509792802147885,0.1650979280211604,0.1650979280217973,FLOAT_OUTWARD,4.0245584642661925e-15,0.0,0.0,0.0,-0.16509792802147882,0.16509792802147882,0,0,0,0,1.889999839477241e-05,1.2999997125007212e-05,ANALYTIC,0.00011010000889655203,B,B,B,False,False,False,False,NO_AMBIGUOUS_LABELS,,,,,,
AP0,beijing,Tiantan,fixed_panel,natural,7410,2014-01-03 18:00:00,2014Q1,beijing_2014-01-03T18:00:00,24,3,constant,hist_gradient_boosting,145,168,0,0,0.16986248176762758,0.16986248176762758,0.16986248176760757,0.16986248176764757,0.16986248176762753,0.16986248176762753,0.1698624817673091,0.16986248176794597,FLOAT_OUTWARD,0.0,8.049116928532385e-15,0.0,0.0,-0.16986248176762758,0.16986248176762758,0,0,0,0,1.889999839477241e-05,1.1800002539530396e-05,ANALYTIC,8.579999848734587e-05,B,B,B,False,False,False,False,NO_AMBIGUOUS_LABELS,,,,,,
AP0,beijing,Tiantan,fixed_panel,natural,7410,2014-01-03 18:00:00,2014Q1,beijing_2014-01-03T18:00:00,24,3,logistic,hist_gradient_boosting,145,168,0,0,0.004764553746148731,0.004764553746148731,0.004764553746128731,0.004764553746168728,0.004764553746148719,0.004764553746148719,0.004764553745830291,0.004764553746467146,FLOAT_OUTWARD,0.0,1.7607443281164592e-15,0.0,0.0,-0.004764553746148731,0.004764553746148731,0,0,0,0,1.889999839477241e-05,1.170000177808106e-05,ANALYTIC,8.009999874047935e-05,B,B,B,False,False,False,False,NO_AMBIGUOUS_LABELS,,,,,,
AP0,beijing,Tiantan,fixed_panel,natural,7578,2014-01-10 18:00:00,2014Q1,beijing_2014-01-10T18:00:00,24,3,constant,logistic,145,168,0,0,0.0374210509461853,0.0374210509461853,0.0374210509461653,0.03742105094620529,0.03742105094618535,0.03742105094618535,0.037421050945866924,0.037421050946503776,FLOAT_OUTWARD,7.042977312465837e-15,0.0,0.0,0.0,-0.0374210509461853,0.0374210509461853,0,0,0,0,1.9499988411553204e-05,1.3299999409355223e-05,ANALYTIC,0.00011110000195913017,B,B,B,False,False,False,False,NO_AMBIGUOUS_LABELS,,,,,,
AP0,beijing,Tiantan,fixed_panel,natural,7578,2014-01-10 18:00:00,2014Q1,beijing_2014-01-10T18:00:00,24,3,constant,hist_gradient_boosting,145,168,0,0,0.01838502399865493,0.01838502399865493,0.01838502399863493,0.018385023998674865,0.01838502399865498,0.01838502399865498,0.01838502399833655,0.018385023998973408,FLOAT_OUTWARD,7.042977312465837e-15,0.0,0.0,0.0,-0.01838502399865493,0.01838502399865493,0,0,0,0,1.9499988411553204e-05,1.2099990271963179e-05,ANALYTIC,8.820000221021473e-05,B,B,B,False,False,False,False,NO_AMBIGUOUS_LABELS,,,,,,
AP0,beijing,Tiantan,fixed_panel,natural,7578,2014-01-10 18:00:00,2014Q1,beijing_2014-01-10T18:00:00,24,3,logistic,hist_gradient_boosting,145,168,0,0,-0.019036026947530427,-0.019036026947530427,-0.019036026947550428,-0.019036026947510425,-0.019036026947530395,-0.019036026947530395,-0.019036026947848825,-0.019036026947211966,FLOAT_OUTWARD,4.5276282722994665e-15,0.0,0.0,0.0,0.019036026947530427,-0.019036026947530427,0,0,0,0,1.9499988411553204e-05,1.170000177808106e-05,ANALYTIC,8.199999865610152e-05,A,A,A,False,False,False,False,NO_AMBIGUOUS_LABELS,,,,,,
AP0,beijing,Tiantan,fixed_panel,natural,7746,2014-01-17 18:00:00,2014Q1,beijing_2014-01-17T18:00:00,24,3,constant,logistic,145,168,14,0,0.07640442318915565,0.07640442318915565,0.07640442318913565,0.07640442318917562,0.07640442318915559,0.07640442318915559,0.07640442318883717,0.07640442318947402,FLOAT_OUTWARD,0.0,8.049116928532385e-15,0.0,0.0,-0.07640442318915565,0.07640442318915565,0,0,0,0,2.030000905506313e-05,1.2899996363557875e-05,ANALYTIC,0.00011189999349880964,B,B,B,False,False,False,False,NO_AMBIGUOUS_LABELS,,,,,,
AP0,beijing,Tiantan,fixed_panel,natural,7746,2014-01-17 18:00:00,2014Q1,beijing_2014-01-17T18:00:00,24,3,constant,hist_gradient_boosting,145,168,14,0,0.004060875832837496,0.004060875832837496,0.004060875832817497,0.004060875832857496,0.004060875832837472,0.004060875832837472,0.004060875832519044,0.0040608758331558996,FLOAT_OUTWARD,0.0,3.5214886562329184e-15,0.0,0.0,-0.004060875832837496,0.004060875832837496,0,0,0,0,2.030000905506313e-05,1.1900003300979733e-05,ANALYTIC,8.849998994264752e-05,B,B,B,False,False,False,False,NO_AMBIGUOUS_LABELS,,,,,,
AP0,beijing,Tiantan,fixed_panel,natural,7746,2014-01-17 18:00:00,2014Q1,beijing_2014-01-17T18:00:00,24,3,logistic,hist_gradient_boosting,145,168,14,0,-0.07234354735631807,-0.07234354735631807,-0.07234354735633806,-0.07234354735629811,-0.07234354735631802,-0.07234354735631802,-0.07234354735663645,-0.0723435473559996,FLOAT_OUTWARD,6.036837696399289e-15,0.0,0.0,0.0,0.07234354735631807,-0.07234354735631807,0,0,0,0,2.030000905506313e-05,1.1699987226165831e-05,ANALYTIC,8.22000001790002e-05,A,A,A,False,False,False,False,NO_AMBIGUOUS_LABELS,,,,,,
AP0,beijing,Tiantan,fixed_panel,natural,7914,2014-01-24 18:00:00,2014Q1,beijing_2014-01-24T18:00:00,24,3,constant,logistic,145,168,6,23,-0.007116142442474035,0.08232617264153119,-0.007116142442494034,0.08232617264155119,-0.007116142442474015,0.08232617264153116,-0.007116142442792442,0.08232617264184959,FLOAT_OUTWARD,2.892651396191326e-15,4.0245584642661925e-15,0.08944231508400523,0.08944231508400524,0.007116142442474035,0.08232617264153119,0,462,45,226,0.0005224000051384792,2.3899992811493576e-05,ANALYTIC,0.00013240000407677144,OPPOSITE_POSSIBLE,OPPOSITE_POSSIBLE,OPPOSITE_POSSIBLE,True,False,False,False,JOINT_OPPOSITE_POSSIBLE,,,,,,
AP0,beijing,Tiantan,fixed_panel,natural,7914,2014-01-24 18:00:00,2014Q1,beijing_2014-01-24T18:00:00,24,3,constant,hist_gradient_boosting,145,168,6,23,0.01680758402144177,0.08178950778276521,0.0205268514744419,0.07807024032976502,0.020526851474461944,0.07807024032974501,0.020526851474143515,0.07807024033006343,FLOAT_OUTWARD,0.5392937806879254,0.5392937806879294,0.06498192376132345,0.06498192376132343,-0.01680758402144177,0.08178950778276521,1,462,45,226,0.0005224000051384792,0.006818500012741424,OPTIMAL_DUAL_OUTWARD,9.190000128000975e-05,B,B,B,False,False,False,False,INDEPENDENT_ALREADY_DIRECTED,,,,,,
AP0,beijing,Tiantan,fixed_panel,natural,7914,2014-01-24 18:00:00,2014Q1,beijing_2014-01-24T18:00:00,24,3,logistic,hist_gradient_boosting,145,168,6,23,-0.00463217217520454,0.028019233780354345,-0.00425593231180616,0.02764299391695598,-0.004255932311786149,0.02764299391693598,-0.004255932312104576,0.02764299391725441,FLOAT_OUTWARD,0.0545547801956667,0.05455478019566293,0.03265140595555888,0.03265140595555889,0.00463217217520454,0.028019233780354345,1,462,45,226,0.0005224000051384792,0.004910899995593354,OPTIMAL_DUAL_OUTWARD,0.00011929999163839966,OPPOSITE_POSSIBLE,OPPOSITE_POSSIBLE,OPPOSITE_POSSIBLE,True,False,False,False,JOINT_OPPOSITE_POSSIBLE,,,,,,
AP0,beijing,Tiantan,fixed_panel,natural,8082,2014-01-31 18:00:00,2014Q1,beijing_2014-01-31T18:00:00,24,3,constant,logistic,145,168,0,0,0.08104734093270366,0.08104734093270366,0.08104734093268369,0.08104734093272366,0.0810473409327037,0.0810473409327037,0.08104734093238528,0.08104734093302213,FLOAT_OUTWARD,6.036837696399289e-15,0.0,0.0,0.0,-0.08104734093270366,0.08104734093270366,0,0,0,0,2.579999272711575e-05,1.4099990949034691e-05,ANALYTIC,0.00014930000179447234,B,B,B,False,False,False,False,NO_AMBIGUOUS_LABELS,,,,,,
AP0,beijing,Tiantan,fixed_panel,natural,8082,2014-01-31 18:00:00,2014Q1,beijing_2014-01-31T18:00:00,24,3,constant,hist_gradient_boosting,145,168,0,0,0.0927867376037167,0.0927867376037167,0.0927867376036967,0.09278673760373668,0.0927867376037167,0.0927867376037167,0.09278673760339827,0.09278673760403512,FLOAT_OUTWARD,0.0,0.0,0.0,0.0,-0.0927867376037167,0.0927867376037167,0,0,0,0,2.579999272711575e-05,1.309999788645655e-05,ANALYTIC,9.229998977389187e-05,B,B,B,False,False,False,False,NO_AMBIGUOUS_LABELS,,,,,,
AP0,beijing,Tiantan,fixed_panel,natural,8082,2014-01-31 18:00:00,2014Q1,beijing_2014-01-31T18:00:00,24,3,logistic,hist_gradient_boosting,145,168,0,0,0.011739396671013022,0.011739396671013022,0.011739396670993022,0.011739396671033017,0.011739396671013022,0.011739396671013022,0.011739396670694595,0.01173939667133145,FLOAT_OUTWARD,0.0,0.0,0.0,0.0,-0.011739396671013022,0.011739396671013022,0,0,0,0,2.579999272711575e-05,1.2100004823878407e-05,ANALYTIC,8.600000001024455e-05,B,B,B,False,False,False,False,NO_AMBIGUOUS_LABELS,,,,,,
AP0,beijing,Tiantan,fixed_panel,natural,8250,2014-02-07 18:00:00,2014Q1,beijing_2014-02-07T18:00:00,24,3,constant,logistic,145,168,7,13,0.03482744058747176,0.09844215216391741,0.03482744058745176,0.09844215216393738,0.034827440587471795,0.09844215216391738,0.03482744058715337,0.09844215216423581,FLOAT_OUTWARD,5.0306980803327406e-15,4.0245584642661925e-15,0.06361471157644566,0.06361471157644565,-0.03482744058747176,0.09844215216391741,0,156,25,73,0.0002925000007962808,2.1500003640539944e-05,ANALYTIC,0.000112599998828955,B,B,B,False,False,False,False,INDEPENDENT_ALREADY_DIRECTED,,,,,,
AP0,beijing,Tiantan,fixed_panel,natural,8250,2014-02-07 18:00:00,2014Q1,beijing_2014-02-07T18:00:00,24,3,constant,hist_gradient_boosting,145,168,7,13,0.01611879987770835,0.12096494705763011,0.016118799877688363,0.12096494705765011,0.01611879987770835,0.12096494705763017,0.01611879987738992,0.1209649470579486,FLOAT_OUTWARD,0.0,0.0,0.10484614717992176,0.10484614717992177,-0.01611879987770835,0.12096494705763011,0,156,25,73,0.0002925000007962808,1.8999999156221747e-05,ANALYTIC,9.09000082174316e-05,B,B,B,False,False,False,False,INDEPENDENT_ALREADY_DIRECTED,,,,,,
AP0,beijing,Tiantan,fixed_panel,natural,8250,2014-02-07 18:00:00,2014Q1,beijing_2014-02-07T18:00:00,24,3,logistic,hist_gradient_boosting,145,168,7,13,-0.01870864070976336,0.022522794893712755,-0.018708640709783363,0.022522794893732746,-0.018708640709763386,0.022522794893712766,-0.018708640710081815,0.022522794894031195,FLOAT_OUTWARD,0.0,0.0,0.04123143560347611,0.04123143560347611,0.01870864070976336,0.022522794893712755,0,156,25,73,0.0002925000007962808,1.920000067912042e-05,ANALYTIC,8.47999908728525e-05,OPPOSITE_POSSIBLE,OPPOSITE_POSSIBLE,OPPOSITE_POSSIBLE,True,False,False,False,JOINT_OPPOSITE_POSSIBLE,,,,,,
AP0,beijing,Tiantan,fixed_panel,natural,8418,2014-02-14 18:00:00,2014Q1,beijing_2014-02-14T18:00:00,24,3,constant,logistic,145,168,18,0,-0.03443839580263694,-0.03443839580263694,-0.034438395802656924,-0.03443839580261694,-0.034438395802636794,-0.034438395802636794,-0.03443839580295522,-0.03443839580231837,FLOAT_OUTWARD,2.112893193739751e-14,0.0,0.0,0.0,0.03443839580263694,-0.03443839580263694,0,0,0,0,1.960000372491777e-05,1.3500000932253897e-05,ANALYTIC,0.000115999995614402,A,A,A,False,False,False,False,NO_AMBIGUOUS_LABELS,,,,,,
AP0,beijing,Tiantan,fixed_panel,natural,8418,2014-02-14 18:00:00,2014Q1,beijing_2014-02-14T18:00:00,24,3,constant,hist_gradient_boosting,145,168,18,0,-0.1508583576741282,-0.1508583576741282,-0.1508583576741482,-0.15085835767410818,-0.1508583576741281,-0.1508583576741281,-0.15085835767444655,-0.15085835767380967,FLOAT_OUTWARD,1.2073675392798577e-14,0.0,0.0,0.0,0.1508583576741282,-0.1508583576741282,0,0,0,0,1.960000372491777e-05,1.2299991794861853e-05,ANALYTIC,9.190000128000975e-05,A,A,A,False,False,False,False,NO_AMBIGUOUS_LABELS,,,,,,
AP0,beijing,Tiantan,fixed_panel,natural,8418,2014-02-14 18:00:00,2014Q1,beijing_2014-02-14T18:00:00,24,3,logistic,hist_gradient_boosting,145,168,18,0,-0.11641996187149121,-0.11641996187149121,-0.11641996187151121,-0.11641996187147124,-0.11641996187149121,-0.11641996187149121,-0.11641996187180964,-0.11641996187117279,FLOAT_OUTWARD,0.0,0.0,0.0,0.0,0.11641996187149121,-0.11641996187149121,0,0,0,0,1.960000372491777e-05,1.1600001016631722e-05,ANALYTIC,8.47000046633184e-05,A,A,A,False,False,False,False,NO_AMBIGUOUS_LABELS,,,,,,
AP0,beijing,Tiantan,fixed_panel,natural,8586,2014-02-21 18:00:00,2014Q1,beijing_2014-02-21T18:00:00,24,3,constant,logistic,145,168,16,0,0.116895170358952,0.116895170358952,0.116895170358932,0.116895170358972,0.1168951703589518,0.1168951703589518,0.11689517035863338,0.11689517035927023,FLOAT_OUTWARD,0.0,2.8171909249863347e-14,0.0,0.0,-0.116895170358952,0.116895170358952,0,0,0,0,1.8999999156221747e-05,1.3199998647905886e-05,ANALYTIC,0.00011340000492054969,B,B,B,False,False,False,False,NO_AMBIGUOUS_LABELS,,,,,,
AP0,beijing,Tiantan,fixed_panel,natural,8586,2014-02-21 18:00:00,2014Q1,beijing_2014-02-21T18:00:00,24,3,constant,hist_gradient_boosting,145,168,16,0,0.0999978388312347,0.0999978388312347,0.09999783883121474,0.0999978388312547,0.09999783883123455,0.09999783883123455,0.09999783883091612,0.09999783883155297,FLOAT_OUTWARD,0.0,2.213507155346406e-14,0.0,0.0,-0.0999978388312347,0.0999978388312347,0,0,0,0,1.8999999156221747e-05,1.2100004823878407e-05,ANALYTIC,8.940001134760678e-05,B,B,B,False,False,False,False,NO_AMBIGUOUS_LABELS,,,,,,
AP0,beijing,Tiantan,fixed_panel,natural,8586,2014-02-21 18:00:00,2014Q1,beijing_2014-02-21T18:00:00,24,3,logistic,hist_gradient_boosting,145,168,16,0,-0.01689733152771728,-0.01689733152771728,-0.016897331527737272,-0.01689733152769728,-0.016897331527717305,-0.016897331527717305,-0.016897331528035735,-0.016897331527398876,FLOAT_OUTWARD,0.0,3.5214886562329184e-15,0.0,0.0,0.01689733152771728,-0.01689733152771728,0,0,0,0,1.8999999156221747e-05,1.1800002539530396e-05,ANALYTIC,8.229998638853431e-05,A,A,A,False,False,False,False,NO_AMBIGUOUS_LABELS,,,,,,
AP0,beijing,Tiantan,fixed_panel,natural,6570,2013-11-29 18:00:00,2013Q4,beijing_2013-11-29T18:00:00,72,3,constant,logistic,97,168,0,0,0.0008819389262855582,0.0008819389262855582,0.0008819389262655583,0.000881938926305549,0.0008819389262855765,0.0008819389262855765,0.0008819389259671486,0.0008819389266040044,FLOAT_OUTWARD,1.7773326213554874e-15,0.0,0.0,0.0,-0.0008819389262855582,0.0008819389262855582,0,0,0,0,2.3300002794712782e-05,1.3199998647905886e-05,ANALYTIC,0.00013989998842589557,B,B,B,False,False,False,False,NO_AMBIGUOUS_LABELS,,,,,,
AP0,beijing,Tiantan,fixed_panel,natural,6570,2013-11-29 18:00:00,2013Q4,beijing_2013-11-29T18:00:00,72,3,constant,hist_gradient_boosting,97,168,0,0,-0.07202601529364673,-0.07202601529364673,-0.07202601529366671,-0.07202601529362673,-0.07202601529364673,-0.07202601529364673,-0.07202601529396516,-0.0720260152933283,FLOAT_OUTWARD,0.0,0.0,0.0,0.0,0.07202601529364673,-0.07202601529364673,0,0,0,0,2.3300002794712782e-05,1.2599994079209864e-05,ANALYTIC,0.00020959999528713524,A,A,A,False,False,False,False,NO_AMBIGUOUS_LABELS,,,,,,
AP0,beijing,Tiantan,fixed_panel,natural,6570,2013-11-29 18:00:00,2013Q4,beijing_2013-11-29T18:00:00,72,3,logistic,hist_gradient_boosting,97,168,0,0,-0.07290795421993225,-0.07290795421993225,-0.07290795421995225,-0.07290795421991228,-0.07290795421993229,-0.07290795421993229,-0.07290795422025072,-0.07290795421961387,FLOAT_OUTWARD,0.0,4.038436252074007e-15,0.0,0.0,0.07290795421993225,-0.07290795421993225,0,0,0,0,2.3300002794712782e-05,1.1900003300979733e-05,ANALYTIC,0.0001041999930748716,A,A,A,False,False,False,False,NO_AMBIGUOUS_LABELS,,,,,,
AP0,beijing,Tiantan,fixed_panel,natural,6738,2013-12-06 18:00:00,2013Q4,beijing_2013-12-06T18:00:00,72,3,constant,logistic,97,168,0,0,0.10588704938518938,0.10588704938518938,0.10588704938516938,0.10588704938520938,0.10588704938518938,0.10588704938518938,0.10588704938487095,0.1058870493855078,FLOAT_OUTWARD,0.0,0.0,0.0,0.0,-0.10588704938518938,0.10588704938518938,0,0,0,0,1.9899991457350552e-05,1.3599987141788006e-05,ANALYTIC,0.00013929999840911478,B,B,B,False,False,False,False,NO_AMBIGUOUS_LABELS,,,,,,
AP0,beijing,Tiantan,fixed_panel,natural,6738,2013-12-06 18:00:00,2013Q4,beijing_2013-12-06T18:00:00,72,3,constant,hist_gradient_boosting,97,168,0,0,-0.027209457636022488,-0.027209457636022488,-0.02720945763604249,-0.02720945763600249,-0.02720945763602245,-0.02720945763602245,-0.02720945763634088,-0.02720945763570402,FLOAT_OUTWARD,3.701899897734506e-15,0.0,0.0,0.0,0.027209457636022488,-0.027209457636022488,0,0,0,0,1.9899991457350552e-05,1.4899997040629387e-05,ANALYTIC,0.00010070001007989049,A,A,A,False,False,False,False,NO_AMBIGUOUS_LABELS,,,,,,
AP0,beijing,Tiantan,fixed_panel,natural,6738,2013-12-06 18:00:00,2013Q4,beijing_2013-12-06T18:00:00,72,3,logistic,hist_gradient_boosting,97,168,0,0,-0.1330965070212119,-0.1330965070212119,-0.13309650702123188,-0.13309650702119188,-0.1330965070212119,-0.1330965070212119,-0.13309650702153034,-0.13309650702089346,FLOAT_OUTWARD,0.0,0.0,0.0,0.0,0.1330965070212119,-0.1330965070212119,0,0,0,0,1.9899991457350552e-05,1.170000177808106e-05,ANALYTIC,0.00010260000999551266,A,A,A,False,False,False,False,NO_AMBIGUOUS_LABELS,,,,,,
AP0,beijing,Tiantan,fixed_panel,natural,6906,2013-12-13 18:00:00,2013Q4,beijing_2013-12-13T18:00:00,72,3,constant,logistic,97,168,0,0,0.001386107157635461,0.001386107157635461,0.001386107157615462,0.001386107157655461,0.0013861071576354792,0.0013861071576354792,0.0013861071573170512,0.0013861071579539073,FLOAT_OUTWARD,1.766815860282378e-15,0.0,0.0,0.0,-0.001386107157635461,0.001386107157635461,0,0,0,0,2.0399995264597237e-05,1.3299999409355223e-05,ANALYTIC,0.00012789999891538173,B,B,B,False,False,False,False,NO_AMBIGUOUS_LABELS,,,,,,
AP0,beijing,Tiantan,fixed_panel,natural,6906,2013-12-13 18:00:00,2013Q4,beijing_2013-12-13T18:00:00,72,3,constant,hist_gradient_boosting,97,168,0,0,-0.00989607554241046,-0.00989607554241046,-0.009896075542430459,-0.00989607554239046,-0.00989607554241044,-0.00989607554241044,-0.009896075542728868,-0.009896075542092013,FLOAT_OUTWARD,1.850949948867253e-15,0.0,0.0,0.0,0.00989607554241046,-0.00989607554241046,0,0,0,0,2.0399995264597237e-05,1.2699994840659201e-05,ANALYTIC,0.00016250000044237822,A,A,A,False,False,False,False,NO_AMBIGUOUS_LABELS,,,,,,
AP0,beijing,Tiantan,fixed_panel,natural,6906,2013-12-13 18:00:00,2013Q4,beijing_2013-12-13T18:00:00,72,3,logistic,hist_gradient_boosting,97,168,0,0,-0.011282182700045919,-0.011282182700045919,-0.011282182700065918,-0.011282182700025924,-0.01128218270004591,-0.01128218270004591,-0.011282182700364338,-0.011282182699727483,FLOAT_OUTWARD,8.413408858487514e-16,0.0,0.0,0.0,0.011282182700045919,-0.011282182700045919,0,0,0,0,2.0399995264597237e-05,1.1199997970834374e-05,ANALYTIC,0.00010019999172072858,A,A,A,False,False,False,False,NO_AMBIGUOUS_LABELS,,,,,,
AP0,beijing,Tiantan,fixed_panel,natural,7074,2013-12-20 18:00:00,2013Q4,beijing_2013-12-20T18:00:00,72,3,constant,logistic,97,168,0,0,0.0031826917269835117,0.0031826917269835117,0.003182691726963523,0.0031826917270035117,0.003182691726983548,0.003182691726983548,0.00318269172666512,0.003182691727301976,FLOAT_OUTWARD,3.533631720564756e-15,0.0,0.0,0.0,-0.0031826917269835117,0.0031826917269835117,0,0,0,0,2.2899999748915434e-05,1.3700002455152571e-05,ANALYTIC,0.00013129999570082873,B,B,B,False,False,False,False,NO_AMBIGUOUS_LABELS,,,,,,
AP0,beijing,Tiantan,fixed_panel,natural,7074,2013-12-20 18:00:00,2013Q4,beijing_2013-12-20T18:00:00,72,3,constant,hist_gradient_boosting,97,168,0,0,0.002947199961848558,0.002947199961848558,0.002947199961828558,0.0029471999618685546,0.002947199961848521,0.002947199961848521,0.002947199961530093,0.002947199962166949,FLOAT_OUTWARD,0.0,3.575698764857194e-15,0.0,0.0,-0.002947199961848558,0.002947199961848558,0,0,0,0,2.2899999748915434e-05,1.200000406242907e-05,ANALYTIC,0.00010289999772794545,B,B,B,False,False,False,False,NO_AMBIGUOUS_LABELS,,,,,,
AP0,beijing,Tiantan,fixed_panel,natural,7074,2013-12-20 18:00:00,2013Q4,beijing_2013-12-20T18:00:00,72,3,logistic,hist_gradient_boosting,97,168,0,0,-0.0002354917651349686,-0.0002354917651349686,-0.0002354917651549686,-0.0002354917651149686,-0.0002354917651349686,-0.0002354917651349686,-0.00023549176545339655,-0.00023549176481654064,FLOAT_OUTWARD,0.0,0.0,0.0,0.0,0.0002354917651349686,-0.0002354917651349686,0,0,0,0,2.2899999748915434e-05,1.1399999493733048e-05,ANALYTIC,9.509999654255807e-05,A,A,A,False,False,False,False,NO_AMBIGUOUS_LABELS,,,,,,
AP0,beijing,Tiantan,fixed_panel,natural,7242,2013-12-27 18:00:00,2013Q4,beijing_2013-12-27T18:00:00,72,3,constant,logistic,97,168,0,0,-0.0004023372753118369,-0.0004023372753118369,-0.00040233727533183465,-0.0004023372752918369,-0.0004023372753118369,-0.0004023372753118369,-0.0004023372756302649,-0.00040233727499340896,FLOAT_OUTWARD,0.0,0.0,0.0,0.0,0.0004023372753118369,-0.0004023372753118369,0,0,0,0,1.8600010662339628e-05,1.2600008631125093e-05,ANALYTIC,0.00011889998859260231,A,A,A,False,False,False,False,NO_AMBIGUOUS_LABELS,,,,,,
AP0,beijing,Tiantan,fixed_panel,natural,7242,2013-12-27 18:00:00,2013Q4,beijing_2013-12-27T18:00:00,72,3,constant,hist_gradient_boosting,97,168,0,0,-0.013881305744724489,-0.013881305744724489,-0.013881305744744488,-0.013881305744704489,-0.013881305744724497,-0.013881305744724497,-0.013881305745042925,-0.01388130574440607,FLOAT_OUTWARD,0.0,8.413408858487514e-16,0.0,0.0,0.013881305744724489,-0.013881305744724489,0,0,0,0,1.8600010662339628e-05,1.1399999493733048e-05,ANALYTIC,9.519999730400741e-05,A,A,A,False,False,False,False,NO_AMBIGUOUS_LABELS,,,,,,
AP0,beijing,Tiantan,fixed_panel,natural,7242,2013-12-27 18:00:00,2013Q4,beijing_2013-12-27T18:00:00,72,3,logistic,hist_gradient_boosting,97,168,0,0,-0.013478968469412652,-0.013478968469412652,-0.013478968469432652,-0.013478968469392654,-0.01347896846941266,-0.01347896846941266,-0.013478968469731088,-0.013478968469094233,FLOAT_OUTWARD,0.0,8.413408858487514e-16,0.0,0.0,0.013478968469412652,-0.013478968469412652,0,0,0,0,1.8600010662339628e-05,1.09999964479357e-05,ANALYTIC,8.950001210905612e-05,A,A,A,False,False,False,False,NO_AMBIGUOUS_LABELS,,,,,,
AP0,beijing,Tiantan,fixed_panel,natural,7410,2014-01-03 18:00:00,2014Q1,beijing_2014-01-03T18:00:00,72,3,constant,logistic,97,168,0,0,0.025003974326784688,0.025003974326784688,0.025003974326764686,0.025003974326804686,0.025003974326784677,0.025003974326784677,0.025003974326466248,0.025003974327103107,FLOAT_OUTWARD,0.0,1.0096090630185017e-15,0.0,0.0,-0.025003974326784688,0.025003974326784688,0,0,0,0,1.8799997633323073e-05,1.2800010154023767e-05,ANALYTIC,0.00012180001067463309,B,B,B,False,False,False,False,NO_AMBIGUOUS_LABELS,,,,,,
AP0,beijing,Tiantan,fixed_panel,natural,7410,2014-01-03 18:00:00,2014Q1,beijing_2014-01-03T18:00:00,72,3,constant,hist_gradient_boosting,97,168,0,0,0.036003423907073125,0.036003423907073125,0.03600342390705313,0.036003423907093116,0.03600342390707311,0.03600342390707311,0.036003423906754685,0.03600342390739154,FLOAT_OUTWARD,0.0,1.3461454173580023e-15,0.0,0.0,-0.036003423907073125,0.036003423907073125,0,0,0,0,1.8799997633323073e-05,1.1500000255182385e-05,ANALYTIC,0.00010390000534243882,B,B,B,False,False,False,False,NO_AMBIGUOUS_LABELS,,,,,,
AP0,beijing,Tiantan,fixed_panel,natural,7410,2014-01-03 18:00:00,2014Q1,beijing_2014-01-03T18:00:00,72,3,logistic,hist_gradient_boosting,97,168,0,0,0.010999449580288428,0.010999449580288428,0.010999449580268432,0.010999449580308428,0.010999449580288428,0.010999449580288428,0.01099944957997,0.010999449580606856,FLOAT_OUTWARD,0.0,0.0,0.0,0.0,-0.010999449580288428,0.010999449580288428,0,0,0,0,1.8799997633323073e-05,1.1600001016631722e-05,ANALYTIC,0.00010119999933522195,B,B,B,False,False,False,False,NO_AMBIGUOUS_LABELS,,,,,,
AP0,beijing,Tiantan,fixed_panel,natural,7578,2014-01-10 18:00:00,2014Q1,beijing_2014-01-10T18:00:00,72,3,constant,logistic,97,168,0,0,0.002722812904275006,0.002722812904275006,0.002722812904255021,0.002722812904295006,0.0027228129042749876,0.0027228129042749876,0.0027228129039565596,0.0027228129045934156,FLOAT_OUTWARD,0.0,1.766815860282378e-15,0.0,0.0,-0.002722812904275006,0.002722812904275006,0,0,0,0,1.850000990089029e-05,1.2600008631125093e-05,ANALYTIC,0.00012119999155402184,B,B,B,False,False,False,False,NO_AMBIGUOUS_LABELS,,,,,,
AP0,beijing,Tiantan,fixed_panel,natural,7578,2014-01-10 18:00:00,2014Q1,beijing_2014-01-10T18:00:00,72,3,constant,hist_gradient_boosting,97,168,0,0,0.003433843146898987,0.003433843146898987,0.003433843146878987,0.0034338431469189703,0.003433843146899024,0.003433843146899024,0.003433843146580596,0.003433843147217452,FLOAT_OUTWARD,3.575698764857194e-15,0.0,0.0,0.0,-0.003433843146898987,0.003433843146898987,0,0,0,0,1.850000990089029e-05,1.1999989510513842e-05,ANALYTIC,0.00010469999688211828,B,B,B,False,False,False,False,NO_AMBIGUOUS_LABELS,,,,,,
AP0,beijing,Tiantan,fixed_panel,natural,7578,2014-01-10 18:00:00,2014Q1,beijing_2014-01-10T18:00:00,72,3,logistic,hist_gradient_boosting,97,168,0,0,0.0007110302426239492,0.0007110302426239492,0.0007110302426039493,0.0007110302426439492,0.0007110302426239492,0.0007110302426239492,0.0007110302423055213,0.0007110302429423771,FLOAT_OUTWARD,0.0,0.0,0.0,0.0,-0.0007110302426239492,0.0007110302426239492,0,0,0,0,1.850000990089029e-05,1.130001328419894e-05,ANALYTIC,9.790000331122428e-05,B,B,B,False,False,False,False,NO_AMBIGUOUS_LABELS,,,,,,
AP0,beijing,Tiantan,fixed_panel,natural,7746,2014-01-17 18:00:00,2014Q1,beijing_2014-01-17T18:00:00,72,3,constant,logistic,97,168,14,0,-0.015485635588345975,-0.015485635588345975,-0.015485635588365975,-0.015485635588325976,-0.015485635588345995,-0.015485635588345995,-0.015485635588664422,-0.015485635588027567,FLOAT_OUTWARD,0.0,1.850949948867253e-15,0.0,0.0,0.015485635588345975,-0.015485635588345975,0,0,0,0,1.7300000763498247e-05,1.2200005585327744e-05,ANALYTIC,0.00011779999476857483,A,A,A,False,False,False,False,NO_AMBIGUOUS_LABELS,,,,,,
AP0,beijing,Tiantan,fixed_panel,natural,7746,2014-01-17 18:00:00,2014Q1,beijing_2014-01-17T18:00:00,72,3,constant,hist_gradient_boosting,97,168,14,0,-0.14553369667976218,-0.14553369667976218,-0.1455336966797822,-0.14553369667974217,-0.1455336966797621,-0.1455336966797621,-0.14553369668008054,-0.14553369667944366,FLOAT_OUTWARD,8.076872504148014e-15,0.0,0.0,0.0,0.14553369667976218,-0.14553369667976218,0,0,0,0,1.7300000763498247e-05,1.2899996363557875e-05,ANALYTIC,9.549999958835542e-05,A,A,A,False,False,False,False,NO_AMBIGUOUS_LABELS,,,,,,
AP0,beijing,Tiantan,fixed_panel,natural,7746,2014-01-17 18:00:00,2014Q1,beijing_2014-01-17T18:00:00,72,3,logistic,hist_gradient_boosting,97,168,14,0,-0.13004806109141623,-0.13004806109141623,-0.1300480610914362,-0.13004806109139622,-0.13004806109141623,-0.13004806109141623,-0.13004806109173467,-0.1300480610910978,FLOAT_OUTWARD,0.0,0.0,0.0,0.0,0.13004806109141623,-0.13004806109141623,0,0,0,0,1.7300000763498247e-05,1.1299998732283711e-05,ANALYTIC,9.860000864136964e-05,A,A,A,False,False,False,False,NO_AMBIGUOUS_LABELS,,,,,,
AP0,beijing,Tiantan,fixed_panel,natural,7914,2014-01-24 18:00:00,2014Q1,beijing_2014-01-24T18:00:00,72,3,constant,logistic,97,168,6,0,-0.003375065298076508,-0.003375065298076508,-0.003375065298096508,-0.003375065298056508,-0.0033750652980764897,-0.0033750652980764897,-0.0033750652983949177,-0.0033750652977580617,FLOAT_OUTWARD,1.766815860282378e-15,0.0,0.0,0.0,0.003375065298076508,-0.003375065298076508,0,0,0,0,1.9899991457350552e-05,1.2799995602108538e-05,ANALYTIC,0.00012260000221431255,A,A,A,False,False,False,False,NO_AMBIGUOUS_LABELS,,,,,,
AP0,beijing,Tiantan,fixed_panel,natural,7914,2014-01-24 18:00:00,2014Q1,beijing_2014-01-24T18:00:00,72,3,constant,hist_gradient_boosting,97,168,6,0,-0.024685669008600596,-0.024685669008600596,-0.024685669008620598,-0.024685669008580595,-0.02468566900860058,-0.02468566900860058,-0.024685669008919008,-0.02468566900828215,FLOAT_OUTWARD,1.6826817716975029e-15,0.0,0.0,0.0,0.024685669008600596,-0.024685669008600596,0,0,0,0,1.9899991457350552e-05,1.1600001016631722e-05,ANALYTIC,0.00010410000686533749,A,A,A,False,False,False,False,NO_AMBIGUOUS_LABELS,,,,,,
AP0,beijing,Tiantan,fixed_panel,natural,7914,2014-01-24 18:00:00,2014Q1,beijing_2014-01-24T18:00:00,72,3,logistic,hist_gradient_boosting,97,168,6,0,-0.021310603710524095,-0.021310603710524095,-0.021310603710544086,-0.021310603710504094,-0.021310603710524074,-0.021310603710524074,-0.021310603710842504,-0.021310603710205645,FLOAT_OUTWARD,2.0192181260370035e-15,0.0,0.0,0.0,0.021310603710524095,-0.021310603710524095,0,0,0,0,1.9899991457350552e-05,1.1299998732283711e-05,ANALYTIC,9.499999578110874e-05,A,A,A,False,False,False,False,NO_AMBIGUOUS_LABELS,,,,,,
AP0,beijing,Tiantan,fixed_panel,natural,8082,2014-01-31 18:00:00,2014Q1,beijing_2014-01-31T18:00:00,72,3,constant,logistic,97,168,0,0,-0.02903242800879801,-0.02903242800879801,-0.02903242800881801,-0.02903242800877801,-0.029032428008798045,-0.029032428008798045,-0.029032428009116474,-0.029032428008479615,FLOAT_OUTWARD,0.0,3.3653635433950058e-15,0.0,0.0,0.02903242800879801,-0.02903242800879801,0,0,0,0,1.7700003809295595e-05,1.2400007108226418e-05,ANALYTIC,0.00011609999637585133,A,A,A,False,False,False,False,NO_AMBIGUOUS_LABELS,,,,,,
AP0,beijing,Tiantan,fixed_panel,natural,8082,2014-01-31 18:00:00,2014Q1,beijing_2014-01-31T18:00:00,72,3,constant,hist_gradient_boosting,97,168,0,0,-0.012045413170863339,-0.012045413170863339,-0.012045413170883338,-0.012045413170843343,-0.012045413170863365,-0.012045413170863365,-0.012045413171181792,-0.012045413170544937,FLOAT_OUTWARD,0.0,2.5240226575462543e-15,0.0,0.0,0.012045413170863339,-0.012045413170863339,0,0,0,0,1.7700003809295595e-05,1.1199997970834374e-05,ANALYTIC,9.580000187270343e-05,A,A,A,False,False,False,False,NO_AMBIGUOUS_LABELS,,,,,,
AP0,beijing,Tiantan,fixed_panel,natural,8082,2014-01-31 18:00:00,2014Q1,beijing_2014-01-31T18:00:00,72,3,logistic,hist_gradient_boosting,97,168,0,0,0.01698701483793466,0.01698701483793466,0.016987014837914673,0.016987014837954662,0.0169870148379347,0.0169870148379347,0.01698701483761627,0.01698701483825313,FLOAT_OUTWARD,3.701899897734506e-15,0.0,0.0,0.0,-0.01698701483793466,0.01698701483793466,0,0,0,0,1.7700003809295595e-05,1.1199997970834374e-05,ANALYTIC,9.23000043258071e-05,B,B,B,False,False,False,False,NO_AMBIGUOUS_LABELS,,,,,,
AP0,beijing,Tiantan,fixed_panel,natural,8250,2014-02-07 18:00:00,2014Q1,beijing_2014-02-07T18:00:00,72,3,constant,logistic,97,168,7,0,-0.004406845713583163,-0.004406845713583163,-0.004406845713603163,-0.004406845713563165,-0.004406845713583143,-0.004406845713583143,-0.00440684571390157,-0.004406845713264715,FLOAT_OUTWARD,2.0192181260370035e-15,0.0,0.0,0.0,0.004406845713583163,-0.004406845713583163,0,0,0,0,1.7699989257380366e-05,1.2100004823878407e-05,ANALYTIC,0.00011409999569877982,A,A,A,False,False,False,False,NO_AMBIGUOUS_LABELS,,,,,,
AP0,beijing,Tiantan,fixed_panel,natural,8250,2014-02-07 18:00:00,2014Q1,beijing_2014-02-07T18:00:00,72,3,constant,hist_gradient_boosting,97,168,7,0,-0.008314157722558602,-0.008314157722558602,-0.0083141577225786,-0.008314157722538603,-0.008314157722558594,-0.008314157722558594,-0.008314157722877021,-0.008314157722240166,FLOAT_OUTWARD,8.413408858487514e-16,0.0,0.0,0.0,0.008314157722558602,-0.008314157722558602,0,0,0,0,1.7699989257380366e-05,1.130001328419894e-05,ANALYTIC,0.00010279999696649611,A,A,A,False,False,False,False,NO_AMBIGUOUS_LABELS,,,,,,
AP0,beijing,Tiantan,fixed_panel,natural,8250,2014-02-07 18:00:00,2014Q1,beijing_2014-02-07T18:00:00,72,3,logistic,hist_gradient_boosting,97,168,7,0,-0.003907312008975439,-0.003907312008975439,-0.003907312008995437,-0.003907312008955439,-0.003907312008975462,-0.003907312008975462,-0.00390731200929389,-0.003907312008657035,FLOAT_OUTWARD,0.0,2.271620391791629e-15,0.0,0.0,0.003907312008975439,-0.003907312008975439,0,0,0,0,1.7699989257380366e-05,1.1000010999850929e-05,ANALYTIC,9.349999891128391e-05,A,A,A,False,False,False,False,NO_AMBIGUOUS_LABELS,,,,,,
AP0,beijing,Tiantan,fixed_panel,natural,8418,2014-02-14 18:00:00,2014Q1,beijing_2014-02-14T18:00:00,72,3,constant,logistic,97,168,18,0,-0.02263717064498026,-0.02263717064498026,-0.02263717064500026,-0.022637170644960257,-0.022637170644980248,-0.022637170644980248,-0.022637170645298677,-0.02263717064466182,FLOAT_OUTWARD,1.0096090630185017e-15,0.0,0.0,0.0,0.02263717064498026,-0.02263717064498026,0,0,0,0,1.850000990089029e-05,1.2400007108226418e-05,ANALYTIC,0.00011970000923611224,A,A,A,False,False,False,False,NO_AMBIGUOUS_LABELS,,,,,,
AP0,beijing,Tiantan,fixed_panel,natural,8418,2014-02-14 18:00:00,2014Q1,beijing_2014-02-14T18:00:00,72,3,constant,hist_gradient_boosting,97,168,18,0,-0.08880885433199105,-0.08880885433199105,-0.08880885433201105,-0.08880885433197107,-0.08880885433199097,-0.08880885433199097,-0.0888088543323094,-0.08880885433167254,FLOAT_OUTWARD,8.076872504148014e-15,0.0,0.0,0.0,0.08880885433199105,-0.08880885433199105,0,0,0,0,1.850000990089029e-05,1.1500000255182385e-05,ANALYTIC,9.859999408945441e-05,A,A,A,False,False,False,False,NO_AMBIGUOUS_LABELS,,,,,,
AP0,beijing,Tiantan,fixed_panel,natural,8418,2014-02-14 18:00:00,2014Q1,beijing_2014-02-14T18:00:00,72,3,logistic,hist_gradient_boosting,97,168,18,0,-0.06617168368701083,-0.06617168368701083,-0.06617168368703083,-0.06617168368699083,-0.06617168368701083,-0.06617168368701083,-0.06617168368732926,-0.0661716836866924,FLOAT_OUTWARD,0.0,0.0,0.0,0.0,0.06617168368701083,-0.06617168368701083,0,0,0,0,1.850000990089029e-05,1.09999964479357e-05,ANALYTIC,9.26000066101551e-05,A,A,A,False,False,False,False,NO_AMBIGUOUS_LABELS,,,,,,
AP0,beijing,Tiantan,fixed_panel,natural,8586,2014-02-21 18:00:00,2014Q1,beijing_2014-02-21T18:00:00,72,3,constant,logistic,97,168,16,0,0.0029989698266583388,0.0029989698266583388,0.0029989698266383456,0.002998969826678339,0.0029989698266583756,0.0029989698266583756,0.0029989698263399476,0.0029989698269768036,FLOAT_OUTWARD,3.575698764857194e-15,0.0,0.0,0.0,-0.0029989698266583388,0.0029989698266583388,0,0,0,0,1.750000228639692e-05,1.2200005585327744e-05,ANALYTIC,0.00011670000094454736,B,B,B,False,False,False,False,NO_AMBIGUOUS_LABELS,,,,,,
AP0,beijing,Tiantan,fixed_panel,natural,8586,2014-02-21 18:00:00,2014Q1,beijing_2014-02-21T18:00:00,72,3,constant,hist_gradient_boosting,97,168,16,0,0.0002749127187214609,0.0002749127187214609,0.0002749127187014621,0.0002749127187414609,0.0002749127187214609,0.0002749127187214609,0.00027491271840303296,0.00027491271903988887,FLOAT_OUTWARD,0.0,0.0,0.0,0.0,-0.0002749127187214609,0.0002749127187214609,0,0,0,0,1.750000228639692e-05,1.1299998732283711e-05,ANALYTIC,0.00010689999908208847,B,B,B,False,False,False,False,NO_AMBIGUOUS_LABELS,,,,,,
AP0,beijing,Tiantan,fixed_panel,natural,8586,2014-02-21 18:00:00,2014Q1,beijing_2014-02-21T18:00:00,72,3,logistic,hist_gradient_boosting,97,168,16,0,-0.0027240571079368914,-0.0027240571079368914,-0.0027240571079568837,-0.0027240571079168913,-0.0027240571079368823,-0.0027240571079368823,-0.0027240571082553103,-0.0027240571076184543,FLOAT_OUTWARD,8.83407930141189e-16,0.0,0.0,0.0,0.0027240571079368914,-0.0027240571079368914,0,0,0,0,1.750000228639692e-05,1.1500000255182385e-05,ANALYTIC,9.650000720284879e-05,A,A,A,False,False,False,False,NO_AMBIGUOUS_LABELS,,,,,,
AP0,beijing,Tiantan,full_station,natural,6570,2013-11-29 18:00:00,2013Q4,beijing_2013-11-29T18:00:00,24,3,constant,logistic,2167,2190,61,36,0.056355178149880246,0.06659664970768615,0.056355178149860255,0.06659664970770615,0.056355178149880565,0.06659664970768644,0.056355178145970346,0.06659664971159666,FLOAT_OUTWARD,6.916828221292803e-13,0.0,0.010241471557805908,0.010241471557805897,-0.056355178149880246,0.06659664970768615,0,618,71,275,0.0005794000026071444,3.470000228844583e-05,ANALYTIC,0.00041360000614076853,B,B,B,False,False,False,False,INDEPENDENT_ALREADY_DIRECTED,,,,,,
AP0,beijing,Tiantan,full_station,natural,6570,2013-11-29 18:00:00,2013Q4,beijing_2013-11-29T18:00:00,24,3,constant,hist_gradient_boosting,2167,2190,61,36,0.017766866035839168,0.029130534834399636,0.01801573257051593,0.02888166829972285,0.01801573257053565,0.028881668299702474,0.018015732566625427,0.028881668303612697,FLOAT_OUTWARD,0.5392937806872763,0.5392937806887499,0.011363668798560468,0.011363668798560477,-0.017766866035839168,0.029130534834399636,1,618,71,275,0.0005794000026071444,0.0054610999941360205,OPTIMAL_DUAL_OUTWARD,0.000345499996910803,B,B,B,False,False,False,False,INDEPENDENT_ALREADY_DIRECTED,,,,,,
AP0,beijing,Tiantan,full_station,natural,6570,2013-11-29 18:00:00,2013Q4,beijing_2013-11-29T18:00:00,24,3,logistic,hist_gradient_boosting,2167,2190,61,36,-0.04049906675302239,-0.03555536023430523,-0.04047389149683765,-0.03558053549048997,-0.04047389149681747,-0.03558053549050981,-0.040473891500727686,-0.03558053548659959,FLOAT_OUTWARD,0.054554780196063093,0.0545547801953263,0.004943706518717159,0.004943706518717154,0.04049906675302239,-0.03555536023430523,1,618,71,275,0.0005794000026071444,0.004684700004872866,OPTIMAL_DUAL_OUTWARD,0.00034759999834932387,A,A,A,False,False,False,False,INDEPENDENT_ALREADY_DIRECTED,,,,,,
AP0,beijing,Tiantan,full_station,natural,6570,2013-11-29 18:00:00,2013Q4,beijing_2013-11-29T18:00:00,72,3,constant,logistic,2119,2190,61,0,0.003745617589688308,0.003745617589688308,0.00374561758966831,0.003745617589708308,0.0037456175896883447,0.0037456175896883447,0.003745617585778123,0.0037456175935985663,FLOAT_OUTWARD,7.811242971889065e-14,0.0,0.0,0.0,-0.003745617589688308,0.003745617589688308,0,0,0,0,2.989999484270811e-05,1.9699989934451878e-05,ANALYTIC,0.0005268999957479537,B,B,B,False,False,False,False,NO_AMBIGUOUS_LABELS,,,,,,
AP0,beijing,Tiantan,full_station,natural,6570,2013-11-29 18:00:00,2013Q4,beijing_2013-11-29T18:00:00,72,3,constant,hist_gradient_boosting,2119,2190,61,0,-0.022762041353447036,-0.022762041353447036,-0.022762041353467034,-0.022762041353427034,-0.02276204135344716,-0.02276204135344716,-0.022762041357357383,-0.022762041349536938,FLOAT_OUTWARD,0.0,2.646632912828295e-13,0.0,0.0,0.022762041353447036,-0.022762041353447036,0,0,0,0,2.989999484270811e-05,1.8799997633323073e-05,ANALYTIC,0.00050149999151472,A,A,A,False,False,False,False,NO_AMBIGUOUS_LABELS,,,,,,
AP0,beijing,Tiantan,full_station,natural,6570,2013-11-29 18:00:00,2013Q4,beijing_2013-11-29T18:00:00,72,3,logistic,hist_gradient_boosting,2119,2190,61,0,-0.02650765894313534,-0.02650765894313534,-0.026507658943155342,-0.02650765894311534,-0.026507658943135323,-0.026507658943135323,-0.026507658947045546,-0.0265076589392251,FLOAT_OUTWARD,3.675879045594854e-14,0.0,0.0,0.0,0.02650765894313534,-0.02650765894313534,0,0,0,0,2.989999484270811e-05,1.7300000763498247e-05,ANALYTIC,0.00047620000259485096,A,A,A,False,False,False,False,NO_AMBIGUOUS_LABELS,,,,,,
AP0,beijing,Wanliu,fixed_panel,natural,6570,2013-11-29 18:00:00,2013Q4,beijing_2013-11-29T18:00:00,24,3,constant,logistic,145,168,2,0,0.026479131348348763,0.026479131348348763,0.02647913134832876,0.026479131348368753,0.026479131348348714,0.026479131348348714,0.026479131348030285,0.026479131348667143,FLOAT_OUTWARD,0.0,7.042977312465837e-15,0.0,0.0,-0.026479131348348763,0.026479131348348763,0,0,0,0,2.780000795610249e-05,1.4200006262399256e-05,ANALYTIC,0.00013780000153928995,B,B,B,False,False,False,False,NO_AMBIGUOUS_LABELS,,,,,,
AP0,beijing,Wanliu,fixed_panel,natural,6570,2013-11-29 18:00:00,2013Q4,beijing_2013-11-29T18:00:00,24,3,constant,hist_gradient_boosting,145,168,2,0,0.03133610765575863,0.03133610765575863,0.03133610765573864,0.03133610765577863,0.03133610765575858,0.03133610765575858,0.031336107655440155,0.03133610765607701,FLOAT_OUTWARD,0.0,7.042977312465837e-15,0.0,0.0,-0.03133610765575863,0.03133610765575863,0,0,0,0,2.780000795610249e-05,1.309999788645655e-05,ANALYTIC,9.699999645818025e-05,B,B,B,False,False,False,False,NO_AMBIGUOUS_LABELS,,,,,,
AP0,beijing,Wanliu,fixed_panel,natural,6570,2013-11-29 18:00:00,2013Q4,beijing_2013-11-29T18:00:00,24,3,logistic,hist_gradient_boosting,145,168,2,0,0.004856976307409891,0.004856976307409891,0.004856976307389891,0.004856976307429884,0.004856976307409866,0.004856976307409866,0.004856976307091438,0.004856976307728293,FLOAT_OUTWARD,0.0,3.647256108241237e-15,0.0,0.0,-0.004856976307409891,0.004856976307409891,0,0,0,0,2.780000795610249e-05,1.1800002539530396e-05,ANALYTIC,8.769999840296805e-05,B,B,B,False,False,False,False,NO_AMBIGUOUS_LABELS,,,,,,
AP0,beijing,Wanliu,fixed_panel,natural,6738,2013-12-06 18:00:00,2013Q4,beijing_2013-12-06T18:00:00,24,3,constant,logistic,145,168,0,0,0.14870530567802068,0.14870530567802068,0.14870530567800067,0.1487053056780407,0.14870530567802076,0.14870530567802076,0.14870530567770232,0.1487053056783392,FLOAT_OUTWARD,1.2073675392798577e-14,0.0,0.0,0.0,-0.14870530567802068,0.14870530567802068,0,0,0,0,2.2499996703118086e-05,1.550000160932541e-05,ANALYTIC,0.00012040000001434237,B,B,B,False,False,False,False,NO_AMBIGUOUS_LABELS,,,,,,
AP0,beijing,Wanliu,fixed_panel,natural,6738,2013-12-06 18:00:00,2013Q4,beijing_2013-12-06T18:00:00,24,3,constant,hist_gradient_boosting,145,168,0,0,0.18009917195296346,0.18009917195296346,0.18009917195294345,0.18009917195298347,0.1800991719529634,0.1800991719529634,0.18009917195264497,0.18009917195328184,FLOAT_OUTWARD,0.0,8.049116928532385e-15,0.0,0.0,-0.18009917195296346,0.18009917195296346,0,0,0,0,2.2499996703118086e-05,1.2200005585327744e-05,ANALYTIC,9.14999982342124e-05,B,B,B,False,False,False,False,NO_AMBIGUOUS_LABELS,,,,,,
AP0,beijing,Wanliu,fixed_panel,natural,6738,2013-12-06 18:00:00,2013Q4,beijing_2013-12-06T18:00:00,24,3,logistic,hist_gradient_boosting,145,168,0,0,0.03139386627494277,0.03139386627494277,0.03139386627492277,0.03139386627496277,0.031393866274942776,0.031393866274942776,0.03139386627462435,0.0313938662752612,FLOAT_OUTWARD,1.0061396160665481e-15,0.0,0.0,0.0,-0.03139386627494277,0.03139386627494277,0,0,0,0,2.2499996703118086e-05,1.2299991794861853e-05,ANALYTIC,9.460000728722662e-05,B,B,B,False,False,False,False,NO_AMBIGUOUS_LABELS,,,,,,
AP0,beijing,Wanliu,fixed_panel,natural,6906,2013-12-13 18:00:00,2013Q4,beijing_2013-12-13T18:00:00,24,3,constant,logistic,145,168,2,0,0.0012561235026282702,0.0012561235026282702,0.0012561235026082702,0.0012561235026482581,0.0012561235026283682,0.0012561235026283682,0.0012561235023099402,0.0012561235029467962,FLOAT_OUTWARD,1.4211722076939992e-14,0.0,0.0,0.0,-0.0012561235026282702,0.0012561235026282702,0,0,0,0,2.1299987565726042e-05,2.6699999580159783e-05,ANALYTIC,0.00015890000213403255,B,B,B,False,False,False,False,NO_AMBIGUOUS_LABELS,,,,,,
AP0,beijing,Wanliu,fixed_panel,natural,6906,2013-12-13 18:00:00,2013Q4,beijing_2013-12-13T18:00:00,24,3,constant,hist_gradient_boosting,145,168,2,0,-0.06393858102446724,-0.06393858102446724,-0.06393858102448723,-0.06393858102444724,-0.06393858102446721,-0.06393858102446721,-0.06393858102478564,-0.06393858102414879,FLOAT_OUTWARD,4.0245584642661925e-15,0.0,0.0,0.0,0.06393858102446724,-0.06393858102446724,0,0,0,0,2.1299987565726042e-05,1.5099998563528061e-05,ANALYTIC,0.0001438000035705045,A,A,A,False,False,False,False,NO_AMBIGUOUS_LABELS,,,,,,
AP0,beijing,Wanliu,fixed_panel,natural,6906,2013-12-13 18:00:00,2013Q4,beijing_2013-12-13T18:00:00,24,3,logistic,hist_gradient_boosting,145,168,2,0,-0.06519470452709547,-0.06519470452709547,-0.06519470452711547,-0.06519470452707551,-0.06519470452709557,-0.06519470452709557,-0.065194704527414,-0.06519470452677714,FLOAT_OUTWARD,0.0,1.4085954624931674e-14,0.0,0.0,0.06519470452709547,-0.06519470452709547,0,0,0,0,2.1299987565726042e-05,1.3199998647905886e-05,ANALYTIC,0.0001024999946821481,A,A,A,False,False,False,False,NO_AMBIGUOUS_LABELS,,,,,,
AP0,beijing,Wanliu,fixed_panel,natural,7074,2013-12-20 18:00:00,2013Q4,beijing_2013-12-20T18:00:00,24,3,constant,logistic,145,168,0,0,0.10420221099291736,0.10420221099291736,0.10420221099289736,0.10420221099293736,0.1042022109929174,0.1042022109929174,0.10420221099259898,0.10420221099323583,FLOAT_OUTWARD,6.036837696399289e-15,0.0,0.0,0.0,-0.10420221099291736,0.10420221099291736,0,0,0,0,2.3300002794712782e-05,1.379998866468668e-05,ANALYTIC,0.00011559999256860465,B,B,B,False,False,False,False,NO_AMBIGUOUS_LABELS,,,,,,
AP0,beijing,Wanliu,fixed_panel,natural,7074,2013-12-20 18:00:00,2013Q4,beijing_2013-12-20T18:00:00,24,3,constant,hist_gradient_boosting,145,168,0,0,0.13029371526636646,0.13029371526636646,0.13029371526634645,0.13029371526638647,0.13029371526636646,0.13029371526636646,0.13029371526604802,0.1302937152666849,FLOAT_OUTWARD,0.0,0.0,0.0,0.0,-0.13029371526636646,0.13029371526636646,0,0,0,0,2.3300002794712782e-05,1.2199991033412516e-05,ANALYTIC,8.959999831859022e-05,B,B,B,False,False,False,False,NO_AMBIGUOUS_LABELS,,,,,,
AP0,beijing,Wanliu,fixed_panel,natural,7074,2013-12-20 18:00:00,2013Q4,beijing_2013-12-20T18:00:00,24,3,logistic,hist_gradient_boosting,145,168,0,0,0.02609150427344912,0.02609150427344912,0.026091504273429118,0.026091504273469113,0.02609150427344912,0.02609150427344912,0.02609150427313069,0.02609150427376755,FLOAT_OUTWARD,0.0,0.0,0.0,0.0,-0.02609150427344912,0.02609150427344912,0,0,0,0,2.3300002794712782e-05,1.2300006346777081e-05,ANALYTIC,8.359999628737569e-05,B,B,B,False,False,False,False,NO_AMBIGUOUS_LABELS,,,,,,
AP0,beijing,Wanliu,fixed_panel,natural,7242,2013-12-27 18:00:00,2013Q4,beijing_2013-12-27T18:00:00,24,3,constant,logistic,145,168,0,0,0.03365750950089071,0.03365750950089071,0.033657509500870715,0.03365750950091069,0.033657509500890664,0.033657509500890664,0.03365750950057224,0.03365750950120909,FLOAT_OUTWARD,0.0,7.042977312465837e-15,0.0,0.0,-0.03365750950089071,0.03365750950089071,0,0,0,0,1.8999999156221747e-05,1.3299999409355223e-05,ANALYTIC,0.0001109000004362315,B,B,B,False,False,False,False,NO_AMBIGUOUS_LABELS,,,,,,
AP0,beijing,Wanliu,fixed_panel,natural,7242,2013-12-27 18:00:00,2013Q4,beijing_2013-12-27T18:00:00,24,3,constant,hist_gradient_boosting,145,168,0,0,-0.038280721978221875,-0.038280721978221875,-0.03828072197824185,-0.03828072197820188,-0.03828072197822187,-0.03828072197822187,-0.038280721978540294,-0.03828072197790344,FLOAT_OUTWARD,1.0061396160665481e-15,0.0,0.0,0.0,0.038280721978221875,-0.038280721978221875,0,0,0,0,1.8999999156221747e-05,1.2300006346777081e-05,ANALYTIC,8.949999755714089e-05,A,A,A,False,False,False,False,NO_AMBIGUOUS_LABELS,,,,,,
AP0,beijing,Wanliu,fixed_panel,natural,7242,2013-12-27 18:00:00,2013Q4,beijing_2013-12-27T18:00:00,24,3,logistic,hist_gradient_boosting,145,168,0,0,-0.07193823147911253,-0.07193823147911253,-0.07193823147913253,-0.07193823147909255,-0.07193823147911253,-0.07193823147911253,-0.07193823147943096,-0.0719382314787941,FLOAT_OUTWARD,0.0,0.0,0.0,0.0,0.07193823147911253,-0.07193823147911253,0,0,0,0,1.8999999156221747e-05,1.1900003300979733e-05,ANALYTIC,8.199999865610152e-05,A,A,A,False,False,False,False,NO_AMBIGUOUS_LABELS,,,,,,
AP0,beijing,Wanliu,fixed_panel,natural,7410,2014-01-03 18:00:00,2014Q1,beijing_2014-01-03T18:00:00,24,3,constant,logistic,145,168,0,0,0.11211899781204575,0.11211899781204575,0.11211899781202575,0.11211899781206572,0.11211899781204575,0.11211899781204575,0.11211899781172732,0.11211899781236417,FLOAT_OUTWARD,0.0,0.0,0.0,0.0,-0.11211899781204575,0.11211899781204575,0,0,0,0,1.8999999156221747e-05,1.3499986380338669e-05,ANALYTIC,0.00011269999959040433,B,B,B,False,False,False,False,NO_AMBIGUOUS_LABELS,,,,,,
AP0,beijing,Wanliu,fixed_panel,natural,7410,2014-01-03 18:00:00,2014Q1,beijing_2014-01-03T18:00:00,24,3,constant,hist_gradient_boosting,145,168,0,0,0.09486524264702702,0.09486524264702702,0.09486524264700702,0.09486524264704702,0.09486524264702711,0.09486524264702711,0.09486524264670869,0.09486524264734554,FLOAT_OUTWARD,1.4085954624931674e-14,0.0,0.0,0.0,-0.09486524264702702,0.09486524264702702,0,0,0,0,1.8999999156221747e-05,1.2199991033412516e-05,ANALYTIC,8.870000601746142e-05,B,B,B,False,False,False,False,NO_AMBIGUOUS_LABELS,,,,,,
AP0,beijing,Wanliu,fixed_panel,natural,7410,2014-01-03 18:00:00,2014Q1,beijing_2014-01-03T18:00:00,24,3,logistic,hist_gradient_boosting,145,168,0,0,-0.017253755165018734,-0.017253755165018734,-0.01725375516503873,-0.017253755164998733,-0.017253755165018727,-0.017253755165018727,-0.017253755165337156,-0.017253755164700298,FLOAT_OUTWARD,1.0061396160665481e-15,0.0,0.0,0.0,0.017253755165018734,-0.017253755165018734,0,0,0,0,1.8999999156221747e-05,1.2100004823878407e-05,ANALYTIC,9.370000043418258e-05,A,A,A,False,False,False,False,NO_AMBIGUOUS_LABELS,,,,,,
AP0,beijing,Wanliu,fixed_panel,natural,7578,2014-01-10 18:00:00,2014Q1,beijing_2014-01-10T18:00:00,24,3,constant,logistic,145,168,2,0,0.057812452850270084,0.057812452850270084,0.057812452850250086,0.05781245285029004,0.05781245285027033,0.05781245285027033,0.0578124528499519,0.05781245285058875,FLOAT_OUTWARD,3.5214886562329184e-14,0.0,0.0,0.0,-0.057812452850270084,0.057812452850270084,0,0,0,0,1.920000067912042e-05,1.3500000932253897e-05,ANALYTIC,0.000112599998828955,B,B,B,False,False,False,False,NO_AMBIGUOUS_LABELS,,,,,,
AP0,beijing,Wanliu,fixed_panel,natural,7578,2014-01-10 18:00:00,2014Q1,beijing_2014-01-10T18:00:00,24,3,constant,hist_gradient_boosting,145,168,2,0,0.037328662920975045,0.037328662920975045,0.03732866292095506,0.03732866292099504,0.03732866292097509,0.03732866292097509,0.03732866292065667,0.03732866292129352,FLOAT_OUTWARD,7.042977312465837e-15,0.0,0.0,0.0,-0.037328662920975045,0.037328662920975045,0,0,0,0,1.920000067912042e-05,1.2099990271963179e-05,ANALYTIC,9.000000136438757e-05,B,B,B,False,False,False,False,NO_AMBIGUOUS_LABELS,,,,,,
AP0,beijing,Wanliu,fixed_panel,natural,7578,2014-01-10 18:00:00,2014Q1,beijing_2014-01-10T18:00:00,24,3,logistic,hist_gradient_boosting,145,168,2,0,-0.02048378992929499,-0.02048378992929499,-0.020483789929314992,-0.020483789929274993,-0.02048378992929504,-0.02048378992929504,-0.02048378992961347,-0.02048378992897661,FLOAT_OUTWARD,0.0,7.042977312465837e-15,0.0,0.0,0.02048378992929499,-0.02048378992929499,0,0,0,0,1.920000067912042e-05,1.1800002539530396e-05,ANALYTIC,8.430000161752105e-05,A,A,A,False,False,False,False,NO_AMBIGUOUS_LABELS,,,,,,
AP0,beijing,Wanliu,fixed_panel,natural,7746,2014-01-17 18:00:00,2014Q1,beijing_2014-01-17T18:00:00,24,3,constant,logistic,145,168,1,0,0.07195662638972511,0.07195662638972511,0.07195662638970518,0.07195662638974511,0.0719566263897252,0.0719566263897252,0.07195662638940678,0.07195662639004363,FLOAT_OUTWARD,1.4085954624931674e-14,0.0,0.0,0.0,-0.07195662638972511,0.07195662638972511,0,0,0,0,1.85999961104244e-05,1.2899996363557875e-05,ANALYTIC,0.00010679999832063913,B,B,B,False,False,False,False,NO_AMBIGUOUS_LABELS,,,,,,
AP0,beijing,Wanliu,fixed_panel,natural,7746,2014-01-17 18:00:00,2014Q1,beijing_2014-01-17T18:00:00,24,3,constant,hist_gradient_boosting,145,168,1,0,-0.016854684143078717,-0.016854684143078717,-0.01685468414309872,-0.016854684143058723,-0.01685468414307875,-0.01685468414307875,-0.016854684143397178,-0.01685468414276032,FLOAT_OUTWARD,0.0,4.5276282722994665e-15,0.0,0.0,0.016854684143078717,-0.016854684143078717,0,0,0,0,1.85999961104244e-05,1.1900003300979733e-05,ANALYTIC,8.679999154992402e-05,A,A,A,False,False,False,False,NO_AMBIGUOUS_LABELS,,,,,,
AP0,beijing,Wanliu,fixed_panel,natural,7746,2014-01-17 18:00:00,2014Q1,beijing_2014-01-17T18:00:00,24,3,logistic,hist_gradient_boosting,145,168,1,0,-0.08881131053280392,-0.08881131053280392,-0.0888113105328239,-0.08881131053278392,-0.08881131053280392,-0.08881131053280392,-0.08881131053312234,-0.08881131053248549,FLOAT_OUTWARD,0.0,0.0,0.0,0.0,0.08881131053280392,-0.08881131053280392,0,0,0,0,1.85999961104244e-05,1.1600001016631722e-05,ANALYTIC,8.179999713320285e-05,A,A,A,False,False,False,False,NO_AMBIGUOUS_LABELS,,,,,,
AP0,beijing,Wanliu,fixed_panel,natural,7914,2014-01-24 18:00:00,2014Q1,beijing_2014-01-24T18:00:00,24,3,constant,logistic,145,168,5,20,-0.05149037723794684,0.005830912429346397,-0.04318749609749171,-0.0024719687111087706,-0.04318749609747166,-0.002471968711128772,-0.04318749609779009,-0.002471968710810344,FLOAT_OUTWARD,1.2039177653689008,1.2039177653688993,0.05732128966729324,0.05732128966729324,0.05149037723794684,0.005830912429346397,1,380,39,126,0.0003856999974232167,0.004393499999423511,OPTIMAL_DUAL_OUTWARD,0.00011199999426025897,OPPOSITE_POSSIBLE,A,A,True,True,True,False,JOINT_NEW_STRICT,,,,,,
AP0,beijing,Wanliu,fixed_panel,natural,7914,2014-01-24 18:00:00,2014Q1,beijing_2014-01-24T18:00:00,24,3,constant,hist_gradient_boosting,145,168,5,20,-0.06770393697332017,0.008445547739555878,-0.05050325305481632,-0.008755136178947952,-0.05050325305479634,-0.008755136178967969,-0.050503253055114765,-0.008755136178649542,FLOAT_OUTWARD,2.4940991681859552,2.494099168185958,0.07614948471287604,0.07614948471287604,0.06770393697332017,0.008445547739555878,1,380,39,126,0.0003856999974232167,0.003922000003512949,OPTIMAL_DUAL_OUTWARD,0.0001171000039903447,OPPOSITE_POSSIBLE,A,A,True,True,True,False,JOINT_NEW_STRICT,,,,,,
AP0,beijing,Wanliu,fixed_panel,natural,7914,2014-01-24 18:00:00,2014Q1,beijing_2014-01-24T18:00:00,24,3,logistic,hist_gradient_boosting,145,168,5,20,-0.01753042304765806,0.003931498622494273,-0.0073157569573446156,-0.006283167467819181,-0.007315756957324621,-0.00628316746783918,-0.007315756957643049,-0.006283167467520752,FLOAT_OUTWARD,1.4811265830983487,1.4811265830983507,0.021461921670152335,0.02146192167015234,0.01753042304765806,0.003931498622494273,1,380,39,126,0.0003856999974232167,0.003910100000211969,OPTIMAL_DUAL_OUTWARD,0.00012469998910091817,OPPOSITE_POSSIBLE,A,A,True,True,True,False,JOINT_NEW_STRICT,,,,,,
AP0,beijing,Wanliu,fixed_panel,natural,8082,2014-01-31 18:00:00,2014Q1,beijing_2014-01-31T18:00:00,24,3,constant,logistic,145,168,0,0,0.08353436716920767,0.08353436716920767,0.08353436716918769,0.08353436716922767,0.08353436716920767,0.08353436716920767,0.08353436716888925,0.0835343671695261,FLOAT_OUTWARD,0.0,0.0,0.0,0.0,-0.08353436716920767,0.08353436716920767,0,0,0,0,2.1100000594742596e-05,1.3800003216601908e-05,ANALYTIC,0.00012179999612271786,B,B,B,False,False,False,False,NO_AMBIGUOUS_LABELS,,,,,,
AP0,beijing,Wanliu,fixed_panel,natural,8082,2014-01-31 18:00:00,2014Q1,beijing_2014-01-31T18:00:00,24,3,constant,hist_gradient_boosting,145,168,0,0,0.07827758949979476,0.07827758949979476,0.07827758949977476,0.07827758949981474,0.07827758949979462,0.07827758949979462,0.07827758949947619,0.07827758950011304,FLOAT_OUTWARD,0.0,2.0122792321330962e-14,0.0,0.0,-0.07827758949979476,0.07827758949979476,0,0,0,0,2.1100000594742596e-05,1.2899996363557875e-05,ANALYTIC,9.440000576432794e-05,B,B,B,False,False,False,False,NO_AMBIGUOUS_LABELS,,,,,,
AP0,beijing,Wanliu,fixed_panel,natural,8082,2014-01-31 18:00:00,2014Q1,beijing_2014-01-31T18:00:00,24,3,logistic,hist_gradient_boosting,145,168,0,0,-0.005256777669412948,-0.005256777669412948,-0.005256777669432941,-0.005256777669392948,-0.005256777669412951,-0.005256777669412951,-0.005256777669731379,-0.0052567776690945235,FLOAT_OUTWARD,0.0,5.030698080332741e-16,0.0,0.0,0.005256777669412948,-0.005256777669412948,0,0,0,0,2.1100000594742596e-05,1.1399999493733048e-05,ANALYTIC,8.480000542476773e-05,A,A,A,False,False,False,False,NO_AMBIGUOUS_LABELS,,,,,,
AP0,beijing,Wanliu,fixed_panel,natural,8250,2014-02-07 18:00:00,2014Q1,beijing_2014-02-07T18:00:00,24,3,constant,logistic,145,168,3,0,0.08863647213991002,0.08863647213991002,0.08863647213989002,0.08863647213992996,0.08863647213991008,0.08863647213991008,0.08863647213959165,0.0886364721402285,FLOAT_OUTWARD,8.049116928532385e-15,0.0,0.0,0.0,-0.08863647213991002,0.08863647213991002,0,0,0,0,1.9400002202019095e-05,1.340000017080456e-05,ANALYTIC,0.00011559999256860465,B,B,B,False,False,False,False,NO_AMBIGUOUS_LABELS,,,,,,
AP0,beijing,Wanliu,fixed_panel,natural,8250,2014-02-07 18:00:00,2014Q1,beijing_2014-02-07T18:00:00,24,3,constant,hist_gradient_boosting,145,168,3,0,0.09650220591022914,0.09650220591022914,0.09650220591020914,0.09650220591024913,0.09650220591022911,0.09650220591022911,0.09650220590991068,0.09650220591054753,FLOAT_OUTWARD,0.0,4.0245584642661925e-15,0.0,0.0,-0.09650220591022914,0.09650220591022914,0,0,0,0,1.9400002202019095e-05,1.2400007108226418e-05,ANALYTIC,9.529999806545675e-05,B,B,B,False,False,False,False,NO_AMBIGUOUS_LABELS,,,,,,
AP0,beijing,Wanliu,fixed_panel,natural,8250,2014-02-07 18:00:00,2014Q1,beijing_2014-02-07T18:00:00,24,3,logistic,hist_gradient_boosting,145,168,3,0,0.007865733770319126,0.007865733770319126,0.007865733770299137,0.007865733770339126,0.00786573377031915,0.00786573377031915,0.007865733770000723,0.007865733770637578,FLOAT_OUTWARD,3.5214886562329184e-15,0.0,0.0,0.0,-0.007865733770319126,0.007865733770319126,0,0,0,0,1.9400002202019095e-05,1.200000406242907e-05,ANALYTIC,8.650000381749123e-05,B,B,B,False,False,False,False,NO_AMBIGUOUS_LABELS,,,,,,
AP0,beijing,Wanliu,fixed_panel,natural,8418,2014-02-14 18:00:00,2014Q1,beijing_2014-02-14T18:00:00,24,3,constant,logistic,145,168,2,0,-0.04219013826652155,-0.04219013826652155,-0.04219013826654155,-0.04219013826650157,-0.0421901382665215,-0.0421901382665215,-0.04219013826683993,-0.042190138266203076,FLOAT_OUTWARD,7.042977312465837e-15,0.0,0.0,0.0,0.04219013826652155,-0.04219013826652155,0,0,0,0,1.960000372491777e-05,1.3600001693703234e-05,ANALYTIC,0.00011559999256860465,A,A,A,False,False,False,False,NO_AMBIGUOUS_LABELS,,,,,,
AP0,beijing,Wanliu,fixed_panel,natural,8418,2014-02-14 18:00:00,2014Q1,beijing_2014-02-14T18:00:00,24,3,constant,hist_gradient_boosting,145,168,2,0,-0.1553084361533292,-0.1553084361533292,-0.15530843615334922,-0.15530843615330922,-0.15530843615332937,-0.15530843615332937,-0.1553084361536478,-0.15530843615301093,FLOAT_OUTWARD,0.0,2.4147350785597155e-14,0.0,0.0,0.1553084361533292,-0.1553084361533292,0,0,0,0,1.960000372491777e-05,1.2800010154023767e-05,ANALYTIC,9.100000897888094e-05,A,A,A,False,False,False,False,NO_AMBIGUOUS_LABELS,,,,,,
AP0,beijing,Wanliu,fixed_panel,natural,8418,2014-02-14 18:00:00,2014Q1,beijing_2014-02-14T18:00:00,24,3,logistic,hist_gradient_boosting,145,168,2,0,-0.1131182978868076,-0.1131182978868076,-0.1131182978868276,-0.11311829788678766,-0.11311829788680756,-0.11311829788680756,-0.11311829788712599,-0.11311829788648914,FLOAT_OUTWARD,6.036837696399289e-15,0.0,0.0,0.0,0.1131182978868076,-0.1131182978868076,0,0,0,0,1.960000372491777e-05,1.200000406242907e-05,ANALYTIC,8.529999468009919e-05,A,A,A,False,False,False,False,NO_AMBIGUOUS_LABELS,,,,,,
AP0,beijing,Wanliu,fixed_panel,natural,8586,2014-02-21 18:00:00,2014Q1,beijing_2014-02-21T18:00:00,24,3,constant,logistic,145,168,15,0,0.08059558663142247,0.08059558663142247,0.08059558663140247,0.08059558663144244,0.08059558663142272,0.08059558663142272,0.08059558663110429,0.08059558663174114,FLOAT_OUTWARD,3.622102617839573e-14,0.0,0.0,0.0,-0.08059558663142247,0.08059558663142247,0,0,0,0,2.1200001356191933e-05,1.410000550094992e-05,ANALYTIC,0.00012240000069141388,B,B,B,False,False,False,False,NO_AMBIGUOUS_LABELS,,,,,,
AP0,beijing,Wanliu,fixed_panel,natural,8586,2014-02-21 18:00:00,2014Q1,beijing_2014-02-21T18:00:00,24,3,constant,hist_gradient_boosting,145,168,15,0,0.053225802842220366,0.053225802842220366,0.053225802842200375,0.05322580284224036,0.053225802842220116,0.053225802842220116,0.05322580284190169,0.05322580284253854,FLOAT_OUTWARD,0.0,3.622102617839573e-14,0.0,0.0,-0.053225802842220366,0.053225802842220366,0,0,0,0,2.1200001356191933e-05,1.3299999409355223e-05,ANALYTIC,9.689999569673091e-05,B,B,B,False,False,False,False,NO_AMBIGUOUS_LABELS,,,,,,
AP0,beijing,Wanliu,fixed_panel,natural,8586,2014-02-21 18:00:00,2014Q1,beijing_2014-02-21T18:00:00,24,3,logistic,hist_gradient_boosting,145,168,15,0,-0.0273697837892021,-0.0273697837892021,-0.027369783789222075,-0.0273697837891821,-0.0273697837892021,-0.0273697837892021,-0.02736978378952053,-0.027369783788883672,FLOAT_OUTWARD,0.0,0.0,0.0,0.0,0.0273697837892021,-0.0273697837892021,0,0,0,0,2.1200001356191933e-05,1.2100004823878407e-05,ANALYTIC,8.939999679569155e-05,A,A,A,False,False,False,False,NO_AMBIGUOUS_LABELS,,,,,,
AP0,beijing,Wanliu,fixed_panel,natural,6570,2013-11-29 18:00:00,2013Q4,beijing_2013-11-29T18:00:00,72,3,constant,logistic,97,168,2,0,0.0033936376162273336,0.0033936376162273336,0.0033936376162073336,0.00339363761624733,0.00339363761622737,0.00339363761622737,0.003393637615908942,0.003393637616545798,FLOAT_OUTWARD,3.533631720564756e-15,0.0,0.0,0.0,-0.0033936376162273336,0.0033936376162273336,0,0,0,0,2.580000727903098e-05,1.410000550094992e-05,ANALYTIC,0.0001500000071246177,B,B,B,False,False,False,False,NO_AMBIGUOUS_LABELS,,,,,,
AP0,beijing,Wanliu,fixed_panel,natural,6570,2013-11-29 18:00:00,2013Q4,beijing_2013-11-29T18:00:00,72,3,constant,hist_gradient_boosting,97,168,2,0,-0.001977387552331366,-0.001977387552331366,-0.001977387552351366,-0.001977387552311379,-0.0019773875523313843,-0.0019773875523313843,-0.0019773875526498124,-0.0019773875520129563,FLOAT_OUTWARD,0.0,1.766815860282378e-15,0.0,0.0,0.001977387552331366,-0.001977387552331366,0,0,0,0,2.580000727903098e-05,1.2299991794861853e-05,ANALYTIC,0.00011100000119768083,A,A,A,False,False,False,False,NO_AMBIGUOUS_LABELS,,,,,,
AP0,beijing,Wanliu,fixed_panel,natural,6570,2013-11-29 18:00:00,2013Q4,beijing_2013-11-29T18:00:00,72,3,logistic,hist_gradient_boosting,97,168,2,0,-0.0053710251685587,-0.0053710251685587,-0.005371025168578699,-0.00537102516853871,-0.0053710251685587,-0.0053710251685587,-0.005371025168877127,-0.005371025168240272,FLOAT_OUTWARD,0.0,0.0,0.0,0.0,0.0053710251685587,-0.0053710251685587,0,0,0,0,2.580000727903098e-05,1.889999839477241e-05,ANALYTIC,0.00014760000340174884,A,A,A,False,False,False,False,NO_AMBIGUOUS_LABELS,,,,,,
AP0,beijing,Wanliu,fixed_panel,natural,6738,2013-12-06 18:00:00,2013Q4,beijing_2013-12-06T18:00:00,72,3,constant,logistic,97,168,0,0,0.026861022966107546,0.026861022966107546,0.026861022966087545,0.026861022966127548,0.026861022966107546,0.026861022966107546,0.026861022965789117,0.026861022966425976,FLOAT_OUTWARD,0.0,0.0,0.0,0.0,-0.026861022966107546,0.026861022966107546,0,0,0,0,1.960000372491777e-05,1.3500000932253897e-05,ANALYTIC,0.00012939999578520656,B,B,B,False,False,False,False,NO_AMBIGUOUS_LABELS,,,,,,
AP0,beijing,Wanliu,fixed_panel,natural,6738,2013-12-06 18:00:00,2013Q4,beijing_2013-12-06T18:00:00,72,3,constant,hist_gradient_boosting,97,168,0,0,-0.04563765757194096,-0.04563765757194096,-0.04563765757196094,-0.04563765757192096,-0.045637657571940944,-0.045637657571940944,-0.04563765757225937,-0.04563765757162252,FLOAT_OUTWARD,1.3461454173580023e-15,0.0,0.0,0.0,0.04563765757194096,-0.04563765757194096,0,0,0,0,1.960000372491777e-05,1.2299991794861853e-05,ANALYTIC,0.00010829999519046396,A,A,A,False,False,False,False,NO_AMBIGUOUS_LABELS,,,,,,
AP0,beijing,Wanliu,fixed_panel,natural,6738,2013-12-06 18:00:00,2013Q4,beijing_2013-12-06T18:00:00,72,3,logistic,hist_gradient_boosting,97,168,0,0,-0.07249868053804852,-0.07249868053804852,-0.07249868053806849,-0.07249868053802852,-0.07249868053804852,-0.07249868053804852,-0.07249868053836694,-0.07249868053773009,FLOAT_OUTWARD,0.0,0.0,0.0,0.0,0.07249868053804852,-0.07249868053804852,0,0,0,0,1.960000372491777e-05,1.170000177808106e-05,ANALYTIC,0.00010150000161956996,A,A,A,False,False,False,False,NO_AMBIGUOUS_LABELS,,,,,,
AP0,beijing,Wanliu,fixed_panel,natural,6906,2013-12-13 18:00:00,2013Q4,beijing_2013-12-13T18:00:00,72,3,constant,logistic,97,168,2,0,0.0030540292663754284,0.0030540292663754284,0.0030540292663554284,0.0030540292663954285,0.00305402926637541,0.00305402926637541,0.003054029266056982,0.0030540292666938382,FLOAT_OUTWARD,0.0,1.766815860282378e-15,0.0,0.0,-0.0030540292663754284,0.0030540292663754284,0,0,0,0,1.9500002963468432e-05,1.340000017080456e-05,ANALYTIC,0.00012579999747686088,B,B,B,False,False,False,False,NO_AMBIGUOUS_LABELS,,,,,,
AP0,beijing,Wanliu,fixed_panel,natural,6906,2013-12-13 18:00:00,2013Q4,beijing_2013-12-13T18:00:00,72,3,constant,hist_gradient_boosting,97,168,2,0,-0.002187220261606989,-0.002187220261606989,-0.0021872202616269854,-0.0021872202615869888,-0.00218722026160697,-0.00218722026160697,-0.002187220261925398,-0.002187220261288542,FLOAT_OUTWARD,1.8088829045748156e-15,0.0,0.0,0.0,0.002187220261606989,-0.002187220261606989,0,0,0,0,1.9500002963468432e-05,1.2100004823878407e-05,ANALYTIC,0.00010219999239780009,A,A,A,False,False,False,False,NO_AMBIGUOUS_LABELS,,,,,,
AP0,beijing,Wanliu,fixed_panel,natural,6906,2013-12-13 18:00:00,2013Q4,beijing_2013-12-13T18:00:00,72,3,logistic,hist_gradient_boosting,97,168,2,0,-0.005241249527982413,-0.005241249527982413,-0.0052412495280024125,-0.005241249527962414,-0.005241249527982413,-0.005241249527982413,-0.0052412495283008405,-0.005241249527663985,FLOAT_OUTWARD,0.0,0.0,0.0,0.0,0.005241249527982413,-0.005241249527982413,0,0,0,0,1.9500002963468432e-05,1.1299998732283711e-05,ANALYTIC,9.40999889280647e-05,A,A,A,False,False,False,False,NO_AMBIGUOUS_LABELS,,,,,,
AP0,beijing,Wanliu,fixed_panel,natural,7074,2013-12-20 18:00:00,2013Q4,beijing_2013-12-20T18:00:00,72,3,constant,logistic,97,168,0,0,0.0038030713623709643,0.0038030713623709643,0.0038030713623509642,0.003803071362390949,0.0038030713623709825,0.0038030713623709825,0.0038030713620525545,0.0038030713626894105,FLOAT_OUTWARD,1.766815860282378e-15,0.0,0.0,0.0,-0.0038030713623709643,0.0038030713623709643,0,0,0,0,1.819999306462705e-05,1.309999788645655e-05,ANALYTIC,0.0001300999865634367,B,B,B,False,False,False,False,NO_AMBIGUOUS_LABELS,,,,,,
AP0,beijing,Wanliu,fixed_panel,natural,7074,2013-12-20 18:00:00,2013Q4,beijing_2013-12-20T18:00:00,72,3,constant,hist_gradient_boosting,97,168,0,0,0.0036693505129941897,0.0036693505129941897,0.0036693505129741896,0.003669350513014185,0.0036693505129941346,0.0036693505129941346,0.0036693505126757066,0.0036693505133125626,FLOAT_OUTWARD,0.0,5.342514625139572e-15,0.0,0.0,-0.0036693505129941897,0.0036693505129941897,0,0,0,0,1.819999306462705e-05,1.170000177808106e-05,ANALYTIC,9.950000094249845e-05,B,B,B,False,False,False,False,NO_AMBIGUOUS_LABELS,,,,,,
AP0,beijing,Wanliu,fixed_panel,natural,7074,2013-12-20 18:00:00,2013Q4,beijing_2013-12-20T18:00:00,72,3,logistic,hist_gradient_boosting,97,168,0,0,-0.00013372084937676292,-0.00013372084937676292,-0.00013372084939676293,-0.00013372084935676405,-0.00013372084937676292,-0.00013372084937676292,-0.00013372084969519088,-0.00013372084905833497,FLOAT_OUTWARD,0.0,0.0,0.0,0.0,0.00013372084937676292,-0.00013372084937676292,0,0,0,0,1.819999306462705e-05,1.1099997209385037e-05,ANALYTIC,9.320001117885113e-05,A,A,A,False,False,False,False,NO_AMBIGUOUS_LABELS,,,,,,
AP0,beijing,Wanliu,fixed_panel,natural,7242,2013-12-27 18:00:00,2013Q4,beijing_2013-12-27T18:00:00,72,3,constant,logistic,97,168,0,0,0.0033377681288016543,0.0033377681288016543,0.003337768128781661,0.0033377681288216544,0.0033377681288016543,0.0033377681288016543,0.0033377681284832263,0.0033377681291200823,FLOAT_OUTWARD,0.0,0.0,0.0,0.0,-0.0033377681288016543,0.0033377681288016543,0,0,0,0,1.889999839477241e-05,1.2599994079209864e-05,ANALYTIC,0.00012009999772999436,B,B,B,False,False,False,False,NO_AMBIGUOUS_LABELS,,,,,,
AP0,beijing,Wanliu,fixed_panel,natural,7242,2013-12-27 18:00:00,2013Q4,beijing_2013-12-27T18:00:00,72,3,constant,hist_gradient_boosting,97,168,0,0,0.0029165514831702606,0.0029165514831702606,0.0029165514831502606,0.0029165514831902585,0.002916551483170224,0.002916551483170224,0.002916551482851796,0.002916551483488652,FLOAT_OUTWARD,0.0,3.533631720564756e-15,0.0,0.0,-0.0029165514831702606,0.0029165514831702606,0,0,0,0,1.889999839477241e-05,1.1899988749064505e-05,ANALYTIC,0.00010469999688211828,B,B,B,False,False,False,False,NO_AMBIGUOUS_LABELS,,,,,,
AP0,beijing,Wanliu,fixed_panel,natural,7242,2013-12-27 18:00:00,2013Q4,beijing_2013-12-27T18:00:00,72,3,logistic,hist_gradient_boosting,97,168,0,0,-0.0004212166456314026,-0.0004212166456314026,-0.0004212166456514026,-0.0004212166456114026,-0.0004212166456314026,-0.0004212166456314026,-0.00042121664594983054,-0.00042121664531297463,FLOAT_OUTWARD,0.0,0.0,0.0,0.0,0.0004212166456314026,-0.0004212166456314026,0,0,0,0,1.889999839477241e-05,1.1200012522749603e-05,ANALYTIC,9.459999273531139e-05,A,A,A,False,False,False,False,NO_AMBIGUOUS_LABELS,,,,,,
AP0,beijing,Wanliu,fixed_panel,natural,7410,2014-01-03 18:00:00,2014Q1,beijing_2014-01-03T18:00:00,72,3,constant,logistic,97,168,0,0,0.001589776696870474,0.001589776696870474,0.001589776696850474,0.0015897766968904707,0.001589776696870474,0.001589776696870474,0.001589776696552046,0.001589776697188902,FLOAT_OUTWARD,0.0,0.0,0.0,0.0,-0.001589776696870474,0.001589776696870474,0,0,0,0,1.8600010662339628e-05,1.3100012438371778e-05,ANALYTIC,0.00012430000060703605,B,B,B,False,False,False,False,NO_AMBIGUOUS_LABELS,,,,,,
AP0,beijing,Wanliu,fixed_panel,natural,7410,2014-01-03 18:00:00,2014Q1,beijing_2014-01-03T18:00:00,72,3,constant,hist_gradient_boosting,97,168,0,0,0.0019776241434335214,0.0019776241434335214,0.0019776241434135236,0.0019776241434535215,0.0019776241434334937,0.0019776241434334937,0.0019776241431150657,0.0019776241437519217,FLOAT_OUTWARD,0.0,2.6922908347160046e-15,0.0,0.0,-0.0019776241434335214,0.0019776241434335214,0,0,0,0,1.8600010662339628e-05,1.1799987987615168e-05,ANALYTIC,0.00010210000618826598,B,B,B,False,False,False,False,NO_AMBIGUOUS_LABELS,,,,,,
AP0,beijing,Wanliu,fixed_panel,natural,7410,2014-01-03 18:00:00,2014Q1,beijing_2014-01-03T18:00:00,72,3,logistic,hist_gradient_boosting,97,168,0,0,0.00038784744656305414,0.00038784744656305414,0.00038784744654305414,0.000387847446583053,0.00038784744656305414,0.00038784744656305414,0.0003878474462446262,0.0003878474468814821,FLOAT_OUTWARD,0.0,0.0,0.0,0.0,-0.00038784744656305414,0.00038784744656305414,0,0,0,0,1.8600010662339628e-05,1.1500000255182385e-05,ANALYTIC,9.960000170394778e-05,B,B,B,False,False,False,False,NO_AMBIGUOUS_LABELS,,,,,,
AP0,beijing,Wanliu,fixed_panel,natural,7578,2014-01-10 18:00:00,2014Q1,beijing_2014-01-10T18:00:00,72,3,constant,logistic,97,168,2,0,0.00354564871186631,0.00354564871186631,0.00354564871184631,0.0035456487118863036,0.00354564871186631,0.00354564871186631,0.003545648711547882,0.003545648712184738,FLOAT_OUTWARD,0.0,0.0,0.0,0.0,-0.00354564871186631,0.00354564871186631,0,0,0,0,1.930000144056976e-05,1.309999788645655e-05,ANALYTIC,0.00012399999832268804,B,B,B,False,False,False,False,NO_AMBIGUOUS_LABELS,,,,,,
AP0,beijing,Wanliu,fixed_panel,natural,7578,2014-01-10 18:00:00,2014Q1,beijing_2014-01-10T18:00:00,72,3,constant,hist_gradient_boosting,97,168,2,0,0.0023965023721913524,0.0023965023721913524,0.0023965023721713593,0.0023965023722113525,0.0023965023721913524,0.0023965023721913524,0.0023965023718729244,0.0023965023725097804,FLOAT_OUTWARD,0.0,0.0,0.0,0.0,-0.0023965023721913524,0.0023965023721913524,0,0,0,0,1.930000144056976e-05,1.1299998732283711e-05,ANALYTIC,0.0001053000014508143,B,B,B,False,False,False,False,NO_AMBIGUOUS_LABELS,,,,,,
AP0,beijing,Wanliu,fixed_panel,natural,7578,2014-01-10 18:00:00,2014Q1,beijing_2014-01-10T18:00:00,72,3,logistic,hist_gradient_boosting,97,168,2,0,-0.001149146339674944,-0.001149146339674944,-0.001149146339694944,-0.001149146339654944,-0.001149146339674944,-0.001149146339674944,-0.001149146339993372,-0.001149146339356516,FLOAT_OUTWARD,0.0,0.0,0.0,0.0,0.001149146339674944,-0.001149146339674944,0,0,0,0,1.930000144056976e-05,1.0799994925037026e-05,ANALYTIC,9.519999730400741e-05,A,A,A,False,False,False,False,NO_AMBIGUOUS_LABELS,,,,,,
AP0,beijing,Wanliu,fixed_panel,natural,7746,2014-01-17 18:00:00,2014Q1,beijing_2014-01-17T18:00:00,72,3,constant,logistic,97,168,1,0,-0.005678090343139263,-0.005678090343139263,-0.0056780903431592625,-0.005678090343119263,-0.005678090343139249,-0.005678090343139249,-0.005678090343457677,-0.005678090342820821,FLOAT_OUTWARD,1.3461454173580023e-15,0.0,0.0,0.0,0.005678090343139263,-0.005678090343139263,0,0,0,0,1.8799997633323073e-05,1.2699994840659201e-05,ANALYTIC,0.00012339999375399202,A,A,A,False,False,False,False,NO_AMBIGUOUS_LABELS,,,,,,
AP0,beijing,Wanliu,fixed_panel,natural,7746,2014-01-17 18:00:00,2014Q1,beijing_2014-01-17T18:00:00,72,3,constant,hist_gradient_boosting,97,168,1,0,-0.11441091122222188,-0.11441091122222188,-0.11441091122224184,-0.11441091122220189,-0.11441091122222195,-0.11441091122222195,-0.11441091122254038,-0.11441091122190353,FLOAT_OUTWARD,0.0,6.7307270867900115e-15,0.0,0.0,0.11441091122222188,-0.11441091122222188,0,0,0,0,1.8799997633323073e-05,1.1599986464716494e-05,ANALYTIC,0.00010089999705087394,A,A,A,False,False,False,False,NO_AMBIGUOUS_LABELS,,,,,,
AP0,beijing,Wanliu,fixed_panel,natural,7746,2014-01-17 18:00:00,2014Q1,beijing_2014-01-17T18:00:00,72,3,logistic,hist_gradient_boosting,97,168,1,0,-0.10873282087908269,-0.10873282087908269,-0.10873282087910256,-0.10873282087906269,-0.10873282087908269,-0.10873282087908269,-0.10873282087940112,-0.10873282087876426,FLOAT_OUTWARD,0.0,0.0,0.0,0.0,0.10873282087908269,-0.10873282087908269,0,0,0,0,1.8799997633323073e-05,1.1500000255182385e-05,ANALYTIC,0.00010599999222904444,A,A,A,False,False,False,False,NO_AMBIGUOUS_LABELS,,,,,,
AP0,beijing,Wanliu,fixed_panel,natural,7914,2014-01-24 18:00:00,2014Q1,beijing_2014-01-24T18:00:00,72,3,constant,logistic,97,168,5,0,0.0008836656791272748,0.0008836656791272748,0.0008836656791072771,0.0008836656791472747,0.0008836656791272748,0.0008836656791272748,0.0008836656788088469,0.0008836656794457027,FLOAT_OUTWARD,0.0,0.0,0.0,0.0,-0.0008836656791272748,0.0008836656791272748,0,0,0,0,2.0699997548945248e-05,1.3600001693703234e-05,ANALYTIC,0.0001289999927394092,B,B,B,False,False,False,False,NO_AMBIGUOUS_LABELS,,,,,,
AP0,beijing,Wanliu,fixed_panel,natural,7914,2014-01-24 18:00:00,2014Q1,beijing_2014-01-24T18:00:00,72,3,constant,hist_gradient_boosting,97,168,5,0,-0.0043322795236810496,-0.0043322795236810496,-0.004332279523701049,-0.004332279523661055,-0.004332279523681031,-0.004332279523681031,-0.004332279523999459,-0.004332279523362604,FLOAT_OUTWARD,1.766815860282378e-15,0.0,0.0,0.0,0.0043322795236810496,-0.0043322795236810496,0,0,0,0,2.0699997548945248e-05,1.2300006346777081e-05,ANALYTIC,0.00011590000940486789,A,A,A,False,False,False,False,NO_AMBIGUOUS_LABELS,,,,,,
AP0,beijing,Wanliu,fixed_panel,natural,7914,2014-01-24 18:00:00,2014Q1,beijing_2014-01-24T18:00:00,72,3,logistic,hist_gradient_boosting,97,168,5,0,-0.005215945202808331,-0.005215945202808331,-0.005215945202828331,-0.005215945202788332,-0.005215945202808331,-0.005215945202808331,-0.005215945203126759,-0.005215945202489904,FLOAT_OUTWARD,0.0,0.0,0.0,0.0,0.005215945202808331,-0.005215945202808331,0,0,0,0,2.0699997548945248e-05,1.1500000255182385e-05,ANALYTIC,9.830000635702163e-05,A,A,A,False,False,False,False,NO_AMBIGUOUS_LABELS,,,,,,
AP0,beijing,Wanliu,fixed_panel,natural,8082,2014-01-31 18:00:00,2014Q1,beijing_2014-01-31T18:00:00,72,3,constant,logistic,97,168,0,0,-0.008585793373208889,-0.008585793373208889,-0.008585793373228888,-0.008585793373188893,-0.008585793373208871,-0.008585793373208871,-0.008585793373527299,-0.008585793372890444,FLOAT_OUTWARD,1.6826817716975029e-15,0.0,0.0,0.0,0.008585793373208889,-0.008585793373208889,0,0,0,0,1.8699996871873736e-05,1.2699994840659201e-05,ANALYTIC,0.0001201999984914437,A,A,A,False,False,False,False,NO_AMBIGUOUS_LABELS,,,,,,
AP0,beijing,Wanliu,fixed_panel,natural,8082,2014-01-31 18:00:00,2014Q1,beijing_2014-01-31T18:00:00,72,3,constant,hist_gradient_boosting,97,168,0,0,-0.003030026833356109,-0.003030026833356109,-0.0030300268333761033,-0.003030026833336109,-0.0030300268333560538,-0.0030300268333560538,-0.0030300268336744818,-0.0030300268330376258,FLOAT_OUTWARD,5.342514625139572e-15,0.0,0.0,0.0,0.003030026833356109,-0.003030026833356109,0,0,0,0,1.8699996871873736e-05,1.1500000255182385e-05,ANALYTIC,9.810000483412296e-05,A,A,A,False,False,False,False,NO_AMBIGUOUS_LABELS,,,,,,
AP0,beijing,Wanliu,fixed_panel,natural,8082,2014-01-31 18:00:00,2014Q1,beijing_2014-01-31T18:00:00,72,3,logistic,hist_gradient_boosting,97,168,0,0,0.005555766539852795,0.005555766539852795,0.005555766539832795,0.005555766539872788,0.005555766539852813,0.005555766539852813,0.005555766539534385,0.00555576654017124,FLOAT_OUTWARD,1.766815860282378e-15,0.0,0.0,0.0,-0.005555766539852795,0.005555766539852795,0,0,0,0,1.8699996871873736e-05,1.5700003132224083e-05,ANALYTIC,9.699999645818025e-05,B,B,B,False,False,False,False,NO_AMBIGUOUS_LABELS,,,,,,
AP0,beijing,Wanliu,fixed_panel,natural,8250,2014-02-07 18:00:00,2014Q1,beijing_2014-02-07T18:00:00,72,3,constant,logistic,97,168,3,0,0.002207108558943387,0.002207108558943387,0.002207108558923387,0.0022071085589633857,0.002207108558943387,0.002207108558943387,0.002207108558624959,0.002207108559261815,FLOAT_OUTWARD,0.0,0.0,0.0,0.0,-0.002207108558943387,0.002207108558943387,0,0,0,0,1.9499988411553204e-05,1.340000017080456e-05,ANALYTIC,0.0001244999875780195,B,B,B,False,False,False,False,NO_AMBIGUOUS_LABELS,,,,,,
AP0,beijing,Wanliu,fixed_panel,natural,8250,2014-02-07 18:00:00,2014Q1,beijing_2014-02-07T18:00:00,72,3,constant,hist_gradient_boosting,97,168,3,0,-0.001287585138572567,-0.001287585138572567,-0.001287585138592567,-0.001287585138552567,-0.001287585138572567,-0.001287585138572567,-0.001287585138890995,-0.001287585138254139,FLOAT_OUTWARD,0.0,0.0,0.0,0.0,0.001287585138572567,-0.001287585138572567,0,0,0,0,1.9499988411553204e-05,1.1800002539530396e-05,ANALYTIC,0.0001033000007737428,A,A,A,False,False,False,False,NO_AMBIGUOUS_LABELS,,,,,,
AP0,beijing,Wanliu,fixed_panel,natural,8250,2014-02-07 18:00:00,2014Q1,beijing_2014-02-07T18:00:00,72,3,logistic,hist_gradient_boosting,97,168,3,0,-0.0034946936975159483,-0.0034946936975159483,-0.0034946936975359484,-0.0034946936974959526,-0.0034946936975159665,-0.0034946936975159665,-0.0034946936978343945,-0.0034946936971975385,FLOAT_OUTWARD,0.0,1.766815860282378e-15,0.0,0.0,0.0034946936975159483,-0.0034946936975159483,0,0,0,0,1.9499988411553204e-05,1.1399999493733048e-05,ANALYTIC,9.499999578110874e-05,A,A,A,False,False,False,False,NO_AMBIGUOUS_LABELS,,,,,,
AP0,beijing,Wanliu,fixed_panel,natural,8418,2014-02-14 18:00:00,2014Q1,beijing_2014-02-14T18:00:00,72,3,constant,logistic,97,168,2,0,-0.009125473526712932,-0.009125473526712932,-0.009125473526732932,-0.009125473526692933,-0.009125473526712925,-0.009125473526712925,-0.009125473527031353,-0.009125473526394498,FLOAT_OUTWARD,6.730727086790012e-16,0.0,0.0,0.0,0.009125473526712932,-0.009125473526712932,0,0,0,0,1.8799997633323073e-05,1.2999997125007212e-05,ANALYTIC,0.00012149999383836985,A,A,A,False,False,False,False,NO_AMBIGUOUS_LABELS,,,,,,
AP0,beijing,Wanliu,fixed_panel,natural,8418,2014-02-14 18:00:00,2014Q1,beijing_2014-02-14T18:00:00,72,3,constant,hist_gradient_boosting,97,168,2,0,-0.10034854883282578,-0.10034854883282578,-0.10034854883284576,-0.10034854883280578,-0.10034854883282575,-0.10034854883282575,-0.10034854883314417,-0.10034854883250732,FLOAT_OUTWARD,2.6922908347160046e-15,0.0,0.0,0.0,0.10034854883282578,-0.10034854883282578,0,0,0,0,1.8799997633323073e-05,1.1800002539530396e-05,ANALYTIC,0.0001109000004362315,A,A,A,False,False,False,False,NO_AMBIGUOUS_LABELS,,,,,,
AP0,beijing,Wanliu,fixed_panel,natural,8418,2014-02-14 18:00:00,2014Q1,beijing_2014-02-14T18:00:00,72,3,logistic,hist_gradient_boosting,97,168,2,0,-0.09122307530611284,-0.09122307530611284,-0.09122307530613284,-0.09122307530609285,-0.09122307530611291,-0.09122307530611291,-0.09122307530643134,-0.09122307530579449,FLOAT_OUTWARD,0.0,6.7307270867900115e-15,0.0,0.0,0.09122307530611284,-0.09122307530611284,0,0,0,0,1.8799997633323073e-05,1.1100011761300266e-05,ANALYTIC,9.339999814983457e-05,A,A,A,False,False,False,False,NO_AMBIGUOUS_LABELS,,,,,,
AP0,beijing,Wanliu,fixed_panel,natural,8586,2014-02-21 18:00:00,2014Q1,beijing_2014-02-21T18:00:00,72,3,constant,logistic,97,168,15,0,0.0035814115055685957,0.0035814115055685957,0.003581411505548607,0.003581411505588596,0.003581411505568559,0.003581411505568559,0.003581411505250131,0.003581411505886987,FLOAT_OUTWARD,0.0,3.575698764857194e-15,0.0,0.0,-0.0035814115055685957,0.0035814115055685957,0,0,0,0,1.8699996871873736e-05,1.309999788645655e-05,ANALYTIC,0.00012070000229869038,B,B,B,False,False,False,False,NO_AMBIGUOUS_LABELS,,,,,,
AP0,beijing,Wanliu,fixed_panel,natural,8586,2014-02-21 18:00:00,2014Q1,beijing_2014-02-21T18:00:00,72,3,constant,hist_gradient_boosting,97,168,15,0,-0.007245027246087666,-0.007245027246087666,-0.007245027246107666,-0.0072450272460676665,-0.007245027246087664,-0.007245027246087664,-0.007245027246406092,-0.007245027245769237,FLOAT_OUTWARD,1.682681771697503e-16,0.0,0.0,0.0,0.007245027246087666,-0.007245027246087666,0,0,0,0,1.8699996871873736e-05,1.6699996194802225e-05,ANALYTIC,0.00010320000001229346,A,A,A,False,False,False,False,NO_AMBIGUOUS_LABELS,,,,,,
AP0,beijing,Wanliu,fixed_panel,natural,8586,2014-02-21 18:00:00,2014Q1,beijing_2014-02-21T18:00:00,72,3,logistic,hist_gradient_boosting,97,168,15,0,-0.010826438751656293,-0.010826438751656293,-0.010826438751676272,-0.010826438751636294,-0.010826438751656257,-0.010826438751656257,-0.010826438751974685,-0.01082643875133783,FLOAT_OUTWARD,3.533631720564756e-15,0.0,0.0,0.0,0.010826438751656293,-0.010826438751656293,0,0,0,0,1.8699996871873736e-05,1.1600001016631722e-05,ANALYTIC,0.00010089999705087394,A,A,A,False,False,False,False,NO_AMBIGUOUS_LABELS,,,,,,
AP0,beijing,Wanliu,full_station,natural,6570,2013-11-29 18:00:00,2013Q4,beijing_2013-11-29T18:00:00,24,3,constant,logistic,2167,2190,32,20,0.05849971990696495,0.062335246903622785,0.05905528878805661,0.06177967802253119,0.05905528878807682,0.06177967802251145,0.0590552887841666,0.06177967802642167,FLOAT_OUTWARD,1.203917765369408,1.2039177653682651,0.0038355269966578315,0.003835526996657831,-0.05849971990696495,0.062335246903622785,1,380,39,126,0.0003904000041075051,0.004217699999571778,OPTIMAL_DUAL_OUTWARD,0.00036929998896084726,B,B,B,False,False,False,False,INDEPENDENT_ALREADY_DIRECTED,,,,,,
AP0,beijing,Wanliu,full_station,natural,6570,2013-11-29 18:00:00,2013Q4,beijing_2013-11-29T18:00:00,24,3,constant,hist_gradient_boosting,2167,2190,32,20,0.034496299514117625,0.0395916734335302,0.035647245138548916,0.03844072780909889,0.03564724513856891,0.03844072780907882,0.03564724513465869,0.03844072781298904,FLOAT_OUTWARD,2.49409916818593,2.4940991681861404,0.005095373919412574,0.005095373919412564,-0.034496299514117625,0.0395916734335302,1,380,39,126,0.0003904000041075051,0.0039188999944599345,OPTIMAL_DUAL_OUTWARD,0.000368200009688735,B,B,B,False,False,False,False,INDEPENDENT_ALREADY_DIRECTED,,,,,,
AP0,beijing,Wanliu,full_station,natural,6570,2013-11-29 18:00:00,2013Q4,beijing_2013-11-29T18:00:00,24,3,logistic,hist_gradient_boosting,2167,2190,32,20,-0.024091535381440505,-0.022655458481499517,-0.02340804364952771,-0.023338950213412306,-0.02340804364950766,-0.023338950213432255,-0.023408043653417882,-0.023338950209522032,FLOAT_OUTWARD,1.4811265830984763,1.4811265830982432,0.0014360768999409877,0.0014360768999409734,0.024091535381440505,-0.022655458481499517,1,380,39,126,0.0003904000041075051,0.0038491000013891608,OPTIMAL_DUAL_OUTWARD,0.0003704000118887052,A,A,A,False,False,False,False,INDEPENDENT_ALREADY_DIRECTED,,,,,,
AP0,beijing,Wanliu,full_station,natural,6570,2013-11-29 18:00:00,2013Q4,beijing_2013-11-29T18:00:00,72,3,constant,logistic,2119,2190,32,0,0.0021197481258615333,0.0021197481258615333,0.0021197481258415332,0.0021197481258815247,0.002119748125861439,0.002119748125861439,0.0021197481219512176,0.0021197481297716607,FLOAT_OUTWARD,0.0,1.9941643822352084e-13,0.0,0.0,-0.0021197481258615333,0.0021197481258615333,0,0,0,0,2.950000634882599e-05,1.9499988411553204e-05,ANALYTIC,0.0005183000030228868,B,B,B,False,False,False,False,NO_AMBIGUOUS_LABELS,,,,,,
AP0,beijing,Wanliu,full_station,natural,6570,2013-11-29 18:00:00,2013Q4,beijing_2013-11-29T18:00:00,72,3,constant,hist_gradient_boosting,2119,2190,32,0,-0.01609029982725351,-0.01609029982725351,-0.016090299827273512,-0.01609029982723351,-0.016090299827253487,-0.016090299827253487,-0.01609029983116371,-0.016090299823343264,FLOAT_OUTWARD,5.146230663832796e-14,0.0,0.0,0.0,0.01609029982725351,-0.01609029982725351,0,0,0,0,2.950000634882599e-05,1.889999839477241e-05,ANALYTIC,0.000519900000654161,A,A,A,False,False,False,False,NO_AMBIGUOUS_LABELS,,,,,,
AP0,beijing,Wanliu,full_station,natural,6570,2013-11-29 18:00:00,2013Q4,beijing_2013-11-29T18:00:00,72,3,logistic,hist_gradient_boosting,2119,2190,32,0,-0.018210047953115024,-0.018210047953115024,-0.018210047953135026,-0.018210047953095037,-0.018210047953114945,-0.018210047953114945,-0.018210047957025167,-0.018210047949204722,FLOAT_OUTWARD,1.690904360973633e-13,0.0,0.0,0.0,0.018210047953115024,-0.018210047953115024,0,0,0,0,2.950000634882599e-05,1.7700003809295595e-05,ANALYTIC,0.000553700010641478,A,A,A,False,False,False,False,NO_AMBIGUOUS_LABELS,,,,,,
AP0,beijing,Wanshouxigong,fixed_panel,natural,6570,2013-11-29 18:00:00,2013Q4,beijing_2013-11-29T18:00:00,24,3,constant,logistic,145,168,1,0,0.030068469305047123,0.030068469305047123,0.03006846930502713,0.030068469305067125,0.030068469305046926,0.030068469305046926,0.030068469304728496,0.030068469305365355,FLOAT_OUTWARD,0.0,2.867497905789662e-14,0.0,0.0,-0.030068469305047123,0.030068469305047123,0,0,0,0,2.4199995095841587e-05,1.3800003216601908e-05,ANALYTIC,0.0001272999943466857,B,B,B,False,False,False,False,NO_AMBIGUOUS_LABELS,,,,,,
AP0,beijing,Wanshouxigong,fixed_panel,natural,6570,2013-11-29 18:00:00,2013Q4,beijing_2013-11-29T18:00:00,24,3,constant,hist_gradient_boosting,145,168,1,0,-0.05495674529811089,-0.05495674529811089,-0.05495674529813088,-0.054956745298090894,-0.054956745298110905,-0.054956745298110905,-0.05495674529842933,-0.05495674529779248,FLOAT_OUTWARD,0.0,2.0122792321330962e-15,0.0,0.0,0.05495674529811089,-0.05495674529811089,0,0,0,0,2.4199995095841587e-05,1.2499993317760527e-05,ANALYTIC,0.00010029999248217791,A,A,A,False,False,False,False,NO_AMBIGUOUS_LABELS,,,,,,
AP0,beijing,Wanshouxigong,fixed_panel,natural,6570,2013-11-29 18:00:00,2013Q4,beijing_2013-11-29T18:00:00,24,3,logistic,hist_gradient_boosting,145,168,1,0,-0.085025214603158,-0.085025214603158,-0.085025214603178,-0.08502521460313803,-0.08502521460315796,-0.08502521460315796,-0.08502521460347638,-0.08502521460283953,FLOAT_OUTWARD,6.036837696399289e-15,0.0,0.0,0.0,0.085025214603158,-0.085025214603158,0,0,0,0,2.4199995095841587e-05,2.2199994418770075e-05,ANALYTIC,8.800000068731606e-05,A,A,A,False,False,False,False,NO_AMBIGUOUS_LABELS,,,,,,
AP0,beijing,Wanshouxigong,fixed_panel,natural,6738,2013-12-06 18:00:00,2013Q4,beijing_2013-12-06T18:00:00,24,3,constant,logistic,145,168,0,0,0.13938818616526516,0.13938818616526516,0.13938818616524518,0.13938818616528517,0.13938818616526516,0.13938818616526516,0.13938818616494672,0.1393881861655836,FLOAT_OUTWARD,0.0,0.0,0.0,0.0,-0.13938818616526516,0.13938818616526516,0,0,0,0,2.059999678749591e-05,1.3600001693703234e-05,ANALYTIC,0.00011590000940486789,B,B,B,False,False,False,False,NO_AMBIGUOUS_LABELS,,,,,,
AP0,beijing,Wanshouxigong,fixed_panel,natural,6738,2013-12-06 18:00:00,2013Q4,beijing_2013-12-06T18:00:00,24,3,constant,hist_gradient_boosting,145,168,0,0,0.22174790794610366,0.22174790794610366,0.22174790794608365,0.22174790794612367,0.22174790794610372,0.22174790794610372,0.22174790794578528,0.22174790794642216,FLOAT_OUTWARD,8.049116928532385e-15,0.0,0.0,0.0,-0.22174790794610366,0.22174790794610366,0,0,0,0,2.059999678749591e-05,1.239999255631119e-05,ANALYTIC,9.269999281968921e-05,B,B,B,False,False,False,False,NO_AMBIGUOUS_LABELS,,,,,,
AP0,beijing,Wanshouxigong,fixed_panel,natural,6738,2013-12-06 18:00:00,2013Q4,beijing_2013-12-06T18:00:00,24,3,logistic,hist_gradient_boosting,145,168,0,0,0.08235972178083847,0.08235972178083847,0.08235972178081848,0.08235972178085847,0.08235972178083847,0.08235972178083847,0.08235972178052005,0.0823597217811569,FLOAT_OUTWARD,0.0,0.0,0.0,0.0,-0.08235972178083847,0.08235972178083847,0,0,0,0,2.059999678749591e-05,1.1899988749064505e-05,ANALYTIC,8.370001160074025e-05,B,B,B,False,False,False,False,NO_AMBIGUOUS_LABELS,,,,,,
AP0,beijing,Wanshouxigong,fixed_panel,natural,6906,2013-12-13 18:00:00,2013Q4,beijing_2013-12-13T18:00:00,24,3,constant,logistic,145,168,0,0,-0.0026831131488770678,-0.0026831131488770678,-0.002683113148897068,-0.0026831131488570742,-0.0026831131488771415,-0.0026831131488771415,-0.0026831131491955695,-0.0026831131485587135,FLOAT_OUTWARD,0.0,1.0690233420707074e-14,0.0,0.0,0.0026831131488770678,-0.0026831131488770678,0,0,0,0,2.7600006433203816e-05,1.3899989426136017e-05,ANALYTIC,0.0001410000113537535,A,A,A,False,False,False,False,NO_AMBIGUOUS_LABELS,,,,,,
AP0,beijing,Wanshouxigong,fixed_panel,natural,6906,2013-12-13 18:00:00,2013Q4,beijing_2013-12-13T18:00:00,24,3,constant,hist_gradient_boosting,145,168,0,0,-0.09532404856086554,-0.09532404856086554,-0.09532404856088554,-0.09532404856084556,-0.09532404856086556,-0.09532404856086556,-0.09532404856118398,-0.09532404856054713,FLOAT_OUTWARD,0.0,2.0122792321330962e-15,0.0,0.0,0.09532404856086554,-0.09532404856086554,0,0,0,0,2.7600006433203816e-05,1.2299991794861853e-05,ANALYTIC,0.00011079999967478216,A,A,A,False,False,False,False,NO_AMBIGUOUS_LABELS,,,,,,
AP0,beijing,Wanshouxigong,fixed_panel,natural,6906,2013-12-13 18:00:00,2013Q4,beijing_2013-12-13T18:00:00,24,3,logistic,hist_gradient_boosting,145,168,0,0,-0.09264093541198846,-0.09264093541198846,-0.09264093541200846,-0.09264093541196847,-0.09264093541198842,-0.09264093541198842,-0.09264093541230685,-0.09264093541167,FLOAT_OUTWARD,6.036837696399289e-15,0.0,0.0,0.0,0.09264093541198846,-0.09264093541198846,0,0,0,0,2.7600006433203816e-05,1.3800003216601908e-05,ANALYTIC,0.0001736999984132126,A,A,A,False,False,False,False,NO_AMBIGUOUS_LABELS,,,,,,
AP0,beijing,Wanshouxigong,fixed_panel,natural,7074,2013-12-20 18:00:00,2013Q4,beijing_2013-12-20T18:00:00,24,3,constant,logistic,145,168,0,0,0.09122922640611442,0.09122922640611442,0.09122922640609442,0.09122922640613441,0.09122922640611437,0.09122922640611437,0.09122922640579595,0.0912292264064328,FLOAT_OUTWARD,0.0,6.036837696399289e-15,0.0,0.0,-0.09122922640611442,0.09122922640611442,0,0,0,0,2.1800005924887955e-05,1.3900003978051245e-05,ANALYTIC,0.00021149999520275742,B,B,B,False,False,False,False,NO_AMBIGUOUS_LABELS,,,,,,
AP0,beijing,Wanshouxigong,fixed_panel,natural,7074,2013-12-20 18:00:00,2013Q4,beijing_2013-12-20T18:00:00,24,3,constant,hist_gradient_boosting,145,168,0,0,0.042333146205238356,0.042333146205238356,0.04233314620521836,0.04233314620525832,0.04233314620523821,0.04233314620523821,0.042333146204919785,0.042333146205556636,FLOAT_OUTWARD,0.0,2.112893193739751e-14,0.0,0.0,-0.042333146205238356,0.042333146205238356,0,0,0,0,2.1800005924887955e-05,1.2699994840659201e-05,ANALYTIC,9.629999112803489e-05,B,B,B,False,False,False,False,NO_AMBIGUOUS_LABELS,,,,,,
AP0,beijing,Wanshouxigong,fixed_panel,natural,7074,2013-12-20 18:00:00,2013Q4,beijing_2013-12-20T18:00:00,24,3,logistic,hist_gradient_boosting,145,168,0,0,-0.04889608020087609,-0.04889608020087609,-0.048896080200896086,-0.04889608020085609,-0.048896080200876116,-0.048896080200876116,-0.04889608020119454,-0.04889608020055769,FLOAT_OUTWARD,0.0,4.0245584642661925e-15,0.0,0.0,0.04889608020087609,-0.04889608020087609,0,0,0,0,2.1800005924887955e-05,1.1800002539530396e-05,ANALYTIC,8.890000754036009e-05,A,A,A,False,False,False,False,NO_AMBIGUOUS_LABELS,,,,,,
AP0,beijing,Wanshouxigong,fixed_panel,natural,7242,2013-12-27 18:00:00,2013Q4,beijing_2013-12-27T18:00:00,24,3,constant,logistic,145,168,0,0,0.028257272702941878,0.028257272702941878,0.028257272702921877,0.02825727270296188,0.028257272702941805,0.028257272702941805,0.028257272702623376,0.028257272703260235,FLOAT_OUTWARD,0.0,1.0564465968698755e-14,0.0,0.0,-0.028257272702941878,0.028257272702941878,0,0,0,0,2.030000905506313e-05,1.3599987141788006e-05,ANALYTIC,0.00011829999857582152,B,B,B,False,False,False,False,NO_AMBIGUOUS_LABELS,,,,,,
AP0,beijing,Wanshouxigong,fixed_panel,natural,7242,2013-12-27 18:00:00,2013Q4,beijing_2013-12-27T18:00:00,24,3,constant,hist_gradient_boosting,145,168,0,0,-0.031196837483802097,-0.031196837483802097,-0.0311968374838221,-0.031196837483782096,-0.031196837483802035,-0.031196837483802035,-0.031196837484120464,-0.031196837483483605,FLOAT_OUTWARD,9.055256544598933e-15,0.0,0.0,0.0,0.031196837483802097,-0.031196837483802097,0,0,0,0,2.030000905506313e-05,1.2499993317760527e-05,ANALYTIC,9.31999966269359e-05,A,A,A,False,False,False,False,NO_AMBIGUOUS_LABELS,,,,,,
AP0,beijing,Wanshouxigong,fixed_panel,natural,7242,2013-12-27 18:00:00,2013Q4,beijing_2013-12-27T18:00:00,24,3,logistic,hist_gradient_boosting,145,168,0,0,-0.05945411018674401,-0.05945411018674401,-0.05945411018676397,-0.05945411018672401,-0.05945411018674396,-0.05945411018674396,-0.059454110187062384,-0.05945411018642553,FLOAT_OUTWARD,7.042977312465837e-15,0.0,0.0,0.0,0.05945411018674401,-0.05945411018674401,0,0,0,0,2.030000905506313e-05,1.4899997040629387e-05,ANALYTIC,0.00023829999554436654,A,A,A,False,False,False,False,NO_AMBIGUOUS_LABELS,,,,,,
AP0,beijing,Wanshouxigong,fixed_panel,natural,7410,2014-01-03 18:00:00,2014Q1,beijing_2014-01-03T18:00:00,24,3,constant,logistic,145,168,0,0,0.07330600790338024,0.07330600790338024,0.07330600790336024,0.07330600790340022,0.07330600790338027,0.07330600790338027,0.07330600790306184,0.07330600790369869,FLOAT_OUTWARD,4.0245584642661925e-15,0.0,0.0,0.0,-0.07330600790338024,0.07330600790338024,0,0,0,0,2.2100008209235966e-05,1.4300007023848593e-05,ANALYTIC,0.00012650000280700624,B,B,B,False,False,False,False,NO_AMBIGUOUS_LABELS,,,,,,
AP0,beijing,Wanshouxigong,fixed_panel,natural,7410,2014-01-03 18:00:00,2014Q1,beijing_2014-01-03T18:00:00,24,3,constant,hist_gradient_boosting,145,168,0,0,0.06090200459242166,0.06090200459242166,0.060902004592401665,0.06090200459244165,0.06090200459242171,0.06090200459242171,0.060902004592103286,0.06090200459274014,FLOAT_OUTWARD,7.042977312465837e-15,0.0,0.0,0.0,-0.06090200459242166,0.06090200459242166,0,0,0,0,2.2100008209235966e-05,1.3199998647905886e-05,ANALYTIC,9.650000720284879e-05,B,B,B,False,False,False,False,NO_AMBIGUOUS_LABELS,,,,,,
AP0,beijing,Wanshouxigong,fixed_panel,natural,7410,2014-01-03 18:00:00,2014Q1,beijing_2014-01-03T18:00:00,24,3,logistic,hist_gradient_boosting,145,168,0,0,-0.012404003310958575,-0.012404003310958575,-0.01240400331097857,-0.012404003310938575,-0.01240400331095858,-0.01240400331095858,-0.012404003311277008,-0.012404003310640153,FLOAT_OUTWARD,0.0,7.546047120499111e-16,0.0,0.0,0.012404003310958575,-0.012404003310958575,0,0,0,0,2.2100008209235966e-05,1.1799987987615168e-05,ANALYTIC,8.64000030560419e-05,A,A,A,False,False,False,False,NO_AMBIGUOUS_LABELS,,,,,,
AP0,beijing,Wanshouxigong,fixed_panel,natural,7578,2014-01-10 18:00:00,2014Q1,beijing_2014-01-10T18:00:00,24,3,constant,logistic,145,168,4,0,0.057709793907651505,0.057709793907651505,0.05770979390763157,0.0577097939076715,0.05770979390765166,0.05770979390765166,0.05770979390733323,0.05770979390797008,FLOAT_OUTWARD,2.213507155346406e-14,0.0,0.0,0.0,-0.057709793907651505,0.057709793907651505,0,0,0,0,1.9700004486367106e-05,1.3700002455152571e-05,ANALYTIC,0.0001154000055976212,B,B,B,False,False,False,False,NO_AMBIGUOUS_LABELS,,,,,,
AP0,beijing,Wanshouxigong,fixed_panel,natural,7578,2014-01-10 18:00:00,2014Q1,beijing_2014-01-10T18:00:00,24,3,constant,hist_gradient_boosting,145,168,4,0,0.04356497323331918,0.04356497323331918,0.043564973233299206,0.04356497323333918,0.043564973233319426,0.043564973233319426,0.043564973233001,0.04356497323363785,FLOAT_OUTWARD,3.5214886562329184e-14,0.0,0.0,0.0,-0.04356497323331918,0.04356497323331918,0,0,0,0,1.9700004486367106e-05,1.2499993317760527e-05,ANALYTIC,9.139999747276306e-05,B,B,B,False,False,False,False,NO_AMBIGUOUS_LABELS,,,,,,
AP0,beijing,Wanshouxigong,fixed_panel,natural,7578,2014-01-10 18:00:00,2014Q1,beijing_2014-01-10T18:00:00,24,3,logistic,hist_gradient_boosting,145,168,4,0,-0.014144820674332361,-0.014144820674332361,-0.014144820674352361,-0.014144820674312365,-0.014144820674332337,-0.014144820674332337,-0.014144820674650765,-0.01414482067401391,FLOAT_OUTWARD,3.5214886562329184e-15,0.0,0.0,0.0,0.014144820674332361,-0.014144820674332361,0,0,0,0,1.9700004486367106e-05,1.1600001016631722e-05,ANALYTIC,8.38999985717237e-05,A,A,A,False,False,False,False,NO_AMBIGUOUS_LABELS,,,,,,
AP0,beijing,Wanshouxigong,fixed_panel,natural,7746,2014-01-17 18:00:00,2014Q1,beijing_2014-01-17T18:00:00,24,3,constant,logistic,145,168,16,0,0.08184996844130234,0.08184996844130234,0.08184996844128238,0.08184996844132233,0.08184996844130238,0.08184996844130238,0.08184996844098395,0.0818499684416208,FLOAT_OUTWARD,6.036837696399289e-15,0.0,0.0,0.0,-0.08184996844130234,0.08184996844130234,0,0,0,0,1.9199986127205193e-05,1.3500000932253897e-05,ANALYTIC,0.0001151999895228073,B,B,B,False,False,False,False,NO_AMBIGUOUS_LABELS,,,,,,
AP0,beijing,Wanshouxigong,fixed_panel,natural,7746,2014-01-17 18:00:00,2014Q1,beijing_2014-01-17T18:00:00,24,3,constant,hist_gradient_boosting,145,168,16,0,-0.0020922043063636517,-0.0020922043063636517,-0.0020922043063836457,-0.0020922043063436517,-0.0020922043063636704,-0.0020922043063636704,-0.0020922043066820984,-0.0020922043060452424,FLOAT_OUTWARD,0.0,2.704000218178848e-15,0.0,0.0,0.0020922043063636517,-0.0020922043063636517,0,0,0,0,1.9199986127205193e-05,1.2300006346777081e-05,ANALYTIC,9.189998672809452e-05,A,A,A,False,False,False,False,NO_AMBIGUOUS_LABELS,,,,,,
AP0,beijing,Wanshouxigong,fixed_panel,natural,7746,2014-01-17 18:00:00,2014Q1,beijing_2014-01-17T18:00:00,24,3,logistic,hist_gradient_boosting,145,168,16,0,-0.08394217274766598,-0.08394217274766598,-0.08394217274768598,-0.08394217274764601,-0.08394217274766604,-0.08394217274766604,-0.08394217274798446,-0.08394217274734761,FLOAT_OUTWARD,0.0,8.049116928532385e-15,0.0,0.0,0.08394217274766598,-0.08394217274766598,0,0,0,0,1.9199986127205193e-05,1.1799987987615168e-05,ANALYTIC,8.689999231137335e-05,A,A,A,False,False,False,False,NO_AMBIGUOUS_LABELS,,,,,,
AP0,beijing,Wanshouxigong,fixed_panel,natural,7914,2014-01-24 18:00:00,2014Q1,beijing_2014-01-24T18:00:00,24,3,constant,logistic,145,168,6,23,0.010396492159686195,0.08016527297813351,0.011855394246412162,0.07870637089140756,0.011855394246432149,0.07870637089138753,0.011855394246113721,0.07870637089170596,FLOAT_OUTWARD,0.21154080257816332,0.2115408025781676,0.06976878081844731,0.0697687808184473,-0.010396492159686195,0.08016527297813351,1,462,45,226,0.00044689999776892364,0.004893899997114204,OPTIMAL_DUAL_OUTWARD,0.00011269999959040433,B,B,B,False,False,False,False,INDEPENDENT_ALREADY_DIRECTED,,,,,,
AP0,beijing,Wanshouxigong,fixed_panel,natural,7914,2014-01-24 18:00:00,2014Q1,beijing_2014-01-24T18:00:00,24,3,constant,hist_gradient_boosting,145,168,6,23,0.029116228643512897,0.08866277668007855,0.03940491862932531,0.07837408669426608,0.039404918629345344,0.07837408669424609,0.03940491862902692,0.07837408669456451,FLOAT_OUTWARD,1.491860047945705,1.491860047945707,0.05954654803656565,0.05954654803656565,-0.029116228643512897,0.08866277668007855,1,462,45,226,0.00044689999776892364,0.004395199997816235,OPTIMAL_DUAL_OUTWARD,0.00012190001143608242,B,B,B,False,False,False,False,INDEPENDENT_ALREADY_DIRECTED,,,,,,
AP0,beijing,Wanshouxigong,fixed_panel,natural,7914,2014-01-24 18:00:00,2014Q1,beijing_2014-01-24T18:00:00,24,3,logistic,hist_gradient_boosting,145,168,6,23,-0.004877705413181053,0.03209494559895273,-0.0003322841971614636,0.027549524382933153,-0.00033228419714146517,0.027549524382913165,-0.00033228419745989313,0.027549524383231595,FLOAT_OUTWARD,0.6590860763257402,0.6590860763257365,0.03697265101213378,0.03697265101213377,0.004877705413181053,0.03209494559895273,1,462,45,226,0.00044689999776892364,0.004201700008707121,OPTIMAL_DUAL_OUTWARD,0.0001145999995060265,OPPOSITE_POSSIBLE,OPPOSITE_POSSIBLE,OPPOSITE_POSSIBLE,True,False,False,False,JOINT_OPPOSITE_POSSIBLE,,,,,,
AP0,beijing,Wanshouxigong,fixed_panel,natural,8082,2014-01-31 18:00:00,2014Q1,beijing_2014-01-31T18:00:00,24,3,constant,logistic,145,168,1,0,0.08729787952145748,0.08729787952145748,0.08729787952143749,0.08729787952147748,0.08729787952145748,0.08729787952145748,0.08729787952113906,0.08729787952177591,FLOAT_OUTWARD,0.0,0.0,0.0,0.0,-0.08729787952145748,0.08729787952145748,0,0,0,0,2.479999966453761e-05,1.410000550094992e-05,ANALYTIC,0.00013559999933931977,B,B,B,False,False,False,False,NO_AMBIGUOUS_LABELS,,,,,,
AP0,beijing,Wanshouxigong,fixed_panel,natural,8082,2014-01-31 18:00:00,2014Q1,beijing_2014-01-31T18:00:00,24,3,constant,hist_gradient_boosting,145,168,1,0,0.07750894115533705,0.07750894115533705,0.07750894115531705,0.07750894115535703,0.07750894115533691,0.07750894115533691,0.07750894115501848,0.07750894115565533,FLOAT_OUTWARD,0.0,2.0122792321330962e-14,0.0,0.0,-0.07750894115533705,0.07750894115533705,0,0,0,0,2.479999966453761e-05,1.4699995517730713e-05,ANALYTIC,9.580000187270343e-05,B,B,B,False,False,False,False,NO_AMBIGUOUS_LABELS,,,,,,
AP0,beijing,Wanshouxigong,fixed_panel,natural,8082,2014-01-31 18:00:00,2014Q1,beijing_2014-01-31T18:00:00,24,3,logistic,hist_gradient_boosting,145,168,1,0,-0.009788938366120445,-0.009788938366120445,-0.009788938366140438,-0.009788938366100446,-0.009788938366120447,-0.009788938366120447,-0.009788938366438875,-0.00978893836580202,FLOAT_OUTWARD,0.0,2.5153490401663703e-16,0.0,0.0,0.009788938366120445,-0.009788938366120445,0,0,0,0,2.479999966453761e-05,1.1900003300979733e-05,ANALYTIC,9.609998960513622e-05,A,A,A,False,False,False,False,NO_AMBIGUOUS_LABELS,,,,,,
AP0,beijing,Wanshouxigong,fixed_panel,natural,8250,2014-02-07 18:00:00,2014Q1,beijing_2014-02-07T18:00:00,24,3,constant,logistic,145,168,2,0,0.08803655462266936,0.08803655462266936,0.08803655462264938,0.08803655462268936,0.08803655462266936,0.08803655462266936,0.08803655462235094,0.08803655462298779,FLOAT_OUTWARD,0.0,0.0,0.0,0.0,-0.08803655462266936,0.08803655462266936,0,0,0,0,1.8999999156221747e-05,1.3500000932253897e-05,ANALYTIC,0.00012150000839028507,B,B,B,False,False,False,False,NO_AMBIGUOUS_LABELS,,,,,,
AP0,beijing,Wanshouxigong,fixed_panel,natural,8250,2014-02-07 18:00:00,2014Q1,beijing_2014-02-07T18:00:00,24,3,constant,hist_gradient_boosting,145,168,2,0,0.09796645284383625,0.09796645284383625,0.09796645284381626,0.09796645284385624,0.09796645284383629,0.09796645284383629,0.09796645284351786,0.09796645284415471,FLOAT_OUTWARD,6.036837696399289e-15,0.0,0.0,0.0,-0.09796645284383625,0.09796645284383625,0,0,0,0,1.8999999156221747e-05,1.200000406242907e-05,ANALYTIC,0.00010359998850617558,B,B,B,False,False,False,False,NO_AMBIGUOUS_LABELS,,,,,,
AP0,beijing,Wanshouxigong,fixed_panel,natural,8250,2014-02-07 18:00:00,2014Q1,beijing_2014-02-07T18:00:00,24,3,logistic,hist_gradient_boosting,145,168,2,0,0.009929898221166876,0.009929898221166876,0.00992989822114688,0.009929898221186876,0.009929898221166852,0.009929898221166852,0.009929898220848424,0.00992989822148528,FLOAT_OUTWARD,0.0,3.5214886562329184e-15,0.0,0.0,-0.009929898221166876,0.009929898221166876,0,0,0,0,1.8999999156221747e-05,1.1899988749064505e-05,ANALYTIC,8.38999985717237e-05,B,B,B,False,False,False,False,NO_AMBIGUOUS_LABELS,,,,,,
AP0,beijing,Wanshouxigong,fixed_panel,natural,8418,2014-02-14 18:00:00,2014Q1,beijing_2014-02-14T18:00:00,24,3,constant,logistic,145,168,18,0,-0.008913882646786797,-0.008913882646786797,-0.00891388264680679,-0.008913882646766798,-0.00891388264678692,-0.00891388264678692,-0.008913882647105348,-0.008913882646468493,FLOAT_OUTWARD,0.0,1.785897818518123e-14,0.0,0.0,0.008913882646786797,-0.008913882646786797,0,0,0,0,4.2100000428035855e-05,1.340000017080456e-05,ANALYTIC,0.00012749999586958438,A,A,A,False,False,False,False,NO_AMBIGUOUS_LABELS,,,,,,
AP0,beijing,Wanshouxigong,fixed_panel,natural,8418,2014-02-14 18:00:00,2014Q1,beijing_2014-02-14T18:00:00,24,3,constant,hist_gradient_boosting,145,168,18,0,-0.13861380830982803,-0.13861380830982803,-0.13861380830984804,-0.13861380830980807,-0.13861380830982803,-0.13861380830982803,-0.13861380831014647,-0.1386138083095096,FLOAT_OUTWARD,0.0,0.0,0.0,0.0,0.13861380830982803,-0.13861380830982803,0,0,0,0,4.2100000428035855e-05,1.3600001693703234e-05,ANALYTIC,0.00010639999527484179,A,A,A,False,False,False,False,NO_AMBIGUOUS_LABELS,,,,,,
AP0,beijing,Wanshouxigong,fixed_panel,natural,8418,2014-02-14 18:00:00,2014Q1,beijing_2014-02-14T18:00:00,24,3,logistic,hist_gradient_boosting,145,168,18,0,-0.12969992566304123,-0.12969992566304123,-0.12969992566306124,-0.12969992566302124,-0.12969992566304137,-0.12969992566304137,-0.1296999256633598,-0.12969992566272293,FLOAT_OUTWARD,0.0,2.0122792321330962e-14,0.0,0.0,0.12969992566304123,-0.12969992566304123,0,0,0,0,4.2100000428035855e-05,1.1799987987615168e-05,ANALYTIC,0.00010670001211110502,A,A,A,False,False,False,False,NO_AMBIGUOUS_LABELS,,,,,,
AP0,beijing,Wanshouxigong,fixed_panel,natural,8586,2014-02-21 18:00:00,2014Q1,beijing_2014-02-21T18:00:00,24,3,constant,logistic,145,168,17,0,0.10706354106078067,0.10706354106078067,0.10706354106076074,0.10706354106080067,0.10706354106078057,0.10706354106078057,0.10706354106046215,0.107063541061099,FLOAT_OUTWARD,0.0,1.4085954624931674e-14,0.0,0.0,-0.10706354106078067,0.10706354106078067,0,0,0,0,1.9500002963468432e-05,1.6200006939470768e-05,ANALYTIC,0.000135600013891235,B,B,B,False,False,False,False,NO_AMBIGUOUS_LABELS,,,,,,
AP0,beijing,Wanshouxigong,fixed_panel,natural,8586,2014-02-21 18:00:00,2014Q1,beijing_2014-02-21T18:00:00,24,3,constant,hist_gradient_boosting,145,168,17,0,0.08221898223164405,0.08221898223164405,0.08221898223162405,0.08221898223166403,0.08221898223164395,0.08221898223164395,0.08221898223132552,0.08221898223196238,FLOAT_OUTWARD,0.0,1.4085954624931674e-14,0.0,0.0,-0.08221898223164405,0.08221898223164405,0,0,0,0,1.9500002963468432e-05,1.1999989510513842e-05,ANALYTIC,0.00010629999451339245,B,B,B,False,False,False,False,NO_AMBIGUOUS_LABELS,,,,,,
AP0,beijing,Wanshouxigong,fixed_panel,natural,8586,2014-02-21 18:00:00,2014Q1,beijing_2014-02-21T18:00:00,24,3,logistic,hist_gradient_boosting,145,168,17,0,-0.02484455882913669,-0.02484455882913669,-0.02484455882915669,-0.0248445588291167,-0.024844558829136738,-0.024844558829136738,-0.024844558829455167,-0.02484455882881831,FLOAT_OUTWARD,0.0,7.042977312465837e-15,0.0,0.0,0.02484455882913669,-0.02484455882913669,0,0,0,0,1.9500002963468432e-05,2.3100001271814108e-05,ANALYTIC,9.279999358113855e-05,A,A,A,False,False,False,False,NO_AMBIGUOUS_LABELS,,,,,,
AP0,beijing,Wanshouxigong,fixed_panel,natural,6570,2013-11-29 18:00:00,2013Q4,beijing_2013-11-29T18:00:00,72,3,constant,logistic,97,168,1,0,0.003481489787236529,0.003481489787236529,0.003481489787216529,0.0034814897872565164,0.0034814897872364556,0.0034814897872364556,0.0034814897869180276,0.0034814897875548837,FLOAT_OUTWARD,0.0,7.10933048542195e-15,0.0,0.0,-0.003481489787236529,0.003481489787236529,0,0,0,0,4.360001184977591e-05,1.4000004739500582e-05,ANALYTIC,0.0002747000107774511,B,B,B,False,False,False,False,NO_AMBIGUOUS_LABELS,,,,,,
AP0,beijing,Wanshouxigong,fixed_panel,natural,6570,2013-11-29 18:00:00,2013Q4,beijing_2013-11-29T18:00:00,72,3,constant,hist_gradient_boosting,97,168,1,0,-0.015526339416020291,-0.015526339416020291,-0.015526339416040287,-0.015526339416000292,-0.015526339416020272,-0.015526339416020272,-0.0155263394163387,-0.015526339415701845,FLOAT_OUTWARD,1.850949948867253e-15,0.0,0.0,0.0,0.015526339416020291,-0.015526339416020291,0,0,0,0,4.360001184977591e-05,2.1700005163438618e-05,ANALYTIC,0.000109500004327856,A,A,A,False,False,False,False,NO_AMBIGUOUS_LABELS,,,,,,
AP0,beijing,Wanshouxigong,fixed_panel,natural,6570,2013-11-29 18:00:00,2013Q4,beijing_2013-11-29T18:00:00,72,3,logistic,hist_gradient_boosting,97,168,1,0,-0.019007829203256818,-0.019007829203256818,-0.019007829203276806,-0.019007829203236817,-0.019007829203256818,-0.019007829203256818,-0.019007829203575247,-0.01900782920293839,FLOAT_OUTWARD,0.0,0.0,0.0,0.0,0.019007829203256818,-0.019007829203256818,0,0,0,0,4.360001184977591e-05,1.1800002539530396e-05,ANALYTIC,0.00010130000009667128,A,A,A,False,False,False,False,NO_AMBIGUOUS_LABELS,,,,,,
AP0,beijing,Wanshouxigong,fixed_panel,natural,6738,2013-12-06 18:00:00,2013Q4,beijing_2013-12-06T18:00:00,72,3,constant,logistic,97,168,0,0,0.02117804200613973,0.02117804200613973,0.021178042006119727,0.02117804200615973,0.02117804200613972,0.02117804200613972,0.02117804200582129,0.021178042006458148,FLOAT_OUTWARD,0.0,1.0096090630185017e-15,0.0,0.0,-0.02117804200613973,0.02117804200613973,0,0,0,0,1.930000144056976e-05,1.4200006262399256e-05,ANALYTIC,0.00039539999852422625,B,B,B,False,False,False,False,NO_AMBIGUOUS_LABELS,,,,,,
AP0,beijing,Wanshouxigong,fixed_panel,natural,6738,2013-12-06 18:00:00,2013Q4,beijing_2013-12-06T18:00:00,72,3,constant,hist_gradient_boosting,97,168,0,0,-0.034429481437395396,-0.034429481437395396,-0.034429481437415387,-0.0344294814373754,-0.03442948143739542,-0.03442948143739542,-0.03442948143771385,-0.034429481437077,FLOAT_OUTWARD,0.0,2.6922908347160046e-15,0.0,0.0,0.034429481437395396,-0.034429481437395396,0,0,0,0,1.930000144056976e-05,1.2100004823878407e-05,ANALYTIC,0.00011320000339765102,A,A,A,False,False,False,False,NO_AMBIGUOUS_LABELS,,,,,,
AP0,beijing,Wanshouxigong,fixed_panel,natural,6738,2013-12-06 18:00:00,2013Q4,beijing_2013-12-06T18:00:00,72,3,logistic,hist_gradient_boosting,97,168,0,0,-0.05560752344353512,-0.05560752344353512,-0.055607523443555115,-0.05560752344351512,-0.05560752344353512,-0.05560752344353512,-0.05560752344385354,-0.05560752344321669,FLOAT_OUTWARD,0.0,0.0,0.0,0.0,0.05560752344353512,-0.05560752344353512,0,0,0,0,1.930000144056976e-05,1.1299998732283711e-05,ANALYTIC,0.00011040001118090004,A,A,A,False,False,False,False,NO_AMBIGUOUS_LABELS,,,,,,
AP0,beijing,Wanshouxigong,fixed_panel,natural,6906,2013-12-13 18:00:00,2013Q4,beijing_2013-12-13T18:00:00,72,3,constant,logistic,97,168,0,0,0.0032902224146420796,0.0032902224146420796,0.0032902224146220795,0.003290222414662067,0.0032902224146420613,0.0032902224146420613,0.0032902224143236333,0.0032902224149604893,FLOAT_OUTWARD,0.0,1.766815860282378e-15,0.0,0.0,-0.0032902224146420796,0.0032902224146420796,0,0,0,0,2.1900006686337292e-05,1.340000017080456e-05,ANALYTIC,0.00013169999874662608,B,B,B,False,False,False,False,NO_AMBIGUOUS_LABELS,,,,,,
AP0,beijing,Wanshouxigong,fixed_panel,natural,6906,2013-12-13 18:00:00,2013Q4,beijing_2013-12-13T18:00:00,72,3,constant,hist_gradient_boosting,97,168,0,0,-0.006039014197346613,-0.006039014197346613,-0.006039014197366612,-0.006039014197326614,-0.006039014197346622,-0.006039014197346622,-0.00603901419766505,-0.006039014197028195,FLOAT_OUTWARD,0.0,9.254749744336266e-16,0.0,0.0,0.006039014197346613,-0.006039014197346613,0,0,0,0,2.1900006686337292e-05,2.81000102404505e-05,ANALYTIC,0.0003029000072274357,A,A,A,False,False,False,False,NO_AMBIGUOUS_LABELS,,,,,,
AP0,beijing,Wanshouxigong,fixed_panel,natural,6906,2013-12-13 18:00:00,2013Q4,beijing_2013-12-13T18:00:00,72,3,logistic,hist_gradient_boosting,97,168,0,0,-0.009329236611988683,-0.009329236611988683,-0.009329236612008681,-0.009329236611968683,-0.009329236611988702,-0.009329236611988702,-0.00932923661230713,-0.009329236611670275,FLOAT_OUTWARD,0.0,1.850949948867253e-15,0.0,0.0,0.009329236611988683,-0.009329236611988683,0,0,0,0,2.1900006686337292e-05,2.2799998987466097e-05,ANALYTIC,0.00018569998792372644,A,A,A,False,False,False,False,NO_AMBIGUOUS_LABELS,,,,,,
AP0,beijing,Wanshouxigong,fixed_panel,natural,7074,2013-12-20 18:00:00,2013Q4,beijing_2013-12-20T18:00:00,72,3,constant,logistic,97,168,0,0,0.0038032898075201454,0.0038032898075201454,0.0038032898075001658,0.0038032898075401455,0.0038032898075201636,0.0038032898075201636,0.0038032898072017356,0.0038032898078385917,FLOAT_OUTWARD,1.766815860282378e-15,0.0,0.0,0.0,-0.0038032898075201454,0.0038032898075201454,0,0,0,0,1.930000144056976e-05,1.3299999409355223e-05,ANALYTIC,0.00012480000441428274,B,B,B,False,False,False,False,NO_AMBIGUOUS_LABELS,,,,,,
AP0,beijing,Wanshouxigong,fixed_panel,natural,7074,2013-12-20 18:00:00,2013Q4,beijing_2013-12-20T18:00:00,72,3,constant,hist_gradient_boosting,97,168,0,0,0.003512235076863655,0.003512235076863655,0.003512235076843657,0.003512235076883655,0.0035122350768636186,0.0035122350768636186,0.0035122350765451906,0.0035122350771820466,FLOAT_OUTWARD,0.0,3.533631720564756e-15,0.0,0.0,-0.003512235076863655,0.003512235076863655,0,0,0,0,1.930000144056976e-05,1.1899988749064505e-05,ANALYTIC,0.00010469999688211828,B,B,B,False,False,False,False,NO_AMBIGUOUS_LABELS,,,,,,
AP0,beijing,Wanshouxigong,fixed_panel,natural,7074,2013-12-20 18:00:00,2013Q4,beijing_2013-12-20T18:00:00,72,3,logistic,hist_gradient_boosting,97,168,0,0,-0.0002910547306565086,-0.0002910547306565086,-0.0002910547306765086,-0.0002910547306365086,-0.0002910547306565086,-0.0002910547306565086,-0.00029105473097493657,-0.00029105473033808066,FLOAT_OUTWARD,0.0,0.0,0.0,0.0,0.0002910547306565086,-0.0002910547306565086,0,0,0,0,1.930000144056976e-05,1.1199997970834374e-05,ANALYTIC,9.68000094871968e-05,A,A,A,False,False,False,False,NO_AMBIGUOUS_LABELS,,,,,,
AP0,beijing,Wanshouxigong,fixed_panel,natural,7242,2013-12-27 18:00:00,2013Q4,beijing_2013-12-27T18:00:00,72,3,constant,logistic,97,168,0,0,0.003069692799278003,0.003069692799278003,0.0030696927992580098,0.003069692799298003,0.0030696927992779665,0.0030696927992779665,0.0030696927989595385,0.0030696927995963945,FLOAT_OUTWARD,0.0,3.533631720564756e-15,0.0,0.0,-0.003069692799278003,0.003069692799278003,0,0,0,0,1.9700004486367106e-05,1.309999788645655e-05,ANALYTIC,0.00012419999984558672,B,B,B,False,False,False,False,NO_AMBIGUOUS_LABELS,,,,,,
AP0,beijing,Wanshouxigong,fixed_panel,natural,7242,2013-12-27 18:00:00,2013Q4,beijing_2013-12-27T18:00:00,72,3,constant,hist_gradient_boosting,97,168,0,0,-0.007595130807605171,-0.007595130807605171,-0.007595130807625171,-0.007595130807585173,-0.007595130807605163,-0.007595130807605163,-0.00759513080792359,-0.007595130807286735,FLOAT_OUTWARD,8.413408858487514e-16,0.0,0.0,0.0,0.007595130807605171,-0.007595130807605171,0,0,0,0,1.9700004486367106e-05,1.589999010320753e-05,ANALYTIC,0.0001002000062726438,A,A,A,False,False,False,False,NO_AMBIGUOUS_LABELS,,,,,,
AP0,beijing,Wanshouxigong,fixed_panel,natural,7242,2013-12-27 18:00:00,2013Q4,beijing_2013-12-27T18:00:00,72,3,logistic,hist_gradient_boosting,97,168,0,0,-0.010664823606883174,-0.010664823606883174,-0.010664823606903174,-0.010664823606863183,-0.010664823606883174,-0.010664823606883174,-0.010664823607201602,-0.010664823606564747,FLOAT_OUTWARD,0.0,0.0,0.0,0.0,0.010664823606883174,-0.010664823606883174,0,0,0,0,1.9700004486367106e-05,1.1299998732283711e-05,ANALYTIC,9.23000043258071e-05,A,A,A,False,False,False,False,NO_AMBIGUOUS_LABELS,,,,,,
AP0,beijing,Wanshouxigong,fixed_panel,natural,7410,2014-01-03 18:00:00,2014Q1,beijing_2014-01-03T18:00:00,72,3,constant,logistic,97,168,0,0,0.0014217362715434377,0.0014217362715434377,0.0014217362715234377,0.0014217362715634332,0.0014217362715434744,0.0014217362715434744,0.0014217362712250464,0.0014217362718619024,FLOAT_OUTWARD,3.554665242710975e-15,0.0,0.0,0.0,-0.0014217362715434377,0.0014217362715434377,0,0,0,0,1.889999839477241e-05,1.2799995602108538e-05,ANALYTIC,0.00012259998766239733,B,B,B,False,False,False,False,NO_AMBIGUOUS_LABELS,,,,,,
AP0,beijing,Wanshouxigong,fixed_panel,natural,7410,2014-01-03 18:00:00,2014Q1,beijing_2014-01-03T18:00:00,72,3,constant,hist_gradient_boosting,97,168,0,0,-0.0029811728430908305,-0.0029811728430908305,-0.0029811728431108305,-0.002981172843070832,-0.0029811728430908535,-0.0029811728430908535,-0.0029811728434092815,-0.0029811728427724254,FLOAT_OUTWARD,0.0,2.2295533474991913e-15,0.0,0.0,0.0029811728430908305,-0.0029811728430908305,0,0,0,0,1.889999839477241e-05,1.170000177808106e-05,ANALYTIC,9.910001244861633e-05,A,A,A,False,False,False,False,NO_AMBIGUOUS_LABELS,,,,,,
AP0,beijing,Wanshouxigong,fixed_panel,natural,7410,2014-01-03 18:00:00,2014Q1,beijing_2014-01-03T18:00:00,72,3,logistic,hist_gradient_boosting,97,168,0,0,-0.004402909114634264,-0.004402909114634264,-0.0044029091146542635,-0.004402909114614266,-0.004402909114634264,-0.004402909114634264,-0.0044029091149526915,-0.004402909114315836,FLOAT_OUTWARD,0.0,0.0,0.0,0.0,0.004402909114634264,-0.004402909114634264,0,0,0,0,1.889999839477241e-05,1.1199997970834374e-05,ANALYTIC,9.349999891128391e-05,A,A,A,False,False,False,False,NO_AMBIGUOUS_LABELS,,,,,,
AP0,beijing,Wanshouxigong,fixed_panel,natural,7578,2014-01-10 18:00:00,2014Q1,beijing_2014-01-10T18:00:00,72,3,constant,logistic,97,168,4,0,0.0037844260264660503,0.0037844260264660503,0.0037844260264460502,0.003784426026486032,0.0037844260264660503,0.0037844260264660503,0.0037844260261476223,0.0037844260267844783,FLOAT_OUTWARD,0.0,0.0,0.0,0.0,-0.0037844260264660503,0.0037844260264660503,0,0,0,0,2.0699997548945248e-05,1.3299999409355223e-05,ANALYTIC,0.00013169999874662608,B,B,B,False,False,False,False,NO_AMBIGUOUS_LABELS,,,,,,
AP0,beijing,Wanshouxigong,fixed_panel,natural,7578,2014-01-10 18:00:00,2014Q1,beijing_2014-01-10T18:00:00,72,3,constant,hist_gradient_boosting,97,168,4,0,0.003834422759415835,0.003834422759415835,0.003834422759395844,0.003834422759435835,0.003834422759415798,0.003834422759415798,0.00383442275909737,0.003834422759734226,FLOAT_OUTWARD,0.0,3.575698764857194e-15,0.0,0.0,-0.003834422759415835,0.003834422759415835,0,0,0,0,2.0699997548945248e-05,1.1900003300979733e-05,ANALYTIC,0.0001201999984914437,B,B,B,False,False,False,False,NO_AMBIGUOUS_LABELS,,,,,,
AP0,beijing,Wanshouxigong,fixed_panel,natural,7578,2014-01-10 18:00:00,2014Q1,beijing_2014-01-10T18:00:00,72,3,logistic,hist_gradient_boosting,97,168,4,0,4.999673294981199e-05,4.999673294981199e-05,4.999673292981199e-05,4.999673296981199e-05,4.999673294981199e-05,4.999673294981199e-05,4.999673263138404e-05,4.999673326823994e-05,FLOAT_OUTWARD,0.0,0.0,0.0,0.0,-4.999673294981199e-05,4.999673294981199e-05,0,0,0,0,2.0699997548945248e-05,1.200000406242907e-05,ANALYTIC,9.819999104365706e-05,B,B,B,False,False,False,False,NO_AMBIGUOUS_LABELS,,,,,,
AP0,beijing,Wanshouxigong,fixed_panel,natural,7746,2014-01-17 18:00:00,2014Q1,beijing_2014-01-17T18:00:00,72,3,constant,logistic,97,168,16,0,-0.0029440905424870387,-0.0029440905424870387,-0.0029440905425070388,-0.00294409054246704,-0.0029440905424870435,-0.0029440905424870435,-0.0029440905428054715,-0.0029440905421686155,FLOAT_OUTWARD,0.0,4.627374872168133e-16,0.0,0.0,0.0029440905424870387,-0.0029440905424870387,0,0,0,0,1.9499988411553204e-05,1.3500000932253897e-05,ANALYTIC,0.00012789999891538173,A,A,A,False,False,False,False,NO_AMBIGUOUS_LABELS,,,,,,
AP0,beijing,Wanshouxigong,fixed_panel,natural,7746,2014-01-17 18:00:00,2014Q1,beijing_2014-01-17T18:00:00,72,3,constant,hist_gradient_boosting,97,168,16,0,-0.19544384132614517,-0.19544384132614517,-0.19544384132616519,-0.1954438413261252,-0.1954438413261451,-0.1954438413261451,-0.19544384132646353,-0.19544384132582665,FLOAT_OUTWARD,8.076872504148014e-15,0.0,0.0,0.0,0.19544384132614517,-0.19544384132614517,0,0,0,0,1.9499988411553204e-05,1.2100004823878407e-05,ANALYTIC,0.00010429999383632094,A,A,A,False,False,False,False,NO_AMBIGUOUS_LABELS,,,,,,
AP0,beijing,Wanshouxigong,fixed_panel,natural,7746,2014-01-17 18:00:00,2014Q1,beijing_2014-01-17T18:00:00,72,3,logistic,hist_gradient_boosting,97,168,16,0,-0.1924997507836581,-0.1924997507836581,-0.19249975078367812,-0.19249975078363812,-0.19249975078365816,-0.19249975078365816,-0.1924997507839766,-0.19249975078333972,FLOAT_OUTWARD,0.0,5.384581669432009e-15,0.0,0.0,0.1924997507836581,-0.1924997507836581,0,0,0,0,1.9499988411553204e-05,1.1399999493733048e-05,ANALYTIC,9.709999721962959e-05,A,A,A,False,False,False,False,NO_AMBIGUOUS_LABELS,,,,,,
AP0,beijing,Wanshouxigong,fixed_panel,natural,7914,2014-01-24 18:00:00,2014Q1,beijing_2014-01-24T18:00:00,72,3,constant,logistic,97,168,6,0,0.0016028206004165232,0.0016028206004165232,0.0016028206003965287,0.0016028206004365232,0.0016028206004165232,0.0016028206004165232,0.0016028206000980952,0.0016028206007349512,FLOAT_OUTWARD,0.0,0.0,0.0,0.0,-0.0016028206004165232,0.0016028206004165232,0,0,0,0,1.920000067912042e-05,1.340000017080456e-05,ANALYTIC,0.00012329999299254268,B,B,B,False,False,False,False,NO_AMBIGUOUS_LABELS,,,,,,
AP0,beijing,Wanshouxigong,fixed_panel,natural,7914,2014-01-24 18:00:00,2014Q1,beijing_2014-01-24T18:00:00,72,3,constant,hist_gradient_boosting,97,168,6,0,-0.01670867323017693,-0.01670867323017693,-0.01670867323019693,-0.01670867323015693,-0.016708673230176947,-0.016708673230176947,-0.016708673230495377,-0.016708673229858518,FLOAT_OUTWARD,0.0,1.6826817716975029e-15,0.0,0.0,0.01670867323017693,-0.01670867323017693,0,0,0,0,1.920000067912042e-05,1.2199991033412516e-05,ANALYTIC,0.00010720000136643648,A,A,A,False,False,False,False,NO_AMBIGUOUS_LABELS,,,,,,
AP0,beijing,Wanshouxigong,fixed_panel,natural,7914,2014-01-24 18:00:00,2014Q1,beijing_2014-01-24T18:00:00,72,3,logistic,hist_gradient_boosting,97,168,6,0,-0.018311493830593453,-0.018311493830593453,-0.018311493830613455,-0.018311493830573455,-0.018311493830593453,-0.018311493830593453,-0.018311493830911883,-0.018311493830275024,FLOAT_OUTWARD,0.0,0.0,0.0,0.0,0.018311493830593453,-0.018311493830593453,0,0,0,0,1.920000067912042e-05,1.1500000255182385e-05,ANALYTIC,9.689999569673091e-05,A,A,A,False,False,False,False,NO_AMBIGUOUS_LABELS,,,,,,
AP0,beijing,Wanshouxigong,fixed_panel,natural,8082,2014-01-31 18:00:00,2014Q1,beijing_2014-01-31T18:00:00,72,3,constant,logistic,97,168,1,0,-0.008678538239378334,-0.008678538239378334,-0.00867853823939833,-0.008678538239358335,-0.008678538239378334,-0.008678538239378334,-0.008678538239696762,-0.008678538239059907,FLOAT_OUTWARD,0.0,0.0,0.0,0.0,0.008678538239378334,-0.008678538239378334,0,0,0,0,1.959998917300254e-05,1.309999788645655e-05,ANALYTIC,0.00012599999899975955,A,A,A,False,False,False,False,NO_AMBIGUOUS_LABELS,,,,,,
AP0,beijing,Wanshouxigong,fixed_panel,natural,8082,2014-01-31 18:00:00,2014Q1,beijing_2014-01-31T18:00:00,72,3,constant,hist_gradient_boosting,97,168,1,0,-0.021062451566753685,-0.021062451566753685,-0.021062451566773686,-0.021062451566733687,-0.021062451566753685,-0.021062451566753685,-0.021062451567072114,-0.021062451566435256,FLOAT_OUTWARD,0.0,0.0,0.0,0.0,0.021062451566753685,-0.021062451566753685,0,0,0,0,1.959998917300254e-05,1.200000406242907e-05,ANALYTIC,0.00010099999781232327,A,A,A,False,False,False,False,NO_AMBIGUOUS_LABELS,,,,,,
AP0,beijing,Wanshouxigong,fixed_panel,natural,8082,2014-01-31 18:00:00,2014Q1,beijing_2014-01-31T18:00:00,72,3,logistic,hist_gradient_boosting,97,168,1,0,-0.012383913327375356,-0.012383913327375356,-0.012383913327395355,-0.01238391332735536,-0.012383913327375368,-0.012383913327375368,-0.012383913327693796,-0.01238391332705694,FLOAT_OUTWARD,0.0,1.177877240188252e-15,0.0,0.0,0.012383913327375356,-0.012383913327375356,0,0,0,0,1.959998917300254e-05,1.1500000255182385e-05,ANALYTIC,9.560000034980476e-05,A,A,A,False,False,False,False,NO_AMBIGUOUS_LABELS,,,,,,
AP0,beijing,Wanshouxigong,fixed_panel,natural,8250,2014-02-07 18:00:00,2014Q1,beijing_2014-02-07T18:00:00,72,3,constant,logistic,97,168,2,0,0.0017440958801974264,0.0017440958801974264,0.0017440958801774264,0.001744095880217416,0.0017440958801974264,0.0017440958801974264,0.0017440958798789984,0.0017440958805158544,FLOAT_OUTWARD,0.0,0.0,0.0,0.0,-0.0017440958801974264,0.0017440958801974264,0,0,0,0,1.8100006855092943e-05,1.2699994840659201e-05,ANALYTIC,0.00012029999925289303,B,B,B,False,False,False,False,NO_AMBIGUOUS_LABELS,,,,,,
AP0,beijing,Wanshouxigong,fixed_panel,natural,8250,2014-02-07 18:00:00,2014Q1,beijing_2014-02-07T18:00:00,72,3,constant,hist_gradient_boosting,97,168,2,0,-0.0015631453232298903,-0.0015631453232298903,-0.0015631453232498903,-0.0015631453232098902,-0.0015631453232298994,-0.0015631453232298994,-0.0015631453235483274,-0.0015631453229114714,FLOAT_OUTWARD,0.0,8.83407930141189e-16,0.0,0.0,0.0015631453232298903,-0.0015631453232298903,0,0,0,0,1.8100006855092943e-05,1.3700002455152571e-05,ANALYTIC,9.959998715203255e-05,A,A,A,False,False,False,False,NO_AMBIGUOUS_LABELS,,,,,,
AP0,beijing,Wanshouxigong,fixed_panel,natural,8250,2014-02-07 18:00:00,2014Q1,beijing_2014-02-07T18:00:00,72,3,logistic,hist_gradient_boosting,97,168,2,0,-0.003307241203427311,-0.003307241203427311,-0.003307241203447306,-0.003307241203407311,-0.003307241203427274,-0.003307241203427274,-0.003307241203745702,-0.003307241203108846,FLOAT_OUTWARD,3.575698764857194e-15,0.0,0.0,0.0,0.003307241203427311,-0.003307241203427311,0,0,0,0,1.8100006855092943e-05,1.1600001016631722e-05,ANALYTIC,0.00010760000441223383,A,A,A,False,False,False,False,NO_AMBIGUOUS_LABELS,,,,,,
AP0,beijing,Wanshouxigong,fixed_panel,natural,8418,2014-02-14 18:00:00,2014Q1,beijing_2014-02-14T18:00:00,72,3,constant,logistic,97,168,18,0,-0.0093991092132259,-0.0093991092132259,-0.0093991092132459,-0.0093991092132059,-0.009399109213225908,-0.009399109213225908,-0.009399109213544336,-0.00939910921290748,FLOAT_OUTWARD,0.0,8.413408858487514e-16,0.0,0.0,0.0093991092132259,-0.0093991092132259,0,0,0,0,1.8000006093643606e-05,1.2400007108226418e-05,ANALYTIC,0.000119399992399849,A,A,A,False,False,False,False,NO_AMBIGUOUS_LABELS,,,,,,
AP0,beijing,Wanshouxigong,fixed_panel,natural,8418,2014-02-14 18:00:00,2014Q1,beijing_2014-02-14T18:00:00,72,3,constant,hist_gradient_boosting,97,168,18,0,-0.08945571652387484,-0.08945571652387484,-0.08945571652389483,-0.08945571652385488,-0.08945571652387477,-0.08945571652387477,-0.0894557165241932,-0.08945571652355634,FLOAT_OUTWARD,6.7307270867900115e-15,0.0,0.0,0.0,0.08945571652387484,-0.08945571652387484,0,0,0,0,1.8000006093643606e-05,1.170000177808106e-05,ANALYTIC,0.00010010000551119447,A,A,A,False,False,False,False,NO_AMBIGUOUS_LABELS,,,,,,
AP0,beijing,Wanshouxigong,fixed_panel,natural,8418,2014-02-14 18:00:00,2014Q1,beijing_2014-02-14T18:00:00,72,3,logistic,hist_gradient_boosting,97,168,18,0,-0.08005660731064895,-0.08005660731064895,-0.08005660731066895,-0.080056607310629,-0.080056607310649,-0.080056607310649,-0.08005660731096742,-0.08005660731033057,FLOAT_OUTWARD,0.0,4.038436252074007e-15,0.0,0.0,0.08005660731064895,-0.08005660731064895,0,0,0,0,1.8000006093643606e-05,1.1100011761300266e-05,ANALYTIC,9.329999738838524e-05,A,A,A,False,False,False,False,NO_AMBIGUOUS_LABELS,,,,,,
AP0,beijing,Wanshouxigong,fixed_panel,natural,8586,2014-02-21 18:00:00,2014Q1,beijing_2014-02-21T18:00:00,72,3,constant,logistic,97,168,17,0,0.0038045288042593945,0.0038045288042593945,0.003804528804239399,0.0038045288042793945,0.0038045288042593945,0.0038045288042593945,0.0038045288039409665,0.0038045288045778225,FLOAT_OUTWARD,0.0,0.0,0.0,0.0,-0.0038045288042593945,0.0038045288042593945,0,0,0,0,1.9099999917671084e-05,1.3299999409355223e-05,ANALYTIC,0.00012379999679978937,B,B,B,False,False,False,False,NO_AMBIGUOUS_LABELS,,,,,,
AP0,beijing,Wanshouxigong,fixed_panel,natural,8586,2014-02-21 18:00:00,2014Q1,beijing_2014-02-21T18:00:00,72,3,constant,hist_gradient_boosting,97,168,17,0,-0.005495186481717109,-0.005495186481717109,-0.0054951864817371085,-0.005495186481697109,-0.005495186481717106,-0.005495186481717106,-0.005495186482035534,-0.005495186481398679,FLOAT_OUTWARD,2.5240226575462543e-16,0.0,0.0,0.0,0.005495186481717109,-0.005495186481717109,0,0,0,0,1.9099999917671084e-05,1.2200005585327744e-05,ANALYTIC,0.00010220000694971532,A,A,A,False,False,False,False,NO_AMBIGUOUS_LABELS,,,,,,
AP0,beijing,Wanshouxigong,fixed_panel,natural,8586,2014-02-21 18:00:00,2014Q1,beijing_2014-02-21T18:00:00,72,3,logistic,hist_gradient_boosting,97,168,17,0,-0.009299715285976489,-0.009299715285976489,-0.009299715285996489,-0.009299715285956509,-0.009299715285976489,-0.009299715285976489,-0.009299715286294917,-0.009299715285658062,FLOAT_OUTWARD,0.0,0.0,0.0,0.0,0.009299715285976489,-0.009299715285976489,0,0,0,0,1.9099999917671084e-05,1.170000177808106e-05,ANALYTIC,0.00010629999451339245,A,A,A,False,False,False,False,NO_AMBIGUOUS_LABELS,,,,,,
AP0,beijing,Wanshouxigong,full_station,natural,6570,2013-11-29 18:00:00,2013Q4,beijing_2013-11-29T18:00:00,24,3,constant,logistic,2167,2190,65,27,0.06093975289642038,0.06672682349929485,0.06103737209463674,0.06662920430107852,0.061037372094656726,0.06662920430105834,0.06103737209074651,0.06662920430496856,FLOAT_OUTWARD,0.21154080257815785,0.2115408025785037,0.005787070602874464,0.005787070602874478,-0.06093975289642038,0.06672682349929485,1,471,53,223,0.0004920000064885244,0.005473900004290044,OPTIMAL_DUAL_OUTWARD,0.0003867999912472442,B,B,B,False,False,False,False,INDEPENDENT_ALREADY_DIRECTED,,,,,,
AP0,beijing,Wanshouxigong,full_station,natural,6570,2013-11-29 18:00:00,2013Q4,beijing_2013-11-29T18:00:00,24,3,constant,hist_gradient_boosting,2167,2190,65,27,0.028273776793332917,0.03320793988692114,0.028962221670076036,0.03251949501017802,0.028962221670096017,0.03251949501015796,0.028962221666185794,0.03251949501406818,FLOAT_OUTWARD,1.4918600479456365,1.4918600479458095,0.004934163093588222,0.004934163093588246,-0.028273776793332917,0.03320793988692114,1,471,53,223,0.0004920000064885244,0.005996699997922406,OPTIMAL_DUAL_OUTWARD,0.00044689999776892364,B,B,B,False,False,False,False,INDEPENDENT_ALREADY_DIRECTED,,,,,,
AP0,beijing,Wanshouxigong,full_station,natural,6570,2013-11-29 18:00:00,2013Q4,beijing_2013-11-29T18:00:00,24,3,logistic,hist_gradient_boosting,2167,2190,65,27,-0.034413856072776715,-0.03177100364268451,-0.034109709290920505,-0.03207515042454071,-0.034109709290900576,-0.03207515042456081,-0.034109709294810796,-0.03207515042065059,FLOAT_OUTWARD,0.6590860763255919,0.6590860763259377,0.002642852430092206,0.0026428524300922125,0.034413856072776715,-0.03177100364268451,1,471,53,223,0.0004920000064885244,0.004909600000246428,OPTIMAL_DUAL_OUTWARD,0.00047220000124070793,A,A,A,False,False,False,False,INDEPENDENT_ALREADY_DIRECTED,,,,,,
AP0,beijing,Wanshouxigong,full_station,natural,6570,2013-11-29 18:00:00,2013Q4,beijing_2013-11-29T18:00:00,72,3,constant,logistic,2119,2190,65,0,0.002490506737033539,0.002490506737033539,0.002490506737013539,0.0024905067370535224,0.002490506737033606,0.002490506737033606,0.0024905067331233845,0.0024905067409438275,FLOAT_OUTWARD,1.415213432554019e-13,0.0,0.0,0.0,-0.002490506737033539,0.002490506737033539,0,0,0,0,3.3499993151053786e-05,2.2599997464567423e-05,ANALYTIC,0.0005839000077685341,B,B,B,False,False,False,False,NO_AMBIGUOUS_LABELS,,,,,,
AP0,beijing,Wanshouxigong,full_station,natural,6570,2013-11-29 18:00:00,2013Q4,beijing_2013-11-29T18:00:00,72,3,constant,hist_gradient_boosting,2119,2190,65,0,-0.023001113555126133,-0.023001113555126133,-0.023001113555146134,-0.02300111355510614,-0.023001113555126122,-0.023001113555126122,-0.023001113559036345,-0.0230011135512159,FLOAT_OUTWARD,2.2055274273569125e-14,0.0,0.0,0.0,0.023001113555126133,-0.023001113555126133,0,0,0,0,3.3499993151053786e-05,2.0199993741698563e-05,ANALYTIC,0.0005416000058175996,A,A,A,False,False,False,False,NO_AMBIGUOUS_LABELS,,,,,,
AP0,beijing,Wanshouxigong,full_station,natural,6570,2013-11-29 18:00:00,2013Q4,beijing_2013-11-29T18:00:00,72,3,logistic,hist_gradient_boosting,2119,2190,65,0,-0.02549162029215966,-0.02549162029215966,-0.025491620292179662,-0.02549162029213966,-0.02549162029215961,-0.02549162029215961,-0.02549162029606983,-0.025491620288249386,FLOAT_OUTWARD,1.1027637136784563e-13,0.0,0.0,0.0,0.02549162029215966,-0.02549162029215966,0,0,0,0,3.3499993151053786e-05,1.999999221879989e-05,ANALYTIC,0.0005330999993020669,A,A,A,False,False,False,False,NO_AMBIGUOUS_LABELS,,,,,,
AP0,household,household,fixed_panel,natural,86400,2007-02-14 17:24:00,2007Q1,household_2007-02-14T17:24:00,60,5,constant,logistic,10021,10080,0,0,0.09299675577122822,0.09299675577122822,0.09299675577120822,0.09299675577124819,0.09299675577122837,0.09299675577122837,0.0929967557533027,0.09299675578915405,FLOAT_OUTWARD,1.5297624278431954e-12,0.0,0.0,0.0,-0.09299675577122822,0.09299675577122822,0,0,0,0,7.509998977184296e-05,5.5599986808374524e-05,ANALYTIC,0.0033300999930361286,B,B,B,False,False,False,False,NO_AMBIGUOUS_LABELS,,,,,,
AP0,household,household,fixed_panel,natural,86400,2007-02-14 17:24:00,2007Q1,household_2007-02-14T17:24:00,60,5,constant,hist_gradient_boosting,10021,10080,0,0,0.09875351214529539,0.09875351214529539,0.09875351214527539,0.09875351214531539,0.09875351214529547,0.09875351214529547,0.0987535121273698,0.09875351216322115,FLOAT_OUTWARD,8.34415869732652e-13,0.0,0.0,0.0,-0.09875351214529539,0.09875351214529539,0,0,0,0,7.509998977184296e-05,4.400000034365803e-05,ANALYTIC,0.0029068000003462657,B,B,B,False,False,False,False,NO_AMBIGUOUS_LABELS,,,,,,
AP0,household,household,fixed_panel,natural,86400,2007-02-14 17:24:00,2007Q1,household_2007-02-14T17:24:00,60,5,logistic,hist_gradient_boosting,10021,10080,0,0,0.005756756374067197,0.005756756374067197,0.0057567563740472,0.005756756374087197,0.005756756374067166,0.005756756374067166,0.00575675635614149,0.005756756391992843,FLOAT_OUTWARD,0.0,3.129059511497445e-13,0.0,0.0,-0.005756756374067197,0.005756756374067197,0,0,0,0,7.509998977184296e-05,5.2700008382089436e-05,ANALYTIC,0.0029904999973950908,B,B,B,False,False,False,False,NO_AMBIGUOUS_LABELS,,,,,,
AP0,household,household,fixed_panel,natural,96480,2007-02-21 17:24:00,2007Q1,household_2007-02-21T17:24:00,60,5,constant,logistic,10021,10080,2,0,0.09009013218100173,0.09009013218100173,0.09009013218098173,0.09009013218102173,0.09009013218100173,0.09009013218100173,0.09009013216307606,0.0900901321989274,FLOAT_OUTWARD,0.0,0.0,0.0,0.0,-0.09009013218100173,0.09009013218100173,0,0,0,0,8.440000237897038e-05,4.230000195093453e-05,ANALYTIC,0.0027520000003278255,B,B,B,False,False,False,False,NO_AMBIGUOUS_LABELS,,,,,,
AP0,household,household,fixed_panel,natural,96480,2007-02-21 17:24:00,2007Q1,household_2007-02-21T17:24:00,60,5,constant,hist_gradient_boosting,10021,10080,2,0,0.08846713169869697,0.08846713169869697,0.08846713169867697,0.08846713169871696,0.08846713169869705,0.08846713169869705,0.08846713168077137,0.08846713171662272,FLOAT_OUTWARD,8.34415869732652e-13,0.0,0.0,0.0,-0.08846713169869697,0.08846713169869697,0,0,0,0,8.440000237897038e-05,4.299999272916466e-05,ANALYTIC,0.003021600001375191,B,B,B,False,False,False,False,NO_AMBIGUOUS_LABELS,,,,,,
AP0,household,household,fixed_panel,natural,96480,2007-02-21 17:24:00,2007Q1,household_2007-02-21T17:24:00,60,5,logistic,hist_gradient_boosting,10021,10080,2,0,-0.0016230004823047494,-0.0016230004823047494,-0.0016230004823247495,-0.0016230004822847502,-0.0016230004823047422,-0.0016230004823047422,-0.0016230005002304192,-0.0016230004643790652,FLOAT_OUTWARD,7.170761380514978e-14,0.0,0.0,0.0,0.0016230004823047494,-0.0016230004823047494,0,0,0,0,8.440000237897038e-05,4.3199994252063334e-05,ANALYTIC,0.0030149999947752804,A,A,A,False,False,False,False,NO_AMBIGUOUS_LABELS,,,,,,
AP0,household,household,fixed_panel,natural,106560,2007-02-28 17:24:00,2007Q1,household_2007-02-28T17:24:00,60,5,constant,logistic,10021,10080,0,0,0.08647755637111566,0.08647755637111566,0.08647755637109567,0.08647755637113566,0.08647755637111569,0.08647755637111569,0.08647755635319002,0.08647755638904137,FLOAT_OUTWARD,2.7813862324421734e-13,0.0,0.0,0.0,-0.08647755637111566,0.08647755637111566,0,0,0,0,5.94000011915341e-05,6.050000956747681e-05,ANALYTIC,0.003161899992846884,B,B,B,False,False,False,False,NO_AMBIGUOUS_LABELS,,,,,,
AP0,household,household,fixed_panel,natural,106560,2007-02-28 17:24:00,2007Q1,household_2007-02-28T17:24:00,60,5,constant,hist_gradient_boosting,10021,10080,0,0,0.08788087857619026,0.08788087857619026,0.08788087857617026,0.08788087857621024,0.08788087857619027,0.08788087857619027,0.0878808785582646,0.08788087859411595,FLOAT_OUTWARD,1.3906931162210867e-13,0.0,0.0,0.0,-0.08788087857619026,0.08788087857619026,0,0,0,0,5.94000011915341e-05,4.159999662078917e-05,ANALYTIC,0.002889399998821318,B,B,B,False,False,False,False,NO_AMBIGUOUS_LABELS,,,,,,
AP0,household,household,fixed_panel,natural,106560,2007-02-28 17:24:00,2007Q1,household_2007-02-28T17:24:00,60,5,logistic,hist_gradient_boosting,10021,10080,0,0,0.0014033222050745915,0.0014033222050745915,0.0014033222050545914,0.0014033222050945902,0.0014033222050745908,0.0014033222050745908,0.0014033221871489138,0.0014033222230002678,FLOAT_OUTWARD,0.0,6.518873982286344e-15,0.0,0.0,-0.0014033222050745915,0.0014033222050745915,0,0,0,0,5.94000011915341e-05,4.7299996367655694e-05,ANALYTIC,0.002891800002544187,B,B,B,False,False,False,False,NO_AMBIGUOUS_LABELS,,,,,,
AP0,household,household,fixed_panel,natural,116640,2007-03-07 17:24:00,2007Q1,household_2007-03-07T17:24:00,60,5,constant,logistic,10021,10080,0,0,0.06085450324398871,0.06085450324398871,0.06085450324396871,0.0608545032440087,0.0608545032439888,0.0608545032439888,0.060854503226063124,0.060854503261914474,FLOAT_OUTWARD,9.039505255437064e-13,0.0,0.0,0.0,-0.06085450324398871,0.06085450324398871,0,0,0,0,5.60000044060871e-05,5.9300000430084765e-05,ANALYTIC,0.0029763000056846067,B,B,B,False,False,False,False,NO_AMBIGUOUS_LABELS,,,,,,
AP0,household,household,fixed_panel,natural,116640,2007-03-07 17:24:00,2007Q1,household_2007-03-07T17:24:00,60,5,constant,hist_gradient_boosting,10021,10080,0,0,0.07220673773205477,0.07220673773205477,0.07220673773203479,0.07220673773207477,0.072206737732055,0.072206737732055,0.07220673771412933,0.07220673774998068,FLOAT_OUTWARD,2.3641782975758474e-12,0.0,0.0,0.0,-0.07220673773205477,0.07220673773205477,0,0,0,0,5.60000044060871e-05,4.2400002712383866e-05,ANALYTIC,0.0027648999966913834,B,B,B,False,False,False,False,NO_AMBIGUOUS_LABELS,,,,,,
AP0,household,household,fixed_panel,natural,116640,2007-03-07 17:24:00,2007Q1,household_2007-03-07T17:24:00,60,5,logistic,hist_gradient_boosting,10021,10080,0,0,0.011352234488066078,0.011352234488066078,0.011352234488046078,0.011352234488086074,0.01135223448806605,0.01135223448806605,0.011352234470140374,0.011352234505991727,FLOAT_OUTWARD,0.0,2.7813862324421734e-13,0.0,0.0,-0.011352234488066078,0.011352234488066078,0,0,0,0,5.60000044060871e-05,5.950000195298344e-05,ANALYTIC,0.0028805000038119033,B,B,B,False,False,False,False,NO_AMBIGUOUS_LABELS,,,,,,
AP0,household,household,fixed_panel,natural,126720,2007-03-14 17:24:00,2007Q1,household_2007-03-14T17:24:00,60,5,constant,logistic,2821,2880,0,0,0.0596038032113166,0.0596038032113166,0.05960380321129661,0.0596038032113366,0.059603803211316635,0.059603803211316635,0.05960380320618073,0.05960380321645254,FLOAT_OUTWARD,9.787309851461146e-14,0.0,0.0,0.0,-0.0596038032113166,0.0596038032113166,0,0,0,0,5.5500000598840415e-05,2.580000727903098e-05,ANALYTIC,0.0009499000007053837,B,B,B,False,False,False,False,NO_AMBIGUOUS_LABELS,,,,,,
AP0,household,household,fixed_panel,natural,126720,2007-03-14 17:24:00,2007Q1,household_2007-03-14T17:24:00,60,5,constant,hist_gradient_boosting,2821,2880,0,0,0.06733737769043165,0.06733737769043165,0.06733737769041165,0.06733737769045162,0.06733737769043167,0.06733737769043167,0.06733737768529577,0.06733737769556758,FLOAT_OUTWARD,7.829847881168917e-14,0.0,0.0,0.0,-0.06733737769043165,0.06733737769043165,0,0,0,0,5.5500000598840415e-05,2.2400010493583977e-05,ANALYTIC,0.0008009000011952594,B,B,B,False,False,False,False,NO_AMBIGUOUS_LABELS,,,,,,
AP0,household,household,fixed_panel,natural,126720,2007-03-14 17:24:00,2007Q1,household_2007-03-14T17:24:00,60,5,logistic,hist_gradient_boosting,2821,2880,0,0,0.00773357447911503,0.00773357447911503,0.00773357447909503,0.007733574479135024,0.007733574479115027,0.007733574479115027,0.00773357447397912,0.0077335744842509345,FLOAT_OUTWARD,0.0,7.34048238859586e-15,0.0,0.0,-0.00773357447911503,0.00773357447911503,0,0,0,0,5.5500000598840415e-05,2.5200002710334957e-05,ANALYTIC,0.0009195000020554289,B,B,B,False,False,False,False,NO_AMBIGUOUS_LABELS,,,,,,
AP0,household,household,fixed_panel,natural,86400,2007-02-14 17:24:00,2007Q1,household_2007-02-14T17:24:00,180,5,constant,logistic,9901,10080,0,0,0.036852924371867116,0.036852924371867116,0.036852924371847125,0.036852924371887114,0.03685292437186707,0.03685292437186707,0.03685292435394139,0.03685292438979274,FLOAT_OUTWARD,0.0,4.809139197980983e-13,0.0,0.0,-0.036852924371867116,0.036852924371867116,0,0,0,0,8.349999552592635e-05,4.460000491235405e-05,ANALYTIC,0.007489499999792315,B,B,B,False,False,False,False,NO_AMBIGUOUS_LABELS,,,,,,
AP0,household,household,fixed_panel,natural,86400,2007-02-14 17:24:00,2007Q1,household_2007-02-14T17:24:00,180,5,constant,hist_gradient_boosting,9901,10080,0,0,0.1019663189070889,0.1019663189070889,0.1019663189070689,0.10196631890710889,0.10196631890708631,0.10196631890708631,0.10196631888916063,0.10196631892501198,FLOAT_OUTWARD,0.0,2.5694543714926965e-11,0.0,0.0,-0.1019663189070889,0.1019663189070889,0,0,0,0,8.349999552592635e-05,4.2100000428035855e-05,ANALYTIC,0.0062901000055717304,B,B,B,False,False,False,False,NO_AMBIGUOUS_LABELS,,,,,,
AP0,household,household,fixed_panel,natural,86400,2007-02-14 17:24:00,2007Q1,household_2007-02-14T17:24:00,180,5,logistic,hist_gradient_boosting,9901,10080,0,0,0.06511339453522176,0.06511339453522176,0.06511339453520176,0.06511339453524176,0.0651133945352218,0.0651133945352218,0.06511339451729613,0.06511339455314748,FLOAT_OUTWARD,4.122119312555128e-13,0.0,0.0,0.0,-0.06511339453522176,0.06511339453522176,0,0,0,0,8.349999552592635e-05,4.050000279676169e-05,ANALYTIC,0.0065159999940078706,B,B,B,False,False,False,False,NO_AMBIGUOUS_LABELS,,,,,,
AP0,household,household,fixed_panel,natural,96480,2007-02-21 17:24:00,2007Q1,household_2007-02-21T17:24:00,180,5,constant,logistic,9901,10080,2,0,0.14957269744933818,0.14957269744933818,0.14957269744931817,0.1495726974493582,0.14957269744933815,0.14957269744933815,0.14957269743141247,0.14957269746726384,FLOAT_OUTWARD,0.0,2.7480795417034187e-13,0.0,0.0,-0.14957269744933818,0.14957269744933818,0,0,0,0,6.090001261327416e-05,4.400000034365803e-05,ANALYTIC,0.00682500000402797,B,B,B,False,False,False,False,NO_AMBIGUOUS_LABELS,,,,,,
AP0,household,household,fixed_panel,natural,96480,2007-02-21 17:24:00,2007Q1,household_2007-02-21T17:24:00,180,5,constant,hist_gradient_boosting,9901,10080,2,0,0.13925084091680168,0.13925084091680168,0.13925084091678167,0.1392508409168217,0.1392508409168015,0.1392508409168015,0.13925084089887582,0.1392508409347272,FLOAT_OUTWARD,0.0,1.6488477250220512e-12,0.0,0.0,-0.13925084091680168,0.13925084091680168,0,0,0,0,6.090001261327416e-05,7.110000296961516e-05,ANALYTIC,0.00790440000128001,B,B,B,False,False,False,False,NO_AMBIGUOUS_LABELS,,,,,,
AP0,household,household,fixed_panel,natural,96480,2007-02-21 17:24:00,2007Q1,household_2007-02-21T17:24:00,180,5,logistic,hist_gradient_boosting,9901,10080,2,0,-0.01032185653253652,-0.01032185653253652,-0.010321856532556519,-0.010321856532516521,-0.010321856532536523,-0.010321856532536523,-0.0103218565504622,-0.010321856514610846,FLOAT_OUTWARD,0.0,3.4350994271292734e-14,0.0,0.0,0.01032185653253652,-0.01032185653253652,0,0,0,0,6.090001261327416e-05,4.6599991037510335e-05,ANALYTIC,0.007681000002776273,A,A,A,False,False,False,False,NO_AMBIGUOUS_LABELS,,,,,,
AP0,household,household,fixed_panel,natural,106560,2007-02-28 17:24:00,2007Q1,household_2007-02-28T17:24:00,180,5,constant,logistic,9901,10080,0,0,0.13797083922236936,0.13797083922236936,0.13797083922234935,0.13797083922238937,0.1379708392223694,0.1379708392223694,0.13797083920444372,0.1379708392402951,FLOAT_OUTWARD,5.496159083406837e-13,0.0,0.0,0.0,-0.13797083922236936,0.13797083922236936,0,0,0,0,5.839999357704073e-05,5.149999924469739e-05,ANALYTIC,0.007822499988833442,B,B,B,False,False,False,False,NO_AMBIGUOUS_LABELS,,,,,,
AP0,household,household,fixed_panel,natural,106560,2007-02-28 17:24:00,2007Q1,household_2007-02-28T17:24:00,180,5,constant,hist_gradient_boosting,9901,10080,0,0,0.1422484540888218,0.1422484540888218,0.1422484540888018,0.14224845408884182,0.14224845408882159,0.14224845408882159,0.1422484540708959,0.14224845410674727,FLOAT_OUTWARD,0.0,2.198463633362735e-12,0.0,0.0,-0.1422484540888218,0.1422484540888218,0,0,0,0,5.839999357704073e-05,0.0001697000116109848,ANALYTIC,0.007077299989759922,B,B,B,False,False,False,False,NO_AMBIGUOUS_LABELS,,,,,,
AP0,household,household,fixed_panel,natural,106560,2007-02-28 17:24:00,2007Q1,household_2007-02-28T17:24:00,180,5,logistic,hist_gradient_boosting,9901,10080,0,0,0.004277614866452433,0.004277614866452433,0.0042776148664324335,0.004277614866472431,0.004277614866452402,0.004277614866452402,0.004277614848526725,0.0042776148843780785,FLOAT_OUTWARD,0.0,3.091589484416346e-13,0.0,0.0,-0.004277614866452433,0.004277614866452433,0,0,0,0,5.839999357704073e-05,4.4200001866556704e-05,ANALYTIC,0.006637699989369139,B,B,B,False,False,False,False,NO_AMBIGUOUS_LABELS,,,,,,
AP0,household,household,fixed_panel,natural,116640,2007-03-07 17:24:00,2007Q1,household_2007-03-07T17:24:00,180,5,constant,logistic,9901,10080,0,0,0.051775031470704586,0.051775031470704586,0.05177503147068459,0.05177503147072458,0.05177503147070436,0.05177503147070436,0.05177503145277868,0.05177503148863003,FLOAT_OUTWARD,0.0,2.2671656219053204e-12,0.0,0.0,-0.051775031470704586,0.051775031470704586,0,0,0,0,6.240000948309898e-05,4.3100008042529225e-05,ANALYTIC,0.006153199996333569,B,B,B,False,False,False,False,NO_AMBIGUOUS_LABELS,,,,,,
AP0,household,household,fixed_panel,natural,116640,2007-03-07 17:24:00,2007Q1,household_2007-03-07T17:24:00,180,5,constant,hist_gradient_boosting,9901,10080,0,0,0.11610733614069346,0.11610733614069346,0.11610733614067349,0.11610733614071346,0.11610733614069367,0.11610733614069367,0.116107336122768,0.11610733615861935,FLOAT_OUTWARD,2.061059656277564e-12,0.0,0.0,0.0,-0.11610733614069346,0.11610733614069346,0,0,0,0,6.240000948309898e-05,3.9700011257082224e-05,ANALYTIC,0.005986600008327514,B,B,B,False,False,False,False,NO_AMBIGUOUS_LABELS,,,,,,
AP0,household,household,fixed_panel,natural,116640,2007-03-07 17:24:00,2007Q1,household_2007-03-07T17:24:00,180,5,logistic,hist_gradient_boosting,9901,10080,0,0,0.06433230466998889,0.06433230466998889,0.06433230466996889,0.06433230467000889,0.06433230466998889,0.06433230466998889,0.06433230465206322,0.06433230468791457,FLOAT_OUTWARD,0.0,0.0,0.0,0.0,-0.06433230466998889,0.06433230466998889,0,0,0,0,6.240000948309898e-05,4.569999873638153e-05,ANALYTIC,0.006040100008249283,B,B,B,False,False,False,False,NO_AMBIGUOUS_LABELS,,,,,,
AP0,household,household,fixed_panel,natural,126720,2007-03-14 17:24:00,2007Q1,household_2007-03-14T17:24:00,180,5,constant,logistic,2701,2880,0,0,0.037022390650255116,0.037022390650255116,0.037022390650235125,0.037022390650275114,0.037022390650255116,0.037022390650255116,0.03702239064511921,0.03702239065539102,FLOAT_OUTWARD,0.0,0.0,0.0,0.0,-0.037022390650255116,0.037022390650255116,0,0,0,0,3.890000516548753e-05,2.260001201648265e-05,ANALYTIC,0.0018005000019911677,B,B,B,False,False,False,False,NO_AMBIGUOUS_LABELS,,,,,,
AP0,household,household,fixed_panel,natural,126720,2007-03-14 17:24:00,2007Q1,household_2007-03-14T17:24:00,180,5,constant,hist_gradient_boosting,2701,2880,0,0,0.10549569969920286,0.10549569969920286,0.10549569969918286,0.10549569969922286,0.10549569969920265,0.10549569969920265,0.10549569969406675,0.10549569970433856,FLOAT_OUTWARD,0.0,5.622585730336027e-13,0.0,0.0,-0.10549569969920286,0.10549569969920286,0,0,0,0,3.890000516548753e-05,2.2200008970685303e-05,ANALYTIC,0.0017265999922528863,B,B,B,False,False,False,False,NO_AMBIGUOUS_LABELS,,,,,,
AP0,household,household,fixed_panel,natural,126720,2007-03-14 17:24:00,2007Q1,household_2007-03-14T17:24:00,180,5,logistic,hist_gradient_boosting,2701,2880,0,0,0.06847330904894774,0.06847330904894774,0.06847330904892775,0.06847330904896774,0.06847330904894772,0.06847330904894772,0.06847330904381181,0.06847330905408362,FLOAT_OUTWARD,0.0,7.49678097378137e-14,0.0,0.0,-0.06847330904894774,0.06847330904894774,0,0,0,0,3.890000516548753e-05,2.1500003640539944e-05,ANALYTIC,0.0017607999907340854,B,B,B,False,False,False,False,NO_AMBIGUOUS_LABELS,,,,,,
AP0,household,household,full_station,natural,86400,2007-02-14 17:24:00,2007Q1,household_2007-02-14T17:24:00,60,5,constant,logistic,43141,43200,2,0,0.08078465231102797,0.08078465231102797,0.08078465231100797,0.08078465231104795,0.08078465231102801,0.08078465231102801,0.0807846522342694,0.08078465238778662,FLOAT_OUTWARD,1.7961049314507704e-12,0.0,0.0,0.0,-0.08078465231102797,0.08078465231102797,0,0,0,0,0.00015419999544974416,0.0001399999891873449,ANALYTIC,0.011292199997114949,B,B,B,False,False,False,False,NO_AMBIGUOUS_LABELS,,,,,,
AP0,household,household,full_station,natural,86400,2007-02-14 17:24:00,2007Q1,household_2007-02-14T17:24:00,60,5,constant,hist_gradient_boosting,43141,43200,2,0,0.08538947850298421,0.08538947850298421,0.08538947850296423,0.08538947850300421,0.08538947850298578,0.08538947850298578,0.08538947842622717,0.0853894785797444,FLOAT_OUTWARD,6.765328575131235e-11,0.0,0.0,0.0,-0.08538947850298421,0.08538947850298421,0,0,0,0,0.00015419999544974416,0.00016999999934341758,ANALYTIC,0.010564700001850724,B,B,B,False,False,False,False,NO_AMBIGUOUS_LABELS,,,,,,
AP0,household,household,full_station,natural,86400,2007-02-14 17:24:00,2007Q1,household_2007-02-14T17:24:00,60,5,logistic,hist_gradient_boosting,43141,43200,2,0,0.004604826191956277,0.004604826191956277,0.004604826191936278,0.004604826191976276,0.004604826191956262,0.004604826191956262,0.004604826115197647,0.004604826268714877,FLOAT_OUTWARD,0.0,6.361204965554812e-13,0.0,0.0,-0.004604826191956277,0.004604826191956277,0,0,0,0,0.00015419999544974416,0.00014170000213198364,ANALYTIC,0.010468699998455122,B,B,B,False,False,False,False,NO_AMBIGUOUS_LABELS,,,,,,
AP0,household,household,full_station,natural,86400,2007-02-14 17:24:00,2007Q1,household_2007-02-14T17:24:00,180,5,constant,logistic,43021,43200,2,0,0.09003075631504019,0.09003075631504019,0.0900307563150202,0.09003075631506019,0.09003075631503965,0.09003075631503965,0.09003075623828104,0.09003075639179826,FLOAT_OUTWARD,0.0,2.3284416061919444e-11,0.0,0.0,-0.09003075631504019,0.09003075631504019,0,0,0,0,0.00018960000306833535,0.00015740000526420772,ANALYTIC,0.0256836999906227,B,B,B,False,False,False,False,NO_AMBIGUOUS_LABELS,,,,,,
AP0,household,household,full_station,natural,86400,2007-02-14 17:24:00,2007Q1,household_2007-02-14T17:24:00,180,5,constant,hist_gradient_boosting,43021,43200,2,0,0.12404127289222996,0.12404127289222996,0.12404127289220997,0.12404127289224996,0.1240412728922317,0.1240412728922317,0.12404127281547309,0.12404127296899031,FLOAT_OUTWARD,7.462953865999822e-11,0.0,0.0,0.0,-0.12404127289222996,0.12404127289222996,0,0,0,0,0.00018960000306833535,0.00015330000314861536,ANALYTIC,0.02595760000986047,B,B,B,False,False,False,False,NO_AMBIGUOUS_LABELS,,,,,,
AP0,household,household,full_station,natural,86400,2007-02-14 17:24:00,2007Q1,household_2007-02-14T17:24:00,180,5,logistic,hist_gradient_boosting,43021,43200,2,0,0.03401051657718976,0.03401051657718976,0.03401051657716976,0.03401051657720976,0.03401051657718989,0.03401051657718989,0.03401051650043128,0.034010516653948504,FLOAT_OUTWARD,5.6718449381598646e-12,0.0,0.0,0.0,-0.03401051657718976,0.03401051657718976,0,0,0,0,0.00018960000306833535,0.0001412999990861863,ANALYTIC,0.02578929999435786,B,B,B,False,False,False,False,NO_AMBIGUOUS_LABELS,,,,,,
AP0_EXTENSION,household,household,fixed_panel,natural,172800,2007-04-15 17:24:00,2007Q2,household_2007-04-15T17:24:00,60,5,constant,logistic,10021,10080,0,0,0.03146480945507203,0.03146480945507203,0.031464809455052034,0.03146480945509203,0.03146480945507204,0.03146480945507204,0.031464809437146364,0.031464809472997714,FLOAT_OUTWARD,6.953465581105434e-14,0.0,0.0,0.0,-0.03146480945507203,0.03146480945507203,0,0,0,0,0.00010209999163635075,4.429998807609081e-05,ANALYTIC,0.0028085999947506934,B,B,B,False,False,False,False,NO_AMBIGUOUS_LABELS,,,,,,
AP0_EXTENSION,household,household,fixed_panel,natural,172800,2007-04-15 17:24:00,2007Q2,household_2007-04-15T17:24:00,60,5,constant,hist_gradient_boosting,10021,10080,0,0,0.01920328051406735,0.01920328051406735,0.01920328051404735,0.019203280514087352,0.01920328051406732,0.01920328051406732,0.01920328049614164,0.019203280531992998,FLOAT_OUTWARD,0.0,3.129059511497445e-13,0.0,0.0,-0.01920328051406735,0.01920328051406735,0,0,0,0,0.00010209999163635075,6.140000186860561e-05,ANALYTIC,0.0026590999914333224,B,B,B,False,False,False,False,NO_AMBIGUOUS_LABELS,,,,,,
AP0_EXTENSION,household,household,fixed_panel,natural,172800,2007-04-15 17:24:00,2007Q2,household_2007-04-15T17:24:00,60,5,logistic,hist_gradient_boosting,10021,10080,0,0,-0.012261528941004672,-0.012261528941004672,-0.012261528941024672,-0.012261528940984675,-0.012261528941004655,-0.012261528941004655,-0.012261528958930332,-0.012261528923078979,FLOAT_OUTWARD,1.7383663952763584e-13,0.0,0.0,0.0,0.012261528941004672,-0.012261528941004672,0,0,0,0,0.00010209999163635075,4.189999890513718e-05,ANALYTIC,0.002588500006822869,A,A,A,False,False,False,False,NO_AMBIGUOUS_LABELS,,,,,,
AP0_EXTENSION,household,household,fixed_panel,natural,182880,2007-04-22 17:24:00,2007Q2,household_2007-04-22T17:24:00,60,5,constant,logistic,10021,10080,2463,2459,-0.07251968690589106,0.05651523316756101,-0.07251968690591105,0.05651523316758101,-0.07251968690588699,0.05651523316756103,-0.07251968692381267,0.05651523318548671,FLOAT_OUTWARD,4.074730830527784e-11,0.0,0.12903492007345208,0.12903492007345208,0.07251968690589106,0.05651523316756101,0,1540,111,266,0.0012051999947289005,6.27999979769811e-05,ANALYTIC,0.00431669999670703,OPPOSITE_POSSIBLE,OPPOSITE_POSSIBLE,OPPOSITE_POSSIBLE,True,False,False,False,JOINT_OPPOSITE_POSSIBLE,,,,,,
AP0_EXTENSION,household,household,fixed_panel,natural,182880,2007-04-22 17:24:00,2007Q2,household_2007-04-22T17:24:00,60,5,constant,hist_gradient_boosting,10021,10080,2463,2459,-0.05401107753323756,0.05000413062813829,-0.05401107753325756,0.049883652154372404,-0.05401107753323872,0.04988365215435264,-0.054011077551164396,0.04988365217227832,FLOAT_OUTWARD,0.0,1.2073147858059972,0.10401520816137586,0.10401520816137587,0.05401107753323756,0.05000413062813829,1,1540,111,266,0.0012051999947289005,0.006733700007316656,OPTIMAL_DUAL_OUTWARD,0.0043957000016234815,OPPOSITE_POSSIBLE,OPPOSITE_POSSIBLE,OPPOSITE_POSSIBLE,True,False,False,False,JOINT_OPPOSITE_POSSIBLE,,,,,,
AP0_EXTENSION,household,household,fixed_panel,natural,182880,2007-04-22 17:24:00,2007Q2,household_2007-04-22T17:24:00,60,5,logistic,hist_gradient_boosting,10021,10080,2463,2459,-0.007445676673686561,0.019443183506917316,-0.0074456766737065585,0.019443183506937314,-0.007445676673686646,0.019443183506916307,-0.007445676691612323,0.019443183524841985,FLOAT_OUTWARD,0.0,1.0117292420508406e-11,0.02688886018060388,0.026888860180603873,0.007445676673686561,0.019443183506917316,0,1540,111,266,0.0012051999947289005,7.000000914558768e-05,ANALYTIC,0.004766899990499951,OPPOSITE_POSSIBLE,OPPOSITE_POSSIBLE,OPPOSITE_POSSIBLE,True,False,False,False,JOINT_OPPOSITE_POSSIBLE,,,,,,
AP0_EXTENSION,household,household,fixed_panel,natural,192960,2007-04-29 17:24:00,2007Q2,household_2007-04-29T17:24:00,60,5,constant,logistic,10021,10080,1260,1256,-0.025026011266557898,0.04138821393401645,-0.0250260112665779,0.04138821393403644,-0.025026011266555844,0.04138821393401647,-0.025026011284481522,0.04138821395194214,FLOAT_OUTWARD,2.0582258120072083e-11,0.0,0.06641422520057434,0.06641422520057436,0.025026011266557898,0.04138821393401645,0,1540,111,282,0.0008746000094106421,6.410000787582248e-05,ANALYTIC,0.004170899992459454,OPPOSITE_POSSIBLE,OPPOSITE_POSSIBLE,OPPOSITE_POSSIBLE,True,False,False,False,JOINT_OPPOSITE_POSSIBLE,,,,,,
AP0_EXTENSION,household,household,fixed_panel,natural,192960,2007-04-29 17:24:00,2007Q2,household_2007-04-29T17:24:00,60,5,constant,hist_gradient_boosting,10021,10080,1260,1256,-0.03838247578665837,0.026937831469022913,-0.03838247578667836,0.026937831469042915,-0.038382475786657745,0.026937831469023038,-0.03838247580458342,0.026937831486948716,FLOAT_OUTWARD,6.25811902299489e-12,0.0,0.06532030725568128,0.06532030725568128,0.03838247578665837,0.026937831469022913,0,1540,111,282,0.0008746000094106421,5.830000736750662e-05,ANALYTIC,0.0036045000015292317,OPPOSITE_POSSIBLE,OPPOSITE_POSSIBLE,OPPOSITE_POSSIBLE,True,False,False,False,JOINT_OPPOSITE_POSSIBLE,,,,,,
AP0_EXTENSION,household,household,fixed_panel,natural,192960,2007-04-29 17:24:00,2007Q2,household_2007-04-29T17:24:00,60,5,logistic,hist_gradient_boosting,10021,10080,1260,1256,-0.014450382464993522,-0.013356464520100461,-0.014450382465013522,-0.013356464520080467,-0.014450382464993519,-0.013356464520100501,-0.014450382482919195,-0.013356464502174824,FLOAT_OUTWARD,3.476732790552717e-14,3.9982427091356243e-13,0.0010939179448930612,0.0010939179448930605,0.014450382464993522,-0.013356464520100461,0,1540,111,282,0.0008746000094106421,5.499999679159373e-05,ANALYTIC,0.0036565000045811757,A,A,A,False,False,False,False,INDEPENDENT_ALREADY_DIRECTED,,,,,,
AP0_EXTENSION,household,household,fixed_panel,natural,203040,2007-05-06 17:24:00,2007Q2,household_2007-05-06T17:24:00,60,5,constant,logistic,10021,10080,0,0,0.054973537821318794,0.054973537821318794,0.054973537821298796,0.05497353782133879,0.05497353782131894,0.05497353782131894,0.054973537803393265,0.054973537839244614,FLOAT_OUTWARD,1.460227772032141e-12,0.0,0.0,0.0,-0.054973537821318794,0.054973537821318794,0,0,0,0,6.120000034570694e-05,4.3799998820759356e-05,ANALYTIC,0.0026477000064915046,B,B,B,False,False,False,False,NO_AMBIGUOUS_LABELS,,,,,,
AP0_EXTENSION,household,household,fixed_panel,natural,203040,2007-05-06 17:24:00,2007Q2,household_2007-05-06T17:24:00,60,5,constant,hist_gradient_boosting,10021,10080,0,0,0.04835447220364562,0.04835447220364562,0.04835447220362563,0.048354472203665615,0.04835447220364537,0.04835447220364537,0.04835447218571969,0.04835447222157104,FLOAT_OUTWARD,0.0,2.503247609197956e-12,0.0,0.0,-0.04835447220364562,0.04835447220364562,0,0,0,0,6.120000034570694e-05,4.8699992476031184e-05,ANALYTIC,0.002661900012753904,B,B,B,False,False,False,False,NO_AMBIGUOUS_LABELS,,,,,,
AP0_EXTENSION,household,household,fixed_panel,natural,203040,2007-05-06 17:24:00,2007Q2,household_2007-05-06T17:24:00,60,5,logistic,hist_gradient_boosting,10021,10080,0,0,-0.006619065617673163,-0.006619065617673163,-0.006619065617693163,-0.006619065617653168,-0.006619065617673156,-0.006619065617673156,-0.006619065635598833,-0.0066190655997474795,FLOAT_OUTWARD,6.953465581105434e-14,0.0,0.0,0.0,0.006619065617673163,-0.006619065617673163,0,0,0,0,6.120000034570694e-05,4.6499990276061e-05,ANALYTIC,0.0026320000033592805,A,A,A,False,False,False,False,NO_AMBIGUOUS_LABELS,,,,,,
AP0_EXTENSION,household,household,fixed_panel,natural,213120,2007-05-13 17:24:00,2007Q2,household_2007-05-13T17:24:00,60,5,constant,logistic,10021,10080,0,0,0.031059570674833625,0.031059570674833625,0.031059570674813634,0.031059570674853626,0.031059570674833666,0.031059570674833666,0.031059570656907988,0.031059570692759345,FLOAT_OUTWARD,4.17207934866326e-13,0.0,0.0,0.0,-0.031059570674833625,0.031059570674833625,0,0,0,0,5.560000136028975e-05,4.320000880397856e-05,ANALYTIC,0.0026503999979468063,B,B,B,False,False,False,False,NO_AMBIGUOUS_LABELS,,,,,,
AP0_EXTENSION,household,household,fixed_panel,natural,213120,2007-05-13 17:24:00,2007Q2,household_2007-05-13T17:24:00,60,5,constant,hist_gradient_boosting,10021,10080,0,0,0.018793106820191037,0.018793106820191037,0.01879310682017104,0.01879310682021104,0.018793106820191148,0.018793106820191148,0.01879310680226547,0.018793106838116826,FLOAT_OUTWARD,1.1125544929768694e-12,0.0,0.0,0.0,-0.018793106820191037,0.018793106820191037,0,0,0,0,5.560000136028975e-05,4.1400009649805725e-05,ANALYTIC,0.0025680999970063567,B,B,B,False,False,False,False,NO_AMBIGUOUS_LABELS,,,,,,
AP0_EXTENSION,household,household,fixed_panel,natural,213120,2007-05-13 17:24:00,2007Q2,household_2007-05-13T17:24:00,60,5,logistic,hist_gradient_boosting,10021,10080,0,0,-0.012266463854642595,-0.012266463854642595,-0.012266463854662594,-0.012266463854622595,-0.012266463854642584,-0.012266463854642584,-0.01226646387256826,-0.012266463836716908,FLOAT_OUTWARD,1.043019837165815e-13,0.0,0.0,0.0,0.012266463854642595,-0.012266463854642595,0,0,0,0,5.560000136028975e-05,3.959999594371766e-05,ANALYTIC,0.002550299992435612,A,A,A,False,False,False,False,NO_AMBIGUOUS_LABELS,,,,,,
AP0_EXTENSION,household,household,fixed_panel,natural,223200,2007-05-20 17:24:00,2007Q2,household_2007-05-20T17:24:00,60,5,constant,logistic,10021,10080,0,0,0.05055121891243222,0.05055121891243222,0.050551218912412224,0.05055121891245222,0.05055121891243227,0.05055121891243227,0.050551218894506596,0.050551218930357945,FLOAT_OUTWARD,4.867425906773803e-13,0.0,0.0,0.0,-0.05055121891243222,0.05055121891243222,0,0,0,0,5.709999823011458e-05,4.939999780617654e-05,ANALYTIC,0.0026874000031966716,B,B,B,False,False,False,False,NO_AMBIGUOUS_LABELS,,,,,,
AP0_EXTENSION,household,household,fixed_panel,natural,223200,2007-05-20 17:24:00,2007Q2,household_2007-05-20T17:24:00,60,5,constant,hist_gradient_boosting,10021,10080,0,0,0.04749475767793684,0.04749475767793684,0.04749475767791686,0.047494757677956835,0.047494757677936636,0.047494757677936636,0.04749475766001096,0.04749475769586231,FLOAT_OUTWARD,0.0,2.0165050185205757e-12,0.0,0.0,-0.04749475767793684,0.04749475767793684,0,0,0,0,5.709999823011458e-05,4.25000034738332e-05,ANALYTIC,0.002565400005551055,B,B,B,False,False,False,False,NO_AMBIGUOUS_LABELS,,,,,,
AP0_EXTENSION,household,household,fixed_panel,natural,223200,2007-05-20 17:24:00,2007Q2,household_2007-05-20T17:24:00,60,5,logistic,hist_gradient_boosting,10021,10080,0,0,-0.0030564612344953757,-0.0030564612344953757,-0.0030564612345153727,-0.0030564612344753756,-0.003056461234495432,-0.003056461234495432,-0.003056461252421109,-0.003056461216569755,FLOAT_OUTWARD,0.0,5.649690784648165e-13,0.0,0.0,0.0030564612344953757,-0.0030564612344953757,0,0,0,0,5.709999823011458e-05,4.190001345705241e-05,ANALYTIC,0.002584500005468726,A,A,A,False,False,False,False,NO_AMBIGUOUS_LABELS,,,,,,
AP0_EXTENSION,household,household,fixed_panel,natural,233280,2007-05-27 17:24:00,2007Q2,household_2007-05-27T17:24:00,60,5,constant,logistic,10021,10080,1,0,0.04516671365675068,0.04516671365675068,0.04516671365673068,0.04516671365677068,0.04516671365675062,0.04516671365675062,0.04516671363882495,0.0451667136746763,FLOAT_OUTWARD,0.0,5.562772464884347e-13,0.0,0.0,-0.04516671365675068,0.04516671365675068,0,0,0,0,6.220000796020031e-05,4.199999966658652e-05,ANALYTIC,0.002580700005637482,B,B,B,False,False,False,False,NO_AMBIGUOUS_LABELS,,,,,,
AP0_EXTENSION,household,household,fixed_panel,natural,233280,2007-05-27 17:24:00,2007Q2,household_2007-05-27T17:24:00,60,5,constant,hist_gradient_boosting,10021,10080,1,0,0.03390141316178227,0.03390141316178227,0.033901413161762275,0.03390141316180227,0.033901413161782405,0.033901413161782405,0.03390141314385673,0.03390141317970808,FLOAT_OUTWARD,1.3211584604100324e-12,0.0,0.0,0.0,-0.03390141316178227,0.03390141316178227,0,0,0,0,6.220000796020031e-05,4.060000355821103e-05,ANALYTIC,0.002610299998195842,B,B,B,False,False,False,False,NO_AMBIGUOUS_LABELS,,,,,,
AP0_EXTENSION,household,household,fixed_panel,natural,233280,2007-05-27 17:24:00,2007Q2,household_2007-05-27T17:24:00,60,5,logistic,hist_gradient_boosting,10021,10080,1,0,-0.011265300494968412,-0.011265300494968412,-0.011265300494988412,-0.011265300494948415,-0.01126530049496843,-0.01126530049496843,-0.011265300512894106,-0.011265300477042753,FLOAT_OUTWARD,0.0,1.7383663952763584e-13,0.0,0.0,0.011265300494968412,-0.011265300494968412,0,0,0,0,6.220000796020031e-05,4.509999416768551e-05,ANALYTIC,0.0028501999913714826,A,A,A,False,False,False,False,NO_AMBIGUOUS_LABELS,,,,,,
AP0_EXTENSION,household,household,fixed_panel,natural,243360,2007-06-03 17:24:00,2007Q2,household_2007-06-03T17:24:00,60,5,constant,logistic,10021,10080,39,84,0.03710594229698127,0.040760840715638395,0.0374290424697106,0.04043774054290908,0.03742904246973062,0.04043774054288909,0.03742904245180494,0.04043774056081476,FLOAT_OUTWARD,3.2377868311212294,3.2377868311208124,0.0036548984186571265,0.0036548984186571196,-0.03710594229698127,0.040760840715638395,1,3080,167,735,0.0010551000013947487,0.010678399994503707,OPTIMAL_DUAL_OUTWARD,0.0026033000031020492,B,B,B,False,False,False,False,INDEPENDENT_ALREADY_DIRECTED,,,,,,
AP0_EXTENSION,household,household,fixed_panel,natural,243360,2007-06-03 17:24:00,2007Q2,household_2007-06-03T17:24:00,60,5,constant,hist_gradient_boosting,10021,10080,39,84,0.023819750931150716,0.024591085635098688,0.023953820650810823,0.024416420380615703,0.02399441618565373,0.02441642038059573,0.02399441616772805,0.024416420398521408,FLOAT_OUTWARD,1.7503205153746968,1.7503205153741404,0.0007713347039479714,0.0007713347039479651,-0.023819750931150716,0.024591085635098688,1,3080,167,735,0.0010551000013947487,0.009439999994356185,OPTIMAL_DUAL_OUTWARD,0.002595900004962459,B,B,B,False,False,False,False,INDEPENDENT_ALREADY_DIRECTED,,,,,,
AP0_EXTENSION,household,household,fixed_panel,natural,243360,2007-06-03 17:24:00,2007Q2,household_2007-06-03T17:24:00,60,5,logistic,hist_gradient_boosting,10021,10080,39,84,-0.0167024153380259,-0.012753531108344356,-0.01644332435725537,-0.013012622089114889,-0.01644332435723535,-0.013012622089134888,-0.01644332437516103,-0.013012622071209212,FLOAT_OUTWARD,2.596350718502096,2.5963507185019226,0.003948884229681544,0.003948884229681544,0.0167024153380259,-0.012753531108344356,1,3080,167,735,0.0010551000013947487,0.00882669999555219,OPTIMAL_DUAL_OUTWARD,0.0025997000047937036,A,A,A,False,False,False,False,INDEPENDENT_ALREADY_DIRECTED,,,,,,
AP0_EXTENSION,household,household,fixed_panel,natural,253440,2007-06-10 17:24:00,2007Q2,household_2007-06-10T17:24:00,60,5,constant,logistic,5701,5760,0,0,0.05245032977079942,0.05245032977079942,0.05245032977077942,0.05245032977081942,0.05245032977079942,0.05245032977079942,0.05245032976054761,0.052450329781051235,FLOAT_OUTWARD,0.0,0.0,0.0,0.0,-0.05245032977079942,0.05245032977079942,0,0,0,0,4.530001024249941e-05,4.939999780617654e-05,ANALYTIC,0.0015813000063644722,B,B,B,False,False,False,False,NO_AMBIGUOUS_LABELS,,,,,,
AP0_EXTENSION,household,household,fixed_panel,natural,253440,2007-06-10 17:24:00,2007Q2,household_2007-06-10T17:24:00,60,5,constant,hist_gradient_boosting,5701,5760,0,0,0.006629252861509716,0.006629252861509716,0.006629252861489719,0.006629252861529716,0.006629252861509718,0.006629252861509718,0.006629252851257903,0.006629252871761533,FLOAT_OUTWARD,9.889658536543777e-15,0.0,0.0,0.0,-0.006629252861509716,0.006629252861509716,0,0,0,0,4.530001024249941e-05,3.070000093430281e-05,ANALYTIC,0.0015106999926501885,B,B,B,False,False,False,False,NO_AMBIGUOUS_LABELS,,,,,,
AP0_EXTENSION,household,household,fixed_panel,natural,253440,2007-06-10 17:24:00,2007Q2,household_2007-06-10T17:24:00,60,5,logistic,hist_gradient_boosting,5701,5760,0,0,-0.0458210769092897,-0.0458210769092897,-0.0458210769093097,-0.0458210769092697,-0.0458210769092897,-0.0458210769092897,-0.045821076919541515,-0.04582107689903789,FLOAT_OUTWARD,0.0,0.0,0.0,0.0,0.0458210769092897,-0.0458210769092897,0,0,0,0,4.530001024249941e-05,3.139999171253294e-05,ANALYTIC,0.001483400003053248,A,A,A,False,False,False,False,NO_AMBIGUOUS_LABELS,,,,,,
AP0_EXTENSION,household,household,fixed_panel,natural,172800,2007-04-15 17:24:00,2007Q2,household_2007-04-15T17:24:00,180,5,constant,logistic,9901,10080,0,0,0.04785069138498884,0.04785069138498884,0.04785069138496884,0.047850691385008824,0.04785069138498886,0.04785069138498886,0.047850691367063186,0.047850691402914536,FLOAT_OUTWARD,2.061059656277564e-13,0.0,0.0,0.0,-0.04785069138498884,0.04785069138498884,0,0,0,0,7.069999992381781e-05,4.949999856762588e-05,ANALYTIC,0.007349199993768707,B,B,B,False,False,False,False,NO_AMBIGUOUS_LABELS,,,,,,
AP0_EXTENSION,household,household,fixed_panel,natural,172800,2007-04-15 17:24:00,2007Q2,household_2007-04-15T17:24:00,180,5,constant,hist_gradient_boosting,9901,10080,0,0,0.04316762101796736,0.04316762101796736,0.04316762101794736,0.043167621017987344,0.04316762101796729,0.04316762101796729,0.043167621000041616,0.043167621035892965,FLOAT_OUTWARD,0.0,6.870198854258547e-13,0.0,0.0,-0.04316762101796736,0.04316762101796736,0,0,0,0,7.069999992381781e-05,4.469999112188816e-05,ANALYTIC,0.00682349999260623,B,B,B,False,False,False,False,NO_AMBIGUOUS_LABELS,,,,,,
AP0_EXTENSION,household,household,fixed_panel,natural,172800,2007-04-15 17:24:00,2007Q2,household_2007-04-15T17:24:00,180,5,logistic,hist_gradient_boosting,9901,10080,0,0,-0.0046830703670214776,-0.0046830703670214776,-0.004683070367041477,-0.004683070367001484,-0.0046830703670214776,-0.0046830703670214776,-0.004683070384947154,-0.004683070349095801,FLOAT_OUTWARD,0.0,0.0,0.0,0.0,0.0046830703670214776,-0.0046830703670214776,0,0,0,0,7.069999992381781e-05,4.469999112188816e-05,ANALYTIC,0.007694600004469976,A,A,A,False,False,False,False,NO_AMBIGUOUS_LABELS,,,,,,
AP0_EXTENSION,household,household,fixed_panel,natural,182880,2007-04-22 17:24:00,2007Q2,household_2007-04-22T17:24:00,180,5,constant,logistic,9901,10080,2463,2406,-0.09468537599609317,0.10946560460233334,-0.09468537599611317,0.10812874126730236,-0.09468537599608648,0.10812874126728236,-0.09468537601401215,0.10812874128520804,FLOAT_OUTWARD,6.622871695505239e-11,13.236283880339759,0.2041509805984265,0.20415098059842654,0.09468537599609317,0.10946560460233334,1,7503,245,662,0.002326000001630746,0.012535400004708208,OPTIMAL_DUAL_OUTWARD,0.014314000000013039,OPPOSITE_POSSIBLE,OPPOSITE_POSSIBLE,OPPOSITE_POSSIBLE,True,False,False,False,JOINT_OPPOSITE_POSSIBLE,,,,,,
AP0_EXTENSION,household,household,fixed_panel,natural,182880,2007-04-22 17:24:00,2007Q2,household_2007-04-22T17:24:00,180,5,constant,hist_gradient_boosting,9901,10080,2463,2406,-0.06201156583170458,0.07779438755640426,-0.062011565831724576,0.07702548963681441,-0.06201156583170483,0.07702548963679498,-0.0620115658496305,0.07702548965472066,FLOAT_OUTWARD,0.0,7.612858302051502,0.13980595338810883,0.13980595338810886,0.06201156583170458,0.07779438755640426,1,7503,245,662,0.002326000001630746,0.012022099996102042,OPTIMAL_DUAL_OUTWARD,0.01481170000624843,OPPOSITE_POSSIBLE,OPPOSITE_POSSIBLE,OPPOSITE_POSSIBLE,True,False,False,False,JOINT_OPPOSITE_POSSIBLE,,,,,,
AP0_EXTENSION,household,household,fixed_panel,natural,182880,2007-04-22 17:24:00,2007Q2,household_2007-04-22T17:24:00,180,5,logistic,hist_gradient_boosting,9901,10080,2463,2406,-0.06129229485064596,0.062294887969105546,-0.06124824068958116,0.062225335216448976,-0.061222742097969345,0.06222533521642475,-0.06122274211589502,0.06222533523435043,FLOAT_OUTWARD,0.6886418042511748,0.6886418042925334,0.1235871828197515,0.12358718281975149,0.06129229485064596,0.062294887969105546,1,7503,245,662,0.002326000001630746,0.009213800003635697,OPTIMAL_DUAL_OUTWARD,0.011878199991770089,OPPOSITE_POSSIBLE,OPPOSITE_POSSIBLE,OPPOSITE_POSSIBLE,True,False,False,False,JOINT_OPPOSITE_POSSIBLE,,,,,,
AP0_EXTENSION,household,household,fixed_panel,natural,192960,2007-04-29 17:24:00,2007Q2,household_2007-04-29T17:24:00,180,5,constant,logistic,9901,10080,1260,1256,-0.05373839587444234,0.055895496257525025,-0.05373839587446234,0.05589549625754502,-0.053738395874437406,0.05589549625752469,-0.05373839589236308,0.05589549627545037,FLOAT_OUTWARD,4.884711385377827e-11,3.2976954500441025e-12,0.10963389213196736,0.1096338921319674,0.05373839587444234,0.055895496257525025,0,15400,351,1054,0.0017701000033412129,6.44999963697046e-05,ANALYTIC,0.008795000001555309,OPPOSITE_POSSIBLE,OPPOSITE_POSSIBLE,OPPOSITE_POSSIBLE,True,False,False,False,JOINT_OPPOSITE_POSSIBLE,,,,,,
AP0_EXTENSION,household,household,fixed_panel,natural,192960,2007-04-29 17:24:00,2007Q2,household_2007-04-29T17:24:00,180,5,constant,hist_gradient_boosting,9901,10080,1260,1256,-0.0657536657105852,0.0422462163770698,-0.06575366571060519,0.04224621637708979,-0.06575366571058675,0.042246216377070024,-0.06575366572851242,0.0422462163949957,FLOAT_OUTWARD,0.0,0.0,0.10799988208765501,0.10799988208765499,0.0657536657105852,0.0422462163770698,0,15400,351,1054,0.0017701000033412129,6.419999408535659e-05,ANALYTIC,0.008858700006385334,OPPOSITE_POSSIBLE,OPPOSITE_POSSIBLE,OPPOSITE_POSSIBLE,True,False,False,False,JOINT_OPPOSITE_POSSIBLE,,,,,,
AP0_EXTENSION,household,household,fixed_panel,natural,192960,2007-04-29 17:24:00,2007Q2,household_2007-04-29T17:24:00,180,5,logistic,hist_gradient_boosting,9901,10080,1260,1256,-0.013649279880455207,-0.012015269836142836,-0.013649279880475202,-0.012015269836122836,-0.01364927988045522,-0.012015269836142824,-0.013649279898380896,-0.012015269818217147,FLOAT_OUTWARD,0.0,0.0,0.0016340100443123715,0.0016340100443123823,0.013649279880455207,-0.012015269836142836,0,15400,351,1054,0.0017701000033412129,5.919999966863543e-05,ANALYTIC,0.008736499992664903,A,A,A,False,False,False,False,INDEPENDENT_ALREADY_DIRECTED,,,,,,
AP0_EXTENSION,household,household,fixed_panel,natural,203040,2007-05-06 17:24:00,2007Q2,household_2007-05-06T17:24:00,180,5,constant,logistic,9901,10080,0,0,0.042098311512579645,0.042098311512579645,0.04209831151255965,0.04209831151259964,0.04209831151257965,0.04209831151257965,0.04209831149465398,0.04209831153050533,FLOAT_OUTWARD,6.870198854258547e-14,0.0,0.0,0.0,-0.042098311512579645,0.042098311512579645,0,0,0,0,5.879999662283808e-05,4.469999112188816e-05,ANALYTIC,0.005955699991318397,B,B,B,False,False,False,False,NO_AMBIGUOUS_LABELS,,,,,,
AP0_EXTENSION,household,household,fixed_panel,natural,203040,2007-05-06 17:24:00,2007Q2,household_2007-05-06T17:24:00,180,5,constant,hist_gradient_boosting,9901,10080,0,0,0.04686133647535703,0.04686133647535703,0.04686133647533704,0.046861336475377026,0.046861336475355626,0.046861336475355626,0.04686133645742995,0.0468613364932813,FLOAT_OUTWARD,0.0,1.3877801685602265e-11,0.0,0.0,-0.04686133647535703,0.04686133647535703,0,0,0,0,5.879999662283808e-05,4.7999987145885825e-05,ANALYTIC,0.006543499999679625,B,B,B,False,False,False,False,NO_AMBIGUOUS_LABELS,,,,,,
AP0_EXTENSION,household,household,fixed_panel,natural,203040,2007-05-06 17:24:00,2007Q2,household_2007-05-06T17:24:00,180,5,logistic,hist_gradient_boosting,9901,10080,0,0,0.00476302496277739,0.00476302496277739,0.0047630249627573906,0.004763024962797386,0.00476302496277739,0.00476302496277739,0.004763024944851714,0.004763024980703067,FLOAT_OUTWARD,0.0,0.0,0.0,0.0,-0.00476302496277739,0.00476302496277739,0,0,0,0,5.879999662283808e-05,4.33000095654279e-05,ANALYTIC,0.006057699996745214,B,B,B,False,False,False,False,NO_AMBIGUOUS_LABELS,,,,,,
AP0_EXTENSION,household,household,fixed_panel,natural,213120,2007-05-13 17:24:00,2007Q2,household_2007-05-13T17:24:00,180,5,constant,logistic,9901,10080,0,0,0.031985166151825714,0.031985166151825714,0.031985166151805716,0.03198516615184571,0.03198516615182575,0.03198516615182575,0.031985166133900074,0.031985166169751424,FLOAT_OUTWARD,3.4350994271292734e-13,0.0,0.0,0.0,-0.031985166151825714,0.031985166151825714,0,0,0,0,5.919999966863543e-05,4.5200009481050074e-05,ANALYTIC,0.006102799990912899,B,B,B,False,False,False,False,NO_AMBIGUOUS_LABELS,,,,,,
AP0_EXTENSION,household,household,fixed_panel,natural,213120,2007-05-13 17:24:00,2007Q2,household_2007-05-13T17:24:00,180,5,constant,hist_gradient_boosting,9901,10080,0,0,0.01433512577379335,0.01433512577379335,0.01433512577377335,0.014335125773813344,0.014335125773793672,0.014335125773793672,0.014335125755867996,0.014335125791719349,FLOAT_OUTWARD,3.1946424672302243e-12,0.0,0.0,0.0,-0.01433512577379335,0.01433512577379335,0,0,0,0,5.919999966863543e-05,4.189999890513718e-05,ANALYTIC,0.00622270000167191,B,B,B,False,False,False,False,NO_AMBIGUOUS_LABELS,,,,,,
AP0_EXTENSION,household,household,fixed_panel,natural,213120,2007-05-13 17:24:00,2007Q2,household_2007-05-13T17:24:00,180,5,logistic,hist_gradient_boosting,9901,10080,0,0,-0.017650040378032375,-0.017650040378032375,-0.017650040378052363,-0.017650040378012374,-0.017650040378032455,-0.017650040378032455,-0.017650040395958133,-0.017650040360106777,FLOAT_OUTWARD,0.0,7.900728682397329e-13,0.0,0.0,0.017650040378032375,-0.017650040378032375,0,0,0,0,5.919999966863543e-05,4.5199994929134846e-05,ANALYTIC,0.006468300009146333,A,A,A,False,False,False,False,NO_AMBIGUOUS_LABELS,,,,,,
AP0_EXTENSION,household,household,fixed_panel,natural,223200,2007-05-20 17:24:00,2007Q2,household_2007-05-20T17:24:00,180,5,constant,logistic,9901,10080,0,0,0.04669871226960032,0.04669871226960032,0.04669871226958032,0.046698712269620316,0.046698712269600366,0.046698712269600366,0.04669871225167469,0.04669871228752604,FLOAT_OUTWARD,4.809139197980983e-13,0.0,0.0,0.0,-0.04669871226960032,0.04669871226960032,0,0,0,0,5.60000044060871e-05,4.1799998143687844e-05,ANALYTIC,0.006014999991748482,B,B,B,False,False,False,False,NO_AMBIGUOUS_LABELS,,,,,,
AP0_EXTENSION,household,household,fixed_panel,natural,223200,2007-05-20 17:24:00,2007Q2,household_2007-05-20T17:24:00,180,5,constant,hist_gradient_boosting,9901,10080,0,0,0.08727125680647656,0.08727125680647656,0.08727125680645656,0.08727125680649651,0.08727125680647678,0.08727125680647678,0.0872712567885511,0.08727125682440245,FLOAT_OUTWARD,2.198463633362735e-12,0.0,0.0,0.0,-0.08727125680647656,0.08727125680647656,0,0,0,0,5.60000044060871e-05,4.339999577496201e-05,ANALYTIC,0.005980799993267283,B,B,B,False,False,False,False,NO_AMBIGUOUS_LABELS,,,,,,
AP0_EXTENSION,household,household,fixed_panel,natural,223200,2007-05-20 17:24:00,2007Q2,household_2007-05-20T17:24:00,180,5,logistic,hist_gradient_boosting,9901,10080,0,0,0.040572544536876205,0.040572544536876205,0.04057254453685621,0.0405725445368962,0.040572544536876316,0.040572544536876316,0.04057254451895064,0.04057254455480199,FLOAT_OUTWARD,1.0992318166813675e-12,0.0,0.0,0.0,-0.040572544536876205,0.040572544536876205,0,0,0,0,5.60000044060871e-05,4.199999966658652e-05,ANALYTIC,0.006021399996825494,B,B,B,False,False,False,False,NO_AMBIGUOUS_LABELS,,,,,,
AP0_EXTENSION,household,household,fixed_panel,natural,233280,2007-05-27 17:24:00,2007Q2,household_2007-05-27T17:24:00,180,5,constant,logistic,9901,10080,1,0,0.06644740018929875,0.06644740018929875,0.06644740018927875,0.06644740018931874,0.0664474001892987,0.0664474001892987,0.06644740017137303,0.06644740020722438,FLOAT_OUTWARD,0.0,4.122119312555128e-13,0.0,0.0,-0.06644740018929875,0.06644740018929875,0,0,0,0,5.7999990531243384e-05,4.199999966658652e-05,ANALYTIC,0.005932800006121397,B,B,B,False,False,False,False,NO_AMBIGUOUS_LABELS,,,,,,
AP0_EXTENSION,household,household,fixed_panel,natural,233280,2007-05-27 17:24:00,2007Q2,household_2007-05-27T17:24:00,180,5,constant,hist_gradient_boosting,9901,10080,1,0,0.0850378254467867,0.0850378254467867,0.0850378254467667,0.08503782544680669,0.08503782544678673,0.08503782544678673,0.08503782542886106,0.0850378254647124,FLOAT_OUTWARD,2.7480795417034187e-13,0.0,0.0,0.0,-0.0850378254467867,0.0850378254467867,0,0,0,0,5.7999990531243384e-05,4.569999873638153e-05,ANALYTIC,0.005942999996477738,B,B,B,False,False,False,False,NO_AMBIGUOUS_LABELS,,,,,,
AP0_EXTENSION,household,household,fixed_panel,natural,233280,2007-05-27 17:24:00,2007Q2,household_2007-05-27T17:24:00,180,5,logistic,hist_gradient_boosting,9901,10080,1,0,0.018590425257487955,0.018590425257487955,0.018590425257467954,0.018590425257507953,0.01859042525748784,0.01859042525748784,0.018590425239562162,0.01859042527541352,FLOAT_OUTWARD,0.0,1.1335828109526602e-12,0.0,0.0,-0.018590425257487955,0.018590425257487955,0,0,0,0,5.7999990531243384e-05,4.2400002712383866e-05,ANALYTIC,0.005903600002056919,B,B,B,False,False,False,False,NO_AMBIGUOUS_LABELS,,,,,,
AP0_EXTENSION,household,household,fixed_panel,natural,243360,2007-06-03 17:24:00,2007Q2,household_2007-06-03T17:24:00,180,5,constant,logistic,9901,10080,39,204,0.032052021207051584,0.04168444967666408,0.03212772054534599,0.041608750338369686,0.03212772054536603,0.04160875033834972,0.032127720527440354,0.0416087503562754,FLOAT_OUTWARD,0.7494991486513142,0.7494991486504211,0.009632428469612493,0.009632428469612491,-0.032052021207051584,0.04168444967666408,1,30800,407,2817,0.0030406000005314127,0.024112800005241297,OPTIMAL_DUAL_OUTWARD,0.0059338999999454245,B,B,B,False,False,False,False,INDEPENDENT_ALREADY_DIRECTED,,,,,,
AP0_EXTENSION,household,household,fixed_panel,natural,243360,2007-06-03 17:24:00,2007Q2,household_2007-06-03T17:24:00,180,5,constant,hist_gradient_boosting,9901,10080,39,204,-0.002720176465737212,0.005861759746725088,-0.0027201764657572122,0.005861759746745088,-0.002720176465736902,0.005861759746725295,-0.002720176483662579,0.005861759764650971,FLOAT_OUTWARD,3.070120112996788e-12,0.0,0.0085819362124623,0.008581936212462301,0.002720176465737212,0.005861759746725088,0,30800,407,2817,0.0030406000005314127,5.3499999921768904e-05,ANALYTIC,0.006131900008767843,OPPOSITE_POSSIBLE,OPPOSITE_POSSIBLE,OPPOSITE_POSSIBLE,True,False,False,False,JOINT_OPPOSITE_POSSIBLE,,,,,,
AP0_EXTENSION,household,household,fixed_panel,natural,243360,2007-06-03 17:24:00,2007Q2,household_2007-06-03T17:24:00,180,5,logistic,hist_gradient_boosting,9901,10080,39,204,-0.04432892680408688,-0.026265960798640877,-0.044328926804106876,-0.026265960798620893,-0.04432892680408683,-0.026265960798640808,-0.044328926822012504,-0.02626596078071513,FLOAT_OUTWARD,4.809139197980983e-13,0.0,0.018062966005446,0.018062966005445998,0.04432892680408688,-0.026265960798640877,0,30800,407,2817,0.0030406000005314127,5.079999391455203e-05,ANALYTIC,0.006095700009609573,A,A,A,False,False,False,False,INDEPENDENT_ALREADY_DIRECTED,,,,,,
AP0_EXTENSION,household,household,fixed_panel,natural,253440,2007-06-10 17:24:00,2007Q2,household_2007-06-10T17:24:00,180,5,constant,logistic,5581,5760,0,0,0.10349114879944989,0.10349114879944989,0.10349114879942989,0.10349114879946988,0.10349114879944989,0.10349114879944989,0.10349114878919807,0.1034911488097017,FLOAT_OUTWARD,0.0,0.0,0.0,0.0,-0.10349114879944989,0.10349114879944989,0,0,0,0,4.769999941345304e-05,4.389999958220869e-05,ANALYTIC,0.0050871000130428,B,B,B,False,False,False,False,NO_AMBIGUOUS_LABELS,,,,,,
AP0_EXTENSION,household,household,fixed_panel,natural,253440,2007-06-10 17:24:00,2007Q2,household_2007-06-10T17:24:00,180,5,constant,hist_gradient_boosting,5581,5760,0,0,-0.017426843938304,-0.017426843938304,-0.017426843938324003,-0.017426843938284003,-0.017426843938304026,-0.017426843938304026,-0.017426843948555842,-0.01742684392805221,FLOAT_OUTWARD,0.0,1.3554088407197185e-13,0.0,0.0,0.017426843938304,-0.017426843938304,0,0,0,0,4.769999941345304e-05,3.539999306667596e-05,ANALYTIC,0.00502109999069944,A,A,A,False,False,False,False,NO_AMBIGUOUS_LABELS,,,,,,
AP0_EXTENSION,household,household,fixed_panel,natural,253440,2007-06-10 17:24:00,2007Q2,household_2007-06-10T17:24:00,180,5,logistic,hist_gradient_boosting,5581,5760,0,0,-0.12091799273775387,-0.12091799273775387,-0.12091799273777387,-0.12091799273773388,-0.1209179927377539,-0.1209179927377539,-0.12091799274800571,-0.12091799272750209,FLOAT_OUTWARD,0.0,1.5490386751082497e-13,0.0,0.0,0.12091799273775387,-0.12091799273775387,0,0,0,0,4.769999941345304e-05,4.2799991206265986e-05,ANALYTIC,0.004455500005860813,A,A,A,False,False,False,False,NO_AMBIGUOUS_LABELS,,,,,,
AP0_EXTENSION,household,household,full_station,natural,172800,2007-04-15 17:24:00,2007Q2,household_2007-04-15T17:24:00,60,5,constant,logistic,86341,86400,3763,3858,0.02145468378513133,0.04492539760792111,0.021492183777364393,0.04488789761568806,0.02149218377738418,0.044887897615668144,0.021492183623886947,0.04488789776916537,FLOAT_OUTWARD,3.2377868311032523,3.2377868311131377,0.023470713822789778,0.023470713822789778,-0.02145468378513133,0.04492539760792111,1,6160,391,1359,0.0043809000053443015,0.019788600009633228,OPTIMAL_DUAL_OUTWARD,0.03451960001257248,B,B,B,False,False,False,False,INDEPENDENT_ALREADY_DIRECTED,,,,,,
AP0_EXTENSION,household,household,full_station,natural,172800,2007-04-15 17:24:00,2007Q2,household_2007-04-15T17:24:00,60,5,constant,hist_gradient_boosting,86341,86400,3763,3858,0.011975871531007962,0.03207447127839952,0.011991432071877165,0.03204021599644245,0.011996143713579113,0.032040215996422546,0.011996143560081883,0.032040216149919774,FLOAT_OUTWARD,1.7503205153757402,2.9576353011738616,0.020098599747391557,0.020098599747391564,-0.011975871531007962,0.03207447127839952,2,6160,391,1359,0.0043809000053443015,0.01637829998799134,OPTIMAL_DUAL_OUTWARD,0.029906600000686012,B,B,B,False,False,False,False,INDEPENDENT_ALREADY_DIRECTED,,,,,,
AP0_EXTENSION,household,household,full_station,natural,172800,2007-04-15 17:24:00,2007Q2,household_2007-04-15T17:24:00,60,5,logistic,hist_gradient_boosting,86341,86400,3763,3858,-0.013021218031490827,-0.009308520552154123,-0.012991147141452776,-0.009338591442192165,-0.012991147141432683,-0.00933859144221231,-0.012991147294929914,-0.00933859128871508,FLOAT_OUTWARD,2.596350718510177,2.5963507185139214,0.003712697479336703,0.0037126974793367075,0.013021218031490827,-0.009308520552154123,1,6160,391,1359,0.0043809000053443015,0.014071800003875978,OPTIMAL_DUAL_OUTWARD,0.025876700005028397,A,A,A,False,False,False,False,INDEPENDENT_ALREADY_DIRECTED,,,,,,
AP0_EXTENSION,household,household,full_station,natural,172800,2007-04-15 17:24:00,2007Q2,household_2007-04-15T17:24:00,180,5,constant,logistic,86221,86400,3763,4045,0.020168532824124816,0.059101665357170145,0.020177225592092327,0.05893945681137195,0.020177225592109632,0.058939456811352056,0.0201772254386124,0.058939456964849285,FLOAT_OUTWARD,0.7494991484187985,13.985783028981464,0.038933132533045325,0.038933132533045325,-0.020168532824124816,0.059101665357170145,2,53703,1005,4509,0.00882810000621248,0.04225130000850186,OPTIMAL_DUAL_OUTWARD,0.06322549999458715,B,B,B,False,False,False,False,INDEPENDENT_ALREADY_DIRECTED,,,,,,
AP0_EXTENSION,household,household,full_station,natural,172800,2007-04-15 17:24:00,2007Q2,household_2007-04-15T17:24:00,180,5,constant,hist_gradient_boosting,86221,86400,3763,4045,0.015919126497082468,0.047134344631673514,0.015919126497062484,0.04704604992040445,0.015919126497083082,0.047046049920386204,0.01591912634358585,0.04704605007388343,FLOAT_OUTWARD,5.2947635859057485e-11,7.612858301903111,0.031215218134591046,0.03121521813459106,-0.015919126497082468,0.047134344631673514,1,53703,1005,4509,0.00882810000621248,0.039556700008688495,OPTIMAL_DUAL_OUTWARD,0.06210779999673832,B,B,B,False,False,False,False,INDEPENDENT_ALREADY_DIRECTED,,,,,,
AP0_EXTENSION,household,household,full_station,natural,172800,2007-04-15 17:24:00,2007Q2,household_2007-04-15T17:24:00,180,5,logistic,hist_gradient_boosting,86221,86400,3763,4045,-0.01634558753561757,0.00012886048307862588,-0.01634052867238036,0.00012087354483244754,-0.01633760059735127,0.00012087354481254774,-0.016337600750848502,0.00012087369830977867,FLOAT_OUTWARD,0.6886418042586075,0.6886418042395235,0.016474448018696197,0.016474448018696235,0.01634558753561757,0.00012886048307862588,1,53703,1005,4509,0.00882810000621248,0.04447670000081416,OPTIMAL_DUAL_OUTWARD,0.06478770000103395,OPPOSITE_POSSIBLE,OPPOSITE_POSSIBLE,OPPOSITE_POSSIBLE,True,False,False,False,JOINT_OPPOSITE_POSSIBLE,,,,,,
