seed,candidate,reference,horizon,target_scope,postprocess,origin,mae_gain,mse_gain
20260915,PRODUCT_POSREG,BASE_OD,3,terminal_H,raw,1392,0.0041099529850988905,0.0005862700325997411
20260915,PRODUCT_POSREG,BASE_OD,3,terminal_H,raw,1404,-5.745358328860594e-05,8.927347134246835e-05
20260915,PRODUCT_POSREG,BASE_OD,3,terminal_H,raw,1416,-0.0017512270416095222,-0.00010493482056694696
20260915,PRODUCT_POSREG,BASE_OD,3,terminal_H,raw,1428,-0.000873111248990035,-0.00019411139147073263
20260915,PRODUCT_POSREG,BASE_OD,3,terminal_H,raw,1440,0.002775478941480371,0.00029470729779814867
20260915,PRODUCT_POSREG,BASE_OD,3,terminal_H,raw,1452,-0.000825946401179201,-6.300576210496783e-05
20260915,PRODUCT_POSREG,BASE_OD,3,terminal_H,raw,1464,-0.00107928422285768,0.0003531628683823346
20260915,PRODUCT_POSREG,BASE_OD,3,terminal_H,raw,1476,-0.001653911691563242,-0.0005323176914846636
20260915,PRODUCT_POSREG,BASE_OD,3,terminal_H,raw,1488,0.003842554980821427,0.00013864873252302092
20260915,PRODUCT_POSREG,BASE_OD,3,terminal_H,raw,1500,-1.2735804130133168e-05,7.166843792956188e-05
20260915,PRODUCT_POSREG,BASE_OD,3,terminal_H,raw,1512,-0.0026663659796992627,-0.001218729501450212
20260915,PRODUCT_POSREG,BASE_OD,3,terminal_H,raw,1524,-0.0010366056382377499,-0.00016487086877551814
20260915,PRODUCT_POSREG,BASE_OD,3,terminal_H,raw,1536,6.362790291752604e-06,4.2928125239004185e-05
20260915,PRODUCT_POSREG,BASE_OD,3,terminal_H,raw,1548,-0.0009458145611221362,-0.00012335147582506726
20260915,PRODUCT_POSREG,BASE_OD,3,terminal_H,clip_0_1,1392,0.004260261628152707,0.0005988629240223659
20260915,PRODUCT_POSREG,BASE_OD,3,terminal_H,clip_0_1,1404,-5.745358328860594e-05,8.927347134246835e-05
20260915,PRODUCT_POSREG,BASE_OD,3,terminal_H,clip_0_1,1416,-0.001759862139681885,-0.00010495532591959477
20260915,PRODUCT_POSREG,BASE_OD,3,terminal_H,clip_0_1,1428,-0.000873111248990035,-0.00019411139147073263
20260915,PRODUCT_POSREG,BASE_OD,3,terminal_H,clip_0_1,1440,0.002766306277466483,0.00029468674688347304
20260915,PRODUCT_POSREG,BASE_OD,3,terminal_H,clip_0_1,1452,-0.0008658799165435382,-6.347877921514174e-05
20260915,PRODUCT_POSREG,BASE_OD,3,terminal_H,clip_0_1,1464,-0.0010821772593854085,0.0003528582504667699
20260915,PRODUCT_POSREG,BASE_OD,3,terminal_H,clip_0_1,1476,-0.0016838798198488669,-0.0005327064361627047
20260915,PRODUCT_POSREG,BASE_OD,3,terminal_H,clip_0_1,1488,0.0038747748987395347,0.0001388885026748354
20260915,PRODUCT_POSREG,BASE_OD,3,terminal_H,clip_0_1,1500,-2.5055441592629925e-05,7.335722298904038e-05
20260915,PRODUCT_POSREG,BASE_OD,3,terminal_H,clip_0_1,1512,-0.0026426441316263357,-0.0012074622098831283
20260915,PRODUCT_POSREG,BASE_OD,3,terminal_H,clip_0_1,1524,-0.0010366056382377499,-0.00016487086877551814
20260915,PRODUCT_POSREG,BASE_OD,3,terminal_H,clip_0_1,1536,6.362790291752604e-06,4.2928125239004185e-05
20260915,PRODUCT_POSREG,BASE_OD,3,terminal_H,clip_0_1,1548,-0.0009458145611221362,-0.00012335147582506726
20260915,PRODUCT_POSREG,BASE_OD,3,path_1_to_H,raw,1392,0.0024421104354681597,0.0003133473188772316
20260915,PRODUCT_POSREG,BASE_OD,3,path_1_to_H,raw,1404,-0.0002452360798660993,-3.6748980998198963e-06
20260915,PRODUCT_POSREG,BASE_OD,3,path_1_to_H,raw,1416,-0.0009852447227578997,-5.781744920804835e-05
20260915,PRODUCT_POSREG,BASE_OD,3,path_1_to_H,raw,1428,-1.1389441419263532e-05,-2.8567428697409785e-05
20260915,PRODUCT_POSREG,BASE_OD,3,path_1_to_H,raw,1440,0.0013250128989068788,0.0001390910143980393
20260915,PRODUCT_POSREG,BASE_OD,3,path_1_to_H,raw,1452,-0.00028767008943012174,-2.2638611917477835e-06
20260915,PRODUCT_POSREG,BASE_OD,3,path_1_to_H,raw,1464,-0.0005792221409564767,0.00020178874629995516
20260915,PRODUCT_POSREG,BASE_OD,3,path_1_to_H,raw,1476,-0.001177981667228378,-0.00030286958365746946
20260915,PRODUCT_POSREG,BASE_OD,3,path_1_to_H,raw,1488,0.002203159910821644,0.00010997277826468609
20260915,PRODUCT_POSREG,BASE_OD,3,path_1_to_H,raw,1500,-5.821856039399608e-05,7.559935171357952e-05
20260915,PRODUCT_POSREG,BASE_OD,3,path_1_to_H,raw,1512,-0.0011517501077078324,-0.0006414275834124834
20260915,PRODUCT_POSREG,BASE_OD,3,path_1_to_H,raw,1524,-0.0005079677360370881,-8.190398854399535e-05
20260915,PRODUCT_POSREG,BASE_OD,3,path_1_to_H,raw,1536,-1.7108334511754715e-05,-1.9952427462393108e-06
20260915,PRODUCT_POSREG,BASE_OD,3,path_1_to_H,raw,1548,-0.00021216294714491635,5.349608698433771e-05
20260915,PRODUCT_POSREG,BASE_OD,3,path_1_to_H,clip_0_1,1392,0.0025406396569725674,0.00032221195653080024
20260915,PRODUCT_POSREG,BASE_OD,3,path_1_to_H,clip_0_1,1404,-0.0002422208146587003,-3.6520284187074596e-06
20260915,PRODUCT_POSREG,BASE_OD,3,path_1_to_H,clip_0_1,1416,-0.0009954942709544954,-5.792364040730757e-05
20260915,PRODUCT_POSREG,BASE_OD,3,path_1_to_H,clip_0_1,1428,-1.1459869902056577e-05,-2.8567562298139748e-05
20260915,PRODUCT_POSREG,BASE_OD,3,path_1_to_H,clip_0_1,1440,0.0013342609074820113,0.00014182782637479877
20260915,PRODUCT_POSREG,BASE_OD,3,path_1_to_H,clip_0_1,1452,-0.000308247138464978,-2.5191648990526132e-06
20260915,PRODUCT_POSREG,BASE_OD,3,path_1_to_H,clip_0_1,1464,-0.000581433395173546,0.00020164944651694387
20260915,PRODUCT_POSREG,BASE_OD,3,path_1_to_H,clip_0_1,1476,-0.0011839391219817968,-0.0003028015796479666
20260915,PRODUCT_POSREG,BASE_OD,3,path_1_to_H,clip_0_1,1488,0.002236894190861878,0.00011023889200091112
20260915,PRODUCT_POSREG,BASE_OD,3,path_1_to_H,clip_0_1,1500,-6.967882757067837e-05,7.593017088667302e-05
20260915,PRODUCT_POSREG,BASE_OD,3,path_1_to_H,clip_0_1,1512,-0.0011285550296522963,-0.0006326135703115483
20260915,PRODUCT_POSREG,BASE_OD,3,path_1_to_H,clip_0_1,1524,-0.0005119366936229069,-8.19863401843103e-05
20260915,PRODUCT_POSREG,BASE_OD,3,path_1_to_H,clip_0_1,1536,-1.2138025436127368e-05,-1.9748619690858213e-06
20260915,PRODUCT_POSREG,BASE_OD,3,path_1_to_H,clip_0_1,1548,-0.00021216294714491635,5.349608698433771e-05
20260915,PRODUCT_POSREG,BASE_OD,6,terminal_H,raw,1392,0.004655503204121768,0.0007007781120869062
20260915,PRODUCT_POSREG,BASE_OD,6,terminal_H,raw,1404,-0.003864662866758247,-0.0005431032154668031
20260915,PRODUCT_POSREG,BASE_OD,6,terminal_H,raw,1416,-0.006807042210981288,-0.000781799703657676
20260915,PRODUCT_POSREG,BASE_OD,6,terminal_H,raw,1428,-0.0017137095912042315,4.170888635837167e-05
20260915,PRODUCT_POSREG,BASE_OD,6,terminal_H,raw,1440,0.0008282705358060063,0.00013745278551690243
20260915,PRODUCT_POSREG,BASE_OD,6,terminal_H,raw,1452,-0.004555495720756472,-0.00032387685691490905
20260915,PRODUCT_POSREG,BASE_OD,6,terminal_H,raw,1464,-0.0003008089076587548,0.0011454184648114775
20260915,PRODUCT_POSREG,BASE_OD,6,terminal_H,raw,1476,0.0007251789461572772,-0.0003041597281506512
20260915,PRODUCT_POSREG,BASE_OD,6,terminal_H,raw,1488,0.0035115115029913007,9.036830847248439e-05
20260915,PRODUCT_POSREG,BASE_OD,6,terminal_H,raw,1500,0.0012586297308177336,0.0005049698301767665
20260915,PRODUCT_POSREG,BASE_OD,6,terminal_H,raw,1512,-0.005640650873463573,-0.0030871727854610287
20260915,PRODUCT_POSREG,BASE_OD,6,terminal_H,raw,1524,-0.005469782780200357,-0.0016817021363804343
20260915,PRODUCT_POSREG,BASE_OD,6,terminal_H,raw,1536,0.00023710649022371557,-1.2550485902098971e-05
20260915,PRODUCT_POSREG,BASE_OD,6,terminal_H,raw,1548,0.0020184713429008865,0.0007006593079984708
20260915,PRODUCT_POSREG,BASE_OD,6,terminal_H,clip_0_1,1392,0.004833354746210505,0.0007100315600893524
20260915,PRODUCT_POSREG,BASE_OD,6,terminal_H,clip_0_1,1404,-0.003864662866758247,-0.0005431032154668031
20260915,PRODUCT_POSREG,BASE_OD,6,terminal_H,clip_0_1,1416,-0.006645274738222396,-0.0007685039700174054
20260915,PRODUCT_POSREG,BASE_OD,6,terminal_H,clip_0_1,1428,-0.001753966859535499,4.123464966759358e-05
20260915,PRODUCT_POSREG,BASE_OD,6,terminal_H,clip_0_1,1440,0.0009754345347552422,0.0001493535363161255
20260915,PRODUCT_POSREG,BASE_OD,6,terminal_H,clip_0_1,1452,-0.004577123012968527,-0.0003240054853512261
20260915,PRODUCT_POSREG,BASE_OD,6,terminal_H,clip_0_1,1464,-0.000288487650271424,0.0011454602134919687
20260915,PRODUCT_POSREG,BASE_OD,6,terminal_H,clip_0_1,1476,0.0007117488728626502,-0.0003042093290395435
20260915,PRODUCT_POSREG,BASE_OD,6,terminal_H,clip_0_1,1488,0.0035252831537351923,9.042046452264262e-05
20260915,PRODUCT_POSREG,BASE_OD,6,terminal_H,clip_0_1,1500,0.0012586297308177336,0.0005049698301767665
20260915,PRODUCT_POSREG,BASE_OD,6,terminal_H,clip_0_1,1512,-0.005640650873463573,-0.0030871727854610287
20260915,PRODUCT_POSREG,BASE_OD,6,terminal_H,clip_0_1,1524,-0.005469782780200357,-0.0016817021363804343
20260915,PRODUCT_POSREG,BASE_OD,6,terminal_H,clip_0_1,1536,0.00023710649022371557,-1.2550485902098971e-05
20260915,PRODUCT_POSREG,BASE_OD,6,terminal_H,clip_0_1,1548,0.0020184713429008865,0.0007006593079984708
20260915,PRODUCT_POSREG,BASE_OD,6,path_1_to_H,raw,1392,0.0032002962880727614,0.00041645183814207666
20260915,PRODUCT_POSREG,BASE_OD,6,path_1_to_H,raw,1404,-0.0013631969237639697,-0.0002160794736650599
20260915,PRODUCT_POSREG,BASE_OD,6,path_1_to_H,raw,1416,-0.0030534027017875714,-0.0003153776936421791
20260915,PRODUCT_POSREG,BASE_OD,6,path_1_to_H,raw,1428,-0.0005472353678160203,1.932979459999363e-06
20260915,PRODUCT_POSREG,BASE_OD,6,path_1_to_H,raw,1440,0.0015169714765395051,0.00013818396421546192
20260915,PRODUCT_POSREG,BASE_OD,6,path_1_to_H,raw,1452,-0.001739976065639546,-0.00010549563679752529
20260915,PRODUCT_POSREG,BASE_OD,6,path_1_to_H,raw,1464,-0.0004068406245977252,0.0006139966576068214
20260915,PRODUCT_POSREG,BASE_OD,6,path_1_to_H,raw,1476,-0.0006707720696908103,-0.00037699109228545616
20260915,PRODUCT_POSREG,BASE_OD,6,path_1_to_H,raw,1488,0.0028834212997399873,0.00012039811155411674
20260915,PRODUCT_POSREG,BASE_OD,6,path_1_to_H,raw,1500,0.00037290044527307255,0.0002413474580572335
20260915,PRODUCT_POSREG,BASE_OD,6,path_1_to_H,raw,1512,-0.0027610525281663214,-0.0016328045450059079
20260915,PRODUCT_POSREG,BASE_OD,6,path_1_to_H,raw,1524,-0.0021072221277083376,-0.0006705534508990157
20260915,PRODUCT_POSREG,BASE_OD,6,path_1_to_H,raw,1536,0.0002454909216032137,6.564680057995845e-05
20260915,PRODUCT_POSREG,BASE_OD,6,path_1_to_H,raw,1548,0.00024019113134747804,0.00019367689734590748
20260915,PRODUCT_POSREG,BASE_OD,6,path_1_to_H,clip_0_1,1392,0.0033631558960772016,0.00043105254226778224
20260915,PRODUCT_POSREG,BASE_OD,6,path_1_to_H,clip_0_1,1404,-0.0013616892911602703,-0.00021606803882450368
20260915,PRODUCT_POSREG,BASE_OD,6,path_1_to_H,clip_0_1,1416,-0.0029880572518575497,-0.0003097097979513049
20260915,PRODUCT_POSREG,BASE_OD,6,path_1_to_H,clip_0_1,1428,-0.0005539801267792948,1.853873211171369e-06
20260915,PRODUCT_POSREG,BASE_OD,6,path_1_to_H,clip_0_1,1440,0.0015745490064062128,0.00014405949329322003
20260915,PRODUCT_POSREG,BASE_OD,6,path_1_to_H,clip_0_1,1452,-0.0017611715942150912,-0.0001056901615081992
20260915,PRODUCT_POSREG,BASE_OD,6,path_1_to_H,clip_0_1,1464,-0.0004093278755306091,0.0006137751708654769
20260915,PRODUCT_POSREG,BASE_OD,6,path_1_to_H,clip_0_1,1476,-0.0006843679553880967,-0.0003770256052793033
20260915,PRODUCT_POSREG,BASE_OD,6,path_1_to_H,clip_0_1,1488,0.002918663243773231,0.00012065807635550645
20260915,PRODUCT_POSREG,BASE_OD,6,path_1_to_H,clip_0_1,1500,0.0003671703116847314,0.00024151286764378024
20260915,PRODUCT_POSREG,BASE_OD,6,path_1_to_H,clip_0_1,1512,-0.0027476034401981426,-0.0016281075135025148
20260915,PRODUCT_POSREG,BASE_OD,6,path_1_to_H,clip_0_1,1524,-0.002109206606501247,-0.0006705946267191731
20260915,PRODUCT_POSREG,BASE_OD,6,path_1_to_H,clip_0_1,1536,0.00024797607614102736,6.565699096853519e-05
20260915,PRODUCT_POSREG,BASE_OD,6,path_1_to_H,clip_0_1,1548,0.00024019113134747804,0.00019367689734590748
20260915,PRODUCT_POSREG,BASE_OD,9,terminal_H,raw,1392,0.0015463550659042201,0.0006001502636709181
20260915,PRODUCT_POSREG,BASE_OD,9,terminal_H,raw,1404,-0.007042873152498937,-0.0009715292284501562
20260915,PRODUCT_POSREG,BASE_OD,9,terminal_H,raw,1416,-0.007384501681458125,-0.000990557905173582
20260915,PRODUCT_POSREG,BASE_OD,9,terminal_H,raw,1428,-0.002377648262428871,-0.00048589152329122785
20260915,PRODUCT_POSREG,BASE_OD,9,terminal_H,raw,1440,0.0003234499288113655,4.093591953963699e-05
20260915,PRODUCT_POSREG,BASE_OD,9,terminal_H,raw,1452,-0.0007670232511099463,-0.00018134825691460383
20260915,PRODUCT_POSREG,BASE_OD,9,terminal_H,raw,1464,0.001974633440718504,0.0016787807316278418
20260915,PRODUCT_POSREG,BASE_OD,9,terminal_H,raw,1476,0.0006073825813069627,-0.00026838013898882384
20260915,PRODUCT_POSREG,BASE_OD,9,terminal_H,raw,1488,0.005558882893838898,0.0008693224132058184
20260915,PRODUCT_POSREG,BASE_OD,9,terminal_H,raw,1500,0.0031951409587436842,0.0007200353174588494
20260915,PRODUCT_POSREG,BASE_OD,9,terminal_H,raw,1512,-0.009386193135603443,-0.003879987317564406
20260915,PRODUCT_POSREG,BASE_OD,9,terminal_H,raw,1524,-0.006463936703753793,-0.0022785377317206174
20260915,PRODUCT_POSREG,BASE_OD,9,terminal_H,raw,1536,0.002569505780298268,0.0005865802584736615
20260915,PRODUCT_POSREG,BASE_OD,9,terminal_H,raw,1548,-0.002664201204084855,-0.0005363400470016584
20260915,PRODUCT_POSREG,BASE_OD,9,terminal_H,clip_0_1,1392,0.0015463550659042201,0.0006001502636709181
20260915,PRODUCT_POSREG,BASE_OD,9,terminal_H,clip_0_1,1404,-0.007042873152498937,-0.0009715292284501562
20260915,PRODUCT_POSREG,BASE_OD,9,terminal_H,clip_0_1,1416,-0.007384501681458125,-0.000990557905173582
20260915,PRODUCT_POSREG,BASE_OD,9,terminal_H,clip_0_1,1428,-0.0024088360507582124,-0.0004861631977930394
20260915,PRODUCT_POSREG,BASE_OD,9,terminal_H,clip_0_1,1440,0.0003234499288113655,4.093591953963699e-05
20260915,PRODUCT_POSREG,BASE_OD,9,terminal_H,clip_0_1,1452,-0.0007785779738688031,-0.00018164744271999514
20260915,PRODUCT_POSREG,BASE_OD,9,terminal_H,clip_0_1,1464,0.002026622336823296,0.0016791525225330725
20260915,PRODUCT_POSREG,BASE_OD,9,terminal_H,clip_0_1,1476,0.0006209929408526254,-0.00026832919746990917
20260915,PRODUCT_POSREG,BASE_OD,9,terminal_H,clip_0_1,1488,0.005562199247628957,0.0008693254377114951
20260915,PRODUCT_POSREG,BASE_OD,9,terminal_H,clip_0_1,1500,0.0031951409587436842,0.0007200353174588494
20260915,PRODUCT_POSREG,BASE_OD,9,terminal_H,clip_0_1,1512,-0.009386193135603443,-0.003879987317564406
20260915,PRODUCT_POSREG,BASE_OD,9,terminal_H,clip_0_1,1524,-0.006463936703753793,-0.0022785377317206174
20260915,PRODUCT_POSREG,BASE_OD,9,terminal_H,clip_0_1,1536,0.002569505780298268,0.0005865802584736615
20260915,PRODUCT_POSREG,BASE_OD,9,terminal_H,clip_0_1,1548,-0.002664201204084855,-0.0005363400470016584
20260915,PRODUCT_POSREG,BASE_OD,9,path_1_to_H,raw,1392,0.0032307784994339028,0.0003427961450473839
20260915,PRODUCT_POSREG,BASE_OD,9,path_1_to_H,raw,1404,-0.0030147445227945774,-0.0003865127553491563
20260915,PRODUCT_POSREG,BASE_OD,9,path_1_to_H,raw,1416,-0.004121369453894176,-0.00044278855368660834
20260915,PRODUCT_POSREG,BASE_OD,9,path_1_to_H,raw,1428,-0.0013898871882192807,-0.00012647804907722608
20260915,PRODUCT_POSREG,BASE_OD,9,path_1_to_H,raw,1440,0.0011022902454693015,9.555338242877881e-05
20260915,PRODUCT_POSREG,BASE_OD,9,path_1_to_H,raw,1452,-0.0018689152263818248,-0.00012199015628660791
20260915,PRODUCT_POSREG,BASE_OD,9,path_1_to_H,raw,1464,0.00010674006079627157,0.0009642338314537565
20260915,PRODUCT_POSREG,BASE_OD,9,path_1_to_H,raw,1476,-4.9192473526102335e-05,-0.0003344897555146823
20260915,PRODUCT_POSREG,BASE_OD,9,path_1_to_H,raw,1488,0.0032799658364946454,0.00023181052074715679
20260915,PRODUCT_POSREG,BASE_OD,9,path_1_to_H,raw,1500,0.0009527799539752812,0.00031308979671854493
20260915,PRODUCT_POSREG,BASE_OD,9,path_1_to_H,raw,1512,-0.004649711063900814,-0.002335416119117281
20260915,PRODUCT_POSREG,BASE_OD,9,path_1_to_H,raw,1524,-0.0031280992299273407,-0.0010364819044940815
20260915,PRODUCT_POSREG,BASE_OD,9,path_1_to_H,raw,1536,0.0012443169626404594,0.00033004993930217116
20260915,PRODUCT_POSREG,BASE_OD,9,path_1_to_H,raw,1548,-0.00010277396631849941,2.231990317766955e-05
20260915,PRODUCT_POSREG,BASE_OD,9,path_1_to_H,clip_0_1,1392,0.0033720619996847156,0.0003539064981031703
20260915,PRODUCT_POSREG,BASE_OD,9,path_1_to_H,clip_0_1,1404,-0.003013739434392111,-0.00038650513212211884
20260915,PRODUCT_POSREG,BASE_OD,9,path_1_to_H,clip_0_1,1416,-0.004037280196598031,-0.0004354598710392224
20260915,PRODUCT_POSREG,BASE_OD,9,path_1_to_H,clip_0_1,1428,-0.0014015840904822029,-0.00012659550103783017
20260915,PRODUCT_POSREG,BASE_OD,9,path_1_to_H,clip_0_1,1440,0.0011451652066810697,9.973931827553734e-05
20260915,PRODUCT_POSREG,BASE_OD,9,path_1_to_H,clip_0_1,1452,-0.0018864810354828718,-0.00012216090848062545
20260915,PRODUCT_POSREG,BASE_OD,9,path_1_to_H,clip_0_1,1464,0.00012436399169237736,0.0009642863471003072
20260915,PRODUCT_POSREG,BASE_OD,9,path_1_to_H,clip_0_1,1476,-5.7328538360924495e-05,-0.0003345079492880759
20260915,PRODUCT_POSREG,BASE_OD,9,path_1_to_H,clip_0_1,1488,0.003304004943277113,0.0002319842433310238
20260915,PRODUCT_POSREG,BASE_OD,9,path_1_to_H,clip_0_1,1500,0.0009489598649163871,0.00031320006977624275
20260915,PRODUCT_POSREG,BASE_OD,9,path_1_to_H,clip_0_1,1512,-0.004640745005255361,-0.002332284764781685
20260915,PRODUCT_POSREG,BASE_OD,9,path_1_to_H,clip_0_1,1524,-0.0031294222157892803,-0.0010365093550408532
20260915,PRODUCT_POSREG,BASE_OD,9,path_1_to_H,clip_0_1,1536,0.0012459737323323352,0.0003300567328945557
20260915,PRODUCT_POSREG,BASE_OD,9,path_1_to_H,clip_0_1,1548,-0.00010277396631849941,2.231990317766955e-05
20260915,PRODUCT_POSREG,BASE_OD,12,terminal_H,raw,1392,0.0002717959998758029,0.0008625074190827181
20260915,PRODUCT_POSREG,BASE_OD,12,terminal_H,raw,1404,-0.004337672204754188,-0.000407645765818451
20260915,PRODUCT_POSREG,BASE_OD,12,terminal_H,raw,1416,-0.004393251103509425,-0.0005512851653726848
20260915,PRODUCT_POSREG,BASE_OD,12,terminal_H,raw,1428,-0.0006554557037848663,-0.0003024752149900259
20260915,PRODUCT_POSREG,BASE_OD,12,terminal_H,raw,1440,-0.000820899279381333,-0.0002926729340909584
20260915,PRODUCT_POSREG,BASE_OD,12,terminal_H,raw,1452,0.0012728845377046863,-0.0001244690374762909
20260915,PRODUCT_POSREG,BASE_OD,12,terminal_H,raw,1464,0.0015169442739938579,0.0013049718009222769
20260915,PRODUCT_POSREG,BASE_OD,12,terminal_H,raw,1476,0.0010921232160345828,0.00019413695448700576
20260915,PRODUCT_POSREG,BASE_OD,12,terminal_H,raw,1488,0.0033951622148641427,0.00038605278075104054
20260915,PRODUCT_POSREG,BASE_OD,12,terminal_H,raw,1500,6.370183671111589e-06,-0.0002812221643742739
20260915,PRODUCT_POSREG,BASE_OD,12,terminal_H,raw,1512,-0.005530058115913726,-0.0014179338765839937
20260915,PRODUCT_POSREG,BASE_OD,12,terminal_H,raw,1524,-0.005015163472847959,-0.0016924548433148955
20260915,PRODUCT_POSREG,BASE_OD,12,terminal_H,raw,1536,0.004498937645549299,0.0010071352295938085
20260915,PRODUCT_POSREG,BASE_OD,12,terminal_H,raw,1548,-0.0023205078139950275,-0.0011218979197468307
20260915,PRODUCT_POSREG,BASE_OD,12,terminal_H,clip_0_1,1392,0.0002717959998758029,0.0008625074190827181
20260915,PRODUCT_POSREG,BASE_OD,12,terminal_H,clip_0_1,1404,-0.004337672204754188,-0.000407645765818451
20260915,PRODUCT_POSREG,BASE_OD,12,terminal_H,clip_0_1,1416,-0.004393251103509425,-0.0005512851653726848
20260915,PRODUCT_POSREG,BASE_OD,12,terminal_H,clip_0_1,1428,-0.0006267320737599381,-0.00028944579453093214
20260915,PRODUCT_POSREG,BASE_OD,12,terminal_H,clip_0_1,1440,-0.000820899279381333,-0.0002926729340909584
20260915,PRODUCT_POSREG,BASE_OD,12,terminal_H,clip_0_1,1452,0.0012463322025995272,-0.00012523405195687045
20260915,PRODUCT_POSREG,BASE_OD,12,terminal_H,clip_0_1,1464,0.0015169442739938579,0.0013049718009222769
20260915,PRODUCT_POSREG,BASE_OD,12,terminal_H,clip_0_1,1476,0.0010931714640158637,0.00019413725666355907
20260915,PRODUCT_POSREG,BASE_OD,12,terminal_H,clip_0_1,1488,0.0033951622148641427,0.00038605278075104054
20260915,PRODUCT_POSREG,BASE_OD,12,terminal_H,clip_0_1,1500,6.370183671111589e-06,-0.0002812221643742739
20260915,PRODUCT_POSREG,BASE_OD,12,terminal_H,clip_0_1,1512,-0.005530058115913726,-0.0014179338765839937
20260915,PRODUCT_POSREG,BASE_OD,12,terminal_H,clip_0_1,1524,-0.005015163472847959,-0.0016924548433148955
20260915,PRODUCT_POSREG,BASE_OD,12,terminal_H,clip_0_1,1536,0.004498937645549299,0.0010071352295938085
20260915,PRODUCT_POSREG,BASE_OD,12,terminal_H,clip_0_1,1548,-0.002446330928803475,-0.0011385269955850334
20260915,PRODUCT_POSREG,BASE_OD,12,path_1_to_H,raw,1392,0.002501091420042207,0.0004779443893131521
20260915,PRODUCT_POSREG,BASE_OD,12,path_1_to_H,raw,1404,-0.0034510639591517744,-0.00039322907627817083
20260915,PRODUCT_POSREG,BASE_OD,12,path_1_to_H,raw,1416,-0.004436792399761206,-0.000455554410738267
20260915,PRODUCT_POSREG,BASE_OD,12,path_1_to_H,raw,1428,-0.0013383884045805568,-0.0001995892324136348
20260915,PRODUCT_POSREG,BASE_OD,12,path_1_to_H,raw,1440,0.0008352382863870233,6.230925892311802e-05
20260915,PRODUCT_POSREG,BASE_OD,12,path_1_to_H,raw,1452,-0.0011371052155760436,-9.860132356215247e-05
20260915,PRODUCT_POSREG,BASE_OD,12,path_1_to_H,raw,1464,0.0005093634427844994,0.001085391681006951
20260915,PRODUCT_POSREG,BASE_OD,12,path_1_to_H,raw,1476,0.0001091400436331911,-0.0002642669416571808
20260915,PRODUCT_POSREG,BASE_OD,12,path_1_to_H,raw,1488,0.003568495345638088,0.00027288092823742456
20260915,PRODUCT_POSREG,BASE_OD,12,path_1_to_H,raw,1500,0.0011202968142944353,0.0003387782036341143
20260915,PRODUCT_POSREG,BASE_OD,12,path_1_to_H,raw,1512,-0.005109060229639605,-0.002186053636252231
20260915,PRODUCT_POSREG,BASE_OD,12,path_1_to_H,raw,1524,-0.0038117943375815203,-0.0013096786649303344
20260915,PRODUCT_POSREG,BASE_OD,12,path_1_to_H,raw,1536,0.0009384103640790546,0.0003151576838190525
20260915,PRODUCT_POSREG,BASE_OD,12,path_1_to_H,raw,1548,-0.0005292318686732303,-0.00015813713078641342
20260915,PRODUCT_POSREG,BASE_OD,12,path_1_to_H,clip_0_1,1392,0.0026070540452303166,0.0004862771541049918
20260915,PRODUCT_POSREG,BASE_OD,12,path_1_to_H,clip_0_1,1404,-0.003450310142849925,-0.00039322335885789273
20260915,PRODUCT_POSREG,BASE_OD,12,path_1_to_H,clip_0_1,1416,-0.004373725456789096,-0.00045005789875272753
20260915,PRODUCT_POSREG,BASE_OD,12,path_1_to_H,clip_0_1,1428,-0.0013432984280515477,-0.00019694732215687976
20260915,PRODUCT_POSREG,BASE_OD,12,path_1_to_H,clip_0_1,1440,0.0008673945072958494,6.544871080818691e-05
20260915,PRODUCT_POSREG,BASE_OD,12,path_1_to_H,clip_0_1,1452,-0.0011557373409854426,-9.887558119782404e-05
20260915,PRODUCT_POSREG,BASE_OD,12,path_1_to_H,clip_0_1,1464,0.0005259370602138974,0.0010863630726271618
20260915,PRODUCT_POSREG,BASE_OD,12,path_1_to_H,clip_0_1,1476,0.00010522579443831659,-0.00026426716812105207
20260915,PRODUCT_POSREG,BASE_OD,12,path_1_to_H,clip_0_1,1488,0.003586872889816598,0.00027301162031040176
20260915,PRODUCT_POSREG,BASE_OD,12,path_1_to_H,clip_0_1,1500,0.0011174317475002647,0.0003388609084273877
20260915,PRODUCT_POSREG,BASE_OD,12,path_1_to_H,clip_0_1,1512,-0.005102335685655515,-0.0021837051205005342
20260915,PRODUCT_POSREG,BASE_OD,12,path_1_to_H,clip_0_1,1524,-0.003812786576977975,-0.0013096992528404132
20260915,PRODUCT_POSREG,BASE_OD,12,path_1_to_H,clip_0_1,1536,0.0009396529413479614,0.00031516277901334083
20260915,PRODUCT_POSREG,BASE_OD,12,path_1_to_H,clip_0_1,1548,-0.0005586302394846225,-0.0001634766948258824
20260915,PRODUCT_POSREG,PRODUCT_MSE,3,terminal_H,raw,1392,-0.0020021929364223948,-0.00017600601878416835
20260915,PRODUCT_POSREG,PRODUCT_MSE,3,terminal_H,raw,1404,0.0014364975128240247,-9.078058348711964e-06
20260915,PRODUCT_POSREG,PRODUCT_MSE,3,terminal_H,raw,1416,0.00016010130648440332,-5.718255520509025e-05
20260915,PRODUCT_POSREG,PRODUCT_MSE,3,terminal_H,raw,1428,0.0004770382544052681,-0.00019772523481525732
20260915,PRODUCT_POSREG,PRODUCT_MSE,3,terminal_H,raw,1440,-0.001975028733138742,-0.0001165043156705383
20260915,PRODUCT_POSREG,PRODUCT_MSE,3,terminal_H,raw,1452,0.0011037153587462546,3.436425247775432e-05
20260915,PRODUCT_POSREG,PRODUCT_MSE,3,terminal_H,raw,1464,0.0005032455256945682,-0.00019761203941090824
20260915,PRODUCT_POSREG,PRODUCT_MSE,3,terminal_H,raw,1476,0.0023030742789637844,0.0004998677181378699
20260915,PRODUCT_POSREG,PRODUCT_MSE,3,terminal_H,raw,1488,0.005591652738527203,0.0008028328003628913
20260915,PRODUCT_POSREG,PRODUCT_MSE,3,terminal_H,raw,1500,0.0022127086938957207,0.0001659783174775471
20260915,PRODUCT_POSREG,PRODUCT_MSE,3,terminal_H,raw,1512,-0.0040060213266741715,-0.0028484398802349205
20260915,PRODUCT_POSREG,PRODUCT_MSE,3,terminal_H,raw,1524,0.00012045134748241729,3.274167437484321e-05
20260915,PRODUCT_POSREG,PRODUCT_MSE,3,terminal_H,raw,1536,0.0013703221314706753,0.00012915756436491477
20260915,PRODUCT_POSREG,PRODUCT_MSE,3,terminal_H,raw,1548,-0.002389258497511153,-0.0006338302946589986
20260915,PRODUCT_POSREG,PRODUCT_MSE,3,terminal_H,clip_0_1,1392,-0.0019998379308995102,-0.00018415087540642728
20260915,PRODUCT_POSREG,PRODUCT_MSE,3,terminal_H,clip_0_1,1404,0.0014364975128240247,-9.078058348711964e-06
20260915,PRODUCT_POSREG,PRODUCT_MSE,3,terminal_H,clip_0_1,1416,0.00014895377355290872,-5.72039231869711e-05
20260915,PRODUCT_POSREG,PRODUCT_MSE,3,terminal_H,clip_0_1,1428,0.0004770382544052681,-0.00019772523481525732
20260915,PRODUCT_POSREG,PRODUCT_MSE,3,terminal_H,clip_0_1,1440,-0.0019600537064495965,-0.00011644264652884464
20260915,PRODUCT_POSREG,PRODUCT_MSE,3,terminal_H,clip_0_1,1452,0.0011079851482078983,3.4369266030817176e-05
20260915,PRODUCT_POSREG,PRODUCT_MSE,3,terminal_H,clip_0_1,1464,0.00047807739944935075,-0.0001990904644214323
20260915,PRODUCT_POSREG,PRODUCT_MSE,3,terminal_H,clip_0_1,1476,0.0023106539070032743,0.0004998877761394449
20260915,PRODUCT_POSREG,PRODUCT_MSE,3,terminal_H,clip_0_1,1488,0.005502366718280641,0.00080173043295458
20260915,PRODUCT_POSREG,PRODUCT_MSE,3,terminal_H,clip_0_1,1500,0.0021743728194405718,0.00015958950930171942
20260915,PRODUCT_POSREG,PRODUCT_MSE,3,terminal_H,clip_0_1,1512,-0.003995844185758801,-0.0028392874019381753
20260915,PRODUCT_POSREG,PRODUCT_MSE,3,terminal_H,clip_0_1,1524,0.00012045134748241729,3.274167437484321e-05
20260915,PRODUCT_POSREG,PRODUCT_MSE,3,terminal_H,clip_0_1,1536,0.0013703221314706753,0.00012915756436491477
20260915,PRODUCT_POSREG,PRODUCT_MSE,3,terminal_H,clip_0_1,1548,-0.002389258497511153,-0.0006338302946589986
20260915,PRODUCT_POSREG,PRODUCT_MSE,3,path_1_to_H,raw,1392,-0.001622784679481148,-0.0001841911841977159
20260915,PRODUCT_POSREG,PRODUCT_MSE,3,path_1_to_H,raw,1404,0.0012212457780346382,3.139664402403588e-05
20260915,PRODUCT_POSREG,PRODUCT_MSE,3,path_1_to_H,raw,1416,0.0012116025193469001,5.3840171209475836e-05
20260915,PRODUCT_POSREG,PRODUCT_MSE,3,path_1_to_H,raw,1428,0.0010030766101146644,-4.444581372235532e-05
20260915,PRODUCT_POSREG,PRODUCT_MSE,3,path_1_to_H,raw,1440,-9.381570818542423e-06,-4.526723140470923e-05
20260915,PRODUCT_POSREG,PRODUCT_MSE,3,path_1_to_H,raw,1452,0.0013055571521069698,3.803738686219576e-05
20260915,PRODUCT_POSREG,PRODUCT_MSE,3,path_1_to_H,raw,1464,0.00043254820477362004,-0.00037001166659193194
20260915,PRODUCT_POSREG,PRODUCT_MSE,3,path_1_to_H,raw,1476,0.0015764062870206874,0.00031308851134816254
20260915,PRODUCT_POSREG,PRODUCT_MSE,3,path_1_to_H,raw,1488,0.004048133076233595,0.00040123110196750464
20260915,PRODUCT_POSREG,PRODUCT_MSE,3,path_1_to_H,raw,1500,0.0019367025666589802,7.17969141585531e-05
20260915,PRODUCT_POSREG,PRODUCT_MSE,3,path_1_to_H,raw,1512,-0.00190963248442171,-0.0017022667351399281
20260915,PRODUCT_POSREG,PRODUCT_MSE,3,path_1_to_H,raw,1524,0.00037008022740227887,6.85817642196804e-05
20260915,PRODUCT_POSREG,PRODUCT_MSE,3,path_1_to_H,raw,1536,0.00044421841910333366,5.2672748985387674e-05
20260915,PRODUCT_POSREG,PRODUCT_MSE,3,path_1_to_H,raw,1548,-0.0016333906823519657,-0.00036974488221875153
20260915,PRODUCT_POSREG,PRODUCT_MSE,3,path_1_to_H,clip_0_1,1392,-0.0016374150192052896,-0.00019116334563343143
20260915,PRODUCT_POSREG,PRODUCT_MSE,3,path_1_to_H,clip_0_1,1404,0.001223557169113251,3.1415517293857546e-05
20260915,PRODUCT_POSREG,PRODUCT_MSE,3,path_1_to_H,clip_0_1,1416,0.0011952104644280686,5.362300012798224e-05
20260915,PRODUCT_POSREG,PRODUCT_MSE,3,path_1_to_H,clip_0_1,1428,0.0010041910747554737,-4.444478904642094e-05
20260915,PRODUCT_POSREG,PRODUCT_MSE,3,path_1_to_H,clip_0_1,1440,1.2760792144598075e-05,-4.2989466141128706e-05
20260915,PRODUCT_POSREG,PRODUCT_MSE,3,path_1_to_H,clip_0_1,1452,0.0013144772459061913,3.806861886395894e-05
20260915,PRODUCT_POSREG,PRODUCT_MSE,3,path_1_to_H,clip_0_1,1464,0.0004060131187223139,-0.00037087346722155433
20260915,PRODUCT_POSREG,PRODUCT_MSE,3,path_1_to_H,clip_0_1,1476,0.0015908885256328534,0.000313308048741658
20260915,PRODUCT_POSREG,PRODUCT_MSE,3,path_1_to_H,clip_0_1,1488,0.003941978586890071,0.000399639017603106
20260915,PRODUCT_POSREG,PRODUCT_MSE,3,path_1_to_H,clip_0_1,1500,0.0019457858721169414,7.045132952638661e-05
20260915,PRODUCT_POSREG,PRODUCT_MSE,3,path_1_to_H,clip_0_1,1512,-0.0019428823737934065,-0.0016995641225864
20260915,PRODUCT_POSREG,PRODUCT_MSE,3,path_1_to_H,clip_0_1,1524,0.0003806708603257788,6.867429746189968e-05
20260915,PRODUCT_POSREG,PRODUCT_MSE,3,path_1_to_H,clip_0_1,1536,0.00044740550542361827,5.269050635874014e-05
20260915,PRODUCT_POSREG,PRODUCT_MSE,3,path_1_to_H,clip_0_1,1548,-0.0016333906823519657,-0.00036974488221875153
20260915,PRODUCT_POSREG,PRODUCT_MSE,6,terminal_H,raw,1392,0.000873170411670471,7.767019167535265e-05
20260915,PRODUCT_POSREG,PRODUCT_MSE,6,terminal_H,raw,1404,-0.0013369706853891112,-0.00036267107781024746
20260915,PRODUCT_POSREG,PRODUCT_MSE,6,terminal_H,raw,1416,-0.0021115032234577348,-0.0002960865379384116
20260915,PRODUCT_POSREG,PRODUCT_MSE,6,terminal_H,raw,1428,-0.0008654362049286806,-3.9484297089797225e-05
20260915,PRODUCT_POSREG,PRODUCT_MSE,6,terminal_H,raw,1440,-0.0019097989257636666,-0.00030508036345950804
20260915,PRODUCT_POSREG,PRODUCT_MSE,6,terminal_H,raw,1452,0.0028398604817562634,0.0003169304511509547
20260915,PRODUCT_POSREG,PRODUCT_MSE,6,terminal_H,raw,1464,0.0014666871771294122,0.00010063284130617553
20260915,PRODUCT_POSREG,PRODUCT_MSE,6,terminal_H,raw,1476,0.0044053817466104,0.0010277215496011407
20260915,PRODUCT_POSREG,PRODUCT_MSE,6,terminal_H,raw,1488,0.006785824001622075,0.0010952619716460437
20260915,PRODUCT_POSREG,PRODUCT_MSE,6,terminal_H,raw,1500,-0.0003919353384435426,-7.301317199132677e-05
20260915,PRODUCT_POSREG,PRODUCT_MSE,6,terminal_H,raw,1512,-0.006060280822412709,-0.0037508491735406
20260915,PRODUCT_POSREG,PRODUCT_MSE,6,terminal_H,raw,1524,3.838897159383549e-06,0.0011312900682234584
20260915,PRODUCT_POSREG,PRODUCT_MSE,6,terminal_H,raw,1536,-1.614703660283853e-05,0.00010757882295784645
20260915,PRODUCT_POSREG,PRODUCT_MSE,6,terminal_H,raw,1548,-0.003634069345931241,-0.0006851623670371351
20260915,PRODUCT_POSREG,PRODUCT_MSE,6,terminal_H,clip_0_1,1392,0.0008494431383374159,6.986525290716371e-05
20260915,PRODUCT_POSREG,PRODUCT_MSE,6,terminal_H,clip_0_1,1404,-0.0013369706853891112,-0.00036267107781024746
20260915,PRODUCT_POSREG,PRODUCT_MSE,6,terminal_H,clip_0_1,1416,-0.0020291106117590265,-0.00028726797692804395
20260915,PRODUCT_POSREG,PRODUCT_MSE,6,terminal_H,clip_0_1,1428,-0.0008641463831376858,-3.948383958872779e-05
20260915,PRODUCT_POSREG,PRODUCT_MSE,6,terminal_H,clip_0_1,1440,-0.001861166660045363,-0.00030065587666720686
20260915,PRODUCT_POSREG,PRODUCT_MSE,6,terminal_H,clip_0_1,1452,0.0028398604817562634,0.0003169304511509547
20260915,PRODUCT_POSREG,PRODUCT_MSE,6,terminal_H,clip_0_1,1464,0.0013883900724316895,9.792223214396066e-05
20260915,PRODUCT_POSREG,PRODUCT_MSE,6,terminal_H,clip_0_1,1476,0.0044053817466104,0.0010277215496011407
20260915,PRODUCT_POSREG,PRODUCT_MSE,6,terminal_H,clip_0_1,1488,0.0067495204105118755,0.001095072968782878
20260915,PRODUCT_POSREG,PRODUCT_MSE,6,terminal_H,clip_0_1,1500,-0.0003919353384435426,-7.301317199132677e-05
20260915,PRODUCT_POSREG,PRODUCT_MSE,6,terminal_H,clip_0_1,1512,-0.006067500544738963,-0.003752940237003867
20260915,PRODUCT_POSREG,PRODUCT_MSE,6,terminal_H,clip_0_1,1524,3.838897159383549e-06,0.0011312900682234584
20260915,PRODUCT_POSREG,PRODUCT_MSE,6,terminal_H,clip_0_1,1536,-1.614703660283853e-05,0.00010757882295784645
20260915,PRODUCT_POSREG,PRODUCT_MSE,6,terminal_H,clip_0_1,1548,-0.003634069345931241,-0.0006851623670371351
20260915,PRODUCT_POSREG,PRODUCT_MSE,6,path_1_to_H,raw,1392,-0.00026994357094593704,-0.00011683664715911139
20260915,PRODUCT_POSREG,PRODUCT_MSE,6,path_1_to_H,raw,1404,0.0006566461435056507,-8.955923952361543e-05
20260915,PRODUCT_POSREG,PRODUCT_MSE,6,path_1_to_H,raw,1416,-0.00020747824513599465,-8.706492102935061e-05
20260915,PRODUCT_POSREG,PRODUCT_MSE,6,path_1_to_H,raw,1428,0.0007528984713130597,-1.0005772372493786e-05
20260915,PRODUCT_POSREG,PRODUCT_MSE,6,path_1_to_H,raw,1440,-0.0011653824338775701,-8.76247070417823e-05
20260915,PRODUCT_POSREG,PRODUCT_MSE,6,path_1_to_H,raw,1452,0.0017070075558976092,0.00012435709409989456
20260915,PRODUCT_POSREG,PRODUCT_MSE,6,path_1_to_H,raw,1464,0.0007396020651415573,-0.00012120741127312982
20260915,PRODUCT_POSREG,PRODUCT_MSE,6,path_1_to_H,raw,1476,0.0024690794436428194,0.0005506641156684472
20260915,PRODUCT_POSREG,PRODUCT_MSE,6,path_1_to_H,raw,1488,0.005331834877046658,0.0006150037817230625
20260915,PRODUCT_POSREG,PRODUCT_MSE,6,path_1_to_H,raw,1500,0.0015588770946516433,4.798502664762447e-05
20260915,PRODUCT_POSREG,PRODUCT_MSE,6,path_1_to_H,raw,1512,-0.00395385129320911,-0.0027763778058544795
20260915,PRODUCT_POSREG,PRODUCT_MSE,6,path_1_to_H,raw,1524,-0.00044222542837267937,0.00039657522982352927
20260915,PRODUCT_POSREG,PRODUCT_MSE,6,path_1_to_H,raw,1536,0.00063941285482231,4.8494793706916855e-05
20260915,PRODUCT_POSREG,PRODUCT_MSE,6,path_1_to_H,raw,1548,-0.002643965819634999,-0.0005533413927385977
20260915,PRODUCT_POSREG,PRODUCT_MSE,6,path_1_to_H,clip_0_1,1392,-0.00029711476456697165,-0.0001256194079699763
20260915,PRODUCT_POSREG,PRODUCT_MSE,6,path_1_to_H,clip_0_1,1404,0.0006578018390449573,-8.95498028887046e-05
20260915,PRODUCT_POSREG,PRODUCT_MSE,6,path_1_to_H,clip_0_1,1416,-0.0001782876865000221,-8.356890588299782e-05
20260915,PRODUCT_POSREG,PRODUCT_MSE,6,path_1_to_H,clip_0_1,1428,0.0007536706739319634,-1.0005183784348358e-05
20260915,PRODUCT_POSREG,PRODUCT_MSE,6,path_1_to_H,clip_0_1,1440,-0.0011357957802088294,-8.456859709618414e-05
20260915,PRODUCT_POSREG,PRODUCT_MSE,6,path_1_to_H,clip_0_1,1452,0.0017114676027972198,0.00012437271010077615
20260915,PRODUCT_POSREG,PRODUCT_MSE,6,path_1_to_H,clip_0_1,1464,0.0006917359677540726,-0.00012258533550877065
20260915,PRODUCT_POSREG,PRODUCT_MSE,6,path_1_to_H,clip_0_1,1476,0.0024763205629489025,0.0005507738843651949
20260915,PRODUCT_POSREG,PRODUCT_MSE,6,path_1_to_H,clip_0_1,1488,0.005270519791125338,0.0006141394857851723
20260915,PRODUCT_POSREG,PRODUCT_MSE,6,path_1_to_H,clip_0_1,1500,0.0015616105128653055,4.70657413586883e-05
20260915,PRODUCT_POSREG,PRODUCT_MSE,6,path_1_to_H,clip_0_1,1512,-0.003971987313917106,-0.0027754682157578384
20260915,PRODUCT_POSREG,PRODUCT_MSE,6,path_1_to_H,clip_0_1,1524,-0.00043693011191092934,0.0003966214964446389
20260915,PRODUCT_POSREG,PRODUCT_MSE,6,path_1_to_H,clip_0_1,1536,0.0006410063979824523,4.850367239359309e-05
20260915,PRODUCT_POSREG,PRODUCT_MSE,6,path_1_to_H,clip_0_1,1548,-0.002643965819634999,-0.0005533413927385977
20260915,PRODUCT_POSREG,PRODUCT_MSE,9,terminal_H,raw,1392,-0.002546171277948764,-0.0003201650889472145
20260915,PRODUCT_POSREG,PRODUCT_MSE,9,terminal_H,raw,1404,-0.006302411550372173,-0.0007333839461981316
20260915,PRODUCT_POSREG,PRODUCT_MSE,9,terminal_H,raw,1416,-0.002364920512624004,-0.00023875044278962496
20260915,PRODUCT_POSREG,PRODUCT_MSE,9,terminal_H,raw,1428,0.0008554366993977526,-5.469161620555975e-05
20260915,PRODUCT_POSREG,PRODUCT_MSE,9,terminal_H,raw,1440,-0.00018542687639019803,9.628275673192321e-05
20260915,PRODUCT_POSREG,PRODUCT_MSE,9,terminal_H,raw,1452,0.0017506664079210488,6.857058775015516e-05
20260915,PRODUCT_POSREG,PRODUCT_MSE,9,terminal_H,raw,1464,0.0019601209832740287,0.00017664544063498877
20260915,PRODUCT_POSREG,PRODUCT_MSE,9,terminal_H,raw,1476,0.0034617279752291643,0.0014158278995063736
20260915,PRODUCT_POSREG,PRODUCT_MSE,9,terminal_H,raw,1488,0.0027646765829917315,0.000374093706217476
20260915,PRODUCT_POSREG,PRODUCT_MSE,9,terminal_H,raw,1500,0.00047892954587902054,-8.716790897216838e-05
20260915,PRODUCT_POSREG,PRODUCT_MSE,9,terminal_H,raw,1512,-0.0033580485900646393,-0.0015822952886069544
20260915,PRODUCT_POSREG,PRODUCT_MSE,9,terminal_H,raw,1524,0.0003498104399445045,0.0003854588628003997
20260915,PRODUCT_POSREG,PRODUCT_MSE,9,terminal_H,raw,1536,0.001140704277264587,0.000541593303241878
20260915,PRODUCT_POSREG,PRODUCT_MSE,9,terminal_H,raw,1548,0.003019413635186274,0.00046885658539179534
20260915,PRODUCT_POSREG,PRODUCT_MSE,9,terminal_H,clip_0_1,1392,-0.002546171277948764,-0.0003201650889472145
20260915,PRODUCT_POSREG,PRODUCT_MSE,9,terminal_H,clip_0_1,1404,-0.006368424554657873,-0.0007345823183002081
20260915,PRODUCT_POSREG,PRODUCT_MSE,9,terminal_H,clip_0_1,1416,-0.002364920512624004,-0.00023875044278962496
20260915,PRODUCT_POSREG,PRODUCT_MSE,9,terminal_H,clip_0_1,1428,0.0008162135598438848,-5.511995827172676e-05
20260915,PRODUCT_POSREG,PRODUCT_MSE,9,terminal_H,clip_0_1,1440,-0.00018542687639019803,9.628275673192321e-05
20260915,PRODUCT_POSREG,PRODUCT_MSE,9,terminal_H,clip_0_1,1452,0.0017919671290688324,6.903966888117008e-05
20260915,PRODUCT_POSREG,PRODUCT_MSE,9,terminal_H,clip_0_1,1464,0.0019142593035520663,0.0001754251678991037
20260915,PRODUCT_POSREG,PRODUCT_MSE,9,terminal_H,clip_0_1,1476,0.003461400507818762,0.0014158254186947172
20260915,PRODUCT_POSREG,PRODUCT_MSE,9,terminal_H,clip_0_1,1488,0.002742886178103015,0.00037392338465703026
20260915,PRODUCT_POSREG,PRODUCT_MSE,9,terminal_H,clip_0_1,1500,0.00047892954587902054,-8.716790897216838e-05
20260915,PRODUCT_POSREG,PRODUCT_MSE,9,terminal_H,clip_0_1,1512,-0.0033623815461785046,-0.0015827337472146858
20260915,PRODUCT_POSREG,PRODUCT_MSE,9,terminal_H,clip_0_1,1524,0.0003498104399445045,0.0003854588628003997
20260915,PRODUCT_POSREG,PRODUCT_MSE,9,terminal_H,clip_0_1,1536,0.001140704277264587,0.000541593303241878
20260915,PRODUCT_POSREG,PRODUCT_MSE,9,terminal_H,clip_0_1,1548,0.003019413635186274,0.00046885658539179534
20260915,PRODUCT_POSREG,PRODUCT_MSE,9,path_1_to_H,raw,1392,-7.951384891505615e-05,-0.00011044747172312311
20260915,PRODUCT_POSREG,PRODUCT_MSE,9,path_1_to_H,raw,1404,-0.0010070527043464469,-0.0002589820143932415
20260915,PRODUCT_POSREG,PRODUCT_MSE,9,path_1_to_H,raw,1416,-0.0007777294807662022,-0.00010031066004553268
20260915,PRODUCT_POSREG,PRODUCT_MSE,9,path_1_to_H,raw,1428,0.0008197015063821817,-2.1814621289456255e-06
20260915,PRODUCT_POSREG,PRODUCT_MSE,9,path_1_to_H,raw,1440,-0.00034433572349862015,-3.803590027093915e-06
20260915,PRODUCT_POSREG,PRODUCT_MSE,9,path_1_to_H,raw,1452,0.0018957021816416522,0.00016038768527114377
20260915,PRODUCT_POSREG,PRODUCT_MSE,9,path_1_to_H,raw,1464,0.0011722441014286058,-2.020727578009733e-07
20260915,PRODUCT_POSREG,PRODUCT_MSE,9,path_1_to_H,raw,1476,0.0027904307457981966,0.0007930067263504244
20260915,PRODUCT_POSREG,PRODUCT_MSE,9,path_1_to_H,raw,1488,0.004731253544865551,0.0005828053099979441
20260915,PRODUCT_POSREG,PRODUCT_MSE,9,path_1_to_H,raw,1500,0.0008418200886684594,-6.130929840015656e-05
20260915,PRODUCT_POSREG,PRODUCT_MSE,9,path_1_to_H,raw,1512,-0.004026762703154624,-0.0026676486456406203
20260915,PRODUCT_POSREG,PRODUCT_MSE,9,path_1_to_H,raw,1524,-0.0001049495042645042,0.0004357421568072886
20260915,PRODUCT_POSREG,PRODUCT_MSE,9,path_1_to_H,raw,1536,0.00032691026120489357,7.04772154329381e-05
20260915,PRODUCT_POSREG,PRODUCT_MSE,9,path_1_to_H,raw,1548,-0.0020450318637149395,-0.00038068499729808553
20260915,PRODUCT_POSREG,PRODUCT_MSE,9,path_1_to_H,clip_0_1,1392,-0.00011282616805963486,-0.00011986880976081325
20260915,PRODUCT_POSREG,PRODUCT_MSE,9,path_1_to_H,clip_0_1,1404,-0.0010194956359864387,-0.0002591944071525189
20260915,PRODUCT_POSREG,PRODUCT_MSE,9,path_1_to_H,clip_0_1,1416,-0.0007436063588572268,-9.594919496763284e-05
20260915,PRODUCT_POSREG,PRODUCT_MSE,9,path_1_to_H,clip_0_1,1428,0.0008158581815110211,-2.2286632997561123e-06
20260915,PRODUCT_POSREG,PRODUCT_MSE,9,path_1_to_H,clip_0_1,1440,-0.0003279099142057091,-1.9777251363171836e-06
20260915,PRODUCT_POSREG,PRODUCT_MSE,9,path_1_to_H,clip_0_1,1452,0.0019060659598184296,0.00016046964009084136
20260915,PRODUCT_POSREG,PRODUCT_MSE,9,path_1_to_H,clip_0_1,1464,0.0011240968811578077,-1.7258478874773747e-06
20260915,PRODUCT_POSREG,PRODUCT_MSE,9,path_1_to_H,clip_0_1,1476,0.0027952217734010963,0.00079307962983585
20260915,PRODUCT_POSREG,PRODUCT_MSE,9,path_1_to_H,clip_0_1,1488,0.00468551632637076,0.0005822008828135797
20260915,PRODUCT_POSREG,PRODUCT_MSE,9,path_1_to_H,clip_0_1,1500,0.0008436423674775677,-6.192215525944734e-05
20260915,PRODUCT_POSREG,PRODUCT_MSE,9,path_1_to_H,clip_0_1,1512,-0.004039334823194829,-0.0026670909698659415
20260915,PRODUCT_POSREG,PRODUCT_MSE,9,path_1_to_H,clip_0_1,1524,-0.00010141929329000421,0.0004357730012213617
20260915,PRODUCT_POSREG,PRODUCT_MSE,9,path_1_to_H,clip_0_1,1536,0.0003279726233116551,7.048313455738894e-05
20260915,PRODUCT_POSREG,PRODUCT_MSE,9,path_1_to_H,clip_0_1,1548,-0.0020450318637149395,-0.00038068499729808553
20260915,PRODUCT_POSREG,PRODUCT_MSE,12,terminal_H,raw,1392,-0.0032476182509751077,-0.0004345853464234599
20260915,PRODUCT_POSREG,PRODUCT_MSE,12,terminal_H,raw,1404,-0.0053280481283856235,-0.00031672399314773157
20260915,PRODUCT_POSREG,PRODUCT_MSE,12,terminal_H,raw,1416,-0.002495057498680596,-0.00018901455833777363
20260915,PRODUCT_POSREG,PRODUCT_MSE,12,terminal_H,raw,1428,0.0012711076178791056,-2.5405858114470352e-05
20260915,PRODUCT_POSREG,PRODUCT_MSE,12,terminal_H,raw,1440,-0.0006706160266802893,4.7773115619611885e-05
20260915,PRODUCT_POSREG,PRODUCT_MSE,12,terminal_H,raw,1452,-0.0011159994464501925,-3.926357087216254e-05
20260915,PRODUCT_POSREG,PRODUCT_MSE,12,terminal_H,raw,1464,0.0011770085595340432,-9.831406268477505e-05
20260915,PRODUCT_POSREG,PRODUCT_MSE,12,terminal_H,raw,1476,0.0019408736323033196,0.001239134404149377
20260915,PRODUCT_POSREG,PRODUCT_MSE,12,terminal_H,raw,1488,0.0017887410999279946,0.0005746902396256455
20260915,PRODUCT_POSREG,PRODUCT_MSE,12,terminal_H,raw,1500,-0.0008009996599699529,-3.8523568324424594e-05
20260915,PRODUCT_POSREG,PRODUCT_MSE,12,terminal_H,raw,1512,-0.001025398606001538,-0.00034123097759705765
20260915,PRODUCT_POSREG,PRODUCT_MSE,12,terminal_H,raw,1524,0.004554848440986814,0.0022429734335949296
20260915,PRODUCT_POSREG,PRODUCT_MSE,12,terminal_H,raw,1536,0.002941241264345413,0.0007776791054286692
20260915,PRODUCT_POSREG,PRODUCT_MSE,12,terminal_H,raw,1548,0.002339638068068483,0.0001759754667593826
20260915,PRODUCT_POSREG,PRODUCT_MSE,12,terminal_H,clip_0_1,1392,-0.0032476182509751077,-0.0004345853464234599
20260915,PRODUCT_POSREG,PRODUCT_MSE,12,terminal_H,clip_0_1,1404,-0.0053280481283856235,-0.00031672399314773157
20260915,PRODUCT_POSREG,PRODUCT_MSE,12,terminal_H,clip_0_1,1416,-0.00251466950374609,-0.00018912033179201306
20260915,PRODUCT_POSREG,PRODUCT_MSE,12,terminal_H,clip_0_1,1428,0.001346326462523431,-9.513882119953128e-06
20260915,PRODUCT_POSREG,PRODUCT_MSE,12,terminal_H,clip_0_1,1440,-0.0006706160266802893,4.7773115619611885e-05
20260915,PRODUCT_POSREG,PRODUCT_MSE,12,terminal_H,clip_0_1,1452,-0.0010768909399721503,-3.88429651704532e-05
20260915,PRODUCT_POSREG,PRODUCT_MSE,12,terminal_H,clip_0_1,1464,0.0011770085595340432,-9.831406268477505e-05
20260915,PRODUCT_POSREG,PRODUCT_MSE,12,terminal_H,clip_0_1,1476,0.0019419218802846,0.0012391347063259305
20260915,PRODUCT_POSREG,PRODUCT_MSE,12,terminal_H,clip_0_1,1488,0.0017887410999279946,0.0005746902396256455
20260915,PRODUCT_POSREG,PRODUCT_MSE,12,terminal_H,clip_0_1,1500,-0.0008009996599699529,-3.8523568324424594e-05
20260915,PRODUCT_POSREG,PRODUCT_MSE,12,terminal_H,clip_0_1,1512,-0.001025398606001538,-0.00034123097759705765
20260915,PRODUCT_POSREG,PRODUCT_MSE,12,terminal_H,clip_0_1,1524,0.004539323436850951,0.0022419662421431313
20260915,PRODUCT_POSREG,PRODUCT_MSE,12,terminal_H,clip_0_1,1536,0.002941241264345413,0.0007776791054286692
20260915,PRODUCT_POSREG,PRODUCT_MSE,12,terminal_H,clip_0_1,1548,0.002339638068068483,0.0001759754667593826
20260915,PRODUCT_POSREG,PRODUCT_MSE,12,path_1_to_H,raw,1392,-0.0008459137272788039,-0.0001688791483800971
20260915,PRODUCT_POSREG,PRODUCT_MSE,12,path_1_to_H,raw,1404,-0.0021087835418518923,-0.000325547765239084
20260915,PRODUCT_POSREG,PRODUCT_MSE,12,path_1_to_H,raw,1416,-0.0010965156466978705,-0.00014877579152777095
20260915,PRODUCT_POSREG,PRODUCT_MSE,12,path_1_to_H,raw,1428,0.0009811815420382257,3.2231179884491495e-05
20260915,PRODUCT_POSREG,PRODUCT_MSE,12,path_1_to_H,raw,1440,-0.00040091511275689253,1.0211348212400121e-05
20260915,PRODUCT_POSREG,PRODUCT_MSE,12,path_1_to_H,raw,1452,0.0013860959539182549,0.00016005797532451453
20260915,PRODUCT_POSREG,PRODUCT_MSE,12,path_1_to_H,raw,1464,0.00104904530774649,-9.331867469327325e-05
20260915,PRODUCT_POSREG,PRODUCT_MSE,12,path_1_to_H,raw,1476,0.002512087369203951,0.0008331404121208632
20260915,PRODUCT_POSREG,PRODUCT_MSE,12,path_1_to_H,raw,1488,0.00403408757666776,0.0005342690669601378
20260915,PRODUCT_POSREG,PRODUCT_MSE,12,path_1_to_H,raw,1500,0.0005822134687898479,-5.891632442065324e-05
20260915,PRODUCT_POSREG,PRODUCT_MSE,12,path_1_to_H,raw,1512,-0.0034807966854167667,-0.00214044885538423
20260915,PRODUCT_POSREG,PRODUCT_MSE,12,path_1_to_H,raw,1524,0.0004409405967000035,0.0006651912208954892
20260915,PRODUCT_POSREG,PRODUCT_MSE,12,path_1_to_H,raw,1536,0.0011645939188893292,0.0003024449921148897
20260915,PRODUCT_POSREG,PRODUCT_MSE,12,path_1_to_H,raw,1548,-0.0009440093997840497,-0.00020040829879667955
20260915,PRODUCT_POSREG,PRODUCT_MSE,12,path_1_to_H,clip_0_1,1392,-0.0008708979666372381,-0.0001759451519083647
20260915,PRODUCT_POSREG,PRODUCT_MSE,12,path_1_to_H,clip_0_1,1404,-0.0021191334680969566,-0.00032570998386340273
20260915,PRODUCT_POSREG,PRODUCT_MSE,12,path_1_to_H,clip_0_1,1416,-0.0010725576390215965,-0.000145513507173866
20260915,PRODUCT_POSREG,PRODUCT_MSE,12,path_1_to_H,clip_0_1,1428,0.0009937622980508089,3.605927292449772e-05
20260915,PRODUCT_POSREG,PRODUCT_MSE,12,path_1_to_H,clip_0_1,1440,-0.00038859575578720917,1.1580746880482678e-05
20260915,PRODUCT_POSREG,PRODUCT_MSE,12,path_1_to_H,clip_0_1,1452,0.0014032148686806173,0.00016021617505213
20260915,PRODUCT_POSREG,PRODUCT_MSE,12,path_1_to_H,clip_0_1,1464,0.00101629056180071,-9.352950115523286e-05
20260915,PRODUCT_POSREG,PRODUCT_MSE,12,path_1_to_H,clip_0_1,1476,0.0025174352972481802,0.0008332063278453522
20260915,PRODUCT_POSREG,PRODUCT_MSE,12,path_1_to_H,clip_0_1,1488,0.003998356379158543,0.0005338057320911346
20260915,PRODUCT_POSREG,PRODUCT_MSE,12,path_1_to_H,clip_0_1,1500,0.0005835801778966789,-5.937596706512132e-05
20260915,PRODUCT_POSREG,PRODUCT_MSE,12,path_1_to_H,clip_0_1,1512,-0.003494521214140433,-0.0021419304578767246
20260915,PRODUCT_POSREG,PRODUCT_MSE,12,path_1_to_H,clip_0_1,1524,0.0004422945045862233,0.0006651304215850608
20260915,PRODUCT_POSREG,PRODUCT_MSE,12,path_1_to_H,clip_0_1,1536,0.0011653906904694003,0.00030244943145822786
20260915,PRODUCT_POSREG,PRODUCT_MSE,12,path_1_to_H,clip_0_1,1548,-0.0009440093997840497,-0.00020040829879667955
20260915,PRODUCT_POSREG,PRODUCT_MIX,3,terminal_H,raw,1392,-0.004481638152160973,-0.0003626776349001745
20260915,PRODUCT_POSREG,PRODUCT_MIX,3,terminal_H,raw,1404,0.001339293104128027,0.00011603987575981091
20260915,PRODUCT_POSREG,PRODUCT_MIX,3,terminal_H,raw,1416,0.0016924704563177574,2.2405059024611855e-05
20260915,PRODUCT_POSREG,PRODUCT_MIX,3,terminal_H,raw,1428,-0.0002244669356505055,-0.0002016793118088823
20260915,PRODUCT_POSREG,PRODUCT_MIX,3,terminal_H,raw,1440,0.00272338968894102,0.000300997906655451
20260915,PRODUCT_POSREG,PRODUCT_MIX,3,terminal_H,raw,1452,-0.0006632647449706991,-1.801162157654051e-05
20260915,PRODUCT_POSREG,PRODUCT_MIX,3,terminal_H,raw,1464,-0.007182696294213631,-0.004247442442975894
20260915,PRODUCT_POSREG,PRODUCT_MIX,3,terminal_H,raw,1476,0.000856083579360613,0.00025216135934260487
20260915,PRODUCT_POSREG,PRODUCT_MIX,3,terminal_H,raw,1488,-0.0033653197876084766,-0.00020672811189808869
20260915,PRODUCT_POSREG,PRODUCT_MIX,3,terminal_H,raw,1500,-0.004385493657377943,-0.00027369138782625603
20260915,PRODUCT_POSREG,PRODUCT_MIX,3,terminal_H,raw,1512,0.00350264730214036,0.002836936613696322
20260915,PRODUCT_POSREG,PRODUCT_MIX,3,terminal_H,raw,1524,0.001417782238511496,0.00038967319066226456
20260915,PRODUCT_POSREG,PRODUCT_MIX,3,terminal_H,raw,1536,0.000358243599263389,-2.971102396404357e-06
20260915,PRODUCT_POSREG,PRODUCT_MIX,3,terminal_H,raw,1548,-0.0007058680581071703,-8.205408392519653e-05
20260915,PRODUCT_POSREG,PRODUCT_MIX,3,terminal_H,clip_0_1,1392,-0.004395867722618788,-0.00036198653749262
20260915,PRODUCT_POSREG,PRODUCT_MIX,3,terminal_H,clip_0_1,1404,0.001339293104128027,0.00011603987575981091
20260915,PRODUCT_POSREG,PRODUCT_MIX,3,terminal_H,clip_0_1,1416,0.001645818965217126,2.0350369181289753e-05
20260915,PRODUCT_POSREG,PRODUCT_MIX,3,terminal_H,clip_0_1,1428,-0.0002244669356505055,-0.0002016793118088823
20260915,PRODUCT_POSREG,PRODUCT_MIX,3,terminal_H,clip_0_1,1440,0.00270550254437984,0.00030076259716484106
20260915,PRODUCT_POSREG,PRODUCT_MIX,3,terminal_H,clip_0_1,1452,-0.0006589949555090555,-1.8006608023477653e-05
20260915,PRODUCT_POSREG,PRODUCT_MIX,3,terminal_H,clip_0_1,1464,-0.007279134506152843,-0.004260077624575122
20260915,PRODUCT_POSREG,PRODUCT_MIX,3,terminal_H,clip_0_1,1476,0.00085618981786667,0.00025216185882148874
20260915,PRODUCT_POSREG,PRODUCT_MIX,3,terminal_H,clip_0_1,1488,-0.003361466266459264,-0.00020660020125790927
20260915,PRODUCT_POSREG,PRODUCT_MIX,3,terminal_H,clip_0_1,1500,-0.004432550615913051,-0.0002815627767418071
20260915,PRODUCT_POSREG,PRODUCT_MIX,3,terminal_H,clip_0_1,1512,0.003437871682583898,0.0027843640676979745
20260915,PRODUCT_POSREG,PRODUCT_MIX,3,terminal_H,clip_0_1,1524,0.001417782238511496,0.00038967319066226456
20260915,PRODUCT_POSREG,PRODUCT_MIX,3,terminal_H,clip_0_1,1536,0.000358243599263389,-2.971102396404357e-06
20260915,PRODUCT_POSREG,PRODUCT_MIX,3,terminal_H,clip_0_1,1548,-0.0007058680581071703,-8.205408392519653e-05
20260915,PRODUCT_POSREG,PRODUCT_MIX,3,path_1_to_H,raw,1392,-0.0032556308504834656,-0.00023438400158182283
20260915,PRODUCT_POSREG,PRODUCT_MIX,3,path_1_to_H,raw,1404,0.0008343113386318265,4.94647232684337e-05
20260915,PRODUCT_POSREG,PRODUCT_MIX,3,path_1_to_H,raw,1416,0.001458096811040748,4.013472891058227e-05
20260915,PRODUCT_POSREG,PRODUCT_MIX,3,path_1_to_H,raw,1428,0.0004103517046605148,7.976080170784617e-06
20260915,PRODUCT_POSREG,PRODUCT_MIX,3,path_1_to_H,raw,1440,0.0012842876082831732,8.195756327511641e-05
20260915,PRODUCT_POSREG,PRODUCT_MIX,3,path_1_to_H,raw,1452,6.717672569302531e-05,1.6755742805519115e-05
20260915,PRODUCT_POSREG,PRODUCT_MIX,3,path_1_to_H,raw,1464,-0.005456221771311052,-0.0032728880468810622
20260915,PRODUCT_POSREG,PRODUCT_MIX,3,path_1_to_H,raw,1476,8.16095390764601e-05,0.00015406625163180487
20260915,PRODUCT_POSREG,PRODUCT_MIX,3,path_1_to_H,raw,1488,-0.0028039371625789337,-0.00014048499526825756
20260915,PRODUCT_POSREG,PRODUCT_MIX,3,path_1_to_H,raw,1500,-0.0034965945305903226,-0.00016366877913721805
20260915,PRODUCT_POSREG,PRODUCT_MIX,3,path_1_to_H,raw,1512,0.002245127941742056,0.0017888635051575422
20260915,PRODUCT_POSREG,PRODUCT_MIX,3,path_1_to_H,raw,1524,0.0009360167831458339,0.00024569632891823526
20260915,PRODUCT_POSREG,PRODUCT_MIX,3,path_1_to_H,raw,1536,-0.00026387360402089534,-2.7548221313027703e-05
20260915,PRODUCT_POSREG,PRODUCT_MIX,3,path_1_to_H,raw,1548,-0.0006174871201813477,-0.0001207565792716278
20260915,PRODUCT_POSREG,PRODUCT_MIX,3,path_1_to_H,clip_0_1,1392,-0.0032366452044663226,-0.00023799228455813172
20260915,PRODUCT_POSREG,PRODUCT_MIX,3,path_1_to_H,clip_0_1,1404,0.0008357329196035479,4.9416788981949905e-05
20260915,PRODUCT_POSREG,PRODUCT_MIX,3,path_1_to_H,clip_0_1,1416,0.0014410658721421728,3.94370869820262e-05
20260915,PRODUCT_POSREG,PRODUCT_MIX,3,path_1_to_H,clip_0_1,1428,0.00040697827791316997,7.968785559476163e-06
20260915,PRODUCT_POSREG,PRODUCT_MIX,3,path_1_to_H,clip_0_1,1440,0.0012851356104833346,8.453650646230823e-05
20260915,PRODUCT_POSREG,PRODUCT_MIX,3,path_1_to_H,clip_0_1,1452,7.660258239198732e-05,1.6787185839073673e-05
20260915,PRODUCT_POSREG,PRODUCT_MIX,3,path_1_to_H,clip_0_1,1464,-0.005540901651177219,-0.003279563120817661
20260915,PRODUCT_POSREG,PRODUCT_MIX,3,path_1_to_H,clip_0_1,1476,6.989948652865306e-05,0.00015388549285931744
20260915,PRODUCT_POSREG,PRODUCT_MIX,3,path_1_to_H,clip_0_1,1488,-0.0028162735903623794,-0.00014051255893215823
20260915,PRODUCT_POSREG,PRODUCT_MIX,3,path_1_to_H,clip_0_1,1500,-0.0034980500543605707,-0.00016626640337463595
20260915,PRODUCT_POSREG,PRODUCT_MIX,3,path_1_to_H,clip_0_1,1512,0.0018822079436655135,0.0016849336875911132
20260915,PRODUCT_POSREG,PRODUCT_MIX,3,path_1_to_H,clip_0_1,1524,0.0009325699702914878,0.0002456262960061826
20260915,PRODUCT_POSREG,PRODUCT_MIX,3,path_1_to_H,clip_0_1,1536,-0.000258903294945268,-2.7527840535874222e-05
20260915,PRODUCT_POSREG,PRODUCT_MIX,3,path_1_to_H,clip_0_1,1548,-0.0006174871201813477,-0.0001207565792716278
20260915,PRODUCT_POSREG,PRODUCT_MIX,6,terminal_H,raw,1392,-0.0011057820897670302,-3.102506114505164e-05
20260915,PRODUCT_POSREG,PRODUCT_MIX,6,terminal_H,raw,1404,-0.0024492184991670284,-0.0005711620907678727
20260915,PRODUCT_POSREG,PRODUCT_MIX,6,terminal_H,raw,1416,0.0004915519827949723,-7.637397662108574e-05
20260915,PRODUCT_POSREG,PRODUCT_MIX,6,terminal_H,raw,1428,-0.00047866574400545406,0.00027918469619193405
20260915,PRODUCT_POSREG,PRODUCT_MIX,6,terminal_H,raw,1440,0.0015914352454502875,0.0002301714372924074
20260915,PRODUCT_POSREG,PRODUCT_MIX,6,terminal_H,raw,1452,-0.002133146799207705,-0.00015185688574783322
20260915,PRODUCT_POSREG,PRODUCT_MIX,6,terminal_H,raw,1464,-0.007782619369093146,-0.004193900286535128
20260915,PRODUCT_POSREG,PRODUCT_MIX,6,terminal_H,raw,1476,0.0011255294647800089,0.00034901774881142614
20260915,PRODUCT_POSREG,PRODUCT_MIX,6,terminal_H,raw,1488,-0.002631504556351635,0.00015794274789076852
20260915,PRODUCT_POSREG,PRODUCT_MIX,6,terminal_H,raw,1500,-0.007597593407529731,-0.0006802305819541082
20260915,PRODUCT_POSREG,PRODUCT_MIX,6,terminal_H,raw,1512,0.003214588904209322,0.003120900341509331
20260915,PRODUCT_POSREG,PRODUCT_MIX,6,terminal_H,raw,1524,0.0021430419832938787,0.0013908567435076552
20260915,PRODUCT_POSREG,PRODUCT_MIX,6,terminal_H,raw,1536,-0.0006901671298109619,-0.00017985342293792752
20260915,PRODUCT_POSREG,PRODUCT_MIX,6,terminal_H,raw,1548,-0.0004682171654037025,0.00010180942690408832
20260915,PRODUCT_POSREG,PRODUCT_MIX,6,terminal_H,clip_0_1,1392,-0.0009817159479954794,-2.831476069861663e-05
20260915,PRODUCT_POSREG,PRODUCT_MIX,6,terminal_H,clip_0_1,1404,-0.0024492184991670284,-0.0005711620907678727
20260915,PRODUCT_POSREG,PRODUCT_MIX,6,terminal_H,clip_0_1,1416,0.00039711957451430075,-8.805382294129079e-05
20260915,PRODUCT_POSREG,PRODUCT_MIX,6,terminal_H,clip_0_1,1428,-0.0005067350554197067,0.00027894811504979857
20260915,PRODUCT_POSREG,PRODUCT_MIX,6,terminal_H,clip_0_1,1440,0.0015800169435032626,0.0002282900738649269
20260915,PRODUCT_POSREG,PRODUCT_MIX,6,terminal_H,clip_0_1,1452,-0.002133146799207705,-0.00015185688574783322
20260915,PRODUCT_POSREG,PRODUCT_MIX,6,terminal_H,clip_0_1,1464,-0.007823177133982062,-0.004197651820558255
20260915,PRODUCT_POSREG,PRODUCT_MIX,6,terminal_H,clip_0_1,1476,0.0011255294647800089,0.00034901774881142614
20260915,PRODUCT_POSREG,PRODUCT_MIX,6,terminal_H,clip_0_1,1488,-0.00274743702248145,0.00015725575001685662
20260915,PRODUCT_POSREG,PRODUCT_MIX,6,terminal_H,clip_0_1,1500,-0.007597593407529731,-0.0006802305819541082
20260915,PRODUCT_POSREG,PRODUCT_MIX,6,terminal_H,clip_0_1,1512,0.003163445678223415,0.0030830645461492386
20260915,PRODUCT_POSREG,PRODUCT_MIX,6,terminal_H,clip_0_1,1524,0.0021430419832938787,0.0013908567435076552
20260915,PRODUCT_POSREG,PRODUCT_MIX,6,terminal_H,clip_0_1,1536,-0.0006901671298109619,-0.00017985342293792752
20260915,PRODUCT_POSREG,PRODUCT_MIX,6,terminal_H,clip_0_1,1548,-0.0004682171654037025,0.00010180942690408832
20260915,PRODUCT_POSREG,PRODUCT_MIX,6,path_1_to_H,raw,1392,-0.002102970507122454,-0.00013167237520850665
20260915,PRODUCT_POSREG,PRODUCT_MIX,6,path_1_to_H,raw,1404,0.00034393480744967836,-0.0001236832761945505
20260915,PRODUCT_POSREG,PRODUCT_MIX,6,path_1_to_H,raw,1416,0.0010321666352533856,2.9981275694076775e-06
20260915,PRODUCT_POSREG,PRODUCT_MIX,6,path_1_to_H,raw,1428,0.0005324144397984794,0.00017120736852054388
20260915,PRODUCT_POSREG,PRODUCT_MIX,6,path_1_to_H,raw,1440,0.0016069538606034162,0.00018140780009431095
20260915,PRODUCT_POSREG,PRODUCT_MIX,6,path_1_to_H,raw,1452,-0.0008586336119390586,-3.732786708287065e-05
20260915,PRODUCT_POSREG,PRODUCT_MIX,6,path_1_to_H,raw,1464,-0.006878573035004979,-0.0038434601563519127
20260915,PRODUCT_POSREG,PRODUCT_MIX,6,path_1_to_H,raw,1476,0.0003362896839797135,0.00018573362729021545
20260915,PRODUCT_POSREG,PRODUCT_MIX,6,path_1_to_H,raw,1488,-0.0025981243942102767,-2.3875229972811293e-05
20260915,PRODUCT_POSREG,PRODUCT_MIX,6,path_1_to_H,raw,1500,-0.004994824434370498,-0.00033590342735628445
20260915,PRODUCT_POSREG,PRODUCT_MIX,6,path_1_to_H,raw,1512,0.0026246704788223077,0.002308981213258448
20260915,PRODUCT_POSREG,PRODUCT_MIX,6,path_1_to_H,raw,1524,0.0014659458154341132,0.0011557974259968058
20260915,PRODUCT_POSREG,PRODUCT_MIX,6,path_1_to_H,raw,1536,0.00024736559445407254,2.189377356484039e-05
20260915,PRODUCT_POSREG,PRODUCT_MIX,6,path_1_to_H,raw,1548,-0.0009091720130788802,-0.00011401279031734621
20260915,PRODUCT_POSREG,PRODUCT_MIX,6,path_1_to_H,clip_0_1,1392,-0.002019487583508637,-0.00013048110537045192
20260915,PRODUCT_POSREG,PRODUCT_MIX,6,path_1_to_H,clip_0_1,1404,0.0003446455979355391,-0.00012370724333779238
20260915,PRODUCT_POSREG,PRODUCT_MIX,6,path_1_to_H,clip_0_1,1416,0.0009814329784313363,-2.253862667114959e-06
20260915,PRODUCT_POSREG,PRODUCT_MIX,6,path_1_to_H,clip_0_1,1428,0.0005260495078557648,0.00017116429102453367
20260915,PRODUCT_POSREG,PRODUCT_MIX,6,path_1_to_H,clip_0_1,1440,0.0015926159876010566,0.00018192221042931164
20260915,PRODUCT_POSREG,PRODUCT_MIX,6,path_1_to_H,clip_0_1,1452,-0.0008539206835895775,-3.731214556609337e-05
20260915,PRODUCT_POSREG,PRODUCT_MIX,6,path_1_to_H,clip_0_1,1464,-0.00696118829375342,-0.0038490885150790485
20260915,PRODUCT_POSREG,PRODUCT_MIX,6,path_1_to_H,clip_0_1,1476,0.0003285112846391749,0.0001853806941978556
20260915,PRODUCT_POSREG,PRODUCT_MIX,6,path_1_to_H,clip_0_1,1488,-0.002724376761715532,-2.5126579738922016e-05
20260915,PRODUCT_POSREG,PRODUCT_MIX,6,path_1_to_H,clip_0_1,1500,-0.005002299155362816,-0.0003381769444739073
20260915,PRODUCT_POSREG,PRODUCT_MIX,6,path_1_to_H,clip_0_1,1512,0.0024172697387966815,0.0022351046709329983
20260915,PRODUCT_POSREG,PRODUCT_MIX,6,path_1_to_H,clip_0_1,1524,0.0014642224090069401,0.0011557624095407796
20260915,PRODUCT_POSREG,PRODUCT_MIX,6,path_1_to_H,clip_0_1,1536,0.00024985074899188623,2.1903963953417132e-05
20260915,PRODUCT_POSREG,PRODUCT_MIX,6,path_1_to_H,clip_0_1,1548,-0.0009091720130788802,-0.00011401279031734621
20260915,PRODUCT_POSREG,PRODUCT_MIX,9,terminal_H,raw,1392,-0.0012753548683875815,-4.413219743353269e-05
20260915,PRODUCT_POSREG,PRODUCT_MIX,9,terminal_H,raw,1404,-0.003881012591887094,-0.0006233957009445282
20260915,PRODUCT_POSREG,PRODUCT_MIX,9,terminal_H,raw,1416,0.00031446578817925666,-9.196954239173156e-05
20260915,PRODUCT_POSREG,PRODUCT_MIX,9,terminal_H,raw,1428,-0.00017411203316468086,-0.00011868222631576764
20260915,PRODUCT_POSREG,PRODUCT_MIX,9,terminal_H,raw,1440,0.003283594022778616,0.00023608547335363515
20260915,PRODUCT_POSREG,PRODUCT_MIX,9,terminal_H,raw,1452,0.0035186127307154694,0.00041301461733686486
20260915,PRODUCT_POSREG,PRODUCT_MIX,9,terminal_H,raw,1464,-0.0035456511226837346,-0.002044931972951382
20260915,PRODUCT_POSREG,PRODUCT_MIX,9,terminal_H,raw,1476,-0.0024181613869976304,-0.00047912696144850113
20260915,PRODUCT_POSREG,PRODUCT_MIX,9,terminal_H,raw,1488,-0.007298603474816936,-0.0011678161681062437
20260915,PRODUCT_POSREG,PRODUCT_MIX,9,terminal_H,raw,1500,-0.0062110405243247365,-0.0009484883446839033
20260915,PRODUCT_POSREG,PRODUCT_MIX,9,terminal_H,raw,1512,0.005931252385456066,0.002988321516201166
20260915,PRODUCT_POSREG,PRODUCT_MIX,9,terminal_H,raw,1524,0.005892420044762097,0.0022047399138869703
20260915,PRODUCT_POSREG,PRODUCT_MIX,9,terminal_H,raw,1536,0.0008476315860671242,0.0005801600843901068
20260915,PRODUCT_POSREG,PRODUCT_MIX,9,terminal_H,raw,1548,-0.0029626593308809336,-0.000927891175284816
20260915,PRODUCT_POSREG,PRODUCT_MIX,9,terminal_H,clip_0_1,1392,-0.0012753548683875815,-4.413219743353269e-05
20260915,PRODUCT_POSREG,PRODUCT_MIX,9,terminal_H,clip_0_1,1404,-0.003981890313612674,-0.0006352960332813893
20260915,PRODUCT_POSREG,PRODUCT_MIX,9,terminal_H,clip_0_1,1416,0.00030622491478996195,-9.19882181901416e-05
20260915,PRODUCT_POSREG,PRODUCT_MIX,9,terminal_H,clip_0_1,1428,-0.00020486302866655674,-0.00011894640219885894
20260915,PRODUCT_POSREG,PRODUCT_MIX,9,terminal_H,clip_0_1,1440,0.003283594022778616,0.00023608547335363515
20260915,PRODUCT_POSREG,PRODUCT_MIX,9,terminal_H,clip_0_1,1452,0.003559913451863253,0.00041348369846787975
20260915,PRODUCT_POSREG,PRODUCT_MIX,9,terminal_H,clip_0_1,1464,-0.003535865926363157,-0.0020448255938108548
20260915,PRODUCT_POSREG,PRODUCT_MIX,9,terminal_H,clip_0_1,1476,-0.0024045510274519678,-0.00047907601992958646
20260915,PRODUCT_POSREG,PRODUCT_MIX,9,terminal_H,clip_0_1,1488,-0.00735477515959684,-0.001168786320952115
20260915,PRODUCT_POSREG,PRODUCT_MIX,9,terminal_H,clip_0_1,1500,-0.0062110405243247365,-0.0009484883446839033
20260915,PRODUCT_POSREG,PRODUCT_MIX,9,terminal_H,clip_0_1,1512,0.00590653321887194,0.0029745825211504027
20260915,PRODUCT_POSREG,PRODUCT_MIX,9,terminal_H,clip_0_1,1524,0.005892420044762097,0.0022047399138869703
20260915,PRODUCT_POSREG,PRODUCT_MIX,9,terminal_H,clip_0_1,1536,0.0008476315860671242,0.0005801600843901068
20260915,PRODUCT_POSREG,PRODUCT_MIX,9,terminal_H,clip_0_1,1548,-0.0029626593308809336,-0.000927891175284816
20260915,PRODUCT_POSREG,PRODUCT_MIX,9,path_1_to_H,raw,1392,-0.0015515512468346339,-0.00010849239837614364
20260915,PRODUCT_POSREG,PRODUCT_MIX,9,path_1_to_H,raw,1404,-0.000738180177900475,-0.00022926006520071842
20260915,PRODUCT_POSREG,PRODUCT_MIX,9,path_1_to_H,raw,1416,0.000986353671617801,1.0011660666797357e-05
20260915,PRODUCT_POSREG,PRODUCT_MIX,9,path_1_to_H,raw,1428,-1.1455650797235913e-05,8.357352883822636e-05
20260915,PRODUCT_POSREG,PRODUCT_MIX,9,path_1_to_H,raw,1440,0.0016265998355558824,0.00016615845929473779
20260915,PRODUCT_POSREG,PRODUCT_MIX,9,path_1_to_H,raw,1452,-0.00032529152891060305,-1.4933199987440635e-06
20260915,PRODUCT_POSREG,PRODUCT_MIX,9,path_1_to_H,raw,1464,-0.006307076669960234,-0.0035291404253027323
20260915,PRODUCT_POSREG,PRODUCT_MIX,9,path_1_to_H,raw,1476,-4.8258561437492225e-05,9.779818078843281e-05
20260915,PRODUCT_POSREG,PRODUCT_MIX,9,path_1_to_H,raw,1488,-0.003678695813638167,-0.0002250370884683732
20260915,PRODUCT_POSREG,PRODUCT_MIX,9,path_1_to_H,raw,1500,-0.0055930913376561735,-0.0005071752320620601
20260915,PRODUCT_POSREG,PRODUCT_MIX,9,path_1_to_H,raw,1512,0.003778243857789804,0.0027731739598367946
20260915,PRODUCT_POSREG,PRODUCT_MIX,9,path_1_to_H,raw,1524,0.0027992907462091664,0.0014909526970899795
20260915,PRODUCT_POSREG,PRODUCT_MIX,9,path_1_to_H,raw,1536,-7.688975785327882e-05,1.192377707113078e-05
20260915,PRODUCT_POSREG,PRODUCT_MIX,9,path_1_to_H,raw,1548,-0.0012470258367504143,-0.00025616834125430187
20260915,PRODUCT_POSREG,PRODUCT_MIX,9,path_1_to_H,clip_0_1,1392,-0.0014700329922697052,-0.00010756713008096077
20260915,PRODUCT_POSREG,PRODUCT_MIX,9,path_1_to_H,clip_0_1,1404,-0.000751791041360815,-0.00023061877535368407
20260915,PRODUCT_POSREG,PRODUCT_MIX,9,path_1_to_H,clip_0_1,1416,0.0009190889546346881,2.9934573236140795e-06
20260915,PRODUCT_POSREG,PRODUCT_MIX,9,path_1_to_H,clip_0_1,1428,-2.2423627140388522e-05,8.348837549888134e-05
20260915,PRODUCT_POSREG,PRODUCT_MIX,9,path_1_to_H,clip_0_1,1440,0.001605575849689988,0.00016564325301980111
20260915,PRODUCT_POSREG,PRODUCT_MIX,9,path_1_to_H,clip_0_1,1452,-0.0003147591631005784,-1.4112948351160106e-06
20260915,PRODUCT_POSREG,PRODUCT_MIX,9,path_1_to_H,clip_0_1,1464,-0.006357209903823345,-0.0035328239596581147
20260915,PRODUCT_POSREG,PRODUCT_MIX,9,path_1_to_H,clip_0_1,1476,-5.1931898826111014e-05,9.75685522289612e-05
20260915,PRODUCT_POSREG,PRODUCT_MIX,9,path_1_to_H,clip_0_1,1488,-0.003772340652792295,-0.00022599009778104536
20260915,PRODUCT_POSREG,PRODUCT_MIX,9,path_1_to_H,clip_0_1,1500,-0.005599597698669485,-0.0005087045176661225
20260915,PRODUCT_POSREG,PRODUCT_MIX,9,path_1_to_H,clip_0_1,1512,0.0036361355341753034,0.0027216777218695937
20260915,PRODUCT_POSREG,PRODUCT_MIX,9,path_1_to_H,clip_0_1,1524,0.002798141808591051,0.001490929352785962
20260915,PRODUCT_POSREG,PRODUCT_MIX,9,path_1_to_H,clip_0_1,1536,-7.523298816140303e-05,1.193057066351528e-05
20260915,PRODUCT_POSREG,PRODUCT_MIX,9,path_1_to_H,clip_0_1,1548,-0.0012470258367504143,-0.00025616834125430187
20260915,PRODUCT_POSREG,PRODUCT_MIX,12,terminal_H,raw,1392,-0.0023130185382783577,-0.00045958344283450865
20260915,PRODUCT_POSREG,PRODUCT_MIX,12,terminal_H,raw,1404,-0.002601381207140034,-0.00030046062888037595
20260915,PRODUCT_POSREG,PRODUCT_MIX,12,terminal_H,raw,1416,0.0017589286052384927,0.00021288016732808477
20260915,PRODUCT_POSREG,PRODUCT_MIX,12,terminal_H,raw,1428,0.0005632470803241889,-0.0001630025773900181
20260915,PRODUCT_POSREG,PRODUCT_MIX,12,terminal_H,raw,1440,0.001418703577860266,0.00022667398696843769
20260915,PRODUCT_POSREG,PRODUCT_MIX,12,terminal_H,raw,1452,0.001684227455155923,1.2098462212453719e-05
20260915,PRODUCT_POSREG,PRODUCT_MIX,12,terminal_H,raw,1464,-0.0018891751462999655,-0.000531626982189335
20260915,PRODUCT_POSREG,PRODUCT_MIX,12,terminal_H,raw,1476,-0.004331340583290991,-0.0012858617334905356
20260915,PRODUCT_POSREG,PRODUCT_MIX,12,terminal_H,raw,1488,-0.006628107419427799,-0.0011216547857214204
20260915,PRODUCT_POSREG,PRODUCT_MIX,12,terminal_H,raw,1500,-0.004818730609097181,-0.0008108387266413897
20260915,PRODUCT_POSREG,PRODUCT_MIX,12,terminal_H,raw,1512,0.004668054360643721,0.0015580553483419198
20260915,PRODUCT_POSREG,PRODUCT_MIX,12,terminal_H,raw,1524,0.0068920578261919985,0.0037891963653372863
20260915,PRODUCT_POSREG,PRODUCT_MIX,12,terminal_H,raw,1536,-0.0001510385771991526,0.00035337625558746897
20260915,PRODUCT_POSREG,PRODUCT_MIX,12,terminal_H,raw,1548,-0.0028482169007233195,-0.0013488640780003399
20260915,PRODUCT_POSREG,PRODUCT_MIX,12,terminal_H,clip_0_1,1392,-0.0023130185382783577,-0.00045958344283450865
20260915,PRODUCT_POSREG,PRODUCT_MIX,12,terminal_H,clip_0_1,1404,-0.0026755487005073932,-0.00031615270442946196
20260915,PRODUCT_POSREG,PRODUCT_MIX,12,terminal_H,clip_0_1,1416,0.0017589286052384927,0.00021288016732808477
20260915,PRODUCT_POSREG,PRODUCT_MIX,12,terminal_H,clip_0_1,1428,0.0006171746798610223,-0.00014825231628702958
20260915,PRODUCT_POSREG,PRODUCT_MIX,12,terminal_H,clip_0_1,1440,0.001418703577860266,0.00022667398696843769
20260915,PRODUCT_POSREG,PRODUCT_MIX,12,terminal_H,clip_0_1,1452,0.0017233359616339653,1.2519067914163068e-05
20260915,PRODUCT_POSREG,PRODUCT_MIX,12,terminal_H,clip_0_1,1464,-0.0018891751462999655,-0.000531626982189335
20260915,PRODUCT_POSREG,PRODUCT_MIX,12,terminal_H,clip_0_1,1476,-0.004436525037659594,-0.0012889649127523363
20260915,PRODUCT_POSREG,PRODUCT_MIX,12,terminal_H,clip_0_1,1488,-0.006628107419427799,-0.0011216547857214204
20260915,PRODUCT_POSREG,PRODUCT_MIX,12,terminal_H,clip_0_1,1500,-0.004818730609097181,-0.0008108387266413897
20260915,PRODUCT_POSREG,PRODUCT_MIX,12,terminal_H,clip_0_1,1512,0.004668054360643721,0.0015580553483419198
20260915,PRODUCT_POSREG,PRODUCT_MIX,12,terminal_H,clip_0_1,1524,0.006791185811725415,0.0037802847398246734
20260915,PRODUCT_POSREG,PRODUCT_MIX,12,terminal_H,clip_0_1,1536,-0.0001510385771991526,0.00035337625558746897
20260915,PRODUCT_POSREG,PRODUCT_MIX,12,terminal_H,clip_0_1,1548,-0.003049345230026887,-0.001380689904242033
20260915,PRODUCT_POSREG,PRODUCT_MIX,12,path_1_to_H,raw,1392,-0.0017023013663823815,-0.000149503702030234
20260915,PRODUCT_POSREG,PRODUCT_MIX,12,path_1_to_H,raw,1404,-0.0012460187829440655,-0.0002512333751226731
20260915,PRODUCT_POSREG,PRODUCT_MIX,12,path_1_to_H,raw,1416,0.0011405910885761749,2.6443270668584324e-05
20260915,PRODUCT_POSREG,PRODUCT_MIX,12,path_1_to_H,raw,1428,1.5058545988615648e-05,3.619557225710434e-05
20260915,PRODUCT_POSREG,PRODUCT_MIX,12,path_1_to_H,raw,1440,0.0018764332140564202,0.0002170130572680276
20260915,PRODUCT_POSREG,PRODUCT_MIX,12,path_1_to_H,raw,1452,0.0003544050937787862,2.699064601522267e-05
20260915,PRODUCT_POSREG,PRODUCT_MIX,12,path_1_to_H,raw,1464,-0.005364087096583089,-0.00291870044002167
20260915,PRODUCT_POSREG,PRODUCT_MIX,12,path_1_to_H,raw,1476,-0.0008964209283807781,-0.00019719879543234455
20260915,PRODUCT_POSREG,PRODUCT_MIX,12,path_1_to_H,raw,1488,-0.0044013388446049444,-0.00047920822956683447
20260915,PRODUCT_POSREG,PRODUCT_MIX,12,path_1_to_H,raw,1500,-0.005427650218137324,-0.000581444884939848
20260915,PRODUCT_POSREG,PRODUCT_MIX,12,path_1_to_H,raw,1512,0.004101702704403044,0.0025444148924661787
20260915,PRODUCT_POSREG,PRODUCT_MIX,12,path_1_to_H,raw,1524,0.003556186076768732,0.0019250845700222385
20260915,PRODUCT_POSREG,PRODUCT_MIX,12,path_1_to_H,raw,1536,0.0010283083081190087,0.00029511359147926287
20260915,PRODUCT_POSREG,PRODUCT_MIX,12,path_1_to_H,raw,1548,-0.0015301410458860572,-0.00042979776484362235
20260915,PRODUCT_POSREG,PRODUCT_MIX,12,path_1_to_H,clip_0_1,1392,-0.0016411626754586851,-0.00014880975080884683
20260915,PRODUCT_POSREG,PRODUCT_MIX,12,path_1_to_H,clip_0_1,1404,-0.0012700752443949499,-0.00025495145225381367
20260915,PRODUCT_POSREG,PRODUCT_MIX,12,path_1_to_H,clip_0_1,1416,0.0010899970984970607,2.117954834513056e-05
20260915,PRODUCT_POSREG,PRODUCT_MIX,12,path_1_to_H,clip_0_1,1428,7.671218911825135e-06,3.8510218956516596e-05
20260915,PRODUCT_POSREG,PRODUCT_MIX,12,path_1_to_H,clip_0_1,1440,0.0018606652246569997,0.00021662665256182512
20260915,PRODUCT_POSREG,PRODUCT_MIX,12,path_1_to_H,clip_0_1,1452,0.0003716504492660836,2.714889850078596e-05
20260915,PRODUCT_POSREG,PRODUCT_MIX,12,path_1_to_H,clip_0_1,1464,-0.005404072797228632,-0.0029221709196614334
20260915,PRODUCT_POSREG,PRODUCT_MIX,12,path_1_to_H,clip_0_1,1476,-0.0009054089664156948,-0.00019761448207566244
20260915,PRODUCT_POSREG,PRODUCT_MIX,12,path_1_to_H,clip_0_1,1488,-0.004477882832859929,-0.00048001032973218395
20260915,PRODUCT_POSREG,PRODUCT_MIX,12,path_1_to_H,clip_0_1,1500,-0.005432529988897309,-0.000582591849142895
20260915,PRODUCT_POSREG,PRODUCT_MIX,12,path_1_to_H,clip_0_1,1512,0.003986427045943418,0.0025030346560610695
20260915,PRODUCT_POSREG,PRODUCT_MIX,12,path_1_to_H,clip_0_1,1524,0.0035469183723495965,0.001924324426334841
20260915,PRODUCT_POSREG,PRODUCT_MIX,12,path_1_to_H,clip_0_1,1536,0.0010295508853879157,0.0002951186866735512
20260915,PRODUCT_POSREG,PRODUCT_MIX,12,path_1_to_H,clip_0_1,1548,-0.0015821890090085967,-0.00044006361509518727
20260915,PRODUCT_POSREG,PRODUCT_L1,3,terminal_H,raw,1392,0.0026490994040117444,0.0003762218479826239
20260915,PRODUCT_POSREG,PRODUCT_L1,3,terminal_H,raw,1404,-0.0001288598548170741,7.682103773636814e-05
20260915,PRODUCT_POSREG,PRODUCT_L1,3,terminal_H,raw,1416,-0.0013229216806512178,-8.9531444895813e-05
20260915,PRODUCT_POSREG,PRODUCT_L1,3,terminal_H,raw,1428,-0.0008023265072471881,-0.00017630810723555227
20260915,PRODUCT_POSREG,PRODUCT_L1,3,terminal_H,raw,1440,0.0027994036588218584,0.00027855413565944627
20260915,PRODUCT_POSREG,PRODUCT_L1,3,terminal_H,raw,1452,-0.00048194936236619273,-5.21682594120715e-05
20260915,PRODUCT_POSREG,PRODUCT_L1,3,terminal_H,raw,1464,-0.0023746061329877107,-0.00032426612240987014
20260915,PRODUCT_POSREG,PRODUCT_L1,3,terminal_H,raw,1476,-0.0020192776940624857,-0.0005985529436108859
20260915,PRODUCT_POSREG,PRODUCT_L1,3,terminal_H,raw,1488,0.002847168596910122,0.00010005538683785225
20260915,PRODUCT_POSREG,PRODUCT_L1,3,terminal_H,raw,1500,-0.0004646692330857405,1.1407134007701407e-05
20260915,PRODUCT_POSREG,PRODUCT_L1,3,terminal_H,raw,1512,-0.0016140741208512245,-0.0006963525542080043
20260915,PRODUCT_POSREG,PRODUCT_L1,3,terminal_H,raw,1524,-0.00033673341606968394,-4.9924324727272075e-05
20260915,PRODUCT_POSREG,PRODUCT_L1,3,terminal_H,raw,1536,-0.00027900693546379355,-2.4543701152992757e-05
20260915,PRODUCT_POSREG,PRODUCT_L1,3,terminal_H,raw,1548,-0.0011342953062339746,-0.00018079129787798999
20260915,PRODUCT_POSREG,PRODUCT_L1,3,terminal_H,clip_0_1,1392,0.0027693495574542927,0.00038856627338587825
20260915,PRODUCT_POSREG,PRODUCT_L1,3,terminal_H,clip_0_1,1404,-0.0001288598548170741,7.682103773636814e-05
20260915,PRODUCT_POSREG,PRODUCT_L1,3,terminal_H,clip_0_1,1416,-0.001333344019340558,-8.95613168103457e-05
20260915,PRODUCT_POSREG,PRODUCT_L1,3,terminal_H,clip_0_1,1428,-0.0008023265072471881,-0.00017630810723555227
20260915,PRODUCT_POSREG,PRODUCT_L1,3,terminal_H,clip_0_1,1440,0.002793039569479742,0.000278545480905313
20260915,PRODUCT_POSREG,PRODUCT_L1,3,terminal_H,clip_0_1,1452,-0.0005264679156062811,-5.27960853462566e-05
20260915,PRODUCT_POSREG,PRODUCT_L1,3,terminal_H,clip_0_1,1464,-0.002356626819458277,-0.00032181887162544763
20260915,PRODUCT_POSREG,PRODUCT_L1,3,terminal_H,clip_0_1,1476,-0.0020495695366343687,-0.0005989485841134225
20260915,PRODUCT_POSREG,PRODUCT_L1,3,terminal_H,clip_0_1,1488,0.00287938851482823,0.00010029515698966672
20260915,PRODUCT_POSREG,PRODUCT_L1,3,terminal_H,clip_0_1,1500,-0.00047327638434769463,1.296503144416579e-05
20260915,PRODUCT_POSREG,PRODUCT_L1,3,terminal_H,clip_0_1,1512,-0.0015903522727782973,-0.0006850852626409204
20260915,PRODUCT_POSREG,PRODUCT_L1,3,terminal_H,clip_0_1,1524,-0.00033673341606968394,-4.9924324727272075e-05
20260915,PRODUCT_POSREG,PRODUCT_L1,3,terminal_H,clip_0_1,1536,-0.00027900693546379355,-2.4543701152992757e-05
20260915,PRODUCT_POSREG,PRODUCT_L1,3,terminal_H,clip_0_1,1548,-0.0011342953062339746,-0.00018079129787798999
20260915,PRODUCT_POSREG,PRODUCT_L1,3,path_1_to_H,raw,1392,0.0019087376429821079,0.0002379240795154543
20260915,PRODUCT_POSREG,PRODUCT_L1,3,path_1_to_H,raw,1404,-0.0002660404070090546,-6.815623711440417e-06
20260915,PRODUCT_POSREG,PRODUCT_L1,3,path_1_to_H,raw,1416,-0.000844670393361767,-5.3306245209763126e-05
20260915,PRODUCT_POSREG,PRODUCT_L1,3,path_1_to_H,raw,1428,-7.803132017945698e-06,-2.3184388711058526e-05
20260915,PRODUCT_POSREG,PRODUCT_L1,3,path_1_to_H,raw,1440,0.0013333202335731225,0.00013342920132805027
20260915,PRODUCT_POSREG,PRODUCT_L1,3,path_1_to_H,raw,1452,-0.00016221210464538414,4.769873667835936e-07
20260915,PRODUCT_POSREG,PRODUCT_L1,3,path_1_to_H,raw,1464,-0.0010751771478585397,-5.3236590110806e-05
20260915,PRODUCT_POSREG,PRODUCT_L1,3,path_1_to_H,raw,1476,-0.0013168918689060022,-0.0003254401890543053
20260915,PRODUCT_POSREG,PRODUCT_L1,3,path_1_to_H,raw,1488,0.0018175151381607337,9.392389084601564e-05
20260915,PRODUCT_POSREG,PRODUCT_L1,3,path_1_to_H,raw,1500,-0.00025541764696874954,5.137481000093401e-05
20260915,PRODUCT_POSREG,PRODUCT_L1,3,path_1_to_H,raw,1512,-0.0008260772048206494,-0.00046431560005085766
20260915,PRODUCT_POSREG,PRODUCT_L1,3,path_1_to_H,raw,1524,-0.0002439378398501057,-3.94818754814478e-05
20260915,PRODUCT_POSREG,PRODUCT_L1,3,path_1_to_H,raw,1536,-0.00011124134234395718,-2.4413617422884617e-05
20260915,PRODUCT_POSREG,PRODUCT_L1,3,path_1_to_H,raw,1548,-0.0002864346848225551,3.490043605997779e-05
20260915,PRODUCT_POSREG,PRODUCT_L1,3,path_1_to_H,clip_0_1,1392,0.001996197113934238,0.0002467328535437996
20260915,PRODUCT_POSREG,PRODUCT_L1,3,path_1_to_H,clip_0_1,1404,-0.00026316048244485557,-6.793458978541376e-06
20260915,PRODUCT_POSREG,PRODUCT_L1,3,path_1_to_H,clip_0_1,1416,-0.000855407377996483,-5.3413645303547304e-05
20260915,PRODUCT_POSREG,PRODUCT_L1,3,path_1_to_H,clip_0_1,1428,-7.88422763447291e-06,-2.3184543260695503e-05
20260915,PRODUCT_POSREG,PRODUCT_L1,3,path_1_to_H,clip_0_1,1440,0.001343292708521406,0.00013616798907864724
20260915,PRODUCT_POSREG,PRODUCT_L1,3,path_1_to_H,clip_0_1,1452,-0.00018488006301157171,1.6246978306318173e-07
20260915,PRODUCT_POSREG,PRODUCT_L1,3,path_1_to_H,clip_0_1,1464,-0.001069247239863505,-5.2419759850957404e-05
20260915,PRODUCT_POSREG,PRODUCT_L1,3,path_1_to_H,clip_0_1,1476,-0.001324143454037711,-0.00032538999222350603
20260915,PRODUCT_POSREG,PRODUCT_L1,3,path_1_to_H,clip_0_1,1488,0.0018512494182009681,9.419000458224067e-05
20260915,PRODUCT_POSREG,PRODUCT_L1,3,path_1_to_H,clip_0_1,1500,-0.0002660779271124364,5.16235696618191e-05
20260915,PRODUCT_POSREG,PRODUCT_L1,3,path_1_to_H,clip_0_1,1512,-0.0008034747648897402,-0.0004555044700949167
20260915,PRODUCT_POSREG,PRODUCT_L1,3,path_1_to_H,clip_0_1,1524,-0.0002477715724760409,-3.956099365446912e-05
20260915,PRODUCT_POSREG,PRODUCT_L1,3,path_1_to_H,clip_0_1,1536,-0.00010627103326832984,-2.4393236645731123e-05
20260915,PRODUCT_POSREG,PRODUCT_L1,3,path_1_to_H,clip_0_1,1548,-0.0002864346848225551,3.490043605997779e-05
20260915,PRODUCT_POSREG,PRODUCT_L1,6,terminal_H,raw,1392,0.0006051141303974211,8.057908105583472e-05
20260915,PRODUCT_POSREG,PRODUCT_L1,6,terminal_H,raw,1404,-0.0028160268241263463,-0.000373827789797206
20260915,PRODUCT_POSREG,PRODUCT_L1,6,terminal_H,raw,1416,-0.002613851668284708,-0.0003572389709981874
20260915,PRODUCT_POSREG,PRODUCT_L1,6,terminal_H,raw,1428,-0.001256423459972536,6.402596869724523e-05
20260915,PRODUCT_POSREG,PRODUCT_L1,6,terminal_H,raw,1440,0.0020771152824213004,0.00016506593487504854
20260915,PRODUCT_POSREG,PRODUCT_L1,6,terminal_H,raw,1452,-0.001778383442011694,-0.0001564921196415118
20260915,PRODUCT_POSREG,PRODUCT_L1,6,terminal_H,raw,1464,-0.004540879490041958,-0.001307158097716763
20260915,PRODUCT_POSREG,PRODUCT_L1,6,terminal_H,raw,1476,-0.0019267594627007932,-0.000987544548383389
20260915,PRODUCT_POSREG,PRODUCT_L1,6,terminal_H,raw,1488,0.0013751482278239878,-2.2395637406969052e-05
20260915,PRODUCT_POSREG,PRODUCT_L1,6,terminal_H,raw,1500,-0.0003313614417728066,0.00017199973561869158
20260915,PRODUCT_POSREG,PRODUCT_L1,6,terminal_H,raw,1512,-0.0025785512024514264,-0.0013182505750898884
20260915,PRODUCT_POSREG,PRODUCT_L1,6,terminal_H,raw,1524,-0.002073777081319693,-0.000662372824036779
20260915,PRODUCT_POSREG,PRODUCT_L1,6,terminal_H,raw,1536,-0.000788977203507339,-0.0001513188475565052
20260915,PRODUCT_POSREG,PRODUCT_L1,6,terminal_H,raw,1548,0.0003441736503804654,0.0001472114623657293
20260915,PRODUCT_POSREG,PRODUCT_L1,6,terminal_H,clip_0_1,1392,0.0005996786599330837,8.059414359135745e-05
20260915,PRODUCT_POSREG,PRODUCT_L1,6,terminal_H,clip_0_1,1404,-0.0028160268241263463,-0.000373827789797206
20260915,PRODUCT_POSREG,PRODUCT_L1,6,terminal_H,clip_0_1,1416,-0.0024692493017651734,-0.0003452503426696811
20260915,PRODUCT_POSREG,PRODUCT_L1,6,terminal_H,clip_0_1,1428,-0.0012866305825639448,6.375361038432194e-05
20260915,PRODUCT_POSREG,PRODUCT_L1,6,terminal_H,clip_0_1,1440,0.00214535539010814,0.00017140377023415482
20260915,PRODUCT_POSREG,PRODUCT_L1,6,terminal_H,clip_0_1,1452,-0.0018214496935323953,-0.00015700216269702396
20260915,PRODUCT_POSREG,PRODUCT_L1,6,terminal_H,clip_0_1,1464,-0.004562050914241193,-0.0013074248329592328
20260915,PRODUCT_POSREG,PRODUCT_L1,6,terminal_H,clip_0_1,1476,-0.001939032056973383,-0.0009875859679401883
20260915,PRODUCT_POSREG,PRODUCT_L1,6,terminal_H,clip_0_1,1488,0.0013889198785678792,-2.234348135681082e-05
20260915,PRODUCT_POSREG,PRODUCT_L1,6,terminal_H,clip_0_1,1500,-0.0003313614417728066,0.00017199973561869158
20260915,PRODUCT_POSREG,PRODUCT_L1,6,terminal_H,clip_0_1,1512,-0.0025785512024514264,-0.0013182505750898884
20260915,PRODUCT_POSREG,PRODUCT_L1,6,terminal_H,clip_0_1,1524,-0.002073777081319693,-0.000662372824036779
20260915,PRODUCT_POSREG,PRODUCT_L1,6,terminal_H,clip_0_1,1536,-0.000788977203507339,-0.0001513188475565052
20260915,PRODUCT_POSREG,PRODUCT_L1,6,terminal_H,clip_0_1,1548,0.0003441736503804654,0.0001472114623657293
20260915,PRODUCT_POSREG,PRODUCT_L1,6,path_1_to_H,raw,1392,0.0014184571830018367,0.00015481111289669184
20260915,PRODUCT_POSREG,PRODUCT_L1,6,path_1_to_H,raw,1404,-0.000996622069504678,-0.00013738545277463242
20260915,PRODUCT_POSREG,PRODUCT_L1,6,path_1_to_H,raw,1416,-0.0015471746855096485,-0.0001702334825799176
20260915,PRODUCT_POSREG,PRODUCT_L1,6,path_1_to_H,raw,1428,-0.00042755055359982837,6.781354799128068e-06
20260915,PRODUCT_POSREG,PRODUCT_L1,6,path_1_to_H,raw,1440,0.0020515596546650627,0.00018325971572866163
20260915,PRODUCT_POSREG,PRODUCT_L1,6,path_1_to_H,raw,1452,-0.0005917713526273758,-4.6068558454459326e-05
20260915,PRODUCT_POSREG,PRODUCT_L1,6,path_1_to_H,raw,1464,-0.0026792189764902577,-0.0005977813700491088
20260915,PRODUCT_POSREG,PRODUCT_L1,6,path_1_to_H,raw,1476,-0.001853285364833049,-0.0006520809445855521
20260915,PRODUCT_POSREG,PRODUCT_L1,6,path_1_to_H,raw,1488,0.0016775445943899244,5.573761620298673e-05
20260915,PRODUCT_POSREG,PRODUCT_L1,6,path_1_to_H,raw,1500,-0.0004028682581333404,0.00010009451760632707
20260915,PRODUCT_POSREG,PRODUCT_L1,6,path_1_to_H,raw,1512,-0.0013447034052636246,-0.0007958114240024652
20260915,PRODUCT_POSREG,PRODUCT_L1,6,path_1_to_H,raw,1524,-0.0006914345134966495,-4.4388582304885004e-05
20260915,PRODUCT_POSREG,PRODUCT_L1,6,path_1_to_H,raw,1536,-0.00017421148831121784,-4.8194416661749e-05
20260915,PRODUCT_POSREG,PRODUCT_L1,6,path_1_to_H,raw,1548,-0.00047098678080488766,-6.481647400293065e-06
20260915,PRODUCT_POSREG,PRODUCT_L1,6,path_1_to_H,clip_0_1,1392,0.001499186616940928,0.00016572260245629894
20260915,PRODUCT_POSREG,PRODUCT_L1,6,path_1_to_H,clip_0_1,1404,-0.0009951821072225783,-0.00013737437040818292
20260915,PRODUCT_POSREG,PRODUCT_L1,6,path_1_to_H,clip_0_1,1416,-0.0014893603540653705,-0.00016513255498115648
20260915,PRODUCT_POSREG,PRODUCT_L1,6,path_1_to_H,clip_0_1,1428,-0.00043262562183999346,6.735884472155693e-06
20260915,PRODUCT_POSREG,PRODUCT_L1,6,path_1_to_H,clip_0_1,1440,0.0020862812137997554,0.00018759396693324314
20260915,PRODUCT_POSREG,PRODUCT_L1,6,path_1_to_H,clip_0_1,1452,-0.0006226919863949676,-4.643801359477967e-05
20260915,PRODUCT_POSREG,PRODUCT_L1,6,path_1_to_H,clip_0_1,1464,-0.0026695180566577597,-0.0005972667785742133
20260915,PRODUCT_POSREG,PRODUCT_L1,6,path_1_to_H,clip_0_1,1476,-0.0018672458268150385,-0.0006521220484695628
20260915,PRODUCT_POSREG,PRODUCT_L1,6,path_1_to_H,clip_0_1,1488,0.0017127865384231676,5.5997581004376425e-05
20260915,PRODUCT_POSREG,PRODUCT_L1,6,path_1_to_H,clip_0_1,1500,-0.0004092388023591889,0.00010021711140944357
20260915,PRODUCT_POSREG,PRODUCT_L1,6,path_1_to_H,clip_0_1,1512,-0.001331550636357759,-0.0007911158340715691
20260915,PRODUCT_POSREG,PRODUCT_L1,6,path_1_to_H,clip_0_1,1524,-0.0006933513798096172,-4.442814139139566e-05
20260915,PRODUCT_POSREG,PRODUCT_L1,6,path_1_to_H,clip_0_1,1536,-0.00017172633377340415,-4.818422627317225e-05
20260915,PRODUCT_POSREG,PRODUCT_L1,6,path_1_to_H,clip_0_1,1548,-0.00047098678080488766,-6.481647400293065e-06
20260915,PRODUCT_POSREG,PRODUCT_L1,9,terminal_H,raw,1392,0.0001599954317952731,0.0003155232463722192
20260915,PRODUCT_POSREG,PRODUCT_L1,9,terminal_H,raw,1404,-0.004570029663941754,-0.0005247021108524988
20260915,PRODUCT_POSREG,PRODUCT_L1,9,terminal_H,raw,1416,-0.0023371005939832115,-0.0002177633373034359
20260915,PRODUCT_POSREG,PRODUCT_L1,9,terminal_H,raw,1428,-0.000720662766899932,-0.0001733163668494228
20260915,PRODUCT_POSREG,PRODUCT_L1,9,terminal_H,raw,1440,0.0031238064943688556,0.00019518338718052186
20260915,PRODUCT_POSREG,PRODUCT_L1,9,terminal_H,raw,1452,-0.0011031656862424757,-0.0002612577565790536
20260915,PRODUCT_POSREG,PRODUCT_L1,9,terminal_H,raw,1464,-0.002159733785917953,-0.000587452570238574
20260915,PRODUCT_POSREG,PRODUCT_L1,9,terminal_H,raw,1476,-0.0027957908176168365,-0.0017793130500129
20260915,PRODUCT_POSREG,PRODUCT_L1,9,terminal_H,raw,1488,0.002792629772182242,0.00045680357830606117
20260915,PRODUCT_POSREG,PRODUCT_L1,9,terminal_H,raw,1500,0.0007481695305223646,0.00021809341470875802
20260915,PRODUCT_POSREG,PRODUCT_L1,9,terminal_H,raw,1512,-0.0045444476765558435,-0.0020892958396930327
20260915,PRODUCT_POSREG,PRODUCT_L1,9,terminal_H,raw,1524,-0.001340151631332242,-0.000308716513346093
20260915,PRODUCT_POSREG,PRODUCT_L1,9,terminal_H,raw,1536,0.000557043991628595,0.0003159261507276954
20260915,PRODUCT_POSREG,PRODUCT_L1,9,terminal_H,raw,1548,-0.0022734828350748767,-0.0004634291063022532
20260915,PRODUCT_POSREG,PRODUCT_L1,9,terminal_H,clip_0_1,1392,0.0001599954317952731,0.0003155232463722192
20260915,PRODUCT_POSREG,PRODUCT_L1,9,terminal_H,clip_0_1,1404,-0.004570029663941754,-0.0005247021108524988
20260915,PRODUCT_POSREG,PRODUCT_L1,9,terminal_H,clip_0_1,1416,-0.0023371005939832115,-0.0002177633373034359
20260915,PRODUCT_POSREG,PRODUCT_L1,9,terminal_H,clip_0_1,1428,-0.0008469172941188585,-0.0001850760649239189
20260915,PRODUCT_POSREG,PRODUCT_L1,9,terminal_H,clip_0_1,1440,0.0031238064943688556,0.00019518338718052186
20260915,PRODUCT_POSREG,PRODUCT_L1,9,terminal_H,clip_0_1,1452,-0.00110731516879052,-0.00026113102712095284
20260915,PRODUCT_POSREG,PRODUCT_L1,9,terminal_H,clip_0_1,1464,-0.0021494064263358,-0.0005875580923303358
20260915,PRODUCT_POSREG,PRODUCT_L1,9,terminal_H,clip_0_1,1476,-0.0027821804580711734,-0.0017792621084939855
20260915,PRODUCT_POSREG,PRODUCT_L1,9,terminal_H,clip_0_1,1488,0.002794357937738326,0.0004568059091677247
20260915,PRODUCT_POSREG,PRODUCT_L1,9,terminal_H,clip_0_1,1500,0.0007481695305223646,0.00021809341470875802
20260915,PRODUCT_POSREG,PRODUCT_L1,9,terminal_H,clip_0_1,1512,-0.0045444476765558435,-0.0020892958396930327
20260915,PRODUCT_POSREG,PRODUCT_L1,9,terminal_H,clip_0_1,1524,-0.001340151631332242,-0.000308716513346093
20260915,PRODUCT_POSREG,PRODUCT_L1,9,terminal_H,clip_0_1,1536,0.000557043991628595,0.0003159261507276954
20260915,PRODUCT_POSREG,PRODUCT_L1,9,terminal_H,clip_0_1,1548,-0.0022734828350748767,-0.0004634291063022532
20260915,PRODUCT_POSREG,PRODUCT_L1,9,path_1_to_H,raw,1392,0.0008755992907994301,7.125276837532746e-05
20260915,PRODUCT_POSREG,PRODUCT_L1,9,path_1_to_H,raw,1404,-0.0020559789429344644,-0.00023744633557863526
20260915,PRODUCT_POSREG,PRODUCT_L1,9,path_1_to_H,raw,1416,-0.001881555154585769,-0.00016800199158052264
20260915,PRODUCT_POSREG,PRODUCT_L1,9,path_1_to_H,raw,1428,-0.000849972476547586,-3.675650977158614e-05
20260915,PRODUCT_POSREG,PRODUCT_L1,9,path_1_to_H,raw,1440,0.001765544869960818,0.0001357262409528873
20260915,PRODUCT_POSREG,PRODUCT_L1,9,path_1_to_H,raw,1452,-0.000833431826551307,-8.21481737996062e-05
20260915,PRODUCT_POSREG,PRODUCT_L1,9,path_1_to_H,raw,1464,-0.0026678659777803837,-0.0006263257845257604
20260915,PRODUCT_POSREG,PRODUCT_L1,9,path_1_to_H,raw,1476,-0.0018534620879553162,-0.0008955975300863194
20260915,PRODUCT_POSREG,PRODUCT_L1,9,path_1_to_H,raw,1488,0.0017390841727691446,9.475923666841397e-05
20260915,PRODUCT_POSREG,PRODUCT_L1,9,path_1_to_H,raw,1500,-9.728694717128786e-05,0.00010276149792916395
20260915,PRODUCT_POSREG,PRODUCT_L1,9,path_1_to_H,raw,1512,-0.002133961253370591,-0.0010782757730908468
20260915,PRODUCT_POSREG,PRODUCT_L1,9,path_1_to_H,raw,1524,-0.0007731600031372025,-0.00016055046719501588
20260915,PRODUCT_POSREG,PRODUCT_L1,9,path_1_to_H,raw,1536,-3.250109417330123e-05,-3.5198556542572164e-07
20260915,PRODUCT_POSREG,PRODUCT_L1,9,path_1_to_H,raw,1548,-0.0009051708812731201,-0.00014787342207618994
20260915,PRODUCT_POSREG,PRODUCT_L1,9,path_1_to_H,clip_0_1,1392,0.0009227435273578983,7.79374029653539e-05
20260915,PRODUCT_POSREG,PRODUCT_L1,9,path_1_to_H,clip_0_1,1404,-0.0020550189680797314,-0.0002374389473343356
20260915,PRODUCT_POSREG,PRODUCT_L1,9,path_1_to_H,clip_0_1,1416,-0.0018117088973519388,-0.00016172578264948915
20260915,PRODUCT_POSREG,PRODUCT_L1,9,path_1_to_H,clip_0_1,1428,-0.0008709180998706657,-3.8124366468284514e-05
20260915,PRODUCT_POSREG,PRODUCT_L1,9,path_1_to_H,clip_0_1,1440,0.0017890888867316572,0.000138643493342618
20260915,PRODUCT_POSREG,PRODUCT_L1,9,path_1_to_H,clip_0_1,1452,-0.0008606669310133442,-8.242975170449355e-05
20260915,PRODUCT_POSREG,PRODUCT_L1,9,path_1_to_H,clip_0_1,1464,-0.002654689043020891,-0.0006259081478825394
20260915,PRODUCT_POSREG,PRODUCT_L1,9,path_1_to_H,clip_0_1,1476,-0.0018613422974359402,-0.0008956192905984897
20260915,PRODUCT_POSREG,PRODUCT_L1,9,path_1_to_H,clip_0_1,1488,0.0017629468141922813,9.493288218072398e-05
20260915,PRODUCT_POSREG,PRODUCT_L1,9,path_1_to_H,clip_0_1,1500,-0.00010153397665518681,0.00010284322713124161
20260915,PRODUCT_POSREG,PRODUCT_L1,9,path_1_to_H,clip_0_1,1512,-0.0021251927407666808,-0.001075145379803583
20260915,PRODUCT_POSREG,PRODUCT_L1,9,path_1_to_H,clip_0_1,1524,-0.0007744379140125142,-0.00016057683991935632
20260915,PRODUCT_POSREG,PRODUCT_L1,9,path_1_to_H,clip_0_1,1536,-3.0844324481425444e-05,-3.451919730412223e-07
20260915,PRODUCT_POSREG,PRODUCT_L1,9,path_1_to_H,clip_0_1,1548,-0.0009051708812731201,-0.00014787342207618994
20260915,PRODUCT_POSREG,PRODUCT_L1,12,terminal_H,raw,1392,-0.0014849518323653342,4.630682224251956e-05
20260915,PRODUCT_POSREG,PRODUCT_L1,12,terminal_H,raw,1404,-0.0033629748215995153,-0.00024540522553753827
20260915,PRODUCT_POSREG,PRODUCT_L1,12,terminal_H,raw,1416,-0.0016108810530634577,-0.0001517025154349945
20260915,PRODUCT_POSREG,PRODUCT_L1,12,terminal_H,raw,1428,-0.001036274325354525,-0.00017931479694424822
20260915,PRODUCT_POSREG,PRODUCT_L1,12,terminal_H,raw,1440,0.001987648061082155,0.00024003910982506386
20260915,PRODUCT_POSREG,PRODUCT_L1,12,terminal_H,raw,1452,0.0012795128114933814,9.173714036881248e-06
20260915,PRODUCT_POSREG,PRODUCT_L1,12,terminal_H,raw,1464,-0.0014056965907841771,-0.0002391876515760026
20260915,PRODUCT_POSREG,PRODUCT_L1,12,terminal_H,raw,1476,-0.002531044829337811,-0.0014933477904595957
20260915,PRODUCT_POSREG,PRODUCT_L1,12,terminal_H,raw,1488,-0.00014866878482488173,-4.7043486487778545e-05
20260915,PRODUCT_POSREG,PRODUCT_L1,12,terminal_H,raw,1500,-0.0011852366023090632,-0.00018285655937695997
20260915,PRODUCT_POSREG,PRODUCT_L1,12,terminal_H,raw,1512,-0.0025792455082278387,-0.0006900471737905031
20260915,PRODUCT_POSREG,PRODUCT_L1,12,terminal_H,raw,1524,0.0003328911590636989,0.0006491079405243445
20260915,PRODUCT_POSREG,PRODUCT_L1,12,terminal_H,raw,1536,0.0016262337956207955,0.0006626286485157709
20260915,PRODUCT_POSREG,PRODUCT_L1,12,terminal_H,raw,1548,-0.0010161904081154517,-0.0007466935420183001
20260915,PRODUCT_POSREG,PRODUCT_L1,12,terminal_H,clip_0_1,1392,-0.0014849518323653342,4.630682224251956e-05
20260915,PRODUCT_POSREG,PRODUCT_L1,12,terminal_H,clip_0_1,1404,-0.0033629748215995153,-0.00024540522553753827
20260915,PRODUCT_POSREG,PRODUCT_L1,12,terminal_H,clip_0_1,1416,-0.0016108810530634577,-0.0001517025154349945
20260915,PRODUCT_POSREG,PRODUCT_L1,12,terminal_H,clip_0_1,1428,-0.0011745410873478114,-0.0001850527019543115
20260915,PRODUCT_POSREG,PRODUCT_L1,12,terminal_H,clip_0_1,1440,0.001987648061082155,0.00024003910982506386
20260915,PRODUCT_POSREG,PRODUCT_L1,12,terminal_H,clip_0_1,1452,0.0012925972637540058,9.408075604165042e-06
20260915,PRODUCT_POSREG,PRODUCT_L1,12,terminal_H,clip_0_1,1464,-0.0014056965907841771,-0.0002391876515760026
20260915,PRODUCT_POSREG,PRODUCT_L1,12,terminal_H,clip_0_1,1476,-0.0025299965813565307,-0.0014933474882830426
20260915,PRODUCT_POSREG,PRODUCT_L1,12,terminal_H,clip_0_1,1488,-0.00014866878482488173,-4.7043486487778545e-05
20260915,PRODUCT_POSREG,PRODUCT_L1,12,terminal_H,clip_0_1,1500,-0.0011852366023090632,-0.00018285655937695997
20260915,PRODUCT_POSREG,PRODUCT_L1,12,terminal_H,clip_0_1,1512,-0.0025792455082278387,-0.0006900471737905031
20260915,PRODUCT_POSREG,PRODUCT_L1,12,terminal_H,clip_0_1,1524,0.0003328911590636989,0.0006491079405243445
20260915,PRODUCT_POSREG,PRODUCT_L1,12,terminal_H,clip_0_1,1536,0.0016262337956207955,0.0006626286485157709
20260915,PRODUCT_POSREG,PRODUCT_L1,12,terminal_H,clip_0_1,1548,-0.001098546859601887,-0.000758411436292326
20260915,PRODUCT_POSREG,PRODUCT_L1,12,path_1_to_H,raw,1392,0.00029542188355110384,6.409258880665367e-05
20260915,PRODUCT_POSREG,PRODUCT_L1,12,path_1_to_H,raw,1404,-0.0024699528244471716,-0.00025590984932499593
20260915,PRODUCT_POSREG,PRODUCT_L1,12,path_1_to_H,raw,1416,-0.0017535754154121299,-0.00014813566618669216
20260915,PRODUCT_POSREG,PRODUCT_L1,12,path_1_to_H,raw,1428,-0.000988402705639757,-0.00010616666641942863
20260915,PRODUCT_POSREG,PRODUCT_L1,12,path_1_to_H,raw,1440,0.0020174810703120377,0.0002106033989311351
20260915,PRODUCT_POSREG,PRODUCT_L1,12,path_1_to_H,raw,1452,-0.00033290198732027846,-4.67104822304635e-05
20260915,PRODUCT_POSREG,PRODUCT_L1,12,path_1_to_H,raw,1464,-0.0025979895240097243,-0.0006609802865278536
20260915,PRODUCT_POSREG,PRODUCT_L1,12,path_1_to_H,raw,1476,-0.0022710865512402963,-0.0011392565045201292
20260915,PRODUCT_POSREG,PRODUCT_L1,12,path_1_to_H,raw,1488,0.0016349998944511245,0.0001127371379661087
20260915,PRODUCT_POSREG,PRODUCT_L1,12,path_1_to_H,raw,1500,-0.00012589000262915617,0.00010020093333809157
20260915,PRODUCT_POSREG,PRODUCT_L1,12,path_1_to_H,raw,1512,-0.002300225067992446,-0.001026974552604369
20260915,PRODUCT_POSREG,PRODUCT_L1,12,path_1_to_H,raw,1524,-0.0007275393848241501,-7.385115011416663e-05
20260915,PRODUCT_POSREG,PRODUCT_L1,12,path_1_to_H,raw,1536,0.00010460008721544886,6.596990999119999e-05
20260915,PRODUCT_POSREG,PRODUCT_L1,12,path_1_to_H,raw,1548,-0.0009197417041675213,-0.0002311584696222324
20260915,PRODUCT_POSREG,PRODUCT_L1,12,path_1_to_H,clip_0_1,1392,0.0003307800609699549,6.910606474917354e-05
20260915,PRODUCT_POSREG,PRODUCT_L1,12,path_1_to_H,clip_0_1,1404,-0.002469232843306122,-0.00025590430814177115
20260915,PRODUCT_POSREG,PRODUCT_L1,12,path_1_to_H,clip_0_1,1416,-0.0017011907224867575,-0.00014342850948841708
20260915,PRODUCT_POSREG,PRODUCT_L1,12,path_1_to_H,clip_0_1,1428,-0.0010431100305878789,-0.00011102824247508266
20260915,PRODUCT_POSREG,PRODUCT_L1,12,path_1_to_H,clip_0_1,1440,0.0020351390828901674,0.00021279133822343316
20260915,PRODUCT_POSREG,PRODUCT_L1,12,path_1_to_H,clip_0_1,1452,-0.00035006329895455795,-4.6865733125629946e-05
20260915,PRODUCT_POSREG,PRODUCT_L1,12,path_1_to_H,clip_0_1,1464,-0.0025847511536827863,-0.0006597350541601403
20260915,PRODUCT_POSREG,PRODUCT_L1,12,path_1_to_H,clip_0_1,1476,-0.0022739827631944975,-0.0011392571537327783
20260915,PRODUCT_POSREG,PRODUCT_L1,12,path_1_to_H,clip_0_1,1488,0.001653096407146804,0.000112867699284051
20260915,PRODUCT_POSREG,PRODUCT_L1,12,path_1_to_H,clip_0_1,1500,-0.0001290752747420804,0.00010026223023964981
20260915,PRODUCT_POSREG,PRODUCT_L1,12,path_1_to_H,clip_0_1,1512,-0.002293648683539513,-0.0010246267576389208
20260915,PRODUCT_POSREG,PRODUCT_L1,12,path_1_to_H,clip_0_1,1524,-0.0007284978179806339,-7.387092965742196e-05
20260915,PRODUCT_POSREG,PRODUCT_L1,12,path_1_to_H,clip_0_1,1536,0.0001058426644843557,6.597500518548837e-05
20260915,PRODUCT_POSREG,PRODUCT_L1,12,path_1_to_H,clip_0_1,1548,-0.0009486841544935833,-0.0002365954207419295
20260915,PRODUCT_POSREG,CONCAT_MSE,3,terminal_H,raw,1392,0.0038444005627601566,0.0004652341261255333
20260915,PRODUCT_POSREG,CONCAT_MSE,3,terminal_H,raw,1404,0.002533387619544997,0.00034673121886196737
20260915,PRODUCT_POSREG,CONCAT_MSE,3,terminal_H,raw,1416,0.0002535395037397688,4.7969943541406344e-05
20260915,PRODUCT_POSREG,CONCAT_MSE,3,terminal_H,raw,1428,0.00088028551409297,1.7728206520633806e-05
20260915,PRODUCT_POSREG,CONCAT_MSE,3,terminal_H,raw,1440,0.001339865793764738,0.00018809871265143966
20260915,PRODUCT_POSREG,CONCAT_MSE,3,terminal_H,raw,1452,0.0012615218049704842,8.814004323035779e-05
20260915,PRODUCT_POSREG,CONCAT_MSE,3,terminal_H,raw,1464,0.002061299884886275,0.0015999984083136423
20260915,PRODUCT_POSREG,CONCAT_MSE,3,terminal_H,raw,1476,-0.005671415531988312,-0.000978392867194826
20260915,PRODUCT_POSREG,CONCAT_MSE,3,terminal_H,raw,1488,0.0019096843838645693,1.163470599108838e-05
20260915,PRODUCT_POSREG,CONCAT_MSE,3,terminal_H,raw,1500,-0.005406027297527004,-0.00042761779189257407
20260915,PRODUCT_POSREG,CONCAT_MSE,3,terminal_H,raw,1512,0.001841854150312062,0.0013037750196790534
20260915,PRODUCT_POSREG,CONCAT_MSE,3,terminal_H,raw,1524,-0.002633975942274401,-0.0004375906070862702
20260915,PRODUCT_POSREG,CONCAT_MSE,3,terminal_H,raw,1536,9.846221777393694e-05,6.338937464217916e-05
20260915,PRODUCT_POSREG,CONCAT_MSE,3,terminal_H,raw,1548,-0.00256844719386169,-0.0007309670543189701
20260915,PRODUCT_POSREG,CONCAT_MSE,3,terminal_H,clip_0_1,1392,0.0038756383046950125,0.00047392810068750573
20260915,PRODUCT_POSREG,CONCAT_MSE,3,terminal_H,clip_0_1,1404,0.002533387619544997,0.00034673121886196737
20260915,PRODUCT_POSREG,CONCAT_MSE,3,terminal_H,clip_0_1,1416,0.0002535395037397688,4.7969943541406344e-05
20260915,PRODUCT_POSREG,CONCAT_MSE,3,terminal_H,clip_0_1,1428,0.0008764427028676528,1.772414554115261e-05
20260915,PRODUCT_POSREG,CONCAT_MSE,3,terminal_H,clip_0_1,1440,0.0012050356695944672,0.000185151091766772
20260915,PRODUCT_POSREG,CONCAT_MSE,3,terminal_H,clip_0_1,1452,0.0012229654059772955,8.764068411858922e-05
20260915,PRODUCT_POSREG,CONCAT_MSE,3,terminal_H,clip_0_1,1464,0.002078023149897796,0.0016036136080878705
20260915,PRODUCT_POSREG,CONCAT_MSE,3,terminal_H,clip_0_1,1476,-0.005698037267558418,-0.0009787137038116775
20260915,PRODUCT_POSREG,CONCAT_MSE,3,terminal_H,clip_0_1,1488,0.0019343481992520192,1.1858775104403056e-05
20260915,PRODUCT_POSREG,CONCAT_MSE,3,terminal_H,clip_0_1,1500,-0.0054096658380456,-0.0004248412840498547
20260915,PRODUCT_POSREG,CONCAT_MSE,3,terminal_H,clip_0_1,1512,0.0018655759983849892,0.0013150423112461374
20260915,PRODUCT_POSREG,CONCAT_MSE,3,terminal_H,clip_0_1,1524,-0.002633975942274401,-0.0004375906070862702
20260915,PRODUCT_POSREG,CONCAT_MSE,3,terminal_H,clip_0_1,1536,9.846221777393694e-05,6.338937464217916e-05
20260915,PRODUCT_POSREG,CONCAT_MSE,3,terminal_H,clip_0_1,1548,-0.00256844719386169,-0.0007309670543189701
20260915,PRODUCT_POSREG,CONCAT_MSE,3,path_1_to_H,raw,1392,0.002169027034561574,0.000206991407948687
20260915,PRODUCT_POSREG,CONCAT_MSE,3,path_1_to_H,raw,1404,0.001846484835793909,0.0001781517346092582
20260915,PRODUCT_POSREG,CONCAT_MSE,3,path_1_to_H,raw,1416,0.0006149346876679264,7.293229557635397e-05
20260915,PRODUCT_POSREG,CONCAT_MSE,3,path_1_to_H,raw,1428,0.001267822973304859,7.581107344187744e-05
20260915,PRODUCT_POSREG,CONCAT_MSE,3,path_1_to_H,raw,1440,0.0012090089869091123,0.00010153025405156998
20260915,PRODUCT_POSREG,CONCAT_MSE,3,path_1_to_H,raw,1452,0.0014472984714963505,6.302571021327055e-05
20260915,PRODUCT_POSREG,CONCAT_MSE,3,path_1_to_H,raw,1464,0.002543796855757355,0.0014131954789343125
20260915,PRODUCT_POSREG,CONCAT_MSE,3,path_1_to_H,raw,1476,-0.003408440268898043,-0.0005342511846878639
20260915,PRODUCT_POSREG,CONCAT_MSE,3,path_1_to_H,raw,1488,0.0018835421397994329,4.8923740363051985e-05
20260915,PRODUCT_POSREG,CONCAT_MSE,3,path_1_to_H,raw,1500,-0.003796359549624446,-0.00027223732792079207
20260915,PRODUCT_POSREG,CONCAT_MSE,3,path_1_to_H,raw,1512,0.0005429058037862664,0.0004511488732378131
20260915,PRODUCT_POSREG,CONCAT_MSE,3,path_1_to_H,raw,1524,-0.0016129125679812805,-0.00032400646426008236
20260915,PRODUCT_POSREG,CONCAT_MSE,3,path_1_to_H,raw,1536,-2.8648435243673162e-05,-1.0544624715061465e-05
20260915,PRODUCT_POSREG,CONCAT_MSE,3,path_1_to_H,raw,1548,-0.001504362191727982,-0.00028503909004959203
20260915,PRODUCT_POSREG,CONCAT_MSE,3,path_1_to_H,clip_0_1,1392,0.002160997627107724,0.00021101841475577645
20260915,PRODUCT_POSREG,CONCAT_MSE,3,path_1_to_H,clip_0_1,1404,0.0018447435984199428,0.0001781316951471131
20260915,PRODUCT_POSREG,CONCAT_MSE,3,path_1_to_H,clip_0_1,1416,0.0006105849055786471,7.28757253978802e-05
20260915,PRODUCT_POSREG,CONCAT_MSE,3,path_1_to_H,clip_0_1,1428,0.0012676565008705627,7.581074445798474e-05
20260915,PRODUCT_POSREG,CONCAT_MSE,3,path_1_to_H,clip_0_1,1440,0.0011338506037005096,0.00010267439345709849
20260915,PRODUCT_POSREG,CONCAT_MSE,3,path_1_to_H,clip_0_1,1452,0.0014281775154449331,6.27819087583069e-05
20260915,PRODUCT_POSREG,CONCAT_MSE,3,path_1_to_H,clip_0_1,1464,0.0025450261458975832,0.0014145802575705362
20260915,PRODUCT_POSREG,CONCAT_MSE,3,path_1_to_H,clip_0_1,1476,-0.0034264606070511148,-0.0005344178004852801
20260915,PRODUCT_POSREG,CONCAT_MSE,3,path_1_to_H,clip_0_1,1488,0.0018914235361724549,4.8956634669474145e-05
20260915,PRODUCT_POSREG,CONCAT_MSE,3,path_1_to_H,clip_0_1,1500,-0.0037790504610954,-0.00026844624691957743
20260915,PRODUCT_POSREG,CONCAT_MSE,3,path_1_to_H,clip_0_1,1512,0.000550832460130306,0.0004599311011650787
20260915,PRODUCT_POSREG,CONCAT_MSE,3,path_1_to_H,clip_0_1,1524,-0.0016112576941251912,-0.0003239798054447045
20260915,PRODUCT_POSREG,CONCAT_MSE,3,path_1_to_H,clip_0_1,1536,-2.3678126168045815e-05,-1.0524243937907984e-05
20260915,PRODUCT_POSREG,CONCAT_MSE,3,path_1_to_H,clip_0_1,1548,-0.001504362191727982,-0.00028503909004959203
20260915,PRODUCT_POSREG,CONCAT_MSE,6,terminal_H,raw,1392,0.004718903208709319,0.0006254688406918135
20260915,PRODUCT_POSREG,CONCAT_MSE,6,terminal_H,raw,1404,0.00019113716314132838,-0.00020232873665555236
20260915,PRODUCT_POSREG,CONCAT_MSE,6,terminal_H,raw,1416,-0.0029922815778344243,-0.00022205914176034861
20260915,PRODUCT_POSREG,CONCAT_MSE,6,terminal_H,raw,1428,0.00061123061339165,8.544024136254972e-05
20260915,PRODUCT_POSREG,CONCAT_MSE,6,terminal_H,raw,1440,-0.00042520848576885884,-9.264468338399938e-05
20260915,PRODUCT_POSREG,CONCAT_MSE,6,terminal_H,raw,1452,-0.0016822569931008123,-0.0001318046681666117
20260915,PRODUCT_POSREG,CONCAT_MSE,6,terminal_H,raw,1464,0.004800477535443711,0.0030416962878459927
20260915,PRODUCT_POSREG,CONCAT_MSE,6,terminal_H,raw,1476,-0.005762303202393569,-0.0016351868906897132
20260915,PRODUCT_POSREG,CONCAT_MSE,6,terminal_H,raw,1488,0.0020878911398929966,8.671656146806017e-05
20260915,PRODUCT_POSREG,CONCAT_MSE,6,terminal_H,raw,1500,-0.0027927619356958536,-6.7125064607940034e-06
20260915,PRODUCT_POSREG,CONCAT_MSE,6,terminal_H,raw,1512,-0.0007378090939804096,0.0001426807452551311
20260915,PRODUCT_POSREG,CONCAT_MSE,6,terminal_H,raw,1524,-0.007760735246318571,-0.002138051654837277
20260915,PRODUCT_POSREG,CONCAT_MSE,6,terminal_H,raw,1536,0.006326631857934744,0.0012107173034016851
20260915,PRODUCT_POSREG,CONCAT_MSE,6,terminal_H,raw,1548,-0.0016096385606844206,-0.0006757220737484634
20260915,PRODUCT_POSREG,CONCAT_MSE,6,terminal_H,clip_0_1,1392,0.004734664301380476,0.0006274971274013516
20260915,PRODUCT_POSREG,CONCAT_MSE,6,terminal_H,clip_0_1,1404,0.00019113716314132838,-0.00020232873665555236
20260915,PRODUCT_POSREG,CONCAT_MSE,6,terminal_H,clip_0_1,1416,-0.0028305141050755313,-0.000208763408120078
20260915,PRODUCT_POSREG,CONCAT_MSE,6,terminal_H,clip_0_1,1428,0.0005865932552978464,8.525583873300501e-05
20260915,PRODUCT_POSREG,CONCAT_MSE,6,terminal_H,clip_0_1,1440,-0.00048012777785550506,-8.897437506847252e-05
20260915,PRODUCT_POSREG,CONCAT_MSE,6,terminal_H,clip_0_1,1452,-0.0016911686520316147,-0.0001318265080244589
20260915,PRODUCT_POSREG,CONCAT_MSE,6,terminal_H,clip_0_1,1464,0.004764849847261468,0.003041417178959297
20260915,PRODUCT_POSREG,CONCAT_MSE,6,terminal_H,clip_0_1,1476,-0.005762303202393569,-0.0016351868906897132
20260915,PRODUCT_POSREG,CONCAT_MSE,6,terminal_H,clip_0_1,1488,0.002101662790636888,8.67687175182184e-05
20260915,PRODUCT_POSREG,CONCAT_MSE,6,terminal_H,clip_0_1,1500,-0.0027927619356958536,-6.7125064607940034e-06
20260915,PRODUCT_POSREG,CONCAT_MSE,6,terminal_H,clip_0_1,1512,-0.0007378090939804096,0.0001426807452551311
20260915,PRODUCT_POSREG,CONCAT_MSE,6,terminal_H,clip_0_1,1524,-0.007760735246318571,-0.002138051654837277
20260915,PRODUCT_POSREG,CONCAT_MSE,6,terminal_H,clip_0_1,1536,0.006326631857934744,0.0012107173034016851
20260915,PRODUCT_POSREG,CONCAT_MSE,6,terminal_H,clip_0_1,1548,-0.0016096385606844206,-0.0006757220737484634
20260915,PRODUCT_POSREG,CONCAT_MSE,6,path_1_to_H,raw,1392,0.003128372245030375,0.0002961945593348194
20260915,PRODUCT_POSREG,CONCAT_MSE,6,path_1_to_H,raw,1404,0.0014182906208936262,3.0585684926385254e-05
20260915,PRODUCT_POSREG,CONCAT_MSE,6,path_1_to_H,raw,1416,-0.0010688740891442805,-9.224284708202429e-05
20260915,PRODUCT_POSREG,CONCAT_MSE,6,path_1_to_H,raw,1428,0.00132370813676027,0.00010435247002680648
20260915,PRODUCT_POSREG,CONCAT_MSE,6,path_1_to_H,raw,1440,0.0006487290110871708,3.3801657543024265e-05
20260915,PRODUCT_POSREG,CONCAT_MSE,6,path_1_to_H,raw,1452,0.00025592974008413586,-2.3960866171261248e-06
20260915,PRODUCT_POSREG,CONCAT_MSE,6,path_1_to_H,raw,1464,0.0033046348619841077,0.0021605912053901753
20260915,PRODUCT_POSREG,CONCAT_MSE,6,path_1_to_H,raw,1476,-0.004666312141525521,-0.0009878828218655368
20260915,PRODUCT_POSREG,CONCAT_MSE,6,path_1_to_H,raw,1488,0.0018745093774106816,6.292539589770493e-05
20260915,PRODUCT_POSREG,CONCAT_MSE,6,path_1_to_H,raw,1500,-0.00402975220963303,-0.00022115235832216018
20260915,PRODUCT_POSREG,CONCAT_MSE,6,path_1_to_H,raw,1512,0.0008699246601687924,0.000656239227716866
20260915,PRODUCT_POSREG,CONCAT_MSE,6,path_1_to_H,raw,1524,-0.003580159147733903,-0.0010287835120094957
20260915,PRODUCT_POSREG,CONCAT_MSE,6,path_1_to_H,raw,1536,0.002175156372811302,0.000457547154037178
20260915,PRODUCT_POSREG,CONCAT_MSE,6,path_1_to_H,raw,1548,-0.0018432352199040526,-0.00041095205190138235
20260915,PRODUCT_POSREG,CONCAT_MSE,6,path_1_to_H,clip_0_1,1392,0.003160236888910375,0.0003049853087247748
20260915,PRODUCT_POSREG,CONCAT_MSE,6,path_1_to_H,clip_0_1,1404,0.0014174200022066433,3.057566519531272e-05
20260915,PRODUCT_POSREG,CONCAT_MSE,6,path_1_to_H,clip_0_1,1416,-0.0010005787561606016,-8.65501408807573e-05
20260915,PRODUCT_POSREG,CONCAT_MSE,6,path_1_to_H,clip_0_1,1428,0.0013195186741941547,0.00010432157176326936
20260915,PRODUCT_POSREG,CONCAT_MSE,6,path_1_to_H,clip_0_1,1440,0.0005749058912634506,3.61669551612119e-05
20260915,PRODUCT_POSREG,CONCAT_MSE,6,path_1_to_H,clip_0_1,1452,0.00023452343940784482,-2.6158940856986165e-06
20260915,PRODUCT_POSREG,CONCAT_MSE,6,path_1_to_H,clip_0_1,1464,0.003298848424832224,0.0021613027132204527
20260915,PRODUCT_POSREG,CONCAT_MSE,6,path_1_to_H,clip_0_1,1476,-0.0046950862023799516,-0.000989902485018715
20260915,PRODUCT_POSREG,CONCAT_MSE,6,path_1_to_H,clip_0_1,1488,0.0018943388794056691,6.306638645247134e-05
20260915,PRODUCT_POSREG,CONCAT_MSE,6,path_1_to_H,clip_0_1,1500,-0.004021097665368506,-0.00021925681782155283
20260915,PRODUCT_POSREG,CONCAT_MSE,6,path_1_to_H,clip_0_1,1512,0.0008757395372812231,0.0006609203666334242
20260915,PRODUCT_POSREG,CONCAT_MSE,6,path_1_to_H,clip_0_1,1524,-0.0035793317108058584,-0.001028770182601807
20260915,PRODUCT_POSREG,CONCAT_MSE,6,path_1_to_H,clip_0_1,1536,0.0021776415273491155,0.0004575573444257547
20260915,PRODUCT_POSREG,CONCAT_MSE,6,path_1_to_H,clip_0_1,1548,-0.0018432352199040526,-0.00041095205190138235
20260915,PRODUCT_POSREG,CONCAT_MSE,9,terminal_H,raw,1392,0.0014328701135271666,0.0002970951697007107
20260915,PRODUCT_POSREG,CONCAT_MSE,9,terminal_H,raw,1404,-0.004923972494305717,-0.0006991182600843932
20260915,PRODUCT_POSREG,CONCAT_MSE,9,terminal_H,raw,1416,-0.0032294454208740735,-0.0003632235247934291
20260915,PRODUCT_POSREG,CONCAT_MSE,9,terminal_H,raw,1428,-0.0024679165932497095,-0.0006072731720568679
20260915,PRODUCT_POSREG,CONCAT_MSE,9,terminal_H,raw,1440,-0.0006035139740958237,-0.0002946283179049349
20260915,PRODUCT_POSREG,CONCAT_MSE,9,terminal_H,raw,1452,0.000953055892165771,0.00033172941950967554
20260915,PRODUCT_POSREG,CONCAT_MSE,9,terminal_H,raw,1464,0.006884842891987394,0.0034195994706341243
20260915,PRODUCT_POSREG,CONCAT_MSE,9,terminal_H,raw,1476,-0.004869860599403545,-0.001795766797905153
20260915,PRODUCT_POSREG,CONCAT_MSE,9,terminal_H,raw,1488,0.004458989922052028,0.0007345607452305819
20260915,PRODUCT_POSREG,CONCAT_MSE,9,terminal_H,raw,1500,-0.0013299257006344938,-5.112162195424549e-05
20260915,PRODUCT_POSREG,CONCAT_MSE,9,terminal_H,raw,1512,-0.005305687837292466,-0.0019733407203811307
20260915,PRODUCT_POSREG,CONCAT_MSE,9,terminal_H,raw,1524,-0.008276340478154393,-0.002270694453654106
20260915,PRODUCT_POSREG,CONCAT_MSE,9,terminal_H,raw,1536,0.005842285751940522,0.0013824060874547807
20260915,PRODUCT_POSREG,CONCAT_MSE,9,terminal_H,raw,1548,-0.00442198091834578,-0.0011900488367350387
20260915,PRODUCT_POSREG,CONCAT_MSE,9,terminal_H,clip_0_1,1392,0.0014328701135271666,0.0002970951697007107
20260915,PRODUCT_POSREG,CONCAT_MSE,9,terminal_H,clip_0_1,1404,-0.004923972494305717,-0.0006991182600843932
20260915,PRODUCT_POSREG,CONCAT_MSE,9,terminal_H,clip_0_1,1416,-0.0032294454208740735,-0.0003632235247934291
20260915,PRODUCT_POSREG,CONCAT_MSE,9,terminal_H,clip_0_1,1428,-0.0024970481551060877,-0.0006075104621235964
20260915,PRODUCT_POSREG,CONCAT_MSE,9,terminal_H,clip_0_1,1440,-0.0006812589322377501,-0.0002962904944969696
20260915,PRODUCT_POSREG,CONCAT_MSE,9,terminal_H,clip_0_1,1452,0.0008992285973651109,0.0003298728346191036
20260915,PRODUCT_POSREG,CONCAT_MSE,9,terminal_H,clip_0_1,1464,0.006936831788092185,0.003419971261539355
20260915,PRODUCT_POSREG,CONCAT_MSE,9,terminal_H,clip_0_1,1476,-0.004856250239857882,-0.0017957158563862384
20260915,PRODUCT_POSREG,CONCAT_MSE,9,terminal_H,clip_0_1,1488,0.004462306275842086,0.0007345637697362587
20260915,PRODUCT_POSREG,CONCAT_MSE,9,terminal_H,clip_0_1,1500,-0.0013299257006344938,-5.112162195424549e-05
20260915,PRODUCT_POSREG,CONCAT_MSE,9,terminal_H,clip_0_1,1512,-0.005305687837292466,-0.0019733407203811307
20260915,PRODUCT_POSREG,CONCAT_MSE,9,terminal_H,clip_0_1,1524,-0.008276340478154393,-0.002270694453654106
20260915,PRODUCT_POSREG,CONCAT_MSE,9,terminal_H,clip_0_1,1536,0.005842285751940522,0.0013824060874547807
20260915,PRODUCT_POSREG,CONCAT_MSE,9,terminal_H,clip_0_1,1548,-0.00442198091834578,-0.0011900488367350387
20260915,PRODUCT_POSREG,CONCAT_MSE,9,path_1_to_H,raw,1392,0.003230914104467505,0.0002772012555103694
20260915,PRODUCT_POSREG,CONCAT_MSE,9,path_1_to_H,raw,1404,-0.00015004773707220776,-0.00011780091635882476
20260915,PRODUCT_POSREG,CONCAT_MSE,9,path_1_to_H,raw,1416,-0.0015185440541172852,-0.00015971017080404604
20260915,PRODUCT_POSREG,CONCAT_MSE,9,path_1_to_H,raw,1428,0.0003847732108276582,-3.643153069076554e-05
20260915,PRODUCT_POSREG,CONCAT_MSE,9,path_1_to_H,raw,1440,0.0008782419281743884,-1.820482023177608e-05
20260915,PRODUCT_POSREG,CONCAT_MSE,9,path_1_to_H,raw,1452,0.000290232943109641,3.0494928051176465e-05
20260915,PRODUCT_POSREG,CONCAT_MSE,9,path_1_to_H,raw,1464,0.004523877592291325,0.0026487358899979136
20260915,PRODUCT_POSREG,CONCAT_MSE,9,path_1_to_H,raw,1476,-0.004346968481163643,-0.0011811562223742684
20260915,PRODUCT_POSREG,CONCAT_MSE,9,path_1_to_H,raw,1488,0.002237949527091274,0.00015583632599523102
20260915,PRODUCT_POSREG,CONCAT_MSE,9,path_1_to_H,raw,1500,-0.0033723375583598193,-0.00023504797611344653
20260915,PRODUCT_POSREG,CONCAT_MSE,9,path_1_to_H,raw,1512,-0.0008923634376133657,3.4466096756802343e-05
20260915,PRODUCT_POSREG,CONCAT_MSE,9,path_1_to_H,raw,1524,-0.004845207192966843,-0.0013620224099253756
20260915,PRODUCT_POSREG,CONCAT_MSE,9,path_1_to_H,raw,1536,0.003653540676492277,0.0008366645341250658
20260915,PRODUCT_POSREG,CONCAT_MSE,9,path_1_to_H,raw,1548,-0.0018538725047197834,-0.0005144807257049045
20260915,PRODUCT_POSREG,CONCAT_MSE,9,path_1_to_H,clip_0_1,1392,0.0032602243534054346,0.00028364512080876703
20260915,PRODUCT_POSREG,CONCAT_MSE,9,path_1_to_H,clip_0_1,1404,-0.00015062814953019647,-0.0001178075961795398
20260915,PRODUCT_POSREG,CONCAT_MSE,9,path_1_to_H,clip_0_1,1416,-0.001432488208118701,-0.0001523649478163983
20260915,PRODUCT_POSREG,CONCAT_MSE,9,path_1_to_H,clip_0_1,1428,0.0003760533297965584,-3.649640531950786e-05
20260915,PRODUCT_POSREG,CONCAT_MSE,9,path_1_to_H,clip_0_1,1440,0.0007904260272909034,-1.7390807455514612e-05
20260915,PRODUCT_POSREG,CONCAT_MSE,9,path_1_to_H,clip_0_1,1452,0.00026521700652929045,3.0034495634927073e-05
20260915,PRODUCT_POSREG,CONCAT_MSE,9,path_1_to_H,clip_0_1,1464,0.004533893948340913,0.0026493839375013304
20260915,PRODUCT_POSREG,CONCAT_MSE,9,path_1_to_H,clip_0_1,1476,-0.004364638926228189,-0.0011824970043076187
20260915,PRODUCT_POSREG,CONCAT_MSE,9,path_1_to_H,clip_0_1,1488,0.0022517136725149042,0.0001559307324146825
20260915,PRODUCT_POSREG,CONCAT_MSE,9,path_1_to_H,clip_0_1,1500,-0.0033665678621834704,-0.00023378428244637492
20260915,PRODUCT_POSREG,CONCAT_MSE,9,path_1_to_H,clip_0_1,1512,-0.0008884868528717451,3.758685603450788e-05
20260915,PRODUCT_POSREG,CONCAT_MSE,9,path_1_to_H,clip_0_1,1524,-0.004844655568348146,-0.001362013523653583
20260915,PRODUCT_POSREG,CONCAT_MSE,9,path_1_to_H,clip_0_1,1536,0.0036551974461841523,0.0008366713277174504
20260915,PRODUCT_POSREG,CONCAT_MSE,9,path_1_to_H,clip_0_1,1548,-0.0018538725047197834,-0.0005144807257049045
20260915,PRODUCT_POSREG,CONCAT_MSE,12,terminal_H,raw,1392,2.693378401972661e-06,0.0004345567624931392
20260915,PRODUCT_POSREG,CONCAT_MSE,12,terminal_H,raw,1404,-0.004630295118544046,-0.00048280206720112634
20260915,PRODUCT_POSREG,CONCAT_MSE,12,terminal_H,raw,1416,0.0006436528608556963,5.8872746708471004e-05
20260915,PRODUCT_POSREG,CONCAT_MSE,12,terminal_H,raw,1428,-0.0013368938547756825,-0.00040182565458827087
20260915,PRODUCT_POSREG,CONCAT_MSE,12,terminal_H,raw,1440,-0.0030038475750626494,-0.0005844656815509533
20260915,PRODUCT_POSREG,CONCAT_MSE,12,terminal_H,raw,1452,-8.46235553102562e-06,-0.00013529396530966066
20260915,PRODUCT_POSREG,CONCAT_MSE,12,terminal_H,raw,1464,0.005754701826165674,0.003102985967844435
20260915,PRODUCT_POSREG,CONCAT_MSE,12,terminal_H,raw,1476,-0.0048519159476176,-0.0017101876521150748
20260915,PRODUCT_POSREG,CONCAT_MSE,12,terminal_H,raw,1488,0.0005544015796606033,-0.00025132085118001983
20260915,PRODUCT_POSREG,CONCAT_MSE,12,terminal_H,raw,1500,-0.004579854000293297,-0.00111852879919921
20260915,PRODUCT_POSREG,CONCAT_MSE,12,terminal_H,raw,1512,-0.0030097742706966875,-0.0004633006821438883
20260915,PRODUCT_POSREG,CONCAT_MSE,12,terminal_H,raw,1524,-0.004782369130776398,-0.000984695392965798
20260915,PRODUCT_POSREG,CONCAT_MSE,12,terminal_H,raw,1536,0.008706889727820603,0.00206273624262322
20260915,PRODUCT_POSREG,CONCAT_MSE,12,terminal_H,raw,1548,-0.003940297495296969,-0.0015544260831130874
20260915,PRODUCT_POSREG,CONCAT_MSE,12,terminal_H,clip_0_1,1392,2.693378401972661e-06,0.0004345567624931392
20260915,PRODUCT_POSREG,CONCAT_MSE,12,terminal_H,clip_0_1,1404,-0.004630295118544046,-0.00048280206720112634
20260915,PRODUCT_POSREG,CONCAT_MSE,12,terminal_H,clip_0_1,1416,0.0006436528608556963,5.8872746708471004e-05
20260915,PRODUCT_POSREG,CONCAT_MSE,12,terminal_H,clip_0_1,1428,-0.0013049646869547338,-0.0003885607190003017
20260915,PRODUCT_POSREG,CONCAT_MSE,12,terminal_H,clip_0_1,1440,-0.0030038475750626494,-0.0005844656815509533
20260915,PRODUCT_POSREG,CONCAT_MSE,12,terminal_H,clip_0_1,1452,-7.420080254154274e-05,-0.00013789640261330512
20260915,PRODUCT_POSREG,CONCAT_MSE,12,terminal_H,clip_0_1,1464,0.005754701826165674,0.003102985967844435
20260915,PRODUCT_POSREG,CONCAT_MSE,12,terminal_H,clip_0_1,1476,-0.004850867699636319,-0.0017101873499385217
20260915,PRODUCT_POSREG,CONCAT_MSE,12,terminal_H,clip_0_1,1488,0.0005544015796606033,-0.00025132085118001983
20260915,PRODUCT_POSREG,CONCAT_MSE,12,terminal_H,clip_0_1,1500,-0.004579854000293297,-0.00111852879919921
20260915,PRODUCT_POSREG,CONCAT_MSE,12,terminal_H,clip_0_1,1512,-0.0030097742706966875,-0.0004633006821438883
20260915,PRODUCT_POSREG,CONCAT_MSE,12,terminal_H,clip_0_1,1524,-0.004782369130776398,-0.000984695392965798
20260915,PRODUCT_POSREG,CONCAT_MSE,12,terminal_H,clip_0_1,1536,0.008706889727820603,0.00206273624262322
20260915,PRODUCT_POSREG,CONCAT_MSE,12,terminal_H,clip_0_1,1548,-0.00396713982975317,-0.0015572429878554623
20260915,PRODUCT_POSREG,CONCAT_MSE,12,path_1_to_H,raw,1392,0.0023877487804690747,0.0003224563415160756
20260915,PRODUCT_POSREG,CONCAT_MSE,12,path_1_to_H,raw,1404,-0.0012257913418939786,-0.000181691605771651
20260915,PRODUCT_POSREG,CONCAT_MSE,12,path_1_to_H,raw,1416,-0.001274860541154482,-8.886216691724819e-05
20260915,PRODUCT_POSREG,CONCAT_MSE,12,path_1_to_H,raw,1428,-0.00019342389828048208,-0.0001507884141417701
20260915,PRODUCT_POSREG,CONCAT_MSE,12,path_1_to_H,raw,1440,0.0002271712077090982,-7.205421961532222e-05
20260915,PRODUCT_POSREG,CONCAT_MSE,12,path_1_to_H,raw,1452,0.0003060795130320516,1.3888053979204576e-05
20260915,PRODUCT_POSREG,CONCAT_MSE,12,path_1_to_H,raw,1464,0.00474586230338839,0.0027113047783228384
20260915,PRODUCT_POSREG,CONCAT_MSE,12,path_1_to_H,raw,1476,-0.004768635585561795,-0.001404096713076991
20260915,PRODUCT_POSREG,CONCAT_MSE,12,path_1_to_H,raw,1488,0.002114909517721873,0.00010153757283384998
20260915,PRODUCT_POSREG,CONCAT_MSE,12,path_1_to_H,raw,1500,-0.003419421943094077,-0.0003200502126269872
20260915,PRODUCT_POSREG,CONCAT_MSE,12,path_1_to_H,raw,1512,-0.0014890331771406351,-9.907191621039684e-05
20260915,PRODUCT_POSREG,CONCAT_MSE,12,path_1_to_H,raw,1524,-0.005241329331141886,-0.0014166067868412423
20260915,PRODUCT_POSREG,CONCAT_MSE,12,path_1_to_H,raw,1536,0.003115025350266824,0.0008072400571725949
20260915,PRODUCT_POSREG,CONCAT_MSE,12,path_1_to_H,raw,1548,-0.0024292511120985365,-0.0007148968418333342
20260915,PRODUCT_POSREG,CONCAT_MSE,12,path_1_to_H,clip_0_1,1392,0.002409731467172522,0.00032728924048987387
20260915,PRODUCT_POSREG,CONCAT_MSE,12,path_1_to_H,clip_0_1,1404,-0.00122622665123747,-0.00018169661563718724
20260915,PRODUCT_POSREG,CONCAT_MSE,12,path_1_to_H,clip_0_1,1416,-0.0012103186566555441,-8.335324967651242e-05
20260915,PRODUCT_POSREG,CONCAT_MSE,12,path_1_to_H,clip_0_1,1428,-0.00019625816065159477,-0.0001481002870715466
20260915,PRODUCT_POSREG,CONCAT_MSE,12,path_1_to_H,clip_0_1,1440,0.00016130928204648447,-7.144371003312613e-05
20260915,PRODUCT_POSREG,CONCAT_MSE,12,path_1_to_H,clip_0_1,1452,0.0002708021011547855,1.289901523121739e-05
20260915,PRODUCT_POSREG,CONCAT_MSE,12,path_1_to_H,clip_0_1,1464,0.0047567302396829,0.0027127228188356983
20260915,PRODUCT_POSREG,CONCAT_MSE,12,path_1_to_H,clip_0_1,1476,-0.004779339592073581,-0.0014050869859178502
20260915,PRODUCT_POSREG,CONCAT_MSE,12,path_1_to_H,clip_0_1,1488,0.002125580840881255,0.0001016087777835156
20260915,PRODUCT_POSREG,CONCAT_MSE,12,path_1_to_H,clip_0_1,1500,-0.0034150946709618157,-0.00031910244237668355
20260915,PRODUCT_POSREG,CONCAT_MSE,12,path_1_to_H,clip_0_1,1512,-0.00148612573858442,-9.673134675211772e-05
20260915,PRODUCT_POSREG,CONCAT_MSE,12,path_1_to_H,clip_0_1,1524,-0.005240915612677864,-0.001416600122137398
20260915,PRODUCT_POSREG,CONCAT_MSE,12,path_1_to_H,clip_0_1,1536,0.0031162679275357308,0.0008072451523668833
20260915,PRODUCT_POSREG,CONCAT_MSE,12,path_1_to_H,clip_0_1,1548,-0.0024317955959771657,-0.0007151919201139838
20260915,PRODUCT_POSREG,CONCAT_POSREG,3,terminal_H,raw,1392,0.0030913648247885895,0.00039744734098950924
20260915,PRODUCT_POSREG,CONCAT_POSREG,3,terminal_H,raw,1404,0.00028121971463509115,8.95782570573218e-05
20260915,PRODUCT_POSREG,CONCAT_POSREG,3,terminal_H,raw,1416,-0.002312603481627155,-0.00013332433155765716
20260915,PRODUCT_POSREG,CONCAT_POSREG,3,terminal_H,raw,1428,2.7676924348247806e-05,-0.00012490978295701387
20260915,PRODUCT_POSREG,CONCAT_POSREG,3,terminal_H,raw,1440,0.0030472912803297847,0.00035090364655267475
20260915,PRODUCT_POSREG,CONCAT_POSREG,3,terminal_H,raw,1452,-0.000935112580923719,-0.00014747249208135708
20260915,PRODUCT_POSREG,CONCAT_POSREG,3,terminal_H,raw,1464,-0.0034944087229214593,-0.0015246689306021334
20260915,PRODUCT_POSREG,CONCAT_POSREG,3,terminal_H,raw,1476,-0.004039966998639278,-0.0008037192717122125
20260915,PRODUCT_POSREG,CONCAT_POSREG,3,terminal_H,raw,1488,0.002141679979605995,-7.177764774403601e-05
20260915,PRODUCT_POSREG,CONCAT_POSREG,3,terminal_H,raw,1500,-0.0014962867493919826,-0.0001248200350051743
20260915,PRODUCT_POSREG,CONCAT_POSREG,3,terminal_H,raw,1512,0.002065503696382937,0.0024470420278820152
20260915,PRODUCT_POSREG,CONCAT_POSREG,3,terminal_H,raw,1524,-0.0017828107564559035,-0.0002883654064942432
20260915,PRODUCT_POSREG,CONCAT_POSREG,3,terminal_H,raw,1536,1.696592806495443e-05,1.3255870414074437e-05
20260915,PRODUCT_POSREG,CONCAT_POSREG,3,terminal_H,raw,1548,-0.002233907251055894,-0.00043658220733815655
20260915,PRODUCT_POSREG,CONCAT_POSREG,3,terminal_H,clip_0_1,1392,0.003125083165564773,0.00040521538688620146
20260915,PRODUCT_POSREG,CONCAT_POSREG,3,terminal_H,clip_0_1,1404,0.00028121971463509115,8.95782570573218e-05
20260915,PRODUCT_POSREG,CONCAT_POSREG,3,terminal_H,clip_0_1,1416,-0.0023142599599210367,-0.00013332508613575015
20260915,PRODUCT_POSREG,CONCAT_POSREG,3,terminal_H,clip_0_1,1428,2.1670589822802945e-05,-0.0001249197038719825
20260915,PRODUCT_POSREG,CONCAT_POSREG,3,terminal_H,clip_0_1,1440,0.0030073780964996713,0.00035054471172977337
20260915,PRODUCT_POSREG,CONCAT_POSREG,3,terminal_H,clip_0_1,1452,-0.0010009375716675231,-0.00014824553366295356
20260915,PRODUCT_POSREG,CONCAT_POSREG,3,terminal_H,clip_0_1,1464,-0.0034796505155148655,-0.0015225191022621627
20260915,PRODUCT_POSREG,CONCAT_POSREG,3,terminal_H,clip_0_1,1476,-0.004077597175318933,-0.0008042866971653921
20260915,PRODUCT_POSREG,CONCAT_POSREG,3,terminal_H,clip_0_1,1488,0.0021738998975241028,-7.153787759222154e-05
20260915,PRODUCT_POSREG,CONCAT_POSREG,3,terminal_H,clip_0_1,1500,-0.0014928283160307665,-0.00012221411218658933
20260915,PRODUCT_POSREG,CONCAT_POSREG,3,terminal_H,clip_0_1,1512,0.001995229685974002,0.002353925506742101
20260915,PRODUCT_POSREG,CONCAT_POSREG,3,terminal_H,clip_0_1,1524,-0.0017828107564559035,-0.0002883654064942432
20260915,PRODUCT_POSREG,CONCAT_POSREG,3,terminal_H,clip_0_1,1536,1.696592806495443e-05,1.3255870414074437e-05
20260915,PRODUCT_POSREG,CONCAT_POSREG,3,terminal_H,clip_0_1,1548,-0.002233907251055894,-0.00043658220733815655
20260915,PRODUCT_POSREG,CONCAT_POSREG,3,path_1_to_H,raw,1392,0.0018958707602140957,0.00020839091953057977
20260915,PRODUCT_POSREG,CONCAT_POSREG,3,path_1_to_H,raw,1404,-0.00016150033490909603,-9.99643554748381e-06
20260915,PRODUCT_POSREG,CONCAT_POSREG,3,path_1_to_H,raw,1416,-0.0012254798611159715,-6.958136916064442e-05
20260915,PRODUCT_POSREG,CONCAT_POSREG,3,path_1_to_H,raw,1428,0.0002928339341023135,-3.715888962288414e-05
20260915,PRODUCT_POSREG,CONCAT_POSREG,3,path_1_to_H,raw,1440,0.0014046685519504831,0.0001631976090075081
20260915,PRODUCT_POSREG,CONCAT_POSREG,3,path_1_to_H,raw,1452,-0.000335968419222249,-5.284924903817769e-05
20260915,PRODUCT_POSREG,CONCAT_POSREG,3,path_1_to_H,raw,1464,-0.0019828739954844896,-0.0008640557446432331
20260915,PRODUCT_POSREG,CONCAT_POSREG,3,path_1_to_H,raw,1476,-0.00271502084381754,-0.00047560258348539644
20260915,PRODUCT_POSREG,CONCAT_POSREG,3,path_1_to_H,raw,1488,0.0008611780938319755,-1.2110340943006065e-05
20260915,PRODUCT_POSREG,CONCAT_POSREG,3,path_1_to_H,raw,1500,-0.0011909490326826267,-6.811895372599193e-05
20260915,PRODUCT_POSREG,CONCAT_POSREG,3,path_1_to_H,raw,1512,0.001523034467573794,0.0013981551389235737
20260915,PRODUCT_POSREG,CONCAT_POSREG,3,path_1_to_H,raw,1524,-0.0008936300165568356,-0.0001624544167272923
20260915,PRODUCT_POSREG,CONCAT_POSREG,3,path_1_to_H,raw,1536,2.489382989197688e-05,-1.7967999668216918e-05
20260915,PRODUCT_POSREG,CONCAT_POSREG,3,path_1_to_H,raw,1548,-0.0009365744472509459,-8.863870231511267e-05
20260915,PRODUCT_POSREG,CONCAT_POSREG,3,path_1_to_H,clip_0_1,1392,0.00192065270406043,0.00021334943942286384
20260915,PRODUCT_POSREG,CONCAT_POSREG,3,path_1_to_H,clip_0_1,1404,-0.00015904978130754479,-9.976707315612572e-06
20260915,PRODUCT_POSREG,CONCAT_POSREG,3,path_1_to_H,clip_0_1,1416,-0.001234520352299333,-6.970265772100519e-05
20260915,PRODUCT_POSREG,CONCAT_POSREG,3,path_1_to_H,clip_0_1,1428,0.0002905205437393351,-3.7162848932830365e-05
20260915,PRODUCT_POSREG,CONCAT_POSREG,3,path_1_to_H,clip_0_1,1440,0.0013986421779482534,0.00016577921530958956
20260915,PRODUCT_POSREG,CONCAT_POSREG,3,path_1_to_H,clip_0_1,1452,-0.0003656881733553512,-5.321831290257241e-05
20260915,PRODUCT_POSREG,CONCAT_POSREG,3,path_1_to_H,clip_0_1,1464,-0.0019739788357683234,-0.0008632070609861333
20260915,PRODUCT_POSREG,CONCAT_POSREG,3,path_1_to_H,clip_0_1,1476,-0.0027279052755054857,-0.00047566910324290686
20260915,PRODUCT_POSREG,CONCAT_POSREG,3,path_1_to_H,clip_0_1,1488,0.0008949123738722095,-1.1844227206781035e-05
20260915,PRODUCT_POSREG,CONCAT_POSREG,3,path_1_to_H,clip_0_1,1500,-0.0011891485998813801,-6.650116984856886e-05
20260915,PRODUCT_POSREG,CONCAT_POSREG,3,path_1_to_H,clip_0_1,1512,0.0015030767781182446,0.0013668411905014455
20260915,PRODUCT_POSREG,CONCAT_POSREG,3,path_1_to_H,clip_0_1,1524,-0.0008956096276370884,-0.00016249224258838197
20260915,PRODUCT_POSREG,CONCAT_POSREG,3,path_1_to_H,clip_0_1,1536,2.9864138967604226e-05,-1.794761889106343e-05
20260915,PRODUCT_POSREG,CONCAT_POSREG,3,path_1_to_H,clip_0_1,1548,-0.0009365744472509459,-8.863870231511267e-05
20260915,PRODUCT_POSREG,CONCAT_POSREG,6,terminal_H,raw,1392,0.0022914798013344783,0.0003089937521303546
20260915,PRODUCT_POSREG,CONCAT_POSREG,6,terminal_H,raw,1404,-0.0013962240748506014,-0.00044759999648111455
20260915,PRODUCT_POSREG,CONCAT_POSREG,6,terminal_H,raw,1416,-0.004470033342024314,-0.0004014445185300185
20260915,PRODUCT_POSREG,CONCAT_POSREG,6,terminal_H,raw,1428,-0.0007713132695036758,-0.0002831984461365037
20260915,PRODUCT_POSREG,CONCAT_POSREG,6,terminal_H,raw,1440,0.0037418145944550962,0.00031960580445250823
20260915,PRODUCT_POSREG,CONCAT_POSREG,6,terminal_H,raw,1452,-0.002774448553296708,-0.0001811909697114409
20260915,PRODUCT_POSREG,CONCAT_POSREG,6,terminal_H,raw,1464,-0.005796860013610563,-0.002945488218363146
20260915,PRODUCT_POSREG,CONCAT_POSREG,6,terminal_H,raw,1476,-0.005298587868009806,-0.001532872580075591
20260915,PRODUCT_POSREG,CONCAT_POSREG,6,terminal_H,raw,1488,0.003138815653779647,0.0003110382345946746
20260915,PRODUCT_POSREG,CONCAT_POSREG,6,terminal_H,raw,1500,-5.768440359865835e-05,4.429489023156282e-05
20260915,PRODUCT_POSREG,CONCAT_POSREG,6,terminal_H,raw,1512,0.00857266468517041,0.007007363869577458
20260915,PRODUCT_POSREG,CONCAT_POSREG,6,terminal_H,raw,1524,-0.003432497710653869,-0.0009086267809730678
20260915,PRODUCT_POSREG,CONCAT_POSREG,6,terminal_H,raw,1536,0.008368343419313915,0.0014146776339080405
20260915,PRODUCT_POSREG,CONCAT_POSREG,6,terminal_H,raw,1548,-0.0016611787704740267,-0.00042173235138778375
20260915,PRODUCT_POSREG,CONCAT_POSREG,6,terminal_H,clip_0_1,1392,0.0022459299308084475,0.00030452244756427546
20260915,PRODUCT_POSREG,CONCAT_POSREG,6,terminal_H,clip_0_1,1404,-0.0013962240748506014,-0.00044759999648111455
20260915,PRODUCT_POSREG,CONCAT_POSREG,6,terminal_H,clip_0_1,1416,-0.004308265869265421,-0.0003881487848897479
20260915,PRODUCT_POSREG,CONCAT_POSREG,6,terminal_H,clip_0_1,1428,-0.0008064573821692206,-0.0002835630323199297
20260915,PRODUCT_POSREG,CONCAT_POSREG,6,terminal_H,clip_0_1,1440,0.0038479756590253968,0.0003310962337030057
20260915,PRODUCT_POSREG,CONCAT_POSREG,6,terminal_H,clip_0_1,1452,-0.0027966270868741093,-0.000181326238733143
20260915,PRODUCT_POSREG,CONCAT_POSREG,6,terminal_H,clip_0_1,1464,-0.005784538756223232,-0.0029454464696826547
20260915,PRODUCT_POSREG,CONCAT_POSREG,6,terminal_H,clip_0_1,1476,-0.005318412083758753,-0.0015329806549463578
20260915,PRODUCT_POSREG,CONCAT_POSREG,6,terminal_H,clip_0_1,1488,0.003152587304523538,0.0003110903906448328
20260915,PRODUCT_POSREG,CONCAT_POSREG,6,terminal_H,clip_0_1,1500,-5.768440359865835e-05,4.429489023156282e-05
20260915,PRODUCT_POSREG,CONCAT_POSREG,6,terminal_H,clip_0_1,1512,0.006623491493376555,0.00516108259971115
20260915,PRODUCT_POSREG,CONCAT_POSREG,6,terminal_H,clip_0_1,1524,-0.003432497710653869,-0.0009086267809730678
20260915,PRODUCT_POSREG,CONCAT_POSREG,6,terminal_H,clip_0_1,1536,0.008368343419313915,0.0014146776339080405
20260915,PRODUCT_POSREG,CONCAT_POSREG,6,terminal_H,clip_0_1,1548,-0.0016611787704740267,-0.00042173235138778375
20260915,PRODUCT_POSREG,CONCAT_POSREG,6,path_1_to_H,raw,1392,0.0018756481068089212,0.00019854677784795458
20260915,PRODUCT_POSREG,CONCAT_POSREG,6,path_1_to_H,raw,1404,-0.0006031497130687733,-0.000202904876609127
20260915,PRODUCT_POSREG,CONCAT_POSREG,6,path_1_to_H,raw,1416,-0.0023673850824432402,-0.0002052432942283902
20260915,PRODUCT_POSREG,CONCAT_POSREG,6,path_1_to_H,raw,1428,8.315446690598428e-05,-0.0001187580081583675
20260915,PRODUCT_POSREG,CONCAT_POSREG,6,path_1_to_H,raw,1440,0.0027334851589450025,0.00024401280150980484
20260915,PRODUCT_POSREG,CONCAT_POSREG,6,path_1_to_H,raw,1452,-0.0011929906284706973,-8.917880964981396e-05
20260915,PRODUCT_POSREG,CONCAT_POSREG,6,path_1_to_H,raw,1464,-0.00369021261543206,-0.0017020963526668202
20260915,PRODUCT_POSREG,CONCAT_POSREG,6,path_1_to_H,raw,1476,-0.004016543872304631,-0.000911874098051764
20260915,PRODUCT_POSREG,CONCAT_POSREG,6,path_1_to_H,raw,1488,0.0014445909299863218,6.763201790435984e-05
20260915,PRODUCT_POSREG,CONCAT_POSREG,6,path_1_to_H,raw,1500,-0.001302376800274954,-9.893803266000261e-05
20260915,PRODUCT_POSREG,CONCAT_POSREG,6,path_1_to_H,raw,1512,0.004423311587703494,0.003631180253005464
20260915,PRODUCT_POSREG,CONCAT_POSREG,6,path_1_to_H,raw,1524,-0.0013462197343435728,-0.00039868815752340444
20260915,PRODUCT_POSREG,CONCAT_POSREG,6,path_1_to_H,raw,1536,0.001908939241913546,0.00038564229077349036
20260915,PRODUCT_POSREG,CONCAT_POSREG,6,path_1_to_H,raw,1548,-0.001983926797202297,-0.00031590447671843766
20260915,PRODUCT_POSREG,CONCAT_POSREG,6,path_1_to_H,clip_0_1,1392,0.001900319270241413,0.0002050934766857871
20260915,PRODUCT_POSREG,CONCAT_POSREG,6,path_1_to_H,clip_0_1,1404,-0.0006019244362679976,-0.00020289501249319138
20260915,PRODUCT_POSREG,CONCAT_POSREG,6,path_1_to_H,clip_0_1,1416,-0.0023022802223574977,-0.00019964449128855236
20260915,PRODUCT_POSREG,CONCAT_POSREG,6,path_1_to_H,clip_0_1,1428,7.614041961357093e-05,-0.00011882075217724496
20260915,PRODUCT_POSREG,CONCAT_POSREG,6,path_1_to_H,clip_0_1,1440,0.0027645716944316697,0.0002496762426822757
20260915,PRODUCT_POSREG,CONCAT_POSREG,6,path_1_to_H,clip_0_1,1452,-0.0012199053381399965,-8.944564190909314e-05
20260915,PRODUCT_POSREG,CONCAT_POSREG,6,path_1_to_H,clip_0_1,1464,-0.003671024781168931,-0.0017015034685473988
20260915,PRODUCT_POSREG,CONCAT_POSREG,6,path_1_to_H,clip_0_1,1476,-0.004037222143605595,-0.0009120256617322772
20260915,PRODUCT_POSREG,CONCAT_POSREG,6,path_1_to_H,clip_0_1,1488,0.001478749552711687,6.789004629040696e-05
20260915,PRODUCT_POSREG,CONCAT_POSREG,6,path_1_to_H,clip_0_1,1500,-0.0013014765838743308,-9.812914072129109e-05
20260915,PRODUCT_POSREG,CONCAT_POSREG,6,path_1_to_H,clip_0_1,1512,0.003639728524385828,0.0028628560488239106
20260915,PRODUCT_POSREG,CONCAT_POSREG,6,path_1_to_H,clip_0_1,1524,-0.0013472095398836992,-0.0003987070704539493
20260915,PRODUCT_POSREG,CONCAT_POSREG,6,path_1_to_H,clip_0_1,1536,0.0019114243964513595,0.0003856524811620671
20260915,PRODUCT_POSREG,CONCAT_POSREG,6,path_1_to_H,clip_0_1,1548,-0.001983926797202297,-0.00031590447671843766
20260915,PRODUCT_POSREG,CONCAT_POSREG,9,terminal_H,raw,1392,-0.0022623885176505823,-8.399321903011602e-05
20260915,PRODUCT_POSREG,CONCAT_POSREG,9,terminal_H,raw,1404,-0.006794275827438919,-0.0008607100141541262
20260915,PRODUCT_POSREG,CONCAT_POSREG,9,terminal_H,raw,1416,-0.004144338299696086,-0.0004938276284998595
20260915,PRODUCT_POSREG,CONCAT_POSREG,9,terminal_H,raw,1428,-0.0006944345788342625,-0.0005437933852814612
20260915,PRODUCT_POSREG,CONCAT_POSREG,9,terminal_H,raw,1440,0.0008306502454700159,-9.314906477249836e-05
20260915,PRODUCT_POSREG,CONCAT_POSREG,9,terminal_H,raw,1452,0.0022583068414772215,5.6005455545772576e-05
20260915,PRODUCT_POSREG,CONCAT_POSREG,9,terminal_H,raw,1464,-0.0022700603248044363,-0.0020662851870070762
20260915,PRODUCT_POSREG,CONCAT_POSREG,9,terminal_H,raw,1476,-0.003930245588973282,-0.0014010140144964866
20260915,PRODUCT_POSREG,CONCAT_POSREG,9,terminal_H,raw,1488,0.005073298700982993,0.0006803097477127845
20260915,PRODUCT_POSREG,CONCAT_POSREG,9,terminal_H,raw,1500,0.0018304214122799247,0.00011581052023295503
20260915,PRODUCT_POSREG,CONCAT_POSREG,9,terminal_H,raw,1512,0.004812090885979,0.003574117791141122
20260915,PRODUCT_POSREG,CONCAT_POSREG,9,terminal_H,raw,1524,-0.0017698995827759223,0.0004994504648122515
20260915,PRODUCT_POSREG,CONCAT_POSREG,9,terminal_H,raw,1536,0.008021077628219653,0.0019722260245754685
20260915,PRODUCT_POSREG,CONCAT_POSREG,9,terminal_H,raw,1548,0.0005237470665456503,0.00013074014187607224
20260915,PRODUCT_POSREG,CONCAT_POSREG,9,terminal_H,clip_0_1,1392,-0.002262729936852998,-8.399325108606076e-05
20260915,PRODUCT_POSREG,CONCAT_POSREG,9,terminal_H,clip_0_1,1404,-0.006794275827438919,-0.0008607100141541262
20260915,PRODUCT_POSREG,CONCAT_POSREG,9,terminal_H,clip_0_1,1416,-0.004150136344374647,-0.0004938368732634355
20260915,PRODUCT_POSREG,CONCAT_POSREG,9,terminal_H,clip_0_1,1428,-0.0007175467370406386,-0.0005439433861293246
20260915,PRODUCT_POSREG,CONCAT_POSREG,9,terminal_H,clip_0_1,1440,0.0008306502454700159,-9.314906477249836e-05
20260915,PRODUCT_POSREG,CONCAT_POSREG,9,terminal_H,clip_0_1,1452,0.0022123336536567437,5.437993450047239e-05
20260915,PRODUCT_POSREG,CONCAT_POSREG,9,terminal_H,clip_0_1,1464,-0.0022222676841440036,-0.002065918238455778
20260915,PRODUCT_POSREG,CONCAT_POSREG,9,terminal_H,clip_0_1,1476,-0.003933667959831096,-0.0014010428543014463
20260915,PRODUCT_POSREG,CONCAT_POSREG,9,terminal_H,clip_0_1,1488,0.005076615054773052,0.0006803127722184611
20260915,PRODUCT_POSREG,CONCAT_POSREG,9,terminal_H,clip_0_1,1500,0.0018304214122799247,0.00011581052023295503
20260915,PRODUCT_POSREG,CONCAT_POSREG,9,terminal_H,clip_0_1,1512,0.004203026536414364,0.0031016059343740234
20260915,PRODUCT_POSREG,CONCAT_POSREG,9,terminal_H,clip_0_1,1524,-0.0017698995827759223,0.0004994504648122515
20260915,PRODUCT_POSREG,CONCAT_POSREG,9,terminal_H,clip_0_1,1536,0.008021077628219653,0.0019722260245754685
20260915,PRODUCT_POSREG,CONCAT_POSREG,9,terminal_H,clip_0_1,1548,0.0005237470665456503,0.00013074014187607224
20260915,PRODUCT_POSREG,CONCAT_POSREG,9,path_1_to_H,raw,1392,0.0013166555635927028,0.0001291297794585107
20260915,PRODUCT_POSREG,CONCAT_POSREG,9,path_1_to_H,raw,1404,-0.0022181413092426006,-0.0003620776546873925
20260915,PRODUCT_POSREG,CONCAT_POSREG,9,path_1_to_H,raw,1416,-0.0026944542868502187,-0.000272631901281119
20260915,PRODUCT_POSREG,CONCAT_POSREG,9,path_1_to_H,raw,1428,-0.00017212790754137278,-0.00018779868260682114
20260915,PRODUCT_POSREG,CONCAT_POSREG,9,path_1_to_H,raw,1440,0.0017257641736589389,0.000107389103163741
20260915,PRODUCT_POSREG,CONCAT_POSREG,9,path_1_to_H,raw,1452,-0.0006490977140666483,-2.5830858180398958e-05
20260915,PRODUCT_POSREG,CONCAT_POSREG,9,path_1_to_H,raw,1464,-0.00374461001397363,-0.0019071192127555273
20260915,PRODUCT_POSREG,CONCAT_POSREG,9,path_1_to_H,raw,1476,-0.003977560850052023,-0.001088269594093958
20260915,PRODUCT_POSREG,CONCAT_POSREG,9,path_1_to_H,raw,1488,0.0022650854512004633,0.0001747058021417626
20260915,PRODUCT_POSREG,CONCAT_POSREG,9,path_1_to_H,raw,1500,-0.000605260462892625,-7.545338491667126e-05
20260915,PRODUCT_POSREG,CONCAT_POSREG,9,path_1_to_H,raw,1512,0.004946365103549298,0.004290478984062063
20260915,PRODUCT_POSREG,CONCAT_POSREG,9,path_1_to_H,raw,1524,-0.0014120029841512053,-0.00021968928305485442
20260915,PRODUCT_POSREG,CONCAT_POSREG,9,path_1_to_H,raw,1536,0.004033990580548699,0.0009509443634368194
20260915,PRODUCT_POSREG,CONCAT_POSREG,9,path_1_to_H,raw,1548,-0.0013036958526870287,-0.0002624694167310505
20260915,PRODUCT_POSREG,CONCAT_POSREG,9,path_1_to_H,clip_0_1,1392,0.0013197106467418337,0.0001321954614746669
20260915,PRODUCT_POSREG,CONCAT_POSREG,9,path_1_to_H,clip_0_1,1404,-0.002217324458042083,-0.0003620710786101021
20260915,PRODUCT_POSREG,CONCAT_POSREG,9,path_1_to_H,clip_0_1,1416,-0.0026118993750560873,-0.00026540323370558087
20260915,PRODUCT_POSREG,CONCAT_POSREG,9,path_1_to_H,clip_0_1,1428,-0.00018260704738798093,-0.0001879503274465997
20260915,PRODUCT_POSREG,CONCAT_POSREG,9,path_1_to_H,clip_0_1,1440,0.0017489753247135066,0.0001114286672918124
20260915,PRODUCT_POSREG,CONCAT_POSREG,9,path_1_to_H,clip_0_1,1452,-0.0006801531908701991,-2.6313649840924995e-05
20260915,PRODUCT_POSREG,CONCAT_POSREG,9,path_1_to_H,clip_0_1,1464,-0.0037132110976824634,-0.0019065244291662853
20260915,PRODUCT_POSREG,CONCAT_POSREG,9,path_1_to_H,clip_0_1,1476,-0.003994683455756042,-0.00108838542561271
20260915,PRODUCT_POSREG,CONCAT_POSREG,9,path_1_to_H,clip_0_1,1488,0.0022884023437776788,0.0001748782337820679
20260915,PRODUCT_POSREG,CONCAT_POSREG,9,path_1_to_H,clip_0_1,1500,-0.0006046603186255428,-7.49141236241969e-05
20260915,PRODUCT_POSREG,CONCAT_POSREG,9,path_1_to_H,clip_0_1,1512,0.004067460309293391,0.0034215614344140855
20260915,PRODUCT_POSREG,CONCAT_POSREG,9,path_1_to_H,clip_0_1,1524,-0.0014126628545112895,-0.00021970189167521765
20260915,PRODUCT_POSREG,CONCAT_POSREG,9,path_1_to_H,clip_0_1,1536,0.004035647350240574,0.000950951157029204
20260915,PRODUCT_POSREG,CONCAT_POSREG,9,path_1_to_H,clip_0_1,1548,-0.0013036958526870287,-0.0002624694167310505
20260915,PRODUCT_POSREG,CONCAT_POSREG,12,terminal_H,raw,1392,-0.0029606275300940697,-8.111011243653078e-05
20260915,PRODUCT_POSREG,CONCAT_POSREG,12,terminal_H,raw,1404,-0.004938377005263151,-0.00040213676486249857
20260915,PRODUCT_POSREG,CONCAT_POSREG,12,terminal_H,raw,1416,-0.002430481247425383,-9.892216940337133e-05
20260915,PRODUCT_POSREG,CONCAT_POSREG,12,terminal_H,raw,1428,0.00013579943151139376,-0.00038354564828828086
20260915,PRODUCT_POSREG,CONCAT_POSREG,12,terminal_H,raw,1440,0.0016478599264285144,-1.1147766530791303e-05
20260915,PRODUCT_POSREG,CONCAT_POSREG,12,terminal_H,raw,1452,0.0008852412371913888,-7.766582144931797e-05
20260915,PRODUCT_POSREG,CONCAT_POSREG,12,terminal_H,raw,1464,-0.0029339205064452677,-0.0017679485992101445
20260915,PRODUCT_POSREG,CONCAT_POSREG,12,terminal_H,raw,1476,-0.0029074741373679843,-0.0009867588967024975
20260915,PRODUCT_POSREG,CONCAT_POSREG,12,terminal_H,raw,1488,0.00015781864158043502,-0.000236981453983105
20260915,PRODUCT_POSREG,CONCAT_POSREG,12,terminal_H,raw,1500,-0.0005051634622916805,-0.00038921516818400724
20260915,PRODUCT_POSREG,CONCAT_POSREG,12,terminal_H,raw,1512,0.0063767935887950366,0.002576900993009011
20260915,PRODUCT_POSREG,CONCAT_POSREG,12,terminal_H,raw,1524,-0.001084946307295275,0.0012715751457854176
20260915,PRODUCT_POSREG,CONCAT_POSREG,12,terminal_H,raw,1536,0.009433975248303137,0.0023554664818341855
20260915,PRODUCT_POSREG,CONCAT_POSREG,12,terminal_H,raw,1548,0.0012671691387554176,-8.678115313759858e-05
20260915,PRODUCT_POSREG,CONCAT_POSREG,12,terminal_H,clip_0_1,1392,-0.0029606275300940697,-8.111011243653078e-05
20260915,PRODUCT_POSREG,CONCAT_POSREG,12,terminal_H,clip_0_1,1404,-0.0049559482271294055,-0.0004080787446478864
20260915,PRODUCT_POSREG,CONCAT_POSREG,12,terminal_H,clip_0_1,1416,-0.002430481247425383,-9.892216940337133e-05
20260915,PRODUCT_POSREG,CONCAT_POSREG,12,terminal_H,clip_0_1,1428,0.00016551522148813887,-0.0003704427286099937
20260915,PRODUCT_POSREG,CONCAT_POSREG,12,terminal_H,clip_0_1,1440,0.0016478599264285144,-1.1147766530791303e-05
20260915,PRODUCT_POSREG,CONCAT_POSREG,12,terminal_H,clip_0_1,1452,0.0008256390883604981,-7.992475895227634e-05
20260915,PRODUCT_POSREG,CONCAT_POSREG,12,terminal_H,clip_0_1,1464,-0.0029339205064452677,-0.0017679485992101445
20260915,PRODUCT_POSREG,CONCAT_POSREG,12,terminal_H,clip_0_1,1476,-0.0029142019312146023,-0.0009867752229032341
20260915,PRODUCT_POSREG,CONCAT_POSREG,12,terminal_H,clip_0_1,1488,0.00015781864158043502,-0.000236981453983105
20260915,PRODUCT_POSREG,CONCAT_POSREG,12,terminal_H,clip_0_1,1500,-0.0005051634622916805,-0.00038921516818400724
20260915,PRODUCT_POSREG,CONCAT_POSREG,12,terminal_H,clip_0_1,1512,0.0063767935887950366,0.002576900993009011
20260915,PRODUCT_POSREG,CONCAT_POSREG,12,terminal_H,clip_0_1,1524,-0.001084946307295275,0.0012715751457854176
20260915,PRODUCT_POSREG,CONCAT_POSREG,12,terminal_H,clip_0_1,1536,0.009433975248303137,0.0023554664818341855
20260915,PRODUCT_POSREG,CONCAT_POSREG,12,terminal_H,clip_0_1,1548,0.0011742358533875206,-9.822287855750052e-05
20260915,PRODUCT_POSREG,CONCAT_POSREG,12,path_1_to_H,raw,1392,0.00026810018151968623,0.0001221493718879089
20260915,PRODUCT_POSREG,CONCAT_POSREG,12,path_1_to_H,raw,1404,-0.0028939429462140234,-0.000349000564291148
20260915,PRODUCT_POSREG,CONCAT_POSREG,12,path_1_to_H,raw,1416,-0.0030216985174269916,-0.0002440707726330118
20260915,PRODUCT_POSREG,CONCAT_POSREG,12,path_1_to_H,raw,1428,-0.00021791330385730485,-0.0002640313693437509
20260915,PRODUCT_POSREG,CONCAT_POSREG,12,path_1_to_H,raw,1440,0.0019346293813061026,0.0001481171782022893
20260915,PRODUCT_POSREG,CONCAT_POSREG,12,path_1_to_H,raw,1452,-3.51443840134887e-05,1.3831283945293842e-05
20260915,PRODUCT_POSREG,CONCAT_POSREG,12,path_1_to_H,raw,1464,-0.00370770869697282,-0.002009289899445379
20260915,PRODUCT_POSREG,CONCAT_POSREG,12,path_1_to_H,raw,1476,-0.0039012720603424497,-0.0011583900216282968
20260915,PRODUCT_POSREG,CONCAT_POSREG,12,path_1_to_H,raw,1488,0.0019224801361139997,7.14233263098545e-05
20260915,PRODUCT_POSREG,CONCAT_POSREG,12,path_1_to_H,raw,1500,-0.00032163382303068125,-8.154476256421046e-05
20260915,PRODUCT_POSREG,CONCAT_POSREG,12,path_1_to_H,raw,1512,0.005412338941578553,0.003994001877080075
20260915,PRODUCT_POSREG,CONCAT_POSREG,12,path_1_to_H,raw,1524,-0.0014697805146986491,8.816779719287428e-05
20260915,PRODUCT_POSREG,CONCAT_POSREG,12,path_1_to_H,raw,1536,0.003881864725176517,0.0010270413811308257
20260915,PRODUCT_POSREG,CONCAT_POSREG,12,path_1_to_H,raw,1548,-0.0007563166627815112,-0.00018242723544584677
20260915,PRODUCT_POSREG,CONCAT_POSREG,12,path_1_to_H,clip_0_1,1392,0.0002703914938815342,0.00012444863340002604
20260915,PRODUCT_POSREG,CONCAT_POSREG,12,path_1_to_H,clip_0_1,1404,-0.0028961363597242284,-0.0003497203690553281
20260915,PRODUCT_POSREG,CONCAT_POSREG,12,path_1_to_H,clip_0_1,1416,-0.0029597823335813936,-0.0002386492719513582
20260915,PRODUCT_POSREG,CONCAT_POSREG,12,path_1_to_H,clip_0_1,1428,-0.00022473811834768152,-0.00026179485114119234
20260915,PRODUCT_POSREG,CONCAT_POSREG,12,path_1_to_H,clip_0_1,1440,0.0019520377445970283,0.00015114685129834283
20260915,PRODUCT_POSREG,CONCAT_POSREG,12,path_1_to_H,clip_0_1,1452,-7.335174169591178e-05,1.2917461835944134e-05
20260915,PRODUCT_POSREG,CONCAT_POSREG,12,path_1_to_H,clip_0_1,1464,-0.0036808038404971266,-0.00200791180686815
20260915,PRODUCT_POSREG,CONCAT_POSREG,12,path_1_to_H,clip_0_1,1476,-0.003916055341640199,-0.0011584942479768122
20260915,PRODUCT_POSREG,CONCAT_POSREG,12,path_1_to_H,clip_0_1,1488,0.0019403160196385706,7.155305017516048e-05
20260915,PRODUCT_POSREG,CONCAT_POSREG,12,path_1_to_H,clip_0_1,1500,-0.0003211837148303696,-8.114031659485469e-05
20260915,PRODUCT_POSREG,CONCAT_POSREG,12,path_1_to_H,clip_0_1,1512,0.004727538203573235,0.0033257345083657266
20260915,PRODUCT_POSREG,CONCAT_POSREG,12,path_1_to_H,clip_0_1,1524,-0.0014702754174687124,8.815834072760186e-05
20260915,PRODUCT_POSREG,CONCAT_POSREG,12,path_1_to_H,clip_0_1,1536,0.0038831073024454235,0.0010270464763251143
20260915,PRODUCT_POSREG,CONCAT_POSREG,12,path_1_to_H,clip_0_1,1548,-0.0007757598349593287,-0.0001857619569425975
20260915,PRODUCT_POSREG,NATIVE,3,terminal_H,raw,1392,-0.01321057783188233,-0.0008996252205752094
20260915,PRODUCT_POSREG,NATIVE,3,terminal_H,raw,1404,-0.0028132818665288707,0.001177551713089722
20260915,PRODUCT_POSREG,NATIVE,3,terminal_H,raw,1416,-0.009697496538953906,-0.0005889209752049223
20260915,PRODUCT_POSREG,NATIVE,3,terminal_H,raw,1428,-0.003516589746067478,0.00018358250563790617
20260915,PRODUCT_POSREG,NATIVE,3,terminal_H,raw,1440,-0.009603492690396178,-0.00047455181921101156
20260915,PRODUCT_POSREG,NATIVE,3,terminal_H,raw,1452,-0.007323597569645129,-0.0005225340129116154
20260915,PRODUCT_POSREG,NATIVE,3,terminal_H,raw,1464,-0.003837968116577784,-0.0005788785606812806
20260915,PRODUCT_POSREG,NATIVE,3,terminal_H,raw,1476,-0.0428313223537118,-0.00538940887483636
20260915,PRODUCT_POSREG,NATIVE,3,terminal_H,raw,1488,-0.010428625286602392,0.0006097807950073591
20260915,PRODUCT_POSREG,NATIVE,3,terminal_H,raw,1500,-0.013133014782912704,0.0002493086134339019
20260915,PRODUCT_POSREG,NATIVE,3,terminal_H,raw,1512,0.005629969815946296,0.002640947051091346
20260915,PRODUCT_POSREG,NATIVE,3,terminal_H,raw,1524,-0.007225058341694841,-0.0005407583529332503
20260915,PRODUCT_POSREG,NATIVE,3,terminal_H,raw,1536,-0.003659947831392378,-0.0006572244423597981
20260915,PRODUCT_POSREG,NATIVE,3,terminal_H,raw,1548,0.0012705513963886237,0.001641485117113556
20260915,PRODUCT_POSREG,NATIVE,3,terminal_H,clip_0_1,1392,-0.013060269188828511,-0.0008870323291525845
20260915,PRODUCT_POSREG,NATIVE,3,terminal_H,clip_0_1,1404,-0.0028132818665288707,0.001177551713089722
20260915,PRODUCT_POSREG,NATIVE,3,terminal_H,clip_0_1,1416,-0.009697496538953906,-0.0005889209752049223
20260915,PRODUCT_POSREG,NATIVE,3,terminal_H,clip_0_1,1428,-0.003516589746067478,0.00018358250563790617
20260915,PRODUCT_POSREG,NATIVE,3,terminal_H,clip_0_1,1440,-0.00958851766370703,-0.0004744901500693179
20260915,PRODUCT_POSREG,NATIVE,3,terminal_H,clip_0_1,1452,-0.007319419317339374,-0.0005225290014381355
20260915,PRODUCT_POSREG,NATIVE,3,terminal_H,clip_0_1,1464,-0.00377822124338038,-0.0005735897174260712
20260915,PRODUCT_POSREG,NATIVE,3,terminal_H,clip_0_1,1476,-0.04410485198254197,-0.005409315613221427
20260915,PRODUCT_POSREG,NATIVE,3,terminal_H,clip_0_1,1488,-0.010424489727417706,0.0006099369013100644
20260915,PRODUCT_POSREG,NATIVE,3,terminal_H,clip_0_1,1500,-0.013117931496117494,0.0002522730123158731
20260915,PRODUCT_POSREG,NATIVE,3,terminal_H,clip_0_1,1512,0.005653691606633576,0.002652214320341788
20260915,PRODUCT_POSREG,NATIVE,3,terminal_H,clip_0_1,1524,-0.007225058341694841,-0.0005407583529332503
20260915,PRODUCT_POSREG,NATIVE,3,terminal_H,clip_0_1,1536,-0.003659999301357792,-0.0006572587563996153
20260915,PRODUCT_POSREG,NATIVE,3,terminal_H,clip_0_1,1548,0.0012705513963886237,0.001641485117113556
20260915,PRODUCT_POSREG,NATIVE,3,path_1_to_H,raw,1392,-0.011823607968984564,-0.0012859328810164864
20260915,PRODUCT_POSREG,NATIVE,3,path_1_to_H,raw,1404,-0.003250148544424817,0.00035612086583063
20260915,PRODUCT_POSREG,NATIVE,3,path_1_to_H,raw,1416,-0.006162554837287248,-0.0001486430349415716
20260915,PRODUCT_POSREG,NATIVE,3,path_1_to_H,raw,1428,-0.0032601711678255266,-0.00023139484057801735
20260915,PRODUCT_POSREG,NATIVE,3,path_1_to_H,raw,1440,-0.006840079519764779,-0.00032077828866110844
20260915,PRODUCT_POSREG,NATIVE,3,path_1_to_H,raw,1452,-0.004807252563577577,-0.00019021127707372095
20260915,PRODUCT_POSREG,NATIVE,3,path_1_to_H,raw,1464,-0.002531991824734676,-0.00022724245725047878
20260915,PRODUCT_POSREG,NATIVE,3,path_1_to_H,raw,1476,-0.031039985894349892,-0.0031150023491521134
20260915,PRODUCT_POSREG,NATIVE,3,path_1_to_H,raw,1488,-0.00881548173737557,-0.00030577619247559564
20260915,PRODUCT_POSREG,NATIVE,3,path_1_to_H,raw,1500,-0.012945549254956158,-0.0010383170316836533
20260915,PRODUCT_POSREG,NATIVE,3,path_1_to_H,raw,1512,4.562688550789242e-05,0.0008751146847689785
20260915,PRODUCT_POSREG,NATIVE,3,path_1_to_H,raw,1524,-0.0034652259961142637,0.0002338077081758993
20260915,PRODUCT_POSREG,NATIVE,3,path_1_to_H,raw,1536,-0.0019370680882732944,-0.0002121029591006333
20260915,PRODUCT_POSREG,NATIVE,3,path_1_to_H,raw,1548,0.002483709303912274,0.0036096800018066487
20260915,PRODUCT_POSREG,NATIVE,3,path_1_to_H,clip_0_1,1392,-0.011710860253975998,-0.0012764949087717523
20260915,PRODUCT_POSREG,NATIVE,3,path_1_to_H,clip_0_1,1404,-0.003246305140089407,0.00035614739077275824
20260915,PRODUCT_POSREG,NATIVE,3,path_1_to_H,clip_0_1,1416,-0.006164330434274338,-0.000160699549063937
20260915,PRODUCT_POSREG,NATIVE,3,path_1_to_H,clip_0_1,1428,-0.0032590567031847172,-0.00023139381590208294
20260915,PRODUCT_POSREG,NATIVE,3,path_1_to_H,clip_0_1,1440,-0.006812032740568962,-0.0003179601025477034
20260915,PRODUCT_POSREG,NATIVE,3,path_1_to_H,clip_0_1,1452,-0.004798175597248204,-0.00019017985811838848
20260915,PRODUCT_POSREG,NATIVE,3,path_1_to_H,clip_0_1,1464,-0.002481102470319552,-0.0002250279259777695
20260915,PRODUCT_POSREG,NATIVE,3,path_1_to_H,clip_0_1,1476,-0.03228678042065686,-0.003135421385343527
20260915,PRODUCT_POSREG,NATIVE,3,path_1_to_H,clip_0_1,1488,-0.00880957393243477,-0.0003055974538248415
20260915,PRODUCT_POSREG,NATIVE,3,path_1_to_H,clip_0_1,1500,-0.0128223689456834,-0.0010279873148970723
20260915,PRODUCT_POSREG,NATIVE,3,path_1_to_H,clip_0_1,1512,7.380618015197303e-05,0.0008839223664432804
20260915,PRODUCT_POSREG,NATIVE,3,path_1_to_H,clip_0_1,1524,-0.0034615082664077325,0.00023386127105924897
20260915,PRODUCT_POSREG,NATIVE,3,path_1_to_H,clip_0_1,1536,-0.0019323510018546394,-0.0002121464984648845
20260915,PRODUCT_POSREG,NATIVE,3,path_1_to_H,clip_0_1,1548,0.002483709303912274,0.0036096800018066487
20260915,PRODUCT_POSREG,NATIVE,12,terminal_H,raw,1392,0.00023162749899589702,0.0029050666627735916
20260915,PRODUCT_POSREG,NATIVE,12,terminal_H,raw,1404,-0.011999805862265588,-0.0006251456807654679
20260915,PRODUCT_POSREG,NATIVE,12,terminal_H,raw,1416,-0.010948184200719318,-0.0007402317173698185
20260915,PRODUCT_POSREG,NATIVE,12,terminal_H,raw,1428,-0.006398352587941871,-0.0005188012966842168
20260915,PRODUCT_POSREG,NATIVE,12,terminal_H,raw,1440,0.0007490407503835366,0.0027509777025538974
20260915,PRODUCT_POSREG,NATIVE,12,terminal_H,raw,1452,-0.004136841344935192,-6.380550340844974e-05
20260915,PRODUCT_POSREG,NATIVE,12,terminal_H,raw,1464,0.020795020404147768,0.014054889720120317
20260915,PRODUCT_POSREG,NATIVE,12,terminal_H,raw,1476,-0.041696773015639864,-0.009665501633998529
20260915,PRODUCT_POSREG,NATIVE,12,terminal_H,raw,1488,-0.026631196110344084,-0.002584656864221893
20260915,PRODUCT_POSREG,NATIVE,12,terminal_H,raw,1500,-0.025147572631715,0.00030260777218333625
20260915,PRODUCT_POSREG,NATIVE,12,terminal_H,raw,1512,0.021723557956901052,0.008046061275296872
20260915,PRODUCT_POSREG,NATIVE,12,terminal_H,raw,1524,-0.027249183840707028,-0.010467080984196183
20260915,PRODUCT_POSREG,NATIVE,12,terminal_H,raw,1536,0.003995898941084091,0.001977906667321735
20260915,PRODUCT_POSREG,NATIVE,12,terminal_H,raw,1548,-0.01788022969010944,-0.005374939915281231
20260915,PRODUCT_POSREG,NATIVE,12,terminal_H,clip_0_1,1392,0.00023162749899589702,0.0029050666627735916
20260915,PRODUCT_POSREG,NATIVE,12,terminal_H,clip_0_1,1404,-0.011999805862265588,-0.0006251456807654679
20260915,PRODUCT_POSREG,NATIVE,12,terminal_H,clip_0_1,1416,-0.010948184200719318,-0.0007402317173698185
20260915,PRODUCT_POSREG,NATIVE,12,terminal_H,clip_0_1,1428,-0.006323133743297546,-0.0005029093206896997
20260915,PRODUCT_POSREG,NATIVE,12,terminal_H,clip_0_1,1440,0.0007490407503835366,0.0027509777025538974
20260915,PRODUCT_POSREG,NATIVE,12,terminal_H,clip_0_1,1452,-0.004098045071970202,-6.338491201782931e-05
20260915,PRODUCT_POSREG,NATIVE,12,terminal_H,clip_0_1,1464,0.020793785930995172,0.014054889474307131
20260915,PRODUCT_POSREG,NATIVE,12,terminal_H,clip_0_1,1476,-0.04172558030751151,-0.009666252183403749
20260915,PRODUCT_POSREG,NATIVE,12,terminal_H,clip_0_1,1488,-0.02663119616414239,-0.0025846568642218935
20260915,PRODUCT_POSREG,NATIVE,12,terminal_H,clip_0_1,1500,-0.02514757267268077,0.00030260777218333603
20260915,PRODUCT_POSREG,NATIVE,12,terminal_H,clip_0_1,1512,0.021723557919098916,0.008046061260596043
20260915,PRODUCT_POSREG,NATIVE,12,terminal_H,clip_0_1,1524,-0.027249183840707028,-0.010467080984196183
20260915,PRODUCT_POSREG,NATIVE,12,terminal_H,clip_0_1,1536,0.003995898941084091,0.001977906667321735
20260915,PRODUCT_POSREG,NATIVE,12,terminal_H,clip_0_1,1548,-0.01788022969010944,-0.005374939915281231
20260915,PRODUCT_POSREG,NATIVE,12,path_1_to_H,raw,1392,-0.007070367181331507,0.0006460206189905665
20260915,PRODUCT_POSREG,NATIVE,12,path_1_to_H,raw,1404,-0.00946660644502919,-0.0005737637679782822
20260915,PRODUCT_POSREG,NATIVE,12,path_1_to_H,raw,1416,-0.012977040724792596,-0.0009318203593584291
20260915,PRODUCT_POSREG,NATIVE,12,path_1_to_H,raw,1428,-0.005974273232538512,-0.00047244826752859036
20260915,PRODUCT_POSREG,NATIVE,12,path_1_to_H,raw,1440,-0.006460757374814127,0.0003154274932782828
20260915,PRODUCT_POSREG,NATIVE,12,path_1_to_H,raw,1452,-0.0061256355785344946,-0.00025068382390494267
20260915,PRODUCT_POSREG,NATIVE,12,path_1_to_H,raw,1464,0.009887110209747411,0.007152088682320006
20260915,PRODUCT_POSREG,NATIVE,12,path_1_to_H,raw,1476,-0.041793547708898406,-0.006794422438559195
20260915,PRODUCT_POSREG,NATIVE,12,path_1_to_H,raw,1488,-0.015067116626357626,-0.0008793117714657385
20260915,PRODUCT_POSREG,NATIVE,12,path_1_to_H,raw,1500,-0.020318978494458375,-0.0015271903013439779
20260915,PRODUCT_POSREG,NATIVE,12,path_1_to_H,raw,1512,0.009370957978072473,0.004929840007020318
20260915,PRODUCT_POSREG,NATIVE,12,path_1_to_H,raw,1524,-0.017028061543840907,-0.0049867734389629145
20260915,PRODUCT_POSREG,NATIVE,12,path_1_to_H,raw,1536,0.0004488875204877078,0.0009298148381957342
20260915,PRODUCT_POSREG,NATIVE,12,path_1_to_H,raw,1548,-0.0017266918354238777,0.0006571683808503885
20260915,PRODUCT_POSREG,NATIVE,12,path_1_to_H,clip_0_1,1392,-0.00696063500124261,0.0006544968698755468
20260915,PRODUCT_POSREG,NATIVE,12,path_1_to_H,clip_0_1,1404,-0.009465645593945337,-0.0005737571367427502
20260915,PRODUCT_POSREG,NATIVE,12,path_1_to_H,clip_0_1,1416,-0.01291188013380227,-0.0009293114301398153
20260915,PRODUCT_POSREG,NATIVE,12,path_1_to_H,clip_0_1,1428,-0.0059571535874796185,-0.0004684682156317957
20260915,PRODUCT_POSREG,NATIVE,12,path_1_to_H,clip_0_1,1440,-0.006423662614520542,0.000318587476955122
20260915,PRODUCT_POSREG,NATIVE,12,path_1_to_H,clip_0_1,1452,-0.006108697821960454,-0.00025052559845519136
20260915,PRODUCT_POSREG,NATIVE,12,path_1_to_H,clip_0_1,1464,0.009924702382671933,0.007153809099106434
20260915,PRODUCT_POSREG,NATIVE,12,path_1_to_H,clip_0_1,1476,-0.04254720055201096,-0.006806260588321132
20260915,PRODUCT_POSREG,NATIVE,12,path_1_to_H,clip_0_1,1488,-0.015073845429472774,-0.0008794073076088351
20260915,PRODUCT_POSREG,NATIVE,12,path_1_to_H,clip_0_1,1500,-0.020289529121250236,-0.0015246107272900951
20260915,PRODUCT_POSREG,NATIVE,12,path_1_to_H,clip_0_1,1512,0.009376074491093019,0.004929791086422359
20260915,PRODUCT_POSREG,NATIVE,12,path_1_to_H,clip_0_1,1524,-0.01702713211141427,-0.004986760048242078
20260915,PRODUCT_POSREG,NATIVE,12,path_1_to_H,clip_0_1,1536,0.0004499980285956222,0.0009297886569737213
20260915,PRODUCT_POSREG,NATIVE,12,path_1_to_H,clip_0_1,1548,-0.0017266918354238777,0.0006571683808503885
20260916,PRODUCT_POSREG,BASE_OD,3,terminal_H,raw,1392,0.004150161988310925,0.0005047607024800189
20260916,PRODUCT_POSREG,BASE_OD,3,terminal_H,raw,1404,-0.001325947961410059,4.5943501733182166e-05
20260916,PRODUCT_POSREG,BASE_OD,3,terminal_H,raw,1416,-0.0009030083912560745,-2.8194117024478275e-05
20260916,PRODUCT_POSREG,BASE_OD,3,terminal_H,raw,1428,-0.0006186460943433667,-6.620101744949664e-05
20260916,PRODUCT_POSREG,BASE_OD,3,terminal_H,raw,1440,-0.00041483408770756673,-4.645937742370254e-06
20260916,PRODUCT_POSREG,BASE_OD,3,terminal_H,raw,1452,-0.0018008296435048697,-0.00017404868063763902
20260916,PRODUCT_POSREG,BASE_OD,3,terminal_H,raw,1464,0.0078099771051816785,0.004625018528313964
20260916,PRODUCT_POSREG,BASE_OD,3,terminal_H,raw,1476,0.005142622019549308,0.0008289399347658369
20260916,PRODUCT_POSREG,BASE_OD,3,terminal_H,raw,1488,0.004585127705821159,0.00023175600198297589
20260916,PRODUCT_POSREG,BASE_OD,3,terminal_H,raw,1500,0.003809853725366445,0.00029420523827638345
20260916,PRODUCT_POSREG,BASE_OD,3,terminal_H,raw,1512,-0.0055753253268410186,-0.002716382691978359
20260916,PRODUCT_POSREG,BASE_OD,3,terminal_H,raw,1524,-0.0010778191970491518,-0.00011588743081294184
20260916,PRODUCT_POSREG,BASE_OD,3,terminal_H,raw,1536,0.00035826009103794026,7.493090024916947e-05
20260916,PRODUCT_POSREG,BASE_OD,3,terminal_H,raw,1548,0.001860303773303254,0.000470960388220512
20260916,PRODUCT_POSREG,BASE_OD,3,terminal_H,clip_0_1,1392,0.004179101579363721,0.0005088835199820492
20260916,PRODUCT_POSREG,BASE_OD,3,terminal_H,clip_0_1,1404,-0.001325947961410059,4.5943501733182166e-05
20260916,PRODUCT_POSREG,BASE_OD,3,terminal_H,clip_0_1,1416,-0.0008555473995788972,-2.7909673081373355e-05
20260916,PRODUCT_POSREG,BASE_OD,3,terminal_H,clip_0_1,1428,-0.0006030677381547329,-6.613427902457315e-05
20260916,PRODUCT_POSREG,BASE_OD,3,terminal_H,clip_0_1,1440,-0.00040124271148963794,-4.530191607996737e-06
20260916,PRODUCT_POSREG,BASE_OD,3,terminal_H,clip_0_1,1452,-0.0018052735424616175,-0.00017409198845323034
20260916,PRODUCT_POSREG,BASE_OD,3,terminal_H,clip_0_1,1464,0.0077642382686006215,0.004620741448724422
20260916,PRODUCT_POSREG,BASE_OD,3,terminal_H,clip_0_1,1476,0.0051316472127312125,0.0008287402470517067
20260916,PRODUCT_POSREG,BASE_OD,3,terminal_H,clip_0_1,1488,0.004594009017537817,0.00023177769334987322
20260916,PRODUCT_POSREG,BASE_OD,3,terminal_H,clip_0_1,1500,0.003773564591290719,0.0002929079094717176
20260916,PRODUCT_POSREG,BASE_OD,3,terminal_H,clip_0_1,1512,-0.0055023948189427,-0.0026975741330397653
20260916,PRODUCT_POSREG,BASE_OD,3,terminal_H,clip_0_1,1524,-0.0010778191970491518,-0.00011588743081294184
20260916,PRODUCT_POSREG,BASE_OD,3,terminal_H,clip_0_1,1536,0.00035826009103794026,7.493090024916947e-05
20260916,PRODUCT_POSREG,BASE_OD,3,terminal_H,clip_0_1,1548,0.001860303773303254,0.000470960388220512
20260916,PRODUCT_POSREG,BASE_OD,3,path_1_to_H,raw,1392,0.002632567816649507,0.0002727550482080765
20260916,PRODUCT_POSREG,BASE_OD,3,path_1_to_H,raw,1404,-0.0006840158492411965,-4.14188754937525e-06
20260916,PRODUCT_POSREG,BASE_OD,3,path_1_to_H,raw,1416,-0.0009058692368504341,-4.4450254085890656e-05
20260916,PRODUCT_POSREG,BASE_OD,3,path_1_to_H,raw,1428,-0.00010170027765690766,9.858600798260431e-07
20260916,PRODUCT_POSREG,BASE_OD,3,path_1_to_H,raw,1440,-0.00021457977953709802,-9.737004912964251e-06
20260916,PRODUCT_POSREG,BASE_OD,3,path_1_to_H,raw,1452,-0.0010601981636761872,-9.931792823027076e-05
20260916,PRODUCT_POSREG,BASE_OD,3,path_1_to_H,raw,1464,0.00424492457407784,0.0025742464524764223
20260916,PRODUCT_POSREG,BASE_OD,3,path_1_to_H,raw,1476,0.0028634120879592728,0.00041792412326623166
20260916,PRODUCT_POSREG,BASE_OD,3,path_1_to_H,raw,1488,0.002724614030917083,0.00015833953405266417
20260916,PRODUCT_POSREG,BASE_OD,3,path_1_to_H,raw,1500,0.0023111062058033846,0.0001936813712820563
20260916,PRODUCT_POSREG,BASE_OD,3,path_1_to_H,raw,1512,-0.0029661921773589074,-0.0015071819831487478
20260916,PRODUCT_POSREG,BASE_OD,3,path_1_to_H,raw,1524,-0.0001973493894678302,2.2431744014620715e-05
20260916,PRODUCT_POSREG,BASE_OD,3,path_1_to_H,raw,1536,0.00016433908361681716,2.3969047290076637e-05
20260916,PRODUCT_POSREG,BASE_OD,3,path_1_to_H,raw,1548,0.0010458648301193052,0.0002637437141306142
20260916,PRODUCT_POSREG,BASE_OD,3,path_1_to_H,clip_0_1,1392,0.0026386672057284286,0.0002745483852608488
20260916,PRODUCT_POSREG,BASE_OD,3,path_1_to_H,clip_0_1,1404,-0.0006808634160228185,-4.117620758469096e-06
20260916,PRODUCT_POSREG,BASE_OD,3,path_1_to_H,clip_0_1,1416,-0.0008833117266534602,-4.4196038059702134e-05
20260916,PRODUCT_POSREG,BASE_OD,3,path_1_to_H,clip_0_1,1428,-9.670503163481577e-05,1.0077522104298182e-06
20260916,PRODUCT_POSREG,BASE_OD,3,path_1_to_H,clip_0_1,1440,-0.0002053191567480257,-8.975594938184678e-06
20260916,PRODUCT_POSREG,BASE_OD,3,path_1_to_H,clip_0_1,1452,-0.0010605884920269857,-9.931932415708185e-05
20260916,PRODUCT_POSREG,BASE_OD,3,path_1_to_H,clip_0_1,1464,0.0042175469065514355,0.00257251680315739
20260916,PRODUCT_POSREG,BASE_OD,3,path_1_to_H,clip_0_1,1476,0.0028721710204242263,0.0004180639956294868
20260916,PRODUCT_POSREG,BASE_OD,3,path_1_to_H,clip_0_1,1488,0.002737521548840373,0.00015837501811016198
20260916,PRODUCT_POSREG,BASE_OD,3,path_1_to_H,clip_0_1,1500,0.0022955128013266465,0.00019333376017192184
20260916,PRODUCT_POSREG,BASE_OD,3,path_1_to_H,clip_0_1,1512,-0.0029250738758225432,-0.0014970676021889868
20260916,PRODUCT_POSREG,BASE_OD,3,path_1_to_H,clip_0_1,1524,-0.00019308750468593133,2.2549113676100282e-05
20260916,PRODUCT_POSREG,BASE_OD,3,path_1_to_H,clip_0_1,1536,0.00016433908361681716,2.3969047290076637e-05
20260916,PRODUCT_POSREG,BASE_OD,3,path_1_to_H,clip_0_1,1548,0.0010458648301193052,0.0002637437141306142
20260916,PRODUCT_POSREG,BASE_OD,6,terminal_H,raw,1392,0.0038383588692569035,0.00042482050753127467
20260916,PRODUCT_POSREG,BASE_OD,6,terminal_H,raw,1404,-0.0051871264643912115,-0.0007169330846619455
20260916,PRODUCT_POSREG,BASE_OD,6,terminal_H,raw,1416,-0.0016389917544663807,-0.0002145691966215433
20260916,PRODUCT_POSREG,BASE_OD,6,terminal_H,raw,1428,-0.00018007112801546573,-1.9670946010067533e-05
20260916,PRODUCT_POSREG,BASE_OD,6,terminal_H,raw,1440,-0.0012373813060687817,-0.0001215439735774508
20260916,PRODUCT_POSREG,BASE_OD,6,terminal_H,raw,1452,-0.004310214653937278,-0.00043233827392518776
20260916,PRODUCT_POSREG,BASE_OD,6,terminal_H,raw,1464,0.012432790288039036,0.007027979813353793
20260916,PRODUCT_POSREG,BASE_OD,6,terminal_H,raw,1476,0.00804815117355272,0.0017603027905977297
20260916,PRODUCT_POSREG,BASE_OD,6,terminal_H,raw,1488,0.00750400458932264,8.005699214357129e-05
20260916,PRODUCT_POSREG,BASE_OD,6,terminal_H,raw,1500,0.005202750509437533,0.0007220258398426483
20260916,PRODUCT_POSREG,BASE_OD,6,terminal_H,raw,1512,-0.010245765857076613,-0.0051893412612813265
20260916,PRODUCT_POSREG,BASE_OD,6,terminal_H,raw,1524,-0.002009514370217091,-0.0006130780399409088
20260916,PRODUCT_POSREG,BASE_OD,6,terminal_H,raw,1536,-0.00421854516159008,-0.0011262943673432605
20260916,PRODUCT_POSREG,BASE_OD,6,terminal_H,raw,1548,0.002048667342575901,0.0006296335493158128
20260916,PRODUCT_POSREG,BASE_OD,6,terminal_H,clip_0_1,1392,0.0038410938272687937,0.0004248215985252401
20260916,PRODUCT_POSREG,BASE_OD,6,terminal_H,clip_0_1,1404,-0.0051871264643912115,-0.0007169330846619455
20260916,PRODUCT_POSREG,BASE_OD,6,terminal_H,clip_0_1,1416,-0.0014746199001473064,-0.0002071392173361633
20260916,PRODUCT_POSREG,BASE_OD,6,terminal_H,clip_0_1,1428,-0.00021469650247351864,-2.0132464911287588e-05
20260916,PRODUCT_POSREG,BASE_OD,6,terminal_H,clip_0_1,1440,-0.0011202510314638962,-0.0001114048272536077
20260916,PRODUCT_POSREG,BASE_OD,6,terminal_H,clip_0_1,1452,-0.004319904686023867,-0.0004324277153621965
20260916,PRODUCT_POSREG,BASE_OD,6,terminal_H,clip_0_1,1464,0.012432790288039036,0.007027979813353793
20260916,PRODUCT_POSREG,BASE_OD,6,terminal_H,clip_0_1,1476,0.008034721100258095,0.0017602531897088376
20260916,PRODUCT_POSREG,BASE_OD,6,terminal_H,clip_0_1,1488,0.008121153715089752,8.430730275896539e-05
20260916,PRODUCT_POSREG,BASE_OD,6,terminal_H,clip_0_1,1500,0.005202750509437533,0.0007220258398426483
20260916,PRODUCT_POSREG,BASE_OD,6,terminal_H,clip_0_1,1512,-0.009913761205206519,-0.005063074735933204
20260916,PRODUCT_POSREG,BASE_OD,6,terminal_H,clip_0_1,1524,-0.002009514370217091,-0.0006130780399409088
20260916,PRODUCT_POSREG,BASE_OD,6,terminal_H,clip_0_1,1536,-0.00421854516159008,-0.0011262943673432605
20260916,PRODUCT_POSREG,BASE_OD,6,terminal_H,clip_0_1,1548,0.002048667342575901,0.0006296335493158128
20260916,PRODUCT_POSREG,BASE_OD,6,path_1_to_H,raw,1392,0.003336137687101929,0.00041801138116177584
20260916,PRODUCT_POSREG,BASE_OD,6,path_1_to_H,raw,1404,-0.0026659232633435737,-0.0002858670039368373
20260916,PRODUCT_POSREG,BASE_OD,6,path_1_to_H,raw,1416,-0.0007644241429180241,-9.151690204706669e-05
20260916,PRODUCT_POSREG,BASE_OD,6,path_1_to_H,raw,1428,-0.00029034975492322037,-4.283476590531211e-05
20260916,PRODUCT_POSREG,BASE_OD,6,path_1_to_H,raw,1440,-0.0002061333766760716,-1.9587445583115145e-05
20260916,PRODUCT_POSREG,BASE_OD,6,path_1_to_H,raw,1452,-0.002214037618765167,-0.00023062400022453604
20260916,PRODUCT_POSREG,BASE_OD,6,path_1_to_H,raw,1464,0.00690488361780606,0.004174418381758282
20260916,PRODUCT_POSREG,BASE_OD,6,path_1_to_H,raw,1476,0.004844834282994727,0.0009185980510172411
20260916,PRODUCT_POSREG,BASE_OD,6,path_1_to_H,raw,1488,0.0044108264030889395,0.00013306422461931293
20260916,PRODUCT_POSREG,BASE_OD,6,path_1_to_H,raw,1500,0.0037706815607410136,0.00044733169406461516
20260916,PRODUCT_POSREG,BASE_OD,6,path_1_to_H,raw,1512,-0.005583137056552932,-0.002911941229200354
20260916,PRODUCT_POSREG,BASE_OD,6,path_1_to_H,raw,1524,-0.001154752088052333,-0.000603131288925358
20260916,PRODUCT_POSREG,BASE_OD,6,path_1_to_H,raw,1536,-0.0009521188106426203,-0.00026040075741250325
20260916,PRODUCT_POSREG,BASE_OD,6,path_1_to_H,raw,1548,0.001532231993339889,0.0004325809494428088
20260916,PRODUCT_POSREG,BASE_OD,6,path_1_to_H,clip_0_1,1392,0.003364953124602683,0.0004222882173377435
20260916,PRODUCT_POSREG,BASE_OD,6,path_1_to_H,clip_0_1,1404,-0.0026643470467343847,-0.00028585487054138425
20260916,PRODUCT_POSREG,BASE_OD,6,path_1_to_H,clip_0_1,1416,-0.0006906446707537259,-8.91155650229477e-05
20260916,PRODUCT_POSREG,BASE_OD,6,path_1_to_H,clip_0_1,1428,-0.00029362302765518323,-4.2900739656880245e-05
20260916,PRODUCT_POSREG,BASE_OD,6,path_1_to_H,clip_0_1,1440,-0.0001790629947810554,-1.72682127779539e-05
20260916,PRODUCT_POSREG,BASE_OD,6,path_1_to_H,clip_0_1,1452,-0.002221094837660635,-0.0002306799726064961
20260916,PRODUCT_POSREG,BASE_OD,6,path_1_to_H,clip_0_1,1464,0.006874294198656354,0.004173232177423074
20260916,PRODUCT_POSREG,BASE_OD,6,path_1_to_H,clip_0_1,1476,0.004853549025437274,0.0009203959624945939
20260916,PRODUCT_POSREG,BASE_OD,6,path_1_to_H,clip_0_1,1488,0.0047066081389702166,0.00013578430247907633
20260916,PRODUCT_POSREG,BASE_OD,6,path_1_to_H,clip_0_1,1500,0.0037631014931640166,0.0004471579659449992
20260916,PRODUCT_POSREG,BASE_OD,6,path_1_to_H,clip_0_1,1512,-0.005456977893282568,-0.00286876058334222
20260916,PRODUCT_POSREG,BASE_OD,6,path_1_to_H,clip_0_1,1524,-0.0011526211456613835,-0.0006030726040946183
20260916,PRODUCT_POSREG,BASE_OD,6,path_1_to_H,clip_0_1,1536,-0.0009521188106426203,-0.00026040075741250325
20260916,PRODUCT_POSREG,BASE_OD,6,path_1_to_H,clip_0_1,1548,0.001532231993339889,0.0004325809494428088
20260916,PRODUCT_POSREG,BASE_OD,9,terminal_H,raw,1392,0.004399520074981533,0.0008422091644245197
20260916,PRODUCT_POSREG,BASE_OD,9,terminal_H,raw,1404,-0.0020774104474433268,-0.0007224001353102854
20260916,PRODUCT_POSREG,BASE_OD,9,terminal_H,raw,1416,-0.004083899060081138,-0.0005911961054645531
20260916,PRODUCT_POSREG,BASE_OD,9,terminal_H,raw,1428,-0.000307182647667878,-0.00017727164509892624
20260916,PRODUCT_POSREG,BASE_OD,9,terminal_H,raw,1440,0.0022025198581852095,0.0002511201111853568
20260916,PRODUCT_POSREG,BASE_OD,9,terminal_H,raw,1452,-0.000955200666607831,-0.00044613119302886384
20260916,PRODUCT_POSREG,BASE_OD,9,terminal_H,raw,1464,0.013308664159465662,0.006746011438945411
20260916,PRODUCT_POSREG,BASE_OD,9,terminal_H,raw,1476,0.011808957514974523,0.0034794512851013216
20260916,PRODUCT_POSREG,BASE_OD,9,terminal_H,raw,1488,0.006148781273536541,0.0004465630594808797
20260916,PRODUCT_POSREG,BASE_OD,9,terminal_H,raw,1500,0.008661132061462377,0.0012473060995845328
20260916,PRODUCT_POSREG,BASE_OD,9,terminal_H,raw,1512,-0.013780080761659975,-0.004902660474227848
20260916,PRODUCT_POSREG,BASE_OD,9,terminal_H,raw,1524,-0.006842830771176567,-0.002300464637429799
20260916,PRODUCT_POSREG,BASE_OD,9,terminal_H,raw,1536,-0.0013789955757857236,-0.0005888985905886601
20260916,PRODUCT_POSREG,BASE_OD,9,terminal_H,raw,1548,-0.0009333423469554685,-0.0001646889439807195
20260916,PRODUCT_POSREG,BASE_OD,9,terminal_H,clip_0_1,1392,0.004399520074981533,0.0008422091644245197
20260916,PRODUCT_POSREG,BASE_OD,9,terminal_H,clip_0_1,1404,-0.0020774104474433268,-0.0007224001353102854
20260916,PRODUCT_POSREG,BASE_OD,9,terminal_H,clip_0_1,1416,-0.0038937194213678186,-0.0005812498243447427
20260916,PRODUCT_POSREG,BASE_OD,9,terminal_H,clip_0_1,1428,-0.0002179507521500818,-0.00017429889404062376
20260916,PRODUCT_POSREG,BASE_OD,9,terminal_H,clip_0_1,1440,0.0022025198581852095,0.0002511201111853568
20260916,PRODUCT_POSREG,BASE_OD,9,terminal_H,clip_0_1,1452,-0.0009996340971223834,-0.00044687995413013646
20260916,PRODUCT_POSREG,BASE_OD,9,terminal_H,clip_0_1,1464,0.013332485166003485,0.006746141724445241
20260916,PRODUCT_POSREG,BASE_OD,9,terminal_H,clip_0_1,1476,0.01185894364181755,0.0034801384036424327
20260916,PRODUCT_POSREG,BASE_OD,9,terminal_H,clip_0_1,1488,0.006196633853352653,0.00044689179705927946
20260916,PRODUCT_POSREG,BASE_OD,9,terminal_H,clip_0_1,1500,0.008661132061462377,0.0012473060995845328
20260916,PRODUCT_POSREG,BASE_OD,9,terminal_H,clip_0_1,1512,-0.01364696089771935,-0.00487565088639629
20260916,PRODUCT_POSREG,BASE_OD,9,terminal_H,clip_0_1,1524,-0.006842830771176567,-0.002300464637429799
20260916,PRODUCT_POSREG,BASE_OD,9,terminal_H,clip_0_1,1536,-0.0013789955757857236,-0.0005888985905886601
20260916,PRODUCT_POSREG,BASE_OD,9,terminal_H,clip_0_1,1548,-0.0009333423469554685,-0.0001646889439807195
20260916,PRODUCT_POSREG,BASE_OD,9,path_1_to_H,raw,1392,0.0035274922120422615,0.0004034728419094761
20260916,PRODUCT_POSREG,BASE_OD,9,path_1_to_H,raw,1404,-0.002871140678044016,-0.0003972214170315491
20260916,PRODUCT_POSREG,BASE_OD,9,path_1_to_H,raw,1416,-0.001385624877323834,-0.00021617273722637935
20260916,PRODUCT_POSREG,BASE_OD,9,path_1_to_H,raw,1428,-0.0005203427192234074,-7.10308025228718e-05
20260916,PRODUCT_POSREG,BASE_OD,9,path_1_to_H,raw,1440,0.00014205671456554584,5.370278569416031e-06
20260916,PRODUCT_POSREG,BASE_OD,9,path_1_to_H,raw,1452,-0.0021172046109984907,-0.0002940664224178625
20260916,PRODUCT_POSREG,BASE_OD,9,path_1_to_H,raw,1464,0.008704047551810366,0.005060015345147465
20260916,PRODUCT_POSREG,BASE_OD,9,path_1_to_H,raw,1476,0.00703356860567502,0.001603224109113216
20260916,PRODUCT_POSREG,BASE_OD,9,path_1_to_H,raw,1488,0.005767682110901079,0.00030409484341053426
20260916,PRODUCT_POSREG,BASE_OD,9,path_1_to_H,raw,1500,0.005532871746232606,0.0007179090907996196
20260916,PRODUCT_POSREG,BASE_OD,9,path_1_to_H,raw,1512,-0.00848642183641145,-0.0039603615966207735
20260916,PRODUCT_POSREG,BASE_OD,9,path_1_to_H,raw,1524,-0.002459866453084938,-0.0009426735788197302
20260916,PRODUCT_POSREG,BASE_OD,9,path_1_to_H,raw,1536,-0.0010536429032440532,-0.0003084374668648538
20260916,PRODUCT_POSREG,BASE_OD,9,path_1_to_H,raw,1548,0.00153248029114895,0.00037765272094694187
20260916,PRODUCT_POSREG,BASE_OD,9,path_1_to_H,clip_0_1,1392,0.0035467025037094315,0.0004063240660267879
20260916,PRODUCT_POSREG,BASE_OD,9,path_1_to_H,clip_0_1,1404,-0.002870089866971223,-0.00039721332810124707
20260916,PRODUCT_POSREG,BASE_OD,9,path_1_to_H,clip_0_1,1416,-0.0012744381240910661,-0.00021156852997343835
20260916,PRODUCT_POSREG,BASE_OD,9,path_1_to_H,clip_0_1,1428,-0.0005066921842739832,-7.045734298197806e-05
20260916,PRODUCT_POSREG,BASE_OD,9,path_1_to_H,clip_0_1,1440,0.00018266567643422378,9.162881626674808e-06
20260916,PRODUCT_POSREG,BASE_OD,9,path_1_to_H,clip_0_1,1452,-0.002130983717227895,-0.00029421281300077734
20260916,PRODUCT_POSREG,BASE_OD,9,path_1_to_H,clip_0_1,1464,0.008686301384214763,0.005059239018423974
20260916,PRODUCT_POSREG,BASE_OD,9,path_1_to_H,clip_0_1,1476,0.007044348044855349,0.0016044982179897554
20260916,PRODUCT_POSREG,BASE_OD,9,path_1_to_H,clip_0_1,1488,0.005997146077266364,0.0003060467883490885
20260916,PRODUCT_POSREG,BASE_OD,9,path_1_to_H,clip_0_1,1500,0.005527818367847941,0.000717793272053209
20260916,PRODUCT_POSREG,BASE_OD,9,path_1_to_H,clip_0_1,1512,-0.008306052629061686,-0.0039057432396596655
20260916,PRODUCT_POSREG,BASE_OD,9,path_1_to_H,clip_0_1,1524,-0.002458445824824305,-0.000942634455599237
20260916,PRODUCT_POSREG,BASE_OD,9,path_1_to_H,clip_0_1,1536,-0.0010536429032440532,-0.0003084374668648538
20260916,PRODUCT_POSREG,BASE_OD,9,path_1_to_H,clip_0_1,1548,0.00153248029114895,0.00037765272094694187
20260916,PRODUCT_POSREG,BASE_OD,12,terminal_H,raw,1392,0.002855932657923177,0.0010913947961491146
20260916,PRODUCT_POSREG,BASE_OD,12,terminal_H,raw,1404,0.00020938291336835578,-0.00012720567116767948
20260916,PRODUCT_POSREG,BASE_OD,12,terminal_H,raw,1416,-0.00029934358687762043,-5.418571519740182e-05
20260916,PRODUCT_POSREG,BASE_OD,12,terminal_H,raw,1428,0.0011675883699609124,4.663411503466874e-05
20260916,PRODUCT_POSREG,BASE_OD,12,terminal_H,raw,1440,9.899503256794481e-05,-0.00011634120545624871
20260916,PRODUCT_POSREG,BASE_OD,12,terminal_H,raw,1452,-0.00013805597452292242,-0.00015261881132340322
20260916,PRODUCT_POSREG,BASE_OD,12,terminal_H,raw,1464,0.009774499467781424,0.004378158461586628
20260916,PRODUCT_POSREG,BASE_OD,12,terminal_H,raw,1476,0.008150439481678692,0.0029096871717426494
20260916,PRODUCT_POSREG,BASE_OD,12,terminal_H,raw,1488,0.0031169004007354996,0.00034185616171825736
20260916,PRODUCT_POSREG,BASE_OD,12,terminal_H,raw,1500,0.005607091380571479,0.0005977351980623641
20260916,PRODUCT_POSREG,BASE_OD,12,terminal_H,raw,1512,-0.009359501738114976,-0.002684740751926473
20260916,PRODUCT_POSREG,BASE_OD,12,terminal_H,raw,1524,-0.007430867572181746,-0.0033501337864737003
20260916,PRODUCT_POSREG,BASE_OD,12,terminal_H,raw,1536,-0.0030908859171419343,-0.0006675637958922351
20260916,PRODUCT_POSREG,BASE_OD,12,terminal_H,raw,1548,-0.005594163645182802,-0.0013281348321755768
20260916,PRODUCT_POSREG,BASE_OD,12,terminal_H,clip_0_1,1392,0.002855932657923177,0.0010913947961491146
20260916,PRODUCT_POSREG,BASE_OD,12,terminal_H,clip_0_1,1404,0.00020938291336835578,-0.00012720567116767948
20260916,PRODUCT_POSREG,BASE_OD,12,terminal_H,clip_0_1,1416,-0.0002611434219257779,-5.3784420731756114e-05
20260916,PRODUCT_POSREG,BASE_OD,12,terminal_H,clip_0_1,1428,0.0013024132983039747,5.896391502408425e-05
20260916,PRODUCT_POSREG,BASE_OD,12,terminal_H,clip_0_1,1440,9.899503256794481e-05,-0.00011634120545624871
20260916,PRODUCT_POSREG,BASE_OD,12,terminal_H,clip_0_1,1452,-0.0001903275648370506,-0.00015375513169206689
20260916,PRODUCT_POSREG,BASE_OD,12,terminal_H,clip_0_1,1464,0.009774499467781424,0.004378158461586628
20260916,PRODUCT_POSREG,BASE_OD,12,terminal_H,clip_0_1,1476,0.008171835493020875,0.002909813063800522
20260916,PRODUCT_POSREG,BASE_OD,12,terminal_H,clip_0_1,1488,0.0031169004007354996,0.00034185616171825736
20260916,PRODUCT_POSREG,BASE_OD,12,terminal_H,clip_0_1,1500,0.005607091380571479,0.0005977351980623641
20260916,PRODUCT_POSREG,BASE_OD,12,terminal_H,clip_0_1,1512,-0.009359501738114976,-0.002684740751926473
20260916,PRODUCT_POSREG,BASE_OD,12,terminal_H,clip_0_1,1524,-0.007430867572181746,-0.0033501337864737003
20260916,PRODUCT_POSREG,BASE_OD,12,terminal_H,clip_0_1,1536,-0.0030908859171419343,-0.0006675637958922351
20260916,PRODUCT_POSREG,BASE_OD,12,terminal_H,clip_0_1,1548,-0.005630547793536682,-0.0013338383401158764
20260916,PRODUCT_POSREG,BASE_OD,12,path_1_to_H,raw,1392,0.0032578952988478135,0.0005130622670067569
20260916,PRODUCT_POSREG,BASE_OD,12,path_1_to_H,raw,1404,-0.0021443112068824316,-0.0003002223700159709
20260916,PRODUCT_POSREG,BASE_OD,12,path_1_to_H,raw,1416,-0.001485626601883915,-0.00018534029336083666
20260916,PRODUCT_POSREG,BASE_OD,12,path_1_to_H,raw,1428,-0.0001981670068205296,-4.3493447320790616e-05
20260916,PRODUCT_POSREG,BASE_OD,12,path_1_to_H,raw,1440,0.00028330859008315646,-6.825250658633488e-06
20260916,PRODUCT_POSREG,BASE_OD,12,path_1_to_H,raw,1452,-0.001590027998982208,-0.0002668346518260322
20260916,PRODUCT_POSREG,BASE_OD,12,path_1_to_H,raw,1464,0.009392024172923969,0.005145416067354697
20260916,PRODUCT_POSREG,BASE_OD,12,path_1_to_H,raw,1476,0.007789064773866544,0.0020484742396356575
20260916,PRODUCT_POSREG,BASE_OD,12,path_1_to_H,raw,1488,0.005236501360452914,0.000292141496754424
20260916,PRODUCT_POSREG,BASE_OD,12,path_1_to_H,raw,1500,0.0057296940233564205,0.0007958658501112484
20260916,PRODUCT_POSREG,BASE_OD,12,path_1_to_H,raw,1512,-0.009036629861515426,-0.0037475092266968336
20260916,PRODUCT_POSREG,BASE_OD,12,path_1_to_H,raw,1524,-0.0035674855426055595,-0.0014407326248631162
20260916,PRODUCT_POSREG,BASE_OD,12,path_1_to_H,raw,1536,-0.0015790816794398028,-0.00043714901608771917
20260916,PRODUCT_POSREG,BASE_OD,12,path_1_to_H,raw,1548,0.00010958405621683079,4.600741755757713e-05
20260916,PRODUCT_POSREG,BASE_OD,12,path_1_to_H,clip_0_1,1392,0.003272303017598191,0.0005152006850947408
20260916,PRODUCT_POSREG,BASE_OD,12,path_1_to_H,clip_0_1,1404,-0.002143523098577837,-0.00030021630331824434
20260916,PRODUCT_POSREG,BASE_OD,12,path_1_to_H,clip_0_1,1416,-0.0013842472587234805,-0.00018136240112116175
20260916,PRODUCT_POSREG,BASE_OD,12,path_1_to_H,clip_0_1,1428,-0.00015932785307871093,-3.992180955816232e-05
20260916,PRODUCT_POSREG,BASE_OD,12,path_1_to_H,clip_0_1,1440,0.0003137653114846649,-3.9807983656894035e-06
20260916,PRODUCT_POSREG,BASE_OD,12,path_1_to_H,clip_0_1,1452,-0.0016140504074285647,-0.00026718326354841697
20260916,PRODUCT_POSREG,BASE_OD,12,path_1_to_H,clip_0_1,1464,0.009378714547227269,0.005144833822312078
20260916,PRODUCT_POSREG,BASE_OD,12,path_1_to_H,clip_0_1,1476,0.007804172168085745,0.0020495022309825633
20260916,PRODUCT_POSREG,BASE_OD,12,path_1_to_H,clip_0_1,1488,0.005410939685558543,0.0002936235303492669
20260916,PRODUCT_POSREG,BASE_OD,12,path_1_to_H,clip_0_1,1500,0.005725903989567922,0.0007957789860514404
20260916,PRODUCT_POSREG,BASE_OD,12,path_1_to_H,clip_0_1,1512,-0.008898753579608005,-0.0037058686482831634
20260916,PRODUCT_POSREG,BASE_OD,12,path_1_to_H,clip_0_1,1524,-0.0035664200714100847,-0.0014407032824477464
20260916,PRODUCT_POSREG,BASE_OD,12,path_1_to_H,clip_0_1,1536,-0.0015790816794398028,-0.00043714901608771917
20260916,PRODUCT_POSREG,BASE_OD,12,path_1_to_H,clip_0_1,1548,9.613416057779454e-05,4.34740802691254e-05
20260916,PRODUCT_POSREG,PRODUCT_MSE,3,terminal_H,raw,1392,0.0012416596571588963,0.00013561588923716243
20260916,PRODUCT_POSREG,PRODUCT_MSE,3,terminal_H,raw,1404,0.001353318891942917,8.815796389290733e-05
20260916,PRODUCT_POSREG,PRODUCT_MSE,3,terminal_H,raw,1416,0.0009940710143942042,6.128091070759524e-05
20260916,PRODUCT_POSREG,PRODUCT_MSE,3,terminal_H,raw,1428,0.0016616043631741246,0.0002115328467964646
20260916,PRODUCT_POSREG,PRODUCT_MSE,3,terminal_H,raw,1440,-0.0019358770367862725,-8.295646378694044e-05
20260916,PRODUCT_POSREG,PRODUCT_MSE,3,terminal_H,raw,1452,0.0009359672661419325,0.00010803886889143147
20260916,PRODUCT_POSREG,PRODUCT_MSE,3,terminal_H,raw,1464,-0.003459354019440832,-0.0017730253364295126
20260916,PRODUCT_POSREG,PRODUCT_MSE,3,terminal_H,raw,1476,-0.0034733742391885674,-0.0004096810678583877
20260916,PRODUCT_POSREG,PRODUCT_MSE,3,terminal_H,raw,1488,-3.267017217301443e-05,0.00025367626475922386
20260916,PRODUCT_POSREG,PRODUCT_MSE,3,terminal_H,raw,1500,0.0007773985686883493,-0.00024185747231138764
20260916,PRODUCT_POSREG,PRODUCT_MSE,3,terminal_H,raw,1512,0.002966337997072305,0.0016022566580760913
20260916,PRODUCT_POSREG,PRODUCT_MSE,3,terminal_H,raw,1524,0.000634124430015883,0.00017150485195071245
20260916,PRODUCT_POSREG,PRODUCT_MSE,3,terminal_H,raw,1536,0.00014679445273392015,-2.4588170727717092e-05
20260916,PRODUCT_POSREG,PRODUCT_MSE,3,terminal_H,raw,1548,0.0014488759550322632,8.594798217323174e-05
20260916,PRODUCT_POSREG,PRODUCT_MSE,3,terminal_H,clip_0_1,1392,0.0010738602322771938,0.0001253234096802825
20260916,PRODUCT_POSREG,PRODUCT_MSE,3,terminal_H,clip_0_1,1404,0.001353318891942917,8.815796389290733e-05
20260916,PRODUCT_POSREG,PRODUCT_MSE,3,terminal_H,clip_0_1,1416,0.0008377418767306102,5.2069762642323864e-05
20260916,PRODUCT_POSREG,PRODUCT_MSE,3,terminal_H,clip_0_1,1428,0.0016693343710230811,0.0002115826461641813
20260916,PRODUCT_POSREG,PRODUCT_MSE,3,terminal_H,clip_0_1,1440,-0.001972243571675972,-8.51106434129204e-05
20260916,PRODUCT_POSREG,PRODUCT_MSE,3,terminal_H,clip_0_1,1452,0.0009545451652484567,0.00010835021127617379
20260916,PRODUCT_POSREG,PRODUCT_MSE,3,terminal_H,clip_0_1,1464,-0.0034424065801960503,-0.0017717089457697796
20260916,PRODUCT_POSREG,PRODUCT_MSE,3,terminal_H,clip_0_1,1476,-0.00347218891717086,-0.00040960666092409114
20260916,PRODUCT_POSREG,PRODUCT_MSE,3,terminal_H,clip_0_1,1488,-0.0001089863868877739,0.00025283604096525017
20260916,PRODUCT_POSREG,PRODUCT_MSE,3,terminal_H,clip_0_1,1500,0.0007537807538724627,-0.00024477588705243126
20260916,PRODUCT_POSREG,PRODUCT_MSE,3,terminal_H,clip_0_1,1512,0.0022555929081712863,0.001297985739606168
20260916,PRODUCT_POSREG,PRODUCT_MSE,3,terminal_H,clip_0_1,1524,0.000634124430015883,0.00017150485195071245
20260916,PRODUCT_POSREG,PRODUCT_MSE,3,terminal_H,clip_0_1,1536,0.00014679445273392015,-2.4588170727717092e-05
20260916,PRODUCT_POSREG,PRODUCT_MSE,3,terminal_H,clip_0_1,1548,0.0014488759550322632,8.594798217323174e-05
20260916,PRODUCT_POSREG,PRODUCT_MSE,3,path_1_to_H,raw,1392,0.00022714647057312507,8.942395628128682e-06
20260916,PRODUCT_POSREG,PRODUCT_MSE,3,path_1_to_H,raw,1404,0.0016847800054982914,0.0001266162210957706
20260916,PRODUCT_POSREG,PRODUCT_MSE,3,path_1_to_H,raw,1416,0.0006858034227454518,3.323189132765257e-05
20260916,PRODUCT_POSREG,PRODUCT_MSE,3,path_1_to_H,raw,1428,0.001261440613100373,7.378711241316153e-05
20260916,PRODUCT_POSREG,PRODUCT_MSE,3,path_1_to_H,raw,1440,-0.0005154956793036473,-6.9016902541009044e-06
20260916,PRODUCT_POSREG,PRODUCT_MSE,3,path_1_to_H,raw,1452,0.0009926399539324868,5.362116361458497e-05
20260916,PRODUCT_POSREG,PRODUCT_MSE,3,path_1_to_H,raw,1464,-0.0035370182383256104,-0.0018556775725193544
20260916,PRODUCT_POSREG,PRODUCT_MSE,3,path_1_to_H,raw,1476,-0.0024432460518847344,-0.0002540952468224814
20260916,PRODUCT_POSREG,PRODUCT_MSE,3,path_1_to_H,raw,1488,-0.001022424718579195,-1.7816777736879696e-05
20260916,PRODUCT_POSREG,PRODUCT_MSE,3,path_1_to_H,raw,1500,0.0007943784921868097,-0.00016368705747575352
20260916,PRODUCT_POSREG,PRODUCT_MSE,3,path_1_to_H,raw,1512,0.002076351596750248,0.0011199042936240566
20260916,PRODUCT_POSREG,PRODUCT_MSE,3,path_1_to_H,raw,1524,0.0004133228720944629,2.530425373238209e-05
20260916,PRODUCT_POSREG,PRODUCT_MSE,3,path_1_to_H,raw,1536,-5.77994435622218e-05,1.0062232280047501e-05
20260916,PRODUCT_POSREG,PRODUCT_MSE,3,path_1_to_H,raw,1548,0.0006882806065279769,5.303654234234828e-05
20260916,PRODUCT_POSREG,PRODUCT_MSE,3,path_1_to_H,clip_0_1,1392,0.0001275081923285825,1.6438014625064224e-06
20260916,PRODUCT_POSREG,PRODUCT_MSE,3,path_1_to_H,clip_0_1,1404,0.0016695383907635605,0.00012526000091466293
20260916,PRODUCT_POSREG,PRODUCT_MSE,3,path_1_to_H,clip_0_1,1416,0.000574477724461134,2.8607841270941198e-05
20260916,PRODUCT_POSREG,PRODUCT_MSE,3,path_1_to_H,clip_0_1,1428,0.0012602862323486557,7.378614921725414e-05
20260916,PRODUCT_POSREG,PRODUCT_MSE,3,path_1_to_H,clip_0_1,1440,-0.00052661488423604,-6.917482128633369e-06
20260916,PRODUCT_POSREG,PRODUCT_MSE,3,path_1_to_H,clip_0_1,1452,0.0010104766664590394,5.385316155803225e-05
20260916,PRODUCT_POSREG,PRODUCT_MSE,3,path_1_to_H,clip_0_1,1464,-0.0035105068215384714,-0.001855053252819799
20260916,PRODUCT_POSREG,PRODUCT_MSE,3,path_1_to_H,clip_0_1,1476,-0.002454453095329796,-0.000254500624573792
20260916,PRODUCT_POSREG,PRODUCT_MSE,3,path_1_to_H,clip_0_1,1488,-0.001142523487899559,-1.90281293591131e-05
20260916,PRODUCT_POSREG,PRODUCT_MSE,3,path_1_to_H,clip_0_1,1500,0.0008017490305853105,-0.00016302913209431685
20260916,PRODUCT_POSREG,PRODUCT_MSE,3,path_1_to_H,clip_0_1,1512,0.0013216852636929856,0.0008815391961354127
20260916,PRODUCT_POSREG,PRODUCT_MSE,3,path_1_to_H,clip_0_1,1524,0.00041565732102670966,2.5372255094912713e-05
20260916,PRODUCT_POSREG,PRODUCT_MSE,3,path_1_to_H,clip_0_1,1536,-6.996543871266957e-05,9.940122843696905e-06
20260916,PRODUCT_POSREG,PRODUCT_MSE,3,path_1_to_H,clip_0_1,1548,0.0006882806065279769,5.303654234234828e-05
20260916,PRODUCT_POSREG,PRODUCT_MSE,6,terminal_H,raw,1392,0.0019271326302358186,2.369803714598268e-05
20260916,PRODUCT_POSREG,PRODUCT_MSE,6,terminal_H,raw,1404,-0.0004964847274060958,6.700025275837207e-05
20260916,PRODUCT_POSREG,PRODUCT_MSE,6,terminal_H,raw,1416,0.003149982246175545,0.00034247473054999496
20260916,PRODUCT_POSREG,PRODUCT_MSE,6,terminal_H,raw,1428,0.0014269472128408398,0.00021644633689695046
20260916,PRODUCT_POSREG,PRODUCT_MSE,6,terminal_H,raw,1440,-0.0006348722213530174,-2.444919961122935e-05
20260916,PRODUCT_POSREG,PRODUCT_MSE,6,terminal_H,raw,1452,0.002548278852758666,0.0005229246741624915
20260916,PRODUCT_POSREG,PRODUCT_MSE,6,terminal_H,raw,1464,-0.0025901766337029053,-0.0012453841614878593
20260916,PRODUCT_POSREG,PRODUCT_MSE,6,terminal_H,raw,1476,0.0010202201274358018,0.0008259825804785651
20260916,PRODUCT_POSREG,PRODUCT_MSE,6,terminal_H,raw,1488,0.0021962367250227322,0.0003171371988208122
20260916,PRODUCT_POSREG,PRODUCT_MSE,6,terminal_H,raw,1500,0.0019993496963183984,0.00035336205741174536
20260916,PRODUCT_POSREG,PRODUCT_MSE,6,terminal_H,raw,1512,0.005366059551030587,0.002970121439411716
20260916,PRODUCT_POSREG,PRODUCT_MSE,6,terminal_H,raw,1524,0.002227333596938449,0.0003188269980329102
20260916,PRODUCT_POSREG,PRODUCT_MSE,6,terminal_H,raw,1536,0.002225238467205539,0.0005196994723676141
20260916,PRODUCT_POSREG,PRODUCT_MSE,6,terminal_H,raw,1548,-0.0009822621060889408,-0.00022160070150543387
20260916,PRODUCT_POSREG,PRODUCT_MSE,6,terminal_H,clip_0_1,1392,0.001697500683645573,1.3522848193844508e-05
20260916,PRODUCT_POSREG,PRODUCT_MSE,6,terminal_H,clip_0_1,1404,-0.0004964847274060958,6.700025275837207e-05
20260916,PRODUCT_POSREG,PRODUCT_MSE,6,terminal_H,clip_0_1,1416,0.002818515687820434,0.0003046711936718053
20260916,PRODUCT_POSREG,PRODUCT_MSE,6,terminal_H,clip_0_1,1428,0.0014040700899726486,0.00021621532022366086
20260916,PRODUCT_POSREG,PRODUCT_MSE,6,terminal_H,clip_0_1,1440,-0.0006977760232275197,-2.602968259547308e-05
20260916,PRODUCT_POSREG,PRODUCT_MSE,6,terminal_H,clip_0_1,1452,0.002560216112884132,0.0005229638611617997
20260916,PRODUCT_POSREG,PRODUCT_MSE,6,terminal_H,clip_0_1,1464,-0.0026156437429082336,-0.0012455625192419602
20260916,PRODUCT_POSREG,PRODUCT_MSE,6,terminal_H,clip_0_1,1476,0.001006186877359006,0.0008240573240411178
20260916,PRODUCT_POSREG,PRODUCT_MSE,6,terminal_H,clip_0_1,1488,0.0010128834973364127,0.00029439146642616437
20260916,PRODUCT_POSREG,PRODUCT_MSE,6,terminal_H,clip_0_1,1500,0.0019993496963183984,0.00035336205741174536
20260916,PRODUCT_POSREG,PRODUCT_MSE,6,terminal_H,clip_0_1,1512,0.004497867739662415,0.0025450448422557857
20260916,PRODUCT_POSREG,PRODUCT_MSE,6,terminal_H,clip_0_1,1524,0.002227333596938449,0.0003188269980329102
20260916,PRODUCT_POSREG,PRODUCT_MSE,6,terminal_H,clip_0_1,1536,0.002225238467205539,0.0005196994723676141
20260916,PRODUCT_POSREG,PRODUCT_MSE,6,terminal_H,clip_0_1,1548,-0.0009822621060889408,-0.00022160070150543387
20260916,PRODUCT_POSREG,PRODUCT_MSE,6,path_1_to_H,raw,1392,0.0008994539520922848,3.0044360817817826e-05
20260916,PRODUCT_POSREG,PRODUCT_MSE,6,path_1_to_H,raw,1404,0.0006250528063174009,0.0001195078970770864
20260916,PRODUCT_POSREG,PRODUCT_MSE,6,path_1_to_H,raw,1416,0.0015335084754720546,0.00011763267289494082
20260916,PRODUCT_POSREG,PRODUCT_MSE,6,path_1_to_H,raw,1428,0.0016015570748484015,0.0001462298597196638
20260916,PRODUCT_POSREG,PRODUCT_MSE,6,path_1_to_H,raw,1440,-0.0007937716364925754,-1.1974454479549693e-05
20260916,PRODUCT_POSREG,PRODUCT_MSE,6,path_1_to_H,raw,1452,0.001637156273415553,0.00020516105153004085
20260916,PRODUCT_POSREG,PRODUCT_MSE,6,path_1_to_H,raw,1464,-0.00317718371071422,-0.0015254782943497419
20260916,PRODUCT_POSREG,PRODUCT_MSE,6,path_1_to_H,raw,1476,-0.0016439155084392025,0.00010608663984381976
20260916,PRODUCT_POSREG,PRODUCT_MSE,6,path_1_to_H,raw,1488,0.0001869712649268701,8.057073781014518e-05
20260916,PRODUCT_POSREG,PRODUCT_MSE,6,path_1_to_H,raw,1500,0.0006745830914743985,-2.7038247802754354e-05
20260916,PRODUCT_POSREG,PRODUCT_MSE,6,path_1_to_H,raw,1512,0.0040861900606468955,0.0022521698640195985
20260916,PRODUCT_POSREG,PRODUCT_MSE,6,path_1_to_H,raw,1524,0.0011945342130878435,0.00020820165608077126
20260916,PRODUCT_POSREG,PRODUCT_MSE,6,path_1_to_H,raw,1536,0.0004922506609257645,9.598808554912142e-05
20260916,PRODUCT_POSREG,PRODUCT_MSE,6,path_1_to_H,raw,1548,0.00013949511719069598,-2.939634124266677e-05
20260916,PRODUCT_POSREG,PRODUCT_MSE,6,path_1_to_H,clip_0_1,1392,0.0007383694361643759,1.984308960279673e-05
20260916,PRODUCT_POSREG,PRODUCT_MSE,6,path_1_to_H,clip_0_1,1404,0.0006174319989500354,0.00011882978698653257
20260916,PRODUCT_POSREG,PRODUCT_MSE,6,path_1_to_H,clip_0_1,1416,0.0013248161484614382,9.964662862753656e-05
20260916,PRODUCT_POSREG,PRODUCT_MSE,6,path_1_to_H,clip_0_1,1428,0.0015971670306611776,0.00014619087534282853
20260916,PRODUCT_POSREG,PRODUCT_MSE,6,path_1_to_H,clip_0_1,1440,-0.0008363159326819635,-1.3310607086561e-05
20260916,PRODUCT_POSREG,PRODUCT_MSE,6,path_1_to_H,clip_0_1,1452,0.001650119579016877,0.0002052886489402315
20260916,PRODUCT_POSREG,PRODUCT_MSE,6,path_1_to_H,clip_0_1,1464,-0.0031682286281106598,-0.001525195865986616
20260916,PRODUCT_POSREG,PRODUCT_MSE,6,path_1_to_H,clip_0_1,1476,-0.001665201868451835,0.00010291459785866113
20260916,PRODUCT_POSREG,PRODUCT_MSE,6,path_1_to_H,clip_0_1,1488,-0.0003629413066667706,7.09006242436752e-05
20260916,PRODUCT_POSREG,PRODUCT_MSE,6,path_1_to_H,clip_0_1,1500,0.0006784849953350204,-2.670920767658479e-05
20260916,PRODUCT_POSREG,PRODUCT_MSE,6,path_1_to_H,clip_0_1,1512,0.0030945732486885873,0.0018202670962647511
20260916,PRODUCT_POSREG,PRODUCT_MSE,6,path_1_to_H,clip_0_1,1524,0.0011957014375539668,0.0002082356567620366
20260916,PRODUCT_POSREG,PRODUCT_MSE,6,path_1_to_H,clip_0_1,1536,0.0004861676633505406,9.592703083094612e-05
20260916,PRODUCT_POSREG,PRODUCT_MSE,6,path_1_to_H,clip_0_1,1548,0.00013949511719069598,-2.939634124266677e-05
20260916,PRODUCT_POSREG,PRODUCT_MSE,9,terminal_H,raw,1392,-0.0001717293092690826,-0.00015687162900779712
20260916,PRODUCT_POSREG,PRODUCT_MSE,9,terminal_H,raw,1404,6.999495998836195e-05,-8.212189586819592e-05
20260916,PRODUCT_POSREG,PRODUCT_MSE,9,terminal_H,raw,1416,0.004846125637364869,0.0006346643616356352
20260916,PRODUCT_POSREG,PRODUCT_MSE,9,terminal_H,raw,1428,0.0008011521614441182,-3.074428871136133e-05
20260916,PRODUCT_POSREG,PRODUCT_MSE,9,terminal_H,raw,1440,0.0017028983005551415,3.7558693454140005e-05
20260916,PRODUCT_POSREG,PRODUCT_MSE,9,terminal_H,raw,1452,0.0037345528522933595,0.0004118208797933927
20260916,PRODUCT_POSREG,PRODUCT_MSE,9,terminal_H,raw,1464,-0.0016058020996495628,-0.001600232914080599
20260916,PRODUCT_POSREG,PRODUCT_MSE,9,terminal_H,raw,1476,0.004821579935975039,0.001968199873116905
20260916,PRODUCT_POSREG,PRODUCT_MSE,9,terminal_H,raw,1488,-0.00032621782791198903,-2.973904747099011e-06
20260916,PRODUCT_POSREG,PRODUCT_MSE,9,terminal_H,raw,1500,0.001065850939027293,0.00017553161169204542
20260916,PRODUCT_POSREG,PRODUCT_MSE,9,terminal_H,raw,1512,0.00334419946984903,0.0013787957708290008
20260916,PRODUCT_POSREG,PRODUCT_MSE,9,terminal_H,raw,1524,0.0007913209197101745,0.000525715334066735
20260916,PRODUCT_POSREG,PRODUCT_MSE,9,terminal_H,raw,1536,0.0007065698610576888,0.0001544282680244908
20260916,PRODUCT_POSREG,PRODUCT_MSE,9,terminal_H,raw,1548,-0.0022044062610982814,-0.0007047337940709848
20260916,PRODUCT_POSREG,PRODUCT_MSE,9,terminal_H,clip_0_1,1392,-0.00027654768698475807,-0.00015989302439220726
20260916,PRODUCT_POSREG,PRODUCT_MSE,9,terminal_H,clip_0_1,1404,6.999495998836195e-05,-8.212189586819592e-05
20260916,PRODUCT_POSREG,PRODUCT_MSE,9,terminal_H,clip_0_1,1416,0.004698238277398938,0.0006131810864665465
20260916,PRODUCT_POSREG,PRODUCT_MSE,9,terminal_H,clip_0_1,1428,0.0008738026476522212,-2.7913046277145214e-05
20260916,PRODUCT_POSREG,PRODUCT_MSE,9,terminal_H,clip_0_1,1440,0.0016937374675635491,3.753561521733755e-05
20260916,PRODUCT_POSREG,PRODUCT_MSE,9,terminal_H,clip_0_1,1452,0.003670743177721498,0.0004104055960233429
20260916,PRODUCT_POSREG,PRODUCT_MSE,9,terminal_H,clip_0_1,1464,-0.0016840702437652714,-0.001605152496013817
20260916,PRODUCT_POSREG,PRODUCT_MSE,9,terminal_H,clip_0_1,1476,0.004822101076994774,0.0019682141258318287
20260916,PRODUCT_POSREG,PRODUCT_MSE,9,terminal_H,clip_0_1,1488,-0.000431698643321688,-3.8009278061802835e-06
20260916,PRODUCT_POSREG,PRODUCT_MSE,9,terminal_H,clip_0_1,1500,0.001065850939027293,0.00017553161169204542
20260916,PRODUCT_POSREG,PRODUCT_MSE,9,terminal_H,clip_0_1,1512,0.003038547135498771,0.0013098016461057416
20260916,PRODUCT_POSREG,PRODUCT_MSE,9,terminal_H,clip_0_1,1524,0.0007913209197101745,0.000525715334066735
20260916,PRODUCT_POSREG,PRODUCT_MSE,9,terminal_H,clip_0_1,1536,0.0007065698610576888,0.0001544282680244908
20260916,PRODUCT_POSREG,PRODUCT_MSE,9,terminal_H,clip_0_1,1548,-0.0022044062610982814,-0.0007047337940709848
20260916,PRODUCT_POSREG,PRODUCT_MSE,9,path_1_to_H,raw,1392,0.0009665708011524577,9.501910893606945e-05
20260916,PRODUCT_POSREG,PRODUCT_MSE,9,path_1_to_H,raw,1404,0.00038761626111024386,6.0365826706637706e-05
20260916,PRODUCT_POSREG,PRODUCT_MSE,9,path_1_to_H,raw,1416,0.00209767326677444,0.00018928011378326228
20260916,PRODUCT_POSREG,PRODUCT_MSE,9,path_1_to_H,raw,1428,0.0011850128225441778,9.786076960928078e-05
20260916,PRODUCT_POSREG,PRODUCT_MSE,9,path_1_to_H,raw,1440,0.0001268452685471362,2.6718326915037786e-05
20260916,PRODUCT_POSREG,PRODUCT_MSE,9,path_1_to_H,raw,1452,0.0021597083375883425,0.0002575508968777117
20260916,PRODUCT_POSREG,PRODUCT_MSE,9,path_1_to_H,raw,1464,-0.002725603758484199,-0.0015022238477486606
20260916,PRODUCT_POSREG,PRODUCT_MSE,9,path_1_to_H,raw,1476,3.807385470036361e-05,0.0005820584691134372
20260916,PRODUCT_POSREG,PRODUCT_MSE,9,path_1_to_H,raw,1488,0.000347387914165465,4.87084495732771e-05
20260916,PRODUCT_POSREG,PRODUCT_MSE,9,path_1_to_H,raw,1500,0.0011202338559119,8.089043775241614e-05
20260916,PRODUCT_POSREG,PRODUCT_MSE,9,path_1_to_H,raw,1512,0.003808389877286653,0.0020915770921774023
20260916,PRODUCT_POSREG,PRODUCT_MSE,9,path_1_to_H,raw,1524,0.001080931333899786,0.0002668939479184831
20260916,PRODUCT_POSREG,PRODUCT_MSE,9,path_1_to_H,raw,1536,0.0005504730951679172,9.977282574708111e-05
20260916,PRODUCT_POSREG,PRODUCT_MSE,9,path_1_to_H,raw,1548,-2.0542800397217757e-05,-0.00010963254125588166
20260916,PRODUCT_POSREG,PRODUCT_MSE,9,path_1_to_H,clip_0_1,1392,0.0008133493030358707,8.698798295599111e-05
20260916,PRODUCT_POSREG,PRODUCT_MSE,9,path_1_to_H,clip_0_1,1404,0.0003825357228653336,5.991375331293515e-05
20260916,PRODUCT_POSREG,PRODUCT_MSE,9,path_1_to_H,clip_0_1,1416,0.0018796508449292748,0.0001675909634395131
20260916,PRODUCT_POSREG,PRODUCT_MSE,9,path_1_to_H,clip_0_1,1428,0.0011956906782696485,9.830273093242477e-05
20260916,PRODUCT_POSREG,PRODUCT_MSE,9,path_1_to_H,clip_0_1,1440,9.389536948897293e-05,2.60902918886704e-05
20260916,PRODUCT_POSREG,PRODUCT_MSE,9,path_1_to_H,clip_0_1,1452,0.002156374935374824,0.00025739962492430534
20260916,PRODUCT_POSREG,PRODUCT_MSE,9,path_1_to_H,clip_0_1,1464,-0.002731881059825092,-0.0015025989442686795
20260916,PRODUCT_POSREG,PRODUCT_MSE,9,path_1_to_H,clip_0_1,1476,1.6508413173921873e-05,0.0005789176464714846
20260916,PRODUCT_POSREG,PRODUCT_MSE,9,path_1_to_H,clip_0_1,1488,-0.00011636109628687698,4.124253040748261e-05
20260916,PRODUCT_POSREG,PRODUCT_MSE,9,path_1_to_H,clip_0_1,1500,0.0011228351251523145,8.110979783652918e-05
20260916,PRODUCT_POSREG,PRODUCT_MSE,9,path_1_to_H,clip_0_1,1512,0.00302114493127738,0.001762603112003214
20260916,PRODUCT_POSREG,PRODUCT_MSE,9,path_1_to_H,clip_0_1,1524,0.001081709483543868,0.00026691661503932667
20260916,PRODUCT_POSREG,PRODUCT_MSE,9,path_1_to_H,clip_0_1,1536,0.0005464177634511012,9.973212260163091e-05
20260916,PRODUCT_POSREG,PRODUCT_MSE,9,path_1_to_H,clip_0_1,1548,-2.0542800397217757e-05,-0.00010963254125588166
20260916,PRODUCT_POSREG,PRODUCT_MSE,12,terminal_H,raw,1392,-0.0007587930797703071,-0.0002387929643854907
20260916,PRODUCT_POSREG,PRODUCT_MSE,12,terminal_H,raw,1404,0.0005097164123879987,8.326484404689928e-05
20260916,PRODUCT_POSREG,PRODUCT_MSE,12,terminal_H,raw,1416,0.00570235023820544,0.0005647837101126868
20260916,PRODUCT_POSREG,PRODUCT_MSE,12,terminal_H,raw,1428,0.0003835751939412401,9.819766017174126e-05
20260916,PRODUCT_POSREG,PRODUCT_MSE,12,terminal_H,raw,1440,-0.0001169670531702911,-1.8987720034196905e-05
20260916,PRODUCT_POSREG,PRODUCT_MSE,12,terminal_H,raw,1452,0.004454762132049808,0.0006347335814759801
20260916,PRODUCT_POSREG,PRODUCT_MSE,12,terminal_H,raw,1464,-0.0002508489747921275,-0.0007486043846306409
20260916,PRODUCT_POSREG,PRODUCT_MSE,12,terminal_H,raw,1476,-0.0013043095022759515,0.0006361658995603012
20260916,PRODUCT_POSREG,PRODUCT_MSE,12,terminal_H,raw,1488,-0.0010523872518294003,5.424481944189129e-05
20260916,PRODUCT_POSREG,PRODUCT_MSE,12,terminal_H,raw,1500,0.000171379556270315,0.0005244894111079763
20260916,PRODUCT_POSREG,PRODUCT_MSE,12,terminal_H,raw,1512,0.0011130987115421406,0.0003670420894241904
20260916,PRODUCT_POSREG,PRODUCT_MSE,12,terminal_H,raw,1524,0.0005203450927391948,0.0002808791867737
20260916,PRODUCT_POSREG,PRODUCT_MSE,12,terminal_H,raw,1536,-6.25999651499697e-05,0.0005741210272709956
20260916,PRODUCT_POSREG,PRODUCT_MSE,12,terminal_H,raw,1548,-0.004541209823963317,-0.0015669741192070245
20260916,PRODUCT_POSREG,PRODUCT_MSE,12,terminal_H,clip_0_1,1392,-0.0007587930797703071,-0.0002387929643854907
20260916,PRODUCT_POSREG,PRODUCT_MSE,12,terminal_H,clip_0_1,1404,0.0005097164123879987,8.326484404689928e-05
20260916,PRODUCT_POSREG,PRODUCT_MSE,12,terminal_H,clip_0_1,1416,0.005589852851598184,0.0005589398227657079
20260916,PRODUCT_POSREG,PRODUCT_MSE,12,terminal_H,clip_0_1,1428,0.00045965120792161297,0.00010627781457184062
20260916,PRODUCT_POSREG,PRODUCT_MSE,12,terminal_H,clip_0_1,1440,-0.0001169670531702911,-1.8987720034196905e-05
20260916,PRODUCT_POSREG,PRODUCT_MSE,12,terminal_H,clip_0_1,1452,0.004395216826068931,0.0006333200326382626
20260916,PRODUCT_POSREG,PRODUCT_MSE,12,terminal_H,clip_0_1,1464,-0.0002601929660564612,-0.0007486283949281466
20260916,PRODUCT_POSREG,PRODUCT_MSE,12,terminal_H,clip_0_1,1476,-0.0013366234458625178,0.0006354984828221005
20260916,PRODUCT_POSREG,PRODUCT_MSE,12,terminal_H,clip_0_1,1488,-0.0010847795580179343,5.4095284509440377e-05
20260916,PRODUCT_POSREG,PRODUCT_MSE,12,terminal_H,clip_0_1,1500,0.000171379556270315,0.0005244894111079763
20260916,PRODUCT_POSREG,PRODUCT_MSE,12,terminal_H,clip_0_1,1512,0.0010931816525775206,0.0003584314247721426
20260916,PRODUCT_POSREG,PRODUCT_MSE,12,terminal_H,clip_0_1,1524,0.0005203450927391948,0.0002808791867737
20260916,PRODUCT_POSREG,PRODUCT_MSE,12,terminal_H,clip_0_1,1536,-6.25999651499697e-05,0.0005741210272709956
20260916,PRODUCT_POSREG,PRODUCT_MSE,12,terminal_H,clip_0_1,1548,-0.00445177085750875,-0.0015560485513091216
20260916,PRODUCT_POSREG,PRODUCT_MSE,12,path_1_to_H,raw,1392,0.0005200403057039613,2.5616931116698707e-05
20260916,PRODUCT_POSREG,PRODUCT_MSE,12,path_1_to_H,raw,1404,0.00046991417976463047,7.692023780335053e-05
20260916,PRODUCT_POSREG,PRODUCT_MSE,12,path_1_to_H,raw,1416,0.0029883638804515406,0.000282673071055561
20260916,PRODUCT_POSREG,PRODUCT_MSE,12,path_1_to_H,raw,1428,0.0011761715239016822,0.00010690565245476436
20260916,PRODUCT_POSREG,PRODUCT_MSE,12,path_1_to_H,raw,1440,0.0002069194815428055,1.7704323044748946e-05
20260916,PRODUCT_POSREG,PRODUCT_MSE,12,path_1_to_H,raw,1452,0.0029301422343710535,0.00033894279524831176
20260916,PRODUCT_POSREG,PRODUCT_MSE,12,path_1_to_H,raw,1464,-0.0023169758922886017,-0.00141794091918506
20260916,PRODUCT_POSREG,PRODUCT_MSE,12,path_1_to_H,raw,1476,0.0001611799238373102,0.0007044158253577352
20260916,PRODUCT_POSREG,PRODUCT_MSE,12,path_1_to_H,raw,1488,-0.00011889625633403563,4.160954219763101e-05
20260916,PRODUCT_POSREG,PRODUCT_MSE,12,path_1_to_H,raw,1500,0.0007549432133393993,9.945480331054254e-05
20260916,PRODUCT_POSREG,PRODUCT_MSE,12,path_1_to_H,raw,1512,0.0032694270653942582,0.0017025817898351863
20260916,PRODUCT_POSREG,PRODUCT_MSE,12,path_1_to_H,raw,1524,0.0010251848444324844,0.00030752456401546535
20260916,PRODUCT_POSREG,PRODUCT_MSE,12,path_1_to_H,raw,1536,0.0006620210869023567,0.00015476994361029325
20260916,PRODUCT_POSREG,PRODUCT_MSE,12,path_1_to_H,raw,1548,-0.0011279187353401303,-0.0004095785846729212
20260916,PRODUCT_POSREG,PRODUCT_MSE,12,path_1_to_H,clip_0_1,1392,0.00040512418211652117,1.959358663163994e-05
20260916,PRODUCT_POSREG,PRODUCT_MSE,12,path_1_to_H,clip_0_1,1404,0.0004661037760809477,7.65811827580736e-05
20260916,PRODUCT_POSREG,PRODUCT_MSE,12,path_1_to_H,clip_0_1,1416,0.0027934953471609315,0.0002640178501895882
20260916,PRODUCT_POSREG,PRODUCT_MSE,12,path_1_to_H,clip_0_1,1428,0.0011986261706229315,0.00010907680687588627
20260916,PRODUCT_POSREG,PRODUCT_MSE,12,path_1_to_H,clip_0_1,1440,0.00018220705724918314,1.7233296774973404e-05
20260916,PRODUCT_POSREG,PRODUCT_MSE,12,path_1_to_H,clip_0_1,1452,0.0029123519498526094,0.00033853536109892344
20260916,PRODUCT_POSREG,PRODUCT_MSE,12,path_1_to_H,clip_0_1,1464,-0.0023304320590918646,-0.0014195597197351826
20260916,PRODUCT_POSREG,PRODUCT_MSE,12,path_1_to_H,clip_0_1,1476,0.00013778726329767975,0.0007018836172051354
20260916,PRODUCT_POSREG,PRODUCT_MSE,12,path_1_to_H,clip_0_1,1488,-0.00048735485499665264,3.5752100301923227e-05
20260916,PRODUCT_POSREG,PRODUCT_MSE,12,path_1_to_H,clip_0_1,1500,0.0007568941652697103,9.961932337362732e-05
20260916,PRODUCT_POSREG,PRODUCT_MSE,12,path_1_to_H,clip_0_1,1512,0.0026446921353343636,0.0014447960117083558
20260916,PRODUCT_POSREG,PRODUCT_MSE,12,path_1_to_H,clip_0_1,1524,0.0010257684566655461,0.00030754156435609803
20260916,PRODUCT_POSREG,PRODUCT_MSE,12,path_1_to_H,clip_0_1,1536,0.0006589795881147447,0.00015473941625120563
20260916,PRODUCT_POSREG,PRODUCT_MSE,12,path_1_to_H,clip_0_1,1548,-0.0011119702601677748,-0.0004067723579219039
20260916,PRODUCT_POSREG,PRODUCT_MIX,3,terminal_H,raw,1392,-0.0006016545031914596,-0.00013655960870532886
20260916,PRODUCT_POSREG,PRODUCT_MIX,3,terminal_H,raw,1404,0.0012617693963636514,0.0001371040930778776
20260916,PRODUCT_POSREG,PRODUCT_MIX,3,terminal_H,raw,1416,0.0011088952662735574,3.438072745283837e-05
20260916,PRODUCT_POSREG,PRODUCT_MIX,3,terminal_H,raw,1428,0.0011237581035061575,0.00015388959951394328
20260916,PRODUCT_POSREG,PRODUCT_MIX,3,terminal_H,raw,1440,0.0006337294652816242,5.94487593684605e-05
20260916,PRODUCT_POSREG,PRODUCT_MIX,3,terminal_H,raw,1452,-0.0013549260278014168,-0.0001047644460642494
20260916,PRODUCT_POSREG,PRODUCT_MIX,3,terminal_H,raw,1464,-0.005708803233918501,-0.0036693558854926206
20260916,PRODUCT_POSREG,PRODUCT_MIX,3,terminal_H,raw,1476,-0.0017492050982367508,3.4452326034785725e-05
20260916,PRODUCT_POSREG,PRODUCT_MIX,3,terminal_H,raw,1488,-0.004519966074123461,-4.819873540307773e-05
20260916,PRODUCT_POSREG,PRODUCT_MIX,3,terminal_H,raw,1500,-0.0010854608187618497,-9.76113646883299e-05
20260916,PRODUCT_POSREG,PRODUCT_MIX,3,terminal_H,raw,1512,0.00724077648825269,0.003998851364536708
20260916,PRODUCT_POSREG,PRODUCT_MIX,3,terminal_H,raw,1524,0.0016169900129827215,0.0004220034591996186
20260916,PRODUCT_POSREG,PRODUCT_MIX,3,terminal_H,raw,1536,0.0012176055265075447,0.000376437467707447
20260916,PRODUCT_POSREG,PRODUCT_MIX,3,terminal_H,raw,1548,-7.963726801290508e-05,0.00020150253344395803
20260916,PRODUCT_POSREG,PRODUCT_MIX,3,terminal_H,clip_0_1,1392,-0.0006969634890420736,-0.00013732595008789387
20260916,PRODUCT_POSREG,PRODUCT_MIX,3,terminal_H,clip_0_1,1404,0.0012617693963636514,0.0001371040930778776
20260916,PRODUCT_POSREG,PRODUCT_MIX,3,terminal_H,clip_0_1,1416,0.000978936341690144,3.060864063389128e-05
20260916,PRODUCT_POSREG,PRODUCT_MIX,3,terminal_H,clip_0_1,1428,0.0010980085786201996,0.00015348663965648497
20260916,PRODUCT_POSREG,PRODUCT_MIX,3,terminal_H,clip_0_1,1440,0.0005110655222572096,5.6600177452374464e-05
20260916,PRODUCT_POSREG,PRODUCT_MIX,3,terminal_H,clip_0_1,1452,-0.0013364537340497,-0.00010443926004538309
20260916,PRODUCT_POSREG,PRODUCT_MIX,3,terminal_H,clip_0_1,1464,-0.005694428507363417,-0.003668041785951107
20260916,PRODUCT_POSREG,PRODUCT_MIX,3,terminal_H,clip_0_1,1476,-0.001766062569547155,3.429953140342977e-05
20260916,PRODUCT_POSREG,PRODUCT_MIX,3,terminal_H,clip_0_1,1488,-0.004627750315724343,-4.868722993702473e-05
20260916,PRODUCT_POSREG,PRODUCT_MIX,3,terminal_H,clip_0_1,1500,-0.0011895743806613487,-0.00011154235809745349
20260916,PRODUCT_POSREG,PRODUCT_MIX,3,terminal_H,clip_0_1,1512,0.005614051644575098,0.0030324673682956098
20260916,PRODUCT_POSREG,PRODUCT_MIX,3,terminal_H,clip_0_1,1524,0.0016169900129827215,0.0004220034591996186
20260916,PRODUCT_POSREG,PRODUCT_MIX,3,terminal_H,clip_0_1,1536,0.0012176055265075447,0.000376437467707447
20260916,PRODUCT_POSREG,PRODUCT_MIX,3,terminal_H,clip_0_1,1548,-7.963726801290508e-05,0.00020150253344395803
20260916,PRODUCT_POSREG,PRODUCT_MIX,3,path_1_to_H,raw,1392,-0.001005684708415953,-0.00012127363219686405
20260916,PRODUCT_POSREG,PRODUCT_MIX,3,path_1_to_H,raw,1404,0.0015372906412501346,0.00013562248800871307
20260916,PRODUCT_POSREG,PRODUCT_MIX,3,path_1_to_H,raw,1416,0.00019872741258675382,-2.535131502466287e-05
20260916,PRODUCT_POSREG,PRODUCT_MIX,3,path_1_to_H,raw,1428,0.001406900339562543,8.893188643910152e-05
20260916,PRODUCT_POSREG,PRODUCT_MIX,3,path_1_to_H,raw,1440,0.0001516763018810198,2.7811651406825543e-05
20260916,PRODUCT_POSREG,PRODUCT_MIX,3,path_1_to_H,raw,1452,-0.0010363980275002508,-7.233068426212992e-05
20260916,PRODUCT_POSREG,PRODUCT_MIX,3,path_1_to_H,raw,1464,-0.0056470741618399375,-0.0033988664050641124
20260916,PRODUCT_POSREG,PRODUCT_MIX,3,path_1_to_H,raw,1476,-0.00293427619254647,-0.00017144763925855248
20260916,PRODUCT_POSREG,PRODUCT_MIX,3,path_1_to_H,raw,1488,-0.003777206583453918,-0.00011087126289633564
20260916,PRODUCT_POSREG,PRODUCT_MIX,3,path_1_to_H,raw,1500,-0.0008861193768706665,-0.00010949693914497893
20260916,PRODUCT_POSREG,PRODUCT_MIX,3,path_1_to_H,raw,1512,0.0045454278423612115,0.002390137169418352
20260916,PRODUCT_POSREG,PRODUCT_MIX,3,path_1_to_H,raw,1524,0.0009311259923151242,0.00017882411220819234
20260916,PRODUCT_POSREG,PRODUCT_MIX,3,path_1_to_H,raw,1536,0.0009035882303736844,0.0002808882918245751
20260916,PRODUCT_POSREG,PRODUCT_MIX,3,path_1_to_H,raw,1548,0.0009364562287695268,0.00045582541402868827
20260916,PRODUCT_POSREG,PRODUCT_MIX,3,path_1_to_H,clip_0_1,1392,-0.0010677250701250206,-0.00012201229280451631
20260916,PRODUCT_POSREG,PRODUCT_MIX,3,path_1_to_H,clip_0_1,1404,0.001531213091638008,0.0001350224371910699
20260916,PRODUCT_POSREG,PRODUCT_MIX,3,path_1_to_H,clip_0_1,1416,9.791550643686383e-05,-2.7796198992351584e-05
20260916,PRODUCT_POSREG,PRODUCT_MIX,3,path_1_to_H,clip_0_1,1428,0.001389378173525374,8.876767235759679e-05
20260916,PRODUCT_POSREG,PRODUCT_MIX,3,path_1_to_H,clip_0_1,1440,1.8150969080702597e-05,2.6218352043707376e-05
20260916,PRODUCT_POSREG,PRODUCT_MIX,3,path_1_to_H,clip_0_1,1452,-0.001025059665912124,-7.213828193285408e-05
20260916,PRODUCT_POSREG,PRODUCT_MIX,3,path_1_to_H,clip_0_1,1464,-0.005637905050550989,-0.003398366975379928
20260916,PRODUCT_POSREG,PRODUCT_MIX,3,path_1_to_H,clip_0_1,1476,-0.002970990725944609,-0.00017243032010600784
20260916,PRODUCT_POSREG,PRODUCT_MIX,3,path_1_to_H,clip_0_1,1488,-0.004002199977017699,-0.00011216419452540661
20260916,PRODUCT_POSREG,PRODUCT_MIX,3,path_1_to_H,clip_0_1,1500,-0.000947536209799605,-0.00011806044926276198
20260916,PRODUCT_POSREG,PRODUCT_MIX,3,path_1_to_H,clip_0_1,1512,0.003158502968541465,0.0017777766692431548
20260916,PRODUCT_POSREG,PRODUCT_MIX,3,path_1_to_H,clip_0_1,1524,0.0009241738885797531,0.00017856833791713827
20260916,PRODUCT_POSREG,PRODUCT_MIX,3,path_1_to_H,clip_0_1,1536,0.0008861604749053186,0.0002806377173295264
20260916,PRODUCT_POSREG,PRODUCT_MIX,3,path_1_to_H,clip_0_1,1548,0.0009364562287695268,0.00045582541402868827
20260916,PRODUCT_POSREG,PRODUCT_MIX,6,terminal_H,raw,1392,0.0015139996083196993,-7.21415917891704e-05
20260916,PRODUCT_POSREG,PRODUCT_MIX,6,terminal_H,raw,1404,0.0006848115733434195,0.00013479638399973524
20260916,PRODUCT_POSREG,PRODUCT_MIX,6,terminal_H,raw,1416,0.005717203949588938,0.0005143446071716251
20260916,PRODUCT_POSREG,PRODUCT_MIX,6,terminal_H,raw,1428,-5.550234159671965e-05,0.00010033054189101686
20260916,PRODUCT_POSREG,PRODUCT_MIX,6,terminal_H,raw,1440,0.005339946235291477,0.0005071835052283218
20260916,PRODUCT_POSREG,PRODUCT_MIX,6,terminal_H,raw,1452,0.0022212847912063704,0.00045056492181802635
20260916,PRODUCT_POSREG,PRODUCT_MIX,6,terminal_H,raw,1464,-0.004446384751977427,-0.0030798490414037636
20260916,PRODUCT_POSREG,PRODUCT_MIX,6,terminal_H,raw,1476,-0.00012517283206197604,0.0010812249552884078
20260916,PRODUCT_POSREG,PRODUCT_MIX,6,terminal_H,raw,1488,7.992135287978335e-05,-9.634701348696548e-06
20260916,PRODUCT_POSREG,PRODUCT_MIX,6,terminal_H,raw,1500,-0.0007351643480253094,3.239586055713536e-06
20260916,PRODUCT_POSREG,PRODUCT_MIX,6,terminal_H,raw,1512,0.008781571440165158,0.00486197780091909
20260916,PRODUCT_POSREG,PRODUCT_MIX,6,terminal_H,raw,1524,0.0017665547409461023,0.00016298740580306454
20260916,PRODUCT_POSREG,PRODUCT_MIX,6,terminal_H,raw,1536,0.004473108769093151,0.00095877443501146
20260916,PRODUCT_POSREG,PRODUCT_MIX,6,terminal_H,raw,1548,-0.00047362464218056493,0.0004851750101984218
20260916,PRODUCT_POSREG,PRODUCT_MIX,6,terminal_H,clip_0_1,1392,0.0013155243225763597,-7.794170770524578e-05
20260916,PRODUCT_POSREG,PRODUCT_MIX,6,terminal_H,clip_0_1,1404,0.0006848115733434195,0.00013479638399973524
20260916,PRODUCT_POSREG,PRODUCT_MIX,6,terminal_H,clip_0_1,1416,0.005565194594755511,0.0005044934708451368
20260916,PRODUCT_POSREG,PRODUCT_MIX,6,terminal_H,clip_0_1,1428,-9.800686298248908e-05,9.994332086985665e-05
20260916,PRODUCT_POSREG,PRODUCT_MIX,6,terminal_H,clip_0_1,1440,0.005216429894842701,0.0005063452366750283
20260916,PRODUCT_POSREG,PRODUCT_MIX,6,terminal_H,clip_0_1,1452,0.0022320145213356123,0.0004506037078319445
20260916,PRODUCT_POSREG,PRODUCT_MIX,6,terminal_H,clip_0_1,1464,-0.0044472655408905,-0.0030798492547457687
20260916,PRODUCT_POSREG,PRODUCT_MIX,6,terminal_H,clip_0_1,1476,-0.00016904481969244232,0.0010776054744023854
20260916,PRODUCT_POSREG,PRODUCT_MIX,6,terminal_H,clip_0_1,1488,-0.0015175382628033025,-3.6137232763218764e-05
20260916,PRODUCT_POSREG,PRODUCT_MIX,6,terminal_H,clip_0_1,1500,-0.0007351643480253094,3.239586055713536e-06
20260916,PRODUCT_POSREG,PRODUCT_MIX,6,terminal_H,clip_0_1,1512,0.007451844112599934,0.0041559300387186944
20260916,PRODUCT_POSREG,PRODUCT_MIX,6,terminal_H,clip_0_1,1524,0.0017665547409461023,0.00016298740580306454
20260916,PRODUCT_POSREG,PRODUCT_MIX,6,terminal_H,clip_0_1,1536,0.004473108769093151,0.00095877443501146
20260916,PRODUCT_POSREG,PRODUCT_MIX,6,terminal_H,clip_0_1,1548,-0.00047362464218056493,0.0004851750101984218
20260916,PRODUCT_POSREG,PRODUCT_MIX,6,path_1_to_H,raw,1392,-0.00017421479492760772,-0.00014033087073157696
20260916,PRODUCT_POSREG,PRODUCT_MIX,6,path_1_to_H,raw,1404,0.0009040383351968471,0.00013218435234489353
20260916,PRODUCT_POSREG,PRODUCT_MIX,6,path_1_to_H,raw,1416,0.002202821057124405,0.00015561388875223292
20260916,PRODUCT_POSREG,PRODUCT_MIX,6,path_1_to_H,raw,1428,0.0011389120814350878,9.247965048949207e-05
20260916,PRODUCT_POSREG,PRODUCT_MIX,6,path_1_to_H,raw,1440,0.0020271103781426747,0.00022585810429457274
20260916,PRODUCT_POSREG,PRODUCT_MIX,6,path_1_to_H,raw,1452,0.0001723418204235465,9.106350344147567e-05
20260916,PRODUCT_POSREG,PRODUCT_MIX,6,path_1_to_H,raw,1464,-0.005223953733900546,-0.003274552065768682
20260916,PRODUCT_POSREG,PRODUCT_MIX,6,path_1_to_H,raw,1476,-0.0017970032934758041,0.00033817054245200546
20260916,PRODUCT_POSREG,PRODUCT_MIX,6,path_1_to_H,raw,1488,-0.002147106719932187,-4.6954718629133913e-05
20260916,PRODUCT_POSREG,PRODUCT_MIX,6,path_1_to_H,raw,1500,-0.0011825203617454496,-0.0001051390159468902
20260916,PRODUCT_POSREG,PRODUCT_MIX,6,path_1_to_H,raw,1512,0.006562074579419838,0.0036127174740867214
20260916,PRODUCT_POSREG,PRODUCT_MIX,6,path_1_to_H,raw,1524,0.0018480131724823035,0.0008867774663619981
20260916,PRODUCT_POSREG,PRODUCT_MIX,6,path_1_to_H,raw,1536,0.0020913880352335912,0.0005383791919064642
20260916,PRODUCT_POSREG,PRODUCT_MIX,6,path_1_to_H,raw,1548,0.00023090306635932108,0.00038115426792278994
20260916,PRODUCT_POSREG,PRODUCT_MIX,6,path_1_to_H,clip_0_1,1392,-0.000284994244602674,-0.00014277379772698092
20260916,PRODUCT_POSREG,PRODUCT_MIX,6,path_1_to_H,clip_0_1,1404,0.0009009995603907838,0.00013188432693607194
20260916,PRODUCT_POSREG,PRODUCT_MIX,6,path_1_to_H,clip_0_1,1416,0.0020839747302278636,0.00015053450154889014
20260916,PRODUCT_POSREG,PRODUCT_MIX,6,path_1_to_H,clip_0_1,1428,0.0011164147299465824,9.229373456753974e-05
20260916,PRODUCT_POSREG,PRODUCT_MIX,6,path_1_to_H,clip_0_1,1440,0.0018881020697099117,0.0002235194073898755
20260916,PRODUCT_POSREG,PRODUCT_MIX,6,path_1_to_H,clip_0_1,1452,0.00018185469555628673,9.117123621368221e-05
20260916,PRODUCT_POSREG,PRODUCT_MIX,6,path_1_to_H,clip_0_1,1464,-0.00521951597640825,-0.0032743023864835914
20260916,PRODUCT_POSREG,PRODUCT_MIX,6,path_1_to_H,clip_0_1,1476,-0.0018397370585572909,0.00033481345544969797
20260916,PRODUCT_POSREG,PRODUCT_MIX,6,path_1_to_H,clip_0_1,1488,-0.0030257525644765276,-6.303858322087539e-05
20260916,PRODUCT_POSREG,PRODUCT_MIX,6,path_1_to_H,clip_0_1,1500,-0.0012257221711616442,-0.0001109375419295847
20260916,PRODUCT_POSREG,PRODUCT_MIX,6,path_1_to_H,clip_0_1,1512,0.0051098266043284124,0.00285282047005476
20260916,PRODUCT_POSREG,PRODUCT_MIX,6,path_1_to_H,clip_0_1,1524,0.001844537120614618,0.000886649579216471
20260916,PRODUCT_POSREG,PRODUCT_MIX,6,path_1_to_H,clip_0_1,1536,0.002082674157499408,0.0005382539046589398
20260916,PRODUCT_POSREG,PRODUCT_MIX,6,path_1_to_H,clip_0_1,1548,0.00023090306635932108,0.00038115426792278994
20260916,PRODUCT_POSREG,PRODUCT_MIX,9,terminal_H,raw,1392,-0.00030240465693788645,-8.732878222684944e-05
20260916,PRODUCT_POSREG,PRODUCT_MIX,9,terminal_H,raw,1404,0.0011988502635305305,-6.255788787803919e-05
20260916,PRODUCT_POSREG,PRODUCT_MIX,9,terminal_H,raw,1416,0.009517231623182238,0.0013383524006754443
20260916,PRODUCT_POSREG,PRODUCT_MIX,9,terminal_H,raw,1428,-0.0008203176105651776,-0.00017493207726897563
20260916,PRODUCT_POSREG,PRODUCT_MIX,9,terminal_H,raw,1440,0.001462401796700511,1.6988786936000752e-05
20260916,PRODUCT_POSREG,PRODUCT_MIX,9,terminal_H,raw,1452,0.0046855040815751165,0.0005411678507020844
20260916,PRODUCT_POSREG,PRODUCT_MIX,9,terminal_H,raw,1464,-0.0055514467405018975,-0.0037564254647135774
20260916,PRODUCT_POSREG,PRODUCT_MIX,9,terminal_H,raw,1476,0.0004979602430913886,0.0011115119845673538
20260916,PRODUCT_POSREG,PRODUCT_MIX,9,terminal_H,raw,1488,-0.0056471433625066994,-0.0007035161484457878
20260916,PRODUCT_POSREG,PRODUCT_MIX,9,terminal_H,raw,1500,-0.0012846188127604984,-0.00029255693020404413
20260916,PRODUCT_POSREG,PRODUCT_MIX,9,terminal_H,raw,1512,0.007460507801479579,0.0033244737191592665
20260916,PRODUCT_POSREG,PRODUCT_MIX,9,terminal_H,raw,1524,0.004368531711614899,0.0013173128398924342
20260916,PRODUCT_POSREG,PRODUCT_MIX,9,terminal_H,raw,1536,0.004413466069277082,0.0010840664606110173
20260916,PRODUCT_POSREG,PRODUCT_MIX,9,terminal_H,raw,1548,0.004887350302603797,0.0011614252791335602
20260916,PRODUCT_POSREG,PRODUCT_MIX,9,terminal_H,clip_0_1,1392,-0.00044170227613308887,-9.266483457304864e-05
20260916,PRODUCT_POSREG,PRODUCT_MIX,9,terminal_H,clip_0_1,1404,0.0011988502635305305,-6.255788787803919e-05
20260916,PRODUCT_POSREG,PRODUCT_MIX,9,terminal_H,clip_0_1,1416,0.009487356637313957,0.0013349820714003238
20260916,PRODUCT_POSREG,PRODUCT_MIX,9,terminal_H,clip_0_1,1428,-0.0007823732410669602,-0.0001738628422275747
20260916,PRODUCT_POSREG,PRODUCT_MIX,9,terminal_H,clip_0_1,1440,0.0014048091689571442,1.6076636474144585e-05
20260916,PRODUCT_POSREG,PRODUCT_MIX,9,terminal_H,clip_0_1,1452,0.004628020661121828,0.0005399928868293723
20260916,PRODUCT_POSREG,PRODUCT_MIX,9,terminal_H,clip_0_1,1464,-0.005546948433982442,-0.0037568728556018746
20260916,PRODUCT_POSREG,PRODUCT_MIX,9,terminal_H,clip_0_1,1476,0.00043685299908748575,0.0011088051254207777
20260916,PRODUCT_POSREG,PRODUCT_MIX,9,terminal_H,clip_0_1,1488,-0.005694098978891133,-0.0007049916980463815
20260916,PRODUCT_POSREG,PRODUCT_MIX,9,terminal_H,clip_0_1,1500,-0.0012846188127604984,-0.00029255693020404413
20260916,PRODUCT_POSREG,PRODUCT_MIX,9,terminal_H,clip_0_1,1512,0.006843211460813599,0.0030846675898313944
20260916,PRODUCT_POSREG,PRODUCT_MIX,9,terminal_H,clip_0_1,1524,0.004368531711614899,0.0013173128398924342
20260916,PRODUCT_POSREG,PRODUCT_MIX,9,terminal_H,clip_0_1,1536,0.004413466069277082,0.0010840664606110173
20260916,PRODUCT_POSREG,PRODUCT_MIX,9,terminal_H,clip_0_1,1548,0.004887350302603797,0.0011614252791335602
20260916,PRODUCT_POSREG,PRODUCT_MIX,9,path_1_to_H,raw,1392,-3.631654622997536e-05,-7.478925194480506e-05
20260916,PRODUCT_POSREG,PRODUCT_MIX,9,path_1_to_H,raw,1404,0.000889905740453006,6.933510182621444e-05
20260916,PRODUCT_POSREG,PRODUCT_MIX,9,path_1_to_H,raw,1416,0.0036210440677047766,0.00036469536109148365
20260916,PRODUCT_POSREG,PRODUCT_MIX,9,path_1_to_H,raw,1428,0.0003526238815140278,1.638419717403192e-05
20260916,PRODUCT_POSREG,PRODUCT_MIX,9,path_1_to_H,raw,1440,0.0017204615433011226,0.00015264392865135007
20260916,PRODUCT_POSREG,PRODUCT_MIX,9,path_1_to_H,raw,1452,0.0013420535130063754,0.0001880714076615944
20260916,PRODUCT_POSREG,PRODUCT_MIX,9,path_1_to_H,raw,1464,-0.005179012483064414,-0.0034071106548425037
20260916,PRODUCT_POSREG,PRODUCT_MIX,9,path_1_to_H,raw,1476,-0.0011871006829308934,0.0005579284116440322
20260916,PRODUCT_POSREG,PRODUCT_MIX,9,path_1_to_H,raw,1488,-0.0028114287783248156,-0.00018061156314310776
20260916,PRODUCT_POSREG,PRODUCT_MIX,9,path_1_to_H,raw,1500,-0.0009536818068300799,-9.632321371834291e-05
20260916,PRODUCT_POSREG,PRODUCT_MIX,9,path_1_to_H,raw,1512,0.006895294891023411,0.003709596456315319
20260916,PRODUCT_POSREG,PRODUCT_MIX,9,path_1_to_H,raw,1524,0.0023250194371516337,0.0008967045983602198
20260916,PRODUCT_POSREG,PRODUCT_MIX,9,path_1_to_H,raw,1536,0.0029526476214785605,0.0007658948958004754
20260916,PRODUCT_POSREG,PRODUCT_MIX,9,path_1_to_H,raw,1548,0.0008003587963986697,0.00042835442897227875
20260916,PRODUCT_POSREG,PRODUCT_MIX,9,path_1_to_H,clip_0_1,1392,-0.00015455792698586287,-7.784147412594662e-05
20260916,PRODUCT_POSREG,PRODUCT_MIX,9,path_1_to_H,clip_0_1,1404,0.0008878798905822971,6.913508488700005e-05
20260916,PRODUCT_POSREG,PRODUCT_MIX,9,path_1_to_H,clip_0_1,1416,0.003514220118570414,0.0003592368218780128
20260916,PRODUCT_POSREG,PRODUCT_MIX,9,path_1_to_H,clip_0_1,1428,0.0003402284344481782,1.6590558572656216e-05
20260916,PRODUCT_POSREG,PRODUCT_MIX,9,path_1_to_H,clip_0_1,1440,0.0016047866494897313,0.00015196244429533894
20260916,PRODUCT_POSREG,PRODUCT_MIX,9,path_1_to_H,clip_0_1,1452,0.001337226769105234,0.00018793650393890418
20260916,PRODUCT_POSREG,PRODUCT_MIX,9,path_1_to_H,clip_0_1,1464,-0.005175554166234057,-0.003406993912084476
20260916,PRODUCT_POSREG,PRODUCT_MIX,9,path_1_to_H,clip_0_1,1476,-0.001240566168853727,0.0005539688860287591
20260916,PRODUCT_POSREG,PRODUCT_MIX,9,path_1_to_H,clip_0_1,1488,-0.0034952306915463404,-0.00019244160979429726
20260916,PRODUCT_POSREG,PRODUCT_MIX,9,path_1_to_H,clip_0_1,1500,-0.00098322596426271,-0.0001002887636019461
20260916,PRODUCT_POSREG,PRODUCT_MIX,9,path_1_to_H,clip_0_1,1512,0.005644426992884841,0.0030668560319928604
20260916,PRODUCT_POSREG,PRODUCT_MIX,9,path_1_to_H,clip_0_1,1524,0.0023227020692398433,0.0008966193402632017
20260916,PRODUCT_POSREG,PRODUCT_MIX,9,path_1_to_H,clip_0_1,1536,0.0029468383696557724,0.0007658113709687925
20260916,PRODUCT_POSREG,PRODUCT_MIX,9,path_1_to_H,clip_0_1,1548,0.0008003587963986697,0.00042835442897227875
20260916,PRODUCT_POSREG,PRODUCT_MIX,12,terminal_H,raw,1392,-0.00042971327638283336,-0.00011329746517262729
20260916,PRODUCT_POSREG,PRODUCT_MIX,12,terminal_H,raw,1404,5.026953798064615e-05,-8.429661357202458e-05
20260916,PRODUCT_POSREG,PRODUCT_MIX,12,terminal_H,raw,1416,0.009480696665385922,0.0010948214710625548
20260916,PRODUCT_POSREG,PRODUCT_MIX,12,terminal_H,raw,1428,0.0006209454561592611,-1.0396579257908385e-05
20260916,PRODUCT_POSREG,PRODUCT_MIX,12,terminal_H,raw,1440,0.001976066877178224,0.00018198420158470376
20260916,PRODUCT_POSREG,PRODUCT_MIX,12,terminal_H,raw,1452,0.003671258456741053,0.0004378309366272602
20260916,PRODUCT_POSREG,PRODUCT_MIX,12,terminal_H,raw,1464,-0.0013250058120214865,-0.002151013079720388
20260916,PRODUCT_POSREG,PRODUCT_MIX,12,terminal_H,raw,1476,-0.003258984988769382,0.00014195841776045202
20260916,PRODUCT_POSREG,PRODUCT_MIX,12,terminal_H,raw,1488,-0.006860264971239939,-0.001337182710922162
20260916,PRODUCT_POSREG,PRODUCT_MIX,12,terminal_H,raw,1500,-0.00261489071796917,-7.453060175009977e-05
20260916,PRODUCT_POSREG,PRODUCT_MIX,12,terminal_H,raw,1512,0.006916929524163899,0.0024182891269023815
20260916,PRODUCT_POSREG,PRODUCT_MIX,12,terminal_H,raw,1524,0.003225173876544325,0.000660796691883756
20260916,PRODUCT_POSREG,PRODUCT_MIX,12,terminal_H,raw,1536,0.003426841997185421,0.0010482258244888278
20260916,PRODUCT_POSREG,PRODUCT_MIX,12,terminal_H,raw,1548,0.00242912054801152,0.0005162332801198755
20260916,PRODUCT_POSREG,PRODUCT_MIX,12,terminal_H,clip_0_1,1392,-0.00042971327638283336,-0.00011329746517262729
20260916,PRODUCT_POSREG,PRODUCT_MIX,12,terminal_H,clip_0_1,1404,5.026953798064615e-05,-8.429661357202458e-05
20260916,PRODUCT_POSREG,PRODUCT_MIX,12,terminal_H,clip_0_1,1416,0.00947164476443587,0.0010947319620304452
20260916,PRODUCT_POSREG,PRODUCT_MIX,12,terminal_H,clip_0_1,1428,0.0007038067834714705,-2.266853836745408e-06
20260916,PRODUCT_POSREG,PRODUCT_MIX,12,terminal_H,clip_0_1,1440,0.001976066877178224,0.00018198420158470376
20260916,PRODUCT_POSREG,PRODUCT_MIX,12,terminal_H,clip_0_1,1452,0.0036287376783180475,0.00043702060530033886
20260916,PRODUCT_POSREG,PRODUCT_MIX,12,terminal_H,clip_0_1,1464,-0.0013459930152357755,-0.002151134206962547
20260916,PRODUCT_POSREG,PRODUCT_MIX,12,terminal_H,clip_0_1,1476,-0.003319243235727638,0.0001402507698962111
20260916,PRODUCT_POSREG,PRODUCT_MIX,12,terminal_H,clip_0_1,1488,-0.006872700367405901,-0.001337225236668558
20260916,PRODUCT_POSREG,PRODUCT_MIX,12,terminal_H,clip_0_1,1500,-0.00261489071796917,-7.453060175009977e-05
20260916,PRODUCT_POSREG,PRODUCT_MIX,12,terminal_H,clip_0_1,1512,0.006911087424196654,0.002416785410410235
20260916,PRODUCT_POSREG,PRODUCT_MIX,12,terminal_H,clip_0_1,1524,0.003225173876544325,0.000660796691883756
20260916,PRODUCT_POSREG,PRODUCT_MIX,12,terminal_H,clip_0_1,1536,0.003426841997185421,0.0010482258244888278
20260916,PRODUCT_POSREG,PRODUCT_MIX,12,terminal_H,clip_0_1,1548,0.0024413519460466993,0.0005179871252280921
20260916,PRODUCT_POSREG,PRODUCT_MIX,12,path_1_to_H,raw,1392,-0.00011163818551964437,-6.428698115561505e-05
20260916,PRODUCT_POSREG,PRODUCT_MIX,12,path_1_to_H,raw,1404,0.000781566072842495,3.571455654338628e-05
20260916,PRODUCT_POSREG,PRODUCT_MIX,12,path_1_to_H,raw,1416,0.00515766907545751,0.000574833809307118
20260916,PRODUCT_POSREG,PRODUCT_MIX,12,path_1_to_H,raw,1428,0.0003613705869791305,3.76862134336079e-06
20260916,PRODUCT_POSREG,PRODUCT_MIX,12,path_1_to_H,raw,1440,0.0017748035631032148,0.00015539770861813535
20260916,PRODUCT_POSREG,PRODUCT_MIX,12,path_1_to_H,raw,1452,0.00218796383343655,0.0002652248129854652
20260916,PRODUCT_POSREG,PRODUCT_MIX,12,path_1_to_H,raw,1464,-0.004587600371530117,-0.0032860705140506153
20260916,PRODUCT_POSREG,PRODUCT_MIX,12,path_1_to_H,raw,1476,-0.0014251097362830375,0.0005283580565434942
20260916,PRODUCT_POSREG,PRODUCT_MIX,12,path_1_to_H,raw,1488,-0.003858473836574398,-0.00042709821723457494
20260916,PRODUCT_POSREG,PRODUCT_MIX,12,path_1_to_H,raw,1500,-0.0015761729590726672,-0.0001643402148422096
20260916,PRODUCT_POSREG,PRODUCT_MIX,12,path_1_to_H,raw,1512,0.007082738687849627,0.003433037364618806
20260916,PRODUCT_POSREG,PRODUCT_MIX,12,path_1_to_H,raw,1524,0.0026294006219920833,0.0009531940047377809
20260916,PRODUCT_POSREG,PRODUCT_MIX,12,path_1_to_H,raw,1536,0.0028499873381358193,0.0007657707084602402
20260916,PRODUCT_POSREG,PRODUCT_MIX,12,path_1_to_H,raw,1548,0.0011847052165817986,0.0005007610499437018
20260916,PRODUCT_POSREG,PRODUCT_MIX,12,path_1_to_H,clip_0_1,1392,-0.00020031922108656002,-6.657614779147122e-05
20260916,PRODUCT_POSREG,PRODUCT_MIX,12,path_1_to_H,clip_0_1,1404,0.0007800466854394634,3.55645438389755e-05
20260916,PRODUCT_POSREG,PRODUCT_MIX,12,path_1_to_H,clip_0_1,1416,0.005073464804218935,0.0005705472751308802
20260916,PRODUCT_POSREG,PRODUCT_MIX,12,path_1_to_H,clip_0_1,1428,0.0003664157168518411,5.440040534643023e-06
20260916,PRODUCT_POSREG,PRODUCT_MIX,12,path_1_to_H,clip_0_1,1440,0.0016880473927446712,0.00015488659535112703
20260916,PRODUCT_POSREG,PRODUCT_MIX,12,path_1_to_H,clip_0_1,1452,0.002174102449054769,0.00026497936349844503
20260916,PRODUCT_POSREG,PRODUCT_MIX,12,path_1_to_H,clip_0_1,1464,-0.004586755567508539,-0.0032859930509189414
20260916,PRODUCT_POSREG,PRODUCT_MIX,12,path_1_to_H,clip_0_1,1476,-0.001482337696853493,0.0005247565952464637
20260916,PRODUCT_POSREG,PRODUCT_MIX,12,path_1_to_H,clip_0_1,1488,-0.0043828788543447735,-0.00043615497550693024
20260916,PRODUCT_POSREG,PRODUCT_MIX,12,path_1_to_H,clip_0_1,1500,-0.00159833107714714,-0.00016731437725491202
20260916,PRODUCT_POSREG,PRODUCT_MIX,12,path_1_to_H,clip_0_1,1512,0.006097968405991333,0.0029336135668150427
20260916,PRODUCT_POSREG,PRODUCT_MIX,12,path_1_to_H,clip_0_1,1524,0.0026276625960582408,0.0009531300611650173
20260916,PRODUCT_POSREG,PRODUCT_MIX,12,path_1_to_H,clip_0_1,1536,0.0028456303992687284,0.0007657080648364779
20260916,PRODUCT_POSREG,PRODUCT_MIX,12,path_1_to_H,clip_0_1,1548,0.001187663448723604,0.0005013818427384558
20260916,PRODUCT_POSREG,PRODUCT_L1,3,terminal_H,raw,1392,0.00273952002079868,0.0003042864510735068
20260916,PRODUCT_POSREG,PRODUCT_L1,3,terminal_H,raw,1404,-0.0014910041057822365,1.4566580898172952e-05
20260916,PRODUCT_POSREG,PRODUCT_L1,3,terminal_H,raw,1416,1.012031862337776e-05,5.317557804595731e-06
20260916,PRODUCT_POSREG,PRODUCT_L1,3,terminal_H,raw,1428,-0.0003682808851730818,-3.1154666920621634e-05
20260916,PRODUCT_POSREG,PRODUCT_L1,3,terminal_H,raw,1440,-0.0008704177100466753,-5.0719344779200544e-05
20260916,PRODUCT_POSREG,PRODUCT_L1,3,terminal_H,raw,1452,-0.0010483550517426993,-0.00010439143109470703
20260916,PRODUCT_POSREG,PRODUCT_L1,3,terminal_H,raw,1464,0.006863144217554258,0.003930563558955874
20260916,PRODUCT_POSREG,PRODUCT_L1,3,terminal_H,raw,1476,0.004810834183192373,0.0007524384518469207
20260916,PRODUCT_POSREG,PRODUCT_L1,3,terminal_H,raw,1488,0.0045795206089325365,0.0002604140878866442
20260916,PRODUCT_POSREG,PRODUCT_L1,3,terminal_H,raw,1500,0.0034091479831642245,0.0002322599205614806
20260916,PRODUCT_POSREG,PRODUCT_L1,3,terminal_H,raw,1512,-0.004833405674420075,-0.0023052118361374632
20260916,PRODUCT_POSREG,PRODUCT_L1,3,terminal_H,raw,1524,-0.0009285602655234483,-8.709738341800603e-05
20260916,PRODUCT_POSREG,PRODUCT_L1,3,terminal_H,raw,1536,0.00042338531628929827,9.681453478265772e-05
20260916,PRODUCT_POSREG,PRODUCT_L1,3,terminal_H,raw,1548,0.0012192529828189019,0.00033850065260466154
20260916,PRODUCT_POSREG,PRODUCT_L1,3,terminal_H,clip_0_1,1392,0.002768459611851476,0.00030840926857553713
20260916,PRODUCT_POSREG,PRODUCT_L1,3,terminal_H,clip_0_1,1404,-0.0014910041057822365,1.4566580898172952e-05
20260916,PRODUCT_POSREG,PRODUCT_L1,3,terminal_H,clip_0_1,1416,4.883388841818583e-05,5.53941530035488e-06
20260916,PRODUCT_POSREG,PRODUCT_L1,3,terminal_H,clip_0_1,1428,-0.000352702528984448,-3.108792849569814e-05
20260916,PRODUCT_POSREG,PRODUCT_L1,3,terminal_H,clip_0_1,1440,-0.0008702321457169969,-5.071797510749061e-05
20260916,PRODUCT_POSREG,PRODUCT_L1,3,terminal_H,clip_0_1,1452,-0.0010467166165767088,-0.00010435634055908488
20260916,PRODUCT_POSREG,PRODUCT_L1,3,terminal_H,clip_0_1,1464,0.0068328142757346656,0.0039279145262233
20260916,PRODUCT_POSREG,PRODUCT_L1,3,terminal_H,clip_0_1,1476,0.004801688689065235,0.0007522766494025627
20260916,PRODUCT_POSREG,PRODUCT_L1,3,terminal_H,clip_0_1,1488,0.004588401920649194,0.0002604357792535415
20260916,PRODUCT_POSREG,PRODUCT_L1,3,terminal_H,clip_0_1,1500,0.0033855932714247066,0.00023210734383906936
20260916,PRODUCT_POSREG,PRODUCT_L1,3,terminal_H,clip_0_1,1512,-0.004760475166521755,-0.00228640327719887
20260916,PRODUCT_POSREG,PRODUCT_L1,3,terminal_H,clip_0_1,1524,-0.0009285602655234483,-8.709738341800603e-05
20260916,PRODUCT_POSREG,PRODUCT_L1,3,terminal_H,clip_0_1,1536,0.00042338531628929827,9.681453478265772e-05
20260916,PRODUCT_POSREG,PRODUCT_L1,3,terminal_H,clip_0_1,1548,0.0012192529828189019,0.00033850065260466154
20260916,PRODUCT_POSREG,PRODUCT_L1,3,path_1_to_H,raw,1392,0.0020855968359576103,0.00019777505481801858
20260916,PRODUCT_POSREG,PRODUCT_L1,3,path_1_to_H,raw,1404,-0.0007352135992767595,-1.394736201107228e-05
20260916,PRODUCT_POSREG,PRODUCT_L1,3,path_1_to_H,raw,1416,-0.0005894941569733106,-3.342381231182757e-05
20260916,PRODUCT_POSREG,PRODUCT_L1,3,path_1_to_H,raw,1428,-3.39615917275151e-05,1.0549623979783328e-05
20260916,PRODUCT_POSREG,PRODUCT_L1,3,path_1_to_H,raw,1440,-0.0003809843012685772,-2.6112952345678436e-05
20260916,PRODUCT_POSREG,PRODUCT_L1,3,path_1_to_H,raw,1452,-0.000777325673323936,-7.403035464022087e-05
20260916,PRODUCT_POSREG,PRODUCT_L1,3,path_1_to_H,raw,1464,0.0038827604192245026,0.0023159944295785516
20260916,PRODUCT_POSREG,PRODUCT_L1,3,path_1_to_H,raw,1476,0.002703542188358782,0.0003871503706932066
20260916,PRODUCT_POSREG,PRODUCT_L1,3,path_1_to_H,raw,1488,0.00268839557235669,0.0001657857772990859
20260916,PRODUCT_POSREG,PRODUCT_L1,3,path_1_to_H,raw,1500,0.002154339144160876,0.00017011541614828194
20260916,PRODUCT_POSREG,PRODUCT_L1,3,path_1_to_H,raw,1512,-0.0027173798300762306,-0.0013619211544905016
20260916,PRODUCT_POSREG,PRODUCT_L1,3,path_1_to_H,raw,1524,-0.0001541369310187707,2.922258357232224e-05
20260916,PRODUCT_POSREG,PRODUCT_L1,3,path_1_to_H,raw,1536,0.00019315826801260896,3.320351196602765e-05
20260916,PRODUCT_POSREG,PRODUCT_L1,3,path_1_to_H,raw,1548,0.0008165606944553584,0.00021616863371506947
20260916,PRODUCT_POSREG,PRODUCT_L1,3,path_1_to_H,clip_0_1,1392,0.0020913458274412996,0.0001995376414153929
20260916,PRODUCT_POSREG,PRODUCT_L1,3,path_1_to_H,clip_0_1,1404,-0.0007321474444696026,-1.3923541125913022e-05
20260916,PRODUCT_POSREG,PRODUCT_L1,3,path_1_to_H,clip_0_1,1416,-0.0005699234181916139,-3.3192121571334254e-05
20260916,PRODUCT_POSREG,PRODUCT_L1,3,path_1_to_H,clip_0_1,1428,-2.9005361661131172e-05,1.0571438575468053e-05
20260916,PRODUCT_POSREG,PRODUCT_L1,3,path_1_to_H,clip_0_1,1440,-0.00037700451013183143,-2.5394772656993407e-05
20260916,PRODUCT_POSREG,PRODUCT_L1,3,path_1_to_H,clip_0_1,1452,-0.0007757941222927943,-7.400609114719317e-05
20260916,PRODUCT_POSREG,PRODUCT_L1,3,path_1_to_H,clip_0_1,1464,0.003860776400133049,0.002314822687545141
20260916,PRODUCT_POSREG,PRODUCT_L1,3,path_1_to_H,clip_0_1,1476,0.0027123283065706555,0.00038729363624692253
20260916,PRODUCT_POSREG,PRODUCT_L1,3,path_1_to_H,clip_0_1,1488,0.0027013030902799805,0.00016582126135658372
20260916,PRODUCT_POSREG,PRODUCT_L1,3,path_1_to_H,clip_0_1,1500,0.002143030303918843,0.00017017956784642576
20260916,PRODUCT_POSREG,PRODUCT_L1,3,path_1_to_H,clip_0_1,1512,-0.0026764565067283995,-0.0013518077647584079
20260916,PRODUCT_POSREG,PRODUCT_L1,3,path_1_to_H,clip_0_1,1524,-0.00014990092784996858,2.9339330918783174e-05
20260916,PRODUCT_POSREG,PRODUCT_L1,3,path_1_to_H,clip_0_1,1536,0.00019315826801260896,3.320351196602765e-05
20260916,PRODUCT_POSREG,PRODUCT_L1,3,path_1_to_H,clip_0_1,1548,0.0008165606944553584,0.00021616863371506947
20260916,PRODUCT_POSREG,PRODUCT_L1,6,terminal_H,raw,1392,0.0012408076089572182,6.49774453081838e-05
20260916,PRODUCT_POSREG,PRODUCT_L1,6,terminal_H,raw,1404,-0.0038534923523957753,-0.0005142362693410811
20260916,PRODUCT_POSREG,PRODUCT_L1,6,terminal_H,raw,1416,0.0041047661472496215,0.0003030258913441099
20260916,PRODUCT_POSREG,PRODUCT_L1,6,terminal_H,raw,1428,0.0022831178736087655,0.00017251839820676184
20260916,PRODUCT_POSREG,PRODUCT_L1,6,terminal_H,raw,1440,-0.0016846157366810972,-0.0002020231526748716
20260916,PRODUCT_POSREG,PRODUCT_L1,6,terminal_H,raw,1452,0.0008593599469695713,6.898932728041814e-05
20260916,PRODUCT_POSREG,PRODUCT_L1,6,terminal_H,raw,1464,0.007190496189927739,0.003656864357852898
20260916,PRODUCT_POSREG,PRODUCT_L1,6,terminal_H,raw,1476,0.0046728390775905414,0.0010247671603541967
20260916,PRODUCT_POSREG,PRODUCT_L1,6,terminal_H,raw,1488,0.0055894587652147555,-9.763600756431929e-05
20260916,PRODUCT_POSREG,PRODUCT_L1,6,terminal_H,raw,1500,0.005136613537917568,0.0005730223745897485
20260916,PRODUCT_POSREG,PRODUCT_L1,6,terminal_H,raw,1512,-0.008103186340449996,-0.003802751213207258
20260916,PRODUCT_POSREG,PRODUCT_L1,6,terminal_H,raw,1524,-0.00019190009687885463,-0.0002476920451154056
20260916,PRODUCT_POSREG,PRODUCT_L1,6,terminal_H,raw,1536,-0.0017485007647316296,-0.0006352012108250891
20260916,PRODUCT_POSREG,PRODUCT_L1,6,terminal_H,raw,1548,0.0006738737196347048,0.0004055607522469595
20260916,PRODUCT_POSREG,PRODUCT_L1,6,terminal_H,clip_0_1,1392,0.00120064790800492,6.447254956604434e-05
20260916,PRODUCT_POSREG,PRODUCT_L1,6,terminal_H,clip_0_1,1404,-0.0038534923523957753,-0.0005142362693410811
20260916,PRODUCT_POSREG,PRODUCT_L1,6,terminal_H,clip_0_1,1416,0.004269138001568695,0.00031045587062949
20260916,PRODUCT_POSREG,PRODUCT_L1,6,terminal_H,clip_0_1,1428,0.002241475384866349,0.00017188299096123594
20260916,PRODUCT_POSREG,PRODUCT_L1,6,terminal_H,clip_0_1,1440,-0.0016347740171348173,-0.00019565820353286038
20260916,PRODUCT_POSREG,PRODUCT_L1,6,terminal_H,clip_0_1,1452,0.0008712972070950375,6.902851427972647e-05
20260916,PRODUCT_POSREG,PRODUCT_L1,6,terminal_H,clip_0_1,1464,0.007164255920427356,0.003656675006123449
20260916,PRODUCT_POSREG,PRODUCT_L1,6,terminal_H,clip_0_1,1476,0.0046728390775905414,0.0010247671603541967
20260916,PRODUCT_POSREG,PRODUCT_L1,6,terminal_H,clip_0_1,1488,0.006206607890981866,-9.338569694892513e-05
20260916,PRODUCT_POSREG,PRODUCT_L1,6,terminal_H,clip_0_1,1500,0.005136613537917568,0.0005730223745897485
20260916,PRODUCT_POSREG,PRODUCT_L1,6,terminal_H,clip_0_1,1512,-0.007771181688579903,-0.003676484687859136
20260916,PRODUCT_POSREG,PRODUCT_L1,6,terminal_H,clip_0_1,1524,-0.00019190009687885463,-0.0002476920451154056
20260916,PRODUCT_POSREG,PRODUCT_L1,6,terminal_H,clip_0_1,1536,-0.0017485007647316296,-0.0006352012108250891
20260916,PRODUCT_POSREG,PRODUCT_L1,6,terminal_H,clip_0_1,1548,0.0006738737196347048,0.0004055607522469595
20260916,PRODUCT_POSREG,PRODUCT_L1,6,path_1_to_H,raw,1392,0.001616762826037199,0.00020713349974528598
20260916,PRODUCT_POSREG,PRODUCT_L1,6,path_1_to_H,raw,1404,-0.002111013762903314,-0.0002327167663280889
20260916,PRODUCT_POSREG,PRODUCT_L1,6,path_1_to_H,raw,1416,0.0017137026996902915,0.0001422678517908279
20260916,PRODUCT_POSREG,PRODUCT_L1,6,path_1_to_H,raw,1428,0.0005471720897655304,1.5247335481619039e-05
20260916,PRODUCT_POSREG,PRODUCT_L1,6,path_1_to_H,raw,1440,-0.0005600365417928755,-7.036130891265465e-05
20260916,PRODUCT_POSREG,PRODUCT_L1,6,path_1_to_H,raw,1452,-0.00017856437480410678,-1.5137896646397929e-05
20260916,PRODUCT_POSREG,PRODUCT_L1,6,path_1_to_H,raw,1464,0.004816676583046409,0.002788737350083727
20260916,PRODUCT_POSREG,PRODUCT_L1,6,path_1_to_H,raw,1476,0.003737138520767316,0.0006644681203741963
20260916,PRODUCT_POSREG,PRODUCT_L1,6,path_1_to_H,raw,1488,0.0038513802564749864,8.12091013089146e-05
20260916,PRODUCT_POSREG,PRODUCT_L1,6,path_1_to_H,raw,1500,0.0035129868425963066,0.00035527049810444634
20260916,PRODUCT_POSREG,PRODUCT_L1,6,path_1_to_H,raw,1512,-0.004745887027707727,-0.0023481631628550384
20260916,PRODUCT_POSREG,PRODUCT_L1,6,path_1_to_H,raw,1524,-0.0005283983841308809,-0.0003958730310619367
20260916,PRODUCT_POSREG,PRODUCT_L1,6,path_1_to_H,raw,1536,-0.00033666137279569376,-0.00011153169347726109
20260916,PRODUCT_POSREG,PRODUCT_L1,6,path_1_to_H,raw,1548,0.0006608807439684287,0.000278793584193494
20260916,PRODUCT_POSREG,PRODUCT_L1,6,path_1_to_H,clip_0_1,1392,0.0016262744968253916,0.00021111039391731755
20260916,PRODUCT_POSREG,PRODUCT_L1,6,path_1_to_H,clip_0_1,1404,-0.0021094806854997355,-0.00023270485588550928
20260916,PRODUCT_POSREG,PRODUCT_L1,6,path_1_to_H,clip_0_1,1416,0.001783854501105958,0.0001446512102640305
20260916,PRODUCT_POSREG,PRODUCT_L1,6,path_1_to_H,clip_0_1,1428,0.0005427097900083196,1.5152341571873755e-05
20260916,PRODUCT_POSREG,PRODUCT_L1,6,path_1_to_H,clip_0_1,1440,-0.0005522089574773383,-6.870775340537604e-05
20260916,PRODUCT_POSREG,PRODUCT_L1,6,path_1_to_H,clip_0_1,1452,-0.00017539432895463517,-1.5118607976948264e-05
20260916,PRODUCT_POSREG,PRODUCT_L1,6,path_1_to_H,clip_0_1,1464,0.0047984112316789415,0.0027881126254876093
20260916,PRODUCT_POSREG,PRODUCT_L1,6,path_1_to_H,clip_0_1,1476,0.0037530605837752086,0.0006663205286761144
20260916,PRODUCT_POSREG,PRODUCT_L1,6,path_1_to_H,clip_0_1,1488,0.004147161992356263,8.3929179168678e-05
20260916,PRODUCT_POSREG,PRODUCT_L1,6,path_1_to_H,clip_0_1,1500,0.0035075490571366617,0.0003553026513889696
20260916,PRODUCT_POSREG,PRODUCT_L1,6,path_1_to_H,clip_0_1,1512,-0.004619825353531629,-0.002304983012610738
20260916,PRODUCT_POSREG,PRODUCT_L1,6,path_1_to_H,clip_0_1,1524,-0.0005262803825464798,-0.0003958146573887062
20260916,PRODUCT_POSREG,PRODUCT_L1,6,path_1_to_H,clip_0_1,1536,-0.00033666137279569376,-0.00011153169347726109
20260916,PRODUCT_POSREG,PRODUCT_L1,6,path_1_to_H,clip_0_1,1548,0.0006608807439684287,0.000278793584193494
20260916,PRODUCT_POSREG,PRODUCT_L1,9,terminal_H,raw,1392,0.002282004256248735,0.0004944829996869516
20260916,PRODUCT_POSREG,PRODUCT_L1,9,terminal_H,raw,1404,-0.0009083948533535378,-0.0004571561226021173
20260916,PRODUCT_POSREG,PRODUCT_L1,9,terminal_H,raw,1416,0.003480878434679184,0.0005419435478524562
20260916,PRODUCT_POSREG,PRODUCT_L1,9,terminal_H,raw,1428,0.001926735358947483,0.00020038532586536467
20260916,PRODUCT_POSREG,PRODUCT_L1,9,terminal_H,raw,1440,0.002073862895394563,0.00018344207762065453
20260916,PRODUCT_POSREG,PRODUCT_L1,9,terminal_H,raw,1452,-0.001347927444768176,-0.00024221707188401572
20260916,PRODUCT_POSREG,PRODUCT_L1,9,terminal_H,raw,1464,0.007841046590633501,0.0031056050042662757
20260916,PRODUCT_POSREG,PRODUCT_L1,9,terminal_H,raw,1476,0.006976886070395929,0.0019591954182019773
20260916,PRODUCT_POSREG,PRODUCT_L1,9,terminal_H,raw,1488,0.008370240151852334,0.0006721130101475627
20260916,PRODUCT_POSREG,PRODUCT_L1,9,terminal_H,raw,1500,0.00825422401449327,0.0011032329890151677
20260916,PRODUCT_POSREG,PRODUCT_L1,9,terminal_H,raw,1512,-0.01025125287383016,-0.003702518360742981
20260916,PRODUCT_POSREG,PRODUCT_L1,9,terminal_H,raw,1524,-0.0008322930727285998,0.0002929507352594106
20260916,PRODUCT_POSREG,PRODUCT_L1,9,terminal_H,raw,1536,0.0007190633853115102,1.9960281436933154e-05
20260916,PRODUCT_POSREG,PRODUCT_L1,9,terminal_H,raw,1548,0.0030721817768195304,0.000919746017734954
20260916,PRODUCT_POSREG,PRODUCT_L1,9,terminal_H,clip_0_1,1392,0.002282004256248735,0.0004944829996869516
20260916,PRODUCT_POSREG,PRODUCT_L1,9,terminal_H,clip_0_1,1404,-0.0009083948533535378,-0.0004571561226021173
20260916,PRODUCT_POSREG,PRODUCT_L1,9,terminal_H,clip_0_1,1416,0.003639834214621783,0.0005516217233992198
20260916,PRODUCT_POSREG,PRODUCT_L1,9,terminal_H,clip_0_1,1428,0.002003072179030291,0.0002030894246220058
20260916,PRODUCT_POSREG,PRODUCT_L1,9,terminal_H,clip_0_1,1440,0.002073862895394563,0.00018344207762065453
20260916,PRODUCT_POSREG,PRODUCT_L1,9,terminal_H,clip_0_1,1452,-0.0013722387891614508,-0.00024249222104465594
20260916,PRODUCT_POSREG,PRODUCT_L1,9,terminal_H,clip_0_1,1464,0.007831579497251367,0.0031054305629271287
20260916,PRODUCT_POSREG,PRODUCT_L1,9,terminal_H,clip_0_1,1476,0.006952327122351152,0.0019408164892785575
20260916,PRODUCT_POSREG,PRODUCT_L1,9,terminal_H,clip_0_1,1488,0.008418092731668447,0.0006724417477259624
20260916,PRODUCT_POSREG,PRODUCT_L1,9,terminal_H,clip_0_1,1500,0.00825422401449327,0.0011032329890151677
20260916,PRODUCT_POSREG,PRODUCT_L1,9,terminal_H,clip_0_1,1512,-0.010118133009889535,-0.003675508772911423
20260916,PRODUCT_POSREG,PRODUCT_L1,9,terminal_H,clip_0_1,1524,-0.0008322930727285998,0.0002929507352594106
20260916,PRODUCT_POSREG,PRODUCT_L1,9,terminal_H,clip_0_1,1536,0.0007190633853115102,1.9960281436933154e-05
20260916,PRODUCT_POSREG,PRODUCT_L1,9,terminal_H,clip_0_1,1548,0.0030721817768195304,0.000919746017734954
20260916,PRODUCT_POSREG,PRODUCT_L1,9,path_1_to_H,raw,1392,0.0015437786358114163,0.00021708140966941885
20260916,PRODUCT_POSREG,PRODUCT_L1,9,path_1_to_H,raw,1404,-0.0020227681259337594,-0.00029345413576312867
20260916,PRODUCT_POSREG,PRODUCT_L1,9,path_1_to_H,raw,1416,0.0021023556542623823,0.00017570531775350557
20260916,PRODUCT_POSREG,PRODUCT_L1,9,path_1_to_H,raw,1428,0.0010668080766714403,8.040227658141986e-05
20260916,PRODUCT_POSREG,PRODUCT_L1,9,path_1_to_H,raw,1440,-0.00017499135394329792,-6.126488056075046e-05
20260916,PRODUCT_POSREG,PRODUCT_L1,9,path_1_to_H,raw,1452,-0.00012463361296441723,-4.222130368666499e-05
20260916,PRODUCT_POSREG,PRODUCT_L1,9,path_1_to_H,raw,1464,0.0055067144759283395,0.0028878924751654044
20260916,PRODUCT_POSREG,PRODUCT_L1,9,path_1_to_H,raw,1476,0.004663460595439167,0.0009667663910072094
20260916,PRODUCT_POSREG,PRODUCT_L1,9,path_1_to_H,raw,1488,0.0056003703543233445,0.00028007069472887224
20260916,PRODUCT_POSREG,PRODUCT_L1,9,path_1_to_H,raw,1500,0.0052832846210706,0.0006143989132631588
20260916,PRODUCT_POSREG,PRODUCT_L1,9,path_1_to_H,raw,1512,-0.006695431504250699,-0.0030475455393988837
20260916,PRODUCT_POSREG,PRODUCT_L1,9,path_1_to_H,raw,1524,-0.000685872823939145,-0.0002629508873635499
20260916,PRODUCT_POSREG,PRODUCT_L1,9,path_1_to_H,raw,1536,-0.00017901649308096643,-6.09262703489564e-05
20260916,PRODUCT_POSREG,PRODUCT_L1,9,path_1_to_H,raw,1548,0.0011901464065056753,0.0004183497190805581
20260916,PRODUCT_POSREG,PRODUCT_L1,9,path_1_to_H,clip_0_1,1392,0.001543725210372864,0.00021963146937203055
20260916,PRODUCT_POSREG,PRODUCT_L1,9,path_1_to_H,clip_0_1,1404,-0.002021746074331374,-0.0002934461954680756
20260916,PRODUCT_POSREG,PRODUCT_L1,9,path_1_to_H,clip_0_1,1416,0.002205280369172676,0.00018026023259650378
20260916,PRODUCT_POSREG,PRODUCT_L1,9,path_1_to_H,clip_0_1,1428,0.0010768380089309015,8.089592762855562e-05
20260916,PRODUCT_POSREG,PRODUCT_L1,9,path_1_to_H,clip_0_1,1440,-0.00015168579925854748,-5.828525700806083e-05
20260916,PRODUCT_POSREG,PRODUCT_L1,9,path_1_to_H,clip_0_1,1452,-0.0001259870801184492,-4.224383576673018e-05
20260916,PRODUCT_POSREG,PRODUCT_L1,9,path_1_to_H,clip_0_1,1464,0.005486809047881434,0.002887400395713774
20260916,PRODUCT_POSREG,PRODUCT_L1,9,path_1_to_H,clip_0_1,1476,0.004671346532106119,0.0009659592266614415
20260916,PRODUCT_POSREG,PRODUCT_L1,9,path_1_to_H,clip_0_1,1488,0.005829834320688631,0.00028202263966742644
20260916,PRODUCT_POSREG,PRODUCT_L1,9,path_1_to_H,clip_0_1,1500,0.00527965943076417,0.0006144203487861742
20260916,PRODUCT_POSREG,PRODUCT_L1,9,path_1_to_H,clip_0_1,1512,-0.006515127289630445,-0.0029929275128469973
20260916,PRODUCT_POSREG,PRODUCT_L1,9,path_1_to_H,clip_0_1,1524,-0.0006844608228828776,-0.00026291197158139623
20260916,PRODUCT_POSREG,PRODUCT_L1,9,path_1_to_H,clip_0_1,1536,-0.00017901649308096643,-6.09262703489564e-05
20260916,PRODUCT_POSREG,PRODUCT_L1,9,path_1_to_H,clip_0_1,1548,0.0011901464065056753,0.0004183497190805581
20260916,PRODUCT_POSREG,PRODUCT_L1,12,terminal_H,raw,1392,0.0010753010112855542,0.0004394915025807087
20260916,PRODUCT_POSREG,PRODUCT_L1,12,terminal_H,raw,1404,-0.00015193242308178545,-0.0001059062979747708
20260916,PRODUCT_POSREG,PRODUCT_L1,12,terminal_H,raw,1416,0.003075013372708193,0.0003238574354250255
20260916,PRODUCT_POSREG,PRODUCT_L1,12,terminal_H,raw,1428,0.0008694710876451325,0.00021283566652429198
20260916,PRODUCT_POSREG,PRODUCT_L1,12,terminal_H,raw,1440,5.01734227635991e-05,-4.9982389210170756e-05
20260916,PRODUCT_POSREG,PRODUCT_L1,12,terminal_H,raw,1452,-0.002105561804827724,-0.00023636687728932626
20260916,PRODUCT_POSREG,PRODUCT_L1,12,terminal_H,raw,1464,0.004646773664204268,0.0016325890625622996
20260916,PRODUCT_POSREG,PRODUCT_L1,12,terminal_H,raw,1476,0.00413964217139416,0.0015831185573875735
20260916,PRODUCT_POSREG,PRODUCT_L1,12,terminal_H,raw,1488,0.00512854678839389,0.000858471384771433
20260916,PRODUCT_POSREG,PRODUCT_L1,12,terminal_H,raw,1500,0.006251095415425779,0.0010284686430648633
20260916,PRODUCT_POSREG,PRODUCT_L1,12,terminal_H,raw,1512,-0.008218879876254092,-0.002445998618945355
20260916,PRODUCT_POSREG,PRODUCT_L1,12,terminal_H,raw,1524,-0.002063765545048148,-0.00029500095367859255
20260916,PRODUCT_POSREG,PRODUCT_L1,12,terminal_H,raw,1536,-0.0027551971087733905,-0.0006126360882274354
20260916,PRODUCT_POSREG,PRODUCT_L1,12,terminal_H,raw,1548,-0.0007556288577694121,-2.1891784034879955e-05
20260916,PRODUCT_POSREG,PRODUCT_L1,12,terminal_H,clip_0_1,1392,0.0010753010112855542,0.0004394915025807087
20260916,PRODUCT_POSREG,PRODUCT_L1,12,terminal_H,clip_0_1,1404,-0.00015193242308178545,-0.0001059062979747708
20260916,PRODUCT_POSREG,PRODUCT_L1,12,terminal_H,clip_0_1,1416,0.003113213537660036,0.0003242587298906712
20260916,PRODUCT_POSREG,PRODUCT_L1,12,terminal_H,clip_0_1,1428,0.001016519892323599,0.00022603325523955177
20260916,PRODUCT_POSREG,PRODUCT_L1,12,terminal_H,clip_0_1,1440,5.01734227635991e-05,-4.9982389210170756e-05
20260916,PRODUCT_POSREG,PRODUCT_L1,12,terminal_H,clip_0_1,1452,-0.002130470369135197,-0.00023672092621213316
20260916,PRODUCT_POSREG,PRODUCT_L1,12,terminal_H,clip_0_1,1464,0.004646773664204268,0.0016325890625622996
20260916,PRODUCT_POSREG,PRODUCT_L1,12,terminal_H,clip_0_1,1476,0.00415683838064875,0.001583239598902613
20260916,PRODUCT_POSREG,PRODUCT_L1,12,terminal_H,clip_0_1,1488,0.00512854678839389,0.000858471384771433
20260916,PRODUCT_POSREG,PRODUCT_L1,12,terminal_H,clip_0_1,1500,0.006251095415425779,0.0010284686430648633
20260916,PRODUCT_POSREG,PRODUCT_L1,12,terminal_H,clip_0_1,1512,-0.008218879876254092,-0.002445998618945355
20260916,PRODUCT_POSREG,PRODUCT_L1,12,terminal_H,clip_0_1,1524,-0.002063765545048148,-0.00029500095367859255
20260916,PRODUCT_POSREG,PRODUCT_L1,12,terminal_H,clip_0_1,1536,-0.0027551971087733905,-0.0006126360882274354
20260916,PRODUCT_POSREG,PRODUCT_L1,12,terminal_H,clip_0_1,1548,-0.0007702890536402451,-2.4102306384394015e-05
20260916,PRODUCT_POSREG,PRODUCT_L1,12,path_1_to_H,raw,1392,0.0015125425745155345,0.00024934466167937023
20260916,PRODUCT_POSREG,PRODUCT_L1,12,path_1_to_H,raw,1404,-0.001577694334623782,-0.0002107222269801678
20260916,PRODUCT_POSREG,PRODUCT_L1,12,path_1_to_H,raw,1416,0.0024491546682190216,0.00026082580343978764
20260916,PRODUCT_POSREG,PRODUCT_L1,12,path_1_to_H,raw,1428,0.0008833872974552786,9.323810717001165e-05
20260916,PRODUCT_POSREG,PRODUCT_L1,12,path_1_to_H,raw,1440,3.158553230678966e-05,-4.932240329567553e-05
20260916,PRODUCT_POSREG,PRODUCT_L1,12,path_1_to_H,raw,1452,-0.0006015046948647227,-0.00010110896979262536
20260916,PRODUCT_POSREG,PRODUCT_L1,12,path_1_to_H,raw,1464,0.005617903039895132,0.0027443052257139344
20260916,PRODUCT_POSREG,PRODUCT_L1,12,path_1_to_H,raw,1476,0.004869817072565683,0.0012029863593605423
20260916,PRODUCT_POSREG,PRODUCT_L1,12,path_1_to_H,raw,1488,0.005655142346970527,0.0004009319932001967
20260916,PRODUCT_POSREG,PRODUCT_L1,12,path_1_to_H,raw,1500,0.005509708563528619,0.0007055735665358497
20260916,PRODUCT_POSREG,PRODUCT_L1,12,path_1_to_H,raw,1512,-0.007131695582695313,-0.002944824300218303
20260916,PRODUCT_POSREG,PRODUCT_L1,12,path_1_to_H,raw,1524,-0.0008313799460676739,-0.00020338611683933688
20260916,PRODUCT_POSREG,PRODUCT_L1,12,path_1_to_H,raw,1536,-0.0005203217834679731,-0.00014878744912899988
20260916,PRODUCT_POSREG,PRODUCT_L1,12,path_1_to_H,raw,1548,0.0009964327886590033,0.00039959288280915016
20260916,PRODUCT_POSREG,PRODUCT_L1,12,path_1_to_H,clip_0_1,1392,0.0015125025054366203,0.00025125720645632904
20260916,PRODUCT_POSREG,PRODUCT_L1,12,path_1_to_H,clip_0_1,1404,-0.0015769277959219927,-0.00021071627175887797
20260916,PRODUCT_POSREG,PRODUCT_L1,12,path_1_to_H,clip_0_1,1416,0.0025443374826376007,0.00026476672637200545
20260916,PRODUCT_POSREG,PRODUCT_L1,12,path_1_to_H,clip_0_1,1428,0.0009199098436510843,9.684840460655996e-05
20260916,PRODUCT_POSREG,PRODUCT_L1,12,path_1_to_H,clip_0_1,1440,4.906469832035246e-05,-4.708768563115832e-05
20260916,PRODUCT_POSREG,PRODUCT_L1,12,path_1_to_H,clip_0_1,1452,-0.0006098418385833123,-0.00010120099826875009
20260916,PRODUCT_POSREG,PRODUCT_L1,12,path_1_to_H,clip_0_1,1464,0.005602973968859954,0.0027439361661252114
20260916,PRODUCT_POSREG,PRODUCT_L1,12,path_1_to_H,clip_0_1,1476,0.00487880230584753,0.0012024197945120039
20260916,PRODUCT_POSREG,PRODUCT_L1,12,path_1_to_H,clip_0_1,1488,0.005829580672076157,0.00040241402679503947
20260916,PRODUCT_POSREG,PRODUCT_L1,12,path_1_to_H,clip_0_1,1500,0.005506989670798797,0.0007055896431781114
20260916,PRODUCT_POSREG,PRODUCT_L1,12,path_1_to_H,clip_0_1,1512,-0.006993868045335026,-0.0029031839696115496
20260916,PRODUCT_POSREG,PRODUCT_L1,12,path_1_to_H,clip_0_1,1524,-0.0008303209452754734,-0.00020335693000272164
20260916,PRODUCT_POSREG,PRODUCT_L1,12,path_1_to_H,clip_0_1,1536,-0.0005203217834679731,-0.00014878744912899988
20260916,PRODUCT_POSREG,PRODUCT_L1,12,path_1_to_H,clip_0_1,1548,0.0009935003355260633,0.0003989692852698154
20260916,PRODUCT_POSREG,CONCAT_MSE,3,terminal_H,raw,1392,-0.0028461235321657744,-0.00036336311015976354
20260916,PRODUCT_POSREG,CONCAT_MSE,3,terminal_H,raw,1404,-0.0001715627399330137,-4.1741723907080316e-05
20260916,PRODUCT_POSREG,CONCAT_MSE,3,terminal_H,raw,1416,3.055375857275353e-05,6.560435340437974e-05
20260916,PRODUCT_POSREG,CONCAT_MSE,3,terminal_H,raw,1428,0.004115905186065052,0.00024373814748074324
20260916,PRODUCT_POSREG,CONCAT_MSE,3,terminal_H,raw,1440,0.0012413130584887123,0.00021282529921645086
20260916,PRODUCT_POSREG,CONCAT_MSE,3,terminal_H,raw,1452,-0.0024593318492488053,-0.00036713311351657224
20260916,PRODUCT_POSREG,CONCAT_MSE,3,terminal_H,raw,1464,0.012547426185836805,0.006343483454879158
20260916,PRODUCT_POSREG,CONCAT_MSE,3,terminal_H,raw,1476,0.011417640698732563,0.0023263200544418276
20260916,PRODUCT_POSREG,CONCAT_MSE,3,terminal_H,raw,1488,0.009179332528126392,0.0008729044596980717
20260916,PRODUCT_POSREG,CONCAT_MSE,3,terminal_H,raw,1500,-0.00015426170844162616,-0.00013111446024666326
20260916,PRODUCT_POSREG,CONCAT_MSE,3,terminal_H,raw,1512,0.002281606517027851,0.0002663762551683632
20260916,PRODUCT_POSREG,CONCAT_MSE,3,terminal_H,raw,1524,-0.0029564249122184076,-0.00033635617026352176
20260916,PRODUCT_POSREG,CONCAT_MSE,3,terminal_H,raw,1536,0.0022417512767201105,0.0003657066975043788
20260916,PRODUCT_POSREG,CONCAT_MSE,3,terminal_H,raw,1548,-1.2214121422459296e-05,-0.0005069752922973144
20260916,PRODUCT_POSREG,CONCAT_MSE,3,terminal_H,clip_0_1,1392,-0.002965953600484169,-0.00036517869670563434
20260916,PRODUCT_POSREG,CONCAT_MSE,3,terminal_H,clip_0_1,1404,-0.0001715627399330137,-4.1741723907080316e-05
20260916,PRODUCT_POSREG,CONCAT_MSE,3,terminal_H,clip_0_1,1416,8.328488053780372e-05,6.574204410901979e-05
20260916,PRODUCT_POSREG,CONCAT_MSE,3,terminal_H,clip_0_1,1428,0.004131320708250291,0.00024380487861406572
20260916,PRODUCT_POSREG,CONCAT_MSE,3,terminal_H,clip_0_1,1440,0.0011836370312137677,0.0002112769048071869
20260916,PRODUCT_POSREG,CONCAT_MSE,3,terminal_H,clip_0_1,1452,-0.002438200744703509,-0.0003667492127872707
20260916,PRODUCT_POSREG,CONCAT_MSE,3,terminal_H,clip_0_1,1464,0.012438609500964872,0.006336539896028786
20260916,PRODUCT_POSREG,CONCAT_MSE,3,terminal_H,clip_0_1,1476,0.011427395195274453,0.0023264419324102847
20260916,PRODUCT_POSREG,CONCAT_MSE,3,terminal_H,clip_0_1,1488,0.00917681148345131,0.0008728903972888658
20260916,PRODUCT_POSREG,CONCAT_MSE,3,terminal_H,clip_0_1,1500,-0.00017703276133382062,-0.0001342931940243365
20260916,PRODUCT_POSREG,CONCAT_MSE,3,terminal_H,clip_0_1,1512,0.002269941463052287,0.000253600951124005
20260916,PRODUCT_POSREG,CONCAT_MSE,3,terminal_H,clip_0_1,1524,-0.0029564249122184076,-0.00033635617026352176
20260916,PRODUCT_POSREG,CONCAT_MSE,3,terminal_H,clip_0_1,1536,0.0022417512767201105,0.0003657066975043788
20260916,PRODUCT_POSREG,CONCAT_MSE,3,terminal_H,clip_0_1,1548,-1.2214121422459296e-05,-0.0005069752922973144
20260916,PRODUCT_POSREG,CONCAT_MSE,3,path_1_to_H,raw,1392,-0.001726959282728358,-0.00026690506328163146
20260916,PRODUCT_POSREG,CONCAT_MSE,3,path_1_to_H,raw,1404,0.00030728696978906994,-1.9487956943029885e-06
20260916,PRODUCT_POSREG,CONCAT_MSE,3,path_1_to_H,raw,1416,-0.0001845035099875342,1.766883975417637e-05
20260916,PRODUCT_POSREG,CONCAT_MSE,3,path_1_to_H,raw,1428,0.0023996163234219297,9.081266958747082e-05
20260916,PRODUCT_POSREG,CONCAT_MSE,3,path_1_to_H,raw,1440,0.0006665175373544178,6.857468676005102e-05
20260916,PRODUCT_POSREG,CONCAT_MSE,3,path_1_to_H,raw,1452,-0.0011650233277036791,-0.00022877334726839743
20260916,PRODUCT_POSREG,CONCAT_MSE,3,path_1_to_H,raw,1464,0.007116754174661016,0.00348661087573851
20260916,PRODUCT_POSREG,CONCAT_MSE,3,path_1_to_H,raw,1476,0.00693469481359105,0.0012710247316651767
20260916,PRODUCT_POSREG,CONCAT_MSE,3,path_1_to_H,raw,1488,0.005188985231377409,0.00040529748802892835
20260916,PRODUCT_POSREG,CONCAT_MSE,3,path_1_to_H,raw,1500,-0.0007903147077083529,-0.00020187993188549666
20260916,PRODUCT_POSREG,CONCAT_MSE,3,path_1_to_H,raw,1512,0.0016977247820372117,0.00035002381638153137
20260916,PRODUCT_POSREG,CONCAT_MSE,3,path_1_to_H,raw,1524,-0.0014084326789054245,-0.00021234506111047057
20260916,PRODUCT_POSREG,CONCAT_MSE,3,path_1_to_H,raw,1536,0.0010090878736927847,0.0001473367420532659
20260916,PRODUCT_POSREG,CONCAT_MSE,3,path_1_to_H,raw,1548,-0.0009374246144994906,-0.0005254240595238738
20260916,PRODUCT_POSREG,CONCAT_MSE,3,path_1_to_H,clip_0_1,1392,-0.0018459610881095567,-0.00027099408331194967
20260916,PRODUCT_POSREG,CONCAT_MSE,3,path_1_to_H,clip_0_1,1404,0.00030919425068933154,-1.932154577581844e-06
20260916,PRODUCT_POSREG,CONCAT_MSE,3,path_1_to_H,clip_0_1,1416,-0.00015636114751762777,1.793338611608376e-05
20260916,PRODUCT_POSREG,CONCAT_MSE,3,path_1_to_H,clip_0_1,1428,0.002405742184566492,9.083571756420527e-05
20260916,PRODUCT_POSREG,CONCAT_MSE,3,path_1_to_H,clip_0_1,1440,0.0006262008472731552,6.850223692429059e-05
20260916,PRODUCT_POSREG,CONCAT_MSE,3,path_1_to_H,clip_0_1,1452,-0.0011478180414938516,-0.00022852918519897206
20260916,PRODUCT_POSREG,CONCAT_MSE,3,path_1_to_H,clip_0_1,1464,0.007020673808825696,0.0034830876065917583
20260916,PRODUCT_POSREG,CONCAT_MSE,3,path_1_to_H,clip_0_1,1476,0.006953161224781814,0.0012712296315486504
20260916,PRODUCT_POSREG,CONCAT_MSE,3,path_1_to_H,clip_0_1,1488,0.005160960669872436,0.0004047394222331166
20260916,PRODUCT_POSREG,CONCAT_MSE,3,path_1_to_H,clip_0_1,1500,-0.0007950660533805333,-0.00020432074798400456
20260916,PRODUCT_POSREG,CONCAT_MSE,3,path_1_to_H,clip_0_1,1512,0.0015363005556608736,0.00031679956474207796
20260916,PRODUCT_POSREG,CONCAT_MSE,3,path_1_to_H,clip_0_1,1524,-0.001393795869673316,-0.00021206725349622849
20260916,PRODUCT_POSREG,CONCAT_MSE,3,path_1_to_H,clip_0_1,1536,0.000989309902565422,0.0001470140283361862
20260916,PRODUCT_POSREG,CONCAT_MSE,3,path_1_to_H,clip_0_1,1548,-0.0009374246144994906,-0.0005254240595238738
20260916,PRODUCT_POSREG,CONCAT_MSE,6,terminal_H,raw,1392,-0.0012862575360670246,-0.00028972573538560024
20260916,PRODUCT_POSREG,CONCAT_MSE,6,terminal_H,raw,1404,-0.002170101202896272,-0.0005306862392536584
20260916,PRODUCT_POSREG,CONCAT_MSE,6,terminal_H,raw,1416,0.0025299567541065527,0.0003521156530358655
20260916,PRODUCT_POSREG,CONCAT_MSE,6,terminal_H,raw,1428,0.007097375143708554,0.00031581392997014166
20260916,PRODUCT_POSREG,CONCAT_MSE,6,terminal_H,raw,1440,0.0018019172361593994,0.000253415309375974
20260916,PRODUCT_POSREG,CONCAT_MSE,6,terminal_H,raw,1452,-0.0003335082707823506,-0.00021814134289066525
20260916,PRODUCT_POSREG,CONCAT_MSE,6,terminal_H,raw,1464,0.021644696083031482,0.010261788800132492
20260916,PRODUCT_POSREG,CONCAT_MSE,6,terminal_H,raw,1476,0.018208970869571038,0.0051244328153994
20260916,PRODUCT_POSREG,CONCAT_MSE,6,terminal_H,raw,1488,0.014542783168857808,0.0012044114047963443
20260916,PRODUCT_POSREG,CONCAT_MSE,6,terminal_H,raw,1500,0.002579472296583511,0.0003418608336525075
20260916,PRODUCT_POSREG,CONCAT_MSE,6,terminal_H,raw,1512,0.003344011095908357,0.0009008891081607507
20260916,PRODUCT_POSREG,CONCAT_MSE,6,terminal_H,raw,1524,-0.0036861708704927763,-0.0007704877028857672
20260916,PRODUCT_POSREG,CONCAT_MSE,6,terminal_H,raw,1536,0.0002771134752371739,-0.00047077018104143675
20260916,PRODUCT_POSREG,CONCAT_MSE,6,terminal_H,raw,1548,0.0007050265270271202,-0.0004520504934675888
20260916,PRODUCT_POSREG,CONCAT_MSE,6,terminal_H,clip_0_1,1392,-0.0015416338147443837,-0.0003045784694817383
20260916,PRODUCT_POSREG,CONCAT_MSE,6,terminal_H,clip_0_1,1404,-0.002170101202896272,-0.0005306862392536584
20260916,PRODUCT_POSREG,CONCAT_MSE,6,terminal_H,clip_0_1,1416,0.002591897722098758,0.0003521748319743627
20260916,PRODUCT_POSREG,CONCAT_MSE,6,terminal_H,clip_0_1,1428,0.0071042968593727635,0.0003158271052607691
20260916,PRODUCT_POSREG,CONCAT_MSE,6,terminal_H,clip_0_1,1440,0.0016867497111065538,0.0002507721706114886
20260916,PRODUCT_POSREG,CONCAT_MSE,6,terminal_H,clip_0_1,1452,-0.00032157101065688443,-0.00021810215589135692
20260916,PRODUCT_POSREG,CONCAT_MSE,6,terminal_H,clip_0_1,1464,0.02156282539005261,0.010260258469348853
20260916,PRODUCT_POSREG,CONCAT_MSE,6,terminal_H,clip_0_1,1476,0.018208970869571038,0.0051244328153994
20260916,PRODUCT_POSREG,CONCAT_MSE,6,terminal_H,clip_0_1,1488,0.01515993229462492,0.0012086617154117385
20260916,PRODUCT_POSREG,CONCAT_MSE,6,terminal_H,clip_0_1,1500,0.0025671468841202104,0.00034181905680960014
20260916,PRODUCT_POSREG,CONCAT_MSE,6,terminal_H,clip_0_1,1512,0.0035482593053646322,0.000942925005532145
20260916,PRODUCT_POSREG,CONCAT_MSE,6,terminal_H,clip_0_1,1524,-0.0036861708704927763,-0.0007704877028857672
20260916,PRODUCT_POSREG,CONCAT_MSE,6,terminal_H,clip_0_1,1536,0.0002771134752371739,-0.00047077018104143675
20260916,PRODUCT_POSREG,CONCAT_MSE,6,terminal_H,clip_0_1,1548,0.0007050265270271202,-0.0004520504934675888
20260916,PRODUCT_POSREG,CONCAT_MSE,6,path_1_to_H,raw,1392,-0.0011913698535857267,-0.0001468143546817735
20260916,PRODUCT_POSREG,CONCAT_MSE,6,path_1_to_H,raw,1404,-0.0006958753600492231,-0.00022304767682392994
20260916,PRODUCT_POSREG,CONCAT_MSE,6,path_1_to_H,raw,1416,0.001197647107931502,0.0001393426675179015
20260916,PRODUCT_POSREG,CONCAT_MSE,6,path_1_to_H,raw,1428,0.004120833630076248,0.00011468026903041411
20260916,PRODUCT_POSREG,CONCAT_MSE,6,path_1_to_H,raw,1440,0.0014830587600350848,0.00020138893851813112
20260916,PRODUCT_POSREG,CONCAT_MSE,6,path_1_to_H,raw,1452,-0.00104878312533548,-0.0002637051774111887
20260916,PRODUCT_POSREG,CONCAT_MSE,6,path_1_to_H,raw,1464,0.01203835569627024,0.005867033405413843
20260916,PRODUCT_POSREG,CONCAT_MSE,6,path_1_to_H,raw,1476,0.01094263190679437,0.0025820613196433566
20260916,PRODUCT_POSREG,CONCAT_MSE,6,path_1_to_H,raw,1488,0.008890530837147114,0.0006881930932467704
20260916,PRODUCT_POSREG,CONCAT_MSE,6,path_1_to_H,raw,1500,0.00047701495442068945,-4.912628620584645e-05
20260916,PRODUCT_POSREG,CONCAT_MSE,6,path_1_to_H,raw,1512,0.002274171381361108,0.0005615238027040944
20260916,PRODUCT_POSREG,CONCAT_MSE,6,path_1_to_H,raw,1524,-0.0030300547395415447,-0.0008165475779690235
20260916,PRODUCT_POSREG,CONCAT_MSE,6,path_1_to_H,raw,1536,0.0009480463063147275,9.010865561869278e-06
20260916,PRODUCT_POSREG,CONCAT_MSE,6,path_1_to_H,raw,1548,-0.0002133008059844266,-0.00041531559878947203
20260916,PRODUCT_POSREG,CONCAT_MSE,6,path_1_to_H,clip_0_1,1392,-0.0013389459513763232,-0.00015167561262903579
20260916,PRODUCT_POSREG,CONCAT_MSE,6,path_1_to_H,clip_0_1,1404,-0.0006949217195990923,-0.00022303935626556936
20260916,PRODUCT_POSREG,CONCAT_MSE,6,path_1_to_H,clip_0_1,1416,0.001223324184796116,0.00013802455460078646
20260916,PRODUCT_POSREG,CONCAT_MSE,6,path_1_to_H,clip_0_1,1428,0.004125050179925898,0.00011469398890055256
20260916,PRODUCT_POSREG,CONCAT_MSE,6,path_1_to_H,clip_0_1,1440,0.0014024509265316773,0.000199465787512488
20260916,PRODUCT_POSREG,CONCAT_MSE,6,path_1_to_H,clip_0_1,1452,-0.0010361355328925186,-0.000263571497938009
20260916,PRODUCT_POSREG,CONCAT_MSE,6,path_1_to_H,clip_0_1,1464,0.011939987796808452,0.005864490083369488
20260916,PRODUCT_POSREG,CONCAT_MSE,6,path_1_to_H,clip_0_1,1476,0.010966817546920398,0.002583960259879417
20260916,PRODUCT_POSREG,CONCAT_MSE,6,path_1_to_H,clip_0_1,1488,0.00916584653331426,0.0006906163961798791
20260916,PRODUCT_POSREG,CONCAT_MSE,6,path_1_to_H,clip_0_1,1500,0.00046823499026182153,-5.038798982041213e-05
20260916,PRODUCT_POSREG,CONCAT_MSE,6,path_1_to_H,clip_0_1,1512,0.002256017624762944,0.0005594181093997435
20260916,PRODUCT_POSREG,CONCAT_MSE,6,path_1_to_H,clip_0_1,1524,-0.0030227363349254904,-0.0008164086741619024
20260916,PRODUCT_POSREG,CONCAT_MSE,6,path_1_to_H,clip_0_1,1536,0.0009381573207510461,8.849508703329426e-06
20260916,PRODUCT_POSREG,CONCAT_MSE,6,path_1_to_H,clip_0_1,1548,-0.0002133008059844266,-0.00041531559878947203
20260916,PRODUCT_POSREG,CONCAT_MSE,9,terminal_H,raw,1392,0.005026560926122328,0.00031043074306886636
20260916,PRODUCT_POSREG,CONCAT_MSE,9,terminal_H,raw,1404,-0.0005783066581034952,-0.00045243740808075016
20260916,PRODUCT_POSREG,CONCAT_MSE,9,terminal_H,raw,1416,0.0019495725226968967,0.00027820438848247947
20260916,PRODUCT_POSREG,CONCAT_MSE,9,terminal_H,raw,1428,0.006211169356015578,0.00040357627154815235
20260916,PRODUCT_POSREG,CONCAT_MSE,9,terminal_H,raw,1440,0.002749013323725743,0.0004944245301108175
20260916,PRODUCT_POSREG,CONCAT_MSE,9,terminal_H,raw,1452,-0.0004610556531483135,-0.0007217716834595568
20260916,PRODUCT_POSREG,CONCAT_MSE,9,terminal_H,raw,1464,0.019865821516744424,0.008312738023474731
20260916,PRODUCT_POSREG,CONCAT_MSE,9,terminal_H,raw,1476,0.028295982246498975,0.00975201298690827
20260916,PRODUCT_POSREG,CONCAT_MSE,9,terminal_H,raw,1488,0.01261087797565466,0.0018550863964349748
20260916,PRODUCT_POSREG,CONCAT_MSE,9,terminal_H,raw,1500,0.005399996279388079,0.0008459591987221086
20260916,PRODUCT_POSREG,CONCAT_MSE,9,terminal_H,raw,1512,0.0004490395097069003,0.0008934900281567705
20260916,PRODUCT_POSREG,CONCAT_MSE,9,terminal_H,raw,1524,-0.007378949555024719,-0.0024326961930867226
20260916,PRODUCT_POSREG,CONCAT_MSE,9,terminal_H,raw,1536,0.0004790980929352153,-0.0003656404508691933
20260916,PRODUCT_POSREG,CONCAT_MSE,9,terminal_H,raw,1548,-0.002558343325493157,-0.0009334766315956254
20260916,PRODUCT_POSREG,CONCAT_MSE,9,terminal_H,clip_0_1,1392,0.0049944506782894655,0.00031014719936449717
20260916,PRODUCT_POSREG,CONCAT_MSE,9,terminal_H,clip_0_1,1404,-0.000583017924365437,-0.00045244351198894263
20260916,PRODUCT_POSREG,CONCAT_MSE,9,terminal_H,clip_0_1,1416,0.002139752161410217,0.00028815066960229
20260916,PRODUCT_POSREG,CONCAT_MSE,9,terminal_H,clip_0_1,1428,0.006100689654366519,0.00037824851702127576
20260916,PRODUCT_POSREG,CONCAT_MSE,9,terminal_H,clip_0_1,1440,0.002709890874933293,0.0004940036244609501
20260916,PRODUCT_POSREG,CONCAT_MSE,9,terminal_H,clip_0_1,1452,-0.0005174486494512907,-0.0007227972227099364
20260916,PRODUCT_POSREG,CONCAT_MSE,9,terminal_H,clip_0_1,1464,0.019838551289976285,0.008311363839382432
20260916,PRODUCT_POSREG,CONCAT_MSE,9,terminal_H,clip_0_1,1476,0.02829385629045572,0.009751773321671695
20260916,PRODUCT_POSREG,CONCAT_MSE,9,terminal_H,clip_0_1,1488,0.012652895003777843,0.0018554057692558952
20260916,PRODUCT_POSREG,CONCAT_MSE,9,terminal_H,clip_0_1,1500,0.005399996279388079,0.0008459591987221086
20260916,PRODUCT_POSREG,CONCAT_MSE,9,terminal_H,clip_0_1,1512,0.00054409070561319,0.0008958339666439594
20260916,PRODUCT_POSREG,CONCAT_MSE,9,terminal_H,clip_0_1,1524,-0.007378949555024719,-0.0024326961930867226
20260916,PRODUCT_POSREG,CONCAT_MSE,9,terminal_H,clip_0_1,1536,0.0004790980929352153,-0.0003656404508691933
20260916,PRODUCT_POSREG,CONCAT_MSE,9,terminal_H,clip_0_1,1548,-0.002558343325493157,-0.0009334766315956254
20260916,PRODUCT_POSREG,CONCAT_MSE,9,path_1_to_H,raw,1392,-0.0006545092907839007,-4.454203448604274e-05
20260916,PRODUCT_POSREG,CONCAT_MSE,9,path_1_to_H,raw,1404,-0.0012705157243321306,-0.0003243398342182587
20260916,PRODUCT_POSREG,CONCAT_MSE,9,path_1_to_H,raw,1416,0.0016868017323326417,0.0001511909113401686
20260916,PRODUCT_POSREG,CONCAT_MSE,9,path_1_to_H,raw,1428,0.005280187954826267,0.00029523542842197696
20260916,PRODUCT_POSREG,CONCAT_MSE,9,path_1_to_H,raw,1440,0.0018990255746444858,0.00027192241457753486
20260916,PRODUCT_POSREG,CONCAT_MSE,9,path_1_to_H,raw,1452,-0.0003903639380957231,-0.0002804324181380199
20260916,PRODUCT_POSREG,CONCAT_MSE,9,path_1_to_H,raw,1464,0.014524059387071502,0.006880826609899007
20260916,PRODUCT_POSREG,CONCAT_MSE,9,path_1_to_H,raw,1476,0.015905134372547886,0.004467240516591547
20260916,PRODUCT_POSREG,CONCAT_MSE,9,path_1_to_H,raw,1488,0.01109143638420971,0.0011058626912351837
20260916,PRODUCT_POSREG,CONCAT_MSE,9,path_1_to_H,raw,1500,0.002148815084104085,0.0002390204746036509
20260916,PRODUCT_POSREG,CONCAT_MSE,9,path_1_to_H,raw,1512,0.001201618621870792,0.0002802780011501082
20260916,PRODUCT_POSREG,CONCAT_MSE,9,path_1_to_H,raw,1524,-0.0041363681444930136,-0.0010963398815737118
20260916,PRODUCT_POSREG,CONCAT_MSE,9,path_1_to_H,raw,1536,0.000544037050911089,-7.604331463728463e-05
20260916,PRODUCT_POSREG,CONCAT_MSE,9,path_1_to_H,raw,1548,0.0003867250564246966,-0.00025595923693112884
20260916,PRODUCT_POSREG,CONCAT_MSE,9,path_1_to_H,clip_0_1,1392,-0.0007989363592864414,-4.9955150459825566e-05
20260916,PRODUCT_POSREG,CONCAT_MSE,9,path_1_to_H,clip_0_1,1404,-0.001270403438061148,-0.000324334965391373
20260916,PRODUCT_POSREG,CONCAT_MSE,9,path_1_to_H,clip_0_1,1416,0.0017540292729452066,0.00015253479451102662
20260916,PRODUCT_POSREG,CONCAT_MSE,9,path_1_to_H,clip_0_1,1428,0.005279125683392898,0.0002927481718822765
20260916,PRODUCT_POSREG,CONCAT_MSE,9,path_1_to_H,clip_0_1,1440,0.0018462752789957953,0.0002723405829738991
20260916,PRODUCT_POSREG,CONCAT_MSE,9,path_1_to_H,clip_0_1,1452,-0.0003899441230322815,-0.0002804721203239443
20260916,PRODUCT_POSREG,CONCAT_MSE,9,path_1_to_H,clip_0_1,1464,0.014440591386955068,0.006878840858572137
20260916,PRODUCT_POSREG,CONCAT_MSE,9,path_1_to_H,clip_0_1,1476,0.015920402476395416,0.004468478897609432
20260916,PRODUCT_POSREG,CONCAT_MSE,9,path_1_to_H,clip_0_1,1488,0.011306371341409301,0.0011076156071586016
20260916,PRODUCT_POSREG,CONCAT_MSE,9,path_1_to_H,clip_0_1,1500,0.002141167157396075,0.00023813451373179214
20260916,PRODUCT_POSREG,CONCAT_MSE,9,path_1_to_H,clip_0_1,1512,0.001269072306591381,0.00029989340452988374
20260916,PRODUCT_POSREG,CONCAT_MSE,9,path_1_to_H,clip_0_1,1524,-0.00413148920808231,-0.0010962472790356313
20260916,PRODUCT_POSREG,CONCAT_MSE,9,path_1_to_H,clip_0_1,1536,0.0005374443938686346,-7.61508858763112e-05
20260916,PRODUCT_POSREG,CONCAT_MSE,9,path_1_to_H,clip_0_1,1548,0.0003867250564246966,-0.00025595923693112884
20260916,PRODUCT_POSREG,CONCAT_MSE,12,terminal_H,raw,1392,0.005202796885066267,0.0006684554762328327
20260916,PRODUCT_POSREG,CONCAT_MSE,12,terminal_H,raw,1404,0.001459458539141333,8.208794236222505e-05
20260916,PRODUCT_POSREG,CONCAT_MSE,12,terminal_H,raw,1416,0.002772572987311452,0.0003806441397386655
20260916,PRODUCT_POSREG,CONCAT_MSE,12,terminal_H,raw,1428,0.003633064532732453,0.000209817905328288
20260916,PRODUCT_POSREG,CONCAT_MSE,12,terminal_H,raw,1440,0.0023286436852602765,0.00043355462687649055
20260916,PRODUCT_POSREG,CONCAT_MSE,12,terminal_H,raw,1452,-0.0002129949658617067,-0.00013252208033869272
20260916,PRODUCT_POSREG,CONCAT_MSE,12,terminal_H,raw,1464,0.014712637255093539,0.006031818908972264
20260916,PRODUCT_POSREG,CONCAT_MSE,12,terminal_H,raw,1476,0.023170903517251738,0.00886159117382528
20260916,PRODUCT_POSREG,CONCAT_MSE,12,terminal_H,raw,1488,0.00976958752751428,0.001967378588675792
20260916,PRODUCT_POSREG,CONCAT_MSE,12,terminal_H,raw,1500,0.002212560486049247,0.0007277613751332196
20260916,PRODUCT_POSREG,CONCAT_MSE,12,terminal_H,raw,1512,0.0011958334960728047,0.0004362791505151128
20260916,PRODUCT_POSREG,CONCAT_MSE,12,terminal_H,raw,1524,-0.006598233445878223,-0.0032681233111368385
20260916,PRODUCT_POSREG,CONCAT_MSE,12,terminal_H,raw,1536,-0.002843350236729211,-0.0004909688882704864
20260916,PRODUCT_POSREG,CONCAT_MSE,12,terminal_H,raw,1548,-0.00876094110255755,-0.0022140299368400766
20260916,PRODUCT_POSREG,CONCAT_MSE,12,terminal_H,clip_0_1,1392,0.005202796885066267,0.0006684554762328327
20260916,PRODUCT_POSREG,CONCAT_MSE,12,terminal_H,clip_0_1,1404,0.001459458539141333,8.208794236222505e-05
20260916,PRODUCT_POSREG,CONCAT_MSE,12,terminal_H,clip_0_1,1416,0.0028107731522632943,0.00038104543420431117
20260916,PRODUCT_POSREG,CONCAT_MSE,12,terminal_H,clip_0_1,1428,0.00351629546220144,0.00018583924645382776
20260916,PRODUCT_POSREG,CONCAT_MSE,12,terminal_H,clip_0_1,1440,0.0023286436852602765,0.00043355462687649055
20260916,PRODUCT_POSREG,CONCAT_MSE,12,terminal_H,clip_0_1,1452,-0.00023377620315508013,-0.00013279387665443145
20260916,PRODUCT_POSREG,CONCAT_MSE,12,terminal_H,clip_0_1,1464,0.014698087326421971,0.006031760691355569
20260916,PRODUCT_POSREG,CONCAT_MSE,12,terminal_H,clip_0_1,1476,0.02317217460323471,0.008861605687412457
20260916,PRODUCT_POSREG,CONCAT_MSE,12,terminal_H,clip_0_1,1488,0.00976958752751428,0.001967378588675792
20260916,PRODUCT_POSREG,CONCAT_MSE,12,terminal_H,clip_0_1,1500,0.002212560486049247,0.0007277613751332196
20260916,PRODUCT_POSREG,CONCAT_MSE,12,terminal_H,clip_0_1,1512,0.0011958334960728047,0.0004362791505151128
20260916,PRODUCT_POSREG,CONCAT_MSE,12,terminal_H,clip_0_1,1524,-0.006598233445878223,-0.0032681233111368385
20260916,PRODUCT_POSREG,CONCAT_MSE,12,terminal_H,clip_0_1,1536,-0.002843350236729211,-0.0004909688882704864
20260916,PRODUCT_POSREG,CONCAT_MSE,12,terminal_H,clip_0_1,1548,-0.008671502136102982,-0.0022031043689421733
20260916,PRODUCT_POSREG,CONCAT_MSE,12,path_1_to_H,raw,1392,0.0008256842273633211,0.00011225409956589212
20260916,PRODUCT_POSREG,CONCAT_MSE,12,path_1_to_H,raw,1404,-0.0007828326501683173,-0.0002581385055513365
20260916,PRODUCT_POSREG,CONCAT_MSE,12,path_1_to_H,raw,1416,0.0018490879500152185,0.0002249911331173979
20260916,PRODUCT_POSREG,CONCAT_MSE,12,path_1_to_H,raw,1428,0.0049644264299352975,0.00028630608893321047
20260916,PRODUCT_POSREG,CONCAT_MSE,12,path_1_to_H,raw,1440,0.002096802204066519,0.00032404375318185075
20260916,PRODUCT_POSREG,CONCAT_MSE,12,path_1_to_H,raw,1452,-0.00011305416162835849,-0.0002454653800874093
20260916,PRODUCT_POSREG,CONCAT_MSE,12,path_1_to_H,raw,1464,0.015054466918600207,0.006892807136064712
20260916,PRODUCT_POSREG,CONCAT_MSE,12,path_1_to_H,raw,1476,0.018300318952034864,0.005673697575828047
20260916,PRODUCT_POSREG,CONCAT_MSE,12,path_1_to_H,raw,1488,0.010976928763994403,0.0013296078438295444
20260916,PRODUCT_POSREG,CONCAT_MSE,12,path_1_to_H,raw,1500,0.0022734557475429904,0.0003591058928590287
20260916,PRODUCT_POSREG,CONCAT_MSE,12,path_1_to_H,raw,1512,0.0011366676464009218,0.0003160183143679258
20260916,PRODUCT_POSREG,CONCAT_MSE,12,path_1_to_H,raw,1524,-0.005004778796043486,-0.0015402879435287477
20260916,PRODUCT_POSREG,CONCAT_MSE,12,path_1_to_H,raw,1536,-7.577568903045358e-05,-0.0002351928345375632
20260916,PRODUCT_POSREG,CONCAT_MSE,12,path_1_to_H,raw,1548,-0.001605236621284349,-0.0006774136141446822
20260916,PRODUCT_POSREG,CONCAT_MSE,12,path_1_to_H,clip_0_1,1392,0.0007173639259864156,0.00010819426258555503
20260916,PRODUCT_POSREG,CONCAT_MSE,12,path_1_to_H,clip_0_1,1404,-0.0007827484354650803,-0.0002581348539311723
20260916,PRODUCT_POSREG,CONCAT_MSE,12,path_1_to_H,clip_0_1,1416,0.0019174978837105002,0.0002265237822955105
20260916,PRODUCT_POSREG,CONCAT_MSE,12,path_1_to_H,clip_0_1,1428,0.004928786773530606,0.0002761045458073822
20260916,PRODUCT_POSREG,CONCAT_MSE,12,path_1_to_H,clip_0_1,1440,0.0020572394823300012,0.0003243573794791239
20260916,PRODUCT_POSREG,CONCAT_MSE,12,path_1_to_H,clip_0_1,1452,-0.00011898994855307351,-0.00024554763105289666
20260916,PRODUCT_POSREG,CONCAT_MSE,12,path_1_to_H,clip_0_1,1464,0.01498782022036058,0.00689069867941204
20260916,PRODUCT_POSREG,CONCAT_MSE,12,path_1_to_H,clip_0_1,1476,0.018310273506584034,0.00567459079260956
20260916,PRODUCT_POSREG,CONCAT_MSE,12,path_1_to_H,clip_0_1,1488,0.01114017881100909,0.0013309403252137902
20260916,PRODUCT_POSREG,CONCAT_MSE,12,path_1_to_H,clip_0_1,1500,0.002267719802511983,0.00035844142220513466
20260916,PRODUCT_POSREG,CONCAT_MSE,12,path_1_to_H,clip_0_1,1512,0.0011875593784502069,0.00033112679771164484
20260916,PRODUCT_POSREG,CONCAT_MSE,12,path_1_to_H,clip_0_1,1524,-0.005001119593735458,-0.0015402184916251875
20260916,PRODUCT_POSREG,CONCAT_MSE,12,path_1_to_H,clip_0_1,1536,-8.072018181229429e-05,-0.0002352735129668331
20260916,PRODUCT_POSREG,CONCAT_MSE,12,path_1_to_H,clip_0_1,1548,-0.0015892881461119935,-0.0006746073873936649
20260916,PRODUCT_POSREG,CONCAT_POSREG,3,terminal_H,raw,1392,0.00178314180505992,3.15594095715252e-05
20260916,PRODUCT_POSREG,CONCAT_POSREG,3,terminal_H,raw,1404,0.0006794474286859366,9.416683803534543e-05
20260916,PRODUCT_POSREG,CONCAT_POSREG,3,terminal_H,raw,1416,-0.002853862387350263,-0.0001077637413957935
20260916,PRODUCT_POSREG,CONCAT_POSREG,3,terminal_H,raw,1428,0.0009931297008599759,7.479520770378278e-05
20260916,PRODUCT_POSREG,CONCAT_POSREG,3,terminal_H,raw,1440,0.0001647133199724484,3.950625380966541e-05
20260916,PRODUCT_POSREG,CONCAT_POSREG,3,terminal_H,raw,1452,0.0012405766622024903,4.211058214305298e-05
20260916,PRODUCT_POSREG,CONCAT_POSREG,3,terminal_H,raw,1464,0.007049835270450324,0.0037343277641123168
20260916,PRODUCT_POSREG,CONCAT_POSREG,3,terminal_H,raw,1476,0.006165972060672989,0.0010357409071894421
20260916,PRODUCT_POSREG,CONCAT_POSREG,3,terminal_H,raw,1488,0.004653214973682008,0.0004685900365450369
20260916,PRODUCT_POSREG,CONCAT_POSREG,3,terminal_H,raw,1500,0.00017690606324790778,2.5345231715556782e-05
20260916,PRODUCT_POSREG,CONCAT_POSREG,3,terminal_H,raw,1512,0.0017289143559305843,0.00038659258937641784
20260916,PRODUCT_POSREG,CONCAT_POSREG,3,terminal_H,raw,1524,-0.0028044986601280016,-0.0004573965895219509
20260916,PRODUCT_POSREG,CONCAT_POSREG,3,terminal_H,raw,1536,0.0008859856399597006,0.00015816519643797612
20260916,PRODUCT_POSREG,CONCAT_POSREG,3,terminal_H,raw,1548,0.0006984376623062909,4.459500321081347e-05
20260916,PRODUCT_POSREG,CONCAT_POSREG,3,terminal_H,clip_0_1,1392,0.0018120813961127159,3.5682227073555503e-05
20260916,PRODUCT_POSREG,CONCAT_POSREG,3,terminal_H,clip_0_1,1404,0.0006794474286859366,9.416683803534543e-05
20260916,PRODUCT_POSREG,CONCAT_POSREG,3,terminal_H,clip_0_1,1416,-0.0027977662976007224,-0.00010745879210004078
20260916,PRODUCT_POSREG,CONCAT_POSREG,3,terminal_H,clip_0_1,1428,0.0010087080570486098,7.486194612870626e-05
20260916,PRODUCT_POSREG,CONCAT_POSREG,3,terminal_H,clip_0_1,1440,0.00011339081509440428,3.852798763831503e-05
20260916,PRODUCT_POSREG,CONCAT_POSREG,3,terminal_H,clip_0_1,1452,0.0012546779917160618,4.2364262348073376e-05
20260916,PRODUCT_POSREG,CONCAT_POSREG,3,terminal_H,clip_0_1,1464,0.007027200937233738,0.003733102022849702
20260916,PRODUCT_POSREG,CONCAT_POSREG,3,terminal_H,clip_0_1,1476,0.006167945082787135,0.0010357697812782732
20260916,PRODUCT_POSREG,CONCAT_POSREG,3,terminal_H,clip_0_1,1488,0.004652992765010579,0.0004685889375389839
20260916,PRODUCT_POSREG,CONCAT_POSREG,3,terminal_H,clip_0_1,1500,0.00010486409221867262,1.918940390238786e-05
20260916,PRODUCT_POSREG,CONCAT_POSREG,3,terminal_H,clip_0_1,1512,0.0015260233678577773,0.0002846983616023831
20260916,PRODUCT_POSREG,CONCAT_POSREG,3,terminal_H,clip_0_1,1524,-0.0028044986601280016,-0.0004573965895219509
20260916,PRODUCT_POSREG,CONCAT_POSREG,3,terminal_H,clip_0_1,1536,0.0008859856399597006,0.00015816519643797612
20260916,PRODUCT_POSREG,CONCAT_POSREG,3,terminal_H,clip_0_1,1548,0.0006984376623062909,4.459500321081347e-05
20260916,PRODUCT_POSREG,CONCAT_POSREG,3,path_1_to_H,raw,1392,0.0013151730499326984,1.0644876285113265e-05
20260916,PRODUCT_POSREG,CONCAT_POSREG,3,path_1_to_H,raw,1404,0.0002838781104856816,2.7053369263900073e-05
20260916,PRODUCT_POSREG,CONCAT_POSREG,3,path_1_to_H,raw,1416,-0.0019162371168901123,-9.197582346767573e-05
20260916,PRODUCT_POSREG,CONCAT_POSREG,3,path_1_to_H,raw,1428,0.00043725820145552825,2.408976225049975e-05
20260916,PRODUCT_POSREG,CONCAT_POSREG,3,path_1_to_H,raw,1440,-1.7766998273798005e-05,1.1023411230298977e-05
20260916,PRODUCT_POSREG,CONCAT_POSREG,3,path_1_to_H,raw,1452,0.0006964014744915828,-1.6817084893834272e-06
20260916,PRODUCT_POSREG,CONCAT_POSREG,3,path_1_to_H,raw,1464,0.003544478841289209,0.001972678253880518
20260916,PRODUCT_POSREG,CONCAT_POSREG,3,path_1_to_H,raw,1476,0.003414538102157043,0.0005155710620107712
20260916,PRODUCT_POSREG,CONCAT_POSREG,3,path_1_to_H,raw,1488,0.002528259723623993,0.00019219819131260614
20260916,PRODUCT_POSREG,CONCAT_POSREG,3,path_1_to_H,raw,1500,0.00019124782020196908,2.7262768802135205e-05
20260916,PRODUCT_POSREG,CONCAT_POSREG,3,path_1_to_H,raw,1512,0.000729201855257162,0.0001636756013117935
20260916,PRODUCT_POSREG,CONCAT_POSREG,3,path_1_to_H,raw,1524,-0.001077504745039031,-0.00017675336069905378
20260916,PRODUCT_POSREG,CONCAT_POSREG,3,path_1_to_H,raw,1536,0.00040387083101507253,6.931595699681842e-05
20260916,PRODUCT_POSREG,CONCAT_POSREG,3,path_1_to_H,raw,1548,0.0001411811438586005,-4.431031108748952e-05
20260916,PRODUCT_POSREG,CONCAT_POSREG,3,path_1_to_H,clip_0_1,1392,0.0013155775358040724,1.1156732286489989e-05
20260916,PRODUCT_POSREG,CONCAT_POSREG,3,path_1_to_H,clip_0_1,1404,0.00028595184187198185,2.7071177900824252e-05
20260916,PRODUCT_POSREG,CONCAT_POSREG,3,path_1_to_H,clip_0_1,1416,-0.0018914740538934964,-9.172749011377418e-05
20260916,PRODUCT_POSREG,CONCAT_POSREG,3,path_1_to_H,clip_0_1,1428,0.0004421042244836791,2.411134426847042e-05
20260916,PRODUCT_POSREG,CONCAT_POSREG,3,path_1_to_H,clip_0_1,1440,-4.364620914636862e-05,1.1275175940080607e-05
20260916,PRODUCT_POSREG,CONCAT_POSREG,3,path_1_to_H,clip_0_1,1452,0.0007060891486387443,-1.5277687322291685e-06
20260916,PRODUCT_POSREG,CONCAT_POSREG,3,path_1_to_H,clip_0_1,1464,0.003528717885722145,0.0019721431168509183
20260916,PRODUCT_POSREG,CONCAT_POSREG,3,path_1_to_H,clip_0_1,1476,0.003436786022792375,0.0005158775865152669
20260916,PRODUCT_POSREG,CONCAT_POSREG,3,path_1_to_H,clip_0_1,1488,0.0025223699821760974,0.0001920147711442296
20260916,PRODUCT_POSREG,CONCAT_POSREG,3,path_1_to_H,clip_0_1,1500,0.0001542355973165683,2.3937442800672605e-05
20260916,PRODUCT_POSREG,CONCAT_POSREG,3,path_1_to_H,clip_0_1,1512,0.0006468809894693108,0.00012327233742616216
20260916,PRODUCT_POSREG,CONCAT_POSREG,3,path_1_to_H,clip_0_1,1524,-0.001072982728315532,-0.00017662979763018714
20260916,PRODUCT_POSREG,CONCAT_POSREG,3,path_1_to_H,clip_0_1,1536,0.00040106693516174367,6.930947098545446e-05
20260916,PRODUCT_POSREG,CONCAT_POSREG,3,path_1_to_H,clip_0_1,1548,0.0001411811438586005,-4.431031108748952e-05
20260916,PRODUCT_POSREG,CONCAT_POSREG,6,terminal_H,raw,1392,0.002538398767767999,-2.7167247667100047e-05
20260916,PRODUCT_POSREG,CONCAT_POSREG,6,terminal_H,raw,1404,-0.0015455070669876116,-0.0006224060726263154
20260916,PRODUCT_POSREG,CONCAT_POSREG,6,terminal_H,raw,1416,-0.001868921450359058,-5.341465315254176e-06
20260916,PRODUCT_POSREG,CONCAT_POSREG,6,terminal_H,raw,1428,0.0029929857211349253,4.7335319577050885e-05
20260916,PRODUCT_POSREG,CONCAT_POSREG,6,terminal_H,raw,1440,0.0027524803799854718,8.140368405306477e-05
20260916,PRODUCT_POSREG,CONCAT_POSREG,6,terminal_H,raw,1452,0.0033070967328445197,0.000255653042993227
20260916,PRODUCT_POSREG,CONCAT_POSREG,6,terminal_H,raw,1464,0.01230162704201718,0.006606390497720652
20260916,PRODUCT_POSREG,CONCAT_POSREG,6,terminal_H,raw,1476,0.01091476551806051,0.0023784239004935467
20260916,PRODUCT_POSREG,CONCAT_POSREG,6,terminal_H,raw,1488,0.009448481171882676,0.0005654781082494923
20260916,PRODUCT_POSREG,CONCAT_POSREG,6,terminal_H,raw,1500,3.677267375790711e-05,0.0003156855027421207
20260916,PRODUCT_POSREG,CONCAT_POSREG,6,terminal_H,raw,1512,0.004381433615619315,0.0015046582976600419
20260916,PRODUCT_POSREG,CONCAT_POSREG,6,terminal_H,raw,1524,-0.0029232702932406123,-0.0003958149781758073
20260916,PRODUCT_POSREG,CONCAT_POSREG,6,terminal_H,raw,1536,0.00018683689721959456,-0.00024710130945705856
20260916,PRODUCT_POSREG,CONCAT_POSREG,6,terminal_H,raw,1548,0.00027145457262424,-0.00043119798305984395
20260916,PRODUCT_POSREG,CONCAT_POSREG,6,terminal_H,clip_0_1,1392,0.0025411337257798894,-2.7166156673134627e-05
20260916,PRODUCT_POSREG,CONCAT_POSREG,6,terminal_H,clip_0_1,1404,-0.0015455070669876116,-0.0006224060726263154
20260916,PRODUCT_POSREG,CONCAT_POSREG,6,terminal_H,clip_0_1,1416,-0.001723523347591999,1.0639642552210217e-06
20260916,PRODUCT_POSREG,CONCAT_POSREG,6,terminal_H,clip_0_1,1428,0.002944670099561109,4.650942492576278e-05
20260916,PRODUCT_POSREG,CONCAT_POSREG,6,terminal_H,clip_0_1,1440,0.0027531178285487134,8.895496168516597e-05
20260916,PRODUCT_POSREG,CONCAT_POSREG,6,terminal_H,clip_0_1,1452,0.0033190339929699856,0.00025569222999253534
20260916,PRODUCT_POSREG,CONCAT_POSREG,6,terminal_H,clip_0_1,1464,0.012284750990050887,0.006606316812755484
20260916,PRODUCT_POSREG,CONCAT_POSREG,6,terminal_H,clip_0_1,1476,0.01091476551806051,0.0023784239004935467
20260916,PRODUCT_POSREG,CONCAT_POSREG,6,terminal_H,clip_0_1,1488,0.010065228650890988,0.0005697087819777643
20260916,PRODUCT_POSREG,CONCAT_POSREG,6,terminal_H,clip_0_1,1500,3.677267375790711e-05,0.0003156855027421207
20260916,PRODUCT_POSREG,CONCAT_POSREG,6,terminal_H,clip_0_1,1512,0.004276555522610492,0.0013841825175017887
20260916,PRODUCT_POSREG,CONCAT_POSREG,6,terminal_H,clip_0_1,1524,-0.0029232702932406123,-0.0003958149781758073
20260916,PRODUCT_POSREG,CONCAT_POSREG,6,terminal_H,clip_0_1,1536,0.00018683689721959456,-0.00024710130945705856
20260916,PRODUCT_POSREG,CONCAT_POSREG,6,terminal_H,clip_0_1,1548,0.00027145457262424,-0.00043119798305984395
20260916,PRODUCT_POSREG,CONCAT_POSREG,6,path_1_to_H,raw,1392,0.0016370703136681904,4.002611013249552e-05
20260916,PRODUCT_POSREG,CONCAT_POSREG,6,path_1_to_H,raw,1404,-0.0008453264700076206,-0.0002538515042350282
20260916,PRODUCT_POSREG,CONCAT_POSREG,6,path_1_to_H,raw,1416,-0.00197394517175164,-8.783714565241959e-05
20260916,PRODUCT_POSREG,CONCAT_POSREG,6,path_1_to_H,raw,1428,0.001258643276017805,3.3643889555013294e-06
20260916,PRODUCT_POSREG,CONCAT_POSREG,6,path_1_to_H,raw,1440,0.0013770988335211217,8.691000427599565e-05
20260916,PRODUCT_POSREG,CONCAT_POSREG,6,path_1_to_H,raw,1452,0.0018045634866135545,0.00012980206840083525
20260916,PRODUCT_POSREG,CONCAT_POSREG,6,path_1_to_H,raw,1464,0.00598726475290863,0.0034513961957482768
20260916,PRODUCT_POSREG,CONCAT_POSREG,6,path_1_to_H,raw,1476,0.00600945057261631,0.001163591672421169
20260916,PRODUCT_POSREG,CONCAT_POSREG,6,path_1_to_H,raw,1488,0.004885569558560313,0.0002792327910406949
20260916,PRODUCT_POSREG,CONCAT_POSREG,6,path_1_to_H,raw,1500,0.00013582101421411158,0.0001379910003932908
20260916,PRODUCT_POSREG,CONCAT_POSREG,6,path_1_to_H,raw,1512,0.002324948927946604,0.0007649168918876548
20260916,PRODUCT_POSREG,CONCAT_POSREG,6,path_1_to_H,raw,1524,-0.002283506518041234,-0.0008078660104867251
20260916,PRODUCT_POSREG,CONCAT_POSREG,6,path_1_to_H,raw,1536,0.0006447587418359364,4.681065837945154e-05
20260916,PRODUCT_POSREG,CONCAT_POSREG,6,path_1_to_H,raw,1548,0.00020167061035902427,-4.9697887127675473e-05
20260916,PRODUCT_POSREG,CONCAT_POSREG,6,path_1_to_H,clip_0_1,1392,0.0016634681626146641,4.366251067346361e-05
20260916,PRODUCT_POSREG,CONCAT_POSREG,6,path_1_to_H,clip_0_1,1404,-0.0008442896043144704,-0.00025384259991656613
20260916,PRODUCT_POSREG,CONCAT_POSREG,6,path_1_to_H,clip_0_1,1416,-0.0019074803051738949,-8.591142045040482e-05
20260916,PRODUCT_POSREG,CONCAT_POSREG,6,path_1_to_H,clip_0_1,1428,0.0012530136839362443,3.237530855938652e-06
20260916,PRODUCT_POSREG,CONCAT_POSREG,6,path_1_to_H,clip_0_1,1440,0.0013371624838634537,8.81041277905452e-05
20260916,PRODUCT_POSREG,CONCAT_POSREG,6,path_1_to_H,clip_0_1,1452,0.0018127547009306293,0.0001298898338166147
20260916,PRODUCT_POSREG,CONCAT_POSREG,6,path_1_to_H,clip_0_1,1464,0.005973060229910302,0.003451108454231998
20260916,PRODUCT_POSREG,CONCAT_POSREG,6,path_1_to_H,clip_0_1,1476,0.006033531466941939,0.0011655348546308862
20260916,PRODUCT_POSREG,CONCAT_POSREG,6,path_1_to_H,clip_0_1,1488,0.00516729717890048,0.0002818255779710862
20260916,PRODUCT_POSREG,CONCAT_POSREG,6,path_1_to_H,clip_0_1,1500,0.00010895531121348421,0.0001361065915566688
20260916,PRODUCT_POSREG,CONCAT_POSREG,6,path_1_to_H,clip_0_1,1512,0.002150370299056945,0.0006483162377112307
20260916,PRODUCT_POSREG,CONCAT_POSREG,6,path_1_to_H,clip_0_1,1524,-0.0022812455096794843,-0.0008078042289522918
20260916,PRODUCT_POSREG,CONCAT_POSREG,6,path_1_to_H,clip_0_1,1536,0.0006433567939092719,4.6807415373769554e-05
20260916,PRODUCT_POSREG,CONCAT_POSREG,6,path_1_to_H,clip_0_1,1548,0.00020167061035902427,-4.9697887127675473e-05
20260916,PRODUCT_POSREG,CONCAT_POSREG,9,terminal_H,raw,1392,0.00419769026792907,0.0003658386696837299
20260916,PRODUCT_POSREG,CONCAT_POSREG,9,terminal_H,raw,1404,0.005233534291385125,-0.00016280383292394037
20260916,PRODUCT_POSREG,CONCAT_POSREG,9,terminal_H,raw,1416,-0.001203932360517617,-0.0001629464606323139
20260916,PRODUCT_POSREG,CONCAT_POSREG,9,terminal_H,raw,1428,0.0015802843783637986,9.88558901589954e-05
20260916,PRODUCT_POSREG,CONCAT_POSREG,9,terminal_H,raw,1440,0.001038137978312154,0.00013398152672024774
20260916,PRODUCT_POSREG,CONCAT_POSREG,9,terminal_H,raw,1452,-0.0011227541653120452,-0.0006681453936472088
20260916,PRODUCT_POSREG,CONCAT_POSREG,9,terminal_H,raw,1464,0.014595318654701844,0.006942429003830316
20260916,PRODUCT_POSREG,CONCAT_POSREG,9,terminal_H,raw,1476,0.01711707115253392,0.004910490550807252
20260916,PRODUCT_POSREG,CONCAT_POSREG,9,terminal_H,raw,1488,0.009824578553959934,0.001091175354726963
20260916,PRODUCT_POSREG,CONCAT_POSREG,9,terminal_H,raw,1500,0.0048322003646094945,0.0009262163809166813
20260916,PRODUCT_POSREG,CONCAT_POSREG,9,terminal_H,raw,1512,-0.0010203901280942704,-0.0003678379980364505
20260916,PRODUCT_POSREG,CONCAT_POSREG,9,terminal_H,raw,1524,-0.0089446401338296,-0.0031918503425368066
20260916,PRODUCT_POSREG,CONCAT_POSREG,9,terminal_H,raw,1536,0.001934036573244235,0.0001181328005313952
20260916,PRODUCT_POSREG,CONCAT_POSREG,9,terminal_H,raw,1548,-0.002759028546202056,-0.0006285453823063692
20260916,PRODUCT_POSREG,CONCAT_POSREG,9,terminal_H,clip_0_1,1392,0.00419769026792907,0.0003658386696837299
20260916,PRODUCT_POSREG,CONCAT_POSREG,9,terminal_H,clip_0_1,1404,0.005233534291385125,-0.00016280383292394037
20260916,PRODUCT_POSREG,CONCAT_POSREG,9,terminal_H,clip_0_1,1416,-0.0010137527218042968,-0.0001530001795125034
20260916,PRODUCT_POSREG,CONCAT_POSREG,9,terminal_H,clip_0_1,1428,0.0015681494348677013,9.797397271432886e-05
20260916,PRODUCT_POSREG,CONCAT_POSREG,9,terminal_H,clip_0_1,1440,0.0010148729591866563,0.00013383267991364753
20260916,PRODUCT_POSREG,CONCAT_POSREG,9,terminal_H,clip_0_1,1452,-0.0011143321519199573,-0.0006681258878120751
20260916,PRODUCT_POSREG,CONCAT_POSREG,9,terminal_H,clip_0_1,1464,0.014612788620700498,0.006942548197008265
20260916,PRODUCT_POSREG,CONCAT_POSREG,9,terminal_H,clip_0_1,1476,0.017138414207630463,0.004910952052319618
20260916,PRODUCT_POSREG,CONCAT_POSREG,9,terminal_H,clip_0_1,1488,0.009872431133776047,0.0010915040923053624
20260916,PRODUCT_POSREG,CONCAT_POSREG,9,terminal_H,clip_0_1,1500,0.0048322003646094945,0.0009262163809166813
20260916,PRODUCT_POSREG,CONCAT_POSREG,9,terminal_H,clip_0_1,1512,-0.0008872702641536464,-0.00034082841020489316
20260916,PRODUCT_POSREG,CONCAT_POSREG,9,terminal_H,clip_0_1,1524,-0.0089446401338296,-0.0031918503425368066
20260916,PRODUCT_POSREG,CONCAT_POSREG,9,terminal_H,clip_0_1,1536,0.001934036573244235,0.0001181328005313952
20260916,PRODUCT_POSREG,CONCAT_POSREG,9,terminal_H,clip_0_1,1548,-0.002759028546202056,-0.0006285453823063692
20260916,PRODUCT_POSREG,CONCAT_POSREG,9,path_1_to_H,raw,1392,0.0019314858175051395,5.9649576311460554e-05
20260916,PRODUCT_POSREG,CONCAT_POSREG,9,path_1_to_H,raw,1404,0.0006652001159204835,-0.00022612282172948127
20260916,PRODUCT_POSREG,CONCAT_POSREG,9,path_1_to_H,raw,1416,-0.0013080390421565428,-0.00011728580642516471
20260916,PRODUCT_POSREG,CONCAT_POSREG,9,path_1_to_H,raw,1428,0.0015788246171734507,2.8018626179148584e-05
20260916,PRODUCT_POSREG,CONCAT_POSREG,9,path_1_to_H,raw,1440,0.0007417234456859864,4.4628513155550835e-05
20260916,PRODUCT_POSREG,CONCAT_POSREG,9,path_1_to_H,raw,1452,0.0017411205847235776,2.7901701823697593e-05
20260916,PRODUCT_POSREG,CONCAT_POSREG,9,path_1_to_H,raw,1464,0.00841324978587378,0.004604488017622301
20260916,PRODUCT_POSREG,CONCAT_POSREG,9,path_1_to_H,raw,1476,0.009184173931783307,0.002173085151511199
20260916,PRODUCT_POSREG,CONCAT_POSREG,9,path_1_to_H,raw,1488,0.00710976349645402,0.0005549250290592183
20260916,PRODUCT_POSREG,CONCAT_POSREG,9,path_1_to_H,raw,1500,0.0016085082065869314,0.0003904328962436336
20260916,PRODUCT_POSREG,CONCAT_POSREG,9,path_1_to_H,raw,1512,0.0010083807543794282,0.00020939581865374947
20260916,PRODUCT_POSREG,CONCAT_POSREG,9,path_1_to_H,raw,1524,-0.0037210147502943006,-0.0012339249569177017
20260916,PRODUCT_POSREG,CONCAT_POSREG,9,path_1_to_H,raw,1536,0.0009343046027934707,0.00012892087401579632
20260916,PRODUCT_POSREG,CONCAT_POSREG,9,path_1_to_H,raw,1548,0.00034443886796461817,-1.0818439953200207e-05
20260916,PRODUCT_POSREG,CONCAT_POSREG,9,path_1_to_H,clip_0_1,1392,0.0019490843834694554,6.207384333877261e-05
20260916,PRODUCT_POSREG,CONCAT_POSREG,9,path_1_to_H,clip_0_1,1404,0.0006658913597159169,-0.0002261168855171732
20260916,PRODUCT_POSREG,CONCAT_POSREG,9,path_1_to_H,clip_0_1,1416,-0.0012053498733939404,-0.00011319720350142333
20260916,PRODUCT_POSREG,CONCAT_POSREG,9,path_1_to_H,clip_0_1,1428,0.0015749180459347974,2.802001373943557e-05
20260916,PRODUCT_POSREG,CONCAT_POSREG,9,path_1_to_H,clip_0_1,1440,0.0007250488805995797,4.7481924612942005e-05
20260916,PRODUCT_POSREG,CONCAT_POSREG,9,path_1_to_H,clip_0_1,1452,0.0017483329709302555,2.7963749645287154e-05
20260916,PRODUCT_POSREG,CONCAT_POSREG,9,path_1_to_H,clip_0_1,1464,0.008399475365045816,0.004604282134511514
20260916,PRODUCT_POSREG,CONCAT_POSREG,9,path_1_to_H,clip_0_1,1476,0.009202599311900008,0.002174431884263495
20260916,PRODUCT_POSREG,CONCAT_POSREG,9,path_1_to_H,clip_0_1,1488,0.007328503859864077,0.0005567215164572932
20260916,PRODUCT_POSREG,CONCAT_POSREG,9,path_1_to_H,clip_0_1,1500,0.0015905977379198466,0.00038917662368588557
20260916,PRODUCT_POSREG,CONCAT_POSREG,9,path_1_to_H,clip_0_1,1512,0.000961274398326492,0.00014735362170936075
20260916,PRODUCT_POSREG,CONCAT_POSREG,9,path_1_to_H,clip_0_1,1524,-0.003719507411386468,-0.0012338837692280795
20260916,PRODUCT_POSREG,CONCAT_POSREG,9,path_1_to_H,clip_0_1,1536,0.000933369970842361,0.00012891871201200833
20260916,PRODUCT_POSREG,CONCAT_POSREG,9,path_1_to_H,clip_0_1,1548,0.00034443886796461817,-1.0818439953200207e-05
20260916,PRODUCT_POSREG,CONCAT_POSREG,12,terminal_H,raw,1392,0.0033733709560426713,0.000515294771140897
20260916,PRODUCT_POSREG,CONCAT_POSREG,12,terminal_H,raw,1404,0.0067842684311845555,0.00036922153480019754
20260916,PRODUCT_POSREG,CONCAT_POSREG,12,terminal_H,raw,1416,0.0009022885313214616,3.778007251625285e-05
20260916,PRODUCT_POSREG,CONCAT_POSREG,12,terminal_H,raw,1428,0.002405469289732741,5.725010705843025e-05
20260916,PRODUCT_POSREG,CONCAT_POSREG,12,terminal_H,raw,1440,0.0012783338853185125,0.00011708918902721801
20260916,PRODUCT_POSREG,CONCAT_POSREG,12,terminal_H,raw,1452,-0.0016649806919833466,-0.00021446746530901837
20260916,PRODUCT_POSREG,CONCAT_POSREG,12,terminal_H,raw,1464,0.011671082793407426,0.0052617678513326325
20260916,PRODUCT_POSREG,CONCAT_POSREG,12,terminal_H,raw,1476,0.011250336028781671,0.004167724062838788
20260916,PRODUCT_POSREG,CONCAT_POSREG,12,terminal_H,raw,1488,0.006931192998703896,0.0015439859317098591
20260916,PRODUCT_POSREG,CONCAT_POSREG,12,terminal_H,raw,1500,0.00487596140331423,0.0010603865054686992
20260916,PRODUCT_POSREG,CONCAT_POSREG,12,terminal_H,raw,1512,-0.0021824854211683173,-0.0008440730624399335
20260916,PRODUCT_POSREG,CONCAT_POSREG,12,terminal_H,raw,1524,-0.00847081124833882,-0.004111123003967308
20260916,PRODUCT_POSREG,CONCAT_POSREG,12,terminal_H,raw,1536,-0.0023849404024509652,-8.940737216916461e-06
20260916,PRODUCT_POSREG,CONCAT_POSREG,12,terminal_H,raw,1548,-0.007653577366269516,-0.002044291841282784
20260916,PRODUCT_POSREG,CONCAT_POSREG,12,terminal_H,clip_0_1,1392,0.0033733709560426713,0.000515294771140897
20260916,PRODUCT_POSREG,CONCAT_POSREG,12,terminal_H,clip_0_1,1404,0.0067842684311845555,0.00036922153480019754
20260916,PRODUCT_POSREG,CONCAT_POSREG,12,terminal_H,clip_0_1,1416,0.0009404886962733042,3.818136698189856e-05
20260916,PRODUCT_POSREG,CONCAT_POSREG,12,terminal_H,clip_0_1,1428,0.0024613323568536075,6.324611355172884e-05
20260916,PRODUCT_POSREG,CONCAT_POSREG,12,terminal_H,clip_0_1,1440,0.0012735906308981959,0.00011708300195003165
20260916,PRODUCT_POSREG,CONCAT_POSREG,12,terminal_H,clip_0_1,1452,-0.0016515914407142737,-0.0002144181654953931
20260916,PRODUCT_POSREG,CONCAT_POSREG,12,terminal_H,clip_0_1,1464,0.011671082793407426,0.0052617678513326325
20260916,PRODUCT_POSREG,CONCAT_POSREG,12,terminal_H,clip_0_1,1476,0.01126156088216454,0.004167821505471746
20260916,PRODUCT_POSREG,CONCAT_POSREG,12,terminal_H,clip_0_1,1488,0.006931192998703896,0.0015439859317098591
20260916,PRODUCT_POSREG,CONCAT_POSREG,12,terminal_H,clip_0_1,1500,0.00487596140331423,0.0010603865054686992
20260916,PRODUCT_POSREG,CONCAT_POSREG,12,terminal_H,clip_0_1,1512,-0.0021824854211683173,-0.0008440730624399335
20260916,PRODUCT_POSREG,CONCAT_POSREG,12,terminal_H,clip_0_1,1524,-0.00847081124833882,-0.004111123003967308
20260916,PRODUCT_POSREG,CONCAT_POSREG,12,terminal_H,clip_0_1,1536,-0.0023849404024509652,-8.940737216916461e-06
20260916,PRODUCT_POSREG,CONCAT_POSREG,12,terminal_H,clip_0_1,1548,-0.007619463460796981,-0.002040012026399087
20260916,PRODUCT_POSREG,CONCAT_POSREG,12,path_1_to_H,raw,1392,0.002257854597375905,0.00016384886112511004
20260916,PRODUCT_POSREG,CONCAT_POSREG,12,path_1_to_H,raw,1404,0.0020692896456252527,-9.580633486207315e-05
20260916,PRODUCT_POSREG,CONCAT_POSREG,12,path_1_to_H,raw,1416,-0.001184332351107113,-8.947184983770707e-05
20260916,PRODUCT_POSREG,CONCAT_POSREG,12,path_1_to_H,raw,1428,0.001785952284330972,7.08764712794867e-05
20260916,PRODUCT_POSREG,CONCAT_POSREG,12,path_1_to_H,raw,1440,0.0011017790174675357,8.507368311600399e-05
20260916,PRODUCT_POSREG,CONCAT_POSREG,12,path_1_to_H,raw,1452,0.0008944231240444302,-4.449507989958953e-05
20260916,PRODUCT_POSREG,CONCAT_POSREG,12,path_1_to_H,raw,1464,0.009605753453191137,0.004954582390722409
20260916,PRODUCT_POSREG,CONCAT_POSREG,12,path_1_to_H,raw,1476,0.010324144284281038,0.002818654381966326
20260916,PRODUCT_POSREG,CONCAT_POSREG,12,path_1_to_H,raw,1488,0.007252386795731429,0.0007935576414657997
20260916,PRODUCT_POSREG,CONCAT_POSREG,12,path_1_to_H,raw,1500,0.0022880019312818745,0.0005545265239884363
20260916,PRODUCT_POSREG,CONCAT_POSREG,12,path_1_to_H,raw,1512,0.0003015941930325302,-2.8560695625214367e-05
20260916,PRODUCT_POSREG,CONCAT_POSREG,12,path_1_to_H,raw,1524,-0.004951952744353823,-0.0018531585394647478
20260916,PRODUCT_POSREG,CONCAT_POSREG,12,path_1_to_H,raw,1536,0.00012356448416878403,-3.373911362184138e-05
20260916,PRODUCT_POSREG,CONCAT_POSREG,12,path_1_to_H,raw,1548,-0.0014226877532535233,-0.0004370498865145821
20260916,PRODUCT_POSREG,CONCAT_POSREG,12,path_1_to_H,clip_0_1,1392,0.002271053521849142,0.0001656670613955941
20260916,PRODUCT_POSREG,CONCAT_POSREG,12,path_1_to_H,clip_0_1,1404,0.0020698080784718274,-9.580188270284211e-05
20260916,PRODUCT_POSREG,CONCAT_POSREG,12,path_1_to_H,clip_0_1,1416,-0.0010893261962993024,-8.588066084493189e-05
20260916,PRODUCT_POSREG,CONCAT_POSREG,12,path_1_to_H,clip_0_1,1428,0.0017837285685044144,7.116984720239066e-05
20260916,PRODUCT_POSREG,CONCAT_POSREG,12,path_1_to_H,clip_0_1,1440,0.0010878159038489644,8.720950480459431e-05
20260916,PRODUCT_POSREG,CONCAT_POSREG,12,path_1_to_H,clip_0_1,1452,0.0009009481846385284,-4.444443571559525e-05
20260916,PRODUCT_POSREG,CONCAT_POSREG,12,path_1_to_H,clip_0_1,1464,0.009595422637570163,0.004954427978389318
20260916,PRODUCT_POSREG,CONCAT_POSREG,12,path_1_to_H,clip_0_1,1476,0.010340346006153562,0.0028196995239450854
20260916,PRODUCT_POSREG,CONCAT_POSREG,12,path_1_to_H,clip_0_1,1488,0.007418782418620638,0.0007949230819052831
20260916,PRODUCT_POSREG,CONCAT_POSREG,12,path_1_to_H,clip_0_1,1500,0.002274569079781561,0.0005535843195701252
20260916,PRODUCT_POSREG,CONCAT_POSREG,12,path_1_to_H,clip_0_1,1512,0.0002688638023879263,-7.441553264066746e-05
20260916,PRODUCT_POSREG,CONCAT_POSREG,12,path_1_to_H,clip_0_1,1524,-0.004950822240172949,-0.0018531276486975312
20260916,PRODUCT_POSREG,CONCAT_POSREG,12,path_1_to_H,clip_0_1,1536,0.00012286351020545183,-3.3740735124682365e-05
20260916,PRODUCT_POSREG,CONCAT_POSREG,12,path_1_to_H,clip_0_1,1548,-0.0014261158698417329,-0.0004376627687552043
20260916,PRODUCT_POSREG,NATIVE,3,terminal_H,raw,1392,-0.013170368828670294,-0.0009811345506949315
20260916,PRODUCT_POSREG,NATIVE,3,terminal_H,raw,1404,-0.004081776244650324,0.001134221743480436
20260916,PRODUCT_POSREG,NATIVE,3,terminal_H,raw,1416,-0.008849277888600458,-0.0005121802716624536
20260916,PRODUCT_POSREG,NATIVE,3,terminal_H,raw,1428,-0.003262124591420809,0.00031149287965914215
20260916,PRODUCT_POSREG,NATIVE,3,terminal_H,raw,1440,-0.012793805719584115,-0.0007739050547515302
20260916,PRODUCT_POSREG,NATIVE,3,terminal_H,raw,1452,-0.008298480811970798,-0.0006335769314442865
20260916,PRODUCT_POSREG,NATIVE,3,terminal_H,raw,1464,0.005051293211461574,0.0036929770992503485
20260916,PRODUCT_POSREG,NATIVE,3,terminal_H,raw,1476,-0.03603478864259925,-0.004028151248585859
20260916,PRODUCT_POSREG,NATIVE,3,terminal_H,raw,1488,-0.009686052561602662,0.0007028880644673136
20260916,PRODUCT_POSREG,NATIVE,3,terminal_H,raw,1500,-0.009310425253416126,0.0004718454137807235
20260916,PRODUCT_POSREG,NATIVE,3,terminal_H,raw,1512,0.00272101046880454,0.0011432938605631991
20260916,PRODUCT_POSREG,NATIVE,3,terminal_H,raw,1524,-0.007266271900506244,-0.0004917749149706739
20260916,PRODUCT_POSREG,NATIVE,3,terminal_H,raw,1536,-0.003308050530646191,-0.0006252216673496327
20260916,PRODUCT_POSREG,NATIVE,3,terminal_H,raw,1548,0.004076669730814014,0.0022357969811591352
20260916,PRODUCT_POSREG,NATIVE,3,terminal_H,clip_0_1,1392,-0.013141429237617498,-0.0009770117331929012
20260916,PRODUCT_POSREG,NATIVE,3,terminal_H,clip_0_1,1404,-0.004081776244650324,0.001134221743480436
20260916,PRODUCT_POSREG,NATIVE,3,terminal_H,clip_0_1,1416,-0.008793181798850918,-0.0005118753223667008
20260916,PRODUCT_POSREG,NATIVE,3,terminal_H,clip_0_1,1428,-0.0032465462352321756,0.0003115596180840657
20260916,PRODUCT_POSREG,NATIVE,3,terminal_H,clip_0_1,1440,-0.012756066652663153,-0.0007737070885607874
20260916,PRODUCT_POSREG,NATIVE,3,terminal_H,clip_0_1,1452,-0.008258812943257454,-0.000633142210676224
20260916,PRODUCT_POSREG,NATIVE,3,terminal_H,clip_0_1,1464,0.0050681942846056505,0.0036942934808315807
20260916,PRODUCT_POSREG,NATIVE,3,terminal_H,clip_0_1,1476,-0.037289324949961886,-0.0040478689300070154
20260916,PRODUCT_POSREG,NATIVE,3,terminal_H,clip_0_1,1488,-0.009705255608619425,0.0007028260919851016
20260916,PRODUCT_POSREG,NATIVE,3,terminal_H,clip_0_1,1500,-0.009319311463234144,0.00047182369879855023
20260916,PRODUCT_POSREG,NATIVE,3,terminal_H,clip_0_1,1512,0.002793940919317212,0.0011621023971851512
20260916,PRODUCT_POSREG,NATIVE,3,terminal_H,clip_0_1,1524,-0.007266271900506244,-0.0004917749149706739
20260916,PRODUCT_POSREG,NATIVE,3,terminal_H,clip_0_1,1536,-0.003308102000611605,-0.00062525598138945
20260916,PRODUCT_POSREG,NATIVE,3,terminal_H,clip_0_1,1548,0.004076669730814014,0.0022357969811591352
20260916,PRODUCT_POSREG,NATIVE,3,path_1_to_H,raw,1392,-0.01163315058780322,-0.0013265251516856415
20260916,PRODUCT_POSREG,NATIVE,3,path_1_to_H,raw,1404,-0.003688928313799914,0.0003556538763810745
20260916,PRODUCT_POSREG,NATIVE,3,path_1_to_H,raw,1416,-0.0060831793513797805,-0.00013527583981941388
20260916,PRODUCT_POSREG,NATIVE,3,path_1_to_H,raw,1428,-0.003350482004063171,-0.00020184155180078155
20260916,PRODUCT_POSREG,NATIVE,3,path_1_to_H,raw,1440,-0.008379672198208754,-0.000469606307972112
20260916,PRODUCT_POSREG,NATIVE,3,path_1_to_H,raw,1452,-0.005579780637823642,-0.000287265344112244
20260916,PRODUCT_POSREG,NATIVE,3,path_1_to_H,raw,1464,0.0022921548902996407,0.002145215248925989
20260916,PRODUCT_POSREG,NATIVE,3,path_1_to_H,raw,1476,-0.026998592139162243,-0.0023942086422284125
20260916,PRODUCT_POSREG,NATIVE,3,path_1_to_H,raw,1488,-0.00829402761728013,-0.00025740943668761776
20260916,PRODUCT_POSREG,NATIVE,3,path_1_to_H,raw,1500,-0.010576224488758775,-0.0009202350121151767
20260916,PRODUCT_POSREG,NATIVE,3,path_1_to_H,raw,1512,-0.0017688151841431827,9.360285032714072e-06
20260916,PRODUCT_POSREG,NATIVE,3,path_1_to_H,raw,1524,-0.0031546076495450053,0.00033814344073451535
20260916,PRODUCT_POSREG,NATIVE,3,path_1_to_H,raw,1536,-0.0017556206701447228,-0.00018613866906431743
20260916,PRODUCT_POSREG,NATIVE,3,path_1_to_H,raw,1548,0.0037417370811764945,0.003819927628952926
20260916,PRODUCT_POSREG,NATIVE,3,path_1_to_H,clip_0_1,1392,-0.01161283270522014,-0.0013241584800417038
20260916,PRODUCT_POSREG,NATIVE,3,path_1_to_H,clip_0_1,1404,-0.0036849477414535254,0.0003556817984329964
20260916,PRODUCT_POSREG,NATIVE,3,path_1_to_H,clip_0_1,1416,-0.006052147889973302,-0.00014697194671633155
20260916,PRODUCT_POSREG,NATIVE,3,path_1_to_H,clip_0_1,1428,-0.0033443018649174767,-0.00020181850139351342
20260916,PRODUCT_POSREG,NATIVE,3,path_1_to_H,clip_0_1,1440,-0.008351612804799,-0.0004687635238606869
20260916,PRODUCT_POSREG,NATIVE,3,path_1_to_H,clip_0_1,1452,-0.005550516950810212,-0.0002869800173764178
20260916,PRODUCT_POSREG,NATIVE,3,path_1_to_H,clip_0_1,1464,0.002317877831405429,0.0021458394306626766
20260916,PRODUCT_POSREG,NATIVE,3,path_1_to_H,clip_0_1,1476,-0.028230670278250842,-0.002414555810066073
20260916,PRODUCT_POSREG,NATIVE,3,path_1_to_H,clip_0_1,1488,-0.008308946574456275,-0.00025746132771559095
20260916,PRODUCT_POSREG,NATIVE,3,path_1_to_H,clip_0_1,1500,-0.010457177316786076,-0.0009105837256118233
20260916,PRODUCT_POSREG,NATIVE,3,path_1_to_H,clip_0_1,1512,-0.001722712666018274,1.9468334565841693e-05
20260916,PRODUCT_POSREG,NATIVE,3,path_1_to_H,clip_0_1,1524,-0.0031426590774707567,0.00033839672491965954
20260916,PRODUCT_POSREG,NATIVE,3,path_1_to_H,clip_0_1,1536,-0.0017558738928016952,-0.000186202589205722
20260916,PRODUCT_POSREG,NATIVE,3,path_1_to_H,clip_0_1,1548,0.0037417370811764945,0.003819927628952926
20260916,PRODUCT_POSREG,NATIVE,12,terminal_H,raw,1392,0.0028157641570432713,0.0031339540398399885
20260916,PRODUCT_POSREG,NATIVE,12,terminal_H,raw,1404,-0.007452750744143043,-0.00034470558611469644
20260916,PRODUCT_POSREG,NATIVE,12,terminal_H,raw,1416,-0.006854276684087516,-0.00024313226719453604
20260916,PRODUCT_POSREG,NATIVE,12,terminal_H,raw,1428,-0.004575308514196092,-0.00016969196665952207
20260916,PRODUCT_POSREG,NATIVE,12,terminal_H,raw,1440,0.0016689350623328146,0.0029273094311886073
20260916,PRODUCT_POSREG,NATIVE,12,terminal_H,raw,1452,-0.0055477818571628,-9.195527725556205e-05
20260916,PRODUCT_POSREG,NATIVE,12,terminal_H,raw,1464,0.029052575597935337,0.01712807638078467
20260916,PRODUCT_POSREG,NATIVE,12,terminal_H,raw,1476,-0.03463845674999575,-0.006949951416742885
20260916,PRODUCT_POSREG,NATIVE,12,terminal_H,raw,1488,-0.02690945792447273,-0.0026288534832546763
20260916,PRODUCT_POSREG,NATIVE,12,terminal_H,raw,1500,-0.019546851434814633,0.0011815651346199737
20260916,PRODUCT_POSREG,NATIVE,12,terminal_H,raw,1512,0.0178941143346998,0.006779254399954392
20260916,PRODUCT_POSREG,NATIVE,12,terminal_H,raw,1524,-0.02966488794004081,-0.012124759927354989
20260916,PRODUCT_POSREG,NATIVE,12,terminal_H,raw,1536,-0.0035939246216071426,0.00030320764183569185
20260916,PRODUCT_POSREG,NATIVE,12,terminal_H,raw,1548,-0.021153885521297214,-0.005581176827709977
20260916,PRODUCT_POSREG,NATIVE,12,terminal_H,clip_0_1,1392,0.0028157641570432713,0.0031339540398399885
20260916,PRODUCT_POSREG,NATIVE,12,terminal_H,clip_0_1,1404,-0.007452750744143043,-0.00034470558611469644
20260916,PRODUCT_POSREG,NATIVE,12,terminal_H,clip_0_1,1416,-0.006816076519135673,-0.00024273097272889036
20260916,PRODUCT_POSREG,NATIVE,12,terminal_H,clip_0_1,1428,-0.004393988371233632,-0.00015449961113468311
20260916,PRODUCT_POSREG,NATIVE,12,terminal_H,clip_0_1,1440,0.0016689350623328146,0.0029273094311886073
20260916,PRODUCT_POSREG,NATIVE,12,terminal_H,clip_0_1,1452,-0.005534704839406781,-9.190599175302571e-05
20260916,PRODUCT_POSREG,NATIVE,12,terminal_H,clip_0_1,1464,0.029051341124782745,0.017128076134971484
20260916,PRODUCT_POSREG,NATIVE,12,terminal_H,clip_0_1,1476,-0.0346469162785065,-0.006950576376266785
20260916,PRODUCT_POSREG,NATIVE,12,terminal_H,clip_0_1,1488,-0.02690945797827104,-0.0026288534832546767
20260916,PRODUCT_POSREG,NATIVE,12,terminal_H,clip_0_1,1500,-0.0195468514757804,0.0011815651346199735
20260916,PRODUCT_POSREG,NATIVE,12,terminal_H,clip_0_1,1512,0.01789411429689767,0.006779254385253563
20260916,PRODUCT_POSREG,NATIVE,12,terminal_H,clip_0_1,1524,-0.02966488794004081,-0.012124759927354989
20260916,PRODUCT_POSREG,NATIVE,12,terminal_H,clip_0_1,1536,-0.0035939246216071426,0.00030320764183569185
20260916,PRODUCT_POSREG,NATIVE,12,terminal_H,clip_0_1,1548,-0.02106444655484264,-0.005570251259812074
20260916,PRODUCT_POSREG,NATIVE,12,path_1_to_H,raw,1392,-0.0063135633025259005,0.0006811384966841711
20260916,PRODUCT_POSREG,NATIVE,12,path_1_to_H,raw,1404,-0.008159853692759846,-0.00048075706171608234
20260916,PRODUCT_POSREG,NATIVE,12,path_1_to_H,raw,1416,-0.010025874926915306,-0.0006616062419809987
20260916,PRODUCT_POSREG,NATIVE,12,path_1_to_H,raw,1428,-0.004834051834778486,-0.00031635248243574624
20260916,PRODUCT_POSREG,NATIVE,12,path_1_to_H,raw,1440,-0.0070126870711179935,0.0002462929836965315
20260916,PRODUCT_POSREG,NATIVE,12,path_1_to_H,raw,1452,-0.006578558361940659,-0.0004189171521688225
20260916,PRODUCT_POSREG,NATIVE,12,path_1_to_H,raw,1464,0.018769770939886878,0.011212113068667751
20260916,PRODUCT_POSREG,NATIVE,12,path_1_to_H,raw,1476,-0.034113622978665055,-0.004481681257266356
20260916,PRODUCT_POSREG,NATIVE,12,path_1_to_H,raw,1488,-0.013399110611542798,-0.0008600512029487391
20260916,PRODUCT_POSREG,NATIVE,12,path_1_to_H,raw,1500,-0.01570958128539639,-0.0010701026548668436
20260916,PRODUCT_POSREG,NATIVE,12,path_1_to_H,raw,1512,0.005443388346196652,0.0033683844165757156
20260916,PRODUCT_POSREG,NATIVE,12,path_1_to_H,raw,1524,-0.016783752748864945,-0.005117827398895695
20260916,PRODUCT_POSREG,NATIVE,12,path_1_to_H,raw,1536,-0.00206860452303115,0.0001775081382889627
20260916,PRODUCT_POSREG,NATIVE,12,path_1_to_H,raw,1548,-0.0010878759105338166,0.0008613129291943791
20260916,PRODUCT_POSREG,NATIVE,12,path_1_to_H,clip_0_1,1392,-0.006295386028874737,0.0006834204008652954
20260916,PRODUCT_POSREG,NATIVE,12,path_1_to_H,clip_0_1,1404,-0.00815885854967325,-0.0004807500812031019
20260916,PRODUCT_POSREG,NATIVE,12,path_1_to_H,clip_0_1,1416,-0.009922401935736656,-0.0006606159325082495
20260916,PRODUCT_POSREG,NATIVE,12,path_1_to_H,clip_0_1,1428,-0.0047731830125067815,-0.0003114427030330782
20260916,PRODUCT_POSREG,NATIVE,12,path_1_to_H,clip_0_1,1440,-0.006977291810331728,0.0002491579677812458
20260916,PRODUCT_POSREG,NATIVE,12,path_1_to_H,clip_0_1,1452,-0.006567010888403577,-0.00041883328080578435
20260916,PRODUCT_POSREG,NATIVE,12,path_1_to_H,clip_0_1,1464,0.018777479869685303,0.01121227984879135
20260916,PRODUCT_POSREG,NATIVE,12,path_1_to_H,clip_0_1,1476,-0.034848254178363534,-0.004492491189217516
20260916,PRODUCT_POSREG,NATIVE,12,path_1_to_H,clip_0_1,1488,-0.013249778633730827,-0.0008587953975699703
20260916,PRODUCT_POSREG,NATIVE,12,path_1_to_H,clip_0_1,1500,-0.01568105687918258,-0.0010676926496660422
20260916,PRODUCT_POSREG,NATIVE,12,path_1_to_H,clip_0_1,1512,0.0055796565971405285,0.0034076275586397294
20260916,PRODUCT_POSREG,NATIVE,12,path_1_to_H,clip_0_1,1524,-0.016780765605846383,-0.0051177640778494096
20260916,PRODUCT_POSREG,NATIVE,12,path_1_to_H,clip_0_1,1536,-0.0020687365921921424,0.00017747686187266125
20260916,PRODUCT_POSREG,NATIVE,12,path_1_to_H,clip_0_1,1548,-0.0010719274353614605,0.0008641191559453964
20260917,PRODUCT_POSREG,BASE_OD,3,terminal_H,raw,1392,0.00215714870366261,0.000481697075899778
20260917,PRODUCT_POSREG,BASE_OD,3,terminal_H,raw,1404,-0.0013092285387562418,-7.892300529564545e-05
20260917,PRODUCT_POSREG,BASE_OD,3,terminal_H,raw,1416,-0.004413106643213354,-0.0003965693371761245
20260917,PRODUCT_POSREG,BASE_OD,3,terminal_H,raw,1428,-0.0013600560145200784,-0.00015905771729941227
20260917,PRODUCT_POSREG,BASE_OD,3,terminal_H,raw,1440,0.0004216571407823373,1.431391480593641e-05
20260917,PRODUCT_POSREG,BASE_OD,3,terminal_H,raw,1452,8.355764242344148e-06,3.9360996254903446e-05
20260917,PRODUCT_POSREG,BASE_OD,3,terminal_H,raw,1464,0.005986666207691906,0.0037749945254278118
20260917,PRODUCT_POSREG,BASE_OD,3,terminal_H,raw,1476,-0.0005544067008260666,-0.0002496671191958363
20260917,PRODUCT_POSREG,BASE_OD,3,terminal_H,raw,1488,0.0017314808339491236,0.0001495893100687864
20260917,PRODUCT_POSREG,BASE_OD,3,terminal_H,raw,1500,0.005351901027387356,0.0005779449775597179
20260917,PRODUCT_POSREG,BASE_OD,3,terminal_H,raw,1512,9.628508783937895e-05,0.0004134614534855735
20260917,PRODUCT_POSREG,BASE_OD,3,terminal_H,raw,1524,-0.004824941163491001,-0.0008235357906053359
20260917,PRODUCT_POSREG,BASE_OD,3,terminal_H,raw,1536,-0.0011592645738027806,-0.0001141341969906854
20260917,PRODUCT_POSREG,BASE_OD,3,terminal_H,raw,1548,0.0016447806431534673,0.0005173939898071927
20260917,PRODUCT_POSREG,BASE_OD,3,terminal_H,clip_0_1,1392,0.002172448592166498,0.0004817614497115417
20260917,PRODUCT_POSREG,BASE_OD,3,terminal_H,clip_0_1,1404,-0.0013092285387562418,-7.892300529564545e-05
20260917,PRODUCT_POSREG,BASE_OD,3,terminal_H,clip_0_1,1416,-0.004391565872967842,-0.00039643421281805526
20260917,PRODUCT_POSREG,BASE_OD,3,terminal_H,clip_0_1,1428,-0.001355301895688931,-0.00015905150184680059
20260917,PRODUCT_POSREG,BASE_OD,3,terminal_H,clip_0_1,1440,0.0004198674342771796,1.4300690781017022e-05
20260917,PRODUCT_POSREG,BASE_OD,3,terminal_H,clip_0_1,1452,-1.6954244280658514e-05,3.898112866909451e-05
20260917,PRODUCT_POSREG,BASE_OD,3,terminal_H,clip_0_1,1464,0.005974763287345793,0.003773694805079791
20260917,PRODUCT_POSREG,BASE_OD,3,terminal_H,clip_0_1,1476,-0.0005526681751529969,-0.00024962940837121295
20260917,PRODUCT_POSREG,BASE_OD,3,terminal_H,clip_0_1,1488,0.0017955541263817852,0.0001500371855602827
20260917,PRODUCT_POSREG,BASE_OD,3,terminal_H,clip_0_1,1500,0.005353951297629126,0.0005797601778805148
20260917,PRODUCT_POSREG,BASE_OD,3,terminal_H,clip_0_1,1512,0.00013174025419687848,0.0004250431575097186
20260917,PRODUCT_POSREG,BASE_OD,3,terminal_H,clip_0_1,1524,-0.004824941163491001,-0.0008235357906053359
20260917,PRODUCT_POSREG,BASE_OD,3,terminal_H,clip_0_1,1536,-0.0011592645738027806,-0.0001141341969906854
20260917,PRODUCT_POSREG,BASE_OD,3,terminal_H,clip_0_1,1548,0.0016447806431534673,0.0005173939898071927
20260917,PRODUCT_POSREG,BASE_OD,3,path_1_to_H,raw,1392,0.0011965369856590982,0.0002545772754404615
20260917,PRODUCT_POSREG,BASE_OD,3,path_1_to_H,raw,1404,-0.0006180497224139364,-3.458564560613686e-05
20260917,PRODUCT_POSREG,BASE_OD,3,path_1_to_H,raw,1416,-0.0022432815297539484,-0.00017718893334199343
20260917,PRODUCT_POSREG,BASE_OD,3,path_1_to_H,raw,1428,-0.0003745697000671767,-3.582064200697971e-05
20260917,PRODUCT_POSREG,BASE_OD,3,path_1_to_H,raw,1440,-0.00015157134664806586,2.103042360537882e-05
20260917,PRODUCT_POSREG,BASE_OD,3,path_1_to_H,raw,1452,-4.296964446673648e-05,2.9235517346525273e-05
20260917,PRODUCT_POSREG,BASE_OD,3,path_1_to_H,raw,1464,0.004253231416542989,0.00273403526277169
20260917,PRODUCT_POSREG,BASE_OD,3,path_1_to_H,raw,1476,-4.002244767843667e-05,-8.26669523491343e-05
20260917,PRODUCT_POSREG,BASE_OD,3,path_1_to_H,raw,1488,0.0011069321881875221,0.0001211426055321914
20260917,PRODUCT_POSREG,BASE_OD,3,path_1_to_H,raw,1500,0.0032226344478961345,0.0003208922596843013
20260917,PRODUCT_POSREG,BASE_OD,3,path_1_to_H,raw,1512,0.0008018759871863796,0.0003375174987202382
20260917,PRODUCT_POSREG,BASE_OD,3,path_1_to_H,raw,1524,-0.0023404058575345393,-0.0003748528045936968
20260917,PRODUCT_POSREG,BASE_OD,3,path_1_to_H,raw,1536,-0.00026358178817107597,-3.1407955513350415e-05
20260917,PRODUCT_POSREG,BASE_OD,3,path_1_to_H,raw,1548,0.0010183875034072785,0.00032046600751328957
20260917,PRODUCT_POSREG,BASE_OD,3,path_1_to_H,clip_0_1,1392,0.0012064840896425903,0.0002542079620330442
20260917,PRODUCT_POSREG,BASE_OD,3,path_1_to_H,clip_0_1,1404,-0.0006211388373074071,-3.459351827656753e-05
20260917,PRODUCT_POSREG,BASE_OD,3,path_1_to_H,clip_0_1,1416,-0.0022314635518696844,-0.00017704587104367905
20260917,PRODUCT_POSREG,BASE_OD,3,path_1_to_H,clip_0_1,1428,-0.00037416988691373,-3.581972846610683e-05
20260917,PRODUCT_POSREG,BASE_OD,3,path_1_to_H,clip_0_1,1440,-0.00015820545071052407,2.099062726856229e-05
20260917,PRODUCT_POSREG,BASE_OD,3,path_1_to_H,clip_0_1,1452,-5.713024523661721e-05,2.903650198066576e-05
20260917,PRODUCT_POSREG,BASE_OD,3,path_1_to_H,clip_0_1,1464,0.004252387210095445,0.002733690790449017
20260917,PRODUCT_POSREG,BASE_OD,3,path_1_to_H,clip_0_1,1476,-3.7682576515064606e-05,-8.2574946980861e-05
20260917,PRODUCT_POSREG,BASE_OD,3,path_1_to_H,clip_0_1,1488,0.0011559839112441487,0.00012154576580107192
20260917,PRODUCT_POSREG,BASE_OD,3,path_1_to_H,clip_0_1,1500,0.0032248222336921655,0.0003215881590027678
20260917,PRODUCT_POSREG,BASE_OD,3,path_1_to_H,clip_0_1,1512,0.0008266277233426914,0.0003424128937294036
20260917,PRODUCT_POSREG,BASE_OD,3,path_1_to_H,clip_0_1,1524,-0.002342711008046355,-0.0003749037981540178
20260917,PRODUCT_POSREG,BASE_OD,3,path_1_to_H,clip_0_1,1536,-0.00026358178817107597,-3.1407955513350415e-05
20260917,PRODUCT_POSREG,BASE_OD,3,path_1_to_H,clip_0_1,1548,0.0010183875034072785,0.00032046600751328957
20260917,PRODUCT_POSREG,BASE_OD,6,terminal_H,raw,1392,0.005237249079703479,0.0006477613283499721
20260917,PRODUCT_POSREG,BASE_OD,6,terminal_H,raw,1404,-0.002726885690773737,-0.0001631187881049595
20260917,PRODUCT_POSREG,BASE_OD,6,terminal_H,raw,1416,-0.011095249205112125,-0.0012760496775763978
20260917,PRODUCT_POSREG,BASE_OD,6,terminal_H,raw,1428,-0.002650245234860304,-0.00030061251548116124
20260917,PRODUCT_POSREG,BASE_OD,6,terminal_H,raw,1440,-0.0003467391662095343,0.0002735869123805089
20260917,PRODUCT_POSREG,BASE_OD,6,terminal_H,raw,1452,-0.0029863278577574245,-0.000268980724586916
20260917,PRODUCT_POSREG,BASE_OD,6,terminal_H,raw,1464,0.005511163051525256,0.0034420227146231674
20260917,PRODUCT_POSREG,BASE_OD,6,terminal_H,raw,1476,0.0007256237567035144,-0.0001343185109313999
20260917,PRODUCT_POSREG,BASE_OD,6,terminal_H,raw,1488,0.0022678826702680305,-6.190078655398147e-05
20260917,PRODUCT_POSREG,BASE_OD,6,terminal_H,raw,1500,0.011853978865344556,0.001525466783743267
20260917,PRODUCT_POSREG,BASE_OD,6,terminal_H,raw,1512,-0.003112405345160013,-0.001425278943241852
20260917,PRODUCT_POSREG,BASE_OD,6,terminal_H,raw,1524,-0.012081613508070152,-0.0034212951526152394
20260917,PRODUCT_POSREG,BASE_OD,6,terminal_H,raw,1536,-0.004382826195077269,-0.0008881394799468803
20260917,PRODUCT_POSREG,BASE_OD,6,terminal_H,raw,1548,0.006302633778886705,0.0014639844052009054
20260917,PRODUCT_POSREG,BASE_OD,6,terminal_H,clip_0_1,1392,0.005330220383190741,0.0006495811020742867
20260917,PRODUCT_POSREG,BASE_OD,6,terminal_H,clip_0_1,1404,-0.002726885690773737,-0.0001631187881049595
20260917,PRODUCT_POSREG,BASE_OD,6,terminal_H,clip_0_1,1416,-0.010925960344559471,-0.0012635664035552407
20260917,PRODUCT_POSREG,BASE_OD,6,terminal_H,clip_0_1,1428,-0.002691792324982566,-0.0003010872096730088
20260917,PRODUCT_POSREG,BASE_OD,6,terminal_H,clip_0_1,1440,-0.0002549088108220009,0.0002803004034610988
20260917,PRODUCT_POSREG,BASE_OD,6,terminal_H,clip_0_1,1452,-0.0030079551499694796,-0.00026910935302323306
20260917,PRODUCT_POSREG,BASE_OD,6,terminal_H,clip_0_1,1464,0.005541314066435039,0.0034422727126406922
20260917,PRODUCT_POSREG,BASE_OD,6,terminal_H,clip_0_1,1476,0.0007223885207239031,-0.00013433952977562523
20260917,PRODUCT_POSREG,BASE_OD,6,terminal_H,clip_0_1,1488,0.002300840717020045,-6.17849907726353e-05
20260917,PRODUCT_POSREG,BASE_OD,6,terminal_H,clip_0_1,1500,0.011853978865344556,0.001525466783743267
20260917,PRODUCT_POSREG,BASE_OD,6,terminal_H,clip_0_1,1512,-0.0030578443146119516,-0.0014156454330142155
20260917,PRODUCT_POSREG,BASE_OD,6,terminal_H,clip_0_1,1524,-0.012073305318573486,-0.0034205838213163878
20260917,PRODUCT_POSREG,BASE_OD,6,terminal_H,clip_0_1,1536,-0.004382826195077269,-0.0008881394799468803
20260917,PRODUCT_POSREG,BASE_OD,6,terminal_H,clip_0_1,1548,0.006302633778886705,0.0014639844052009054
20260917,PRODUCT_POSREG,BASE_OD,6,path_1_to_H,raw,1392,0.002880703487711711,0.00039869306568354117
20260917,PRODUCT_POSREG,BASE_OD,6,path_1_to_H,raw,1404,-0.0011777931862140436,-7.550831140103817e-05
20260917,PRODUCT_POSREG,BASE_OD,6,path_1_to_H,raw,1416,-0.006359019850866557,-0.0006841980679869832
20260917,PRODUCT_POSREG,BASE_OD,6,path_1_to_H,raw,1428,-0.0013377917317538247,-0.00016500025845066451
20260917,PRODUCT_POSREG,BASE_OD,6,path_1_to_H,raw,1440,-6.368427321396279e-05,7.641992880159102e-05
20260917,PRODUCT_POSREG,BASE_OD,6,path_1_to_H,raw,1452,-0.0011198281283060203,-9.250424285476751e-05
20260917,PRODUCT_POSREG,BASE_OD,6,path_1_to_H,raw,1464,0.005624087372656981,0.003397351774339358
20260917,PRODUCT_POSREG,BASE_OD,6,path_1_to_H,raw,1476,0.00030903633051762407,-0.00012750038140333368
20260917,PRODUCT_POSREG,BASE_OD,6,path_1_to_H,raw,1488,0.0015750559931811574,2.720501194148014e-06
20260917,PRODUCT_POSREG,BASE_OD,6,path_1_to_H,raw,1500,0.006658520518521714,0.0007812555309442467
20260917,PRODUCT_POSREG,BASE_OD,6,path_1_to_H,raw,1512,-0.00030206958678285356,-0.00020355109842913412
20260917,PRODUCT_POSREG,BASE_OD,6,path_1_to_H,raw,1524,-0.0070760423368873195,-0.002456183815928768
20260917,PRODUCT_POSREG,BASE_OD,6,path_1_to_H,raw,1536,-0.0013787611199801168,-0.0001980350991608796
20260917,PRODUCT_POSREG,BASE_OD,6,path_1_to_H,raw,1548,0.0026699954103235773,0.0006530547873165018
20260917,PRODUCT_POSREG,BASE_OD,6,path_1_to_H,clip_0_1,1392,0.0029214816616995494,0.00039924436429420183
20260917,PRODUCT_POSREG,BASE_OD,6,path_1_to_H,clip_0_1,1404,-0.001179337743660779,-7.551224773625351e-05
20260917,PRODUCT_POSREG,BASE_OD,6,path_1_to_H,clip_0_1,1416,-0.006289609540818103,-0.0006794880059048199
20260917,PRODUCT_POSREG,BASE_OD,6,path_1_to_H,clip_0_1,1428,-0.0013445163401974783,-0.00016507891737886936
20260917,PRODUCT_POSREG,BASE_OD,6,path_1_to_H,clip_0_1,1440,-3.2009135934441435e-05,7.870940795003739e-05
20260917,PRODUCT_POSREG,BASE_OD,6,path_1_to_H,clip_0_1,1452,-0.0011378154327490778,-9.267062339471876e-05
20260917,PRODUCT_POSREG,BASE_OD,6,path_1_to_H,clip_0_1,1464,0.005622680581318337,0.0033969941049520037
20260917,PRODUCT_POSREG,BASE_OD,6,path_1_to_H,clip_0_1,1476,0.00031139061064382146,-0.00012727800298624028
20260917,PRODUCT_POSREG,BASE_OD,6,path_1_to_H,clip_0_1,1488,0.0016330785219797388,3.104438536730736e-06
20260917,PRODUCT_POSREG,BASE_OD,6,path_1_to_H,clip_0_1,1500,0.006659614411419729,0.0007816034806034799
20260917,PRODUCT_POSREG,BASE_OD,6,path_1_to_H,clip_0_1,1512,-0.00025926493177380854,-0.00019170829368315238
20260917,PRODUCT_POSREG,BASE_OD,6,path_1_to_H,clip_0_1,1524,-0.007073506094829973,-0.0024560819977007637
20260917,PRODUCT_POSREG,BASE_OD,6,path_1_to_H,clip_0_1,1536,-0.0013787611199801168,-0.0001980350991608796
20260917,PRODUCT_POSREG,BASE_OD,6,path_1_to_H,clip_0_1,1548,0.0026699954103235773,0.0006530547873165018
20260917,PRODUCT_POSREG,BASE_OD,9,terminal_H,raw,1392,0.0034742292437135412,0.0008481050759991049
20260917,PRODUCT_POSREG,BASE_OD,9,terminal_H,raw,1404,-0.0006555200408531318,-0.0001613948086796818
20260917,PRODUCT_POSREG,BASE_OD,9,terminal_H,raw,1416,-0.010482650692312028,-0.0014852417603692227
20260917,PRODUCT_POSREG,BASE_OD,9,terminal_H,raw,1428,-0.0021887531739095576,-0.00012822609838418768
20260917,PRODUCT_POSREG,BASE_OD,9,terminal_H,raw,1440,-0.0029084337579245692,9.11499631988969e-05
20260917,PRODUCT_POSREG,BASE_OD,9,terminal_H,raw,1452,0.00033988470248655367,0.00015515303096434822
20260917,PRODUCT_POSREG,BASE_OD,9,terminal_H,raw,1464,0.004523339396545117,0.003496057581403754
20260917,PRODUCT_POSREG,BASE_OD,9,terminal_H,raw,1476,0.0018203086616342043,0.000213796032250546
20260917,PRODUCT_POSREG,BASE_OD,9,terminal_H,raw,1488,-0.0017203976619252163,-0.00015966443408424512
20260917,PRODUCT_POSREG,BASE_OD,9,terminal_H,raw,1500,0.01159683116037113,0.0017109649032056745
20260917,PRODUCT_POSREG,BASE_OD,9,terminal_H,raw,1512,-0.00220114699070852,-0.0006810509721895058
20260917,PRODUCT_POSREG,BASE_OD,9,terminal_H,raw,1524,-0.019225232701035693,-0.006215304922002504
20260917,PRODUCT_POSREG,BASE_OD,9,terminal_H,raw,1536,-0.0019060551819853114,-0.00032973833631174684
20260917,PRODUCT_POSREG,BASE_OD,9,terminal_H,raw,1548,-0.0030192908329332684,-0.0003813874738674228
20260917,PRODUCT_POSREG,BASE_OD,9,terminal_H,clip_0_1,1392,0.003476891031097532,0.0008481070244049263
20260917,PRODUCT_POSREG,BASE_OD,9,terminal_H,clip_0_1,1404,-0.0006555200408531318,-0.0001613948086796818
20260917,PRODUCT_POSREG,BASE_OD,9,terminal_H,clip_0_1,1416,-0.010482650692312028,-0.0014852417603692227
20260917,PRODUCT_POSREG,BASE_OD,9,terminal_H,clip_0_1,1428,-0.002069104269685654,-0.00011060592666416099
20260917,PRODUCT_POSREG,BASE_OD,9,terminal_H,clip_0_1,1440,-0.0029084337579245692,9.11499631988969e-05
20260917,PRODUCT_POSREG,BASE_OD,9,terminal_H,clip_0_1,1452,0.0002987266725076281,0.00015442239213840598
20260917,PRODUCT_POSREG,BASE_OD,9,terminal_H,clip_0_1,1464,0.004579755243717893,0.003496824953824859
20260917,PRODUCT_POSREG,BASE_OD,9,terminal_H,clip_0_1,1476,0.0018663696329676307,0.00021437947584759513
20260917,PRODUCT_POSREG,BASE_OD,9,terminal_H,clip_0_1,1488,-0.0017034210783926306,-0.00015958517787742442
20260917,PRODUCT_POSREG,BASE_OD,9,terminal_H,clip_0_1,1500,0.01159683116037113,0.0017109649032056745
20260917,PRODUCT_POSREG,BASE_OD,9,terminal_H,clip_0_1,1512,-0.0021689446712614842,-0.0006715105694009141
20260917,PRODUCT_POSREG,BASE_OD,9,terminal_H,clip_0_1,1524,-0.019225232701035693,-0.006215304922002504
20260917,PRODUCT_POSREG,BASE_OD,9,terminal_H,clip_0_1,1536,-0.0019060551819853114,-0.00032973833631174684
20260917,PRODUCT_POSREG,BASE_OD,9,terminal_H,clip_0_1,1548,-0.0030192908329332684,-0.0003813874738674228
20260917,PRODUCT_POSREG,BASE_OD,9,path_1_to_H,raw,1392,0.0035719509002290744,0.00044241343284407244
20260917,PRODUCT_POSREG,BASE_OD,9,path_1_to_H,raw,1404,-0.001272704662688013,-9.431730294199262e-05
20260917,PRODUCT_POSREG,BASE_OD,9,path_1_to_H,raw,1416,-0.0072070854785622794,-0.0008269116926739352
20260917,PRODUCT_POSREG,BASE_OD,9,path_1_to_H,raw,1428,-0.001951898667363989,-0.00018858612529488436
20260917,PRODUCT_POSREG,BASE_OD,9,path_1_to_H,raw,1440,-0.0008378000802287923,7.734871999539825e-05
20260917,PRODUCT_POSREG,BASE_OD,9,path_1_to_H,raw,1452,-0.0011320343839915574,-8.934946076421662e-05
20260917,PRODUCT_POSREG,BASE_OD,9,path_1_to_H,raw,1464,0.005320106225025682,0.003396526177303619
20260917,PRODUCT_POSREG,BASE_OD,9,path_1_to_H,raw,1476,0.0005617177253527733,-9.785644258110387e-05
20260917,PRODUCT_POSREG,BASE_OD,9,path_1_to_H,raw,1488,0.0013370697247954923,4.2965739677908014e-05
20260917,PRODUCT_POSREG,BASE_OD,9,path_1_to_H,raw,1500,0.008298607381868384,0.0010119127950334694
20260917,PRODUCT_POSREG,BASE_OD,9,path_1_to_H,raw,1512,-0.001235452839610026,-0.0004890184449988132
20260917,PRODUCT_POSREG,BASE_OD,9,path_1_to_H,raw,1524,-0.01044610593022854,-0.0033388604032968303
20260917,PRODUCT_POSREG,BASE_OD,9,path_1_to_H,raw,1536,-0.0013907340695785367,-0.00021428992185347826
20260917,PRODUCT_POSREG,BASE_OD,9,path_1_to_H,raw,1548,0.002019823938371904,0.0005112004720376794
20260917,PRODUCT_POSREG,BASE_OD,9,path_1_to_H,clip_0_1,1392,0.003613251650754939,0.0004430409844214197
20260917,PRODUCT_POSREG,BASE_OD,9,path_1_to_H,clip_0_1,1404,-0.001273734367652503,-9.431992716546951e-05
20260917,PRODUCT_POSREG,BASE_OD,9,path_1_to_H,clip_0_1,1416,-0.00712015235889531,-0.0008205192264809764
20260917,PRODUCT_POSREG,BASE_OD,9,path_1_to_H,clip_0_1,1428,-0.0019468225034412487,-0.0001867152961282021
20260917,PRODUCT_POSREG,BASE_OD,9,path_1_to_H,clip_0_1,1440,-0.0008146573133330703,7.898402827759824e-05
20260917,PRODUCT_POSREG,BASE_OD,9,path_1_to_H,clip_0_1,1452,-0.0011533084502302418,-8.95686665267629e-05
20260917,PRODUCT_POSREG,BASE_OD,9,path_1_to_H,clip_0_1,1464,0.005336953802253959,0.0033965294998422606
20260917,PRODUCT_POSREG,BASE_OD,9,path_1_to_H,clip_0_1,1476,0.0005707656580111777,-9.763675186459429e-05
20260917,PRODUCT_POSREG,BASE_OD,9,path_1_to_H,clip_0_1,1488,0.0013824779397894112,4.32491866338347e-05
20260917,PRODUCT_POSREG,BASE_OD,9,path_1_to_H,clip_0_1,1500,0.008299418204959894,0.0010121447779372094
20260917,PRODUCT_POSREG,BASE_OD,9,path_1_to_H,clip_0_1,1512,-0.001193595074672064,-0.0004773090575215878
20260917,PRODUCT_POSREG,BASE_OD,9,path_1_to_H,clip_0_1,1524,-0.01044441510219031,-0.0033387925244781607
20260917,PRODUCT_POSREG,BASE_OD,9,path_1_to_H,clip_0_1,1536,-0.0013907340695785367,-0.00021428992185347826
20260917,PRODUCT_POSREG,BASE_OD,9,path_1_to_H,clip_0_1,1548,0.002019823938371904,0.0005112004720376794
20260917,PRODUCT_POSREG,BASE_OD,12,terminal_H,raw,1392,0.0023030567101636782,0.0009752316483606991
20260917,PRODUCT_POSREG,BASE_OD,12,terminal_H,raw,1404,0.0006240531825196077,-4.424239166416068e-05
20260917,PRODUCT_POSREG,BASE_OD,12,terminal_H,raw,1416,-0.0057614876907968625,-0.0007700171771068509
20260917,PRODUCT_POSREG,BASE_OD,12,terminal_H,raw,1428,-0.000739055777207444,7.418501361067544e-06
20260917,PRODUCT_POSREG,BASE_OD,12,terminal_H,raw,1440,-0.0017465337718979136,-0.0001596512607527196
20260917,PRODUCT_POSREG,BASE_OD,12,terminal_H,raw,1452,0.0033959561804561343,0.00014244520695514182
20260917,PRODUCT_POSREG,BASE_OD,12,terminal_H,raw,1464,0.004402045112179057,0.0029772663955966584
20260917,PRODUCT_POSREG,BASE_OD,12,terminal_H,raw,1476,0.003977309478026258,0.0013069465703068744
20260917,PRODUCT_POSREG,BASE_OD,12,terminal_H,raw,1488,-0.0012281118331475913,-0.0001235996281111156
20260917,PRODUCT_POSREG,BASE_OD,12,terminal_H,raw,1500,0.009160918951408534,0.001078767987629582
20260917,PRODUCT_POSREG,BASE_OD,12,terminal_H,raw,1512,-0.002300169927753194,-0.0006459486452751274
20260917,PRODUCT_POSREG,BASE_OD,12,terminal_H,raw,1524,-0.01801195789755658,-0.006704110394045896
20260917,PRODUCT_POSREG,BASE_OD,12,terminal_H,raw,1536,0.000742500358732456,-2.490481775656799e-05
20260917,PRODUCT_POSREG,BASE_OD,12,terminal_H,raw,1548,-0.002701001699076208,-0.0005417673382486479
20260917,PRODUCT_POSREG,BASE_OD,12,terminal_H,clip_0_1,1392,0.0023122083271317592,0.0009752546801863099
20260917,PRODUCT_POSREG,BASE_OD,12,terminal_H,clip_0_1,1404,0.0006240531825196077,-4.424239166416068e-05
20260917,PRODUCT_POSREG,BASE_OD,12,terminal_H,clip_0_1,1416,-0.0057614876907968625,-0.0007700171771068509
20260917,PRODUCT_POSREG,BASE_OD,12,terminal_H,clip_0_1,1428,-0.0006291094558500636,1.8917577378410486e-05
20260917,PRODUCT_POSREG,BASE_OD,12,terminal_H,clip_0_1,1440,-0.0017465337718979136,-0.0001596512607527196
20260917,PRODUCT_POSREG,BASE_OD,12,terminal_H,clip_0_1,1452,0.0033559953267006605,0.00014144122135079787
20260917,PRODUCT_POSREG,BASE_OD,12,terminal_H,clip_0_1,1464,0.004402045112179057,0.0029772663955966584
20260917,PRODUCT_POSREG,BASE_OD,12,terminal_H,clip_0_1,1476,0.003993221133924182,0.0013070161950250632
20260917,PRODUCT_POSREG,BASE_OD,12,terminal_H,clip_0_1,1488,-0.0012281118331475913,-0.0001235996281111156
20260917,PRODUCT_POSREG,BASE_OD,12,terminal_H,clip_0_1,1500,0.009160918951408534,0.001078767987629582
20260917,PRODUCT_POSREG,BASE_OD,12,terminal_H,clip_0_1,1512,-0.002291083992355779,-0.0006459259428640647
20260917,PRODUCT_POSREG,BASE_OD,12,terminal_H,clip_0_1,1524,-0.01801195789755658,-0.006704110394045896
20260917,PRODUCT_POSREG,BASE_OD,12,terminal_H,clip_0_1,1536,0.000742500358732456,-2.490481775656799e-05
20260917,PRODUCT_POSREG,BASE_OD,12,terminal_H,clip_0_1,1548,-0.002793349640691573,-0.0005548223821675067
20260917,PRODUCT_POSREG,BASE_OD,12,path_1_to_H,raw,1392,0.002982990090604241,0.0005193930870279411
20260917,PRODUCT_POSREG,BASE_OD,12,path_1_to_H,raw,1404,-0.0010829125151649336,-0.00011988462178541473
20260917,PRODUCT_POSREG,BASE_OD,12,path_1_to_H,raw,1416,-0.00744874635330568,-0.0008483314700033215
20260917,PRODUCT_POSREG,BASE_OD,12,path_1_to_H,raw,1428,-0.0017494387826781142,-0.00014240304126438686
20260917,PRODUCT_POSREG,BASE_OD,12,path_1_to_H,raw,1440,-0.0012676890913069794,1.1387603860330162e-05
20260917,PRODUCT_POSREG,BASE_OD,12,path_1_to_H,raw,1452,-0.0003147116167119602,-5.130016060925687e-05
20260917,PRODUCT_POSREG,BASE_OD,12,path_1_to_H,raw,1464,0.005506113773507957,0.0034965551241212776
20260917,PRODUCT_POSREG,BASE_OD,12,path_1_to_H,raw,1476,0.0013351457716233813,0.00015230834859873493
20260917,PRODUCT_POSREG,BASE_OD,12,path_1_to_H,raw,1488,0.0005786141395117669,-2.5081250824944364e-05
20260917,PRODUCT_POSREG,BASE_OD,12,path_1_to_H,raw,1500,0.008860132546810782,0.001156645270573977
20260917,PRODUCT_POSREG,BASE_OD,12,path_1_to_H,raw,1512,-0.0016264062911667582,-0.0005237640570297607
20260917,PRODUCT_POSREG,BASE_OD,12,path_1_to_H,raw,1524,-0.012455916510463374,-0.004163838161195773
20260917,PRODUCT_POSREG,BASE_OD,12,path_1_to_H,raw,1536,-0.0014533595303024836,-0.0002523261648114858
20260917,PRODUCT_POSREG,BASE_OD,12,path_1_to_H,raw,1548,0.00107394503463553,0.0003433016495901069
20260917,PRODUCT_POSREG,BASE_OD,12,path_1_to_H,clip_0_1,1392,0.00301472828824598,0.0005198656700297526
20260917,PRODUCT_POSREG,BASE_OD,12,path_1_to_H,clip_0_1,1404,-0.0010836847938883011,-0.00011988658995302241
20260917,PRODUCT_POSREG,BASE_OD,12,path_1_to_H,clip_0_1,1416,-0.007383546513555454,-0.0008435371203586024
20260917,PRODUCT_POSREG,BASE_OD,12,path_1_to_H,clip_0_1,1428,-0.0017093935994915781,-0.00013546208812658417
20260917,PRODUCT_POSREG,BASE_OD,12,path_1_to_H,clip_0_1,1440,-0.001250332016135188,1.261408507198016e-05
20260917,PRODUCT_POSREG,BASE_OD,12,path_1_to_H,clip_0_1,1452,-0.00034157316258175293,-5.1687186997866744e-05
20260917,PRODUCT_POSREG,BASE_OD,12,path_1_to_H,clip_0_1,1464,0.005518749456429165,0.003496557616025259
20260917,PRODUCT_POSREG,BASE_OD,12,path_1_to_H,clip_0_1,1476,0.0013494735541198406,0.00015256415183724576
20260917,PRODUCT_POSREG,BASE_OD,12,path_1_to_H,clip_0_1,1488,0.0006135924878227254,-2.4865859192352766e-05
20260917,PRODUCT_POSREG,BASE_OD,12,path_1_to_H,clip_0_1,1500,0.008860740664129417,0.0011568192577517823
20260917,PRODUCT_POSREG,BASE_OD,12,path_1_to_H,clip_0_1,1512,-0.0015905049829306424,-0.000514202687081895
20260917,PRODUCT_POSREG,BASE_OD,12,path_1_to_H,clip_0_1,1524,-0.012454648389434702,-0.004163787252081771
20260917,PRODUCT_POSREG,BASE_OD,12,path_1_to_H,clip_0_1,1536,-0.0014533595303024836,-0.0002523261648114858
20260917,PRODUCT_POSREG,BASE_OD,12,path_1_to_H,clip_0_1,1548,0.0010483657890802234,0.00033846430270772885
20260917,PRODUCT_POSREG,PRODUCT_MSE,3,terminal_H,raw,1392,-0.002271818062687149,-7.329399768159772e-06
20260917,PRODUCT_POSREG,PRODUCT_MSE,3,terminal_H,raw,1404,-8.719826908551861e-05,1.4419126131111866e-05
20260917,PRODUCT_POSREG,PRODUCT_MSE,3,terminal_H,raw,1416,0.0001312128515400266,-3.495416941762262e-05
20260917,PRODUCT_POSREG,PRODUCT_MSE,3,terminal_H,raw,1428,0.0039829742230294745,0.0005027354711011906
20260917,PRODUCT_POSREG,PRODUCT_MSE,3,terminal_H,raw,1440,-0.0029545331674793673,-0.0003183131645314123
20260917,PRODUCT_POSREG,PRODUCT_MSE,3,terminal_H,raw,1452,0.001416533060725,3.278028739603541e-05
20260917,PRODUCT_POSREG,PRODUCT_MSE,3,terminal_H,raw,1464,0.00031252460848392677,-0.0014787842874318079
20260917,PRODUCT_POSREG,PRODUCT_MSE,3,terminal_H,raw,1476,0.001494741837646956,0.000470049268515772
20260917,PRODUCT_POSREG,PRODUCT_MSE,3,terminal_H,raw,1488,-0.0005962201216983325,3.283159654931396e-05
20260917,PRODUCT_POSREG,PRODUCT_MSE,3,terminal_H,raw,1500,0.0026841303879197244,0.0002579736341338731
20260917,PRODUCT_POSREG,PRODUCT_MSE,3,terminal_H,raw,1512,-0.0006381341615890724,-7.313042822997686e-05
20260917,PRODUCT_POSREG,PRODUCT_MSE,3,terminal_H,raw,1524,-0.0036662290791221633,-0.0005668814364454751
20260917,PRODUCT_POSREG,PRODUCT_MSE,3,terminal_H,raw,1536,0.0026138487178723204,0.0004139823722686419
20260917,PRODUCT_POSREG,PRODUCT_MSE,3,terminal_H,raw,1548,-0.000985007641618078,-0.00022140300354028241
20260917,PRODUCT_POSREG,PRODUCT_MSE,3,terminal_H,clip_0_1,1392,-0.002404792012975694,-9.307762865423397e-06
20260917,PRODUCT_POSREG,PRODUCT_MSE,3,terminal_H,clip_0_1,1404,-8.719826908551861e-05,1.4419126131111866e-05
20260917,PRODUCT_POSREG,PRODUCT_MSE,3,terminal_H,clip_0_1,1416,0.0001604067895954898,-3.479880485834165e-05
20260917,PRODUCT_POSREG,PRODUCT_MSE,3,terminal_H,clip_0_1,1428,0.003920597047882592,0.000501502368630232
20260917,PRODUCT_POSREG,PRODUCT_MSE,3,terminal_H,clip_0_1,1440,-0.0031670493442597764,-0.0003253229806792989
20260917,PRODUCT_POSREG,PRODUCT_MSE,3,terminal_H,clip_0_1,1452,0.0013724423504082673,3.231218168253325e-05
20260917,PRODUCT_POSREG,PRODUCT_MSE,3,terminal_H,clip_0_1,1464,0.00036327214380773686,-0.0014745168757134613
20260917,PRODUCT_POSREG,PRODUCT_MSE,3,terminal_H,clip_0_1,1476,0.0015013894344600171,0.00047018448909383326
20260917,PRODUCT_POSREG,PRODUCT_MSE,3,terminal_H,clip_0_1,1488,-0.0005667799672667709,3.2949622122664405e-05
20260917,PRODUCT_POSREG,PRODUCT_MSE,3,terminal_H,clip_0_1,1500,0.0026129758909609947,0.0002442666049214169
20260917,PRODUCT_POSREG,PRODUCT_MSE,3,terminal_H,clip_0_1,1512,-0.0007202936052339688,-0.00012498857489612707
20260917,PRODUCT_POSREG,PRODUCT_MSE,3,terminal_H,clip_0_1,1524,-0.0036662290791221633,-0.0005668814364454751
20260917,PRODUCT_POSREG,PRODUCT_MSE,3,terminal_H,clip_0_1,1536,0.0026138487178723204,0.0004139823722686419
20260917,PRODUCT_POSREG,PRODUCT_MSE,3,terminal_H,clip_0_1,1548,-0.000985007641618078,-0.00022140300354028241
20260917,PRODUCT_POSREG,PRODUCT_MSE,3,path_1_to_H,raw,1392,-0.0018442654628225816,-0.00014129433816437246
20260917,PRODUCT_POSREG,PRODUCT_MSE,3,path_1_to_H,raw,1404,0.0008666041443092262,6.974648323358857e-05
20260917,PRODUCT_POSREG,PRODUCT_MSE,3,path_1_to_H,raw,1416,0.0007198461519958476,8.477920593833009e-06
20260917,PRODUCT_POSREG,PRODUCT_MSE,3,path_1_to_H,raw,1428,0.00232828027608332,0.00026856850957851063
20260917,PRODUCT_POSREG,PRODUCT_MSE,3,path_1_to_H,raw,1440,-0.0006871657830793518,-9.475841989445265e-05
20260917,PRODUCT_POSREG,PRODUCT_MSE,3,path_1_to_H,raw,1452,0.000569655408482288,-7.808550758965052e-05
20260917,PRODUCT_POSREG,PRODUCT_MSE,3,path_1_to_H,raw,1464,0.0010159015273593305,-0.0006708136069449691
20260917,PRODUCT_POSREG,PRODUCT_MSE,3,path_1_to_H,raw,1476,0.002499023114856297,0.0004541536041040643
20260917,PRODUCT_POSREG,PRODUCT_MSE,3,path_1_to_H,raw,1488,-0.0005003837019962872,2.2514840700337042e-05
20260917,PRODUCT_POSREG,PRODUCT_MSE,3,path_1_to_H,raw,1500,0.0010199632528391884,2.4537558792998183e-05
20260917,PRODUCT_POSREG,PRODUCT_MSE,3,path_1_to_H,raw,1512,-1.8160019373738097e-05,-0.0001915308926781326
20260917,PRODUCT_POSREG,PRODUCT_MSE,3,path_1_to_H,raw,1524,-0.0018125175039293128,-0.0003991053887451041
20260917,PRODUCT_POSREG,PRODUCT_MSE,3,path_1_to_H,raw,1536,0.0011865373390379985,0.00027663660626537116
20260917,PRODUCT_POSREG,PRODUCT_MSE,3,path_1_to_H,raw,1548,0.000312957474826459,0.00037350020938175767
20260917,PRODUCT_POSREG,PRODUCT_MSE,3,path_1_to_H,clip_0_1,1392,-0.0019478484639577458,-0.00014381762765051345
20260917,PRODUCT_POSREG,PRODUCT_MSE,3,path_1_to_H,clip_0_1,1404,0.0008519648799293854,6.885089153396072e-05
20260917,PRODUCT_POSREG,PRODUCT_MSE,3,path_1_to_H,clip_0_1,1416,0.0007154323923211328,8.2751341034542e-06
20260917,PRODUCT_POSREG,PRODUCT_MSE,3,path_1_to_H,clip_0_1,1428,0.002291426429139045,0.0002680472640982282
20260917,PRODUCT_POSREG,PRODUCT_MSE,3,path_1_to_H,clip_0_1,1440,-0.0008381630815409448,-9.86334205933099e-05
20260917,PRODUCT_POSREG,PRODUCT_MSE,3,path_1_to_H,clip_0_1,1452,0.0005480943986267312,-7.832455458127307e-05
20260917,PRODUCT_POSREG,PRODUCT_MSE,3,path_1_to_H,clip_0_1,1464,0.0010641679534100334,-0.0006688316333417274
20260917,PRODUCT_POSREG,PRODUCT_MSE,3,path_1_to_H,clip_0_1,1476,0.0025069006921406025,0.00045428900810691187
20260917,PRODUCT_POSREG,PRODUCT_MSE,3,path_1_to_H,clip_0_1,1488,-0.0005157803962633414,2.2053187124923782e-05
20260917,PRODUCT_POSREG,PRODUCT_MSE,3,path_1_to_H,clip_0_1,1500,0.001007421292338372,1.9470263598791254e-05
20260917,PRODUCT_POSREG,PRODUCT_MSE,3,path_1_to_H,clip_0_1,1512,-9.235526641901769e-05,-0.00023015971752198805
20260917,PRODUCT_POSREG,PRODUCT_MSE,3,path_1_to_H,clip_0_1,1524,-0.00183414389740937,-0.0003999285238965266
20260917,PRODUCT_POSREG,PRODUCT_MSE,3,path_1_to_H,clip_0_1,1536,0.0011865373390379985,0.00027663660626537116
20260917,PRODUCT_POSREG,PRODUCT_MSE,3,path_1_to_H,clip_0_1,1548,0.000312957474826459,0.00037350020938175767
20260917,PRODUCT_POSREG,PRODUCT_MSE,6,terminal_H,raw,1392,0.004138846258214788,0.00042164301504934716
20260917,PRODUCT_POSREG,PRODUCT_MSE,6,terminal_H,raw,1404,0.0022573561140766737,0.0004351091122217182
20260917,PRODUCT_POSREG,PRODUCT_MSE,6,terminal_H,raw,1416,-0.004229813998949408,-0.0005303385788612201
20260917,PRODUCT_POSREG,PRODUCT_MSE,6,terminal_H,raw,1428,0.00625970612974439,0.0008489885437711435
20260917,PRODUCT_POSREG,PRODUCT_MSE,6,terminal_H,raw,1440,-0.0036722075879028894,-0.0003401688170226463
20260917,PRODUCT_POSREG,PRODUCT_MSE,6,terminal_H,raw,1452,0.005301371168557525,0.000436467935215093
20260917,PRODUCT_POSREG,PRODUCT_MSE,6,terminal_H,raw,1464,-0.0029565855976055665,-0.0031395783625970076
20260917,PRODUCT_POSREG,PRODUCT_MSE,6,terminal_H,raw,1476,0.002217906088354517,0.0006450624509091503
20260917,PRODUCT_POSREG,PRODUCT_MSE,6,terminal_H,raw,1488,-0.0002443797928141781,0.00026005975443682094
20260917,PRODUCT_POSREG,PRODUCT_MSE,6,terminal_H,raw,1500,0.007111555933024015,0.0010523653860501395
20260917,PRODUCT_POSREG,PRODUCT_MSE,6,terminal_H,raw,1512,-0.0020461167067931858,-0.00031635893060755964
20260917,PRODUCT_POSREG,PRODUCT_MSE,6,terminal_H,raw,1524,-0.0077852170479171335,-0.0021291028121868914
20260917,PRODUCT_POSREG,PRODUCT_MSE,6,terminal_H,raw,1536,0.0015201711587789826,0.00029074848780713937
20260917,PRODUCT_POSREG,PRODUCT_MSE,6,terminal_H,raw,1548,0.0018196718954341608,0.00017712083341864436
20260917,PRODUCT_POSREG,PRODUCT_MSE,6,terminal_H,clip_0_1,1392,0.0038823970376318812,0.0004117628019520473
20260917,PRODUCT_POSREG,PRODUCT_MSE,6,terminal_H,clip_0_1,1404,0.0022573561140766737,0.0004351091122217182
20260917,PRODUCT_POSREG,PRODUCT_MSE,6,terminal_H,clip_0_1,1416,-0.0040830183173790925,-0.0005196010949061831
20260917,PRODUCT_POSREG,PRODUCT_MSE,6,terminal_H,clip_0_1,1428,0.006211648887064131,0.0008483534316632853
20260917,PRODUCT_POSREG,PRODUCT_MSE,6,terminal_H,clip_0_1,1440,-0.003898812017518395,-0.00034935781445936763
20260917,PRODUCT_POSREG,PRODUCT_MSE,6,terminal_H,clip_0_1,1452,0.005261323990506895,0.0004360268966858928
20260917,PRODUCT_POSREG,PRODUCT_MSE,6,terminal_H,clip_0_1,1464,-0.0029279119806056367,-0.0031393289648232437
20260917,PRODUCT_POSREG,PRODUCT_MSE,6,terminal_H,clip_0_1,1476,0.0022101296193622836,0.0006450022167949601
20260917,PRODUCT_POSREG,PRODUCT_MSE,6,terminal_H,clip_0_1,1488,-0.00028295276614639345,0.00025993148798754873
20260917,PRODUCT_POSREG,PRODUCT_MSE,6,terminal_H,clip_0_1,1500,0.007106182357205399,0.001052357445337943
20260917,PRODUCT_POSREG,PRODUCT_MSE,6,terminal_H,clip_0_1,1512,-0.0020420170192509504,-0.00033953742902698034
20260917,PRODUCT_POSREG,PRODUCT_MSE,6,terminal_H,clip_0_1,1524,-0.007776908858420469,-0.0021283914808880398
20260917,PRODUCT_POSREG,PRODUCT_MSE,6,terminal_H,clip_0_1,1536,0.0015201711587789826,0.00029074848780713937
20260917,PRODUCT_POSREG,PRODUCT_MSE,6,terminal_H,clip_0_1,1548,0.0018196718954341608,0.00017712083341864436
20260917,PRODUCT_POSREG,PRODUCT_MSE,6,path_1_to_H,raw,1392,0.0007045706193402696,6.066352212413311e-05
20260917,PRODUCT_POSREG,PRODUCT_MSE,6,path_1_to_H,raw,1404,0.0014943455085207954,0.00020792312147513046
20260917,PRODUCT_POSREG,PRODUCT_MSE,6,path_1_to_H,raw,1416,-0.001623556426312337,-0.00022310217354752488
20260917,PRODUCT_POSREG,PRODUCT_MSE,6,path_1_to_H,raw,1428,0.0041480462213711825,0.00048006372499965854
20260917,PRODUCT_POSREG,PRODUCT_MSE,6,path_1_to_H,raw,1440,-0.0025310015232160965,-0.0002687405297075566
20260917,PRODUCT_POSREG,PRODUCT_MSE,6,path_1_to_H,raw,1452,0.00192390031890221,5.03614918358036e-05
20260917,PRODUCT_POSREG,PRODUCT_MSE,6,path_1_to_H,raw,1464,0.0002902417666654971,-0.001313863860398412
20260917,PRODUCT_POSREG,PRODUCT_MSE,6,path_1_to_H,raw,1476,0.0020569859813494105,0.00042156463792315894
20260917,PRODUCT_POSREG,PRODUCT_MSE,6,path_1_to_H,raw,1488,-0.0001527105407554548,0.00010650772940308635
20260917,PRODUCT_POSREG,PRODUCT_MSE,6,path_1_to_H,raw,1500,0.0034333170163438937,0.00039614595977823224
20260917,PRODUCT_POSREG,PRODUCT_MSE,6,path_1_to_H,raw,1512,-0.0005486526399234038,-0.00016925388866066653
20260917,PRODUCT_POSREG,PRODUCT_MSE,6,path_1_to_H,raw,1524,-0.004790437145388006,-0.0016615761437747173
20260917,PRODUCT_POSREG,PRODUCT_MSE,6,path_1_to_H,raw,1536,0.0011054824268549332,0.000248681885663208
20260917,PRODUCT_POSREG,PRODUCT_MSE,6,path_1_to_H,raw,1548,0.0001862279422416598,0.0002805287093500726
20260917,PRODUCT_POSREG,PRODUCT_MSE,6,path_1_to_H,clip_0_1,1392,0.0005469812840536619,5.538734094375417e-05
20260917,PRODUCT_POSREG,PRODUCT_MSE,6,path_1_to_H,clip_0_1,1404,0.001487025876330875,0.00020747532562531655
20260917,PRODUCT_POSREG,PRODUCT_MSE,6,path_1_to_H,clip_0_1,1416,-0.0015688023076914693,-0.0002190682480487985
20260917,PRODUCT_POSREG,PRODUCT_MSE,6,path_1_to_H,clip_0_1,1428,0.004103562679363748,0.00047942850910458423
20260917,PRODUCT_POSREG,PRODUCT_MSE,6,path_1_to_H,clip_0_1,1440,-0.0027209416533196715,-0.0002751261531361937
20260917,PRODUCT_POSREG,PRODUCT_MSE,6,path_1_to_H,clip_0_1,1452,0.0018967557044865884,5.009949063349593e-05
20260917,PRODUCT_POSREG,PRODUCT_MSE,6,path_1_to_H,clip_0_1,1464,0.00033004464397750515,-0.0013127370271877451
20260917,PRODUCT_POSREG,PRODUCT_MSE,6,path_1_to_H,clip_0_1,1476,0.0020559137687254946,0.0004214036144441525
20260917,PRODUCT_POSREG,PRODUCT_MSE,6,path_1_to_H,clip_0_1,1488,-0.0002504273014607593,0.00010514018538352396
20260917,PRODUCT_POSREG,PRODUCT_MSE,6,path_1_to_H,clip_0_1,1500,0.0034093310823125624,0.000391597162955328
20260917,PRODUCT_POSREG,PRODUCT_MSE,6,path_1_to_H,clip_0_1,1512,-0.0005881157505068718,-0.00020813468309630558
20260917,PRODUCT_POSREG,PRODUCT_MSE,6,path_1_to_H,clip_0_1,1524,-0.004797561524814779,-0.001661860396342264
20260917,PRODUCT_POSREG,PRODUCT_MSE,6,path_1_to_H,clip_0_1,1536,0.0011054824268549332,0.000248681885663208
20260917,PRODUCT_POSREG,PRODUCT_MSE,6,path_1_to_H,clip_0_1,1548,0.0001862279422416598,0.0002805287093500726
20260917,PRODUCT_POSREG,PRODUCT_MSE,9,terminal_H,raw,1392,-9.295038569947612e-05,0.0001655414759440125
20260917,PRODUCT_POSREG,PRODUCT_MSE,9,terminal_H,raw,1404,0.005487878989777976,0.0005343690861930573
20260917,PRODUCT_POSREG,PRODUCT_MSE,9,terminal_H,raw,1416,-0.0017248952381027386,-0.00024776789465118156
20260917,PRODUCT_POSREG,PRODUCT_MSE,9,terminal_H,raw,1428,0.007257439768803391,0.0007938406567072641
20260917,PRODUCT_POSREG,PRODUCT_MSE,9,terminal_H,raw,1440,0.0010425420450412854,0.00023160361628531956
20260917,PRODUCT_POSREG,PRODUCT_MSE,9,terminal_H,raw,1452,0.008880784450560763,0.0011347515524471182
20260917,PRODUCT_POSREG,PRODUCT_MSE,9,terminal_H,raw,1464,-0.005457983794181513,-0.0033205614920638294
20260917,PRODUCT_POSREG,PRODUCT_MSE,9,terminal_H,raw,1476,0.0030247021864092337,0.00097810285149521
20260917,PRODUCT_POSREG,PRODUCT_MSE,9,terminal_H,raw,1488,-0.007293493250773634,-0.0006647240852367885
20260917,PRODUCT_POSREG,PRODUCT_MSE,9,terminal_H,raw,1500,0.003770218417612954,0.0005967847702369109
20260917,PRODUCT_POSREG,PRODUCT_MSE,9,terminal_H,raw,1512,0.004433829668983691,0.0022087961371962113
20260917,PRODUCT_POSREG,PRODUCT_MSE,9,terminal_H,raw,1524,-0.011649090195343683,-0.003548087813482017
20260917,PRODUCT_POSREG,PRODUCT_MSE,9,terminal_H,raw,1536,0.0006592824466668366,0.00025662158220108976
20260917,PRODUCT_POSREG,PRODUCT_MSE,9,terminal_H,raw,1548,0.0033348421134853376,0.0008443608070445643
20260917,PRODUCT_POSREG,PRODUCT_MSE,9,terminal_H,clip_0_1,1392,-0.0002666672588120733,0.00015877763836212797
20260917,PRODUCT_POSREG,PRODUCT_MSE,9,terminal_H,clip_0_1,1404,0.005487878989777976,0.0005343690861930573
20260917,PRODUCT_POSREG,PRODUCT_MSE,9,terminal_H,clip_0_1,1416,-0.0017452475280094176,-0.0002478818039699041
20260917,PRODUCT_POSREG,PRODUCT_MSE,9,terminal_H,clip_0_1,1428,0.0071586668124620926,0.0007764362583858467
20260917,PRODUCT_POSREG,PRODUCT_MSE,9,terminal_H,clip_0_1,1440,0.0009555857580027501,0.0002295242324250493
20260917,PRODUCT_POSREG,PRODUCT_MSE,9,terminal_H,clip_0_1,1452,0.008860758585781947,0.001134512429794312
20260917,PRODUCT_POSREG,PRODUCT_MSE,9,terminal_H,clip_0_1,1464,-0.00545137389605976,-0.0033204762935969637
20260917,PRODUCT_POSREG,PRODUCT_MSE,9,terminal_H,clip_0_1,1476,0.0030429779123543233,0.0009785258072836337
20260917,PRODUCT_POSREG,PRODUCT_MSE,9,terminal_H,clip_0_1,1488,-0.007276516667241049,-0.0006646448290299678
20260917,PRODUCT_POSREG,PRODUCT_MSE,9,terminal_H,clip_0_1,1500,0.0037638120059555096,0.0005967734836565717
20260917,PRODUCT_POSREG,PRODUCT_MSE,9,terminal_H,clip_0_1,1512,0.0044551276233920625,0.0022101580172459215
20260917,PRODUCT_POSREG,PRODUCT_MSE,9,terminal_H,clip_0_1,1524,-0.011649090195343683,-0.003548087813482017
20260917,PRODUCT_POSREG,PRODUCT_MSE,9,terminal_H,clip_0_1,1536,0.0006592824466668366,0.00025662158220108976
20260917,PRODUCT_POSREG,PRODUCT_MSE,9,terminal_H,clip_0_1,1548,0.0033348421134853376,0.0008443608070445643
20260917,PRODUCT_POSREG,PRODUCT_MSE,9,path_1_to_H,raw,1392,0.0016144992102950573,0.0002014214776534612
20260917,PRODUCT_POSREG,PRODUCT_MSE,9,path_1_to_H,raw,1404,0.0024507105152976488,0.00033162078235462734
20260917,PRODUCT_POSREG,PRODUCT_MSE,9,path_1_to_H,raw,1416,-0.0019026027485724835,-0.0002035425576714262
20260917,PRODUCT_POSREG,PRODUCT_MSE,9,path_1_to_H,raw,1428,0.005122562851522278,0.0006390011575317887
20260917,PRODUCT_POSREG,PRODUCT_MSE,9,path_1_to_H,raw,1440,-0.001218538944005388,-0.00011882763645679451
20260917,PRODUCT_POSREG,PRODUCT_MSE,9,path_1_to_H,raw,1452,0.003745214854053196,0.0002863946441324825
20260917,PRODUCT_POSREG,PRODUCT_MSE,9,path_1_to_H,raw,1464,-0.0010727777015887643,-0.0019463968060834274
20260917,PRODUCT_POSREG,PRODUCT_MSE,9,path_1_to_H,raw,1476,0.0019784901239559803,0.0004995172770683363
20260917,PRODUCT_POSREG,PRODUCT_MSE,9,path_1_to_H,raw,1488,-0.0016593577580464613,-2.1105131062267083e-05
20260917,PRODUCT_POSREG,PRODUCT_MSE,9,path_1_to_H,raw,1500,0.004083083074766235,0.00048323274359412686
20260917,PRODUCT_POSREG,PRODUCT_MSE,9,path_1_to_H,raw,1512,0.0007493360459539095,0.0004897292910706
20260917,PRODUCT_POSREG,PRODUCT_MSE,9,path_1_to_H,raw,1524,-0.006863514580178176,-0.0021192920821731577
20260917,PRODUCT_POSREG,PRODUCT_MSE,9,path_1_to_H,raw,1536,0.0006322744671112848,8.668693075785283e-05
20260917,PRODUCT_POSREG,PRODUCT_MSE,9,path_1_to_H,raw,1548,0.0005859679467332286,0.000328427686701558
20260917,PRODUCT_POSREG,PRODUCT_MSE,9,path_1_to_H,clip_0_1,1392,0.0014394445470240504,0.00019508680030901914
20260917,PRODUCT_POSREG,PRODUCT_MSE,9,path_1_to_H,clip_0_1,1404,0.0024458307605043686,0.00033132225178808474
20260917,PRODUCT_POSREG,PRODUCT_MSE,9,path_1_to_H,clip_0_1,1416,-0.0018464336015871358,-0.00019918831353810487
20260917,PRODUCT_POSREG,PRODUCT_MSE,9,path_1_to_H,clip_0_1,1428,0.005061809077856856,0.0006353470971519037
20260917,PRODUCT_POSREG,PRODUCT_MSE,9,path_1_to_H,clip_0_1,1440,-0.0013986012165814008,-0.0001246123425009906
20260917,PRODUCT_POSREG,PRODUCT_MSE,9,path_1_to_H,clip_0_1,1452,0.003716141070505373,0.00028609047598093833
20260917,PRODUCT_POSREG,PRODUCT_MSE,9,path_1_to_H,clip_0_1,1464,-0.0010395539190909207,-0.0019455341091438008
20260917,PRODUCT_POSREG,PRODUCT_MSE,9,path_1_to_H,clip_0_1,1476,0.001979433989965771,0.0004994505964318888
20260917,PRODUCT_POSREG,PRODUCT_MSE,9,path_1_to_H,clip_0_1,1488,-0.0017177757360551328,-2.1989338347770485e-05
20260917,PRODUCT_POSREG,PRODUCT_MSE,9,path_1_to_H,clip_0_1,1500,0.00405440674117497,0.00047868890364330304
20260917,PRODUCT_POSREG,PRODUCT_MSE,9,path_1_to_H,clip_0_1,1512,0.0007332918442887235,0.0004660348148351773
20260917,PRODUCT_POSREG,PRODUCT_MSE,9,path_1_to_H,clip_0_1,1524,-0.00686826416646269,-0.002119481583884855
20260917,PRODUCT_POSREG,PRODUCT_MSE,9,path_1_to_H,clip_0_1,1536,0.0006322744671112848,8.668693075785283e-05
20260917,PRODUCT_POSREG,PRODUCT_MSE,9,path_1_to_H,clip_0_1,1548,0.0005859679467332286,0.000328427686701558
20260917,PRODUCT_POSREG,PRODUCT_MSE,12,terminal_H,raw,1392,0.0003186996305051054,-0.00010984390573980215
20260917,PRODUCT_POSREG,PRODUCT_MSE,12,terminal_H,raw,1404,0.003936961321697808,0.0004530660528405525
20260917,PRODUCT_POSREG,PRODUCT_MSE,12,terminal_H,raw,1416,-0.00015892059449621425,1.8424157122410174e-05
20260917,PRODUCT_POSREG,PRODUCT_MSE,12,terminal_H,raw,1428,0.003234032495342721,0.00044873447897352735
20260917,PRODUCT_POSREG,PRODUCT_MSE,12,terminal_H,raw,1440,-0.0013291524945028416,-0.00021636855989645178
20260917,PRODUCT_POSREG,PRODUCT_MSE,12,terminal_H,raw,1452,0.002008207520284439,0.00027972622486261415
20260917,PRODUCT_POSREG,PRODUCT_MSE,12,terminal_H,raw,1464,-0.002480732847502676,-0.0015640278799075517
20260917,PRODUCT_POSREG,PRODUCT_MSE,12,terminal_H,raw,1476,0.006817123227122603,0.0020316103994414384
20260917,PRODUCT_POSREG,PRODUCT_MSE,12,terminal_H,raw,1488,-0.006980126044816707,-0.0009535064276205207
20260917,PRODUCT_POSREG,PRODUCT_MSE,12,terminal_H,raw,1500,0.004575505588600227,0.0005648249824123888
20260917,PRODUCT_POSREG,PRODUCT_MSE,12,terminal_H,raw,1512,0.00183729424441084,0.00031414876434192665
20260917,PRODUCT_POSREG,PRODUCT_MSE,12,terminal_H,raw,1524,-0.011046615179103757,-0.003813088829993392
20260917,PRODUCT_POSREG,PRODUCT_MSE,12,terminal_H,raw,1536,0.001630532545380453,0.00021222474613721875
20260917,PRODUCT_POSREG,PRODUCT_MSE,12,terminal_H,raw,1548,0.0007079831411348659,-0.00016476016282051907
20260917,PRODUCT_POSREG,PRODUCT_MSE,12,terminal_H,clip_0_1,1392,0.0003278512474731867,-0.00010982087391419126
20260917,PRODUCT_POSREG,PRODUCT_MSE,12,terminal_H,clip_0_1,1404,0.003936961321697808,0.0004530660528405525
20260917,PRODUCT_POSREG,PRODUCT_MSE,12,terminal_H,clip_0_1,1416,-0.00015892059449621425,1.8424157122410174e-05
20260917,PRODUCT_POSREG,PRODUCT_MSE,12,terminal_H,clip_0_1,1428,0.00318490529049105,0.00044144727796321676
20260917,PRODUCT_POSREG,PRODUCT_MSE,12,terminal_H,clip_0_1,1440,-0.0013291524945028416,-0.00021636855989645178
20260917,PRODUCT_POSREG,PRODUCT_MSE,12,terminal_H,clip_0_1,1452,0.0020339075081121662,0.00027990785944055906
20260917,PRODUCT_POSREG,PRODUCT_MSE,12,terminal_H,clip_0_1,1464,-0.002480732847502676,-0.0015640278799075517
20260917,PRODUCT_POSREG,PRODUCT_MSE,12,terminal_H,clip_0_1,1476,0.006793715641813963,0.0020312548734091355
20260917,PRODUCT_POSREG,PRODUCT_MSE,12,terminal_H,clip_0_1,1488,-0.006980126044816707,-0.0009535064276205207
20260917,PRODUCT_POSREG,PRODUCT_MSE,12,terminal_H,clip_0_1,1500,0.004387741534723258,0.0005368113203338382
20260917,PRODUCT_POSREG,PRODUCT_MSE,12,terminal_H,clip_0_1,1512,0.0017613547979738115,0.0002847558632652282
20260917,PRODUCT_POSREG,PRODUCT_MSE,12,terminal_H,clip_0_1,1524,-0.011046615179103757,-0.003813088829993392
20260917,PRODUCT_POSREG,PRODUCT_MSE,12,terminal_H,clip_0_1,1536,0.001630532545380453,0.00021222474613721875
20260917,PRODUCT_POSREG,PRODUCT_MSE,12,terminal_H,clip_0_1,1548,0.0005718045919203696,-0.0001854289054668513
20260917,PRODUCT_POSREG,PRODUCT_MSE,12,path_1_to_H,raw,1392,0.0010553387818489901,0.00012516754320566822
20260917,PRODUCT_POSREG,PRODUCT_MSE,12,path_1_to_H,raw,1404,0.0028660424893095326,0.0003667562651462772
20260917,PRODUCT_POSREG,PRODUCT_MSE,12,path_1_to_H,raw,1416,-0.0019475829447941162,-0.00021434392431965275
20260917,PRODUCT_POSREG,PRODUCT_MSE,12,path_1_to_H,raw,1428,0.004962626541479126,0.00060575795467153
20260917,PRODUCT_POSREG,PRODUCT_MSE,12,path_1_to_H,raw,1440,-0.001107549351343523,-0.00010603839672972756
20260917,PRODUCT_POSREG,PRODUCT_MSE,12,path_1_to_H,raw,1452,0.003565272684075389,0.0002843363452740406
20260917,PRODUCT_POSREG,PRODUCT_MSE,12,path_1_to_H,raw,1464,-0.001482108830083207,-0.0019202624171519346
20260917,PRODUCT_POSREG,PRODUCT_MSE,12,path_1_to_H,raw,1476,0.0030396115599123147,0.0008254578183718668
20260917,PRODUCT_POSREG,PRODUCT_MSE,12,path_1_to_H,raw,1488,-0.003132265780257159,-0.0002468336635435912
20260917,PRODUCT_POSREG,PRODUCT_MSE,12,path_1_to_H,raw,1500,0.004024137793473816,0.000514322836972626
20260917,PRODUCT_POSREG,PRODUCT_MSE,12,path_1_to_H,raw,1512,0.0012675144257721796,0.0005414276586866467
20260917,PRODUCT_POSREG,PRODUCT_MSE,12,path_1_to_H,raw,1524,-0.008050490129690157,-0.00255008087380945
20260917,PRODUCT_POSREG,PRODUCT_MSE,12,path_1_to_H,raw,1536,0.0004154981970696619,-8.822906450423129e-05
20260917,PRODUCT_POSREG,PRODUCT_MSE,12,path_1_to_H,raw,1548,0.0008503981998584561,0.00029087584062344364
20260917,PRODUCT_POSREG,PRODUCT_MSE,12,path_1_to_H,clip_0_1,1392,0.0009216846719452425,0.00012038621254083985
20260917,PRODUCT_POSREG,PRODUCT_MSE,12,path_1_to_H,clip_0_1,1404,0.0028623826732145728,0.0003665323672213702
20260917,PRODUCT_POSREG,PRODUCT_MSE,12,path_1_to_H,clip_0_1,1416,-0.0019056288863069318,-0.00021107833975913168
20260917,PRODUCT_POSREG,PRODUCT_MSE,12,path_1_to_H,clip_0_1,1428,0.004902438288296069,0.0005998651970418418
20260917,PRODUCT_POSREG,PRODUCT_MSE,12,path_1_to_H,clip_0_1,1440,-0.0012425960557755327,-0.00011037692626287463
20260917,PRODUCT_POSREG,PRODUCT_MSE,12,path_1_to_H,clip_0_1,1452,0.0035473651999371357,0.000284128524196683
20260917,PRODUCT_POSREG,PRODUCT_MSE,12,path_1_to_H,clip_0_1,1464,-0.0014571909932098244,-0.0019196153944472149
20260917,PRODUCT_POSREG,PRODUCT_MSE,12,path_1_to_H,clip_0_1,1476,0.003042880724156009,0.0008254533383631942
20260917,PRODUCT_POSREG,PRODUCT_MSE,12,path_1_to_H,clip_0_1,1488,-0.0031751570766981436,-0.00024749401259207215
20260917,PRODUCT_POSREG,PRODUCT_MSE,12,path_1_to_H,clip_0_1,1500,0.003983767479625027,0.0005080757103618043
20260917,PRODUCT_POSREG,PRODUCT_MSE,12,path_1_to_H,clip_0_1,1512,0.0012426747069778565,0.0005184781589320133
20260917,PRODUCT_POSREG,PRODUCT_MSE,12,path_1_to_H,clip_0_1,1524,-0.008054052319403544,-0.0025502230000932235
20260917,PRODUCT_POSREG,PRODUCT_MSE,12,path_1_to_H,clip_0_1,1536,0.0004154981970696619,-8.822906450423129e-05
20260917,PRODUCT_POSREG,PRODUCT_MSE,12,path_1_to_H,clip_0_1,1548,0.0008088924690283177,0.00028255999881357383
20260917,PRODUCT_POSREG,PRODUCT_MIX,3,terminal_H,raw,1392,-0.000828106979327451,1.8297880154741825e-05
20260917,PRODUCT_POSREG,PRODUCT_MIX,3,terminal_H,raw,1404,-0.0002467160447347331,1.7969558523835807e-05
20260917,PRODUCT_POSREG,PRODUCT_MIX,3,terminal_H,raw,1416,0.000737018929585498,-8.633509411267584e-05
20260917,PRODUCT_POSREG,PRODUCT_MIX,3,terminal_H,raw,1428,0.0009614207821774861,0.0002264514695940659
20260917,PRODUCT_POSREG,PRODUCT_MIX,3,terminal_H,raw,1440,0.0003426772899684819,-9.81077226169335e-05
20260917,PRODUCT_POSREG,PRODUCT_MIX,3,terminal_H,raw,1452,0.0011411261422261195,7.6355005789541e-05
20260917,PRODUCT_POSREG,PRODUCT_MIX,3,terminal_H,raw,1464,0.0021514027338911715,0.002177582025594893
20260917,PRODUCT_POSREG,PRODUCT_MIX,3,terminal_H,raw,1476,-0.0054859394435991535,-0.0006394613456643315
20260917,PRODUCT_POSREG,PRODUCT_MIX,3,terminal_H,raw,1488,-0.004178767830445215,-0.00015893397294326086
20260917,PRODUCT_POSREG,PRODUCT_MIX,3,terminal_H,raw,1500,-0.0012741892117846287,-1.5420822749587733e-05
20260917,PRODUCT_POSREG,PRODUCT_MIX,3,terminal_H,raw,1512,0.003165004666891424,0.0016768826656065204
20260917,PRODUCT_POSREG,PRODUCT_MIX,3,terminal_H,raw,1524,-0.001229852842088957,-0.00013996376622443224
20260917,PRODUCT_POSREG,PRODUCT_MIX,3,terminal_H,raw,1536,-0.00028155952708726676,-1.1677359394083773e-06
20260917,PRODUCT_POSREG,PRODUCT_MIX,3,terminal_H,raw,1548,0.0004289332287297333,0.0001863512609589827
20260917,PRODUCT_POSREG,PRODUCT_MIX,3,terminal_H,clip_0_1,1392,-0.0009220150587573716,1.4347828218033746e-05
20260917,PRODUCT_POSREG,PRODUCT_MIX,3,terminal_H,clip_0_1,1404,-0.0002467160447347331,1.7969558523835807e-05
20260917,PRODUCT_POSREG,PRODUCT_MIX,3,terminal_H,clip_0_1,1416,0.0007671947979033718,-8.617946440195881e-05
20260917,PRODUCT_POSREG,PRODUCT_MIX,3,terminal_H,clip_0_1,1428,0.0009362390999050952,0.00022621124319505717
20260917,PRODUCT_POSREG,PRODUCT_MIX,3,terminal_H,clip_0_1,1440,0.0002659080378180153,-9.934618449889776e-05
20260917,PRODUCT_POSREG,PRODUCT_MIX,3,terminal_H,clip_0_1,1452,0.001114382618289876,7.61477831600751e-05
20260917,PRODUCT_POSREG,PRODUCT_MIX,3,terminal_H,clip_0_1,1464,0.0021661929338102916,0.0021809287250130613
20260917,PRODUCT_POSREG,PRODUCT_MIX,3,terminal_H,clip_0_1,1476,-0.0054920164753734305,-0.0006396062254158419
20260917,PRODUCT_POSREG,PRODUCT_MIX,3,terminal_H,clip_0_1,1488,-0.004276247462738851,-0.0001621125220712065
20260917,PRODUCT_POSREG,PRODUCT_MIX,3,terminal_H,clip_0_1,1500,-0.0012423349810702967,-1.2319859430207365e-05
20260917,PRODUCT_POSREG,PRODUCT_MIX,3,terminal_H,clip_0_1,1512,0.0029869217060822383,0.0016491760797491812
20260917,PRODUCT_POSREG,PRODUCT_MIX,3,terminal_H,clip_0_1,1524,-0.001229852842088957,-0.00013996376622443224
20260917,PRODUCT_POSREG,PRODUCT_MIX,3,terminal_H,clip_0_1,1536,-0.00028155952708726676,-1.1677359394083773e-06
20260917,PRODUCT_POSREG,PRODUCT_MIX,3,terminal_H,clip_0_1,1548,0.0004289332287297333,0.0001863512609589827
20260917,PRODUCT_POSREG,PRODUCT_MIX,3,path_1_to_H,raw,1392,-0.0010434731470771506,-5.990390888671613e-05
20260917,PRODUCT_POSREG,PRODUCT_MIX,3,path_1_to_H,raw,1404,0.0004367894983852284,4.727218050982691e-05
20260917,PRODUCT_POSREG,PRODUCT_MIX,3,path_1_to_H,raw,1416,0.0011663521106575585,1.981247640111123e-05
20260917,PRODUCT_POSREG,PRODUCT_MIX,3,path_1_to_H,raw,1428,0.00019519552529326023,4.2582913766602857e-05
20260917,PRODUCT_POSREG,PRODUCT_MIX,3,path_1_to_H,raw,1440,-6.151340042002608e-05,-6.634163082858562e-05
20260917,PRODUCT_POSREG,PRODUCT_MIX,3,path_1_to_H,raw,1452,0.00023115335565125582,-2.1086247196045688e-05
20260917,PRODUCT_POSREG,PRODUCT_MIX,3,path_1_to_H,raw,1464,0.0014981499414384622,0.0015032602910988978
20260917,PRODUCT_POSREG,PRODUCT_MIX,3,path_1_to_H,raw,1476,-0.003974457221851859,-0.0003799639674691327
20260917,PRODUCT_POSREG,PRODUCT_MIX,3,path_1_to_H,raw,1488,-0.003299924761991879,-0.00011980917946511649
20260917,PRODUCT_POSREG,PRODUCT_MIX,3,path_1_to_H,raw,1500,-0.0017007952703608556,-0.00010020065043261678
20260917,PRODUCT_POSREG,PRODUCT_MIX,3,path_1_to_H,raw,1512,0.0017079479002986221,0.0007454555380391467
20260917,PRODUCT_POSREG,PRODUCT_MIX,3,path_1_to_H,raw,1524,-0.0009573851322908994,-0.0002037656253602586
20260917,PRODUCT_POSREG,PRODUCT_MIX,3,path_1_to_H,raw,1536,0.00020499494837476474,8.506861275964243e-05
20260917,PRODUCT_POSREG,PRODUCT_MIX,3,path_1_to_H,raw,1548,0.000428369610849234,0.0003532482297340571
20260917,PRODUCT_POSREG,PRODUCT_MIX,3,path_1_to_H,clip_0_1,1392,-0.0011103429019237718,-6.312959035948374e-05
20260917,PRODUCT_POSREG,PRODUCT_MIX,3,path_1_to_H,clip_0_1,1404,0.0004351016149241144,4.708698445277592e-05
20260917,PRODUCT_POSREG,PRODUCT_MIX,3,path_1_to_H,clip_0_1,1416,0.0011832369614407923,1.999396477728482e-05
20260917,PRODUCT_POSREG,PRODUCT_MIX,3,path_1_to_H,clip_0_1,1428,0.0001857388223703952,4.250237202899709e-05
20260917,PRODUCT_POSREG,PRODUCT_MIX,3,path_1_to_H,clip_0_1,1440,-0.00012004574673132785,-6.696057444703224e-05
20260917,PRODUCT_POSREG,PRODUCT_MIX,3,path_1_to_H,clip_0_1,1452,0.0002252985243423403,-2.113500514988294e-05
20260917,PRODUCT_POSREG,PRODUCT_MIX,3,path_1_to_H,clip_0_1,1464,0.0015271434599590807,0.0015049028365325655
20260917,PRODUCT_POSREG,PRODUCT_MIX,3,path_1_to_H,clip_0_1,1476,-0.003965628808245029,-0.0003798578009731449
20260917,PRODUCT_POSREG,PRODUCT_MIX,3,path_1_to_H,clip_0_1,1488,-0.0033999885903730604,-0.0001223251362614988
20260917,PRODUCT_POSREG,PRODUCT_MIX,3,path_1_to_H,clip_0_1,1500,-0.0016332944705864725,-9.409204903694607e-05
20260917,PRODUCT_POSREG,PRODUCT_MIX,3,path_1_to_H,clip_0_1,1512,0.001572307228998622,0.0007205114301766007
20260917,PRODUCT_POSREG,PRODUCT_MIX,3,path_1_to_H,clip_0_1,1524,-0.0009671514906368722,-0.00020404178937478466
20260917,PRODUCT_POSREG,PRODUCT_MIX,3,path_1_to_H,clip_0_1,1536,0.00020499494837476474,8.506861275964243e-05
20260917,PRODUCT_POSREG,PRODUCT_MIX,3,path_1_to_H,clip_0_1,1548,0.000428369610849234,0.0003532482297340571
20260917,PRODUCT_POSREG,PRODUCT_MIX,6,terminal_H,raw,1392,0.002011600534462575,0.00025250168448553496
20260917,PRODUCT_POSREG,PRODUCT_MIX,6,terminal_H,raw,1404,-0.0013272133040254021,-0.00010276937283053055
20260917,PRODUCT_POSREG,PRODUCT_MIX,6,terminal_H,raw,1416,-0.00013956877119830976,-0.0002141494783638142
20260917,PRODUCT_POSREG,PRODUCT_MIX,6,terminal_H,raw,1428,-0.0013222278449705675,-0.00015574808704111318
20260917,PRODUCT_POSREG,PRODUCT_MIX,6,terminal_H,raw,1440,-0.0005285056597946491,-0.00011598770360630602
20260917,PRODUCT_POSREG,PRODUCT_MIX,6,terminal_H,raw,1452,0.0057759766101873064,0.000547315572746382
20260917,PRODUCT_POSREG,PRODUCT_MIX,6,terminal_H,raw,1464,-0.0021644892906787527,2.369333244032076e-05
20260917,PRODUCT_POSREG,PRODUCT_MIX,6,terminal_H,raw,1476,-0.003793249913599779,-0.0005755795157229973
20260917,PRODUCT_POSREG,PRODUCT_MIX,6,terminal_H,raw,1488,-0.003519776164251096,-2.3347890922738228e-05
20260917,PRODUCT_POSREG,PRODUCT_MIX,6,terminal_H,raw,1500,0.0036742895402062507,0.0005169331658180628
20260917,PRODUCT_POSREG,PRODUCT_MIX,6,terminal_H,raw,1512,0.0036753133555863567,0.0029029965780084156
20260917,PRODUCT_POSREG,PRODUCT_MIX,6,terminal_H,raw,1524,-0.005179673494197073,-0.0012480420095898612
20260917,PRODUCT_POSREG,PRODUCT_MIX,6,terminal_H,raw,1536,0.0007695656807198636,0.00014029493137675424
20260917,PRODUCT_POSREG,PRODUCT_MIX,6,terminal_H,raw,1548,0.0010706820907990513,0.00027642972623492617
20260917,PRODUCT_POSREG,PRODUCT_MIX,6,terminal_H,clip_0_1,1392,0.0019010752697536783,0.000249344219125836
20260917,PRODUCT_POSREG,PRODUCT_MIX,6,terminal_H,clip_0_1,1404,-0.0013272133040254021,-0.00010276937283053055
20260917,PRODUCT_POSREG,PRODUCT_MIX,6,terminal_H,clip_0_1,1416,-0.00021134610693716402,-0.00022306217701395116
20260917,PRODUCT_POSREG,PRODUCT_MIX,6,terminal_H,clip_0_1,1428,-0.0013222278449705675,-0.00015574808704111318
20260917,PRODUCT_POSREG,PRODUCT_MIX,6,terminal_H,clip_0_1,1440,-0.0007918651410988816,-0.00013706997406071612
20260917,PRODUCT_POSREG,PRODUCT_MIX,6,terminal_H,clip_0_1,1452,0.005757533698662346,0.0005472220339753647
20260917,PRODUCT_POSREG,PRODUCT_MIX,6,terminal_H,clip_0_1,1464,-0.0022498829100354,2.2598120823156367e-05
20260917,PRODUCT_POSREG,PRODUCT_MIX,6,terminal_H,clip_0_1,1476,-0.003855631568952592,-0.0005787018844445294
20260917,PRODUCT_POSREG,PRODUCT_MIX,6,terminal_H,clip_0_1,1488,-0.003879962475736787,-2.7045420434541978e-05
20260917,PRODUCT_POSREG,PRODUCT_MIX,6,terminal_H,clip_0_1,1500,0.003660598513818201,0.0005168816186620842
20260917,PRODUCT_POSREG,PRODUCT_MIX,6,terminal_H,clip_0_1,1512,0.0035077369507864344,0.0028692321968863937
20260917,PRODUCT_POSREG,PRODUCT_MIX,6,terminal_H,clip_0_1,1524,-0.005171365304700408,-0.0012473306782910094
20260917,PRODUCT_POSREG,PRODUCT_MIX,6,terminal_H,clip_0_1,1536,0.0007695656807198636,0.00014029493137675424
20260917,PRODUCT_POSREG,PRODUCT_MIX,6,terminal_H,clip_0_1,1548,0.0010706820907990513,0.00027642972623492617
20260917,PRODUCT_POSREG,PRODUCT_MIX,6,path_1_to_H,raw,1392,0.00040015493035070593,6.059464388000286e-05
20260917,PRODUCT_POSREG,PRODUCT_MIX,6,path_1_to_H,raw,1404,0.0001456646190679313,2.4374919779803998e-05
20260917,PRODUCT_POSREG,PRODUCT_MIX,6,path_1_to_H,raw,1416,0.0006284537822423523,-6.71293275247286e-05
20260917,PRODUCT_POSREG,PRODUCT_MIX,6,path_1_to_H,raw,1428,-0.0001394049902377916,-4.174775515628336e-05
20260917,PRODUCT_POSREG,PRODUCT_MIX,6,path_1_to_H,raw,1440,-0.00013965135402599607,-0.00010609543420102071
20260917,PRODUCT_POSREG,PRODUCT_MIX,6,path_1_to_H,raw,1452,0.002030960588912643,0.00014164542552625697
20260917,PRODUCT_POSREG,PRODUCT_MIX,6,path_1_to_H,raw,1464,0.0007321621955236453,0.0013257955329630574
20260917,PRODUCT_POSREG,PRODUCT_MIX,6,path_1_to_H,raw,1476,-0.004139358708253466,-0.0004881497379739105
20260917,PRODUCT_POSREG,PRODUCT_MIX,6,path_1_to_H,raw,1488,-0.002986467372955464,-6.122838010522947e-05
20260917,PRODUCT_POSREG,PRODUCT_MIX,6,path_1_to_H,raw,1500,0.0005208812627175238,0.00013098909308493627
20260917,PRODUCT_POSREG,PRODUCT_MIX,6,path_1_to_H,raw,1512,0.0025681838070516377,0.0016603796070030364
20260917,PRODUCT_POSREG,PRODUCT_MIX,6,path_1_to_H,raw,1524,-0.002626997268841227,-0.000764455961475935
20260917,PRODUCT_POSREG,PRODUCT_MIX,6,path_1_to_H,raw,1536,0.0002623415612888552,0.00010660828525862826
20260917,PRODUCT_POSREG,PRODUCT_MIX,6,path_1_to_H,raw,1548,0.00036416056327441906,0.0003163894078157347
20260917,PRODUCT_POSREG,PRODUCT_MIX,6,path_1_to_H,clip_0_1,1392,0.000292564584972665,5.278312631030367e-05
20260917,PRODUCT_POSREG,PRODUCT_MIX,6,path_1_to_H,clip_0_1,1404,0.0001448206773373743,2.4282321751278506e-05
20260917,PRODUCT_POSREG,PRODUCT_MIX,6,path_1_to_H,clip_0_1,1416,0.0005901492353802468,-7.208420762670197e-05
20260917,PRODUCT_POSREG,PRODUCT_MIX,6,path_1_to_H,clip_0_1,1428,-0.00014520991132198748,-4.178993837863812e-05
20260917,PRODUCT_POSREG,PRODUCT_MIX,6,path_1_to_H,clip_0_1,1440,-0.0002675945804819952,-0.00011335258775609441
20260917,PRODUCT_POSREG,PRODUCT_MIX,6,path_1_to_H,clip_0_1,1452,0.0020223703709223734,0.00014160101589605285
20260917,PRODUCT_POSREG,PRODUCT_MIX,6,path_1_to_H,clip_0_1,1464,0.0007237037362027827,0.001326273703032453
20260917,PRODUCT_POSREG,PRODUCT_MIX,6,path_1_to_H,clip_0_1,1476,-0.004160833950421679,-0.0004897137245761004
20260917,PRODUCT_POSREG,PRODUCT_MIX,6,path_1_to_H,clip_0_1,1488,-0.0032931016050949955,-6.606080356148386e-05
20260917,PRODUCT_POSREG,PRODUCT_MIX,6,path_1_to_H,clip_0_1,1500,0.0005483930129576294,0.00013402186309219587
20260917,PRODUCT_POSREG,PRODUCT_MIX,6,path_1_to_H,clip_0_1,1512,0.0024404852440977924,0.0016416629944190427
20260917,PRODUCT_POSREG,PRODUCT_MIX,6,path_1_to_H,clip_0_1,1524,-0.0026281916307009574,-0.0007644667284750333
20260917,PRODUCT_POSREG,PRODUCT_MIX,6,path_1_to_H,clip_0_1,1536,0.0002623415612888552,0.00010660828525862826
20260917,PRODUCT_POSREG,PRODUCT_MIX,6,path_1_to_H,clip_0_1,1548,0.00036416056327441906,0.0003163894078157347
20260917,PRODUCT_POSREG,PRODUCT_MIX,9,terminal_H,raw,1392,-0.0009291735127169242,7.293491312779979e-05
20260917,PRODUCT_POSREG,PRODUCT_MIX,9,terminal_H,raw,1404,-0.0007168714816121604,0.000140823581279997
20260917,PRODUCT_POSREG,PRODUCT_MIX,9,terminal_H,raw,1416,-0.002066349463797137,-0.0005255703689730212
20260917,PRODUCT_POSREG,PRODUCT_MIX,9,terminal_H,raw,1428,0.0020394789318697064,0.00014190731621313885
20260917,PRODUCT_POSREG,PRODUCT_MIX,9,terminal_H,raw,1440,-0.002210806834291995,9.976477623520855e-05
20260917,PRODUCT_POSREG,PRODUCT_MIX,9,terminal_H,raw,1452,0.005029943571119771,0.0006436716257970885
20260917,PRODUCT_POSREG,PRODUCT_MIX,9,terminal_H,raw,1464,-0.00629904776460059,-0.0011769815844101942
20260917,PRODUCT_POSREG,PRODUCT_MIX,9,terminal_H,raw,1476,-0.0018179662260765141,-0.000311572121484693
20260917,PRODUCT_POSREG,PRODUCT_MIX,9,terminal_H,raw,1488,-0.009889773905591811,-0.0010037666521997442
20260917,PRODUCT_POSREG,PRODUCT_MIX,9,terminal_H,raw,1500,0.0023954962177784494,0.00028554369571018296
20260917,PRODUCT_POSREG,PRODUCT_MIX,9,terminal_H,raw,1512,0.0053261146900073515,0.0027627957546251395
20260917,PRODUCT_POSREG,PRODUCT_MIX,9,terminal_H,raw,1524,-0.007733028744906939,-0.002180967997410581
20260917,PRODUCT_POSREG,PRODUCT_MIX,9,terminal_H,raw,1536,0.000670710046658725,3.504123249380787e-05
20260917,PRODUCT_POSREG,PRODUCT_MIX,9,terminal_H,raw,1548,-0.0008269744793917949,-3.898255983723342e-06
20260917,PRODUCT_POSREG,PRODUCT_MIX,9,terminal_H,clip_0_1,1392,-0.0010117552971365094,7.161462237914774e-05
20260917,PRODUCT_POSREG,PRODUCT_MIX,9,terminal_H,clip_0_1,1404,-0.0007168714816121604,0.000140823581279997
20260917,PRODUCT_POSREG,PRODUCT_MIX,9,terminal_H,clip_0_1,1416,-0.0020874219810103553,-0.0005256924829929892
20260917,PRODUCT_POSREG,PRODUCT_MIX,9,terminal_H,clip_0_1,1428,0.0019158215711967558,0.00011298031408707291
20260917,PRODUCT_POSREG,PRODUCT_MIX,9,terminal_H,clip_0_1,1440,-0.0022413032650262753,9.950901735613759e-05
20260917,PRODUCT_POSREG,PRODUCT_MIX,9,terminal_H,clip_0_1,1452,0.005011906104740234,0.000643543801279384
20260917,PRODUCT_POSREG,PRODUCT_MIX,9,terminal_H,clip_0_1,1464,-0.006401529916269387,-0.001178630023309762
20260917,PRODUCT_POSREG,PRODUCT_MIX,9,terminal_H,clip_0_1,1476,-0.002031506313196357,-0.00034218788977914076
20260917,PRODUCT_POSREG,PRODUCT_MIX,9,terminal_H,clip_0_1,1488,-0.009913727758547217,-0.0010038767895645439
20260917,PRODUCT_POSREG,PRODUCT_MIX,9,terminal_H,clip_0_1,1500,0.0023886599855129963,0.0002855308438404965
20260917,PRODUCT_POSREG,PRODUCT_MIX,9,terminal_H,clip_0_1,1512,0.005327172943382318,0.0027643463894650097
20260917,PRODUCT_POSREG,PRODUCT_MIX,9,terminal_H,clip_0_1,1524,-0.007733028744906939,-0.002180967997410581
20260917,PRODUCT_POSREG,PRODUCT_MIX,9,terminal_H,clip_0_1,1536,0.000670710046658725,3.504123249380787e-05
20260917,PRODUCT_POSREG,PRODUCT_MIX,9,terminal_H,clip_0_1,1548,-0.0008269744793917949,-3.898255983723342e-06
20260917,PRODUCT_POSREG,PRODUCT_MIX,9,path_1_to_H,raw,1392,0.0007241711307687909,0.0001424786305516023
20260917,PRODUCT_POSREG,PRODUCT_MIX,9,path_1_to_H,raw,1404,-0.00014825239345040984,5.582868780323958e-05
20260917,PRODUCT_POSREG,PRODUCT_MIX,9,path_1_to_H,raw,1416,-0.00029747056365219093,-0.000159002074481005
20260917,PRODUCT_POSREG,PRODUCT_MIX,9,path_1_to_H,raw,1428,5.0669549652530764e-05,-1.6527545794522648e-05
20260917,PRODUCT_POSREG,PRODUCT_MIX,9,path_1_to_H,raw,1440,-0.0008533120833317411,-8.764590412985245e-05
20260917,PRODUCT_POSREG,PRODUCT_MIX,9,path_1_to_H,raw,1452,0.0033829721488380644,0.0003221898715425356
20260917,PRODUCT_POSREG,PRODUCT_MIX,9,path_1_to_H,raw,1464,-0.0009965712954436903,0.0006075273841573058
20260917,PRODUCT_POSREG,PRODUCT_MIX,9,path_1_to_H,raw,1476,-0.003874237888220755,-0.0005210117361004459
20260917,PRODUCT_POSREG,PRODUCT_MIX,9,path_1_to_H,raw,1488,-0.004393659005068583,-0.00022711988798701266
20260917,PRODUCT_POSREG,PRODUCT_MIX,9,path_1_to_H,raw,1500,0.0013296742980956318,0.0002140855210311805
20260917,PRODUCT_POSREG,PRODUCT_MIX,9,path_1_to_H,raw,1512,0.003568676729261643,0.0021952124052043043
20260917,PRODUCT_POSREG,PRODUCT_MIX,9,path_1_to_H,raw,1524,-0.004025218147268915,-0.0010856753654935444
20260917,PRODUCT_POSREG,PRODUCT_MIX,9,path_1_to_H,raw,1536,-5.8815284023941354e-05,2.0129715884963834e-05
20260917,PRODUCT_POSREG,PRODUCT_MIX,9,path_1_to_H,raw,1548,0.00032105816225721904,0.0002739698993302064
20260917,PRODUCT_POSREG,PRODUCT_MIX,9,path_1_to_H,clip_0_1,1392,0.0006270570057702189,0.0001367797010074259
20260917,PRODUCT_POSREG,PRODUCT_MIX,9,path_1_to_H,clip_0_1,1404,-0.0001488150212707812,5.5766955784222595e-05
20260917,PRODUCT_POSREG,PRODUCT_MIX,9,path_1_to_H,clip_0_1,1416,-0.0003479628515692857,-0.00016537206547758467
20260917,PRODUCT_POSREG,PRODUCT_MIX,9,path_1_to_H,clip_0_1,1428,2.3915426201002585e-05,-2.167563702143168e-05
20260917,PRODUCT_POSREG,PRODUCT_MIX,9,path_1_to_H,clip_0_1,1440,-0.0009914168435481501,-9.551005070094783e-05
20260917,PRODUCT_POSREG,PRODUCT_MIX,9,path_1_to_H,clip_0_1,1452,0.003370094948745751,0.00032211564323324476
20260917,PRODUCT_POSREG,PRODUCT_MIX,9,path_1_to_H,clip_0_1,1464,-0.001039507623715829,0.0006070662605395031
20260917,PRODUCT_POSREG,PRODUCT_MIX,9,path_1_to_H,clip_0_1,1476,-0.003934923334637165,-0.0005261943131844873
20260917,PRODUCT_POSREG,PRODUCT_MIX,9,path_1_to_H,clip_0_1,1488,-0.0046173766831852925,-0.000230494723420718
20260917,PRODUCT_POSREG,PRODUCT_MIX,9,path_1_to_H,clip_0_1,1500,0.001344725719921608,0.00021609747759810202
20260917,PRODUCT_POSREG,PRODUCT_MIX,9,path_1_to_H,clip_0_1,1512,0.003468817825867267,0.002180293752137526
20260917,PRODUCT_POSREG,PRODUCT_MIX,9,path_1_to_H,clip_0_1,1524,-0.004026014388508735,-0.0010856825434929433
20260917,PRODUCT_POSREG,PRODUCT_MIX,9,path_1_to_H,clip_0_1,1536,-5.8815284023941354e-05,2.0129715884963834e-05
20260917,PRODUCT_POSREG,PRODUCT_MIX,9,path_1_to_H,clip_0_1,1548,0.00032105816225721904,0.0002739698993302064
20260917,PRODUCT_POSREG,PRODUCT_MIX,12,terminal_H,raw,1392,-0.001552864020632845,-0.00013225542783872166
20260917,PRODUCT_POSREG,PRODUCT_MIX,12,terminal_H,raw,1404,0.0014161987410188065,8.341169970513119e-05
20260917,PRODUCT_POSREG,PRODUCT_MIX,12,terminal_H,raw,1416,-0.0037279091624389054,-0.0005036837533139768
20260917,PRODUCT_POSREG,PRODUCT_MIX,12,terminal_H,raw,1428,0.0013283906660195978,0.00010944098049322579
20260917,PRODUCT_POSREG,PRODUCT_MIX,12,terminal_H,raw,1440,-0.0008644825546726372,6.5840605000254276e-06
20260917,PRODUCT_POSREG,PRODUCT_MIX,12,terminal_H,raw,1452,0.00046608039243503614,0.00013568851790249307
20260917,PRODUCT_POSREG,PRODUCT_MIX,12,terminal_H,raw,1464,-0.004008089200925551,-0.00027759925157028263
20260917,PRODUCT_POSREG,PRODUCT_MIX,12,terminal_H,raw,1476,-0.001321689554475457,0.00027368468273183505
20260917,PRODUCT_POSREG,PRODUCT_MIX,12,terminal_H,raw,1488,-0.00995470297559413,-0.0013126221253387214
20260917,PRODUCT_POSREG,PRODUCT_MIX,12,terminal_H,raw,1500,0.0006404722731958431,5.351218630158828e-05
20260917,PRODUCT_POSREG,PRODUCT_MIX,12,terminal_H,raw,1512,0.003625615667106167,0.0010148623206516184
20260917,PRODUCT_POSREG,PRODUCT_MIX,12,terminal_H,raw,1524,-0.007114737012746115,-0.0015315368013814044
20260917,PRODUCT_POSREG,PRODUCT_MIX,12,terminal_H,raw,1536,0.001212332531410582,0.0007250785049387705
20260917,PRODUCT_POSREG,PRODUCT_MIX,12,terminal_H,raw,1548,0.0010428467530853227,0.0001773426277213609
20260917,PRODUCT_POSREG,PRODUCT_MIX,12,terminal_H,clip_0_1,1392,-0.0015437124036647635,-0.0001322323960131108
20260917,PRODUCT_POSREG,PRODUCT_MIX,12,terminal_H,clip_0_1,1404,0.0014161987410188065,8.341169970513119e-05
20260917,PRODUCT_POSREG,PRODUCT_MIX,12,terminal_H,clip_0_1,1416,-0.0037279091624389054,-0.0005036837533139768
20260917,PRODUCT_POSREG,PRODUCT_MIX,12,terminal_H,clip_0_1,1428,0.0012294949238849833,9.341792599078443e-05
20260917,PRODUCT_POSREG,PRODUCT_MIX,12,terminal_H,clip_0_1,1440,-0.0008644825546726372,6.5840605000254276e-06
20260917,PRODUCT_POSREG,PRODUCT_MIX,12,terminal_H,clip_0_1,1452,0.0004462254214813549,0.00013529945755630471
20260917,PRODUCT_POSREG,PRODUCT_MIX,12,terminal_H,clip_0_1,1464,-0.004008089200925551,-0.00027759925157028263
20260917,PRODUCT_POSREG,PRODUCT_MIX,12,terminal_H,clip_0_1,1476,-0.0014579380518936482,0.0002697990993654307
20260917,PRODUCT_POSREG,PRODUCT_MIX,12,terminal_H,clip_0_1,1488,-0.0099592670172148,-0.0013126278537195983
20260917,PRODUCT_POSREG,PRODUCT_MIX,12,terminal_H,clip_0_1,1500,0.0006404722731958431,5.351218630158828e-05
20260917,PRODUCT_POSREG,PRODUCT_MIX,12,terminal_H,clip_0_1,1512,0.0036347016025035828,0.001014885023062681
20260917,PRODUCT_POSREG,PRODUCT_MIX,12,terminal_H,clip_0_1,1524,-0.007114737012746115,-0.0015315368013814044
20260917,PRODUCT_POSREG,PRODUCT_MIX,12,terminal_H,clip_0_1,1536,0.001212332531410582,0.0007250785049387705
20260917,PRODUCT_POSREG,PRODUCT_MIX,12,terminal_H,clip_0_1,1548,0.0009026141297845537,0.00015567159857031635
20260917,PRODUCT_POSREG,PRODUCT_MIX,12,path_1_to_H,raw,1392,5.169196960971216e-05,9.447841665048619e-05
20260917,PRODUCT_POSREG,PRODUCT_MIX,12,path_1_to_H,raw,1404,-6.827454258540654e-05,5.3114226837876235e-05
20260917,PRODUCT_POSREG,PRODUCT_MIX,12,path_1_to_H,raw,1416,-0.0012429337477464454,-0.0002938879865196845
20260917,PRODUCT_POSREG,PRODUCT_MIX,12,path_1_to_H,raw,1428,0.00034619910180803563,1.4794742876268861e-05
20260917,PRODUCT_POSREG,PRODUCT_MIX,12,path_1_to_H,raw,1440,-0.0008492359646131029,-4.999478636002243e-05
20260917,PRODUCT_POSREG,PRODUCT_MIX,12,path_1_to_H,raw,1452,0.0027782384221567637,0.000297094664229067
20260917,PRODUCT_POSREG,PRODUCT_MIX,12,path_1_to_H,raw,1464,-0.0016115655654810347,0.0004664598685780669
20260917,PRODUCT_POSREG,PRODUCT_MIX,12,path_1_to_H,raw,1476,-0.003133466619555327,-0.00036932565436123213
20260917,PRODUCT_POSREG,PRODUCT_MIX,12,path_1_to_H,raw,1488,-0.005913496697504428,-0.0005176232865840011
20260917,PRODUCT_POSREG,PRODUCT_MIX,12,path_1_to_H,raw,1500,0.0012931233107868288,0.00020975723819598565
20260917,PRODUCT_POSREG,PRODUCT_MIX,12,path_1_to_H,raw,1512,0.003680039508915358,0.001980093731398261
20260917,PRODUCT_POSREG,PRODUCT_MIX,12,path_1_to_H,raw,1524,-0.004856740322790864,-0.001255827024922452
20260917,PRODUCT_POSREG,PRODUCT_MIX,12,path_1_to_H,raw,1536,-9.946404307649401e-06,3.547766294836159e-05
20260917,PRODUCT_POSREG,PRODUCT_MIX,12,path_1_to_H,raw,1548,0.00043949031891636246,0.0002582727500063233
20260917,PRODUCT_POSREG,PRODUCT_MIX,12,path_1_to_H,clip_0_1,1392,-2.0380989391876585e-05,9.020613881115479e-05
20260917,PRODUCT_POSREG,PRODUCT_MIX,12,path_1_to_H,clip_0_1,1404,-6.869651345068504e-05,5.3067927823613483e-05
20260917,PRODUCT_POSREG,PRODUCT_MIX,12,path_1_to_H,clip_0_1,1416,-0.0012808029636842662,-0.00029866547976711936
20260917,PRODUCT_POSREG,PRODUCT_MIX,12,path_1_to_H,clip_0_1,1428,0.00029940643400693266,4.956386616925646e-06
20260917,PRODUCT_POSREG,PRODUCT_MIX,12,path_1_to_H,clip_0_1,1440,-0.0009528145347754098,-5.589289628834397e-05
20260917,PRODUCT_POSREG,PRODUCT_MIX,12,path_1_to_H,clip_0_1,1452,0.0027645680615775922,0.00029698239115143855
20260917,PRODUCT_POSREG,PRODUCT_MIX,12,path_1_to_H,clip_0_1,1464,-0.0016441704436922745,0.00046611349089335563
20260917,PRODUCT_POSREG,PRODUCT_MIX,12,path_1_to_H,clip_0_1,1476,-0.0032089400004204193,-0.00037454731031801177
20260917,PRODUCT_POSREG,PRODUCT_MIX,12,path_1_to_H,clip_0_1,1488,-0.006085308828470636,-0.0005201723002992763
20260917,PRODUCT_POSREG,PRODUCT_MIX,12,path_1_to_H,clip_0_1,1500,0.0013041115476849126,0.0002112659079684652
20260917,PRODUCT_POSREG,PRODUCT_MIX,12,path_1_to_H,clip_0_1,1512,0.0036056263154342284,0.001968679550296985
20260917,PRODUCT_POSREG,PRODUCT_MIX,12,path_1_to_H,clip_0_1,1524,-0.004857337503720729,-0.0012558324084220012
20260917,PRODUCT_POSREG,PRODUCT_MIX,12,path_1_to_H,clip_0_1,1536,-9.946404307649401e-06,3.547766294836159e-05
20260917,PRODUCT_POSREG,PRODUCT_MIX,12,path_1_to_H,clip_0_1,1548,0.00041235829485576425,0.00025280981931265716
20260917,PRODUCT_POSREG,PRODUCT_L1,3,terminal_H,raw,1392,0.0023887624582367584,0.00042915747925988644
20260917,PRODUCT_POSREG,PRODUCT_L1,3,terminal_H,raw,1404,-0.0012592554614752,-9.446942527948554e-05
20260917,PRODUCT_POSREG,PRODUCT_L1,3,terminal_H,raw,1416,-0.004377383655974668,-0.00039095725501969524
20260917,PRODUCT_POSREG,PRODUCT_L1,3,terminal_H,raw,1428,-0.0013477606329558162,-0.00016963725121353252
20260917,PRODUCT_POSREG,PRODUCT_L1,3,terminal_H,raw,1440,0.00027765558201071964,-6.8395953194372555e-06
20260917,PRODUCT_POSREG,PRODUCT_L1,3,terminal_H,raw,1452,0.0005356296188667489,7.516108359348169e-05
20260917,PRODUCT_POSREG,PRODUCT_L1,3,terminal_H,raw,1464,0.005880806296948731,0.0038517987201181904
20260917,PRODUCT_POSREG,PRODUCT_L1,3,terminal_H,raw,1476,-0.002150798224445945,-0.0005230549880198303
20260917,PRODUCT_POSREG,PRODUCT_L1,3,terminal_H,raw,1488,0.0018692962393147001,0.00016026931208775448
20260917,PRODUCT_POSREG,PRODUCT_L1,3,terminal_H,raw,1500,0.004737506066037843,0.0005180566437779989
20260917,PRODUCT_POSREG,PRODUCT_L1,3,terminal_H,raw,1512,0.0006851809121809486,0.0006720240294710563
20260917,PRODUCT_POSREG,PRODUCT_L1,3,terminal_H,raw,1524,-0.004322959485327733,-0.0007342076304659226
20260917,PRODUCT_POSREG,PRODUCT_L1,3,terminal_H,raw,1536,-0.00107389057819321,-6.321264939246164e-05
20260917,PRODUCT_POSREG,PRODUCT_L1,3,terminal_H,raw,1548,0.0012092783756155639,0.00041568841856356683
20260917,PRODUCT_POSREG,PRODUCT_L1,3,terminal_H,clip_0_1,1392,0.002384050402884157,0.00042911172164999836
20260917,PRODUCT_POSREG,PRODUCT_L1,3,terminal_H,clip_0_1,1404,-0.0012592554614752,-9.446942527948554e-05
20260917,PRODUCT_POSREG,PRODUCT_L1,3,terminal_H,clip_0_1,1416,-0.004364624524402918,-0.00039088504455667123
20260917,PRODUCT_POSREG,PRODUCT_L1,3,terminal_H,clip_0_1,1428,-0.0013430065141246687,-0.00016963103576092084
20260917,PRODUCT_POSREG,PRODUCT_L1,3,terminal_H,clip_0_1,1440,0.0002711639233095816,-6.898449108537328e-06
20260917,PRODUCT_POSREG,PRODUCT_L1,3,terminal_H,clip_0_1,1452,0.0005181190349038423,7.489480498384598e-05
20260917,PRODUCT_POSREG,PRODUCT_L1,3,terminal_H,clip_0_1,1464,0.005860574592684107,0.003849596330403333
20260917,PRODUCT_POSREG,PRODUCT_L1,3,terminal_H,clip_0_1,1476,-0.002148548374316406,-0.0005230065022808133
20260917,PRODUCT_POSREG,PRODUCT_L1,3,terminal_H,clip_0_1,1488,0.0019333695317473615,0.0001607171875792508
20260917,PRODUCT_POSREG,PRODUCT_L1,3,terminal_H,clip_0_1,1500,0.004728671280594705,0.0005180014499038877
20260917,PRODUCT_POSREG,PRODUCT_L1,3,terminal_H,clip_0_1,1512,0.0007206360785384481,0.0006836057334952014
20260917,PRODUCT_POSREG,PRODUCT_L1,3,terminal_H,clip_0_1,1524,-0.004322959485327733,-0.0007342076304659226
20260917,PRODUCT_POSREG,PRODUCT_L1,3,terminal_H,clip_0_1,1536,-0.00107389057819321,-6.321264939246164e-05
20260917,PRODUCT_POSREG,PRODUCT_L1,3,terminal_H,clip_0_1,1548,0.0012092783756155639,0.00041568841856356683
20260917,PRODUCT_POSREG,PRODUCT_L1,3,path_1_to_H,raw,1392,0.001257393212088211,0.0002346483329641656
20260917,PRODUCT_POSREG,PRODUCT_L1,3,path_1_to_H,raw,1404,-0.0006042560697664468,-4.066927061080699e-05
20260917,PRODUCT_POSREG,PRODUCT_L1,3,path_1_to_H,raw,1416,-0.00223050976501092,-0.00017448924577727083
20260917,PRODUCT_POSREG,PRODUCT_L1,3,path_1_to_H,raw,1428,-0.0003828296894461384,-3.9378111522873735e-05
20260917,PRODUCT_POSREG,PRODUCT_L1,3,path_1_to_H,raw,1440,-0.00019847084601556166,1.3687849337871714e-05
20260917,PRODUCT_POSREG,PRODUCT_L1,3,path_1_to_H,raw,1452,0.00015027615419523744,4.139625413895574e-05
20260917,PRODUCT_POSREG,PRODUCT_L1,3,path_1_to_H,raw,1464,0.004213629321204054,0.002755013137604983
20260917,PRODUCT_POSREG,PRODUCT_L1,3,path_1_to_H,raw,1476,-0.0005805199053789274,-0.00017406406368353393
20260917,PRODUCT_POSREG,PRODUCT_L1,3,path_1_to_H,raw,1488,0.0011742016762970754,0.0001240475622360196
20260917,PRODUCT_POSREG,PRODUCT_L1,3,path_1_to_H,raw,1500,0.0030252001391592354,0.0002990616086130204
20260917,PRODUCT_POSREG,PRODUCT_L1,3,path_1_to_H,raw,1512,0.0010434330174571881,0.00044696968422524707
20260917,PRODUCT_POSREG,PRODUCT_L1,3,path_1_to_H,raw,1524,-0.0021760658307988703,-0.0003462114054058117
20260917,PRODUCT_POSREG,PRODUCT_L1,3,path_1_to_H,raw,1536,-0.0002401462108754349,-1.3885223139202394e-05
20260917,PRODUCT_POSREG,PRODUCT_L1,3,path_1_to_H,raw,1548,0.0008455058377939332,0.00028239277975092736
20260917,PRODUCT_POSREG,PRODUCT_L1,3,path_1_to_H,clip_0_1,1392,0.0012582178037872974,0.0002340129402774734
20260917,PRODUCT_POSREG,PRODUCT_L1,3,path_1_to_H,clip_0_1,1404,-0.0006071115867334606,-4.067599764195484e-05
20260917,PRODUCT_POSREG,PRODUCT_L1,3,path_1_to_H,clip_0_1,1416,-0.002221840683718111,-0.00017437300057728436
20260917,PRODUCT_POSREG,PRODUCT_L1,3,path_1_to_H,clip_0_1,1428,-0.00038217499006077045,-3.937675325841183e-05
20260917,PRODUCT_POSREG,PRODUCT_L1,3,path_1_to_H,clip_0_1,1440,-0.0002066445628437402,1.3633249999099913e-05
20260917,PRODUCT_POSREG,PRODUCT_L1,3,path_1_to_H,clip_0_1,1452,0.00013904455263067105,4.123881223727043e-05
20260917,PRODUCT_POSREG,PRODUCT_L1,3,path_1_to_H,clip_0_1,1464,0.0042094858699023765,0.0027543508654506027
20260917,PRODUCT_POSREG,PRODUCT_L1,3,path_1_to_H,clip_0_1,1476,-0.0005780367032259451,-0.00017396891486299088
20260917,PRODUCT_POSREG,PRODUCT_L1,3,path_1_to_H,clip_0_1,1488,0.0012232533993537021,0.00012445072250490014
20260917,PRODUCT_POSREG,PRODUCT_L1,3,path_1_to_H,clip_0_1,1500,0.003023653074119053,0.00029908550008871603
20260917,PRODUCT_POSREG,PRODUCT_L1,3,path_1_to_H,clip_0_1,1512,0.0010685028641071327,0.000451866434818585
20260917,PRODUCT_POSREG,PRODUCT_L1,3,path_1_to_H,clip_0_1,1524,-0.0021780523843597565,-0.0003462548289490608
20260917,PRODUCT_POSREG,PRODUCT_L1,3,path_1_to_H,clip_0_1,1536,-0.0002401462108754349,-1.3885223139202394e-05
20260917,PRODUCT_POSREG,PRODUCT_L1,3,path_1_to_H,clip_0_1,1548,0.0008455058377939332,0.00028239277975092736
20260917,PRODUCT_POSREG,PRODUCT_L1,6,terminal_H,raw,1392,0.0037016056924258447,0.00037223449934820486
20260917,PRODUCT_POSREG,PRODUCT_L1,6,terminal_H,raw,1404,-0.0018539925278458357,-0.00013848718010951738
20260917,PRODUCT_POSREG,PRODUCT_L1,6,terminal_H,raw,1416,-0.00684620911458491,-0.0008826824925258001
20260917,PRODUCT_POSREG,PRODUCT_L1,6,terminal_H,raw,1428,-0.0023202054988097744,-0.0003409995111692964
20260917,PRODUCT_POSREG,PRODUCT_L1,6,terminal_H,raw,1440,0.00023446674271197226,0.00017584519430305202
20260917,PRODUCT_POSREG,PRODUCT_L1,6,terminal_H,raw,1452,-0.0005242174145044028,-7.006740064183089e-05
20260917,PRODUCT_POSREG,PRODUCT_L1,6,terminal_H,raw,1464,0.00600385254250568,0.0036391693242529043
20260917,PRODUCT_POSREG,PRODUCT_L1,6,terminal_H,raw,1476,-0.006471732654633733,-0.0014866724046900353
20260917,PRODUCT_POSREG,PRODUCT_L1,6,terminal_H,raw,1488,0.0033270388454553395,8.301002468213616e-06
20260917,PRODUCT_POSREG,PRODUCT_L1,6,terminal_H,raw,1500,0.009667975721335001,0.0011598423317167664
20260917,PRODUCT_POSREG,PRODUCT_L1,6,terminal_H,raw,1512,0.0010755410059433584,0.0009359582450705529
20260917,PRODUCT_POSREG,PRODUCT_L1,6,terminal_H,raw,1524,-0.00908275792006198,-0.0022966272181763414
20260917,PRODUCT_POSREG,PRODUCT_L1,6,terminal_H,raw,1536,-0.0008453904397261843,-8.197231218370118e-05
20260917,PRODUCT_POSREG,PRODUCT_L1,6,terminal_H,raw,1548,0.0037762290963418367,0.0009081403067183772
20260917,PRODUCT_POSREG,PRODUCT_L1,6,terminal_H,clip_0_1,1392,0.0036824650953257323,0.0003705977765528584
20260917,PRODUCT_POSREG,PRODUCT_L1,6,terminal_H,clip_0_1,1404,-0.0018539925278458357,-0.00013848718010951738
20260917,PRODUCT_POSREG,PRODUCT_L1,6,terminal_H,clip_0_1,1416,-0.006863450362116314,-0.0008860586582350985
20260917,PRODUCT_POSREG,PRODUCT_L1,6,terminal_H,clip_0_1,1428,-0.0023405283265698603,-0.00034111309093454205
20260917,PRODUCT_POSREG,PRODUCT_L1,6,terminal_H,clip_0_1,1440,0.00026566333665541266,0.00018013360049265565
20260917,PRODUCT_POSREG,PRODUCT_L1,6,terminal_H,clip_0_1,1452,-0.000535184671688759,-7.010047784262153e-05
20260917,PRODUCT_POSREG,PRODUCT_L1,6,terminal_H,clip_0_1,1464,0.006034003557415463,0.003639419322270429
20260917,PRODUCT_POSREG,PRODUCT_L1,6,terminal_H,clip_0_1,1476,-0.006476777695906319,-0.0014867076924676937
20260917,PRODUCT_POSREG,PRODUCT_L1,6,terminal_H,clip_0_1,1488,0.0033599968922073545,8.416798249559791e-06
20260917,PRODUCT_POSREG,PRODUCT_L1,6,terminal_H,clip_0_1,1500,0.009667975721335001,0.0011598423317167664
20260917,PRODUCT_POSREG,PRODUCT_L1,6,terminal_H,clip_0_1,1512,0.00113010203649142,0.0009455917552981892
20260917,PRODUCT_POSREG,PRODUCT_L1,6,terminal_H,clip_0_1,1524,-0.009074449730565317,-0.00229591588687749
20260917,PRODUCT_POSREG,PRODUCT_L1,6,terminal_H,clip_0_1,1536,-0.0008453904397261843,-8.197231218370118e-05
20260917,PRODUCT_POSREG,PRODUCT_L1,6,terminal_H,clip_0_1,1548,0.0037762290963418367,0.0009081403067183772
20260917,PRODUCT_POSREG,PRODUCT_L1,6,path_1_to_H,raw,1392,0.002399967462656729,0.00028214429153147964
20260917,PRODUCT_POSREG,PRODUCT_L1,6,path_1_to_H,raw,1404,-0.0010395026019668512,-8.697775052804636e-05
20260917,PRODUCT_POSREG,PRODUCT_L1,6,path_1_to_H,raw,1416,-0.004754896859483251,-0.0005317763818371906
20260917,PRODUCT_POSREG,PRODUCT_L1,6,path_1_to_H,raw,1428,-0.001206302011764912,-0.00017883902039550858
20260917,PRODUCT_POSREG,PRODUCT_L1,6,path_1_to_H,raw,1440,8.602622890646028e-05,5.279910811118957e-05
20260917,PRODUCT_POSREG,PRODUCT_L1,6,path_1_to_H,raw,1452,-7.180188815678656e-05,4.711679556166559e-06
20260917,PRODUCT_POSREG,PRODUCT_L1,6,path_1_to_H,raw,1464,0.005606365802452399,0.0034492539742193517
20260917,PRODUCT_POSREG,PRODUCT_L1,6,path_1_to_H,raw,1476,-0.0025369198480481043,-0.0006496526377030763
20260917,PRODUCT_POSREG,PRODUCT_L1,6,path_1_to_H,raw,1488,0.002120056185378499,6.307835167411735e-05
20260917,PRODUCT_POSREG,PRODUCT_L1,6,path_1_to_H,raw,1500,0.0058034775786126955,0.0006323253166091792
20260917,PRODUCT_POSREG,PRODUCT_L1,6,path_1_to_H,raw,1512,0.0011793586750749843,0.0006548744744234572
20260917,PRODUCT_POSREG,PRODUCT_L1,6,path_1_to_H,raw,1524,-0.005660197578332284,-0.0018105900572992272
20260917,PRODUCT_POSREG,PRODUCT_L1,6,path_1_to_H,raw,1536,-0.0004219116042071796,4.728820591066326e-05
20260917,PRODUCT_POSREG,PRODUCT_L1,6,path_1_to_H,raw,1548,0.0017131563565932861,0.0004419797168732383
20260917,PRODUCT_POSREG,PRODUCT_L1,6,path_1_to_H,clip_0_1,1392,0.0023886465119859067,0.000280981044749181
20260917,PRODUCT_POSREG,PRODUCT_L1,6,path_1_to_H,clip_0_1,1404,-0.001040930360450358,-8.698111404362029e-05
20260917,PRODUCT_POSREG,PRODUCT_L1,6,path_1_to_H,clip_0_1,1416,-0.004745348746524383,-0.0005316234998105982
20260917,PRODUCT_POSREG,PRODUCT_L1,6,path_1_to_H,clip_0_1,1428,-0.001209361800032242,-0.00017885727122415187
20260917,PRODUCT_POSREG,PRODUCT_L1,6,path_1_to_H,clip_0_1,1440,0.00010163041753623829,5.4650260077219635e-05
20260917,PRODUCT_POSREG,PRODUCT_L1,6,path_1_to_H,clip_0_1,1452,-8.255179857948912e-05,4.617391663568073e-06
20260917,PRODUCT_POSREG,PRODUCT_L1,6,path_1_to_H,clip_0_1,1464,0.005600641009727607,0.0034487360609898334
20260917,PRODUCT_POSREG,PRODUCT_L1,6,path_1_to_H,clip_0_1,1476,-0.0025340025319801215,-0.0006494199965894293
20260917,PRODUCT_POSREG,PRODUCT_L1,6,path_1_to_H,clip_0_1,1488,0.0021780787141770803,6.346228901670007e-05
20260917,PRODUCT_POSREG,PRODUCT_L1,6,path_1_to_H,clip_0_1,1500,0.005802704046092604,0.0006323372623470271
20260917,PRODUCT_POSREG,PRODUCT_L1,6,path_1_to_H,clip_0_1,1512,0.0012223223853308459,0.0006667179569615253
20260917,PRODUCT_POSREG,PRODUCT_L1,6,path_1_to_H,clip_0_1,1524,-0.00565750203779947,-0.0018104844540626872
20260917,PRODUCT_POSREG,PRODUCT_L1,6,path_1_to_H,clip_0_1,1536,-0.0004219116042071796,4.728820591066326e-05
20260917,PRODUCT_POSREG,PRODUCT_L1,6,path_1_to_H,clip_0_1,1548,0.0017131563565932861,0.0004419797168732383
20260917,PRODUCT_POSREG,PRODUCT_L1,9,terminal_H,raw,1392,0.002057846004440556,0.00043276711904024936
20260917,PRODUCT_POSREG,PRODUCT_L1,9,terminal_H,raw,1404,0.001648721407148716,4.953436097525054e-05
20260917,PRODUCT_POSREG,PRODUCT_L1,9,terminal_H,raw,1416,-0.006948797361253159,-0.0009790588906485158
20260917,PRODUCT_POSREG,PRODUCT_L1,9,terminal_H,raw,1428,-0.0015914156535220669,-0.00026115789494244966
20260917,PRODUCT_POSREG,PRODUCT_L1,9,terminal_H,raw,1440,-0.004231401585090698,-9.635626261977011e-05
20260917,PRODUCT_POSREG,PRODUCT_L1,9,terminal_H,raw,1452,0.0008449672157965315,0.0003760743724458698
20260917,PRODUCT_POSREG,PRODUCT_L1,9,terminal_H,raw,1464,0.004117478220396126,0.002994853252254164
20260917,PRODUCT_POSREG,PRODUCT_L1,9,terminal_H,raw,1476,-0.0075972520038382315,-0.002335147830951422
20260917,PRODUCT_POSREG,PRODUCT_L1,9,terminal_H,raw,1488,0.0045394488395919365,0.0006864302560758665
20260917,PRODUCT_POSREG,PRODUCT_L1,9,terminal_H,raw,1500,0.006853339428394286,0.0009220170262819453
20260917,PRODUCT_POSREG,PRODUCT_L1,9,terminal_H,raw,1512,0.0032601796242835712,0.0016204373120388164
20260917,PRODUCT_POSREG,PRODUCT_L1,9,terminal_H,raw,1524,-0.01150308540342279,-0.0033464647330280727
20260917,PRODUCT_POSREG,PRODUCT_L1,9,terminal_H,raw,1536,0.0004384045455563893,0.00026759329768635354
20260917,PRODUCT_POSREG,PRODUCT_L1,9,terminal_H,raw,1548,0.0004219066248225339,0.0002117904914459089
20260917,PRODUCT_POSREG,PRODUCT_L1,9,terminal_H,clip_0_1,1392,0.002035431515214648,0.0004325961420427013
20260917,PRODUCT_POSREG,PRODUCT_L1,9,terminal_H,clip_0_1,1404,0.001648721407148716,4.953436097525054e-05
20260917,PRODUCT_POSREG,PRODUCT_L1,9,terminal_H,clip_0_1,1416,-0.006948797361253159,-0.0009790588906485158
20260917,PRODUCT_POSREG,PRODUCT_L1,9,terminal_H,clip_0_1,1428,-0.0015997313447822356,-0.0002611012451718872
20260917,PRODUCT_POSREG,PRODUCT_L1,9,terminal_H,clip_0_1,1440,-0.004231401585090698,-9.635626261977011e-05
20260917,PRODUCT_POSREG,PRODUCT_L1,9,terminal_H,clip_0_1,1452,0.0008566646297242464,0.00037611200055633374
20260917,PRODUCT_POSREG,PRODUCT_L1,9,terminal_H,clip_0_1,1464,0.004173894067568902,0.0029956206246752695
20260917,PRODUCT_POSREG,PRODUCT_L1,9,terminal_H,clip_0_1,1476,-0.007573211604888305,-0.0023346977363965992
20260917,PRODUCT_POSREG,PRODUCT_L1,9,terminal_H,clip_0_1,1488,0.004556425423124523,0.0006865095122826872
20260917,PRODUCT_POSREG,PRODUCT_L1,9,terminal_H,clip_0_1,1500,0.006853339428394286,0.0009220170262819453
20260917,PRODUCT_POSREG,PRODUCT_L1,9,terminal_H,clip_0_1,1512,0.0032923819437306076,0.001629977714827408
20260917,PRODUCT_POSREG,PRODUCT_L1,9,terminal_H,clip_0_1,1524,-0.01150308540342279,-0.0033464647330280727
20260917,PRODUCT_POSREG,PRODUCT_L1,9,terminal_H,clip_0_1,1536,0.0004384045455563893,0.00026759329768635354
20260917,PRODUCT_POSREG,PRODUCT_L1,9,terminal_H,clip_0_1,1548,0.0004219066248225339,0.0002117904914459089
20260917,PRODUCT_POSREG,PRODUCT_L1,9,path_1_to_H,raw,1392,0.002724099502734875,0.00034086396454013435
20260917,PRODUCT_POSREG,PRODUCT_L1,9,path_1_to_H,raw,1404,-0.0006694585659744727,-8.328951185313671e-05
20260917,PRODUCT_POSREG,PRODUCT_L1,9,path_1_to_H,raw,1416,-0.0051603501777954044,-0.0005590490882292536
20260917,PRODUCT_POSREG,PRODUCT_L1,9,path_1_to_H,raw,1428,-0.0014655379791805752,-0.00018550316018835648
20260917,PRODUCT_POSREG,PRODUCT_L1,9,path_1_to_H,raw,1440,-0.0008934164297411652,2.824369126041396e-05
20260917,PRODUCT_POSREG,PRODUCT_L1,9,path_1_to_H,raw,1452,-0.00022795379317463923,1.1405337671623012e-05
20260917,PRODUCT_POSREG,PRODUCT_L1,9,path_1_to_H,raw,1464,0.005378778927663924,0.0033662276331110283
20260917,PRODUCT_POSREG,PRODUCT_L1,9,path_1_to_H,raw,1476,-0.004430686463195675,-0.001228902415275503
20260917,PRODUCT_POSREG,PRODUCT_L1,9,path_1_to_H,raw,1488,0.003137238061591578,0.0002396470027305763
20260917,PRODUCT_POSREG,PRODUCT_L1,9,path_1_to_H,raw,1500,0.006505657239076054,0.0007381283711618688
20260917,PRODUCT_POSREG,PRODUCT_L1,9,path_1_to_H,raw,1512,0.001560040146832089,0.0009549080230097742
20260917,PRODUCT_POSREG,PRODUCT_L1,9,path_1_to_H,raw,1524,-0.007403411679194866,-0.00219385198599988
20260917,PRODUCT_POSREG,PRODUCT_L1,9,path_1_to_H,raw,1536,1.8753566413342127e-05,0.0001545474200853584
20260917,PRODUCT_POSREG,PRODUCT_L1,9,path_1_to_H,raw,1548,0.0015524987234268829,0.0004208839832399781
20260917,PRODUCT_POSREG,PRODUCT_L1,9,path_1_to_H,clip_0_1,1392,0.0027065621259067564,0.00033972699339721913
20260917,PRODUCT_POSREG,PRODUCT_L1,9,path_1_to_H,clip_0_1,1404,-0.0006704104049634773,-8.329175419685265e-05
20260917,PRODUCT_POSREG,PRODUCT_L1,9,path_1_to_H,clip_0_1,1416,-0.005184189766692751,-0.0005625418773798058
20260917,PRODUCT_POSREG,PRODUCT_L1,9,path_1_to_H,clip_0_1,1428,-0.0014705775791033155,-0.0001855196973760089
20260917,PRODUCT_POSREG,PRODUCT_L1,9,path_1_to_H,clip_0_1,1440,-0.0008846319863519067,2.929359881746695e-05
20260917,PRODUCT_POSREG,PRODUCT_L1,9,path_1_to_H,clip_0_1,1452,-0.00023406277180064124,1.1346320925932116e-05
20260917,PRODUCT_POSREG,PRODUCT_L1,9,path_1_to_H,clip_0_1,1464,0.005392747837301435,0.0033661241264215614
20260917,PRODUCT_POSREG,PRODUCT_L1,9,path_1_to_H,clip_0_1,1476,-0.004424186394087046,-0.0012286916158963448
20260917,PRODUCT_POSREG,PRODUCT_L1,9,path_1_to_H,clip_0_1,1488,0.003182646276585496,0.000239930449686503
20260917,PRODUCT_POSREG,PRODUCT_L1,9,path_1_to_H,clip_0_1,1500,0.006505223111888827,0.000738136351451352
20260917,PRODUCT_POSREG,PRODUCT_L1,9,path_1_to_H,clip_0_1,1512,0.001602003948601262,0.0009666178623483904
20260917,PRODUCT_POSREG,PRODUCT_L1,9,path_1_to_H,clip_0_1,1524,-0.007401614652172989,-0.0021937815838421865
20260917,PRODUCT_POSREG,PRODUCT_L1,9,path_1_to_H,clip_0_1,1536,1.8753566413342127e-05,0.0001545474200853584
20260917,PRODUCT_POSREG,PRODUCT_L1,9,path_1_to_H,clip_0_1,1548,0.0015524987234268829,0.0004208839832399781
20260917,PRODUCT_POSREG,PRODUCT_L1,12,terminal_H,raw,1392,0.0009097682939302372,0.0002905122907243276
20260917,PRODUCT_POSREG,PRODUCT_L1,12,terminal_H,raw,1404,0.0013115829387482104,-1.6027109948665133e-05
20260917,PRODUCT_POSREG,PRODUCT_L1,12,terminal_H,raw,1416,-0.0052973514328316556,-0.0005168914062144677
20260917,PRODUCT_POSREG,PRODUCT_L1,12,terminal_H,raw,1428,-0.0012462384812900347,-0.00012637198525324936
20260917,PRODUCT_POSREG,PRODUCT_L1,12,terminal_H,raw,1440,-0.0026639593861069854,-0.00017187190830666635
20260917,PRODUCT_POSREG,PRODUCT_L1,12,terminal_H,raw,1452,0.0011660406327806308,-4.459446774620696e-06
20260917,PRODUCT_POSREG,PRODUCT_L1,12,terminal_H,raw,1464,0.0025363902494271204,0.0020555585921114843
20260917,PRODUCT_POSREG,PRODUCT_L1,12,terminal_H,raw,1476,-0.0015545148139970723,-0.00041440046983233633
20260917,PRODUCT_POSREG,PRODUCT_L1,12,terminal_H,raw,1488,0.0017749215131768832,0.0003843439895060512
20260917,PRODUCT_POSREG,PRODUCT_L1,12,terminal_H,raw,1500,0.0070878846823228805,0.0010412915313121269
20260917,PRODUCT_POSREG,PRODUCT_L1,12,terminal_H,raw,1512,0.000850930066165041,0.0004246792954960286
20260917,PRODUCT_POSREG,PRODUCT_L1,12,terminal_H,raw,1524,-0.011612583225248123,-0.0037473885064065373
20260917,PRODUCT_POSREG,PRODUCT_L1,12,terminal_H,raw,1536,0.0006986593876801683,7.11428348376728e-05
20260917,PRODUCT_POSREG,PRODUCT_L1,12,terminal_H,raw,1548,0.000480181327055299,0.0002830353133039399
20260917,PRODUCT_POSREG,PRODUCT_L1,12,terminal_H,clip_0_1,1392,0.0009189199108983185,0.00029053532254993844
20260917,PRODUCT_POSREG,PRODUCT_L1,12,terminal_H,clip_0_1,1404,0.0013115829387482104,-1.6027109948665133e-05
20260917,PRODUCT_POSREG,PRODUCT_L1,12,terminal_H,clip_0_1,1416,-0.0052973514328316556,-0.0005168914062144677
20260917,PRODUCT_POSREG,PRODUCT_L1,12,terminal_H,clip_0_1,1428,-0.0012912555064083255,-0.0001306066805431332
20260917,PRODUCT_POSREG,PRODUCT_L1,12,terminal_H,clip_0_1,1440,-0.0026639593861069854,-0.00017187190830666635
20260917,PRODUCT_POSREG,PRODUCT_L1,12,terminal_H,clip_0_1,1452,0.0011678211522119185,-4.435150962977009e-06
20260917,PRODUCT_POSREG,PRODUCT_L1,12,terminal_H,clip_0_1,1464,0.0025363902494271204,0.0020555585921114843
20260917,PRODUCT_POSREG,PRODUCT_L1,12,terminal_H,clip_0_1,1476,-0.0015450658539122655,-0.00041434233088437003
20260917,PRODUCT_POSREG,PRODUCT_L1,12,terminal_H,clip_0_1,1488,0.0017749215131768832,0.0003843439895060512
20260917,PRODUCT_POSREG,PRODUCT_L1,12,terminal_H,clip_0_1,1500,0.0070878846823228805,0.0010412915313121269
20260917,PRODUCT_POSREG,PRODUCT_L1,12,terminal_H,clip_0_1,1512,0.0008600160015624562,0.00042470199790709125
20260917,PRODUCT_POSREG,PRODUCT_L1,12,terminal_H,clip_0_1,1524,-0.011612583225248123,-0.0037473885064065373
20260917,PRODUCT_POSREG,PRODUCT_L1,12,terminal_H,clip_0_1,1536,0.0006986593876801683,7.11428348376728e-05
20260917,PRODUCT_POSREG,PRODUCT_L1,12,terminal_H,clip_0_1,1548,0.0004517952652135077,0.00027952172959567643
20260917,PRODUCT_POSREG,PRODUCT_L1,12,path_1_to_H,raw,1392,0.0021236695883241003,0.0003191369964745365
20260917,PRODUCT_POSREG,PRODUCT_L1,12,path_1_to_H,raw,1404,-0.00018963123989591444,-6.299726367662461e-05
20260917,PRODUCT_POSREG,PRODUCT_L1,12,path_1_to_H,raw,1416,-0.005585304493483444,-0.0006292364930054727
20260917,PRODUCT_POSREG,PRODUCT_L1,12,path_1_to_H,raw,1428,-0.0013231119968422137,-0.00014087223975209969
20260917,PRODUCT_POSREG,PRODUCT_L1,12,path_1_to_H,raw,1440,-0.0015347692968558078,-4.504063298300254e-05
20260917,PRODUCT_POSREG,PRODUCT_L1,12,path_1_to_H,raw,1452,-0.00016537301338512237,-1.3432417083460486e-05
20260917,PRODUCT_POSREG,PRODUCT_L1,12,path_1_to_H,raw,1464,0.005072555765763096,0.003257272190979799
20260917,PRODUCT_POSREG,PRODUCT_L1,12,path_1_to_H,raw,1476,-0.004196435988914205,-0.0012194224497751162
20260917,PRODUCT_POSREG,PRODUCT_L1,12,path_1_to_H,raw,1488,0.0030498033370350663,0.00033118630084896274
20260917,PRODUCT_POSREG,PRODUCT_L1,12,path_1_to_H,raw,1500,0.006631797785267193,0.000802040870284406
20260917,PRODUCT_POSREG,PRODUCT_L1,12,path_1_to_H,raw,1512,0.00157531289820897,0.0009091444264707203
20260917,PRODUCT_POSREG,PRODUCT_L1,12,path_1_to_H,raw,1524,-0.008472181623865977,-0.002564839376494603
20260917,PRODUCT_POSREG,PRODUCT_L1,12,path_1_to_H,raw,1536,-0.0001762216632454976,6.307509268272205e-05
20260917,PRODUCT_POSREG,PRODUCT_L1,12,path_1_to_H,raw,1548,0.0014181979950151913,0.0004503740041039816
20260917,PRODUCT_POSREG,PRODUCT_L1,12,path_1_to_H,clip_0_1,1392,0.0021112791904503523,0.000318286187436151
20260917,PRODUCT_POSREG,PRODUCT_L1,12,path_1_to_H,clip_0_1,1404,-0.00019034511913766785,-6.299894543441158e-05
20260917,PRODUCT_POSREG,PRODUCT_L1,12,path_1_to_H,clip_0_1,1416,-0.005603184185156453,-0.0006318560848683868
20260917,PRODUCT_POSREG,PRODUCT_L1,12,path_1_to_H,clip_0_1,1428,-0.0013315366785758877,-0.000141477415539497
20260917,PRODUCT_POSREG,PRODUCT_L1,12,path_1_to_H,clip_0_1,1440,-0.001528180964313864,-4.42532023152128e-05
20260917,PRODUCT_POSREG,PRODUCT_L1,12,path_1_to_H,clip_0_1,1452,-0.0001685162120434746,-1.3470202874830525e-05
20260917,PRODUCT_POSREG,PRODUCT_L1,12,path_1_to_H,clip_0_1,1464,0.0050830324479912295,0.0032571945609626983
20260917,PRODUCT_POSREG,PRODUCT_L1,12,path_1_to_H,clip_0_1,1476,-0.004187420187875911,-0.0012191975814875935
20260917,PRODUCT_POSREG,PRODUCT_L1,12,path_1_to_H,clip_0_1,1488,0.003084781685346025,0.0003314016924815543
20260917,PRODUCT_POSREG,PRODUCT_L1,12,path_1_to_H,clip_0_1,1500,0.006631472189876774,0.0008020468555015184
20260917,PRODUCT_POSREG,PRODUCT_L1,12,path_1_to_H,clip_0_1,1512,0.0016112937340684937,0.0009187061353146291
20260917,PRODUCT_POSREG,PRODUCT_L1,12,path_1_to_H,clip_0_1,1524,-0.00847083385359957,-0.0025647865748763326
20260917,PRODUCT_POSREG,PRODUCT_L1,12,path_1_to_H,clip_0_1,1536,-0.0001762216632454976,6.307509268272205e-05
20260917,PRODUCT_POSREG,PRODUCT_L1,12,path_1_to_H,clip_0_1,1548,0.0014085190296620363,0.00044858399983460276
20260917,PRODUCT_POSREG,CONCAT_MSE,3,terminal_H,raw,1392,-0.0024767288502537546,-8.099417226898654e-05
20260917,PRODUCT_POSREG,CONCAT_MSE,3,terminal_H,raw,1404,-0.0003074446214543144,-7.931199588133709e-06
20260917,PRODUCT_POSREG,CONCAT_MSE,3,terminal_H,raw,1416,-0.00576902793812304,-0.00042422668846377854
20260917,PRODUCT_POSREG,CONCAT_MSE,3,terminal_H,raw,1428,-0.00019355272826752614,4.3701422744034e-06
20260917,PRODUCT_POSREG,CONCAT_MSE,3,terminal_H,raw,1440,0.002605763928577396,5.8610562275489796e-05
20260917,PRODUCT_POSREG,CONCAT_MSE,3,terminal_H,raw,1452,0.0011828725786140616,-1.844520929952603e-05
20260917,PRODUCT_POSREG,CONCAT_MSE,3,terminal_H,raw,1464,0.00451695108004739,0.0031136192416995755
20260917,PRODUCT_POSREG,CONCAT_MSE,3,terminal_H,raw,1476,-0.0011432011683198714,-0.0004812136464089029
20260917,PRODUCT_POSREG,CONCAT_MSE,3,terminal_H,raw,1488,0.002568984715055064,0.0003840170171624556
20260917,PRODUCT_POSREG,CONCAT_MSE,3,terminal_H,raw,1500,0.0038546082080961057,0.00036839527207047627
20260917,PRODUCT_POSREG,CONCAT_MSE,3,terminal_H,raw,1512,0.003160368971677719,0.0018051306651747508
20260917,PRODUCT_POSREG,CONCAT_MSE,3,terminal_H,raw,1524,-0.00735613025457389,-0.0013062220203084998
20260917,PRODUCT_POSREG,CONCAT_MSE,3,terminal_H,raw,1536,-0.00021445317966681016,8.68477402186778e-05
20260917,PRODUCT_POSREG,CONCAT_MSE,3,terminal_H,raw,1548,-9.058097659353146e-05,-8.660046878298758e-05
20260917,PRODUCT_POSREG,CONCAT_MSE,3,terminal_H,clip_0_1,1392,-0.002612818535036686,-9.950114653742078e-05
20260917,PRODUCT_POSREG,CONCAT_MSE,3,terminal_H,clip_0_1,1404,-0.0003074446214543144,-7.931199588133709e-06
20260917,PRODUCT_POSREG,CONCAT_MSE,3,terminal_H,clip_0_1,1416,-0.0057578683293668,-0.00042417050373818325
20260917,PRODUCT_POSREG,CONCAT_MSE,3,terminal_H,clip_0_1,1428,-0.00019261224825203155,4.3723581707356205e-06
20260917,PRODUCT_POSREG,CONCAT_MSE,3,terminal_H,clip_0_1,1440,0.002530381051266827,5.736539258220147e-05
20260917,PRODUCT_POSREG,CONCAT_MSE,3,terminal_H,clip_0_1,1452,0.001164504199834093,-1.857867712044556e-05
20260917,PRODUCT_POSREG,CONCAT_MSE,3,terminal_H,clip_0_1,1464,0.004472137448748423,0.0031107688461155894
20260917,PRODUCT_POSREG,CONCAT_MSE,3,terminal_H,clip_0_1,1476,-0.0011059002120537014,-0.0004807693323896131
20260917,PRODUCT_POSREG,CONCAT_MSE,3,terminal_H,clip_0_1,1488,0.0026330580074877255,0.0003844648926539519
20260917,PRODUCT_POSREG,CONCAT_MSE,3,terminal_H,clip_0_1,1500,0.003892947612413601,0.00037150780119593894
20260917,PRODUCT_POSREG,CONCAT_MSE,3,terminal_H,clip_0_1,1512,0.0031413063784659556,0.0017893000412567686
20260917,PRODUCT_POSREG,CONCAT_MSE,3,terminal_H,clip_0_1,1524,-0.00735613025457389,-0.0013062220203084998
20260917,PRODUCT_POSREG,CONCAT_MSE,3,terminal_H,clip_0_1,1536,-0.00021445317966681016,8.68477402186778e-05
20260917,PRODUCT_POSREG,CONCAT_MSE,3,terminal_H,clip_0_1,1548,-9.058097659353146e-05,-8.660046878298758e-05
20260917,PRODUCT_POSREG,CONCAT_MSE,3,path_1_to_H,raw,1392,-0.0017546595401661006,-0.00011482710244943861
20260917,PRODUCT_POSREG,CONCAT_MSE,3,path_1_to_H,raw,1404,0.0007336632032823095,6.238202688265219e-05
20260917,PRODUCT_POSREG,CONCAT_MSE,3,path_1_to_H,raw,1416,-0.0026190433633883105,-0.00017836973341301706
20260917,PRODUCT_POSREG,CONCAT_MSE,3,path_1_to_H,raw,1428,0.0006313454768854672,-1.441808142747276e-05
20260917,PRODUCT_POSREG,CONCAT_MSE,3,path_1_to_H,raw,1440,0.0013265483804902009,2.4848964084305085e-05
20260917,PRODUCT_POSREG,CONCAT_MSE,3,path_1_to_H,raw,1452,0.0008702130809900408,-3.249899895800862e-05
20260917,PRODUCT_POSREG,CONCAT_MSE,3,path_1_to_H,raw,1464,0.003386490507433794,0.0022291906245683695
20260917,PRODUCT_POSREG,CONCAT_MSE,3,path_1_to_H,raw,1476,-0.0003407657802076508,-0.00024630637635849034
20260917,PRODUCT_POSREG,CONCAT_MSE,3,path_1_to_H,raw,1488,0.0017099139886753436,0.00015425382922242407
20260917,PRODUCT_POSREG,CONCAT_MSE,3,path_1_to_H,raw,1500,0.0022881991572591544,0.00014864156130612948
20260917,PRODUCT_POSREG,CONCAT_MSE,3,path_1_to_H,raw,1512,0.0024460721483694275,0.0011224017483102658
20260917,PRODUCT_POSREG,CONCAT_MSE,3,path_1_to_H,raw,1524,-0.003770989055006677,-0.0006963717603383708
20260917,PRODUCT_POSREG,CONCAT_MSE,3,path_1_to_H,raw,1536,-0.00012128652765918738,-1.9108445842172453e-05
20260917,PRODUCT_POSREG,CONCAT_MSE,3,path_1_to_H,raw,1548,-0.0006626960315436145,-0.00021923702277622454
20260917,PRODUCT_POSREG,CONCAT_MSE,3,path_1_to_H,clip_0_1,1392,-0.0018807950629068748,-0.00013250467271160103
20260917,PRODUCT_POSREG,CONCAT_MSE,3,path_1_to_H,clip_0_1,1404,0.0007255411489475624,6.232760347519351e-05
20260917,PRODUCT_POSREG,CONCAT_MSE,3,path_1_to_H,clip_0_1,1416,-0.0026068329848726477,-0.00017822975038992646
20260917,PRODUCT_POSREG,CONCAT_MSE,3,path_1_to_H,clip_0_1,1428,0.0006316589702239654,-1.4417342795362023e-05
20260917,PRODUCT_POSREG,CONCAT_MSE,3,path_1_to_H,clip_0_1,1440,0.0012715359932377133,2.4102149161656775e-05
20260917,PRODUCT_POSREG,CONCAT_MSE,3,path_1_to_H,clip_0_1,1452,0.0008705259418980851,-3.2496451647925685e-05
20260917,PRODUCT_POSREG,CONCAT_MSE,3,path_1_to_H,clip_0_1,1464,0.003364973157124083,0.002228031282205928
20260917,PRODUCT_POSREG,CONCAT_MSE,3,path_1_to_H,clip_0_1,1476,-0.00032149897322269837,-0.00024616270166982914
20260917,PRODUCT_POSREG,CONCAT_MSE,3,path_1_to_H,clip_0_1,1488,0.0017580120860731022,0.00015465638910969935
20260917,PRODUCT_POSREG,CONCAT_MSE,3,path_1_to_H,clip_0_1,1500,0.002323598492274416,0.0001511409650793848
20260917,PRODUCT_POSREG,CONCAT_MSE,3,path_1_to_H,clip_0_1,1512,0.0024198588214889836,0.0011056326084847737
20260917,PRODUCT_POSREG,CONCAT_MSE,3,path_1_to_H,clip_0_1,1524,-0.0037590514272967264,-0.0006962479518214286
20260917,PRODUCT_POSREG,CONCAT_MSE,3,path_1_to_H,clip_0_1,1536,-0.00013549258434489243,-1.927494078058236e-05
20260917,PRODUCT_POSREG,CONCAT_MSE,3,path_1_to_H,clip_0_1,1548,-0.0006626960315436145,-0.00021923702277622454
20260917,PRODUCT_POSREG,CONCAT_MSE,6,terminal_H,raw,1392,0.0012155219058837584,2.6480204678968158e-05
20260917,PRODUCT_POSREG,CONCAT_MSE,6,terminal_H,raw,1404,-0.00015325175173169154,0.00023246126376242615
20260917,PRODUCT_POSREG,CONCAT_MSE,6,terminal_H,raw,1416,-0.010755989908005827,-0.0010144842210943078
20260917,PRODUCT_POSREG,CONCAT_MSE,6,terminal_H,raw,1428,-0.0006139133718696953,-0.00019559319840562505
20260917,PRODUCT_POSREG,CONCAT_MSE,6,terminal_H,raw,1440,0.0027407743466199798,0.0002648872870615638
20260917,PRODUCT_POSREG,CONCAT_MSE,6,terminal_H,raw,1452,-0.0008784695045471454,-0.0003315793135501182
20260917,PRODUCT_POSREG,CONCAT_MSE,6,terminal_H,raw,1464,0.006164197796883675,0.0037135471255265026
20260917,PRODUCT_POSREG,CONCAT_MSE,6,terminal_H,raw,1476,0.004227608691494074,-1.7514592914257427e-05
20260917,PRODUCT_POSREG,CONCAT_MSE,6,terminal_H,raw,1488,0.005371576663292764,0.00022858389549611764
20260917,PRODUCT_POSREG,CONCAT_MSE,6,terminal_H,raw,1500,0.014252936645198343,0.0015269906229959825
20260917,PRODUCT_POSREG,CONCAT_MSE,6,terminal_H,raw,1512,-0.0028625568848848052,-0.0018200384341238397
20260917,PRODUCT_POSREG,CONCAT_MSE,6,terminal_H,raw,1524,-0.01621187200790108,-0.004211002573922607
20260917,PRODUCT_POSREG,CONCAT_MSE,6,terminal_H,raw,1536,-0.0010176268571969046,-0.0004721926291771302
20260917,PRODUCT_POSREG,CONCAT_MSE,6,terminal_H,raw,1548,0.0038437409701784996,0.0007614524856276181
20260917,PRODUCT_POSREG,CONCAT_MSE,6,terminal_H,clip_0_1,1392,0.0011395566256292566,1.3980122146951748e-05
20260917,PRODUCT_POSREG,CONCAT_MSE,6,terminal_H,clip_0_1,1404,-0.00015325175173169154,0.00023246126376242615
20260917,PRODUCT_POSREG,CONCAT_MSE,6,terminal_H,clip_0_1,1416,-0.010685702721376183,-0.00101176786167251
20260917,PRODUCT_POSREG,CONCAT_MSE,6,terminal_H,clip_0_1,1428,-0.0006248833605012433,-0.00019562629208453355
20260917,PRODUCT_POSREG,CONCAT_MSE,6,terminal_H,clip_0_1,1440,0.0027513605823915174,0.00027042665950728894
20260917,PRODUCT_POSREG,CONCAT_MSE,6,terminal_H,clip_0_1,1452,-0.0008784695045471454,-0.0003315793135501182
20260917,PRODUCT_POSREG,CONCAT_MSE,6,terminal_H,clip_0_1,1464,0.006079106997322146,0.0037045233859822903
20260917,PRODUCT_POSREG,CONCAT_MSE,6,terminal_H,clip_0_1,1476,0.00423780352880909,-1.748601086959052e-05
20260917,PRODUCT_POSREG,CONCAT_MSE,6,terminal_H,clip_0_1,1488,0.005404534710044778,0.00022869969127746383
20260917,PRODUCT_POSREG,CONCAT_MSE,6,terminal_H,clip_0_1,1500,0.014252936645198343,0.0015269906229959825
20260917,PRODUCT_POSREG,CONCAT_MSE,6,terminal_H,clip_0_1,1512,-0.0028079958543367435,-0.0018104049238962035
20260917,PRODUCT_POSREG,CONCAT_MSE,6,terminal_H,clip_0_1,1524,-0.016203563818404414,-0.004210291242623755
20260917,PRODUCT_POSREG,CONCAT_MSE,6,terminal_H,clip_0_1,1536,-0.0010176268571969046,-0.0004721926291771302
20260917,PRODUCT_POSREG,CONCAT_MSE,6,terminal_H,clip_0_1,1548,0.0038437409701784996,0.0007614524856276181
20260917,PRODUCT_POSREG,CONCAT_MSE,6,path_1_to_H,raw,1392,-0.00014273588042476048,-7.257505193786989e-05
20260917,PRODUCT_POSREG,CONCAT_MSE,6,path_1_to_H,raw,1404,0.0007737671619395348,0.00016219787205566175
20260917,PRODUCT_POSREG,CONCAT_MSE,6,path_1_to_H,raw,1416,-0.006970330365774858,-0.0006698572773904767
20260917,PRODUCT_POSREG,CONCAT_MSE,6,path_1_to_H,raw,1428,8.331462090362433e-05,-9.153871319263066e-05
20260917,PRODUCT_POSREG,CONCAT_MSE,6,path_1_to_H,raw,1440,0.0024418653827667936,0.00015084110062245874
20260917,PRODUCT_POSREG,CONCAT_MSE,6,path_1_to_H,raw,1452,2.8597301687987357e-05,-0.00015888891605841347
20260917,PRODUCT_POSREG,CONCAT_MSE,6,path_1_to_H,raw,1464,0.005076239982711851,0.0030913747485899075
20260917,PRODUCT_POSREG,CONCAT_MSE,6,path_1_to_H,raw,1476,0.0009378874460535484,-0.0002818470316496411
20260917,PRODUCT_POSREG,CONCAT_MSE,6,path_1_to_H,raw,1488,0.0031162806511285633,9.14461622640045e-05
20260917,PRODUCT_POSREG,CONCAT_MSE,6,path_1_to_H,raw,1500,0.006817193668052306,0.00063808874838569
20260917,PRODUCT_POSREG,CONCAT_MSE,6,path_1_to_H,raw,1512,0.0008944944492235678,0.0002602701486603054
20260917,PRODUCT_POSREG,CONCAT_MSE,6,path_1_to_H,raw,1524,-0.009982158724772332,-0.0033267913175684546
20260917,PRODUCT_POSREG,CONCAT_MSE,6,path_1_to_H,raw,1536,-0.0003863875888328847,-0.00010475817142732045
20260917,PRODUCT_POSREG,CONCAT_MSE,6,path_1_to_H,raw,1548,0.0006407362742200677,6.853813563808671e-05
20260917,PRODUCT_POSREG,CONCAT_MSE,6,path_1_to_H,clip_0_1,1392,-0.00027616300890382137,-9.322194282502246e-05
20260917,PRODUCT_POSREG,CONCAT_MSE,6,path_1_to_H,clip_0_1,1404,0.0007697061347721613,0.0001621706603519324
20260917,PRODUCT_POSREG,CONCAT_MSE,6,path_1_to_H,clip_0_1,1416,-0.0069560234196940325,-0.000669972729080506
20260917,PRODUCT_POSREG,CONCAT_MSE,6,path_1_to_H,clip_0_1,1428,8.16430361342821e-05,-9.15438594897267e-05
20260917,PRODUCT_POSREG,CONCAT_MSE,6,path_1_to_H,clip_0_1,1440,0.002405423122182164,0.00015218496726522105
20260917,PRODUCT_POSREG,CONCAT_MSE,6,path_1_to_H,clip_0_1,1452,2.550945606393395e-05,-0.00015890500919336876
20260917,PRODUCT_POSREG,CONCAT_MSE,6,path_1_to_H,clip_0_1,1464,0.005023092587426406,0.0030869813876636815
20260917,PRODUCT_POSREG,CONCAT_MSE,6,path_1_to_H,clip_0_1,1476,0.0009593223524111131,-0.0002815303035737551
20260917,PRODUCT_POSREG,CONCAT_MSE,6,path_1_to_H,clip_0_1,1488,0.003173826367097711,9.182979941578462e-05
20260917,PRODUCT_POSREG,CONCAT_MSE,6,path_1_to_H,clip_0_1,1500,0.006834893335559938,0.0006393384502723176
20260917,PRODUCT_POSREG,CONCAT_MSE,6,path_1_to_H,clip_0_1,1512,0.0009110091460419913,0.0002611391882589662
20260917,PRODUCT_POSREG,CONCAT_MSE,6,path_1_to_H,clip_0_1,1524,-0.009972501093604102,-0.003326602098301818
20260917,PRODUCT_POSREG,CONCAT_MSE,6,path_1_to_H,clip_0_1,1536,-0.00039349061717573725,-0.00010484141889652541
20260917,PRODUCT_POSREG,CONCAT_MSE,6,path_1_to_H,clip_0_1,1548,0.0006407362742200677,6.853813563808671e-05
20260917,PRODUCT_POSREG,CONCAT_MSE,9,terminal_H,raw,1392,0.0011561840202613805,0.00010985916565251843
20260917,PRODUCT_POSREG,CONCAT_MSE,9,terminal_H,raw,1404,0.0011278469657023751,0.0003942328888409729
20260917,PRODUCT_POSREG,CONCAT_MSE,9,terminal_H,raw,1416,-0.009970764297397645,-0.001226486136448903
20260917,PRODUCT_POSREG,CONCAT_MSE,9,terminal_H,raw,1428,0.0006700952714881183,0.0002140400879812131
20260917,PRODUCT_POSREG,CONCAT_MSE,9,terminal_H,raw,1440,-0.005589978941121389,-0.00017660429708167487
20260917,PRODUCT_POSREG,CONCAT_MSE,9,terminal_H,raw,1452,0.003025383510554191,-0.0002702358194011549
20260917,PRODUCT_POSREG,CONCAT_MSE,9,terminal_H,raw,1464,0.005965414104902563,0.004025552616065883
20260917,PRODUCT_POSREG,CONCAT_MSE,9,terminal_H,raw,1476,0.005472260210018733,0.00011222536789424026
20260917,PRODUCT_POSREG,CONCAT_MSE,9,terminal_H,raw,1488,-0.00023091743514809258,-0.00012419895960941193
20260917,PRODUCT_POSREG,CONCAT_MSE,9,terminal_H,raw,1500,0.013166204949246052,0.001567109346559913
20260917,PRODUCT_POSREG,CONCAT_MSE,9,terminal_H,raw,1512,-0.0032141035280087243,-0.0005362060718410832
20260917,PRODUCT_POSREG,CONCAT_MSE,9,terminal_H,raw,1524,-0.025805965226776327,-0.007608891194253938
20260917,PRODUCT_POSREG,CONCAT_MSE,9,terminal_H,raw,1536,-0.0019383820894378848,-0.0004106968043706421
20260917,PRODUCT_POSREG,CONCAT_MSE,9,terminal_H,raw,1548,-0.0036012528086457906,-0.0007100723878199647
20260917,PRODUCT_POSREG,CONCAT_MSE,9,terminal_H,clip_0_1,1392,0.0011588458076453715,0.00010986111405833976
20260917,PRODUCT_POSREG,CONCAT_MSE,9,terminal_H,clip_0_1,1404,0.0011278469657023751,0.0003942328888409729
20260917,PRODUCT_POSREG,CONCAT_MSE,9,terminal_H,clip_0_1,1416,-0.009970764297397645,-0.001226486136448903
20260917,PRODUCT_POSREG,CONCAT_MSE,9,terminal_H,clip_0_1,1428,0.0008200408339624406,0.0002319315961577407
20260917,PRODUCT_POSREG,CONCAT_MSE,9,terminal_H,clip_0_1,1440,-0.005589978941121389,-0.00017660429708167487
20260917,PRODUCT_POSREG,CONCAT_MSE,9,terminal_H,clip_0_1,1452,0.0030130536869626984,-0.00027035695102996206
20260917,PRODUCT_POSREG,CONCAT_MSE,9,terminal_H,clip_0_1,1464,0.006021829952075339,0.004026319988486988
20260917,PRODUCT_POSREG,CONCAT_MSE,9,terminal_H,clip_0_1,1476,0.005513176096128258,0.00011280153171825008
20260917,PRODUCT_POSREG,CONCAT_MSE,9,terminal_H,clip_0_1,1488,-0.00021394085161550704,-0.00012411970340259125
20260917,PRODUCT_POSREG,CONCAT_MSE,9,terminal_H,clip_0_1,1500,0.013166204949246052,0.001567109346559913
20260917,PRODUCT_POSREG,CONCAT_MSE,9,terminal_H,clip_0_1,1512,-0.003181901208561688,-0.0005266656690524915
20260917,PRODUCT_POSREG,CONCAT_MSE,9,terminal_H,clip_0_1,1524,-0.025805965226776327,-0.007608891194253938
20260917,PRODUCT_POSREG,CONCAT_MSE,9,terminal_H,clip_0_1,1536,-0.0019383820894378848,-0.0004106968043706421
20260917,PRODUCT_POSREG,CONCAT_MSE,9,terminal_H,clip_0_1,1548,-0.0036012528086457906,-0.0007100723878199647
20260917,PRODUCT_POSREG,CONCAT_MSE,9,path_1_to_H,raw,1392,0.0008585092022456066,0.00012370421715122678
20260917,PRODUCT_POSREG,CONCAT_MSE,9,path_1_to_H,raw,1404,0.0006787801986574466,0.00020802784508982134
20260917,PRODUCT_POSREG,CONCAT_MSE,9,path_1_to_H,raw,1416,-0.007016737761746972,-0.0007359282426371516
20260917,PRODUCT_POSREG,CONCAT_MSE,9,path_1_to_H,raw,1428,-0.00047069147235449967,-0.0001112672413920373
20260917,PRODUCT_POSREG,CONCAT_MSE,9,path_1_to_H,raw,1440,0.00037606770309743737,6.675066118383274e-05
20260917,PRODUCT_POSREG,CONCAT_MSE,9,path_1_to_H,raw,1452,0.0005803727504280006,-0.00019375034665906188
20260917,PRODUCT_POSREG,CONCAT_MSE,9,path_1_to_H,raw,1464,0.005296702055055684,0.00328403479686051
20260917,PRODUCT_POSREG,CONCAT_MSE,9,path_1_to_H,raw,1476,0.0023253243492450683,-0.00015489937102163636
20260917,PRODUCT_POSREG,CONCAT_MSE,9,path_1_to_H,raw,1488,0.002902552434130263,0.00010289222193817582
20260917,PRODUCT_POSREG,CONCAT_MSE,9,path_1_to_H,raw,1500,0.00899766423193439,0.0008720471209425029
20260917,PRODUCT_POSREG,CONCAT_MSE,9,path_1_to_H,raw,1512,-0.0004624629474352712,-0.00017989643197692634
20260917,PRODUCT_POSREG,CONCAT_MSE,9,path_1_to_H,raw,1524,-0.01437161873195084,-0.004343794861656545
20260917,PRODUCT_POSREG,CONCAT_MSE,9,path_1_to_H,raw,1536,-0.0007949826251109276,-0.00019004932917536407
20260917,PRODUCT_POSREG,CONCAT_MSE,9,path_1_to_H,raw,1548,0.000583847233359306,5.3819296988204267e-05
20260917,PRODUCT_POSREG,CONCAT_MSE,9,path_1_to_H,clip_0_1,1392,0.0007690012087301956,0.00010989404004763162
20260917,PRODUCT_POSREG,CONCAT_MSE,9,path_1_to_H,clip_0_1,1404,0.0006760728472125309,0.0002080097039540018
20260917,PRODUCT_POSREG,CONCAT_MSE,9,path_1_to_H,clip_0_1,1416,-0.00699340299031881,-0.0007352329426860916
20260917,PRODUCT_POSREG,CONCAT_MSE,9,path_1_to_H,clip_0_1,1428,-0.0004563778503062227,-0.000109286487215725
20260917,PRODUCT_POSREG,CONCAT_MSE,9,path_1_to_H,clip_0_1,1440,0.0003511222501070517,6.774302468442057e-05
20260917,PRODUCT_POSREG,CONCAT_MSE,9,path_1_to_H,clip_0_1,1452,0.0005771878339720162,-0.0001937743875832963
20260917,PRODUCT_POSREG,CONCAT_MSE,9,path_1_to_H,clip_0_1,1464,0.005276178668741205,0.0032811868166782963
20260917,PRODUCT_POSREG,CONCAT_MSE,9,path_1_to_H,clip_0_1,1476,0.002347105426463433,-0.00015461674411667233
20260917,PRODUCT_POSREG,CONCAT_MSE,9,path_1_to_H,clip_0_1,1488,0.0029476427739045597,0.00010317546876690076
20260917,PRODUCT_POSREG,CONCAT_MSE,9,path_1_to_H,clip_0_1,1500,0.009009545571432314,0.0008728802719978392
20260917,PRODUCT_POSREG,CONCAT_MSE,9,path_1_to_H,clip_0_1,1512,-0.00043813182129105705,-0.00017550288793124802
20260917,PRODUCT_POSREG,CONCAT_MSE,9,path_1_to_H,clip_0_1,1524,-0.01436518031117202,-0.004343668715478788
20260917,PRODUCT_POSREG,CONCAT_MSE,9,path_1_to_H,clip_0_1,1536,-0.0007997179773394959,-0.00019010482748816736
20260917,PRODUCT_POSREG,CONCAT_MSE,9,path_1_to_H,clip_0_1,1548,0.000583847233359306,5.3819296988204267e-05
20260917,PRODUCT_POSREG,CONCAT_MSE,12,terminal_H,raw,1392,0.001328437554830067,9.045081294217848e-05
20260917,PRODUCT_POSREG,CONCAT_MSE,12,terminal_H,raw,1404,0.002056170942997542,0.00026262892908231563
20260917,PRODUCT_POSREG,CONCAT_MSE,12,terminal_H,raw,1416,-0.004335967232320363,-0.000683532803075821
20260917,PRODUCT_POSREG,CONCAT_MSE,12,terminal_H,raw,1428,0.00020923757935945516,0.0001488992226458401
20260917,PRODUCT_POSREG,CONCAT_MSE,12,terminal_H,raw,1440,-0.0001493169949702205,-3.056020063092592e-05
20260917,PRODUCT_POSREG,CONCAT_MSE,12,terminal_H,raw,1452,0.008016123380481886,0.0005035470705394421
20260917,PRODUCT_POSREG,CONCAT_MSE,12,terminal_H,raw,1464,0.005955199465927952,0.0033833870444894727
20260917,PRODUCT_POSREG,CONCAT_MSE,12,terminal_H,raw,1476,0.008680767606035193,0.0017983360879121615
20260917,PRODUCT_POSREG,CONCAT_MSE,12,terminal_H,raw,1488,4.009816291714147e-05,0.00028449404407311695
20260917,PRODUCT_POSREG,CONCAT_MSE,12,terminal_H,raw,1500,0.010753696451340137,0.0012377964836352972
20260917,PRODUCT_POSREG,CONCAT_MSE,12,terminal_H,raw,1512,-0.002697775538760091,-0.0005877380445273554
20260917,PRODUCT_POSREG,CONCAT_MSE,12,terminal_H,raw,1524,-0.021008572211705982,-0.007555310564608718
20260917,PRODUCT_POSREG,CONCAT_MSE,12,terminal_H,raw,1536,0.0004508258912368778,-9.17723962104238e-05
20260917,PRODUCT_POSREG,CONCAT_MSE,12,terminal_H,raw,1548,-0.0037100495176996097,-0.0006623213625490116
20260917,PRODUCT_POSREG,CONCAT_MSE,12,terminal_H,clip_0_1,1392,0.0013375891717981481,9.047384476778934e-05
20260917,PRODUCT_POSREG,CONCAT_MSE,12,terminal_H,clip_0_1,1404,0.002056170942997542,0.00026262892908231563
20260917,PRODUCT_POSREG,CONCAT_MSE,12,terminal_H,clip_0_1,1416,-0.004335967232320363,-0.000683532803075821
20260917,PRODUCT_POSREG,CONCAT_MSE,12,terminal_H,clip_0_1,1428,0.0003656791153362325,0.0001632608541986065
20260917,PRODUCT_POSREG,CONCAT_MSE,12,terminal_H,clip_0_1,1440,-0.0001493169949702205,-3.056020063092592e-05
20260917,PRODUCT_POSREG,CONCAT_MSE,12,terminal_H,clip_0_1,1452,0.008006563140895921,0.000503386802117139
20260917,PRODUCT_POSREG,CONCAT_MSE,12,terminal_H,clip_0_1,1464,0.005955199465927952,0.0033833870444894727
20260917,PRODUCT_POSREG,CONCAT_MSE,12,terminal_H,clip_0_1,1476,0.008696679261933118,0.0017984057126303504
20260917,PRODUCT_POSREG,CONCAT_MSE,12,terminal_H,clip_0_1,1488,4.009816291714147e-05,0.00028449404407311695
20260917,PRODUCT_POSREG,CONCAT_MSE,12,terminal_H,clip_0_1,1500,0.010753696451340137,0.0012377964836352972
20260917,PRODUCT_POSREG,CONCAT_MSE,12,terminal_H,clip_0_1,1512,-0.0026886896033626755,-0.0005877153421162928
20260917,PRODUCT_POSREG,CONCAT_MSE,12,terminal_H,clip_0_1,1524,-0.021008572211705982,-0.007555310564608718
20260917,PRODUCT_POSREG,CONCAT_MSE,12,terminal_H,clip_0_1,1536,0.0004508258912368778,-9.17723962104238e-05
20260917,PRODUCT_POSREG,CONCAT_MSE,12,terminal_H,clip_0_1,1548,-0.0037347158365388564,-0.0006653492902057674
20260917,PRODUCT_POSREG,CONCAT_MSE,12,path_1_to_H,raw,1392,0.0008123785348563196,0.00011850218352198703
20260917,PRODUCT_POSREG,CONCAT_MSE,12,path_1_to_H,raw,1404,0.0008220113328878215,0.00014689175853298134
20260917,PRODUCT_POSREG,CONCAT_MSE,12,path_1_to_H,raw,1416,-0.007143123034735903,-0.0007594238543775053
20260917,PRODUCT_POSREG,CONCAT_MSE,12,path_1_to_H,raw,1428,-0.00013193806249363061,-1.0593028525160336e-05
20260917,PRODUCT_POSREG,CONCAT_MSE,12,path_1_to_H,raw,1440,-0.000281486535326921,1.5516838459457536e-05
20260917,PRODUCT_POSREG,CONCAT_MSE,12,path_1_to_H,raw,1452,0.002131616442195698,-5.385596172050654e-05
20260917,PRODUCT_POSREG,CONCAT_MSE,12,path_1_to_H,raw,1464,0.006012931679846244,0.0035457175808779454
20260917,PRODUCT_POSREG,CONCAT_MSE,12,path_1_to_H,raw,1476,0.0037968633705772466,0.00018697259980996936
20260917,PRODUCT_POSREG,CONCAT_MSE,12,path_1_to_H,raw,1488,0.0021489508022703814,0.00013239896834967824
20260917,PRODUCT_POSREG,CONCAT_MSE,12,path_1_to_H,raw,1500,0.009862659687629798,0.0010548695327225865
20260917,PRODUCT_POSREG,CONCAT_MSE,12,path_1_to_H,raw,1512,-0.0010793479105534057,-0.00027955565363169056
20260917,PRODUCT_POSREG,CONCAT_MSE,12,path_1_to_H,raw,1524,-0.016739706796831264,-0.005255727663044705
20260917,PRODUCT_POSREG,CONCAT_MSE,12,path_1_to_H,raw,1536,-0.0008813708745447095,-0.0002922676260830738
20260917,PRODUCT_POSREG,CONCAT_MSE,12,path_1_to_H,raw,1548,-0.0005061446688504554,-7.967634663834379e-05
20260917,PRODUCT_POSREG,CONCAT_MSE,12,path_1_to_H,clip_0_1,1392,0.0007460101744671011,0.00010814647001309159
20260917,PRODUCT_POSREG,CONCAT_MSE,12,path_1_to_H,clip_0_1,1404,0.0008199808193041348,0.00014687815268111666
20260917,PRODUCT_POSREG,CONCAT_MSE,12,path_1_to_H,clip_0_1,1416,-0.007125621956164781,-0.0007589023794142101
20260917,PRODUCT_POSREG,CONCAT_MSE,12,path_1_to_H,clip_0_1,1428,-7.211424121193987e-05,-2.3198746206912537e-06
20260917,PRODUCT_POSREG,CONCAT_MSE,12,path_1_to_H,clip_0_1,1440,-0.00030019562506971046,1.6261111084898417e-05
20260917,PRODUCT_POSREG,CONCAT_MSE,12,path_1_to_H,clip_0_1,1452,0.0021260134104149797,-5.3911034811202124e-05
20260917,PRODUCT_POSREG,CONCAT_MSE,12,path_1_to_H,clip_0_1,1464,0.005997539140110386,0.003543581595741285
20260917,PRODUCT_POSREG,CONCAT_MSE,12,path_1_to_H,clip_0_1,1476,0.0038206781443977005,0.00018727524936059918
20260917,PRODUCT_POSREG,CONCAT_MSE,12,path_1_to_H,clip_0_1,1488,0.002183690744166623,0.00013261420988686852
20260917,PRODUCT_POSREG,CONCAT_MSE,12,path_1_to_H,clip_0_1,1500,0.009871570692253239,0.0010554943960140888
20260917,PRODUCT_POSREG,CONCAT_MSE,12,path_1_to_H,clip_0_1,1512,-0.001056591581412601,-0.00027548116625748526
20260917,PRODUCT_POSREG,CONCAT_MSE,12,path_1_to_H,clip_0_1,1524,-0.016734877981247148,-0.005255633053411386
20260917,PRODUCT_POSREG,CONCAT_MSE,12,path_1_to_H,clip_0_1,1536,-0.0008849223887161358,-0.0002923092498176763
20260917,PRODUCT_POSREG,CONCAT_MSE,12,path_1_to_H,clip_0_1,1548,-0.0005106647481407804,-8.044635287073537e-05
20260917,PRODUCT_POSREG,CONCAT_POSREG,3,terminal_H,raw,1392,0.003973066373150504,0.0006900004147754242
20260917,PRODUCT_POSREG,CONCAT_POSREG,3,terminal_H,raw,1404,-0.0002707724782777253,-1.83088971091804e-05
20260917,PRODUCT_POSREG,CONCAT_POSREG,3,terminal_H,raw,1416,-0.003334722187276075,-0.00036315925804068826
20260917,PRODUCT_POSREG,CONCAT_POSREG,3,terminal_H,raw,1428,-0.0005474302046251185,-6.316019946115497e-05
20260917,PRODUCT_POSREG,CONCAT_POSREG,3,terminal_H,raw,1440,0.0008032160869055791,1.8349794304141917e-05
20260917,PRODUCT_POSREG,CONCAT_POSREG,3,terminal_H,raw,1452,0.002095895318782089,0.0002080396109081849
20260917,PRODUCT_POSREG,CONCAT_POSREG,3,terminal_H,raw,1464,0.00497502926550193,0.0033712904206597955
20260917,PRODUCT_POSREG,CONCAT_POSREG,3,terminal_H,raw,1476,-0.005128902294054159,-0.001138127576901906
20260917,PRODUCT_POSREG,CONCAT_POSREG,3,terminal_H,raw,1488,5.6298337702163836e-05,4.8299827465259526e-05
20260917,PRODUCT_POSREG,CONCAT_POSREG,3,terminal_H,raw,1500,0.001998670585327753,0.00025956965715935007
20260917,PRODUCT_POSREG,CONCAT_POSREG,3,terminal_H,raw,1512,0.002997585180029121,0.002005693069264453
20260917,PRODUCT_POSREG,CONCAT_POSREG,3,terminal_H,raw,1524,-0.006676209979035959,-0.001207270198079406
20260917,PRODUCT_POSREG,CONCAT_POSREG,3,terminal_H,raw,1536,-0.0013237668421746656,-0.00024105485906265016
20260917,PRODUCT_POSREG,CONCAT_POSREG,3,terminal_H,raw,1548,0.0005874285927440598,0.00011905531416536807
20260917,PRODUCT_POSREG,CONCAT_POSREG,3,terminal_H,clip_0_1,1392,0.00391006523812241,0.0006860599884440774
20260917,PRODUCT_POSREG,CONCAT_POSREG,3,terminal_H,clip_0_1,1404,-0.0002707724782777253,-1.83088971091804e-05
20260917,PRODUCT_POSREG,CONCAT_POSREG,3,terminal_H,clip_0_1,1416,-0.0033060104093106573,-0.0003630042178091253
20260917,PRODUCT_POSREG,CONCAT_POSREG,3,terminal_H,clip_0_1,1428,-0.0005426760857939712,-6.315398400854329e-05
20260917,PRODUCT_POSREG,CONCAT_POSREG,3,terminal_H,clip_0_1,1440,0.0007875623332524105,1.8215246488584427e-05
20260917,PRODUCT_POSREG,CONCAT_POSREG,3,terminal_H,clip_0_1,1452,0.0020721725702559706,0.000207638338984472
20260917,PRODUCT_POSREG,CONCAT_POSREG,3,terminal_H,clip_0_1,1464,0.004962144008746849,0.0033709846361407495
20260917,PRODUCT_POSREG,CONCAT_POSREG,3,terminal_H,clip_0_1,1476,-0.005135061671677169,-0.0011382745593031304
20260917,PRODUCT_POSREG,CONCAT_POSREG,3,terminal_H,clip_0_1,1488,0.0001203716301348253,4.874770295675582e-05
20260917,PRODUCT_POSREG,CONCAT_POSREG,3,terminal_H,clip_0_1,1500,0.001998869484634134,0.00026191524327172025
20260917,PRODUCT_POSREG,CONCAT_POSREG,3,terminal_H,clip_0_1,1512,0.0030325087353262692,0.0020169847258928357
20260917,PRODUCT_POSREG,CONCAT_POSREG,3,terminal_H,clip_0_1,1524,-0.006676209979035959,-0.001207270198079406
20260917,PRODUCT_POSREG,CONCAT_POSREG,3,terminal_H,clip_0_1,1536,-0.0013237668421746656,-0.00024105485906265016
20260917,PRODUCT_POSREG,CONCAT_POSREG,3,terminal_H,clip_0_1,1548,0.0005874285927440598,0.00011905531416536807
20260917,PRODUCT_POSREG,CONCAT_POSREG,3,path_1_to_H,raw,1392,0.002127219168194617,0.0003359158428479015
20260917,PRODUCT_POSREG,CONCAT_POSREG,3,path_1_to_H,raw,1404,2.0849189168846874e-05,1.2084792097005308e-05
20260917,PRODUCT_POSREG,CONCAT_POSREG,3,path_1_to_H,raw,1416,-0.0015937832881200262,-0.0001486284490291398
20260917,PRODUCT_POSREG,CONCAT_POSREG,3,path_1_to_H,raw,1428,-4.1665505876996795e-05,-3.978687103497103e-06
20260917,PRODUCT_POSREG,CONCAT_POSREG,3,path_1_to_H,raw,1440,-5.1385976867568744e-06,5.497572141801309e-06
20260917,PRODUCT_POSREG,CONCAT_POSREG,3,path_1_to_H,raw,1452,0.0010097765981735818,9.032056757992684e-05
20260917,PRODUCT_POSREG,CONCAT_POSREG,3,path_1_to_H,raw,1464,0.0036110722071304837,0.0024705086822456998
20260917,PRODUCT_POSREG,CONCAT_POSREG,3,path_1_to_H,raw,1476,-0.0027861534393685762,-0.0005757122020643483
20260917,PRODUCT_POSREG,CONCAT_POSREG,3,path_1_to_H,raw,1488,8.191303556128628e-05,3.505848000389439e-05
20260917,PRODUCT_POSREG,CONCAT_POSREG,3,path_1_to_H,raw,1500,0.0013706912433643311,0.00014086280022812073
20260917,PRODUCT_POSREG,CONCAT_POSREG,3,path_1_to_H,raw,1512,0.0023027664509758837,0.0011634205099726924
20260917,PRODUCT_POSREG,CONCAT_POSREG,3,path_1_to_H,raw,1524,-0.0032522055749117356,-0.0005771375770524493
20260917,PRODUCT_POSREG,CONCAT_POSREG,3,path_1_to_H,raw,1536,-0.00035536869759076294,-9.130253365183189e-05
20260917,PRODUCT_POSREG,CONCAT_POSREG,3,path_1_to_H,raw,1548,0.0003931803592493622,0.00011850709747877002
20260917,PRODUCT_POSREG,CONCAT_POSREG,3,path_1_to_H,clip_0_1,1392,0.002080441102716392,0.00033159862699095455
20260917,PRODUCT_POSREG,CONCAT_POSREG,3,path_1_to_H,clip_0_1,1404,1.6996600017318218e-05,1.2072547081389667e-05
20260917,PRODUCT_POSREG,CONCAT_POSREG,3,path_1_to_H,clip_0_1,1416,-0.0015796344610063753,-0.0001484794782894566
20260917,PRODUCT_POSREG,CONCAT_POSREG,3,path_1_to_H,clip_0_1,1428,-4.024567938294239e-05,-3.976637713867719e-06
20260917,PRODUCT_POSREG,CONCAT_POSREG,3,path_1_to_H,clip_0_1,1440,-1.9155866162714305e-05,5.404137725867632e-06
20260917,PRODUCT_POSREG,CONCAT_POSREG,3,path_1_to_H,clip_0_1,1452,0.0009960133078516194,9.0111914213694e-05
20260917,PRODUCT_POSREG,CONCAT_POSREG,3,path_1_to_H,clip_0_1,1464,0.0036051653566999257,0.002470514274177094
20260917,PRODUCT_POSREG,CONCAT_POSREG,3,path_1_to_H,clip_0_1,1476,-0.0027826982492389087,-0.0005756594840873043
20260917,PRODUCT_POSREG,CONCAT_POSREG,3,path_1_to_H,clip_0_1,1488,0.00013039086934143562,3.5433373962121365e-05
20260917,PRODUCT_POSREG,CONCAT_POSREG,3,path_1_to_H,clip_0_1,1500,0.0013739528560563856,0.0001420048653362837
20260917,PRODUCT_POSREG,CONCAT_POSREG,3,path_1_to_H,clip_0_1,1512,0.0023232413738043713,0.0011662440121339252
20260917,PRODUCT_POSREG,CONCAT_POSREG,3,path_1_to_H,clip_0_1,1524,-0.00325135541639395,-0.0005771209832799926
20260917,PRODUCT_POSREG,CONCAT_POSREG,3,path_1_to_H,clip_0_1,1536,-0.00035536869759076294,-9.130253365183189e-05
20260917,PRODUCT_POSREG,CONCAT_POSREG,3,path_1_to_H,clip_0_1,1548,0.0003931803592493622,0.00011850709747877002
20260917,PRODUCT_POSREG,CONCAT_POSREG,6,terminal_H,raw,1392,0.008478891745538277,0.00107631609828658
20260917,PRODUCT_POSREG,CONCAT_POSREG,6,terminal_H,raw,1404,-0.00023297465957858218,7.589967159230183e-05
20260917,PRODUCT_POSREG,CONCAT_POSREG,6,terminal_H,raw,1416,-0.007122788332785515,-0.0008982668295965047
20260917,PRODUCT_POSREG,CONCAT_POSREG,6,terminal_H,raw,1428,-0.0009096279791302029,-0.00011409416483574355
20260917,PRODUCT_POSREG,CONCAT_POSREG,6,terminal_H,raw,1440,0.0021968492404776945,0.00047905623618708416
20260917,PRODUCT_POSREG,CONCAT_POSREG,6,terminal_H,raw,1452,0.0002614447907373246,-4.8288353683900725e-05
20260917,PRODUCT_POSREG,CONCAT_POSREG,6,terminal_H,raw,1464,0.003679167998051503,0.0025938236732081293
20260917,PRODUCT_POSREG,CONCAT_POSREG,6,terminal_H,raw,1476,-0.006017616520175628,-0.0021410817240841754
20260917,PRODUCT_POSREG,CONCAT_POSREG,6,terminal_H,raw,1488,-0.00019096346947669983,0.00019906499862761343
20260917,PRODUCT_POSREG,CONCAT_POSREG,6,terminal_H,raw,1500,0.007153236601202652,0.0008624003280831905
20260917,PRODUCT_POSREG,CONCAT_POSREG,6,terminal_H,raw,1512,0.001856313858504899,0.0014378713452202125
20260917,PRODUCT_POSREG,CONCAT_POSREG,6,terminal_H,raw,1524,-0.01595673373995766,-0.004088662264920889
20260917,PRODUCT_POSREG,CONCAT_POSREG,6,terminal_H,raw,1536,0.0020980701897846416,0.0004342385194010301
20260917,PRODUCT_POSREG,CONCAT_POSREG,6,terminal_H,raw,1548,0.004738574335602505,0.0007988179785376137
20260917,PRODUCT_POSREG,CONCAT_POSREG,6,terminal_H,clip_0_1,1392,0.008460164885951967,0.0010747048401115416
20260917,PRODUCT_POSREG,CONCAT_POSREG,6,terminal_H,clip_0_1,1404,-0.00023297465957858218,7.589967159230183e-05
20260917,PRODUCT_POSREG,CONCAT_POSREG,6,terminal_H,clip_0_1,1416,-0.006978129206800194,-0.0008877096439606383
20260917,PRODUCT_POSREG,CONCAT_POSREG,6,terminal_H,clip_0_1,1428,-0.0009096279791302029,-0.00011409416483574355
20260917,PRODUCT_POSREG,CONCAT_POSREG,6,terminal_H,clip_0_1,1440,0.0022752878488057327,0.000485720409073115
20260917,PRODUCT_POSREG,CONCAT_POSREG,6,terminal_H,clip_0_1,1452,0.00024327845577066254,-4.8379108008584e-05
20260917,PRODUCT_POSREG,CONCAT_POSREG,6,terminal_H,clip_0_1,1464,0.0036649478226478465,0.002593789858061988
20260917,PRODUCT_POSREG,CONCAT_POSREG,6,terminal_H,clip_0_1,1476,-0.006033893455629748,-0.002141245849596732
20260917,PRODUCT_POSREG,CONCAT_POSREG,6,terminal_H,clip_0_1,1488,-0.00015800542272468527,0.00019918079440895954
20260917,PRODUCT_POSREG,CONCAT_POSREG,6,terminal_H,clip_0_1,1500,0.00714026936569265,0.0008623767660717705
20260917,PRODUCT_POSREG,CONCAT_POSREG,6,terminal_H,clip_0_1,1512,0.0019108748890529605,0.0014475048554478487
20260917,PRODUCT_POSREG,CONCAT_POSREG,6,terminal_H,clip_0_1,1524,-0.015948425550460995,-0.004087950933622037
20260917,PRODUCT_POSREG,CONCAT_POSREG,6,terminal_H,clip_0_1,1536,0.0020980701897846416,0.0004342385194010301
20260917,PRODUCT_POSREG,CONCAT_POSREG,6,terminal_H,clip_0_1,1548,0.004738574335602505,0.0007988179785376137
20260917,PRODUCT_POSREG,CONCAT_POSREG,6,path_1_to_H,raw,1392,0.0047717703435622046,0.0006436331039302592
20260917,PRODUCT_POSREG,CONCAT_POSREG,6,path_1_to_H,raw,1404,0.00017382924915091568,7.135311069267464e-05
20260917,PRODUCT_POSREG,CONCAT_POSREG,6,path_1_to_H,raw,1416,-0.004756023750673716,-0.0005597137886515148
20260917,PRODUCT_POSREG,CONCAT_POSREG,6,path_1_to_H,raw,1428,-0.00040055598080502495,-8.136100942834238e-05
20260917,PRODUCT_POSREG,CONCAT_POSREG,6,path_1_to_H,raw,1440,0.0008751359387080992,0.00012882643822784
20260917,PRODUCT_POSREG,CONCAT_POSREG,6,path_1_to_H,raw,1452,0.0006840132697032051,4.119103744337248e-05
20260917,PRODUCT_POSREG,CONCAT_POSREG,6,path_1_to_H,raw,1464,0.0044089478385223365,0.002870929220911016
20260917,PRODUCT_POSREG,CONCAT_POSREG,6,path_1_to_H,raw,1476,-0.004409704642507376,-0.0012662577632914411
20260917,PRODUCT_POSREG,CONCAT_POSREG,6,path_1_to_H,raw,1488,-0.00017618968527841227,5.853635032893527e-06
20260917,PRODUCT_POSREG,CONCAT_POSREG,6,path_1_to_H,raw,1500,0.00349500131177628,0.0003792079024493849
20260917,PRODUCT_POSREG,CONCAT_POSREG,6,path_1_to_H,raw,1512,0.0025608357063512614,0.0014771021636141154
20260917,PRODUCT_POSREG,CONCAT_POSREG,6,path_1_to_H,raw,1524,-0.009115116587969995,-0.0029332882516534173
20260917,PRODUCT_POSREG,CONCAT_POSREG,6,path_1_to_H,raw,1536,-0.00015584572078822568,-2.9334361250481136e-05
20260917,PRODUCT_POSREG,CONCAT_POSREG,6,path_1_to_H,raw,1548,0.001448868595798052,0.0002649264671141095
20260917,PRODUCT_POSREG,CONCAT_POSREG,6,path_1_to_H,clip_0_1,1392,0.004718039670070335,0.0006381505214464238
20260917,PRODUCT_POSREG,CONCAT_POSREG,6,path_1_to_H,clip_0_1,1404,0.00017190295457515135,7.134698818486681e-05
20260917,PRODUCT_POSREG,CONCAT_POSREG,6,path_1_to_H,clip_0_1,1416,-0.0046954155888001125,-0.000555797256416829
20260917,PRODUCT_POSREG,CONCAT_POSREG,6,path_1_to_H,clip_0_1,1428,-0.0003998460675579978,-8.135998473352769e-05
20260917,PRODUCT_POSREG,CONCAT_POSREG,6,path_1_to_H,clip_0_1,1440,0.0008985183628446875,0.00013107662432714648
20260917,PRODUCT_POSREG,CONCAT_POSREG,6,path_1_to_H,clip_0_1,1452,0.0006667243800308419,4.1024480786089034e-05
20260917,PRODUCT_POSREG,CONCAT_POSREG,6,path_1_to_H,clip_0_1,1464,0.0043988823301005855,0.002870778319236516
20260917,PRODUCT_POSREG,CONCAT_POSREG,6,path_1_to_H,clip_0_1,1476,-0.004412879756126539,-0.0012661451620882658
20260917,PRODUCT_POSREG,CONCAT_POSREG,6,path_1_to_H,clip_0_1,1488,-0.00011845410111806966,6.223439220149488e-06
20260917,PRODUCT_POSREG,CONCAT_POSREG,6,path_1_to_H,clip_0_1,1500,0.0034880300659080685,0.00037975768156585095
20260917,PRODUCT_POSREG,CONCAT_POSREG,6,path_1_to_H,clip_0_1,1512,0.0026015019546963944,0.001487909021936131
20260917,PRODUCT_POSREG,CONCAT_POSREG,6,path_1_to_H,clip_0_1,1524,-0.009111002691397847,-0.0029331526397590245
20260917,PRODUCT_POSREG,CONCAT_POSREG,6,path_1_to_H,clip_0_1,1536,-0.00015584572078822568,-2.9334361250481136e-05
20260917,PRODUCT_POSREG,CONCAT_POSREG,6,path_1_to_H,clip_0_1,1548,0.001448868595798052,0.0002649264671141095
20260917,PRODUCT_POSREG,CONCAT_POSREG,9,terminal_H,raw,1392,0.001810337818859474,0.00032901324999626063
20260917,PRODUCT_POSREG,CONCAT_POSREG,9,terminal_H,raw,1404,0.0012473683481014424,9.404511177459508e-05
20260917,PRODUCT_POSREG,CONCAT_POSREG,9,terminal_H,raw,1416,-0.006519691637534717,-0.0009610158206445281
20260917,PRODUCT_POSREG,CONCAT_POSREG,9,terminal_H,raw,1428,0.0005536968650577908,0.00027147165767064875
20260917,PRODUCT_POSREG,CONCAT_POSREG,9,terminal_H,raw,1440,-0.004172208747534109,-0.00029018059310921535
20260917,PRODUCT_POSREG,CONCAT_POSREG,9,terminal_H,raw,1452,0.0007116605363816204,-1.3663294085939712e-05
20260917,PRODUCT_POSREG,CONCAT_POSREG,9,terminal_H,raw,1464,0.001836159704701346,0.0024819885688644734
20260917,PRODUCT_POSREG,CONCAT_POSREG,9,terminal_H,raw,1476,-0.006329412188976623,-0.0031444828486752265
20260917,PRODUCT_POSREG,CONCAT_POSREG,9,terminal_H,raw,1488,-0.00604412423703612,-0.0008389163218058499
20260917,PRODUCT_POSREG,CONCAT_POSREG,9,terminal_H,raw,1500,0.008174486937578197,0.0011514526417219248
20260917,PRODUCT_POSREG,CONCAT_POSREG,9,terminal_H,raw,1512,0.0023735899571414483,0.0014177209330397578
20260917,PRODUCT_POSREG,CONCAT_POSREG,9,terminal_H,raw,1524,-0.023912239142842635,-0.007216198762336169
20260917,PRODUCT_POSREG,CONCAT_POSREG,9,terminal_H,raw,1536,0.002204820153506033,0.0007046729684492551
20260917,PRODUCT_POSREG,CONCAT_POSREG,9,terminal_H,raw,1548,-0.004014814872765336,-0.0010287721324102467
20260917,PRODUCT_POSREG,CONCAT_POSREG,9,terminal_H,clip_0_1,1392,0.001812999606243465,0.000329015198402082
20260917,PRODUCT_POSREG,CONCAT_POSREG,9,terminal_H,clip_0_1,1404,0.0012473683481014424,9.404511177459508e-05
20260917,PRODUCT_POSREG,CONCAT_POSREG,9,terminal_H,clip_0_1,1416,-0.006519691637534717,-0.0009610158206445281
20260917,PRODUCT_POSREG,CONCAT_POSREG,9,terminal_H,clip_0_1,1428,0.0006352046792592325,0.00028430603763743127
20260917,PRODUCT_POSREG,CONCAT_POSREG,9,terminal_H,clip_0_1,1440,-0.004172208747534109,-0.00029018059310921535
20260917,PRODUCT_POSREG,CONCAT_POSREG,9,terminal_H,clip_0_1,1452,0.0005873226689117793,-1.6906067803094797e-05
20260917,PRODUCT_POSREG,CONCAT_POSREG,9,terminal_H,clip_0_1,1464,0.0018916728703150458,0.002482755717206229
20260917,PRODUCT_POSREG,CONCAT_POSREG,9,terminal_H,clip_0_1,1476,-0.006284833922561893,-0.0031439000096419928
20260917,PRODUCT_POSREG,CONCAT_POSREG,9,terminal_H,clip_0_1,1488,-0.0060304778281206,-0.0008388401153663488
20260917,PRODUCT_POSREG,CONCAT_POSREG,9,terminal_H,clip_0_1,1500,0.008174486937578197,0.0011514526417219248
20260917,PRODUCT_POSREG,CONCAT_POSREG,9,terminal_H,clip_0_1,1512,0.0024057922765884842,0.0014272613358283495
20260917,PRODUCT_POSREG,CONCAT_POSREG,9,terminal_H,clip_0_1,1524,-0.023912239142842635,-0.007216198762336169
20260917,PRODUCT_POSREG,CONCAT_POSREG,9,terminal_H,clip_0_1,1536,0.002204820153506033,0.0007046729684492551
20260917,PRODUCT_POSREG,CONCAT_POSREG,9,terminal_H,clip_0_1,1548,-0.004014814872765336,-0.0010287721324102467
20260917,PRODUCT_POSREG,CONCAT_POSREG,9,path_1_to_H,raw,1392,0.005424003769057382,0.000789022098626287
20260917,PRODUCT_POSREG,CONCAT_POSREG,9,path_1_to_H,raw,1404,0.00048215566425316236,7.991799718408754e-05
20260917,PRODUCT_POSREG,CONCAT_POSREG,9,path_1_to_H,raw,1416,-0.005060232308321917,-0.0006720373868619049
20260917,PRODUCT_POSREG,CONCAT_POSREG,9,path_1_to_H,raw,1428,-0.00047598151795575505,-1.5171516349542327e-05
20260917,PRODUCT_POSREG,CONCAT_POSREG,9,path_1_to_H,raw,1440,-0.0006510191816706886,4.0262330728751645e-05
20260917,PRODUCT_POSREG,CONCAT_POSREG,9,path_1_to_H,raw,1452,0.0006499504514893759,-3.287967751747704e-05
20260917,PRODUCT_POSREG,CONCAT_POSREG,9,path_1_to_H,raw,1464,0.003750433237854809,0.002729690374172106
20260917,PRODUCT_POSREG,CONCAT_POSREG,9,path_1_to_H,raw,1476,-0.005182800141827675,-0.001808451462765765
20260917,PRODUCT_POSREG,CONCAT_POSREG,9,path_1_to_H,raw,1488,-0.0012015770257253536,-0.0001172854245320044
20260917,PRODUCT_POSREG,CONCAT_POSREG,9,path_1_to_H,raw,1500,0.004857078962669789,0.0005463990634871122
20260917,PRODUCT_POSREG,CONCAT_POSREG,9,path_1_to_H,raw,1512,0.002222583410620153,0.0015173578490651754
20260917,PRODUCT_POSREG,CONCAT_POSREG,9,path_1_to_H,raw,1524,-0.013055217306563508,-0.0038961498276723267
20260917,PRODUCT_POSREG,CONCAT_POSREG,9,path_1_to_H,raw,1536,0.0004050487963372451,9.047757718488709e-05
20260917,PRODUCT_POSREG,CONCAT_POSREG,9,path_1_to_H,raw,1548,0.0007814996343345236,0.00011491540557471843
20260917,PRODUCT_POSREG,CONCAT_POSREG,9,path_1_to_H,clip_0_1,1392,0.005386927680886123,0.0007853007857194469
20260917,PRODUCT_POSREG,CONCAT_POSREG,9,path_1_to_H,clip_0_1,1404,0.00048087146786931947,7.991391551221566e-05
20260917,PRODUCT_POSREG,CONCAT_POSREG,9,path_1_to_H,clip_0_1,1416,-0.004986477112439183,-0.0006667627027477351
20260917,PRODUCT_POSREG,CONCAT_POSREG,9,path_1_to_H,clip_0_1,1428,-0.00046645181865757673,-1.374479100113447e-05
20260917,PRODUCT_POSREG,CONCAT_POSREG,9,path_1_to_H,clip_0_1,1440,-0.0006334048902035885,4.18714436448584e-05
20260917,PRODUCT_POSREG,CONCAT_POSREG,9,path_1_to_H,clip_0_1,1452,0.0006111899317989534,-3.359352469510435e-05
20260917,PRODUCT_POSREG,CONCAT_POSREG,9,path_1_to_H,clip_0_1,1464,0.0037507297027248414,0.002729727934126237
20260917,PRODUCT_POSREG,CONCAT_POSREG,9,path_1_to_H,clip_0_1,1476,-0.005180543090535691,-0.0018083204321384647
20260917,PRODUCT_POSREG,CONCAT_POSREG,9,path_1_to_H,clip_0_1,1488,-0.0011574925225468324,-0.00011705036717738982
20260917,PRODUCT_POSREG,CONCAT_POSREG,9,path_1_to_H,clip_0_1,1500,0.0048518251193638085,0.0005467649756527118
20260917,PRODUCT_POSREG,CONCAT_POSREG,9,path_1_to_H,clip_0_1,1512,0.002263015571115507,0.0015283766055930901
20260917,PRODUCT_POSREG,CONCAT_POSREG,9,path_1_to_H,clip_0_1,1524,-0.013052474708848747,-0.003896059419742731
20260917,PRODUCT_POSREG,CONCAT_POSREG,9,path_1_to_H,clip_0_1,1536,0.0004050487963372451,9.047757718488709e-05
20260917,PRODUCT_POSREG,CONCAT_POSREG,9,path_1_to_H,clip_0_1,1548,0.0007814996343345236,0.00011491540557471843
20260917,PRODUCT_POSREG,CONCAT_POSREG,12,terminal_H,raw,1392,-7.329403889009086e-05,0.00026035693757471594
20260917,PRODUCT_POSREG,CONCAT_POSREG,12,terminal_H,raw,1404,0.0010657318255366947,-2.3762133313703505e-05
20260917,PRODUCT_POSREG,CONCAT_POSREG,12,terminal_H,raw,1416,-0.0023459906667442033,-0.000528035965516669
20260917,PRODUCT_POSREG,CONCAT_POSREG,12,terminal_H,raw,1428,-0.00011747104653061825,0.00012271797824918277
20260917,PRODUCT_POSREG,CONCAT_POSREG,12,terminal_H,raw,1440,-0.0003519271249279753,-2.0089397869174436e-05
20260917,PRODUCT_POSREG,CONCAT_POSREG,12,terminal_H,raw,1452,0.002842281828291366,6.449957774120856e-05
20260917,PRODUCT_POSREG,CONCAT_POSREG,12,terminal_H,raw,1464,0.002179027998466725,0.0021573135781586244
20260917,PRODUCT_POSREG,CONCAT_POSREG,12,terminal_H,raw,1476,-0.0032658959694403028,-0.002288702331810177
20260917,PRODUCT_POSREG,CONCAT_POSREG,12,terminal_H,raw,1488,-0.004984901137333667,-0.0007410061132686841
20260917,PRODUCT_POSREG,CONCAT_POSREG,12,terminal_H,raw,1500,0.007865873675339382,0.0010339925133947567
20260917,PRODUCT_POSREG,CONCAT_POSREG,12,terminal_H,raw,1512,0.00032747003073663037,0.00046209759037991473
20260917,PRODUCT_POSREG,CONCAT_POSREG,12,terminal_H,raw,1524,-0.021776102938089577,-0.008100812994773495
20260917,PRODUCT_POSREG,CONCAT_POSREG,12,terminal_H,raw,1536,0.00503470635914225,0.0010105019143054799
20260917,PRODUCT_POSREG,CONCAT_POSREG,12,terminal_H,raw,1548,-0.005636674432761261,-0.0012845595502449137
20260917,PRODUCT_POSREG,CONCAT_POSREG,12,terminal_H,clip_0_1,1392,-6.414242192200941e-05,0.00026037996940032676
20260917,PRODUCT_POSREG,CONCAT_POSREG,12,terminal_H,clip_0_1,1404,0.0010657318255366947,-2.3762133313703505e-05
20260917,PRODUCT_POSREG,CONCAT_POSREG,12,terminal_H,clip_0_1,1416,-0.0023459906667442033,-0.000528035965516669
20260917,PRODUCT_POSREG,CONCAT_POSREG,12,terminal_H,clip_0_1,1428,-0.00010191218872120469,0.0001247491038166091
20260917,PRODUCT_POSREG,CONCAT_POSREG,12,terminal_H,clip_0_1,1440,-0.0003519271249279753,-2.0089397869174436e-05
20260917,PRODUCT_POSREG,CONCAT_POSREG,12,terminal_H,clip_0_1,1452,0.0027682058226103715,6.194351887697409e-05
20260917,PRODUCT_POSREG,CONCAT_POSREG,12,terminal_H,clip_0_1,1464,0.002179027998466725,0.0021573135781586244
20260917,PRODUCT_POSREG,CONCAT_POSREG,12,terminal_H,clip_0_1,1476,-0.0032499843135423787,-0.0022886327070919883
20260917,PRODUCT_POSREG,CONCAT_POSREG,12,terminal_H,clip_0_1,1488,-0.004984901137333667,-0.0007410061132686841
20260917,PRODUCT_POSREG,CONCAT_POSREG,12,terminal_H,clip_0_1,1500,0.007865873675339382,0.0010339925133947567
20260917,PRODUCT_POSREG,CONCAT_POSREG,12,terminal_H,clip_0_1,1512,0.00033655596613404575,0.00046212029279097734
20260917,PRODUCT_POSREG,CONCAT_POSREG,12,terminal_H,clip_0_1,1524,-0.021776102938089577,-0.008100812994773495
20260917,PRODUCT_POSREG,CONCAT_POSREG,12,terminal_H,clip_0_1,1536,0.00503470635914225,0.0010105019143054799
20260917,PRODUCT_POSREG,CONCAT_POSREG,12,terminal_H,clip_0_1,1548,-0.005603199259568179,-0.0012809855183255699
20260917,PRODUCT_POSREG,CONCAT_POSREG,12,path_1_to_H,raw,1392,0.003836910429604205,0.0006257373113275649
20260917,PRODUCT_POSREG,CONCAT_POSREG,12,path_1_to_H,raw,1404,0.00044011087522425045,-2.2655120825353245e-05
20260917,PRODUCT_POSREG,CONCAT_POSREG,12,path_1_to_H,raw,1416,-0.004919299055999249,-0.0006622251942842316
20260917,PRODUCT_POSREG,CONCAT_POSREG,12,path_1_to_H,raw,1428,-0.0003319591538621319,2.9331355753042596e-05
20260917,PRODUCT_POSREG,CONCAT_POSREG,12,path_1_to_H,raw,1440,-0.0008644261218994411,1.4271994251530166e-05
20260917,PRODUCT_POSREG,CONCAT_POSREG,12,path_1_to_H,raw,1452,0.0009939610631049505,-3.4735847407825645e-05
20260917,PRODUCT_POSREG,CONCAT_POSREG,12,path_1_to_H,raw,1464,0.0037415339349573646,0.002775015896275259
20260917,PRODUCT_POSREG,CONCAT_POSREG,12,path_1_to_H,raw,1476,-0.004743752408009655,-0.002004644482204795
20260917,PRODUCT_POSREG,CONCAT_POSREG,12,path_1_to_H,raw,1488,-0.002265954644320788,-0.0002798820246327652
20260917,PRODUCT_POSREG,CONCAT_POSREG,12,path_1_to_H,raw,1500,0.00573439833103916,0.0007157760897534365
20260917,PRODUCT_POSREG,CONCAT_POSREG,12,path_1_to_H,raw,1512,0.0018317739091968524,0.0012928624952423156
20260917,PRODUCT_POSREG,CONCAT_POSREG,12,path_1_to_H,raw,1524,-0.015562878845423057,-0.004884419015632454
20260917,PRODUCT_POSREG,CONCAT_POSREG,12,path_1_to_H,raw,1536,0.0003354383615619986,6.0981996212544e-05
20260917,PRODUCT_POSREG,CONCAT_POSREG,12,path_1_to_H,raw,1548,-0.0005824761250365317,-0.00012160993610362395
20260917,PRODUCT_POSREG,CONCAT_POSREG,12,path_1_to_H,clip_0_1,1392,0.0038098659982231014,0.0006229482459662357
20260917,PRODUCT_POSREG,CONCAT_POSREG,12,path_1_to_H,clip_0_1,1404,0.0004391477279363683,-2.2658182079257158e-05
20260917,PRODUCT_POSREG,CONCAT_POSREG,12,path_1_to_H,clip_0_1,1416,-0.004863982659087199,-0.0006582691811986045
20260917,PRODUCT_POSREG,CONCAT_POSREG,12,path_1_to_H,clip_0_1,1428,-0.0003149548899506146,3.2251053690899315e-05
20260917,PRODUCT_POSREG,CONCAT_POSREG,12,path_1_to_H,clip_0_1,1440,-0.0008512154032991164,1.5478828938610217e-05
20260917,PRODUCT_POSREG,CONCAT_POSREG,12,path_1_to_H,clip_0_1,1452,0.0009431385491404791,-3.593390744572523e-05
20260917,PRODUCT_POSREG,CONCAT_POSREG,12,path_1_to_H,clip_0_1,1464,0.0037417562836098883,0.0027750440662408574
20260917,PRODUCT_POSREG,CONCAT_POSREG,12,path_1_to_H,clip_0_1,1476,-0.004734549596001656,-0.002004455350815335
20260917,PRODUCT_POSREG,CONCAT_POSREG,12,path_1_to_H,clip_0_1,1488,-0.0022323975344583145,-0.0002797035309931568
20260917,PRODUCT_POSREG,CONCAT_POSREG,12,path_1_to_H,clip_0_1,1500,0.0057304579485596766,0.0007160505238776362
20260917,PRODUCT_POSREG,CONCAT_POSREG,12,path_1_to_H,clip_0_1,1512,0.001866606014101012,0.0013019058919781982
20260917,PRODUCT_POSREG,CONCAT_POSREG,12,path_1_to_H,clip_0_1,1524,-0.015560821897136983,-0.0048843512096852565
20260917,PRODUCT_POSREG,CONCAT_POSREG,12,path_1_to_H,clip_0_1,1536,0.0003354383615619986,6.0981996212544e-05
20260917,PRODUCT_POSREG,CONCAT_POSREG,12,path_1_to_H,clip_0_1,1548,-0.0005786569997804462,-0.00012110771894653301
20260917,PRODUCT_POSREG,NATIVE,3,terminal_H,raw,1392,-0.015163382113318608,-0.0010041981772751724
20260917,PRODUCT_POSREG,NATIVE,3,terminal_H,raw,1404,-0.0040650568219965065,0.0010093552364516083
20260917,PRODUCT_POSREG,NATIVE,3,terminal_H,raw,1416,-0.012359376140557736,-0.0008805554918140999
20260917,PRODUCT_POSREG,NATIVE,3,terminal_H,raw,1428,-0.004003534511597521,0.00021863617980922667
20260917,PRODUCT_POSREG,NATIVE,3,terminal_H,raw,1440,-0.01195731449109421,-0.0007549452022032237
20260917,PRODUCT_POSREG,NATIVE,3,terminal_H,raw,1452,-0.006489295404223583,-0.00042016725455174393
20260917,PRODUCT_POSREG,NATIVE,3,terminal_H,raw,1464,0.0032279823139718016,0.002842953096364196
20260917,PRODUCT_POSREG,NATIVE,3,terminal_H,raw,1476,-0.04173181736297463,-0.0051067583025475325
20260917,PRODUCT_POSREG,NATIVE,3,terminal_H,raw,1488,-0.012539699433474693,0.0006207213725531244
20260917,PRODUCT_POSREG,NATIVE,3,terminal_H,raw,1500,-0.007768377951395213,0.000755585153064058
20260917,PRODUCT_POSREG,NATIVE,3,terminal_H,raw,1512,0.008392620883484938,0.004273138006027132
20260917,PRODUCT_POSREG,NATIVE,3,terminal_H,raw,1524,-0.011013393866948095,-0.001199423274763068
20260917,PRODUCT_POSREG,NATIVE,3,terminal_H,raw,1536,-0.004825575195486912,-0.0008142867645894876
20260917,PRODUCT_POSREG,NATIVE,3,terminal_H,raw,1548,0.003861146600664227,0.002282230582745816
20260917,PRODUCT_POSREG,NATIVE,3,terminal_H,clip_0_1,1392,-0.015148082224814721,-0.0010041338034634086
20260917,PRODUCT_POSREG,NATIVE,3,terminal_H,clip_0_1,1404,-0.0040650568219965065,0.0010093552364516083
20260917,PRODUCT_POSREG,NATIVE,3,terminal_H,clip_0_1,1416,-0.012329200272239861,-0.0008803998621033828
20260917,PRODUCT_POSREG,NATIVE,3,terminal_H,clip_0_1,1428,-0.003998780392766373,0.00021864239526183835
20260917,PRODUCT_POSREG,NATIVE,3,terminal_H,clip_0_1,1440,-0.011934956506896334,-0.0007548762061717739
20260917,PRODUCT_POSREG,NATIVE,3,terminal_H,clip_0_1,1452,-0.006470493645076494,-0.00042006909355389924
20260917,PRODUCT_POSREG,NATIVE,3,terminal_H,clip_0_1,1464,0.003278719303350821,0.0028472468371869494
20260917,PRODUCT_POSREG,NATIVE,3,terminal_H,clip_0_1,1476,-0.0429736403378461,-0.005126238585429935
20260917,PRODUCT_POSREG,NATIVE,3,terminal_H,clip_0_1,1488,-0.012503710499775455,0.0006210855841955111
20260917,PRODUCT_POSREG,NATIVE,3,terminal_H,clip_0_1,1500,-0.007738924756895737,0.0007586759672073477
20260917,PRODUCT_POSREG,NATIVE,3,terminal_H,clip_0_1,1512,0.00842807599245679,0.004284719687734635
20260917,PRODUCT_POSREG,NATIVE,3,terminal_H,clip_0_1,1524,-0.011013393866948095,-0.001199423274763068
20260917,PRODUCT_POSREG,NATIVE,3,terminal_H,clip_0_1,1536,-0.0048256266654523264,-0.0008143210786293049
20260917,PRODUCT_POSREG,NATIVE,3,terminal_H,clip_0_1,1548,0.003861146600664227,0.002282230582745816
20260917,PRODUCT_POSREG,NATIVE,3,path_1_to_H,raw,1392,-0.013069181418793626,-0.0013447029244532565
20260917,PRODUCT_POSREG,NATIVE,3,path_1_to_H,raw,1404,-0.0036229621869726543,0.00032521011832431306
20260917,PRODUCT_POSREG,NATIVE,3,path_1_to_H,raw,1416,-0.007420591644283297,-0.00026801451907551663
20260917,PRODUCT_POSREG,NATIVE,3,path_1_to_H,raw,1428,-0.00362335142647344,-0.00023864805388758723
20260917,PRODUCT_POSREG,NATIVE,3,path_1_to_H,raw,1440,-0.008316663765319723,-0.00043883887945376897
20260917,PRODUCT_POSREG,NATIVE,3,path_1_to_H,raw,1452,-0.004562552118614192,-0.00015871189853544794
20260917,PRODUCT_POSREG,NATIVE,3,path_1_to_H,raw,1464,0.002300461732764789,0.002305004059221256
20260917,PRODUCT_POSREG,NATIVE,3,path_1_to_H,raw,1476,-0.02990202667479995,-0.0028947997178437783
20260917,PRODUCT_POSREG,NATIVE,3,path_1_to_H,raw,1488,-0.009911709460009691,-0.0002946063652080905
20260917,PRODUCT_POSREG,NATIVE,3,path_1_to_H,raw,1500,-0.009664696246666027,-0.0007930241237129317
20260917,PRODUCT_POSREG,NATIVE,3,path_1_to_H,raw,1512,0.001999252980402104,0.0018540597669016998
20260917,PRODUCT_POSREG,NATIVE,3,path_1_to_H,raw,1524,-0.005297664117611714,-5.914110787380221e-05
20260917,PRODUCT_POSREG,NATIVE,3,path_1_to_H,raw,1536,-0.0021835415419326158,-0.00024151567186774428
20260917,PRODUCT_POSREG,NATIVE,3,path_1_to_H,raw,1548,0.003714259754464468,0.0038766499223356
20260917,PRODUCT_POSREG,NATIVE,3,path_1_to_H,clip_0_1,1392,-0.013045015821305976,-0.0013444989032695082
20260917,PRODUCT_POSREG,NATIVE,3,path_1_to_H,clip_0_1,1404,-0.0036252231627381137,0.00032520590091489814
20260917,PRODUCT_POSREG,NATIVE,3,path_1_to_H,clip_0_1,1416,-0.007400299715189526,-0.0002798217797003084
20260917,PRODUCT_POSREG,NATIVE,3,path_1_to_H,clip_0_1,1428,-0.003621766720196391,-0.00023864598207005
20260917,PRODUCT_POSREG,NATIVE,3,path_1_to_H,clip_0_1,1440,-0.008304499098761497,-0.00043879730165393994
20260917,PRODUCT_POSREG,NATIVE,3,path_1_to_H,clip_0_1,1452,-0.004547058704019843,-0.00015862419123867011
20260917,PRODUCT_POSREG,NATIVE,3,path_1_to_H,clip_0_1,1464,0.002352718134949439,0.0023070134179543037
20260917,PRODUCT_POSREG,NATIVE,3,path_1_to_H,clip_0_1,1476,-0.031140523875190132,-0.0029151947526764206
20260917,PRODUCT_POSREG,NATIVE,3,path_1_to_H,clip_0_1,1488,-0.009890484212052499,-0.0002942905800246809
20260917,PRODUCT_POSREG,NATIVE,3,path_1_to_H,clip_0_1,1500,-0.009527867884420557,-0.0007823293267809775
20260917,PRODUCT_POSREG,NATIVE,3,path_1_to_H,clip_0_1,1512,0.00202898893314696,0.0018589488304842324
20260917,PRODUCT_POSREG,NATIVE,3,path_1_to_H,clip_0_1,1524,-0.005292282580831181,-5.9056186910458585e-05
20260917,PRODUCT_POSREG,NATIVE,3,path_1_to_H,clip_0_1,1536,-0.002183794764589588,-0.00024157959200914896
20260917,PRODUCT_POSREG,NATIVE,3,path_1_to_H,clip_0_1,1548,0.003714259754464468,0.0038766499223356
20260917,PRODUCT_POSREG,NATIVE,12,terminal_H,raw,1392,0.0022628882092837724,0.0030177908920515726
20260917,PRODUCT_POSREG,NATIVE,12,terminal_H,raw,1404,-0.007038080474991792,-0.00026174230661117745
20260917,PRODUCT_POSREG,NATIVE,12,terminal_H,raw,1416,-0.012316420788006755,-0.0009589637291039853
20260917,PRODUCT_POSREG,NATIVE,12,terminal_H,raw,1428,-0.0064819526613644485,-0.00020890758033312336
20260917,PRODUCT_POSREG,NATIVE,12,terminal_H,raw,1440,-0.00017659374213304394,0.002883999375892136
20260917,PRODUCT_POSREG,NATIVE,12,terminal_H,raw,1452,-0.0020137697021837438,0.0002031087410229829
20260917,PRODUCT_POSREG,NATIVE,12,terminal_H,raw,1464,0.02368012124233297,0.0157271843147947
20260917,PRODUCT_POSREG,NATIVE,12,terminal_H,raw,1476,-0.03881158675364819,-0.00855269201817866
20260917,PRODUCT_POSREG,NATIVE,12,terminal_H,raw,1488,-0.03125447015835582,-0.003094309273084049
20260917,PRODUCT_POSREG,NATIVE,12,terminal_H,raw,1500,-0.01599302386397758,0.001662597924187192
20260917,PRODUCT_POSREG,NATIVE,12,terminal_H,raw,1512,0.02495344614506158,0.008818046506605738
20260917,PRODUCT_POSREG,NATIVE,12,terminal_H,raw,1524,-0.04024597826541564,-0.015478736534927184
20260917,PRODUCT_POSREG,NATIVE,12,terminal_H,raw,1536,0.00023946165426724797,0.0009458666199713587
20260917,PRODUCT_POSREG,NATIVE,12,terminal_H,raw,1548,-0.01826072357519062,-0.004794809333783049
20260917,PRODUCT_POSREG,NATIVE,12,terminal_H,clip_0_1,1392,0.002272039826251854,0.0030178139238771834
20260917,PRODUCT_POSREG,NATIVE,12,terminal_H,clip_0_1,1404,-0.007038080474991792,-0.00026174230661117745
20260917,PRODUCT_POSREG,NATIVE,12,terminal_H,clip_0_1,1416,-0.012316420788006755,-0.0009589637291039853
20260917,PRODUCT_POSREG,NATIVE,12,terminal_H,clip_0_1,1428,-0.0063255111253876705,-0.000194545948780357
20260917,PRODUCT_POSREG,NATIVE,12,terminal_H,clip_0_1,1440,-0.00017659374213304394,0.002883999375892136
20260917,PRODUCT_POSREG,NATIVE,12,terminal_H,clip_0_1,1452,-0.001988381947869069,0.0002032903612898389
20260917,PRODUCT_POSREG,NATIVE,12,terminal_H,clip_0_1,1464,0.02367888676918038,0.015727184068981513
20260917,PRODUCT_POSREG,NATIVE,12,terminal_H,clip_0_1,1476,-0.03882553063760319,-0.008553373245042243
20260917,PRODUCT_POSREG,NATIVE,12,terminal_H,clip_0_1,1488,-0.03125447021215413,-0.0030943092730840497
20260917,PRODUCT_POSREG,NATIVE,12,terminal_H,clip_0_1,1500,-0.015993023904943345,0.0016625979241871917
20260917,PRODUCT_POSREG,NATIVE,12,terminal_H,clip_0_1,1512,0.024962532042656867,0.00881806919431597
20260917,PRODUCT_POSREG,NATIVE,12,terminal_H,clip_0_1,1524,-0.04024597826541564,-0.015478736534927184
20260917,PRODUCT_POSREG,NATIVE,12,terminal_H,clip_0_1,1536,0.00023946165426724797,0.0009458666199713587
20260917,PRODUCT_POSREG,NATIVE,12,terminal_H,clip_0_1,1548,-0.018227248401997537,-0.004791235301863705
20260917,PRODUCT_POSREG,NATIVE,12,path_1_to_H,raw,1392,-0.006588468510769473,0.0006874693167053556
20260917,PRODUCT_POSREG,NATIVE,12,path_1_to_H,raw,1404,-0.007098455001042348,-0.00030041931348552607
20260917,PRODUCT_POSREG,NATIVE,12,path_1_to_H,raw,1416,-0.01598899467833707,-0.0013245974186234836
20260917,PRODUCT_POSREG,NATIVE,12,path_1_to_H,raw,1428,-0.006385323610636072,-0.00041526207637934253
20260917,PRODUCT_POSREG,NATIVE,12,path_1_to_H,raw,1440,-0.00856368475250813,0.00026450583821549506
20260917,PRODUCT_POSREG,NATIVE,12,path_1_to_H,raw,1452,-0.005303241979670412,-0.00020338266095204713
20260917,PRODUCT_POSREG,NATIVE,12,path_1_to_H,raw,1464,0.014883860540470868,0.009563252125434333
20260917,PRODUCT_POSREG,NATIVE,12,path_1_to_H,raw,1476,-0.04056754198090821,-0.006377847148303279
20260917,PRODUCT_POSREG,NATIVE,12,path_1_to_H,raw,1488,-0.018056997832483945,-0.0011772739505281076
20260917,PRODUCT_POSREG,NATIVE,12,path_1_to_H,raw,1500,-0.012579142761942032,-0.0007093232344041148
20260917,PRODUCT_POSREG,NATIVE,12,path_1_to_H,raw,1512,0.01285361191654532,0.006592129586242788
20260917,PRODUCT_POSREG,NATIVE,12,path_1_to_H,raw,1524,-0.02567218371672276,-0.007840932935228351
20260917,PRODUCT_POSREG,NATIVE,12,path_1_to_H,raw,1536,-0.0019428823738938312,0.0003623309895651961
20260917,PRODUCT_POSREG,NATIVE,12,path_1_to_H,raw,1548,-0.00012351493211511735,0.0011586071612269084
20260917,PRODUCT_POSREG,NATIVE,12,path_1_to_H,clip_0_1,1392,-0.006552960758226948,0.0006880853858003075
20260917,PRODUCT_POSREG,NATIVE,12,path_1_to_H,clip_0_1,1404,-0.007099020244983713,-0.00030042036783787976
20260917,PRODUCT_POSREG,NATIVE,12,path_1_to_H,clip_0_1,1416,-0.015921701190568627,-0.00132279065174569
20260917,PRODUCT_POSREG,NATIVE,12,path_1_to_H,clip_0_1,1428,-0.006323248758919649,-0.0004069829816015001
20260917,PRODUCT_POSREG,NATIVE,12,path_1_to_H,clip_0_1,1440,-0.00854138913795158,0.00026575285121891525
20260917,PRODUCT_POSREG,NATIVE,12,path_1_to_H,clip_0_1,1452,-0.005294533643556765,-0.00020333720425523409
20260917,PRODUCT_POSREG,NATIVE,12,path_1_to_H,clip_0_1,1464,0.0149175147788872,0.009564003642504532
20260917,PRODUCT_POSREG,NATIVE,12,path_1_to_H,clip_0_1,1476,-0.04130295279232943,-0.006389429268362835
20260917,PRODUCT_POSREG,NATIVE,12,path_1_to_H,clip_0_1,1488,-0.018047125831466646,-0.00117728478711159
20260917,PRODUCT_POSREG,NATIVE,12,path_1_to_H,clip_0_1,1500,-0.012546220204621088,-0.0007066523779657005
20260917,PRODUCT_POSREG,NATIVE,12,path_1_to_H,clip_0_1,1512,0.01288790519381789,0.0065992935198409975
20260917,PRODUCT_POSREG,NATIVE,12,path_1_to_H,clip_0_1,1524,-0.025668993923870998,-0.007840848047483435
20260917,PRODUCT_POSREG,NATIVE,12,path_1_to_H,clip_0_1,1536,-0.0019430144430548236,0.0003622997131488946
20260917,PRODUCT_POSREG,NATIVE,12,path_1_to_H,clip_0_1,1548,-0.00011969580685903211,0.0011591093783839994
