epoch,stage,model,seed,horizon,status,target_scope,postprocess,scored_values,rmse,mae
0,SELECT,PRODUCT_MSE,20260915,3,AVAILABLE,terminal_H,raw,3850,0.0715574909183269,0.041504047151979244
0,SELECT,PRODUCT_MSE,20260915,3,AVAILABLE,path_1_to_H,raw,11550,0.06533001779708271,0.036699402746601786
0,SELECT,PRODUCT_MSE,20260915,3,AVAILABLE,terminal_H,clip_0_1,3850,0.07155532535344221,0.041488150614960834
0,SELECT,PRODUCT_MSE,20260915,3,AVAILABLE,path_1_to_H,clip_0_1,11550,0.06530269670120245,0.036659928979940214
0,SELECT,PRODUCT_MSE,20260915,6,AVAILABLE,terminal_H,raw,3850,0.07640047146889449,0.04762812144991269
0,SELECT,PRODUCT_MSE,20260915,6,AVAILABLE,path_1_to_H,raw,23100,0.06998650595652077,0.041143550736475555
0,SELECT,PRODUCT_MSE,20260915,6,AVAILABLE,terminal_H,clip_0_1,3850,0.07639800240261255,0.04762124960119467
0,SELECT,PRODUCT_MSE,20260915,6,AVAILABLE,path_1_to_H,clip_0_1,23100,0.06997297823626444,0.04111893887692641
0,SELECT,PRODUCT_MSE,20260915,9,AVAILABLE,terminal_H,raw,3850,0.08468624593246257,0.05697164942179302
0,SELECT,PRODUCT_MSE,20260915,9,AVAILABLE,path_1_to_H,raw,34650,0.0743449749734721,0.04506060979594299
0,SELECT,PRODUCT_MSE,20260915,9,AVAILABLE,terminal_H,clip_0_1,3850,0.08468509333991608,0.0569635524336505
0,SELECT,PRODUCT_MSE,20260915,9,AVAILABLE,path_1_to_H,clip_0_1,34650,0.0743359271806204,0.04504229630533494
0,SELECT,PRODUCT_MSE,20260915,12,AVAILABLE,terminal_H,raw,3850,0.09306321667618843,0.060727166549893394
0,SELECT,PRODUCT_MSE,20260915,12,AVAILABLE,path_1_to_H,raw,46200,0.07876578519461831,0.04879192592169455
0,SELECT,PRODUCT_MSE,20260915,12,AVAILABLE,terminal_H,clip_0_1,3850,0.09305738102667872,0.060710732536325016
0,SELECT,PRODUCT_MSE,20260915,12,AVAILABLE,path_1_to_H,clip_0_1,46200,0.07875791627267542,0.048775701404106815
5,SELECT,PRODUCT_MSE,20260915,3,AVAILABLE,terminal_H,raw,3850,0.07172821899749397,0.04181146223188448
5,SELECT,PRODUCT_MSE,20260915,3,AVAILABLE,path_1_to_H,raw,11550,0.06576052956903954,0.037424928871749745
5,SELECT,PRODUCT_MSE,20260915,3,AVAILABLE,terminal_H,clip_0_1,3850,0.07172072789906458,0.041796438361550566
5,SELECT,PRODUCT_MSE,20260915,3,AVAILABLE,path_1_to_H,clip_0_1,11550,0.06573511824917745,0.037394358188184484
5,SELECT,PRODUCT_MSE,20260915,6,AVAILABLE,terminal_H,raw,3850,0.07626786725141912,0.04736524372758499
5,SELECT,PRODUCT_MSE,20260915,6,AVAILABLE,path_1_to_H,raw,23100,0.07012550322930448,0.041424695430160995
5,SELECT,PRODUCT_MSE,20260915,6,AVAILABLE,terminal_H,clip_0_1,3850,0.0762587675868547,0.04733958908105557
5,SELECT,PRODUCT_MSE,20260915,6,AVAILABLE,path_1_to_H,clip_0_1,23100,0.07010655566588912,0.041398908235762547
5,SELECT,PRODUCT_MSE,20260915,9,AVAILABLE,terminal_H,raw,3850,0.08382062506640765,0.0566587460105316
5,SELECT,PRODUCT_MSE,20260915,9,AVAILABLE,path_1_to_H,raw,34650,0.07435589199216903,0.04523001313428794
5,SELECT,PRODUCT_MSE,20260915,9,AVAILABLE,terminal_H,clip_0_1,3850,0.08381905887512983,0.05664688698599976
5,SELECT,PRODUCT_MSE,20260915,9,AVAILABLE,path_1_to_H,clip_0_1,34650,0.07434047452665986,0.04520356205647279
5,SELECT,PRODUCT_MSE,20260915,12,AVAILABLE,terminal_H,raw,3850,0.09206052126980128,0.060293485347158456
5,SELECT,PRODUCT_MSE,20260915,12,AVAILABLE,path_1_to_H,raw,46200,0.07854163483262921,0.04882869452390381
5,SELECT,PRODUCT_MSE,20260915,12,AVAILABLE,terminal_H,clip_0_1,3850,0.09204841440462833,0.06027667826463592
5,SELECT,PRODUCT_MSE,20260915,12,AVAILABLE,path_1_to_H,clip_0_1,46200,0.0785288587246494,0.0488059979201941
10,SELECT,PRODUCT_MSE,20260915,3,AVAILABLE,terminal_H,raw,3850,0.07148102530966463,0.04191406234826324
10,SELECT,PRODUCT_MSE,20260915,3,AVAILABLE,path_1_to_H,raw,11550,0.0652873500954652,0.03703464742123759
10,SELECT,PRODUCT_MSE,20260915,3,AVAILABLE,terminal_H,clip_0_1,3850,0.07146971232775305,0.04189155912553329
10,SELECT,PRODUCT_MSE,20260915,3,AVAILABLE,path_1_to_H,clip_0_1,11550,0.06525585543484902,0.03698972051614044
10,SELECT,PRODUCT_MSE,20260915,6,AVAILABLE,terminal_H,raw,3850,0.0753800339537548,0.046686780282481626
10,SELECT,PRODUCT_MSE,20260915,6,AVAILABLE,path_1_to_H,raw,23100,0.06951684417014384,0.04102314491158376
10,SELECT,PRODUCT_MSE,20260915,6,AVAILABLE,terminal_H,clip_0_1,3850,0.075365131627899,0.04664394131907754
10,SELECT,PRODUCT_MSE,20260915,6,AVAILABLE,path_1_to_H,clip_0_1,23100,0.06949277414660032,0.04098211640269012
10,SELECT,PRODUCT_MSE,20260915,9,AVAILABLE,terminal_H,raw,3850,0.08354554926221675,0.05636350631875882
10,SELECT,PRODUCT_MSE,20260915,9,AVAILABLE,path_1_to_H,raw,34650,0.07369920244323412,0.04474677285370311
10,SELECT,PRODUCT_MSE,20260915,9,AVAILABLE,terminal_H,clip_0_1,3850,0.08354229739559382,0.05634327753139665
10,SELECT,PRODUCT_MSE,20260915,9,AVAILABLE,path_1_to_H,clip_0_1,34650,0.07368001117228619,0.044707586369575156
10,SELECT,PRODUCT_MSE,20260915,12,AVAILABLE,terminal_H,raw,3850,0.09165632440890278,0.059954439030671394
10,SELECT,PRODUCT_MSE,20260915,12,AVAILABLE,path_1_to_H,raw,46200,0.07793579949435105,0.04842055220556194
10,SELECT,PRODUCT_MSE,20260915,12,AVAILABLE,terminal_H,clip_0_1,3850,0.09164885746144882,0.05994086232927693
10,SELECT,PRODUCT_MSE,20260915,12,AVAILABLE,path_1_to_H,clip_0_1,46200,0.07792028938327167,0.04838816736434923
20,SELECT,PRODUCT_MSE,20260915,3,AVAILABLE,terminal_H,raw,3850,0.07087466788289888,0.04128627444843409
20,SELECT,PRODUCT_MSE,20260915,3,AVAILABLE,path_1_to_H,raw,11550,0.06488187259880421,0.03666601032349462
20,SELECT,PRODUCT_MSE,20260915,3,AVAILABLE,terminal_H,clip_0_1,3850,0.07084448262592438,0.041238190836585024
20,SELECT,PRODUCT_MSE,20260915,3,AVAILABLE,path_1_to_H,clip_0_1,11550,0.06483142738721676,0.036597454297010536
20,SELECT,PRODUCT_MSE,20260915,6,AVAILABLE,terminal_H,raw,3850,0.0752335363496166,0.04667187518871413
20,SELECT,PRODUCT_MSE,20260915,6,AVAILABLE,path_1_to_H,raw,23100,0.06928725461711202,0.040786054052055994
20,SELECT,PRODUCT_MSE,20260915,6,AVAILABLE,terminal_H,clip_0_1,3850,0.07521719022531331,0.04663532924854383
20,SELECT,PRODUCT_MSE,20260915,6,AVAILABLE,path_1_to_H,clip_0_1,23100,0.06925532381039703,0.040732954589916735
20,SELECT,PRODUCT_MSE,20260915,9,AVAILABLE,terminal_H,raw,3850,0.0836047813924219,0.0564984950273772
20,SELECT,PRODUCT_MSE,20260915,9,AVAILABLE,path_1_to_H,raw,34650,0.07355257337537306,0.04464930172393905
20,SELECT,PRODUCT_MSE,20260915,9,AVAILABLE,terminal_H,clip_0_1,3850,0.08360335325452307,0.05648576734084439
20,SELECT,PRODUCT_MSE,20260915,9,AVAILABLE,path_1_to_H,clip_0_1,34650,0.07353064328548277,0.044606418075421914
20,SELECT,PRODUCT_MSE,20260915,12,AVAILABLE,terminal_H,raw,3850,0.09184948844709467,0.060165300543151515
20,SELECT,PRODUCT_MSE,20260915,12,AVAILABLE,path_1_to_H,raw,46200,0.0778343578824711,0.048347370325251396
20,SELECT,PRODUCT_MSE,20260915,12,AVAILABLE,terminal_H,clip_0_1,3850,0.09184618997033864,0.060148751693258326
20,SELECT,PRODUCT_MSE,20260915,12,AVAILABLE,path_1_to_H,clip_0_1,46200,0.07781817409107439,0.04831311649169054
40,SELECT,PRODUCT_MSE,20260915,3,AVAILABLE,terminal_H,raw,3850,0.07078593771161869,0.04135530414568814
40,SELECT,PRODUCT_MSE,20260915,3,AVAILABLE,path_1_to_H,raw,11550,0.06480616799621045,0.03677679534225288
40,SELECT,PRODUCT_MSE,20260915,3,AVAILABLE,terminal_H,clip_0_1,3850,0.07075783849392067,0.04130736849482052
40,SELECT,PRODUCT_MSE,20260915,3,AVAILABLE,path_1_to_H,clip_0_1,11550,0.06475661526993134,0.03670920566982032
40,SELECT,PRODUCT_MSE,20260915,6,AVAILABLE,terminal_H,raw,3850,0.07502081367028786,0.0464723411589543
40,SELECT,PRODUCT_MSE,20260915,6,AVAILABLE,path_1_to_H,raw,23100,0.06916129737223795,0.04082803051653732
40,SELECT,PRODUCT_MSE,20260915,6,AVAILABLE,terminal_H,clip_0_1,3850,0.0749965494611293,0.04642148974206036
40,SELECT,PRODUCT_MSE,20260915,6,AVAILABLE,path_1_to_H,clip_0_1,23100,0.0691249191179361,0.04076932992299304
40,SELECT,PRODUCT_MSE,20260915,9,AVAILABLE,terminal_H,raw,3850,0.08334101416856371,0.056194191282366496
40,SELECT,PRODUCT_MSE,20260915,9,AVAILABLE,path_1_to_H,raw,34650,0.07332360185366599,0.04453376468204692
40,SELECT,PRODUCT_MSE,20260915,9,AVAILABLE,terminal_H,clip_0_1,3850,0.08333741742968506,0.056176586774985666
40,SELECT,PRODUCT_MSE,20260915,9,AVAILABLE,path_1_to_H,clip_0_1,34650,0.07329713024134246,0.044484490305749046
40,SELECT,PRODUCT_MSE,20260915,12,AVAILABLE,terminal_H,raw,3850,0.0913409142792112,0.0596952980373052
40,SELECT,PRODUCT_MSE,20260915,12,AVAILABLE,path_1_to_H,raw,46200,0.0775433792109547,0.04816806972808599
40,SELECT,PRODUCT_MSE,20260915,12,AVAILABLE,terminal_H,clip_0_1,3850,0.09133494639758528,0.05967180333837267
40,SELECT,PRODUCT_MSE,20260915,12,AVAILABLE,path_1_to_H,clip_0_1,46200,0.07752322225114848,0.04812779933892988
0,SELECT,PRODUCT_MSE,20260916,3,AVAILABLE,terminal_H,raw,3850,0.0715574909183269,0.041504047151979244
0,SELECT,PRODUCT_MSE,20260916,3,AVAILABLE,path_1_to_H,raw,11550,0.06533001779708271,0.036699402746601786
0,SELECT,PRODUCT_MSE,20260916,3,AVAILABLE,terminal_H,clip_0_1,3850,0.07155532535344221,0.041488150614960834
0,SELECT,PRODUCT_MSE,20260916,3,AVAILABLE,path_1_to_H,clip_0_1,11550,0.06530269670120245,0.036659928979940214
0,SELECT,PRODUCT_MSE,20260916,6,AVAILABLE,terminal_H,raw,3850,0.07640047146889449,0.04762812144991269
0,SELECT,PRODUCT_MSE,20260916,6,AVAILABLE,path_1_to_H,raw,23100,0.06998650595652077,0.041143550736475555
0,SELECT,PRODUCT_MSE,20260916,6,AVAILABLE,terminal_H,clip_0_1,3850,0.07639800240261255,0.04762124960119467
0,SELECT,PRODUCT_MSE,20260916,6,AVAILABLE,path_1_to_H,clip_0_1,23100,0.06997297823626444,0.04111893887692641
0,SELECT,PRODUCT_MSE,20260916,9,AVAILABLE,terminal_H,raw,3850,0.08468624593246257,0.05697164942179302
0,SELECT,PRODUCT_MSE,20260916,9,AVAILABLE,path_1_to_H,raw,34650,0.0743449749734721,0.04506060979594299
0,SELECT,PRODUCT_MSE,20260916,9,AVAILABLE,terminal_H,clip_0_1,3850,0.08468509333991608,0.0569635524336505
0,SELECT,PRODUCT_MSE,20260916,9,AVAILABLE,path_1_to_H,clip_0_1,34650,0.0743359271806204,0.04504229630533494
0,SELECT,PRODUCT_MSE,20260916,12,AVAILABLE,terminal_H,raw,3850,0.09306321667618843,0.060727166549893394
0,SELECT,PRODUCT_MSE,20260916,12,AVAILABLE,path_1_to_H,raw,46200,0.07876578519461831,0.04879192592169455
0,SELECT,PRODUCT_MSE,20260916,12,AVAILABLE,terminal_H,clip_0_1,3850,0.09305738102667872,0.060710732536325016
0,SELECT,PRODUCT_MSE,20260916,12,AVAILABLE,path_1_to_H,clip_0_1,46200,0.07875791627267542,0.048775701404106815
5,SELECT,PRODUCT_MSE,20260916,3,AVAILABLE,terminal_H,raw,3850,0.07175589486847836,0.041510479353875494
5,SELECT,PRODUCT_MSE,20260916,3,AVAILABLE,path_1_to_H,raw,11550,0.06554428338343357,0.036903318147615
5,SELECT,PRODUCT_MSE,20260916,3,AVAILABLE,terminal_H,clip_0_1,3850,0.07174854406381369,0.041487776298370714
5,SELECT,PRODUCT_MSE,20260916,3,AVAILABLE,path_1_to_H,clip_0_1,11550,0.06551430847318662,0.03685807427827462
5,SELECT,PRODUCT_MSE,20260916,6,AVAILABLE,terminal_H,raw,3850,0.07575535741449936,0.04701411802451493
5,SELECT,PRODUCT_MSE,20260916,6,AVAILABLE,path_1_to_H,raw,23100,0.06992571947587742,0.04111141143470481
5,SELECT,PRODUCT_MSE,20260916,6,AVAILABLE,terminal_H,clip_0_1,3850,0.0757486113620614,0.04698608023592371
5,SELECT,PRODUCT_MSE,20260916,6,AVAILABLE,path_1_to_H,clip_0_1,23100,0.06990879762876716,0.04107617304581733
5,SELECT,PRODUCT_MSE,20260916,9,AVAILABLE,terminal_H,raw,3850,0.08415648071486084,0.05620809056926242
5,SELECT,PRODUCT_MSE,20260916,9,AVAILABLE,path_1_to_H,raw,34650,0.07424668458389024,0.04490711264850113
5,SELECT,PRODUCT_MSE,20260916,9,AVAILABLE,terminal_H,clip_0_1,3850,0.0841388330168168,0.05618395637107325
5,SELECT,PRODUCT_MSE,20260916,9,AVAILABLE,path_1_to_H,clip_0_1,34650,0.07422841814029174,0.04487181927227223
5,SELECT,PRODUCT_MSE,20260916,12,AVAILABLE,terminal_H,raw,3850,0.0932495390103367,0.060588538624027265
5,SELECT,PRODUCT_MSE,20260916,12,AVAILABLE,path_1_to_H,raw,46200,0.07863853917956345,0.04858825362034269
5,SELECT,PRODUCT_MSE,20260916,12,AVAILABLE,terminal_H,clip_0_1,3850,0.09322511873437671,0.060544821925900875
5,SELECT,PRODUCT_MSE,20260916,12,AVAILABLE,path_1_to_H,clip_0_1,46200,0.07861850118362387,0.04855355433943183
10,SELECT,PRODUCT_MSE,20260916,3,AVAILABLE,terminal_H,raw,3850,0.07162991340116684,0.04164327548645459
10,SELECT,PRODUCT_MSE,20260916,3,AVAILABLE,path_1_to_H,raw,11550,0.06545515893437165,0.036927352908731
10,SELECT,PRODUCT_MSE,20260916,3,AVAILABLE,terminal_H,clip_0_1,3850,0.07160144406281896,0.04155541570058643
10,SELECT,PRODUCT_MSE,20260916,3,AVAILABLE,path_1_to_H,clip_0_1,11550,0.06541145574263398,0.036842292005252804
10,SELECT,PRODUCT_MSE,20260916,6,AVAILABLE,terminal_H,raw,3850,0.07571500007252602,0.047018541062701695
10,SELECT,PRODUCT_MSE,20260916,6,AVAILABLE,path_1_to_H,raw,23100,0.06979859264098016,0.041038147731008154
10,SELECT,PRODUCT_MSE,20260916,6,AVAILABLE,terminal_H,clip_0_1,3850,0.07569928346003328,0.046961512531946636
10,SELECT,PRODUCT_MSE,20260916,6,AVAILABLE,path_1_to_H,clip_0_1,23100,0.06977014951489185,0.04096497845410674
10,SELECT,PRODUCT_MSE,20260916,9,AVAILABLE,terminal_H,raw,3850,0.08439911734738037,0.05679396823608087
10,SELECT,PRODUCT_MSE,20260916,9,AVAILABLE,path_1_to_H,raw,34650,0.07411237176984618,0.04487440057601552
10,SELECT,PRODUCT_MSE,20260916,9,AVAILABLE,terminal_H,clip_0_1,3850,0.08435324489769055,0.05673451361823249
10,SELECT,PRODUCT_MSE,20260916,9,AVAILABLE,path_1_to_H,clip_0_1,34650,0.07407742627640587,0.04480247965286895
10,SELECT,PRODUCT_MSE,20260916,12,AVAILABLE,terminal_H,raw,3850,0.09221821969512622,0.0602740934928963
10,SELECT,PRODUCT_MSE,20260916,12,AVAILABLE,path_1_to_H,raw,46200,0.07835629625290906,0.04851178563883817
10,SELECT,PRODUCT_MSE,20260916,12,AVAILABLE,terminal_H,clip_0_1,3850,0.09218398702631311,0.06021680882009465
10,SELECT,PRODUCT_MSE,20260916,12,AVAILABLE,path_1_to_H,clip_0_1,46200,0.07831743629957118,0.04844381428778296
20,SELECT,PRODUCT_MSE,20260916,3,AVAILABLE,terminal_H,raw,3850,0.07146807235270543,0.041570220040420325
20,SELECT,PRODUCT_MSE,20260916,3,AVAILABLE,path_1_to_H,raw,11550,0.06532215675513138,0.03693465515784068
20,SELECT,PRODUCT_MSE,20260916,3,AVAILABLE,terminal_H,clip_0_1,3850,0.07144700333477086,0.04151336541090574
20,SELECT,PRODUCT_MSE,20260916,3,AVAILABLE,path_1_to_H,clip_0_1,11550,0.06528524013690033,0.03686652122393719
20,SELECT,PRODUCT_MSE,20260916,6,AVAILABLE,terminal_H,raw,3850,0.0756759499945303,0.046967760864262416
20,SELECT,PRODUCT_MSE,20260916,6,AVAILABLE,path_1_to_H,raw,23100,0.06968308830095905,0.04102841403344683
20,SELECT,PRODUCT_MSE,20260916,6,AVAILABLE,terminal_H,clip_0_1,3850,0.07563997795927528,0.04687803399371402
20,SELECT,PRODUCT_MSE,20260916,6,AVAILABLE,path_1_to_H,clip_0_1,23100,0.06965264303207938,0.040957265110433065
20,SELECT,PRODUCT_MSE,20260916,9,AVAILABLE,terminal_H,raw,3850,0.08410589218548414,0.05647493876969123
20,SELECT,PRODUCT_MSE,20260916,9,AVAILABLE,path_1_to_H,raw,34650,0.07392159681755378,0.04475769452607121
20,SELECT,PRODUCT_MSE,20260916,9,AVAILABLE,terminal_H,clip_0_1,3850,0.08402512900774003,0.05639669340010176
20,SELECT,PRODUCT_MSE,20260916,9,AVAILABLE,path_1_to_H,clip_0_1,34650,0.07387285472122179,0.044676654110716606
20,SELECT,PRODUCT_MSE,20260916,12,AVAILABLE,terminal_H,raw,3850,0.09210728793314563,0.060162154292395846
20,SELECT,PRODUCT_MSE,20260916,12,AVAILABLE,path_1_to_H,raw,46200,0.07817793839708921,0.04839425493308942
20,SELECT,PRODUCT_MSE,20260916,12,AVAILABLE,terminal_H,clip_0_1,3850,0.09204236713777583,0.06007059830657305
20,SELECT,PRODUCT_MSE,20260916,12,AVAILABLE,path_1_to_H,clip_0_1,46200,0.0781188927454722,0.0483126031062032
40,SELECT,PRODUCT_MSE,20260916,3,AVAILABLE,terminal_H,raw,3850,0.0713956077818138,0.04142917382497275
40,SELECT,PRODUCT_MSE,20260916,3,AVAILABLE,path_1_to_H,raw,11550,0.06517505047812869,0.03678711864860719
40,SELECT,PRODUCT_MSE,20260916,3,AVAILABLE,terminal_H,clip_0_1,3850,0.07137935848414304,0.041382318511175215
40,SELECT,PRODUCT_MSE,20260916,3,AVAILABLE,path_1_to_H,clip_0_1,11550,0.06514114829260038,0.03672612610460774
40,SELECT,PRODUCT_MSE,20260916,6,AVAILABLE,terminal_H,raw,3850,0.07560005931802198,0.04701406322057784
40,SELECT,PRODUCT_MSE,20260916,6,AVAILABLE,path_1_to_H,raw,23100,0.06958349502545783,0.040984330678987234
40,SELECT,PRODUCT_MSE,20260916,6,AVAILABLE,terminal_H,clip_0_1,3850,0.07557409053297748,0.04694404758667779
40,SELECT,PRODUCT_MSE,20260916,6,AVAILABLE,path_1_to_H,clip_0_1,23100,0.0695574144359016,0.04092389609000926
40,SELECT,PRODUCT_MSE,20260916,9,AVAILABLE,terminal_H,raw,3850,0.08427316604778685,0.05663947989135134
40,SELECT,PRODUCT_MSE,20260916,9,AVAILABLE,path_1_to_H,raw,34650,0.07390800472944851,0.044818321138439324
40,SELECT,PRODUCT_MSE,20260916,9,AVAILABLE,terminal_H,clip_0_1,3850,0.084191912801014,0.05656858481880472
40,SELECT,PRODUCT_MSE,20260916,9,AVAILABLE,path_1_to_H,clip_0_1,34650,0.07386326394163097,0.04474868811058737
40,SELECT,PRODUCT_MSE,20260916,12,AVAILABLE,terminal_H,raw,3850,0.09224585367537488,0.060185971260592594
40,SELECT,PRODUCT_MSE,20260916,12,AVAILABLE,path_1_to_H,raw,46200,0.07823119163131854,0.0484590227631896
40,SELECT,PRODUCT_MSE,20260916,12,AVAILABLE,terminal_H,clip_0_1,3850,0.09217569357718958,0.06009537419292174
40,SELECT,PRODUCT_MSE,20260916,12,AVAILABLE,path_1_to_H,clip_0_1,46200,0.0781727873653929,0.04838567787136356
0,SELECT,PRODUCT_MSE,20260917,3,AVAILABLE,terminal_H,raw,3850,0.0715574909183269,0.041504047151979244
0,SELECT,PRODUCT_MSE,20260917,3,AVAILABLE,path_1_to_H,raw,11550,0.06533001779708271,0.036699402746601786
0,SELECT,PRODUCT_MSE,20260917,3,AVAILABLE,terminal_H,clip_0_1,3850,0.07155532535344221,0.041488150614960834
0,SELECT,PRODUCT_MSE,20260917,3,AVAILABLE,path_1_to_H,clip_0_1,11550,0.06530269670120245,0.036659928979940214
0,SELECT,PRODUCT_MSE,20260917,6,AVAILABLE,terminal_H,raw,3850,0.07640047146889449,0.04762812144991269
0,SELECT,PRODUCT_MSE,20260917,6,AVAILABLE,path_1_to_H,raw,23100,0.06998650595652077,0.041143550736475555
0,SELECT,PRODUCT_MSE,20260917,6,AVAILABLE,terminal_H,clip_0_1,3850,0.07639800240261255,0.04762124960119467
0,SELECT,PRODUCT_MSE,20260917,6,AVAILABLE,path_1_to_H,clip_0_1,23100,0.06997297823626444,0.04111893887692641
0,SELECT,PRODUCT_MSE,20260917,9,AVAILABLE,terminal_H,raw,3850,0.08468624593246257,0.05697164942179302
0,SELECT,PRODUCT_MSE,20260917,9,AVAILABLE,path_1_to_H,raw,34650,0.0743449749734721,0.04506060979594299
0,SELECT,PRODUCT_MSE,20260917,9,AVAILABLE,terminal_H,clip_0_1,3850,0.08468509333991608,0.0569635524336505
0,SELECT,PRODUCT_MSE,20260917,9,AVAILABLE,path_1_to_H,clip_0_1,34650,0.0743359271806204,0.04504229630533494
0,SELECT,PRODUCT_MSE,20260917,12,AVAILABLE,terminal_H,raw,3850,0.09306321667618843,0.060727166549893394
0,SELECT,PRODUCT_MSE,20260917,12,AVAILABLE,path_1_to_H,raw,46200,0.07876578519461831,0.04879192592169455
0,SELECT,PRODUCT_MSE,20260917,12,AVAILABLE,terminal_H,clip_0_1,3850,0.09305738102667872,0.060710732536325016
0,SELECT,PRODUCT_MSE,20260917,12,AVAILABLE,path_1_to_H,clip_0_1,46200,0.07875791627267542,0.048775701404106815
5,SELECT,PRODUCT_MSE,20260917,3,AVAILABLE,terminal_H,raw,3850,0.07148694301983508,0.04154107058623276
5,SELECT,PRODUCT_MSE,20260917,3,AVAILABLE,path_1_to_H,raw,11550,0.06524163309936663,0.03679060974449204
5,SELECT,PRODUCT_MSE,20260917,3,AVAILABLE,terminal_H,clip_0_1,3850,0.07147735276413675,0.04149656167496421
5,SELECT,PRODUCT_MSE,20260917,3,AVAILABLE,path_1_to_H,clip_0_1,11550,0.06521658540073565,0.036734123136047375
5,SELECT,PRODUCT_MSE,20260917,6,AVAILABLE,terminal_H,raw,3850,0.07529131903875545,0.0472212590389861
5,SELECT,PRODUCT_MSE,20260917,6,AVAILABLE,path_1_to_H,raw,23100,0.06945370554088166,0.04104627201667628
5,SELECT,PRODUCT_MSE,20260917,6,AVAILABLE,terminal_H,clip_0_1,3850,0.0752901000030933,0.04720768738920732
5,SELECT,PRODUCT_MSE,20260917,6,AVAILABLE,path_1_to_H,clip_0_1,23100,0.06943982134702437,0.04100204630599897
5,SELECT,PRODUCT_MSE,20260917,9,AVAILABLE,terminal_H,raw,3850,0.08524916517073394,0.057495443328407225
5,SELECT,PRODUCT_MSE,20260917,9,AVAILABLE,path_1_to_H,raw,34650,0.07396719079383367,0.04503407007792336
5,SELECT,PRODUCT_MSE,20260917,9,AVAILABLE,terminal_H,clip_0_1,3850,0.08524619024300935,0.05748027692543097
5,SELECT,PRODUCT_MSE,20260917,9,AVAILABLE,path_1_to_H,clip_0_1,34650,0.07395627371352428,0.044998492722129864
5,SELECT,PRODUCT_MSE,20260917,12,AVAILABLE,terminal_H,raw,3850,0.09246085646244737,0.060294508043168986
5,SELECT,PRODUCT_MSE,20260917,12,AVAILABLE,path_1_to_H,raw,46200,0.07834155049843596,0.048737693674581
5,SELECT,PRODUCT_MSE,20260917,12,AVAILABLE,terminal_H,clip_0_1,3850,0.09243859854196972,0.06025731062858596
5,SELECT,PRODUCT_MSE,20260917,12,AVAILABLE,path_1_to_H,clip_0_1,46200,0.07832602811186457,0.04870255522665965
10,SELECT,PRODUCT_MSE,20260917,3,AVAILABLE,terminal_H,raw,3850,0.07121888609857943,0.041701824194900344
10,SELECT,PRODUCT_MSE,20260917,3,AVAILABLE,path_1_to_H,raw,11550,0.06504792590708276,0.03701463439356543
10,SELECT,PRODUCT_MSE,20260917,3,AVAILABLE,terminal_H,clip_0_1,3850,0.0712113022510883,0.04166623618837865
10,SELECT,PRODUCT_MSE,20260917,3,AVAILABLE,path_1_to_H,clip_0_1,11550,0.065024722341248,0.03696729931933611
10,SELECT,PRODUCT_MSE,20260917,6,AVAILABLE,terminal_H,raw,3850,0.07567870278158471,0.047577508384185924
10,SELECT,PRODUCT_MSE,20260917,6,AVAILABLE,path_1_to_H,raw,23100,0.06933641095524778,0.041252747604981564
10,SELECT,PRODUCT_MSE,20260917,6,AVAILABLE,terminal_H,clip_0_1,3850,0.0756711030582355,0.04754611483203721
10,SELECT,PRODUCT_MSE,20260917,6,AVAILABLE,path_1_to_H,clip_0_1,23100,0.0693227122592861,0.04121616517006439
10,SELECT,PRODUCT_MSE,20260917,9,AVAILABLE,terminal_H,raw,3850,0.08464574765135391,0.05716908363561399
10,SELECT,PRODUCT_MSE,20260917,9,AVAILABLE,path_1_to_H,raw,34650,0.0736965289735386,0.04509842138291335
10,SELECT,PRODUCT_MSE,20260917,9,AVAILABLE,terminal_H,clip_0_1,3850,0.08464529445976779,0.057162952342515075
10,SELECT,PRODUCT_MSE,20260917,9,AVAILABLE,path_1_to_H,clip_0_1,34650,0.0736857503274103,0.04506765827114824
10,SELECT,PRODUCT_MSE,20260917,12,AVAILABLE,terminal_H,raw,3850,0.09142879770942801,0.059516814462603485
10,SELECT,PRODUCT_MSE,20260917,12,AVAILABLE,path_1_to_H,raw,46200,0.0777986549213989,0.048595860666272535
10,SELECT,PRODUCT_MSE,20260917,12,AVAILABLE,terminal_H,clip_0_1,3850,0.091411497605255,0.05948876740997112
10,SELECT,PRODUCT_MSE,20260917,12,AVAILABLE,path_1_to_H,clip_0_1,46200,0.07778442601119738,0.04856637929147319
20,SELECT,PRODUCT_MSE,20260917,3,AVAILABLE,terminal_H,raw,3850,0.07099331671042469,0.04181837926781353
20,SELECT,PRODUCT_MSE,20260917,3,AVAILABLE,path_1_to_H,raw,11550,0.06495986918223538,0.03709460209991325
20,SELECT,PRODUCT_MSE,20260917,3,AVAILABLE,terminal_H,clip_0_1,3850,0.07097743075163987,0.0417792249967192
20,SELECT,PRODUCT_MSE,20260917,3,AVAILABLE,path_1_to_H,clip_0_1,11550,0.06493337959330506,0.037039806199892
20,SELECT,PRODUCT_MSE,20260917,6,AVAILABLE,terminal_H,raw,3850,0.07477102262816772,0.04699860789593881
20,SELECT,PRODUCT_MSE,20260917,6,AVAILABLE,path_1_to_H,raw,23100,0.06897964123540955,0.0411816997079933
20,SELECT,PRODUCT_MSE,20260917,6,AVAILABLE,terminal_H,clip_0_1,3850,0.07476175810013037,0.046963996792484704
20,SELECT,PRODUCT_MSE,20260917,6,AVAILABLE,path_1_to_H,clip_0_1,23100,0.06896090507453805,0.04113514633599562
20,SELECT,PRODUCT_MSE,20260917,9,AVAILABLE,terminal_H,raw,3850,0.08461186225723245,0.057344608524124555
20,SELECT,PRODUCT_MSE,20260917,9,AVAILABLE,path_1_to_H,raw,34650,0.07336478300202715,0.04505184327050606
20,SELECT,PRODUCT_MSE,20260917,9,AVAILABLE,terminal_H,clip_0_1,3850,0.08461047560665155,0.05733226439691331
20,SELECT,PRODUCT_MSE,20260917,9,AVAILABLE,path_1_to_H,clip_0_1,34650,0.07334945316552793,0.04501167914894056
20,SELECT,PRODUCT_MSE,20260917,12,AVAILABLE,terminal_H,raw,3850,0.09184081331916201,0.05990999873482318
20,SELECT,PRODUCT_MSE,20260917,12,AVAILABLE,path_1_to_H,raw,46200,0.07764798175426446,0.048624280631191605
20,SELECT,PRODUCT_MSE,20260917,12,AVAILABLE,terminal_H,clip_0_1,3850,0.09182135295201743,0.05987998751016178
20,SELECT,PRODUCT_MSE,20260917,12,AVAILABLE,path_1_to_H,clip_0_1,46200,0.07763087714406179,0.04858843586385027
40,SELECT,PRODUCT_MSE,20260917,3,AVAILABLE,terminal_H,raw,3850,0.07100935551346516,0.04147661577566981
40,SELECT,PRODUCT_MSE,20260917,3,AVAILABLE,path_1_to_H,raw,11550,0.06488749446045888,0.03688427303590631
40,SELECT,PRODUCT_MSE,20260917,3,AVAILABLE,terminal_H,clip_0_1,3850,0.07098531063134061,0.04142297964873758
40,SELECT,PRODUCT_MSE,20260917,3,AVAILABLE,path_1_to_H,clip_0_1,11550,0.06485680099883004,0.03682063293117183
40,SELECT,PRODUCT_MSE,20260917,6,AVAILABLE,terminal_H,raw,3850,0.0744831658364919,0.04621362409947766
40,SELECT,PRODUCT_MSE,20260917,6,AVAILABLE,path_1_to_H,raw,23100,0.06881895064790086,0.04074537691695926
40,SELECT,PRODUCT_MSE,20260917,6,AVAILABLE,terminal_H,clip_0_1,3850,0.07446117438663502,0.046150735325326174
40,SELECT,PRODUCT_MSE,20260917,6,AVAILABLE,path_1_to_H,clip_0_1,23100,0.0687937460578773,0.040684320116370874
40,SELECT,PRODUCT_MSE,20260917,9,AVAILABLE,terminal_H,raw,3850,0.08409327170929172,0.05653240716305085
40,SELECT,PRODUCT_MSE,20260917,9,AVAILABLE,path_1_to_H,raw,34650,0.07310845947807451,0.04451418902626938
40,SELECT,PRODUCT_MSE,20260917,9,AVAILABLE,terminal_H,clip_0_1,3850,0.0840913926502617,0.056517250202563284
40,SELECT,PRODUCT_MSE,20260917,9,AVAILABLE,path_1_to_H,clip_0_1,34650,0.07308666180818421,0.04445897836362622
40,SELECT,PRODUCT_MSE,20260917,12,AVAILABLE,terminal_H,raw,3850,0.09150099624188932,0.05968726564871724
40,SELECT,PRODUCT_MSE,20260917,12,AVAILABLE,path_1_to_H,raw,46200,0.07743360656635409,0.048151391184315065
40,SELECT,PRODUCT_MSE,20260917,12,AVAILABLE,terminal_H,clip_0_1,3850,0.09146818781908422,0.05964788278074314
40,SELECT,PRODUCT_MSE,20260917,12,AVAILABLE,path_1_to_H,clip_0_1,46200,0.07741093418362861,0.048103597058370175
0,SELECT,PRODUCT_POSREG,20260915,3,AVAILABLE,terminal_H,raw,3850,0.0715574909183269,0.041504047151979244
0,SELECT,PRODUCT_POSREG,20260915,3,AVAILABLE,path_1_to_H,raw,11550,0.06533001779708271,0.036699402746601786
0,SELECT,PRODUCT_POSREG,20260915,3,AVAILABLE,terminal_H,clip_0_1,3850,0.07155532535344221,0.041488150614960834
0,SELECT,PRODUCT_POSREG,20260915,3,AVAILABLE,path_1_to_H,clip_0_1,11550,0.06530269670120245,0.036659928979940214
0,SELECT,PRODUCT_POSREG,20260915,6,AVAILABLE,terminal_H,raw,3850,0.07640047146889449,0.04762812144991269
0,SELECT,PRODUCT_POSREG,20260915,6,AVAILABLE,path_1_to_H,raw,23100,0.06998650595652077,0.041143550736475555
0,SELECT,PRODUCT_POSREG,20260915,6,AVAILABLE,terminal_H,clip_0_1,3850,0.07639800240261255,0.04762124960119467
0,SELECT,PRODUCT_POSREG,20260915,6,AVAILABLE,path_1_to_H,clip_0_1,23100,0.06997297823626444,0.04111893887692641
0,SELECT,PRODUCT_POSREG,20260915,9,AVAILABLE,terminal_H,raw,3850,0.08468624593246257,0.05697164942179302
0,SELECT,PRODUCT_POSREG,20260915,9,AVAILABLE,path_1_to_H,raw,34650,0.0743449749734721,0.04506060979594299
0,SELECT,PRODUCT_POSREG,20260915,9,AVAILABLE,terminal_H,clip_0_1,3850,0.08468509333991608,0.0569635524336505
0,SELECT,PRODUCT_POSREG,20260915,9,AVAILABLE,path_1_to_H,clip_0_1,34650,0.0743359271806204,0.04504229630533494
0,SELECT,PRODUCT_POSREG,20260915,12,AVAILABLE,terminal_H,raw,3850,0.09306321667618843,0.060727166549893394
0,SELECT,PRODUCT_POSREG,20260915,12,AVAILABLE,path_1_to_H,raw,46200,0.07876578519461831,0.04879192592169455
0,SELECT,PRODUCT_POSREG,20260915,12,AVAILABLE,terminal_H,clip_0_1,3850,0.09305738102667872,0.060710732536325016
0,SELECT,PRODUCT_POSREG,20260915,12,AVAILABLE,path_1_to_H,clip_0_1,46200,0.07875791627267542,0.048775701404106815
5,SELECT,PRODUCT_POSREG,20260915,3,AVAILABLE,terminal_H,raw,3850,0.07130170044006368,0.04122655695489917
5,SELECT,PRODUCT_POSREG,20260915,3,AVAILABLE,path_1_to_H,raw,11550,0.06518754068614944,0.036551152321860216
5,SELECT,PRODUCT_POSREG,20260915,3,AVAILABLE,terminal_H,clip_0_1,3850,0.07129673529995084,0.04121317673527545
5,SELECT,PRODUCT_POSREG,20260915,3,AVAILABLE,path_1_to_H,clip_0_1,11550,0.06515846521566705,0.03651318015572209
5,SELECT,PRODUCT_POSREG,20260915,6,AVAILABLE,terminal_H,raw,3850,0.07568902768161659,0.04690148719044918
5,SELECT,PRODUCT_POSREG,20260915,6,AVAILABLE,path_1_to_H,raw,23100,0.06958070026988772,0.04079493427998889
5,SELECT,PRODUCT_POSREG,20260915,6,AVAILABLE,terminal_H,clip_0_1,3850,0.0756866549642844,0.046887340154530235
5,SELECT,PRODUCT_POSREG,20260915,6,AVAILABLE,path_1_to_H,clip_0_1,23100,0.06956583097165715,0.040770427790220276
5,SELECT,PRODUCT_POSREG,20260915,9,AVAILABLE,terminal_H,raw,3850,0.08343106578212571,0.056069548603175146
5,SELECT,PRODUCT_POSREG,20260915,9,AVAILABLE,path_1_to_H,raw,34650,0.07383151274750778,0.044597864421542205
5,SELECT,PRODUCT_POSREG,20260915,9,AVAILABLE,terminal_H,clip_0_1,3850,0.08342940639146564,0.05605809953650207
5,SELECT,PRODUCT_POSREG,20260915,9,AVAILABLE,path_1_to_H,clip_0_1,34650,0.07382108185097412,0.04457668715309859
5,SELECT,PRODUCT_POSREG,20260915,12,AVAILABLE,terminal_H,raw,3850,0.0921985404808289,0.059913692609340714
5,SELECT,PRODUCT_POSREG,20260915,12,AVAILABLE,path_1_to_H,raw,46200,0.07812086399527082,0.04824943693288814
5,SELECT,PRODUCT_POSREG,20260915,12,AVAILABLE,terminal_H,clip_0_1,3850,0.0921918432917481,0.059894250209479666
5,SELECT,PRODUCT_POSREG,20260915,12,AVAILABLE,path_1_to_H,clip_0_1,46200,0.07811194380322643,0.04823038023598345
10,SELECT,PRODUCT_POSREG,20260915,3,AVAILABLE,terminal_H,raw,3850,0.07124319283263732,0.040947919113494935
10,SELECT,PRODUCT_POSREG,20260915,3,AVAILABLE,path_1_to_H,raw,11550,0.06508170333667808,0.03637054579445328
10,SELECT,PRODUCT_POSREG,20260915,3,AVAILABLE,terminal_H,clip_0_1,3850,0.07123287562369063,0.04091715772039104
10,SELECT,PRODUCT_POSREG,20260915,3,AVAILABLE,path_1_to_H,clip_0_1,11550,0.06504761480119763,0.0363199704632649
10,SELECT,PRODUCT_POSREG,20260915,6,AVAILABLE,terminal_H,raw,3850,0.07515234681941249,0.046271845490686414
10,SELECT,PRODUCT_POSREG,20260915,6,AVAILABLE,path_1_to_H,raw,23100,0.06929901278164029,0.040412460120082025
10,SELECT,PRODUCT_POSREG,20260915,6,AVAILABLE,terminal_H,clip_0_1,3850,0.07514748740604822,0.046249776047403025
10,SELECT,PRODUCT_POSREG,20260915,6,AVAILABLE,path_1_to_H,clip_0_1,23100,0.06927809704526885,0.04037446366948968
10,SELECT,PRODUCT_POSREG,20260915,9,AVAILABLE,terminal_H,raw,3850,0.0833404030905997,0.0561181633878365
10,SELECT,PRODUCT_POSREG,20260915,9,AVAILABLE,path_1_to_H,raw,34650,0.07339584246956271,0.04411775029614876
10,SELECT,PRODUCT_POSREG,20260915,9,AVAILABLE,terminal_H,clip_0_1,3850,0.08332477617554235,0.05609955059121414
10,SELECT,PRODUCT_POSREG,20260915,9,AVAILABLE,path_1_to_H,clip_0_1,34650,0.07337915935362628,0.044086107750031155
10,SELECT,PRODUCT_POSREG,20260915,12,AVAILABLE,terminal_H,raw,3850,0.0917650848944991,0.06003272551812866
10,SELECT,PRODUCT_POSREG,20260915,12,AVAILABLE,path_1_to_H,raw,46200,0.07770922706263539,0.04793732926848934
10,SELECT,PRODUCT_POSREG,20260915,12,AVAILABLE,terminal_H,clip_0_1,3850,0.09176230521779254,0.06002109428132383
10,SELECT,PRODUCT_POSREG,20260915,12,AVAILABLE,path_1_to_H,clip_0_1,46200,0.0776965694225922,0.04791165744188122
20,SELECT,PRODUCT_POSREG,20260915,3,AVAILABLE,terminal_H,raw,3850,0.07092757044406653,0.04075838534968489
20,SELECT,PRODUCT_POSREG,20260915,3,AVAILABLE,path_1_to_H,raw,11550,0.06489462740050238,0.03621198017347904
20,SELECT,PRODUCT_POSREG,20260915,3,AVAILABLE,terminal_H,clip_0_1,3850,0.07091816617382228,0.040734389745579754
20,SELECT,PRODUCT_POSREG,20260915,3,AVAILABLE,path_1_to_H,clip_0_1,11550,0.06486055400050914,0.03616547455276106
20,SELECT,PRODUCT_POSREG,20260915,6,AVAILABLE,terminal_H,raw,3850,0.07492649839219734,0.04627815381378596
20,SELECT,PRODUCT_POSREG,20260915,6,AVAILABLE,path_1_to_H,raw,23100,0.06905766557276591,0.040289057923020975
20,SELECT,PRODUCT_POSREG,20260915,6,AVAILABLE,terminal_H,clip_0_1,3850,0.07491784223686287,0.04624788698902039
20,SELECT,PRODUCT_POSREG,20260915,6,AVAILABLE,path_1_to_H,clip_0_1,23100,0.06903438525187296,0.04025076965294688
20,SELECT,PRODUCT_POSREG,20260915,9,AVAILABLE,terminal_H,raw,3850,0.08294986870665336,0.055781228540762916
20,SELECT,PRODUCT_POSREG,20260915,9,AVAILABLE,path_1_to_H,raw,34650,0.07317868041883144,0.04409636713393138
20,SELECT,PRODUCT_POSREG,20260915,9,AVAILABLE,terminal_H,clip_0_1,3850,0.0829193093803375,0.055760474554106335
20,SELECT,PRODUCT_POSREG,20260915,9,AVAILABLE,path_1_to_H,clip_0_1,34650,0.0731564231666196,0.04406125900677914
20,SELECT,PRODUCT_POSREG,20260915,12,AVAILABLE,terminal_H,raw,3850,0.09163815412181323,0.059721768815197425
20,SELECT,PRODUCT_POSREG,20260915,12,AVAILABLE,path_1_to_H,raw,46200,0.07745969903962269,0.04781564976821492
20,SELECT,PRODUCT_POSREG,20260915,12,AVAILABLE,terminal_H,clip_0_1,3850,0.09163602411394675,0.05970883744500625
20,SELECT,PRODUCT_POSREG,20260915,12,AVAILABLE,path_1_to_H,clip_0_1,46200,0.07744330415260851,0.04778759527837914
40,SELECT,PRODUCT_POSREG,20260915,3,AVAILABLE,terminal_H,raw,3850,0.0707821288574591,0.04087148979319322
40,SELECT,PRODUCT_POSREG,20260915,3,AVAILABLE,path_1_to_H,raw,11550,0.06482568726708207,0.036288423468227866
40,SELECT,PRODUCT_POSREG,20260915,3,AVAILABLE,terminal_H,clip_0_1,3850,0.07077194479135357,0.04084843758929618
40,SELECT,PRODUCT_POSREG,20260915,3,AVAILABLE,path_1_to_H,clip_0_1,11550,0.06479309045073486,0.0362432024229239
40,SELECT,PRODUCT_POSREG,20260915,6,AVAILABLE,terminal_H,raw,3850,0.07489861666755386,0.046330999901660674
40,SELECT,PRODUCT_POSREG,20260915,6,AVAILABLE,path_1_to_H,raw,23100,0.0690222980724044,0.040404068344277885
40,SELECT,PRODUCT_POSREG,20260915,6,AVAILABLE,terminal_H,clip_0_1,3850,0.07488662335087133,0.04629544652009547
40,SELECT,PRODUCT_POSREG,20260915,6,AVAILABLE,path_1_to_H,clip_0_1,23100,0.06899836178359973,0.04036623921341409
40,SELECT,PRODUCT_POSREG,20260915,9,AVAILABLE,terminal_H,raw,3850,0.08298595892655246,0.05572998626769782
40,SELECT,PRODUCT_POSREG,20260915,9,AVAILABLE,path_1_to_H,raw,34650,0.07315152248833255,0.044152460274801485
40,SELECT,PRODUCT_POSREG,20260915,9,AVAILABLE,terminal_H,clip_0_1,3850,0.08294586252859064,0.05570468991260626
40,SELECT,PRODUCT_POSREG,20260915,9,AVAILABLE,path_1_to_H,clip_0_1,34650,0.07312647284367797,0.04411499491924141
40,SELECT,PRODUCT_POSREG,20260915,12,AVAILABLE,terminal_H,raw,3850,0.09129910263693247,0.059433827810239016
40,SELECT,PRODUCT_POSREG,20260915,12,AVAILABLE,path_1_to_H,raw,46200,0.07739249081067873,0.047828216966117915
40,SELECT,PRODUCT_POSREG,20260915,12,AVAILABLE,terminal_H,clip_0_1,3850,0.09129624093437345,0.059421204718834206
40,SELECT,PRODUCT_POSREG,20260915,12,AVAILABLE,path_1_to_H,clip_0_1,46200,0.0773734639276782,0.04779797607107922
0,SELECT,PRODUCT_POSREG,20260916,3,AVAILABLE,terminal_H,raw,3850,0.0715574909183269,0.041504047151979244
0,SELECT,PRODUCT_POSREG,20260916,3,AVAILABLE,path_1_to_H,raw,11550,0.06533001779708271,0.036699402746601786
0,SELECT,PRODUCT_POSREG,20260916,3,AVAILABLE,terminal_H,clip_0_1,3850,0.07155532535344221,0.041488150614960834
0,SELECT,PRODUCT_POSREG,20260916,3,AVAILABLE,path_1_to_H,clip_0_1,11550,0.06530269670120245,0.036659928979940214
0,SELECT,PRODUCT_POSREG,20260916,6,AVAILABLE,terminal_H,raw,3850,0.07640047146889449,0.04762812144991269
0,SELECT,PRODUCT_POSREG,20260916,6,AVAILABLE,path_1_to_H,raw,23100,0.06998650595652077,0.041143550736475555
0,SELECT,PRODUCT_POSREG,20260916,6,AVAILABLE,terminal_H,clip_0_1,3850,0.07639800240261255,0.04762124960119467
0,SELECT,PRODUCT_POSREG,20260916,6,AVAILABLE,path_1_to_H,clip_0_1,23100,0.06997297823626444,0.04111893887692641
0,SELECT,PRODUCT_POSREG,20260916,9,AVAILABLE,terminal_H,raw,3850,0.08468624593246257,0.05697164942179302
0,SELECT,PRODUCT_POSREG,20260916,9,AVAILABLE,path_1_to_H,raw,34650,0.0743449749734721,0.04506060979594299
0,SELECT,PRODUCT_POSREG,20260916,9,AVAILABLE,terminal_H,clip_0_1,3850,0.08468509333991608,0.0569635524336505
0,SELECT,PRODUCT_POSREG,20260916,9,AVAILABLE,path_1_to_H,clip_0_1,34650,0.0743359271806204,0.04504229630533494
0,SELECT,PRODUCT_POSREG,20260916,12,AVAILABLE,terminal_H,raw,3850,0.09306321667618843,0.060727166549893394
0,SELECT,PRODUCT_POSREG,20260916,12,AVAILABLE,path_1_to_H,raw,46200,0.07876578519461831,0.04879192592169455
0,SELECT,PRODUCT_POSREG,20260916,12,AVAILABLE,terminal_H,clip_0_1,3850,0.09305738102667872,0.060710732536325016
0,SELECT,PRODUCT_POSREG,20260916,12,AVAILABLE,path_1_to_H,clip_0_1,46200,0.07875791627267542,0.048775701404106815
5,SELECT,PRODUCT_POSREG,20260916,3,AVAILABLE,terminal_H,raw,3850,0.07148604823370044,0.04134112061072301
5,SELECT,PRODUCT_POSREG,20260916,3,AVAILABLE,path_1_to_H,raw,11550,0.065271835375766,0.03658558753607397
5,SELECT,PRODUCT_POSREG,20260916,3,AVAILABLE,terminal_H,clip_0_1,3850,0.07148073881400947,0.041325385220277865
5,SELECT,PRODUCT_POSREG,20260916,3,AVAILABLE,path_1_to_H,clip_0_1,11550,0.06524360992720817,0.03654435242678643
5,SELECT,PRODUCT_POSREG,20260916,6,AVAILABLE,terminal_H,raw,3850,0.07572987215130926,0.047185466323087365
5,SELECT,PRODUCT_POSREG,20260916,6,AVAILABLE,path_1_to_H,raw,23100,0.06969874148416684,0.04088765390575609
5,SELECT,PRODUCT_POSREG,20260916,6,AVAILABLE,terminal_H,clip_0_1,3850,0.07572640732555097,0.0471692441774651
5,SELECT,PRODUCT_POSREG,20260916,6,AVAILABLE,path_1_to_H,clip_0_1,23100,0.06968356171345311,0.04085908751745523
5,SELECT,PRODUCT_POSREG,20260916,9,AVAILABLE,terminal_H,raw,3850,0.08365591679151833,0.05607047012749134
5,SELECT,PRODUCT_POSREG,20260916,9,AVAILABLE,path_1_to_H,raw,34650,0.0739446951966331,0.0447372046474715
5,SELECT,PRODUCT_POSREG,20260916,9,AVAILABLE,terminal_H,clip_0_1,3850,0.08365564953237586,0.05606608508506477
5,SELECT,PRODUCT_POSREG,20260916,9,AVAILABLE,path_1_to_H,clip_0_1,34650,0.07393377257662087,0.04471288105957436
5,SELECT,PRODUCT_POSREG,20260916,12,AVAILABLE,terminal_H,raw,3850,0.09275254829875658,0.06034973459918854
5,SELECT,PRODUCT_POSREG,20260916,12,AVAILABLE,path_1_to_H,raw,46200,0.07826520569768543,0.04838118618816819
5,SELECT,PRODUCT_POSREG,20260916,12,AVAILABLE,terminal_H,clip_0_1,3850,0.09274012657899698,0.060320782546574386
5,SELECT,PRODUCT_POSREG,20260916,12,AVAILABLE,path_1_to_H,clip_0_1,46200,0.07825482793982716,0.04835908773680418
10,SELECT,PRODUCT_POSREG,20260916,3,AVAILABLE,terminal_H,raw,3850,0.0713777543152737,0.04114492564621761
10,SELECT,PRODUCT_POSREG,20260916,3,AVAILABLE,path_1_to_H,raw,11550,0.06531508889013772,0.036608584444023075
10,SELECT,PRODUCT_POSREG,20260916,3,AVAILABLE,terminal_H,clip_0_1,3850,0.07136160232215819,0.041103613400411805
10,SELECT,PRODUCT_POSREG,20260916,3,AVAILABLE,path_1_to_H,clip_0_1,11550,0.06527788520129103,0.03655168487123747
10,SELECT,PRODUCT_POSREG,20260916,6,AVAILABLE,terminal_H,raw,3850,0.07544299178201105,0.046605672649076724
10,SELECT,PRODUCT_POSREG,20260916,6,AVAILABLE,path_1_to_H,raw,23100,0.06960849278907283,0.04068775056432642
10,SELECT,PRODUCT_POSREG,20260916,6,AVAILABLE,terminal_H,clip_0_1,3850,0.07543470519763654,0.046575228888177625
10,SELECT,PRODUCT_POSREG,20260916,6,AVAILABLE,path_1_to_H,clip_0_1,23100,0.06958603332498052,0.04063957493951006
10,SELECT,PRODUCT_POSREG,20260916,9,AVAILABLE,terminal_H,raw,3850,0.08362504608920145,0.0562144852312125
10,SELECT,PRODUCT_POSREG,20260916,9,AVAILABLE,path_1_to_H,raw,34650,0.07374791914540929,0.04441512092141138
10,SELECT,PRODUCT_POSREG,20260916,9,AVAILABLE,terminal_H,clip_0_1,3850,0.0836200977811587,0.05620469805914766
10,SELECT,PRODUCT_POSREG,20260916,9,AVAILABLE,path_1_to_H,clip_0_1,34650,0.07373178850457206,0.044376508047048464
10,SELECT,PRODUCT_POSREG,20260916,12,AVAILABLE,terminal_H,raw,3850,0.09201073312009862,0.0599179224937809
10,SELECT,PRODUCT_POSREG,20260916,12,AVAILABLE,path_1_to_H,raw,46200,0.07801165460064062,0.048089194313796255
10,SELECT,PRODUCT_POSREG,20260916,12,AVAILABLE,terminal_H,clip_0_1,3850,0.09199857449580748,0.05989023993990995
10,SELECT,PRODUCT_POSREG,20260916,12,AVAILABLE,path_1_to_H,clip_0_1,46200,0.07799795127218796,0.048056564707285046
20,SELECT,PRODUCT_POSREG,20260916,3,AVAILABLE,terminal_H,raw,3850,0.07107065645008337,0.040898380511522045
20,SELECT,PRODUCT_POSREG,20260916,3,AVAILABLE,path_1_to_H,raw,11550,0.0650509449883369,0.03640153327078024
20,SELECT,PRODUCT_POSREG,20260916,3,AVAILABLE,terminal_H,clip_0_1,3850,0.07105788762629082,0.04086412545361476
20,SELECT,PRODUCT_POSREG,20260916,3,AVAILABLE,path_1_to_H,clip_0_1,11550,0.06501649668257467,0.03634950450144126
20,SELECT,PRODUCT_POSREG,20260916,6,AVAILABLE,terminal_H,raw,3850,0.07518027321888916,0.046315703751942064
20,SELECT,PRODUCT_POSREG,20260916,6,AVAILABLE,path_1_to_H,raw,23100,0.06932730485411896,0.040467481525312064
20,SELECT,PRODUCT_POSREG,20260916,6,AVAILABLE,terminal_H,clip_0_1,3850,0.07516967748686208,0.04628100944699234
20,SELECT,PRODUCT_POSREG,20260916,6,AVAILABLE,path_1_to_H,clip_0_1,23100,0.06930643643431118,0.04042563567840501
20,SELECT,PRODUCT_POSREG,20260916,9,AVAILABLE,terminal_H,raw,3850,0.08364879100743712,0.0560839478953811
20,SELECT,PRODUCT_POSREG,20260916,9,AVAILABLE,path_1_to_H,raw,34650,0.07354038853464402,0.04419334085151772
20,SELECT,PRODUCT_POSREG,20260916,9,AVAILABLE,terminal_H,clip_0_1,3850,0.08363065796525254,0.056063765565377566
20,SELECT,PRODUCT_POSREG,20260916,9,AVAILABLE,path_1_to_H,clip_0_1,34650,0.07352098697496244,0.044154508845251565
20,SELECT,PRODUCT_POSREG,20260916,12,AVAILABLE,terminal_H,raw,3850,0.09203662683510792,0.0598988561592227
20,SELECT,PRODUCT_POSREG,20260916,12,AVAILABLE,path_1_to_H,raw,46200,0.07789327901450499,0.047935342468980534
20,SELECT,PRODUCT_POSREG,20260916,12,AVAILABLE,terminal_H,clip_0_1,3850,0.09201789929349591,0.05985445778662281
20,SELECT,PRODUCT_POSREG,20260916,12,AVAILABLE,path_1_to_H,clip_0_1,46200,0.07787498164148034,0.04789952315194524
40,SELECT,PRODUCT_POSREG,20260916,3,AVAILABLE,terminal_H,raw,3850,0.07101424806778919,0.04098396531122764
40,SELECT,PRODUCT_POSREG,20260916,3,AVAILABLE,path_1_to_H,raw,11550,0.06496739605941866,0.03639712313628584
40,SELECT,PRODUCT_POSREG,20260916,3,AVAILABLE,terminal_H,clip_0_1,3850,0.07100657349434532,0.04095945873302644
40,SELECT,PRODUCT_POSREG,20260916,3,AVAILABLE,path_1_to_H,clip_0_1,11550,0.06493617376323575,0.03635246203253941
40,SELECT,PRODUCT_POSREG,20260916,6,AVAILABLE,terminal_H,raw,3850,0.0751530970665513,0.046446505221037465
40,SELECT,PRODUCT_POSREG,20260916,6,AVAILABLE,path_1_to_H,raw,23100,0.06928480773787701,0.040530421640072666
40,SELECT,PRODUCT_POSREG,20260916,6,AVAILABLE,terminal_H,clip_0_1,3850,0.07514646493337558,0.046421826482967464
40,SELECT,PRODUCT_POSREG,20260916,6,AVAILABLE,path_1_to_H,clip_0_1,23100,0.0692673859633366,0.04049680212053597
40,SELECT,PRODUCT_POSREG,20260916,9,AVAILABLE,terminal_H,raw,3850,0.08393208903694685,0.05631195488876054
40,SELECT,PRODUCT_POSREG,20260916,9,AVAILABLE,path_1_to_H,raw,34650,0.07362003565413663,0.04434846986526625
40,SELECT,PRODUCT_POSREG,20260916,9,AVAILABLE,terminal_H,clip_0_1,3850,0.08391667088210522,0.05629661933045368
40,SELECT,PRODUCT_POSREG,20260916,9,AVAILABLE,path_1_to_H,clip_0_1,34650,0.0736042091316796,0.04431814847307853
40,SELECT,PRODUCT_POSREG,20260916,12,AVAILABLE,terminal_H,raw,3850,0.09215381131354086,0.05993812243287883
40,SELECT,PRODUCT_POSREG,20260916,12,AVAILABLE,path_1_to_H,raw,46200,0.07800616666292824,0.04807905254766636
40,SELECT,PRODUCT_POSREG,20260916,12,AVAILABLE,terminal_H,clip_0_1,3850,0.09213288120485517,0.059890922551261265
40,SELECT,PRODUCT_POSREG,20260916,12,AVAILABLE,path_1_to_H,clip_0_1,46200,0.07798802304623678,0.04804784374984626
0,SELECT,PRODUCT_POSREG,20260917,3,AVAILABLE,terminal_H,raw,3850,0.0715574909183269,0.041504047151979244
0,SELECT,PRODUCT_POSREG,20260917,3,AVAILABLE,path_1_to_H,raw,11550,0.06533001779708271,0.036699402746601786
0,SELECT,PRODUCT_POSREG,20260917,3,AVAILABLE,terminal_H,clip_0_1,3850,0.07155532535344221,0.041488150614960834
0,SELECT,PRODUCT_POSREG,20260917,3,AVAILABLE,path_1_to_H,clip_0_1,11550,0.06530269670120245,0.036659928979940214
0,SELECT,PRODUCT_POSREG,20260917,6,AVAILABLE,terminal_H,raw,3850,0.07640047146889449,0.04762812144991269
0,SELECT,PRODUCT_POSREG,20260917,6,AVAILABLE,path_1_to_H,raw,23100,0.06998650595652077,0.041143550736475555
0,SELECT,PRODUCT_POSREG,20260917,6,AVAILABLE,terminal_H,clip_0_1,3850,0.07639800240261255,0.04762124960119467
0,SELECT,PRODUCT_POSREG,20260917,6,AVAILABLE,path_1_to_H,clip_0_1,23100,0.06997297823626444,0.04111893887692641
0,SELECT,PRODUCT_POSREG,20260917,9,AVAILABLE,terminal_H,raw,3850,0.08468624593246257,0.05697164942179302
0,SELECT,PRODUCT_POSREG,20260917,9,AVAILABLE,path_1_to_H,raw,34650,0.0743449749734721,0.04506060979594299
0,SELECT,PRODUCT_POSREG,20260917,9,AVAILABLE,terminal_H,clip_0_1,3850,0.08468509333991608,0.0569635524336505
0,SELECT,PRODUCT_POSREG,20260917,9,AVAILABLE,path_1_to_H,clip_0_1,34650,0.0743359271806204,0.04504229630533494
0,SELECT,PRODUCT_POSREG,20260917,12,AVAILABLE,terminal_H,raw,3850,0.09306321667618843,0.060727166549893394
0,SELECT,PRODUCT_POSREG,20260917,12,AVAILABLE,path_1_to_H,raw,46200,0.07876578519461831,0.04879192592169455
0,SELECT,PRODUCT_POSREG,20260917,12,AVAILABLE,terminal_H,clip_0_1,3850,0.09305738102667872,0.060710732536325016
0,SELECT,PRODUCT_POSREG,20260917,12,AVAILABLE,path_1_to_H,clip_0_1,46200,0.07875791627267542,0.048775701404106815
5,SELECT,PRODUCT_POSREG,20260917,3,AVAILABLE,terminal_H,raw,3850,0.07145664171286926,0.04120279330942564
5,SELECT,PRODUCT_POSREG,20260917,3,AVAILABLE,path_1_to_H,raw,11550,0.0652534763132989,0.036517029994014065
5,SELECT,PRODUCT_POSREG,20260917,3,AVAILABLE,terminal_H,clip_0_1,3850,0.07145034923480027,0.04117060392714802
5,SELECT,PRODUCT_POSREG,20260917,3,AVAILABLE,path_1_to_H,clip_0_1,11550,0.06522515099685154,0.03646644966356907
5,SELECT,PRODUCT_POSREG,20260917,6,AVAILABLE,terminal_H,raw,3850,0.07534580328481064,0.046713657342946475
5,SELECT,PRODUCT_POSREG,20260917,6,AVAILABLE,path_1_to_H,raw,23100,0.0694353135211484,0.04063604083730353
5,SELECT,PRODUCT_POSREG,20260917,6,AVAILABLE,terminal_H,clip_0_1,3850,0.07534270327424386,0.046694013989634645
5,SELECT,PRODUCT_POSREG,20260917,6,AVAILABLE,path_1_to_H,clip_0_1,23100,0.06942013441218453,0.040597674404784165
5,SELECT,PRODUCT_POSREG,20260917,9,AVAILABLE,terminal_H,raw,3850,0.08437981994310725,0.05666457462251373
5,SELECT,PRODUCT_POSREG,20260917,9,AVAILABLE,path_1_to_H,raw,34650,0.07374894421045927,0.0445358128202064
5,SELECT,PRODUCT_POSREG,20260917,9,AVAILABLE,terminal_H,clip_0_1,3850,0.08437171973226183,0.056652788267496215
5,SELECT,PRODUCT_POSREG,20260917,9,AVAILABLE,path_1_to_H,clip_0_1,34650,0.07373672544888817,0.04450478109618665
5,SELECT,PRODUCT_POSREG,20260917,12,AVAILABLE,terminal_H,raw,3850,0.09211768339103492,0.05981962834858301
5,SELECT,PRODUCT_POSREG,20260917,12,AVAILABLE,path_1_to_H,raw,46200,0.07809621041181455,0.04825722476298203
5,SELECT,PRODUCT_POSREG,20260917,12,AVAILABLE,terminal_H,clip_0_1,3850,0.09210826792106898,0.05979646367825824
5,SELECT,PRODUCT_POSREG,20260917,12,AVAILABLE,path_1_to_H,clip_0_1,46200,0.0780850290833737,0.048230317120653836
10,SELECT,PRODUCT_POSREG,20260917,3,AVAILABLE,terminal_H,raw,3850,0.07118694056381783,0.041301079425354444
10,SELECT,PRODUCT_POSREG,20260917,3,AVAILABLE,path_1_to_H,raw,11550,0.06506043351246156,0.03655925869247803
10,SELECT,PRODUCT_POSREG,20260917,3,AVAILABLE,terminal_H,clip_0_1,3850,0.07118462188560967,0.041285315001728516
10,SELECT,PRODUCT_POSREG,20260917,3,AVAILABLE,path_1_to_H,clip_0_1,11550,0.06503444999426844,0.03652168773723251
10,SELECT,PRODUCT_POSREG,20260917,6,AVAILABLE,terminal_H,raw,3850,0.07545539797420109,0.047032014427423705
10,SELECT,PRODUCT_POSREG,20260917,6,AVAILABLE,path_1_to_H,raw,23100,0.06936041491707347,0.040821554752559275
10,SELECT,PRODUCT_POSREG,20260917,6,AVAILABLE,terminal_H,clip_0_1,3850,0.07545134082085254,0.04701182986504432
10,SELECT,PRODUCT_POSREG,20260917,6,AVAILABLE,path_1_to_H,clip_0_1,23100,0.06934687408198563,0.040793760357438
10,SELECT,PRODUCT_POSREG,20260917,9,AVAILABLE,terminal_H,raw,3850,0.0837490038718098,0.05668807268339489
10,SELECT,PRODUCT_POSREG,20260917,9,AVAILABLE,path_1_to_H,raw,34650,0.07350820802470671,0.044644238032789454
10,SELECT,PRODUCT_POSREG,20260917,9,AVAILABLE,terminal_H,clip_0_1,3850,0.08374863353268859,0.056683970552166736
10,SELECT,PRODUCT_POSREG,20260917,9,AVAILABLE,path_1_to_H,clip_0_1,34650,0.07349893593514573,0.044622484447174905
10,SELECT,PRODUCT_POSREG,20260917,12,AVAILABLE,terminal_H,raw,3850,0.09157890881864246,0.059939143284076894
10,SELECT,PRODUCT_POSREG,20260917,12,AVAILABLE,path_1_to_H,raw,46200,0.07771119785239133,0.048340648823859855
10,SELECT,PRODUCT_POSREG,20260917,12,AVAILABLE,terminal_H,clip_0_1,3850,0.09157165201083903,0.059922491046752326
10,SELECT,PRODUCT_POSREG,20260917,12,AVAILABLE,path_1_to_H,clip_0_1,46200,0.07770156948999744,0.04832096818284738
20,SELECT,PRODUCT_POSREG,20260917,3,AVAILABLE,terminal_H,raw,3850,0.07109349655082989,0.04124994786772869
20,SELECT,PRODUCT_POSREG,20260917,3,AVAILABLE,path_1_to_H,raw,11550,0.06497416166470428,0.03651237456908041
20,SELECT,PRODUCT_POSREG,20260917,3,AVAILABLE,terminal_H,clip_0_1,3850,0.07108789505346105,0.04122318237030735
20,SELECT,PRODUCT_POSREG,20260917,3,AVAILABLE,path_1_to_H,clip_0_1,11550,0.06494801547198205,0.03646676108627265
20,SELECT,PRODUCT_POSREG,20260917,6,AVAILABLE,terminal_H,raw,3850,0.0746670496491389,0.04626962760308409
20,SELECT,PRODUCT_POSREG,20260917,6,AVAILABLE,path_1_to_H,raw,23100,0.06899551057055214,0.040555106619675124
20,SELECT,PRODUCT_POSREG,20260917,6,AVAILABLE,terminal_H,clip_0_1,3850,0.07465898595187832,0.046233997130251794
20,SELECT,PRODUCT_POSREG,20260917,6,AVAILABLE,path_1_to_H,clip_0_1,23100,0.06897864660460684,0.04051490125435832
20,SELECT,PRODUCT_POSREG,20260917,9,AVAILABLE,terminal_H,raw,3850,0.08361842457070087,0.05605285734422851
20,SELECT,PRODUCT_POSREG,20260917,9,AVAILABLE,path_1_to_H,raw,34650,0.07312496587561658,0.044266721574654846
20,SELECT,PRODUCT_POSREG,20260917,9,AVAILABLE,terminal_H,clip_0_1,3850,0.08361671935905571,0.056042750231425124
20,SELECT,PRODUCT_POSREG,20260917,9,AVAILABLE,path_1_to_H,clip_0_1,34650,0.07311057851194491,0.04423013736117792
20,SELECT,PRODUCT_POSREG,20260917,12,AVAILABLE,terminal_H,raw,3850,0.09178977023868763,0.05962092968227508
20,SELECT,PRODUCT_POSREG,20260917,12,AVAILABLE,path_1_to_H,raw,46200,0.07739896164146205,0.047947892102536374
20,SELECT,PRODUCT_POSREG,20260917,12,AVAILABLE,terminal_H,clip_0_1,3850,0.09177652662908027,0.05959400874404874
20,SELECT,PRODUCT_POSREG,20260917,12,AVAILABLE,path_1_to_H,clip_0_1,46200,0.07738348583880858,0.047915130291421686
40,SELECT,PRODUCT_POSREG,20260917,3,AVAILABLE,terminal_H,raw,3850,0.07108661350584819,0.041213819481236404
40,SELECT,PRODUCT_POSREG,20260917,3,AVAILABLE,path_1_to_H,raw,11550,0.06493986583419815,0.03646206810490168
40,SELECT,PRODUCT_POSREG,20260917,3,AVAILABLE,terminal_H,clip_0_1,3850,0.07108001672623455,0.04118323633542872
40,SELECT,PRODUCT_POSREG,20260917,3,AVAILABLE,path_1_to_H,clip_0_1,11550,0.06491467001443578,0.03641478473213544
40,SELECT,PRODUCT_POSREG,20260917,6,AVAILABLE,terminal_H,raw,3850,0.0747234604370371,0.046131212697261115
40,SELECT,PRODUCT_POSREG,20260917,6,AVAILABLE,path_1_to_H,raw,23100,0.06900020240292741,0.04048384072651332
40,SELECT,PRODUCT_POSREG,20260917,6,AVAILABLE,terminal_H,clip_0_1,3850,0.07470787985881716,0.04607623776168222
40,SELECT,PRODUCT_POSREG,20260917,6,AVAILABLE,path_1_to_H,clip_0_1,23100,0.06898135341826057,0.04043695809434044
40,SELECT,PRODUCT_POSREG,20260917,9,AVAILABLE,terminal_H,raw,3850,0.08387061367281855,0.056072506397660156
40,SELECT,PRODUCT_POSREG,20260917,9,AVAILABLE,path_1_to_H,raw,34650,0.07318607621696815,0.04421335781040421
40,SELECT,PRODUCT_POSREG,20260917,9,AVAILABLE,terminal_H,clip_0_1,3850,0.0838610031891762,0.05604963237361728
40,SELECT,PRODUCT_POSREG,20260917,9,AVAILABLE,path_1_to_H,clip_0_1,34650,0.07316637428141504,0.04416592949156244
40,SELECT,PRODUCT_POSREG,20260917,12,AVAILABLE,terminal_H,raw,3850,0.0917781165679112,0.059688636165587054
40,SELECT,PRODUCT_POSREG,20260917,12,AVAILABLE,path_1_to_H,raw,46200,0.07750148715351743,0.047935027409654926
40,SELECT,PRODUCT_POSREG,20260917,12,AVAILABLE,terminal_H,clip_0_1,3850,0.09175983267318306,0.05965260518970683
40,SELECT,PRODUCT_POSREG,20260917,12,AVAILABLE,path_1_to_H,clip_0_1,46200,0.07747990684454226,0.047891920666531675
0,SELECT,PRODUCT_MIX,20260915,3,AVAILABLE,terminal_H,raw,3850,0.0715574909183269,0.041504047151979244
0,SELECT,PRODUCT_MIX,20260915,3,AVAILABLE,path_1_to_H,raw,11550,0.06533001779708271,0.036699402746601786
0,SELECT,PRODUCT_MIX,20260915,3,AVAILABLE,terminal_H,clip_0_1,3850,0.07155532535344221,0.041488150614960834
0,SELECT,PRODUCT_MIX,20260915,3,AVAILABLE,path_1_to_H,clip_0_1,11550,0.06530269670120245,0.036659928979940214
0,SELECT,PRODUCT_MIX,20260915,6,AVAILABLE,terminal_H,raw,3850,0.07640047146889449,0.04762812144991269
0,SELECT,PRODUCT_MIX,20260915,6,AVAILABLE,path_1_to_H,raw,23100,0.06998650595652077,0.041143550736475555
0,SELECT,PRODUCT_MIX,20260915,6,AVAILABLE,terminal_H,clip_0_1,3850,0.07639800240261255,0.04762124960119467
0,SELECT,PRODUCT_MIX,20260915,6,AVAILABLE,path_1_to_H,clip_0_1,23100,0.06997297823626444,0.04111893887692641
0,SELECT,PRODUCT_MIX,20260915,9,AVAILABLE,terminal_H,raw,3850,0.08468624593246257,0.05697164942179302
0,SELECT,PRODUCT_MIX,20260915,9,AVAILABLE,path_1_to_H,raw,34650,0.0743449749734721,0.04506060979594299
0,SELECT,PRODUCT_MIX,20260915,9,AVAILABLE,terminal_H,clip_0_1,3850,0.08468509333991608,0.0569635524336505
0,SELECT,PRODUCT_MIX,20260915,9,AVAILABLE,path_1_to_H,clip_0_1,34650,0.0743359271806204,0.04504229630533494
0,SELECT,PRODUCT_MIX,20260915,12,AVAILABLE,terminal_H,raw,3850,0.09306321667618843,0.060727166549893394
0,SELECT,PRODUCT_MIX,20260915,12,AVAILABLE,path_1_to_H,raw,46200,0.07876578519461831,0.04879192592169455
0,SELECT,PRODUCT_MIX,20260915,12,AVAILABLE,terminal_H,clip_0_1,3850,0.09305738102667872,0.060710732536325016
0,SELECT,PRODUCT_MIX,20260915,12,AVAILABLE,path_1_to_H,clip_0_1,46200,0.07875791627267542,0.048775701404106815
5,SELECT,PRODUCT_MIX,20260915,3,AVAILABLE,terminal_H,raw,3850,0.07144097571907748,0.040992355576678206
5,SELECT,PRODUCT_MIX,20260915,3,AVAILABLE,path_1_to_H,raw,11550,0.06541428492984691,0.0365078676728049
5,SELECT,PRODUCT_MIX,20260915,3,AVAILABLE,terminal_H,clip_0_1,3850,0.07141801053664916,0.04096075805561383
5,SELECT,PRODUCT_MIX,20260915,3,AVAILABLE,path_1_to_H,clip_0_1,11550,0.06538096705204063,0.036459558308193876
5,SELECT,PRODUCT_MIX,20260915,6,AVAILABLE,terminal_H,raw,3850,0.07565146096856959,0.04651715749727262
5,SELECT,PRODUCT_MIX,20260915,6,AVAILABLE,path_1_to_H,raw,23100,0.069601197052119,0.040475240485013705
5,SELECT,PRODUCT_MIX,20260915,6,AVAILABLE,terminal_H,clip_0_1,3850,0.075631460979471,0.04647440657659302
5,SELECT,PRODUCT_MIX,20260915,6,AVAILABLE,path_1_to_H,clip_0_1,23100,0.06956997098880445,0.04043198206141111
5,SELECT,PRODUCT_MIX,20260915,9,AVAILABLE,terminal_H,raw,3850,0.08366459556097176,0.056288903858804314
5,SELECT,PRODUCT_MIX,20260915,9,AVAILABLE,path_1_to_H,raw,34650,0.07388620249425523,0.04440549374410462
5,SELECT,PRODUCT_MIX,20260915,9,AVAILABLE,terminal_H,clip_0_1,3850,0.08365850979985678,0.05627677571416402
5,SELECT,PRODUCT_MIX,20260915,9,AVAILABLE,path_1_to_H,clip_0_1,34650,0.07386086996497682,0.04436494436262321
5,SELECT,PRODUCT_MIX,20260915,12,AVAILABLE,terminal_H,raw,3850,0.09217903037633257,0.060079098999615964
5,SELECT,PRODUCT_MIX,20260915,12,AVAILABLE,path_1_to_H,raw,46200,0.0782243293096361,0.0481499996878716
5,SELECT,PRODUCT_MIX,20260915,12,AVAILABLE,terminal_H,clip_0_1,3850,0.09217224533488405,0.06006657667067161
5,SELECT,PRODUCT_MIX,20260915,12,AVAILABLE,path_1_to_H,clip_0_1,46200,0.07820560997668272,0.04811768932952647
10,SELECT,PRODUCT_MIX,20260915,3,AVAILABLE,terminal_H,raw,3850,0.07130713198912306,0.04124322098031899
10,SELECT,PRODUCT_MIX,20260915,3,AVAILABLE,path_1_to_H,raw,11550,0.06518810667046715,0.036502374234211474
10,SELECT,PRODUCT_MIX,20260915,3,AVAILABLE,terminal_H,clip_0_1,3850,0.07128581698580867,0.041214591585061404
10,SELECT,PRODUCT_MIX,20260915,3,AVAILABLE,path_1_to_H,clip_0_1,11550,0.06514859084236846,0.03645125730085175
10,SELECT,PRODUCT_MIX,20260915,6,AVAILABLE,terminal_H,raw,3850,0.07468427319765492,0.04592357160649868
10,SELECT,PRODUCT_MIX,20260915,6,AVAILABLE,path_1_to_H,raw,23100,0.06912371380155219,0.04039243632646744
10,SELECT,PRODUCT_MIX,20260915,6,AVAILABLE,terminal_H,clip_0_1,3850,0.07466100988849723,0.04587678590316155
10,SELECT,PRODUCT_MIX,20260915,6,AVAILABLE,path_1_to_H,clip_0_1,23100,0.0690926317501902,0.040345720255073894
10,SELECT,PRODUCT_MIX,20260915,9,AVAILABLE,terminal_H,raw,3850,0.08326806391740565,0.05604301158245054
10,SELECT,PRODUCT_MIX,20260915,9,AVAILABLE,path_1_to_H,raw,34650,0.07324293556779683,0.04411563632720233
10,SELECT,PRODUCT_MIX,20260915,9,AVAILABLE,terminal_H,clip_0_1,3850,0.08326185390144462,0.056018016144427585
10,SELECT,PRODUCT_MIX,20260915,9,AVAILABLE,path_1_to_H,clip_0_1,34650,0.07321829751479914,0.044072428873448116
10,SELECT,PRODUCT_MIX,20260915,12,AVAILABLE,terminal_H,raw,3850,0.09195518959563845,0.060015921481101735
10,SELECT,PRODUCT_MIX,20260915,12,AVAILABLE,path_1_to_H,raw,46200,0.07768392619796466,0.0479463106151257
10,SELECT,PRODUCT_MIX,20260915,12,AVAILABLE,terminal_H,clip_0_1,3850,0.0919401702827819,0.059988888392605244
10,SELECT,PRODUCT_MIX,20260915,12,AVAILABLE,path_1_to_H,clip_0_1,46200,0.07766248079657143,0.04790857704730667
20,SELECT,PRODUCT_MIX,20260915,3,AVAILABLE,terminal_H,raw,3850,0.07085723075048128,0.04064900157091417
20,SELECT,PRODUCT_MIX,20260915,3,AVAILABLE,path_1_to_H,raw,11550,0.06486668372115358,0.03611528581320297
20,SELECT,PRODUCT_MIX,20260915,3,AVAILABLE,terminal_H,clip_0_1,3850,0.07082382264628674,0.04060036834618297
20,SELECT,PRODUCT_MIX,20260915,3,AVAILABLE,path_1_to_H,clip_0_1,11550,0.06481832518098077,0.0360484852996368
20,SELECT,PRODUCT_MIX,20260915,6,AVAILABLE,terminal_H,raw,3850,0.07485613803048649,0.045975999976292904
20,SELECT,PRODUCT_MIX,20260915,6,AVAILABLE,path_1_to_H,raw,23100,0.06897236732522107,0.040146714414520925
20,SELECT,PRODUCT_MIX,20260915,6,AVAILABLE,terminal_H,clip_0_1,3850,0.07483403946780245,0.04593692392487018
20,SELECT,PRODUCT_MIX,20260915,6,AVAILABLE,path_1_to_H,clip_0_1,23100,0.06893625898028104,0.040092700707330856
20,SELECT,PRODUCT_MIX,20260915,9,AVAILABLE,terminal_H,raw,3850,0.08343411285985093,0.05609903184357751
20,SELECT,PRODUCT_MIX,20260915,9,AVAILABLE,path_1_to_H,raw,34650,0.0732006129970807,0.04397843300379209
20,SELECT,PRODUCT_MIX,20260915,9,AVAILABLE,terminal_H,clip_0_1,3850,0.08343343502765195,0.05608986155326389
20,SELECT,PRODUCT_MIX,20260915,9,AVAILABLE,path_1_to_H,clip_0_1,34650,0.07317437283251614,0.04393431911692334
20,SELECT,PRODUCT_MIX,20260915,12,AVAILABLE,terminal_H,raw,3850,0.0920835840844715,0.0600270497485497
20,SELECT,PRODUCT_MIX,20260915,12,AVAILABLE,path_1_to_H,raw,46200,0.07769683282819091,0.047829198383536387
20,SELECT,PRODUCT_MIX,20260915,12,AVAILABLE,terminal_H,clip_0_1,3850,0.09207336500122855,0.060001564895920734
20,SELECT,PRODUCT_MIX,20260915,12,AVAILABLE,path_1_to_H,clip_0_1,46200,0.0776751402413617,0.047791941234393384
40,SELECT,PRODUCT_MIX,20260915,3,AVAILABLE,terminal_H,raw,3850,0.07090539362142102,0.040827469372050104
40,SELECT,PRODUCT_MIX,20260915,3,AVAILABLE,path_1_to_H,raw,11550,0.06482547479788402,0.036196934567975854
40,SELECT,PRODUCT_MIX,20260915,3,AVAILABLE,terminal_H,clip_0_1,3850,0.07088092281587667,0.04078847655642208
40,SELECT,PRODUCT_MIX,20260915,3,AVAILABLE,path_1_to_H,clip_0_1,11550,0.06478561440593415,0.03613821478017273
40,SELECT,PRODUCT_MIX,20260915,6,AVAILABLE,terminal_H,raw,3850,0.07491761350753494,0.04587484661588106
40,SELECT,PRODUCT_MIX,20260915,6,AVAILABLE,path_1_to_H,raw,23100,0.06897467850811136,0.0402021105288704
40,SELECT,PRODUCT_MIX,20260915,6,AVAILABLE,terminal_H,clip_0_1,3850,0.07489854493560066,0.04583614223979882
40,SELECT,PRODUCT_MIX,20260915,6,AVAILABLE,path_1_to_H,clip_0_1,23100,0.06894211833939043,0.04015154749495887
40,SELECT,PRODUCT_MIX,20260915,9,AVAILABLE,terminal_H,raw,3850,0.08327947700666204,0.055858001576696584
40,SELECT,PRODUCT_MIX,20260915,9,AVAILABLE,path_1_to_H,raw,34650,0.07312661421308952,0.043934580988439366
40,SELECT,PRODUCT_MIX,20260915,9,AVAILABLE,terminal_H,clip_0_1,3850,0.08327516217404603,0.05584410841129465
40,SELECT,PRODUCT_MIX,20260915,9,AVAILABLE,path_1_to_H,clip_0_1,34650,0.07310104867147585,0.04389115443683038
40,SELECT,PRODUCT_MIX,20260915,12,AVAILABLE,terminal_H,raw,3850,0.0917753706991001,0.059713460797785466
40,SELECT,PRODUCT_MIX,20260915,12,AVAILABLE,path_1_to_H,raw,46200,0.07756738958753229,0.04773523949285005
40,SELECT,PRODUCT_MIX,20260915,12,AVAILABLE,terminal_H,clip_0_1,3850,0.09175896760631577,0.05967167895608631
40,SELECT,PRODUCT_MIX,20260915,12,AVAILABLE,path_1_to_H,clip_0_1,46200,0.07754344890004758,0.04769571138263362
0,SELECT,PRODUCT_MIX,20260916,3,AVAILABLE,terminal_H,raw,3850,0.0715574909183269,0.041504047151979244
0,SELECT,PRODUCT_MIX,20260916,3,AVAILABLE,path_1_to_H,raw,11550,0.06533001779708271,0.036699402746601786
0,SELECT,PRODUCT_MIX,20260916,3,AVAILABLE,terminal_H,clip_0_1,3850,0.07155532535344221,0.041488150614960834
0,SELECT,PRODUCT_MIX,20260916,3,AVAILABLE,path_1_to_H,clip_0_1,11550,0.06530269670120245,0.036659928979940214
0,SELECT,PRODUCT_MIX,20260916,6,AVAILABLE,terminal_H,raw,3850,0.07640047146889449,0.04762812144991269
0,SELECT,PRODUCT_MIX,20260916,6,AVAILABLE,path_1_to_H,raw,23100,0.06998650595652077,0.041143550736475555
0,SELECT,PRODUCT_MIX,20260916,6,AVAILABLE,terminal_H,clip_0_1,3850,0.07639800240261255,0.04762124960119467
0,SELECT,PRODUCT_MIX,20260916,6,AVAILABLE,path_1_to_H,clip_0_1,23100,0.06997297823626444,0.04111893887692641
0,SELECT,PRODUCT_MIX,20260916,9,AVAILABLE,terminal_H,raw,3850,0.08468624593246257,0.05697164942179302
0,SELECT,PRODUCT_MIX,20260916,9,AVAILABLE,path_1_to_H,raw,34650,0.0743449749734721,0.04506060979594299
0,SELECT,PRODUCT_MIX,20260916,9,AVAILABLE,terminal_H,clip_0_1,3850,0.08468509333991608,0.0569635524336505
0,SELECT,PRODUCT_MIX,20260916,9,AVAILABLE,path_1_to_H,clip_0_1,34650,0.0743359271806204,0.04504229630533494
0,SELECT,PRODUCT_MIX,20260916,12,AVAILABLE,terminal_H,raw,3850,0.09306321667618843,0.060727166549893394
0,SELECT,PRODUCT_MIX,20260916,12,AVAILABLE,path_1_to_H,raw,46200,0.07876578519461831,0.04879192592169455
0,SELECT,PRODUCT_MIX,20260916,12,AVAILABLE,terminal_H,clip_0_1,3850,0.09305738102667872,0.060710732536325016
0,SELECT,PRODUCT_MIX,20260916,12,AVAILABLE,path_1_to_H,clip_0_1,46200,0.07875791627267542,0.048775701404106815
5,SELECT,PRODUCT_MIX,20260916,3,AVAILABLE,terminal_H,raw,3850,0.07168995711267878,0.04109834988892259
5,SELECT,PRODUCT_MIX,20260916,3,AVAILABLE,path_1_to_H,raw,11550,0.06548949975849697,0.03649915729588706
5,SELECT,PRODUCT_MIX,20260916,3,AVAILABLE,terminal_H,clip_0_1,3850,0.07168220412523886,0.041069929565312566
5,SELECT,PRODUCT_MIX,20260916,3,AVAILABLE,path_1_to_H,clip_0_1,11550,0.06545810393847094,0.03644978976699673
5,SELECT,PRODUCT_MIX,20260916,6,AVAILABLE,terminal_H,raw,3850,0.07569017428387599,0.046771377391811406
5,SELECT,PRODUCT_MIX,20260916,6,AVAILABLE,path_1_to_H,raw,23100,0.069839976125563,0.04073246405030516
5,SELECT,PRODUCT_MIX,20260916,6,AVAILABLE,terminal_H,clip_0_1,3850,0.07568656958919254,0.04674839314459577
5,SELECT,PRODUCT_MIX,20260916,6,AVAILABLE,path_1_to_H,clip_0_1,23100,0.06982350067975777,0.04069688113229915
5,SELECT,PRODUCT_MIX,20260916,9,AVAILABLE,terminal_H,raw,3850,0.08407463834598093,0.05625939543195432
5,SELECT,PRODUCT_MIX,20260916,9,AVAILABLE,path_1_to_H,raw,34650,0.07415575197282305,0.04466365032222059
5,SELECT,PRODUCT_MIX,20260916,9,AVAILABLE,terminal_H,clip_0_1,3850,0.08406683269134327,0.05625226989503917
5,SELECT,PRODUCT_MIX,20260916,9,AVAILABLE,path_1_to_H,clip_0_1,34650,0.07414150474668708,0.04463200159153907
5,SELECT,PRODUCT_MIX,20260916,12,AVAILABLE,terminal_H,raw,3850,0.0933126238574694,0.06067403164483853
5,SELECT,PRODUCT_MIX,20260916,12,AVAILABLE,path_1_to_H,raw,46200,0.0786104216642245,0.04843273502059143
5,SELECT,PRODUCT_MIX,20260916,12,AVAILABLE,terminal_H,clip_0_1,3850,0.0932976968780878,0.060641691759277576
5,SELECT,PRODUCT_MIX,20260916,12,AVAILABLE,path_1_to_H,clip_0_1,46200,0.07859646165813178,0.04840403027160347
10,SELECT,PRODUCT_MIX,20260916,3,AVAILABLE,terminal_H,raw,3850,0.07169398102989473,0.04109164004379468
10,SELECT,PRODUCT_MIX,20260916,3,AVAILABLE,path_1_to_H,raw,11550,0.06543134222514048,0.03642683710931418
10,SELECT,PRODUCT_MIX,20260916,3,AVAILABLE,terminal_H,clip_0_1,3850,0.07166404462699053,0.04101477032748688
10,SELECT,PRODUCT_MIX,20260916,3,AVAILABLE,path_1_to_H,clip_0_1,11550,0.0653844727396534,0.03634816455693933
10,SELECT,PRODUCT_MIX,20260916,6,AVAILABLE,terminal_H,raw,3850,0.07579194906592115,0.04668434540008898
10,SELECT,PRODUCT_MIX,20260916,6,AVAILABLE,path_1_to_H,raw,23100,0.06985295538400282,0.040659525634916566
10,SELECT,PRODUCT_MIX,20260916,6,AVAILABLE,terminal_H,clip_0_1,3850,0.07577714190152687,0.046634533962435984
10,SELECT,PRODUCT_MIX,20260916,6,AVAILABLE,path_1_to_H,clip_0_1,23100,0.06981936110201771,0.04058987370179601
10,SELECT,PRODUCT_MIX,20260916,9,AVAILABLE,terminal_H,raw,3850,0.0842748006534697,0.05662873659821887
10,SELECT,PRODUCT_MIX,20260916,9,AVAILABLE,path_1_to_H,raw,34650,0.07410916311401369,0.044545765968730354
10,SELECT,PRODUCT_MIX,20260916,9,AVAILABLE,terminal_H,clip_0_1,3850,0.08425535817678119,0.05660655684144228
10,SELECT,PRODUCT_MIX,20260916,9,AVAILABLE,path_1_to_H,clip_0_1,34650,0.07407928471877273,0.04448395393280451
10,SELECT,PRODUCT_MIX,20260916,12,AVAILABLE,terminal_H,raw,3850,0.09260846551828199,0.06030770556683257
10,SELECT,PRODUCT_MIX,20260916,12,AVAILABLE,path_1_to_H,raw,46200,0.07845847609577575,0.048284707909060295
10,SELECT,PRODUCT_MIX,20260916,12,AVAILABLE,terminal_H,clip_0_1,3850,0.09259257100448583,0.0602725176647312
10,SELECT,PRODUCT_MIX,20260916,12,AVAILABLE,path_1_to_H,clip_0_1,46200,0.07843241968446325,0.04823223963259969
20,SELECT,PRODUCT_MIX,20260916,3,AVAILABLE,terminal_H,raw,3850,0.07129984089483636,0.04084903281223057
20,SELECT,PRODUCT_MIX,20260916,3,AVAILABLE,path_1_to_H,raw,11550,0.06518991696759181,0.03623114263297998
20,SELECT,PRODUCT_MIX,20260916,3,AVAILABLE,terminal_H,clip_0_1,3850,0.07128212358082966,0.0407993290286543
20,SELECT,PRODUCT_MIX,20260916,3,AVAILABLE,path_1_to_H,clip_0_1,11550,0.06514960767526073,0.036160501401428395
20,SELECT,PRODUCT_MIX,20260916,6,AVAILABLE,terminal_H,raw,3850,0.07542879335845688,0.04647143632891223
20,SELECT,PRODUCT_MIX,20260916,6,AVAILABLE,path_1_to_H,raw,23100,0.06942322316926962,0.04042541099859453
20,SELECT,PRODUCT_MIX,20260916,6,AVAILABLE,terminal_H,clip_0_1,3850,0.07539460662068305,0.04639298140067817
20,SELECT,PRODUCT_MIX,20260916,6,AVAILABLE,path_1_to_H,clip_0_1,23100,0.06939268195964644,0.04035978846492178
20,SELECT,PRODUCT_MIX,20260916,9,AVAILABLE,terminal_H,raw,3850,0.08410962395822348,0.05629353706824142
20,SELECT,PRODUCT_MIX,20260916,9,AVAILABLE,path_1_to_H,raw,34650,0.07370885881722357,0.044274865858054686
20,SELECT,PRODUCT_MIX,20260916,9,AVAILABLE,terminal_H,clip_0_1,3850,0.08406491185796036,0.056245253909657976
20,SELECT,PRODUCT_MIX,20260916,9,AVAILABLE,path_1_to_H,clip_0_1,34650,0.07367022728672011,0.04420522691246924
20,SELECT,PRODUCT_MIX,20260916,12,AVAILABLE,terminal_H,raw,3850,0.09231359975296512,0.06007589459410036
20,SELECT,PRODUCT_MIX,20260916,12,AVAILABLE,path_1_to_H,raw,46200,0.07809566855395522,0.048022728071059215
20,SELECT,PRODUCT_MIX,20260916,12,AVAILABLE,terminal_H,clip_0_1,3850,0.09228503945337484,0.06002342940051155
20,SELECT,PRODUCT_MIX,20260916,12,AVAILABLE,path_1_to_H,clip_0_1,46200,0.07805710587586345,0.04795960795689218
40,SELECT,PRODUCT_MIX,20260916,3,AVAILABLE,terminal_H,raw,3850,0.07128810228895605,0.04105346144854298
40,SELECT,PRODUCT_MIX,20260916,3,AVAILABLE,path_1_to_H,raw,11550,0.06511489382500123,0.03635378430862441
40,SELECT,PRODUCT_MIX,20260916,3,AVAILABLE,terminal_H,clip_0_1,3850,0.07127119131357498,0.04101059607910716
40,SELECT,PRODUCT_MIX,20260916,3,AVAILABLE,path_1_to_H,clip_0_1,11550,0.06507715364099878,0.03629388818196697
40,SELECT,PRODUCT_MIX,20260916,6,AVAILABLE,terminal_H,raw,3850,0.07530718985777562,0.04665968556073617
40,SELECT,PRODUCT_MIX,20260916,6,AVAILABLE,path_1_to_H,raw,23100,0.06933628018578429,0.04057887407536479
40,SELECT,PRODUCT_MIX,20260916,6,AVAILABLE,terminal_H,clip_0_1,3850,0.07527938474703205,0.04660255704334951
40,SELECT,PRODUCT_MIX,20260916,6,AVAILABLE,path_1_to_H,clip_0_1,23100,0.06930757237643612,0.04052374060060032
40,SELECT,PRODUCT_MIX,20260916,9,AVAILABLE,terminal_H,raw,3850,0.08421057308290282,0.056407891581675924
40,SELECT,PRODUCT_MIX,20260916,9,AVAILABLE,path_1_to_H,raw,34650,0.07369107747163786,0.04447863634095642
40,SELECT,PRODUCT_MIX,20260916,9,AVAILABLE,terminal_H,clip_0_1,3850,0.0841662673149952,0.0563655376770803
40,SELECT,PRODUCT_MIX,20260916,9,AVAILABLE,path_1_to_H,clip_0_1,34650,0.0736529441037696,0.04441948598090583
40,SELECT,PRODUCT_MIX,20260916,12,AVAILABLE,terminal_H,raw,3850,0.09235754364564494,0.0599811735681806
40,SELECT,PRODUCT_MIX,20260916,12,AVAILABLE,path_1_to_H,raw,46200,0.0781104463691198,0.04817487131708879
40,SELECT,PRODUCT_MIX,20260916,12,AVAILABLE,terminal_H,clip_0_1,3850,0.0923324130237298,0.05993374570828244
40,SELECT,PRODUCT_MIX,20260916,12,AVAILABLE,path_1_to_H,clip_0_1,46200,0.07807014768640849,0.04811938533624432
0,SELECT,PRODUCT_MIX,20260917,3,AVAILABLE,terminal_H,raw,3850,0.0715574909183269,0.041504047151979244
0,SELECT,PRODUCT_MIX,20260917,3,AVAILABLE,path_1_to_H,raw,11550,0.06533001779708271,0.036699402746601786
0,SELECT,PRODUCT_MIX,20260917,3,AVAILABLE,terminal_H,clip_0_1,3850,0.07155532535344221,0.041488150614960834
0,SELECT,PRODUCT_MIX,20260917,3,AVAILABLE,path_1_to_H,clip_0_1,11550,0.06530269670120245,0.036659928979940214
0,SELECT,PRODUCT_MIX,20260917,6,AVAILABLE,terminal_H,raw,3850,0.07640047146889449,0.04762812144991269
0,SELECT,PRODUCT_MIX,20260917,6,AVAILABLE,path_1_to_H,raw,23100,0.06998650595652077,0.041143550736475555
0,SELECT,PRODUCT_MIX,20260917,6,AVAILABLE,terminal_H,clip_0_1,3850,0.07639800240261255,0.04762124960119467
0,SELECT,PRODUCT_MIX,20260917,6,AVAILABLE,path_1_to_H,clip_0_1,23100,0.06997297823626444,0.04111893887692641
0,SELECT,PRODUCT_MIX,20260917,9,AVAILABLE,terminal_H,raw,3850,0.08468624593246257,0.05697164942179302
0,SELECT,PRODUCT_MIX,20260917,9,AVAILABLE,path_1_to_H,raw,34650,0.0743449749734721,0.04506060979594299
0,SELECT,PRODUCT_MIX,20260917,9,AVAILABLE,terminal_H,clip_0_1,3850,0.08468509333991608,0.0569635524336505
0,SELECT,PRODUCT_MIX,20260917,9,AVAILABLE,path_1_to_H,clip_0_1,34650,0.0743359271806204,0.04504229630533494
0,SELECT,PRODUCT_MIX,20260917,12,AVAILABLE,terminal_H,raw,3850,0.09306321667618843,0.060727166549893394
0,SELECT,PRODUCT_MIX,20260917,12,AVAILABLE,path_1_to_H,raw,46200,0.07876578519461831,0.04879192592169455
0,SELECT,PRODUCT_MIX,20260917,12,AVAILABLE,terminal_H,clip_0_1,3850,0.09305738102667872,0.060710732536325016
0,SELECT,PRODUCT_MIX,20260917,12,AVAILABLE,path_1_to_H,clip_0_1,46200,0.07875791627267542,0.048775701404106815
5,SELECT,PRODUCT_MIX,20260917,3,AVAILABLE,terminal_H,raw,3850,0.07158726496038349,0.04127458366803023
5,SELECT,PRODUCT_MIX,20260917,3,AVAILABLE,path_1_to_H,raw,11550,0.06533656872450726,0.03649835693777524
5,SELECT,PRODUCT_MIX,20260917,3,AVAILABLE,terminal_H,clip_0_1,3850,0.0715671908766856,0.041202219643458486
5,SELECT,PRODUCT_MIX,20260917,3,AVAILABLE,path_1_to_H,clip_0_1,11550,0.06529426929406627,0.03641371284896233
5,SELECT,PRODUCT_MIX,20260917,6,AVAILABLE,terminal_H,raw,3850,0.07469357689865545,0.04619170879731874
5,SELECT,PRODUCT_MIX,20260917,6,AVAILABLE,path_1_to_H,raw,23100,0.06918698679264566,0.04045319270307676
5,SELECT,PRODUCT_MIX,20260917,6,AVAILABLE,terminal_H,clip_0_1,3850,0.07468365755392942,0.04614832132884193
5,SELECT,PRODUCT_MIX,20260917,6,AVAILABLE,path_1_to_H,clip_0_1,23100,0.06916002972008156,0.0403831007384317
5,SELECT,PRODUCT_MIX,20260917,9,AVAILABLE,terminal_H,raw,3850,0.08438637585403296,0.056495243735108655
5,SELECT,PRODUCT_MIX,20260917,9,AVAILABLE,path_1_to_H,raw,34650,0.07348843572120511,0.04431464601589883
5,SELECT,PRODUCT_MIX,20260917,9,AVAILABLE,terminal_H,clip_0_1,3850,0.0843834440449361,0.05647700578853966
5,SELECT,PRODUCT_MIX,20260917,9,AVAILABLE,path_1_to_H,clip_0_1,34650,0.07346838080335744,0.044257528330482465
5,SELECT,PRODUCT_MIX,20260917,12,AVAILABLE,terminal_H,raw,3850,0.09231574984705015,0.05990870456587754
5,SELECT,PRODUCT_MIX,20260917,12,AVAILABLE,path_1_to_H,raw,46200,0.07791498044719267,0.04809803024789501
5,SELECT,PRODUCT_MIX,20260917,12,AVAILABLE,terminal_H,clip_0_1,3850,0.09229526416711825,0.05988135638995547
5,SELECT,PRODUCT_MIX,20260917,12,AVAILABLE,path_1_to_H,clip_0_1,46200,0.07789577858621291,0.048049071602362735
10,SELECT,PRODUCT_MIX,20260917,3,AVAILABLE,terminal_H,raw,3850,0.07137695808438736,0.04129860025728379
10,SELECT,PRODUCT_MIX,20260917,3,AVAILABLE,path_1_to_H,raw,11550,0.06524013435637946,0.03660983227355867
10,SELECT,PRODUCT_MIX,20260917,3,AVAILABLE,terminal_H,clip_0_1,3850,0.07135699654814882,0.0412405737940766
10,SELECT,PRODUCT_MIX,20260917,3,AVAILABLE,path_1_to_H,clip_0_1,11550,0.06519927550897836,0.036539914048074364
10,SELECT,PRODUCT_MIX,20260917,6,AVAILABLE,terminal_H,raw,3850,0.07530767180794744,0.047013952370613676
10,SELECT,PRODUCT_MIX,20260917,6,AVAILABLE,path_1_to_H,raw,23100,0.06934602279100718,0.04082672015289863
10,SELECT,PRODUCT_MIX,20260917,6,AVAILABLE,terminal_H,clip_0_1,3850,0.07528076917913121,0.04694257589586761
10,SELECT,PRODUCT_MIX,20260917,6,AVAILABLE,path_1_to_H,clip_0_1,23100,0.06931295842542838,0.04075990578697647
10,SELECT,PRODUCT_MIX,20260917,9,AVAILABLE,terminal_H,raw,3850,0.08362349176648592,0.05643392969497221
10,SELECT,PRODUCT_MIX,20260917,9,AVAILABLE,path_1_to_H,raw,34650,0.07339842669765678,0.044568767193889455
10,SELECT,PRODUCT_MIX,20260917,9,AVAILABLE,terminal_H,clip_0_1,3850,0.08362244129788166,0.05642455481233778
10,SELECT,PRODUCT_MIX,20260917,9,AVAILABLE,path_1_to_H,clip_0_1,34650,0.07337155573168096,0.04450960945318546
10,SELECT,PRODUCT_MIX,20260917,12,AVAILABLE,terminal_H,raw,3850,0.09154296754130402,0.05951330155652478
10,SELECT,PRODUCT_MIX,20260917,12,AVAILABLE,path_1_to_H,raw,46200,0.07758667476299984,0.04818999095645947
10,SELECT,PRODUCT_MIX,20260917,12,AVAILABLE,terminal_H,clip_0_1,3850,0.09150655084277358,0.059474988609368236
10,SELECT,PRODUCT_MIX,20260917,12,AVAILABLE,path_1_to_H,clip_0_1,46200,0.07755954060160727,0.048138749644396114
20,SELECT,PRODUCT_MIX,20260917,3,AVAILABLE,terminal_H,raw,3850,0.07122185499003153,0.041301565172204846
20,SELECT,PRODUCT_MIX,20260917,3,AVAILABLE,path_1_to_H,raw,11550,0.06507046372072592,0.036515822316368005
20,SELECT,PRODUCT_MIX,20260917,3,AVAILABLE,terminal_H,clip_0_1,3850,0.07119077539905518,0.041230001497731865
20,SELECT,PRODUCT_MIX,20260917,3,AVAILABLE,path_1_to_H,clip_0_1,11550,0.06502057636962762,0.036434812782922835
20,SELECT,PRODUCT_MIX,20260917,6,AVAILABLE,terminal_H,raw,3850,0.07463885239520224,0.046328211551297106
20,SELECT,PRODUCT_MIX,20260917,6,AVAILABLE,path_1_to_H,raw,23100,0.0690004061987594,0.04053353166159175
20,SELECT,PRODUCT_MIX,20260917,6,AVAILABLE,terminal_H,clip_0_1,3850,0.07459143717280432,0.04622455003662255
20,SELECT,PRODUCT_MIX,20260917,6,AVAILABLE,path_1_to_H,clip_0_1,23100,0.06894969423191938,0.04044285087934377
20,SELECT,PRODUCT_MIX,20260917,9,AVAILABLE,terminal_H,raw,3850,0.08379689497022738,0.05621630288585389
20,SELECT,PRODUCT_MIX,20260917,9,AVAILABLE,path_1_to_H,raw,34650,0.07315652510489105,0.04427958940830478
20,SELECT,PRODUCT_MIX,20260917,9,AVAILABLE,terminal_H,clip_0_1,3850,0.08378638554176007,0.05619105289890118
20,SELECT,PRODUCT_MIX,20260917,9,AVAILABLE,path_1_to_H,clip_0_1,34650,0.07311097798345213,0.044194789349447955
20,SELECT,PRODUCT_MIX,20260917,12,AVAILABLE,terminal_H,raw,3850,0.09181845937411941,0.05952135808375161
20,SELECT,PRODUCT_MIX,20260917,12,AVAILABLE,path_1_to_H,raw,46200,0.07746078204327353,0.04794710443681313
20,SELECT,PRODUCT_MIX,20260917,12,AVAILABLE,terminal_H,clip_0_1,3850,0.09178863227230456,0.0594792056930788
20,SELECT,PRODUCT_MIX,20260917,12,AVAILABLE,path_1_to_H,clip_0_1,46200,0.0774225818557273,0.04787649946173886
40,SELECT,PRODUCT_MIX,20260917,3,AVAILABLE,terminal_H,raw,3850,0.07113603687469906,0.04120027241747284
40,SELECT,PRODUCT_MIX,20260917,3,AVAILABLE,path_1_to_H,raw,11550,0.06490112790639357,0.03637594940591182
40,SELECT,PRODUCT_MIX,20260917,3,AVAILABLE,terminal_H,clip_0_1,3850,0.07110493003378118,0.04112350327422839
40,SELECT,PRODUCT_MIX,20260917,3,AVAILABLE,path_1_to_H,clip_0_1,11550,0.06485310793053224,0.036292473399622716
40,SELECT,PRODUCT_MIX,20260917,6,AVAILABLE,terminal_H,raw,3850,0.07454562875605324,0.04604984901734553
40,SELECT,PRODUCT_MIX,20260917,6,AVAILABLE,path_1_to_H,raw,23100,0.06892507743586211,0.04038795792521175
40,SELECT,PRODUCT_MIX,20260917,6,AVAILABLE,terminal_H,clip_0_1,3850,0.07448494148814297,0.04592486092016172
40,SELECT,PRODUCT_MIX,20260917,6,AVAILABLE,path_1_to_H,clip_0_1,23100,0.06887243527386261,0.04029016750657569
40,SELECT,PRODUCT_MIX,20260917,9,AVAILABLE,terminal_H,raw,3850,0.08386993092600208,0.05604020943117425
40,SELECT,PRODUCT_MIX,20260917,9,AVAILABLE,path_1_to_H,raw,34650,0.07313458893462627,0.044132464980527336
40,SELECT,PRODUCT_MIX,20260917,9,AVAILABLE,terminal_H,clip_0_1,3850,0.08383333209907401,0.055993228552756194
40,SELECT,PRODUCT_MIX,20260917,9,AVAILABLE,path_1_to_H,clip_0_1,34650,0.07307850152960949,0.044033665652544664
40,SELECT,PRODUCT_MIX,20260917,12,AVAILABLE,terminal_H,raw,3850,0.09189435762192245,0.059556638284137424
40,SELECT,PRODUCT_MIX,20260917,12,AVAILABLE,path_1_to_H,raw,46200,0.07753959843187609,0.04785306576988571
40,SELECT,PRODUCT_MIX,20260917,12,AVAILABLE,terminal_H,clip_0_1,3850,0.09184794906645073,0.05949534271327847
40,SELECT,PRODUCT_MIX,20260917,12,AVAILABLE,path_1_to_H,clip_0_1,46200,0.07748954713475524,0.047767807126520435
0,SELECT,PRODUCT_L1,20260915,3,AVAILABLE,terminal_H,raw,3850,0.0715574909183269,0.041504047151979244
0,SELECT,PRODUCT_L1,20260915,3,AVAILABLE,path_1_to_H,raw,11550,0.06533001779708271,0.036699402746601786
0,SELECT,PRODUCT_L1,20260915,3,AVAILABLE,terminal_H,clip_0_1,3850,0.07155532535344221,0.041488150614960834
0,SELECT,PRODUCT_L1,20260915,3,AVAILABLE,path_1_to_H,clip_0_1,11550,0.06530269670120245,0.036659928979940214
0,SELECT,PRODUCT_L1,20260915,6,AVAILABLE,terminal_H,raw,3850,0.07640047146889449,0.04762812144991269
0,SELECT,PRODUCT_L1,20260915,6,AVAILABLE,path_1_to_H,raw,23100,0.06998650595652077,0.041143550736475555
0,SELECT,PRODUCT_L1,20260915,6,AVAILABLE,terminal_H,clip_0_1,3850,0.07639800240261255,0.04762124960119467
0,SELECT,PRODUCT_L1,20260915,6,AVAILABLE,path_1_to_H,clip_0_1,23100,0.06997297823626444,0.04111893887692641
0,SELECT,PRODUCT_L1,20260915,9,AVAILABLE,terminal_H,raw,3850,0.08468624593246257,0.05697164942179302
0,SELECT,PRODUCT_L1,20260915,9,AVAILABLE,path_1_to_H,raw,34650,0.0743449749734721,0.04506060979594299
0,SELECT,PRODUCT_L1,20260915,9,AVAILABLE,terminal_H,clip_0_1,3850,0.08468509333991608,0.0569635524336505
0,SELECT,PRODUCT_L1,20260915,9,AVAILABLE,path_1_to_H,clip_0_1,34650,0.0743359271806204,0.04504229630533494
0,SELECT,PRODUCT_L1,20260915,12,AVAILABLE,terminal_H,raw,3850,0.09306321667618843,0.060727166549893394
0,SELECT,PRODUCT_L1,20260915,12,AVAILABLE,path_1_to_H,raw,46200,0.07876578519461831,0.04879192592169455
0,SELECT,PRODUCT_L1,20260915,12,AVAILABLE,terminal_H,clip_0_1,3850,0.09305738102667872,0.060710732536325016
0,SELECT,PRODUCT_L1,20260915,12,AVAILABLE,path_1_to_H,clip_0_1,46200,0.07875791627267542,0.048775701404106815
5,SELECT,PRODUCT_L1,20260915,3,AVAILABLE,terminal_H,raw,3850,0.0715526496187385,0.04145030467733781
5,SELECT,PRODUCT_L1,20260915,3,AVAILABLE,path_1_to_H,raw,11550,0.06533343504314129,0.0366743287231858
5,SELECT,PRODUCT_L1,20260915,3,AVAILABLE,terminal_H,clip_0_1,3850,0.07155044331896651,0.04143411562173167
5,SELECT,PRODUCT_L1,20260915,3,AVAILABLE,path_1_to_H,clip_0_1,11550,0.06530641709954674,0.0366344791927542
5,SELECT,PRODUCT_L1,20260915,6,AVAILABLE,terminal_H,raw,3850,0.07630304534345204,0.04754149423194353
5,SELECT,PRODUCT_L1,20260915,6,AVAILABLE,path_1_to_H,raw,23100,0.06995608370059038,0.04109954964638417
5,SELECT,PRODUCT_L1,20260915,6,AVAILABLE,terminal_H,clip_0_1,3850,0.07630057266172839,0.04753356267203235
5,SELECT,PRODUCT_L1,20260915,6,AVAILABLE,path_1_to_H,clip_0_1,23100,0.06994273913319167,0.04107482307069156
5,SELECT,PRODUCT_L1,20260915,9,AVAILABLE,terminal_H,raw,3850,0.08464243100376058,0.056941516593948305
5,SELECT,PRODUCT_L1,20260915,9,AVAILABLE,path_1_to_H,raw,34650,0.07429755100360355,0.04500813304477021
5,SELECT,PRODUCT_L1,20260915,9,AVAILABLE,terminal_H,clip_0_1,3850,0.08464117926522362,0.05693263058584322
5,SELECT,PRODUCT_L1,20260915,9,AVAILABLE,path_1_to_H,clip_0_1,34650,0.074288531932347,0.04498904661922764
5,SELECT,PRODUCT_L1,20260915,12,AVAILABLE,terminal_H,raw,3850,0.09302789978555553,0.06063427506913847
5,SELECT,PRODUCT_L1,20260915,12,AVAILABLE,path_1_to_H,raw,46200,0.07870427397928054,0.048729193255989234
5,SELECT,PRODUCT_L1,20260915,12,AVAILABLE,terminal_H,clip_0_1,3850,0.09302131956048652,0.06061658304070841
5,SELECT,PRODUCT_L1,20260915,12,AVAILABLE,path_1_to_H,clip_0_1,46200,0.07869637029667488,0.048712199968023374
10,SELECT,PRODUCT_L1,20260915,3,AVAILABLE,terminal_H,raw,3850,0.07153293094595789,0.04150495855568867
10,SELECT,PRODUCT_L1,20260915,3,AVAILABLE,path_1_to_H,raw,11550,0.06529712603538516,0.03671223189820961
10,SELECT,PRODUCT_L1,20260915,3,AVAILABLE,terminal_H,clip_0_1,3850,0.07153078575842745,0.0414906819207429
10,SELECT,PRODUCT_L1,20260915,3,AVAILABLE,path_1_to_H,clip_0_1,11550,0.06526965888580911,0.03667532137690555
10,SELECT,PRODUCT_L1,20260915,6,AVAILABLE,terminal_H,raw,3850,0.07576482833696846,0.047062214306558624
10,SELECT,PRODUCT_L1,20260915,6,AVAILABLE,path_1_to_H,raw,23100,0.06974336425336733,0.0409438105459873
10,SELECT,PRODUCT_L1,20260915,6,AVAILABLE,terminal_H,clip_0_1,3850,0.07576252605060665,0.04705031421030036
10,SELECT,PRODUCT_L1,20260915,6,AVAILABLE,path_1_to_H,clip_0_1,23100,0.06972951810163701,0.040919436745428174
10,SELECT,PRODUCT_L1,20260915,9,AVAILABLE,terminal_H,raw,3850,0.08411082313110008,0.05658039111086722
10,SELECT,PRODUCT_L1,20260915,9,AVAILABLE,path_1_to_H,raw,34650,0.07392588142157852,0.04470959505116221
10,SELECT,PRODUCT_L1,20260915,9,AVAILABLE,terminal_H,clip_0_1,3850,0.08411008653222823,0.05657303256573318
10,SELECT,PRODUCT_L1,20260915,9,AVAILABLE,path_1_to_H,clip_0_1,34650,0.07391612806185453,0.044689549426169844
10,SELECT,PRODUCT_L1,20260915,12,AVAILABLE,terminal_H,raw,3850,0.09243307011709,0.06031525124487351
10,SELECT,PRODUCT_L1,20260915,12,AVAILABLE,path_1_to_H,raw,46200,0.07825152169976808,0.04842232823156324
10,SELECT,PRODUCT_L1,20260915,12,AVAILABLE,terminal_H,clip_0_1,3850,0.09243091434499015,0.06030608629543896
10,SELECT,PRODUCT_L1,20260915,12,AVAILABLE,path_1_to_H,clip_0_1,46200,0.07824396228432866,0.04840598539576196
20,SELECT,PRODUCT_L1,20260915,3,AVAILABLE,terminal_H,raw,3850,0.07139070013382598,0.04129855725582965
20,SELECT,PRODUCT_L1,20260915,3,AVAILABLE,path_1_to_H,raw,11550,0.06524070915598362,0.036605644088546496
20,SELECT,PRODUCT_L1,20260915,3,AVAILABLE,terminal_H,clip_0_1,3850,0.07138734583205969,0.04128023922753706
20,SELECT,PRODUCT_L1,20260915,3,AVAILABLE,path_1_to_H,clip_0_1,11550,0.06521275608115001,0.03656415719721198
20,SELECT,PRODUCT_L1,20260915,6,AVAILABLE,terminal_H,raw,3850,0.0752507637944004,0.04660615199680316
20,SELECT,PRODUCT_L1,20260915,6,AVAILABLE,path_1_to_H,raw,23100,0.06950246506743923,0.04071561210920944
20,SELECT,PRODUCT_L1,20260915,6,AVAILABLE,terminal_H,clip_0_1,3850,0.07524768191681377,0.04659062226783405
20,SELECT,PRODUCT_L1,20260915,6,AVAILABLE,path_1_to_H,clip_0_1,23100,0.06948775854975857,0.04068728652353431
20,SELECT,PRODUCT_L1,20260915,9,AVAILABLE,terminal_H,raw,3850,0.08368354804124278,0.056058127094873185
20,SELECT,PRODUCT_L1,20260915,9,AVAILABLE,path_1_to_H,raw,34650,0.07366712154596658,0.044461176764282295
20,SELECT,PRODUCT_L1,20260915,9,AVAILABLE,terminal_H,clip_0_1,3850,0.0836824107351788,0.056047285255594305
20,SELECT,PRODUCT_L1,20260915,9,AVAILABLE,path_1_to_H,clip_0_1,34650,0.07365613573259068,0.04443677634215462
20,SELECT,PRODUCT_L1,20260915,12,AVAILABLE,terminal_H,raw,3850,0.09204995603909871,0.05983530037221391
20,SELECT,PRODUCT_L1,20260915,12,AVAILABLE,path_1_to_H,raw,46200,0.07793657332809376,0.04811584574565875
20,SELECT,PRODUCT_L1,20260915,12,AVAILABLE,terminal_H,clip_0_1,3850,0.09204686221950424,0.05982264070607131
20,SELECT,PRODUCT_L1,20260915,12,AVAILABLE,path_1_to_H,clip_0_1,46200,0.07792632873542928,0.04809449656573571
40,SELECT,PRODUCT_L1,20260915,3,AVAILABLE,terminal_H,raw,3850,0.07134293248582188,0.04130437580075567
40,SELECT,PRODUCT_L1,20260915,3,AVAILABLE,path_1_to_H,raw,11550,0.06524341104293133,0.036626603912183905
40,SELECT,PRODUCT_L1,20260915,3,AVAILABLE,terminal_H,clip_0_1,3850,0.07133915349094334,0.041286127769843424
40,SELECT,PRODUCT_L1,20260915,3,AVAILABLE,path_1_to_H,clip_0_1,11550,0.06521554236706406,0.03658606585119936
40,SELECT,PRODUCT_L1,20260915,6,AVAILABLE,terminal_H,raw,3850,0.07522757152418763,0.04662023893217678
40,SELECT,PRODUCT_L1,20260915,6,AVAILABLE,path_1_to_H,raw,23100,0.06947353785118772,0.040722420417972034
40,SELECT,PRODUCT_L1,20260915,6,AVAILABLE,terminal_H,clip_0_1,3850,0.07522429190869476,0.04660379693568323
40,SELECT,PRODUCT_L1,20260915,6,AVAILABLE,path_1_to_H,clip_0_1,23100,0.06945852972749937,0.04069371224826198
40,SELECT,PRODUCT_L1,20260915,9,AVAILABLE,terminal_H,raw,3850,0.08372566166776038,0.0560446064898124
40,SELECT,PRODUCT_L1,20260915,9,AVAILABLE,path_1_to_H,raw,34650,0.07368011602125665,0.044481775693795515
40,SELECT,PRODUCT_L1,20260915,9,AVAILABLE,terminal_H,clip_0_1,3850,0.08372519475941467,0.05603954893681356
40,SELECT,PRODUCT_L1,20260915,9,AVAILABLE,path_1_to_H,clip_0_1,34650,0.07366829085681363,0.04445588653455285
40,SELECT,PRODUCT_L1,20260915,12,AVAILABLE,terminal_H,raw,3850,0.09181353598692304,0.0596286318367128
40,SELECT,PRODUCT_L1,20260915,12,AVAILABLE,path_1_to_H,raw,46200,0.07789749537904497,0.04809835464063927
40,SELECT,PRODUCT_L1,20260915,12,AVAILABLE,terminal_H,clip_0_1,3850,0.09181083614533025,0.05961719312266317
40,SELECT,PRODUCT_L1,20260915,12,AVAILABLE,path_1_to_H,clip_0_1,46200,0.07788770125682323,0.04807682449091693
0,SELECT,PRODUCT_L1,20260916,3,AVAILABLE,terminal_H,raw,3850,0.0715574909183269,0.041504047151979244
0,SELECT,PRODUCT_L1,20260916,3,AVAILABLE,path_1_to_H,raw,11550,0.06533001779708271,0.036699402746601786
0,SELECT,PRODUCT_L1,20260916,3,AVAILABLE,terminal_H,clip_0_1,3850,0.07155532535344221,0.041488150614960834
0,SELECT,PRODUCT_L1,20260916,3,AVAILABLE,path_1_to_H,clip_0_1,11550,0.06530269670120245,0.036659928979940214
0,SELECT,PRODUCT_L1,20260916,6,AVAILABLE,terminal_H,raw,3850,0.07640047146889449,0.04762812144991269
0,SELECT,PRODUCT_L1,20260916,6,AVAILABLE,path_1_to_H,raw,23100,0.06998650595652077,0.041143550736475555
0,SELECT,PRODUCT_L1,20260916,6,AVAILABLE,terminal_H,clip_0_1,3850,0.07639800240261255,0.04762124960119467
0,SELECT,PRODUCT_L1,20260916,6,AVAILABLE,path_1_to_H,clip_0_1,23100,0.06997297823626444,0.04111893887692641
0,SELECT,PRODUCT_L1,20260916,9,AVAILABLE,terminal_H,raw,3850,0.08468624593246257,0.05697164942179302
0,SELECT,PRODUCT_L1,20260916,9,AVAILABLE,path_1_to_H,raw,34650,0.0743449749734721,0.04506060979594299
0,SELECT,PRODUCT_L1,20260916,9,AVAILABLE,terminal_H,clip_0_1,3850,0.08468509333991608,0.0569635524336505
0,SELECT,PRODUCT_L1,20260916,9,AVAILABLE,path_1_to_H,clip_0_1,34650,0.0743359271806204,0.04504229630533494
0,SELECT,PRODUCT_L1,20260916,12,AVAILABLE,terminal_H,raw,3850,0.09306321667618843,0.060727166549893394
0,SELECT,PRODUCT_L1,20260916,12,AVAILABLE,path_1_to_H,raw,46200,0.07876578519461831,0.04879192592169455
0,SELECT,PRODUCT_L1,20260916,12,AVAILABLE,terminal_H,clip_0_1,3850,0.09305738102667872,0.060710732536325016
0,SELECT,PRODUCT_L1,20260916,12,AVAILABLE,path_1_to_H,clip_0_1,46200,0.07875791627267542,0.048775701404106815
5,SELECT,PRODUCT_L1,20260916,3,AVAILABLE,terminal_H,raw,3850,0.07156007184361488,0.041471178186279295
5,SELECT,PRODUCT_L1,20260916,3,AVAILABLE,path_1_to_H,raw,11550,0.0653280816915167,0.03668430077246371
5,SELECT,PRODUCT_L1,20260916,3,AVAILABLE,terminal_H,clip_0_1,3850,0.0715575665265917,0.04145446051218076
5,SELECT,PRODUCT_L1,20260916,3,AVAILABLE,path_1_to_H,clip_0_1,11550,0.06530072408347215,0.03664465658949916
5,SELECT,PRODUCT_L1,20260916,6,AVAILABLE,terminal_H,raw,3850,0.07635036527930375,0.04754379558886377
5,SELECT,PRODUCT_L1,20260916,6,AVAILABLE,path_1_to_H,raw,23100,0.06997297885840549,0.04111752203746623
5,SELECT,PRODUCT_L1,20260916,6,AVAILABLE,terminal_H,clip_0_1,3850,0.07634731101808848,0.04753271063070457
5,SELECT,PRODUCT_L1,20260916,6,AVAILABLE,path_1_to_H,clip_0_1,23100,0.06995921883016372,0.041091979612883474
5,SELECT,PRODUCT_L1,20260916,9,AVAILABLE,terminal_H,raw,3850,0.08441765166901606,0.056680135366816396
5,SELECT,PRODUCT_L1,20260916,9,AVAILABLE,path_1_to_H,raw,34650,0.07427608979924759,0.044987781386866106
5,SELECT,PRODUCT_L1,20260916,9,AVAILABLE,terminal_H,clip_0_1,3850,0.0844169009806138,0.05667361231630446
5,SELECT,PRODUCT_L1,20260916,9,AVAILABLE,path_1_to_H,clip_0_1,34650,0.07426687355127529,0.04496814944832002
5,SELECT,PRODUCT_L1,20260916,12,AVAILABLE,terminal_H,raw,3850,0.09279598130010978,0.0604248992049604
5,SELECT,PRODUCT_L1,20260916,12,AVAILABLE,path_1_to_H,raw,46200,0.07863738924232927,0.0486641668481165
5,SELECT,PRODUCT_L1,20260916,12,AVAILABLE,terminal_H,clip_0_1,3850,0.09279136295408291,0.06041093657812522
5,SELECT,PRODUCT_L1,20260916,12,AVAILABLE,path_1_to_H,clip_0_1,46200,0.07862974607899982,0.04864749557575028
10,SELECT,PRODUCT_L1,20260916,3,AVAILABLE,terminal_H,raw,3850,0.07153063777349683,0.04146560186840055
10,SELECT,PRODUCT_L1,20260916,3,AVAILABLE,path_1_to_H,raw,11550,0.06532278858039894,0.03667733201783692
10,SELECT,PRODUCT_L1,20260916,3,AVAILABLE,terminal_H,clip_0_1,3850,0.07152806630787424,0.04145028946043121
10,SELECT,PRODUCT_L1,20260916,3,AVAILABLE,path_1_to_H,clip_0_1,11550,0.06529538494158042,0.036638476591401035
10,SELECT,PRODUCT_L1,20260916,6,AVAILABLE,terminal_H,raw,3850,0.07621054095003264,0.047437431669559174
10,SELECT,PRODUCT_L1,20260916,6,AVAILABLE,path_1_to_H,raw,23100,0.06994641105798458,0.04108195873140015
10,SELECT,PRODUCT_L1,20260916,6,AVAILABLE,terminal_H,clip_0_1,3850,0.0762077273504865,0.047423973881291874
10,SELECT,PRODUCT_L1,20260916,6,AVAILABLE,path_1_to_H,clip_0_1,23100,0.06993245532411776,0.041055433718883934
10,SELECT,PRODUCT_L1,20260916,9,AVAILABLE,terminal_H,raw,3850,0.08401556750946121,0.05645729586527409
10,SELECT,PRODUCT_L1,20260916,9,AVAILABLE,path_1_to_H,raw,34650,0.07412630216004808,0.04484396189192833
10,SELECT,PRODUCT_L1,20260916,9,AVAILABLE,terminal_H,clip_0_1,3850,0.08401527546092952,0.056453725672621566
10,SELECT,PRODUCT_L1,20260916,9,AVAILABLE,path_1_to_H,clip_0_1,34650,0.07411680236628518,0.04482289079514606
10,SELECT,PRODUCT_L1,20260916,12,AVAILABLE,terminal_H,raw,3850,0.09209987229434628,0.05983673375634686
10,SELECT,PRODUCT_L1,20260916,12,AVAILABLE,path_1_to_H,raw,46200,0.07833357918924103,0.04843806763262939
10,SELECT,PRODUCT_L1,20260916,12,AVAILABLE,terminal_H,clip_0_1,3850,0.092094823356436,0.059817174110705584
10,SELECT,PRODUCT_L1,20260916,12,AVAILABLE,path_1_to_H,clip_0_1,46200,0.0783257646889191,0.048419931936154896
20,SELECT,PRODUCT_L1,20260916,3,AVAILABLE,terminal_H,raw,3850,0.07148543143620237,0.04144794242149205
20,SELECT,PRODUCT_L1,20260916,3,AVAILABLE,path_1_to_H,raw,11550,0.06528941577312754,0.03667427410373632
20,SELECT,PRODUCT_L1,20260916,3,AVAILABLE,terminal_H,clip_0_1,3850,0.07148332152860365,0.041434626611228736
20,SELECT,PRODUCT_L1,20260916,3,AVAILABLE,path_1_to_H,clip_0_1,11550,0.06526264218553882,0.03663640517135507
20,SELECT,PRODUCT_L1,20260916,6,AVAILABLE,terminal_H,raw,3850,0.07573024333161871,0.04701754399646231
20,SELECT,PRODUCT_L1,20260916,6,AVAILABLE,path_1_to_H,raw,23100,0.06975362127211363,0.040922280613695274
20,SELECT,PRODUCT_L1,20260916,6,AVAILABLE,terminal_H,clip_0_1,3850,0.07572684542347725,0.04700227044739655
20,SELECT,PRODUCT_L1,20260916,6,AVAILABLE,path_1_to_H,clip_0_1,23100,0.06973998668593687,0.040896570591631966
20,SELECT,PRODUCT_L1,20260916,9,AVAILABLE,terminal_H,raw,3850,0.08391108295438336,0.056492509485717234
20,SELECT,PRODUCT_L1,20260916,9,AVAILABLE,path_1_to_H,raw,34650,0.07394725604661848,0.044727776638464924
20,SELECT,PRODUCT_L1,20260916,9,AVAILABLE,terminal_H,clip_0_1,3850,0.08390967328072439,0.056488188338941925
20,SELECT,PRODUCT_L1,20260916,9,AVAILABLE,path_1_to_H,clip_0_1,34650,0.07393729195584962,0.04470604996037558
20,SELECT,PRODUCT_L1,20260916,12,AVAILABLE,terminal_H,raw,3850,0.09192659018762168,0.06004657499996225
20,SELECT,PRODUCT_L1,20260916,12,AVAILABLE,path_1_to_H,raw,46200,0.07817426006987918,0.04839350285184868
20,SELECT,PRODUCT_L1,20260916,12,AVAILABLE,terminal_H,clip_0_1,3850,0.09191816732495403,0.0600205579455518
20,SELECT,PRODUCT_L1,20260916,12,AVAILABLE,path_1_to_H,clip_0_1,46200,0.07816448676255659,0.048373400723296
40,SELECT,PRODUCT_L1,20260916,3,AVAILABLE,terminal_H,raw,3850,0.07144833494644212,0.04136975067777413
40,SELECT,PRODUCT_L1,20260916,3,AVAILABLE,path_1_to_H,raw,11550,0.06528434572172158,0.03664843137860918
40,SELECT,PRODUCT_L1,20260916,3,AVAILABLE,terminal_H,clip_0_1,3850,0.07144588793049947,0.04135427591384469
40,SELECT,PRODUCT_L1,20260916,3,AVAILABLE,path_1_to_H,clip_0_1,11550,0.0652569075703821,0.03660905203513934
40,SELECT,PRODUCT_L1,20260916,6,AVAILABLE,terminal_H,raw,3850,0.07555589384919723,0.04691344263126521
40,SELECT,PRODUCT_L1,20260916,6,AVAILABLE,path_1_to_H,raw,23100,0.06969254327068489,0.040871386975374166
40,SELECT,PRODUCT_L1,20260916,6,AVAILABLE,terminal_H,clip_0_1,3850,0.07555140044791846,0.04689562370521487
40,SELECT,PRODUCT_L1,20260916,6,AVAILABLE,path_1_to_H,clip_0_1,23100,0.06967805988668482,0.0408445377007821
40,SELECT,PRODUCT_L1,20260916,9,AVAILABLE,terminal_H,raw,3850,0.08369143960030477,0.05632258314079393
40,SELECT,PRODUCT_L1,20260916,9,AVAILABLE,path_1_to_H,raw,34650,0.07386321577206859,0.04464590659765022
40,SELECT,PRODUCT_L1,20260916,9,AVAILABLE,terminal_H,clip_0_1,3850,0.08368979007410336,0.05631692630956665
40,SELECT,PRODUCT_L1,20260916,9,AVAILABLE,path_1_to_H,clip_0_1,34650,0.07385163737077045,0.04462141802290064
40,SELECT,PRODUCT_L1,20260916,12,AVAILABLE,terminal_H,raw,3850,0.09174430419740844,0.059799750262808184
40,SELECT,PRODUCT_L1,20260916,12,AVAILABLE,path_1_to_H,raw,46200,0.07807246894176299,0.0482753090638259
40,SELECT,PRODUCT_L1,20260916,12,AVAILABLE,terminal_H,clip_0_1,3850,0.09173352548939778,0.05977096049461876
40,SELECT,PRODUCT_L1,20260916,12,AVAILABLE,path_1_to_H,clip_0_1,46200,0.07805974584411725,0.04825160250792277
0,SELECT,PRODUCT_L1,20260917,3,AVAILABLE,terminal_H,raw,3850,0.0715574909183269,0.041504047151979244
0,SELECT,PRODUCT_L1,20260917,3,AVAILABLE,path_1_to_H,raw,11550,0.06533001779708271,0.036699402746601786
0,SELECT,PRODUCT_L1,20260917,3,AVAILABLE,terminal_H,clip_0_1,3850,0.07155532535344221,0.041488150614960834
0,SELECT,PRODUCT_L1,20260917,3,AVAILABLE,path_1_to_H,clip_0_1,11550,0.06530269670120245,0.036659928979940214
0,SELECT,PRODUCT_L1,20260917,6,AVAILABLE,terminal_H,raw,3850,0.07640047146889449,0.04762812144991269
0,SELECT,PRODUCT_L1,20260917,6,AVAILABLE,path_1_to_H,raw,23100,0.06998650595652077,0.041143550736475555
0,SELECT,PRODUCT_L1,20260917,6,AVAILABLE,terminal_H,clip_0_1,3850,0.07639800240261255,0.04762124960119467
0,SELECT,PRODUCT_L1,20260917,6,AVAILABLE,path_1_to_H,clip_0_1,23100,0.06997297823626444,0.04111893887692641
0,SELECT,PRODUCT_L1,20260917,9,AVAILABLE,terminal_H,raw,3850,0.08468624593246257,0.05697164942179302
0,SELECT,PRODUCT_L1,20260917,9,AVAILABLE,path_1_to_H,raw,34650,0.0743449749734721,0.04506060979594299
0,SELECT,PRODUCT_L1,20260917,9,AVAILABLE,terminal_H,clip_0_1,3850,0.08468509333991608,0.0569635524336505
0,SELECT,PRODUCT_L1,20260917,9,AVAILABLE,path_1_to_H,clip_0_1,34650,0.0743359271806204,0.04504229630533494
0,SELECT,PRODUCT_L1,20260917,12,AVAILABLE,terminal_H,raw,3850,0.09306321667618843,0.060727166549893394
0,SELECT,PRODUCT_L1,20260917,12,AVAILABLE,path_1_to_H,raw,46200,0.07876578519461831,0.04879192592169455
0,SELECT,PRODUCT_L1,20260917,12,AVAILABLE,terminal_H,clip_0_1,3850,0.09305738102667872,0.060710732536325016
0,SELECT,PRODUCT_L1,20260917,12,AVAILABLE,path_1_to_H,clip_0_1,46200,0.07875791627267542,0.048775701404106815
5,SELECT,PRODUCT_L1,20260917,3,AVAILABLE,terminal_H,raw,3850,0.0715498222581701,0.041462265660471065
5,SELECT,PRODUCT_L1,20260917,3,AVAILABLE,path_1_to_H,raw,11550,0.06531458432476983,0.03667720119475181
5,SELECT,PRODUCT_L1,20260917,3,AVAILABLE,terminal_H,clip_0_1,3850,0.07154763872466398,0.041445061527549176
5,SELECT,PRODUCT_L1,20260917,3,AVAILABLE,path_1_to_H,clip_0_1,11550,0.06528648337776473,0.036636516154319954
5,SELECT,PRODUCT_L1,20260917,6,AVAILABLE,terminal_H,raw,3850,0.07631545258730103,0.047579823777981
5,SELECT,PRODUCT_L1,20260917,6,AVAILABLE,path_1_to_H,raw,23100,0.06994420447980779,0.041102410259008966
5,SELECT,PRODUCT_L1,20260917,6,AVAILABLE,terminal_H,clip_0_1,3850,0.07631323733421368,0.04757360846828101
5,SELECT,PRODUCT_L1,20260917,6,AVAILABLE,path_1_to_H,clip_0_1,23100,0.06993029919636085,0.04107670951786567
5,SELECT,PRODUCT_L1,20260917,9,AVAILABLE,terminal_H,raw,3850,0.08446179502733102,0.05675949075303674
5,SELECT,PRODUCT_L1,20260917,9,AVAILABLE,path_1_to_H,raw,34650,0.07423961850421457,0.044978308093955546
5,SELECT,PRODUCT_L1,20260917,9,AVAILABLE,terminal_H,clip_0_1,3850,0.08446084089480106,0.056752606610982845
5,SELECT,PRODUCT_L1,20260917,9,AVAILABLE,path_1_to_H,clip_0_1,34650,0.07423011920551416,0.04495910991305176
5,SELECT,PRODUCT_L1,20260917,12,AVAILABLE,terminal_H,raw,3850,0.09279256045269281,0.060484063023702885
5,SELECT,PRODUCT_L1,20260917,12,AVAILABLE,path_1_to_H,raw,46200,0.07860259959035372,0.04867479526529821
5,SELECT,PRODUCT_L1,20260917,12,AVAILABLE,terminal_H,clip_0_1,3850,0.09278550414583182,0.06046412680887581
5,SELECT,PRODUCT_L1,20260917,12,AVAILABLE,path_1_to_H,clip_0_1,46200,0.07859403995323842,0.0486574692379848
10,SELECT,PRODUCT_L1,20260917,3,AVAILABLE,terminal_H,raw,3850,0.07147603030596467,0.04131983652790662
10,SELECT,PRODUCT_L1,20260917,3,AVAILABLE,path_1_to_H,raw,11550,0.06529626833383896,0.03662529442668615
10,SELECT,PRODUCT_L1,20260917,3,AVAILABLE,terminal_H,clip_0_1,3850,0.07147230401745823,0.041298992346697504
10,SELECT,PRODUCT_L1,20260917,3,AVAILABLE,path_1_to_H,clip_0_1,11550,0.06526825184877877,0.036584351542431046
10,SELECT,PRODUCT_L1,20260917,6,AVAILABLE,terminal_H,raw,3850,0.07603360644586483,0.04732843137022714
10,SELECT,PRODUCT_L1,20260917,6,AVAILABLE,path_1_to_H,raw,23100,0.06984127158430868,0.04100812196343227
10,SELECT,PRODUCT_L1,20260917,6,AVAILABLE,terminal_H,clip_0_1,3850,0.07603116635673367,0.04731798151272982
10,SELECT,PRODUCT_L1,20260917,6,AVAILABLE,path_1_to_H,clip_0_1,23100,0.0698272944694215,0.04098151742407652
10,SELECT,PRODUCT_L1,20260917,9,AVAILABLE,terminal_H,raw,3850,0.08393319304153397,0.05633226689137455
10,SELECT,PRODUCT_L1,20260917,9,AVAILABLE,path_1_to_H,raw,34650,0.07396251179228809,0.04474736402744916
10,SELECT,PRODUCT_L1,20260917,9,AVAILABLE,terminal_H,clip_0_1,3850,0.08393263103698537,0.05632643313652743
10,SELECT,PRODUCT_L1,20260917,9,AVAILABLE,path_1_to_H,clip_0_1,34650,0.07395288795894989,0.04472727136313059
10,SELECT,PRODUCT_L1,20260917,12,AVAILABLE,terminal_H,raw,3850,0.09232678673067535,0.06007390599933312
10,SELECT,PRODUCT_L1,20260917,12,AVAILABLE,path_1_to_H,raw,46200,0.07823665304732953,0.04840340221394498
10,SELECT,PRODUCT_L1,20260917,12,AVAILABLE,terminal_H,clip_0_1,3850,0.09231548089115786,0.06004841805691461
10,SELECT,PRODUCT_L1,20260917,12,AVAILABLE,path_1_to_H,clip_0_1,46200,0.07822661793728065,0.048384228513466625
20,SELECT,PRODUCT_L1,20260917,3,AVAILABLE,terminal_H,raw,3850,0.07141723560547554,0.04134809485755379
20,SELECT,PRODUCT_L1,20260917,3,AVAILABLE,path_1_to_H,raw,11550,0.06525602793825992,0.03663055149426667
20,SELECT,PRODUCT_L1,20260917,3,AVAILABLE,terminal_H,clip_0_1,3850,0.07141266337929955,0.041329656850371155
20,SELECT,PRODUCT_L1,20260917,3,AVAILABLE,path_1_to_H,clip_0_1,11550,0.06522682421912247,0.03658875858654068
20,SELECT,PRODUCT_L1,20260917,6,AVAILABLE,terminal_H,raw,3850,0.07573563132490993,0.04711001199283189
20,SELECT,PRODUCT_L1,20260917,6,AVAILABLE,path_1_to_H,raw,23100,0.06969251403074983,0.040916217365094626
20,SELECT,PRODUCT_L1,20260917,6,AVAILABLE,terminal_H,clip_0_1,3850,0.07573289206488572,0.04709536632889781
20,SELECT,PRODUCT_L1,20260917,6,AVAILABLE,path_1_to_H,clip_0_1,23100,0.06967767997001591,0.04088782366971956
20,SELECT,PRODUCT_L1,20260917,9,AVAILABLE,terminal_H,raw,3850,0.0839716465399261,0.056496864272428185
20,SELECT,PRODUCT_L1,20260917,9,AVAILABLE,path_1_to_H,raw,34650,0.07382361689647778,0.04468388638002832
20,SELECT,PRODUCT_L1,20260917,9,AVAILABLE,terminal_H,clip_0_1,3850,0.08397141657825362,0.05649369705120049
20,SELECT,PRODUCT_L1,20260917,9,AVAILABLE,path_1_to_H,clip_0_1,34650,0.0738127420284616,0.04466081424179517
20,SELECT,PRODUCT_L1,20260917,12,AVAILABLE,terminal_H,raw,3850,0.09199032009281845,0.060205308765912936
20,SELECT,PRODUCT_L1,20260917,12,AVAILABLE,path_1_to_H,raw,46200,0.07805145010357592,0.04838490006676939
20,SELECT,PRODUCT_L1,20260917,12,AVAILABLE,terminal_H,clip_0_1,3850,0.09197614636017522,0.06017780794488641
20,SELECT,PRODUCT_L1,20260917,12,AVAILABLE,path_1_to_H,clip_0_1,46200,0.07803853809067268,0.048362392039516096
40,SELECT,PRODUCT_L1,20260917,3,AVAILABLE,terminal_H,raw,3850,0.0713055923374787,0.04125445056033412
40,SELECT,PRODUCT_L1,20260917,3,AVAILABLE,path_1_to_H,raw,11550,0.06522869546749586,0.036611984546715125
40,SELECT,PRODUCT_L1,20260917,3,AVAILABLE,terminal_H,clip_0_1,3850,0.07130142972630014,0.041236664180045124
40,SELECT,PRODUCT_L1,20260917,3,AVAILABLE,path_1_to_H,clip_0_1,11550,0.06520049604228505,0.03657172237686833
40,SELECT,PRODUCT_L1,20260917,6,AVAILABLE,terminal_H,raw,3850,0.07543145281102603,0.046875988481254974
40,SELECT,PRODUCT_L1,20260917,6,AVAILABLE,path_1_to_H,raw,23100,0.06951505241355854,0.040793172593078915
40,SELECT,PRODUCT_L1,20260917,6,AVAILABLE,terminal_H,clip_0_1,3850,0.07542779768595442,0.04685594224912258
40,SELECT,PRODUCT_L1,20260917,6,AVAILABLE,path_1_to_H,clip_0_1,23100,0.0695002698499771,0.04076439382886915
40,SELECT,PRODUCT_L1,20260917,9,AVAILABLE,terminal_H,raw,3850,0.08365191019497273,0.05610110670484095
40,SELECT,PRODUCT_L1,20260917,9,AVAILABLE,path_1_to_H,raw,34650,0.07363405911693673,0.044538337906744024
40,SELECT,PRODUCT_L1,20260917,9,AVAILABLE,terminal_H,clip_0_1,3850,0.08364905948483,0.056096187196258133
40,SELECT,PRODUCT_L1,20260917,9,AVAILABLE,path_1_to_H,clip_0_1,34650,0.0736221297613854,0.0445133014491493
40,SELECT,PRODUCT_L1,20260917,12,AVAILABLE,terminal_H,raw,3850,0.09185608716135685,0.060037028902858246
40,SELECT,PRODUCT_L1,20260917,12,AVAILABLE,path_1_to_H,raw,46200,0.07789605401682512,0.0482287443365754
40,SELECT,PRODUCT_L1,20260917,12,AVAILABLE,terminal_H,clip_0_1,3850,0.09183815826640374,0.0600021783733361
40,SELECT,PRODUCT_L1,20260917,12,AVAILABLE,path_1_to_H,clip_0_1,46200,0.07788156283604757,0.048203740278326856
0,SELECT,CONCAT_MSE,20260915,3,AVAILABLE,terminal_H,raw,3850,0.0715574909183269,0.041504047151979244
0,SELECT,CONCAT_MSE,20260915,3,AVAILABLE,path_1_to_H,raw,11550,0.06533001779708271,0.036699402746601786
0,SELECT,CONCAT_MSE,20260915,3,AVAILABLE,terminal_H,clip_0_1,3850,0.07155532535344221,0.041488150614960834
0,SELECT,CONCAT_MSE,20260915,3,AVAILABLE,path_1_to_H,clip_0_1,11550,0.06530269670120245,0.036659928979940214
0,SELECT,CONCAT_MSE,20260915,6,AVAILABLE,terminal_H,raw,3850,0.07640047146889449,0.04762812144991269
0,SELECT,CONCAT_MSE,20260915,6,AVAILABLE,path_1_to_H,raw,23100,0.06998650595652077,0.041143550736475555
0,SELECT,CONCAT_MSE,20260915,6,AVAILABLE,terminal_H,clip_0_1,3850,0.07639800240261255,0.04762124960119467
0,SELECT,CONCAT_MSE,20260915,6,AVAILABLE,path_1_to_H,clip_0_1,23100,0.06997297823626444,0.04111893887692641
0,SELECT,CONCAT_MSE,20260915,9,AVAILABLE,terminal_H,raw,3850,0.08468624593246257,0.05697164942179302
0,SELECT,CONCAT_MSE,20260915,9,AVAILABLE,path_1_to_H,raw,34650,0.0743449749734721,0.04506060979594299
0,SELECT,CONCAT_MSE,20260915,9,AVAILABLE,terminal_H,clip_0_1,3850,0.08468509333991608,0.0569635524336505
0,SELECT,CONCAT_MSE,20260915,9,AVAILABLE,path_1_to_H,clip_0_1,34650,0.0743359271806204,0.04504229630533494
0,SELECT,CONCAT_MSE,20260915,12,AVAILABLE,terminal_H,raw,3850,0.09306321667618843,0.060727166549893394
0,SELECT,CONCAT_MSE,20260915,12,AVAILABLE,path_1_to_H,raw,46200,0.07876578519461831,0.04879192592169455
0,SELECT,CONCAT_MSE,20260915,12,AVAILABLE,terminal_H,clip_0_1,3850,0.09305738102667872,0.060710732536325016
0,SELECT,CONCAT_MSE,20260915,12,AVAILABLE,path_1_to_H,clip_0_1,46200,0.07875791627267542,0.048775701404106815
5,SELECT,CONCAT_MSE,20260915,3,AVAILABLE,terminal_H,raw,3850,0.071115230778672,0.041387164930993314
5,SELECT,CONCAT_MSE,20260915,3,AVAILABLE,path_1_to_H,raw,11550,0.06512964867682783,0.03686476701010779
5,SELECT,CONCAT_MSE,20260915,3,AVAILABLE,terminal_H,clip_0_1,3850,0.07111180530749993,0.041369783316115
5,SELECT,CONCAT_MSE,20260915,3,AVAILABLE,path_1_to_H,clip_0_1,11550,0.0651109669924389,0.036827232971786784
5,SELECT,CONCAT_MSE,20260915,6,AVAILABLE,terminal_H,raw,3850,0.07606936327424497,0.04763255098230436
5,SELECT,CONCAT_MSE,20260915,6,AVAILABLE,path_1_to_H,raw,23100,0.06959115511342538,0.04113616874472099
5,SELECT,CONCAT_MSE,20260915,6,AVAILABLE,terminal_H,clip_0_1,3850,0.07606126068837049,0.04761802776495055
5,SELECT,CONCAT_MSE,20260915,6,AVAILABLE,path_1_to_H,clip_0_1,23100,0.06957851074696371,0.041109321383821486
5,SELECT,CONCAT_MSE,20260915,9,AVAILABLE,terminal_H,raw,3850,0.08467372829748829,0.057115883547938937
5,SELECT,CONCAT_MSE,20260915,9,AVAILABLE,path_1_to_H,raw,34650,0.0740397232624831,0.04508587316368855
5,SELECT,CONCAT_MSE,20260915,9,AVAILABLE,terminal_H,clip_0_1,3850,0.08467241495520574,0.057106268919859426
5,SELECT,CONCAT_MSE,20260915,9,AVAILABLE,path_1_to_H,clip_0_1,34650,0.07402901498090868,0.04506296563032639
5,SELECT,CONCAT_MSE,20260915,12,AVAILABLE,terminal_H,raw,3850,0.09292936385603542,0.060980866831202914
5,SELECT,CONCAT_MSE,20260915,12,AVAILABLE,path_1_to_H,raw,46200,0.0785785775945663,0.048870659616807186
5,SELECT,CONCAT_MSE,20260915,12,AVAILABLE,terminal_H,clip_0_1,3850,0.09290890050642879,0.0609424818215035
5,SELECT,CONCAT_MSE,20260915,12,AVAILABLE,path_1_to_H,clip_0_1,46200,0.07856251596503232,0.04884517671684796
10,SELECT,CONCAT_MSE,20260915,3,AVAILABLE,terminal_H,raw,3850,0.07114688918181991,0.041431712374626194
10,SELECT,CONCAT_MSE,20260915,3,AVAILABLE,path_1_to_H,raw,11550,0.06497736077931976,0.03665189315288501
10,SELECT,CONCAT_MSE,20260915,3,AVAILABLE,terminal_H,clip_0_1,3850,0.07114319441684458,0.0414073582818691
10,SELECT,CONCAT_MSE,20260915,3,AVAILABLE,path_1_to_H,clip_0_1,11550,0.064958990948676,0.03661155564574056
10,SELECT,CONCAT_MSE,20260915,6,AVAILABLE,terminal_H,raw,3850,0.07613912292019584,0.047573977745260676
10,SELECT,CONCAT_MSE,20260915,6,AVAILABLE,path_1_to_H,raw,23100,0.06958973376099421,0.04109901936897324
10,SELECT,CONCAT_MSE,20260915,6,AVAILABLE,terminal_H,clip_0_1,3850,0.07612776958734249,0.047549404219116534
10,SELECT,CONCAT_MSE,20260915,6,AVAILABLE,path_1_to_H,clip_0_1,23100,0.0695756416571997,0.04106675351002482
10,SELECT,CONCAT_MSE,20260915,9,AVAILABLE,terminal_H,raw,3850,0.08543499549916475,0.05775775947097265
10,SELECT,CONCAT_MSE,20260915,9,AVAILABLE,path_1_to_H,raw,34650,0.07416622068207437,0.045123769035180526
10,SELECT,CONCAT_MSE,20260915,9,AVAILABLE,terminal_H,clip_0_1,3850,0.08539902136658427,0.05770659004427277
10,SELECT,CONCAT_MSE,20260915,9,AVAILABLE,path_1_to_H,clip_0_1,34650,0.07414663051134958,0.04508730078379363
10,SELECT,CONCAT_MSE,20260915,12,AVAILABLE,terminal_H,raw,3850,0.09332605904758987,0.061527203076161996
10,SELECT,CONCAT_MSE,20260915,12,AVAILABLE,path_1_to_H,raw,46200,0.07881599215032269,0.049070845860555254
10,SELECT,CONCAT_MSE,20260915,12,AVAILABLE,terminal_H,clip_0_1,3850,0.09328804773076739,0.06145111642084901
10,SELECT,CONCAT_MSE,20260915,12,AVAILABLE,path_1_to_H,clip_0_1,46200,0.07878738443995788,0.0490263666583473
20,SELECT,CONCAT_MSE,20260915,3,AVAILABLE,terminal_H,raw,3850,0.07124773832805592,0.041738237465233544
20,SELECT,CONCAT_MSE,20260915,3,AVAILABLE,path_1_to_H,raw,11550,0.06503373670683305,0.03676742317883694
20,SELECT,CONCAT_MSE,20260915,3,AVAILABLE,terminal_H,clip_0_1,3850,0.07122803732839962,0.04170171316391656
20,SELECT,CONCAT_MSE,20260915,3,AVAILABLE,path_1_to_H,clip_0_1,11550,0.06500995889426572,0.036720814570082354
20,SELECT,CONCAT_MSE,20260915,6,AVAILABLE,terminal_H,raw,3850,0.0764289686124343,0.048331771702667455
20,SELECT,CONCAT_MSE,20260915,6,AVAILABLE,path_1_to_H,raw,23100,0.06966726787791772,0.04137386154818854
20,SELECT,CONCAT_MSE,20260915,6,AVAILABLE,terminal_H,clip_0_1,3850,0.07640468396048357,0.048287275592747834
20,SELECT,CONCAT_MSE,20260915,6,AVAILABLE,path_1_to_H,clip_0_1,23100,0.06963840815767366,0.04132942606051433
20,SELECT,CONCAT_MSE,20260915,9,AVAILABLE,terminal_H,raw,3850,0.08520494865343733,0.057686922994172926
20,SELECT,CONCAT_MSE,20260915,9,AVAILABLE,path_1_to_H,raw,34650,0.07421336004122137,0.04549046261644748
20,SELECT,CONCAT_MSE,20260915,9,AVAILABLE,terminal_H,clip_0_1,3850,0.08519047830041074,0.05766171828867359
20,SELECT,CONCAT_MSE,20260915,9,AVAILABLE,path_1_to_H,clip_0_1,34650,0.07418513846273668,0.04544636142341166
20,SELECT,CONCAT_MSE,20260915,12,AVAILABLE,terminal_H,raw,3850,0.09341459370820841,0.06142719327773494
20,SELECT,CONCAT_MSE,20260915,12,AVAILABLE,path_1_to_H,raw,46200,0.0788132070385753,0.049274898821970246
20,SELECT,CONCAT_MSE,20260915,12,AVAILABLE,terminal_H,clip_0_1,3850,0.09338756077805958,0.06137090343869124
20,SELECT,CONCAT_MSE,20260915,12,AVAILABLE,path_1_to_H,clip_0_1,46200,0.07878199269910305,0.04922958007133139
40,SELECT,CONCAT_MSE,20260915,3,AVAILABLE,terminal_H,raw,3850,0.0712619251330446,0.041832228382721534
40,SELECT,CONCAT_MSE,20260915,3,AVAILABLE,path_1_to_H,raw,11550,0.06503705394953474,0.03688894473638716
40,SELECT,CONCAT_MSE,20260915,3,AVAILABLE,terminal_H,clip_0_1,3850,0.07123573491558516,0.04179405418034865
40,SELECT,CONCAT_MSE,20260915,3,AVAILABLE,path_1_to_H,clip_0_1,11550,0.06501124807160198,0.03684350566923408
40,SELECT,CONCAT_MSE,20260915,6,AVAILABLE,terminal_H,raw,3850,0.07680283581660555,0.04856767320298932
40,SELECT,CONCAT_MSE,20260915,6,AVAILABLE,path_1_to_H,raw,23100,0.06982195991522197,0.04152841860384693
40,SELECT,CONCAT_MSE,20260915,6,AVAILABLE,terminal_H,clip_0_1,3850,0.0767725628378678,0.04851548581591623
40,SELECT,CONCAT_MSE,20260915,6,AVAILABLE,path_1_to_H,clip_0_1,23100,0.06978690014289544,0.04148228685987441
40,SELECT,CONCAT_MSE,20260915,9,AVAILABLE,terminal_H,raw,3850,0.0855976168527459,0.05787290970505482
40,SELECT,CONCAT_MSE,20260915,9,AVAILABLE,path_1_to_H,raw,34650,0.0743670261095051,0.045611668220309716
40,SELECT,CONCAT_MSE,20260915,9,AVAILABLE,terminal_H,clip_0_1,3850,0.08558395711915985,0.057847832091415086
40,SELECT,CONCAT_MSE,20260915,9,AVAILABLE,path_1_to_H,clip_0_1,34650,0.07433399288567137,0.045564743915417864
40,SELECT,CONCAT_MSE,20260915,12,AVAILABLE,terminal_H,raw,3850,0.09363764539002115,0.06164263241539238
40,SELECT,CONCAT_MSE,20260915,12,AVAILABLE,path_1_to_H,raw,46200,0.07900689799734796,0.04945279524735293
40,SELECT,CONCAT_MSE,20260915,12,AVAILABLE,terminal_H,clip_0_1,3850,0.09361878626902237,0.061604108212761126
40,SELECT,CONCAT_MSE,20260915,12,AVAILABLE,path_1_to_H,clip_0_1,46200,0.07897778783922031,0.049410059267469955
0,SELECT,CONCAT_MSE,20260916,3,AVAILABLE,terminal_H,raw,3850,0.0715574909183269,0.041504047151979244
0,SELECT,CONCAT_MSE,20260916,3,AVAILABLE,path_1_to_H,raw,11550,0.06533001779708271,0.036699402746601786
0,SELECT,CONCAT_MSE,20260916,3,AVAILABLE,terminal_H,clip_0_1,3850,0.07155532535344221,0.041488150614960834
0,SELECT,CONCAT_MSE,20260916,3,AVAILABLE,path_1_to_H,clip_0_1,11550,0.06530269670120245,0.036659928979940214
0,SELECT,CONCAT_MSE,20260916,6,AVAILABLE,terminal_H,raw,3850,0.07640047146889449,0.04762812144991269
0,SELECT,CONCAT_MSE,20260916,6,AVAILABLE,path_1_to_H,raw,23100,0.06998650595652077,0.041143550736475555
0,SELECT,CONCAT_MSE,20260916,6,AVAILABLE,terminal_H,clip_0_1,3850,0.07639800240261255,0.04762124960119467
0,SELECT,CONCAT_MSE,20260916,6,AVAILABLE,path_1_to_H,clip_0_1,23100,0.06997297823626444,0.04111893887692641
0,SELECT,CONCAT_MSE,20260916,9,AVAILABLE,terminal_H,raw,3850,0.08468624593246257,0.05697164942179302
0,SELECT,CONCAT_MSE,20260916,9,AVAILABLE,path_1_to_H,raw,34650,0.0743449749734721,0.04506060979594299
0,SELECT,CONCAT_MSE,20260916,9,AVAILABLE,terminal_H,clip_0_1,3850,0.08468509333991608,0.0569635524336505
0,SELECT,CONCAT_MSE,20260916,9,AVAILABLE,path_1_to_H,clip_0_1,34650,0.0743359271806204,0.04504229630533494
0,SELECT,CONCAT_MSE,20260916,12,AVAILABLE,terminal_H,raw,3850,0.09306321667618843,0.060727166549893394
0,SELECT,CONCAT_MSE,20260916,12,AVAILABLE,path_1_to_H,raw,46200,0.07876578519461831,0.04879192592169455
0,SELECT,CONCAT_MSE,20260916,12,AVAILABLE,terminal_H,clip_0_1,3850,0.09305738102667872,0.060710732536325016
0,SELECT,CONCAT_MSE,20260916,12,AVAILABLE,path_1_to_H,clip_0_1,46200,0.07875791627267542,0.048775701404106815
5,SELECT,CONCAT_MSE,20260916,3,AVAILABLE,terminal_H,raw,3850,0.07132745491964358,0.04150000517921136
5,SELECT,CONCAT_MSE,20260916,3,AVAILABLE,path_1_to_H,raw,11550,0.06507604540785032,0.03678688961895631
5,SELECT,CONCAT_MSE,20260916,3,AVAILABLE,terminal_H,clip_0_1,3850,0.07132350051627066,0.04148117706331005
5,SELECT,CONCAT_MSE,20260916,3,AVAILABLE,path_1_to_H,clip_0_1,11550,0.06505429554190356,0.03674712129790047
5,SELECT,CONCAT_MSE,20260916,6,AVAILABLE,terminal_H,raw,3850,0.07537207701283662,0.04670765174349168
5,SELECT,CONCAT_MSE,20260916,6,AVAILABLE,path_1_to_H,raw,23100,0.06941799540190778,0.0408798713109298
5,SELECT,CONCAT_MSE,20260916,6,AVAILABLE,terminal_H,clip_0_1,3850,0.07536998720674412,0.046693917782523485
5,SELECT,CONCAT_MSE,20260916,6,AVAILABLE,path_1_to_H,clip_0_1,23100,0.06940658904278214,0.04085199454957778
5,SELECT,CONCAT_MSE,20260916,9,AVAILABLE,terminal_H,raw,3850,0.08450418681332815,0.05712847153303019
5,SELECT,CONCAT_MSE,20260916,9,AVAILABLE,path_1_to_H,raw,34650,0.0737440300065114,0.044836139556162266
5,SELECT,CONCAT_MSE,20260916,9,AVAILABLE,terminal_H,clip_0_1,3850,0.084495236328522,0.05710963431844562
5,SELECT,CONCAT_MSE,20260916,9,AVAILABLE,path_1_to_H,clip_0_1,34650,0.07373393503415268,0.04481239024631799
5,SELECT,CONCAT_MSE,20260916,12,AVAILABLE,terminal_H,raw,3850,0.09341402186542688,0.061336664072034267
5,SELECT,CONCAT_MSE,20260916,12,AVAILABLE,path_1_to_H,raw,46200,0.07848672103121865,0.048797141732837175
5,SELECT,CONCAT_MSE,20260916,12,AVAILABLE,terminal_H,clip_0_1,3850,0.09339563946020124,0.061291287872522714
5,SELECT,CONCAT_MSE,20260916,12,AVAILABLE,path_1_to_H,clip_0_1,46200,0.07847326377829494,0.04877093904986884
10,SELECT,CONCAT_MSE,20260916,3,AVAILABLE,terminal_H,raw,3850,0.07125825680181298,0.041519535276453516
10,SELECT,CONCAT_MSE,20260916,3,AVAILABLE,path_1_to_H,raw,11550,0.06509638599387992,0.03684408031979921
10,SELECT,CONCAT_MSE,20260916,3,AVAILABLE,terminal_H,clip_0_1,3850,0.07124580734826252,0.04148268129509066
10,SELECT,CONCAT_MSE,20260916,3,AVAILABLE,path_1_to_H,clip_0_1,11550,0.0650716985894554,0.03679482364472954
10,SELECT,CONCAT_MSE,20260916,6,AVAILABLE,terminal_H,raw,3850,0.07555735864639146,0.04693561051748346
10,SELECT,CONCAT_MSE,20260916,6,AVAILABLE,path_1_to_H,raw,23100,0.06956155966999475,0.04107364249603237
10,SELECT,CONCAT_MSE,20260916,6,AVAILABLE,terminal_H,clip_0_1,3850,0.07555167827776063,0.046912807532546535
10,SELECT,CONCAT_MSE,20260916,6,AVAILABLE,path_1_to_H,clip_0_1,23100,0.06954624277971257,0.041034361708397415
10,SELECT,CONCAT_MSE,20260916,9,AVAILABLE,terminal_H,raw,3850,0.08440230698881515,0.056925205044093374
10,SELECT,CONCAT_MSE,20260916,9,AVAILABLE,path_1_to_H,raw,34650,0.07383970847508206,0.04495867410744325
10,SELECT,CONCAT_MSE,20260916,9,AVAILABLE,terminal_H,clip_0_1,3850,0.08439010631586549,0.05690524524811125
10,SELECT,CONCAT_MSE,20260916,9,AVAILABLE,path_1_to_H,clip_0_1,34650,0.07382523660327303,0.04492494841172922
10,SELECT,CONCAT_MSE,20260916,12,AVAILABLE,terminal_H,raw,3850,0.09336931324643939,0.06119727775745178
10,SELECT,CONCAT_MSE,20260916,12,AVAILABLE,path_1_to_H,raw,46200,0.07852408934409108,0.048848984482829545
10,SELECT,CONCAT_MSE,20260916,12,AVAILABLE,terminal_H,clip_0_1,3850,0.09333575232877406,0.06112946319976339
10,SELECT,CONCAT_MSE,20260916,12,AVAILABLE,path_1_to_H,clip_0_1,46200,0.07850447938097452,0.048812168131611565
20,SELECT,CONCAT_MSE,20260916,3,AVAILABLE,terminal_H,raw,3850,0.07122337765076751,0.04155500201620756
20,SELECT,CONCAT_MSE,20260916,3,AVAILABLE,path_1_to_H,raw,11550,0.06493032448720967,0.03681959589052324
20,SELECT,CONCAT_MSE,20260916,3,AVAILABLE,terminal_H,clip_0_1,3850,0.07120431217838305,0.04151823166193811
20,SELECT,CONCAT_MSE,20260916,3,AVAILABLE,path_1_to_H,clip_0_1,11550,0.0649013029963249,0.03676148412389139
20,SELECT,CONCAT_MSE,20260916,6,AVAILABLE,terminal_H,raw,3850,0.07571314969085144,0.04736447535819146
20,SELECT,CONCAT_MSE,20260916,6,AVAILABLE,path_1_to_H,raw,23100,0.06942380877936165,0.041091992067292596
20,SELECT,CONCAT_MSE,20260916,6,AVAILABLE,terminal_H,clip_0_1,3850,0.0756958972462649,0.04731792764249276
20,SELECT,CONCAT_MSE,20260916,6,AVAILABLE,path_1_to_H,clip_0_1,23100,0.06939854309163401,0.04104201549184904
20,SELECT,CONCAT_MSE,20260916,9,AVAILABLE,terminal_H,raw,3850,0.08410673846390304,0.056748060796378834
20,SELECT,CONCAT_MSE,20260916,9,AVAILABLE,path_1_to_H,raw,34650,0.07367890624447895,0.04492499260743311
20,SELECT,CONCAT_MSE,20260916,9,AVAILABLE,terminal_H,clip_0_1,3850,0.08408794192620579,0.05672497109419228
20,SELECT,CONCAT_MSE,20260916,9,AVAILABLE,path_1_to_H,clip_0_1,34650,0.07365484555814185,0.04487746395500701
20,SELECT,CONCAT_MSE,20260916,12,AVAILABLE,terminal_H,raw,3850,0.0929050803048184,0.06081722987689067
20,SELECT,CONCAT_MSE,20260916,12,AVAILABLE,path_1_to_H,raw,46200,0.07827154823632662,0.04873228699965933
20,SELECT,CONCAT_MSE,20260916,12,AVAILABLE,terminal_H,clip_0_1,3850,0.09288011006401445,0.060762146720934676
20,SELECT,CONCAT_MSE,20260916,12,AVAILABLE,path_1_to_H,clip_0_1,46200,0.07824700105102439,0.04868742978425425
40,SELECT,CONCAT_MSE,20260916,3,AVAILABLE,terminal_H,raw,3850,0.07128616003021655,0.041641717207397864
40,SELECT,CONCAT_MSE,20260916,3,AVAILABLE,path_1_to_H,raw,11550,0.06492439072247208,0.03680385016212908
40,SELECT,CONCAT_MSE,20260916,3,AVAILABLE,terminal_H,clip_0_1,3850,0.0712721004787636,0.04161514515122114
40,SELECT,CONCAT_MSE,20260916,3,AVAILABLE,path_1_to_H,clip_0_1,11550,0.0649029408998348,0.0367591579404804
40,SELECT,CONCAT_MSE,20260916,6,AVAILABLE,terminal_H,raw,3850,0.07603680782550523,0.04776355101984922
40,SELECT,CONCAT_MSE,20260916,6,AVAILABLE,path_1_to_H,raw,23100,0.06956900967548149,0.041239772587048765
40,SELECT,CONCAT_MSE,20260916,6,AVAILABLE,terminal_H,clip_0_1,3850,0.07602225499902962,0.047728517909233624
40,SELECT,CONCAT_MSE,20260916,6,AVAILABLE,path_1_to_H,clip_0_1,23100,0.06954826052965503,0.041201708355426185
40,SELECT,CONCAT_MSE,20260916,9,AVAILABLE,terminal_H,raw,3850,0.0843925249934564,0.05703139450844315
40,SELECT,CONCAT_MSE,20260916,9,AVAILABLE,path_1_to_H,raw,34650,0.07389835532051886,0.045159934246024616
40,SELECT,CONCAT_MSE,20260916,9,AVAILABLE,terminal_H,clip_0_1,3850,0.08437449112452465,0.05701117648210431
40,SELECT,CONCAT_MSE,20260916,9,AVAILABLE,path_1_to_H,clip_0_1,34650,0.07387630974719774,0.045120682063896224
40,SELECT,CONCAT_MSE,20260916,12,AVAILABLE,terminal_H,raw,3850,0.09292738043914059,0.06070995022322109
40,SELECT,CONCAT_MSE,20260916,12,AVAILABLE,path_1_to_H,raw,46200,0.07840890337652631,0.04888449579668871
40,SELECT,CONCAT_MSE,20260916,12,AVAILABLE,terminal_H,clip_0_1,3850,0.09290836094237026,0.06066276207041318
40,SELECT,CONCAT_MSE,20260916,12,AVAILABLE,path_1_to_H,clip_0_1,46200,0.0783868085489207,0.04884701722039919
0,SELECT,CONCAT_MSE,20260917,3,AVAILABLE,terminal_H,raw,3850,0.0715574909183269,0.041504047151979244
0,SELECT,CONCAT_MSE,20260917,3,AVAILABLE,path_1_to_H,raw,11550,0.06533001779708271,0.036699402746601786
0,SELECT,CONCAT_MSE,20260917,3,AVAILABLE,terminal_H,clip_0_1,3850,0.07155532535344221,0.041488150614960834
0,SELECT,CONCAT_MSE,20260917,3,AVAILABLE,path_1_to_H,clip_0_1,11550,0.06530269670120245,0.036659928979940214
0,SELECT,CONCAT_MSE,20260917,6,AVAILABLE,terminal_H,raw,3850,0.07640047146889449,0.04762812144991269
0,SELECT,CONCAT_MSE,20260917,6,AVAILABLE,path_1_to_H,raw,23100,0.06998650595652077,0.041143550736475555
0,SELECT,CONCAT_MSE,20260917,6,AVAILABLE,terminal_H,clip_0_1,3850,0.07639800240261255,0.04762124960119467
0,SELECT,CONCAT_MSE,20260917,6,AVAILABLE,path_1_to_H,clip_0_1,23100,0.06997297823626444,0.04111893887692641
0,SELECT,CONCAT_MSE,20260917,9,AVAILABLE,terminal_H,raw,3850,0.08468624593246257,0.05697164942179302
0,SELECT,CONCAT_MSE,20260917,9,AVAILABLE,path_1_to_H,raw,34650,0.0743449749734721,0.04506060979594299
0,SELECT,CONCAT_MSE,20260917,9,AVAILABLE,terminal_H,clip_0_1,3850,0.08468509333991608,0.0569635524336505
0,SELECT,CONCAT_MSE,20260917,9,AVAILABLE,path_1_to_H,clip_0_1,34650,0.0743359271806204,0.04504229630533494
0,SELECT,CONCAT_MSE,20260917,12,AVAILABLE,terminal_H,raw,3850,0.09306321667618843,0.060727166549893394
0,SELECT,CONCAT_MSE,20260917,12,AVAILABLE,path_1_to_H,raw,46200,0.07876578519461831,0.04879192592169455
0,SELECT,CONCAT_MSE,20260917,12,AVAILABLE,terminal_H,clip_0_1,3850,0.09305738102667872,0.060710732536325016
0,SELECT,CONCAT_MSE,20260917,12,AVAILABLE,path_1_to_H,clip_0_1,46200,0.07875791627267542,0.048775701404106815
5,SELECT,CONCAT_MSE,20260917,3,AVAILABLE,terminal_H,raw,3850,0.0714690928810517,0.04138581922337213
5,SELECT,CONCAT_MSE,20260917,3,AVAILABLE,path_1_to_H,raw,11550,0.0652684070851665,0.036733375831252996
5,SELECT,CONCAT_MSE,20260917,3,AVAILABLE,terminal_H,clip_0_1,3850,0.07146157767626489,0.04135256975938212
5,SELECT,CONCAT_MSE,20260917,3,AVAILABLE,path_1_to_H,clip_0_1,11550,0.06524336420296406,0.036678972676986485
5,SELECT,CONCAT_MSE,20260917,6,AVAILABLE,terminal_H,raw,3850,0.07594938042190849,0.04702809930209277
5,SELECT,CONCAT_MSE,20260917,6,AVAILABLE,path_1_to_H,raw,23100,0.06970572314258977,0.040908084310938814
5,SELECT,CONCAT_MSE,20260917,6,AVAILABLE,terminal_H,clip_0_1,3850,0.07594598581156078,0.04700130898445754
5,SELECT,CONCAT_MSE,20260917,6,AVAILABLE,path_1_to_H,clip_0_1,23100,0.06969186678089001,0.0408667653795834
5,SELECT,CONCAT_MSE,20260917,9,AVAILABLE,terminal_H,raw,3850,0.08482860354604979,0.05701380153158809
5,SELECT,CONCAT_MSE,20260917,9,AVAILABLE,path_1_to_H,raw,34650,0.07408726539791967,0.04482249839148976
5,SELECT,CONCAT_MSE,20260917,9,AVAILABLE,terminal_H,clip_0_1,3850,0.08481251682457579,0.05699046677387833
5,SELECT,CONCAT_MSE,20260917,9,AVAILABLE,path_1_to_H,clip_0_1,34650,0.07407282853533156,0.04478657863578732
5,SELECT,CONCAT_MSE,20260917,12,AVAILABLE,terminal_H,raw,3850,0.0934080115693496,0.06120315567961396
5,SELECT,CONCAT_MSE,20260917,12,AVAILABLE,path_1_to_H,raw,46200,0.07870819775415405,0.04875448895151958
5,SELECT,CONCAT_MSE,20260917,12,AVAILABLE,terminal_H,clip_0_1,3850,0.09338665791133725,0.061153525542575186
5,SELECT,CONCAT_MSE,20260917,12,AVAILABLE,path_1_to_H,clip_0_1,46200,0.07868902294193432,0.04871713308821477
10,SELECT,CONCAT_MSE,20260917,3,AVAILABLE,terminal_H,raw,3850,0.07128001569072728,0.041363484869627154
10,SELECT,CONCAT_MSE,20260917,3,AVAILABLE,path_1_to_H,raw,11550,0.06515319837117285,0.03677649247497414
10,SELECT,CONCAT_MSE,20260917,3,AVAILABLE,terminal_H,clip_0_1,3850,0.07127777598919341,0.04134960808376863
10,SELECT,CONCAT_MSE,20260917,3,AVAILABLE,path_1_to_H,clip_0_1,11550,0.06513808213828211,0.03674583176949915
10,SELECT,CONCAT_MSE,20260917,6,AVAILABLE,terminal_H,raw,3850,0.07611037547342395,0.04771943583029966
10,SELECT,CONCAT_MSE,20260917,6,AVAILABLE,path_1_to_H,raw,23100,0.06966289960729546,0.041159359474744826
10,SELECT,CONCAT_MSE,20260917,6,AVAILABLE,terminal_H,clip_0_1,3850,0.07611029405394613,0.0477171323238749
10,SELECT,CONCAT_MSE,20260917,6,AVAILABLE,path_1_to_H,clip_0_1,23100,0.06965570647449976,0.04114137733043529
10,SELECT,CONCAT_MSE,20260917,9,AVAILABLE,terminal_H,raw,3850,0.08456452649448831,0.05719847007112454
10,SELECT,CONCAT_MSE,20260917,9,AVAILABLE,path_1_to_H,raw,34650,0.07402730878153303,0.04511781812808816
10,SELECT,CONCAT_MSE,20260917,9,AVAILABLE,terminal_H,clip_0_1,3850,0.08454449663621258,0.05717808644832429
10,SELECT,CONCAT_MSE,20260917,9,AVAILABLE,path_1_to_H,clip_0_1,34650,0.07401678529598053,0.045101572040794825
10,SELECT,CONCAT_MSE,20260917,12,AVAILABLE,terminal_H,raw,3850,0.09276260144613814,0.06097332004472398
10,SELECT,CONCAT_MSE,20260917,12,AVAILABLE,path_1_to_H,raw,46200,0.07853377236334701,0.04893838997615036
10,SELECT,CONCAT_MSE,20260917,12,AVAILABLE,terminal_H,clip_0_1,3850,0.09273852614311388,0.060923058576045144
10,SELECT,CONCAT_MSE,20260917,12,AVAILABLE,path_1_to_H,clip_0_1,46200,0.07851680592051402,0.04891561081601553
20,SELECT,CONCAT_MSE,20260917,3,AVAILABLE,terminal_H,raw,3850,0.07140583271738342,0.04166657521608482
20,SELECT,CONCAT_MSE,20260917,3,AVAILABLE,path_1_to_H,raw,11550,0.06513584280078544,0.036776466874254274
20,SELECT,CONCAT_MSE,20260917,3,AVAILABLE,terminal_H,clip_0_1,3850,0.07140426533476557,0.041649292389407115
20,SELECT,CONCAT_MSE,20260917,3,AVAILABLE,path_1_to_H,clip_0_1,11550,0.06512221335767383,0.03674172745265292
20,SELECT,CONCAT_MSE,20260917,6,AVAILABLE,terminal_H,raw,3850,0.07641091480897129,0.048014972128714375
20,SELECT,CONCAT_MSE,20260917,6,AVAILABLE,path_1_to_H,raw,23100,0.06981274988939651,0.041342367207993176
20,SELECT,CONCAT_MSE,20260917,6,AVAILABLE,terminal_H,clip_0_1,3850,0.07640677302529289,0.04800255269507604
20,SELECT,CONCAT_MSE,20260917,6,AVAILABLE,path_1_to_H,clip_0_1,23100,0.06980515647657187,0.04131766103342525
20,SELECT,CONCAT_MSE,20260917,9,AVAILABLE,terminal_H,raw,3850,0.0845943292438539,0.05725726741381048
20,SELECT,CONCAT_MSE,20260917,9,AVAILABLE,path_1_to_H,raw,34650,0.0742024037996082,0.04526578847186672
20,SELECT,CONCAT_MSE,20260917,9,AVAILABLE,terminal_H,clip_0_1,3850,0.08457660975124803,0.05723718052804134
20,SELECT,CONCAT_MSE,20260917,9,AVAILABLE,path_1_to_H,clip_0_1,34650,0.07419222305833892,0.04524369196810369
20,SELECT,CONCAT_MSE,20260917,12,AVAILABLE,terminal_H,raw,3850,0.09303995098323647,0.06098596400115391
20,SELECT,CONCAT_MSE,20260917,12,AVAILABLE,path_1_to_H,raw,46200,0.07870780530895352,0.04902983852574258
20,SELECT,CONCAT_MSE,20260917,12,AVAILABLE,terminal_H,clip_0_1,3850,0.09300775190898951,0.060926900867507225
20,SELECT,CONCAT_MSE,20260917,12,AVAILABLE,path_1_to_H,clip_0_1,46200,0.07868670680234593,0.0489996500257553
40,SELECT,CONCAT_MSE,20260917,3,AVAILABLE,terminal_H,raw,3850,0.07150434078259969,0.04158448796379491
40,SELECT,CONCAT_MSE,20260917,3,AVAILABLE,path_1_to_H,raw,11550,0.0651816579678781,0.03678689274290617
40,SELECT,CONCAT_MSE,20260917,3,AVAILABLE,terminal_H,clip_0_1,3850,0.07149976389497642,0.04155619469504912
40,SELECT,CONCAT_MSE,20260917,3,AVAILABLE,path_1_to_H,clip_0_1,11550,0.06516651818973332,0.036745527667876164
40,SELECT,CONCAT_MSE,20260917,6,AVAILABLE,terminal_H,raw,3850,0.076520543187541,0.04779830570324011
40,SELECT,CONCAT_MSE,20260917,6,AVAILABLE,path_1_to_H,raw,23100,0.06990311143516274,0.04128029175204486
40,SELECT,CONCAT_MSE,20260917,6,AVAILABLE,terminal_H,clip_0_1,3850,0.07651382769383307,0.047772670433177095
40,SELECT,CONCAT_MSE,20260917,6,AVAILABLE,path_1_to_H,clip_0_1,23100,0.06989323344312921,0.04124666386522776
40,SELECT,CONCAT_MSE,20260917,9,AVAILABLE,terminal_H,raw,3850,0.08465986364012724,0.05721317804879793
40,SELECT,CONCAT_MSE,20260917,9,AVAILABLE,path_1_to_H,raw,34650,0.07430260314155514,0.04520088883806465
40,SELECT,CONCAT_MSE,20260917,9,AVAILABLE,terminal_H,clip_0_1,3850,0.08464534361376994,0.0571935335852277
40,SELECT,CONCAT_MSE,20260917,9,AVAILABLE,path_1_to_H,clip_0_1,34650,0.07429248622899495,0.04517201005070271
40,SELECT,CONCAT_MSE,20260917,12,AVAILABLE,terminal_H,raw,3850,0.09328196971115871,0.06120367216107055
40,SELECT,CONCAT_MSE,20260917,12,AVAILABLE,path_1_to_H,raw,46200,0.07890411496873131,0.0490429663162485
40,SELECT,CONCAT_MSE,20260917,12,AVAILABLE,terminal_H,clip_0_1,3850,0.09324082456634895,0.06114017012129307
40,SELECT,CONCAT_MSE,20260917,12,AVAILABLE,path_1_to_H,clip_0_1,46200,0.07887937777198702,0.049005641325953704
0,SELECT,CONCAT_POSREG,20260915,3,AVAILABLE,terminal_H,raw,3850,0.0715574909183269,0.041504047151979244
0,SELECT,CONCAT_POSREG,20260915,3,AVAILABLE,path_1_to_H,raw,11550,0.06533001779708271,0.036699402746601786
0,SELECT,CONCAT_POSREG,20260915,3,AVAILABLE,terminal_H,clip_0_1,3850,0.07155532535344221,0.041488150614960834
0,SELECT,CONCAT_POSREG,20260915,3,AVAILABLE,path_1_to_H,clip_0_1,11550,0.06530269670120245,0.036659928979940214
0,SELECT,CONCAT_POSREG,20260915,6,AVAILABLE,terminal_H,raw,3850,0.07640047146889449,0.04762812144991269
0,SELECT,CONCAT_POSREG,20260915,6,AVAILABLE,path_1_to_H,raw,23100,0.06998650595652077,0.041143550736475555
0,SELECT,CONCAT_POSREG,20260915,6,AVAILABLE,terminal_H,clip_0_1,3850,0.07639800240261255,0.04762124960119467
0,SELECT,CONCAT_POSREG,20260915,6,AVAILABLE,path_1_to_H,clip_0_1,23100,0.06997297823626444,0.04111893887692641
0,SELECT,CONCAT_POSREG,20260915,9,AVAILABLE,terminal_H,raw,3850,0.08468624593246257,0.05697164942179302
0,SELECT,CONCAT_POSREG,20260915,9,AVAILABLE,path_1_to_H,raw,34650,0.0743449749734721,0.04506060979594299
0,SELECT,CONCAT_POSREG,20260915,9,AVAILABLE,terminal_H,clip_0_1,3850,0.08468509333991608,0.0569635524336505
0,SELECT,CONCAT_POSREG,20260915,9,AVAILABLE,path_1_to_H,clip_0_1,34650,0.0743359271806204,0.04504229630533494
0,SELECT,CONCAT_POSREG,20260915,12,AVAILABLE,terminal_H,raw,3850,0.09306321667618843,0.060727166549893394
0,SELECT,CONCAT_POSREG,20260915,12,AVAILABLE,path_1_to_H,raw,46200,0.07876578519461831,0.04879192592169455
0,SELECT,CONCAT_POSREG,20260915,12,AVAILABLE,terminal_H,clip_0_1,3850,0.09305738102667872,0.060710732536325016
0,SELECT,CONCAT_POSREG,20260915,12,AVAILABLE,path_1_to_H,clip_0_1,46200,0.07875791627267542,0.048775701404106815
5,SELECT,CONCAT_POSREG,20260915,3,AVAILABLE,terminal_H,raw,3850,0.07151494787755644,0.04145102967355937
5,SELECT,CONCAT_POSREG,20260915,3,AVAILABLE,path_1_to_H,raw,11550,0.06530347846804048,0.03665732379549658
5,SELECT,CONCAT_POSREG,20260915,3,AVAILABLE,terminal_H,clip_0_1,3850,0.0715126798184733,0.04143406344836928
5,SELECT,CONCAT_POSREG,20260915,3,AVAILABLE,path_1_to_H,clip_0_1,11550,0.06527705170527827,0.036618325923832226
5,SELECT,CONCAT_POSREG,20260915,6,AVAILABLE,terminal_H,raw,3850,0.07641367947360873,0.04765231996520894
5,SELECT,CONCAT_POSREG,20260915,6,AVAILABLE,path_1_to_H,raw,23100,0.06994511086831556,0.041123316561320906
5,SELECT,CONCAT_POSREG,20260915,6,AVAILABLE,terminal_H,clip_0_1,3850,0.07641090529040928,0.04764283629817825
5,SELECT,CONCAT_POSREG,20260915,6,AVAILABLE,path_1_to_H,clip_0_1,23100,0.06993189663488517,0.041098178330368426
5,SELECT,CONCAT_POSREG,20260915,9,AVAILABLE,terminal_H,raw,3850,0.08456601298470788,0.05688957724524043
5,SELECT,CONCAT_POSREG,20260915,9,AVAILABLE,path_1_to_H,raw,34650,0.07430801038659757,0.045049414083765706
5,SELECT,CONCAT_POSREG,20260915,9,AVAILABLE,terminal_H,clip_0_1,3850,0.08456478449079335,0.0568822309650534
5,SELECT,CONCAT_POSREG,20260915,9,AVAILABLE,path_1_to_H,clip_0_1,34650,0.0742987048714938,0.0450296703553621
5,SELECT,CONCAT_POSREG,20260915,12,AVAILABLE,terminal_H,raw,3850,0.09274757123221686,0.06064959268830161
5,SELECT,CONCAT_POSREG,20260915,12,AVAILABLE,path_1_to_H,raw,46200,0.07867495333818764,0.0487715369707239
5,SELECT,CONCAT_POSREG,20260915,12,AVAILABLE,terminal_H,clip_0_1,3850,0.09274615489704675,0.060641704884800134
5,SELECT,CONCAT_POSREG,20260915,12,AVAILABLE,path_1_to_H,clip_0_1,46200,0.07866792167032027,0.048755438629687974
10,SELECT,CONCAT_POSREG,20260915,3,AVAILABLE,terminal_H,raw,3850,0.07135180806190171,0.04131618289903672
10,SELECT,CONCAT_POSREG,20260915,3,AVAILABLE,path_1_to_H,raw,11550,0.06518689250099885,0.03657824179586352
10,SELECT,CONCAT_POSREG,20260915,3,AVAILABLE,terminal_H,clip_0_1,3850,0.07134819166456281,0.04129432152219942
10,SELECT,CONCAT_POSREG,20260915,3,AVAILABLE,path_1_to_H,clip_0_1,11550,0.06516056970210131,0.036535520098587196
10,SELECT,CONCAT_POSREG,20260915,6,AVAILABLE,terminal_H,raw,3850,0.07622325604234712,0.04726213865171203
10,SELECT,CONCAT_POSREG,20260915,6,AVAILABLE,path_1_to_H,raw,23100,0.06976732079661502,0.04090854630382055
10,SELECT,CONCAT_POSREG,20260915,6,AVAILABLE,terminal_H,clip_0_1,3850,0.07621591276160328,0.04723584605843377
10,SELECT,CONCAT_POSREG,20260915,6,AVAILABLE,path_1_to_H,clip_0_1,23100,0.0697525504036991,0.04087433729746174
10,SELECT,CONCAT_POSREG,20260915,9,AVAILABLE,terminal_H,raw,3850,0.08404964356282162,0.05636510596225512
10,SELECT,CONCAT_POSREG,20260915,9,AVAILABLE,path_1_to_H,raw,34650,0.0739955739120601,0.04467540272382591
10,SELECT,CONCAT_POSREG,20260915,9,AVAILABLE,terminal_H,clip_0_1,3850,0.08404762723349134,0.05635361774458073
10,SELECT,CONCAT_POSREG,20260915,9,AVAILABLE,path_1_to_H,clip_0_1,34650,0.0739842321298271,0.044646178627656366
10,SELECT,CONCAT_POSREG,20260915,12,AVAILABLE,terminal_H,raw,3850,0.09215159764202215,0.06034444844712099
10,SELECT,CONCAT_POSREG,20260915,12,AVAILABLE,path_1_to_H,raw,46200,0.07833833875613574,0.04845067883808489
10,SELECT,CONCAT_POSREG,20260915,12,AVAILABLE,terminal_H,clip_0_1,3850,0.09215051658960108,0.06033668921016097
10,SELECT,CONCAT_POSREG,20260915,12,AVAILABLE,path_1_to_H,clip_0_1,46200,0.07832976940759373,0.04842717850836596
20,SELECT,CONCAT_POSREG,20260915,3,AVAILABLE,terminal_H,raw,3850,0.07118285566563717,0.0410265632878575
20,SELECT,CONCAT_POSREG,20260915,3,AVAILABLE,path_1_to_H,raw,11550,0.06508815294063341,0.036424254645238054
20,SELECT,CONCAT_POSREG,20260915,3,AVAILABLE,terminal_H,clip_0_1,3850,0.07117928279584293,0.041002589961782195
20,SELECT,CONCAT_POSREG,20260915,3,AVAILABLE,path_1_to_H,clip_0_1,11550,0.06506324904651743,0.03638188084812474
20,SELECT,CONCAT_POSREG,20260915,6,AVAILABLE,terminal_H,raw,3850,0.07612435089379621,0.04722772033667018
20,SELECT,CONCAT_POSREG,20260915,6,AVAILABLE,path_1_to_H,raw,23100,0.06959880486972522,0.0407705242192436
20,SELECT,CONCAT_POSREG,20260915,6,AVAILABLE,terminal_H,clip_0_1,3850,0.07611886857208076,0.04720560877038623
20,SELECT,CONCAT_POSREG,20260915,6,AVAILABLE,path_1_to_H,clip_0_1,23100,0.06958526541270839,0.04073840557637326
20,SELECT,CONCAT_POSREG,20260915,9,AVAILABLE,terminal_H,raw,3850,0.08413313563491108,0.056466133733441934
20,SELECT,CONCAT_POSREG,20260915,9,AVAILABLE,path_1_to_H,raw,34650,0.07389971739428552,0.04463851950118575
20,SELECT,CONCAT_POSREG,20260915,9,AVAILABLE,terminal_H,clip_0_1,3850,0.08413220873467896,0.05645772597440183
20,SELECT,CONCAT_POSREG,20260915,9,AVAILABLE,path_1_to_H,clip_0_1,34650,0.07388915484692093,0.04461087710624186
20,SELECT,CONCAT_POSREG,20260915,12,AVAILABLE,terminal_H,raw,3850,0.09222159290561771,0.06026088753728391
20,SELECT,CONCAT_POSREG,20260915,12,AVAILABLE,path_1_to_H,raw,46200,0.07824917158504055,0.04837867201594223
20,SELECT,CONCAT_POSREG,20260915,12,AVAILABLE,terminal_H,clip_0_1,3850,0.09221682808233081,0.06024586011313819
20,SELECT,CONCAT_POSREG,20260915,12,AVAILABLE,path_1_to_H,clip_0_1,46200,0.07824074573699337,0.048355572442191984
40,SELECT,CONCAT_POSREG,20260915,3,AVAILABLE,terminal_H,raw,3850,0.07123285411635304,0.04121521556748677
40,SELECT,CONCAT_POSREG,20260915,3,AVAILABLE,path_1_to_H,raw,11550,0.06510422369327838,0.036516654030934334
40,SELECT,CONCAT_POSREG,20260915,3,AVAILABLE,terminal_H,clip_0_1,3850,0.0712293408185363,0.04119414575117559
40,SELECT,CONCAT_POSREG,20260915,3,AVAILABLE,path_1_to_H,clip_0_1,11550,0.06508098727447406,0.03647589913190564
40,SELECT,CONCAT_POSREG,20260915,6,AVAILABLE,terminal_H,raw,3850,0.07628677867850948,0.04739580415350539
40,SELECT,CONCAT_POSREG,20260915,6,AVAILABLE,path_1_to_H,raw,23100,0.0696736217871978,0.04093450120462937
40,SELECT,CONCAT_POSREG,20260915,6,AVAILABLE,terminal_H,clip_0_1,3850,0.07628029647349678,0.047372423171503544
40,SELECT,CONCAT_POSREG,20260915,6,AVAILABLE,path_1_to_H,clip_0_1,23100,0.06966064594450043,0.040903529941090734
40,SELECT,CONCAT_POSREG,20260915,9,AVAILABLE,terminal_H,raw,3850,0.08428186093071895,0.056685848737117336
40,SELECT,CONCAT_POSREG,20260915,9,AVAILABLE,path_1_to_H,raw,34650,0.07397496102097488,0.044794698147899464
40,SELECT,CONCAT_POSREG,20260915,9,AVAILABLE,terminal_H,clip_0_1,3850,0.08428129932968215,0.05667977194724968
40,SELECT,CONCAT_POSREG,20260915,9,AVAILABLE,path_1_to_H,clip_0_1,34650,0.07396479637886706,0.04476836346272142
40,SELECT,CONCAT_POSREG,20260915,12,AVAILABLE,terminal_H,raw,3850,0.09230875855664938,0.06036288391412577
40,SELECT,CONCAT_POSREG,20260915,12,AVAILABLE,path_1_to_H,raw,46200,0.07833834129702381,0.04854393056224994
40,SELECT,CONCAT_POSREG,20260915,12,AVAILABLE,terminal_H,clip_0_1,3850,0.09230369866755117,0.060351315311541004
40,SELECT,CONCAT_POSREG,20260915,12,AVAILABLE,path_1_to_H,clip_0_1,46200,0.07833039690061917,0.04852261907794469
0,SELECT,CONCAT_POSREG,20260916,3,AVAILABLE,terminal_H,raw,3850,0.0715574909183269,0.041504047151979244
0,SELECT,CONCAT_POSREG,20260916,3,AVAILABLE,path_1_to_H,raw,11550,0.06533001779708271,0.036699402746601786
0,SELECT,CONCAT_POSREG,20260916,3,AVAILABLE,terminal_H,clip_0_1,3850,0.07155532535344221,0.041488150614960834
0,SELECT,CONCAT_POSREG,20260916,3,AVAILABLE,path_1_to_H,clip_0_1,11550,0.06530269670120245,0.036659928979940214
0,SELECT,CONCAT_POSREG,20260916,6,AVAILABLE,terminal_H,raw,3850,0.07640047146889449,0.04762812144991269
0,SELECT,CONCAT_POSREG,20260916,6,AVAILABLE,path_1_to_H,raw,23100,0.06998650595652077,0.041143550736475555
0,SELECT,CONCAT_POSREG,20260916,6,AVAILABLE,terminal_H,clip_0_1,3850,0.07639800240261255,0.04762124960119467
0,SELECT,CONCAT_POSREG,20260916,6,AVAILABLE,path_1_to_H,clip_0_1,23100,0.06997297823626444,0.04111893887692641
0,SELECT,CONCAT_POSREG,20260916,9,AVAILABLE,terminal_H,raw,3850,0.08468624593246257,0.05697164942179302
0,SELECT,CONCAT_POSREG,20260916,9,AVAILABLE,path_1_to_H,raw,34650,0.0743449749734721,0.04506060979594299
0,SELECT,CONCAT_POSREG,20260916,9,AVAILABLE,terminal_H,clip_0_1,3850,0.08468509333991608,0.0569635524336505
0,SELECT,CONCAT_POSREG,20260916,9,AVAILABLE,path_1_to_H,clip_0_1,34650,0.0743359271806204,0.04504229630533494
0,SELECT,CONCAT_POSREG,20260916,12,AVAILABLE,terminal_H,raw,3850,0.09306321667618843,0.060727166549893394
0,SELECT,CONCAT_POSREG,20260916,12,AVAILABLE,path_1_to_H,raw,46200,0.07876578519461831,0.04879192592169455
0,SELECT,CONCAT_POSREG,20260916,12,AVAILABLE,terminal_H,clip_0_1,3850,0.09305738102667872,0.060710732536325016
0,SELECT,CONCAT_POSREG,20260916,12,AVAILABLE,path_1_to_H,clip_0_1,46200,0.07875791627267542,0.048775701404106815
5,SELECT,CONCAT_POSREG,20260916,3,AVAILABLE,terminal_H,raw,3850,0.07127623409477998,0.04119100398781785
5,SELECT,CONCAT_POSREG,20260916,3,AVAILABLE,path_1_to_H,raw,11550,0.0651721825259235,0.0365343413459661
5,SELECT,CONCAT_POSREG,20260916,3,AVAILABLE,terminal_H,clip_0_1,3850,0.07127312132727598,0.041175477964330166
5,SELECT,CONCAT_POSREG,20260916,3,AVAILABLE,path_1_to_H,clip_0_1,11550,0.06514536392921787,0.0364951995203748
5,SELECT,CONCAT_POSREG,20260916,6,AVAILABLE,terminal_H,raw,3850,0.07540254048116432,0.04667850674321717
5,SELECT,CONCAT_POSREG,20260916,6,AVAILABLE,path_1_to_H,raw,23100,0.06944734103334187,0.04064704003491419
5,SELECT,CONCAT_POSREG,20260916,6,AVAILABLE,terminal_H,clip_0_1,3850,0.0753999225623789,0.04666947632917103
5,SELECT,CONCAT_POSREG,20260916,6,AVAILABLE,path_1_to_H,clip_0_1,23100,0.06943392488665981,0.040622467282047894
5,SELECT,CONCAT_POSREG,20260916,9,AVAILABLE,terminal_H,raw,3850,0.08420586659963786,0.05680699967610054
5,SELECT,CONCAT_POSREG,20260916,9,AVAILABLE,path_1_to_H,raw,34650,0.07373887190313183,0.044558993510483015
5,SELECT,CONCAT_POSREG,20260916,9,AVAILABLE,terminal_H,clip_0_1,3850,0.08420431642333183,0.05679850085207648
5,SELECT,CONCAT_POSREG,20260916,9,AVAILABLE,path_1_to_H,clip_0_1,34650,0.07372951825003303,0.04453973857627348
5,SELECT,CONCAT_POSREG,20260916,12,AVAILABLE,terminal_H,raw,3850,0.0929145391818603,0.06089393461904923
5,SELECT,CONCAT_POSREG,20260916,12,AVAILABLE,path_1_to_H,raw,46200,0.07830846233886392,0.04846542034780944
5,SELECT,CONCAT_POSREG,20260916,12,AVAILABLE,terminal_H,clip_0_1,3850,0.0929050092166086,0.06086774449593664
5,SELECT,CONCAT_POSREG,20260916,12,AVAILABLE,path_1_to_H,clip_0_1,46200,0.07829907436722966,0.04844678224446486
10,SELECT,CONCAT_POSREG,20260916,3,AVAILABLE,terminal_H,raw,3850,0.07093122212813506,0.040889310768531625
10,SELECT,CONCAT_POSREG,20260916,3,AVAILABLE,path_1_to_H,raw,11550,0.06499121901806948,0.036380393599279845
10,SELECT,CONCAT_POSREG,20260916,3,AVAILABLE,terminal_H,clip_0_1,3850,0.07092737136412458,0.04087273790868829
10,SELECT,CONCAT_POSREG,20260916,3,AVAILABLE,path_1_to_H,clip_0_1,11550,0.06496673026270491,0.03634087233973669
10,SELECT,CONCAT_POSREG,20260916,6,AVAILABLE,terminal_H,raw,3850,0.0751853497556381,0.0464943481433456
10,SELECT,CONCAT_POSREG,20260916,6,AVAILABLE,path_1_to_H,raw,23100,0.06922781533158504,0.04047715050638479
10,SELECT,CONCAT_POSREG,20260916,6,AVAILABLE,terminal_H,clip_0_1,3850,0.07518086190954751,0.046473313242336514
10,SELECT,CONCAT_POSREG,20260916,6,AVAILABLE,path_1_to_H,clip_0_1,23100,0.06921439900674208,0.04044796152745285
10,SELECT,CONCAT_POSREG,20260916,9,AVAILABLE,terminal_H,raw,3850,0.08413705039919755,0.056862467178394785
10,SELECT,CONCAT_POSREG,20260916,9,AVAILABLE,path_1_to_H,raw,34650,0.07345716945041728,0.044389761697185635
10,SELECT,CONCAT_POSREG,20260916,9,AVAILABLE,terminal_H,clip_0_1,3850,0.08412632669331696,0.05684414641483461
10,SELECT,CONCAT_POSREG,20260916,9,AVAILABLE,path_1_to_H,clip_0_1,34650,0.07344496046478963,0.04436319032091196
10,SELECT,CONCAT_POSREG,20260916,12,AVAILABLE,terminal_H,raw,3850,0.09285937413820856,0.06081173559672093
10,SELECT,CONCAT_POSREG,20260916,12,AVAILABLE,path_1_to_H,raw,46200,0.07807725935865928,0.04833074748556019
10,SELECT,CONCAT_POSREG,20260916,12,AVAILABLE,terminal_H,clip_0_1,3850,0.09284740645135095,0.060779569846663974
10,SELECT,CONCAT_POSREG,20260916,12,AVAILABLE,path_1_to_H,clip_0_1,46200,0.07806447232502187,0.048304694332294944
20,SELECT,CONCAT_POSREG,20260916,3,AVAILABLE,terminal_H,raw,3850,0.07074041997971858,0.04070073810127535
20,SELECT,CONCAT_POSREG,20260916,3,AVAILABLE,path_1_to_H,raw,11550,0.06483983798250226,0.03627749195145086
20,SELECT,CONCAT_POSREG,20260916,3,AVAILABLE,terminal_H,clip_0_1,3850,0.0707358084426548,0.04067961091813456
20,SELECT,CONCAT_POSREG,20260916,3,AVAILABLE,path_1_to_H,clip_0_1,11550,0.06481562516799375,0.0362340328043198
20,SELECT,CONCAT_POSREG,20260916,6,AVAILABLE,terminal_H,raw,3850,0.07510806643306793,0.046224193485063625
20,SELECT,CONCAT_POSREG,20260916,6,AVAILABLE,path_1_to_H,raw,23100,0.06908363538260055,0.040321248948419396
20,SELECT,CONCAT_POSREG,20260916,6,AVAILABLE,terminal_H,clip_0_1,3850,0.075100687288039,0.04619235782331007
20,SELECT,CONCAT_POSREG,20260916,6,AVAILABLE,path_1_to_H,clip_0_1,23100,0.06906963269102383,0.04028620744061136
20,SELECT,CONCAT_POSREG,20260916,9,AVAILABLE,terminal_H,raw,3850,0.08389219632515016,0.0565354591092357
20,SELECT,CONCAT_POSREG,20260916,9,AVAILABLE,path_1_to_H,raw,34650,0.07323704058439523,0.04412688786671466
20,SELECT,CONCAT_POSREG,20260916,9,AVAILABLE,terminal_H,clip_0_1,3850,0.08387724759170065,0.05651169319583082
20,SELECT,CONCAT_POSREG,20260916,9,AVAILABLE,path_1_to_H,clip_0_1,34650,0.07322218615163749,0.04409209056508698
20,SELECT,CONCAT_POSREG,20260916,12,AVAILABLE,terminal_H,raw,3850,0.09243663897551961,0.060504976734481505
20,SELECT,CONCAT_POSREG,20260916,12,AVAILABLE,path_1_to_H,raw,46200,0.07783772077082861,0.04809351960142806
20,SELECT,CONCAT_POSREG,20260916,12,AVAILABLE,terminal_H,clip_0_1,3850,0.09240636537617813,0.06046654012529473
20,SELECT,CONCAT_POSREG,20260916,12,AVAILABLE,path_1_to_H,clip_0_1,46200,0.07781983066714024,0.04805965893194908
40,SELECT,CONCAT_POSREG,20260916,3,AVAILABLE,terminal_H,raw,3850,0.07065645667181662,0.040730082652496134
40,SELECT,CONCAT_POSREG,20260916,3,AVAILABLE,path_1_to_H,raw,11550,0.06474432912956869,0.036262710600191005
40,SELECT,CONCAT_POSREG,20260916,3,AVAILABLE,terminal_H,clip_0_1,3850,0.0706532781491038,0.0407120370389327
40,SELECT,CONCAT_POSREG,20260916,3,AVAILABLE,path_1_to_H,clip_0_1,11550,0.06472480308339561,0.03622348941292578
40,SELECT,CONCAT_POSREG,20260916,6,AVAILABLE,terminal_H,raw,3850,0.07505982962677354,0.046403174646084934
40,SELECT,CONCAT_POSREG,20260916,6,AVAILABLE,path_1_to_H,raw,23100,0.06898772322575787,0.040361851467515364
40,SELECT,CONCAT_POSREG,20260916,6,AVAILABLE,terminal_H,clip_0_1,3850,0.0750550439903179,0.04637749236375754
40,SELECT,CONCAT_POSREG,20260916,6,AVAILABLE,path_1_to_H,clip_0_1,23100,0.06897672697102872,0.04033111458372479
40,SELECT,CONCAT_POSREG,20260916,9,AVAILABLE,terminal_H,raw,3850,0.08357938137164765,0.056176420567455254
40,SELECT,CONCAT_POSREG,20260916,9,AVAILABLE,path_1_to_H,raw,34650,0.07311973609059277,0.04415237473722964
40,SELECT,CONCAT_POSREG,20260916,9,AVAILABLE,terminal_H,clip_0_1,3850,0.08356292439632731,0.05615253628254351
40,SELECT,CONCAT_POSREG,20260916,9,AVAILABLE,path_1_to_H,clip_0_1,34650,0.07310618560095912,0.044120532190347075
40,SELECT,CONCAT_POSREG,20260916,12,AVAILABLE,terminal_H,raw,3850,0.09237427414153457,0.060370667961449895
40,SELECT,CONCAT_POSREG,20260916,12,AVAILABLE,path_1_to_H,raw,46200,0.07771264514916836,0.04806070402111703
40,SELECT,CONCAT_POSREG,20260916,12,AVAILABLE,terminal_H,clip_0_1,3850,0.09233689308587976,0.06032951917696783
40,SELECT,CONCAT_POSREG,20260916,12,AVAILABLE,path_1_to_H,clip_0_1,46200,0.07769363097886273,0.04802820555553907
0,SELECT,CONCAT_POSREG,20260917,3,AVAILABLE,terminal_H,raw,3850,0.0715574909183269,0.041504047151979244
0,SELECT,CONCAT_POSREG,20260917,3,AVAILABLE,path_1_to_H,raw,11550,0.06533001779708271,0.036699402746601786
0,SELECT,CONCAT_POSREG,20260917,3,AVAILABLE,terminal_H,clip_0_1,3850,0.07155532535344221,0.041488150614960834
0,SELECT,CONCAT_POSREG,20260917,3,AVAILABLE,path_1_to_H,clip_0_1,11550,0.06530269670120245,0.036659928979940214
0,SELECT,CONCAT_POSREG,20260917,6,AVAILABLE,terminal_H,raw,3850,0.07640047146889449,0.04762812144991269
0,SELECT,CONCAT_POSREG,20260917,6,AVAILABLE,path_1_to_H,raw,23100,0.06998650595652077,0.041143550736475555
0,SELECT,CONCAT_POSREG,20260917,6,AVAILABLE,terminal_H,clip_0_1,3850,0.07639800240261255,0.04762124960119467
0,SELECT,CONCAT_POSREG,20260917,6,AVAILABLE,path_1_to_H,clip_0_1,23100,0.06997297823626444,0.04111893887692641
0,SELECT,CONCAT_POSREG,20260917,9,AVAILABLE,terminal_H,raw,3850,0.08468624593246257,0.05697164942179302
0,SELECT,CONCAT_POSREG,20260917,9,AVAILABLE,path_1_to_H,raw,34650,0.0743449749734721,0.04506060979594299
0,SELECT,CONCAT_POSREG,20260917,9,AVAILABLE,terminal_H,clip_0_1,3850,0.08468509333991608,0.0569635524336505
0,SELECT,CONCAT_POSREG,20260917,9,AVAILABLE,path_1_to_H,clip_0_1,34650,0.0743359271806204,0.04504229630533494
0,SELECT,CONCAT_POSREG,20260917,12,AVAILABLE,terminal_H,raw,3850,0.09306321667618843,0.060727166549893394
0,SELECT,CONCAT_POSREG,20260917,12,AVAILABLE,path_1_to_H,raw,46200,0.07876578519461831,0.04879192592169455
0,SELECT,CONCAT_POSREG,20260917,12,AVAILABLE,terminal_H,clip_0_1,3850,0.09305738102667872,0.060710732536325016
0,SELECT,CONCAT_POSREG,20260917,12,AVAILABLE,path_1_to_H,clip_0_1,46200,0.07875791627267542,0.048775701404106815
5,SELECT,CONCAT_POSREG,20260917,3,AVAILABLE,terminal_H,raw,3850,0.07142684386605898,0.04131147444235504
5,SELECT,CONCAT_POSREG,20260917,3,AVAILABLE,path_1_to_H,raw,11550,0.0652517941705061,0.0365955541111529
5,SELECT,CONCAT_POSREG,20260917,3,AVAILABLE,terminal_H,clip_0_1,3850,0.07142422160058222,0.04129355888375995
5,SELECT,CONCAT_POSREG,20260917,3,AVAILABLE,path_1_to_H,clip_0_1,11550,0.06522476915281354,0.0365549334254047
5,SELECT,CONCAT_POSREG,20260917,6,AVAILABLE,terminal_H,raw,3850,0.07603517279176487,0.04715099969405705
5,SELECT,CONCAT_POSREG,20260917,6,AVAILABLE,path_1_to_H,raw,23100,0.0697928782798016,0.04091970689187644
5,SELECT,CONCAT_POSREG,20260917,6,AVAILABLE,terminal_H,clip_0_1,3850,0.07603230562159108,0.04714285647742598
5,SELECT,CONCAT_POSREG,20260917,6,AVAILABLE,path_1_to_H,clip_0_1,23100,0.06977933973640922,0.04089427106421643
5,SELECT,CONCAT_POSREG,20260917,9,AVAILABLE,terminal_H,raw,3850,0.08448807886599159,0.05681998838850066
5,SELECT,CONCAT_POSREG,20260917,9,AVAILABLE,path_1_to_H,raw,34650,0.07409826990699375,0.04480839369704878
5,SELECT,CONCAT_POSREG,20260917,9,AVAILABLE,terminal_H,clip_0_1,3850,0.08448374625050666,0.05680715477786004
5,SELECT,CONCAT_POSREG,20260917,9,AVAILABLE,path_1_to_H,clip_0_1,34650,0.07408827212945941,0.04478832943217691
5,SELECT,CONCAT_POSREG,20260917,12,AVAILABLE,terminal_H,raw,3850,0.09279482505984493,0.06058743117213235
5,SELECT,CONCAT_POSREG,20260917,12,AVAILABLE,path_1_to_H,raw,46200,0.07853766770392669,0.048590402437983425
5,SELECT,CONCAT_POSREG,20260917,12,AVAILABLE,terminal_H,clip_0_1,3850,0.09278473135865545,0.06055970720241595
5,SELECT,CONCAT_POSREG,20260917,12,AVAILABLE,path_1_to_H,clip_0_1,46200,0.07852828522407965,0.048571224761911724
10,SELECT,CONCAT_POSREG,20260917,3,AVAILABLE,terminal_H,raw,3850,0.071405226893888,0.04133470146846716
10,SELECT,CONCAT_POSREG,20260917,3,AVAILABLE,path_1_to_H,raw,11550,0.06523052578246637,0.03659925671082369
10,SELECT,CONCAT_POSREG,20260917,3,AVAILABLE,terminal_H,clip_0_1,3850,0.07140195357125378,0.04131754815547058
10,SELECT,CONCAT_POSREG,20260917,3,AVAILABLE,path_1_to_H,clip_0_1,11550,0.065203571332527,0.03655817448432221
10,SELECT,CONCAT_POSREG,20260917,6,AVAILABLE,terminal_H,raw,3850,0.07595063509429066,0.04722598189031844
10,SELECT,CONCAT_POSREG,20260917,6,AVAILABLE,path_1_to_H,raw,23100,0.06969696871520062,0.040928262486097676
10,SELECT,CONCAT_POSREG,20260917,6,AVAILABLE,terminal_H,clip_0_1,3850,0.0759476788292681,0.04721536011635045
10,SELECT,CONCAT_POSREG,20260917,6,AVAILABLE,path_1_to_H,clip_0_1,23100,0.06968322485650705,0.0409011129498187
10,SELECT,CONCAT_POSREG,20260917,9,AVAILABLE,terminal_H,raw,3850,0.08407959773467068,0.05686118903664171
10,SELECT,CONCAT_POSREG,20260917,9,AVAILABLE,path_1_to_H,raw,34650,0.07391502782916486,0.04479056867608699
10,SELECT,CONCAT_POSREG,20260917,9,AVAILABLE,terminal_H,clip_0_1,3850,0.08407765211253107,0.056851683224317134
10,SELECT,CONCAT_POSREG,20260917,9,AVAILABLE,path_1_to_H,clip_0_1,34650,0.07390560043125315,0.04476957995152682
10,SELECT,CONCAT_POSREG,20260917,12,AVAILABLE,terminal_H,raw,3850,0.0925548905761886,0.06067056199743791
10,SELECT,CONCAT_POSREG,20260917,12,AVAILABLE,path_1_to_H,raw,46200,0.07835624756686248,0.04859167299168706
10,SELECT,CONCAT_POSREG,20260917,12,AVAILABLE,terminal_H,clip_0_1,3850,0.0925402154123002,0.060640974893484384
10,SELECT,CONCAT_POSREG,20260917,12,AVAILABLE,path_1_to_H,clip_0_1,46200,0.07834571208287111,0.04857081125318914
20,SELECT,CONCAT_POSREG,20260917,3,AVAILABLE,terminal_H,raw,3850,0.07116519319124263,0.04125376525969764
20,SELECT,CONCAT_POSREG,20260917,3,AVAILABLE,path_1_to_H,raw,11550,0.06508958232268365,0.03657739556424492
20,SELECT,CONCAT_POSREG,20260917,3,AVAILABLE,terminal_H,clip_0_1,3850,0.07116208072663871,0.04123611938653874
20,SELECT,CONCAT_POSREG,20260917,3,AVAILABLE,path_1_to_H,clip_0_1,11550,0.06506327536519854,0.03653743746946125
20,SELECT,CONCAT_POSREG,20260917,6,AVAILABLE,terminal_H,raw,3850,0.07597972170162967,0.04735782948315231
20,SELECT,CONCAT_POSREG,20260917,6,AVAILABLE,path_1_to_H,raw,23100,0.06953241297902775,0.04093237500063397
20,SELECT,CONCAT_POSREG,20260917,6,AVAILABLE,terminal_H,clip_0_1,3850,0.07597927992213432,0.047350686945436565
20,SELECT,CONCAT_POSREG,20260917,6,AVAILABLE,path_1_to_H,clip_0_1,23100,0.06951964721273311,0.04090614532751804
20,SELECT,CONCAT_POSREG,20260917,9,AVAILABLE,terminal_H,raw,3850,0.08434614004697806,0.05684694923950092
20,SELECT,CONCAT_POSREG,20260917,9,AVAILABLE,path_1_to_H,raw,34650,0.07385677646270086,0.04482939301874823
20,SELECT,CONCAT_POSREG,20260917,9,AVAILABLE,terminal_H,clip_0_1,3850,0.08434500258262248,0.05683886244994534
20,SELECT,CONCAT_POSREG,20260917,9,AVAILABLE,path_1_to_H,clip_0_1,34650,0.07384835366309235,0.044809903689791666
20,SELECT,CONCAT_POSREG,20260917,12,AVAILABLE,terminal_H,raw,3850,0.09260245732556509,0.06054877732320367
20,SELECT,CONCAT_POSREG,20260917,12,AVAILABLE,path_1_to_H,raw,46200,0.07830423244069688,0.048566393961806106
20,SELECT,CONCAT_POSREG,20260917,12,AVAILABLE,terminal_H,clip_0_1,3850,0.09258859175223899,0.06052055503305323
20,SELECT,CONCAT_POSREG,20260917,12,AVAILABLE,path_1_to_H,clip_0_1,46200,0.07829409957678515,0.04854674328290348
40,SELECT,CONCAT_POSREG,20260917,3,AVAILABLE,terminal_H,raw,3850,0.07102361068694811,0.04106046104945058
40,SELECT,CONCAT_POSREG,20260917,3,AVAILABLE,path_1_to_H,raw,11550,0.0649871742481486,0.03643995848517909
40,SELECT,CONCAT_POSREG,20260917,3,AVAILABLE,terminal_H,clip_0_1,3850,0.07101633064277442,0.04103381525765677
40,SELECT,CONCAT_POSREG,20260917,3,AVAILABLE,path_1_to_H,clip_0_1,11550,0.06495858509243735,0.03639413600912598
40,SELECT,CONCAT_POSREG,20260917,6,AVAILABLE,terminal_H,raw,3850,0.07559490369490496,0.04680643499746431
40,SELECT,CONCAT_POSREG,20260917,6,AVAILABLE,path_1_to_H,raw,23100,0.06934278897963594,0.0406586239797727
40,SELECT,CONCAT_POSREG,20260917,6,AVAILABLE,terminal_H,clip_0_1,3850,0.07559266906957302,0.046786848089418735
40,SELECT,CONCAT_POSREG,20260917,6,AVAILABLE,path_1_to_H,clip_0_1,23100,0.06932763605989609,0.040624159823786456
40,SELECT,CONCAT_POSREG,20260917,9,AVAILABLE,terminal_H,raw,3850,0.08429465719553275,0.056677758825580744
40,SELECT,CONCAT_POSREG,20260917,9,AVAILABLE,path_1_to_H,raw,34650,0.07361493548696149,0.04449139773829319
40,SELECT,CONCAT_POSREG,20260917,9,AVAILABLE,terminal_H,clip_0_1,3850,0.08429304986370934,0.05666874207874527
40,SELECT,CONCAT_POSREG,20260917,9,AVAILABLE,path_1_to_H,clip_0_1,34650,0.07360430100152887,0.044463984516458256
40,SELECT,CONCAT_POSREG,20260917,12,AVAILABLE,terminal_H,raw,3850,0.09260875066321698,0.06057040818659907
40,SELECT,CONCAT_POSREG,20260917,12,AVAILABLE,path_1_to_H,raw,46200,0.07814595530577954,0.04832741648240348
40,SELECT,CONCAT_POSREG,20260917,12,AVAILABLE,terminal_H,clip_0_1,3850,0.09259420986025445,0.06054135907697536
40,SELECT,CONCAT_POSREG,20260917,12,AVAILABLE,path_1_to_H,clip_0_1,46200,0.07813401276795634,0.04830145452523432
