cohort,model,seed,information_track,horizon,status,target_scope,postprocess,scored_values,rmse,mae,prediction_sha256
short_state_relaxation_v1,RELAX_SHORT_O,20260913,HISTORICAL_CONTRACT_SEE_MANIFEST,3,AVAILABLE,terminal_H,raw,3850,0.12433189957614911,0.06780709719997563,fc5f0fb61f92feed154ace7abab0b0346a3521272f86afdd3a885c01530c6103
short_state_relaxation_v1,RELAX_SHORT_O,20260913,HISTORICAL_CONTRACT_SEE_MANIFEST,3,AVAILABLE,terminal_H,clip_0_1,3850,0.12433189957614911,0.06780709719997563,fc5f0fb61f92feed154ace7abab0b0346a3521272f86afdd3a885c01530c6103
short_state_relaxation_v1,RELAX_SHORT_O,20260913,HISTORICAL_CONTRACT_SEE_MANIFEST,3,AVAILABLE,path_1_to_H,raw,11550,0.12499245967167359,0.0627824562869361,fc5f0fb61f92feed154ace7abab0b0346a3521272f86afdd3a885c01530c6103
short_state_relaxation_v1,RELAX_SHORT_O,20260913,HISTORICAL_CONTRACT_SEE_MANIFEST,3,AVAILABLE,path_1_to_H,clip_0_1,11550,0.12499245967167359,0.0627824562869361,fc5f0fb61f92feed154ace7abab0b0346a3521272f86afdd3a885c01530c6103
short_state_relaxation_v1,RELAX_SHORT_O,20260913,HISTORICAL_CONTRACT_SEE_MANIFEST,6,AVAILABLE,terminal_H,raw,3850,0.12917691026211386,0.07425881028278351,fc5f0fb61f92feed154ace7abab0b0346a3521272f86afdd3a885c01530c6103
short_state_relaxation_v1,RELAX_SHORT_O,20260913,HISTORICAL_CONTRACT_SEE_MANIFEST,6,AVAILABLE,terminal_H,clip_0_1,3850,0.12917691026211386,0.07425881028278351,fc5f0fb61f92feed154ace7abab0b0346a3521272f86afdd3a885c01530c6103
short_state_relaxation_v1,RELAX_SHORT_O,20260913,HISTORICAL_CONTRACT_SEE_MANIFEST,6,AVAILABLE,path_1_to_H,raw,23100,0.13107111756978915,0.06969536732762298,fc5f0fb61f92feed154ace7abab0b0346a3521272f86afdd3a885c01530c6103
short_state_relaxation_v1,RELAX_SHORT_O,20260913,HISTORICAL_CONTRACT_SEE_MANIFEST,6,AVAILABLE,path_1_to_H,clip_0_1,23100,0.13107111756978915,0.06969536732762298,fc5f0fb61f92feed154ace7abab0b0346a3521272f86afdd3a885c01530c6103
short_state_relaxation_v1,RELAX_SHORT_O,20260913,HISTORICAL_CONTRACT_SEE_MANIFEST,9,AVAILABLE,terminal_H,raw,3850,0.12887596397059894,0.08229337676539004,fc5f0fb61f92feed154ace7abab0b0346a3521272f86afdd3a885c01530c6103
short_state_relaxation_v1,RELAX_SHORT_O,20260913,HISTORICAL_CONTRACT_SEE_MANIFEST,9,AVAILABLE,terminal_H,clip_0_1,3850,0.12887596397059894,0.08229337676539004,fc5f0fb61f92feed154ace7abab0b0346a3521272f86afdd3a885c01530c6103
short_state_relaxation_v1,RELAX_SHORT_O,20260913,HISTORICAL_CONTRACT_SEE_MANIFEST,9,AVAILABLE,path_1_to_H,raw,34650,0.13037591134832202,0.07289424968862825,fc5f0fb61f92feed154ace7abab0b0346a3521272f86afdd3a885c01530c6103
short_state_relaxation_v1,RELAX_SHORT_O,20260913,HISTORICAL_CONTRACT_SEE_MANIFEST,9,AVAILABLE,path_1_to_H,clip_0_1,34650,0.13037591134832202,0.07289424968862825,fc5f0fb61f92feed154ace7abab0b0346a3521272f86afdd3a885c01530c6103
short_state_relaxation_v1,RELAX_SHORT_O,20260913,HISTORICAL_CONTRACT_SEE_MANIFEST,12,AVAILABLE,terminal_H,raw,3850,0.14772057866091096,0.09682005239648528,fc5f0fb61f92feed154ace7abab0b0346a3521272f86afdd3a885c01530c6103
short_state_relaxation_v1,RELAX_SHORT_O,20260913,HISTORICAL_CONTRACT_SEE_MANIFEST,12,AVAILABLE,terminal_H,clip_0_1,3850,0.14772057866091096,0.09682005239648528,fc5f0fb61f92feed154ace7abab0b0346a3521272f86afdd3a885c01530c6103
short_state_relaxation_v1,RELAX_SHORT_O,20260913,HISTORICAL_CONTRACT_SEE_MANIFEST,12,AVAILABLE,path_1_to_H,raw,46200,0.13469953097966553,0.0785689729826077,fc5f0fb61f92feed154ace7abab0b0346a3521272f86afdd3a885c01530c6103
short_state_relaxation_v1,RELAX_SHORT_O,20260913,HISTORICAL_CONTRACT_SEE_MANIFEST,12,AVAILABLE,path_1_to_H,clip_0_1,46200,0.13469953097966553,0.0785689729826077,fc5f0fb61f92feed154ace7abab0b0346a3521272f86afdd3a885c01530c6103
short_state_relaxation_v1,RELAX_SHORT_O,20260914,HISTORICAL_CONTRACT_SEE_MANIFEST,3,AVAILABLE,terminal_H,raw,3850,0.12442616865113694,0.06781384002165076,24af79a54a88d1ae6264eba17ba2f87d84166d98ca0021cba1dd22b161028955
short_state_relaxation_v1,RELAX_SHORT_O,20260914,HISTORICAL_CONTRACT_SEE_MANIFEST,3,AVAILABLE,terminal_H,clip_0_1,3850,0.12442616865113694,0.06781384002165076,24af79a54a88d1ae6264eba17ba2f87d84166d98ca0021cba1dd22b161028955
short_state_relaxation_v1,RELAX_SHORT_O,20260914,HISTORICAL_CONTRACT_SEE_MANIFEST,3,AVAILABLE,path_1_to_H,raw,11550,0.1250066458557873,0.06276437993119575,24af79a54a88d1ae6264eba17ba2f87d84166d98ca0021cba1dd22b161028955
short_state_relaxation_v1,RELAX_SHORT_O,20260914,HISTORICAL_CONTRACT_SEE_MANIFEST,3,AVAILABLE,path_1_to_H,clip_0_1,11550,0.1250066458557873,0.06276437993119575,24af79a54a88d1ae6264eba17ba2f87d84166d98ca0021cba1dd22b161028955
short_state_relaxation_v1,RELAX_SHORT_O,20260914,HISTORICAL_CONTRACT_SEE_MANIFEST,6,AVAILABLE,terminal_H,raw,3850,0.12940454169614118,0.07400635575817054,24af79a54a88d1ae6264eba17ba2f87d84166d98ca0021cba1dd22b161028955
short_state_relaxation_v1,RELAX_SHORT_O,20260914,HISTORICAL_CONTRACT_SEE_MANIFEST,6,AVAILABLE,terminal_H,clip_0_1,3850,0.12940454169614118,0.07400635575817054,24af79a54a88d1ae6264eba17ba2f87d84166d98ca0021cba1dd22b161028955
short_state_relaxation_v1,RELAX_SHORT_O,20260914,HISTORICAL_CONTRACT_SEE_MANIFEST,6,AVAILABLE,path_1_to_H,raw,23100,0.13122313209995717,0.06964881312814994,24af79a54a88d1ae6264eba17ba2f87d84166d98ca0021cba1dd22b161028955
short_state_relaxation_v1,RELAX_SHORT_O,20260914,HISTORICAL_CONTRACT_SEE_MANIFEST,6,AVAILABLE,path_1_to_H,clip_0_1,23100,0.13122313209995717,0.06964881312814994,24af79a54a88d1ae6264eba17ba2f87d84166d98ca0021cba1dd22b161028955
short_state_relaxation_v1,RELAX_SHORT_O,20260914,HISTORICAL_CONTRACT_SEE_MANIFEST,9,AVAILABLE,terminal_H,raw,3850,0.12862716312484304,0.08148203701723342,24af79a54a88d1ae6264eba17ba2f87d84166d98ca0021cba1dd22b161028955
short_state_relaxation_v1,RELAX_SHORT_O,20260914,HISTORICAL_CONTRACT_SEE_MANIFEST,9,AVAILABLE,terminal_H,clip_0_1,3850,0.12862716312484304,0.08148203701723342,24af79a54a88d1ae6264eba17ba2f87d84166d98ca0021cba1dd22b161028955
short_state_relaxation_v1,RELAX_SHORT_O,20260914,HISTORICAL_CONTRACT_SEE_MANIFEST,9,AVAILABLE,path_1_to_H,raw,34650,0.1304641424341751,0.07266339692267805,24af79a54a88d1ae6264eba17ba2f87d84166d98ca0021cba1dd22b161028955
short_state_relaxation_v1,RELAX_SHORT_O,20260914,HISTORICAL_CONTRACT_SEE_MANIFEST,9,AVAILABLE,path_1_to_H,clip_0_1,34650,0.1304641424341751,0.07266339692267805,24af79a54a88d1ae6264eba17ba2f87d84166d98ca0021cba1dd22b161028955
short_state_relaxation_v1,RELAX_SHORT_O,20260914,HISTORICAL_CONTRACT_SEE_MANIFEST,12,AVAILABLE,terminal_H,raw,3850,0.1474749078682859,0.09613068681081202,24af79a54a88d1ae6264eba17ba2f87d84166d98ca0021cba1dd22b161028955
short_state_relaxation_v1,RELAX_SHORT_O,20260914,HISTORICAL_CONTRACT_SEE_MANIFEST,12,AVAILABLE,terminal_H,clip_0_1,3850,0.1474749078682859,0.09613068681081202,24af79a54a88d1ae6264eba17ba2f87d84166d98ca0021cba1dd22b161028955
short_state_relaxation_v1,RELAX_SHORT_O,20260914,HISTORICAL_CONTRACT_SEE_MANIFEST,12,AVAILABLE,path_1_to_H,raw,46200,0.13474603475596142,0.07821898214826219,24af79a54a88d1ae6264eba17ba2f87d84166d98ca0021cba1dd22b161028955
short_state_relaxation_v1,RELAX_SHORT_O,20260914,HISTORICAL_CONTRACT_SEE_MANIFEST,12,AVAILABLE,path_1_to_H,clip_0_1,46200,0.13474603475596142,0.07821898214826219,24af79a54a88d1ae6264eba17ba2f87d84166d98ca0021cba1dd22b161028955
short_state_relaxation_v1,RELAX_SHORT_OD,20260913,HISTORICAL_CONTRACT_SEE_MANIFEST,3,AVAILABLE,terminal_H,raw,3850,0.1265105264616428,0.06849675373789588,3cac1407987161c71824c2320906898f83ea1ff9d4fa0429cae6ec243e15d3d3
short_state_relaxation_v1,RELAX_SHORT_OD,20260913,HISTORICAL_CONTRACT_SEE_MANIFEST,3,AVAILABLE,terminal_H,clip_0_1,3850,0.1265105264616428,0.06849675373789588,3cac1407987161c71824c2320906898f83ea1ff9d4fa0429cae6ec243e15d3d3
short_state_relaxation_v1,RELAX_SHORT_OD,20260913,HISTORICAL_CONTRACT_SEE_MANIFEST,3,AVAILABLE,path_1_to_H,raw,11550,0.12634144458824537,0.0631296535022726,3cac1407987161c71824c2320906898f83ea1ff9d4fa0429cae6ec243e15d3d3
short_state_relaxation_v1,RELAX_SHORT_OD,20260913,HISTORICAL_CONTRACT_SEE_MANIFEST,3,AVAILABLE,path_1_to_H,clip_0_1,11550,0.12634144458824537,0.0631296535022726,3cac1407987161c71824c2320906898f83ea1ff9d4fa0429cae6ec243e15d3d3
short_state_relaxation_v1,RELAX_SHORT_OD,20260913,HISTORICAL_CONTRACT_SEE_MANIFEST,6,AVAILABLE,terminal_H,raw,3850,0.13295946465290173,0.07550953908811146,3cac1407987161c71824c2320906898f83ea1ff9d4fa0429cae6ec243e15d3d3
short_state_relaxation_v1,RELAX_SHORT_OD,20260913,HISTORICAL_CONTRACT_SEE_MANIFEST,6,AVAILABLE,terminal_H,clip_0_1,3850,0.13295946465290173,0.07550953908811146,3cac1407987161c71824c2320906898f83ea1ff9d4fa0429cae6ec243e15d3d3
short_state_relaxation_v1,RELAX_SHORT_OD,20260913,HISTORICAL_CONTRACT_SEE_MANIFEST,6,AVAILABLE,path_1_to_H,raw,23100,0.13325782100748143,0.07042987053895026,3cac1407987161c71824c2320906898f83ea1ff9d4fa0429cae6ec243e15d3d3
short_state_relaxation_v1,RELAX_SHORT_OD,20260913,HISTORICAL_CONTRACT_SEE_MANIFEST,6,AVAILABLE,path_1_to_H,clip_0_1,23100,0.13325782100748143,0.07042987053895026,3cac1407987161c71824c2320906898f83ea1ff9d4fa0429cae6ec243e15d3d3
short_state_relaxation_v1,RELAX_SHORT_OD,20260913,HISTORICAL_CONTRACT_SEE_MANIFEST,9,AVAILABLE,terminal_H,raw,3850,0.1311363179231769,0.08198523648711022,3cac1407987161c71824c2320906898f83ea1ff9d4fa0429cae6ec243e15d3d3
short_state_relaxation_v1,RELAX_SHORT_OD,20260913,HISTORICAL_CONTRACT_SEE_MANIFEST,9,AVAILABLE,terminal_H,clip_0_1,3850,0.1311363179231769,0.08198523648711022,3cac1407987161c71824c2320906898f83ea1ff9d4fa0429cae6ec243e15d3d3
short_state_relaxation_v1,RELAX_SHORT_OD,20260913,HISTORICAL_CONTRACT_SEE_MANIFEST,9,AVAILABLE,path_1_to_H,raw,34650,0.13284145072943104,0.07349872748090852,3cac1407987161c71824c2320906898f83ea1ff9d4fa0429cae6ec243e15d3d3
short_state_relaxation_v1,RELAX_SHORT_OD,20260913,HISTORICAL_CONTRACT_SEE_MANIFEST,9,AVAILABLE,path_1_to_H,clip_0_1,34650,0.13284145072943104,0.07349872748090852,3cac1407987161c71824c2320906898f83ea1ff9d4fa0429cae6ec243e15d3d3
short_state_relaxation_v1,RELAX_SHORT_OD,20260913,HISTORICAL_CONTRACT_SEE_MANIFEST,12,AVAILABLE,terminal_H,raw,3850,0.14977484924864906,0.09724487798174128,3cac1407987161c71824c2320906898f83ea1ff9d4fa0429cae6ec243e15d3d3
short_state_relaxation_v1,RELAX_SHORT_OD,20260913,HISTORICAL_CONTRACT_SEE_MANIFEST,12,AVAILABLE,terminal_H,clip_0_1,3850,0.14977484924864906,0.09724487798174128,3cac1407987161c71824c2320906898f83ea1ff9d4fa0429cae6ec243e15d3d3
short_state_relaxation_v1,RELAX_SHORT_OD,20260913,HISTORICAL_CONTRACT_SEE_MANIFEST,12,AVAILABLE,path_1_to_H,raw,46200,0.13699876708761086,0.07908624236141697,3cac1407987161c71824c2320906898f83ea1ff9d4fa0429cae6ec243e15d3d3
short_state_relaxation_v1,RELAX_SHORT_OD,20260913,HISTORICAL_CONTRACT_SEE_MANIFEST,12,AVAILABLE,path_1_to_H,clip_0_1,46200,0.13699876708761086,0.07908624236141697,3cac1407987161c71824c2320906898f83ea1ff9d4fa0429cae6ec243e15d3d3
short_state_relaxation_v1,RELAX_SHORT_OD,20260914,HISTORICAL_CONTRACT_SEE_MANIFEST,3,AVAILABLE,terminal_H,raw,3850,0.12642914194633212,0.06878266501727874,c65217be43bc8bbc02bb20b337a3b0a4a24372c6242926f8af8a095dfc6c5d2b
short_state_relaxation_v1,RELAX_SHORT_OD,20260914,HISTORICAL_CONTRACT_SEE_MANIFEST,3,AVAILABLE,terminal_H,clip_0_1,3850,0.12642914194633212,0.06878266501727874,c65217be43bc8bbc02bb20b337a3b0a4a24372c6242926f8af8a095dfc6c5d2b
short_state_relaxation_v1,RELAX_SHORT_OD,20260914,HISTORICAL_CONTRACT_SEE_MANIFEST,3,AVAILABLE,path_1_to_H,raw,11550,0.12618581649948715,0.06333231807874949,c65217be43bc8bbc02bb20b337a3b0a4a24372c6242926f8af8a095dfc6c5d2b
short_state_relaxation_v1,RELAX_SHORT_OD,20260914,HISTORICAL_CONTRACT_SEE_MANIFEST,3,AVAILABLE,path_1_to_H,clip_0_1,11550,0.12618581649948715,0.06333231807874949,c65217be43bc8bbc02bb20b337a3b0a4a24372c6242926f8af8a095dfc6c5d2b
short_state_relaxation_v1,RELAX_SHORT_OD,20260914,HISTORICAL_CONTRACT_SEE_MANIFEST,6,AVAILABLE,terminal_H,raw,3850,0.13285895045768942,0.0755458892820705,c65217be43bc8bbc02bb20b337a3b0a4a24372c6242926f8af8a095dfc6c5d2b
short_state_relaxation_v1,RELAX_SHORT_OD,20260914,HISTORICAL_CONTRACT_SEE_MANIFEST,6,AVAILABLE,terminal_H,clip_0_1,3850,0.13285895045768942,0.0755458892820705,c65217be43bc8bbc02bb20b337a3b0a4a24372c6242926f8af8a095dfc6c5d2b
short_state_relaxation_v1,RELAX_SHORT_OD,20260914,HISTORICAL_CONTRACT_SEE_MANIFEST,6,AVAILABLE,path_1_to_H,raw,23100,0.13319216085223815,0.07064554916539642,c65217be43bc8bbc02bb20b337a3b0a4a24372c6242926f8af8a095dfc6c5d2b
short_state_relaxation_v1,RELAX_SHORT_OD,20260914,HISTORICAL_CONTRACT_SEE_MANIFEST,6,AVAILABLE,path_1_to_H,clip_0_1,23100,0.13319216085223815,0.07064554916539642,c65217be43bc8bbc02bb20b337a3b0a4a24372c6242926f8af8a095dfc6c5d2b
short_state_relaxation_v1,RELAX_SHORT_OD,20260914,HISTORICAL_CONTRACT_SEE_MANIFEST,9,AVAILABLE,terminal_H,raw,3850,0.13160174400255853,0.08226250663789952,c65217be43bc8bbc02bb20b337a3b0a4a24372c6242926f8af8a095dfc6c5d2b
short_state_relaxation_v1,RELAX_SHORT_OD,20260914,HISTORICAL_CONTRACT_SEE_MANIFEST,9,AVAILABLE,terminal_H,clip_0_1,3850,0.13160174400255853,0.08226250663789952,c65217be43bc8bbc02bb20b337a3b0a4a24372c6242926f8af8a095dfc6c5d2b
short_state_relaxation_v1,RELAX_SHORT_OD,20260914,HISTORICAL_CONTRACT_SEE_MANIFEST,9,AVAILABLE,path_1_to_H,raw,34650,0.13286215819559768,0.07370520193421545,c65217be43bc8bbc02bb20b337a3b0a4a24372c6242926f8af8a095dfc6c5d2b
short_state_relaxation_v1,RELAX_SHORT_OD,20260914,HISTORICAL_CONTRACT_SEE_MANIFEST,9,AVAILABLE,path_1_to_H,clip_0_1,34650,0.13286215819559768,0.07370520193421545,c65217be43bc8bbc02bb20b337a3b0a4a24372c6242926f8af8a095dfc6c5d2b
short_state_relaxation_v1,RELAX_SHORT_OD,20260914,HISTORICAL_CONTRACT_SEE_MANIFEST,12,AVAILABLE,terminal_H,raw,3850,0.15043575594044975,0.09766730104254441,c65217be43bc8bbc02bb20b337a3b0a4a24372c6242926f8af8a095dfc6c5d2b
short_state_relaxation_v1,RELAX_SHORT_OD,20260914,HISTORICAL_CONTRACT_SEE_MANIFEST,12,AVAILABLE,terminal_H,clip_0_1,3850,0.15043575594044975,0.09766730104254441,c65217be43bc8bbc02bb20b337a3b0a4a24372c6242926f8af8a095dfc6c5d2b
short_state_relaxation_v1,RELAX_SHORT_OD,20260914,HISTORICAL_CONTRACT_SEE_MANIFEST,12,AVAILABLE,path_1_to_H,raw,46200,0.13716786828407496,0.0793112849504363,c65217be43bc8bbc02bb20b337a3b0a4a24372c6242926f8af8a095dfc6c5d2b
short_state_relaxation_v1,RELAX_SHORT_OD,20260914,HISTORICAL_CONTRACT_SEE_MANIFEST,12,AVAILABLE,path_1_to_H,clip_0_1,46200,0.13716786828407496,0.0793112849504363,c65217be43bc8bbc02bb20b337a3b0a4a24372c6242926f8af8a095dfc6c5d2b
short_state_relaxation_v1,DIRECT_SHORT_OD,20260913,HISTORICAL_CONTRACT_SEE_MANIFEST,3,AVAILABLE,terminal_H,raw,3850,0.1270052100430288,0.07014097972858437,e97aae13a476398f3c6d6d9bf99de7e67c6dbc46739933c1d3aba6951a6e182b
short_state_relaxation_v1,DIRECT_SHORT_OD,20260913,HISTORICAL_CONTRACT_SEE_MANIFEST,3,AVAILABLE,terminal_H,clip_0_1,3850,0.1270052100430288,0.07014097972858437,e97aae13a476398f3c6d6d9bf99de7e67c6dbc46739933c1d3aba6951a6e182b
short_state_relaxation_v1,DIRECT_SHORT_OD,20260913,HISTORICAL_CONTRACT_SEE_MANIFEST,3,AVAILABLE,path_1_to_H,raw,11550,0.12695803274168846,0.0657989496124157,e97aae13a476398f3c6d6d9bf99de7e67c6dbc46739933c1d3aba6951a6e182b
short_state_relaxation_v1,DIRECT_SHORT_OD,20260913,HISTORICAL_CONTRACT_SEE_MANIFEST,3,AVAILABLE,path_1_to_H,clip_0_1,11550,0.12695803274168846,0.0657989496124157,e97aae13a476398f3c6d6d9bf99de7e67c6dbc46739933c1d3aba6951a6e182b
short_state_relaxation_v1,DIRECT_SHORT_OD,20260913,HISTORICAL_CONTRACT_SEE_MANIFEST,6,AVAILABLE,terminal_H,raw,3850,0.13021291806244462,0.07066206035698619,e97aae13a476398f3c6d6d9bf99de7e67c6dbc46739933c1d3aba6951a6e182b
short_state_relaxation_v1,DIRECT_SHORT_OD,20260913,HISTORICAL_CONTRACT_SEE_MANIFEST,6,AVAILABLE,terminal_H,clip_0_1,3850,0.13021291806244462,0.07066206035698619,e97aae13a476398f3c6d6d9bf99de7e67c6dbc46739933c1d3aba6951a6e182b
short_state_relaxation_v1,DIRECT_SHORT_OD,20260913,HISTORICAL_CONTRACT_SEE_MANIFEST,6,AVAILABLE,path_1_to_H,raw,23100,0.13315381047556019,0.07069662504504914,e97aae13a476398f3c6d6d9bf99de7e67c6dbc46739933c1d3aba6951a6e182b
short_state_relaxation_v1,DIRECT_SHORT_OD,20260913,HISTORICAL_CONTRACT_SEE_MANIFEST,6,AVAILABLE,path_1_to_H,clip_0_1,23100,0.13315381047556019,0.07069662504504914,e97aae13a476398f3c6d6d9bf99de7e67c6dbc46739933c1d3aba6951a6e182b
short_state_relaxation_v1,DIRECT_SHORT_OD,20260913,HISTORICAL_CONTRACT_SEE_MANIFEST,9,AVAILABLE,terminal_H,raw,3850,0.13264043546667528,0.08431462040287065,e97aae13a476398f3c6d6d9bf99de7e67c6dbc46739933c1d3aba6951a6e182b
short_state_relaxation_v1,DIRECT_SHORT_OD,20260913,HISTORICAL_CONTRACT_SEE_MANIFEST,9,AVAILABLE,terminal_H,clip_0_1,3850,0.13264043546667528,0.08431462040287065,e97aae13a476398f3c6d6d9bf99de7e67c6dbc46739933c1d3aba6951a6e182b
short_state_relaxation_v1,DIRECT_SHORT_OD,20260913,HISTORICAL_CONTRACT_SEE_MANIFEST,9,AVAILABLE,path_1_to_H,raw,34650,0.13264048074333637,0.07341134098127469,e97aae13a476398f3c6d6d9bf99de7e67c6dbc46739933c1d3aba6951a6e182b
short_state_relaxation_v1,DIRECT_SHORT_OD,20260913,HISTORICAL_CONTRACT_SEE_MANIFEST,9,AVAILABLE,path_1_to_H,clip_0_1,34650,0.13264048074333637,0.07341134098127469,e97aae13a476398f3c6d6d9bf99de7e67c6dbc46739933c1d3aba6951a6e182b
short_state_relaxation_v1,DIRECT_SHORT_OD,20260913,HISTORICAL_CONTRACT_SEE_MANIFEST,12,AVAILABLE,terminal_H,raw,3850,0.14761754802214788,0.09706004029950625,e97aae13a476398f3c6d6d9bf99de7e67c6dbc46739933c1d3aba6951a6e182b
short_state_relaxation_v1,DIRECT_SHORT_OD,20260913,HISTORICAL_CONTRACT_SEE_MANIFEST,12,AVAILABLE,terminal_H,clip_0_1,3850,0.14761754802214788,0.09706004029950625,e97aae13a476398f3c6d6d9bf99de7e67c6dbc46739933c1d3aba6951a6e182b
short_state_relaxation_v1,DIRECT_SHORT_OD,20260913,HISTORICAL_CONTRACT_SEE_MANIFEST,12,AVAILABLE,path_1_to_H,raw,46200,0.1364587113644179,0.07917164611082712,e97aae13a476398f3c6d6d9bf99de7e67c6dbc46739933c1d3aba6951a6e182b
short_state_relaxation_v1,DIRECT_SHORT_OD,20260913,HISTORICAL_CONTRACT_SEE_MANIFEST,12,AVAILABLE,path_1_to_H,clip_0_1,46200,0.1364587113644179,0.07917164611082712,e97aae13a476398f3c6d6d9bf99de7e67c6dbc46739933c1d3aba6951a6e182b
short_state_relaxation_v1,DIRECT_SHORT_OD,20260914,HISTORICAL_CONTRACT_SEE_MANIFEST,3,AVAILABLE,terminal_H,raw,3850,0.12682972144345167,0.06936498075715711,b7ca95c7a93a2cad21fc072a7c51301a2534a3e3c7425485419ecfd4103fbd6a
short_state_relaxation_v1,DIRECT_SHORT_OD,20260914,HISTORICAL_CONTRACT_SEE_MANIFEST,3,AVAILABLE,terminal_H,clip_0_1,3850,0.12682972144345167,0.06936498075715711,b7ca95c7a93a2cad21fc072a7c51301a2534a3e3c7425485419ecfd4103fbd6a
short_state_relaxation_v1,DIRECT_SHORT_OD,20260914,HISTORICAL_CONTRACT_SEE_MANIFEST,3,AVAILABLE,path_1_to_H,raw,11550,0.12682910807358672,0.06490171722861829,b7ca95c7a93a2cad21fc072a7c51301a2534a3e3c7425485419ecfd4103fbd6a
short_state_relaxation_v1,DIRECT_SHORT_OD,20260914,HISTORICAL_CONTRACT_SEE_MANIFEST,3,AVAILABLE,path_1_to_H,clip_0_1,11550,0.12682910807358672,0.06490171722861829,b7ca95c7a93a2cad21fc072a7c51301a2534a3e3c7425485419ecfd4103fbd6a
short_state_relaxation_v1,DIRECT_SHORT_OD,20260914,HISTORICAL_CONTRACT_SEE_MANIFEST,6,AVAILABLE,terminal_H,raw,3850,0.13062822304259739,0.0704648132580854,b7ca95c7a93a2cad21fc072a7c51301a2534a3e3c7425485419ecfd4103fbd6a
short_state_relaxation_v1,DIRECT_SHORT_OD,20260914,HISTORICAL_CONTRACT_SEE_MANIFEST,6,AVAILABLE,terminal_H,clip_0_1,3850,0.13062822304259739,0.0704648132580854,b7ca95c7a93a2cad21fc072a7c51301a2534a3e3c7425485419ecfd4103fbd6a
short_state_relaxation_v1,DIRECT_SHORT_OD,20260914,HISTORICAL_CONTRACT_SEE_MANIFEST,6,AVAILABLE,path_1_to_H,raw,23100,0.13333019228157753,0.07011519172736488,b7ca95c7a93a2cad21fc072a7c51301a2534a3e3c7425485419ecfd4103fbd6a
short_state_relaxation_v1,DIRECT_SHORT_OD,20260914,HISTORICAL_CONTRACT_SEE_MANIFEST,6,AVAILABLE,path_1_to_H,clip_0_1,23100,0.13333019228157753,0.07011519172736488,b7ca95c7a93a2cad21fc072a7c51301a2534a3e3c7425485419ecfd4103fbd6a
short_state_relaxation_v1,DIRECT_SHORT_OD,20260914,HISTORICAL_CONTRACT_SEE_MANIFEST,9,AVAILABLE,terminal_H,raw,3850,0.13230712600888017,0.08357909081979993,b7ca95c7a93a2cad21fc072a7c51301a2534a3e3c7425485419ecfd4103fbd6a
short_state_relaxation_v1,DIRECT_SHORT_OD,20260914,HISTORICAL_CONTRACT_SEE_MANIFEST,9,AVAILABLE,terminal_H,clip_0_1,3850,0.13230712600888017,0.08357909081979993,b7ca95c7a93a2cad21fc072a7c51301a2534a3e3c7425485419ecfd4103fbd6a
short_state_relaxation_v1,DIRECT_SHORT_OD,20260914,HISTORICAL_CONTRACT_SEE_MANIFEST,9,AVAILABLE,path_1_to_H,raw,34650,0.13269428816047185,0.0727929933750466,b7ca95c7a93a2cad21fc072a7c51301a2534a3e3c7425485419ecfd4103fbd6a
short_state_relaxation_v1,DIRECT_SHORT_OD,20260914,HISTORICAL_CONTRACT_SEE_MANIFEST,9,AVAILABLE,path_1_to_H,clip_0_1,34650,0.13269428816047185,0.0727929933750466,b7ca95c7a93a2cad21fc072a7c51301a2534a3e3c7425485419ecfd4103fbd6a
short_state_relaxation_v1,DIRECT_SHORT_OD,20260914,HISTORICAL_CONTRACT_SEE_MANIFEST,12,AVAILABLE,terminal_H,raw,3850,0.14912121546021462,0.098604408709352,b7ca95c7a93a2cad21fc072a7c51301a2534a3e3c7425485419ecfd4103fbd6a
short_state_relaxation_v1,DIRECT_SHORT_OD,20260914,HISTORICAL_CONTRACT_SEE_MANIFEST,12,AVAILABLE,terminal_H,clip_0_1,3850,0.14912121546021462,0.098604408709352,b7ca95c7a93a2cad21fc072a7c51301a2534a3e3c7425485419ecfd4103fbd6a
short_state_relaxation_v1,DIRECT_SHORT_OD,20260914,HISTORICAL_CONTRACT_SEE_MANIFEST,12,AVAILABLE,path_1_to_H,raw,46200,0.13673120299928304,0.07886075305749873,b7ca95c7a93a2cad21fc072a7c51301a2534a3e3c7425485419ecfd4103fbd6a
short_state_relaxation_v1,DIRECT_SHORT_OD,20260914,HISTORICAL_CONTRACT_SEE_MANIFEST,12,AVAILABLE,path_1_to_H,clip_0_1,46200,0.13673120299928304,0.07886075305749873,b7ca95c7a93a2cad21fc072a7c51301a2534a3e3c7425485419ecfd4103fbd6a
short_state_relaxation_v1,DIRECT_LONG_OD,20260913,HISTORICAL_CONTRACT_SEE_MANIFEST,3,AVAILABLE,terminal_H,raw,3850,0.11814379508056169,0.06341905838116518,6986dda2c49fa10bdaf2631b076b9ce54cd172a0b6f0e0678b973976e4afba89
short_state_relaxation_v1,DIRECT_LONG_OD,20260913,HISTORICAL_CONTRACT_SEE_MANIFEST,3,AVAILABLE,terminal_H,clip_0_1,3850,0.11814379508056169,0.06341905838116518,6986dda2c49fa10bdaf2631b076b9ce54cd172a0b6f0e0678b973976e4afba89
short_state_relaxation_v1,DIRECT_LONG_OD,20260913,HISTORICAL_CONTRACT_SEE_MANIFEST,3,AVAILABLE,path_1_to_H,raw,11550,0.12024841182553764,0.060830634189069116,6986dda2c49fa10bdaf2631b076b9ce54cd172a0b6f0e0678b973976e4afba89
short_state_relaxation_v1,DIRECT_LONG_OD,20260913,HISTORICAL_CONTRACT_SEE_MANIFEST,3,AVAILABLE,path_1_to_H,clip_0_1,11550,0.12024841182553764,0.060830634189069116,6986dda2c49fa10bdaf2631b076b9ce54cd172a0b6f0e0678b973976e4afba89
short_state_relaxation_v1,DIRECT_LONG_OD,20260913,HISTORICAL_CONTRACT_SEE_MANIFEST,6,AVAILABLE,terminal_H,raw,3850,0.11917240413259826,0.06481557137161069,6986dda2c49fa10bdaf2631b076b9ce54cd172a0b6f0e0678b973976e4afba89
short_state_relaxation_v1,DIRECT_LONG_OD,20260913,HISTORICAL_CONTRACT_SEE_MANIFEST,6,AVAILABLE,terminal_H,clip_0_1,3850,0.11917240413259826,0.06481557137161069,6986dda2c49fa10bdaf2631b076b9ce54cd172a0b6f0e0678b973976e4afba89
short_state_relaxation_v1,DIRECT_LONG_OD,20260913,HISTORICAL_CONTRACT_SEE_MANIFEST,6,AVAILABLE,path_1_to_H,raw,23100,0.1250434058411126,0.06478645971731074,6986dda2c49fa10bdaf2631b076b9ce54cd172a0b6f0e0678b973976e4afba89
short_state_relaxation_v1,DIRECT_LONG_OD,20260913,HISTORICAL_CONTRACT_SEE_MANIFEST,6,AVAILABLE,path_1_to_H,clip_0_1,23100,0.1250434058411126,0.06478645971731074,6986dda2c49fa10bdaf2631b076b9ce54cd172a0b6f0e0678b973976e4afba89
short_state_relaxation_v1,DIRECT_LONG_OD,20260913,HISTORICAL_CONTRACT_SEE_MANIFEST,9,AVAILABLE,terminal_H,raw,3850,0.11862217662736974,0.07069211528254764,6986dda2c49fa10bdaf2631b076b9ce54cd172a0b6f0e0678b973976e4afba89
short_state_relaxation_v1,DIRECT_LONG_OD,20260913,HISTORICAL_CONTRACT_SEE_MANIFEST,9,AVAILABLE,terminal_H,clip_0_1,3850,0.11862217662736974,0.07069211528254764,6986dda2c49fa10bdaf2631b076b9ce54cd172a0b6f0e0678b973976e4afba89
short_state_relaxation_v1,DIRECT_LONG_OD,20260913,HISTORICAL_CONTRACT_SEE_MANIFEST,9,AVAILABLE,path_1_to_H,raw,34650,0.12277351634871542,0.06589499466412026,6986dda2c49fa10bdaf2631b076b9ce54cd172a0b6f0e0678b973976e4afba89
short_state_relaxation_v1,DIRECT_LONG_OD,20260913,HISTORICAL_CONTRACT_SEE_MANIFEST,9,AVAILABLE,path_1_to_H,clip_0_1,34650,0.12277351634871542,0.06589499466412026,6986dda2c49fa10bdaf2631b076b9ce54cd172a0b6f0e0678b973976e4afba89
short_state_relaxation_v1,DIRECT_LONG_OD,20260913,HISTORICAL_CONTRACT_SEE_MANIFEST,12,AVAILABLE,terminal_H,raw,3850,0.12325277354148999,0.07578157279588275,6986dda2c49fa10bdaf2631b076b9ce54cd172a0b6f0e0678b973976e4afba89
short_state_relaxation_v1,DIRECT_LONG_OD,20260913,HISTORICAL_CONTRACT_SEE_MANIFEST,12,AVAILABLE,terminal_H,clip_0_1,3850,0.12325277354148999,0.07578157279588275,6986dda2c49fa10bdaf2631b076b9ce54cd172a0b6f0e0678b973976e4afba89
short_state_relaxation_v1,DIRECT_LONG_OD,20260913,HISTORICAL_CONTRACT_SEE_MANIFEST,12,AVAILABLE,path_1_to_H,raw,46200,0.12272008991371837,0.06795453571720886,6986dda2c49fa10bdaf2631b076b9ce54cd172a0b6f0e0678b973976e4afba89
short_state_relaxation_v1,DIRECT_LONG_OD,20260913,HISTORICAL_CONTRACT_SEE_MANIFEST,12,AVAILABLE,path_1_to_H,clip_0_1,46200,0.12272008991371837,0.06795453571720886,6986dda2c49fa10bdaf2631b076b9ce54cd172a0b6f0e0678b973976e4afba89
short_state_relaxation_v1,DIRECT_LONG_OD,20260914,HISTORICAL_CONTRACT_SEE_MANIFEST,3,AVAILABLE,terminal_H,raw,3850,0.11675938696969713,0.06367371898559118,87daa1abc219ef2bea6b2a7018fd9739575110025dda4cac0934346bd6be49d8
short_state_relaxation_v1,DIRECT_LONG_OD,20260914,HISTORICAL_CONTRACT_SEE_MANIFEST,3,AVAILABLE,terminal_H,clip_0_1,3850,0.11675938696969713,0.06367371898559118,87daa1abc219ef2bea6b2a7018fd9739575110025dda4cac0934346bd6be49d8
short_state_relaxation_v1,DIRECT_LONG_OD,20260914,HISTORICAL_CONTRACT_SEE_MANIFEST,3,AVAILABLE,path_1_to_H,raw,11550,0.11798543738477402,0.060903269093254636,87daa1abc219ef2bea6b2a7018fd9739575110025dda4cac0934346bd6be49d8
short_state_relaxation_v1,DIRECT_LONG_OD,20260914,HISTORICAL_CONTRACT_SEE_MANIFEST,3,AVAILABLE,path_1_to_H,clip_0_1,11550,0.11798543738477402,0.060903269093254636,87daa1abc219ef2bea6b2a7018fd9739575110025dda4cac0934346bd6be49d8
short_state_relaxation_v1,DIRECT_LONG_OD,20260914,HISTORICAL_CONTRACT_SEE_MANIFEST,6,AVAILABLE,terminal_H,raw,3850,0.1214337983522381,0.06784544409728759,87daa1abc219ef2bea6b2a7018fd9739575110025dda4cac0934346bd6be49d8
short_state_relaxation_v1,DIRECT_LONG_OD,20260914,HISTORICAL_CONTRACT_SEE_MANIFEST,6,AVAILABLE,terminal_H,clip_0_1,3850,0.1214337983522381,0.06784544409728759,87daa1abc219ef2bea6b2a7018fd9739575110025dda4cac0934346bd6be49d8
short_state_relaxation_v1,DIRECT_LONG_OD,20260914,HISTORICAL_CONTRACT_SEE_MANIFEST,6,AVAILABLE,path_1_to_H,raw,23100,0.12472376720899978,0.06594518771293759,87daa1abc219ef2bea6b2a7018fd9739575110025dda4cac0934346bd6be49d8
short_state_relaxation_v1,DIRECT_LONG_OD,20260914,HISTORICAL_CONTRACT_SEE_MANIFEST,6,AVAILABLE,path_1_to_H,clip_0_1,23100,0.12472376720899978,0.06594518771293759,87daa1abc219ef2bea6b2a7018fd9739575110025dda4cac0934346bd6be49d8
short_state_relaxation_v1,DIRECT_LONG_OD,20260914,HISTORICAL_CONTRACT_SEE_MANIFEST,9,AVAILABLE,terminal_H,raw,3850,0.11799125027550846,0.07110720536894394,87daa1abc219ef2bea6b2a7018fd9739575110025dda4cac0934346bd6be49d8
short_state_relaxation_v1,DIRECT_LONG_OD,20260914,HISTORICAL_CONTRACT_SEE_MANIFEST,9,AVAILABLE,terminal_H,clip_0_1,3850,0.11799125027550846,0.07110720536894394,87daa1abc219ef2bea6b2a7018fd9739575110025dda4cac0934346bd6be49d8
short_state_relaxation_v1,DIRECT_LONG_OD,20260914,HISTORICAL_CONTRACT_SEE_MANIFEST,9,AVAILABLE,path_1_to_H,raw,34650,0.12263765406107581,0.06697837834180038,87daa1abc219ef2bea6b2a7018fd9739575110025dda4cac0934346bd6be49d8
short_state_relaxation_v1,DIRECT_LONG_OD,20260914,HISTORICAL_CONTRACT_SEE_MANIFEST,9,AVAILABLE,path_1_to_H,clip_0_1,34650,0.12263765406107581,0.06697837834180038,87daa1abc219ef2bea6b2a7018fd9739575110025dda4cac0934346bd6be49d8
short_state_relaxation_v1,DIRECT_LONG_OD,20260914,HISTORICAL_CONTRACT_SEE_MANIFEST,12,AVAILABLE,terminal_H,raw,3850,0.1203787477581607,0.07364288221369648,87daa1abc219ef2bea6b2a7018fd9739575110025dda4cac0934346bd6be49d8
short_state_relaxation_v1,DIRECT_LONG_OD,20260914,HISTORICAL_CONTRACT_SEE_MANIFEST,12,AVAILABLE,terminal_H,clip_0_1,3850,0.1203787477581607,0.07364288221369648,87daa1abc219ef2bea6b2a7018fd9739575110025dda4cac0934346bd6be49d8
short_state_relaxation_v1,DIRECT_LONG_OD,20260914,HISTORICAL_CONTRACT_SEE_MANIFEST,12,AVAILABLE,path_1_to_H,raw,46200,0.1222939760782306,0.06854179473908398,87daa1abc219ef2bea6b2a7018fd9739575110025dda4cac0934346bd6be49d8
short_state_relaxation_v1,DIRECT_LONG_OD,20260914,HISTORICAL_CONTRACT_SEE_MANIFEST,12,AVAILABLE,path_1_to_H,clip_0_1,46200,0.1222939760782306,0.06854179473908398,87daa1abc219ef2bea6b2a7018fd9739575110025dda4cac0934346bd6be49d8
short_state_relaxation_v1,RIDGE_SHORT_OD,deterministic,HISTORICAL_CONTRACT_SEE_MANIFEST,3,AVAILABLE,terminal_H,raw,3850,0.12132177619914317,0.07256961535182926,e920417bbd0621c53c2ef45afbe7e002844e7cb6e1bd4bebf8de43611567e91d
short_state_relaxation_v1,RIDGE_SHORT_OD,deterministic,HISTORICAL_CONTRACT_SEE_MANIFEST,3,AVAILABLE,terminal_H,clip_0_1,3850,0.12132177619914317,0.07256961535182926,e920417bbd0621c53c2ef45afbe7e002844e7cb6e1bd4bebf8de43611567e91d
short_state_relaxation_v1,RIDGE_SHORT_OD,deterministic,HISTORICAL_CONTRACT_SEE_MANIFEST,3,AVAILABLE,path_1_to_H,raw,11550,0.12197233720362656,0.06730173179150718,e920417bbd0621c53c2ef45afbe7e002844e7cb6e1bd4bebf8de43611567e91d
short_state_relaxation_v1,RIDGE_SHORT_OD,deterministic,HISTORICAL_CONTRACT_SEE_MANIFEST,3,AVAILABLE,path_1_to_H,clip_0_1,11550,0.12197233720362656,0.06730173179150718,e920417bbd0621c53c2ef45afbe7e002844e7cb6e1bd4bebf8de43611567e91d
short_state_relaxation_v1,RIDGE_SHORT_OD,deterministic,HISTORICAL_CONTRACT_SEE_MANIFEST,6,AVAILABLE,terminal_H,raw,3850,0.12763853074908654,0.08157940282862278,e920417bbd0621c53c2ef45afbe7e002844e7cb6e1bd4bebf8de43611567e91d
short_state_relaxation_v1,RIDGE_SHORT_OD,deterministic,HISTORICAL_CONTRACT_SEE_MANIFEST,6,AVAILABLE,terminal_H,clip_0_1,3850,0.12763853074908654,0.08157940282862278,e920417bbd0621c53c2ef45afbe7e002844e7cb6e1bd4bebf8de43611567e91d
short_state_relaxation_v1,RIDGE_SHORT_OD,deterministic,HISTORICAL_CONTRACT_SEE_MANIFEST,6,AVAILABLE,path_1_to_H,raw,23100,0.1289990066004327,0.07535513834758438,e920417bbd0621c53c2ef45afbe7e002844e7cb6e1bd4bebf8de43611567e91d
short_state_relaxation_v1,RIDGE_SHORT_OD,deterministic,HISTORICAL_CONTRACT_SEE_MANIFEST,6,AVAILABLE,path_1_to_H,clip_0_1,23100,0.1289990066004327,0.07535513834758438,e920417bbd0621c53c2ef45afbe7e002844e7cb6e1bd4bebf8de43611567e91d
short_state_relaxation_v1,RIDGE_SHORT_OD,deterministic,HISTORICAL_CONTRACT_SEE_MANIFEST,9,AVAILABLE,terminal_H,raw,3850,0.13119914867735577,0.09470397991494683,e920417bbd0621c53c2ef45afbe7e002844e7cb6e1bd4bebf8de43611567e91d
short_state_relaxation_v1,RIDGE_SHORT_OD,deterministic,HISTORICAL_CONTRACT_SEE_MANIFEST,9,AVAILABLE,terminal_H,clip_0_1,3850,0.13119914867735577,0.09470397991494683,e920417bbd0621c53c2ef45afbe7e002844e7cb6e1bd4bebf8de43611567e91d
short_state_relaxation_v1,RIDGE_SHORT_OD,deterministic,HISTORICAL_CONTRACT_SEE_MANIFEST,9,AVAILABLE,path_1_to_H,raw,34650,0.12952917962008717,0.08050587334320647,e920417bbd0621c53c2ef45afbe7e002844e7cb6e1bd4bebf8de43611567e91d
short_state_relaxation_v1,RIDGE_SHORT_OD,deterministic,HISTORICAL_CONTRACT_SEE_MANIFEST,9,AVAILABLE,path_1_to_H,clip_0_1,34650,0.12952917962008717,0.08050587334320647,e920417bbd0621c53c2ef45afbe7e002844e7cb6e1bd4bebf8de43611567e91d
short_state_relaxation_v1,RIDGE_SHORT_OD,deterministic,HISTORICAL_CONTRACT_SEE_MANIFEST,12,AVAILABLE,terminal_H,raw,3850,0.1467445035632589,0.10616658993939136,e920417bbd0621c53c2ef45afbe7e002844e7cb6e1bd4bebf8de43611567e91d
short_state_relaxation_v1,RIDGE_SHORT_OD,deterministic,HISTORICAL_CONTRACT_SEE_MANIFEST,12,AVAILABLE,terminal_H,clip_0_1,3850,0.1467445035632589,0.10616658993939136,e920417bbd0621c53c2ef45afbe7e002844e7cb6e1bd4bebf8de43611567e91d
short_state_relaxation_v1,RIDGE_SHORT_OD,deterministic,HISTORICAL_CONTRACT_SEE_MANIFEST,12,AVAILABLE,path_1_to_H,raw,46200,0.13385631920841534,0.08670082323549864,e920417bbd0621c53c2ef45afbe7e002844e7cb6e1bd4bebf8de43611567e91d
short_state_relaxation_v1,RIDGE_SHORT_OD,deterministic,HISTORICAL_CONTRACT_SEE_MANIFEST,12,AVAILABLE,path_1_to_H,clip_0_1,46200,0.13385631920841534,0.08670082323549864,e920417bbd0621c53c2ef45afbe7e002844e7cb6e1bd4bebf8de43611567e91d
short_state_relaxation_v1,RIDGE_LONG_OD,deterministic,HISTORICAL_CONTRACT_SEE_MANIFEST,3,AVAILABLE,terminal_H,raw,3850,0.10887039335131089,0.06275004621150433,91dd402bf3df8a3dbdaa30b7a77c38e085c68b2a77d75c5a6ef0c97d3cd61578
short_state_relaxation_v1,RIDGE_LONG_OD,deterministic,HISTORICAL_CONTRACT_SEE_MANIFEST,3,AVAILABLE,terminal_H,clip_0_1,3850,0.10886780811190436,0.06273469880252884,91dd402bf3df8a3dbdaa30b7a77c38e085c68b2a77d75c5a6ef0c97d3cd61578
short_state_relaxation_v1,RIDGE_LONG_OD,deterministic,HISTORICAL_CONTRACT_SEE_MANIFEST,3,AVAILABLE,path_1_to_H,raw,11550,0.10844216983936744,0.058215197733632706,91dd402bf3df8a3dbdaa30b7a77c38e085c68b2a77d75c5a6ef0c97d3cd61578
short_state_relaxation_v1,RIDGE_LONG_OD,deterministic,HISTORICAL_CONTRACT_SEE_MANIFEST,3,AVAILABLE,path_1_to_H,clip_0_1,11550,0.10843753341885691,0.05819006858839025,91dd402bf3df8a3dbdaa30b7a77c38e085c68b2a77d75c5a6ef0c97d3cd61578
short_state_relaxation_v1,RIDGE_LONG_OD,deterministic,HISTORICAL_CONTRACT_SEE_MANIFEST,6,AVAILABLE,terminal_H,raw,3850,0.11250546994246287,0.0665814280472109,91dd402bf3df8a3dbdaa30b7a77c38e085c68b2a77d75c5a6ef0c97d3cd61578
short_state_relaxation_v1,RIDGE_LONG_OD,deterministic,HISTORICAL_CONTRACT_SEE_MANIFEST,6,AVAILABLE,terminal_H,clip_0_1,3850,0.11250526267504261,0.06657595630038025,91dd402bf3df8a3dbdaa30b7a77c38e085c68b2a77d75c5a6ef0c97d3cd61578
short_state_relaxation_v1,RIDGE_LONG_OD,deterministic,HISTORICAL_CONTRACT_SEE_MANIFEST,6,AVAILABLE,path_1_to_H,raw,23100,0.11573379773837021,0.0641401073633475,91dd402bf3df8a3dbdaa30b7a77c38e085c68b2a77d75c5a6ef0c97d3cd61578
short_state_relaxation_v1,RIDGE_LONG_OD,deterministic,HISTORICAL_CONTRACT_SEE_MANIFEST,6,AVAILABLE,path_1_to_H,clip_0_1,23100,0.11573146002772243,0.06412423873220525,91dd402bf3df8a3dbdaa30b7a77c38e085c68b2a77d75c5a6ef0c97d3cd61578
short_state_relaxation_v1,RIDGE_LONG_OD,deterministic,HISTORICAL_CONTRACT_SEE_MANIFEST,9,AVAILABLE,terminal_H,raw,3850,0.10869267033876627,0.07002267576815444,91dd402bf3df8a3dbdaa30b7a77c38e085c68b2a77d75c5a6ef0c97d3cd61578
short_state_relaxation_v1,RIDGE_LONG_OD,deterministic,HISTORICAL_CONTRACT_SEE_MANIFEST,9,AVAILABLE,terminal_H,clip_0_1,3850,0.10869232862842484,0.07001665524068995,91dd402bf3df8a3dbdaa30b7a77c38e085c68b2a77d75c5a6ef0c97d3cd61578
short_state_relaxation_v1,RIDGE_LONG_OD,deterministic,HISTORICAL_CONTRACT_SEE_MANIFEST,9,AVAILABLE,path_1_to_H,raw,34650,0.11380050957884068,0.0655027878658581,91dd402bf3df8a3dbdaa30b7a77c38e085c68b2a77d75c5a6ef0c97d3cd61578
short_state_relaxation_v1,RIDGE_LONG_OD,deterministic,HISTORICAL_CONTRACT_SEE_MANIFEST,9,AVAILABLE,path_1_to_H,clip_0_1,34650,0.11379886871626999,0.06549087750715707,91dd402bf3df8a3dbdaa30b7a77c38e085c68b2a77d75c5a6ef0c97d3cd61578
short_state_relaxation_v1,RIDGE_LONG_OD,deterministic,HISTORICAL_CONTRACT_SEE_MANIFEST,12,AVAILABLE,terminal_H,raw,3850,0.11451864758001216,0.07462423058099567,91dd402bf3df8a3dbdaa30b7a77c38e085c68b2a77d75c5a6ef0c97d3cd61578
short_state_relaxation_v1,RIDGE_LONG_OD,deterministic,HISTORICAL_CONTRACT_SEE_MANIFEST,12,AVAILABLE,terminal_H,clip_0_1,3850,0.11451219890044605,0.0746072320687806,91dd402bf3df8a3dbdaa30b7a77c38e085c68b2a77d75c5a6ef0c97d3cd61578
short_state_relaxation_v1,RIDGE_LONG_OD,deterministic,HISTORICAL_CONTRACT_SEE_MANIFEST,12,AVAILABLE,path_1_to_H,raw,46200,0.1137195144299465,0.06743035463423697,91dd402bf3df8a3dbdaa30b7a77c38e085c68b2a77d75c5a6ef0c97d3cd61578
short_state_relaxation_v1,RIDGE_LONG_OD,deterministic,HISTORICAL_CONTRACT_SEE_MANIFEST,12,AVAILABLE,path_1_to_H,clip_0_1,46200,0.11371613644994719,0.06741728765730044,91dd402bf3df8a3dbdaa30b7a77c38e085c68b2a77d75c5a6ef0c97d3cd61578
short_state_relaxation_v1,last,deterministic,HISTORICAL_CONTRACT_SEE_MANIFEST,3,AVAILABLE,terminal_H,raw,3850,0.12854955670584065,0.06557978055379414,69c50942d5f6c26ad52171c3d05d41f5b6d6a560831374d26b4b64120b5ff83e
short_state_relaxation_v1,last,deterministic,HISTORICAL_CONTRACT_SEE_MANIFEST,3,AVAILABLE,terminal_H,clip_0_1,3850,0.12854955670584065,0.06557978055379414,69c50942d5f6c26ad52171c3d05d41f5b6d6a560831374d26b4b64120b5ff83e
short_state_relaxation_v1,last,deterministic,HISTORICAL_CONTRACT_SEE_MANIFEST,3,AVAILABLE,path_1_to_H,raw,11550,0.12794006391172752,0.061022862529470805,69c50942d5f6c26ad52171c3d05d41f5b6d6a560831374d26b4b64120b5ff83e
short_state_relaxation_v1,last,deterministic,HISTORICAL_CONTRACT_SEE_MANIFEST,3,AVAILABLE,path_1_to_H,clip_0_1,11550,0.12794006391172752,0.061022862529470805,69c50942d5f6c26ad52171c3d05d41f5b6d6a560831374d26b4b64120b5ff83e
short_state_relaxation_v1,last,deterministic,HISTORICAL_CONTRACT_SEE_MANIFEST,6,AVAILABLE,terminal_H,raw,3850,0.13337653844161032,0.06736073351961065,69c50942d5f6c26ad52171c3d05d41f5b6d6a560831374d26b4b64120b5ff83e
short_state_relaxation_v1,last,deterministic,HISTORICAL_CONTRACT_SEE_MANIFEST,6,AVAILABLE,terminal_H,clip_0_1,3850,0.13337653844161032,0.06736073351961065,69c50942d5f6c26ad52171c3d05d41f5b6d6a560831374d26b4b64120b5ff83e
short_state_relaxation_v1,last,deterministic,HISTORICAL_CONTRACT_SEE_MANIFEST,6,AVAILABLE,path_1_to_H,raw,23100,0.1348419431341674,0.06633842426952927,69c50942d5f6c26ad52171c3d05d41f5b6d6a560831374d26b4b64120b5ff83e
short_state_relaxation_v1,last,deterministic,HISTORICAL_CONTRACT_SEE_MANIFEST,6,AVAILABLE,path_1_to_H,clip_0_1,23100,0.1348419431341674,0.06633842426952927,69c50942d5f6c26ad52171c3d05d41f5b6d6a560831374d26b4b64120b5ff83e
short_state_relaxation_v1,last,deterministic,HISTORICAL_CONTRACT_SEE_MANIFEST,9,AVAILABLE,terminal_H,raw,3850,0.13970691504386754,0.08130751389840787,69c50942d5f6c26ad52171c3d05d41f5b6d6a560831374d26b4b64120b5ff83e
short_state_relaxation_v1,last,deterministic,HISTORICAL_CONTRACT_SEE_MANIFEST,9,AVAILABLE,terminal_H,clip_0_1,3850,0.13970691504386754,0.08130751389840787,69c50942d5f6c26ad52171c3d05d41f5b6d6a560831374d26b4b64120b5ff83e
short_state_relaxation_v1,last,deterministic,HISTORICAL_CONTRACT_SEE_MANIFEST,9,AVAILABLE,path_1_to_H,raw,34650,0.13541665497493663,0.06930371304078922,69c50942d5f6c26ad52171c3d05d41f5b6d6a560831374d26b4b64120b5ff83e
short_state_relaxation_v1,last,deterministic,HISTORICAL_CONTRACT_SEE_MANIFEST,9,AVAILABLE,path_1_to_H,clip_0_1,34650,0.13541665497493663,0.06930371304078922,69c50942d5f6c26ad52171c3d05d41f5b6d6a560831374d26b4b64120b5ff83e
short_state_relaxation_v1,last,deterministic,HISTORICAL_CONTRACT_SEE_MANIFEST,12,AVAILABLE,terminal_H,raw,3850,0.16520356837003147,0.10101268601640091,69c50942d5f6c26ad52171c3d05d41f5b6d6a560831374d26b4b64120b5ff83e
short_state_relaxation_v1,last,deterministic,HISTORICAL_CONTRACT_SEE_MANIFEST,12,AVAILABLE,terminal_H,clip_0_1,3850,0.16520356837003147,0.10101268601640091,69c50942d5f6c26ad52171c3d05d41f5b6d6a560831374d26b4b64120b5ff83e
short_state_relaxation_v1,last,deterministic,HISTORICAL_CONTRACT_SEE_MANIFEST,12,AVAILABLE,path_1_to_H,raw,46200,0.14316792851264248,0.07680872755989965,69c50942d5f6c26ad52171c3d05d41f5b6d6a560831374d26b4b64120b5ff83e
short_state_relaxation_v1,last,deterministic,HISTORICAL_CONTRACT_SEE_MANIFEST,12,AVAILABLE,path_1_to_H,clip_0_1,46200,0.14316792851264248,0.07680872755989965,69c50942d5f6c26ad52171c3d05d41f5b6d6a560831374d26b4b64120b5ff83e
short_state_relaxation_v1,day,deterministic,HISTORICAL_CONTRACT_SEE_MANIFEST,3,AVAILABLE,terminal_H,raw,3850,0.14022954598696333,0.08129751595874112,275f5e33ae42521f2c05ebee71e12433e3eac3403d68bb8830e16c4a4a16ae34
short_state_relaxation_v1,day,deterministic,HISTORICAL_CONTRACT_SEE_MANIFEST,3,AVAILABLE,terminal_H,clip_0_1,3850,0.14022954598696333,0.08129751595874112,275f5e33ae42521f2c05ebee71e12433e3eac3403d68bb8830e16c4a4a16ae34
short_state_relaxation_v1,day,deterministic,HISTORICAL_CONTRACT_SEE_MANIFEST,3,AVAILABLE,path_1_to_H,raw,11550,0.146220815493234,0.08455230610372572,275f5e33ae42521f2c05ebee71e12433e3eac3403d68bb8830e16c4a4a16ae34
short_state_relaxation_v1,day,deterministic,HISTORICAL_CONTRACT_SEE_MANIFEST,3,AVAILABLE,path_1_to_H,clip_0_1,11550,0.146220815493234,0.08455230610372572,275f5e33ae42521f2c05ebee71e12433e3eac3403d68bb8830e16c4a4a16ae34
short_state_relaxation_v1,day,deterministic,HISTORICAL_CONTRACT_SEE_MANIFEST,6,AVAILABLE,terminal_H,raw,3850,0.14962923337144735,0.0862100746148786,275f5e33ae42521f2c05ebee71e12433e3eac3403d68bb8830e16c4a4a16ae34
short_state_relaxation_v1,day,deterministic,HISTORICAL_CONTRACT_SEE_MANIFEST,6,AVAILABLE,terminal_H,clip_0_1,3850,0.14962923337144735,0.0862100746148786,275f5e33ae42521f2c05ebee71e12433e3eac3403d68bb8830e16c4a4a16ae34
short_state_relaxation_v1,day,deterministic,HISTORICAL_CONTRACT_SEE_MANIFEST,6,AVAILABLE,path_1_to_H,raw,23100,0.15557331793040416,0.08891241706383628,275f5e33ae42521f2c05ebee71e12433e3eac3403d68bb8830e16c4a4a16ae34
short_state_relaxation_v1,day,deterministic,HISTORICAL_CONTRACT_SEE_MANIFEST,6,AVAILABLE,path_1_to_H,clip_0_1,23100,0.15557331793040416,0.08891241706383628,275f5e33ae42521f2c05ebee71e12433e3eac3403d68bb8830e16c4a4a16ae34
short_state_relaxation_v1,day,deterministic,HISTORICAL_CONTRACT_SEE_MANIFEST,9,AVAILABLE,terminal_H,raw,3850,0.14334829389481335,0.08567054133910637,275f5e33ae42521f2c05ebee71e12433e3eac3403d68bb8830e16c4a4a16ae34
short_state_relaxation_v1,day,deterministic,HISTORICAL_CONTRACT_SEE_MANIFEST,9,AVAILABLE,terminal_H,clip_0_1,3850,0.14334829389481335,0.08567054133910637,275f5e33ae42521f2c05ebee71e12433e3eac3403d68bb8830e16c4a4a16ae34
short_state_relaxation_v1,day,deterministic,HISTORICAL_CONTRACT_SEE_MANIFEST,9,AVAILABLE,path_1_to_H,raw,34650,0.15229657458068951,0.08743454656828448,275f5e33ae42521f2c05ebee71e12433e3eac3403d68bb8830e16c4a4a16ae34
short_state_relaxation_v1,day,deterministic,HISTORICAL_CONTRACT_SEE_MANIFEST,9,AVAILABLE,path_1_to_H,clip_0_1,34650,0.15229657458068951,0.08743454656828448,275f5e33ae42521f2c05ebee71e12433e3eac3403d68bb8830e16c4a4a16ae34
short_state_relaxation_v1,day,deterministic,HISTORICAL_CONTRACT_SEE_MANIFEST,12,AVAILABLE,terminal_H,raw,3850,0.15008913138463734,0.08806670713782698,275f5e33ae42521f2c05ebee71e12433e3eac3403d68bb8830e16c4a4a16ae34
short_state_relaxation_v1,day,deterministic,HISTORICAL_CONTRACT_SEE_MANIFEST,12,AVAILABLE,terminal_H,clip_0_1,3850,0.15008913138463734,0.08806670713782698,275f5e33ae42521f2c05ebee71e12433e3eac3403d68bb8830e16c4a4a16ae34
short_state_relaxation_v1,day,deterministic,HISTORICAL_CONTRACT_SEE_MANIFEST,12,AVAILABLE,path_1_to_H,raw,46200,0.15209194689926875,0.08768671752493909,275f5e33ae42521f2c05ebee71e12433e3eac3403d68bb8830e16c4a4a16ae34
short_state_relaxation_v1,day,deterministic,HISTORICAL_CONTRACT_SEE_MANIFEST,12,AVAILABLE,path_1_to_H,clip_0_1,46200,0.15209194689926875,0.08768671752493909,275f5e33ae42521f2c05ebee71e12433e3eac3403d68bb8830e16c4a4a16ae34
short_state_relaxation_v1,week,deterministic,HISTORICAL_CONTRACT_SEE_MANIFEST,3,AVAILABLE,terminal_H,raw,3850,0.16766276396149365,0.11362141205844555,c2415c03d90c8b3db82eed9d10cd9c9c5ddeb716a6858c5334f538c57f5eff0b
short_state_relaxation_v1,week,deterministic,HISTORICAL_CONTRACT_SEE_MANIFEST,3,AVAILABLE,terminal_H,clip_0_1,3850,0.16766276396149365,0.11362141205844555,c2415c03d90c8b3db82eed9d10cd9c9c5ddeb716a6858c5334f538c57f5eff0b
short_state_relaxation_v1,week,deterministic,HISTORICAL_CONTRACT_SEE_MANIFEST,3,AVAILABLE,path_1_to_H,raw,11550,0.17470008176805008,0.11887468411147724,c2415c03d90c8b3db82eed9d10cd9c9c5ddeb716a6858c5334f538c57f5eff0b
short_state_relaxation_v1,week,deterministic,HISTORICAL_CONTRACT_SEE_MANIFEST,3,AVAILABLE,path_1_to_H,clip_0_1,11550,0.17470008176805008,0.11887468411147724,c2415c03d90c8b3db82eed9d10cd9c9c5ddeb716a6858c5334f538c57f5eff0b
short_state_relaxation_v1,week,deterministic,HISTORICAL_CONTRACT_SEE_MANIFEST,6,AVAILABLE,terminal_H,raw,3850,0.18975207749524775,0.12611733923895985,c2415c03d90c8b3db82eed9d10cd9c9c5ddeb716a6858c5334f538c57f5eff0b
short_state_relaxation_v1,week,deterministic,HISTORICAL_CONTRACT_SEE_MANIFEST,6,AVAILABLE,terminal_H,clip_0_1,3850,0.18975207749524775,0.12611733923895985,c2415c03d90c8b3db82eed9d10cd9c9c5ddeb716a6858c5334f538c57f5eff0b
short_state_relaxation_v1,week,deterministic,HISTORICAL_CONTRACT_SEE_MANIFEST,6,AVAILABLE,path_1_to_H,raw,23100,0.1760551500848951,0.11904772553790474,c2415c03d90c8b3db82eed9d10cd9c9c5ddeb716a6858c5334f538c57f5eff0b
short_state_relaxation_v1,week,deterministic,HISTORICAL_CONTRACT_SEE_MANIFEST,6,AVAILABLE,path_1_to_H,clip_0_1,23100,0.1760551500848951,0.11904772553790474,c2415c03d90c8b3db82eed9d10cd9c9c5ddeb716a6858c5334f538c57f5eff0b
short_state_relaxation_v1,week,deterministic,HISTORICAL_CONTRACT_SEE_MANIFEST,9,AVAILABLE,terminal_H,raw,3850,0.15978524001669125,0.11034107484866854,c2415c03d90c8b3db82eed9d10cd9c9c5ddeb716a6858c5334f538c57f5eff0b
short_state_relaxation_v1,week,deterministic,HISTORICAL_CONTRACT_SEE_MANIFEST,9,AVAILABLE,terminal_H,clip_0_1,3850,0.15978524001669125,0.11034107484866854,c2415c03d90c8b3db82eed9d10cd9c9c5ddeb716a6858c5334f538c57f5eff0b
short_state_relaxation_v1,week,deterministic,HISTORICAL_CONTRACT_SEE_MANIFEST,9,AVAILABLE,path_1_to_H,raw,34650,0.17151797997124577,0.11591746079121296,c2415c03d90c8b3db82eed9d10cd9c9c5ddeb716a6858c5334f538c57f5eff0b
short_state_relaxation_v1,week,deterministic,HISTORICAL_CONTRACT_SEE_MANIFEST,9,AVAILABLE,path_1_to_H,clip_0_1,34650,0.17151797997124577,0.11591746079121296,c2415c03d90c8b3db82eed9d10cd9c9c5ddeb716a6858c5334f538c57f5eff0b
short_state_relaxation_v1,week,deterministic,HISTORICAL_CONTRACT_SEE_MANIFEST,12,AVAILABLE,terminal_H,raw,3850,0.17130373475816976,0.11499259823788102,c2415c03d90c8b3db82eed9d10cd9c9c5ddeb716a6858c5334f538c57f5eff0b
short_state_relaxation_v1,week,deterministic,HISTORICAL_CONTRACT_SEE_MANIFEST,12,AVAILABLE,terminal_H,clip_0_1,3850,0.17130373475816976,0.11499259823788102,c2415c03d90c8b3db82eed9d10cd9c9c5ddeb716a6858c5334f538c57f5eff0b
short_state_relaxation_v1,week,deterministic,HISTORICAL_CONTRACT_SEE_MANIFEST,12,AVAILABLE,path_1_to_H,raw,46200,0.17149941005330718,0.11588237557836377,c2415c03d90c8b3db82eed9d10cd9c9c5ddeb716a6858c5334f538c57f5eff0b
short_state_relaxation_v1,week,deterministic,HISTORICAL_CONTRACT_SEE_MANIFEST,12,AVAILABLE,path_1_to_H,clip_0_1,46200,0.17149941005330718,0.11588237557836377,c2415c03d90c8b3db82eed9d10cd9c9c5ddeb716a6858c5334f538c57f5eff0b
long_history_source_ablation_v1,S,fixed,HISTORICAL_CONTRACT_SEE_MANIFEST,3,AVAILABLE,terminal_H,raw,3850,0.12132177619914317,0.07256961535182926,8ad4463d1f60cd935ab0d78c614d2ee3cac21e745041df712873e4c078b1071e
long_history_source_ablation_v1,S,fixed,HISTORICAL_CONTRACT_SEE_MANIFEST,3,AVAILABLE,terminal_H,clip_0_1,3850,0.12132177619914317,0.07256961535182926,8ad4463d1f60cd935ab0d78c614d2ee3cac21e745041df712873e4c078b1071e
long_history_source_ablation_v1,S,fixed,HISTORICAL_CONTRACT_SEE_MANIFEST,3,AVAILABLE,path_1_to_H,raw,11550,0.12197233720362655,0.06730173179150718,8ad4463d1f60cd935ab0d78c614d2ee3cac21e745041df712873e4c078b1071e
long_history_source_ablation_v1,S,fixed,HISTORICAL_CONTRACT_SEE_MANIFEST,3,AVAILABLE,path_1_to_H,clip_0_1,11550,0.12197233720362655,0.06730173179150718,8ad4463d1f60cd935ab0d78c614d2ee3cac21e745041df712873e4c078b1071e
long_history_source_ablation_v1,S,fixed,HISTORICAL_CONTRACT_SEE_MANIFEST,6,AVAILABLE,terminal_H,raw,3850,0.12763853074908654,0.08157940282862278,8ad4463d1f60cd935ab0d78c614d2ee3cac21e745041df712873e4c078b1071e
long_history_source_ablation_v1,S,fixed,HISTORICAL_CONTRACT_SEE_MANIFEST,6,AVAILABLE,terminal_H,clip_0_1,3850,0.12763853074908654,0.08157940282862278,8ad4463d1f60cd935ab0d78c614d2ee3cac21e745041df712873e4c078b1071e
long_history_source_ablation_v1,S,fixed,HISTORICAL_CONTRACT_SEE_MANIFEST,6,AVAILABLE,path_1_to_H,raw,23100,0.1289990066004327,0.07535513834758438,8ad4463d1f60cd935ab0d78c614d2ee3cac21e745041df712873e4c078b1071e
long_history_source_ablation_v1,S,fixed,HISTORICAL_CONTRACT_SEE_MANIFEST,6,AVAILABLE,path_1_to_H,clip_0_1,23100,0.1289990066004327,0.07535513834758438,8ad4463d1f60cd935ab0d78c614d2ee3cac21e745041df712873e4c078b1071e
long_history_source_ablation_v1,S,fixed,HISTORICAL_CONTRACT_SEE_MANIFEST,9,AVAILABLE,terminal_H,raw,3850,0.13119914867735577,0.09470397991494683,8ad4463d1f60cd935ab0d78c614d2ee3cac21e745041df712873e4c078b1071e
long_history_source_ablation_v1,S,fixed,HISTORICAL_CONTRACT_SEE_MANIFEST,9,AVAILABLE,terminal_H,clip_0_1,3850,0.13119914867735577,0.09470397991494683,8ad4463d1f60cd935ab0d78c614d2ee3cac21e745041df712873e4c078b1071e
long_history_source_ablation_v1,S,fixed,HISTORICAL_CONTRACT_SEE_MANIFEST,9,AVAILABLE,path_1_to_H,raw,34650,0.12952917962008717,0.08050587334320647,8ad4463d1f60cd935ab0d78c614d2ee3cac21e745041df712873e4c078b1071e
long_history_source_ablation_v1,S,fixed,HISTORICAL_CONTRACT_SEE_MANIFEST,9,AVAILABLE,path_1_to_H,clip_0_1,34650,0.12952917962008717,0.08050587334320647,8ad4463d1f60cd935ab0d78c614d2ee3cac21e745041df712873e4c078b1071e
long_history_source_ablation_v1,S,fixed,HISTORICAL_CONTRACT_SEE_MANIFEST,12,AVAILABLE,terminal_H,raw,3850,0.1467445035632589,0.10616658993939136,8ad4463d1f60cd935ab0d78c614d2ee3cac21e745041df712873e4c078b1071e
long_history_source_ablation_v1,S,fixed,HISTORICAL_CONTRACT_SEE_MANIFEST,12,AVAILABLE,terminal_H,clip_0_1,3850,0.1467445035632589,0.10616658993939136,8ad4463d1f60cd935ab0d78c614d2ee3cac21e745041df712873e4c078b1071e
long_history_source_ablation_v1,S,fixed,HISTORICAL_CONTRACT_SEE_MANIFEST,12,AVAILABLE,path_1_to_H,raw,46200,0.13385631920841534,0.08670082323549864,8ad4463d1f60cd935ab0d78c614d2ee3cac21e745041df712873e4c078b1071e
long_history_source_ablation_v1,S,fixed,HISTORICAL_CONTRACT_SEE_MANIFEST,12,AVAILABLE,path_1_to_H,clip_0_1,46200,0.13385631920841534,0.08670082323549864,8ad4463d1f60cd935ab0d78c614d2ee3cac21e745041df712873e4c078b1071e
long_history_source_ablation_v1,O_LONG,fixed,HISTORICAL_CONTRACT_SEE_MANIFEST,3,AVAILABLE,terminal_H,raw,3850,0.11020993779988533,0.0639863826733427,30d548de3bc91af5cb85b3dd9edc52300ef536da76549eb81b6c5f49e4997e9f
long_history_source_ablation_v1,O_LONG,fixed,HISTORICAL_CONTRACT_SEE_MANIFEST,3,AVAILABLE,terminal_H,clip_0_1,3850,0.11020456414457852,0.06396922166050287,30d548de3bc91af5cb85b3dd9edc52300ef536da76549eb81b6c5f49e4997e9f
long_history_source_ablation_v1,O_LONG,fixed,HISTORICAL_CONTRACT_SEE_MANIFEST,3,AVAILABLE,path_1_to_H,raw,11550,0.11007217841247786,0.05980213835284731,30d548de3bc91af5cb85b3dd9edc52300ef536da76549eb81b6c5f49e4997e9f
long_history_source_ablation_v1,O_LONG,fixed,HISTORICAL_CONTRACT_SEE_MANIFEST,3,AVAILABLE,path_1_to_H,clip_0_1,11550,0.11005995180679998,0.05977838834486859,30d548de3bc91af5cb85b3dd9edc52300ef536da76549eb81b6c5f49e4997e9f
long_history_source_ablation_v1,O_LONG,fixed,HISTORICAL_CONTRACT_SEE_MANIFEST,6,AVAILABLE,terminal_H,raw,3850,0.11775934008075553,0.07285289665010732,30d548de3bc91af5cb85b3dd9edc52300ef536da76549eb81b6c5f49e4997e9f
long_history_source_ablation_v1,O_LONG,fixed,HISTORICAL_CONTRACT_SEE_MANIFEST,6,AVAILABLE,terminal_H,clip_0_1,3850,0.11775715858591349,0.07284479099528389,30d548de3bc91af5cb85b3dd9edc52300ef536da76549eb81b6c5f49e4997e9f
long_history_source_ablation_v1,O_LONG,fixed,HISTORICAL_CONTRACT_SEE_MANIFEST,6,AVAILABLE,path_1_to_H,raw,23100,0.11777545970266881,0.06729275211959636,30d548de3bc91af5cb85b3dd9edc52300ef536da76549eb81b6c5f49e4997e9f
long_history_source_ablation_v1,O_LONG,fixed,HISTORICAL_CONTRACT_SEE_MANIFEST,6,AVAILABLE,path_1_to_H,clip_0_1,23100,0.11776623976245174,0.06727571013799014,30d548de3bc91af5cb85b3dd9edc52300ef536da76549eb81b6c5f49e4997e9f
long_history_source_ablation_v1,O_LONG,fixed,HISTORICAL_CONTRACT_SEE_MANIFEST,9,AVAILABLE,terminal_H,raw,3850,0.11455655874630534,0.07451312323596518,30d548de3bc91af5cb85b3dd9edc52300ef536da76549eb81b6c5f49e4997e9f
long_history_source_ablation_v1,O_LONG,fixed,HISTORICAL_CONTRACT_SEE_MANIFEST,9,AVAILABLE,terminal_H,clip_0_1,3850,0.1145563762625907,0.07450846789775521,30d548de3bc91af5cb85b3dd9edc52300ef536da76549eb81b6c5f49e4997e9f
long_history_source_ablation_v1,O_LONG,fixed,HISTORICAL_CONTRACT_SEE_MANIFEST,9,AVAILABLE,path_1_to_H,raw,34650,0.11667223374473065,0.06896036464165199,30d548de3bc91af5cb85b3dd9edc52300ef536da76549eb81b6c5f49e4997e9f
long_history_source_ablation_v1,O_LONG,fixed,HISTORICAL_CONTRACT_SEE_MANIFEST,9,AVAILABLE,path_1_to_H,clip_0_1,34650,0.11666595936441716,0.06894773958749356,30d548de3bc91af5cb85b3dd9edc52300ef536da76549eb81b6c5f49e4997e9f
long_history_source_ablation_v1,O_LONG,fixed,HISTORICAL_CONTRACT_SEE_MANIFEST,12,AVAILABLE,terminal_H,raw,3850,0.11945699203021568,0.07879487707252068,30d548de3bc91af5cb85b3dd9edc52300ef536da76549eb81b6c5f49e4997e9f
long_history_source_ablation_v1,O_LONG,fixed,HISTORICAL_CONTRACT_SEE_MANIFEST,12,AVAILABLE,terminal_H,clip_0_1,3850,0.11945277001499337,0.07878142518038522,30d548de3bc91af5cb85b3dd9edc52300ef536da76549eb81b6c5f49e4997e9f
long_history_source_ablation_v1,O_LONG,fixed,HISTORICAL_CONTRACT_SEE_MANIFEST,12,AVAILABLE,path_1_to_H,raw,46200,0.1174228217074527,0.07132171023669794,30d548de3bc91af5cb85b3dd9edc52300ef536da76549eb81b6c5f49e4997e9f
long_history_source_ablation_v1,O_LONG,fixed,HISTORICAL_CONTRACT_SEE_MANIFEST,12,AVAILABLE,path_1_to_H,clip_0_1,46200,0.11741680739898823,0.07130903828452081,30d548de3bc91af5cb85b3dd9edc52300ef536da76549eb81b6c5f49e4997e9f
long_history_source_ablation_v1,D_LONG,fixed,HISTORICAL_CONTRACT_SEE_MANIFEST,3,AVAILABLE,terminal_H,raw,3850,0.11333882021785135,0.06263550714674654,261b24167df9bd406279d24f2c0ea5ee652c38567bcb13b0dcecf19b9eeb0587
long_history_source_ablation_v1,D_LONG,fixed,HISTORICAL_CONTRACT_SEE_MANIFEST,3,AVAILABLE,terminal_H,clip_0_1,3850,0.11333097771410737,0.06262261802451058,261b24167df9bd406279d24f2c0ea5ee652c38567bcb13b0dcecf19b9eeb0587
long_history_source_ablation_v1,D_LONG,fixed,HISTORICAL_CONTRACT_SEE_MANIFEST,3,AVAILABLE,path_1_to_H,raw,11550,0.11264916411895343,0.05856120863501529,261b24167df9bd406279d24f2c0ea5ee652c38567bcb13b0dcecf19b9eeb0587
long_history_source_ablation_v1,D_LONG,fixed,HISTORICAL_CONTRACT_SEE_MANIFEST,3,AVAILABLE,path_1_to_H,clip_0_1,11550,0.1126252159535548,0.05853687848744263,261b24167df9bd406279d24f2c0ea5ee652c38567bcb13b0dcecf19b9eeb0587
long_history_source_ablation_v1,D_LONG,fixed,HISTORICAL_CONTRACT_SEE_MANIFEST,6,AVAILABLE,terminal_H,raw,3850,0.11657538971216877,0.06602976809975011,261b24167df9bd406279d24f2c0ea5ee652c38567bcb13b0dcecf19b9eeb0587
long_history_source_ablation_v1,D_LONG,fixed,HISTORICAL_CONTRACT_SEE_MANIFEST,6,AVAILABLE,terminal_H,clip_0_1,3850,0.11653971334943279,0.0659252560666904,261b24167df9bd406279d24f2c0ea5ee652c38567bcb13b0dcecf19b9eeb0587
long_history_source_ablation_v1,D_LONG,fixed,HISTORICAL_CONTRACT_SEE_MANIFEST,6,AVAILABLE,path_1_to_H,raw,23100,0.12042036944676252,0.06436118755207644,261b24167df9bd406279d24f2c0ea5ee652c38567bcb13b0dcecf19b9eeb0587
long_history_source_ablation_v1,D_LONG,fixed,HISTORICAL_CONTRACT_SEE_MANIFEST,6,AVAILABLE,path_1_to_H,clip_0_1,23100,0.12038982055030466,0.06429993074806745,261b24167df9bd406279d24f2c0ea5ee652c38567bcb13b0dcecf19b9eeb0587
long_history_source_ablation_v1,D_LONG,fixed,HISTORICAL_CONTRACT_SEE_MANIFEST,9,AVAILABLE,terminal_H,raw,3850,0.11288756266854112,0.06970933715194706,261b24167df9bd406279d24f2c0ea5ee652c38567bcb13b0dcecf19b9eeb0587
long_history_source_ablation_v1,D_LONG,fixed,HISTORICAL_CONTRACT_SEE_MANIFEST,9,AVAILABLE,terminal_H,clip_0_1,3850,0.11285288194729778,0.06968399273198586,261b24167df9bd406279d24f2c0ea5ee652c38567bcb13b0dcecf19b9eeb0587
long_history_source_ablation_v1,D_LONG,fixed,HISTORICAL_CONTRACT_SEE_MANIFEST,9,AVAILABLE,path_1_to_H,raw,34650,0.11827135690494117,0.06542756614354561,261b24167df9bd406279d24f2c0ea5ee652c38567bcb13b0dcecf19b9eeb0587
long_history_source_ablation_v1,D_LONG,fixed,HISTORICAL_CONTRACT_SEE_MANIFEST,9,AVAILABLE,path_1_to_H,clip_0_1,34650,0.11824058521169718,0.06537364584338502,261b24167df9bd406279d24f2c0ea5ee652c38567bcb13b0dcecf19b9eeb0587
long_history_source_ablation_v1,D_LONG,fixed,HISTORICAL_CONTRACT_SEE_MANIFEST,12,AVAILABLE,terminal_H,raw,3850,0.11959600101917213,0.07562347315571195,261b24167df9bd406279d24f2c0ea5ee652c38567bcb13b0dcecf19b9eeb0587
long_history_source_ablation_v1,D_LONG,fixed,HISTORICAL_CONTRACT_SEE_MANIFEST,12,AVAILABLE,terminal_H,clip_0_1,3850,0.11940388667618487,0.07552478492210621,261b24167df9bd406279d24f2c0ea5ee652c38567bcb13b0dcecf19b9eeb0587
long_history_source_ablation_v1,D_LONG,fixed,HISTORICAL_CONTRACT_SEE_MANIFEST,12,AVAILABLE,path_1_to_H,raw,46200,0.11832860982963575,0.06760034629161565,261b24167df9bd406279d24f2c0ea5ee652c38567bcb13b0dcecf19b9eeb0587
long_history_source_ablation_v1,D_LONG,fixed,HISTORICAL_CONTRACT_SEE_MANIFEST,12,AVAILABLE,path_1_to_H,clip_0_1,46200,0.11827152273153627,0.0675398090945688,261b24167df9bd406279d24f2c0ea5ee652c38567bcb13b0dcecf19b9eeb0587
long_history_source_ablation_v1,OD_LONG,fixed,HISTORICAL_CONTRACT_SEE_MANIFEST,3,AVAILABLE,terminal_H,raw,3850,0.10887039335131067,0.06275004621150415,3d4744d694af3a42c883344aa66608c668d185f5c83e6261716f1de132ee6b44
long_history_source_ablation_v1,OD_LONG,fixed,HISTORICAL_CONTRACT_SEE_MANIFEST,3,AVAILABLE,terminal_H,clip_0_1,3850,0.10886780811190414,0.06273469880252869,3d4744d694af3a42c883344aa66608c668d185f5c83e6261716f1de132ee6b44
long_history_source_ablation_v1,OD_LONG,fixed,HISTORICAL_CONTRACT_SEE_MANIFEST,3,AVAILABLE,path_1_to_H,raw,11550,0.10844216983936718,0.05821519773363258,3d4744d694af3a42c883344aa66608c668d185f5c83e6261716f1de132ee6b44
long_history_source_ablation_v1,OD_LONG,fixed,HISTORICAL_CONTRACT_SEE_MANIFEST,3,AVAILABLE,path_1_to_H,clip_0_1,11550,0.10843753341885666,0.058190068588390105,3d4744d694af3a42c883344aa66608c668d185f5c83e6261716f1de132ee6b44
long_history_source_ablation_v1,OD_LONG,fixed,HISTORICAL_CONTRACT_SEE_MANIFEST,6,AVAILABLE,terminal_H,raw,3850,0.11250546994246273,0.06658142804721094,3d4744d694af3a42c883344aa66608c668d185f5c83e6261716f1de132ee6b44
long_history_source_ablation_v1,OD_LONG,fixed,HISTORICAL_CONTRACT_SEE_MANIFEST,6,AVAILABLE,terminal_H,clip_0_1,3850,0.11250526267504249,0.06657595630038031,3d4744d694af3a42c883344aa66608c668d185f5c83e6261716f1de132ee6b44
long_history_source_ablation_v1,OD_LONG,fixed,HISTORICAL_CONTRACT_SEE_MANIFEST,6,AVAILABLE,path_1_to_H,raw,23100,0.11573379773837013,0.06414010736334748,3d4744d694af3a42c883344aa66608c668d185f5c83e6261716f1de132ee6b44
long_history_source_ablation_v1,OD_LONG,fixed,HISTORICAL_CONTRACT_SEE_MANIFEST,6,AVAILABLE,path_1_to_H,clip_0_1,23100,0.11573146002772235,0.06412423873220521,3d4744d694af3a42c883344aa66608c668d185f5c83e6261716f1de132ee6b44
long_history_source_ablation_v1,OD_LONG,fixed,HISTORICAL_CONTRACT_SEE_MANIFEST,9,AVAILABLE,terminal_H,raw,3850,0.10869267033876624,0.07002267576815438,3d4744d694af3a42c883344aa66608c668d185f5c83e6261716f1de132ee6b44
long_history_source_ablation_v1,OD_LONG,fixed,HISTORICAL_CONTRACT_SEE_MANIFEST,9,AVAILABLE,terminal_H,clip_0_1,3850,0.10869232862842482,0.0700166552406899,3d4744d694af3a42c883344aa66608c668d185f5c83e6261716f1de132ee6b44
long_history_source_ablation_v1,OD_LONG,fixed,HISTORICAL_CONTRACT_SEE_MANIFEST,9,AVAILABLE,path_1_to_H,raw,34650,0.1138005095788406,0.06550278786585806,3d4744d694af3a42c883344aa66608c668d185f5c83e6261716f1de132ee6b44
long_history_source_ablation_v1,OD_LONG,fixed,HISTORICAL_CONTRACT_SEE_MANIFEST,9,AVAILABLE,path_1_to_H,clip_0_1,34650,0.11379886871626992,0.06549087750715706,3d4744d694af3a42c883344aa66608c668d185f5c83e6261716f1de132ee6b44
long_history_source_ablation_v1,OD_LONG,fixed,HISTORICAL_CONTRACT_SEE_MANIFEST,12,AVAILABLE,terminal_H,raw,3850,0.1145186475800121,0.07462423058099564,3d4744d694af3a42c883344aa66608c668d185f5c83e6261716f1de132ee6b44
long_history_source_ablation_v1,OD_LONG,fixed,HISTORICAL_CONTRACT_SEE_MANIFEST,12,AVAILABLE,terminal_H,clip_0_1,3850,0.11451219890044596,0.07460723206878056,3d4744d694af3a42c883344aa66608c668d185f5c83e6261716f1de132ee6b44
long_history_source_ablation_v1,OD_LONG,fixed,HISTORICAL_CONTRACT_SEE_MANIFEST,12,AVAILABLE,path_1_to_H,raw,46200,0.11371951442994646,0.06743035463423691,3d4744d694af3a42c883344aa66608c668d185f5c83e6261716f1de132ee6b44
long_history_source_ablation_v1,OD_LONG,fixed,HISTORICAL_CONTRACT_SEE_MANIFEST,12,AVAILABLE,path_1_to_H,clip_0_1,46200,0.11371613644994716,0.0674172876573004,3d4744d694af3a42c883344aa66608c668d185f5c83e6261716f1de132ee6b44
long_history_source_ablation_v1,O_LONG_D24,fixed,HISTORICAL_CONTRACT_SEE_MANIFEST,3,AVAILABLE,terminal_H,raw,3850,0.10848689115707791,0.06230462447714931,1bfac7ada8b61d8b25b1ea72abd1eeab2ddbb42ca2123b769fca2f431801fb3f
long_history_source_ablation_v1,O_LONG_D24,fixed,HISTORICAL_CONTRACT_SEE_MANIFEST,3,AVAILABLE,terminal_H,clip_0_1,3850,0.1084848095807677,0.06229258419829627,1bfac7ada8b61d8b25b1ea72abd1eeab2ddbb42ca2123b769fca2f431801fb3f
long_history_source_ablation_v1,O_LONG_D24,fixed,HISTORICAL_CONTRACT_SEE_MANIFEST,3,AVAILABLE,path_1_to_H,raw,11550,0.10876339131671758,0.05829527478629724,1bfac7ada8b61d8b25b1ea72abd1eeab2ddbb42ca2123b769fca2f431801fb3f
long_history_source_ablation_v1,O_LONG_D24,fixed,HISTORICAL_CONTRACT_SEE_MANIFEST,3,AVAILABLE,path_1_to_H,clip_0_1,11550,0.1087554382508737,0.05824659011435814,1bfac7ada8b61d8b25b1ea72abd1eeab2ddbb42ca2123b769fca2f431801fb3f
long_history_source_ablation_v1,O_LONG_D24,fixed,HISTORICAL_CONTRACT_SEE_MANIFEST,6,AVAILABLE,terminal_H,raw,3850,0.11420721653010071,0.06970083553699957,1bfac7ada8b61d8b25b1ea72abd1eeab2ddbb42ca2123b769fca2f431801fb3f
long_history_source_ablation_v1,O_LONG_D24,fixed,HISTORICAL_CONTRACT_SEE_MANIFEST,6,AVAILABLE,terminal_H,clip_0_1,3850,0.11420713890560683,0.06969799292406353,1bfac7ada8b61d8b25b1ea72abd1eeab2ddbb42ca2123b769fca2f431801fb3f
long_history_source_ablation_v1,O_LONG_D24,fixed,HISTORICAL_CONTRACT_SEE_MANIFEST,6,AVAILABLE,path_1_to_H,raw,23100,0.11560179987372557,0.06511070305065716,1bfac7ada8b61d8b25b1ea72abd1eeab2ddbb42ca2123b769fca2f431801fb3f
long_history_source_ablation_v1,O_LONG_D24,fixed,HISTORICAL_CONTRACT_SEE_MANIFEST,6,AVAILABLE,path_1_to_H,clip_0_1,23100,0.11559801374767938,0.06508464395131226,1bfac7ada8b61d8b25b1ea72abd1eeab2ddbb42ca2123b769fca2f431801fb3f
long_history_source_ablation_v1,O_LONG_D24,fixed,HISTORICAL_CONTRACT_SEE_MANIFEST,9,AVAILABLE,terminal_H,raw,3850,0.11048893550649434,0.07217884749717442,1bfac7ada8b61d8b25b1ea72abd1eeab2ddbb42ca2123b769fca2f431801fb3f
long_history_source_ablation_v1,O_LONG_D24,fixed,HISTORICAL_CONTRACT_SEE_MANIFEST,9,AVAILABLE,terminal_H,clip_0_1,3850,0.1104879273462714,0.07217333237772047,1bfac7ada8b61d8b25b1ea72abd1eeab2ddbb42ca2123b769fca2f431801fb3f
long_history_source_ablation_v1,O_LONG_D24,fixed,HISTORICAL_CONTRACT_SEE_MANIFEST,9,AVAILABLE,path_1_to_H,raw,34650,0.11397785166239752,0.06671845961192735,1bfac7ada8b61d8b25b1ea72abd1eeab2ddbb42ca2123b769fca2f431801fb3f
long_history_source_ablation_v1,O_LONG_D24,fixed,HISTORICAL_CONTRACT_SEE_MANIFEST,9,AVAILABLE,path_1_to_H,clip_0_1,34650,0.11397513783275387,0.06669978551148417,1bfac7ada8b61d8b25b1ea72abd1eeab2ddbb42ca2123b769fca2f431801fb3f
long_history_source_ablation_v1,O_LONG_D24,fixed,HISTORICAL_CONTRACT_SEE_MANIFEST,12,AVAILABLE,terminal_H,raw,3850,0.11614194575130403,0.07694130895780774,1bfac7ada8b61d8b25b1ea72abd1eeab2ddbb42ca2123b769fca2f431801fb3f
long_history_source_ablation_v1,O_LONG_D24,fixed,HISTORICAL_CONTRACT_SEE_MANIFEST,12,AVAILABLE,terminal_H,clip_0_1,3850,0.11613284765620017,0.07692079221597523,1bfac7ada8b61d8b25b1ea72abd1eeab2ddbb42ca2123b769fca2f431801fb3f
long_history_source_ablation_v1,O_LONG_D24,fixed,HISTORICAL_CONTRACT_SEE_MANIFEST,12,AVAILABLE,path_1_to_H,raw,46200,0.11437389251228701,0.06900942449023091,1bfac7ada8b61d8b25b1ea72abd1eeab2ddbb42ca2123b769fca2f431801fb3f
long_history_source_ablation_v1,O_LONG_D24,fixed,HISTORICAL_CONTRACT_SEE_MANIFEST,12,AVAILABLE,path_1_to_H,clip_0_1,46200,0.11436909631275378,0.06899062852393256,1bfac7ada8b61d8b25b1ea72abd1eeab2ddbb42ca2123b769fca2f431801fb3f
long_history_source_ablation_v1,O24_D_LONG,fixed,HISTORICAL_CONTRACT_SEE_MANIFEST,3,AVAILABLE,terminal_H,raw,3850,0.1115496368641863,0.0622666249328352,1238f482bfc021e05dad6487d9ff07b685baab0f9c2408d9b0d07fad89a5ac5f
long_history_source_ablation_v1,O24_D_LONG,fixed,HISTORICAL_CONTRACT_SEE_MANIFEST,3,AVAILABLE,terminal_H,clip_0_1,3850,0.11154782940352548,0.062252008500805596,1238f482bfc021e05dad6487d9ff07b685baab0f9c2408d9b0d07fad89a5ac5f
long_history_source_ablation_v1,O24_D_LONG,fixed,HISTORICAL_CONTRACT_SEE_MANIFEST,3,AVAILABLE,path_1_to_H,raw,11550,0.11105954349179319,0.05866418944632238,1238f482bfc021e05dad6487d9ff07b685baab0f9c2408d9b0d07fad89a5ac5f
long_history_source_ablation_v1,O24_D_LONG,fixed,HISTORICAL_CONTRACT_SEE_MANIFEST,3,AVAILABLE,path_1_to_H,clip_0_1,11550,0.1110559190156352,0.05864222479967404,1238f482bfc021e05dad6487d9ff07b685baab0f9c2408d9b0d07fad89a5ac5f
long_history_source_ablation_v1,O24_D_LONG,fixed,HISTORICAL_CONTRACT_SEE_MANIFEST,6,AVAILABLE,terminal_H,raw,3850,0.11663804195995983,0.0669169765258295,1238f482bfc021e05dad6487d9ff07b685baab0f9c2408d9b0d07fad89a5ac5f
long_history_source_ablation_v1,O24_D_LONG,fixed,HISTORICAL_CONTRACT_SEE_MANIFEST,6,AVAILABLE,terminal_H,clip_0_1,3850,0.11662885930450838,0.06680619163278102,1238f482bfc021e05dad6487d9ff07b685baab0f9c2408d9b0d07fad89a5ac5f
long_history_source_ablation_v1,O24_D_LONG,fixed,HISTORICAL_CONTRACT_SEE_MANIFEST,6,AVAILABLE,path_1_to_H,raw,23100,0.11926355000127117,0.06449545001987367,1238f482bfc021e05dad6487d9ff07b685baab0f9c2408d9b0d07fad89a5ac5f
long_history_source_ablation_v1,O24_D_LONG,fixed,HISTORICAL_CONTRACT_SEE_MANIFEST,6,AVAILABLE,path_1_to_H,clip_0_1,23100,0.11925652133568751,0.06443230208350063,1238f482bfc021e05dad6487d9ff07b685baab0f9c2408d9b0d07fad89a5ac5f
long_history_source_ablation_v1,O24_D_LONG,fixed,HISTORICAL_CONTRACT_SEE_MANIFEST,9,AVAILABLE,terminal_H,raw,3850,0.11523185313460146,0.07279268486646527,1238f482bfc021e05dad6487d9ff07b685baab0f9c2408d9b0d07fad89a5ac5f
long_history_source_ablation_v1,O24_D_LONG,fixed,HISTORICAL_CONTRACT_SEE_MANIFEST,9,AVAILABLE,terminal_H,clip_0_1,3850,0.11523147549343711,0.07278394029169935,1238f482bfc021e05dad6487d9ff07b685baab0f9c2408d9b0d07fad89a5ac5f
long_history_source_ablation_v1,O24_D_LONG,fixed,HISTORICAL_CONTRACT_SEE_MANIFEST,9,AVAILABLE,path_1_to_H,raw,34650,0.11803947328882644,0.06635114392166029,1238f482bfc021e05dad6487d9ff07b685baab0f9c2408d9b0d07fad89a5ac5f
long_history_source_ablation_v1,O24_D_LONG,fixed,HISTORICAL_CONTRACT_SEE_MANIFEST,9,AVAILABLE,path_1_to_H,clip_0_1,34650,0.11803411210158805,0.06629888701847231,1238f482bfc021e05dad6487d9ff07b685baab0f9c2408d9b0d07fad89a5ac5f
long_history_source_ablation_v1,O24_D_LONG,fixed,HISTORICAL_CONTRACT_SEE_MANIFEST,12,AVAILABLE,terminal_H,raw,3850,0.12149644453337682,0.0776925815809563,1238f482bfc021e05dad6487d9ff07b685baab0f9c2408d9b0d07fad89a5ac5f
long_history_source_ablation_v1,O24_D_LONG,fixed,HISTORICAL_CONTRACT_SEE_MANIFEST,12,AVAILABLE,terminal_H,clip_0_1,3850,0.12149270650695808,0.07767998102789002,1238f482bfc021e05dad6487d9ff07b685baab0f9c2408d9b0d07fad89a5ac5f
long_history_source_ablation_v1,O24_D_LONG,fixed,HISTORICAL_CONTRACT_SEE_MANIFEST,12,AVAILABLE,path_1_to_H,raw,46200,0.11847760195627936,0.06869684174383961,1238f482bfc021e05dad6487d9ff07b685baab0f9c2408d9b0d07fad89a5ac5f
long_history_source_ablation_v1,O24_D_LONG,fixed,HISTORICAL_CONTRACT_SEE_MANIFEST,12,AVAILABLE,path_1_to_H,clip_0_1,46200,0.11847242236165033,0.06865479277446633,1238f482bfc021e05dad6487d9ff07b685baab0f9c2408d9b0d07fad89a5ac5f
long_history_source_ablation_v1,O_LONG_D0,fixed,HISTORICAL_CONTRACT_SEE_MANIFEST,3,AVAILABLE,terminal_H,raw,3850,0.11035213751524543,0.06397039629323226,600795b5044ce0320a9f28a93d003cf30510e99ebf939c2328be7cd589a78e17
long_history_source_ablation_v1,O_LONG_D0,fixed,HISTORICAL_CONTRACT_SEE_MANIFEST,3,AVAILABLE,terminal_H,clip_0_1,3850,0.11034741315435602,0.06395398413031089,600795b5044ce0320a9f28a93d003cf30510e99ebf939c2328be7cd589a78e17
long_history_source_ablation_v1,O_LONG_D0,fixed,HISTORICAL_CONTRACT_SEE_MANIFEST,3,AVAILABLE,path_1_to_H,raw,11550,0.11037444221534515,0.05971320640720136,600795b5044ce0320a9f28a93d003cf30510e99ebf939c2328be7cd589a78e17
long_history_source_ablation_v1,O_LONG_D0,fixed,HISTORICAL_CONTRACT_SEE_MANIFEST,3,AVAILABLE,path_1_to_H,clip_0_1,11550,0.11036340034999816,0.05969046169247061,600795b5044ce0320a9f28a93d003cf30510e99ebf939c2328be7cd589a78e17
long_history_source_ablation_v1,O_LONG_D0,fixed,HISTORICAL_CONTRACT_SEE_MANIFEST,6,AVAILABLE,terminal_H,raw,3850,0.11750807631943574,0.07284696182944182,600795b5044ce0320a9f28a93d003cf30510e99ebf939c2328be7cd589a78e17
long_history_source_ablation_v1,O_LONG_D0,fixed,HISTORICAL_CONTRACT_SEE_MANIFEST,6,AVAILABLE,terminal_H,clip_0_1,3850,0.11750547557606272,0.07283757918309491,600795b5044ce0320a9f28a93d003cf30510e99ebf939c2328be7cd589a78e17
long_history_source_ablation_v1,O_LONG_D0,fixed,HISTORICAL_CONTRACT_SEE_MANIFEST,6,AVAILABLE,path_1_to_H,raw,23100,0.11785482138891423,0.06724763897923823,600795b5044ce0320a9f28a93d003cf30510e99ebf939c2328be7cd589a78e17
long_history_source_ablation_v1,O_LONG_D0,fixed,HISTORICAL_CONTRACT_SEE_MANIFEST,6,AVAILABLE,path_1_to_H,clip_0_1,23100,0.11784594126845813,0.0672307945785332,600795b5044ce0320a9f28a93d003cf30510e99ebf939c2328be7cd589a78e17
long_history_source_ablation_v1,O_LONG_D0,fixed,HISTORICAL_CONTRACT_SEE_MANIFEST,9,AVAILABLE,terminal_H,raw,3850,0.11408046126458644,0.07461809095091257,600795b5044ce0320a9f28a93d003cf30510e99ebf939c2328be7cd589a78e17
long_history_source_ablation_v1,O_LONG_D0,fixed,HISTORICAL_CONTRACT_SEE_MANIFEST,9,AVAILABLE,terminal_H,clip_0_1,3850,0.11408019709451933,0.074612391394989,600795b5044ce0320a9f28a93d003cf30510e99ebf939c2328be7cd589a78e17
long_history_source_ablation_v1,O_LONG_D0,fixed,HISTORICAL_CONTRACT_SEE_MANIFEST,9,AVAILABLE,path_1_to_H,raw,34650,0.11657927130452597,0.06892613995179143,600795b5044ce0320a9f28a93d003cf30510e99ebf939c2328be7cd589a78e17
long_history_source_ablation_v1,O_LONG_D0,fixed,HISTORICAL_CONTRACT_SEE_MANIFEST,9,AVAILABLE,path_1_to_H,clip_0_1,34650,0.11657319912400808,0.06891336584606994,600795b5044ce0320a9f28a93d003cf30510e99ebf939c2328be7cd589a78e17
long_history_source_ablation_v1,O_LONG_D0,fixed,HISTORICAL_CONTRACT_SEE_MANIFEST,12,AVAILABLE,terminal_H,raw,3850,0.1190220203759103,0.07870208811835307,600795b5044ce0320a9f28a93d003cf30510e99ebf939c2328be7cd589a78e17
long_history_source_ablation_v1,O_LONG_D0,fixed,HISTORICAL_CONTRACT_SEE_MANIFEST,12,AVAILABLE,terminal_H,clip_0_1,3850,0.11902039216816145,0.07869202954670385,600795b5044ce0320a9f28a93d003cf30510e99ebf939c2328be7cd589a78e17
long_history_source_ablation_v1,O_LONG_D0,fixed,HISTORICAL_CONTRACT_SEE_MANIFEST,12,AVAILABLE,path_1_to_H,raw,46200,0.11724044815721418,0.07126730560485114,600795b5044ce0320a9f28a93d003cf30510e99ebf939c2328be7cd589a78e17
long_history_source_ablation_v1,O_LONG_D0,fixed,HISTORICAL_CONTRACT_SEE_MANIFEST,12,AVAILABLE,path_1_to_H,clip_0_1,46200,0.11723512697002013,0.07125488808319337,600795b5044ce0320a9f28a93d003cf30510e99ebf939c2328be7cd589a78e17
long_history_source_ablation_v1,O_LONG_DUP,fixed,HISTORICAL_CONTRACT_SEE_MANIFEST,3,AVAILABLE,terminal_H,raw,3850,0.11030496027572362,0.064046284367866,d942bb3e686b026492a7ccbd13260759798121208d38ed9a86ebd847ebec6094
long_history_source_ablation_v1,O_LONG_DUP,fixed,HISTORICAL_CONTRACT_SEE_MANIFEST,3,AVAILABLE,terminal_H,clip_0_1,3850,0.11029927040588221,0.06402853162070422,d942bb3e686b026492a7ccbd13260759798121208d38ed9a86ebd847ebec6094
long_history_source_ablation_v1,O_LONG_DUP,fixed,HISTORICAL_CONTRACT_SEE_MANIFEST,3,AVAILABLE,path_1_to_H,raw,11550,0.11007343276112505,0.05979420498332741,d942bb3e686b026492a7ccbd13260759798121208d38ed9a86ebd847ebec6094
long_history_source_ablation_v1,O_LONG_DUP,fixed,HISTORICAL_CONTRACT_SEE_MANIFEST,3,AVAILABLE,path_1_to_H,clip_0_1,11550,0.11005961225227448,0.05976769538856914,d942bb3e686b026492a7ccbd13260759798121208d38ed9a86ebd847ebec6094
long_history_source_ablation_v1,O_LONG_DUP,fixed,HISTORICAL_CONTRACT_SEE_MANIFEST,6,AVAILABLE,terminal_H,raw,3850,0.11782906883109302,0.07290548788081441,d942bb3e686b026492a7ccbd13260759798121208d38ed9a86ebd847ebec6094
long_history_source_ablation_v1,O_LONG_DUP,fixed,HISTORICAL_CONTRACT_SEE_MANIFEST,6,AVAILABLE,terminal_H,clip_0_1,3850,0.11782656055868655,0.07289644082043126,d942bb3e686b026492a7ccbd13260759798121208d38ed9a86ebd847ebec6094
long_history_source_ablation_v1,O_LONG_DUP,fixed,HISTORICAL_CONTRACT_SEE_MANIFEST,6,AVAILABLE,path_1_to_H,raw,23100,0.11780159955498745,0.0673078518745558,d942bb3e686b026492a7ccbd13260759798121208d38ed9a86ebd847ebec6094
long_history_source_ablation_v1,O_LONG_DUP,fixed,HISTORICAL_CONTRACT_SEE_MANIFEST,6,AVAILABLE,path_1_to_H,clip_0_1,23100,0.11779159987502713,0.06728918324142327,d942bb3e686b026492a7ccbd13260759798121208d38ed9a86ebd847ebec6094
long_history_source_ablation_v1,O_LONG_DUP,fixed,HISTORICAL_CONTRACT_SEE_MANIFEST,9,AVAILABLE,terminal_H,raw,3850,0.11457885962133901,0.07451933301138425,d942bb3e686b026492a7ccbd13260759798121208d38ed9a86ebd847ebec6094
long_history_source_ablation_v1,O_LONG_DUP,fixed,HISTORICAL_CONTRACT_SEE_MANIFEST,9,AVAILABLE,terminal_H,clip_0_1,3850,0.11457867684513429,0.07451466913509018,d942bb3e686b026492a7ccbd13260759798121208d38ed9a86ebd847ebec6094
long_history_source_ablation_v1,O_LONG_DUP,fixed,HISTORICAL_CONTRACT_SEE_MANIFEST,9,AVAILABLE,path_1_to_H,raw,34650,0.1166986008835395,0.06896876493879692,d942bb3e686b026492a7ccbd13260759798121208d38ed9a86ebd847ebec6094
long_history_source_ablation_v1,O_LONG_DUP,fixed,HISTORICAL_CONTRACT_SEE_MANIFEST,9,AVAILABLE,path_1_to_H,clip_0_1,34650,0.11669179918886997,0.06895502524726842,d942bb3e686b026492a7ccbd13260759798121208d38ed9a86ebd847ebec6094
long_history_source_ablation_v1,O_LONG_DUP,fixed,HISTORICAL_CONTRACT_SEE_MANIFEST,12,AVAILABLE,terminal_H,raw,3850,0.11952591578384145,0.07883240767442613,d942bb3e686b026492a7ccbd13260759798121208d38ed9a86ebd847ebec6094
long_history_source_ablation_v1,O_LONG_DUP,fixed,HISTORICAL_CONTRACT_SEE_MANIFEST,12,AVAILABLE,terminal_H,clip_0_1,3850,0.11952154580749026,0.07881874373484087,d942bb3e686b026492a7ccbd13260759798121208d38ed9a86ebd847ebec6094
long_history_source_ablation_v1,O_LONG_DUP,fixed,HISTORICAL_CONTRACT_SEE_MANIFEST,12,AVAILABLE,path_1_to_H,raw,46200,0.1174544415571024,0.07133549852972124,d942bb3e686b026492a7ccbd13260759798121208d38ed9a86ebd847ebec6094
long_history_source_ablation_v1,O_LONG_DUP,fixed,HISTORICAL_CONTRACT_SEE_MANIFEST,12,AVAILABLE,path_1_to_H,clip_0_1,46200,0.11744795910762647,0.07132189350245122,d942bb3e686b026492a7ccbd13260759798121208d38ed9a86ebd847ebec6094
duration_lag_regularization_v1,BASE_OD,fixed,HISTORICAL_CONTRACT_SEE_MANIFEST,3,AVAILABLE,terminal_H,raw,3850,0.10887039335131067,0.06275004621150415,3d4744d694af3a42c883344aa66608c668d185f5c83e6261716f1de132ee6b44
duration_lag_regularization_v1,BASE_OD,fixed,HISTORICAL_CONTRACT_SEE_MANIFEST,3,AVAILABLE,terminal_H,clip_0_1,3850,0.10886780811190414,0.06273469880252869,3d4744d694af3a42c883344aa66608c668d185f5c83e6261716f1de132ee6b44
duration_lag_regularization_v1,BASE_OD,fixed,HISTORICAL_CONTRACT_SEE_MANIFEST,3,AVAILABLE,path_1_to_H,raw,11550,0.10844216983936718,0.05821519773363258,3d4744d694af3a42c883344aa66608c668d185f5c83e6261716f1de132ee6b44
duration_lag_regularization_v1,BASE_OD,fixed,HISTORICAL_CONTRACT_SEE_MANIFEST,3,AVAILABLE,path_1_to_H,clip_0_1,11550,0.10843753341885666,0.058190068588390105,3d4744d694af3a42c883344aa66608c668d185f5c83e6261716f1de132ee6b44
duration_lag_regularization_v1,BASE_OD,fixed,HISTORICAL_CONTRACT_SEE_MANIFEST,6,AVAILABLE,terminal_H,raw,3850,0.11250546994246273,0.06658142804721094,3d4744d694af3a42c883344aa66608c668d185f5c83e6261716f1de132ee6b44
duration_lag_regularization_v1,BASE_OD,fixed,HISTORICAL_CONTRACT_SEE_MANIFEST,6,AVAILABLE,terminal_H,clip_0_1,3850,0.11250526267504249,0.06657595630038031,3d4744d694af3a42c883344aa66608c668d185f5c83e6261716f1de132ee6b44
duration_lag_regularization_v1,BASE_OD,fixed,HISTORICAL_CONTRACT_SEE_MANIFEST,6,AVAILABLE,path_1_to_H,raw,23100,0.11573379773837013,0.06414010736334748,3d4744d694af3a42c883344aa66608c668d185f5c83e6261716f1de132ee6b44
duration_lag_regularization_v1,BASE_OD,fixed,HISTORICAL_CONTRACT_SEE_MANIFEST,6,AVAILABLE,path_1_to_H,clip_0_1,23100,0.11573146002772235,0.06412423873220521,3d4744d694af3a42c883344aa66608c668d185f5c83e6261716f1de132ee6b44
duration_lag_regularization_v1,BASE_OD,fixed,HISTORICAL_CONTRACT_SEE_MANIFEST,9,AVAILABLE,terminal_H,raw,3850,0.10869267033876624,0.07002267576815438,3d4744d694af3a42c883344aa66608c668d185f5c83e6261716f1de132ee6b44
duration_lag_regularization_v1,BASE_OD,fixed,HISTORICAL_CONTRACT_SEE_MANIFEST,9,AVAILABLE,terminal_H,clip_0_1,3850,0.10869232862842482,0.0700166552406899,3d4744d694af3a42c883344aa66608c668d185f5c83e6261716f1de132ee6b44
duration_lag_regularization_v1,BASE_OD,fixed,HISTORICAL_CONTRACT_SEE_MANIFEST,9,AVAILABLE,path_1_to_H,raw,34650,0.1138005095788406,0.06550278786585806,3d4744d694af3a42c883344aa66608c668d185f5c83e6261716f1de132ee6b44
duration_lag_regularization_v1,BASE_OD,fixed,HISTORICAL_CONTRACT_SEE_MANIFEST,9,AVAILABLE,path_1_to_H,clip_0_1,34650,0.11379886871626992,0.06549087750715706,3d4744d694af3a42c883344aa66608c668d185f5c83e6261716f1de132ee6b44
duration_lag_regularization_v1,BASE_OD,fixed,HISTORICAL_CONTRACT_SEE_MANIFEST,12,AVAILABLE,terminal_H,raw,3850,0.1145186475800121,0.07462423058099564,3d4744d694af3a42c883344aa66608c668d185f5c83e6261716f1de132ee6b44
duration_lag_regularization_v1,BASE_OD,fixed,HISTORICAL_CONTRACT_SEE_MANIFEST,12,AVAILABLE,terminal_H,clip_0_1,3850,0.11451219890044596,0.07460723206878056,3d4744d694af3a42c883344aa66608c668d185f5c83e6261716f1de132ee6b44
duration_lag_regularization_v1,BASE_OD,fixed,HISTORICAL_CONTRACT_SEE_MANIFEST,12,AVAILABLE,path_1_to_H,raw,46200,0.11371951442994646,0.06743035463423691,3d4744d694af3a42c883344aa66608c668d185f5c83e6261716f1de132ee6b44
duration_lag_regularization_v1,BASE_OD,fixed,HISTORICAL_CONTRACT_SEE_MANIFEST,12,AVAILABLE,path_1_to_H,clip_0_1,46200,0.11371613644994716,0.0674172876573004,3d4744d694af3a42c883344aa66608c668d185f5c83e6261716f1de132ee6b44
duration_lag_regularization_v1,D_NORM_SELECTED,fixed,HISTORICAL_CONTRACT_SEE_MANIFEST,3,AVAILABLE,terminal_H,raw,3850,0.10887039335131067,0.06275004621150415,3d4744d694af3a42c883344aa66608c668d185f5c83e6261716f1de132ee6b44
duration_lag_regularization_v1,D_NORM_SELECTED,fixed,HISTORICAL_CONTRACT_SEE_MANIFEST,3,AVAILABLE,terminal_H,clip_0_1,3850,0.10886780811190414,0.06273469880252869,3d4744d694af3a42c883344aa66608c668d185f5c83e6261716f1de132ee6b44
duration_lag_regularization_v1,D_NORM_SELECTED,fixed,HISTORICAL_CONTRACT_SEE_MANIFEST,3,AVAILABLE,path_1_to_H,raw,11550,0.10844216983936718,0.05821519773363258,3d4744d694af3a42c883344aa66608c668d185f5c83e6261716f1de132ee6b44
duration_lag_regularization_v1,D_NORM_SELECTED,fixed,HISTORICAL_CONTRACT_SEE_MANIFEST,3,AVAILABLE,path_1_to_H,clip_0_1,11550,0.10843753341885666,0.058190068588390105,3d4744d694af3a42c883344aa66608c668d185f5c83e6261716f1de132ee6b44
duration_lag_regularization_v1,D_NORM_SELECTED,fixed,HISTORICAL_CONTRACT_SEE_MANIFEST,6,AVAILABLE,terminal_H,raw,3850,0.11250546994246273,0.06658142804721094,3d4744d694af3a42c883344aa66608c668d185f5c83e6261716f1de132ee6b44
duration_lag_regularization_v1,D_NORM_SELECTED,fixed,HISTORICAL_CONTRACT_SEE_MANIFEST,6,AVAILABLE,terminal_H,clip_0_1,3850,0.11250526267504249,0.06657595630038031,3d4744d694af3a42c883344aa66608c668d185f5c83e6261716f1de132ee6b44
duration_lag_regularization_v1,D_NORM_SELECTED,fixed,HISTORICAL_CONTRACT_SEE_MANIFEST,6,AVAILABLE,path_1_to_H,raw,23100,0.11573379773837013,0.06414010736334748,3d4744d694af3a42c883344aa66608c668d185f5c83e6261716f1de132ee6b44
duration_lag_regularization_v1,D_NORM_SELECTED,fixed,HISTORICAL_CONTRACT_SEE_MANIFEST,6,AVAILABLE,path_1_to_H,clip_0_1,23100,0.11573146002772235,0.06412423873220521,3d4744d694af3a42c883344aa66608c668d185f5c83e6261716f1de132ee6b44
duration_lag_regularization_v1,D_NORM_SELECTED,fixed,HISTORICAL_CONTRACT_SEE_MANIFEST,9,AVAILABLE,terminal_H,raw,3850,0.10869267033876624,0.07002267576815438,3d4744d694af3a42c883344aa66608c668d185f5c83e6261716f1de132ee6b44
duration_lag_regularization_v1,D_NORM_SELECTED,fixed,HISTORICAL_CONTRACT_SEE_MANIFEST,9,AVAILABLE,terminal_H,clip_0_1,3850,0.10869232862842482,0.0700166552406899,3d4744d694af3a42c883344aa66608c668d185f5c83e6261716f1de132ee6b44
duration_lag_regularization_v1,D_NORM_SELECTED,fixed,HISTORICAL_CONTRACT_SEE_MANIFEST,9,AVAILABLE,path_1_to_H,raw,34650,0.1138005095788406,0.06550278786585806,3d4744d694af3a42c883344aa66608c668d185f5c83e6261716f1de132ee6b44
duration_lag_regularization_v1,D_NORM_SELECTED,fixed,HISTORICAL_CONTRACT_SEE_MANIFEST,9,AVAILABLE,path_1_to_H,clip_0_1,34650,0.11379886871626992,0.06549087750715706,3d4744d694af3a42c883344aa66608c668d185f5c83e6261716f1de132ee6b44
duration_lag_regularization_v1,D_NORM_SELECTED,fixed,HISTORICAL_CONTRACT_SEE_MANIFEST,12,AVAILABLE,terminal_H,raw,3850,0.1145186475800121,0.07462423058099564,3d4744d694af3a42c883344aa66608c668d185f5c83e6261716f1de132ee6b44
duration_lag_regularization_v1,D_NORM_SELECTED,fixed,HISTORICAL_CONTRACT_SEE_MANIFEST,12,AVAILABLE,terminal_H,clip_0_1,3850,0.11451219890044596,0.07460723206878056,3d4744d694af3a42c883344aa66608c668d185f5c83e6261716f1de132ee6b44
duration_lag_regularization_v1,D_NORM_SELECTED,fixed,HISTORICAL_CONTRACT_SEE_MANIFEST,12,AVAILABLE,path_1_to_H,raw,46200,0.11371951442994646,0.06743035463423691,3d4744d694af3a42c883344aa66608c668d185f5c83e6261716f1de132ee6b44
duration_lag_regularization_v1,D_NORM_SELECTED,fixed,HISTORICAL_CONTRACT_SEE_MANIFEST,12,AVAILABLE,path_1_to_H,clip_0_1,46200,0.11371613644994716,0.0674172876573004,3d4744d694af3a42c883344aa66608c668d185f5c83e6261716f1de132ee6b44
duration_lag_regularization_v1,GLOBAL_RIDGE_SELECTED,fixed,HISTORICAL_CONTRACT_SEE_MANIFEST,3,AVAILABLE,terminal_H,raw,3850,0.10887039335131067,0.06275004621150415,3d4744d694af3a42c883344aa66608c668d185f5c83e6261716f1de132ee6b44
duration_lag_regularization_v1,GLOBAL_RIDGE_SELECTED,fixed,HISTORICAL_CONTRACT_SEE_MANIFEST,3,AVAILABLE,terminal_H,clip_0_1,3850,0.10886780811190414,0.06273469880252869,3d4744d694af3a42c883344aa66608c668d185f5c83e6261716f1de132ee6b44
duration_lag_regularization_v1,GLOBAL_RIDGE_SELECTED,fixed,HISTORICAL_CONTRACT_SEE_MANIFEST,3,AVAILABLE,path_1_to_H,raw,11550,0.10844216983936718,0.05821519773363258,3d4744d694af3a42c883344aa66608c668d185f5c83e6261716f1de132ee6b44
duration_lag_regularization_v1,GLOBAL_RIDGE_SELECTED,fixed,HISTORICAL_CONTRACT_SEE_MANIFEST,3,AVAILABLE,path_1_to_H,clip_0_1,11550,0.10843753341885666,0.058190068588390105,3d4744d694af3a42c883344aa66608c668d185f5c83e6261716f1de132ee6b44
duration_lag_regularization_v1,GLOBAL_RIDGE_SELECTED,fixed,HISTORICAL_CONTRACT_SEE_MANIFEST,6,AVAILABLE,terminal_H,raw,3850,0.11250546994246273,0.06658142804721094,3d4744d694af3a42c883344aa66608c668d185f5c83e6261716f1de132ee6b44
duration_lag_regularization_v1,GLOBAL_RIDGE_SELECTED,fixed,HISTORICAL_CONTRACT_SEE_MANIFEST,6,AVAILABLE,terminal_H,clip_0_1,3850,0.11250526267504249,0.06657595630038031,3d4744d694af3a42c883344aa66608c668d185f5c83e6261716f1de132ee6b44
duration_lag_regularization_v1,GLOBAL_RIDGE_SELECTED,fixed,HISTORICAL_CONTRACT_SEE_MANIFEST,6,AVAILABLE,path_1_to_H,raw,23100,0.11573379773837013,0.06414010736334748,3d4744d694af3a42c883344aa66608c668d185f5c83e6261716f1de132ee6b44
duration_lag_regularization_v1,GLOBAL_RIDGE_SELECTED,fixed,HISTORICAL_CONTRACT_SEE_MANIFEST,6,AVAILABLE,path_1_to_H,clip_0_1,23100,0.11573146002772235,0.06412423873220521,3d4744d694af3a42c883344aa66608c668d185f5c83e6261716f1de132ee6b44
duration_lag_regularization_v1,GLOBAL_RIDGE_SELECTED,fixed,HISTORICAL_CONTRACT_SEE_MANIFEST,9,AVAILABLE,terminal_H,raw,3850,0.10869267033876624,0.07002267576815438,3d4744d694af3a42c883344aa66608c668d185f5c83e6261716f1de132ee6b44
duration_lag_regularization_v1,GLOBAL_RIDGE_SELECTED,fixed,HISTORICAL_CONTRACT_SEE_MANIFEST,9,AVAILABLE,terminal_H,clip_0_1,3850,0.10869232862842482,0.0700166552406899,3d4744d694af3a42c883344aa66608c668d185f5c83e6261716f1de132ee6b44
duration_lag_regularization_v1,GLOBAL_RIDGE_SELECTED,fixed,HISTORICAL_CONTRACT_SEE_MANIFEST,9,AVAILABLE,path_1_to_H,raw,34650,0.1138005095788406,0.06550278786585806,3d4744d694af3a42c883344aa66608c668d185f5c83e6261716f1de132ee6b44
duration_lag_regularization_v1,GLOBAL_RIDGE_SELECTED,fixed,HISTORICAL_CONTRACT_SEE_MANIFEST,9,AVAILABLE,path_1_to_H,clip_0_1,34650,0.11379886871626992,0.06549087750715706,3d4744d694af3a42c883344aa66608c668d185f5c83e6261716f1de132ee6b44
duration_lag_regularization_v1,GLOBAL_RIDGE_SELECTED,fixed,HISTORICAL_CONTRACT_SEE_MANIFEST,12,AVAILABLE,terminal_H,raw,3850,0.1145186475800121,0.07462423058099564,3d4744d694af3a42c883344aa66608c668d185f5c83e6261716f1de132ee6b44
duration_lag_regularization_v1,GLOBAL_RIDGE_SELECTED,fixed,HISTORICAL_CONTRACT_SEE_MANIFEST,12,AVAILABLE,terminal_H,clip_0_1,3850,0.11451219890044596,0.07460723206878056,3d4744d694af3a42c883344aa66608c668d185f5c83e6261716f1de132ee6b44
duration_lag_regularization_v1,GLOBAL_RIDGE_SELECTED,fixed,HISTORICAL_CONTRACT_SEE_MANIFEST,12,AVAILABLE,path_1_to_H,raw,46200,0.11371951442994646,0.06743035463423691,3d4744d694af3a42c883344aa66608c668d185f5c83e6261716f1de132ee6b44
duration_lag_regularization_v1,GLOBAL_RIDGE_SELECTED,fixed,HISTORICAL_CONTRACT_SEE_MANIFEST,12,AVAILABLE,path_1_to_H,clip_0_1,46200,0.11371613644994716,0.0674172876573004,3d4744d694af3a42c883344aa66608c668d185f5c83e6261716f1de132ee6b44
duration_lag_regularization_v1,TIME_SELECTED,fixed,HISTORICAL_CONTRACT_SEE_MANIFEST,3,AVAILABLE,terminal_H,raw,3850,0.10887127336132453,0.06269838732052609,668260228b3c64e5bb2a39a2cd3912b18f140770e9c27319d716db574bdc9331
duration_lag_regularization_v1,TIME_SELECTED,fixed,HISTORICAL_CONTRACT_SEE_MANIFEST,3,AVAILABLE,terminal_H,clip_0_1,3850,0.10886884073325927,0.06268416952076268,668260228b3c64e5bb2a39a2cd3912b18f140770e9c27319d716db574bdc9331
duration_lag_regularization_v1,TIME_SELECTED,fixed,HISTORICAL_CONTRACT_SEE_MANIFEST,3,AVAILABLE,path_1_to_H,raw,11550,0.10851536342015056,0.05824003351032262,668260228b3c64e5bb2a39a2cd3912b18f140770e9c27319d716db574bdc9331
duration_lag_regularization_v1,TIME_SELECTED,fixed,HISTORICAL_CONTRACT_SEE_MANIFEST,3,AVAILABLE,path_1_to_H,clip_0_1,11550,0.10851157772422645,0.058217832765122136,668260228b3c64e5bb2a39a2cd3912b18f140770e9c27319d716db574bdc9331
duration_lag_regularization_v1,TIME_SELECTED,fixed,HISTORICAL_CONTRACT_SEE_MANIFEST,6,AVAILABLE,terminal_H,raw,3850,0.11246815191895093,0.06655737079962218,668260228b3c64e5bb2a39a2cd3912b18f140770e9c27319d716db574bdc9331
duration_lag_regularization_v1,TIME_SELECTED,fixed,HISTORICAL_CONTRACT_SEE_MANIFEST,6,AVAILABLE,terminal_H,clip_0_1,3850,0.11246796376120452,0.06655212966550249,668260228b3c64e5bb2a39a2cd3912b18f140770e9c27319d716db574bdc9331
duration_lag_regularization_v1,TIME_SELECTED,fixed,HISTORICAL_CONTRACT_SEE_MANIFEST,6,AVAILABLE,path_1_to_H,raw,23100,0.11578062687970243,0.06417989319069792,668260228b3c64e5bb2a39a2cd3912b18f140770e9c27319d716db574bdc9331
duration_lag_regularization_v1,TIME_SELECTED,fixed,HISTORICAL_CONTRACT_SEE_MANIFEST,6,AVAILABLE,path_1_to_H,clip_0_1,23100,0.11577869276907579,0.06416555925205408,668260228b3c64e5bb2a39a2cd3912b18f140770e9c27319d716db574bdc9331
duration_lag_regularization_v1,TIME_SELECTED,fixed,HISTORICAL_CONTRACT_SEE_MANIFEST,9,AVAILABLE,terminal_H,raw,3850,0.10870799434186619,0.07003509530291135,668260228b3c64e5bb2a39a2cd3912b18f140770e9c27319d716db574bdc9331
duration_lag_regularization_v1,TIME_SELECTED,fixed,HISTORICAL_CONTRACT_SEE_MANIFEST,9,AVAILABLE,terminal_H,clip_0_1,3850,0.10870766348721703,0.07002923220005995,668260228b3c64e5bb2a39a2cd3912b18f140770e9c27319d716db574bdc9331
duration_lag_regularization_v1,TIME_SELECTED,fixed,HISTORICAL_CONTRACT_SEE_MANIFEST,9,AVAILABLE,path_1_to_H,raw,34650,0.11384730188488,0.0655270243921403,668260228b3c64e5bb2a39a2cd3912b18f140770e9c27319d716db574bdc9331
duration_lag_regularization_v1,TIME_SELECTED,fixed,HISTORICAL_CONTRACT_SEE_MANIFEST,9,AVAILABLE,path_1_to_H,clip_0_1,34650,0.11384593485564201,0.06551614584752705,668260228b3c64e5bb2a39a2cd3912b18f140770e9c27319d716db574bdc9331
duration_lag_regularization_v1,TIME_SELECTED,fixed,HISTORICAL_CONTRACT_SEE_MANIFEST,12,AVAILABLE,terminal_H,raw,3850,0.1145410730583097,0.07466127072821144,668260228b3c64e5bb2a39a2cd3912b18f140770e9c27319d716db574bdc9331
duration_lag_regularization_v1,TIME_SELECTED,fixed,HISTORICAL_CONTRACT_SEE_MANIFEST,12,AVAILABLE,terminal_H,clip_0_1,3850,0.11453450954213054,0.0746441064464719,668260228b3c64e5bb2a39a2cd3912b18f140770e9c27319d716db574bdc9331
duration_lag_regularization_v1,TIME_SELECTED,fixed,HISTORICAL_CONTRACT_SEE_MANIFEST,12,AVAILABLE,path_1_to_H,raw,46200,0.11376002181914045,0.0674535762772366,668260228b3c64e5bb2a39a2cd3912b18f140770e9c27319d716db574bdc9331
duration_lag_regularization_v1,TIME_SELECTED,fixed,HISTORICAL_CONTRACT_SEE_MANIFEST,12,AVAILABLE,path_1_to_H,clip_0_1,46200,0.11375684812766464,0.06744125654389933,668260228b3c64e5bb2a39a2cd3912b18f140770e9c27319d716db574bdc9331
duration_lag_regularization_v1,SCRAMBLED_SELECTED,fixed,HISTORICAL_CONTRACT_SEE_MANIFEST,3,AVAILABLE,terminal_H,raw,3850,0.10845525789057996,0.06243326065471576,6f8d2b48f86e4ef19c2149b39d587dc595557e890223d8e7bb842269c365e294
duration_lag_regularization_v1,SCRAMBLED_SELECTED,fixed,HISTORICAL_CONTRACT_SEE_MANIFEST,3,AVAILABLE,terminal_H,clip_0_1,3850,0.10845253214506238,0.06241959220893129,6f8d2b48f86e4ef19c2149b39d587dc595557e890223d8e7bb842269c365e294
duration_lag_regularization_v1,SCRAMBLED_SELECTED,fixed,HISTORICAL_CONTRACT_SEE_MANIFEST,3,AVAILABLE,path_1_to_H,raw,11550,0.10803795284743588,0.057983363916102634,6f8d2b48f86e4ef19c2149b39d587dc595557e890223d8e7bb842269c365e294
duration_lag_regularization_v1,SCRAMBLED_SELECTED,fixed,HISTORICAL_CONTRACT_SEE_MANIFEST,3,AVAILABLE,path_1_to_H,clip_0_1,11550,0.10803367873989166,0.057960513992293884,6f8d2b48f86e4ef19c2149b39d587dc595557e890223d8e7bb842269c365e294
duration_lag_regularization_v1,SCRAMBLED_SELECTED,fixed,HISTORICAL_CONTRACT_SEE_MANIFEST,6,AVAILABLE,terminal_H,raw,3850,0.11233535199735459,0.06644636300754748,6f8d2b48f86e4ef19c2149b39d587dc595557e890223d8e7bb842269c365e294
duration_lag_regularization_v1,SCRAMBLED_SELECTED,fixed,HISTORICAL_CONTRACT_SEE_MANIFEST,6,AVAILABLE,terminal_H,clip_0_1,3850,0.1123351607804161,0.06644140463838773,6f8d2b48f86e4ef19c2149b39d587dc595557e890223d8e7bb842269c365e294
duration_lag_regularization_v1,SCRAMBLED_SELECTED,fixed,HISTORICAL_CONTRACT_SEE_MANIFEST,6,AVAILABLE,path_1_to_H,raw,23100,0.11544542596632247,0.06398396464352667,6f8d2b48f86e4ef19c2149b39d587dc595557e890223d8e7bb842269c365e294
duration_lag_regularization_v1,SCRAMBLED_SELECTED,fixed,HISTORICAL_CONTRACT_SEE_MANIFEST,6,AVAILABLE,path_1_to_H,clip_0_1,23100,0.11544321573638909,0.06396915860327533,6f8d2b48f86e4ef19c2149b39d587dc595557e890223d8e7bb842269c365e294
duration_lag_regularization_v1,SCRAMBLED_SELECTED,fixed,HISTORICAL_CONTRACT_SEE_MANIFEST,9,AVAILABLE,terminal_H,raw,3850,0.10886292410790518,0.07020737706974652,6f8d2b48f86e4ef19c2149b39d587dc595557e890223d8e7bb842269c365e294
duration_lag_regularization_v1,SCRAMBLED_SELECTED,fixed,HISTORICAL_CONTRACT_SEE_MANIFEST,9,AVAILABLE,terminal_H,clip_0_1,3850,0.10886254429199578,0.07020097988345156,6f8d2b48f86e4ef19c2149b39d587dc595557e890223d8e7bb842269c365e294
duration_lag_regularization_v1,SCRAMBLED_SELECTED,fixed,HISTORICAL_CONTRACT_SEE_MANIFEST,9,AVAILABLE,path_1_to_H,raw,34650,0.11364569890947299,0.06544300623127433,6f8d2b48f86e4ef19c2149b39d587dc595557e890223d8e7bb842269c365e294
duration_lag_regularization_v1,SCRAMBLED_SELECTED,fixed,HISTORICAL_CONTRACT_SEE_MANIFEST,9,AVAILABLE,path_1_to_H,clip_0_1,34650,0.11364413691965407,0.06543172494333546,6f8d2b48f86e4ef19c2149b39d587dc595557e890223d8e7bb842269c365e294
duration_lag_regularization_v1,SCRAMBLED_SELECTED,fixed,HISTORICAL_CONTRACT_SEE_MANIFEST,12,AVAILABLE,terminal_H,raw,3850,0.11474471527292922,0.07481106420831361,6f8d2b48f86e4ef19c2149b39d587dc595557e890223d8e7bb842269c365e294
duration_lag_regularization_v1,SCRAMBLED_SELECTED,fixed,HISTORICAL_CONTRACT_SEE_MANIFEST,12,AVAILABLE,terminal_H,clip_0_1,3850,0.11473833978653034,0.07479380015985888,6f8d2b48f86e4ef19c2149b39d587dc595557e890223d8e7bb842269c365e294
duration_lag_regularization_v1,SCRAMBLED_SELECTED,fixed,HISTORICAL_CONTRACT_SEE_MANIFEST,12,AVAILABLE,path_1_to_H,raw,46200,0.11366901300809915,0.06744244527707227,6f8d2b48f86e4ef19c2149b39d587dc595557e890223d8e7bb842269c365e294
duration_lag_regularization_v1,SCRAMBLED_SELECTED,fixed,HISTORICAL_CONTRACT_SEE_MANIFEST,12,AVAILABLE,path_1_to_H,clip_0_1,46200,0.11366582165683878,0.06742992682078186,6f8d2b48f86e4ef19c2149b39d587dc595557e890223d8e7bb842269c365e294
duration_lag_regularization_v1,SCRAMBLED_MATCHED,fixed,HISTORICAL_CONTRACT_SEE_MANIFEST,3,AVAILABLE,terminal_H,raw,3850,0.10845525789057996,0.06243326065471576,6f8d2b48f86e4ef19c2149b39d587dc595557e890223d8e7bb842269c365e294
duration_lag_regularization_v1,SCRAMBLED_MATCHED,fixed,HISTORICAL_CONTRACT_SEE_MANIFEST,3,AVAILABLE,terminal_H,clip_0_1,3850,0.10845253214506238,0.06241959220893129,6f8d2b48f86e4ef19c2149b39d587dc595557e890223d8e7bb842269c365e294
duration_lag_regularization_v1,SCRAMBLED_MATCHED,fixed,HISTORICAL_CONTRACT_SEE_MANIFEST,3,AVAILABLE,path_1_to_H,raw,11550,0.10803795284743588,0.057983363916102634,6f8d2b48f86e4ef19c2149b39d587dc595557e890223d8e7bb842269c365e294
duration_lag_regularization_v1,SCRAMBLED_MATCHED,fixed,HISTORICAL_CONTRACT_SEE_MANIFEST,3,AVAILABLE,path_1_to_H,clip_0_1,11550,0.10803367873989166,0.057960513992293884,6f8d2b48f86e4ef19c2149b39d587dc595557e890223d8e7bb842269c365e294
duration_lag_regularization_v1,SCRAMBLED_MATCHED,fixed,HISTORICAL_CONTRACT_SEE_MANIFEST,6,AVAILABLE,terminal_H,raw,3850,0.11233535199735459,0.06644636300754748,6f8d2b48f86e4ef19c2149b39d587dc595557e890223d8e7bb842269c365e294
duration_lag_regularization_v1,SCRAMBLED_MATCHED,fixed,HISTORICAL_CONTRACT_SEE_MANIFEST,6,AVAILABLE,terminal_H,clip_0_1,3850,0.1123351607804161,0.06644140463838773,6f8d2b48f86e4ef19c2149b39d587dc595557e890223d8e7bb842269c365e294
duration_lag_regularization_v1,SCRAMBLED_MATCHED,fixed,HISTORICAL_CONTRACT_SEE_MANIFEST,6,AVAILABLE,path_1_to_H,raw,23100,0.11544542596632247,0.06398396464352667,6f8d2b48f86e4ef19c2149b39d587dc595557e890223d8e7bb842269c365e294
duration_lag_regularization_v1,SCRAMBLED_MATCHED,fixed,HISTORICAL_CONTRACT_SEE_MANIFEST,6,AVAILABLE,path_1_to_H,clip_0_1,23100,0.11544321573638909,0.06396915860327533,6f8d2b48f86e4ef19c2149b39d587dc595557e890223d8e7bb842269c365e294
duration_lag_regularization_v1,SCRAMBLED_MATCHED,fixed,HISTORICAL_CONTRACT_SEE_MANIFEST,9,AVAILABLE,terminal_H,raw,3850,0.10886292410790518,0.07020737706974652,6f8d2b48f86e4ef19c2149b39d587dc595557e890223d8e7bb842269c365e294
duration_lag_regularization_v1,SCRAMBLED_MATCHED,fixed,HISTORICAL_CONTRACT_SEE_MANIFEST,9,AVAILABLE,terminal_H,clip_0_1,3850,0.10886254429199578,0.07020097988345156,6f8d2b48f86e4ef19c2149b39d587dc595557e890223d8e7bb842269c365e294
duration_lag_regularization_v1,SCRAMBLED_MATCHED,fixed,HISTORICAL_CONTRACT_SEE_MANIFEST,9,AVAILABLE,path_1_to_H,raw,34650,0.11364569890947299,0.06544300623127433,6f8d2b48f86e4ef19c2149b39d587dc595557e890223d8e7bb842269c365e294
duration_lag_regularization_v1,SCRAMBLED_MATCHED,fixed,HISTORICAL_CONTRACT_SEE_MANIFEST,9,AVAILABLE,path_1_to_H,clip_0_1,34650,0.11364413691965407,0.06543172494333546,6f8d2b48f86e4ef19c2149b39d587dc595557e890223d8e7bb842269c365e294
duration_lag_regularization_v1,SCRAMBLED_MATCHED,fixed,HISTORICAL_CONTRACT_SEE_MANIFEST,12,AVAILABLE,terminal_H,raw,3850,0.11474471527292922,0.07481106420831361,6f8d2b48f86e4ef19c2149b39d587dc595557e890223d8e7bb842269c365e294
duration_lag_regularization_v1,SCRAMBLED_MATCHED,fixed,HISTORICAL_CONTRACT_SEE_MANIFEST,12,AVAILABLE,terminal_H,clip_0_1,3850,0.11473833978653034,0.07479380015985888,6f8d2b48f86e4ef19c2149b39d587dc595557e890223d8e7bb842269c365e294
duration_lag_regularization_v1,SCRAMBLED_MATCHED,fixed,HISTORICAL_CONTRACT_SEE_MANIFEST,12,AVAILABLE,path_1_to_H,raw,46200,0.11366901300809915,0.06744244527707227,6f8d2b48f86e4ef19c2149b39d587dc595557e890223d8e7bb842269c365e294
duration_lag_regularization_v1,SCRAMBLED_MATCHED,fixed,HISTORICAL_CONTRACT_SEE_MANIFEST,12,AVAILABLE,path_1_to_H,clip_0_1,46200,0.11366582165683878,0.06742992682078186,6f8d2b48f86e4ef19c2149b39d587dc595557e890223d8e7bb842269c365e294
conditional_od_interaction_v1,BASE_OD,fixed,HISTORICAL_CONTRACT_SEE_MANIFEST,3,AVAILABLE,terminal_H,raw,3850,0.10887039335131089,0.06275004621150433,91dd402bf3df8a3dbdaa30b7a77c38e085c68b2a77d75c5a6ef0c97d3cd61578
conditional_od_interaction_v1,BASE_OD,fixed,HISTORICAL_CONTRACT_SEE_MANIFEST,3,AVAILABLE,terminal_H,clip_0_1,3850,0.10886780811190436,0.06273469880252884,91dd402bf3df8a3dbdaa30b7a77c38e085c68b2a77d75c5a6ef0c97d3cd61578
conditional_od_interaction_v1,BASE_OD,fixed,HISTORICAL_CONTRACT_SEE_MANIFEST,3,AVAILABLE,path_1_to_H,raw,11550,0.10844216983936744,0.058215197733632706,91dd402bf3df8a3dbdaa30b7a77c38e085c68b2a77d75c5a6ef0c97d3cd61578
conditional_od_interaction_v1,BASE_OD,fixed,HISTORICAL_CONTRACT_SEE_MANIFEST,3,AVAILABLE,path_1_to_H,clip_0_1,11550,0.10843753341885691,0.05819006858839025,91dd402bf3df8a3dbdaa30b7a77c38e085c68b2a77d75c5a6ef0c97d3cd61578
conditional_od_interaction_v1,BASE_OD,fixed,HISTORICAL_CONTRACT_SEE_MANIFEST,6,AVAILABLE,terminal_H,raw,3850,0.11250546994246287,0.0665814280472109,91dd402bf3df8a3dbdaa30b7a77c38e085c68b2a77d75c5a6ef0c97d3cd61578
conditional_od_interaction_v1,BASE_OD,fixed,HISTORICAL_CONTRACT_SEE_MANIFEST,6,AVAILABLE,terminal_H,clip_0_1,3850,0.11250526267504261,0.06657595630038025,91dd402bf3df8a3dbdaa30b7a77c38e085c68b2a77d75c5a6ef0c97d3cd61578
conditional_od_interaction_v1,BASE_OD,fixed,HISTORICAL_CONTRACT_SEE_MANIFEST,6,AVAILABLE,path_1_to_H,raw,23100,0.11573379773837021,0.0641401073633475,91dd402bf3df8a3dbdaa30b7a77c38e085c68b2a77d75c5a6ef0c97d3cd61578
conditional_od_interaction_v1,BASE_OD,fixed,HISTORICAL_CONTRACT_SEE_MANIFEST,6,AVAILABLE,path_1_to_H,clip_0_1,23100,0.11573146002772243,0.06412423873220525,91dd402bf3df8a3dbdaa30b7a77c38e085c68b2a77d75c5a6ef0c97d3cd61578
conditional_od_interaction_v1,BASE_OD,fixed,HISTORICAL_CONTRACT_SEE_MANIFEST,9,AVAILABLE,terminal_H,raw,3850,0.10869267033876627,0.07002267576815444,91dd402bf3df8a3dbdaa30b7a77c38e085c68b2a77d75c5a6ef0c97d3cd61578
conditional_od_interaction_v1,BASE_OD,fixed,HISTORICAL_CONTRACT_SEE_MANIFEST,9,AVAILABLE,terminal_H,clip_0_1,3850,0.10869232862842484,0.07001665524068995,91dd402bf3df8a3dbdaa30b7a77c38e085c68b2a77d75c5a6ef0c97d3cd61578
conditional_od_interaction_v1,BASE_OD,fixed,HISTORICAL_CONTRACT_SEE_MANIFEST,9,AVAILABLE,path_1_to_H,raw,34650,0.11380050957884068,0.0655027878658581,91dd402bf3df8a3dbdaa30b7a77c38e085c68b2a77d75c5a6ef0c97d3cd61578
conditional_od_interaction_v1,BASE_OD,fixed,HISTORICAL_CONTRACT_SEE_MANIFEST,9,AVAILABLE,path_1_to_H,clip_0_1,34650,0.11379886871626999,0.06549087750715707,91dd402bf3df8a3dbdaa30b7a77c38e085c68b2a77d75c5a6ef0c97d3cd61578
conditional_od_interaction_v1,BASE_OD,fixed,HISTORICAL_CONTRACT_SEE_MANIFEST,12,AVAILABLE,terminal_H,raw,3850,0.11451864758001216,0.07462423058099567,91dd402bf3df8a3dbdaa30b7a77c38e085c68b2a77d75c5a6ef0c97d3cd61578
conditional_od_interaction_v1,BASE_OD,fixed,HISTORICAL_CONTRACT_SEE_MANIFEST,12,AVAILABLE,terminal_H,clip_0_1,3850,0.11451219890044605,0.0746072320687806,91dd402bf3df8a3dbdaa30b7a77c38e085c68b2a77d75c5a6ef0c97d3cd61578
conditional_od_interaction_v1,BASE_OD,fixed,HISTORICAL_CONTRACT_SEE_MANIFEST,12,AVAILABLE,path_1_to_H,raw,46200,0.1137195144299465,0.06743035463423697,91dd402bf3df8a3dbdaa30b7a77c38e085c68b2a77d75c5a6ef0c97d3cd61578
conditional_od_interaction_v1,BASE_OD,fixed,HISTORICAL_CONTRACT_SEE_MANIFEST,12,AVAILABLE,path_1_to_H,clip_0_1,46200,0.11371613644994719,0.06741728765730044,91dd402bf3df8a3dbdaa30b7a77c38e085c68b2a77d75c5a6ef0c97d3cd61578
conditional_od_interaction_v1,OD_PRODUCT,20260913,HISTORICAL_CONTRACT_SEE_MANIFEST,3,AVAILABLE,terminal_H,raw,3850,0.10684294010132976,0.06250499875763492,4d28ffbbddc895f1aba7a13148f7bc9df78ad691a3e3f4d1d5c4f9a3adf76ee0
conditional_od_interaction_v1,OD_PRODUCT,20260913,HISTORICAL_CONTRACT_SEE_MANIFEST,3,AVAILABLE,terminal_H,clip_0_1,3850,0.10683649360405434,0.06247808213961278,4d28ffbbddc895f1aba7a13148f7bc9df78ad691a3e3f4d1d5c4f9a3adf76ee0
conditional_od_interaction_v1,OD_PRODUCT,20260913,HISTORICAL_CONTRACT_SEE_MANIFEST,3,AVAILABLE,path_1_to_H,raw,11550,0.10678784699118005,0.05821855761243865,4d28ffbbddc895f1aba7a13148f7bc9df78ad691a3e3f4d1d5c4f9a3adf76ee0
conditional_od_interaction_v1,OD_PRODUCT,20260913,HISTORICAL_CONTRACT_SEE_MANIFEST,3,AVAILABLE,path_1_to_H,clip_0_1,11550,0.106771128060081,0.058177854311419225,4d28ffbbddc895f1aba7a13148f7bc9df78ad691a3e3f4d1d5c4f9a3adf76ee0
conditional_od_interaction_v1,OD_PRODUCT,20260913,HISTORICAL_CONTRACT_SEE_MANIFEST,6,AVAILABLE,terminal_H,raw,3850,0.11260659376643417,0.06755849546145926,4d28ffbbddc895f1aba7a13148f7bc9df78ad691a3e3f4d1d5c4f9a3adf76ee0
conditional_od_interaction_v1,OD_PRODUCT,20260913,HISTORICAL_CONTRACT_SEE_MANIFEST,6,AVAILABLE,terminal_H,clip_0_1,3850,0.11258832492084193,0.06751280202389826,4d28ffbbddc895f1aba7a13148f7bc9df78ad691a3e3f4d1d5c4f9a3adf76ee0
conditional_od_interaction_v1,OD_PRODUCT,20260913,HISTORICAL_CONTRACT_SEE_MANIFEST,6,AVAILABLE,path_1_to_H,raw,23100,0.11477547056878762,0.06446917851440188,4d28ffbbddc895f1aba7a13148f7bc9df78ad691a3e3f4d1d5c4f9a3adf76ee0
conditional_od_interaction_v1,OD_PRODUCT,20260913,HISTORICAL_CONTRACT_SEE_MANIFEST,6,AVAILABLE,path_1_to_H,clip_0_1,23100,0.11476048769023975,0.06442537281955997,4d28ffbbddc895f1aba7a13148f7bc9df78ad691a3e3f4d1d5c4f9a3adf76ee0
conditional_od_interaction_v1,OD_PRODUCT,20260913,HISTORICAL_CONTRACT_SEE_MANIFEST,9,AVAILABLE,terminal_H,raw,3850,0.11081132590049393,0.07251758645204026,4d28ffbbddc895f1aba7a13148f7bc9df78ad691a3e3f4d1d5c4f9a3adf76ee0
conditional_od_interaction_v1,OD_PRODUCT,20260913,HISTORICAL_CONTRACT_SEE_MANIFEST,9,AVAILABLE,terminal_H,clip_0_1,3850,0.11079285524954764,0.07248784415066964,4d28ffbbddc895f1aba7a13148f7bc9df78ad691a3e3f4d1d5c4f9a3adf76ee0
conditional_od_interaction_v1,OD_PRODUCT,20260913,HISTORICAL_CONTRACT_SEE_MANIFEST,9,AVAILABLE,path_1_to_H,raw,34650,0.1136284346838048,0.06636983649214928,4d28ffbbddc895f1aba7a13148f7bc9df78ad691a3e3f4d1d5c4f9a3adf76ee0
conditional_od_interaction_v1,OD_PRODUCT,20260913,HISTORICAL_CONTRACT_SEE_MANIFEST,9,AVAILABLE,path_1_to_H,clip_0_1,34650,0.11361469658096857,0.06632950891107127,4d28ffbbddc895f1aba7a13148f7bc9df78ad691a3e3f4d1d5c4f9a3adf76ee0
conditional_od_interaction_v1,OD_PRODUCT,20260913,HISTORICAL_CONTRACT_SEE_MANIFEST,12,AVAILABLE,terminal_H,raw,3850,0.11640466509148037,0.07661543663034769,4d28ffbbddc895f1aba7a13148f7bc9df78ad691a3e3f4d1d5c4f9a3adf76ee0
conditional_od_interaction_v1,OD_PRODUCT,20260913,HISTORICAL_CONTRACT_SEE_MANIFEST,12,AVAILABLE,terminal_H,clip_0_1,3850,0.1163907298897686,0.07658748134990423,4d28ffbbddc895f1aba7a13148f7bc9df78ad691a3e3f4d1d5c4f9a3adf76ee0
conditional_od_interaction_v1,OD_PRODUCT,20260913,HISTORICAL_CONTRACT_SEE_MANIFEST,12,AVAILABLE,path_1_to_H,raw,46200,0.11400617535184132,0.06864671815055544,4d28ffbbddc895f1aba7a13148f7bc9df78ad691a3e3f4d1d5c4f9a3adf76ee0
conditional_od_interaction_v1,OD_PRODUCT,20260913,HISTORICAL_CONTRACT_SEE_MANIFEST,12,AVAILABLE,path_1_to_H,clip_0_1,46200,0.11399147110529953,0.06860861387460813,4d28ffbbddc895f1aba7a13148f7bc9df78ad691a3e3f4d1d5c4f9a3adf76ee0
conditional_od_interaction_v1,OD_PRODUCT,20260914,HISTORICAL_CONTRACT_SEE_MANIFEST,3,AVAILABLE,terminal_H,raw,3850,0.10719639006584447,0.06262759922742316,520cd41a2adf53bec25f2b58dee747e9ba2f3d705df0d87ffb92b1fb7426ecd3
conditional_od_interaction_v1,OD_PRODUCT,20260914,HISTORICAL_CONTRACT_SEE_MANIFEST,3,AVAILABLE,terminal_H,clip_0_1,3850,0.10717998671680302,0.0625937340532852,520cd41a2adf53bec25f2b58dee747e9ba2f3d705df0d87ffb92b1fb7426ecd3
conditional_od_interaction_v1,OD_PRODUCT,20260914,HISTORICAL_CONTRACT_SEE_MANIFEST,3,AVAILABLE,path_1_to_H,raw,11550,0.10733195303772888,0.058185171174736594,520cd41a2adf53bec25f2b58dee747e9ba2f3d705df0d87ffb92b1fb7426ecd3
conditional_od_interaction_v1,OD_PRODUCT,20260914,HISTORICAL_CONTRACT_SEE_MANIFEST,3,AVAILABLE,path_1_to_H,clip_0_1,11550,0.10731530294015351,0.0581401940231714,520cd41a2adf53bec25f2b58dee747e9ba2f3d705df0d87ffb92b1fb7426ecd3
conditional_od_interaction_v1,OD_PRODUCT,20260914,HISTORICAL_CONTRACT_SEE_MANIFEST,6,AVAILABLE,terminal_H,raw,3850,0.11086204116552593,0.06692390578773678,520cd41a2adf53bec25f2b58dee747e9ba2f3d705df0d87ffb92b1fb7426ecd3
conditional_od_interaction_v1,OD_PRODUCT,20260914,HISTORICAL_CONTRACT_SEE_MANIFEST,6,AVAILABLE,terminal_H,clip_0_1,3850,0.11084362027100651,0.06685941587312882,520cd41a2adf53bec25f2b58dee747e9ba2f3d705df0d87ffb92b1fb7426ecd3
conditional_od_interaction_v1,OD_PRODUCT,20260914,HISTORICAL_CONTRACT_SEE_MANIFEST,6,AVAILABLE,path_1_to_H,raw,23100,0.11435482556102171,0.06413423872814522,520cd41a2adf53bec25f2b58dee747e9ba2f3d705df0d87ffb92b1fb7426ecd3
conditional_od_interaction_v1,OD_PRODUCT,20260914,HISTORICAL_CONTRACT_SEE_MANIFEST,6,AVAILABLE,path_1_to_H,clip_0_1,23100,0.11433912154388837,0.06408102628511937,520cd41a2adf53bec25f2b58dee747e9ba2f3d705df0d87ffb92b1fb7426ecd3
conditional_od_interaction_v1,OD_PRODUCT,20260914,HISTORICAL_CONTRACT_SEE_MANIFEST,9,AVAILABLE,terminal_H,raw,3850,0.10773209005471478,0.0703195897036227,520cd41a2adf53bec25f2b58dee747e9ba2f3d705df0d87ffb92b1fb7426ecd3
conditional_od_interaction_v1,OD_PRODUCT,20260914,HISTORICAL_CONTRACT_SEE_MANIFEST,9,AVAILABLE,terminal_H,clip_0_1,3850,0.10771671981136081,0.07028138778433099,520cd41a2adf53bec25f2b58dee747e9ba2f3d705df0d87ffb92b1fb7426ecd3
conditional_od_interaction_v1,OD_PRODUCT,20260914,HISTORICAL_CONTRACT_SEE_MANIFEST,9,AVAILABLE,path_1_to_H,raw,34650,0.11249814752392454,0.06553784736717767,520cd41a2adf53bec25f2b58dee747e9ba2f3d705df0d87ffb92b1fb7426ecd3
conditional_od_interaction_v1,OD_PRODUCT,20260914,HISTORICAL_CONTRACT_SEE_MANIFEST,9,AVAILABLE,path_1_to_H,clip_0_1,34650,0.11248200933724453,0.06548686751515069,520cd41a2adf53bec25f2b58dee747e9ba2f3d705df0d87ffb92b1fb7426ecd3
conditional_od_interaction_v1,OD_PRODUCT,20260914,HISTORICAL_CONTRACT_SEE_MANIFEST,12,AVAILABLE,terminal_H,raw,3850,0.1130765566644155,0.07394358955933746,520cd41a2adf53bec25f2b58dee747e9ba2f3d705df0d87ffb92b1fb7426ecd3
conditional_od_interaction_v1,OD_PRODUCT,20260914,HISTORICAL_CONTRACT_SEE_MANIFEST,12,AVAILABLE,terminal_H,clip_0_1,3850,0.11306584139435513,0.07391307852092448,520cd41a2adf53bec25f2b58dee747e9ba2f3d705df0d87ffb92b1fb7426ecd3
conditional_od_interaction_v1,OD_PRODUCT,20260914,HISTORICAL_CONTRACT_SEE_MANIFEST,12,AVAILABLE,path_1_to_H,raw,46200,0.11231114945150664,0.06734655535300836,520cd41a2adf53bec25f2b58dee747e9ba2f3d705df0d87ffb92b1fb7426ecd3
conditional_od_interaction_v1,OD_PRODUCT,20260914,HISTORICAL_CONTRACT_SEE_MANIFEST,12,AVAILABLE,path_1_to_H,clip_0_1,46200,0.11229295559903911,0.06729844250745343,520cd41a2adf53bec25f2b58dee747e9ba2f3d705df0d87ffb92b1fb7426ecd3
conditional_od_interaction_v1,OD_SEPARABLE,20260913,HISTORICAL_CONTRACT_SEE_MANIFEST,3,AVAILABLE,terminal_H,raw,3850,0.11154516113395464,0.06462724060203252,6e494025915d4095769574ab5f8d5b460b0043703dd7a41dbaf0859cf44f4698
conditional_od_interaction_v1,OD_SEPARABLE,20260913,HISTORICAL_CONTRACT_SEE_MANIFEST,3,AVAILABLE,terminal_H,clip_0_1,3850,0.11131018402497292,0.06453085772013407,6e494025915d4095769574ab5f8d5b460b0043703dd7a41dbaf0859cf44f4698
conditional_od_interaction_v1,OD_SEPARABLE,20260913,HISTORICAL_CONTRACT_SEE_MANIFEST,3,AVAILABLE,path_1_to_H,raw,11550,0.10983752750587555,0.05945223077521292,6e494025915d4095769574ab5f8d5b460b0043703dd7a41dbaf0859cf44f4698
conditional_od_interaction_v1,OD_SEPARABLE,20260913,HISTORICAL_CONTRACT_SEE_MANIFEST,3,AVAILABLE,path_1_to_H,clip_0_1,11550,0.10965987909604119,0.059335849762162336,6e494025915d4095769574ab5f8d5b460b0043703dd7a41dbaf0859cf44f4698
conditional_od_interaction_v1,OD_SEPARABLE,20260913,HISTORICAL_CONTRACT_SEE_MANIFEST,6,AVAILABLE,terminal_H,raw,3850,0.1180461109232486,0.0721620956175912,6e494025915d4095769574ab5f8d5b460b0043703dd7a41dbaf0859cf44f4698
conditional_od_interaction_v1,OD_SEPARABLE,20260913,HISTORICAL_CONTRACT_SEE_MANIFEST,6,AVAILABLE,terminal_H,clip_0_1,3850,0.11795902272936679,0.0721124482500526,6e494025915d4095769574ab5f8d5b460b0043703dd7a41dbaf0859cf44f4698
conditional_od_interaction_v1,OD_SEPARABLE,20260913,HISTORICAL_CONTRACT_SEE_MANIFEST,6,AVAILABLE,path_1_to_H,raw,23100,0.11874419888930908,0.06698171894078739,6e494025915d4095769574ab5f8d5b460b0043703dd7a41dbaf0859cf44f4698
conditional_od_interaction_v1,OD_SEPARABLE,20260913,HISTORICAL_CONTRACT_SEE_MANIFEST,6,AVAILABLE,path_1_to_H,clip_0_1,23100,0.1185816466359334,0.06687317482728962,6e494025915d4095769574ab5f8d5b460b0043703dd7a41dbaf0859cf44f4698
conditional_od_interaction_v1,OD_SEPARABLE,20260913,HISTORICAL_CONTRACT_SEE_MANIFEST,9,AVAILABLE,terminal_H,raw,3850,0.11483460416794361,0.07476383448405505,6e494025915d4095769574ab5f8d5b460b0043703dd7a41dbaf0859cf44f4698
conditional_od_interaction_v1,OD_SEPARABLE,20260913,HISTORICAL_CONTRACT_SEE_MANIFEST,9,AVAILABLE,terminal_H,clip_0_1,3850,0.1148236767871099,0.07474550839317912,6e494025915d4095769574ab5f8d5b460b0043703dd7a41dbaf0859cf44f4698
conditional_od_interaction_v1,OD_SEPARABLE,20260913,HISTORICAL_CONTRACT_SEE_MANIFEST,9,AVAILABLE,path_1_to_H,raw,34650,0.11787970392855855,0.06909747785540761,6e494025915d4095769574ab5f8d5b460b0043703dd7a41dbaf0859cf44f4698
conditional_od_interaction_v1,OD_SEPARABLE,20260913,HISTORICAL_CONTRACT_SEE_MANIFEST,9,AVAILABLE,path_1_to_H,clip_0_1,34650,0.11776536791602772,0.06901796963111757,6e494025915d4095769574ab5f8d5b460b0043703dd7a41dbaf0859cf44f4698
conditional_od_interaction_v1,OD_SEPARABLE,20260913,HISTORICAL_CONTRACT_SEE_MANIFEST,12,AVAILABLE,terminal_H,raw,3850,0.11961450143430204,0.07860435540133781,6e494025915d4095769574ab5f8d5b460b0043703dd7a41dbaf0859cf44f4698
conditional_od_interaction_v1,OD_SEPARABLE,20260913,HISTORICAL_CONTRACT_SEE_MANIFEST,12,AVAILABLE,terminal_H,clip_0_1,3850,0.11960666609858608,0.07858421386635496,6e494025915d4095769574ab5f8d5b460b0043703dd7a41dbaf0859cf44f4698
conditional_od_interaction_v1,OD_SEPARABLE,20260913,HISTORICAL_CONTRACT_SEE_MANIFEST,12,AVAILABLE,path_1_to_H,raw,46200,0.11808609652882333,0.07117401308025581,6e494025915d4095769574ab5f8d5b460b0043703dd7a41dbaf0859cf44f4698
conditional_od_interaction_v1,OD_SEPARABLE,20260913,HISTORICAL_CONTRACT_SEE_MANIFEST,12,AVAILABLE,path_1_to_H,clip_0_1,46200,0.11799690152030547,0.07110842418398408,6e494025915d4095769574ab5f8d5b460b0043703dd7a41dbaf0859cf44f4698
conditional_od_interaction_v1,OD_SEPARABLE,20260914,HISTORICAL_CONTRACT_SEE_MANIFEST,3,AVAILABLE,terminal_H,raw,3850,0.10831009249433118,0.06327260030700077,1e261a5027cd585903ef6dc620937fd49ef17edc9371404fb26ce6e8deeca61f
conditional_od_interaction_v1,OD_SEPARABLE,20260914,HISTORICAL_CONTRACT_SEE_MANIFEST,3,AVAILABLE,terminal_H,clip_0_1,3850,0.10830444942765255,0.06324651337265144,1e261a5027cd585903ef6dc620937fd49ef17edc9371404fb26ce6e8deeca61f
conditional_od_interaction_v1,OD_SEPARABLE,20260914,HISTORICAL_CONTRACT_SEE_MANIFEST,3,AVAILABLE,path_1_to_H,raw,11550,0.10776620238044732,0.05827943944570554,1e261a5027cd585903ef6dc620937fd49ef17edc9371404fb26ce6e8deeca61f
conditional_od_interaction_v1,OD_SEPARABLE,20260914,HISTORICAL_CONTRACT_SEE_MANIFEST,3,AVAILABLE,path_1_to_H,clip_0_1,11550,0.10775351912635561,0.058236746516202705,1e261a5027cd585903ef6dc620937fd49ef17edc9371404fb26ce6e8deeca61f
conditional_od_interaction_v1,OD_SEPARABLE,20260914,HISTORICAL_CONTRACT_SEE_MANIFEST,6,AVAILABLE,terminal_H,raw,3850,0.11430289931816319,0.06774768271836731,1e261a5027cd585903ef6dc620937fd49ef17edc9371404fb26ce6e8deeca61f
conditional_od_interaction_v1,OD_SEPARABLE,20260914,HISTORICAL_CONTRACT_SEE_MANIFEST,6,AVAILABLE,terminal_H,clip_0_1,3850,0.11429133853828445,0.06769335521627816,1e261a5027cd585903ef6dc620937fd49ef17edc9371404fb26ce6e8deeca61f
conditional_od_interaction_v1,OD_SEPARABLE,20260914,HISTORICAL_CONTRACT_SEE_MANIFEST,6,AVAILABLE,path_1_to_H,raw,23100,0.11599475341944651,0.06473569347122368,1e261a5027cd585903ef6dc620937fd49ef17edc9371404fb26ce6e8deeca61f
conditional_od_interaction_v1,OD_SEPARABLE,20260914,HISTORICAL_CONTRACT_SEE_MANIFEST,6,AVAILABLE,path_1_to_H,clip_0_1,23100,0.11598492522021733,0.06468864937867827,1e261a5027cd585903ef6dc620937fd49ef17edc9371404fb26ce6e8deeca61f
conditional_od_interaction_v1,OD_SEPARABLE,20260914,HISTORICAL_CONTRACT_SEE_MANIFEST,9,AVAILABLE,terminal_H,raw,3850,0.10829623014251921,0.06993889749441563,1e261a5027cd585903ef6dc620937fd49ef17edc9371404fb26ce6e8deeca61f
conditional_od_interaction_v1,OD_SEPARABLE,20260914,HISTORICAL_CONTRACT_SEE_MANIFEST,9,AVAILABLE,terminal_H,clip_0_1,3850,0.10829336652938838,0.0699145338423382,1e261a5027cd585903ef6dc620937fd49ef17edc9371404fb26ce6e8deeca61f
conditional_od_interaction_v1,OD_SEPARABLE,20260914,HISTORICAL_CONTRACT_SEE_MANIFEST,9,AVAILABLE,path_1_to_H,raw,34650,0.11409436103902401,0.06602526456697408,1e261a5027cd585903ef6dc620937fd49ef17edc9371404fb26ce6e8deeca61f
conditional_od_interaction_v1,OD_SEPARABLE,20260914,HISTORICAL_CONTRACT_SEE_MANIFEST,9,AVAILABLE,path_1_to_H,clip_0_1,34650,0.11408679264747786,0.06598458904081252,1e261a5027cd585903ef6dc620937fd49ef17edc9371404fb26ce6e8deeca61f
conditional_od_interaction_v1,OD_SEPARABLE,20260914,HISTORICAL_CONTRACT_SEE_MANIFEST,12,AVAILABLE,terminal_H,raw,3850,0.11340720249724869,0.07399984396040075,1e261a5027cd585903ef6dc620937fd49ef17edc9371404fb26ce6e8deeca61f
conditional_od_interaction_v1,OD_SEPARABLE,20260914,HISTORICAL_CONTRACT_SEE_MANIFEST,12,AVAILABLE,terminal_H,clip_0_1,3850,0.11340487814080674,0.07398742950845431,1e261a5027cd585903ef6dc620937fd49ef17edc9371404fb26ce6e8deeca61f
conditional_od_interaction_v1,OD_SEPARABLE,20260914,HISTORICAL_CONTRACT_SEE_MANIFEST,12,AVAILABLE,path_1_to_H,raw,46200,0.11369025402782824,0.06778481086647002,1e261a5027cd585903ef6dc620937fd49ef17edc9371404fb26ce6e8deeca61f
conditional_od_interaction_v1,OD_SEPARABLE,20260914,HISTORICAL_CONTRACT_SEE_MANIFEST,12,AVAILABLE,path_1_to_H,clip_0_1,46200,0.11368274409365933,0.0677498339931607,1e261a5027cd585903ef6dc620937fd49ef17edc9371404fb26ce6e8deeca61f
conditional_od_interaction_v1,OD_CONCAT_MLP,20260913,HISTORICAL_CONTRACT_SEE_MANIFEST,3,AVAILABLE,terminal_H,raw,3850,0.10947570484563346,0.06263968036935749,6ce5ee650d4843397ba0b0144bb8fc4abb72f64355dc9967b92d8ad0391952bd
conditional_od_interaction_v1,OD_CONCAT_MLP,20260913,HISTORICAL_CONTRACT_SEE_MANIFEST,3,AVAILABLE,terminal_H,clip_0_1,3850,0.10947188212395365,0.06261200198298439,6ce5ee650d4843397ba0b0144bb8fc4abb72f64355dc9967b92d8ad0391952bd
conditional_od_interaction_v1,OD_CONCAT_MLP,20260913,HISTORICAL_CONTRACT_SEE_MANIFEST,3,AVAILABLE,path_1_to_H,raw,11550,0.10868654654312349,0.058002414454228955,6ce5ee650d4843397ba0b0144bb8fc4abb72f64355dc9967b92d8ad0391952bd
conditional_od_interaction_v1,OD_CONCAT_MLP,20260913,HISTORICAL_CONTRACT_SEE_MANIFEST,3,AVAILABLE,path_1_to_H,clip_0_1,11550,0.10868013919932094,0.057961135206647175,6ce5ee650d4843397ba0b0144bb8fc4abb72f64355dc9967b92d8ad0391952bd
conditional_od_interaction_v1,OD_CONCAT_MLP,20260913,HISTORICAL_CONTRACT_SEE_MANIFEST,6,AVAILABLE,terminal_H,raw,3850,0.11416417422340848,0.06720950683856845,6ce5ee650d4843397ba0b0144bb8fc4abb72f64355dc9967b92d8ad0391952bd
conditional_od_interaction_v1,OD_CONCAT_MLP,20260913,HISTORICAL_CONTRACT_SEE_MANIFEST,6,AVAILABLE,terminal_H,clip_0_1,3850,0.11415889465144377,0.06717779145657769,6ce5ee650d4843397ba0b0144bb8fc4abb72f64355dc9967b92d8ad0391952bd
conditional_od_interaction_v1,OD_CONCAT_MLP,20260913,HISTORICAL_CONTRACT_SEE_MANIFEST,6,AVAILABLE,path_1_to_H,raw,23100,0.11643909545781216,0.06411443654359382,6ce5ee650d4843397ba0b0144bb8fc4abb72f64355dc9967b92d8ad0391952bd
conditional_od_interaction_v1,OD_CONCAT_MLP,20260913,HISTORICAL_CONTRACT_SEE_MANIFEST,6,AVAILABLE,path_1_to_H,clip_0_1,23100,0.116433323591317,0.06407862385671773,6ce5ee650d4843397ba0b0144bb8fc4abb72f64355dc9967b92d8ad0391952bd
conditional_od_interaction_v1,OD_CONCAT_MLP,20260913,HISTORICAL_CONTRACT_SEE_MANIFEST,9,AVAILABLE,terminal_H,raw,3850,0.10995735662265461,0.07035561348764802,6ce5ee650d4843397ba0b0144bb8fc4abb72f64355dc9967b92d8ad0391952bd
conditional_od_interaction_v1,OD_CONCAT_MLP,20260913,HISTORICAL_CONTRACT_SEE_MANIFEST,9,AVAILABLE,terminal_H,clip_0_1,3850,0.10995346519948233,0.070324605679955,6ce5ee650d4843397ba0b0144bb8fc4abb72f64355dc9967b92d8ad0391952bd
conditional_od_interaction_v1,OD_CONCAT_MLP,20260913,HISTORICAL_CONTRACT_SEE_MANIFEST,9,AVAILABLE,path_1_to_H,raw,34650,0.11474406963595882,0.06556549599816251,6ce5ee650d4843397ba0b0144bb8fc4abb72f64355dc9967b92d8ad0391952bd
conditional_od_interaction_v1,OD_CONCAT_MLP,20260913,HISTORICAL_CONTRACT_SEE_MANIFEST,9,AVAILABLE,path_1_to_H,clip_0_1,34650,0.1147389689888577,0.06553323271694753,6ce5ee650d4843397ba0b0144bb8fc4abb72f64355dc9967b92d8ad0391952bd
conditional_od_interaction_v1,OD_CONCAT_MLP,20260913,HISTORICAL_CONTRACT_SEE_MANIFEST,12,AVAILABLE,terminal_H,raw,3850,0.11474302746364451,0.0744644356392926,6ce5ee650d4843397ba0b0144bb8fc4abb72f64355dc9967b92d8ad0391952bd
conditional_od_interaction_v1,OD_CONCAT_MLP,20260913,HISTORICAL_CONTRACT_SEE_MANIFEST,12,AVAILABLE,terminal_H,clip_0_1,3850,0.1147342496895243,0.07444182779930474,6ce5ee650d4843397ba0b0144bb8fc4abb72f64355dc9967b92d8ad0391952bd
conditional_od_interaction_v1,OD_CONCAT_MLP,20260913,HISTORICAL_CONTRACT_SEE_MANIFEST,12,AVAILABLE,path_1_to_H,raw,46200,0.11443036166760812,0.06737988032655838,6ce5ee650d4843397ba0b0144bb8fc4abb72f64355dc9967b92d8ad0391952bd
conditional_od_interaction_v1,OD_CONCAT_MLP,20260913,HISTORICAL_CONTRACT_SEE_MANIFEST,12,AVAILABLE,path_1_to_H,clip_0_1,46200,0.11442424414284762,0.06734999332786971,6ce5ee650d4843397ba0b0144bb8fc4abb72f64355dc9967b92d8ad0391952bd
conditional_od_interaction_v1,OD_CONCAT_MLP,20260914,HISTORICAL_CONTRACT_SEE_MANIFEST,3,AVAILABLE,terminal_H,raw,3850,0.10994299295389989,0.06276063357716898,0785db735a0347f9f4e13f7444cc3f6b1ba72a240701377817a767431039cb52
conditional_od_interaction_v1,OD_CONCAT_MLP,20260914,HISTORICAL_CONTRACT_SEE_MANIFEST,3,AVAILABLE,terminal_H,clip_0_1,3850,0.1098885612002178,0.06272665227742802,0785db735a0347f9f4e13f7444cc3f6b1ba72a240701377817a767431039cb52
conditional_od_interaction_v1,OD_CONCAT_MLP,20260914,HISTORICAL_CONTRACT_SEE_MANIFEST,3,AVAILABLE,path_1_to_H,raw,11550,0.10881944970270735,0.0580373112080092,0785db735a0347f9f4e13f7444cc3f6b1ba72a240701377817a767431039cb52
conditional_od_interaction_v1,OD_CONCAT_MLP,20260914,HISTORICAL_CONTRACT_SEE_MANIFEST,3,AVAILABLE,path_1_to_H,clip_0_1,11550,0.10875393774017376,0.05797570875376338,0785db735a0347f9f4e13f7444cc3f6b1ba72a240701377817a767431039cb52
conditional_od_interaction_v1,OD_CONCAT_MLP,20260914,HISTORICAL_CONTRACT_SEE_MANIFEST,6,AVAILABLE,terminal_H,raw,3850,0.11472861656625781,0.06787245619712068,0785db735a0347f9f4e13f7444cc3f6b1ba72a240701377817a767431039cb52
conditional_od_interaction_v1,OD_CONCAT_MLP,20260914,HISTORICAL_CONTRACT_SEE_MANIFEST,6,AVAILABLE,terminal_H,clip_0_1,3850,0.11472041323494972,0.06784632928629167,0785db735a0347f9f4e13f7444cc3f6b1ba72a240701377817a767431039cb52
conditional_od_interaction_v1,OD_CONCAT_MLP,20260914,HISTORICAL_CONTRACT_SEE_MANIFEST,6,AVAILABLE,path_1_to_H,raw,23100,0.11678866232682594,0.06435018811918865,0785db735a0347f9f4e13f7444cc3f6b1ba72a240701377817a767431039cb52
conditional_od_interaction_v1,OD_CONCAT_MLP,20260914,HISTORICAL_CONTRACT_SEE_MANIFEST,6,AVAILABLE,path_1_to_H,clip_0_1,23100,0.11674087009579374,0.06430109815867403,0785db735a0347f9f4e13f7444cc3f6b1ba72a240701377817a767431039cb52
conditional_od_interaction_v1,OD_CONCAT_MLP,20260914,HISTORICAL_CONTRACT_SEE_MANIFEST,9,AVAILABLE,terminal_H,raw,3850,0.11089873683159726,0.07143571977809358,0785db735a0347f9f4e13f7444cc3f6b1ba72a240701377817a767431039cb52
conditional_od_interaction_v1,OD_CONCAT_MLP,20260914,HISTORICAL_CONTRACT_SEE_MANIFEST,9,AVAILABLE,terminal_H,clip_0_1,3850,0.1108976691660973,0.07142232119503054,0785db735a0347f9f4e13f7444cc3f6b1ba72a240701377817a767431039cb52
conditional_od_interaction_v1,OD_CONCAT_MLP,20260914,HISTORICAL_CONTRACT_SEE_MANIFEST,9,AVAILABLE,path_1_to_H,raw,34650,0.1153819076318811,0.06621691304350077,0785db735a0347f9f4e13f7444cc3f6b1ba72a240701377817a767431039cb52
conditional_od_interaction_v1,OD_CONCAT_MLP,20260914,HISTORICAL_CONTRACT_SEE_MANIFEST,9,AVAILABLE,path_1_to_H,clip_0_1,34650,0.11534894383887974,0.06617802830442503,0785db735a0347f9f4e13f7444cc3f6b1ba72a240701377817a767431039cb52
conditional_od_interaction_v1,OD_CONCAT_MLP,20260914,HISTORICAL_CONTRACT_SEE_MANIFEST,12,AVAILABLE,terminal_H,raw,3850,0.11598783999094164,0.07586954930587929,0785db735a0347f9f4e13f7444cc3f6b1ba72a240701377817a767431039cb52
conditional_od_interaction_v1,OD_CONCAT_MLP,20260914,HISTORICAL_CONTRACT_SEE_MANIFEST,12,AVAILABLE,terminal_H,clip_0_1,3850,0.11598425566846285,0.07585363723768655,0785db735a0347f9f4e13f7444cc3f6b1ba72a240701377817a767431039cb52
conditional_od_interaction_v1,OD_CONCAT_MLP,20260914,HISTORICAL_CONTRACT_SEE_MANIFEST,12,AVAILABLE,path_1_to_H,raw,46200,0.11517562277385932,0.06816609368295222,0785db735a0347f9f4e13f7444cc3f6b1ba72a240701377817a767431039cb52
conditional_od_interaction_v1,OD_CONCAT_MLP,20260914,HISTORICAL_CONTRACT_SEE_MANIFEST,12,AVAILABLE,path_1_to_H,clip_0_1,46200,0.11514981760925025,0.06813311322810885,0785db735a0347f9f4e13f7444cc3f6b1ba72a240701377817a767431039cb52
conditional_od_interaction_v1,OO_PRODUCT,20260913,HISTORICAL_CONTRACT_SEE_MANIFEST,3,AVAILABLE,terminal_H,raw,3850,0.10843757233300023,0.0631589631560723,daf2ea2cdbb9adc3196392b5caf6312346e2c648dedb88708355cd8fe4ce2856
conditional_od_interaction_v1,OO_PRODUCT,20260913,HISTORICAL_CONTRACT_SEE_MANIFEST,3,AVAILABLE,terminal_H,clip_0_1,3850,0.10842161581915798,0.06310175489599641,daf2ea2cdbb9adc3196392b5caf6312346e2c648dedb88708355cd8fe4ce2856
conditional_od_interaction_v1,OO_PRODUCT,20260913,HISTORICAL_CONTRACT_SEE_MANIFEST,3,AVAILABLE,path_1_to_H,raw,11550,0.10780491875753286,0.05830790028867142,daf2ea2cdbb9adc3196392b5caf6312346e2c648dedb88708355cd8fe4ce2856
conditional_od_interaction_v1,OO_PRODUCT,20260913,HISTORICAL_CONTRACT_SEE_MANIFEST,3,AVAILABLE,path_1_to_H,clip_0_1,11550,0.10779097136111514,0.05824426943633618,daf2ea2cdbb9adc3196392b5caf6312346e2c648dedb88708355cd8fe4ce2856
conditional_od_interaction_v1,OO_PRODUCT,20260913,HISTORICAL_CONTRACT_SEE_MANIFEST,6,AVAILABLE,terminal_H,raw,3850,0.11358948066869183,0.0684482166527423,daf2ea2cdbb9adc3196392b5caf6312346e2c648dedb88708355cd8fe4ce2856
conditional_od_interaction_v1,OO_PRODUCT,20260913,HISTORICAL_CONTRACT_SEE_MANIFEST,6,AVAILABLE,terminal_H,clip_0_1,3850,0.11358107620125647,0.06839507001545411,daf2ea2cdbb9adc3196392b5caf6312346e2c648dedb88708355cd8fe4ce2856
conditional_od_interaction_v1,OO_PRODUCT,20260913,HISTORICAL_CONTRACT_SEE_MANIFEST,6,AVAILABLE,path_1_to_H,raw,23100,0.1156580637384611,0.06477990913345329,daf2ea2cdbb9adc3196392b5caf6312346e2c648dedb88708355cd8fe4ce2856
conditional_od_interaction_v1,OO_PRODUCT,20260913,HISTORICAL_CONTRACT_SEE_MANIFEST,6,AVAILABLE,path_1_to_H,clip_0_1,23100,0.1156466954088224,0.06472076036970187,daf2ea2cdbb9adc3196392b5caf6312346e2c648dedb88708355cd8fe4ce2856
conditional_od_interaction_v1,OO_PRODUCT,20260913,HISTORICAL_CONTRACT_SEE_MANIFEST,9,AVAILABLE,terminal_H,raw,3850,0.109090722019091,0.0708145779159847,daf2ea2cdbb9adc3196392b5caf6312346e2c648dedb88708355cd8fe4ce2856
conditional_od_interaction_v1,OO_PRODUCT,20260913,HISTORICAL_CONTRACT_SEE_MANIFEST,9,AVAILABLE,terminal_H,clip_0_1,3850,0.10908288155872214,0.0707722936624961,daf2ea2cdbb9adc3196392b5caf6312346e2c648dedb88708355cd8fe4ce2856
conditional_od_interaction_v1,OO_PRODUCT,20260913,HISTORICAL_CONTRACT_SEE_MANIFEST,9,AVAILABLE,path_1_to_H,raw,34650,0.11420314360576214,0.06647846785841574,daf2ea2cdbb9adc3196392b5caf6312346e2c648dedb88708355cd8fe4ce2856
conditional_od_interaction_v1,OO_PRODUCT,20260913,HISTORICAL_CONTRACT_SEE_MANIFEST,9,AVAILABLE,path_1_to_H,clip_0_1,34650,0.11419303066858051,0.06642540831748142,daf2ea2cdbb9adc3196392b5caf6312346e2c648dedb88708355cd8fe4ce2856
conditional_od_interaction_v1,OO_PRODUCT,20260913,HISTORICAL_CONTRACT_SEE_MANIFEST,12,AVAILABLE,terminal_H,raw,3850,0.115389343633384,0.07579608762736674,daf2ea2cdbb9adc3196392b5caf6312346e2c648dedb88708355cd8fe4ce2856
conditional_od_interaction_v1,OO_PRODUCT,20260913,HISTORICAL_CONTRACT_SEE_MANIFEST,12,AVAILABLE,terminal_H,clip_0_1,3850,0.11535604860368742,0.07575405468068126,daf2ea2cdbb9adc3196392b5caf6312346e2c648dedb88708355cd8fe4ce2856
conditional_od_interaction_v1,OO_PRODUCT,20260913,HISTORICAL_CONTRACT_SEE_MANIFEST,12,AVAILABLE,path_1_to_H,raw,46200,0.11425485181361304,0.06851446014059798,daf2ea2cdbb9adc3196392b5caf6312346e2c648dedb88708355cd8fe4ce2856
conditional_od_interaction_v1,OO_PRODUCT,20260913,HISTORICAL_CONTRACT_SEE_MANIFEST,12,AVAILABLE,path_1_to_H,clip_0_1,46200,0.11423733261250506,0.06846247548756419,daf2ea2cdbb9adc3196392b5caf6312346e2c648dedb88708355cd8fe4ce2856
conditional_od_interaction_v1,OO_PRODUCT,20260914,HISTORICAL_CONTRACT_SEE_MANIFEST,3,AVAILABLE,terminal_H,raw,3850,0.10953157148271397,0.06355208000960452,d8a14fb4760c7b734eb6665e38b879e738ac7a66f5e45fb08688d01b53d7c59d
conditional_od_interaction_v1,OO_PRODUCT,20260914,HISTORICAL_CONTRACT_SEE_MANIFEST,3,AVAILABLE,terminal_H,clip_0_1,3850,0.10950990585801196,0.06351651493460019,d8a14fb4760c7b734eb6665e38b879e738ac7a66f5e45fb08688d01b53d7c59d
conditional_od_interaction_v1,OO_PRODUCT,20260914,HISTORICAL_CONTRACT_SEE_MANIFEST,3,AVAILABLE,path_1_to_H,raw,11550,0.10879861532626374,0.05878972229302009,d8a14fb4760c7b734eb6665e38b879e738ac7a66f5e45fb08688d01b53d7c59d
conditional_od_interaction_v1,OO_PRODUCT,20260914,HISTORICAL_CONTRACT_SEE_MANIFEST,3,AVAILABLE,path_1_to_H,clip_0_1,11550,0.10876453567281776,0.05872717035623366,d8a14fb4760c7b734eb6665e38b879e738ac7a66f5e45fb08688d01b53d7c59d
conditional_od_interaction_v1,OO_PRODUCT,20260914,HISTORICAL_CONTRACT_SEE_MANIFEST,6,AVAILABLE,terminal_H,raw,3850,0.11487338690656834,0.06790325623222276,d8a14fb4760c7b734eb6665e38b879e738ac7a66f5e45fb08688d01b53d7c59d
conditional_od_interaction_v1,OO_PRODUCT,20260914,HISTORICAL_CONTRACT_SEE_MANIFEST,6,AVAILABLE,terminal_H,clip_0_1,3850,0.11480174343553491,0.06783812618488502,d8a14fb4760c7b734eb6665e38b879e738ac7a66f5e45fb08688d01b53d7c59d
conditional_od_interaction_v1,OO_PRODUCT,20260914,HISTORICAL_CONTRACT_SEE_MANIFEST,6,AVAILABLE,path_1_to_H,raw,23100,0.11696099305261441,0.06494372927488135,d8a14fb4760c7b734eb6665e38b879e738ac7a66f5e45fb08688d01b53d7c59d
conditional_od_interaction_v1,OO_PRODUCT,20260914,HISTORICAL_CONTRACT_SEE_MANIFEST,6,AVAILABLE,path_1_to_H,clip_0_1,23100,0.11690306011289328,0.06487022164604027,d8a14fb4760c7b734eb6665e38b879e738ac7a66f5e45fb08688d01b53d7c59d
conditional_od_interaction_v1,OO_PRODUCT,20260914,HISTORICAL_CONTRACT_SEE_MANIFEST,9,AVAILABLE,terminal_H,raw,3850,0.10969714623415633,0.07108246180430751,d8a14fb4760c7b734eb6665e38b879e738ac7a66f5e45fb08688d01b53d7c59d
conditional_od_interaction_v1,OO_PRODUCT,20260914,HISTORICAL_CONTRACT_SEE_MANIFEST,9,AVAILABLE,terminal_H,clip_0_1,3850,0.10969674473660618,0.07107202207471904,d8a14fb4760c7b734eb6665e38b879e738ac7a66f5e45fb08688d01b53d7c59d
conditional_od_interaction_v1,OO_PRODUCT,20260914,HISTORICAL_CONTRACT_SEE_MANIFEST,9,AVAILABLE,path_1_to_H,raw,34650,0.11523482604325803,0.06650955657980338,d8a14fb4760c7b734eb6665e38b879e738ac7a66f5e45fb08688d01b53d7c59d
conditional_od_interaction_v1,OO_PRODUCT,20260914,HISTORICAL_CONTRACT_SEE_MANIFEST,9,AVAILABLE,path_1_to_H,clip_0_1,34650,0.11518870058908821,0.06645034524842096,d8a14fb4760c7b734eb6665e38b879e738ac7a66f5e45fb08688d01b53d7c59d
conditional_od_interaction_v1,OO_PRODUCT,20260914,HISTORICAL_CONTRACT_SEE_MANIFEST,12,AVAILABLE,terminal_H,raw,3850,0.1152356220658326,0.07525964816764816,d8a14fb4760c7b734eb6665e38b879e738ac7a66f5e45fb08688d01b53d7c59d
conditional_od_interaction_v1,OO_PRODUCT,20260914,HISTORICAL_CONTRACT_SEE_MANIFEST,12,AVAILABLE,terminal_H,clip_0_1,3850,0.1152270153313315,0.07523751590645221,d8a14fb4760c7b734eb6665e38b879e738ac7a66f5e45fb08688d01b53d7c59d
conditional_od_interaction_v1,OO_PRODUCT,20260914,HISTORICAL_CONTRACT_SEE_MANIFEST,12,AVAILABLE,path_1_to_H,raw,46200,0.1150472955452621,0.06844089091436716,d8a14fb4760c7b734eb6665e38b879e738ac7a66f5e45fb08688d01b53d7c59d
conditional_od_interaction_v1,OO_PRODUCT,20260914,HISTORICAL_CONTRACT_SEE_MANIFEST,12,AVAILABLE,path_1_to_H,clip_0_1,46200,0.11500936384907194,0.06839142019237741,d8a14fb4760c7b734eb6665e38b879e738ac7a66f5e45fb08688d01b53d7c59d
reference_harm_stability_v1,BASE_OD,fixed,HISTORICAL_CONTRACT_SEE_MANIFEST,3,AVAILABLE,terminal_H,raw,3850,0.10887039335131089,0.06275004621150433,91dd402bf3df8a3dbdaa30b7a77c38e085c68b2a77d75c5a6ef0c97d3cd61578
reference_harm_stability_v1,BASE_OD,fixed,HISTORICAL_CONTRACT_SEE_MANIFEST,3,AVAILABLE,terminal_H,clip_0_1,3850,0.10886780811190436,0.06273469880252884,91dd402bf3df8a3dbdaa30b7a77c38e085c68b2a77d75c5a6ef0c97d3cd61578
reference_harm_stability_v1,BASE_OD,fixed,HISTORICAL_CONTRACT_SEE_MANIFEST,3,AVAILABLE,path_1_to_H,raw,11550,0.10844216983936744,0.058215197733632706,91dd402bf3df8a3dbdaa30b7a77c38e085c68b2a77d75c5a6ef0c97d3cd61578
reference_harm_stability_v1,BASE_OD,fixed,HISTORICAL_CONTRACT_SEE_MANIFEST,3,AVAILABLE,path_1_to_H,clip_0_1,11550,0.10843753341885691,0.05819006858839025,91dd402bf3df8a3dbdaa30b7a77c38e085c68b2a77d75c5a6ef0c97d3cd61578
reference_harm_stability_v1,BASE_OD,fixed,HISTORICAL_CONTRACT_SEE_MANIFEST,6,AVAILABLE,terminal_H,raw,3850,0.11250546994246287,0.0665814280472109,91dd402bf3df8a3dbdaa30b7a77c38e085c68b2a77d75c5a6ef0c97d3cd61578
reference_harm_stability_v1,BASE_OD,fixed,HISTORICAL_CONTRACT_SEE_MANIFEST,6,AVAILABLE,terminal_H,clip_0_1,3850,0.11250526267504261,0.06657595630038025,91dd402bf3df8a3dbdaa30b7a77c38e085c68b2a77d75c5a6ef0c97d3cd61578
reference_harm_stability_v1,BASE_OD,fixed,HISTORICAL_CONTRACT_SEE_MANIFEST,6,AVAILABLE,path_1_to_H,raw,23100,0.11573379773837021,0.0641401073633475,91dd402bf3df8a3dbdaa30b7a77c38e085c68b2a77d75c5a6ef0c97d3cd61578
reference_harm_stability_v1,BASE_OD,fixed,HISTORICAL_CONTRACT_SEE_MANIFEST,6,AVAILABLE,path_1_to_H,clip_0_1,23100,0.11573146002772243,0.06412423873220525,91dd402bf3df8a3dbdaa30b7a77c38e085c68b2a77d75c5a6ef0c97d3cd61578
reference_harm_stability_v1,BASE_OD,fixed,HISTORICAL_CONTRACT_SEE_MANIFEST,9,AVAILABLE,terminal_H,raw,3850,0.10869267033876627,0.07002267576815444,91dd402bf3df8a3dbdaa30b7a77c38e085c68b2a77d75c5a6ef0c97d3cd61578
reference_harm_stability_v1,BASE_OD,fixed,HISTORICAL_CONTRACT_SEE_MANIFEST,9,AVAILABLE,terminal_H,clip_0_1,3850,0.10869232862842484,0.07001665524068995,91dd402bf3df8a3dbdaa30b7a77c38e085c68b2a77d75c5a6ef0c97d3cd61578
reference_harm_stability_v1,BASE_OD,fixed,HISTORICAL_CONTRACT_SEE_MANIFEST,9,AVAILABLE,path_1_to_H,raw,34650,0.11380050957884068,0.0655027878658581,91dd402bf3df8a3dbdaa30b7a77c38e085c68b2a77d75c5a6ef0c97d3cd61578
reference_harm_stability_v1,BASE_OD,fixed,HISTORICAL_CONTRACT_SEE_MANIFEST,9,AVAILABLE,path_1_to_H,clip_0_1,34650,0.11379886871626999,0.06549087750715707,91dd402bf3df8a3dbdaa30b7a77c38e085c68b2a77d75c5a6ef0c97d3cd61578
reference_harm_stability_v1,BASE_OD,fixed,HISTORICAL_CONTRACT_SEE_MANIFEST,12,AVAILABLE,terminal_H,raw,3850,0.11451864758001216,0.07462423058099567,91dd402bf3df8a3dbdaa30b7a77c38e085c68b2a77d75c5a6ef0c97d3cd61578
reference_harm_stability_v1,BASE_OD,fixed,HISTORICAL_CONTRACT_SEE_MANIFEST,12,AVAILABLE,terminal_H,clip_0_1,3850,0.11451219890044605,0.0746072320687806,91dd402bf3df8a3dbdaa30b7a77c38e085c68b2a77d75c5a6ef0c97d3cd61578
reference_harm_stability_v1,BASE_OD,fixed,HISTORICAL_CONTRACT_SEE_MANIFEST,12,AVAILABLE,path_1_to_H,raw,46200,0.1137195144299465,0.06743035463423697,91dd402bf3df8a3dbdaa30b7a77c38e085c68b2a77d75c5a6ef0c97d3cd61578
reference_harm_stability_v1,BASE_OD,fixed,HISTORICAL_CONTRACT_SEE_MANIFEST,12,AVAILABLE,path_1_to_H,clip_0_1,46200,0.11371613644994719,0.06741728765730044,91dd402bf3df8a3dbdaa30b7a77c38e085c68b2a77d75c5a6ef0c97d3cd61578
reference_harm_stability_v1,PRODUCT_MSE,20260915,HISTORICAL_CONTRACT_SEE_MANIFEST,3,AVAILABLE,terminal_H,raw,3850,0.10829585869753129,0.06311250422077097,79f3ed7d3dbf4933a108e42118a15ceeaba7379a401ea76ea36478e68c3d466c
reference_harm_stability_v1,PRODUCT_MSE,20260915,HISTORICAL_CONTRACT_SEE_MANIFEST,3,AVAILABLE,terminal_H,clip_0_1,3850,0.10828254824787965,0.06308087757661204,79f3ed7d3dbf4933a108e42118a15ceeaba7379a401ea76ea36478e68c3d466c
reference_harm_stability_v1,PRODUCT_MSE,20260915,HISTORICAL_CONTRACT_SEE_MANIFEST,3,AVAILABLE,path_1_to_H,raw,11550,0.10796090603980617,0.05876077273405982,79f3ed7d3dbf4933a108e42118a15ceeaba7379a401ea76ea36478e68c3d466c
reference_harm_stability_v1,PRODUCT_MSE,20260915,HISTORICAL_CONTRACT_SEE_MANIFEST,3,AVAILABLE,path_1_to_H,clip_0_1,11550,0.10794759171120674,0.05871826305405842,79f3ed7d3dbf4933a108e42118a15ceeaba7379a401ea76ea36478e68c3d466c
reference_harm_stability_v1,PRODUCT_MSE,20260915,HISTORICAL_CONTRACT_SEE_MANIFEST,6,AVAILABLE,terminal_H,raw,3850,0.11306208119620703,0.06766472107085539,79f3ed7d3dbf4933a108e42118a15ceeaba7379a401ea76ea36478e68c3d466c
reference_harm_stability_v1,PRODUCT_MSE,20260915,HISTORICAL_CONTRACT_SEE_MANIFEST,6,AVAILABLE,terminal_H,clip_0_1,3850,0.11305131024015512,0.06762704973257122,79f3ed7d3dbf4933a108e42118a15ceeaba7379a401ea76ea36478e68c3d466c
reference_harm_stability_v1,PRODUCT_MSE,20260915,HISTORICAL_CONTRACT_SEE_MANIFEST,6,AVAILABLE,path_1_to_H,raw,23100,0.11556911861221351,0.06480888868916461,79f3ed7d3dbf4933a108e42118a15ceeaba7379a401ea76ea36478e68c3d466c
reference_harm_stability_v1,PRODUCT_MSE,20260915,HISTORICAL_CONTRACT_SEE_MANIFEST,6,AVAILABLE,path_1_to_H,clip_0_1,23100,0.1155559579173443,0.0647673637570561,79f3ed7d3dbf4933a108e42118a15ceeaba7379a401ea76ea36478e68c3d466c
reference_harm_stability_v1,PRODUCT_MSE,20260915,HISTORICAL_CONTRACT_SEE_MANIFEST,9,AVAILABLE,terminal_H,raw,3850,0.11051987354928129,0.07154664251679763,79f3ed7d3dbf4933a108e42118a15ceeaba7379a401ea76ea36478e68c3d466c
reference_harm_stability_v1,PRODUCT_MSE,20260915,HISTORICAL_CONTRACT_SEE_MANIFEST,9,AVAILABLE,terminal_H,clip_0_1,3850,0.11051861842813156,0.07152902048724893,79f3ed7d3dbf4933a108e42118a15ceeaba7379a401ea76ea36478e68c3d466c
reference_harm_stability_v1,PRODUCT_MSE,20260915,HISTORICAL_CONTRACT_SEE_MANIFEST,9,AVAILABLE,path_1_to_H,raw,34650,0.11409549145397858,0.06640282416353536,79f3ed7d3dbf4933a108e42118a15ceeaba7379a401ea76ea36478e68c3d466c
reference_harm_stability_v1,PRODUCT_MSE,20260915,HISTORICAL_CONTRACT_SEE_MANIFEST,9,AVAILABLE,path_1_to_H,clip_0_1,34650,0.11408406962238193,0.06636498999285956,79f3ed7d3dbf4933a108e42118a15ceeaba7379a401ea76ea36478e68c3d466c
reference_harm_stability_v1,PRODUCT_MSE,20260915,HISTORICAL_CONTRACT_SEE_MANIFEST,12,AVAILABLE,terminal_H,raw,3850,0.11637860185507154,0.07550626705873817,79f3ed7d3dbf4933a108e42118a15ceeaba7379a401ea76ea36478e68c3d466c
reference_harm_stability_v1,PRODUCT_MSE,20260915,HISTORICAL_CONTRACT_SEE_MANIFEST,12,AVAILABLE,terminal_H,clip_0_1,3850,0.11637826030770512,0.07550375727236665,79f3ed7d3dbf4933a108e42118a15ceeaba7379a401ea76ea36478e68c3d466c
reference_harm_stability_v1,PRODUCT_MSE,20260915,HISTORICAL_CONTRACT_SEE_MANIFEST,12,AVAILABLE,path_1_to_H,raw,46200,0.11431900575623426,0.06839497694268504,79f3ed7d3dbf4933a108e42118a15ceeaba7379a401ea76ea36478e68c3d466c
reference_harm_stability_v1,PRODUCT_MSE,20260915,HISTORICAL_CONTRACT_SEE_MANIFEST,12,AVAILABLE,path_1_to_H,clip_0_1,46200,0.11430979180636443,0.06836570653011291,79f3ed7d3dbf4933a108e42118a15ceeaba7379a401ea76ea36478e68c3d466c
reference_harm_stability_v1,PRODUCT_MSE,20260916,HISTORICAL_CONTRACT_SEE_MANIFEST,3,AVAILABLE,terminal_H,raw,3850,0.10762150080044493,0.06183997345595486,7c69a89639789e86942cdb2ce2783dd55b4627d215da9558f9f9b4d5d8c0b1f5
reference_harm_stability_v1,PRODUCT_MSE,20260916,HISTORICAL_CONTRACT_SEE_MANIFEST,3,AVAILABLE,terminal_H,clip_0_1,3850,0.10750415453465956,0.06173772111798163,7c69a89639789e86942cdb2ce2783dd55b4627d215da9558f9f9b4d5d8c0b1f5
reference_harm_stability_v1,PRODUCT_MSE,20260916,HISTORICAL_CONTRACT_SEE_MANIFEST,3,AVAILABLE,path_1_to_H,raw,11550,0.10743068819242053,0.057600286029804076,7c69a89639789e86942cdb2ce2783dd55b4627d215da9558f9f9b4d5d8c0b1f5
reference_harm_stability_v1,PRODUCT_MSE,20260916,HISTORICAL_CONTRACT_SEE_MANIFEST,3,AVAILABLE,path_1_to_H,clip_0_1,11550,0.10733853661458533,0.0574928486960663,7c69a89639789e86942cdb2ce2783dd55b4627d215da9558f9f9b4d5d8c0b1f5
reference_harm_stability_v1,PRODUCT_MSE,20260916,HISTORICAL_CONTRACT_SEE_MANIFEST,6,AVAILABLE,terminal_H,raw,3850,0.11338301715350599,0.06724827600013872,7c69a89639789e86942cdb2ce2783dd55b4627d215da9558f9f9b4d5d8c0b1f5
reference_harm_stability_v1,PRODUCT_MSE,20260916,HISTORICAL_CONTRACT_SEE_MANIFEST,6,AVAILABLE,terminal_H,clip_0_1,3850,0.11317877883702529,0.06696411618526286,7c69a89639789e86942cdb2ce2783dd55b4627d215da9558f9f9b4d5d8c0b1f5
reference_harm_stability_v1,PRODUCT_MSE,20260916,HISTORICAL_CONTRACT_SEE_MANIFEST,6,AVAILABLE,path_1_to_H,raw,23100,0.11563797304638891,0.06388919041345846,7c69a89639789e86942cdb2ce2783dd55b4627d215da9558f9f9b4d5d8c0b1f5
reference_harm_stability_v1,PRODUCT_MSE,20260916,HISTORICAL_CONTRACT_SEE_MANIFEST,6,AVAILABLE,path_1_to_H,clip_0_1,23100,0.11547196243055116,0.06369605240166687,7c69a89639789e86942cdb2ce2783dd55b4627d215da9558f9f9b4d5d8c0b1f5
reference_harm_stability_v1,PRODUCT_MSE,20260916,HISTORICAL_CONTRACT_SEE_MANIFEST,9,AVAILABLE,terminal_H,raw,3850,0.1085578973661185,0.07012306554487646,7c69a89639789e86942cdb2ce2783dd55b4627d215da9558f9f9b4d5d8c0b1f5
reference_harm_stability_v1,PRODUCT_MSE,20260916,HISTORICAL_CONTRACT_SEE_MANIFEST,9,AVAILABLE,terminal_H,clip_0_1,3850,0.108512091130848,0.07002906904650148,7c69a89639789e86942cdb2ce2783dd55b4627d215da9558f9f9b4d5d8c0b1f5
reference_harm_stability_v1,PRODUCT_MSE,20260916,HISTORICAL_CONTRACT_SEE_MANIFEST,9,AVAILABLE,path_1_to_H,raw,34650,0.11380147136676418,0.0653439889355668,7c69a89639789e86942cdb2ce2783dd55b4627d215da9558f9f9b4d5d8c0b1f5
reference_harm_stability_v1,PRODUCT_MSE,20260916,HISTORICAL_CONTRACT_SEE_MANIFEST,9,AVAILABLE,path_1_to_H,clip_0_1,34650,0.11366199301704458,0.06517117825846212,7c69a89639789e86942cdb2ce2783dd55b4627d215da9558f9f9b4d5d8c0b1f5
reference_harm_stability_v1,PRODUCT_MSE,20260916,HISTORICAL_CONTRACT_SEE_MANIFEST,12,AVAILABLE,terminal_H,raw,3850,0.1146308705355145,0.07460280918211133,7c69a89639789e86942cdb2ce2783dd55b4627d215da9558f9f9b4d5d8c0b1f5
reference_harm_stability_v1,PRODUCT_MSE,20260916,HISTORICAL_CONTRACT_SEE_MANIFEST,12,AVAILABLE,terminal_H,clip_0_1,3850,0.11462326894344908,0.07457107778574439,7c69a89639789e86942cdb2ce2783dd55b4627d215da9558f9f9b4d5d8c0b1f5
reference_harm_stability_v1,PRODUCT_MSE,20260916,HISTORICAL_CONTRACT_SEE_MANIFEST,12,AVAILABLE,path_1_to_H,raw,46200,0.11359971421875562,0.06731633852552703,7c69a89639789e86942cdb2ce2783dd55b4627d215da9558f9f9b4d5d8c0b1f5
reference_harm_stability_v1,PRODUCT_MSE,20260916,HISTORICAL_CONTRACT_SEE_MANIFEST,12,AVAILABLE,path_1_to_H,clip_0_1,46200,0.11348884333932865,0.0671741265134201,7c69a89639789e86942cdb2ce2783dd55b4627d215da9558f9f9b4d5d8c0b1f5
reference_harm_stability_v1,PRODUCT_MSE,20260917,HISTORICAL_CONTRACT_SEE_MANIFEST,3,AVAILABLE,terminal_H,raw,3850,0.10717668405439977,0.06258287145506423,cda5366616d50a5cefe2828a5dab2082581e9bb4f7d42004c09a4bc7d36d9c18
reference_harm_stability_v1,PRODUCT_MSE,20260917,HISTORICAL_CONTRACT_SEE_MANIFEST,3,AVAILABLE,terminal_H,clip_0_1,3850,0.10714607114323838,0.06252501317998707,cda5366616d50a5cefe2828a5dab2082581e9bb4f7d42004c09a4bc7d36d9c18
reference_harm_stability_v1,PRODUCT_MSE,20260917,HISTORICAL_CONTRACT_SEE_MANIFEST,3,AVAILABLE,path_1_to_H,raw,11550,0.1072900050111226,0.058224564142664366,cda5366616d50a5cefe2828a5dab2082581e9bb4f7d42004c09a4bc7d36d9c18
reference_harm_stability_v1,PRODUCT_MSE,20260917,HISTORICAL_CONTRACT_SEE_MANIFEST,3,AVAILABLE,path_1_to_H,clip_0_1,11550,0.10726656227521787,0.05816564018978493,cda5366616d50a5cefe2828a5dab2082581e9bb4f7d42004c09a4bc7d36d9c18
reference_harm_stability_v1,PRODUCT_MSE,20260917,HISTORICAL_CONTRACT_SEE_MANIFEST,6,AVAILABLE,terminal_H,raw,3850,0.11209167841866466,0.06780828697683887,cda5366616d50a5cefe2828a5dab2082581e9bb4f7d42004c09a4bc7d36d9c18
reference_harm_stability_v1,PRODUCT_MSE,20260917,HISTORICAL_CONTRACT_SEE_MANIFEST,6,AVAILABLE,terminal_H,clip_0_1,3850,0.11207141962221873,0.06774219643741658,cda5366616d50a5cefe2828a5dab2082581e9bb4f7d42004c09a4bc7d36d9c18
reference_harm_stability_v1,PRODUCT_MSE,20260917,HISTORICAL_CONTRACT_SEE_MANIFEST,6,AVAILABLE,path_1_to_H,raw,23100,0.1149003472017145,0.06448256097956796,cda5366616d50a5cefe2828a5dab2082581e9bb4f7d42004c09a4bc7d36d9c18
reference_harm_stability_v1,PRODUCT_MSE,20260917,HISTORICAL_CONTRACT_SEE_MANIFEST,6,AVAILABLE,path_1_to_H,clip_0_1,23100,0.11487532063771863,0.064415099875999,cda5366616d50a5cefe2828a5dab2082581e9bb4f7d42004c09a4bc7d36d9c18
reference_harm_stability_v1,PRODUCT_MSE,20260917,HISTORICAL_CONTRACT_SEE_MANIFEST,9,AVAILABLE,terminal_H,raw,3850,0.1096708600652709,0.07246738970330283,cda5366616d50a5cefe2828a5dab2082581e9bb4f7d42004c09a4bc7d36d9c18
reference_harm_stability_v1,PRODUCT_MSE,20260917,HISTORICAL_CONTRACT_SEE_MANIFEST,9,AVAILABLE,terminal_H,clip_0_1,3850,0.10965341539285074,0.07242023496841388,cda5366616d50a5cefe2828a5dab2082581e9bb4f7d42004c09a4bc7d36d9c18
reference_harm_stability_v1,PRODUCT_MSE,20260917,HISTORICAL_CONTRACT_SEE_MANIFEST,9,AVAILABLE,path_1_to_H,raw,34650,0.11342129869290239,0.06640349412113708,cda5366616d50a5cefe2828a5dab2082581e9bb4f7d42004c09a4bc7d36d9c18
reference_harm_stability_v1,PRODUCT_MSE,20260917,HISTORICAL_CONTRACT_SEE_MANIFEST,9,AVAILABLE,path_1_to_H,clip_0_1,34650,0.11339970004636991,0.06634035606795989,cda5366616d50a5cefe2828a5dab2082581e9bb4f7d42004c09a4bc7d36d9c18
reference_harm_stability_v1,PRODUCT_MSE,20260917,HISTORICAL_CONTRACT_SEE_MANIFEST,12,AVAILABLE,terminal_H,raw,3850,0.11452717032361337,0.07540660709371044,cda5366616d50a5cefe2828a5dab2082581e9bb4f7d42004c09a4bc7d36d9c18
reference_harm_stability_v1,PRODUCT_MSE,20260917,HISTORICAL_CONTRACT_SEE_MANIFEST,12,AVAILABLE,terminal_H,clip_0_1,3850,0.11449481347243566,0.07535751201227088,cda5366616d50a5cefe2828a5dab2082581e9bb4f7d42004c09a4bc7d36d9c18
reference_harm_stability_v1,PRODUCT_MSE,20260917,HISTORICAL_CONTRACT_SEE_MANIFEST,12,AVAILABLE,path_1_to_H,raw,46200,0.11336585629759102,0.06838668913216825,cda5366616d50a5cefe2828a5dab2082581e9bb4f7d42004c09a4bc7d36d9c18
reference_harm_stability_v1,PRODUCT_MSE,20260917,HISTORICAL_CONTRACT_SEE_MANIFEST,12,AVAILABLE,path_1_to_H,clip_0_1,46200,0.11334094213050742,0.06832831278782535,cda5366616d50a5cefe2828a5dab2082581e9bb4f7d42004c09a4bc7d36d9c18
reference_harm_stability_v1,PRODUCT_POSREG,20260915,HISTORICAL_CONTRACT_SEE_MANIFEST,3,AVAILABLE,terminal_H,raw,3850,0.10914058372590309,0.06276205381686041,e44ee2bdcbd6c03858dbd5be9ae4422cb1310963f45126a3fa86b8a692aa1eed
reference_harm_stability_v1,PRODUCT_POSREG,20260915,HISTORICAL_CONTRACT_SEE_MANIFEST,3,AVAILABLE,terminal_H,clip_0_1,3850,0.1091299606127941,0.06273932581293361,e44ee2bdcbd6c03858dbd5be9ae4422cb1310963f45126a3fa86b8a692aa1eed
reference_harm_stability_v1,PRODUCT_POSREG,20260915,HISTORICAL_CONTRACT_SEE_MANIFEST,3,AVAILABLE,path_1_to_H,raw,11550,0.10851697810928757,0.05816260263236536,e44ee2bdcbd6c03858dbd5be9ae4422cb1310963f45126a3fa86b8a692aa1eed
reference_harm_stability_v1,PRODUCT_POSREG,20260915,HISTORICAL_CONTRACT_SEE_MANIFEST,3,AVAILABLE,path_1_to_H,clip_0_1,11550,0.10850558429485868,0.058129030829764956,e44ee2bdcbd6c03858dbd5be9ae4422cb1310963f45126a3fa86b8a692aa1eed
reference_harm_stability_v1,PRODUCT_POSREG,20260915,HISTORICAL_CONTRACT_SEE_MANIFEST,6,AVAILABLE,terminal_H,raw,3850,0.11358374504999573,0.06766124813278263,e44ee2bdcbd6c03858dbd5be9ae4422cb1310963f45126a3fa86b8a692aa1eed
reference_harm_stability_v1,PRODUCT_POSREG,20260915,HISTORICAL_CONTRACT_SEE_MANIFEST,6,AVAILABLE,terminal_H,clip_0_1,3850,0.1135728827227824,0.06762452200823126,e44ee2bdcbd6c03858dbd5be9ae4422cb1310963f45126a3fa86b8a692aa1eed
reference_harm_stability_v1,PRODUCT_POSREG,20260915,HISTORICAL_CONTRACT_SEE_MANIFEST,6,AVAILABLE,path_1_to_H,raw,23100,0.11620364954023522,0.06443942356667566,e44ee2bdcbd6c03858dbd5be9ae4422cb1310963f45126a3fa86b8a692aa1eed
reference_harm_stability_v1,PRODUCT_POSREG,20260915,HISTORICAL_CONTRACT_SEE_MANIFEST,6,AVAILABLE,path_1_to_H,clip_0_1,23100,0.11619187997013206,0.06440307433764814,e44ee2bdcbd6c03858dbd5be9ae4422cb1310963f45126a3fa86b8a692aa1eed
reference_harm_stability_v1,PRODUCT_POSREG,20260915,HISTORICAL_CONTRACT_SEE_MANIFEST,9,AVAILABLE,terminal_H,raw,3850,0.1103546618344471,0.07147346339253419,e44ee2bdcbd6c03858dbd5be9ae4422cb1310963f45126a3fa86b8a692aa1eed
reference_harm_stability_v1,PRODUCT_POSREG,20260915,HISTORICAL_CONTRACT_SEE_MANIFEST,9,AVAILABLE,terminal_H,clip_0_1,3850,0.11035437223064572,0.07146557335804452,e44ee2bdcbd6c03858dbd5be9ae4422cb1310963f45126a3fa86b8a692aa1eed
reference_harm_stability_v1,PRODUCT_POSREG,20260915,HISTORICAL_CONTRACT_SEE_MANIFEST,9,AVAILABLE,path_1_to_H,raw,34650,0.11457751197343079,0.06610334654915472,e44ee2bdcbd6c03858dbd5be9ae4422cb1310963f45126a3fa86b8a692aa1eed
reference_harm_stability_v1,PRODUCT_POSREG,20260915,HISTORICAL_CONTRACT_SEE_MANIFEST,9,AVAILABLE,path_1_to_H,clip_0_1,34650,0.11456784816511002,0.06607150784602103,e44ee2bdcbd6c03858dbd5be9ae4422cb1310963f45126a3fa86b8a692aa1eed
reference_harm_stability_v1,PRODUCT_POSREG,20260915,HISTORICAL_CONTRACT_SEE_MANIFEST,12,AVAILABLE,terminal_H,raw,3850,0.11527623399801201,0.07541128698260231,e44ee2bdcbd6c03858dbd5be9ae4422cb1310963f45126a3fa86b8a692aa1eed
reference_harm_stability_v1,PRODUCT_POSREG,20260915,HISTORICAL_CONTRACT_SEE_MANIFEST,12,AVAILABLE,terminal_H,clip_0_1,3850,0.11527117991403361,0.07540304586838065,e44ee2bdcbd6c03858dbd5be9ae4422cb1310963f45126a3fa86b8a692aa1eed
reference_harm_stability_v1,PRODUCT_POSREG,20260915,HISTORICAL_CONTRACT_SEE_MANIFEST,12,AVAILABLE,path_1_to_H,raw,46200,0.1145059074403225,0.06816116896981593,e44ee2bdcbd6c03858dbd5be9ae4422cb1310963f45126a3fa86b8a692aa1eed
reference_harm_stability_v1,PRODUCT_POSREG,20260915,HISTORICAL_CONTRACT_SEE_MANIFEST,12,AVAILABLE,path_1_to_H,clip_0_1,46200,0.11449708786047287,0.06813494872051121,e44ee2bdcbd6c03858dbd5be9ae4422cb1310963f45126a3fa86b8a692aa1eed
reference_harm_stability_v1,PRODUCT_POSREG,20260916,HISTORICAL_CONTRACT_SEE_MANIFEST,3,AVAILABLE,terminal_H,raw,3850,0.10755979080034359,0.06160719651818585,57eec0547b7d60678414a4acbb1e299f722f3fc9e83bd80fd6085381a1fdf4b6
reference_harm_stability_v1,PRODUCT_POSREG,20260916,HISTORICAL_CONTRACT_SEE_MANIFEST,3,AVAILABLE,terminal_H,clip_0_1,3850,0.10755132897183267,0.06158542514790181,57eec0547b7d60678414a4acbb1e299f722f3fc9e83bd80fd6085381a1fdf4b6
reference_harm_stability_v1,PRODUCT_POSREG,20260916,HISTORICAL_CONTRACT_SEE_MANIFEST,3,AVAILABLE,path_1_to_H,raw,11550,0.10769421358500902,0.05751113175110737,57eec0547b7d60678414a4acbb1e299f722f3fc9e83bd80fd6085381a1fdf4b6
reference_harm_stability_v1,PRODUCT_POSREG,20260916,HISTORICAL_CONTRACT_SEE_MANIFEST,3,AVAILABLE,path_1_to_H,clip_0_1,11550,0.10768583596541552,0.05748102043174648,57eec0547b7d60678414a4acbb1e299f722f3fc9e83bd80fd6085381a1fdf4b6
reference_harm_stability_v1,PRODUCT_POSREG,20260916,HISTORICAL_CONTRACT_SEE_MANIFEST,6,AVAILABLE,terminal_H,raw,3850,0.11180138013083057,0.06586377718460933,57eec0547b7d60678414a4acbb1e299f722f3fc9e83bd80fd6085381a1fdf4b6
reference_harm_stability_v1,PRODUCT_POSREG,20260916,HISTORICAL_CONTRACT_SEE_MANIFEST,6,AVAILABLE,terminal_H,clip_0_1,3850,0.11175404785681367,0.06577433076744056,57eec0547b7d60678414a4acbb1e299f722f3fc9e83bd80fd6085381a1fdf4b6
reference_harm_stability_v1,PRODUCT_POSREG,20260916,HISTORICAL_CONTRACT_SEE_MANIFEST,6,AVAILABLE,path_1_to_H,raw,23100,0.11509073000290275,0.06335662740383331,57eec0547b7d60678414a4acbb1e299f722f3fc9e83bd80fd6085381a1fdf4b6
reference_harm_stability_v1,PRODUCT_POSREG,20260916,HISTORICAL_CONTRACT_SEE_MANIFEST,6,AVAILABLE,path_1_to_H,clip_0_1,23100,0.1150712218871454,0.06330393533599105,57eec0547b7d60678414a4acbb1e299f722f3fc9e83bd80fd6085381a1fdf4b6
reference_harm_stability_v1,PRODUCT_POSREG,20260916,HISTORICAL_CONTRACT_SEE_MANIFEST,9,AVAILABLE,terminal_H,raw,3850,0.1076629670916247,0.06886763057778103,57eec0547b7d60678414a4acbb1e299f722f3fc9e83bd80fd6085381a1fdf4b6
reference_harm_stability_v1,PRODUCT_POSREG,20260916,HISTORICAL_CONTRACT_SEE_MANIFEST,9,AVAILABLE,terminal_H,clip_0_1,3850,0.10764924417598538,0.06882662735882696,57eec0547b7d60678414a4acbb1e299f722f3fc9e83bd80fd6085381a1fdf4b6
reference_harm_stability_v1,PRODUCT_POSREG,20260916,HISTORICAL_CONTRACT_SEE_MANIFEST,9,AVAILABLE,path_1_to_H,raw,34650,0.11308214729543824,0.06454950535485483,57eec0547b7d60678414a4acbb1e299f722f3fc9e83bd80fd6085381a1fdf4b6
reference_harm_stability_v1,PRODUCT_POSREG,20260916,HISTORICAL_CONTRACT_SEE_MANIFEST,9,AVAILABLE,path_1_to_H,clip_0_1,34650,0.11305880439153419,0.06449679771460118,57eec0547b7d60678414a4acbb1e299f722f3fc9e83bd80fd6085381a1fdf4b6
reference_harm_stability_v1,PRODUCT_POSREG,20260916,HISTORICAL_CONTRACT_SEE_MANIFEST,12,AVAILABLE,terminal_H,raw,3850,0.11424245760508325,0.0742622297759553,57eec0547b7d60678414a4acbb1e299f722f3fc9e83bd80fd6085381a1fdf4b6
reference_harm_stability_v1,PRODUCT_POSREG,20260916,HISTORICAL_CONTRACT_SEE_MANIFEST,12,AVAILABLE,terminal_H,clip_0_1,3850,0.11423411213860317,0.07423767659474241,57eec0547b7d60678414a4acbb1e299f722f3fc9e83bd80fd6085381a1fdf4b6
reference_harm_stability_v1,PRODUCT_POSREG,20260916,HISTORICAL_CONTRACT_SEE_MANIFEST,12,AVAILABLE,path_1_to_H,raw,46200,0.11295919965474542,0.06655915875012142,57eec0547b7d60678414a4acbb1e299f722f3fc9e83bd80fd6085381a1fdf4b6
reference_harm_stability_v1,PRODUCT_POSREG,20260916,HISTORICAL_CONTRACT_SEE_MANIFEST,12,AVAILABLE,path_1_to_H,clip_0_1,46200,0.11293898726907918,0.06651324987645518,57eec0547b7d60678414a4acbb1e299f722f3fc9e83bd80fd6085381a1fdf4b6
reference_harm_stability_v1,PRODUCT_POSREG,20260917,HISTORICAL_CONTRACT_SEE_MANIFEST,3,AVAILABLE,terminal_H,raw,3850,0.10750143075520356,0.062480241084782964,35ed7a282f0199373165b553422e17e716015c1af04c82830fe6dd657235deba
reference_harm_stability_v1,PRODUCT_POSREG,20260917,HISTORICAL_CONTRACT_SEE_MANIFEST,3,AVAILABLE,terminal_H,clip_0_1,3850,0.10749469439870526,0.062457328718885256,35ed7a282f0199373165b553422e17e716015c1af04c82830fe6dd657235deba
reference_harm_stability_v1,PRODUCT_POSREG,20260917,HISTORICAL_CONTRACT_SEE_MANIFEST,3,AVAILABLE,path_1_to_H,raw,11550,0.10731578397933168,0.05782054441276518,35ed7a282f0199373165b553422e17e716015c1af04c82830fe6dd657235deba
reference_harm_stability_v1,PRODUCT_POSREG,20260917,HISTORICAL_CONTRACT_SEE_MANIFEST,3,AVAILABLE,path_1_to_H,clip_0_1,11550,0.10730936194885217,0.05779016792220068,35ed7a282f0199373165b553422e17e716015c1af04c82830fe6dd657235deba
reference_harm_stability_v1,PRODUCT_POSREG,20260917,HISTORICAL_CONTRACT_SEE_MANIFEST,6,AVAILABLE,terminal_H,raw,3850,0.11269161560026889,0.06711598240439583,35ed7a282f0199373165b553422e17e716015c1af04c82830fe6dd657235deba
reference_harm_stability_v1,PRODUCT_POSREG,20260917,HISTORICAL_CONTRACT_SEE_MANIFEST,6,AVAILABLE,terminal_H,clip_0_1,3850,0.11268155109998729,0.06708096357307804,35ed7a282f0199373165b553422e17e716015c1af04c82830fe6dd657235deba
reference_harm_stability_v1,PRODUCT_POSREG,20260917,HISTORICAL_CONTRACT_SEE_MANIFEST,6,AVAILABLE,path_1_to_H,raw,23100,0.11532976100623687,0.06407564958485407,35ed7a282f0199373165b553422e17e716015c1af04c82830fe6dd657235deba
reference_harm_stability_v1,PRODUCT_POSREG,20260917,HISTORICAL_CONTRACT_SEE_MANIFEST,6,AVAILABLE,path_1_to_H,clip_0_1,23100,0.11532126998903329,0.06404399438524519,35ed7a282f0199373165b553422e17e716015c1af04c82830fe6dd657235deba
reference_harm_stability_v1,PRODUCT_POSREG,20260917,HISTORICAL_CONTRACT_SEE_MANIFEST,9,AVAILABLE,terminal_H,raw,3850,0.1096827028992755,0.07163359633021421,35ed7a282f0199373165b553422e17e716015c1af04c82830fe6dd657235deba
reference_harm_stability_v1,PRODUCT_POSREG,20260917,HISTORICAL_CONTRACT_SEE_MANIFEST,9,AVAILABLE,terminal_H,clip_0_1,3850,0.10967329161127536,0.07161094663252725,35ed7a282f0199373165b553422e17e716015c1af04c82830fe6dd657235deba
reference_harm_stability_v1,PRODUCT_POSREG,20260917,HISTORICAL_CONTRACT_SEE_MANIFEST,9,AVAILABLE,path_1_to_H,raw,34650,0.11375556695425201,0.06581454073847298,35ed7a282f0199373165b553422e17e716015c1af04c82830fe6dd657235deba
reference_harm_stability_v1,PRODUCT_POSREG,20260917,HISTORICAL_CONTRACT_SEE_MANIFEST,9,AVAILABLE,path_1_to_H,clip_0_1,34650,0.11374676061896355,0.06578478665328938,35ed7a282f0199373165b553422e17e716015c1af04c82830fe6dd657235deba
reference_harm_stability_v1,PRODUCT_POSREG,20260917,HISTORICAL_CONTRACT_SEE_MANIFEST,12,AVAILABLE,terminal_H,raw,3850,0.11530377715053441,0.07518726476842069,35ed7a282f0199373165b553422e17e716015c1af04c82830fe6dd657235deba
reference_harm_stability_v1,PRODUCT_POSREG,20260917,HISTORICAL_CONTRACT_SEE_MANIFEST,12,AVAILABLE,terminal_H,clip_0_1,3850,0.11529812961421748,0.07516942434661632,35ed7a282f0199373165b553422e17e716015c1af04c82830fe6dd657235deba
reference_harm_stability_v1,PRODUCT_POSREG,20260917,HISTORICAL_CONTRACT_SEE_MANIFEST,12,AVAILABLE,path_1_to_H,raw,46200,0.11385991685096186,0.06793480030098031,35ed7a282f0199373165b553422e17e716015c1af04c82830fe6dd657235deba
reference_harm_stability_v1,PRODUCT_POSREG,20260917,HISTORICAL_CONTRACT_SEE_MANIFEST,12,AVAILABLE,path_1_to_H,clip_0_1,46200,0.11385074989169622,0.06790738713933564,35ed7a282f0199373165b553422e17e716015c1af04c82830fe6dd657235deba
reference_harm_stability_v1,PRODUCT_MIX,20260915,HISTORICAL_CONTRACT_SEE_MANIFEST,3,AVAILABLE,terminal_H,raw,3850,0.10865617349243889,0.06211070826961564,4cf246a908f39d3267d36b99fa97a81a727afc885f4fed1c9003aaa64d94e7b0
reference_harm_stability_v1,PRODUCT_MIX,20260915,HISTORICAL_CONTRACT_SEE_MANIFEST,3,AVAILABLE,terminal_H,clip_0_1,3850,0.10862099572102142,0.062075208162329316,4cf246a908f39d3267d36b99fa97a81a727afc885f4fed1c9003aaa64d94e7b0
reference_harm_stability_v1,PRODUCT_MIX,20260915,HISTORICAL_CONTRACT_SEE_MANIFEST,3,AVAILABLE,path_1_to_H,raw,11550,0.10799744303596377,0.05754997644758734,4cf246a908f39d3267d36b99fa97a81a727afc885f4fed1c9003aaa64d94e7b0
reference_harm_stability_v1,PRODUCT_MIX,20260915,HISTORICAL_CONTRACT_SEE_MANIFEST,3,AVAILABLE,path_1_to_H,clip_0_1,11550,0.10794788377703148,0.05748345452601687,4cf246a908f39d3267d36b99fa97a81a727afc885f4fed1c9003aaa64d94e7b0
reference_harm_stability_v1,PRODUCT_MIX,20260915,HISTORICAL_CONTRACT_SEE_MANIFEST,6,AVAILABLE,terminal_H,raw,3850,0.11350368804283494,0.06646333619136778,4cf246a908f39d3267d36b99fa97a81a727afc885f4fed1c9003aaa64d94e7b0
reference_harm_stability_v1,PRODUCT_MIX,20260915,HISTORICAL_CONTRACT_SEE_MANIFEST,6,AVAILABLE,terminal_H,clip_0_1,3850,0.11347602474222676,0.06641107525703963,4cf246a908f39d3267d36b99fa97a81a727afc885f4fed1c9003aaa64d94e7b0
reference_harm_stability_v1,PRODUCT_MIX,20260915,HISTORICAL_CONTRACT_SEE_MANIFEST,6,AVAILABLE,path_1_to_H,raw,23100,0.11602466441740113,0.0637142409466806,4cf246a908f39d3267d36b99fa97a81a727afc885f4fed1c9003aaa64d94e7b0
reference_harm_stability_v1,PRODUCT_MIX,20260915,HISTORICAL_CONTRACT_SEE_MANIFEST,6,AVAILABLE,path_1_to_H,clip_0_1,23100,0.11598608926672391,0.06364837103495168,4cf246a908f39d3267d36b99fa97a81a727afc885f4fed1c9003aaa64d94e7b0
reference_harm_stability_v1,PRODUCT_MIX,20260915,HISTORICAL_CONTRACT_SEE_MANIFEST,9,AVAILABLE,terminal_H,raw,3850,0.11034685792534271,0.07090356205144954,4cf246a908f39d3267d36b99fa97a81a727afc885f4fed1c9003aaa64d94e7b0
reference_harm_stability_v1,PRODUCT_MIX,20260915,HISTORICAL_CONTRACT_SEE_MANIFEST,9,AVAILABLE,terminal_H,clip_0_1,3850,0.11033806685797277,0.07088452457660512,4cf246a908f39d3267d36b99fa97a81a727afc885f4fed1c9003aaa64d94e7b0
reference_harm_stability_v1,PRODUCT_MIX,20260915,HISTORICAL_CONTRACT_SEE_MANIFEST,9,AVAILABLE,path_1_to_H,raw,34650,0.1145079263922766,0.06536141594411428,4cf246a908f39d3267d36b99fa97a81a727afc885f4fed1c9003aaa64d94e7b0
reference_harm_stability_v1,PRODUCT_MIX,20260915,HISTORICAL_CONTRACT_SEE_MANIFEST,9,AVAILABLE,path_1_to_H,clip_0_1,34650,0.11447770613633931,0.06530697901346363,4cf246a908f39d3267d36b99fa97a81a727afc885f4fed1c9003aaa64d94e7b0
reference_harm_stability_v1,PRODUCT_MIX,20260915,HISTORICAL_CONTRACT_SEE_MANIFEST,12,AVAILABLE,terminal_H,raw,3850,0.11531662294288762,0.07479730197717073,4cf246a908f39d3267d36b99fa97a81a727afc885f4fed1c9003aaa64d94e7b0
reference_harm_stability_v1,PRODUCT_MIX,20260915,HISTORICAL_CONTRACT_SEE_MANIFEST,12,AVAILABLE,terminal_H,clip_0_1,3850,0.11529783006683678,0.07476132399255682,4cf246a908f39d3267d36b99fa97a81a727afc885f4fed1c9003aaa64d94e7b0
reference_harm_stability_v1,PRODUCT_MIX,20260915,HISTORICAL_CONTRACT_SEE_MANIFEST,12,AVAILABLE,path_1_to_H,raw,46200,0.1145259197582,0.06755436373758536,4cf246a908f39d3267d36b99fa97a81a727afc885f4fed1c9003aaa64d94e7b0
reference_harm_stability_v1,PRODUCT_MIX,20260915,HISTORICAL_CONTRACT_SEE_MANIFEST,12,AVAILABLE,path_1_to_H,clip_0_1,46200,0.11449700385601723,0.06750491720485043,4cf246a908f39d3267d36b99fa97a81a727afc885f4fed1c9003aaa64d94e7b0
reference_harm_stability_v1,PRODUCT_MIX,20260916,HISTORICAL_CONTRACT_SEE_MANIFEST,3,AVAILABLE,terminal_H,raw,3850,0.10801094542689826,0.06154318732069454,ff1a4c75347b58fcda2d9b88f7e8861e39aab837939c295545185bb4195fff7e
reference_harm_stability_v1,PRODUCT_MIX,20260916,HISTORICAL_CONTRACT_SEE_MANIFEST,3,AVAILABLE,terminal_H,clip_0_1,3850,0.10767560753659744,0.061364536344944355,ff1a4c75347b58fcda2d9b88f7e8861e39aab837939c295545185bb4195fff7e
reference_harm_stability_v1,PRODUCT_MIX,20260916,HISTORICAL_CONTRACT_SEE_MANIFEST,3,AVAILABLE,path_1_to_H,raw,11550,0.10754434769340387,0.05717716274671258,ff1a4c75347b58fcda2d9b88f7e8861e39aab837939c295545185bb4195fff7e
reference_harm_stability_v1,PRODUCT_MIX,20260916,HISTORICAL_CONTRACT_SEE_MANIFEST,3,AVAILABLE,path_1_to_H,clip_0_1,11550,0.10732700287076352,0.057001772903326975,ff1a4c75347b58fcda2d9b88f7e8861e39aab837939c295545185bb4195fff7e
reference_harm_stability_v1,PRODUCT_MIX,20260916,HISTORICAL_CONTRACT_SEE_MANIFEST,6,AVAILABLE,terminal_H,raw,3850,0.11373297492907987,0.06763110243782305,ff1a4c75347b58fcda2d9b88f7e8861e39aab837939c295545185bb4195fff7e
reference_harm_stability_v1,PRODUCT_MIX,20260916,HISTORICAL_CONTRACT_SEE_MANIFEST,6,AVAILABLE,terminal_H,clip_0_1,3850,0.11344964485512606,0.06729324777122045,ff1a4c75347b58fcda2d9b88f7e8861e39aab837939c295545185bb4195fff7e
reference_harm_stability_v1,PRODUCT_MIX,20260916,HISTORICAL_CONTRACT_SEE_MANIFEST,6,AVAILABLE,path_1_to_H,raw,23100,0.11598327700497886,0.06383182766253588,ff1a4c75347b58fcda2d9b88f7e8861e39aab837939c295545185bb4195fff7e
reference_harm_stability_v1,PRODUCT_MIX,20260916,HISTORICAL_CONTRACT_SEE_MANIFEST,6,AVAILABLE,path_1_to_H,clip_0_1,23100,0.1157187008182857,0.06357847567309297,ff1a4c75347b58fcda2d9b88f7e8861e39aab837939c295545185bb4195fff7e
reference_harm_stability_v1,PRODUCT_MIX,20260916,HISTORICAL_CONTRACT_SEE_MANIFEST,9,AVAILABLE,terminal_H,raw,3850,0.10924951284381469,0.0706451929141941,ff1a4c75347b58fcda2d9b88f7e8861e39aab837939c295545185bb4195fff7e
reference_harm_stability_v1,PRODUCT_MIX,20260916,HISTORICAL_CONTRACT_SEE_MANIFEST,9,AVAILABLE,terminal_H,clip_0_1,3850,0.10915286091542677,0.07053510646821884,ff1a4c75347b58fcda2d9b88f7e8861e39aab837939c295545185bb4195fff7e
reference_harm_stability_v1,PRODUCT_MIX,20260916,HISTORICAL_CONTRACT_SEE_MANIFEST,9,AVAILABLE,path_1_to_H,raw,34650,0.11414801876170284,0.06531606744018707,ff1a4c75347b58fcda2d9b88f7e8861e39aab837939c295545185bb4195fff7e
reference_harm_stability_v1,PRODUCT_MIX,20260916,HISTORICAL_CONTRACT_SEE_MANIFEST,9,AVAILABLE,path_1_to_H,clip_0_1,34650,0.11391444509505363,0.06509319294120776,ff1a4c75347b58fcda2d9b88f7e8861e39aab837939c295545185bb4195fff7e
reference_harm_stability_v1,PRODUCT_MIX,20260916,HISTORICAL_CONTRACT_SEE_MANIFEST,12,AVAILABLE,terminal_H,raw,3850,0.11509256230627217,0.07549854714545297,ff1a4c75347b58fcda2d9b88f7e8861e39aab837939c295545185bb4195fff7e
reference_harm_stability_v1,PRODUCT_MIX,20260916,HISTORICAL_CONTRACT_SEE_MANIFEST,12,AVAILABLE,terminal_H,clip_0_1,3850,0.1150860190336495,0.07546999375707357,ff1a4c75347b58fcda2d9b88f7e8861e39aab837939c295545185bb4195fff7e
reference_harm_stability_v1,PRODUCT_MIX,20260916,HISTORICAL_CONTRACT_SEE_MANIFEST,12,AVAILABLE,path_1_to_H,raw,46200,0.11398972252506784,0.06744853088636416,ff1a4c75347b58fcda2d9b88f7e8861e39aab837939c295545185bb4195fff7e
reference_harm_stability_v1,PRODUCT_MIX,20260916,HISTORICAL_CONTRACT_SEE_MANIFEST,12,AVAILABLE,path_1_to_H,clip_0_1,46200,0.11380653296362096,0.06726970555369882,ff1a4c75347b58fcda2d9b88f7e8861e39aab837939c295545185bb4195fff7e
reference_harm_stability_v1,PRODUCT_MIX,20260917,HISTORICAL_CONTRACT_SEE_MANIFEST,3,AVAILABLE,terminal_H,raw,3850,0.10857265704448582,0.062151844791526,fbcbb0649a45eec6c217a74d93ac7a78e13800cf9968b9e677ecc79f70b31f4d
reference_harm_stability_v1,PRODUCT_MIX,20260917,HISTORICAL_CONTRACT_SEE_MANIFEST,3,AVAILABLE,terminal_H,clip_0_1,3850,0.10855609716870905,0.06209840229250581,fbcbb0649a45eec6c217a74d93ac7a78e13800cf9968b9e677ecc79f70b31f4d
reference_harm_stability_v1,PRODUCT_MIX,20260917,HISTORICAL_CONTRACT_SEE_MANIFEST,3,AVAILABLE,path_1_to_H,raw,11550,0.10792825457816575,0.05745135898111915,fbcbb0649a45eec6c217a74d93ac7a78e13800cf9968b9e677ecc79f70b31f4d
reference_harm_stability_v1,PRODUCT_MIX,20260917,HISTORICAL_CONTRACT_SEE_MANIFEST,3,AVAILABLE,path_1_to_H,clip_0_1,11550,0.10791397392335772,0.0574020064338266,fbcbb0649a45eec6c217a74d93ac7a78e13800cf9968b9e677ecc79f70b31f4d
reference_harm_stability_v1,PRODUCT_MIX,20260917,HISTORICAL_CONTRACT_SEE_MANIFEST,6,AVAILABLE,terminal_H,raw,3850,0.11339442670400385,0.06704474835934195,fbcbb0649a45eec6c217a74d93ac7a78e13800cf9968b9e677ecc79f70b31f4d
reference_harm_stability_v1,PRODUCT_MIX,20260917,HISTORICAL_CONTRACT_SEE_MANIFEST,6,AVAILABLE,terminal_H,clip_0_1,3850,0.11336102966979777,0.06692794196936964,fbcbb0649a45eec6c217a74d93ac7a78e13800cf9968b9e677ecc79f70b31f4d
reference_harm_stability_v1,PRODUCT_MIX,20260917,HISTORICAL_CONTRACT_SEE_MANIFEST,6,AVAILABLE,path_1_to_H,raw,23100,0.11602072571972842,0.0639057269860052,fbcbb0649a45eec6c217a74d93ac7a78e13800cf9968b9e677ecc79f70b31f4d
reference_harm_stability_v1,PRODUCT_MIX,20260917,HISTORICAL_CONTRACT_SEE_MANIFEST,6,AVAILABLE,path_1_to_H,clip_0_1,23100,0.1159994116652478,0.06382214133584609,fbcbb0649a45eec6c217a74d93ac7a78e13800cf9968b9e677ecc79f70b31f4d
reference_harm_stability_v1,PRODUCT_MIX,20260917,HISTORICAL_CONTRACT_SEE_MANIFEST,9,AVAILABLE,terminal_H,raw,3850,0.10934998214419173,0.07041729283338909,fbcbb0649a45eec6c217a74d93ac7a78e13800cf9968b9e677ecc79f70b31f4d
reference_harm_stability_v1,PRODUCT_MIX,20260917,HISTORICAL_CONTRACT_SEE_MANIFEST,9,AVAILABLE,terminal_H,clip_0_1,3850,0.10932042315500994,0.07035024316212682,fbcbb0649a45eec6c217a74d93ac7a78e13800cf9968b9e677ecc79f70b31f4d
reference_harm_stability_v1,PRODUCT_MIX,20260917,HISTORICAL_CONTRACT_SEE_MANIFEST,9,AVAILABLE,path_1_to_H,raw,34650,0.11429880820047492,0.06543808969264538,fbcbb0649a45eec6c217a74d93ac7a78e13800cf9968b9e677ecc79f70b31f4d
reference_harm_stability_v1,PRODUCT_MIX,20260917,HISTORICAL_CONTRACT_SEE_MANIFEST,9,AVAILABLE,path_1_to_H,clip_0_1,34650,0.11427530910372492,0.0653555607288825,fbcbb0649a45eec6c217a74d93ac7a78e13800cf9968b9e677ecc79f70b31f4d
reference_harm_stability_v1,PRODUCT_MIX,20260917,HISTORICAL_CONTRACT_SEE_MANIFEST,12,AVAILABLE,terminal_H,raw,3850,0.11493829480390906,0.07384351209290538,fbcbb0649a45eec6c217a74d93ac7a78e13800cf9968b9e677ecc79f70b31f4d
reference_harm_stability_v1,PRODUCT_MIX,20260917,HISTORICAL_CONTRACT_SEE_MANIFEST,12,AVAILABLE,terminal_H,clip_0_1,3850,0.11491959959514216,0.073798417505168,fbcbb0649a45eec6c217a74d93ac7a78e13800cf9968b9e677ecc79f70b31f4d
reference_harm_stability_v1,PRODUCT_MIX,20260917,HISTORICAL_CONTRACT_SEE_MANIFEST,12,AVAILABLE,path_1_to_H,raw,46200,0.11414902974285245,0.0672850233558095,fbcbb0649a45eec6c217a74d93ac7a78e13800cf9968b9e677ecc79f70b31f4d
reference_harm_stability_v1,PRODUCT_MIX,20260917,HISTORICAL_CONTRACT_SEE_MANIFEST,12,AVAILABLE,path_1_to_H,clip_0_1,46200,0.11412472950784723,0.06721150660159603,fbcbb0649a45eec6c217a74d93ac7a78e13800cf9968b9e677ecc79f70b31f4d
reference_harm_stability_v1,PRODUCT_L1,20260915,HISTORICAL_CONTRACT_SEE_MANIFEST,3,AVAILABLE,terminal_H,raw,3850,0.10869812687672668,0.0625718360608538,7a70e85970fdd414f8c61576b3d0280351329aed142da1202584537fd6bb6876
reference_harm_stability_v1,PRODUCT_L1,20260915,HISTORICAL_CONTRACT_SEE_MANIFEST,3,AVAILABLE,terminal_H,clip_0_1,3850,0.10869626477871758,0.06255582000391684,7a70e85970fdd414f8c61576b3d0280351329aed142da1202584537fd6bb6876
reference_harm_stability_v1,PRODUCT_L1,20260915,HISTORICAL_CONTRACT_SEE_MANIFEST,3,AVAILABLE,path_1_to_H,raw,11550,0.1083726767116163,0.05813857900680188,7a70e85970fdd414f8c61576b3d0280351329aed142da1202584537fd6bb6876
reference_harm_stability_v1,PRODUCT_L1,20260915,HISTORICAL_CONTRACT_SEE_MANIFEST,3,AVAILABLE,path_1_to_H,clip_0_1,11550,0.10836828171532834,0.05811302985927203,7a70e85970fdd414f8c61576b3d0280351329aed142da1202584537fd6bb6876
reference_harm_stability_v1,PRODUCT_L1,20260915,HISTORICAL_CONTRACT_SEE_MANIFEST,6,AVAILABLE,terminal_H,raw,3850,0.11209371803671993,0.06649671670527076,7a70e85970fdd414f8c61576b3d0280351329aed142da1202584537fd6bb6876
reference_harm_stability_v1,PRODUCT_L1,20260915,HISTORICAL_CONTRACT_SEE_MANIFEST,6,AVAILABLE,terminal_H,clip_0_1,3850,0.11208822467706005,0.06646816638514097,7a70e85970fdd414f8c61576b3d0280351329aed142da1202584537fd6bb6876
reference_harm_stability_v1,PRODUCT_L1,20260915,HISTORICAL_CONTRACT_SEE_MANIFEST,6,AVAILABLE,path_1_to_H,raw,23100,0.1155880285351503,0.06400854742263869,7a70e85970fdd414f8c61576b3d0280351329aed142da1202584537fd6bb6876
reference_harm_stability_v1,PRODUCT_L1,20260915,HISTORICAL_CONTRACT_SEE_MANIFEST,6,AVAILABLE,path_1_to_H,clip_0_1,23100,0.11558406499322757,0.06398484408643837,7a70e85970fdd414f8c61576b3d0280351329aed142da1202584537fd6bb6876
reference_harm_stability_v1,PRODUCT_L1,20260915,HISTORICAL_CONTRACT_SEE_MANIFEST,9,AVAILABLE,terminal_H,raw,3850,0.10875608441647576,0.07044039766131505,7a70e85970fdd414f8c61576b3d0280351329aed142da1202584537fd6bb6876
reference_harm_stability_v1,PRODUCT_L1,20260915,HISTORICAL_CONTRACT_SEE_MANIFEST,9,AVAILABLE,terminal_H,clip_0_1,3850,0.10875195318235148,0.0704250263321766,7a70e85970fdd414f8c61576b3d0280351329aed142da1202584537fd6bb6876
reference_harm_stability_v1,PRODUCT_L1,20260915,HISTORICAL_CONTRACT_SEE_MANIFEST,9,AVAILABLE,path_1_to_H,raw,34650,0.1136294916669836,0.06541019524115822,7a70e85970fdd414f8c61576b3d0280351329aed142da1202584537fd6bb6876
reference_harm_stability_v1,PRODUCT_L1,20260915,HISTORICAL_CONTRACT_SEE_MANIFEST,9,AVAILABLE,path_1_to_H,clip_0_1,34650,0.11362540446251508,0.0653874546427582,7a70e85970fdd414f8c61576b3d0280351329aed142da1202584537fd6bb6876
reference_harm_stability_v1,PRODUCT_L1,20260915,HISTORICAL_CONTRACT_SEE_MANIFEST,12,AVAILABLE,terminal_H,raw,3850,0.1145401362094218,0.07461593848769361,7a70e85970fdd414f8c61576b3d0280351329aed142da1202584537fd6bb6876
reference_harm_stability_v1,PRODUCT_L1,20260915,HISTORICAL_CONTRACT_SEE_MANIFEST,12,AVAILABLE,terminal_H,clip_0_1,3850,0.11452967962834772,0.07459294805109778,7a70e85970fdd414f8c61576b3d0280351329aed142da1202584537fd6bb6876
reference_harm_stability_v1,PRODUCT_L1,20260915,HISTORICAL_CONTRACT_SEE_MANIFEST,12,AVAILABLE,path_1_to_H,raw,46200,0.11352372316069535,0.06741582595323357,7a70e85970fdd414f8c61576b3d0280351329aed142da1202584537fd6bb6876
reference_harm_stability_v1,PRODUCT_L1,20260915,HISTORICAL_CONTRACT_SEE_MANIFEST,12,AVAILABLE,path_1_to_H,clip_0_1,46200,0.11351647269635853,0.06739227882569143,7a70e85970fdd414f8c61576b3d0280351329aed142da1202584537fd6bb6876
reference_harm_stability_v1,PRODUCT_L1,20260916,HISTORICAL_CONTRACT_SEE_MANIFEST,3,AVAILABLE,terminal_H,raw,3850,0.10866860089683418,0.06264397522809195,06795149a5dfb66da449f516ca4ea4ba87bc168fbbb4a2bd828574e0c5072c6b
reference_harm_stability_v1,PRODUCT_L1,20260916,HISTORICAL_CONTRACT_SEE_MANIFEST,3,AVAILABLE,terminal_H,clip_0_1,3850,0.10866690222109422,0.06262962079984082,06795149a5dfb66da449f516ca4ea4ba87bc168fbbb4a2bd828574e0c5072c6b
reference_harm_stability_v1,PRODUCT_L1,20260916,HISTORICAL_CONTRACT_SEE_MANIFEST,3,AVAILABLE,path_1_to_H,raw,11550,0.10836088537899664,0.058163692968168895,06795149a5dfb66da449f516ca4ea4ba87bc168fbbb4a2bd828574e0c5072c6b
reference_harm_stability_v1,PRODUCT_L1,20260916,HISTORICAL_CONTRACT_SEE_MANIFEST,3,AVAILABLE,path_1_to_H,clip_0_1,11550,0.1083565421468507,0.05813875404599552,06795149a5dfb66da449f516ca4ea4ba87bc168fbbb4a2bd828574e0c5072c6b
reference_harm_stability_v1,PRODUCT_L1,20260916,HISTORICAL_CONTRACT_SEE_MANIFEST,6,AVAILABLE,terminal_H,raw,3850,0.11204714128968661,0.067018751297176,06795149a5dfb66da449f516ca4ea4ba87bc168fbbb4a2bd828574e0c5072c6b
reference_harm_stability_v1,PRODUCT_L1,20260916,HISTORICAL_CONTRACT_SEE_MANIFEST,6,AVAILABLE,terminal_H,clip_0_1,3850,0.1120455099114674,0.06700553789089529,06795149a5dfb66da449f516ca4ea4ba87bc168fbbb4a2bd828574e0c5072c6b
reference_harm_stability_v1,PRODUCT_L1,20260916,HISTORICAL_CONTRACT_SEE_MANIFEST,6,AVAILABLE,path_1_to_H,raw,23100,0.11551178336250746,0.06421349448227702,06795149a5dfb66da449f516ca4ea4ba87bc168fbbb4a2bd828574e0c5072c6b
reference_harm_stability_v1,PRODUCT_L1,20260916,HISTORICAL_CONTRACT_SEE_MANIFEST,6,AVAILABLE,path_1_to_H,clip_0_1,23100,0.11550940512923384,0.06419679614428031,06795149a5dfb66da449f516ca4ea4ba87bc168fbbb4a2bd828574e0c5072c6b
reference_harm_stability_v1,PRODUCT_L1,20260916,HISTORICAL_CONTRACT_SEE_MANIFEST,9,AVAILABLE,terminal_H,raw,3850,0.10933878171388435,0.071128863055645,06795149a5dfb66da449f516ca4ea4ba87bc168fbbb4a2bd828574e0c5072c6b
reference_harm_stability_v1,PRODUCT_L1,20260916,HISTORICAL_CONTRACT_SEE_MANIFEST,9,AVAILABLE,terminal_H,clip_0_1,3850,0.10933209394690292,0.07111342609797393,06795149a5dfb66da449f516ca4ea4ba87bc168fbbb4a2bd828574e0c5072c6b
reference_harm_stability_v1,PRODUCT_L1,20260916,HISTORICAL_CONTRACT_SEE_MANIFEST,9,AVAILABLE,path_1_to_H,raw,34650,0.1136719316709866,0.06576909141956198,06795149a5dfb66da449f516ca4ea4ba87bc168fbbb4a2bd828574e0c5072c6b
reference_harm_stability_v1,PRODUCT_L1,20260916,HISTORICAL_CONTRACT_SEE_MANIFEST,9,AVAILABLE,path_1_to_H,clip_0_1,34650,0.11366941554434161,0.06575434169796687,06795149a5dfb66da449f516ca4ea4ba87bc168fbbb4a2bd828574e0c5072c6b
reference_harm_stability_v1,PRODUCT_L1,20260916,HISTORICAL_CONTRACT_SEE_MANIFEST,12,AVAILABLE,terminal_H,raw,3850,0.1149626637894871,0.07491830487010286,06795149a5dfb66da449f516ca4ea4ba87bc168fbbb4a2bd828574e0c5072c6b
reference_harm_stability_v1,PRODUCT_L1,20260916,HISTORICAL_CONTRACT_SEE_MANIFEST,12,AVAILABLE,terminal_H,clip_0_1,3850,0.11495783632697337,0.07490538571879761,06795149a5dfb66da449f516ca4ea4ba87bc168fbbb4a2bd828574e0c5072c6b
reference_harm_stability_v1,PRODUCT_L1,20260916,HISTORICAL_CONTRACT_SEE_MANIFEST,12,AVAILABLE,path_1_to_H,raw,46200,0.11371505056393706,0.067763664288864,06795149a5dfb66da449f516ca4ea4ba87bc168fbbb4a2bd828574e0c5072c6b
reference_harm_stability_v1,PRODUCT_L1,20260916,HISTORICAL_CONTRACT_SEE_MANIFEST,12,AVAILABLE,path_1_to_H,clip_0_1,46200,0.11371168924208094,0.06774941995321021,06795149a5dfb66da449f516ca4ea4ba87bc168fbbb4a2bd828574e0c5072c6b
reference_harm_stability_v1,PRODUCT_L1,20260917,HISTORICAL_CONTRACT_SEE_MANIFEST,3,AVAILABLE,terminal_H,raw,3850,0.10886806677743449,0.06269824590698579,2c44833fbc52f332796a2b526ff4748145e481eb6de98217b535834ab3ebfe4e
reference_harm_stability_v1,PRODUCT_L1,20260917,HISTORICAL_CONTRACT_SEE_MANIFEST,3,AVAILABLE,terminal_H,clip_0_1,3850,0.1088645408110231,0.06267972716763079,2c44833fbc52f332796a2b526ff4748145e481eb6de98217b535834ab3ebfe4e
reference_harm_stability_v1,PRODUCT_L1,20260917,HISTORICAL_CONTRACT_SEE_MANIFEST,3,AVAILABLE,path_1_to_H,raw,11550,0.10844419393142521,0.05819889020140108,2c44833fbc52f332796a2b526ff4748145e481eb6de98217b535834ab3ebfe4e
reference_harm_stability_v1,PRODUCT_L1,20260917,HISTORICAL_CONTRACT_SEE_MANIFEST,3,AVAILABLE,path_1_to_H,clip_0_1,11550,0.10843914845692271,0.058172571942191886,2c44833fbc52f332796a2b526ff4748145e481eb6de98217b535834ab3ebfe4e
reference_harm_stability_v1,PRODUCT_L1,20260917,HISTORICAL_CONTRACT_SEE_MANIFEST,6,AVAILABLE,terminal_H,raw,3850,0.11329278931687335,0.0671047112670067,2c44833fbc52f332796a2b526ff4748145e481eb6de98217b535834ab3ebfe4e
reference_harm_stability_v1,PRODUCT_L1,20260917,HISTORICAL_CONTRACT_SEE_MANIFEST,6,AVAILABLE,terminal_H,clip_0_1,3850,0.11328586912536004,0.06707572514317472,2c44833fbc52f332796a2b526ff4748145e481eb6de98217b535834ab3ebfe4e
reference_harm_stability_v1,PRODUCT_L1,20260917,HISTORICAL_CONTRACT_SEE_MANIFEST,6,AVAILABLE,path_1_to_H,raw,23100,0.11606155143584243,0.06430542643469091,2c44833fbc52f332796a2b526ff4748145e481eb6de98217b535834ab3ebfe4e
reference_harm_stability_v1,PRODUCT_L1,20260917,HISTORICAL_CONTRACT_SEE_MANIFEST,6,AVAILABLE,path_1_to_H,clip_0_1,23100,0.11605704823159403,0.0642808208539502,2c44833fbc52f332796a2b526ff4748145e481eb6de98217b535834ab3ebfe4e
reference_harm_stability_v1,PRODUCT_L1,20260917,HISTORICAL_CONTRACT_SEE_MANIFEST,9,AVAILABLE,terminal_H,raw,3850,0.10985947071799256,0.07108433489473592,2c44833fbc52f332796a2b526ff4748145e481eb6de98217b535834ab3ebfe4e
reference_harm_stability_v1,PRODUCT_L1,20260917,HISTORICAL_CONTRACT_SEE_MANIFEST,9,AVAILABLE,terminal_H,clip_0_1,3850,0.10985357293195688,0.07106958536723065,2c44833fbc52f332796a2b526ff4748145e481eb6de98217b535834ab3ebfe4e
reference_harm_stability_v1,PRODUCT_L1,20260917,HISTORICAL_CONTRACT_SEE_MANIFEST,9,AVAILABLE,path_1_to_H,raw,34650,0.11438308611492193,0.06585927295843598,2c44833fbc52f332796a2b526ff4748145e481eb6de98217b535834ab3ebfe4e
reference_harm_stability_v1,PRODUCT_L1,20260917,HISTORICAL_CONTRACT_SEE_MANIFEST,9,AVAILABLE,path_1_to_H,clip_0_1,34650,0.11437698891197845,0.06583412679864306,2c44833fbc52f332796a2b526ff4748145e481eb6de98217b535834ab3ebfe4e
reference_harm_stability_v1,PRODUCT_L1,20260917,HISTORICAL_CONTRACT_SEE_MANIFEST,12,AVAILABLE,terminal_H,raw,3850,0.1151652872325798,0.07479024417926444,2c44833fbc52f332796a2b526ff4748145e481eb6de98217b535834ab3ebfe4e
reference_harm_stability_v1,PRODUCT_L1,20260917,HISTORICAL_CONTRACT_SEE_MANIFEST,12,AVAILABLE,terminal_H,clip_0_1,3850,0.11515726966695519,0.07476926546781161,2c44833fbc52f332796a2b526ff4748145e481eb6de98217b535834ab3ebfe4e
reference_harm_stability_v1,PRODUCT_L1,20260917,HISTORICAL_CONTRACT_SEE_MANIFEST,12,AVAILABLE,path_1_to_H,raw,46200,0.11431582765160052,0.06780825087620355,2c44833fbc52f332796a2b526ff4748145e481eb6de98217b535834ab3ebfe4e
reference_harm_stability_v1,PRODUCT_L1,20260917,HISTORICAL_CONTRACT_SEE_MANIFEST,12,AVAILABLE,path_1_to_H,clip_0_1,46200,0.11430821743659288,0.06778411138315325,2c44833fbc52f332796a2b526ff4748145e481eb6de98217b535834ab3ebfe4e
reference_harm_stability_v1,CONCAT_MSE,20260915,HISTORICAL_CONTRACT_SEE_MANIFEST,3,AVAILABLE,terminal_H,raw,3850,0.1096492686652364,0.06274379920757887,a9edb3d8ce64b9647db1e58fa5462d8dba9289edf05650755f794a9f05e2b899
reference_harm_stability_v1,CONCAT_MSE,20260915,HISTORICAL_CONTRACT_SEE_MANIFEST,3,AVAILABLE,terminal_H,clip_0_1,3850,0.10964612326259651,0.06271313242221846,a9edb3d8ce64b9647db1e58fa5462d8dba9289edf05650755f794a9f05e2b899
reference_harm_stability_v1,CONCAT_MSE,20260915,HISTORICAL_CONTRACT_SEE_MANIFEST,3,AVAILABLE,path_1_to_H,raw,11550,0.10890648524843463,0.05838932397347974,a9edb3d8ce64b9647db1e58fa5462d8dba9289edf05650755f794a9f05e2b899
reference_harm_stability_v1,CONCAT_MSE,20260915,HISTORICAL_CONTRACT_SEE_MANIFEST,3,AVAILABLE,path_1_to_H,clip_0_1,11550,0.10890127219934567,0.05834963681641888,a9edb3d8ce64b9647db1e58fa5462d8dba9289edf05650755f794a9f05e2b899
reference_harm_stability_v1,CONCAT_MSE,20260915,HISTORICAL_CONTRACT_SEE_MANIFEST,6,AVAILABLE,terminal_H,raw,3850,0.11361147753213156,0.06730219644869241,a9edb3d8ce64b9647db1e58fa5462d8dba9289edf05650755f794a9f05e2b899
reference_harm_stability_v1,CONCAT_MSE,20260915,HISTORICAL_CONTRACT_SEE_MANIFEST,6,AVAILABLE,terminal_H,clip_0_1,3850,0.1136064530414235,0.06727027062548964,a9edb3d8ce64b9647db1e58fa5462d8dba9289edf05650755f794a9f05e2b899
reference_harm_stability_v1,CONCAT_MSE,20260915,HISTORICAL_CONTRACT_SEE_MANIFEST,6,AVAILABLE,path_1_to_H,raw,23100,0.11652861757882622,0.06442591801083922,a9edb3d8ce64b9647db1e58fa5462d8dba9289edf05650755f794a9f05e2b899
reference_harm_stability_v1,CONCAT_MSE,20260915,HISTORICAL_CONTRACT_SEE_MANIFEST,6,AVAILABLE,path_1_to_H,clip_0_1,23100,0.11652363044623083,0.06438977745980753,a9edb3d8ce64b9647db1e58fa5462d8dba9289edf05650755f794a9f05e2b899
reference_harm_stability_v1,CONCAT_MSE,20260915,HISTORICAL_CONTRACT_SEE_MANIFEST,9,AVAILABLE,terminal_H,raw,3850,0.10935338998840706,0.07034084914648539,a9edb3d8ce64b9647db1e58fa5462d8dba9289edf05650755f794a9f05e2b899
reference_harm_stability_v1,CONCAT_MSE,20260915,HISTORICAL_CONTRACT_SEE_MANIFEST,9,AVAILABLE,terminal_H,clip_0_1,3850,0.10935201006654735,0.07032640281161298,a9edb3d8ce64b9647db1e58fa5462d8dba9289edf05650755f794a9f05e2b899
reference_harm_stability_v1,CONCAT_MSE,20260915,HISTORICAL_CONTRACT_SEE_MANIFEST,9,AVAILABLE,path_1_to_H,raw,34650,0.11468921725332852,0.06597621719318623,a9edb3d8ce64b9647db1e58fa5462d8dba9289edf05650755f794a9f05e2b899
reference_harm_stability_v1,CONCAT_MSE,20260915,HISTORICAL_CONTRACT_SEE_MANIFEST,9,AVAILABLE,path_1_to_H,clip_0_1,34650,0.11468512882852026,0.0659451783968826,a9edb3d8ce64b9647db1e58fa5462d8dba9289edf05650755f794a9f05e2b899
reference_harm_stability_v1,CONCAT_MSE,20260915,HISTORICAL_CONTRACT_SEE_MANIFEST,12,AVAILABLE,terminal_H,raw,3850,0.11464630286139194,0.07437690338433876,a9edb3d8ce64b9647db1e58fa5462d8dba9289edf05650755f794a9f05e2b899
reference_harm_stability_v1,CONCAT_MSE,20260915,HISTORICAL_CONTRACT_SEE_MANIFEST,12,AVAILABLE,terminal_H,clip_0_1,3850,0.11464366521931267,0.07436440488685532,a9edb3d8ce64b9647db1e58fa5462d8dba9289edf05650755f794a9f05e2b899
reference_harm_stability_v1,CONCAT_MSE,20260915,HISTORICAL_CONTRACT_SEE_MANIFEST,12,AVAILABLE,path_1_to_H,raw,46200,0.11435244630684355,0.06765081537997461,a9edb3d8ce64b9647db1e58fa5462d8dba9289edf05650755f794a9f05e2b899
reference_harm_stability_v1,CONCAT_MSE,20260915,HISTORICAL_CONTRACT_SEE_MANIFEST,12,AVAILABLE,path_1_to_H,clip_0_1,46200,0.11434865922269569,0.06762454494762937,a9edb3d8ce64b9647db1e58fa5462d8dba9289edf05650755f794a9f05e2b899
reference_harm_stability_v1,CONCAT_MSE,20260916,HISTORICAL_CONTRACT_SEE_MANIFEST,3,AVAILABLE,terminal_H,raw,3850,0.11049169173988796,0.06406831154291015,71d5686513f845e2b29493a6be1deee3546c6f228a4f281de93c8d8462d21504
reference_harm_stability_v1,CONCAT_MSE,20260916,HISTORICAL_CONTRACT_SEE_MANIFEST,3,AVAILABLE,terminal_H,clip_0_1,3850,0.11047519000804941,0.06403052248071392,71d5686513f845e2b29493a6be1deee3546c6f228a4f281de93c8d8462d21504
reference_harm_stability_v1,CONCAT_MSE,20260916,HISTORICAL_CONTRACT_SEE_MANIFEST,3,AVAILABLE,path_1_to_H,raw,11550,0.10914364209835539,0.05887598957856395,71d5686513f845e2b29493a6be1deee3546c6f228a4f281de93c8d8462d21504
reference_harm_stability_v1,CONCAT_MSE,20260916,HISTORICAL_CONTRACT_SEE_MANIFEST,3,AVAILABLE,path_1_to_H,clip_0_1,11550,0.10912123790142421,0.0588185287624294,71d5686513f845e2b29493a6be1deee3546c6f228a4f281de93c8d8462d21504
reference_harm_stability_v1,CONCAT_MSE,20260916,HISTORICAL_CONTRACT_SEE_MANIFEST,6,AVAILABLE,terminal_H,raw,3850,0.11680770111225465,0.07052486895389165,71d5686513f845e2b29493a6be1deee3546c6f228a4f281de93c8d8462d21504
reference_harm_stability_v1,CONCAT_MSE,20260916,HISTORICAL_CONTRACT_SEE_MANIFEST,6,AVAILABLE,terminal_H,clip_0_1,3850,0.11677075737825829,0.07046666949171096,71d5686513f845e2b29493a6be1deee3546c6f228a4f281de93c8d8462d21504
reference_harm_stability_v1,CONCAT_MSE,20260916,HISTORICAL_CONTRACT_SEE_MANIFEST,6,AVAILABLE,path_1_to_H,raw,23100,0.11762256329529212,0.06594183502496581,71d5686513f845e2b29493a6be1deee3546c6f228a4f281de93c8d8462d21504
reference_harm_stability_v1,CONCAT_MSE,20260916,HISTORICAL_CONTRACT_SEE_MANIFEST,6,AVAILABLE,path_1_to_H,clip_0_1,23100,0.11760057259680523,0.06588821010451211,71d5686513f845e2b29493a6be1deee3546c6f228a4f281de93c8d8462d21504
reference_harm_stability_v1,CONCAT_MSE,20260916,HISTORICAL_CONTRACT_SEE_MANIFEST,9,AVAILABLE,terminal_H,raw,3850,0.11355247464165978,0.07401480747476097,71d5686513f845e2b29493a6be1deee3546c6f228a4f281de93c8d8462d21504
reference_harm_stability_v1,CONCAT_MSE,20260916,HISTORICAL_CONTRACT_SEE_MANIFEST,9,AVAILABLE,terminal_H,clip_0_1,3850,0.11353440916402129,0.07397773532859919,71d5686513f845e2b29493a6be1deee3546c6f228a4f281de93c8d8462d21504
reference_harm_stability_v1,CONCAT_MSE,20260916,HISTORICAL_CONTRACT_SEE_MANIFEST,9,AVAILABLE,path_1_to_H,raw,34650,0.1166924923662601,0.06799351136351472,71d5686513f845e2b29493a6be1deee3546c6f228a4f281de93c8d8462d21504
reference_harm_stability_v1,CONCAT_MSE,20260916,HISTORICAL_CONTRACT_SEE_MANIFEST,9,AVAILABLE,path_1_to_H,clip_0_1,34650,0.1166740186218348,0.06794611423073776,71d5686513f845e2b29493a6be1deee3546c6f228a4f281de93c8d8462d21504
reference_harm_stability_v1,CONCAT_MSE,20260916,HISTORICAL_CONTRACT_SEE_MANIFEST,12,AVAILABLE,terminal_H,raw,3850,0.11844603736547334,0.07769383971598862,71d5686513f845e2b29493a6be1deee3546c6f228a4f281de93c8d8462d21504
reference_harm_stability_v1,CONCAT_MSE,20260916,HISTORICAL_CONTRACT_SEE_MANIFEST,12,AVAILABLE,terminal_H,clip_0_1,3850,0.11843407781774257,0.07766763010483957,71d5686513f845e2b29493a6be1deee3546c6f228a4f281de93c8d8462d21504
reference_harm_stability_v1,CONCAT_MSE,20260916,HISTORICAL_CONTRACT_SEE_MANIFEST,12,AVAILABLE,path_1_to_H,raw,46200,0.11686355431285385,0.0701231702445356,71d5686513f845e2b29493a6be1deee3546c6f228a4f281de93c8d8462d21504
reference_harm_stability_v1,CONCAT_MSE,20260916,HISTORICAL_CONTRACT_SEE_MANIFEST,12,AVAILABLE,path_1_to_H,clip_0_1,46200,0.11684550359509016,0.07008050512494056,71d5686513f845e2b29493a6be1deee3546c6f228a4f281de93c8d8462d21504
reference_harm_stability_v1,CONCAT_MSE,20260917,HISTORICAL_CONTRACT_SEE_MANIFEST,3,AVAILABLE,terminal_H,raw,3850,0.10863016018898271,0.06250441463941261,27c02f522d5268597b0b1e0287400005e3ce1f942f9178fc2aee95b1c2b3b3d3
reference_harm_stability_v1,CONCAT_MSE,20260917,HISTORICAL_CONTRACT_SEE_MANIFEST,3,AVAILABLE,terminal_H,clip_0_1,3850,0.1086121488396484,0.0624713663146866,27c02f522d5268597b0b1e0287400005e3ce1f942f9178fc2aee95b1c2b3b3d3
reference_harm_stability_v1,CONCAT_MSE,20260917,HISTORICAL_CONTRACT_SEE_MANIFEST,3,AVAILABLE,path_1_to_H,raw,11550,0.10805225789542468,0.05811504481600904,27c02f522d5268597b0b1e0287400005e3ce1f942f9178fc2aee95b1c2b3b3d3
reference_harm_stability_v1,CONCAT_MSE,20260917,HISTORICAL_CONTRACT_SEE_MANIFEST,3,AVAILABLE,path_1_to_H,clip_0_1,11550,0.10803488471954009,0.058075834889849284,27c02f522d5268597b0b1e0287400005e3ce1f942f9178fc2aee95b1c2b3b3d3
reference_harm_stability_v1,CONCAT_MSE,20260917,HISTORICAL_CONTRACT_SEE_MANIFEST,6,AVAILABLE,terminal_H,raw,3850,0.11227631765754906,0.06749617359963968,27c02f522d5268597b0b1e0287400005e3ce1f942f9178fc2aee95b1c2b3b3d3
reference_harm_stability_v1,CONCAT_MSE,20260917,HISTORICAL_CONTRACT_SEE_MANIFEST,6,AVAILABLE,terminal_H,clip_0_1,3850,0.11226532137677019,0.06746221687246944,27c02f522d5268597b0b1e0287400005e3ce1f942f9178fc2aee95b1c2b3b3d3
reference_harm_stability_v1,CONCAT_MSE,20260917,HISTORICAL_CONTRACT_SEE_MANIFEST,6,AVAILABLE,path_1_to_H,raw,23100,0.1152543315794531,0.06431341846906001,27c02f522d5268597b0b1e0287400005e3ce1f942f9178fc2aee95b1c2b3b3d3
reference_harm_stability_v1,CONCAT_MSE,20260917,HISTORICAL_CONTRACT_SEE_MANIFEST,6,AVAILABLE,path_1_to_H,clip_0_1,23100,0.11523934707315975,0.06427449321899747,27c02f522d5268597b0b1e0287400005e3ce1f942f9178fc2aee95b1c2b3b3d3
reference_harm_stability_v1,CONCAT_MSE,20260917,HISTORICAL_CONTRACT_SEE_MANIFEST,9,AVAILABLE,terminal_H,raw,3850,0.10816117676090037,0.07022159809490262,27c02f522d5268597b0b1e0287400005e3ce1f942f9178fc2aee95b1c2b3b3d3
reference_harm_stability_v1,CONCAT_MSE,20260917,HISTORICAL_CONTRACT_SEE_MANIFEST,9,AVAILABLE,terminal_H,clip_0_1,3850,0.10816112181842677,0.0702194332659677,27c02f522d5268597b0b1e0287400005e3ce1f942f9178fc2aee95b1c2b3b3d3
reference_harm_stability_v1,CONCAT_MSE,20260917,HISTORICAL_CONTRACT_SEE_MANIFEST,9,AVAILABLE,path_1_to_H,raw,34650,0.11337872580704332,0.06577763549701261,27c02f522d5268597b0b1e0287400005e3ce1f942f9178fc2aee95b1c2b3b3d3
reference_harm_stability_v1,CONCAT_MSE,20260917,HISTORICAL_CONTRACT_SEE_MANIFEST,9,AVAILABLE,path_1_to_H,clip_0_1,34650,0.11336763185978063,0.06574799328639615,27c02f522d5268597b0b1e0287400005e3ce1f942f9178fc2aee95b1c2b3b3d3
reference_harm_stability_v1,CONCAT_MSE,20260917,HISTORICAL_CONTRACT_SEE_MANIFEST,12,AVAILABLE,terminal_H,raw,3850,0.1147132321039354,0.0755864701641114,27c02f522d5268597b0b1e0287400005e3ce1f942f9178fc2aee95b1c2b3b3d3
reference_harm_stability_v1,CONCAT_MSE,20260917,HISTORICAL_CONTRACT_SEE_MANIFEST,12,AVAILABLE,terminal_H,clip_0_1,3850,0.11471107021359069,0.07557979861272239,27c02f522d5268597b0b1e0287400005e3ce1f942f9178fc2aee95b1c2b3b3d3
reference_harm_stability_v1,CONCAT_MSE,20260917,HISTORICAL_CONTRACT_SEE_MANIFEST,12,AVAILABLE,path_1_to_H,raw,46200,0.11337891547580142,0.06785082129861796,27c02f522d5268597b0b1e0287400005e3ce1f942f9178fc2aee95b1c2b3b3d3
reference_harm_stability_v1,CONCAT_MSE,20260917,HISTORICAL_CONTRACT_SEE_MANIFEST,12,AVAILABLE,path_1_to_H,clip_0_1,46200,0.11337017546395792,0.06782742246813213,27c02f522d5268597b0b1e0287400005e3ce1f942f9178fc2aee95b1c2b3b3d3
reference_harm_stability_v1,CONCAT_POSREG,20260915,HISTORICAL_CONTRACT_SEE_MANIFEST,3,AVAILABLE,terminal_H,raw,3850,0.1090235640524678,0.0623603828030847,241f2addb52be8804d0dbfdb2e35530e63418c1d984467cb8d8af9c397faec48
reference_harm_stability_v1,CONCAT_POSREG,20260915,HISTORICAL_CONTRACT_SEE_MANIFEST,3,AVAILABLE,terminal_H,clip_0_1,3850,0.10898604112880693,0.06232785835094221,241f2addb52be8804d0dbfdb2e35530e63418c1d984467cb8d8af9c397faec48
reference_harm_stability_v1,CONCAT_POSREG,20260915,HISTORICAL_CONTRACT_SEE_MANIFEST,3,AVAILABLE,path_1_to_H,raw,11550,0.10848775194666861,0.05791692282425999,241f2addb52be8804d0dbfdb2e35530e63418c1d984467cb8d8af9c397faec48
reference_harm_stability_v1,CONCAT_POSREG,20260915,HISTORICAL_CONTRACT_SEE_MANIFEST,3,AVAILABLE,path_1_to_H,clip_0_1,11550,0.108469243408194,0.057882973231457864,241f2addb52be8804d0dbfdb2e35530e63418c1d984467cb8d8af9c397faec48
reference_harm_stability_v1,CONCAT_POSREG,20260915,HISTORICAL_CONTRACT_SEE_MANIFEST,6,AVAILABLE,terminal_H,raw,3850,0.11429959388672696,0.06769369742907057,241f2addb52be8804d0dbfdb2e35530e63418c1d984467cb8d8af9c397faec48
reference_harm_stability_v1,CONCAT_POSREG,20260915,HISTORICAL_CONTRACT_SEE_MANIFEST,6,AVAILABLE,terminal_H,clip_0_1,3850,0.11371660751491885,0.06752998212745841,241f2addb52be8804d0dbfdb2e35530e63418c1d984467cb8d8af9c397faec48
reference_harm_stability_v1,CONCAT_POSREG,20260915,HISTORICAL_CONTRACT_SEE_MANIFEST,6,AVAILABLE,path_1_to_H,raw,23100,0.1163521325132561,0.06415130387015588,241f2addb52be8804d0dbfdb2e35530e63418c1d984467cb8d8af9c397faec48
reference_harm_stability_v1,CONCAT_POSREG,20260915,HISTORICAL_CONTRACT_SEE_MANIFEST,6,AVAILABLE,path_1_to_H,clip_0_1,23100,0.11611011835246039,0.06406778605302922,241f2addb52be8804d0dbfdb2e35530e63418c1d984467cb8d8af9c397faec48
reference_harm_stability_v1,CONCAT_POSREG,20260915,HISTORICAL_CONTRACT_SEE_MANIFEST,9,AVAILABLE,terminal_H,raw,3850,0.11083449922970323,0.0715794598254471,241f2addb52be8804d0dbfdb2e35530e63418c1d984467cb8d8af9c397faec48
reference_harm_stability_v1,CONCAT_POSREG,20260915,HISTORICAL_CONTRACT_SEE_MANIFEST,9,AVAILABLE,terminal_H,clip_0_1,3850,0.11068138206333716,0.07152609818125175,241f2addb52be8804d0dbfdb2e35530e63418c1d984467cb8d8af9c397faec48
reference_harm_stability_v1,CONCAT_POSREG,20260915,HISTORICAL_CONTRACT_SEE_MANIFEST,9,AVAILABLE,path_1_to_H,raw,34650,0.11496688825926563,0.06592555436994706,241f2addb52be8804d0dbfdb2e35530e63418c1d984467cb8d8af9c397faec48
reference_harm_stability_v1,CONCAT_POSREG,20260915,HISTORICAL_CONTRACT_SEE_MANIFEST,9,AVAILABLE,path_1_to_H,clip_0_1,34650,0.11469162599963154,0.0658386005834602,241f2addb52be8804d0dbfdb2e35530e63418c1d984467cb8d8af9c397faec48
reference_harm_stability_v1,CONCAT_POSREG,20260915,HISTORICAL_CONTRACT_SEE_MANIFEST,12,AVAILABLE,terminal_H,raw,3850,0.1157960864170727,0.0755644060552011,241f2addb52be8804d0dbfdb2e35530e63418c1d984467cb8d8af9c397faec48
reference_harm_stability_v1,CONCAT_POSREG,20260915,HISTORICAL_CONTRACT_SEE_MANIFEST,12,AVAILABLE,terminal_H,clip_0_1,3850,0.11578903287569377,0.07554565646526976,241f2addb52be8804d0dbfdb2e35530e63418c1d984467cb8d8af9c397faec48
reference_harm_stability_v1,CONCAT_POSREG,20260915,HISTORICAL_CONTRACT_SEE_MANIFEST,12,AVAILABLE,path_1_to_H,raw,46200,0.1148721081814285,0.06795359771669857,241f2addb52be8804d0dbfdb2e35530e63418c1d984467cb8d8af9c397faec48
reference_harm_stability_v1,CONCAT_POSREG,20260915,HISTORICAL_CONTRACT_SEE_MANIFEST,12,AVAILABLE,path_1_to_H,clip_0_1,46200,0.11465840455799922,0.06788175615346771,241f2addb52be8804d0dbfdb2e35530e63418c1d984467cb8d8af9c397faec48
reference_harm_stability_v1,CONCAT_POSREG,20260916,HISTORICAL_CONTRACT_SEE_MANIFEST,3,AVAILABLE,terminal_H,raw,3850,0.10939373677785758,0.06307590465358244,4a0f1a9e435bf211221a5ad22fb09e09afdb65d1c0d054d951c4b45b25d86290
reference_harm_stability_v1,CONCAT_POSREG,20260916,HISTORICAL_CONTRACT_SEE_MANIFEST,3,AVAILABLE,terminal_H,clip_0_1,3850,0.10935097284723878,0.06303753159635202,4a0f1a9e435bf211221a5ad22fb09e09afdb65d1c0d054d951c4b45b25d86290
reference_harm_stability_v1,CONCAT_POSREG,20260916,HISTORICAL_CONTRACT_SEE_MANIFEST,3,AVAILABLE,path_1_to_H,raw,11550,0.10858551699181306,0.058273558914933486,4a0f1a9e435bf211221a5ad22fb09e09afdb65d1c0d054d951c4b45b25d86290
reference_harm_stability_v1,CONCAT_POSREG,20260916,HISTORICAL_CONTRACT_SEE_MANIFEST,3,AVAILABLE,path_1_to_H,clip_0_1,11550,0.10856312302544813,0.05823622459717076,4a0f1a9e435bf211221a5ad22fb09e09afdb65d1c0d054d951c4b45b25d86290
reference_harm_stability_v1,CONCAT_POSREG,20260916,HISTORICAL_CONTRACT_SEE_MANIFEST,6,AVAILABLE,terminal_H,raw,3850,0.1149595207283871,0.06892053677620412,4a0f1a9e435bf211221a5ad22fb09e09afdb65d1c0d054d951c4b45b25d86290
reference_harm_stability_v1,CONCAT_POSREG,20260916,HISTORICAL_CONTRACT_SEE_MANIFEST,6,AVAILABLE,terminal_H,clip_0_1,3850,0.11488142724743233,0.06887447503631586,4a0f1a9e435bf211221a5ad22fb09e09afdb65d1c0d054d951c4b45b25d86290
reference_harm_stability_v1,CONCAT_POSREG,20260916,HISTORICAL_CONTRACT_SEE_MANIFEST,6,AVAILABLE,path_1_to_H,raw,23100,0.11660282252481478,0.06486834754158054,4a0f1a9e435bf211221a5ad22fb09e09afdb65d1c0d054d951c4b45b25d86290
reference_harm_stability_v1,CONCAT_POSREG,20260916,HISTORICAL_CONTRACT_SEE_MANIFEST,6,AVAILABLE,path_1_to_H,clip_0_1,23100,0.11655064579418264,0.0648261943004531,4a0f1a9e435bf211221a5ad22fb09e09afdb65d1c0d054d951c4b45b25d86290
reference_harm_stability_v1,CONCAT_POSREG,20260916,HISTORICAL_CONTRACT_SEE_MANIFEST,9,AVAILABLE,terminal_H,raw,3850,0.11073887997347126,0.07210349535500132,4a0f1a9e435bf211221a5ad22fb09e09afdb65d1c0d054d951c4b45b25d86290
reference_harm_stability_v1,CONCAT_POSREG,20260916,HISTORICAL_CONTRACT_SEE_MANIFEST,9,AVAILABLE,terminal_H,clip_0_1,3850,0.11073742483052595,0.07208984836135694,4a0f1a9e435bf211221a5ad22fb09e09afdb65d1c0d054d951c4b45b25d86290
reference_harm_stability_v1,CONCAT_POSREG,20260916,HISTORICAL_CONTRACT_SEE_MANIFEST,9,AVAILABLE,path_1_to_H,raw,34650,0.11515805991791421,0.06670894252874007,4a0f1a9e435bf211221a5ad22fb09e09afdb65d1c0d054d951c4b45b25d86290
reference_harm_stability_v1,CONCAT_POSREG,20260916,HISTORICAL_CONTRACT_SEE_MANIFEST,9,AVAILABLE,path_1_to_H,clip_0_1,34650,0.1151193521127346,0.06667527470515351,4a0f1a9e435bf211221a5ad22fb09e09afdb65d1c0d054d951c4b45b25d86290
reference_harm_stability_v1,CONCAT_POSREG,20260916,HISTORICAL_CONTRACT_SEE_MANIFEST,12,AVAILABLE,terminal_H,raw,3850,0.1160745916551589,0.07619905186078359,4a0f1a9e435bf211221a5ad22fb09e09afdb65d1c0d054d951c4b45b25d86290
reference_harm_stability_v1,CONCAT_POSREG,20260916,HISTORICAL_CONTRACT_SEE_MANIFEST,12,AVAILABLE,terminal_H,clip_0_1,3850,0.1160697065351613,0.0761850735358405,4a0f1a9e435bf211221a5ad22fb09e09afdb65d1c0d054d951c4b45b25d86290
reference_harm_stability_v1,CONCAT_POSREG,20260916,HISTORICAL_CONTRACT_SEE_MANIFEST,12,AVAILABLE,path_1_to_H,raw,46200,0.11510733173459292,0.06873385667596545,4a0f1a9e435bf211221a5ad22fb09e09afdb65d1c0d054d951c4b45b25d86290
reference_harm_stability_v1,CONCAT_POSREG,20260916,HISTORICAL_CONTRACT_SEE_MANIFEST,12,AVAILABLE,path_1_to_H,clip_0_1,46200,0.11507594246777217,0.06870381683400649,4a0f1a9e435bf211221a5ad22fb09e09afdb65d1c0d054d951c4b45b25d86290
reference_harm_stability_v1,CONCAT_POSREG,20260917,HISTORICAL_CONTRACT_SEE_MANIFEST,3,AVAILABLE,terminal_H,raw,3850,0.10872015968986898,0.06249491149583294,4045a8d4de34082abe35587a285ab50168b291437678236873f00eb1e827e608
reference_harm_stability_v1,CONCAT_POSREG,20260917,HISTORICAL_CONTRACT_SEE_MANIFEST,3,AVAILABLE,terminal_H,clip_0_1,3850,0.10871655972401914,0.0624728019422386,4045a8d4de34082abe35587a285ab50168b291437678236873f00eb1e827e608
reference_harm_stability_v1,CONCAT_POSREG,20260917,HISTORICAL_CONTRACT_SEE_MANIFEST,3,AVAILABLE,path_1_to_H,raw,11550,0.10830146476092777,0.05802648392335544,4045a8d4de34082abe35587a285ab50168b291437678236873f00eb1e827e608
reference_harm_stability_v1,CONCAT_POSREG,20260917,HISTORICAL_CONTRACT_SEE_MANIFEST,3,AVAILABLE,path_1_to_H,clip_0_1,11550,0.10829507969242921,0.05799666245476934,4045a8d4de34082abe35587a285ab50168b291437678236873f00eb1e827e608
reference_harm_stability_v1,CONCAT_POSREG,20260917,HISTORICAL_CONTRACT_SEE_MANIFEST,6,AVAILABLE,terminal_H,raw,3850,0.1129028339149596,0.06711825698002405,4045a8d4de34082abe35587a285ab50168b291437678236873f00eb1e827e608
reference_harm_stability_v1,CONCAT_POSREG,20260917,HISTORICAL_CONTRACT_SEE_MANIFEST,6,AVAILABLE,terminal_H,clip_0_1,3850,0.11290093679507242,0.06710027868157695,4045a8d4de34082abe35587a285ab50168b291437678236873f00eb1e827e608
reference_harm_stability_v1,CONCAT_POSREG,20260917,HISTORICAL_CONTRACT_SEE_MANIFEST,6,AVAILABLE,path_1_to_H,raw,23100,0.11564305325863733,0.06403314714810762,4045a8d4de34082abe35587a285ab50168b291437678236873f00eb1e827e608
reference_harm_stability_v1,CONCAT_POSREG,20260917,HISTORICAL_CONTRACT_SEE_MANIFEST,6,AVAILABLE,path_1_to_H,clip_0_1,23100,0.11563839528768063,0.06400821041297627,4045a8d4de34082abe35587a285ab50168b291437678236873f00eb1e827e608
reference_harm_stability_v1,CONCAT_POSREG,20260917,HISTORICAL_CONTRACT_SEE_MANIFEST,9,AVAILABLE,terminal_H,raw,3850,0.1073649549675312,0.06934214129411692,4045a8d4de34082abe35587a285ab50168b291437678236873f00eb1e827e608
reference_harm_stability_v1,CONCAT_POSREG,20260917,HISTORICAL_CONTRACT_SEE_MANIFEST,9,AVAILABLE,terminal_H,clip_0_1,3850,0.10736218009603689,0.06932704673175186,4045a8d4de34082abe35587a285ab50168b291437678236873f00eb1e827e608
reference_harm_stability_v1,CONCAT_POSREG,20260917,HISTORICAL_CONTRACT_SEE_MANIFEST,9,AVAILABLE,path_1_to_H,raw,34650,0.11355636535706162,0.06531067834165522,4045a8d4de34082abe35587a285ab50168b291437678236873f00eb1e827e608
reference_harm_stability_v1,CONCAT_POSREG,20260917,HISTORICAL_CONTRACT_SEE_MANIFEST,9,AVAILABLE,path_1_to_H,clip_0_1,34650,0.11355249733802007,0.06528866263623213,4045a8d4de34082abe35587a285ab50168b291437678236873f00eb1e827e608
reference_harm_stability_v1,CONCAT_POSREG,20260917,HISTORICAL_CONTRACT_SEE_MANIFEST,12,AVAILABLE,terminal_H,raw,3850,0.11283805271131103,0.07381318150862035,4045a8d4de34082abe35587a285ab50168b291437678236873f00eb1e827e608
reference_harm_stability_v1,CONCAT_POSREG,20260917,HISTORICAL_CONTRACT_SEE_MANIFEST,12,AVAILABLE,terminal_H,clip_0_1,3850,0.11283328338624865,0.07379599160350063,4045a8d4de34082abe35587a285ab50168b291437678236873f00eb1e827e608
reference_harm_stability_v1,CONCAT_POSREG,20260917,HISTORICAL_CONTRACT_SEE_MANIFEST,12,AVAILABLE,path_1_to_H,raw,46200,0.11307422809566794,0.06705218462599015,4045a8d4de34082abe35587a285ab50168b291437678236873f00eb1e827e608
reference_harm_stability_v1,CONCAT_POSREG,20260917,HISTORICAL_CONTRACT_SEE_MANIFEST,12,AVAILABLE,path_1_to_H,clip_0_1,46200,0.11306953835025692,0.06703094656100836,4045a8d4de34082abe35587a285ab50168b291437678236873f00eb1e827e608
forward_residual_transfer_v1,BASE_OD,fixed,HISTORICAL_CONTRACT_SEE_MANIFEST,3,AVAILABLE,terminal_H,raw,3850,0.10887039335131089,0.06275004621150433,91dd402bf3df8a3dbdaa30b7a77c38e085c68b2a77d75c5a6ef0c97d3cd61578
forward_residual_transfer_v1,BASE_OD,fixed,HISTORICAL_CONTRACT_SEE_MANIFEST,3,AVAILABLE,terminal_H,clip_0_1,3850,0.10886780811190436,0.06273469880252884,91dd402bf3df8a3dbdaa30b7a77c38e085c68b2a77d75c5a6ef0c97d3cd61578
forward_residual_transfer_v1,BASE_OD,fixed,HISTORICAL_CONTRACT_SEE_MANIFEST,3,AVAILABLE,path_1_to_H,raw,11550,0.10844216983936744,0.058215197733632706,91dd402bf3df8a3dbdaa30b7a77c38e085c68b2a77d75c5a6ef0c97d3cd61578
forward_residual_transfer_v1,BASE_OD,fixed,HISTORICAL_CONTRACT_SEE_MANIFEST,3,AVAILABLE,path_1_to_H,clip_0_1,11550,0.10843753341885691,0.05819006858839025,91dd402bf3df8a3dbdaa30b7a77c38e085c68b2a77d75c5a6ef0c97d3cd61578
forward_residual_transfer_v1,BASE_OD,fixed,HISTORICAL_CONTRACT_SEE_MANIFEST,6,AVAILABLE,terminal_H,raw,3850,0.11250546994246287,0.0665814280472109,91dd402bf3df8a3dbdaa30b7a77c38e085c68b2a77d75c5a6ef0c97d3cd61578
forward_residual_transfer_v1,BASE_OD,fixed,HISTORICAL_CONTRACT_SEE_MANIFEST,6,AVAILABLE,terminal_H,clip_0_1,3850,0.11250526267504261,0.06657595630038025,91dd402bf3df8a3dbdaa30b7a77c38e085c68b2a77d75c5a6ef0c97d3cd61578
forward_residual_transfer_v1,BASE_OD,fixed,HISTORICAL_CONTRACT_SEE_MANIFEST,6,AVAILABLE,path_1_to_H,raw,23100,0.11573379773837021,0.0641401073633475,91dd402bf3df8a3dbdaa30b7a77c38e085c68b2a77d75c5a6ef0c97d3cd61578
forward_residual_transfer_v1,BASE_OD,fixed,HISTORICAL_CONTRACT_SEE_MANIFEST,6,AVAILABLE,path_1_to_H,clip_0_1,23100,0.11573146002772243,0.06412423873220525,91dd402bf3df8a3dbdaa30b7a77c38e085c68b2a77d75c5a6ef0c97d3cd61578
forward_residual_transfer_v1,BASE_OD,fixed,HISTORICAL_CONTRACT_SEE_MANIFEST,9,AVAILABLE,terminal_H,raw,3850,0.10869267033876627,0.07002267576815444,91dd402bf3df8a3dbdaa30b7a77c38e085c68b2a77d75c5a6ef0c97d3cd61578
forward_residual_transfer_v1,BASE_OD,fixed,HISTORICAL_CONTRACT_SEE_MANIFEST,9,AVAILABLE,terminal_H,clip_0_1,3850,0.10869232862842484,0.07001665524068995,91dd402bf3df8a3dbdaa30b7a77c38e085c68b2a77d75c5a6ef0c97d3cd61578
forward_residual_transfer_v1,BASE_OD,fixed,HISTORICAL_CONTRACT_SEE_MANIFEST,9,AVAILABLE,path_1_to_H,raw,34650,0.11380050957884068,0.0655027878658581,91dd402bf3df8a3dbdaa30b7a77c38e085c68b2a77d75c5a6ef0c97d3cd61578
forward_residual_transfer_v1,BASE_OD,fixed,HISTORICAL_CONTRACT_SEE_MANIFEST,9,AVAILABLE,path_1_to_H,clip_0_1,34650,0.11379886871626999,0.06549087750715707,91dd402bf3df8a3dbdaa30b7a77c38e085c68b2a77d75c5a6ef0c97d3cd61578
forward_residual_transfer_v1,BASE_OD,fixed,HISTORICAL_CONTRACT_SEE_MANIFEST,12,AVAILABLE,terminal_H,raw,3850,0.11451864758001216,0.07462423058099567,91dd402bf3df8a3dbdaa30b7a77c38e085c68b2a77d75c5a6ef0c97d3cd61578
forward_residual_transfer_v1,BASE_OD,fixed,HISTORICAL_CONTRACT_SEE_MANIFEST,12,AVAILABLE,terminal_H,clip_0_1,3850,0.11451219890044605,0.0746072320687806,91dd402bf3df8a3dbdaa30b7a77c38e085c68b2a77d75c5a6ef0c97d3cd61578
forward_residual_transfer_v1,BASE_OD,fixed,HISTORICAL_CONTRACT_SEE_MANIFEST,12,AVAILABLE,path_1_to_H,raw,46200,0.1137195144299465,0.06743035463423697,91dd402bf3df8a3dbdaa30b7a77c38e085c68b2a77d75c5a6ef0c97d3cd61578
forward_residual_transfer_v1,BASE_OD,fixed,HISTORICAL_CONTRACT_SEE_MANIFEST,12,AVAILABLE,path_1_to_H,clip_0_1,46200,0.11371613644994719,0.06741728765730044,91dd402bf3df8a3dbdaa30b7a77c38e085c68b2a77d75c5a6ef0c97d3cd61578
forward_residual_transfer_v1,P_IS_X,20260915,HISTORICAL_CONTRACT_SEE_MANIFEST,3,AVAILABLE,terminal_H,raw,3850,0.10887039335131089,0.06275004621150433,91dd402bf3df8a3dbdaa30b7a77c38e085c68b2a77d75c5a6ef0c97d3cd61578
forward_residual_transfer_v1,P_IS_X,20260915,HISTORICAL_CONTRACT_SEE_MANIFEST,3,AVAILABLE,terminal_H,clip_0_1,3850,0.10886780811190436,0.06273469880252884,91dd402bf3df8a3dbdaa30b7a77c38e085c68b2a77d75c5a6ef0c97d3cd61578
forward_residual_transfer_v1,P_IS_X,20260915,HISTORICAL_CONTRACT_SEE_MANIFEST,3,AVAILABLE,path_1_to_H,raw,11550,0.10844216983936744,0.058215197733632706,91dd402bf3df8a3dbdaa30b7a77c38e085c68b2a77d75c5a6ef0c97d3cd61578
forward_residual_transfer_v1,P_IS_X,20260915,HISTORICAL_CONTRACT_SEE_MANIFEST,3,AVAILABLE,path_1_to_H,clip_0_1,11550,0.10843753341885691,0.05819006858839025,91dd402bf3df8a3dbdaa30b7a77c38e085c68b2a77d75c5a6ef0c97d3cd61578
forward_residual_transfer_v1,P_IS_X,20260915,HISTORICAL_CONTRACT_SEE_MANIFEST,6,AVAILABLE,terminal_H,raw,3850,0.11250546994246287,0.0665814280472109,91dd402bf3df8a3dbdaa30b7a77c38e085c68b2a77d75c5a6ef0c97d3cd61578
forward_residual_transfer_v1,P_IS_X,20260915,HISTORICAL_CONTRACT_SEE_MANIFEST,6,AVAILABLE,terminal_H,clip_0_1,3850,0.11250526267504261,0.06657595630038025,91dd402bf3df8a3dbdaa30b7a77c38e085c68b2a77d75c5a6ef0c97d3cd61578
forward_residual_transfer_v1,P_IS_X,20260915,HISTORICAL_CONTRACT_SEE_MANIFEST,6,AVAILABLE,path_1_to_H,raw,23100,0.11573379773837021,0.0641401073633475,91dd402bf3df8a3dbdaa30b7a77c38e085c68b2a77d75c5a6ef0c97d3cd61578
forward_residual_transfer_v1,P_IS_X,20260915,HISTORICAL_CONTRACT_SEE_MANIFEST,6,AVAILABLE,path_1_to_H,clip_0_1,23100,0.11573146002772243,0.06412423873220525,91dd402bf3df8a3dbdaa30b7a77c38e085c68b2a77d75c5a6ef0c97d3cd61578
forward_residual_transfer_v1,P_IS_X,20260915,HISTORICAL_CONTRACT_SEE_MANIFEST,9,AVAILABLE,terminal_H,raw,3850,0.10869267033876627,0.07002267576815444,91dd402bf3df8a3dbdaa30b7a77c38e085c68b2a77d75c5a6ef0c97d3cd61578
forward_residual_transfer_v1,P_IS_X,20260915,HISTORICAL_CONTRACT_SEE_MANIFEST,9,AVAILABLE,terminal_H,clip_0_1,3850,0.10869232862842484,0.07001665524068995,91dd402bf3df8a3dbdaa30b7a77c38e085c68b2a77d75c5a6ef0c97d3cd61578
forward_residual_transfer_v1,P_IS_X,20260915,HISTORICAL_CONTRACT_SEE_MANIFEST,9,AVAILABLE,path_1_to_H,raw,34650,0.11380050957884068,0.0655027878658581,91dd402bf3df8a3dbdaa30b7a77c38e085c68b2a77d75c5a6ef0c97d3cd61578
forward_residual_transfer_v1,P_IS_X,20260915,HISTORICAL_CONTRACT_SEE_MANIFEST,9,AVAILABLE,path_1_to_H,clip_0_1,34650,0.11379886871626999,0.06549087750715707,91dd402bf3df8a3dbdaa30b7a77c38e085c68b2a77d75c5a6ef0c97d3cd61578
forward_residual_transfer_v1,P_IS_X,20260915,HISTORICAL_CONTRACT_SEE_MANIFEST,12,AVAILABLE,terminal_H,raw,3850,0.11451864758001216,0.07462423058099567,91dd402bf3df8a3dbdaa30b7a77c38e085c68b2a77d75c5a6ef0c97d3cd61578
forward_residual_transfer_v1,P_IS_X,20260915,HISTORICAL_CONTRACT_SEE_MANIFEST,12,AVAILABLE,terminal_H,clip_0_1,3850,0.11451219890044605,0.0746072320687806,91dd402bf3df8a3dbdaa30b7a77c38e085c68b2a77d75c5a6ef0c97d3cd61578
forward_residual_transfer_v1,P_IS_X,20260915,HISTORICAL_CONTRACT_SEE_MANIFEST,12,AVAILABLE,path_1_to_H,raw,46200,0.1137195144299465,0.06743035463423697,91dd402bf3df8a3dbdaa30b7a77c38e085c68b2a77d75c5a6ef0c97d3cd61578
forward_residual_transfer_v1,P_IS_X,20260915,HISTORICAL_CONTRACT_SEE_MANIFEST,12,AVAILABLE,path_1_to_H,clip_0_1,46200,0.11371613644994719,0.06741728765730044,91dd402bf3df8a3dbdaa30b7a77c38e085c68b2a77d75c5a6ef0c97d3cd61578
forward_residual_transfer_v1,P_IS_X,20260916,HISTORICAL_CONTRACT_SEE_MANIFEST,3,AVAILABLE,terminal_H,raw,3850,0.10887039335131089,0.06275004621150433,91dd402bf3df8a3dbdaa30b7a77c38e085c68b2a77d75c5a6ef0c97d3cd61578
forward_residual_transfer_v1,P_IS_X,20260916,HISTORICAL_CONTRACT_SEE_MANIFEST,3,AVAILABLE,terminal_H,clip_0_1,3850,0.10886780811190436,0.06273469880252884,91dd402bf3df8a3dbdaa30b7a77c38e085c68b2a77d75c5a6ef0c97d3cd61578
forward_residual_transfer_v1,P_IS_X,20260916,HISTORICAL_CONTRACT_SEE_MANIFEST,3,AVAILABLE,path_1_to_H,raw,11550,0.10844216983936744,0.058215197733632706,91dd402bf3df8a3dbdaa30b7a77c38e085c68b2a77d75c5a6ef0c97d3cd61578
forward_residual_transfer_v1,P_IS_X,20260916,HISTORICAL_CONTRACT_SEE_MANIFEST,3,AVAILABLE,path_1_to_H,clip_0_1,11550,0.10843753341885691,0.05819006858839025,91dd402bf3df8a3dbdaa30b7a77c38e085c68b2a77d75c5a6ef0c97d3cd61578
forward_residual_transfer_v1,P_IS_X,20260916,HISTORICAL_CONTRACT_SEE_MANIFEST,6,AVAILABLE,terminal_H,raw,3850,0.11250546994246287,0.0665814280472109,91dd402bf3df8a3dbdaa30b7a77c38e085c68b2a77d75c5a6ef0c97d3cd61578
forward_residual_transfer_v1,P_IS_X,20260916,HISTORICAL_CONTRACT_SEE_MANIFEST,6,AVAILABLE,terminal_H,clip_0_1,3850,0.11250526267504261,0.06657595630038025,91dd402bf3df8a3dbdaa30b7a77c38e085c68b2a77d75c5a6ef0c97d3cd61578
forward_residual_transfer_v1,P_IS_X,20260916,HISTORICAL_CONTRACT_SEE_MANIFEST,6,AVAILABLE,path_1_to_H,raw,23100,0.11573379773837021,0.0641401073633475,91dd402bf3df8a3dbdaa30b7a77c38e085c68b2a77d75c5a6ef0c97d3cd61578
forward_residual_transfer_v1,P_IS_X,20260916,HISTORICAL_CONTRACT_SEE_MANIFEST,6,AVAILABLE,path_1_to_H,clip_0_1,23100,0.11573146002772243,0.06412423873220525,91dd402bf3df8a3dbdaa30b7a77c38e085c68b2a77d75c5a6ef0c97d3cd61578
forward_residual_transfer_v1,P_IS_X,20260916,HISTORICAL_CONTRACT_SEE_MANIFEST,9,AVAILABLE,terminal_H,raw,3850,0.10869267033876627,0.07002267576815444,91dd402bf3df8a3dbdaa30b7a77c38e085c68b2a77d75c5a6ef0c97d3cd61578
forward_residual_transfer_v1,P_IS_X,20260916,HISTORICAL_CONTRACT_SEE_MANIFEST,9,AVAILABLE,terminal_H,clip_0_1,3850,0.10869232862842484,0.07001665524068995,91dd402bf3df8a3dbdaa30b7a77c38e085c68b2a77d75c5a6ef0c97d3cd61578
forward_residual_transfer_v1,P_IS_X,20260916,HISTORICAL_CONTRACT_SEE_MANIFEST,9,AVAILABLE,path_1_to_H,raw,34650,0.11380050957884068,0.0655027878658581,91dd402bf3df8a3dbdaa30b7a77c38e085c68b2a77d75c5a6ef0c97d3cd61578
forward_residual_transfer_v1,P_IS_X,20260916,HISTORICAL_CONTRACT_SEE_MANIFEST,9,AVAILABLE,path_1_to_H,clip_0_1,34650,0.11379886871626999,0.06549087750715707,91dd402bf3df8a3dbdaa30b7a77c38e085c68b2a77d75c5a6ef0c97d3cd61578
forward_residual_transfer_v1,P_IS_X,20260916,HISTORICAL_CONTRACT_SEE_MANIFEST,12,AVAILABLE,terminal_H,raw,3850,0.11451864758001216,0.07462423058099567,91dd402bf3df8a3dbdaa30b7a77c38e085c68b2a77d75c5a6ef0c97d3cd61578
forward_residual_transfer_v1,P_IS_X,20260916,HISTORICAL_CONTRACT_SEE_MANIFEST,12,AVAILABLE,terminal_H,clip_0_1,3850,0.11451219890044605,0.0746072320687806,91dd402bf3df8a3dbdaa30b7a77c38e085c68b2a77d75c5a6ef0c97d3cd61578
forward_residual_transfer_v1,P_IS_X,20260916,HISTORICAL_CONTRACT_SEE_MANIFEST,12,AVAILABLE,path_1_to_H,raw,46200,0.1137195144299465,0.06743035463423697,91dd402bf3df8a3dbdaa30b7a77c38e085c68b2a77d75c5a6ef0c97d3cd61578
forward_residual_transfer_v1,P_IS_X,20260916,HISTORICAL_CONTRACT_SEE_MANIFEST,12,AVAILABLE,path_1_to_H,clip_0_1,46200,0.11371613644994719,0.06741728765730044,91dd402bf3df8a3dbdaa30b7a77c38e085c68b2a77d75c5a6ef0c97d3cd61578
forward_residual_transfer_v1,P_IS_X,20260917,HISTORICAL_CONTRACT_SEE_MANIFEST,3,AVAILABLE,terminal_H,raw,3850,0.11091882155925459,0.06456550387078165,64fc5c72aae7fcb1259c95265bae65049f93442903c26ab7689bf3e30d79abdb
forward_residual_transfer_v1,P_IS_X,20260917,HISTORICAL_CONTRACT_SEE_MANIFEST,3,AVAILABLE,terminal_H,clip_0_1,3850,0.11081959399786462,0.0645164382033798,64fc5c72aae7fcb1259c95265bae65049f93442903c26ab7689bf3e30d79abdb
forward_residual_transfer_v1,P_IS_X,20260917,HISTORICAL_CONTRACT_SEE_MANIFEST,3,AVAILABLE,path_1_to_H,raw,11550,0.10953990553249152,0.05952910989527885,64fc5c72aae7fcb1259c95265bae65049f93442903c26ab7689bf3e30d79abdb
forward_residual_transfer_v1,P_IS_X,20260917,HISTORICAL_CONTRACT_SEE_MANIFEST,3,AVAILABLE,path_1_to_H,clip_0_1,11550,0.10945954016206955,0.05945544487451933,64fc5c72aae7fcb1259c95265bae65049f93442903c26ab7689bf3e30d79abdb
forward_residual_transfer_v1,P_IS_X,20260917,HISTORICAL_CONTRACT_SEE_MANIFEST,6,AVAILABLE,terminal_H,raw,3850,0.11784387170630613,0.0711847398544848,64fc5c72aae7fcb1259c95265bae65049f93442903c26ab7689bf3e30d79abdb
forward_residual_transfer_v1,P_IS_X,20260917,HISTORICAL_CONTRACT_SEE_MANIFEST,6,AVAILABLE,terminal_H,clip_0_1,3850,0.11782991438227276,0.07114698532962363,64fc5c72aae7fcb1259c95265bae65049f93442903c26ab7689bf3e30d79abdb
forward_residual_transfer_v1,P_IS_X,20260917,HISTORICAL_CONTRACT_SEE_MANIFEST,6,AVAILABLE,path_1_to_H,raw,23100,0.1184600737978172,0.06659048114526195,64fc5c72aae7fcb1259c95265bae65049f93442903c26ab7689bf3e30d79abdb
forward_residual_transfer_v1,P_IS_X,20260917,HISTORICAL_CONTRACT_SEE_MANIFEST,6,AVAILABLE,path_1_to_H,clip_0_1,23100,0.1184151448003262,0.0665352240984485,64fc5c72aae7fcb1259c95265bae65049f93442903c26ab7689bf3e30d79abdb
forward_residual_transfer_v1,P_IS_X,20260917,HISTORICAL_CONTRACT_SEE_MANIFEST,9,AVAILABLE,terminal_H,raw,3850,0.11822773605990729,0.07811643382551524,64fc5c72aae7fcb1259c95265bae65049f93442903c26ab7689bf3e30d79abdb
forward_residual_transfer_v1,P_IS_X,20260917,HISTORICAL_CONTRACT_SEE_MANIFEST,9,AVAILABLE,terminal_H,clip_0_1,3850,0.11822476461455733,0.0781026045699391,64fc5c72aae7fcb1259c95265bae65049f93442903c26ab7689bf3e30d79abdb
forward_residual_transfer_v1,P_IS_X,20260917,HISTORICAL_CONTRACT_SEE_MANIFEST,9,AVAILABLE,path_1_to_H,raw,34650,0.11821160824066915,0.06930633460379881,64fc5c72aae7fcb1259c95265bae65049f93442903c26ab7689bf3e30d79abdb
forward_residual_transfer_v1,P_IS_X,20260917,HISTORICAL_CONTRACT_SEE_MANIFEST,9,AVAILABLE,path_1_to_H,clip_0_1,34650,0.11817775671531981,0.0692591182426646,64fc5c72aae7fcb1259c95265bae65049f93442903c26ab7689bf3e30d79abdb
forward_residual_transfer_v1,P_IS_X,20260917,HISTORICAL_CONTRACT_SEE_MANIFEST,12,AVAILABLE,terminal_H,raw,3850,0.12233224434771084,0.08039976014046003,64fc5c72aae7fcb1259c95265bae65049f93442903c26ab7689bf3e30d79abdb
forward_residual_transfer_v1,P_IS_X,20260917,HISTORICAL_CONTRACT_SEE_MANIFEST,12,AVAILABLE,terminal_H,clip_0_1,3850,0.12229954166263766,0.08035018936764496,64fc5c72aae7fcb1259c95265bae65049f93442903c26ab7689bf3e30d79abdb
forward_residual_transfer_v1,P_IS_X,20260917,HISTORICAL_CONTRACT_SEE_MANIFEST,12,AVAILABLE,path_1_to_H,raw,46200,0.11902843144547967,0.07184349770466604,64fc5c72aae7fcb1259c95265bae65049f93442903c26ab7689bf3e30d79abdb
forward_residual_transfer_v1,P_IS_X,20260917,HISTORICAL_CONTRACT_SEE_MANIFEST,12,AVAILABLE,path_1_to_H,clip_0_1,46200,0.11899333982079242,0.07179649443097497,64fc5c72aae7fcb1259c95265bae65049f93442903c26ab7689bf3e30d79abdb
forward_residual_transfer_v1,P_FWD_X,20260915,HISTORICAL_CONTRACT_SEE_MANIFEST,3,AVAILABLE,terminal_H,raw,3850,0.10887039335131089,0.06275004621150433,91dd402bf3df8a3dbdaa30b7a77c38e085c68b2a77d75c5a6ef0c97d3cd61578
forward_residual_transfer_v1,P_FWD_X,20260915,HISTORICAL_CONTRACT_SEE_MANIFEST,3,AVAILABLE,terminal_H,clip_0_1,3850,0.10886780811190436,0.06273469880252884,91dd402bf3df8a3dbdaa30b7a77c38e085c68b2a77d75c5a6ef0c97d3cd61578
forward_residual_transfer_v1,P_FWD_X,20260915,HISTORICAL_CONTRACT_SEE_MANIFEST,3,AVAILABLE,path_1_to_H,raw,11550,0.10844216983936744,0.058215197733632706,91dd402bf3df8a3dbdaa30b7a77c38e085c68b2a77d75c5a6ef0c97d3cd61578
forward_residual_transfer_v1,P_FWD_X,20260915,HISTORICAL_CONTRACT_SEE_MANIFEST,3,AVAILABLE,path_1_to_H,clip_0_1,11550,0.10843753341885691,0.05819006858839025,91dd402bf3df8a3dbdaa30b7a77c38e085c68b2a77d75c5a6ef0c97d3cd61578
forward_residual_transfer_v1,P_FWD_X,20260915,HISTORICAL_CONTRACT_SEE_MANIFEST,6,AVAILABLE,terminal_H,raw,3850,0.11250546994246287,0.0665814280472109,91dd402bf3df8a3dbdaa30b7a77c38e085c68b2a77d75c5a6ef0c97d3cd61578
forward_residual_transfer_v1,P_FWD_X,20260915,HISTORICAL_CONTRACT_SEE_MANIFEST,6,AVAILABLE,terminal_H,clip_0_1,3850,0.11250526267504261,0.06657595630038025,91dd402bf3df8a3dbdaa30b7a77c38e085c68b2a77d75c5a6ef0c97d3cd61578
forward_residual_transfer_v1,P_FWD_X,20260915,HISTORICAL_CONTRACT_SEE_MANIFEST,6,AVAILABLE,path_1_to_H,raw,23100,0.11573379773837021,0.0641401073633475,91dd402bf3df8a3dbdaa30b7a77c38e085c68b2a77d75c5a6ef0c97d3cd61578
forward_residual_transfer_v1,P_FWD_X,20260915,HISTORICAL_CONTRACT_SEE_MANIFEST,6,AVAILABLE,path_1_to_H,clip_0_1,23100,0.11573146002772243,0.06412423873220525,91dd402bf3df8a3dbdaa30b7a77c38e085c68b2a77d75c5a6ef0c97d3cd61578
forward_residual_transfer_v1,P_FWD_X,20260915,HISTORICAL_CONTRACT_SEE_MANIFEST,9,AVAILABLE,terminal_H,raw,3850,0.10869267033876627,0.07002267576815444,91dd402bf3df8a3dbdaa30b7a77c38e085c68b2a77d75c5a6ef0c97d3cd61578
forward_residual_transfer_v1,P_FWD_X,20260915,HISTORICAL_CONTRACT_SEE_MANIFEST,9,AVAILABLE,terminal_H,clip_0_1,3850,0.10869232862842484,0.07001665524068995,91dd402bf3df8a3dbdaa30b7a77c38e085c68b2a77d75c5a6ef0c97d3cd61578
forward_residual_transfer_v1,P_FWD_X,20260915,HISTORICAL_CONTRACT_SEE_MANIFEST,9,AVAILABLE,path_1_to_H,raw,34650,0.11380050957884068,0.0655027878658581,91dd402bf3df8a3dbdaa30b7a77c38e085c68b2a77d75c5a6ef0c97d3cd61578
forward_residual_transfer_v1,P_FWD_X,20260915,HISTORICAL_CONTRACT_SEE_MANIFEST,9,AVAILABLE,path_1_to_H,clip_0_1,34650,0.11379886871626999,0.06549087750715707,91dd402bf3df8a3dbdaa30b7a77c38e085c68b2a77d75c5a6ef0c97d3cd61578
forward_residual_transfer_v1,P_FWD_X,20260915,HISTORICAL_CONTRACT_SEE_MANIFEST,12,AVAILABLE,terminal_H,raw,3850,0.11451864758001216,0.07462423058099567,91dd402bf3df8a3dbdaa30b7a77c38e085c68b2a77d75c5a6ef0c97d3cd61578
forward_residual_transfer_v1,P_FWD_X,20260915,HISTORICAL_CONTRACT_SEE_MANIFEST,12,AVAILABLE,terminal_H,clip_0_1,3850,0.11451219890044605,0.0746072320687806,91dd402bf3df8a3dbdaa30b7a77c38e085c68b2a77d75c5a6ef0c97d3cd61578
forward_residual_transfer_v1,P_FWD_X,20260915,HISTORICAL_CONTRACT_SEE_MANIFEST,12,AVAILABLE,path_1_to_H,raw,46200,0.1137195144299465,0.06743035463423697,91dd402bf3df8a3dbdaa30b7a77c38e085c68b2a77d75c5a6ef0c97d3cd61578
forward_residual_transfer_v1,P_FWD_X,20260915,HISTORICAL_CONTRACT_SEE_MANIFEST,12,AVAILABLE,path_1_to_H,clip_0_1,46200,0.11371613644994719,0.06741728765730044,91dd402bf3df8a3dbdaa30b7a77c38e085c68b2a77d75c5a6ef0c97d3cd61578
forward_residual_transfer_v1,P_FWD_X,20260916,HISTORICAL_CONTRACT_SEE_MANIFEST,3,AVAILABLE,terminal_H,raw,3850,0.10887039335131089,0.06275004621150433,91dd402bf3df8a3dbdaa30b7a77c38e085c68b2a77d75c5a6ef0c97d3cd61578
forward_residual_transfer_v1,P_FWD_X,20260916,HISTORICAL_CONTRACT_SEE_MANIFEST,3,AVAILABLE,terminal_H,clip_0_1,3850,0.10886780811190436,0.06273469880252884,91dd402bf3df8a3dbdaa30b7a77c38e085c68b2a77d75c5a6ef0c97d3cd61578
forward_residual_transfer_v1,P_FWD_X,20260916,HISTORICAL_CONTRACT_SEE_MANIFEST,3,AVAILABLE,path_1_to_H,raw,11550,0.10844216983936744,0.058215197733632706,91dd402bf3df8a3dbdaa30b7a77c38e085c68b2a77d75c5a6ef0c97d3cd61578
forward_residual_transfer_v1,P_FWD_X,20260916,HISTORICAL_CONTRACT_SEE_MANIFEST,3,AVAILABLE,path_1_to_H,clip_0_1,11550,0.10843753341885691,0.05819006858839025,91dd402bf3df8a3dbdaa30b7a77c38e085c68b2a77d75c5a6ef0c97d3cd61578
forward_residual_transfer_v1,P_FWD_X,20260916,HISTORICAL_CONTRACT_SEE_MANIFEST,6,AVAILABLE,terminal_H,raw,3850,0.11250546994246287,0.0665814280472109,91dd402bf3df8a3dbdaa30b7a77c38e085c68b2a77d75c5a6ef0c97d3cd61578
forward_residual_transfer_v1,P_FWD_X,20260916,HISTORICAL_CONTRACT_SEE_MANIFEST,6,AVAILABLE,terminal_H,clip_0_1,3850,0.11250526267504261,0.06657595630038025,91dd402bf3df8a3dbdaa30b7a77c38e085c68b2a77d75c5a6ef0c97d3cd61578
forward_residual_transfer_v1,P_FWD_X,20260916,HISTORICAL_CONTRACT_SEE_MANIFEST,6,AVAILABLE,path_1_to_H,raw,23100,0.11573379773837021,0.0641401073633475,91dd402bf3df8a3dbdaa30b7a77c38e085c68b2a77d75c5a6ef0c97d3cd61578
forward_residual_transfer_v1,P_FWD_X,20260916,HISTORICAL_CONTRACT_SEE_MANIFEST,6,AVAILABLE,path_1_to_H,clip_0_1,23100,0.11573146002772243,0.06412423873220525,91dd402bf3df8a3dbdaa30b7a77c38e085c68b2a77d75c5a6ef0c97d3cd61578
forward_residual_transfer_v1,P_FWD_X,20260916,HISTORICAL_CONTRACT_SEE_MANIFEST,9,AVAILABLE,terminal_H,raw,3850,0.10869267033876627,0.07002267576815444,91dd402bf3df8a3dbdaa30b7a77c38e085c68b2a77d75c5a6ef0c97d3cd61578
forward_residual_transfer_v1,P_FWD_X,20260916,HISTORICAL_CONTRACT_SEE_MANIFEST,9,AVAILABLE,terminal_H,clip_0_1,3850,0.10869232862842484,0.07001665524068995,91dd402bf3df8a3dbdaa30b7a77c38e085c68b2a77d75c5a6ef0c97d3cd61578
forward_residual_transfer_v1,P_FWD_X,20260916,HISTORICAL_CONTRACT_SEE_MANIFEST,9,AVAILABLE,path_1_to_H,raw,34650,0.11380050957884068,0.0655027878658581,91dd402bf3df8a3dbdaa30b7a77c38e085c68b2a77d75c5a6ef0c97d3cd61578
forward_residual_transfer_v1,P_FWD_X,20260916,HISTORICAL_CONTRACT_SEE_MANIFEST,9,AVAILABLE,path_1_to_H,clip_0_1,34650,0.11379886871626999,0.06549087750715707,91dd402bf3df8a3dbdaa30b7a77c38e085c68b2a77d75c5a6ef0c97d3cd61578
forward_residual_transfer_v1,P_FWD_X,20260916,HISTORICAL_CONTRACT_SEE_MANIFEST,12,AVAILABLE,terminal_H,raw,3850,0.11451864758001216,0.07462423058099567,91dd402bf3df8a3dbdaa30b7a77c38e085c68b2a77d75c5a6ef0c97d3cd61578
forward_residual_transfer_v1,P_FWD_X,20260916,HISTORICAL_CONTRACT_SEE_MANIFEST,12,AVAILABLE,terminal_H,clip_0_1,3850,0.11451219890044605,0.0746072320687806,91dd402bf3df8a3dbdaa30b7a77c38e085c68b2a77d75c5a6ef0c97d3cd61578
forward_residual_transfer_v1,P_FWD_X,20260916,HISTORICAL_CONTRACT_SEE_MANIFEST,12,AVAILABLE,path_1_to_H,raw,46200,0.1137195144299465,0.06743035463423697,91dd402bf3df8a3dbdaa30b7a77c38e085c68b2a77d75c5a6ef0c97d3cd61578
forward_residual_transfer_v1,P_FWD_X,20260916,HISTORICAL_CONTRACT_SEE_MANIFEST,12,AVAILABLE,path_1_to_H,clip_0_1,46200,0.11371613644994719,0.06741728765730044,91dd402bf3df8a3dbdaa30b7a77c38e085c68b2a77d75c5a6ef0c97d3cd61578
forward_residual_transfer_v1,P_FWD_X,20260917,HISTORICAL_CONTRACT_SEE_MANIFEST,3,AVAILABLE,terminal_H,raw,3850,0.10887039335131089,0.06275004621150433,91dd402bf3df8a3dbdaa30b7a77c38e085c68b2a77d75c5a6ef0c97d3cd61578
forward_residual_transfer_v1,P_FWD_X,20260917,HISTORICAL_CONTRACT_SEE_MANIFEST,3,AVAILABLE,terminal_H,clip_0_1,3850,0.10886780811190436,0.06273469880252884,91dd402bf3df8a3dbdaa30b7a77c38e085c68b2a77d75c5a6ef0c97d3cd61578
forward_residual_transfer_v1,P_FWD_X,20260917,HISTORICAL_CONTRACT_SEE_MANIFEST,3,AVAILABLE,path_1_to_H,raw,11550,0.10844216983936744,0.058215197733632706,91dd402bf3df8a3dbdaa30b7a77c38e085c68b2a77d75c5a6ef0c97d3cd61578
forward_residual_transfer_v1,P_FWD_X,20260917,HISTORICAL_CONTRACT_SEE_MANIFEST,3,AVAILABLE,path_1_to_H,clip_0_1,11550,0.10843753341885691,0.05819006858839025,91dd402bf3df8a3dbdaa30b7a77c38e085c68b2a77d75c5a6ef0c97d3cd61578
forward_residual_transfer_v1,P_FWD_X,20260917,HISTORICAL_CONTRACT_SEE_MANIFEST,6,AVAILABLE,terminal_H,raw,3850,0.11250546994246287,0.0665814280472109,91dd402bf3df8a3dbdaa30b7a77c38e085c68b2a77d75c5a6ef0c97d3cd61578
forward_residual_transfer_v1,P_FWD_X,20260917,HISTORICAL_CONTRACT_SEE_MANIFEST,6,AVAILABLE,terminal_H,clip_0_1,3850,0.11250526267504261,0.06657595630038025,91dd402bf3df8a3dbdaa30b7a77c38e085c68b2a77d75c5a6ef0c97d3cd61578
forward_residual_transfer_v1,P_FWD_X,20260917,HISTORICAL_CONTRACT_SEE_MANIFEST,6,AVAILABLE,path_1_to_H,raw,23100,0.11573379773837021,0.0641401073633475,91dd402bf3df8a3dbdaa30b7a77c38e085c68b2a77d75c5a6ef0c97d3cd61578
forward_residual_transfer_v1,P_FWD_X,20260917,HISTORICAL_CONTRACT_SEE_MANIFEST,6,AVAILABLE,path_1_to_H,clip_0_1,23100,0.11573146002772243,0.06412423873220525,91dd402bf3df8a3dbdaa30b7a77c38e085c68b2a77d75c5a6ef0c97d3cd61578
forward_residual_transfer_v1,P_FWD_X,20260917,HISTORICAL_CONTRACT_SEE_MANIFEST,9,AVAILABLE,terminal_H,raw,3850,0.10869267033876627,0.07002267576815444,91dd402bf3df8a3dbdaa30b7a77c38e085c68b2a77d75c5a6ef0c97d3cd61578
forward_residual_transfer_v1,P_FWD_X,20260917,HISTORICAL_CONTRACT_SEE_MANIFEST,9,AVAILABLE,terminal_H,clip_0_1,3850,0.10869232862842484,0.07001665524068995,91dd402bf3df8a3dbdaa30b7a77c38e085c68b2a77d75c5a6ef0c97d3cd61578
forward_residual_transfer_v1,P_FWD_X,20260917,HISTORICAL_CONTRACT_SEE_MANIFEST,9,AVAILABLE,path_1_to_H,raw,34650,0.11380050957884068,0.0655027878658581,91dd402bf3df8a3dbdaa30b7a77c38e085c68b2a77d75c5a6ef0c97d3cd61578
forward_residual_transfer_v1,P_FWD_X,20260917,HISTORICAL_CONTRACT_SEE_MANIFEST,9,AVAILABLE,path_1_to_H,clip_0_1,34650,0.11379886871626999,0.06549087750715707,91dd402bf3df8a3dbdaa30b7a77c38e085c68b2a77d75c5a6ef0c97d3cd61578
forward_residual_transfer_v1,P_FWD_X,20260917,HISTORICAL_CONTRACT_SEE_MANIFEST,12,AVAILABLE,terminal_H,raw,3850,0.11451864758001216,0.07462423058099567,91dd402bf3df8a3dbdaa30b7a77c38e085c68b2a77d75c5a6ef0c97d3cd61578
forward_residual_transfer_v1,P_FWD_X,20260917,HISTORICAL_CONTRACT_SEE_MANIFEST,12,AVAILABLE,terminal_H,clip_0_1,3850,0.11451219890044605,0.0746072320687806,91dd402bf3df8a3dbdaa30b7a77c38e085c68b2a77d75c5a6ef0c97d3cd61578
forward_residual_transfer_v1,P_FWD_X,20260917,HISTORICAL_CONTRACT_SEE_MANIFEST,12,AVAILABLE,path_1_to_H,raw,46200,0.1137195144299465,0.06743035463423697,91dd402bf3df8a3dbdaa30b7a77c38e085c68b2a77d75c5a6ef0c97d3cd61578
forward_residual_transfer_v1,P_FWD_X,20260917,HISTORICAL_CONTRACT_SEE_MANIFEST,12,AVAILABLE,path_1_to_H,clip_0_1,46200,0.11371613644994719,0.06741728765730044,91dd402bf3df8a3dbdaa30b7a77c38e085c68b2a77d75c5a6ef0c97d3cd61578
forward_residual_transfer_v1,P_IS_BC,20260915,HISTORICAL_CONTRACT_SEE_MANIFEST,3,AVAILABLE,terminal_H,raw,3850,0.10965102338449485,0.0640249596680392,8305ab913ca9c961b603c28f6ad25f048f3704042d2b96b6bbf42682eecc90c6
forward_residual_transfer_v1,P_IS_BC,20260915,HISTORICAL_CONTRACT_SEE_MANIFEST,3,AVAILABLE,terminal_H,clip_0_1,3850,0.1095987052253017,0.06394568110212813,8305ab913ca9c961b603c28f6ad25f048f3704042d2b96b6bbf42682eecc90c6
forward_residual_transfer_v1,P_IS_BC,20260915,HISTORICAL_CONTRACT_SEE_MANIFEST,3,AVAILABLE,path_1_to_H,raw,11550,0.10862012203860451,0.059247378340467595,8305ab913ca9c961b603c28f6ad25f048f3704042d2b96b6bbf42682eecc90c6
forward_residual_transfer_v1,P_IS_BC,20260915,HISTORICAL_CONTRACT_SEE_MANIFEST,3,AVAILABLE,path_1_to_H,clip_0_1,11550,0.10857254286292227,0.05913242891582588,8305ab913ca9c961b603c28f6ad25f048f3704042d2b96b6bbf42682eecc90c6
forward_residual_transfer_v1,P_IS_BC,20260915,HISTORICAL_CONTRACT_SEE_MANIFEST,6,AVAILABLE,terminal_H,raw,3850,0.11595116498980525,0.07039180396060853,8305ab913ca9c961b603c28f6ad25f048f3704042d2b96b6bbf42682eecc90c6
forward_residual_transfer_v1,P_IS_BC,20260915,HISTORICAL_CONTRACT_SEE_MANIFEST,6,AVAILABLE,terminal_H,clip_0_1,3850,0.11593643082227352,0.07033469746221961,8305ab913ca9c961b603c28f6ad25f048f3704042d2b96b6bbf42682eecc90c6
forward_residual_transfer_v1,P_IS_BC,20260915,HISTORICAL_CONTRACT_SEE_MANIFEST,6,AVAILABLE,path_1_to_H,raw,23100,0.11731753024304346,0.06618249148399688,8305ab913ca9c961b603c28f6ad25f048f3704042d2b96b6bbf42682eecc90c6
forward_residual_transfer_v1,P_IS_BC,20260915,HISTORICAL_CONTRACT_SEE_MANIFEST,6,AVAILABLE,path_1_to_H,clip_0_1,23100,0.11728210257525831,0.0660886421497125,8305ab913ca9c961b603c28f6ad25f048f3704042d2b96b6bbf42682eecc90c6
forward_residual_transfer_v1,P_IS_BC,20260915,HISTORICAL_CONTRACT_SEE_MANIFEST,9,AVAILABLE,terminal_H,raw,3850,0.11566113073062394,0.07584023840029328,8305ab913ca9c961b603c28f6ad25f048f3704042d2b96b6bbf42682eecc90c6
forward_residual_transfer_v1,P_IS_BC,20260915,HISTORICAL_CONTRACT_SEE_MANIFEST,9,AVAILABLE,terminal_H,clip_0_1,3850,0.11565359522193032,0.07580580368116042,8305ab913ca9c961b603c28f6ad25f048f3704042d2b96b6bbf42682eecc90c6
forward_residual_transfer_v1,P_IS_BC,20260915,HISTORICAL_CONTRACT_SEE_MANIFEST,9,AVAILABLE,path_1_to_H,raw,34650,0.11677217375910268,0.06852902811089183,8305ab913ca9c961b603c28f6ad25f048f3704042d2b96b6bbf42682eecc90c6
forward_residual_transfer_v1,P_IS_BC,20260915,HISTORICAL_CONTRACT_SEE_MANIFEST,9,AVAILABLE,path_1_to_H,clip_0_1,34650,0.11674515856753992,0.06845350475045658,8305ab913ca9c961b603c28f6ad25f048f3704042d2b96b6bbf42682eecc90c6
forward_residual_transfer_v1,P_IS_BC,20260915,HISTORICAL_CONTRACT_SEE_MANIFEST,12,AVAILABLE,terminal_H,raw,3850,0.12041945658408852,0.07898974033491342,8305ab913ca9c961b603c28f6ad25f048f3704042d2b96b6bbf42682eecc90c6
forward_residual_transfer_v1,P_IS_BC,20260915,HISTORICAL_CONTRACT_SEE_MANIFEST,12,AVAILABLE,terminal_H,clip_0_1,3850,0.12041291620223527,0.07897624533884445,8305ab913ca9c961b603c28f6ad25f048f3704042d2b96b6bbf42682eecc90c6
forward_residual_transfer_v1,P_IS_BC,20260915,HISTORICAL_CONTRACT_SEE_MANIFEST,12,AVAILABLE,path_1_to_H,raw,46200,0.11734086761920305,0.0708357557939837,8305ab913ca9c961b603c28f6ad25f048f3704042d2b96b6bbf42682eecc90c6
forward_residual_transfer_v1,P_IS_BC,20260915,HISTORICAL_CONTRACT_SEE_MANIFEST,12,AVAILABLE,path_1_to_H,clip_0_1,46200,0.11731667006108723,0.07077358736388296,8305ab913ca9c961b603c28f6ad25f048f3704042d2b96b6bbf42682eecc90c6
forward_residual_transfer_v1,P_IS_BC,20260916,HISTORICAL_CONTRACT_SEE_MANIFEST,3,AVAILABLE,terminal_H,raw,3850,0.1099192665355707,0.06388793482062577,2eb933ac6800f4cd560e9899c2a7b5eaa24b4b4f7622a16ea650a14736ddff8e
forward_residual_transfer_v1,P_IS_BC,20260916,HISTORICAL_CONTRACT_SEE_MANIFEST,3,AVAILABLE,terminal_H,clip_0_1,3850,0.10981592426716555,0.06380706822853925,2eb933ac6800f4cd560e9899c2a7b5eaa24b4b4f7622a16ea650a14736ddff8e
forward_residual_transfer_v1,P_IS_BC,20260916,HISTORICAL_CONTRACT_SEE_MANIFEST,3,AVAILABLE,path_1_to_H,raw,11550,0.10841708522477848,0.05891052177115396,2eb933ac6800f4cd560e9899c2a7b5eaa24b4b4f7622a16ea650a14736ddff8e
forward_residual_transfer_v1,P_IS_BC,20260916,HISTORICAL_CONTRACT_SEE_MANIFEST,3,AVAILABLE,path_1_to_H,clip_0_1,11550,0.10833503128710707,0.058800609890170746,2eb933ac6800f4cd560e9899c2a7b5eaa24b4b4f7622a16ea650a14736ddff8e
forward_residual_transfer_v1,P_IS_BC,20260916,HISTORICAL_CONTRACT_SEE_MANIFEST,6,AVAILABLE,terminal_H,raw,3850,0.11648071103698654,0.06958869199453167,2eb933ac6800f4cd560e9899c2a7b5eaa24b4b4f7622a16ea650a14736ddff8e
forward_residual_transfer_v1,P_IS_BC,20260916,HISTORICAL_CONTRACT_SEE_MANIFEST,6,AVAILABLE,terminal_H,clip_0_1,3850,0.11640755169319152,0.06951546898457973,2eb933ac6800f4cd560e9899c2a7b5eaa24b4b4f7622a16ea650a14736ddff8e
forward_residual_transfer_v1,P_IS_BC,20260916,HISTORICAL_CONTRACT_SEE_MANIFEST,6,AVAILABLE,path_1_to_H,raw,23100,0.1174548308069981,0.06559150906754202,2eb933ac6800f4cd560e9899c2a7b5eaa24b4b4f7622a16ea650a14736ddff8e
forward_residual_transfer_v1,P_IS_BC,20260916,HISTORICAL_CONTRACT_SEE_MANIFEST,6,AVAILABLE,path_1_to_H,clip_0_1,23100,0.11737342286510338,0.06550241038226025,2eb933ac6800f4cd560e9899c2a7b5eaa24b4b4f7622a16ea650a14736ddff8e
forward_residual_transfer_v1,P_IS_BC,20260916,HISTORICAL_CONTRACT_SEE_MANIFEST,9,AVAILABLE,terminal_H,raw,3850,0.11615512820211435,0.07616005552945443,2eb933ac6800f4cd560e9899c2a7b5eaa24b4b4f7622a16ea650a14736ddff8e
forward_residual_transfer_v1,P_IS_BC,20260916,HISTORICAL_CONTRACT_SEE_MANIFEST,9,AVAILABLE,terminal_H,clip_0_1,3850,0.116123809158607,0.0761153601056315,2eb933ac6800f4cd560e9899c2a7b5eaa24b4b4f7622a16ea650a14736ddff8e
forward_residual_transfer_v1,P_IS_BC,20260916,HISTORICAL_CONTRACT_SEE_MANIFEST,9,AVAILABLE,path_1_to_H,raw,34650,0.11694219777974202,0.06809593213337414,2eb933ac6800f4cd560e9899c2a7b5eaa24b4b4f7622a16ea650a14736ddff8e
forward_residual_transfer_v1,P_IS_BC,20260916,HISTORICAL_CONTRACT_SEE_MANIFEST,9,AVAILABLE,path_1_to_H,clip_0_1,34650,0.11687744294632146,0.06801975294038855,2eb933ac6800f4cd560e9899c2a7b5eaa24b4b4f7622a16ea650a14736ddff8e
forward_residual_transfer_v1,P_IS_BC,20260916,HISTORICAL_CONTRACT_SEE_MANIFEST,12,AVAILABLE,terminal_H,raw,3850,0.12112134293969408,0.07927100651755255,2eb933ac6800f4cd560e9899c2a7b5eaa24b4b4f7622a16ea650a14736ddff8e
forward_residual_transfer_v1,P_IS_BC,20260916,HISTORICAL_CONTRACT_SEE_MANIFEST,12,AVAILABLE,terminal_H,clip_0_1,3850,0.12110433900636322,0.07923512637748893,2eb933ac6800f4cd560e9899c2a7b5eaa24b4b4f7622a16ea650a14736ddff8e
forward_residual_transfer_v1,P_IS_BC,20260916,HISTORICAL_CONTRACT_SEE_MANIFEST,12,AVAILABLE,path_1_to_H,raw,46200,0.11775745632747438,0.07063932578797395,2eb933ac6800f4cd560e9899c2a7b5eaa24b4b4f7622a16ea650a14736ddff8e
forward_residual_transfer_v1,P_IS_BC,20260916,HISTORICAL_CONTRACT_SEE_MANIFEST,12,AVAILABLE,path_1_to_H,clip_0_1,46200,0.11770227749141432,0.07057104491698038,2eb933ac6800f4cd560e9899c2a7b5eaa24b4b4f7622a16ea650a14736ddff8e
forward_residual_transfer_v1,P_IS_BC,20260917,HISTORICAL_CONTRACT_SEE_MANIFEST,3,AVAILABLE,terminal_H,raw,3850,0.11080545980017033,0.06443121009760068,dcee4af8f0faad9a74096d35431009100c6f08705c1046d34053e81a9f5159eb
forward_residual_transfer_v1,P_IS_BC,20260917,HISTORICAL_CONTRACT_SEE_MANIFEST,3,AVAILABLE,terminal_H,clip_0_1,3850,0.11067976271046756,0.06438958320308395,dcee4af8f0faad9a74096d35431009100c6f08705c1046d34053e81a9f5159eb
forward_residual_transfer_v1,P_IS_BC,20260917,HISTORICAL_CONTRACT_SEE_MANIFEST,3,AVAILABLE,path_1_to_H,raw,11550,0.10949101020580286,0.05969982446381698,dcee4af8f0faad9a74096d35431009100c6f08705c1046d34053e81a9f5159eb
forward_residual_transfer_v1,P_IS_BC,20260917,HISTORICAL_CONTRACT_SEE_MANIFEST,3,AVAILABLE,path_1_to_H,clip_0_1,11550,0.10939589510809176,0.05963158093080172,dcee4af8f0faad9a74096d35431009100c6f08705c1046d34053e81a9f5159eb
forward_residual_transfer_v1,P_IS_BC,20260917,HISTORICAL_CONTRACT_SEE_MANIFEST,6,AVAILABLE,terminal_H,raw,3850,0.1176858194060567,0.07122758599956307,dcee4af8f0faad9a74096d35431009100c6f08705c1046d34053e81a9f5159eb
forward_residual_transfer_v1,P_IS_BC,20260917,HISTORICAL_CONTRACT_SEE_MANIFEST,6,AVAILABLE,terminal_H,clip_0_1,3850,0.11767495045934388,0.07119345913947678,dcee4af8f0faad9a74096d35431009100c6f08705c1046d34053e81a9f5159eb
forward_residual_transfer_v1,P_IS_BC,20260917,HISTORICAL_CONTRACT_SEE_MANIFEST,6,AVAILABLE,path_1_to_H,raw,23100,0.1184342054972248,0.06670307007182161,dcee4af8f0faad9a74096d35431009100c6f08705c1046d34053e81a9f5159eb
forward_residual_transfer_v1,P_IS_BC,20260917,HISTORICAL_CONTRACT_SEE_MANIFEST,6,AVAILABLE,path_1_to_H,clip_0_1,23100,0.1183845587337228,0.06665517483185551,dcee4af8f0faad9a74096d35431009100c6f08705c1046d34053e81a9f5159eb
forward_residual_transfer_v1,P_IS_BC,20260917,HISTORICAL_CONTRACT_SEE_MANIFEST,9,AVAILABLE,terminal_H,raw,3850,0.11814437473309732,0.07795700179082533,dcee4af8f0faad9a74096d35431009100c6f08705c1046d34053e81a9f5159eb
forward_residual_transfer_v1,P_IS_BC,20260917,HISTORICAL_CONTRACT_SEE_MANIFEST,9,AVAILABLE,terminal_H,clip_0_1,3850,0.11813251209452443,0.07791936792338912,dcee4af8f0faad9a74096d35431009100c6f08705c1046d34053e81a9f5159eb
forward_residual_transfer_v1,P_IS_BC,20260917,HISTORICAL_CONTRACT_SEE_MANIFEST,9,AVAILABLE,path_1_to_H,raw,34650,0.11820048220431698,0.06940862301551783,dcee4af8f0faad9a74096d35431009100c6f08705c1046d34053e81a9f5159eb
forward_residual_transfer_v1,P_IS_BC,20260917,HISTORICAL_CONTRACT_SEE_MANIFEST,9,AVAILABLE,path_1_to_H,clip_0_1,34650,0.11816347795519974,0.06936516277383277,dcee4af8f0faad9a74096d35431009100c6f08705c1046d34053e81a9f5159eb
forward_residual_transfer_v1,P_IS_BC,20260917,HISTORICAL_CONTRACT_SEE_MANIFEST,12,AVAILABLE,terminal_H,raw,3850,0.12216308243846187,0.08007716273482078,dcee4af8f0faad9a74096d35431009100c6f08705c1046d34053e81a9f5159eb
forward_residual_transfer_v1,P_IS_BC,20260917,HISTORICAL_CONTRACT_SEE_MANIFEST,12,AVAILABLE,terminal_H,clip_0_1,3850,0.12214046851775981,0.08002504700517749,dcee4af8f0faad9a74096d35431009100c6f08705c1046d34053e81a9f5159eb
forward_residual_transfer_v1,P_IS_BC,20260917,HISTORICAL_CONTRACT_SEE_MANIFEST,12,AVAILABLE,path_1_to_H,raw,46200,0.11898074913356024,0.07186547010797296,dcee4af8f0faad9a74096d35431009100c6f08705c1046d34053e81a9f5159eb
forward_residual_transfer_v1,P_IS_BC,20260917,HISTORICAL_CONTRACT_SEE_MANIFEST,12,AVAILABLE,path_1_to_H,clip_0_1,46200,0.11894581331268794,0.07182080090748062,dcee4af8f0faad9a74096d35431009100c6f08705c1046d34053e81a9f5159eb
forward_residual_transfer_v1,P_FWD_BC,20260915,HISTORICAL_CONTRACT_SEE_MANIFEST,3,AVAILABLE,terminal_H,raw,3850,0.10887039335131089,0.06275004621150433,91dd402bf3df8a3dbdaa30b7a77c38e085c68b2a77d75c5a6ef0c97d3cd61578
forward_residual_transfer_v1,P_FWD_BC,20260915,HISTORICAL_CONTRACT_SEE_MANIFEST,3,AVAILABLE,terminal_H,clip_0_1,3850,0.10886780811190436,0.06273469880252884,91dd402bf3df8a3dbdaa30b7a77c38e085c68b2a77d75c5a6ef0c97d3cd61578
forward_residual_transfer_v1,P_FWD_BC,20260915,HISTORICAL_CONTRACT_SEE_MANIFEST,3,AVAILABLE,path_1_to_H,raw,11550,0.10844216983936744,0.058215197733632706,91dd402bf3df8a3dbdaa30b7a77c38e085c68b2a77d75c5a6ef0c97d3cd61578
forward_residual_transfer_v1,P_FWD_BC,20260915,HISTORICAL_CONTRACT_SEE_MANIFEST,3,AVAILABLE,path_1_to_H,clip_0_1,11550,0.10843753341885691,0.05819006858839025,91dd402bf3df8a3dbdaa30b7a77c38e085c68b2a77d75c5a6ef0c97d3cd61578
forward_residual_transfer_v1,P_FWD_BC,20260915,HISTORICAL_CONTRACT_SEE_MANIFEST,6,AVAILABLE,terminal_H,raw,3850,0.11250546994246287,0.0665814280472109,91dd402bf3df8a3dbdaa30b7a77c38e085c68b2a77d75c5a6ef0c97d3cd61578
forward_residual_transfer_v1,P_FWD_BC,20260915,HISTORICAL_CONTRACT_SEE_MANIFEST,6,AVAILABLE,terminal_H,clip_0_1,3850,0.11250526267504261,0.06657595630038025,91dd402bf3df8a3dbdaa30b7a77c38e085c68b2a77d75c5a6ef0c97d3cd61578
forward_residual_transfer_v1,P_FWD_BC,20260915,HISTORICAL_CONTRACT_SEE_MANIFEST,6,AVAILABLE,path_1_to_H,raw,23100,0.11573379773837021,0.0641401073633475,91dd402bf3df8a3dbdaa30b7a77c38e085c68b2a77d75c5a6ef0c97d3cd61578
forward_residual_transfer_v1,P_FWD_BC,20260915,HISTORICAL_CONTRACT_SEE_MANIFEST,6,AVAILABLE,path_1_to_H,clip_0_1,23100,0.11573146002772243,0.06412423873220525,91dd402bf3df8a3dbdaa30b7a77c38e085c68b2a77d75c5a6ef0c97d3cd61578
forward_residual_transfer_v1,P_FWD_BC,20260915,HISTORICAL_CONTRACT_SEE_MANIFEST,9,AVAILABLE,terminal_H,raw,3850,0.10869267033876627,0.07002267576815444,91dd402bf3df8a3dbdaa30b7a77c38e085c68b2a77d75c5a6ef0c97d3cd61578
forward_residual_transfer_v1,P_FWD_BC,20260915,HISTORICAL_CONTRACT_SEE_MANIFEST,9,AVAILABLE,terminal_H,clip_0_1,3850,0.10869232862842484,0.07001665524068995,91dd402bf3df8a3dbdaa30b7a77c38e085c68b2a77d75c5a6ef0c97d3cd61578
forward_residual_transfer_v1,P_FWD_BC,20260915,HISTORICAL_CONTRACT_SEE_MANIFEST,9,AVAILABLE,path_1_to_H,raw,34650,0.11380050957884068,0.0655027878658581,91dd402bf3df8a3dbdaa30b7a77c38e085c68b2a77d75c5a6ef0c97d3cd61578
forward_residual_transfer_v1,P_FWD_BC,20260915,HISTORICAL_CONTRACT_SEE_MANIFEST,9,AVAILABLE,path_1_to_H,clip_0_1,34650,0.11379886871626999,0.06549087750715707,91dd402bf3df8a3dbdaa30b7a77c38e085c68b2a77d75c5a6ef0c97d3cd61578
forward_residual_transfer_v1,P_FWD_BC,20260915,HISTORICAL_CONTRACT_SEE_MANIFEST,12,AVAILABLE,terminal_H,raw,3850,0.11451864758001216,0.07462423058099567,91dd402bf3df8a3dbdaa30b7a77c38e085c68b2a77d75c5a6ef0c97d3cd61578
forward_residual_transfer_v1,P_FWD_BC,20260915,HISTORICAL_CONTRACT_SEE_MANIFEST,12,AVAILABLE,terminal_H,clip_0_1,3850,0.11451219890044605,0.0746072320687806,91dd402bf3df8a3dbdaa30b7a77c38e085c68b2a77d75c5a6ef0c97d3cd61578
forward_residual_transfer_v1,P_FWD_BC,20260915,HISTORICAL_CONTRACT_SEE_MANIFEST,12,AVAILABLE,path_1_to_H,raw,46200,0.1137195144299465,0.06743035463423697,91dd402bf3df8a3dbdaa30b7a77c38e085c68b2a77d75c5a6ef0c97d3cd61578
forward_residual_transfer_v1,P_FWD_BC,20260915,HISTORICAL_CONTRACT_SEE_MANIFEST,12,AVAILABLE,path_1_to_H,clip_0_1,46200,0.11371613644994719,0.06741728765730044,91dd402bf3df8a3dbdaa30b7a77c38e085c68b2a77d75c5a6ef0c97d3cd61578
forward_residual_transfer_v1,P_FWD_BC,20260916,HISTORICAL_CONTRACT_SEE_MANIFEST,3,AVAILABLE,terminal_H,raw,3850,0.10887039335131089,0.06275004621150433,91dd402bf3df8a3dbdaa30b7a77c38e085c68b2a77d75c5a6ef0c97d3cd61578
forward_residual_transfer_v1,P_FWD_BC,20260916,HISTORICAL_CONTRACT_SEE_MANIFEST,3,AVAILABLE,terminal_H,clip_0_1,3850,0.10886780811190436,0.06273469880252884,91dd402bf3df8a3dbdaa30b7a77c38e085c68b2a77d75c5a6ef0c97d3cd61578
forward_residual_transfer_v1,P_FWD_BC,20260916,HISTORICAL_CONTRACT_SEE_MANIFEST,3,AVAILABLE,path_1_to_H,raw,11550,0.10844216983936744,0.058215197733632706,91dd402bf3df8a3dbdaa30b7a77c38e085c68b2a77d75c5a6ef0c97d3cd61578
forward_residual_transfer_v1,P_FWD_BC,20260916,HISTORICAL_CONTRACT_SEE_MANIFEST,3,AVAILABLE,path_1_to_H,clip_0_1,11550,0.10843753341885691,0.05819006858839025,91dd402bf3df8a3dbdaa30b7a77c38e085c68b2a77d75c5a6ef0c97d3cd61578
forward_residual_transfer_v1,P_FWD_BC,20260916,HISTORICAL_CONTRACT_SEE_MANIFEST,6,AVAILABLE,terminal_H,raw,3850,0.11250546994246287,0.0665814280472109,91dd402bf3df8a3dbdaa30b7a77c38e085c68b2a77d75c5a6ef0c97d3cd61578
forward_residual_transfer_v1,P_FWD_BC,20260916,HISTORICAL_CONTRACT_SEE_MANIFEST,6,AVAILABLE,terminal_H,clip_0_1,3850,0.11250526267504261,0.06657595630038025,91dd402bf3df8a3dbdaa30b7a77c38e085c68b2a77d75c5a6ef0c97d3cd61578
forward_residual_transfer_v1,P_FWD_BC,20260916,HISTORICAL_CONTRACT_SEE_MANIFEST,6,AVAILABLE,path_1_to_H,raw,23100,0.11573379773837021,0.0641401073633475,91dd402bf3df8a3dbdaa30b7a77c38e085c68b2a77d75c5a6ef0c97d3cd61578
forward_residual_transfer_v1,P_FWD_BC,20260916,HISTORICAL_CONTRACT_SEE_MANIFEST,6,AVAILABLE,path_1_to_H,clip_0_1,23100,0.11573146002772243,0.06412423873220525,91dd402bf3df8a3dbdaa30b7a77c38e085c68b2a77d75c5a6ef0c97d3cd61578
forward_residual_transfer_v1,P_FWD_BC,20260916,HISTORICAL_CONTRACT_SEE_MANIFEST,9,AVAILABLE,terminal_H,raw,3850,0.10869267033876627,0.07002267576815444,91dd402bf3df8a3dbdaa30b7a77c38e085c68b2a77d75c5a6ef0c97d3cd61578
forward_residual_transfer_v1,P_FWD_BC,20260916,HISTORICAL_CONTRACT_SEE_MANIFEST,9,AVAILABLE,terminal_H,clip_0_1,3850,0.10869232862842484,0.07001665524068995,91dd402bf3df8a3dbdaa30b7a77c38e085c68b2a77d75c5a6ef0c97d3cd61578
forward_residual_transfer_v1,P_FWD_BC,20260916,HISTORICAL_CONTRACT_SEE_MANIFEST,9,AVAILABLE,path_1_to_H,raw,34650,0.11380050957884068,0.0655027878658581,91dd402bf3df8a3dbdaa30b7a77c38e085c68b2a77d75c5a6ef0c97d3cd61578
forward_residual_transfer_v1,P_FWD_BC,20260916,HISTORICAL_CONTRACT_SEE_MANIFEST,9,AVAILABLE,path_1_to_H,clip_0_1,34650,0.11379886871626999,0.06549087750715707,91dd402bf3df8a3dbdaa30b7a77c38e085c68b2a77d75c5a6ef0c97d3cd61578
forward_residual_transfer_v1,P_FWD_BC,20260916,HISTORICAL_CONTRACT_SEE_MANIFEST,12,AVAILABLE,terminal_H,raw,3850,0.11451864758001216,0.07462423058099567,91dd402bf3df8a3dbdaa30b7a77c38e085c68b2a77d75c5a6ef0c97d3cd61578
forward_residual_transfer_v1,P_FWD_BC,20260916,HISTORICAL_CONTRACT_SEE_MANIFEST,12,AVAILABLE,terminal_H,clip_0_1,3850,0.11451219890044605,0.0746072320687806,91dd402bf3df8a3dbdaa30b7a77c38e085c68b2a77d75c5a6ef0c97d3cd61578
forward_residual_transfer_v1,P_FWD_BC,20260916,HISTORICAL_CONTRACT_SEE_MANIFEST,12,AVAILABLE,path_1_to_H,raw,46200,0.1137195144299465,0.06743035463423697,91dd402bf3df8a3dbdaa30b7a77c38e085c68b2a77d75c5a6ef0c97d3cd61578
forward_residual_transfer_v1,P_FWD_BC,20260916,HISTORICAL_CONTRACT_SEE_MANIFEST,12,AVAILABLE,path_1_to_H,clip_0_1,46200,0.11371613644994719,0.06741728765730044,91dd402bf3df8a3dbdaa30b7a77c38e085c68b2a77d75c5a6ef0c97d3cd61578
forward_residual_transfer_v1,P_FWD_BC,20260917,HISTORICAL_CONTRACT_SEE_MANIFEST,3,AVAILABLE,terminal_H,raw,3850,0.10887039335131089,0.06275004621150433,91dd402bf3df8a3dbdaa30b7a77c38e085c68b2a77d75c5a6ef0c97d3cd61578
forward_residual_transfer_v1,P_FWD_BC,20260917,HISTORICAL_CONTRACT_SEE_MANIFEST,3,AVAILABLE,terminal_H,clip_0_1,3850,0.10886780811190436,0.06273469880252884,91dd402bf3df8a3dbdaa30b7a77c38e085c68b2a77d75c5a6ef0c97d3cd61578
forward_residual_transfer_v1,P_FWD_BC,20260917,HISTORICAL_CONTRACT_SEE_MANIFEST,3,AVAILABLE,path_1_to_H,raw,11550,0.10844216983936744,0.058215197733632706,91dd402bf3df8a3dbdaa30b7a77c38e085c68b2a77d75c5a6ef0c97d3cd61578
forward_residual_transfer_v1,P_FWD_BC,20260917,HISTORICAL_CONTRACT_SEE_MANIFEST,3,AVAILABLE,path_1_to_H,clip_0_1,11550,0.10843753341885691,0.05819006858839025,91dd402bf3df8a3dbdaa30b7a77c38e085c68b2a77d75c5a6ef0c97d3cd61578
forward_residual_transfer_v1,P_FWD_BC,20260917,HISTORICAL_CONTRACT_SEE_MANIFEST,6,AVAILABLE,terminal_H,raw,3850,0.11250546994246287,0.0665814280472109,91dd402bf3df8a3dbdaa30b7a77c38e085c68b2a77d75c5a6ef0c97d3cd61578
forward_residual_transfer_v1,P_FWD_BC,20260917,HISTORICAL_CONTRACT_SEE_MANIFEST,6,AVAILABLE,terminal_H,clip_0_1,3850,0.11250526267504261,0.06657595630038025,91dd402bf3df8a3dbdaa30b7a77c38e085c68b2a77d75c5a6ef0c97d3cd61578
forward_residual_transfer_v1,P_FWD_BC,20260917,HISTORICAL_CONTRACT_SEE_MANIFEST,6,AVAILABLE,path_1_to_H,raw,23100,0.11573379773837021,0.0641401073633475,91dd402bf3df8a3dbdaa30b7a77c38e085c68b2a77d75c5a6ef0c97d3cd61578
forward_residual_transfer_v1,P_FWD_BC,20260917,HISTORICAL_CONTRACT_SEE_MANIFEST,6,AVAILABLE,path_1_to_H,clip_0_1,23100,0.11573146002772243,0.06412423873220525,91dd402bf3df8a3dbdaa30b7a77c38e085c68b2a77d75c5a6ef0c97d3cd61578
forward_residual_transfer_v1,P_FWD_BC,20260917,HISTORICAL_CONTRACT_SEE_MANIFEST,9,AVAILABLE,terminal_H,raw,3850,0.10869267033876627,0.07002267576815444,91dd402bf3df8a3dbdaa30b7a77c38e085c68b2a77d75c5a6ef0c97d3cd61578
forward_residual_transfer_v1,P_FWD_BC,20260917,HISTORICAL_CONTRACT_SEE_MANIFEST,9,AVAILABLE,terminal_H,clip_0_1,3850,0.10869232862842484,0.07001665524068995,91dd402bf3df8a3dbdaa30b7a77c38e085c68b2a77d75c5a6ef0c97d3cd61578
forward_residual_transfer_v1,P_FWD_BC,20260917,HISTORICAL_CONTRACT_SEE_MANIFEST,9,AVAILABLE,path_1_to_H,raw,34650,0.11380050957884068,0.0655027878658581,91dd402bf3df8a3dbdaa30b7a77c38e085c68b2a77d75c5a6ef0c97d3cd61578
forward_residual_transfer_v1,P_FWD_BC,20260917,HISTORICAL_CONTRACT_SEE_MANIFEST,9,AVAILABLE,path_1_to_H,clip_0_1,34650,0.11379886871626999,0.06549087750715707,91dd402bf3df8a3dbdaa30b7a77c38e085c68b2a77d75c5a6ef0c97d3cd61578
forward_residual_transfer_v1,P_FWD_BC,20260917,HISTORICAL_CONTRACT_SEE_MANIFEST,12,AVAILABLE,terminal_H,raw,3850,0.11451864758001216,0.07462423058099567,91dd402bf3df8a3dbdaa30b7a77c38e085c68b2a77d75c5a6ef0c97d3cd61578
forward_residual_transfer_v1,P_FWD_BC,20260917,HISTORICAL_CONTRACT_SEE_MANIFEST,12,AVAILABLE,terminal_H,clip_0_1,3850,0.11451219890044605,0.0746072320687806,91dd402bf3df8a3dbdaa30b7a77c38e085c68b2a77d75c5a6ef0c97d3cd61578
forward_residual_transfer_v1,P_FWD_BC,20260917,HISTORICAL_CONTRACT_SEE_MANIFEST,12,AVAILABLE,path_1_to_H,raw,46200,0.1137195144299465,0.06743035463423697,91dd402bf3df8a3dbdaa30b7a77c38e085c68b2a77d75c5a6ef0c97d3cd61578
forward_residual_transfer_v1,P_FWD_BC,20260917,HISTORICAL_CONTRACT_SEE_MANIFEST,12,AVAILABLE,path_1_to_H,clip_0_1,46200,0.11371613644994719,0.06741728765730044,91dd402bf3df8a3dbdaa30b7a77c38e085c68b2a77d75c5a6ef0c97d3cd61578
forward_residual_transfer_v1,C_IS_BC,20260915,HISTORICAL_CONTRACT_SEE_MANIFEST,3,AVAILABLE,terminal_H,raw,3850,0.11088877585544112,0.06341026508829564,7ed2210e34cbc8b39765f9c1ea8bf4c527b72ff35dbe467dd23bb1d866994155
forward_residual_transfer_v1,C_IS_BC,20260915,HISTORICAL_CONTRACT_SEE_MANIFEST,3,AVAILABLE,terminal_H,clip_0_1,3850,0.11087817925721606,0.0633815519935105,7ed2210e34cbc8b39765f9c1ea8bf4c527b72ff35dbe467dd23bb1d866994155
forward_residual_transfer_v1,C_IS_BC,20260915,HISTORICAL_CONTRACT_SEE_MANIFEST,3,AVAILABLE,path_1_to_H,raw,11550,0.109779764322692,0.058858147464461816,7ed2210e34cbc8b39765f9c1ea8bf4c527b72ff35dbe467dd23bb1d866994155
forward_residual_transfer_v1,C_IS_BC,20260915,HISTORICAL_CONTRACT_SEE_MANIFEST,3,AVAILABLE,path_1_to_H,clip_0_1,11550,0.10976953204882321,0.05882317517737907,7ed2210e34cbc8b39765f9c1ea8bf4c527b72ff35dbe467dd23bb1d866994155
forward_residual_transfer_v1,C_IS_BC,20260915,HISTORICAL_CONTRACT_SEE_MANIFEST,6,AVAILABLE,terminal_H,raw,3850,0.1160897003188578,0.06808646982197919,7ed2210e34cbc8b39765f9c1ea8bf4c527b72ff35dbe467dd23bb1d866994155
forward_residual_transfer_v1,C_IS_BC,20260915,HISTORICAL_CONTRACT_SEE_MANIFEST,6,AVAILABLE,terminal_H,clip_0_1,3850,0.11608398962890801,0.06806115877809184,7ed2210e34cbc8b39765f9c1ea8bf4c527b72ff35dbe467dd23bb1d866994155
forward_residual_transfer_v1,C_IS_BC,20260915,HISTORICAL_CONTRACT_SEE_MANIFEST,6,AVAILABLE,path_1_to_H,raw,23100,0.11813517558533704,0.0650485130475371,7ed2210e34cbc8b39765f9c1ea8bf4c527b72ff35dbe467dd23bb1d866994155
forward_residual_transfer_v1,C_IS_BC,20260915,HISTORICAL_CONTRACT_SEE_MANIFEST,6,AVAILABLE,path_1_to_H,clip_0_1,23100,0.11812817422075889,0.06501910977045902,7ed2210e34cbc8b39765f9c1ea8bf4c527b72ff35dbe467dd23bb1d866994155
forward_residual_transfer_v1,C_IS_BC,20260915,HISTORICAL_CONTRACT_SEE_MANIFEST,9,AVAILABLE,terminal_H,raw,3850,0.11288348970156728,0.07279613336415455,7ed2210e34cbc8b39765f9c1ea8bf4c527b72ff35dbe467dd23bb1d866994155
forward_residual_transfer_v1,C_IS_BC,20260915,HISTORICAL_CONTRACT_SEE_MANIFEST,9,AVAILABLE,terminal_H,clip_0_1,3850,0.1128821767136139,0.07277837162746552,7ed2210e34cbc8b39765f9c1ea8bf4c527b72ff35dbe467dd23bb1d866994155
forward_residual_transfer_v1,C_IS_BC,20260915,HISTORICAL_CONTRACT_SEE_MANIFEST,9,AVAILABLE,path_1_to_H,raw,34650,0.11677170046741119,0.06694135727777115,7ed2210e34cbc8b39765f9c1ea8bf4c527b72ff35dbe467dd23bb1d866994155
forward_residual_transfer_v1,C_IS_BC,20260915,HISTORICAL_CONTRACT_SEE_MANIFEST,9,AVAILABLE,path_1_to_H,clip_0_1,34650,0.11676656146462425,0.0669171089236346,7ed2210e34cbc8b39765f9c1ea8bf4c527b72ff35dbe467dd23bb1d866994155
forward_residual_transfer_v1,C_IS_BC,20260915,HISTORICAL_CONTRACT_SEE_MANIFEST,12,AVAILABLE,terminal_H,raw,3850,0.11832352230867196,0.07655108785183748,7ed2210e34cbc8b39765f9c1ea8bf4c527b72ff35dbe467dd23bb1d866994155
forward_residual_transfer_v1,C_IS_BC,20260915,HISTORICAL_CONTRACT_SEE_MANIFEST,12,AVAILABLE,terminal_H,clip_0_1,3850,0.11831916933530047,0.07653740488417046,7ed2210e34cbc8b39765f9c1ea8bf4c527b72ff35dbe467dd23bb1d866994155
forward_residual_transfer_v1,C_IS_BC,20260915,HISTORICAL_CONTRACT_SEE_MANIFEST,12,AVAILABLE,path_1_to_H,raw,46200,0.11687725774641217,0.06900701151567397,7ed2210e34cbc8b39765f9c1ea8bf4c527b72ff35dbe467dd23bb1d866994155
forward_residual_transfer_v1,C_IS_BC,20260915,HISTORICAL_CONTRACT_SEE_MANIFEST,12,AVAILABLE,path_1_to_H,clip_0_1,46200,0.11687260347632585,0.06898621642148206,7ed2210e34cbc8b39765f9c1ea8bf4c527b72ff35dbe467dd23bb1d866994155
forward_residual_transfer_v1,C_IS_BC,20260916,HISTORICAL_CONTRACT_SEE_MANIFEST,3,AVAILABLE,terminal_H,raw,3850,0.1082450448812548,0.06271613660316375,99e0b958812bbeb58f6266e529fe23bff38fec3d28d26fc226b110c0e8ba60db
forward_residual_transfer_v1,C_IS_BC,20260916,HISTORICAL_CONTRACT_SEE_MANIFEST,3,AVAILABLE,terminal_H,clip_0_1,3850,0.10824211786110627,0.0627071323246851,99e0b958812bbeb58f6266e529fe23bff38fec3d28d26fc226b110c0e8ba60db
forward_residual_transfer_v1,C_IS_BC,20260916,HISTORICAL_CONTRACT_SEE_MANIFEST,3,AVAILABLE,path_1_to_H,raw,11550,0.10789722727691448,0.05855014758760424,99e0b958812bbeb58f6266e529fe23bff38fec3d28d26fc226b110c0e8ba60db
forward_residual_transfer_v1,C_IS_BC,20260916,HISTORICAL_CONTRACT_SEE_MANIFEST,3,AVAILABLE,path_1_to_H,clip_0_1,11550,0.1078906399258642,0.0585237241902812,99e0b958812bbeb58f6266e529fe23bff38fec3d28d26fc226b110c0e8ba60db
forward_residual_transfer_v1,C_IS_BC,20260916,HISTORICAL_CONTRACT_SEE_MANIFEST,6,AVAILABLE,terminal_H,raw,3850,0.11252661823889325,0.06700897621633667,99e0b958812bbeb58f6266e529fe23bff38fec3d28d26fc226b110c0e8ba60db
forward_residual_transfer_v1,C_IS_BC,20260916,HISTORICAL_CONTRACT_SEE_MANIFEST,6,AVAILABLE,terminal_H,clip_0_1,3850,0.11252620124230638,0.06700431443692699,99e0b958812bbeb58f6266e529fe23bff38fec3d28d26fc226b110c0e8ba60db
forward_residual_transfer_v1,C_IS_BC,20260916,HISTORICAL_CONTRACT_SEE_MANIFEST,6,AVAILABLE,path_1_to_H,raw,23100,0.11535656165580135,0.06438379488444873,99e0b958812bbeb58f6266e529fe23bff38fec3d28d26fc226b110c0e8ba60db
forward_residual_transfer_v1,C_IS_BC,20260916,HISTORICAL_CONTRACT_SEE_MANIFEST,6,AVAILABLE,path_1_to_H,clip_0_1,23100,0.11535279983388214,0.06436652620281258,99e0b958812bbeb58f6266e529fe23bff38fec3d28d26fc226b110c0e8ba60db
forward_residual_transfer_v1,C_IS_BC,20260916,HISTORICAL_CONTRACT_SEE_MANIFEST,9,AVAILABLE,terminal_H,raw,3850,0.11027384668460195,0.07223764114956453,99e0b958812bbeb58f6266e529fe23bff38fec3d28d26fc226b110c0e8ba60db
forward_residual_transfer_v1,C_IS_BC,20260916,HISTORICAL_CONTRACT_SEE_MANIFEST,9,AVAILABLE,terminal_H,clip_0_1,3850,0.11027171943662162,0.07222941789840617,99e0b958812bbeb58f6266e529fe23bff38fec3d28d26fc226b110c0e8ba60db
forward_residual_transfer_v1,C_IS_BC,20260916,HISTORICAL_CONTRACT_SEE_MANIFEST,9,AVAILABLE,path_1_to_H,raw,34650,0.1139212748886423,0.06625174767402028,99e0b958812bbeb58f6266e529fe23bff38fec3d28d26fc226b110c0e8ba60db
forward_residual_transfer_v1,C_IS_BC,20260916,HISTORICAL_CONTRACT_SEE_MANIFEST,9,AVAILABLE,path_1_to_H,clip_0_1,34650,0.1139184948456051,0.06623894691887684,99e0b958812bbeb58f6266e529fe23bff38fec3d28d26fc226b110c0e8ba60db
forward_residual_transfer_v1,C_IS_BC,20260916,HISTORICAL_CONTRACT_SEE_MANIFEST,12,AVAILABLE,terminal_H,raw,3850,0.1162001330779347,0.07641668925405475,99e0b958812bbeb58f6266e529fe23bff38fec3d28d26fc226b110c0e8ba60db
forward_residual_transfer_v1,C_IS_BC,20260916,HISTORICAL_CONTRACT_SEE_MANIFEST,12,AVAILABLE,terminal_H,clip_0_1,3850,0.1161930148843106,0.07639811752851478,99e0b958812bbeb58f6266e529fe23bff38fec3d28d26fc226b110c0e8ba60db
forward_residual_transfer_v1,C_IS_BC,20260916,HISTORICAL_CONTRACT_SEE_MANIFEST,12,AVAILABLE,path_1_to_H,raw,46200,0.11418468890448083,0.06843849224499383,99e0b958812bbeb58f6266e529fe23bff38fec3d28d26fc226b110c0e8ba60db
forward_residual_transfer_v1,C_IS_BC,20260916,HISTORICAL_CONTRACT_SEE_MANIFEST,12,AVAILABLE,path_1_to_H,clip_0_1,46200,0.11418014479471542,0.06842416355439271,99e0b958812bbeb58f6266e529fe23bff38fec3d28d26fc226b110c0e8ba60db
forward_residual_transfer_v1,C_IS_BC,20260917,HISTORICAL_CONTRACT_SEE_MANIFEST,3,AVAILABLE,terminal_H,raw,3850,0.10978605381090724,0.0628705717605541,662eb9eb1864e1ffc4ba884ca1a17cd4235a4d4bec36503f2f899324468b8384
forward_residual_transfer_v1,C_IS_BC,20260917,HISTORICAL_CONTRACT_SEE_MANIFEST,3,AVAILABLE,terminal_H,clip_0_1,3850,0.10977641356886496,0.06284113312987039,662eb9eb1864e1ffc4ba884ca1a17cd4235a4d4bec36503f2f899324468b8384
forward_residual_transfer_v1,C_IS_BC,20260917,HISTORICAL_CONTRACT_SEE_MANIFEST,3,AVAILABLE,path_1_to_H,raw,11550,0.10880629078023778,0.058263932287932405,662eb9eb1864e1ffc4ba884ca1a17cd4235a4d4bec36503f2f899324468b8384
forward_residual_transfer_v1,C_IS_BC,20260917,HISTORICAL_CONTRACT_SEE_MANIFEST,3,AVAILABLE,path_1_to_H,clip_0_1,11550,0.1087906632903735,0.05821842150863072,662eb9eb1864e1ffc4ba884ca1a17cd4235a4d4bec36503f2f899324468b8384
forward_residual_transfer_v1,C_IS_BC,20260917,HISTORICAL_CONTRACT_SEE_MANIFEST,6,AVAILABLE,terminal_H,raw,3850,0.11457577090017054,0.06739066697893896,662eb9eb1864e1ffc4ba884ca1a17cd4235a4d4bec36503f2f899324468b8384
forward_residual_transfer_v1,C_IS_BC,20260917,HISTORICAL_CONTRACT_SEE_MANIFEST,6,AVAILABLE,terminal_H,clip_0_1,3850,0.1145656373719231,0.06735074059554805,662eb9eb1864e1ffc4ba884ca1a17cd4235a4d4bec36503f2f899324468b8384
forward_residual_transfer_v1,C_IS_BC,20260917,HISTORICAL_CONTRACT_SEE_MANIFEST,6,AVAILABLE,path_1_to_H,raw,23100,0.11696224687374493,0.06450437869930084,662eb9eb1864e1ffc4ba884ca1a17cd4235a4d4bec36503f2f899324468b8384
forward_residual_transfer_v1,C_IS_BC,20260917,HISTORICAL_CONTRACT_SEE_MANIFEST,6,AVAILABLE,path_1_to_H,clip_0_1,23100,0.11695096043494452,0.06446432944824258,662eb9eb1864e1ffc4ba884ca1a17cd4235a4d4bec36503f2f899324468b8384
forward_residual_transfer_v1,C_IS_BC,20260917,HISTORICAL_CONTRACT_SEE_MANIFEST,9,AVAILABLE,terminal_H,raw,3850,0.11121281390082308,0.0714298079966863,662eb9eb1864e1ffc4ba884ca1a17cd4235a4d4bec36503f2f899324468b8384
forward_residual_transfer_v1,C_IS_BC,20260917,HISTORICAL_CONTRACT_SEE_MANIFEST,9,AVAILABLE,terminal_H,clip_0_1,3850,0.11120112757528423,0.0713975347514995,662eb9eb1864e1ffc4ba884ca1a17cd4235a4d4bec36503f2f899324468b8384
forward_residual_transfer_v1,C_IS_BC,20260917,HISTORICAL_CONTRACT_SEE_MANIFEST,9,AVAILABLE,path_1_to_H,raw,34650,0.11549230698075785,0.06618348156081738,662eb9eb1864e1ffc4ba884ca1a17cd4235a4d4bec36503f2f899324468b8384
forward_residual_transfer_v1,C_IS_BC,20260917,HISTORICAL_CONTRACT_SEE_MANIFEST,9,AVAILABLE,path_1_to_H,clip_0_1,34650,0.11548239400398705,0.0661474880873304,662eb9eb1864e1ffc4ba884ca1a17cd4235a4d4bec36503f2f899324468b8384
forward_residual_transfer_v1,C_IS_BC,20260917,HISTORICAL_CONTRACT_SEE_MANIFEST,12,AVAILABLE,terminal_H,raw,3850,0.1171119277238351,0.07590373962581491,662eb9eb1864e1ffc4ba884ca1a17cd4235a4d4bec36503f2f899324468b8384
forward_residual_transfer_v1,C_IS_BC,20260917,HISTORICAL_CONTRACT_SEE_MANIFEST,12,AVAILABLE,terminal_H,clip_0_1,3850,0.11709006919605756,0.07585627748374021,662eb9eb1864e1ffc4ba884ca1a17cd4235a4d4bec36503f2f899324468b8384
forward_residual_transfer_v1,C_IS_BC,20260917,HISTORICAL_CONTRACT_SEE_MANIFEST,12,AVAILABLE,path_1_to_H,raw,46200,0.11555052589747264,0.06821093693197547,662eb9eb1864e1ffc4ba884ca1a17cd4235a4d4bec36503f2f899324468b8384
forward_residual_transfer_v1,C_IS_BC,20260917,HISTORICAL_CONTRACT_SEE_MANIFEST,12,AVAILABLE,path_1_to_H,clip_0_1,46200,0.11553622962858255,0.06817211881114567,662eb9eb1864e1ffc4ba884ca1a17cd4235a4d4bec36503f2f899324468b8384
forward_residual_transfer_v1,C_FWD_BC,20260915,HISTORICAL_CONTRACT_SEE_MANIFEST,3,AVAILABLE,terminal_H,raw,3850,0.10887039335131089,0.06275004621150433,91dd402bf3df8a3dbdaa30b7a77c38e085c68b2a77d75c5a6ef0c97d3cd61578
forward_residual_transfer_v1,C_FWD_BC,20260915,HISTORICAL_CONTRACT_SEE_MANIFEST,3,AVAILABLE,terminal_H,clip_0_1,3850,0.10886780811190436,0.06273469880252884,91dd402bf3df8a3dbdaa30b7a77c38e085c68b2a77d75c5a6ef0c97d3cd61578
forward_residual_transfer_v1,C_FWD_BC,20260915,HISTORICAL_CONTRACT_SEE_MANIFEST,3,AVAILABLE,path_1_to_H,raw,11550,0.10844216983936744,0.058215197733632706,91dd402bf3df8a3dbdaa30b7a77c38e085c68b2a77d75c5a6ef0c97d3cd61578
forward_residual_transfer_v1,C_FWD_BC,20260915,HISTORICAL_CONTRACT_SEE_MANIFEST,3,AVAILABLE,path_1_to_H,clip_0_1,11550,0.10843753341885691,0.05819006858839025,91dd402bf3df8a3dbdaa30b7a77c38e085c68b2a77d75c5a6ef0c97d3cd61578
forward_residual_transfer_v1,C_FWD_BC,20260915,HISTORICAL_CONTRACT_SEE_MANIFEST,6,AVAILABLE,terminal_H,raw,3850,0.11250546994246287,0.0665814280472109,91dd402bf3df8a3dbdaa30b7a77c38e085c68b2a77d75c5a6ef0c97d3cd61578
forward_residual_transfer_v1,C_FWD_BC,20260915,HISTORICAL_CONTRACT_SEE_MANIFEST,6,AVAILABLE,terminal_H,clip_0_1,3850,0.11250526267504261,0.06657595630038025,91dd402bf3df8a3dbdaa30b7a77c38e085c68b2a77d75c5a6ef0c97d3cd61578
forward_residual_transfer_v1,C_FWD_BC,20260915,HISTORICAL_CONTRACT_SEE_MANIFEST,6,AVAILABLE,path_1_to_H,raw,23100,0.11573379773837021,0.0641401073633475,91dd402bf3df8a3dbdaa30b7a77c38e085c68b2a77d75c5a6ef0c97d3cd61578
forward_residual_transfer_v1,C_FWD_BC,20260915,HISTORICAL_CONTRACT_SEE_MANIFEST,6,AVAILABLE,path_1_to_H,clip_0_1,23100,0.11573146002772243,0.06412423873220525,91dd402bf3df8a3dbdaa30b7a77c38e085c68b2a77d75c5a6ef0c97d3cd61578
forward_residual_transfer_v1,C_FWD_BC,20260915,HISTORICAL_CONTRACT_SEE_MANIFEST,9,AVAILABLE,terminal_H,raw,3850,0.10869267033876627,0.07002267576815444,91dd402bf3df8a3dbdaa30b7a77c38e085c68b2a77d75c5a6ef0c97d3cd61578
forward_residual_transfer_v1,C_FWD_BC,20260915,HISTORICAL_CONTRACT_SEE_MANIFEST,9,AVAILABLE,terminal_H,clip_0_1,3850,0.10869232862842484,0.07001665524068995,91dd402bf3df8a3dbdaa30b7a77c38e085c68b2a77d75c5a6ef0c97d3cd61578
forward_residual_transfer_v1,C_FWD_BC,20260915,HISTORICAL_CONTRACT_SEE_MANIFEST,9,AVAILABLE,path_1_to_H,raw,34650,0.11380050957884068,0.0655027878658581,91dd402bf3df8a3dbdaa30b7a77c38e085c68b2a77d75c5a6ef0c97d3cd61578
forward_residual_transfer_v1,C_FWD_BC,20260915,HISTORICAL_CONTRACT_SEE_MANIFEST,9,AVAILABLE,path_1_to_H,clip_0_1,34650,0.11379886871626999,0.06549087750715707,91dd402bf3df8a3dbdaa30b7a77c38e085c68b2a77d75c5a6ef0c97d3cd61578
forward_residual_transfer_v1,C_FWD_BC,20260915,HISTORICAL_CONTRACT_SEE_MANIFEST,12,AVAILABLE,terminal_H,raw,3850,0.11451864758001216,0.07462423058099567,91dd402bf3df8a3dbdaa30b7a77c38e085c68b2a77d75c5a6ef0c97d3cd61578
forward_residual_transfer_v1,C_FWD_BC,20260915,HISTORICAL_CONTRACT_SEE_MANIFEST,12,AVAILABLE,terminal_H,clip_0_1,3850,0.11451219890044605,0.0746072320687806,91dd402bf3df8a3dbdaa30b7a77c38e085c68b2a77d75c5a6ef0c97d3cd61578
forward_residual_transfer_v1,C_FWD_BC,20260915,HISTORICAL_CONTRACT_SEE_MANIFEST,12,AVAILABLE,path_1_to_H,raw,46200,0.1137195144299465,0.06743035463423697,91dd402bf3df8a3dbdaa30b7a77c38e085c68b2a77d75c5a6ef0c97d3cd61578
forward_residual_transfer_v1,C_FWD_BC,20260915,HISTORICAL_CONTRACT_SEE_MANIFEST,12,AVAILABLE,path_1_to_H,clip_0_1,46200,0.11371613644994719,0.06741728765730044,91dd402bf3df8a3dbdaa30b7a77c38e085c68b2a77d75c5a6ef0c97d3cd61578
forward_residual_transfer_v1,C_FWD_BC,20260916,HISTORICAL_CONTRACT_SEE_MANIFEST,3,AVAILABLE,terminal_H,raw,3850,0.10887039335131089,0.06275004621150433,91dd402bf3df8a3dbdaa30b7a77c38e085c68b2a77d75c5a6ef0c97d3cd61578
forward_residual_transfer_v1,C_FWD_BC,20260916,HISTORICAL_CONTRACT_SEE_MANIFEST,3,AVAILABLE,terminal_H,clip_0_1,3850,0.10886780811190436,0.06273469880252884,91dd402bf3df8a3dbdaa30b7a77c38e085c68b2a77d75c5a6ef0c97d3cd61578
forward_residual_transfer_v1,C_FWD_BC,20260916,HISTORICAL_CONTRACT_SEE_MANIFEST,3,AVAILABLE,path_1_to_H,raw,11550,0.10844216983936744,0.058215197733632706,91dd402bf3df8a3dbdaa30b7a77c38e085c68b2a77d75c5a6ef0c97d3cd61578
forward_residual_transfer_v1,C_FWD_BC,20260916,HISTORICAL_CONTRACT_SEE_MANIFEST,3,AVAILABLE,path_1_to_H,clip_0_1,11550,0.10843753341885691,0.05819006858839025,91dd402bf3df8a3dbdaa30b7a77c38e085c68b2a77d75c5a6ef0c97d3cd61578
forward_residual_transfer_v1,C_FWD_BC,20260916,HISTORICAL_CONTRACT_SEE_MANIFEST,6,AVAILABLE,terminal_H,raw,3850,0.11250546994246287,0.0665814280472109,91dd402bf3df8a3dbdaa30b7a77c38e085c68b2a77d75c5a6ef0c97d3cd61578
forward_residual_transfer_v1,C_FWD_BC,20260916,HISTORICAL_CONTRACT_SEE_MANIFEST,6,AVAILABLE,terminal_H,clip_0_1,3850,0.11250526267504261,0.06657595630038025,91dd402bf3df8a3dbdaa30b7a77c38e085c68b2a77d75c5a6ef0c97d3cd61578
forward_residual_transfer_v1,C_FWD_BC,20260916,HISTORICAL_CONTRACT_SEE_MANIFEST,6,AVAILABLE,path_1_to_H,raw,23100,0.11573379773837021,0.0641401073633475,91dd402bf3df8a3dbdaa30b7a77c38e085c68b2a77d75c5a6ef0c97d3cd61578
forward_residual_transfer_v1,C_FWD_BC,20260916,HISTORICAL_CONTRACT_SEE_MANIFEST,6,AVAILABLE,path_1_to_H,clip_0_1,23100,0.11573146002772243,0.06412423873220525,91dd402bf3df8a3dbdaa30b7a77c38e085c68b2a77d75c5a6ef0c97d3cd61578
forward_residual_transfer_v1,C_FWD_BC,20260916,HISTORICAL_CONTRACT_SEE_MANIFEST,9,AVAILABLE,terminal_H,raw,3850,0.10869267033876627,0.07002267576815444,91dd402bf3df8a3dbdaa30b7a77c38e085c68b2a77d75c5a6ef0c97d3cd61578
forward_residual_transfer_v1,C_FWD_BC,20260916,HISTORICAL_CONTRACT_SEE_MANIFEST,9,AVAILABLE,terminal_H,clip_0_1,3850,0.10869232862842484,0.07001665524068995,91dd402bf3df8a3dbdaa30b7a77c38e085c68b2a77d75c5a6ef0c97d3cd61578
forward_residual_transfer_v1,C_FWD_BC,20260916,HISTORICAL_CONTRACT_SEE_MANIFEST,9,AVAILABLE,path_1_to_H,raw,34650,0.11380050957884068,0.0655027878658581,91dd402bf3df8a3dbdaa30b7a77c38e085c68b2a77d75c5a6ef0c97d3cd61578
forward_residual_transfer_v1,C_FWD_BC,20260916,HISTORICAL_CONTRACT_SEE_MANIFEST,9,AVAILABLE,path_1_to_H,clip_0_1,34650,0.11379886871626999,0.06549087750715707,91dd402bf3df8a3dbdaa30b7a77c38e085c68b2a77d75c5a6ef0c97d3cd61578
forward_residual_transfer_v1,C_FWD_BC,20260916,HISTORICAL_CONTRACT_SEE_MANIFEST,12,AVAILABLE,terminal_H,raw,3850,0.11451864758001216,0.07462423058099567,91dd402bf3df8a3dbdaa30b7a77c38e085c68b2a77d75c5a6ef0c97d3cd61578
forward_residual_transfer_v1,C_FWD_BC,20260916,HISTORICAL_CONTRACT_SEE_MANIFEST,12,AVAILABLE,terminal_H,clip_0_1,3850,0.11451219890044605,0.0746072320687806,91dd402bf3df8a3dbdaa30b7a77c38e085c68b2a77d75c5a6ef0c97d3cd61578
forward_residual_transfer_v1,C_FWD_BC,20260916,HISTORICAL_CONTRACT_SEE_MANIFEST,12,AVAILABLE,path_1_to_H,raw,46200,0.1137195144299465,0.06743035463423697,91dd402bf3df8a3dbdaa30b7a77c38e085c68b2a77d75c5a6ef0c97d3cd61578
forward_residual_transfer_v1,C_FWD_BC,20260916,HISTORICAL_CONTRACT_SEE_MANIFEST,12,AVAILABLE,path_1_to_H,clip_0_1,46200,0.11371613644994719,0.06741728765730044,91dd402bf3df8a3dbdaa30b7a77c38e085c68b2a77d75c5a6ef0c97d3cd61578
forward_residual_transfer_v1,C_FWD_BC,20260917,HISTORICAL_CONTRACT_SEE_MANIFEST,3,AVAILABLE,terminal_H,raw,3850,0.10887039335131089,0.06275004621150433,91dd402bf3df8a3dbdaa30b7a77c38e085c68b2a77d75c5a6ef0c97d3cd61578
forward_residual_transfer_v1,C_FWD_BC,20260917,HISTORICAL_CONTRACT_SEE_MANIFEST,3,AVAILABLE,terminal_H,clip_0_1,3850,0.10886780811190436,0.06273469880252884,91dd402bf3df8a3dbdaa30b7a77c38e085c68b2a77d75c5a6ef0c97d3cd61578
forward_residual_transfer_v1,C_FWD_BC,20260917,HISTORICAL_CONTRACT_SEE_MANIFEST,3,AVAILABLE,path_1_to_H,raw,11550,0.10844216983936744,0.058215197733632706,91dd402bf3df8a3dbdaa30b7a77c38e085c68b2a77d75c5a6ef0c97d3cd61578
forward_residual_transfer_v1,C_FWD_BC,20260917,HISTORICAL_CONTRACT_SEE_MANIFEST,3,AVAILABLE,path_1_to_H,clip_0_1,11550,0.10843753341885691,0.05819006858839025,91dd402bf3df8a3dbdaa30b7a77c38e085c68b2a77d75c5a6ef0c97d3cd61578
forward_residual_transfer_v1,C_FWD_BC,20260917,HISTORICAL_CONTRACT_SEE_MANIFEST,6,AVAILABLE,terminal_H,raw,3850,0.11250546994246287,0.0665814280472109,91dd402bf3df8a3dbdaa30b7a77c38e085c68b2a77d75c5a6ef0c97d3cd61578
forward_residual_transfer_v1,C_FWD_BC,20260917,HISTORICAL_CONTRACT_SEE_MANIFEST,6,AVAILABLE,terminal_H,clip_0_1,3850,0.11250526267504261,0.06657595630038025,91dd402bf3df8a3dbdaa30b7a77c38e085c68b2a77d75c5a6ef0c97d3cd61578
forward_residual_transfer_v1,C_FWD_BC,20260917,HISTORICAL_CONTRACT_SEE_MANIFEST,6,AVAILABLE,path_1_to_H,raw,23100,0.11573379773837021,0.0641401073633475,91dd402bf3df8a3dbdaa30b7a77c38e085c68b2a77d75c5a6ef0c97d3cd61578
forward_residual_transfer_v1,C_FWD_BC,20260917,HISTORICAL_CONTRACT_SEE_MANIFEST,6,AVAILABLE,path_1_to_H,clip_0_1,23100,0.11573146002772243,0.06412423873220525,91dd402bf3df8a3dbdaa30b7a77c38e085c68b2a77d75c5a6ef0c97d3cd61578
forward_residual_transfer_v1,C_FWD_BC,20260917,HISTORICAL_CONTRACT_SEE_MANIFEST,9,AVAILABLE,terminal_H,raw,3850,0.10869267033876627,0.07002267576815444,91dd402bf3df8a3dbdaa30b7a77c38e085c68b2a77d75c5a6ef0c97d3cd61578
forward_residual_transfer_v1,C_FWD_BC,20260917,HISTORICAL_CONTRACT_SEE_MANIFEST,9,AVAILABLE,terminal_H,clip_0_1,3850,0.10869232862842484,0.07001665524068995,91dd402bf3df8a3dbdaa30b7a77c38e085c68b2a77d75c5a6ef0c97d3cd61578
forward_residual_transfer_v1,C_FWD_BC,20260917,HISTORICAL_CONTRACT_SEE_MANIFEST,9,AVAILABLE,path_1_to_H,raw,34650,0.11380050957884068,0.0655027878658581,91dd402bf3df8a3dbdaa30b7a77c38e085c68b2a77d75c5a6ef0c97d3cd61578
forward_residual_transfer_v1,C_FWD_BC,20260917,HISTORICAL_CONTRACT_SEE_MANIFEST,9,AVAILABLE,path_1_to_H,clip_0_1,34650,0.11379886871626999,0.06549087750715707,91dd402bf3df8a3dbdaa30b7a77c38e085c68b2a77d75c5a6ef0c97d3cd61578
forward_residual_transfer_v1,C_FWD_BC,20260917,HISTORICAL_CONTRACT_SEE_MANIFEST,12,AVAILABLE,terminal_H,raw,3850,0.11451864758001216,0.07462423058099567,91dd402bf3df8a3dbdaa30b7a77c38e085c68b2a77d75c5a6ef0c97d3cd61578
forward_residual_transfer_v1,C_FWD_BC,20260917,HISTORICAL_CONTRACT_SEE_MANIFEST,12,AVAILABLE,terminal_H,clip_0_1,3850,0.11451219890044605,0.0746072320687806,91dd402bf3df8a3dbdaa30b7a77c38e085c68b2a77d75c5a6ef0c97d3cd61578
forward_residual_transfer_v1,C_FWD_BC,20260917,HISTORICAL_CONTRACT_SEE_MANIFEST,12,AVAILABLE,path_1_to_H,raw,46200,0.1137195144299465,0.06743035463423697,91dd402bf3df8a3dbdaa30b7a77c38e085c68b2a77d75c5a6ef0c97d3cd61578
forward_residual_transfer_v1,C_FWD_BC,20260917,HISTORICAL_CONTRACT_SEE_MANIFEST,12,AVAILABLE,path_1_to_H,clip_0_1,46200,0.11371613644994719,0.06741728765730044,91dd402bf3df8a3dbdaa30b7a77c38e085c68b2a77d75c5a6ef0c97d3cd61578
fixed_reference_correction_v1,BASE_FIXED,fixed,HISTORICAL_CONTRACT_SEE_MANIFEST,3,AVAILABLE,terminal_H,raw,3850,0.1114718713913279,0.06540242052451378,c5f53ea43e3cfcb27f8d073817b2e2cbf77994882bebf4637fa2fdd801ea1396
fixed_reference_correction_v1,BASE_FIXED,fixed,HISTORICAL_CONTRACT_SEE_MANIFEST,3,AVAILABLE,terminal_H,clip_0_1,3850,0.11146477095117603,0.0653764375842311,c5f53ea43e3cfcb27f8d073817b2e2cbf77994882bebf4637fa2fdd801ea1396
fixed_reference_correction_v1,BASE_FIXED,fixed,HISTORICAL_CONTRACT_SEE_MANIFEST,3,AVAILABLE,path_1_to_H,raw,11550,0.11156312857973595,0.061317735624831046,c5f53ea43e3cfcb27f8d073817b2e2cbf77994882bebf4637fa2fdd801ea1396
fixed_reference_correction_v1,BASE_FIXED,fixed,HISTORICAL_CONTRACT_SEE_MANIFEST,3,AVAILABLE,path_1_to_H,clip_0_1,11550,0.11154515378259246,0.0612751024669815,c5f53ea43e3cfcb27f8d073817b2e2cbf77994882bebf4637fa2fdd801ea1396
fixed_reference_correction_v1,BASE_FIXED,fixed,HISTORICAL_CONTRACT_SEE_MANIFEST,6,AVAILABLE,terminal_H,raw,3850,0.11545810047375187,0.0700623355672198,c5f53ea43e3cfcb27f8d073817b2e2cbf77994882bebf4637fa2fdd801ea1396
fixed_reference_correction_v1,BASE_FIXED,fixed,HISTORICAL_CONTRACT_SEE_MANIFEST,6,AVAILABLE,terminal_H,clip_0_1,3850,0.11545685977625662,0.0700466996141839,c5f53ea43e3cfcb27f8d073817b2e2cbf77994882bebf4637fa2fdd801ea1396
fixed_reference_correction_v1,BASE_FIXED,fixed,HISTORICAL_CONTRACT_SEE_MANIFEST,6,AVAILABLE,path_1_to_H,raw,23100,0.11790215666715435,0.06704315896508924,c5f53ea43e3cfcb27f8d073817b2e2cbf77994882bebf4637fa2fdd801ea1396
fixed_reference_correction_v1,BASE_FIXED,fixed,HISTORICAL_CONTRACT_SEE_MANIFEST,6,AVAILABLE,path_1_to_H,clip_0_1,23100,0.11788849442434694,0.06700249556584963,c5f53ea43e3cfcb27f8d073817b2e2cbf77994882bebf4637fa2fdd801ea1396
fixed_reference_correction_v1,BASE_FIXED,fixed,HISTORICAL_CONTRACT_SEE_MANIFEST,9,AVAILABLE,terminal_H,raw,3850,0.1090769494216019,0.07097401772794641,c5f53ea43e3cfcb27f8d073817b2e2cbf77994882bebf4637fa2fdd801ea1396
fixed_reference_correction_v1,BASE_FIXED,fixed,HISTORICAL_CONTRACT_SEE_MANIFEST,9,AVAILABLE,terminal_H,clip_0_1,3850,0.10907469951690252,0.07095449679169825,c5f53ea43e3cfcb27f8d073817b2e2cbf77994882bebf4637fa2fdd801ea1396
fixed_reference_correction_v1,BASE_FIXED,fixed,HISTORICAL_CONTRACT_SEE_MANIFEST,9,AVAILABLE,path_1_to_H,raw,34650,0.11581140004941151,0.06815018621287029,c5f53ea43e3cfcb27f8d073817b2e2cbf77994882bebf4637fa2fdd801ea1396
fixed_reference_correction_v1,BASE_FIXED,fixed,HISTORICAL_CONTRACT_SEE_MANIFEST,9,AVAILABLE,path_1_to_H,clip_0_1,34650,0.11580164835096429,0.0681180385118491,c5f53ea43e3cfcb27f8d073817b2e2cbf77994882bebf4637fa2fdd801ea1396
fixed_reference_correction_v1,BASE_FIXED,fixed,HISTORICAL_CONTRACT_SEE_MANIFEST,12,AVAILABLE,terminal_H,raw,3850,0.11668773941340668,0.07795138732065614,c5f53ea43e3cfcb27f8d073817b2e2cbf77994882bebf4637fa2fdd801ea1396
fixed_reference_correction_v1,BASE_FIXED,fixed,HISTORICAL_CONTRACT_SEE_MANIFEST,12,AVAILABLE,terminal_H,clip_0_1,3850,0.11667846697956072,0.0779219665178427,c5f53ea43e3cfcb27f8d073817b2e2cbf77994882bebf4637fa2fdd801ea1396
fixed_reference_correction_v1,BASE_FIXED,fixed,HISTORICAL_CONTRACT_SEE_MANIFEST,12,AVAILABLE,path_1_to_H,raw,46200,0.11554566021154221,0.07003159825831125,c5f53ea43e3cfcb27f8d073817b2e2cbf77994882bebf4637fa2fdd801ea1396
fixed_reference_correction_v1,BASE_FIXED,fixed,HISTORICAL_CONTRACT_SEE_MANIFEST,12,AVAILABLE,path_1_to_H,clip_0_1,46200,0.1155354208167655,0.07000002013833863,c5f53ea43e3cfcb27f8d073817b2e2cbf77994882bebf4637fa2fdd801ea1396
fixed_reference_correction_v1,LINEAR_REPAIR,fixed,HISTORICAL_CONTRACT_SEE_MANIFEST,3,AVAILABLE,terminal_H,raw,3850,0.10899338947425813,0.0628419915408525,e62fc696d462f3cd9c2dff4363e39b5ae24bb3a28ad8b110c216638bc257e961
fixed_reference_correction_v1,LINEAR_REPAIR,fixed,HISTORICAL_CONTRACT_SEE_MANIFEST,3,AVAILABLE,terminal_H,clip_0_1,3850,0.10899107759505038,0.06282257945412202,e62fc696d462f3cd9c2dff4363e39b5ae24bb3a28ad8b110c216638bc257e961
fixed_reference_correction_v1,LINEAR_REPAIR,fixed,HISTORICAL_CONTRACT_SEE_MANIFEST,3,AVAILABLE,path_1_to_H,raw,11550,0.10788726659308284,0.05796187319716529,e62fc696d462f3cd9c2dff4363e39b5ae24bb3a28ad8b110c216638bc257e961
fixed_reference_correction_v1,LINEAR_REPAIR,fixed,HISTORICAL_CONTRACT_SEE_MANIFEST,3,AVAILABLE,path_1_to_H,clip_0_1,11550,0.10788066886702989,0.05793025544035015,e62fc696d462f3cd9c2dff4363e39b5ae24bb3a28ad8b110c216638bc257e961
fixed_reference_correction_v1,LINEAR_REPAIR,fixed,HISTORICAL_CONTRACT_SEE_MANIFEST,6,AVAILABLE,terminal_H,raw,3850,0.11272375178218294,0.06650941491438038,e62fc696d462f3cd9c2dff4363e39b5ae24bb3a28ad8b110c216638bc257e961
fixed_reference_correction_v1,LINEAR_REPAIR,fixed,HISTORICAL_CONTRACT_SEE_MANIFEST,6,AVAILABLE,terminal_H,clip_0_1,3850,0.11272349095892256,0.06650397446936182,e62fc696d462f3cd9c2dff4363e39b5ae24bb3a28ad8b110c216638bc257e961
fixed_reference_correction_v1,LINEAR_REPAIR,fixed,HISTORICAL_CONTRACT_SEE_MANIFEST,6,AVAILABLE,path_1_to_H,raw,23100,0.11573787959062551,0.06396244848710453,e62fc696d462f3cd9c2dff4363e39b5ae24bb3a28ad8b110c216638bc257e961
fixed_reference_correction_v1,LINEAR_REPAIR,fixed,HISTORICAL_CONTRACT_SEE_MANIFEST,6,AVAILABLE,path_1_to_H,clip_0_1,23100,0.11573457246300559,0.06394302398884201,e62fc696d462f3cd9c2dff4363e39b5ae24bb3a28ad8b110c216638bc257e961
fixed_reference_correction_v1,LINEAR_REPAIR,fixed,HISTORICAL_CONTRACT_SEE_MANIFEST,9,AVAILABLE,terminal_H,raw,3850,0.11007351565648787,0.07090492880158628,e62fc696d462f3cd9c2dff4363e39b5ae24bb3a28ad8b110c216638bc257e961
fixed_reference_correction_v1,LINEAR_REPAIR,fixed,HISTORICAL_CONTRACT_SEE_MANIFEST,9,AVAILABLE,terminal_H,clip_0_1,3850,0.11007343919272435,0.07090130853826133,e62fc696d462f3cd9c2dff4363e39b5ae24bb3a28ad8b110c216638bc257e961
fixed_reference_correction_v1,LINEAR_REPAIR,fixed,HISTORICAL_CONTRACT_SEE_MANIFEST,9,AVAILABLE,path_1_to_H,raw,34650,0.11412330893164009,0.0655686131892966,e62fc696d462f3cd9c2dff4363e39b5ae24bb3a28ad8b110c216638bc257e961
fixed_reference_correction_v1,LINEAR_REPAIR,fixed,HISTORICAL_CONTRACT_SEE_MANIFEST,9,AVAILABLE,path_1_to_H,clip_0_1,34650,0.11412106314261312,0.06555508655040619,e62fc696d462f3cd9c2dff4363e39b5ae24bb3a28ad8b110c216638bc257e961
fixed_reference_correction_v1,LINEAR_REPAIR,fixed,HISTORICAL_CONTRACT_SEE_MANIFEST,12,AVAILABLE,terminal_H,raw,3850,0.11554739129171883,0.07469219585242319,e62fc696d462f3cd9c2dff4363e39b5ae24bb3a28ad8b110c216638bc257e961
fixed_reference_correction_v1,LINEAR_REPAIR,fixed,HISTORICAL_CONTRACT_SEE_MANIFEST,12,AVAILABLE,terminal_H,clip_0_1,3850,0.11554718169882297,0.07469024959944948,e62fc696d462f3cd9c2dff4363e39b5ae24bb3a28ad8b110c216638bc257e961
fixed_reference_correction_v1,LINEAR_REPAIR,fixed,HISTORICAL_CONTRACT_SEE_MANIFEST,12,AVAILABLE,path_1_to_H,raw,46200,0.11424104415940162,0.0675191969765671,e62fc696d462f3cd9c2dff4363e39b5ae24bb3a28ad8b110c216638bc257e961
fixed_reference_correction_v1,LINEAR_REPAIR,fixed,HISTORICAL_CONTRACT_SEE_MANIFEST,12,AVAILABLE,path_1_to_H,clip_0_1,46200,0.11423903933064335,0.06750815015300611,e62fc696d462f3cd9c2dff4363e39b5ae24bb3a28ad8b110c216638bc257e961
fixed_reference_correction_v1,RIDGE_FULL,fixed,HISTORICAL_CONTRACT_SEE_MANIFEST,3,AVAILABLE,terminal_H,raw,3850,0.10887039335131089,0.06275004621150433,91dd402bf3df8a3dbdaa30b7a77c38e085c68b2a77d75c5a6ef0c97d3cd61578
fixed_reference_correction_v1,RIDGE_FULL,fixed,HISTORICAL_CONTRACT_SEE_MANIFEST,3,AVAILABLE,terminal_H,clip_0_1,3850,0.10886780811190436,0.06273469880252884,91dd402bf3df8a3dbdaa30b7a77c38e085c68b2a77d75c5a6ef0c97d3cd61578
fixed_reference_correction_v1,RIDGE_FULL,fixed,HISTORICAL_CONTRACT_SEE_MANIFEST,3,AVAILABLE,path_1_to_H,raw,11550,0.10844216983936744,0.058215197733632706,91dd402bf3df8a3dbdaa30b7a77c38e085c68b2a77d75c5a6ef0c97d3cd61578
fixed_reference_correction_v1,RIDGE_FULL,fixed,HISTORICAL_CONTRACT_SEE_MANIFEST,3,AVAILABLE,path_1_to_H,clip_0_1,11550,0.10843753341885691,0.05819006858839025,91dd402bf3df8a3dbdaa30b7a77c38e085c68b2a77d75c5a6ef0c97d3cd61578
fixed_reference_correction_v1,RIDGE_FULL,fixed,HISTORICAL_CONTRACT_SEE_MANIFEST,6,AVAILABLE,terminal_H,raw,3850,0.11250546994246287,0.0665814280472109,91dd402bf3df8a3dbdaa30b7a77c38e085c68b2a77d75c5a6ef0c97d3cd61578
fixed_reference_correction_v1,RIDGE_FULL,fixed,HISTORICAL_CONTRACT_SEE_MANIFEST,6,AVAILABLE,terminal_H,clip_0_1,3850,0.11250526267504261,0.06657595630038025,91dd402bf3df8a3dbdaa30b7a77c38e085c68b2a77d75c5a6ef0c97d3cd61578
fixed_reference_correction_v1,RIDGE_FULL,fixed,HISTORICAL_CONTRACT_SEE_MANIFEST,6,AVAILABLE,path_1_to_H,raw,23100,0.11573379773837021,0.0641401073633475,91dd402bf3df8a3dbdaa30b7a77c38e085c68b2a77d75c5a6ef0c97d3cd61578
fixed_reference_correction_v1,RIDGE_FULL,fixed,HISTORICAL_CONTRACT_SEE_MANIFEST,6,AVAILABLE,path_1_to_H,clip_0_1,23100,0.11573146002772243,0.06412423873220525,91dd402bf3df8a3dbdaa30b7a77c38e085c68b2a77d75c5a6ef0c97d3cd61578
fixed_reference_correction_v1,RIDGE_FULL,fixed,HISTORICAL_CONTRACT_SEE_MANIFEST,9,AVAILABLE,terminal_H,raw,3850,0.10869267033876627,0.07002267576815444,91dd402bf3df8a3dbdaa30b7a77c38e085c68b2a77d75c5a6ef0c97d3cd61578
fixed_reference_correction_v1,RIDGE_FULL,fixed,HISTORICAL_CONTRACT_SEE_MANIFEST,9,AVAILABLE,terminal_H,clip_0_1,3850,0.10869232862842484,0.07001665524068995,91dd402bf3df8a3dbdaa30b7a77c38e085c68b2a77d75c5a6ef0c97d3cd61578
fixed_reference_correction_v1,RIDGE_FULL,fixed,HISTORICAL_CONTRACT_SEE_MANIFEST,9,AVAILABLE,path_1_to_H,raw,34650,0.11380050957884068,0.0655027878658581,91dd402bf3df8a3dbdaa30b7a77c38e085c68b2a77d75c5a6ef0c97d3cd61578
fixed_reference_correction_v1,RIDGE_FULL,fixed,HISTORICAL_CONTRACT_SEE_MANIFEST,9,AVAILABLE,path_1_to_H,clip_0_1,34650,0.11379886871626999,0.06549087750715707,91dd402bf3df8a3dbdaa30b7a77c38e085c68b2a77d75c5a6ef0c97d3cd61578
fixed_reference_correction_v1,RIDGE_FULL,fixed,HISTORICAL_CONTRACT_SEE_MANIFEST,12,AVAILABLE,terminal_H,raw,3850,0.11451864758001216,0.07462423058099567,91dd402bf3df8a3dbdaa30b7a77c38e085c68b2a77d75c5a6ef0c97d3cd61578
fixed_reference_correction_v1,RIDGE_FULL,fixed,HISTORICAL_CONTRACT_SEE_MANIFEST,12,AVAILABLE,terminal_H,clip_0_1,3850,0.11451219890044605,0.0746072320687806,91dd402bf3df8a3dbdaa30b7a77c38e085c68b2a77d75c5a6ef0c97d3cd61578
fixed_reference_correction_v1,RIDGE_FULL,fixed,HISTORICAL_CONTRACT_SEE_MANIFEST,12,AVAILABLE,path_1_to_H,raw,46200,0.1137195144299465,0.06743035463423697,91dd402bf3df8a3dbdaa30b7a77c38e085c68b2a77d75c5a6ef0c97d3cd61578
fixed_reference_correction_v1,RIDGE_FULL,fixed,HISTORICAL_CONTRACT_SEE_MANIFEST,12,AVAILABLE,path_1_to_H,clip_0_1,46200,0.11371613644994719,0.06741728765730044,91dd402bf3df8a3dbdaa30b7a77c38e085c68b2a77d75c5a6ef0c97d3cd61578
fixed_reference_correction_v1,FIXED_PRODUCT,20260915,HISTORICAL_CONTRACT_SEE_MANIFEST,3,AVAILABLE,terminal_H,raw,3850,0.11202593478935673,0.06635098218818355,cace0d8c380b0da42c1d4afcef4a0ad70b0ce4a5c63c1f6eb147b03030e5e5a4
fixed_reference_correction_v1,FIXED_PRODUCT,20260915,HISTORICAL_CONTRACT_SEE_MANIFEST,3,AVAILABLE,terminal_H,clip_0_1,3850,0.11193721220836493,0.06626437872203289,cace0d8c380b0da42c1d4afcef4a0ad70b0ce4a5c63c1f6eb147b03030e5e5a4
fixed_reference_correction_v1,FIXED_PRODUCT,20260915,HISTORICAL_CONTRACT_SEE_MANIFEST,3,AVAILABLE,path_1_to_H,raw,11550,0.11115895993501644,0.061429323630509285,cace0d8c380b0da42c1d4afcef4a0ad70b0ce4a5c63c1f6eb147b03030e5e5a4
fixed_reference_correction_v1,FIXED_PRODUCT,20260915,HISTORICAL_CONTRACT_SEE_MANIFEST,3,AVAILABLE,path_1_to_H,clip_0_1,11550,0.11100047266899647,0.06129290324888852,cace0d8c380b0da42c1d4afcef4a0ad70b0ce4a5c63c1f6eb147b03030e5e5a4
fixed_reference_correction_v1,FIXED_PRODUCT,20260915,HISTORICAL_CONTRACT_SEE_MANIFEST,6,AVAILABLE,terminal_H,raw,3850,0.11832239024603168,0.07179438920709147,cace0d8c380b0da42c1d4afcef4a0ad70b0ce4a5c63c1f6eb147b03030e5e5a4
fixed_reference_correction_v1,FIXED_PRODUCT,20260915,HISTORICAL_CONTRACT_SEE_MANIFEST,6,AVAILABLE,terminal_H,clip_0_1,3850,0.11809926782868196,0.07164128922176523,cace0d8c380b0da42c1d4afcef4a0ad70b0ce4a5c63c1f6eb147b03030e5e5a4
fixed_reference_correction_v1,FIXED_PRODUCT,20260915,HISTORICAL_CONTRACT_SEE_MANIFEST,6,AVAILABLE,path_1_to_H,raw,23100,0.11941300669970534,0.06787270885251499,cace0d8c380b0da42c1d4afcef4a0ad70b0ce4a5c63c1f6eb147b03030e5e5a4
fixed_reference_correction_v1,FIXED_PRODUCT,20260915,HISTORICAL_CONTRACT_SEE_MANIFEST,6,AVAILABLE,path_1_to_H,clip_0_1,23100,0.1192545010396265,0.06773247726512066,cace0d8c380b0da42c1d4afcef4a0ad70b0ce4a5c63c1f6eb147b03030e5e5a4
fixed_reference_correction_v1,FIXED_PRODUCT,20260915,HISTORICAL_CONTRACT_SEE_MANIFEST,9,AVAILABLE,terminal_H,raw,3850,0.11545495622976432,0.0739173666766487,cace0d8c380b0da42c1d4afcef4a0ad70b0ce4a5c63c1f6eb147b03030e5e5a4
fixed_reference_correction_v1,FIXED_PRODUCT,20260915,HISTORICAL_CONTRACT_SEE_MANIFEST,9,AVAILABLE,terminal_H,clip_0_1,3850,0.11526274145493706,0.07379881086842596,cace0d8c380b0da42c1d4afcef4a0ad70b0ce4a5c63c1f6eb147b03030e5e5a4
fixed_reference_correction_v1,FIXED_PRODUCT,20260915,HISTORICAL_CONTRACT_SEE_MANIFEST,9,AVAILABLE,path_1_to_H,raw,34650,0.1189086339555135,0.06983198557646512,cace0d8c380b0da42c1d4afcef4a0ad70b0ce4a5c63c1f6eb147b03030e5e5a4
fixed_reference_correction_v1,FIXED_PRODUCT,20260915,HISTORICAL_CONTRACT_SEE_MANIFEST,9,AVAILABLE,path_1_to_H,clip_0_1,34650,0.11871242645187022,0.06968782728995056,cace0d8c380b0da42c1d4afcef4a0ad70b0ce4a5c63c1f6eb147b03030e5e5a4
fixed_reference_correction_v1,FIXED_PRODUCT,20260915,HISTORICAL_CONTRACT_SEE_MANIFEST,12,AVAILABLE,terminal_H,raw,3850,0.1208036352874483,0.078182914424956,cace0d8c380b0da42c1d4afcef4a0ad70b0ce4a5c63c1f6eb147b03030e5e5a4
fixed_reference_correction_v1,FIXED_PRODUCT,20260915,HISTORICAL_CONTRACT_SEE_MANIFEST,12,AVAILABLE,terminal_H,clip_0_1,3850,0.12079119458054889,0.07814976452410761,cace0d8c380b0da42c1d4afcef4a0ad70b0ce4a5c63c1f6eb147b03030e5e5a4
fixed_reference_correction_v1,FIXED_PRODUCT,20260915,HISTORICAL_CONTRACT_SEE_MANIFEST,12,AVAILABLE,path_1_to_H,raw,46200,0.11906003485459701,0.07153678074881577,cace0d8c380b0da42c1d4afcef4a0ad70b0ce4a5c63c1f6eb147b03030e5e5a4
fixed_reference_correction_v1,FIXED_PRODUCT,20260915,HISTORICAL_CONTRACT_SEE_MANIFEST,12,AVAILABLE,path_1_to_H,clip_0_1,46200,0.11890429912618003,0.07141822234996577,cace0d8c380b0da42c1d4afcef4a0ad70b0ce4a5c63c1f6eb147b03030e5e5a4
fixed_reference_correction_v1,FIXED_PRODUCT,20260916,HISTORICAL_CONTRACT_SEE_MANIFEST,3,AVAILABLE,terminal_H,raw,3850,0.11153711814780627,0.06473433784269526,12cd64c14d98dd11a4ea246c394f95721e295d65e629a9e44e8afb4810fe642f
fixed_reference_correction_v1,FIXED_PRODUCT,20260916,HISTORICAL_CONTRACT_SEE_MANIFEST,3,AVAILABLE,terminal_H,clip_0_1,3850,0.11133727196690858,0.06465492833838694,12cd64c14d98dd11a4ea246c394f95721e295d65e629a9e44e8afb4810fe642f
fixed_reference_correction_v1,FIXED_PRODUCT,20260916,HISTORICAL_CONTRACT_SEE_MANIFEST,3,AVAILABLE,path_1_to_H,raw,11550,0.11040728689619361,0.06018746521998073,12cd64c14d98dd11a4ea246c394f95721e295d65e629a9e44e8afb4810fe642f
fixed_reference_correction_v1,FIXED_PRODUCT,20260916,HISTORICAL_CONTRACT_SEE_MANIFEST,3,AVAILABLE,path_1_to_H,clip_0_1,11550,0.11023029635139953,0.06009919725318785,12cd64c14d98dd11a4ea246c394f95721e295d65e629a9e44e8afb4810fe642f
fixed_reference_correction_v1,FIXED_PRODUCT,20260916,HISTORICAL_CONTRACT_SEE_MANIFEST,6,AVAILABLE,terminal_H,raw,3850,0.11756102183167923,0.07080416764246349,12cd64c14d98dd11a4ea246c394f95721e295d65e629a9e44e8afb4810fe642f
fixed_reference_correction_v1,FIXED_PRODUCT,20260916,HISTORICAL_CONTRACT_SEE_MANIFEST,6,AVAILABLE,terminal_H,clip_0_1,3850,0.11728512908611233,0.07065990915592513,12cd64c14d98dd11a4ea246c394f95721e295d65e629a9e44e8afb4810fe642f
fixed_reference_correction_v1,FIXED_PRODUCT,20260916,HISTORICAL_CONTRACT_SEE_MANIFEST,6,AVAILABLE,path_1_to_H,raw,23100,0.11844573105241359,0.06646677012303033,12cd64c14d98dd11a4ea246c394f95721e295d65e629a9e44e8afb4810fe642f
fixed_reference_correction_v1,FIXED_PRODUCT,20260916,HISTORICAL_CONTRACT_SEE_MANIFEST,6,AVAILABLE,path_1_to_H,clip_0_1,23100,0.11825899968794341,0.06635074974187521,12cd64c14d98dd11a4ea246c394f95721e295d65e629a9e44e8afb4810fe642f
fixed_reference_correction_v1,FIXED_PRODUCT,20260916,HISTORICAL_CONTRACT_SEE_MANIFEST,9,AVAILABLE,terminal_H,raw,3850,0.11254057239440482,0.07298348953248705,12cd64c14d98dd11a4ea246c394f95721e295d65e629a9e44e8afb4810fe642f
fixed_reference_correction_v1,FIXED_PRODUCT,20260916,HISTORICAL_CONTRACT_SEE_MANIFEST,9,AVAILABLE,terminal_H,clip_0_1,3850,0.11247908867863221,0.07290260068882039,12cd64c14d98dd11a4ea246c394f95721e295d65e629a9e44e8afb4810fe642f
fixed_reference_correction_v1,FIXED_PRODUCT,20260916,HISTORICAL_CONTRACT_SEE_MANIFEST,9,AVAILABLE,path_1_to_H,raw,34650,0.1173350541743416,0.0684685555090201,12cd64c14d98dd11a4ea246c394f95721e295d65e629a9e44e8afb4810fe642f
fixed_reference_correction_v1,FIXED_PRODUCT,20260916,HISTORICAL_CONTRACT_SEE_MANIFEST,9,AVAILABLE,path_1_to_H,clip_0_1,34650,0.11714661151666503,0.06835394007124779,12cd64c14d98dd11a4ea246c394f95721e295d65e629a9e44e8afb4810fe642f
fixed_reference_correction_v1,FIXED_PRODUCT,20260916,HISTORICAL_CONTRACT_SEE_MANIFEST,12,AVAILABLE,terminal_H,raw,3850,0.1180953911960052,0.07714017984533517,12cd64c14d98dd11a4ea246c394f95721e295d65e629a9e44e8afb4810fe642f
fixed_reference_correction_v1,FIXED_PRODUCT,20260916,HISTORICAL_CONTRACT_SEE_MANIFEST,12,AVAILABLE,terminal_H,clip_0_1,3850,0.11803722022188608,0.07708805284720097,12cd64c14d98dd11a4ea246c394f95721e295d65e629a9e44e8afb4810fe642f
fixed_reference_correction_v1,FIXED_PRODUCT,20260916,HISTORICAL_CONTRACT_SEE_MANIFEST,12,AVAILABLE,path_1_to_H,raw,46200,0.11707882997025591,0.07020552201924293,12cd64c14d98dd11a4ea246c394f95721e295d65e629a9e44e8afb4810fe642f
fixed_reference_correction_v1,FIXED_PRODUCT,20260916,HISTORICAL_CONTRACT_SEE_MANIFEST,12,AVAILABLE,path_1_to_H,clip_0_1,46200,0.11692830947031121,0.07010854091561788,12cd64c14d98dd11a4ea246c394f95721e295d65e629a9e44e8afb4810fe642f
fixed_reference_correction_v1,FIXED_PRODUCT,20260917,HISTORICAL_CONTRACT_SEE_MANIFEST,3,AVAILABLE,terminal_H,raw,3850,0.11137422766769495,0.06540941482769051,cdf22a9da88759f1f3dd90e1ca552e0340e9b6bb7f07482a5ba464349d138082
fixed_reference_correction_v1,FIXED_PRODUCT,20260917,HISTORICAL_CONTRACT_SEE_MANIFEST,3,AVAILABLE,terminal_H,clip_0_1,3850,0.11093410816601904,0.0651917013002432,cdf22a9da88759f1f3dd90e1ca552e0340e9b6bb7f07482a5ba464349d138082
fixed_reference_correction_v1,FIXED_PRODUCT,20260917,HISTORICAL_CONTRACT_SEE_MANIFEST,3,AVAILABLE,path_1_to_H,raw,11550,0.11043900721063735,0.060581198804850245,cdf22a9da88759f1f3dd90e1ca552e0340e9b6bb7f07482a5ba464349d138082
fixed_reference_correction_v1,FIXED_PRODUCT,20260917,HISTORICAL_CONTRACT_SEE_MANIFEST,3,AVAILABLE,path_1_to_H,clip_0_1,11550,0.11006520464916633,0.06038787911933244,cdf22a9da88759f1f3dd90e1ca552e0340e9b6bb7f07482a5ba464349d138082
fixed_reference_correction_v1,FIXED_PRODUCT,20260917,HISTORICAL_CONTRACT_SEE_MANIFEST,6,AVAILABLE,terminal_H,raw,3850,0.1180404679376771,0.07240973270249915,cdf22a9da88759f1f3dd90e1ca552e0340e9b6bb7f07482a5ba464349d138082
fixed_reference_correction_v1,FIXED_PRODUCT,20260917,HISTORICAL_CONTRACT_SEE_MANIFEST,6,AVAILABLE,terminal_H,clip_0_1,3850,0.11800283918721685,0.07236620710965881,cdf22a9da88759f1f3dd90e1ca552e0340e9b6bb7f07482a5ba464349d138082
fixed_reference_correction_v1,FIXED_PRODUCT,20260917,HISTORICAL_CONTRACT_SEE_MANIFEST,6,AVAILABLE,path_1_to_H,raw,23100,0.11904538223136389,0.06757287469751105,cdf22a9da88759f1f3dd90e1ca552e0340e9b6bb7f07482a5ba464349d138082
fixed_reference_correction_v1,FIXED_PRODUCT,20260917,HISTORICAL_CONTRACT_SEE_MANIFEST,6,AVAILABLE,path_1_to_H,clip_0_1,23100,0.11880662866927447,0.06741276814901123,cdf22a9da88759f1f3dd90e1ca552e0340e9b6bb7f07482a5ba464349d138082
fixed_reference_correction_v1,FIXED_PRODUCT,20260917,HISTORICAL_CONTRACT_SEE_MANIFEST,9,AVAILABLE,terminal_H,raw,3850,0.11363321507390516,0.0743265621041473,cdf22a9da88759f1f3dd90e1ca552e0340e9b6bb7f07482a5ba464349d138082
fixed_reference_correction_v1,FIXED_PRODUCT,20260917,HISTORICAL_CONTRACT_SEE_MANIFEST,9,AVAILABLE,terminal_H,clip_0_1,3850,0.11361826142220752,0.07426831116324442,cdf22a9da88759f1f3dd90e1ca552e0340e9b6bb7f07482a5ba464349d138082
fixed_reference_correction_v1,FIXED_PRODUCT,20260917,HISTORICAL_CONTRACT_SEE_MANIFEST,9,AVAILABLE,path_1_to_H,raw,34650,0.11769947369240281,0.06938545894406056,cdf22a9da88759f1f3dd90e1ca552e0340e9b6bb7f07482a5ba464349d138082
fixed_reference_correction_v1,FIXED_PRODUCT,20260917,HISTORICAL_CONTRACT_SEE_MANIFEST,9,AVAILABLE,path_1_to_H,clip_0_1,34650,0.11753571706011715,0.06926550289270234,cdf22a9da88759f1f3dd90e1ca552e0340e9b6bb7f07482a5ba464349d138082
fixed_reference_correction_v1,FIXED_PRODUCT,20260917,HISTORICAL_CONTRACT_SEE_MANIFEST,12,AVAILABLE,terminal_H,raw,3850,0.11880731444462558,0.0778329487128238,cdf22a9da88759f1f3dd90e1ca552e0340e9b6bb7f07482a5ba464349d138082
fixed_reference_correction_v1,FIXED_PRODUCT,20260917,HISTORICAL_CONTRACT_SEE_MANIFEST,12,AVAILABLE,terminal_H,clip_0_1,3850,0.11875849413635117,0.07778147894069068,cdf22a9da88759f1f3dd90e1ca552e0340e9b6bb7f07482a5ba464349d138082
fixed_reference_correction_v1,FIXED_PRODUCT,20260917,HISTORICAL_CONTRACT_SEE_MANIFEST,12,AVAILABLE,path_1_to_H,raw,46200,0.1176505411802651,0.07115113103828435,cdf22a9da88759f1f3dd90e1ca552e0340e9b6bb7f07482a5ba464349d138082
fixed_reference_correction_v1,FIXED_PRODUCT,20260917,HISTORICAL_CONTRACT_SEE_MANIFEST,12,AVAILABLE,path_1_to_H,clip_0_1,46200,0.11751837957204765,0.07104955676692347,cdf22a9da88759f1f3dd90e1ca552e0340e9b6bb7f07482a5ba464349d138082
fixed_reference_correction_v1,FIXED_SEPARABLE,20260915,HISTORICAL_CONTRACT_SEE_MANIFEST,3,AVAILABLE,terminal_H,raw,3850,0.11185289821279472,0.06447451591466981,5467fd881688bc72c347606452c1df359cab55d75a3dc919e390f61781e25522
fixed_reference_correction_v1,FIXED_SEPARABLE,20260915,HISTORICAL_CONTRACT_SEE_MANIFEST,3,AVAILABLE,terminal_H,clip_0_1,3850,0.11165737353414193,0.06435573718638983,5467fd881688bc72c347606452c1df359cab55d75a3dc919e390f61781e25522
fixed_reference_correction_v1,FIXED_SEPARABLE,20260915,HISTORICAL_CONTRACT_SEE_MANIFEST,3,AVAILABLE,path_1_to_H,raw,11550,0.11110833626084565,0.06012406046163821,5467fd881688bc72c347606452c1df359cab55d75a3dc919e390f61781e25522
fixed_reference_correction_v1,FIXED_SEPARABLE,20260915,HISTORICAL_CONTRACT_SEE_MANIFEST,3,AVAILABLE,path_1_to_H,clip_0_1,11550,0.11088823249314769,0.05992586637534085,5467fd881688bc72c347606452c1df359cab55d75a3dc919e390f61781e25522
fixed_reference_correction_v1,FIXED_SEPARABLE,20260915,HISTORICAL_CONTRACT_SEE_MANIFEST,6,AVAILABLE,terminal_H,raw,3850,0.11719281218507666,0.06988796032222294,5467fd881688bc72c347606452c1df359cab55d75a3dc919e390f61781e25522
fixed_reference_correction_v1,FIXED_SEPARABLE,20260915,HISTORICAL_CONTRACT_SEE_MANIFEST,6,AVAILABLE,terminal_H,clip_0_1,3850,0.11706614146557301,0.06963679782798125,5467fd881688bc72c347606452c1df359cab55d75a3dc919e390f61781e25522
fixed_reference_correction_v1,FIXED_SEPARABLE,20260915,HISTORICAL_CONTRACT_SEE_MANIFEST,6,AVAILABLE,path_1_to_H,raw,23100,0.11907703584195599,0.06642965227436437,5467fd881688bc72c347606452c1df359cab55d75a3dc919e390f61781e25522
fixed_reference_correction_v1,FIXED_SEPARABLE,20260915,HISTORICAL_CONTRACT_SEE_MANIFEST,6,AVAILABLE,path_1_to_H,clip_0_1,23100,0.11889887191744368,0.06618286477250455,5467fd881688bc72c347606452c1df359cab55d75a3dc919e390f61781e25522
fixed_reference_correction_v1,FIXED_SEPARABLE,20260915,HISTORICAL_CONTRACT_SEE_MANIFEST,9,AVAILABLE,terminal_H,raw,3850,0.11117844410551718,0.07178459470266522,5467fd881688bc72c347606452c1df359cab55d75a3dc919e390f61781e25522
fixed_reference_correction_v1,FIXED_SEPARABLE,20260915,HISTORICAL_CONTRACT_SEE_MANIFEST,9,AVAILABLE,terminal_H,clip_0_1,3850,0.11114806214892738,0.07172995493741707,5467fd881688bc72c347606452c1df359cab55d75a3dc919e390f61781e25522
fixed_reference_correction_v1,FIXED_SEPARABLE,20260915,HISTORICAL_CONTRACT_SEE_MANIFEST,9,AVAILABLE,path_1_to_H,raw,34650,0.11712085009886124,0.06776625661643734,5467fd881688bc72c347606452c1df359cab55d75a3dc919e390f61781e25522
fixed_reference_correction_v1,FIXED_SEPARABLE,20260915,HISTORICAL_CONTRACT_SEE_MANIFEST,9,AVAILABLE,path_1_to_H,clip_0_1,34650,0.1169919839762648,0.06758655964927082,5467fd881688bc72c347606452c1df359cab55d75a3dc919e390f61781e25522
fixed_reference_correction_v1,FIXED_SEPARABLE,20260915,HISTORICAL_CONTRACT_SEE_MANIFEST,12,AVAILABLE,terminal_H,raw,3850,0.11674358967013213,0.07545428734535749,5467fd881688bc72c347606452c1df359cab55d75a3dc919e390f61781e25522
fixed_reference_correction_v1,FIXED_SEPARABLE,20260915,HISTORICAL_CONTRACT_SEE_MANIFEST,12,AVAILABLE,terminal_H,clip_0_1,3850,0.11672016575556579,0.07541411184333688,5467fd881688bc72c347606452c1df359cab55d75a3dc919e390f61781e25522
fixed_reference_correction_v1,FIXED_SEPARABLE,20260915,HISTORICAL_CONTRACT_SEE_MANIFEST,12,AVAILABLE,path_1_to_H,raw,46200,0.11671682949685164,0.06928380974369892,5467fd881688bc72c347606452c1df359cab55d75a3dc919e390f61781e25522
fixed_reference_correction_v1,FIXED_SEPARABLE,20260915,HISTORICAL_CONTRACT_SEE_MANIFEST,12,AVAILABLE,path_1_to_H,clip_0_1,46200,0.116610330914178,0.06913737131308946,5467fd881688bc72c347606452c1df359cab55d75a3dc919e390f61781e25522
fixed_reference_correction_v1,FIXED_SEPARABLE,20260916,HISTORICAL_CONTRACT_SEE_MANIFEST,3,AVAILABLE,terminal_H,raw,3850,0.10928350917060672,0.06439018550272896,30c131a4a3996255a8063f46434274a1e70566335fdc1956c553c42359c0d279
fixed_reference_correction_v1,FIXED_SEPARABLE,20260916,HISTORICAL_CONTRACT_SEE_MANIFEST,3,AVAILABLE,terminal_H,clip_0_1,3850,0.1092786248186261,0.06436111954451589,30c131a4a3996255a8063f46434274a1e70566335fdc1956c553c42359c0d279
fixed_reference_correction_v1,FIXED_SEPARABLE,20260916,HISTORICAL_CONTRACT_SEE_MANIFEST,3,AVAILABLE,path_1_to_H,raw,11550,0.10905011375149627,0.06017360793061682,30c131a4a3996255a8063f46434274a1e70566335fdc1956c553c42359c0d279
fixed_reference_correction_v1,FIXED_SEPARABLE,20260916,HISTORICAL_CONTRACT_SEE_MANIFEST,3,AVAILABLE,path_1_to_H,clip_0_1,11550,0.1090429333804046,0.06013943165631776,30c131a4a3996255a8063f46434274a1e70566335fdc1956c553c42359c0d279
fixed_reference_correction_v1,FIXED_SEPARABLE,20260916,HISTORICAL_CONTRACT_SEE_MANIFEST,6,AVAILABLE,terminal_H,raw,3850,0.11641604477599982,0.07115410959247914,30c131a4a3996255a8063f46434274a1e70566335fdc1956c553c42359c0d279
fixed_reference_correction_v1,FIXED_SEPARABLE,20260916,HISTORICAL_CONTRACT_SEE_MANIFEST,6,AVAILABLE,terminal_H,clip_0_1,3850,0.1164117714529601,0.07113999391498788,30c131a4a3996255a8063f46434274a1e70566335fdc1956c553c42359c0d279
fixed_reference_correction_v1,FIXED_SEPARABLE,20260916,HISTORICAL_CONTRACT_SEE_MANIFEST,6,AVAILABLE,path_1_to_H,raw,23100,0.11686362682721288,0.06650321560053486,30c131a4a3996255a8063f46434274a1e70566335fdc1956c553c42359c0d279
fixed_reference_correction_v1,FIXED_SEPARABLE,20260916,HISTORICAL_CONTRACT_SEE_MANIFEST,6,AVAILABLE,path_1_to_H,clip_0_1,23100,0.11685663562701444,0.0664650926003719,30c131a4a3996255a8063f46434274a1e70566335fdc1956c553c42359c0d279
fixed_reference_correction_v1,FIXED_SEPARABLE,20260916,HISTORICAL_CONTRACT_SEE_MANIFEST,9,AVAILABLE,terminal_H,raw,3850,0.11036528251694595,0.07147176043033854,30c131a4a3996255a8063f46434274a1e70566335fdc1956c553c42359c0d279
fixed_reference_correction_v1,FIXED_SEPARABLE,20260916,HISTORICAL_CONTRACT_SEE_MANIFEST,9,AVAILABLE,terminal_H,clip_0_1,3850,0.11035483358434128,0.07144427638450196,30c131a4a3996255a8063f46434274a1e70566335fdc1956c553c42359c0d279
fixed_reference_correction_v1,FIXED_SEPARABLE,20260916,HISTORICAL_CONTRACT_SEE_MANIFEST,9,AVAILABLE,path_1_to_H,raw,34650,0.11552574544532798,0.0680578702466081,30c131a4a3996255a8063f46434274a1e70566335fdc1956c553c42359c0d279
fixed_reference_correction_v1,FIXED_SEPARABLE,20260916,HISTORICAL_CONTRACT_SEE_MANIFEST,9,AVAILABLE,path_1_to_H,clip_0_1,34650,0.11551935346907448,0.06802660327776888,30c131a4a3996255a8063f46434274a1e70566335fdc1956c553c42359c0d279
fixed_reference_correction_v1,FIXED_SEPARABLE,20260916,HISTORICAL_CONTRACT_SEE_MANIFEST,12,AVAILABLE,terminal_H,raw,3850,0.11517222264695744,0.07501835715441314,30c131a4a3996255a8063f46434274a1e70566335fdc1956c553c42359c0d279
fixed_reference_correction_v1,FIXED_SEPARABLE,20260916,HISTORICAL_CONTRACT_SEE_MANIFEST,12,AVAILABLE,terminal_H,clip_0_1,3850,0.11516110964990577,0.075001073387725,30c131a4a3996255a8063f46434274a1e70566335fdc1956c553c42359c0d279
fixed_reference_correction_v1,FIXED_SEPARABLE,20260916,HISTORICAL_CONTRACT_SEE_MANIFEST,12,AVAILABLE,path_1_to_H,raw,46200,0.11505260649128515,0.06935838032376304,30c131a4a3996255a8063f46434274a1e70566335fdc1956c553c42359c0d279
fixed_reference_correction_v1,FIXED_SEPARABLE,20260916,HISTORICAL_CONTRACT_SEE_MANIFEST,12,AVAILABLE,path_1_to_H,clip_0_1,46200,0.11504423591865837,0.06932977185054708,30c131a4a3996255a8063f46434274a1e70566335fdc1956c553c42359c0d279
fixed_reference_correction_v1,FIXED_SEPARABLE,20260917,HISTORICAL_CONTRACT_SEE_MANIFEST,3,AVAILABLE,terminal_H,raw,3850,0.10797440836294457,0.06317662336849834,03a2cfff7ab678c2b601936d9a8f4ca91f86c3374d57440b7740e55106131d84
fixed_reference_correction_v1,FIXED_SEPARABLE,20260917,HISTORICAL_CONTRACT_SEE_MANIFEST,3,AVAILABLE,terminal_H,clip_0_1,3850,0.10796994773182578,0.0631568150546174,03a2cfff7ab678c2b601936d9a8f4ca91f86c3374d57440b7740e55106131d84
fixed_reference_correction_v1,FIXED_SEPARABLE,20260917,HISTORICAL_CONTRACT_SEE_MANIFEST,3,AVAILABLE,path_1_to_H,raw,11550,0.10802779260149478,0.05920678310698207,03a2cfff7ab678c2b601936d9a8f4ca91f86c3374d57440b7740e55106131d84
fixed_reference_correction_v1,FIXED_SEPARABLE,20260917,HISTORICAL_CONTRACT_SEE_MANIFEST,3,AVAILABLE,path_1_to_H,clip_0_1,11550,0.10801952946791733,0.05918047476580471,03a2cfff7ab678c2b601936d9a8f4ca91f86c3374d57440b7740e55106131d84
fixed_reference_correction_v1,FIXED_SEPARABLE,20260917,HISTORICAL_CONTRACT_SEE_MANIFEST,6,AVAILABLE,terminal_H,raw,3850,0.11424946616600763,0.06880950005567005,03a2cfff7ab678c2b601936d9a8f4ca91f86c3374d57440b7740e55106131d84
fixed_reference_correction_v1,FIXED_SEPARABLE,20260917,HISTORICAL_CONTRACT_SEE_MANIFEST,6,AVAILABLE,terminal_H,clip_0_1,3850,0.11424892331486401,0.0688031427837306,03a2cfff7ab678c2b601936d9a8f4ca91f86c3374d57440b7740e55106131d84
fixed_reference_correction_v1,FIXED_SEPARABLE,20260917,HISTORICAL_CONTRACT_SEE_MANIFEST,6,AVAILABLE,path_1_to_H,raw,23100,0.11560524404949615,0.06528752199219391,03a2cfff7ab678c2b601936d9a8f4ca91f86c3374d57440b7740e55106131d84
fixed_reference_correction_v1,FIXED_SEPARABLE,20260917,HISTORICAL_CONTRACT_SEE_MANIFEST,6,AVAILABLE,path_1_to_H,clip_0_1,23100,0.11559711744641207,0.06526287512112015,03a2cfff7ab678c2b601936d9a8f4ca91f86c3374d57440b7740e55106131d84
fixed_reference_correction_v1,FIXED_SEPARABLE,20260917,HISTORICAL_CONTRACT_SEE_MANIFEST,9,AVAILABLE,terminal_H,raw,3850,0.1105758148819559,0.07173530417609379,03a2cfff7ab678c2b601936d9a8f4ca91f86c3374d57440b7740e55106131d84
fixed_reference_correction_v1,FIXED_SEPARABLE,20260917,HISTORICAL_CONTRACT_SEE_MANIFEST,9,AVAILABLE,terminal_H,clip_0_1,3850,0.11056951943519225,0.07171629740331543,03a2cfff7ab678c2b601936d9a8f4ca91f86c3374d57440b7740e55106131d84
fixed_reference_correction_v1,FIXED_SEPARABLE,20260917,HISTORICAL_CONTRACT_SEE_MANIFEST,9,AVAILABLE,path_1_to_H,raw,34650,0.11453691532322634,0.06703819303518217,03a2cfff7ab678c2b601936d9a8f4ca91f86c3374d57440b7740e55106131d84
fixed_reference_correction_v1,FIXED_SEPARABLE,20260917,HISTORICAL_CONTRACT_SEE_MANIFEST,9,AVAILABLE,path_1_to_H,clip_0_1,34650,0.11453049331412975,0.06701737370062916,03a2cfff7ab678c2b601936d9a8f4ca91f86c3374d57440b7740e55106131d84
fixed_reference_correction_v1,FIXED_SEPARABLE,20260917,HISTORICAL_CONTRACT_SEE_MANIFEST,12,AVAILABLE,terminal_H,raw,3850,0.11527669204381158,0.07537684195801121,03a2cfff7ab678c2b601936d9a8f4ca91f86c3374d57440b7740e55106131d84
fixed_reference_correction_v1,FIXED_SEPARABLE,20260917,HISTORICAL_CONTRACT_SEE_MANIFEST,12,AVAILABLE,terminal_H,clip_0_1,3850,0.11527061401229156,0.07536238386577775,03a2cfff7ab678c2b601936d9a8f4ca91f86c3374d57440b7740e55106131d84
fixed_reference_correction_v1,FIXED_SEPARABLE,20260917,HISTORICAL_CONTRACT_SEE_MANIFEST,12,AVAILABLE,path_1_to_H,raw,46200,0.11438765175162154,0.06873388601424722,03a2cfff7ab678c2b601936d9a8f4ca91f86c3374d57440b7740e55106131d84
fixed_reference_correction_v1,FIXED_SEPARABLE,20260917,HISTORICAL_CONTRACT_SEE_MANIFEST,12,AVAILABLE,path_1_to_H,clip_0_1,46200,0.11437985860139913,0.0687133804575949,03a2cfff7ab678c2b601936d9a8f4ca91f86c3374d57440b7740e55106131d84
fixed_reference_correction_v1,FIXED_CONCAT,20260915,HISTORICAL_CONTRACT_SEE_MANIFEST,3,AVAILABLE,terminal_H,raw,3850,0.10975798747175682,0.0654128222130339,82a128a8abedf5f8dd6963ce41dd927df5467410656382566c81441b05c2d815
fixed_reference_correction_v1,FIXED_CONCAT,20260915,HISTORICAL_CONTRACT_SEE_MANIFEST,3,AVAILABLE,terminal_H,clip_0_1,3850,0.10973666345329432,0.06536756938467134,82a128a8abedf5f8dd6963ce41dd927df5467410656382566c81441b05c2d815
fixed_reference_correction_v1,FIXED_CONCAT,20260915,HISTORICAL_CONTRACT_SEE_MANIFEST,3,AVAILABLE,path_1_to_H,raw,11550,0.10962688435352011,0.06107245258239917,82a128a8abedf5f8dd6963ce41dd927df5467410656382566c81441b05c2d815
fixed_reference_correction_v1,FIXED_CONCAT,20260915,HISTORICAL_CONTRACT_SEE_MANIFEST,3,AVAILABLE,path_1_to_H,clip_0_1,11550,0.10960854346753353,0.06102428013288812,82a128a8abedf5f8dd6963ce41dd927df5467410656382566c81441b05c2d815
fixed_reference_correction_v1,FIXED_CONCAT,20260915,HISTORICAL_CONTRACT_SEE_MANIFEST,6,AVAILABLE,terminal_H,raw,3850,0.11565550054986029,0.07163546229442944,82a128a8abedf5f8dd6963ce41dd927df5467410656382566c81441b05c2d815
fixed_reference_correction_v1,FIXED_CONCAT,20260915,HISTORICAL_CONTRACT_SEE_MANIFEST,6,AVAILABLE,terminal_H,clip_0_1,3850,0.11564989930044889,0.07160202975035217,82a128a8abedf5f8dd6963ce41dd927df5467410656382566c81441b05c2d815
fixed_reference_correction_v1,FIXED_CONCAT,20260915,HISTORICAL_CONTRACT_SEE_MANIFEST,6,AVAILABLE,path_1_to_H,raw,23100,0.11682167452399299,0.06716348345647363,82a128a8abedf5f8dd6963ce41dd927df5467410656382566c81441b05c2d815
fixed_reference_correction_v1,FIXED_CONCAT,20260915,HISTORICAL_CONTRACT_SEE_MANIFEST,6,AVAILABLE,path_1_to_H,clip_0_1,23100,0.11681098723494972,0.0671241325427668,82a128a8abedf5f8dd6963ce41dd927df5467410656382566c81441b05c2d815
fixed_reference_correction_v1,FIXED_CONCAT,20260915,HISTORICAL_CONTRACT_SEE_MANIFEST,9,AVAILABLE,terminal_H,raw,3850,0.11161514024981618,0.07397860443492214,82a128a8abedf5f8dd6963ce41dd927df5467410656382566c81441b05c2d815
fixed_reference_correction_v1,FIXED_CONCAT,20260915,HISTORICAL_CONTRACT_SEE_MANIFEST,9,AVAILABLE,terminal_H,clip_0_1,3850,0.11161474107353285,0.07396794671122865,82a128a8abedf5f8dd6963ce41dd927df5467410656382566c81441b05c2d815
fixed_reference_correction_v1,FIXED_CONCAT,20260915,HISTORICAL_CONTRACT_SEE_MANIFEST,9,AVAILABLE,path_1_to_H,raw,34650,0.11579693359244846,0.06925791113894986,82a128a8abedf5f8dd6963ce41dd927df5467410656382566c81441b05c2d815
fixed_reference_correction_v1,FIXED_CONCAT,20260915,HISTORICAL_CONTRACT_SEE_MANIFEST,9,AVAILABLE,path_1_to_H,clip_0_1,34650,0.11578899723353735,0.06922451943119591,82a128a8abedf5f8dd6963ce41dd927df5467410656382566c81441b05c2d815
fixed_reference_correction_v1,FIXED_CONCAT,20260915,HISTORICAL_CONTRACT_SEE_MANIFEST,12,AVAILABLE,terminal_H,raw,3850,0.11743681255348552,0.07819896859814576,82a128a8abedf5f8dd6963ce41dd927df5467410656382566c81441b05c2d815
fixed_reference_correction_v1,FIXED_CONCAT,20260915,HISTORICAL_CONTRACT_SEE_MANIFEST,12,AVAILABLE,terminal_H,clip_0_1,3850,0.11743625985744524,0.07819150046261954,82a128a8abedf5f8dd6963ce41dd927df5467410656382566c81441b05c2d815
fixed_reference_correction_v1,FIXED_CONCAT,20260915,HISTORICAL_CONTRACT_SEE_MANIFEST,12,AVAILABLE,path_1_to_H,raw,46200,0.11581467069637302,0.07110926415406413,82a128a8abedf5f8dd6963ce41dd927df5467410656382566c81441b05c2d815
fixed_reference_correction_v1,FIXED_CONCAT,20260915,HISTORICAL_CONTRACT_SEE_MANIFEST,12,AVAILABLE,path_1_to_H,clip_0_1,46200,0.11580840691140099,0.07108310686963258,82a128a8abedf5f8dd6963ce41dd927df5467410656382566c81441b05c2d815
fixed_reference_correction_v1,FIXED_CONCAT,20260916,HISTORICAL_CONTRACT_SEE_MANIFEST,3,AVAILABLE,terminal_H,raw,3850,0.109799764995321,0.06356691820636834,7c3e1c3f58ebdc3c3f58a50d4dd27394f5d1baec4d6216a507a24746e12f2e29
fixed_reference_correction_v1,FIXED_CONCAT,20260916,HISTORICAL_CONTRACT_SEE_MANIFEST,3,AVAILABLE,terminal_H,clip_0_1,3850,0.10978511174798294,0.06353083954163008,7c3e1c3f58ebdc3c3f58a50d4dd27394f5d1baec4d6216a507a24746e12f2e29
fixed_reference_correction_v1,FIXED_CONCAT,20260916,HISTORICAL_CONTRACT_SEE_MANIFEST,3,AVAILABLE,path_1_to_H,raw,11550,0.10969978840026637,0.0596071473641881,7c3e1c3f58ebdc3c3f58a50d4dd27394f5d1baec4d6216a507a24746e12f2e29
fixed_reference_correction_v1,FIXED_CONCAT,20260916,HISTORICAL_CONTRACT_SEE_MANIFEST,3,AVAILABLE,path_1_to_H,clip_0_1,11550,0.10968829815326868,0.059562593031049695,7c3e1c3f58ebdc3c3f58a50d4dd27394f5d1baec4d6216a507a24746e12f2e29
fixed_reference_correction_v1,FIXED_CONCAT,20260916,HISTORICAL_CONTRACT_SEE_MANIFEST,6,AVAILABLE,terminal_H,raw,3850,0.1146736773413873,0.06929091468139428,7c3e1c3f58ebdc3c3f58a50d4dd27394f5d1baec4d6216a507a24746e12f2e29
fixed_reference_correction_v1,FIXED_CONCAT,20260916,HISTORICAL_CONTRACT_SEE_MANIFEST,6,AVAILABLE,terminal_H,clip_0_1,3850,0.1146675958851525,0.06925943793581105,7c3e1c3f58ebdc3c3f58a50d4dd27394f5d1baec4d6216a507a24746e12f2e29
fixed_reference_correction_v1,FIXED_CONCAT,20260916,HISTORICAL_CONTRACT_SEE_MANIFEST,6,AVAILABLE,path_1_to_H,raw,23100,0.11667779187254042,0.06548601227683366,7c3e1c3f58ebdc3c3f58a50d4dd27394f5d1baec4d6216a507a24746e12f2e29
fixed_reference_correction_v1,FIXED_CONCAT,20260916,HISTORICAL_CONTRACT_SEE_MANIFEST,6,AVAILABLE,path_1_to_H,clip_0_1,23100,0.1166613305022387,0.06544384782114421,7c3e1c3f58ebdc3c3f58a50d4dd27394f5d1baec4d6216a507a24746e12f2e29
fixed_reference_correction_v1,FIXED_CONCAT,20260916,HISTORICAL_CONTRACT_SEE_MANIFEST,9,AVAILABLE,terminal_H,raw,3850,0.11030044095549113,0.07219713030985561,7c3e1c3f58ebdc3c3f58a50d4dd27394f5d1baec4d6216a507a24746e12f2e29
fixed_reference_correction_v1,FIXED_CONCAT,20260916,HISTORICAL_CONTRACT_SEE_MANIFEST,9,AVAILABLE,terminal_H,clip_0_1,3850,0.11029866543111425,0.0721752941497959,7c3e1c3f58ebdc3c3f58a50d4dd27394f5d1baec4d6216a507a24746e12f2e29
fixed_reference_correction_v1,FIXED_CONCAT,20260916,HISTORICAL_CONTRACT_SEE_MANIFEST,9,AVAILABLE,path_1_to_H,raw,34650,0.11512181671747122,0.06739707860403385,7c3e1c3f58ebdc3c3f58a50d4dd27394f5d1baec4d6216a507a24746e12f2e29
fixed_reference_correction_v1,FIXED_CONCAT,20260916,HISTORICAL_CONTRACT_SEE_MANIFEST,9,AVAILABLE,path_1_to_H,clip_0_1,34650,0.1151095692556054,0.06735982009031698,7c3e1c3f58ebdc3c3f58a50d4dd27394f5d1baec4d6216a507a24746e12f2e29
fixed_reference_correction_v1,FIXED_CONCAT,20260916,HISTORICAL_CONTRACT_SEE_MANIFEST,12,AVAILABLE,terminal_H,raw,3850,0.11772120108843181,0.0781274022595766,7c3e1c3f58ebdc3c3f58a50d4dd27394f5d1baec4d6216a507a24746e12f2e29
fixed_reference_correction_v1,FIXED_CONCAT,20260916,HISTORICAL_CONTRACT_SEE_MANIFEST,12,AVAILABLE,terminal_H,clip_0_1,3850,0.11771711297807155,0.07811306804883118,7c3e1c3f58ebdc3c3f58a50d4dd27394f5d1baec4d6216a507a24746e12f2e29
fixed_reference_correction_v1,FIXED_CONCAT,20260916,HISTORICAL_CONTRACT_SEE_MANIFEST,12,AVAILABLE,path_1_to_H,raw,46200,0.11527543925794176,0.06954158931186091,7c3e1c3f58ebdc3c3f58a50d4dd27394f5d1baec4d6216a507a24746e12f2e29
fixed_reference_correction_v1,FIXED_CONCAT,20260916,HISTORICAL_CONTRACT_SEE_MANIFEST,12,AVAILABLE,path_1_to_H,clip_0_1,46200,0.11526474149909871,0.06951032843882148,7c3e1c3f58ebdc3c3f58a50d4dd27394f5d1baec4d6216a507a24746e12f2e29
fixed_reference_correction_v1,FIXED_CONCAT,20260917,HISTORICAL_CONTRACT_SEE_MANIFEST,3,AVAILABLE,terminal_H,raw,3850,0.1095314853969515,0.06409427400265101,68347b8b66df59d696ae6e826b2bd6ba1fec1434a6036ce9ae150b00df60b88f
fixed_reference_correction_v1,FIXED_CONCAT,20260917,HISTORICAL_CONTRACT_SEE_MANIFEST,3,AVAILABLE,terminal_H,clip_0_1,3850,0.10952237851026302,0.06404197539834705,68347b8b66df59d696ae6e826b2bd6ba1fec1434a6036ce9ae150b00df60b88f
fixed_reference_correction_v1,FIXED_CONCAT,20260917,HISTORICAL_CONTRACT_SEE_MANIFEST,3,AVAILABLE,path_1_to_H,raw,11550,0.10939149863426441,0.059771928402666825,68347b8b66df59d696ae6e826b2bd6ba1fec1434a6036ce9ae150b00df60b88f
fixed_reference_correction_v1,FIXED_CONCAT,20260917,HISTORICAL_CONTRACT_SEE_MANIFEST,3,AVAILABLE,path_1_to_H,clip_0_1,11550,0.1093811887519812,0.059711545942724584,68347b8b66df59d696ae6e826b2bd6ba1fec1434a6036ce9ae150b00df60b88f
fixed_reference_correction_v1,FIXED_CONCAT,20260917,HISTORICAL_CONTRACT_SEE_MANIFEST,6,AVAILABLE,terminal_H,raw,3850,0.11543881608063636,0.07003931325863429,68347b8b66df59d696ae6e826b2bd6ba1fec1434a6036ce9ae150b00df60b88f
fixed_reference_correction_v1,FIXED_CONCAT,20260917,HISTORICAL_CONTRACT_SEE_MANIFEST,6,AVAILABLE,terminal_H,clip_0_1,3850,0.11543246513767472,0.07000675491585277,68347b8b66df59d696ae6e826b2bd6ba1fec1434a6036ce9ae150b00df60b88f
fixed_reference_correction_v1,FIXED_CONCAT,20260917,HISTORICAL_CONTRACT_SEE_MANIFEST,6,AVAILABLE,path_1_to_H,raw,23100,0.11705987461714275,0.06605007112004753,68347b8b66df59d696ae6e826b2bd6ba1fec1434a6036ce9ae150b00df60b88f
fixed_reference_correction_v1,FIXED_CONCAT,20260917,HISTORICAL_CONTRACT_SEE_MANIFEST,6,AVAILABLE,path_1_to_H,clip_0_1,23100,0.1170483113514654,0.06599450331938089,68347b8b66df59d696ae6e826b2bd6ba1fec1434a6036ce9ae150b00df60b88f
fixed_reference_correction_v1,FIXED_CONCAT,20260917,HISTORICAL_CONTRACT_SEE_MANIFEST,9,AVAILABLE,terminal_H,raw,3850,0.11148991102534532,0.07202689408640435,68347b8b66df59d696ae6e826b2bd6ba1fec1434a6036ce9ae150b00df60b88f
fixed_reference_correction_v1,FIXED_CONCAT,20260917,HISTORICAL_CONTRACT_SEE_MANIFEST,9,AVAILABLE,terminal_H,clip_0_1,3850,0.1114771653474678,0.07198705935894996,68347b8b66df59d696ae6e826b2bd6ba1fec1434a6036ce9ae150b00df60b88f
fixed_reference_correction_v1,FIXED_CONCAT,20260917,HISTORICAL_CONTRACT_SEE_MANIFEST,9,AVAILABLE,path_1_to_H,raw,34650,0.1158032795411351,0.06775656062065014,68347b8b66df59d696ae6e826b2bd6ba1fec1434a6036ce9ae150b00df60b88f
fixed_reference_correction_v1,FIXED_CONCAT,20260917,HISTORICAL_CONTRACT_SEE_MANIFEST,9,AVAILABLE,path_1_to_H,clip_0_1,34650,0.11579291383234744,0.06770755263962007,68347b8b66df59d696ae6e826b2bd6ba1fec1434a6036ce9ae150b00df60b88f
fixed_reference_correction_v1,FIXED_CONCAT,20260917,HISTORICAL_CONTRACT_SEE_MANIFEST,12,AVAILABLE,terminal_H,raw,3850,0.11717781349051984,0.07685702933209382,68347b8b66df59d696ae6e826b2bd6ba1fec1434a6036ce9ae150b00df60b88f
fixed_reference_correction_v1,FIXED_CONCAT,20260917,HISTORICAL_CONTRACT_SEE_MANIFEST,12,AVAILABLE,terminal_H,clip_0_1,3850,0.11716048200224415,0.07681725242490865,68347b8b66df59d696ae6e826b2bd6ba1fec1434a6036ce9ae150b00df60b88f
fixed_reference_correction_v1,FIXED_CONCAT,20260917,HISTORICAL_CONTRACT_SEE_MANIFEST,12,AVAILABLE,path_1_to_H,raw,46200,0.11579223560513927,0.06959598565279272,68347b8b66df59d696ae6e826b2bd6ba1fec1434a6036ce9ae150b00df60b88f
fixed_reference_correction_v1,FIXED_CONCAT,20260917,HISTORICAL_CONTRACT_SEE_MANIFEST,12,AVAILABLE,path_1_to_H,clip_0_1,46200,0.11577832732758336,0.06954947136003282,68347b8b66df59d696ae6e826b2bd6ba1fec1434a6036ce9ae150b00df60b88f
