epoch,cohort,model,seed,information_track,horizon,status,target_scope,postprocess,scored_values,rmse,mae
0,NEW_CORE_SELECT,OD_PRODUCT,20260915,LOCAL_OD_168,3,AVAILABLE,terminal_H,raw,3850,0.07155749091832687,0.04150404715197922
0,NEW_CORE_SELECT,OD_PRODUCT,20260915,LOCAL_OD_168,3,AVAILABLE,terminal_H,clip_0_1,3850,0.07155532535344217,0.04148815061496082
0,NEW_CORE_SELECT,OD_PRODUCT,20260915,LOCAL_OD_168,3,AVAILABLE,path_1_to_H,raw,11550,0.06533001779708264,0.03669940274660176
0,NEW_CORE_SELECT,OD_PRODUCT,20260915,LOCAL_OD_168,3,AVAILABLE,path_1_to_H,clip_0_1,11550,0.0653026967012024,0.0366599289799402
0,NEW_CORE_SELECT,OD_PRODUCT,20260915,LOCAL_OD_168,6,AVAILABLE,terminal_H,raw,3850,0.07640047146889435,0.04762812144991265
0,NEW_CORE_SELECT,OD_PRODUCT,20260915,LOCAL_OD_168,6,AVAILABLE,terminal_H,clip_0_1,3850,0.07639800240261242,0.04762124960119462
0,NEW_CORE_SELECT,OD_PRODUCT,20260915,LOCAL_OD_168,6,AVAILABLE,path_1_to_H,raw,23100,0.0699865059565207,0.04114355073647552
0,NEW_CORE_SELECT,OD_PRODUCT,20260915,LOCAL_OD_168,6,AVAILABLE,path_1_to_H,clip_0_1,23100,0.06997297823626436,0.04111893887692638
0,NEW_CORE_SELECT,OD_PRODUCT,20260915,LOCAL_OD_168,9,AVAILABLE,terminal_H,raw,3850,0.08468624593246253,0.056971649421793065
0,NEW_CORE_SELECT,OD_PRODUCT,20260915,LOCAL_OD_168,9,AVAILABLE,terminal_H,clip_0_1,3850,0.08468509333991603,0.05696355243365054
0,NEW_CORE_SELECT,OD_PRODUCT,20260915,LOCAL_OD_168,9,AVAILABLE,path_1_to_H,raw,34650,0.07434497497347202,0.04506060979594297
0,NEW_CORE_SELECT,OD_PRODUCT,20260915,LOCAL_OD_168,9,AVAILABLE,path_1_to_H,clip_0_1,34650,0.07433592718062032,0.04504229630533493
0,NEW_CORE_SELECT,OD_PRODUCT,20260915,LOCAL_OD_168,12,AVAILABLE,terminal_H,raw,3850,0.09306321667618835,0.06072716654989335
0,NEW_CORE_SELECT,OD_PRODUCT,20260915,LOCAL_OD_168,12,AVAILABLE,terminal_H,clip_0_1,3850,0.09305738102667864,0.06071073253632499
0,NEW_CORE_SELECT,OD_PRODUCT,20260915,LOCAL_OD_168,12,AVAILABLE,path_1_to_H,raw,46200,0.07876578519461823,0.048791925921694526
0,NEW_CORE_SELECT,OD_PRODUCT,20260915,LOCAL_OD_168,12,AVAILABLE,path_1_to_H,clip_0_1,46200,0.07875791627267534,0.0487757014041068
5,NEW_CORE_SELECT,OD_PRODUCT,20260915,LOCAL_OD_168,3,AVAILABLE,terminal_H,raw,3850,0.07176230950752617,0.041573894800500125
5,NEW_CORE_SELECT,OD_PRODUCT,20260915,LOCAL_OD_168,3,AVAILABLE,terminal_H,clip_0_1,3850,0.07175687391780255,0.041555353075258414
5,NEW_CORE_SELECT,OD_PRODUCT,20260915,LOCAL_OD_168,3,AVAILABLE,path_1_to_H,raw,11550,0.0656000962552648,0.03686540482196925
5,NEW_CORE_SELECT,OD_PRODUCT,20260915,LOCAL_OD_168,3,AVAILABLE,path_1_to_H,clip_0_1,11550,0.0655617974509457,0.036811695813487415
5,NEW_CORE_SELECT,OD_PRODUCT,20260915,LOCAL_OD_168,6,AVAILABLE,terminal_H,raw,3850,0.07626565062010413,0.04775836937678128
5,NEW_CORE_SELECT,OD_PRODUCT,20260915,LOCAL_OD_168,6,AVAILABLE,terminal_H,clip_0_1,3850,0.07626485349598279,0.047749973487710436
5,NEW_CORE_SELECT,OD_PRODUCT,20260915,LOCAL_OD_168,6,AVAILABLE,path_1_to_H,raw,23100,0.07014405599125974,0.04138427011134857
5,NEW_CORE_SELECT,OD_PRODUCT,20260915,LOCAL_OD_168,6,AVAILABLE,path_1_to_H,clip_0_1,23100,0.07012559107617095,0.04135315315766734
5,NEW_CORE_SELECT,OD_PRODUCT,20260915,LOCAL_OD_168,9,AVAILABLE,terminal_H,raw,3850,0.08453065830557434,0.056752148062734514
5,NEW_CORE_SELECT,OD_PRODUCT,20260915,LOCAL_OD_168,9,AVAILABLE,terminal_H,clip_0_1,3850,0.084529554859918,0.05674417703198157
5,NEW_CORE_SELECT,OD_PRODUCT,20260915,LOCAL_OD_168,9,AVAILABLE,path_1_to_H,raw,34650,0.07446048404418999,0.04532933949093617
5,NEW_CORE_SELECT,OD_PRODUCT,20260915,LOCAL_OD_168,9,AVAILABLE,path_1_to_H,clip_0_1,34650,0.0744483434257499,0.04530568128151865
5,NEW_CORE_SELECT,OD_PRODUCT,20260915,LOCAL_OD_168,12,AVAILABLE,terminal_H,raw,3850,0.09220439312927667,0.05993441115217249
5,NEW_CORE_SELECT,OD_PRODUCT,20260915,LOCAL_OD_168,12,AVAILABLE,terminal_H,clip_0_1,3850,0.09219857280410135,0.059923559073352485
5,NEW_CORE_SELECT,OD_PRODUCT,20260915,LOCAL_OD_168,12,AVAILABLE,path_1_to_H,raw,46200,0.07868791830377936,0.048887562806649236
5,NEW_CORE_SELECT,OD_PRODUCT,20260915,LOCAL_OD_168,12,AVAILABLE,path_1_to_H,clip_0_1,46200,0.07867776152929948,0.04886768861533061
10,NEW_CORE_SELECT,OD_PRODUCT,20260915,LOCAL_OD_168,3,AVAILABLE,terminal_H,raw,3850,0.07189091802270604,0.0417150157829368
10,NEW_CORE_SELECT,OD_PRODUCT,20260915,LOCAL_OD_168,3,AVAILABLE,terminal_H,clip_0_1,3850,0.07185829502902605,0.04162229487542753
10,NEW_CORE_SELECT,OD_PRODUCT,20260915,LOCAL_OD_168,3,AVAILABLE,path_1_to_H,raw,11550,0.06551827274013586,0.036925270130458716
10,NEW_CORE_SELECT,OD_PRODUCT,20260915,LOCAL_OD_168,3,AVAILABLE,path_1_to_H,clip_0_1,11550,0.06546692300452084,0.03683049111627251
10,NEW_CORE_SELECT,OD_PRODUCT,20260915,LOCAL_OD_168,6,AVAILABLE,terminal_H,raw,3850,0.07619933158954018,0.047304079621580335
10,NEW_CORE_SELECT,OD_PRODUCT,20260915,LOCAL_OD_168,6,AVAILABLE,terminal_H,clip_0_1,3850,0.07617537272072017,0.04724019736664446
10,NEW_CORE_SELECT,OD_PRODUCT,20260915,LOCAL_OD_168,6,AVAILABLE,path_1_to_H,raw,23100,0.07001439615918689,0.04114011513484355
10,NEW_CORE_SELECT,OD_PRODUCT,20260915,LOCAL_OD_168,6,AVAILABLE,path_1_to_H,clip_0_1,23100,0.06997892207730827,0.041060358463352827
10,NEW_CORE_SELECT,OD_PRODUCT,20260915,LOCAL_OD_168,9,AVAILABLE,terminal_H,raw,3850,0.08462435147031032,0.05673107962305275
10,NEW_CORE_SELECT,OD_PRODUCT,20260915,LOCAL_OD_168,9,AVAILABLE,terminal_H,clip_0_1,3850,0.08462358397363165,0.05671914414542041
10,NEW_CORE_SELECT,OD_PRODUCT,20260915,LOCAL_OD_168,9,AVAILABLE,path_1_to_H,raw,34650,0.07438298681059159,0.04507233970403316
10,NEW_CORE_SELECT,OD_PRODUCT,20260915,LOCAL_OD_168,9,AVAILABLE,path_1_to_H,clip_0_1,34650,0.07435553615032235,0.04500680877685494
10,NEW_CORE_SELECT,OD_PRODUCT,20260915,LOCAL_OD_168,12,AVAILABLE,terminal_H,raw,3850,0.0923906836156241,0.06000124697062504
10,NEW_CORE_SELECT,OD_PRODUCT,20260915,LOCAL_OD_168,12,AVAILABLE,terminal_H,clip_0_1,3850,0.09237985245590155,0.05998198720877273
10,NEW_CORE_SELECT,OD_PRODUCT,20260915,LOCAL_OD_168,12,AVAILABLE,path_1_to_H,raw,46200,0.0787150880824858,0.04871211679151338
10,NEW_CORE_SELECT,OD_PRODUCT,20260915,LOCAL_OD_168,12,AVAILABLE,path_1_to_H,clip_0_1,46200,0.0786923444821452,0.048659169757797924
20,NEW_CORE_SELECT,OD_PRODUCT,20260915,LOCAL_OD_168,3,AVAILABLE,terminal_H,raw,3850,0.07141745518847338,0.04126299266526781
20,NEW_CORE_SELECT,OD_PRODUCT,20260915,LOCAL_OD_168,3,AVAILABLE,terminal_H,clip_0_1,3850,0.07140837814516154,0.0412349679339541
20,NEW_CORE_SELECT,OD_PRODUCT,20260915,LOCAL_OD_168,3,AVAILABLE,path_1_to_H,raw,11550,0.06517230954523799,0.03658689452949034
20,NEW_CORE_SELECT,OD_PRODUCT,20260915,LOCAL_OD_168,3,AVAILABLE,path_1_to_H,clip_0_1,11550,0.06513945738997659,0.036539583682776065
20,NEW_CORE_SELECT,OD_PRODUCT,20260915,LOCAL_OD_168,6,AVAILABLE,terminal_H,raw,3850,0.07577401089690104,0.04722118122483583
20,NEW_CORE_SELECT,OD_PRODUCT,20260915,LOCAL_OD_168,6,AVAILABLE,terminal_H,clip_0_1,3850,0.07575940146027527,0.047190845989199585
20,NEW_CORE_SELECT,OD_PRODUCT,20260915,LOCAL_OD_168,6,AVAILABLE,path_1_to_H,raw,23100,0.06958855126619669,0.04087529382265277
20,NEW_CORE_SELECT,OD_PRODUCT,20260915,LOCAL_OD_168,6,AVAILABLE,path_1_to_H,clip_0_1,23100,0.06956813371506156,0.040839178448087356
20,NEW_CORE_SELECT,OD_PRODUCT,20260915,LOCAL_OD_168,9,AVAILABLE,terminal_H,raw,3850,0.08435920340495884,0.057251235912139396
20,NEW_CORE_SELECT,OD_PRODUCT,20260915,LOCAL_OD_168,9,AVAILABLE,terminal_H,clip_0_1,3850,0.08435920170125552,0.057250962669891506
20,NEW_CORE_SELECT,OD_PRODUCT,20260915,LOCAL_OD_168,9,AVAILABLE,path_1_to_H,raw,34650,0.0739600672359853,0.04487439570315239
20,NEW_CORE_SELECT,OD_PRODUCT,20260915,LOCAL_OD_168,9,AVAILABLE,path_1_to_H,clip_0_1,34650,0.07394404531368778,0.04484368121645422
20,NEW_CORE_SELECT,OD_PRODUCT,20260915,LOCAL_OD_168,12,AVAILABLE,terminal_H,raw,3850,0.09179416530914218,0.05987733057417071
20,NEW_CORE_SELECT,OD_PRODUCT,20260915,LOCAL_OD_168,12,AVAILABLE,terminal_H,clip_0_1,3850,0.09178751467064594,0.05986304156463854
20,NEW_CORE_SELECT,OD_PRODUCT,20260915,LOCAL_OD_168,12,AVAILABLE,path_1_to_H,raw,46200,0.07824987332251514,0.04853725308217056
20,NEW_CORE_SELECT,OD_PRODUCT,20260915,LOCAL_OD_168,12,AVAILABLE,path_1_to_H,clip_0_1,46200,0.07823732224272271,0.0485124725860467
40,NEW_CORE_SELECT,OD_PRODUCT,20260915,LOCAL_OD_168,3,AVAILABLE,terminal_H,raw,3850,0.07144759061943519,0.04126803245785704
40,NEW_CORE_SELECT,OD_PRODUCT,20260915,LOCAL_OD_168,3,AVAILABLE,terminal_H,clip_0_1,3850,0.07143022922586907,0.041226059148754074
40,NEW_CORE_SELECT,OD_PRODUCT,20260915,LOCAL_OD_168,3,AVAILABLE,path_1_to_H,raw,11550,0.06511731535477948,0.03655973372127595
40,NEW_CORE_SELECT,OD_PRODUCT,20260915,LOCAL_OD_168,3,AVAILABLE,path_1_to_H,clip_0_1,11550,0.06507583571465252,0.036496700439216066
40,NEW_CORE_SELECT,OD_PRODUCT,20260915,LOCAL_OD_168,6,AVAILABLE,terminal_H,raw,3850,0.07582289855148104,0.04707841079603883
40,NEW_CORE_SELECT,OD_PRODUCT,20260915,LOCAL_OD_168,6,AVAILABLE,terminal_H,clip_0_1,3850,0.07580621089523612,0.047034903865030786
40,NEW_CORE_SELECT,OD_PRODUCT,20260915,LOCAL_OD_168,6,AVAILABLE,path_1_to_H,raw,23100,0.06961064673191868,0.04080991198988677
40,NEW_CORE_SELECT,OD_PRODUCT,20260915,LOCAL_OD_168,6,AVAILABLE,path_1_to_H,clip_0_1,23100,0.06958402582194563,0.040756645642425975
40,NEW_CORE_SELECT,OD_PRODUCT,20260915,LOCAL_OD_168,9,AVAILABLE,terminal_H,raw,3850,0.08393433211054101,0.05665377995562992
40,NEW_CORE_SELECT,OD_PRODUCT,20260915,LOCAL_OD_168,9,AVAILABLE,terminal_H,clip_0_1,3850,0.08393230642617563,0.05664288613995316
40,NEW_CORE_SELECT,OD_PRODUCT,20260915,LOCAL_OD_168,9,AVAILABLE,path_1_to_H,raw,34650,0.07382354228030445,0.0446639947330423
40,NEW_CORE_SELECT,OD_PRODUCT,20260915,LOCAL_OD_168,9,AVAILABLE,path_1_to_H,clip_0_1,34650,0.07380315773985509,0.04461866579157065
40,NEW_CORE_SELECT,OD_PRODUCT,20260915,LOCAL_OD_168,12,AVAILABLE,terminal_H,raw,3850,0.09187840943129681,0.0599852235389822
40,NEW_CORE_SELECT,OD_PRODUCT,20260915,LOCAL_OD_168,12,AVAILABLE,terminal_H,clip_0_1,3850,0.09185407639812711,0.05995561301859362
40,NEW_CORE_SELECT,OD_PRODUCT,20260915,LOCAL_OD_168,12,AVAILABLE,path_1_to_H,raw,46200,0.07815593619171611,0.04838398008815295
40,NEW_CORE_SELECT,OD_PRODUCT,20260915,LOCAL_OD_168,12,AVAILABLE,path_1_to_H,clip_0_1,46200,0.0781377365706605,0.04834612777413761
0,NEW_CORE_SELECT,OD_PRODUCT,20260916,LOCAL_OD_168,3,AVAILABLE,terminal_H,raw,3850,0.07155749091832687,0.04150404715197922
0,NEW_CORE_SELECT,OD_PRODUCT,20260916,LOCAL_OD_168,3,AVAILABLE,terminal_H,clip_0_1,3850,0.07155532535344217,0.04148815061496082
0,NEW_CORE_SELECT,OD_PRODUCT,20260916,LOCAL_OD_168,3,AVAILABLE,path_1_to_H,raw,11550,0.06533001779708264,0.03669940274660176
0,NEW_CORE_SELECT,OD_PRODUCT,20260916,LOCAL_OD_168,3,AVAILABLE,path_1_to_H,clip_0_1,11550,0.0653026967012024,0.0366599289799402
0,NEW_CORE_SELECT,OD_PRODUCT,20260916,LOCAL_OD_168,6,AVAILABLE,terminal_H,raw,3850,0.07640047146889435,0.04762812144991265
0,NEW_CORE_SELECT,OD_PRODUCT,20260916,LOCAL_OD_168,6,AVAILABLE,terminal_H,clip_0_1,3850,0.07639800240261242,0.04762124960119462
0,NEW_CORE_SELECT,OD_PRODUCT,20260916,LOCAL_OD_168,6,AVAILABLE,path_1_to_H,raw,23100,0.0699865059565207,0.04114355073647552
0,NEW_CORE_SELECT,OD_PRODUCT,20260916,LOCAL_OD_168,6,AVAILABLE,path_1_to_H,clip_0_1,23100,0.06997297823626436,0.04111893887692638
0,NEW_CORE_SELECT,OD_PRODUCT,20260916,LOCAL_OD_168,9,AVAILABLE,terminal_H,raw,3850,0.08468624593246253,0.056971649421793065
0,NEW_CORE_SELECT,OD_PRODUCT,20260916,LOCAL_OD_168,9,AVAILABLE,terminal_H,clip_0_1,3850,0.08468509333991603,0.05696355243365054
0,NEW_CORE_SELECT,OD_PRODUCT,20260916,LOCAL_OD_168,9,AVAILABLE,path_1_to_H,raw,34650,0.07434497497347202,0.04506060979594297
0,NEW_CORE_SELECT,OD_PRODUCT,20260916,LOCAL_OD_168,9,AVAILABLE,path_1_to_H,clip_0_1,34650,0.07433592718062032,0.04504229630533493
0,NEW_CORE_SELECT,OD_PRODUCT,20260916,LOCAL_OD_168,12,AVAILABLE,terminal_H,raw,3850,0.09306321667618835,0.06072716654989335
0,NEW_CORE_SELECT,OD_PRODUCT,20260916,LOCAL_OD_168,12,AVAILABLE,terminal_H,clip_0_1,3850,0.09305738102667864,0.06071073253632499
0,NEW_CORE_SELECT,OD_PRODUCT,20260916,LOCAL_OD_168,12,AVAILABLE,path_1_to_H,raw,46200,0.07876578519461823,0.048791925921694526
0,NEW_CORE_SELECT,OD_PRODUCT,20260916,LOCAL_OD_168,12,AVAILABLE,path_1_to_H,clip_0_1,46200,0.07875791627267534,0.0487757014041068
5,NEW_CORE_SELECT,OD_PRODUCT,20260916,LOCAL_OD_168,3,AVAILABLE,terminal_H,raw,3850,0.07213561529507906,0.04193247619544328
5,NEW_CORE_SELECT,OD_PRODUCT,20260916,LOCAL_OD_168,3,AVAILABLE,terminal_H,clip_0_1,3850,0.07211617871633526,0.04187497427899695
5,NEW_CORE_SELECT,OD_PRODUCT,20260916,LOCAL_OD_168,3,AVAILABLE,path_1_to_H,raw,11550,0.0657727481732108,0.03705819184380356
5,NEW_CORE_SELECT,OD_PRODUCT,20260916,LOCAL_OD_168,3,AVAILABLE,path_1_to_H,clip_0_1,11550,0.06573413031137253,0.036987160911026114
5,NEW_CORE_SELECT,OD_PRODUCT,20260916,LOCAL_OD_168,6,AVAILABLE,terminal_H,raw,3850,0.07671438068384695,0.04805800667073181
5,NEW_CORE_SELECT,OD_PRODUCT,20260916,LOCAL_OD_168,6,AVAILABLE,terminal_H,clip_0_1,3850,0.0767100494784658,0.04803577029666699
5,NEW_CORE_SELECT,OD_PRODUCT,20260916,LOCAL_OD_168,6,AVAILABLE,path_1_to_H,raw,23100,0.07037492308462386,0.04152601837062536
5,NEW_CORE_SELECT,OD_PRODUCT,20260916,LOCAL_OD_168,6,AVAILABLE,path_1_to_H,clip_0_1,23100,0.07035497326722001,0.041479271330024874
5,NEW_CORE_SELECT,OD_PRODUCT,20260916,LOCAL_OD_168,9,AVAILABLE,terminal_H,raw,3850,0.08465711295359704,0.05666507721129399
5,NEW_CORE_SELECT,OD_PRODUCT,20260916,LOCAL_OD_168,9,AVAILABLE,terminal_H,clip_0_1,3850,0.08465563664780265,0.056653798391449295
5,NEW_CORE_SELECT,OD_PRODUCT,20260916,LOCAL_OD_168,9,AVAILABLE,path_1_to_H,raw,34650,0.07465077064141364,0.04531039749229343
5,NEW_CORE_SELECT,OD_PRODUCT,20260916,LOCAL_OD_168,9,AVAILABLE,path_1_to_H,clip_0_1,34650,0.07463725646386017,0.045274042642869834
5,NEW_CORE_SELECT,OD_PRODUCT,20260916,LOCAL_OD_168,12,AVAILABLE,terminal_H,raw,3850,0.0932889126967805,0.0607885703704251
5,NEW_CORE_SELECT,OD_PRODUCT,20260916,LOCAL_OD_168,12,AVAILABLE,terminal_H,clip_0_1,3850,0.0932828838038796,0.06077221550282624
5,NEW_CORE_SELECT,OD_PRODUCT,20260916,LOCAL_OD_168,12,AVAILABLE,path_1_to_H,raw,46200,0.07906951276006222,0.049030908906929085
5,NEW_CORE_SELECT,OD_PRODUCT,20260916,LOCAL_OD_168,12,AVAILABLE,path_1_to_H,clip_0_1,46200,0.07905783205124578,0.0490004045706863
10,NEW_CORE_SELECT,OD_PRODUCT,20260916,LOCAL_OD_168,3,AVAILABLE,terminal_H,raw,3850,0.07228944684819952,0.04223203070179797
10,NEW_CORE_SELECT,OD_PRODUCT,20260916,LOCAL_OD_168,3,AVAILABLE,terminal_H,clip_0_1,3850,0.07228078104333152,0.042200297760109175
10,NEW_CORE_SELECT,OD_PRODUCT,20260916,LOCAL_OD_168,3,AVAILABLE,path_1_to_H,raw,11550,0.0659122558870975,0.037388633344469846
10,NEW_CORE_SELECT,OD_PRODUCT,20260916,LOCAL_OD_168,3,AVAILABLE,path_1_to_H,clip_0_1,11550,0.0658846580967621,0.03733765325981715
10,NEW_CORE_SELECT,OD_PRODUCT,20260916,LOCAL_OD_168,6,AVAILABLE,terminal_H,raw,3850,0.07743261754192893,0.04906287926176205
10,NEW_CORE_SELECT,OD_PRODUCT,20260916,LOCAL_OD_168,6,AVAILABLE,terminal_H,clip_0_1,3850,0.07742927478888252,0.04904337203264752
10,NEW_CORE_SELECT,OD_PRODUCT,20260916,LOCAL_OD_168,6,AVAILABLE,path_1_to_H,raw,23100,0.07081030839830288,0.04212247244443869
10,NEW_CORE_SELECT,OD_PRODUCT,20260916,LOCAL_OD_168,6,AVAILABLE,path_1_to_H,clip_0_1,23100,0.07079598609120226,0.04208657318485612
10,NEW_CORE_SELECT,OD_PRODUCT,20260916,LOCAL_OD_168,9,AVAILABLE,terminal_H,raw,3850,0.08511156827185325,0.057159873214476895
10,NEW_CORE_SELECT,OD_PRODUCT,20260916,LOCAL_OD_168,9,AVAILABLE,terminal_H,clip_0_1,3850,0.0851110927729553,0.057150295858792964
10,NEW_CORE_SELECT,OD_PRODUCT,20260916,LOCAL_OD_168,9,AVAILABLE,path_1_to_H,raw,34650,0.07504189073485018,0.045899043648251044
10,NEW_CORE_SELECT,OD_PRODUCT,20260916,LOCAL_OD_168,9,AVAILABLE,path_1_to_H,clip_0_1,34650,0.07503231948804268,0.04587105214101217
10,NEW_CORE_SELECT,OD_PRODUCT,20260916,LOCAL_OD_168,12,AVAILABLE,terminal_H,raw,3850,0.09291562567360294,0.060717470829534576
10,NEW_CORE_SELECT,OD_PRODUCT,20260916,LOCAL_OD_168,12,AVAILABLE,terminal_H,clip_0_1,3850,0.09291319588731281,0.060706670981298894
10,NEW_CORE_SELECT,OD_PRODUCT,20260916,LOCAL_OD_168,12,AVAILABLE,path_1_to_H,raw,46200,0.07923201125364165,0.049443673587260276
10,NEW_CORE_SELECT,OD_PRODUCT,20260916,LOCAL_OD_168,12,AVAILABLE,path_1_to_H,clip_0_1,46200,0.07922401614859353,0.0494210002830057
20,NEW_CORE_SELECT,OD_PRODUCT,20260916,LOCAL_OD_168,3,AVAILABLE,terminal_H,raw,3850,0.0722043686541043,0.04219925611515811
20,NEW_CORE_SELECT,OD_PRODUCT,20260916,LOCAL_OD_168,3,AVAILABLE,terminal_H,clip_0_1,3850,0.07219946564925726,0.04217247350655536
20,NEW_CORE_SELECT,OD_PRODUCT,20260916,LOCAL_OD_168,3,AVAILABLE,path_1_to_H,raw,11550,0.0654771200142867,0.037091018130588606
20,NEW_CORE_SELECT,OD_PRODUCT,20260916,LOCAL_OD_168,3,AVAILABLE,path_1_to_H,clip_0_1,11550,0.06545490141064429,0.037041585147262655
20,NEW_CORE_SELECT,OD_PRODUCT,20260916,LOCAL_OD_168,6,AVAILABLE,terminal_H,raw,3850,0.07704418260653584,0.04818506252065747
20,NEW_CORE_SELECT,OD_PRODUCT,20260916,LOCAL_OD_168,6,AVAILABLE,terminal_H,clip_0_1,3850,0.07702669806693514,0.04814287549262166
20,NEW_CORE_SELECT,OD_PRODUCT,20260916,LOCAL_OD_168,6,AVAILABLE,path_1_to_H,raw,23100,0.07017526403568232,0.04161353629605736
20,NEW_CORE_SELECT,OD_PRODUCT,20260916,LOCAL_OD_168,6,AVAILABLE,path_1_to_H,clip_0_1,23100,0.0701592664798678,0.041572710025036055
20,NEW_CORE_SELECT,OD_PRODUCT,20260916,LOCAL_OD_168,9,AVAILABLE,terminal_H,raw,3850,0.08548361591672352,0.0577412530273135
20,NEW_CORE_SELECT,OD_PRODUCT,20260916,LOCAL_OD_168,9,AVAILABLE,terminal_H,clip_0_1,3850,0.08548233296531182,0.057731221388341025
20,NEW_CORE_SELECT,OD_PRODUCT,20260916,LOCAL_OD_168,9,AVAILABLE,path_1_to_H,raw,34650,0.07474147243712409,0.045662027324996794
20,NEW_CORE_SELECT,OD_PRODUCT,20260916,LOCAL_OD_168,9,AVAILABLE,path_1_to_H,clip_0_1,34650,0.07472638490516278,0.04562390211859722
20,NEW_CORE_SELECT,OD_PRODUCT,20260916,LOCAL_OD_168,12,AVAILABLE,terminal_H,raw,3850,0.09309823143684028,0.06061644175845748
20,NEW_CORE_SELECT,OD_PRODUCT,20260916,LOCAL_OD_168,12,AVAILABLE,terminal_H,clip_0_1,3850,0.0930974389166558,0.06061025077576026
20,NEW_CORE_SELECT,OD_PRODUCT,20260916,LOCAL_OD_168,12,AVAILABLE,path_1_to_H,raw,46200,0.07898899322366647,0.04925602206041895
20,NEW_CORE_SELECT,OD_PRODUCT,20260916,LOCAL_OD_168,12,AVAILABLE,path_1_to_H,clip_0_1,46200,0.07897820856221488,0.0492269122403945
40,NEW_CORE_SELECT,OD_PRODUCT,20260916,LOCAL_OD_168,3,AVAILABLE,terminal_H,raw,3850,0.07189196919662537,0.041885271198462956
40,NEW_CORE_SELECT,OD_PRODUCT,20260916,LOCAL_OD_168,3,AVAILABLE,terminal_H,clip_0_1,3850,0.0718754093729466,0.04184683624267688
40,NEW_CORE_SELECT,OD_PRODUCT,20260916,LOCAL_OD_168,3,AVAILABLE,path_1_to_H,raw,11550,0.06539270339007133,0.03703058105866512
40,NEW_CORE_SELECT,OD_PRODUCT,20260916,LOCAL_OD_168,3,AVAILABLE,path_1_to_H,clip_0_1,11550,0.06535568158485516,0.03697381978151532
40,NEW_CORE_SELECT,OD_PRODUCT,20260916,LOCAL_OD_168,6,AVAILABLE,terminal_H,raw,3850,0.07701051244271129,0.04804494649838176
40,NEW_CORE_SELECT,OD_PRODUCT,20260916,LOCAL_OD_168,6,AVAILABLE,terminal_H,clip_0_1,3850,0.07698578631184938,0.047995227550602475
40,NEW_CORE_SELECT,OD_PRODUCT,20260916,LOCAL_OD_168,6,AVAILABLE,path_1_to_H,raw,23100,0.07015988589895804,0.04152379616009959
40,NEW_CORE_SELECT,OD_PRODUCT,20260916,LOCAL_OD_168,6,AVAILABLE,path_1_to_H,clip_0_1,23100,0.07013184671577537,0.04147314127792933
40,NEW_CORE_SELECT,OD_PRODUCT,20260916,LOCAL_OD_168,9,AVAILABLE,terminal_H,raw,3850,0.0850409816256993,0.05717790239451961
40,NEW_CORE_SELECT,OD_PRODUCT,20260916,LOCAL_OD_168,9,AVAILABLE,terminal_H,clip_0_1,3850,0.08503370492577488,0.0571653690851781
40,NEW_CORE_SELECT,OD_PRODUCT,20260916,LOCAL_OD_168,9,AVAILABLE,path_1_to_H,raw,34650,0.07464731549359406,0.045471006050101875
40,NEW_CORE_SELECT,OD_PRODUCT,20260916,LOCAL_OD_168,9,AVAILABLE,path_1_to_H,clip_0_1,34650,0.0746206930779322,0.04542329975938376
40,NEW_CORE_SELECT,OD_PRODUCT,20260916,LOCAL_OD_168,12,AVAILABLE,terminal_H,raw,3850,0.09279524168836141,0.06040869678244171
40,NEW_CORE_SELECT,OD_PRODUCT,20260916,LOCAL_OD_168,12,AVAILABLE,terminal_H,clip_0_1,3850,0.09279490793441722,0.06040468571190291
40,NEW_CORE_SELECT,OD_PRODUCT,20260916,LOCAL_OD_168,12,AVAILABLE,path_1_to_H,raw,46200,0.07884395995357182,0.04903454797142912
40,NEW_CORE_SELECT,OD_PRODUCT,20260916,LOCAL_OD_168,12,AVAILABLE,path_1_to_H,clip_0_1,46200,0.0788250242711337,0.04899842775272816
0,NEW_CORE_SELECT,OD_PRODUCT,20260917,LOCAL_OD_168,3,AVAILABLE,terminal_H,raw,3850,0.07155749091832687,0.04150404715197922
0,NEW_CORE_SELECT,OD_PRODUCT,20260917,LOCAL_OD_168,3,AVAILABLE,terminal_H,clip_0_1,3850,0.07155532535344217,0.04148815061496082
0,NEW_CORE_SELECT,OD_PRODUCT,20260917,LOCAL_OD_168,3,AVAILABLE,path_1_to_H,raw,11550,0.06533001779708264,0.03669940274660176
0,NEW_CORE_SELECT,OD_PRODUCT,20260917,LOCAL_OD_168,3,AVAILABLE,path_1_to_H,clip_0_1,11550,0.0653026967012024,0.0366599289799402
0,NEW_CORE_SELECT,OD_PRODUCT,20260917,LOCAL_OD_168,6,AVAILABLE,terminal_H,raw,3850,0.07640047146889435,0.04762812144991265
0,NEW_CORE_SELECT,OD_PRODUCT,20260917,LOCAL_OD_168,6,AVAILABLE,terminal_H,clip_0_1,3850,0.07639800240261242,0.04762124960119462
0,NEW_CORE_SELECT,OD_PRODUCT,20260917,LOCAL_OD_168,6,AVAILABLE,path_1_to_H,raw,23100,0.0699865059565207,0.04114355073647552
0,NEW_CORE_SELECT,OD_PRODUCT,20260917,LOCAL_OD_168,6,AVAILABLE,path_1_to_H,clip_0_1,23100,0.06997297823626436,0.04111893887692638
0,NEW_CORE_SELECT,OD_PRODUCT,20260917,LOCAL_OD_168,9,AVAILABLE,terminal_H,raw,3850,0.08468624593246253,0.056971649421793065
0,NEW_CORE_SELECT,OD_PRODUCT,20260917,LOCAL_OD_168,9,AVAILABLE,terminal_H,clip_0_1,3850,0.08468509333991603,0.05696355243365054
0,NEW_CORE_SELECT,OD_PRODUCT,20260917,LOCAL_OD_168,9,AVAILABLE,path_1_to_H,raw,34650,0.07434497497347202,0.04506060979594297
0,NEW_CORE_SELECT,OD_PRODUCT,20260917,LOCAL_OD_168,9,AVAILABLE,path_1_to_H,clip_0_1,34650,0.07433592718062032,0.04504229630533493
0,NEW_CORE_SELECT,OD_PRODUCT,20260917,LOCAL_OD_168,12,AVAILABLE,terminal_H,raw,3850,0.09306321667618835,0.06072716654989335
0,NEW_CORE_SELECT,OD_PRODUCT,20260917,LOCAL_OD_168,12,AVAILABLE,terminal_H,clip_0_1,3850,0.09305738102667864,0.06071073253632499
0,NEW_CORE_SELECT,OD_PRODUCT,20260917,LOCAL_OD_168,12,AVAILABLE,path_1_to_H,raw,46200,0.07876578519461823,0.048791925921694526
0,NEW_CORE_SELECT,OD_PRODUCT,20260917,LOCAL_OD_168,12,AVAILABLE,path_1_to_H,clip_0_1,46200,0.07875791627267534,0.0487757014041068
5,NEW_CORE_SELECT,OD_PRODUCT,20260917,LOCAL_OD_168,3,AVAILABLE,terminal_H,raw,3850,0.07175468088828603,0.041687911861087765
5,NEW_CORE_SELECT,OD_PRODUCT,20260917,LOCAL_OD_168,3,AVAILABLE,terminal_H,clip_0_1,3850,0.07175249882567925,0.04167263477680625
5,NEW_CORE_SELECT,OD_PRODUCT,20260917,LOCAL_OD_168,3,AVAILABLE,path_1_to_H,raw,11550,0.06542058424182269,0.036762415182465744
5,NEW_CORE_SELECT,OD_PRODUCT,20260917,LOCAL_OD_168,3,AVAILABLE,path_1_to_H,clip_0_1,11550,0.06539267165048065,0.036716847454764195
5,NEW_CORE_SELECT,OD_PRODUCT,20260917,LOCAL_OD_168,6,AVAILABLE,terminal_H,raw,3850,0.07655439228176195,0.04804714506002343
5,NEW_CORE_SELECT,OD_PRODUCT,20260917,LOCAL_OD_168,6,AVAILABLE,terminal_H,clip_0_1,3850,0.07655219138354613,0.04804071578126342
5,NEW_CORE_SELECT,OD_PRODUCT,20260917,LOCAL_OD_168,6,AVAILABLE,path_1_to_H,raw,23100,0.07008593476923686,0.04134953362675172
5,NEW_CORE_SELECT,OD_PRODUCT,20260917,LOCAL_OD_168,6,AVAILABLE,path_1_to_H,clip_0_1,23100,0.07007222995968651,0.041322400964671505
5,NEW_CORE_SELECT,OD_PRODUCT,20260917,LOCAL_OD_168,9,AVAILABLE,terminal_H,raw,3850,0.08579602598655255,0.05690363960016777
5,NEW_CORE_SELECT,OD_PRODUCT,20260917,LOCAL_OD_168,9,AVAILABLE,terminal_H,clip_0_1,3850,0.0857892448330979,0.05688798057757132
5,NEW_CORE_SELECT,OD_PRODUCT,20260917,LOCAL_OD_168,9,AVAILABLE,path_1_to_H,raw,34650,0.07474375791290619,0.04545143520940563
5,NEW_CORE_SELECT,OD_PRODUCT,20260917,LOCAL_OD_168,9,AVAILABLE,path_1_to_H,clip_0_1,34650,0.07473268285637051,0.04543008965346278
5,NEW_CORE_SELECT,OD_PRODUCT,20260917,LOCAL_OD_168,12,AVAILABLE,terminal_H,raw,3850,0.09362859188614268,0.06051183580052462
5,NEW_CORE_SELECT,OD_PRODUCT,20260917,LOCAL_OD_168,12,AVAILABLE,terminal_H,clip_0_1,3850,0.093607636925686,0.06046610016385291
5,NEW_CORE_SELECT,OD_PRODUCT,20260917,LOCAL_OD_168,12,AVAILABLE,path_1_to_H,raw,46200,0.07935751245079838,0.04913408883410764
5,NEW_CORE_SELECT,OD_PRODUCT,20260917,LOCAL_OD_168,12,AVAILABLE,path_1_to_H,clip_0_1,46200,0.07934172219493213,0.049109007740395096
10,NEW_CORE_SELECT,OD_PRODUCT,20260917,LOCAL_OD_168,3,AVAILABLE,terminal_H,raw,3850,0.07168968854470269,0.04186490616433276
10,NEW_CORE_SELECT,OD_PRODUCT,20260917,LOCAL_OD_168,3,AVAILABLE,terminal_H,clip_0_1,3850,0.07168580990655588,0.04184774387433134
10,NEW_CORE_SELECT,OD_PRODUCT,20260917,LOCAL_OD_168,3,AVAILABLE,path_1_to_H,raw,11550,0.06558900783200339,0.03710894275546531
10,NEW_CORE_SELECT,OD_PRODUCT,20260917,LOCAL_OD_168,3,AVAILABLE,path_1_to_H,clip_0_1,11550,0.06555975212297435,0.03705961715447713
10,NEW_CORE_SELECT,OD_PRODUCT,20260917,LOCAL_OD_168,6,AVAILABLE,terminal_H,raw,3850,0.07653534196197237,0.04807746038106172
10,NEW_CORE_SELECT,OD_PRODUCT,20260917,LOCAL_OD_168,6,AVAILABLE,terminal_H,clip_0_1,3850,0.0765331014677749,0.048064157074654563
10,NEW_CORE_SELECT,OD_PRODUCT,20260917,LOCAL_OD_168,6,AVAILABLE,path_1_to_H,raw,23100,0.07014018005004742,0.04148944555519077
10,NEW_CORE_SELECT,OD_PRODUCT,20260917,LOCAL_OD_168,6,AVAILABLE,path_1_to_H,clip_0_1,23100,0.07012480171196826,0.0414568437265111
10,NEW_CORE_SELECT,OD_PRODUCT,20260917,LOCAL_OD_168,9,AVAILABLE,terminal_H,raw,3850,0.08617733207883262,0.05871324905157391
10,NEW_CORE_SELECT,OD_PRODUCT,20260917,LOCAL_OD_168,9,AVAILABLE,terminal_H,clip_0_1,3850,0.0861757851435995,0.058702934588131
10,NEW_CORE_SELECT,OD_PRODUCT,20260917,LOCAL_OD_168,9,AVAILABLE,path_1_to_H,raw,34650,0.07474770564230603,0.045616494894710105
10,NEW_CORE_SELECT,OD_PRODUCT,20260917,LOCAL_OD_168,9,AVAILABLE,path_1_to_H,clip_0_1,34650,0.07473708892078443,0.045590749566044565
10,NEW_CORE_SELECT,OD_PRODUCT,20260917,LOCAL_OD_168,12,AVAILABLE,terminal_H,raw,3850,0.09302853776769669,0.06172655912825561
10,NEW_CORE_SELECT,OD_PRODUCT,20260917,LOCAL_OD_168,12,AVAILABLE,terminal_H,clip_0_1,3850,0.0930248762681409,0.06171053902317193
10,NEW_CORE_SELECT,OD_PRODUCT,20260917,LOCAL_OD_168,12,AVAILABLE,path_1_to_H,raw,46200,0.07913139965962643,0.04952165192517066
10,NEW_CORE_SELECT,OD_PRODUCT,20260917,LOCAL_OD_168,12,AVAILABLE,path_1_to_H,clip_0_1,46200,0.07912260020505978,0.04949977515463879
20,NEW_CORE_SELECT,OD_PRODUCT,20260917,LOCAL_OD_168,3,AVAILABLE,terminal_H,raw,3850,0.07185832179626728,0.04166666195144987
20,NEW_CORE_SELECT,OD_PRODUCT,20260917,LOCAL_OD_168,3,AVAILABLE,terminal_H,clip_0_1,3850,0.0718508226676406,0.04164732643744151
20,NEW_CORE_SELECT,OD_PRODUCT,20260917,LOCAL_OD_168,3,AVAILABLE,path_1_to_H,raw,11550,0.06553508826477467,0.03689889118915425
20,NEW_CORE_SELECT,OD_PRODUCT,20260917,LOCAL_OD_168,3,AVAILABLE,path_1_to_H,clip_0_1,11550,0.06550479240504051,0.03685914484774698
20,NEW_CORE_SELECT,OD_PRODUCT,20260917,LOCAL_OD_168,6,AVAILABLE,terminal_H,raw,3850,0.07662357130069489,0.047849434861807205
20,NEW_CORE_SELECT,OD_PRODUCT,20260917,LOCAL_OD_168,6,AVAILABLE,terminal_H,clip_0_1,3850,0.07662313245658596,0.04784768113990832
20,NEW_CORE_SELECT,OD_PRODUCT,20260917,LOCAL_OD_168,6,AVAILABLE,path_1_to_H,raw,23100,0.07003663005037848,0.04129165910959891
20,NEW_CORE_SELECT,OD_PRODUCT,20260917,LOCAL_OD_168,6,AVAILABLE,path_1_to_H,clip_0_1,23100,0.07002206246761056,0.041268965235635
20,NEW_CORE_SELECT,OD_PRODUCT,20260917,LOCAL_OD_168,9,AVAILABLE,terminal_H,raw,3850,0.08621636664421374,0.05800656457818371
20,NEW_CORE_SELECT,OD_PRODUCT,20260917,LOCAL_OD_168,9,AVAILABLE,terminal_H,clip_0_1,3850,0.08619408847927158,0.05798165381841442
20,NEW_CORE_SELECT,OD_PRODUCT,20260917,LOCAL_OD_168,9,AVAILABLE,path_1_to_H,raw,34650,0.07465915911255334,0.04545384875250763
20,NEW_CORE_SELECT,OD_PRODUCT,20260917,LOCAL_OD_168,9,AVAILABLE,path_1_to_H,clip_0_1,34650,0.07464618205078306,0.04543514683563621
20,NEW_CORE_SELECT,OD_PRODUCT,20260917,LOCAL_OD_168,12,AVAILABLE,terminal_H,raw,3850,0.09294077739434674,0.06067338443738548
20,NEW_CORE_SELECT,OD_PRODUCT,20260917,LOCAL_OD_168,12,AVAILABLE,terminal_H,clip_0_1,3850,0.09292770915621047,0.060640278468749254
20,NEW_CORE_SELECT,OD_PRODUCT,20260917,LOCAL_OD_168,12,AVAILABLE,path_1_to_H,raw,46200,0.079107182340188,0.04919050648474938
20,NEW_CORE_SELECT,OD_PRODUCT,20260917,LOCAL_OD_168,12,AVAILABLE,path_1_to_H,clip_0_1,46200,0.0790909027086731,0.04916872017063746
40,NEW_CORE_SELECT,OD_PRODUCT,20260917,LOCAL_OD_168,3,AVAILABLE,terminal_H,raw,3850,0.07170603482423557,0.04175044489760573
40,NEW_CORE_SELECT,OD_PRODUCT,20260917,LOCAL_OD_168,3,AVAILABLE,terminal_H,clip_0_1,3850,0.07170112662157563,0.04172769484611375
40,NEW_CORE_SELECT,OD_PRODUCT,20260917,LOCAL_OD_168,3,AVAILABLE,path_1_to_H,raw,11550,0.06535070964410776,0.03694459046746857
40,NEW_CORE_SELECT,OD_PRODUCT,20260917,LOCAL_OD_168,3,AVAILABLE,path_1_to_H,clip_0_1,11550,0.06532602508753525,0.03690395524788649
40,NEW_CORE_SELECT,OD_PRODUCT,20260917,LOCAL_OD_168,6,AVAILABLE,terminal_H,raw,3850,0.0764613288978646,0.04756369215960682
40,NEW_CORE_SELECT,OD_PRODUCT,20260917,LOCAL_OD_168,6,AVAILABLE,terminal_H,clip_0_1,3850,0.07645928465452204,0.047552970197548464
40,NEW_CORE_SELECT,OD_PRODUCT,20260917,LOCAL_OD_168,6,AVAILABLE,path_1_to_H,raw,23100,0.06975434264286641,0.041192218996413725
40,NEW_CORE_SELECT,OD_PRODUCT,20260917,LOCAL_OD_168,6,AVAILABLE,path_1_to_H,clip_0_1,23100,0.06974165630856394,0.041165663317791854
40,NEW_CORE_SELECT,OD_PRODUCT,20260917,LOCAL_OD_168,9,AVAILABLE,terminal_H,raw,3850,0.08564568228767787,0.057539028827798405
40,NEW_CORE_SELECT,OD_PRODUCT,20260917,LOCAL_OD_168,9,AVAILABLE,terminal_H,clip_0_1,3850,0.08563765097262448,0.057524954233490105
40,NEW_CORE_SELECT,OD_PRODUCT,20260917,LOCAL_OD_168,9,AVAILABLE,path_1_to_H,raw,34650,0.07426472941838025,0.04512252576722945
40,NEW_CORE_SELECT,OD_PRODUCT,20260917,LOCAL_OD_168,9,AVAILABLE,path_1_to_H,clip_0_1,34650,0.07425494932555633,0.04510122146483888
40,NEW_CORE_SELECT,OD_PRODUCT,20260917,LOCAL_OD_168,12,AVAILABLE,terminal_H,raw,3850,0.0922803375040238,0.06008487384398904
40,NEW_CORE_SELECT,OD_PRODUCT,20260917,LOCAL_OD_168,12,AVAILABLE,terminal_H,clip_0_1,3850,0.0922733345451681,0.060065132924019514
40,NEW_CORE_SELECT,OD_PRODUCT,20260917,LOCAL_OD_168,12,AVAILABLE,path_1_to_H,raw,46200,0.07853513411473889,0.048743929443961914
40,NEW_CORE_SELECT,OD_PRODUCT,20260917,LOCAL_OD_168,12,AVAILABLE,path_1_to_H,clip_0_1,46200,0.07852458484712845,0.04872350825914254
0,NEW_CORE_SELECT,OD_SEPARABLE,20260915,LOCAL_OD_168,3,AVAILABLE,terminal_H,raw,3850,0.07155749091832687,0.04150404715197922
0,NEW_CORE_SELECT,OD_SEPARABLE,20260915,LOCAL_OD_168,3,AVAILABLE,terminal_H,clip_0_1,3850,0.07155532535344217,0.04148815061496082
0,NEW_CORE_SELECT,OD_SEPARABLE,20260915,LOCAL_OD_168,3,AVAILABLE,path_1_to_H,raw,11550,0.06533001779708264,0.03669940274660176
0,NEW_CORE_SELECT,OD_SEPARABLE,20260915,LOCAL_OD_168,3,AVAILABLE,path_1_to_H,clip_0_1,11550,0.0653026967012024,0.0366599289799402
0,NEW_CORE_SELECT,OD_SEPARABLE,20260915,LOCAL_OD_168,6,AVAILABLE,terminal_H,raw,3850,0.07640047146889435,0.04762812144991265
0,NEW_CORE_SELECT,OD_SEPARABLE,20260915,LOCAL_OD_168,6,AVAILABLE,terminal_H,clip_0_1,3850,0.07639800240261242,0.04762124960119462
0,NEW_CORE_SELECT,OD_SEPARABLE,20260915,LOCAL_OD_168,6,AVAILABLE,path_1_to_H,raw,23100,0.0699865059565207,0.04114355073647552
0,NEW_CORE_SELECT,OD_SEPARABLE,20260915,LOCAL_OD_168,6,AVAILABLE,path_1_to_H,clip_0_1,23100,0.06997297823626436,0.04111893887692638
0,NEW_CORE_SELECT,OD_SEPARABLE,20260915,LOCAL_OD_168,9,AVAILABLE,terminal_H,raw,3850,0.08468624593246253,0.056971649421793065
0,NEW_CORE_SELECT,OD_SEPARABLE,20260915,LOCAL_OD_168,9,AVAILABLE,terminal_H,clip_0_1,3850,0.08468509333991603,0.05696355243365054
0,NEW_CORE_SELECT,OD_SEPARABLE,20260915,LOCAL_OD_168,9,AVAILABLE,path_1_to_H,raw,34650,0.07434497497347202,0.04506060979594297
0,NEW_CORE_SELECT,OD_SEPARABLE,20260915,LOCAL_OD_168,9,AVAILABLE,path_1_to_H,clip_0_1,34650,0.07433592718062032,0.04504229630533493
0,NEW_CORE_SELECT,OD_SEPARABLE,20260915,LOCAL_OD_168,12,AVAILABLE,terminal_H,raw,3850,0.09306321667618835,0.06072716654989335
0,NEW_CORE_SELECT,OD_SEPARABLE,20260915,LOCAL_OD_168,12,AVAILABLE,terminal_H,clip_0_1,3850,0.09305738102667864,0.06071073253632499
0,NEW_CORE_SELECT,OD_SEPARABLE,20260915,LOCAL_OD_168,12,AVAILABLE,path_1_to_H,raw,46200,0.07876578519461823,0.048791925921694526
0,NEW_CORE_SELECT,OD_SEPARABLE,20260915,LOCAL_OD_168,12,AVAILABLE,path_1_to_H,clip_0_1,46200,0.07875791627267534,0.0487757014041068
5,NEW_CORE_SELECT,OD_SEPARABLE,20260915,LOCAL_OD_168,3,AVAILABLE,terminal_H,raw,3850,0.07160643565089375,0.04146744892674722
5,NEW_CORE_SELECT,OD_SEPARABLE,20260915,LOCAL_OD_168,3,AVAILABLE,terminal_H,clip_0_1,3850,0.07160088320955646,0.041448815306576944
5,NEW_CORE_SELECT,OD_SEPARABLE,20260915,LOCAL_OD_168,3,AVAILABLE,path_1_to_H,raw,11550,0.06553657324675456,0.03714960695907483
5,NEW_CORE_SELECT,OD_SEPARABLE,20260915,LOCAL_OD_168,3,AVAILABLE,path_1_to_H,clip_0_1,11550,0.06550520332036042,0.03711677609637854
5,NEW_CORE_SELECT,OD_SEPARABLE,20260915,LOCAL_OD_168,6,AVAILABLE,terminal_H,raw,3850,0.07666585659907571,0.047894725744277306
5,NEW_CORE_SELECT,OD_SEPARABLE,20260915,LOCAL_OD_168,6,AVAILABLE,terminal_H,clip_0_1,3850,0.07666456053105292,0.04788486543379843
5,NEW_CORE_SELECT,OD_SEPARABLE,20260915,LOCAL_OD_168,6,AVAILABLE,path_1_to_H,raw,23100,0.07015365796225938,0.041415156161500745
5,NEW_CORE_SELECT,OD_SEPARABLE,20260915,LOCAL_OD_168,6,AVAILABLE,path_1_to_H,clip_0_1,23100,0.07013762117040852,0.04139192081655043
5,NEW_CORE_SELECT,OD_SEPARABLE,20260915,LOCAL_OD_168,9,AVAILABLE,terminal_H,raw,3850,0.08438993346582235,0.05703780678551052
5,NEW_CORE_SELECT,OD_SEPARABLE,20260915,LOCAL_OD_168,9,AVAILABLE,terminal_H,clip_0_1,3850,0.08438796816186792,0.05702852476997859
5,NEW_CORE_SELECT,OD_SEPARABLE,20260915,LOCAL_OD_168,9,AVAILABLE,path_1_to_H,raw,34650,0.07442609165204897,0.045246061936359425
5,NEW_CORE_SELECT,OD_SEPARABLE,20260915,LOCAL_OD_168,9,AVAILABLE,path_1_to_H,clip_0_1,34650,0.07441432070555541,0.045225980512866325
5,NEW_CORE_SELECT,OD_SEPARABLE,20260915,LOCAL_OD_168,12,AVAILABLE,terminal_H,raw,3850,0.092944655327172,0.060852111664040455
5,NEW_CORE_SELECT,OD_SEPARABLE,20260915,LOCAL_OD_168,12,AVAILABLE,terminal_H,clip_0_1,3850,0.09293929711046173,0.06083753727245148
5,NEW_CORE_SELECT,OD_SEPARABLE,20260915,LOCAL_OD_168,12,AVAILABLE,path_1_to_H,raw,46200,0.07877594141736394,0.04899053141662432
5,NEW_CORE_SELECT,OD_SEPARABLE,20260915,LOCAL_OD_168,12,AVAILABLE,path_1_to_H,clip_0_1,46200,0.07876613310033027,0.0489727936530623
10,NEW_CORE_SELECT,OD_SEPARABLE,20260915,LOCAL_OD_168,3,AVAILABLE,terminal_H,raw,3850,0.07158667030436508,0.04140781943634399
10,NEW_CORE_SELECT,OD_SEPARABLE,20260915,LOCAL_OD_168,3,AVAILABLE,terminal_H,clip_0_1,3850,0.07157655120691395,0.04136529082912699
10,NEW_CORE_SELECT,OD_SEPARABLE,20260915,LOCAL_OD_168,3,AVAILABLE,path_1_to_H,raw,11550,0.06559983018014001,0.03685129190376977
10,NEW_CORE_SELECT,OD_SEPARABLE,20260915,LOCAL_OD_168,3,AVAILABLE,path_1_to_H,clip_0_1,11550,0.06556402539520456,0.03677617752955598
10,NEW_CORE_SELECT,OD_SEPARABLE,20260915,LOCAL_OD_168,6,AVAILABLE,terminal_H,raw,3850,0.07661115097609923,0.04739640724863965
10,NEW_CORE_SELECT,OD_SEPARABLE,20260915,LOCAL_OD_168,6,AVAILABLE,terminal_H,clip_0_1,3850,0.07660527671015592,0.04736635306752359
10,NEW_CORE_SELECT,OD_SEPARABLE,20260915,LOCAL_OD_168,6,AVAILABLE,path_1_to_H,raw,23100,0.07014751546599687,0.041094607416008774
10,NEW_CORE_SELECT,OD_SEPARABLE,20260915,LOCAL_OD_168,6,AVAILABLE,path_1_to_H,clip_0_1,23100,0.07012492721147144,0.04103077322740581
10,NEW_CORE_SELECT,OD_SEPARABLE,20260915,LOCAL_OD_168,9,AVAILABLE,terminal_H,raw,3850,0.08496832115707537,0.05695286545518316
10,NEW_CORE_SELECT,OD_SEPARABLE,20260915,LOCAL_OD_168,9,AVAILABLE,terminal_H,clip_0_1,3850,0.08496232691408216,0.05693660946229568
10,NEW_CORE_SELECT,OD_SEPARABLE,20260915,LOCAL_OD_168,9,AVAILABLE,path_1_to_H,raw,34650,0.07458282707497177,0.045039814284565646
10,NEW_CORE_SELECT,OD_SEPARABLE,20260915,LOCAL_OD_168,9,AVAILABLE,path_1_to_H,clip_0_1,34650,0.07456418777689897,0.04498793702367607
10,NEW_CORE_SELECT,OD_SEPARABLE,20260915,LOCAL_OD_168,12,AVAILABLE,terminal_H,raw,3850,0.09341031964401988,0.06099150499698007
10,NEW_CORE_SELECT,OD_SEPARABLE,20260915,LOCAL_OD_168,12,AVAILABLE,terminal_H,clip_0_1,3850,0.09339188581789859,0.0609545547201601
10,NEW_CORE_SELECT,OD_SEPARABLE,20260915,LOCAL_OD_168,12,AVAILABLE,path_1_to_H,raw,46200,0.0790526117822189,0.04887440882931379
10,NEW_CORE_SELECT,OD_SEPARABLE,20260915,LOCAL_OD_168,12,AVAILABLE,path_1_to_H,clip_0_1,46200,0.07903395531901386,0.04882843911322881
20,NEW_CORE_SELECT,OD_SEPARABLE,20260915,LOCAL_OD_168,3,AVAILABLE,terminal_H,raw,3850,0.07147069999960023,0.041281643923647054
20,NEW_CORE_SELECT,OD_SEPARABLE,20260915,LOCAL_OD_168,3,AVAILABLE,terminal_H,clip_0_1,3850,0.07146436850112053,0.041253429841982166
20,NEW_CORE_SELECT,OD_SEPARABLE,20260915,LOCAL_OD_168,3,AVAILABLE,path_1_to_H,raw,11550,0.06532846831395193,0.036626052469175725
20,NEW_CORE_SELECT,OD_SEPARABLE,20260915,LOCAL_OD_168,3,AVAILABLE,path_1_to_H,clip_0_1,11550,0.06530807543613927,0.03656899050860498
20,NEW_CORE_SELECT,OD_SEPARABLE,20260915,LOCAL_OD_168,6,AVAILABLE,terminal_H,raw,3850,0.07656949079013942,0.04736814265531862
20,NEW_CORE_SELECT,OD_SEPARABLE,20260915,LOCAL_OD_168,6,AVAILABLE,terminal_H,clip_0_1,3850,0.07656390122088183,0.04733550957591359
20,NEW_CORE_SELECT,OD_SEPARABLE,20260915,LOCAL_OD_168,6,AVAILABLE,path_1_to_H,raw,23100,0.06990260065333208,0.04090354813252356
20,NEW_CORE_SELECT,OD_SEPARABLE,20260915,LOCAL_OD_168,6,AVAILABLE,path_1_to_H,clip_0_1,23100,0.06988918677784936,0.04085705271997619
20,NEW_CORE_SELECT,OD_SEPARABLE,20260915,LOCAL_OD_168,9,AVAILABLE,terminal_H,raw,3850,0.08445102292181976,0.05675737285245698
20,NEW_CORE_SELECT,OD_SEPARABLE,20260915,LOCAL_OD_168,9,AVAILABLE,terminal_H,clip_0_1,3850,0.0844410112345102,0.05674576158908856
20,NEW_CORE_SELECT,OD_SEPARABLE,20260915,LOCAL_OD_168,9,AVAILABLE,path_1_to_H,raw,34650,0.07429955349877046,0.04488299591349149
20,NEW_CORE_SELECT,OD_SEPARABLE,20260915,LOCAL_OD_168,9,AVAILABLE,path_1_to_H,clip_0_1,34650,0.07428673410247576,0.044844705144230224
20,NEW_CORE_SELECT,OD_SEPARABLE,20260915,LOCAL_OD_168,12,AVAILABLE,terminal_H,raw,3850,0.0929234469220324,0.06108375618438289
20,NEW_CORE_SELECT,OD_SEPARABLE,20260915,LOCAL_OD_168,12,AVAILABLE,terminal_H,clip_0_1,3850,0.09290677740586432,0.06104873553045945
20,NEW_CORE_SELECT,OD_SEPARABLE,20260915,LOCAL_OD_168,12,AVAILABLE,path_1_to_H,raw,46200,0.07876328288104707,0.048793482540779906
20,NEW_CORE_SELECT,OD_SEPARABLE,20260915,LOCAL_OD_168,12,AVAILABLE,path_1_to_H,clip_0_1,46200,0.0787489267515942,0.04875845306633759
40,NEW_CORE_SELECT,OD_SEPARABLE,20260915,LOCAL_OD_168,3,AVAILABLE,terminal_H,raw,3850,0.07148367111137591,0.041521826627822125
40,NEW_CORE_SELECT,OD_SEPARABLE,20260915,LOCAL_OD_168,3,AVAILABLE,terminal_H,clip_0_1,3850,0.07147530086236571,0.041486219767242136
40,NEW_CORE_SELECT,OD_SEPARABLE,20260915,LOCAL_OD_168,3,AVAILABLE,path_1_to_H,raw,11550,0.0651700522264191,0.03681811957422367
40,NEW_CORE_SELECT,OD_SEPARABLE,20260915,LOCAL_OD_168,3,AVAILABLE,path_1_to_H,clip_0_1,11550,0.06515160121148963,0.03676734773947093
40,NEW_CORE_SELECT,OD_SEPARABLE,20260915,LOCAL_OD_168,6,AVAILABLE,terminal_H,raw,3850,0.07666584696818139,0.04724833376222657
40,NEW_CORE_SELECT,OD_SEPARABLE,20260915,LOCAL_OD_168,6,AVAILABLE,terminal_H,clip_0_1,3850,0.07666128395719858,0.04721407980056691
40,NEW_CORE_SELECT,OD_SEPARABLE,20260915,LOCAL_OD_168,6,AVAILABLE,path_1_to_H,raw,23100,0.06982359213555338,0.0410057142775653
40,NEW_CORE_SELECT,OD_SEPARABLE,20260915,LOCAL_OD_168,6,AVAILABLE,path_1_to_H,clip_0_1,23100,0.06981226020592807,0.04096333428601957
40,NEW_CORE_SELECT,OD_SEPARABLE,20260915,LOCAL_OD_168,9,AVAILABLE,terminal_H,raw,3850,0.08398310917053793,0.05634620426237821
40,NEW_CORE_SELECT,OD_SEPARABLE,20260915,LOCAL_OD_168,9,AVAILABLE,terminal_H,clip_0_1,3850,0.08397584981492501,0.05633194219385163
40,NEW_CORE_SELECT,OD_SEPARABLE,20260915,LOCAL_OD_168,9,AVAILABLE,path_1_to_H,raw,34650,0.07412729467174872,0.044848433395585224
40,NEW_CORE_SELECT,OD_SEPARABLE,20260915,LOCAL_OD_168,9,AVAILABLE,path_1_to_H,clip_0_1,34650,0.07411665417801275,0.044811233816172406
40,NEW_CORE_SELECT,OD_SEPARABLE,20260915,LOCAL_OD_168,12,AVAILABLE,terminal_H,raw,3850,0.09280337203359529,0.060904062255121044
40,NEW_CORE_SELECT,OD_SEPARABLE,20260915,LOCAL_OD_168,12,AVAILABLE,terminal_H,clip_0_1,3850,0.09278701796785228,0.06087118374403023
40,NEW_CORE_SELECT,OD_SEPARABLE,20260915,LOCAL_OD_168,12,AVAILABLE,path_1_to_H,raw,46200,0.07859275289737315,0.04869614415916477
40,NEW_CORE_SELECT,OD_SEPARABLE,20260915,LOCAL_OD_168,12,AVAILABLE,path_1_to_H,clip_0_1,46200,0.07857961111795127,0.04866163277238295
0,NEW_CORE_SELECT,OD_SEPARABLE,20260916,LOCAL_OD_168,3,AVAILABLE,terminal_H,raw,3850,0.07155749091832687,0.04150404715197922
0,NEW_CORE_SELECT,OD_SEPARABLE,20260916,LOCAL_OD_168,3,AVAILABLE,terminal_H,clip_0_1,3850,0.07155532535344217,0.04148815061496082
0,NEW_CORE_SELECT,OD_SEPARABLE,20260916,LOCAL_OD_168,3,AVAILABLE,path_1_to_H,raw,11550,0.06533001779708264,0.03669940274660176
0,NEW_CORE_SELECT,OD_SEPARABLE,20260916,LOCAL_OD_168,3,AVAILABLE,path_1_to_H,clip_0_1,11550,0.0653026967012024,0.0366599289799402
0,NEW_CORE_SELECT,OD_SEPARABLE,20260916,LOCAL_OD_168,6,AVAILABLE,terminal_H,raw,3850,0.07640047146889435,0.04762812144991265
0,NEW_CORE_SELECT,OD_SEPARABLE,20260916,LOCAL_OD_168,6,AVAILABLE,terminal_H,clip_0_1,3850,0.07639800240261242,0.04762124960119462
0,NEW_CORE_SELECT,OD_SEPARABLE,20260916,LOCAL_OD_168,6,AVAILABLE,path_1_to_H,raw,23100,0.0699865059565207,0.04114355073647552
0,NEW_CORE_SELECT,OD_SEPARABLE,20260916,LOCAL_OD_168,6,AVAILABLE,path_1_to_H,clip_0_1,23100,0.06997297823626436,0.04111893887692638
0,NEW_CORE_SELECT,OD_SEPARABLE,20260916,LOCAL_OD_168,9,AVAILABLE,terminal_H,raw,3850,0.08468624593246253,0.056971649421793065
0,NEW_CORE_SELECT,OD_SEPARABLE,20260916,LOCAL_OD_168,9,AVAILABLE,terminal_H,clip_0_1,3850,0.08468509333991603,0.05696355243365054
0,NEW_CORE_SELECT,OD_SEPARABLE,20260916,LOCAL_OD_168,9,AVAILABLE,path_1_to_H,raw,34650,0.07434497497347202,0.04506060979594297
0,NEW_CORE_SELECT,OD_SEPARABLE,20260916,LOCAL_OD_168,9,AVAILABLE,path_1_to_H,clip_0_1,34650,0.07433592718062032,0.04504229630533493
0,NEW_CORE_SELECT,OD_SEPARABLE,20260916,LOCAL_OD_168,12,AVAILABLE,terminal_H,raw,3850,0.09306321667618835,0.06072716654989335
0,NEW_CORE_SELECT,OD_SEPARABLE,20260916,LOCAL_OD_168,12,AVAILABLE,terminal_H,clip_0_1,3850,0.09305738102667864,0.06071073253632499
0,NEW_CORE_SELECT,OD_SEPARABLE,20260916,LOCAL_OD_168,12,AVAILABLE,path_1_to_H,raw,46200,0.07876578519461823,0.048791925921694526
0,NEW_CORE_SELECT,OD_SEPARABLE,20260916,LOCAL_OD_168,12,AVAILABLE,path_1_to_H,clip_0_1,46200,0.07875791627267534,0.0487757014041068
5,NEW_CORE_SELECT,OD_SEPARABLE,20260916,LOCAL_OD_168,3,AVAILABLE,terminal_H,raw,3850,0.07209541654514912,0.04203877699787562
5,NEW_CORE_SELECT,OD_SEPARABLE,20260916,LOCAL_OD_168,3,AVAILABLE,terminal_H,clip_0_1,3850,0.07209048449226654,0.042019175219085776
5,NEW_CORE_SELECT,OD_SEPARABLE,20260916,LOCAL_OD_168,3,AVAILABLE,path_1_to_H,raw,11550,0.06569475294472477,0.037025844876088454
5,NEW_CORE_SELECT,OD_SEPARABLE,20260916,LOCAL_OD_168,3,AVAILABLE,path_1_to_H,clip_0_1,11550,0.0656639628947315,0.036984133500818236
5,NEW_CORE_SELECT,OD_SEPARABLE,20260916,LOCAL_OD_168,6,AVAILABLE,terminal_H,raw,3850,0.07662182306804148,0.04797182514025834
5,NEW_CORE_SELECT,OD_SEPARABLE,20260916,LOCAL_OD_168,6,AVAILABLE,terminal_H,clip_0_1,3850,0.0766163149793078,0.04795062573583726
5,NEW_CORE_SELECT,OD_SEPARABLE,20260916,LOCAL_OD_168,6,AVAILABLE,path_1_to_H,raw,23100,0.07036976995957522,0.04147570210703773
5,NEW_CORE_SELECT,OD_SEPARABLE,20260916,LOCAL_OD_168,6,AVAILABLE,path_1_to_H,clip_0_1,23100,0.07035036825828547,0.041440888156919445
5,NEW_CORE_SELECT,OD_SEPARABLE,20260916,LOCAL_OD_168,9,AVAILABLE,terminal_H,raw,3850,0.08542541493005969,0.05749107396889893
5,NEW_CORE_SELECT,OD_SEPARABLE,20260916,LOCAL_OD_168,9,AVAILABLE,terminal_H,clip_0_1,3850,0.08542403415515684,0.05748115153437958
5,NEW_CORE_SELECT,OD_SEPARABLE,20260916,LOCAL_OD_168,9,AVAILABLE,path_1_to_H,raw,34650,0.07477226388834518,0.0454447276060336
5,NEW_CORE_SELECT,OD_SEPARABLE,20260916,LOCAL_OD_168,9,AVAILABLE,path_1_to_H,clip_0_1,34650,0.07475919636006556,0.045417745306176434
5,NEW_CORE_SELECT,OD_SEPARABLE,20260916,LOCAL_OD_168,12,AVAILABLE,terminal_H,raw,3850,0.09369898120308759,0.06098397376163905
5,NEW_CORE_SELECT,OD_SEPARABLE,20260916,LOCAL_OD_168,12,AVAILABLE,terminal_H,clip_0_1,3850,0.09368675705867723,0.06094900197778811
5,NEW_CORE_SELECT,OD_SEPARABLE,20260916,LOCAL_OD_168,12,AVAILABLE,path_1_to_H,raw,46200,0.07922236280738104,0.049150604967033405
5,NEW_CORE_SELECT,OD_SEPARABLE,20260916,LOCAL_OD_168,12,AVAILABLE,path_1_to_H,clip_0_1,46200,0.0792110681689222,0.04912614518983003
10,NEW_CORE_SELECT,OD_SEPARABLE,20260916,LOCAL_OD_168,3,AVAILABLE,terminal_H,raw,3850,0.07221413493954154,0.042340144227644295
10,NEW_CORE_SELECT,OD_SEPARABLE,20260916,LOCAL_OD_168,3,AVAILABLE,terminal_H,clip_0_1,3850,0.07221091170498906,0.04231920426065504
10,NEW_CORE_SELECT,OD_SEPARABLE,20260916,LOCAL_OD_168,3,AVAILABLE,path_1_to_H,raw,11550,0.0660076334114255,0.037584367115724535
10,NEW_CORE_SELECT,OD_SEPARABLE,20260916,LOCAL_OD_168,3,AVAILABLE,path_1_to_H,clip_0_1,11550,0.0659794763484004,0.0375487435580432
10,NEW_CORE_SELECT,OD_SEPARABLE,20260916,LOCAL_OD_168,6,AVAILABLE,terminal_H,raw,3850,0.07721549982276951,0.048598781315857695
10,NEW_CORE_SELECT,OD_SEPARABLE,20260916,LOCAL_OD_168,6,AVAILABLE,terminal_H,clip_0_1,3850,0.07721355889859545,0.04858265102991491
10,NEW_CORE_SELECT,OD_SEPARABLE,20260916,LOCAL_OD_168,6,AVAILABLE,path_1_to_H,raw,23100,0.07064138803177338,0.04196390546318789
10,NEW_CORE_SELECT,OD_SEPARABLE,20260916,LOCAL_OD_168,6,AVAILABLE,path_1_to_H,clip_0_1,23100,0.07062686381222984,0.04193606064060183
10,NEW_CORE_SELECT,OD_SEPARABLE,20260916,LOCAL_OD_168,9,AVAILABLE,terminal_H,raw,3850,0.08560784003065523,0.057661044257998444
10,NEW_CORE_SELECT,OD_SEPARABLE,20260916,LOCAL_OD_168,9,AVAILABLE,terminal_H,clip_0_1,3850,0.08560718797114855,0.05765470904606295
10,NEW_CORE_SELECT,OD_SEPARABLE,20260916,LOCAL_OD_168,9,AVAILABLE,path_1_to_H,raw,34650,0.07504680039563694,0.04582714365547542
10,NEW_CORE_SELECT,OD_SEPARABLE,20260916,LOCAL_OD_168,9,AVAILABLE,path_1_to_H,clip_0_1,34650,0.0750366467455644,0.04580437826756364
10,NEW_CORE_SELECT,OD_SEPARABLE,20260916,LOCAL_OD_168,12,AVAILABLE,terminal_H,raw,3850,0.0932648704111312,0.06119629268871744
10,NEW_CORE_SELECT,OD_SEPARABLE,20260916,LOCAL_OD_168,12,AVAILABLE,terminal_H,clip_0_1,3850,0.09326103243646026,0.06118021337365433
10,NEW_CORE_SELECT,OD_SEPARABLE,20260916,LOCAL_OD_168,12,AVAILABLE,path_1_to_H,raw,46200,0.07933218343762208,0.049490462843129225
10,NEW_CORE_SELECT,OD_SEPARABLE,20260916,LOCAL_OD_168,12,AVAILABLE,path_1_to_H,clip_0_1,46200,0.07932420769201476,0.04947147374935463
20,NEW_CORE_SELECT,OD_SEPARABLE,20260916,LOCAL_OD_168,3,AVAILABLE,terminal_H,raw,3850,0.0720502136714908,0.04192132320308139
20,NEW_CORE_SELECT,OD_SEPARABLE,20260916,LOCAL_OD_168,3,AVAILABLE,terminal_H,clip_0_1,3850,0.07204234545116657,0.04190004332716238
20,NEW_CORE_SELECT,OD_SEPARABLE,20260916,LOCAL_OD_168,3,AVAILABLE,path_1_to_H,raw,11550,0.06566202998081061,0.03692090010335946
20,NEW_CORE_SELECT,OD_SEPARABLE,20260916,LOCAL_OD_168,3,AVAILABLE,path_1_to_H,clip_0_1,11550,0.06563411288468851,0.03686873070618366
20,NEW_CORE_SELECT,OD_SEPARABLE,20260916,LOCAL_OD_168,6,AVAILABLE,terminal_H,raw,3850,0.07703856587426751,0.047996221151342416
20,NEW_CORE_SELECT,OD_SEPARABLE,20260916,LOCAL_OD_168,6,AVAILABLE,terminal_H,clip_0_1,3850,0.07703239686527918,0.04797068049742533
20,NEW_CORE_SELECT,OD_SEPARABLE,20260916,LOCAL_OD_168,6,AVAILABLE,path_1_to_H,raw,23100,0.07033663199528294,0.041404540032014645
20,NEW_CORE_SELECT,OD_SEPARABLE,20260916,LOCAL_OD_168,6,AVAILABLE,path_1_to_H,clip_0_1,23100,0.07031722813371408,0.04136148165171698
20,NEW_CORE_SELECT,OD_SEPARABLE,20260916,LOCAL_OD_168,9,AVAILABLE,terminal_H,raw,3850,0.08486260089203287,0.05719769557072114
20,NEW_CORE_SELECT,OD_SEPARABLE,20260916,LOCAL_OD_168,9,AVAILABLE,terminal_H,clip_0_1,3850,0.08486011615883456,0.05718683583749955
20,NEW_CORE_SELECT,OD_SEPARABLE,20260916,LOCAL_OD_168,9,AVAILABLE,path_1_to_H,raw,34650,0.07478864101924992,0.045464904351951434
20,NEW_CORE_SELECT,OD_SEPARABLE,20260916,LOCAL_OD_168,9,AVAILABLE,path_1_to_H,clip_0_1,34650,0.0747737923824879,0.045428319571594204
20,NEW_CORE_SELECT,OD_SEPARABLE,20260916,LOCAL_OD_168,12,AVAILABLE,terminal_H,raw,3850,0.093329684834842,0.06121306401617765
20,NEW_CORE_SELECT,OD_SEPARABLE,20260916,LOCAL_OD_168,12,AVAILABLE,terminal_H,clip_0_1,3850,0.09332495689769947,0.0611979991954291
20,NEW_CORE_SELECT,OD_SEPARABLE,20260916,LOCAL_OD_168,12,AVAILABLE,path_1_to_H,raw,46200,0.07911150854724029,0.04922599716693757
20,NEW_CORE_SELECT,OD_SEPARABLE,20260916,LOCAL_OD_168,12,AVAILABLE,path_1_to_H,clip_0_1,46200,0.07909979687221999,0.04919639701478471
40,NEW_CORE_SELECT,OD_SEPARABLE,20260916,LOCAL_OD_168,3,AVAILABLE,terminal_H,raw,3850,0.07187576883119308,0.04202452341429746
40,NEW_CORE_SELECT,OD_SEPARABLE,20260916,LOCAL_OD_168,3,AVAILABLE,terminal_H,clip_0_1,3850,0.07187121079666459,0.042009922281185046
40,NEW_CORE_SELECT,OD_SEPARABLE,20260916,LOCAL_OD_168,3,AVAILABLE,path_1_to_H,raw,11550,0.06549185851823222,0.03717828552037942
40,NEW_CORE_SELECT,OD_SEPARABLE,20260916,LOCAL_OD_168,3,AVAILABLE,path_1_to_H,clip_0_1,11550,0.06546431500453198,0.037144119897917466
40,NEW_CORE_SELECT,OD_SEPARABLE,20260916,LOCAL_OD_168,6,AVAILABLE,terminal_H,raw,3850,0.07717414914540681,0.048079304427261764
40,NEW_CORE_SELECT,OD_SEPARABLE,20260916,LOCAL_OD_168,6,AVAILABLE,terminal_H,clip_0_1,3850,0.07716906412826995,0.048057476140489996
40,NEW_CORE_SELECT,OD_SEPARABLE,20260916,LOCAL_OD_168,6,AVAILABLE,path_1_to_H,raw,23100,0.07029170796849653,0.04161928813456073
40,NEW_CORE_SELECT,OD_SEPARABLE,20260916,LOCAL_OD_168,6,AVAILABLE,path_1_to_H,clip_0_1,23100,0.07027678310206047,0.04159276158581355
40,NEW_CORE_SELECT,OD_SEPARABLE,20260916,LOCAL_OD_168,9,AVAILABLE,terminal_H,raw,3850,0.08434229012822597,0.056887148106500286
40,NEW_CORE_SELECT,OD_SEPARABLE,20260916,LOCAL_OD_168,9,AVAILABLE,terminal_H,clip_0_1,3850,0.0843386295499716,0.056876267964916835
40,NEW_CORE_SELECT,OD_SEPARABLE,20260916,LOCAL_OD_168,9,AVAILABLE,path_1_to_H,raw,34650,0.07462576431303264,0.04549992680050358
40,NEW_CORE_SELECT,OD_SEPARABLE,20260916,LOCAL_OD_168,9,AVAILABLE,path_1_to_H,clip_0_1,34650,0.07461361980319818,0.04547570873165441
40,NEW_CORE_SELECT,OD_SEPARABLE,20260916,LOCAL_OD_168,12,AVAILABLE,terminal_H,raw,3850,0.09297236024099043,0.06082239262822069
40,NEW_CORE_SELECT,OD_SEPARABLE,20260916,LOCAL_OD_168,12,AVAILABLE,terminal_H,clip_0_1,3850,0.09296523731049708,0.06080161211913388
40,NEW_CORE_SELECT,OD_SEPARABLE,20260916,LOCAL_OD_168,12,AVAILABLE,path_1_to_H,raw,46200,0.07889168487037988,0.0491473730014035
40,NEW_CORE_SELECT,OD_SEPARABLE,20260916,LOCAL_OD_168,12,AVAILABLE,path_1_to_H,clip_0_1,46200,0.07888162910658371,0.049126299110272505
0,NEW_CORE_SELECT,OD_SEPARABLE,20260917,LOCAL_OD_168,3,AVAILABLE,terminal_H,raw,3850,0.07155749091832687,0.04150404715197922
0,NEW_CORE_SELECT,OD_SEPARABLE,20260917,LOCAL_OD_168,3,AVAILABLE,terminal_H,clip_0_1,3850,0.07155532535344217,0.04148815061496082
0,NEW_CORE_SELECT,OD_SEPARABLE,20260917,LOCAL_OD_168,3,AVAILABLE,path_1_to_H,raw,11550,0.06533001779708264,0.03669940274660176
0,NEW_CORE_SELECT,OD_SEPARABLE,20260917,LOCAL_OD_168,3,AVAILABLE,path_1_to_H,clip_0_1,11550,0.0653026967012024,0.0366599289799402
0,NEW_CORE_SELECT,OD_SEPARABLE,20260917,LOCAL_OD_168,6,AVAILABLE,terminal_H,raw,3850,0.07640047146889435,0.04762812144991265
0,NEW_CORE_SELECT,OD_SEPARABLE,20260917,LOCAL_OD_168,6,AVAILABLE,terminal_H,clip_0_1,3850,0.07639800240261242,0.04762124960119462
0,NEW_CORE_SELECT,OD_SEPARABLE,20260917,LOCAL_OD_168,6,AVAILABLE,path_1_to_H,raw,23100,0.0699865059565207,0.04114355073647552
0,NEW_CORE_SELECT,OD_SEPARABLE,20260917,LOCAL_OD_168,6,AVAILABLE,path_1_to_H,clip_0_1,23100,0.06997297823626436,0.04111893887692638
0,NEW_CORE_SELECT,OD_SEPARABLE,20260917,LOCAL_OD_168,9,AVAILABLE,terminal_H,raw,3850,0.08468624593246253,0.056971649421793065
0,NEW_CORE_SELECT,OD_SEPARABLE,20260917,LOCAL_OD_168,9,AVAILABLE,terminal_H,clip_0_1,3850,0.08468509333991603,0.05696355243365054
0,NEW_CORE_SELECT,OD_SEPARABLE,20260917,LOCAL_OD_168,9,AVAILABLE,path_1_to_H,raw,34650,0.07434497497347202,0.04506060979594297
0,NEW_CORE_SELECT,OD_SEPARABLE,20260917,LOCAL_OD_168,9,AVAILABLE,path_1_to_H,clip_0_1,34650,0.07433592718062032,0.04504229630533493
0,NEW_CORE_SELECT,OD_SEPARABLE,20260917,LOCAL_OD_168,12,AVAILABLE,terminal_H,raw,3850,0.09306321667618835,0.06072716654989335
0,NEW_CORE_SELECT,OD_SEPARABLE,20260917,LOCAL_OD_168,12,AVAILABLE,terminal_H,clip_0_1,3850,0.09305738102667864,0.06071073253632499
0,NEW_CORE_SELECT,OD_SEPARABLE,20260917,LOCAL_OD_168,12,AVAILABLE,path_1_to_H,raw,46200,0.07876578519461823,0.048791925921694526
0,NEW_CORE_SELECT,OD_SEPARABLE,20260917,LOCAL_OD_168,12,AVAILABLE,path_1_to_H,clip_0_1,46200,0.07875791627267534,0.0487757014041068
5,NEW_CORE_SELECT,OD_SEPARABLE,20260917,LOCAL_OD_168,3,AVAILABLE,terminal_H,raw,3850,0.07155540752721332,0.04125111446119753
5,NEW_CORE_SELECT,OD_SEPARABLE,20260917,LOCAL_OD_168,3,AVAILABLE,terminal_H,clip_0_1,3850,0.07155138262069498,0.04122975611099824
5,NEW_CORE_SELECT,OD_SEPARABLE,20260917,LOCAL_OD_168,3,AVAILABLE,path_1_to_H,raw,11550,0.06548049248604179,0.03684366460869702
5,NEW_CORE_SELECT,OD_SEPARABLE,20260917,LOCAL_OD_168,3,AVAILABLE,path_1_to_H,clip_0_1,11550,0.06545186882780905,0.036798704653498035
5,NEW_CORE_SELECT,OD_SEPARABLE,20260917,LOCAL_OD_168,6,AVAILABLE,terminal_H,raw,3850,0.07609418451597469,0.0475595003541224
5,NEW_CORE_SELECT,OD_SEPARABLE,20260917,LOCAL_OD_168,6,AVAILABLE,terminal_H,clip_0_1,3850,0.07609158192317081,0.04754886150883105
5,NEW_CORE_SELECT,OD_SEPARABLE,20260917,LOCAL_OD_168,6,AVAILABLE,path_1_to_H,raw,23100,0.07001594048297144,0.04128205516753291
5,NEW_CORE_SELECT,OD_SEPARABLE,20260917,LOCAL_OD_168,6,AVAILABLE,path_1_to_H,clip_0_1,23100,0.07000193796502385,0.04125572294279283
5,NEW_CORE_SELECT,OD_SEPARABLE,20260917,LOCAL_OD_168,9,AVAILABLE,terminal_H,raw,3850,0.08540693484607192,0.05787366398955318
5,NEW_CORE_SELECT,OD_SEPARABLE,20260917,LOCAL_OD_168,9,AVAILABLE,terminal_H,clip_0_1,3850,0.08540494040205626,0.05786472997276222
5,NEW_CORE_SELECT,OD_SEPARABLE,20260917,LOCAL_OD_168,9,AVAILABLE,path_1_to_H,raw,34650,0.07450347506663792,0.04545899135392631
5,NEW_CORE_SELECT,OD_SEPARABLE,20260917,LOCAL_OD_168,9,AVAILABLE,path_1_to_H,clip_0_1,34650,0.07449371523914226,0.04543946427837688
5,NEW_CORE_SELECT,OD_SEPARABLE,20260917,LOCAL_OD_168,12,AVAILABLE,terminal_H,raw,3850,0.09336416646041698,0.0608168016800909
5,NEW_CORE_SELECT,OD_SEPARABLE,20260917,LOCAL_OD_168,12,AVAILABLE,terminal_H,clip_0_1,3850,0.09334906008622426,0.060784710608656284
5,NEW_CORE_SELECT,OD_SEPARABLE,20260917,LOCAL_OD_168,12,AVAILABLE,path_1_to_H,raw,46200,0.07900969636995674,0.04915031381648756
5,NEW_CORE_SELECT,OD_SEPARABLE,20260917,LOCAL_OD_168,12,AVAILABLE,path_1_to_H,clip_0_1,46200,0.0789981314919928,0.04912973550759081
10,NEW_CORE_SELECT,OD_SEPARABLE,20260917,LOCAL_OD_168,3,AVAILABLE,terminal_H,raw,3850,0.07213363904599256,0.04172463386518943
10,NEW_CORE_SELECT,OD_SEPARABLE,20260917,LOCAL_OD_168,3,AVAILABLE,terminal_H,clip_0_1,3850,0.07212216578175623,0.04168388572761085
10,NEW_CORE_SELECT,OD_SEPARABLE,20260917,LOCAL_OD_168,3,AVAILABLE,path_1_to_H,raw,11550,0.06586801374670644,0.036989425892390605
10,NEW_CORE_SELECT,OD_SEPARABLE,20260917,LOCAL_OD_168,3,AVAILABLE,path_1_to_H,clip_0_1,11550,0.06583774605807073,0.03692424872986846
10,NEW_CORE_SELECT,OD_SEPARABLE,20260917,LOCAL_OD_168,6,AVAILABLE,terminal_H,raw,3850,0.07653001779698884,0.04795435909184114
10,NEW_CORE_SELECT,OD_SEPARABLE,20260917,LOCAL_OD_168,6,AVAILABLE,terminal_H,clip_0_1,3850,0.07652660022705415,0.04793182125712364
10,NEW_CORE_SELECT,OD_SEPARABLE,20260917,LOCAL_OD_168,6,AVAILABLE,path_1_to_H,raw,23100,0.07031619223592081,0.04134963764559545
10,NEW_CORE_SELECT,OD_SEPARABLE,20260917,LOCAL_OD_168,6,AVAILABLE,path_1_to_H,clip_0_1,23100,0.07029926798801846,0.04130347002656859
10,NEW_CORE_SELECT,OD_SEPARABLE,20260917,LOCAL_OD_168,9,AVAILABLE,terminal_H,raw,3850,0.08524447510428924,0.05749834786025776
10,NEW_CORE_SELECT,OD_SEPARABLE,20260917,LOCAL_OD_168,9,AVAILABLE,terminal_H,clip_0_1,3850,0.0852442102730081,0.05749264309483756
10,NEW_CORE_SELECT,OD_SEPARABLE,20260917,LOCAL_OD_168,9,AVAILABLE,path_1_to_H,raw,34650,0.07475723897579996,0.04531767799487453
10,NEW_CORE_SELECT,OD_SEPARABLE,20260917,LOCAL_OD_168,9,AVAILABLE,path_1_to_H,clip_0_1,34650,0.07474524335462177,0.045280945751619436
10,NEW_CORE_SELECT,OD_SEPARABLE,20260917,LOCAL_OD_168,12,AVAILABLE,terminal_H,raw,3850,0.09373200376146884,0.06142279994316815
10,NEW_CORE_SELECT,OD_SEPARABLE,20260917,LOCAL_OD_168,12,AVAILABLE,terminal_H,clip_0_1,3850,0.09372509650895512,0.06140418321644485
10,NEW_CORE_SELECT,OD_SEPARABLE,20260917,LOCAL_OD_168,12,AVAILABLE,path_1_to_H,raw,46200,0.07922484583164408,0.04918363503691081
10,NEW_CORE_SELECT,OD_SEPARABLE,20260917,LOCAL_OD_168,12,AVAILABLE,path_1_to_H,clip_0_1,46200,0.07921417453254224,0.04915326168937267
20,NEW_CORE_SELECT,OD_SEPARABLE,20260917,LOCAL_OD_168,3,AVAILABLE,terminal_H,raw,3850,0.07169769145086541,0.041626113024648505
20,NEW_CORE_SELECT,OD_SEPARABLE,20260917,LOCAL_OD_168,3,AVAILABLE,terminal_H,clip_0_1,3850,0.07168653980362018,0.0415939753954712
20,NEW_CORE_SELECT,OD_SEPARABLE,20260917,LOCAL_OD_168,3,AVAILABLE,path_1_to_H,raw,11550,0.06541443490553958,0.03679195190164837
20,NEW_CORE_SELECT,OD_SEPARABLE,20260917,LOCAL_OD_168,3,AVAILABLE,path_1_to_H,clip_0_1,11550,0.06538562550180145,0.03673539406979526
20,NEW_CORE_SELECT,OD_SEPARABLE,20260917,LOCAL_OD_168,6,AVAILABLE,terminal_H,raw,3850,0.07662923288293319,0.04776519586032561
20,NEW_CORE_SELECT,OD_SEPARABLE,20260917,LOCAL_OD_168,6,AVAILABLE,terminal_H,clip_0_1,3850,0.07661480701018687,0.04772885798741679
20,NEW_CORE_SELECT,OD_SEPARABLE,20260917,LOCAL_OD_168,6,AVAILABLE,path_1_to_H,raw,23100,0.07004311350894897,0.041189478681526656
20,NEW_CORE_SELECT,OD_SEPARABLE,20260917,LOCAL_OD_168,6,AVAILABLE,path_1_to_H,clip_0_1,23100,0.07002293177429411,0.04114208822862434
20,NEW_CORE_SELECT,OD_SEPARABLE,20260917,LOCAL_OD_168,9,AVAILABLE,terminal_H,raw,3850,0.085215923157692,0.05713569738497664
20,NEW_CORE_SELECT,OD_SEPARABLE,20260917,LOCAL_OD_168,9,AVAILABLE,terminal_H,clip_0_1,3850,0.08521431813440629,0.057123759319197456
20,NEW_CORE_SELECT,OD_SEPARABLE,20260917,LOCAL_OD_168,9,AVAILABLE,path_1_to_H,raw,34650,0.07460242426729927,0.04528683395420363
20,NEW_CORE_SELECT,OD_SEPARABLE,20260917,LOCAL_OD_168,9,AVAILABLE,path_1_to_H,clip_0_1,34650,0.07458675934287516,0.04524767304870685
20,NEW_CORE_SELECT,OD_SEPARABLE,20260917,LOCAL_OD_168,12,AVAILABLE,terminal_H,raw,3850,0.09358192646860743,0.060865573723857404
20,NEW_CORE_SELECT,OD_SEPARABLE,20260917,LOCAL_OD_168,12,AVAILABLE,terminal_H,clip_0_1,3850,0.09356750022758545,0.06082697418208349
20,NEW_CORE_SELECT,OD_SEPARABLE,20260917,LOCAL_OD_168,12,AVAILABLE,path_1_to_H,raw,46200,0.0791835853762769,0.049128261422016546
20,NEW_CORE_SELECT,OD_SEPARABLE,20260917,LOCAL_OD_168,12,AVAILABLE,path_1_to_H,clip_0_1,46200,0.07916809741071354,0.04909255080335325
40,NEW_CORE_SELECT,OD_SEPARABLE,20260917,LOCAL_OD_168,3,AVAILABLE,terminal_H,raw,3850,0.07146460375725008,0.0415130970510452
40,NEW_CORE_SELECT,OD_SEPARABLE,20260917,LOCAL_OD_168,3,AVAILABLE,terminal_H,clip_0_1,3850,0.07145041032136623,0.041477189650428924
40,NEW_CORE_SELECT,OD_SEPARABLE,20260917,LOCAL_OD_168,3,AVAILABLE,path_1_to_H,raw,11550,0.06528360977049884,0.03670741085908504
40,NEW_CORE_SELECT,OD_SEPARABLE,20260917,LOCAL_OD_168,3,AVAILABLE,path_1_to_H,clip_0_1,11550,0.06525428949364268,0.03665380663629996
40,NEW_CORE_SELECT,OD_SEPARABLE,20260917,LOCAL_OD_168,6,AVAILABLE,terminal_H,raw,3850,0.07641574722976395,0.04757710646099259
40,NEW_CORE_SELECT,OD_SEPARABLE,20260917,LOCAL_OD_168,6,AVAILABLE,terminal_H,clip_0_1,3850,0.07639632742273876,0.047537291357273914
40,NEW_CORE_SELECT,OD_SEPARABLE,20260917,LOCAL_OD_168,6,AVAILABLE,path_1_to_H,raw,23100,0.06980991714053288,0.04105738393635798
40,NEW_CORE_SELECT,OD_SEPARABLE,20260917,LOCAL_OD_168,6,AVAILABLE,path_1_to_H,clip_0_1,23100,0.06978832832933315,0.04101228851270501
40,NEW_CORE_SELECT,OD_SEPARABLE,20260917,LOCAL_OD_168,9,AVAILABLE,terminal_H,raw,3850,0.0849240782794622,0.0571785521987636
40,NEW_CORE_SELECT,OD_SEPARABLE,20260917,LOCAL_OD_168,9,AVAILABLE,terminal_H,clip_0_1,3850,0.08492186607449576,0.057163074717142784
40,NEW_CORE_SELECT,OD_SEPARABLE,20260917,LOCAL_OD_168,9,AVAILABLE,path_1_to_H,raw,34650,0.0742447745487208,0.04502904896659104
40,NEW_CORE_SELECT,OD_SEPARABLE,20260917,LOCAL_OD_168,9,AVAILABLE,path_1_to_H,clip_0_1,34650,0.07422660431588936,0.04498983060148013
40,NEW_CORE_SELECT,OD_SEPARABLE,20260917,LOCAL_OD_168,12,AVAILABLE,terminal_H,raw,3850,0.09310106007783334,0.06050837544126108
40,NEW_CORE_SELECT,OD_SEPARABLE,20260917,LOCAL_OD_168,12,AVAILABLE,terminal_H,clip_0_1,3850,0.09309021538220512,0.06047673976383097
40,NEW_CORE_SELECT,OD_SEPARABLE,20260917,LOCAL_OD_168,12,AVAILABLE,path_1_to_H,raw,46200,0.07872295738992853,0.04879187353961733
40,NEW_CORE_SELECT,OD_SEPARABLE,20260917,LOCAL_OD_168,12,AVAILABLE,path_1_to_H,clip_0_1,46200,0.07870706234741075,0.04875756646412585
0,NEW_CORE_SELECT,OD_CONCAT_MLP,20260915,LOCAL_OD_168,3,AVAILABLE,terminal_H,raw,3850,0.07155749091832687,0.04150404715197922
0,NEW_CORE_SELECT,OD_CONCAT_MLP,20260915,LOCAL_OD_168,3,AVAILABLE,terminal_H,clip_0_1,3850,0.07155532535344217,0.04148815061496082
0,NEW_CORE_SELECT,OD_CONCAT_MLP,20260915,LOCAL_OD_168,3,AVAILABLE,path_1_to_H,raw,11550,0.06533001779708264,0.03669940274660176
0,NEW_CORE_SELECT,OD_CONCAT_MLP,20260915,LOCAL_OD_168,3,AVAILABLE,path_1_to_H,clip_0_1,11550,0.0653026967012024,0.0366599289799402
0,NEW_CORE_SELECT,OD_CONCAT_MLP,20260915,LOCAL_OD_168,6,AVAILABLE,terminal_H,raw,3850,0.07640047146889435,0.04762812144991265
0,NEW_CORE_SELECT,OD_CONCAT_MLP,20260915,LOCAL_OD_168,6,AVAILABLE,terminal_H,clip_0_1,3850,0.07639800240261242,0.04762124960119462
0,NEW_CORE_SELECT,OD_CONCAT_MLP,20260915,LOCAL_OD_168,6,AVAILABLE,path_1_to_H,raw,23100,0.0699865059565207,0.04114355073647552
0,NEW_CORE_SELECT,OD_CONCAT_MLP,20260915,LOCAL_OD_168,6,AVAILABLE,path_1_to_H,clip_0_1,23100,0.06997297823626436,0.04111893887692638
0,NEW_CORE_SELECT,OD_CONCAT_MLP,20260915,LOCAL_OD_168,9,AVAILABLE,terminal_H,raw,3850,0.08468624593246253,0.056971649421793065
0,NEW_CORE_SELECT,OD_CONCAT_MLP,20260915,LOCAL_OD_168,9,AVAILABLE,terminal_H,clip_0_1,3850,0.08468509333991603,0.05696355243365054
0,NEW_CORE_SELECT,OD_CONCAT_MLP,20260915,LOCAL_OD_168,9,AVAILABLE,path_1_to_H,raw,34650,0.07434497497347202,0.04506060979594297
0,NEW_CORE_SELECT,OD_CONCAT_MLP,20260915,LOCAL_OD_168,9,AVAILABLE,path_1_to_H,clip_0_1,34650,0.07433592718062032,0.04504229630533493
0,NEW_CORE_SELECT,OD_CONCAT_MLP,20260915,LOCAL_OD_168,12,AVAILABLE,terminal_H,raw,3850,0.09306321667618835,0.06072716654989335
0,NEW_CORE_SELECT,OD_CONCAT_MLP,20260915,LOCAL_OD_168,12,AVAILABLE,terminal_H,clip_0_1,3850,0.09305738102667864,0.06071073253632499
0,NEW_CORE_SELECT,OD_CONCAT_MLP,20260915,LOCAL_OD_168,12,AVAILABLE,path_1_to_H,raw,46200,0.07876578519461823,0.048791925921694526
0,NEW_CORE_SELECT,OD_CONCAT_MLP,20260915,LOCAL_OD_168,12,AVAILABLE,path_1_to_H,clip_0_1,46200,0.07875791627267534,0.0487757014041068
5,NEW_CORE_SELECT,OD_CONCAT_MLP,20260915,LOCAL_OD_168,3,AVAILABLE,terminal_H,raw,3850,0.07156460805038634,0.041464324800852354
5,NEW_CORE_SELECT,OD_CONCAT_MLP,20260915,LOCAL_OD_168,3,AVAILABLE,terminal_H,clip_0_1,3850,0.07156230724320466,0.04145006858196394
5,NEW_CORE_SELECT,OD_CONCAT_MLP,20260915,LOCAL_OD_168,3,AVAILABLE,path_1_to_H,raw,11550,0.06534349130728684,0.036725973269438245
5,NEW_CORE_SELECT,OD_CONCAT_MLP,20260915,LOCAL_OD_168,3,AVAILABLE,path_1_to_H,clip_0_1,11550,0.06531551379692917,0.03668764293303252
5,NEW_CORE_SELECT,OD_CONCAT_MLP,20260915,LOCAL_OD_168,6,AVAILABLE,terminal_H,raw,3850,0.07624390483037624,0.04741181858970734
5,NEW_CORE_SELECT,OD_CONCAT_MLP,20260915,LOCAL_OD_168,6,AVAILABLE,terminal_H,clip_0_1,3850,0.0762413520877692,0.04740245233744179
5,NEW_CORE_SELECT,OD_CONCAT_MLP,20260915,LOCAL_OD_168,6,AVAILABLE,path_1_to_H,raw,23100,0.0699133154664926,0.041098113787508946
5,NEW_CORE_SELECT,OD_CONCAT_MLP,20260915,LOCAL_OD_168,6,AVAILABLE,path_1_to_H,clip_0_1,23100,0.06989954483750566,0.04107489616044686
5,NEW_CORE_SELECT,OD_CONCAT_MLP,20260915,LOCAL_OD_168,9,AVAILABLE,terminal_H,raw,3850,0.08450169485105008,0.056980254490554286
5,NEW_CORE_SELECT,OD_CONCAT_MLP,20260915,LOCAL_OD_168,9,AVAILABLE,terminal_H,clip_0_1,3850,0.0845003221676287,0.05697295548998896
5,NEW_CORE_SELECT,OD_CONCAT_MLP,20260915,LOCAL_OD_168,9,AVAILABLE,path_1_to_H,raw,34650,0.07424525382039276,0.04500764387606756
5,NEW_CORE_SELECT,OD_CONCAT_MLP,20260915,LOCAL_OD_168,9,AVAILABLE,path_1_to_H,clip_0_1,34650,0.07423587289361275,0.044989082111867265
5,NEW_CORE_SELECT,OD_CONCAT_MLP,20260915,LOCAL_OD_168,12,AVAILABLE,terminal_H,raw,3850,0.09295683018005922,0.060607223928450756
5,NEW_CORE_SELECT,OD_CONCAT_MLP,20260915,LOCAL_OD_168,12,AVAILABLE,terminal_H,clip_0_1,3850,0.0929542975688154,0.060598336474136746
5,NEW_CORE_SELECT,OD_CONCAT_MLP,20260915,LOCAL_OD_168,12,AVAILABLE,path_1_to_H,raw,46200,0.07866557635475495,0.04874080274422582
5,NEW_CORE_SELECT,OD_CONCAT_MLP,20260915,LOCAL_OD_168,12,AVAILABLE,path_1_to_H,clip_0_1,46200,0.07865825255891055,0.048725446186281086
10,NEW_CORE_SELECT,OD_CONCAT_MLP,20260915,LOCAL_OD_168,3,AVAILABLE,terminal_H,raw,3850,0.0714311968285519,0.04151429667844629
10,NEW_CORE_SELECT,OD_CONCAT_MLP,20260915,LOCAL_OD_168,3,AVAILABLE,terminal_H,clip_0_1,3850,0.07142513658360033,0.04149482263905633
10,NEW_CORE_SELECT,OD_CONCAT_MLP,20260915,LOCAL_OD_168,3,AVAILABLE,path_1_to_H,raw,11550,0.06530802089656321,0.036777799328705126
10,NEW_CORE_SELECT,OD_CONCAT_MLP,20260915,LOCAL_OD_168,3,AVAILABLE,path_1_to_H,clip_0_1,11550,0.06528087544331623,0.036735413907777056
10,NEW_CORE_SELECT,OD_CONCAT_MLP,20260915,LOCAL_OD_168,6,AVAILABLE,terminal_H,raw,3850,0.07632907187342011,0.047660355809228595
10,NEW_CORE_SELECT,OD_CONCAT_MLP,20260915,LOCAL_OD_168,6,AVAILABLE,terminal_H,clip_0_1,3850,0.07632416040764131,0.0476458753082077
10,NEW_CORE_SELECT,OD_CONCAT_MLP,20260915,LOCAL_OD_168,6,AVAILABLE,path_1_to_H,raw,23100,0.06990834755023562,0.04120086358137982
10,NEW_CORE_SELECT,OD_CONCAT_MLP,20260915,LOCAL_OD_168,6,AVAILABLE,path_1_to_H,clip_0_1,23100,0.06989383991142677,0.041172314617843826
10,NEW_CORE_SELECT,OD_CONCAT_MLP,20260915,LOCAL_OD_168,9,AVAILABLE,terminal_H,raw,3850,0.0846379187546686,0.05712630583992848
10,NEW_CORE_SELECT,OD_CONCAT_MLP,20260915,LOCAL_OD_168,9,AVAILABLE,terminal_H,clip_0_1,3850,0.0846362893420827,0.05711543998580595
10,NEW_CORE_SELECT,OD_CONCAT_MLP,20260915,LOCAL_OD_168,9,AVAILABLE,path_1_to_H,raw,34650,0.07424907867583275,0.0451189809247951
10,NEW_CORE_SELECT,OD_CONCAT_MLP,20260915,LOCAL_OD_168,9,AVAILABLE,path_1_to_H,clip_0_1,34650,0.07423884409863749,0.04509583902811979
10,NEW_CORE_SELECT,OD_CONCAT_MLP,20260915,LOCAL_OD_168,12,AVAILABLE,terminal_H,raw,3850,0.09311642275306647,0.06093308493930663
10,NEW_CORE_SELECT,OD_CONCAT_MLP,20260915,LOCAL_OD_168,12,AVAILABLE,terminal_H,clip_0_1,3850,0.09311083289493513,0.060917212649631944
10,NEW_CORE_SELECT,OD_CONCAT_MLP,20260915,LOCAL_OD_168,12,AVAILABLE,path_1_to_H,raw,46200,0.07872317757885004,0.048872927354062554
10,NEW_CORE_SELECT,OD_CONCAT_MLP,20260915,LOCAL_OD_168,12,AVAILABLE,path_1_to_H,clip_0_1,46200,0.07871464917806968,0.04885297163176915
20,NEW_CORE_SELECT,OD_CONCAT_MLP,20260915,LOCAL_OD_168,3,AVAILABLE,terminal_H,raw,3850,0.07137545049898998,0.04178742409121772
20,NEW_CORE_SELECT,OD_CONCAT_MLP,20260915,LOCAL_OD_168,3,AVAILABLE,terminal_H,clip_0_1,3850,0.07136906230610297,0.04176882554023845
20,NEW_CORE_SELECT,OD_CONCAT_MLP,20260915,LOCAL_OD_168,3,AVAILABLE,path_1_to_H,raw,11550,0.06527238357041734,0.037080934102453764
20,NEW_CORE_SELECT,OD_CONCAT_MLP,20260915,LOCAL_OD_168,3,AVAILABLE,path_1_to_H,clip_0_1,11550,0.06525103421240311,0.03704368773292037
20,NEW_CORE_SELECT,OD_CONCAT_MLP,20260915,LOCAL_OD_168,6,AVAILABLE,terminal_H,raw,3850,0.07628541939885952,0.04827205808502236
20,NEW_CORE_SELECT,OD_CONCAT_MLP,20260915,LOCAL_OD_168,6,AVAILABLE,terminal_H,clip_0_1,3850,0.07627710440093252,0.04824618516479222
20,NEW_CORE_SELECT,OD_CONCAT_MLP,20260915,LOCAL_OD_168,6,AVAILABLE,path_1_to_H,raw,23100,0.06979430524652856,0.04156048429656426
20,NEW_CORE_SELECT,OD_CONCAT_MLP,20260915,LOCAL_OD_168,6,AVAILABLE,path_1_to_H,clip_0_1,23100,0.06978078145566377,0.041530745194504365
20,NEW_CORE_SELECT,OD_CONCAT_MLP,20260915,LOCAL_OD_168,9,AVAILABLE,terminal_H,raw,3850,0.08450085496064867,0.057201899872746244
20,NEW_CORE_SELECT,OD_CONCAT_MLP,20260915,LOCAL_OD_168,9,AVAILABLE,terminal_H,clip_0_1,3850,0.08450017467765056,0.05719643526341913
20,NEW_CORE_SELECT,OD_CONCAT_MLP,20260915,LOCAL_OD_168,9,AVAILABLE,path_1_to_H,raw,34650,0.07415837197680515,0.04548045797123322
20,NEW_CORE_SELECT,OD_CONCAT_MLP,20260915,LOCAL_OD_168,9,AVAILABLE,path_1_to_H,clip_0_1,34650,0.07414793293210396,0.04545432603404809
20,NEW_CORE_SELECT,OD_CONCAT_MLP,20260915,LOCAL_OD_168,12,AVAILABLE,terminal_H,raw,3850,0.09275339593985345,0.06074255454580895
20,NEW_CORE_SELECT,OD_CONCAT_MLP,20260915,LOCAL_OD_168,12,AVAILABLE,terminal_H,clip_0_1,3850,0.09274838493736418,0.06073392842021426
20,NEW_CORE_SELECT,OD_CONCAT_MLP,20260915,LOCAL_OD_168,12,AVAILABLE,path_1_to_H,raw,46200,0.07859947492664444,0.04913025546386198
20,NEW_CORE_SELECT,OD_CONCAT_MLP,20260915,LOCAL_OD_168,12,AVAILABLE,path_1_to_H,clip_0_1,46200,0.07859120645059386,0.04910923921839622
40,NEW_CORE_SELECT,OD_CONCAT_MLP,20260915,LOCAL_OD_168,3,AVAILABLE,terminal_H,raw,3850,0.07131337349945994,0.04156848031848276
40,NEW_CORE_SELECT,OD_CONCAT_MLP,20260915,LOCAL_OD_168,3,AVAILABLE,terminal_H,clip_0_1,3850,0.07130703610191233,0.04154038046766899
40,NEW_CORE_SELECT,OD_CONCAT_MLP,20260915,LOCAL_OD_168,3,AVAILABLE,path_1_to_H,raw,11550,0.0651899596365016,0.036877424375977165
40,NEW_CORE_SELECT,OD_CONCAT_MLP,20260915,LOCAL_OD_168,3,AVAILABLE,path_1_to_H,clip_0_1,11550,0.06516710030441714,0.03682979301357231
40,NEW_CORE_SELECT,OD_CONCAT_MLP,20260915,LOCAL_OD_168,6,AVAILABLE,terminal_H,raw,3850,0.07607096438041197,0.04785645071170128
40,NEW_CORE_SELECT,OD_CONCAT_MLP,20260915,LOCAL_OD_168,6,AVAILABLE,terminal_H,clip_0_1,3850,0.07606174814458512,0.047823508105436466
40,NEW_CORE_SELECT,OD_CONCAT_MLP,20260915,LOCAL_OD_168,6,AVAILABLE,path_1_to_H,raw,23100,0.06966988164839921,0.041288033289186
40,NEW_CORE_SELECT,OD_CONCAT_MLP,20260915,LOCAL_OD_168,6,AVAILABLE,path_1_to_H,clip_0_1,23100,0.06965531016968156,0.04124818726473624
40,NEW_CORE_SELECT,OD_CONCAT_MLP,20260915,LOCAL_OD_168,9,AVAILABLE,terminal_H,raw,3850,0.0842643040173492,0.05674633336834379
40,NEW_CORE_SELECT,OD_CONCAT_MLP,20260915,LOCAL_OD_168,9,AVAILABLE,terminal_H,clip_0_1,3850,0.08426313723386408,0.05673756234152081
40,NEW_CORE_SELECT,OD_CONCAT_MLP,20260915,LOCAL_OD_168,9,AVAILABLE,path_1_to_H,raw,34650,0.07399158552097468,0.04517600802452278
40,NEW_CORE_SELECT,OD_CONCAT_MLP,20260915,LOCAL_OD_168,9,AVAILABLE,path_1_to_H,clip_0_1,34650,0.07397977976439482,0.045141404384095786
40,NEW_CORE_SELECT,OD_CONCAT_MLP,20260915,LOCAL_OD_168,12,AVAILABLE,terminal_H,raw,3850,0.09259346030350783,0.06054685246819502
40,NEW_CORE_SELECT,OD_CONCAT_MLP,20260915,LOCAL_OD_168,12,AVAILABLE,terminal_H,clip_0_1,3850,0.092589089549431,0.060537446505164384
40,NEW_CORE_SELECT,OD_CONCAT_MLP,20260915,LOCAL_OD_168,12,AVAILABLE,path_1_to_H,raw,46200,0.07841371770734964,0.04882735671330415
40,NEW_CORE_SELECT,OD_CONCAT_MLP,20260915,LOCAL_OD_168,12,AVAILABLE,path_1_to_H,clip_0_1,46200,0.07840431388749394,0.04879962996433286
0,NEW_CORE_SELECT,OD_CONCAT_MLP,20260916,LOCAL_OD_168,3,AVAILABLE,terminal_H,raw,3850,0.07155749091832687,0.04150404715197922
0,NEW_CORE_SELECT,OD_CONCAT_MLP,20260916,LOCAL_OD_168,3,AVAILABLE,terminal_H,clip_0_1,3850,0.07155532535344217,0.04148815061496082
0,NEW_CORE_SELECT,OD_CONCAT_MLP,20260916,LOCAL_OD_168,3,AVAILABLE,path_1_to_H,raw,11550,0.06533001779708264,0.03669940274660176
0,NEW_CORE_SELECT,OD_CONCAT_MLP,20260916,LOCAL_OD_168,3,AVAILABLE,path_1_to_H,clip_0_1,11550,0.0653026967012024,0.0366599289799402
0,NEW_CORE_SELECT,OD_CONCAT_MLP,20260916,LOCAL_OD_168,6,AVAILABLE,terminal_H,raw,3850,0.07640047146889435,0.04762812144991265
0,NEW_CORE_SELECT,OD_CONCAT_MLP,20260916,LOCAL_OD_168,6,AVAILABLE,terminal_H,clip_0_1,3850,0.07639800240261242,0.04762124960119462
0,NEW_CORE_SELECT,OD_CONCAT_MLP,20260916,LOCAL_OD_168,6,AVAILABLE,path_1_to_H,raw,23100,0.0699865059565207,0.04114355073647552
0,NEW_CORE_SELECT,OD_CONCAT_MLP,20260916,LOCAL_OD_168,6,AVAILABLE,path_1_to_H,clip_0_1,23100,0.06997297823626436,0.04111893887692638
0,NEW_CORE_SELECT,OD_CONCAT_MLP,20260916,LOCAL_OD_168,9,AVAILABLE,terminal_H,raw,3850,0.08468624593246253,0.056971649421793065
0,NEW_CORE_SELECT,OD_CONCAT_MLP,20260916,LOCAL_OD_168,9,AVAILABLE,terminal_H,clip_0_1,3850,0.08468509333991603,0.05696355243365054
0,NEW_CORE_SELECT,OD_CONCAT_MLP,20260916,LOCAL_OD_168,9,AVAILABLE,path_1_to_H,raw,34650,0.07434497497347202,0.04506060979594297
0,NEW_CORE_SELECT,OD_CONCAT_MLP,20260916,LOCAL_OD_168,9,AVAILABLE,path_1_to_H,clip_0_1,34650,0.07433592718062032,0.04504229630533493
0,NEW_CORE_SELECT,OD_CONCAT_MLP,20260916,LOCAL_OD_168,12,AVAILABLE,terminal_H,raw,3850,0.09306321667618835,0.06072716654989335
0,NEW_CORE_SELECT,OD_CONCAT_MLP,20260916,LOCAL_OD_168,12,AVAILABLE,terminal_H,clip_0_1,3850,0.09305738102667864,0.06071073253632499
0,NEW_CORE_SELECT,OD_CONCAT_MLP,20260916,LOCAL_OD_168,12,AVAILABLE,path_1_to_H,raw,46200,0.07876578519461823,0.048791925921694526
0,NEW_CORE_SELECT,OD_CONCAT_MLP,20260916,LOCAL_OD_168,12,AVAILABLE,path_1_to_H,clip_0_1,46200,0.07875791627267534,0.0487757014041068
5,NEW_CORE_SELECT,OD_CONCAT_MLP,20260916,LOCAL_OD_168,3,AVAILABLE,terminal_H,raw,3850,0.07146833366913244,0.041338664111682515
5,NEW_CORE_SELECT,OD_CONCAT_MLP,20260916,LOCAL_OD_168,3,AVAILABLE,terminal_H,clip_0_1,3850,0.07146223822979451,0.04131060857873554
5,NEW_CORE_SELECT,OD_CONCAT_MLP,20260916,LOCAL_OD_168,3,AVAILABLE,path_1_to_H,raw,11550,0.06527814221338415,0.036582192107951106
5,NEW_CORE_SELECT,OD_CONCAT_MLP,20260916,LOCAL_OD_168,3,AVAILABLE,path_1_to_H,clip_0_1,11550,0.06524780558170408,0.036529672643449584
5,NEW_CORE_SELECT,OD_CONCAT_MLP,20260916,LOCAL_OD_168,6,AVAILABLE,terminal_H,raw,3850,0.07572093835779894,0.046989971515593414
5,NEW_CORE_SELECT,OD_CONCAT_MLP,20260916,LOCAL_OD_168,6,AVAILABLE,terminal_H,clip_0_1,3850,0.07572011713755068,0.046987672959653566
5,NEW_CORE_SELECT,OD_CONCAT_MLP,20260916,LOCAL_OD_168,6,AVAILABLE,path_1_to_H,raw,23100,0.06968770705000739,0.04085474741992903
5,NEW_CORE_SELECT,OD_CONCAT_MLP,20260916,LOCAL_OD_168,6,AVAILABLE,path_1_to_H,clip_0_1,23100,0.06967318338397967,0.040826056288558656
5,NEW_CORE_SELECT,OD_CONCAT_MLP,20260916,LOCAL_OD_168,9,AVAILABLE,terminal_H,raw,3850,0.08472049297341468,0.05696556766452179
5,NEW_CORE_SELECT,OD_CONCAT_MLP,20260916,LOCAL_OD_168,9,AVAILABLE,terminal_H,clip_0_1,3850,0.08471921338680814,0.056955897708730205
5,NEW_CORE_SELECT,OD_CONCAT_MLP,20260916,LOCAL_OD_168,9,AVAILABLE,path_1_to_H,raw,34650,0.07404553080697736,0.044738867821056995
5,NEW_CORE_SELECT,OD_CONCAT_MLP,20260916,LOCAL_OD_168,9,AVAILABLE,path_1_to_H,clip_0_1,34650,0.07403568777098321,0.04471741587916593
5,NEW_CORE_SELECT,OD_CONCAT_MLP,20260916,LOCAL_OD_168,12,AVAILABLE,terminal_H,raw,3850,0.09328666049960276,0.06101829092017775
5,NEW_CORE_SELECT,OD_CONCAT_MLP,20260916,LOCAL_OD_168,12,AVAILABLE,terminal_H,clip_0_1,3850,0.09327861889290079,0.06099272799456869
5,NEW_CORE_SELECT,OD_CONCAT_MLP,20260916,LOCAL_OD_168,12,AVAILABLE,path_1_to_H,raw,46200,0.07863668877797975,0.04861037865924765
5,NEW_CORE_SELECT,OD_CONCAT_MLP,20260916,LOCAL_OD_168,12,AVAILABLE,path_1_to_H,clip_0_1,46200,0.078627971214607,0.048590813656896104
10,NEW_CORE_SELECT,OD_CONCAT_MLP,20260916,LOCAL_OD_168,3,AVAILABLE,terminal_H,raw,3850,0.07147409154505219,0.04173966755415451
10,NEW_CORE_SELECT,OD_CONCAT_MLP,20260916,LOCAL_OD_168,3,AVAILABLE,terminal_H,clip_0_1,3850,0.07147156622221547,0.041723848163183745
10,NEW_CORE_SELECT,OD_CONCAT_MLP,20260916,LOCAL_OD_168,3,AVAILABLE,path_1_to_H,raw,11550,0.06527755246835336,0.036832355972115906
10,NEW_CORE_SELECT,OD_CONCAT_MLP,20260916,LOCAL_OD_168,3,AVAILABLE,path_1_to_H,clip_0_1,11550,0.06525383936345738,0.03679171535885257
10,NEW_CORE_SELECT,OD_CONCAT_MLP,20260916,LOCAL_OD_168,6,AVAILABLE,terminal_H,raw,3850,0.07613807717702475,0.04750492964403201
10,NEW_CORE_SELECT,OD_CONCAT_MLP,20260916,LOCAL_OD_168,6,AVAILABLE,terminal_H,clip_0_1,3850,0.07613762060840318,0.0475011799372328
10,NEW_CORE_SELECT,OD_CONCAT_MLP,20260916,LOCAL_OD_168,6,AVAILABLE,path_1_to_H,raw,23100,0.06983380068974687,0.041166136585893076
10,NEW_CORE_SELECT,OD_CONCAT_MLP,20260916,LOCAL_OD_168,6,AVAILABLE,path_1_to_H,clip_0_1,23100,0.06982204425827747,0.041142185667597565
10,NEW_CORE_SELECT,OD_CONCAT_MLP,20260916,LOCAL_OD_168,9,AVAILABLE,terminal_H,raw,3850,0.08512720673605409,0.057364585206636856
10,NEW_CORE_SELECT,OD_CONCAT_MLP,20260916,LOCAL_OD_168,9,AVAILABLE,terminal_H,clip_0_1,3850,0.08512333046442633,0.05734991306762651
10,NEW_CORE_SELECT,OD_CONCAT_MLP,20260916,LOCAL_OD_168,9,AVAILABLE,path_1_to_H,raw,34650,0.07421535480827564,0.04505475707212315
10,NEW_CORE_SELECT,OD_CONCAT_MLP,20260916,LOCAL_OD_168,9,AVAILABLE,path_1_to_H,clip_0_1,34650,0.07420643520275673,0.045035636309186826
10,NEW_CORE_SELECT,OD_CONCAT_MLP,20260916,LOCAL_OD_168,12,AVAILABLE,terminal_H,raw,3850,0.09351907898677636,0.061410295905696355
10,NEW_CORE_SELECT,OD_CONCAT_MLP,20260916,LOCAL_OD_168,12,AVAILABLE,terminal_H,clip_0_1,3850,0.09350837717617007,0.061379155646088056
10,NEW_CORE_SELECT,OD_CONCAT_MLP,20260916,LOCAL_OD_168,12,AVAILABLE,path_1_to_H,raw,46200,0.07888128359345699,0.04898699235888185
10,NEW_CORE_SELECT,OD_CONCAT_MLP,20260916,LOCAL_OD_168,12,AVAILABLE,path_1_to_H,clip_0_1,46200,0.07887326821494305,0.0489685798894932
20,NEW_CORE_SELECT,OD_CONCAT_MLP,20260916,LOCAL_OD_168,3,AVAILABLE,terminal_H,raw,3850,0.07139949644784074,0.041557671326450024
20,NEW_CORE_SELECT,OD_CONCAT_MLP,20260916,LOCAL_OD_168,3,AVAILABLE,terminal_H,clip_0_1,3850,0.07139210027874208,0.041524955993669545
20,NEW_CORE_SELECT,OD_CONCAT_MLP,20260916,LOCAL_OD_168,3,AVAILABLE,path_1_to_H,raw,11550,0.06510206189365063,0.036737930672524254
20,NEW_CORE_SELECT,OD_CONCAT_MLP,20260916,LOCAL_OD_168,3,AVAILABLE,path_1_to_H,clip_0_1,11550,0.06507742173464129,0.036686151553802206
20,NEW_CORE_SELECT,OD_CONCAT_MLP,20260916,LOCAL_OD_168,6,AVAILABLE,terminal_H,raw,3850,0.07640822387465103,0.04738869358108813
20,NEW_CORE_SELECT,OD_CONCAT_MLP,20260916,LOCAL_OD_168,6,AVAILABLE,terminal_H,clip_0_1,3850,0.07640357845413649,0.04736153989212244
20,NEW_CORE_SELECT,OD_CONCAT_MLP,20260916,LOCAL_OD_168,6,AVAILABLE,path_1_to_H,raw,23100,0.06977372119936354,0.04110665405380851
20,NEW_CORE_SELECT,OD_CONCAT_MLP,20260916,LOCAL_OD_168,6,AVAILABLE,path_1_to_H,clip_0_1,23100,0.06976013886411508,0.04106686945349643
20,NEW_CORE_SELECT,OD_CONCAT_MLP,20260916,LOCAL_OD_168,9,AVAILABLE,terminal_H,raw,3850,0.08517522105749376,0.05730491754125281
20,NEW_CORE_SELECT,OD_CONCAT_MLP,20260916,LOCAL_OD_168,9,AVAILABLE,terminal_H,clip_0_1,3850,0.08516324654493948,0.05729088058941827
20,NEW_CORE_SELECT,OD_CONCAT_MLP,20260916,LOCAL_OD_168,9,AVAILABLE,path_1_to_H,raw,34650,0.07419424705996043,0.04504099797679473
20,NEW_CORE_SELECT,OD_CONCAT_MLP,20260916,LOCAL_OD_168,9,AVAILABLE,path_1_to_H,clip_0_1,34650,0.07418251469991796,0.04500795921005164
20,NEW_CORE_SELECT,OD_CONCAT_MLP,20260916,LOCAL_OD_168,12,AVAILABLE,terminal_H,raw,3850,0.09365245078612376,0.06154691683476923
20,NEW_CORE_SELECT,OD_CONCAT_MLP,20260916,LOCAL_OD_168,12,AVAILABLE,terminal_H,clip_0_1,3850,0.0936371328915688,0.061510347112861824
20,NEW_CORE_SELECT,OD_CONCAT_MLP,20260916,LOCAL_OD_168,12,AVAILABLE,path_1_to_H,raw,46200,0.07893895243061001,0.049043821411489254
20,NEW_CORE_SELECT,OD_CONCAT_MLP,20260916,LOCAL_OD_168,12,AVAILABLE,path_1_to_H,clip_0_1,46200,0.07892698281763098,0.04901358247043018
40,NEW_CORE_SELECT,OD_CONCAT_MLP,20260916,LOCAL_OD_168,3,AVAILABLE,terminal_H,raw,3850,0.07141097686903423,0.0418183168751975
40,NEW_CORE_SELECT,OD_CONCAT_MLP,20260916,LOCAL_OD_168,3,AVAILABLE,terminal_H,clip_0_1,3850,0.07140655786310138,0.04180433864312652
40,NEW_CORE_SELECT,OD_CONCAT_MLP,20260916,LOCAL_OD_168,3,AVAILABLE,path_1_to_H,raw,11550,0.06507635936449453,0.03695729825701085
40,NEW_CORE_SELECT,OD_CONCAT_MLP,20260916,LOCAL_OD_168,3,AVAILABLE,path_1_to_H,clip_0_1,11550,0.06505723681738255,0.0369216163779699
40,NEW_CORE_SELECT,OD_CONCAT_MLP,20260916,LOCAL_OD_168,6,AVAILABLE,terminal_H,raw,3850,0.07623737307715701,0.047860481474630366
40,NEW_CORE_SELECT,OD_CONCAT_MLP,20260916,LOCAL_OD_168,6,AVAILABLE,terminal_H,clip_0_1,3850,0.07623624516541522,0.04785039701451978
40,NEW_CORE_SELECT,OD_CONCAT_MLP,20260916,LOCAL_OD_168,6,AVAILABLE,path_1_to_H,raw,23100,0.0696821861909183,0.04136857204182222
40,NEW_CORE_SELECT,OD_CONCAT_MLP,20260916,LOCAL_OD_168,6,AVAILABLE,path_1_to_H,clip_0_1,23100,0.06967265907337773,0.04134604855650631
40,NEW_CORE_SELECT,OD_CONCAT_MLP,20260916,LOCAL_OD_168,9,AVAILABLE,terminal_H,raw,3850,0.08489037099654499,0.05752622614019528
40,NEW_CORE_SELECT,OD_CONCAT_MLP,20260916,LOCAL_OD_168,9,AVAILABLE,terminal_H,clip_0_1,3850,0.08487833749985357,0.05751488589624309
40,NEW_CORE_SELECT,OD_CONCAT_MLP,20260916,LOCAL_OD_168,9,AVAILABLE,path_1_to_H,raw,34650,0.07403510217268715,0.045307827971575856
40,NEW_CORE_SELECT,OD_CONCAT_MLP,20260916,LOCAL_OD_168,9,AVAILABLE,path_1_to_H,clip_0_1,34650,0.07402684113145148,0.04528904697052355
40,NEW_CORE_SELECT,OD_CONCAT_MLP,20260916,LOCAL_OD_168,12,AVAILABLE,terminal_H,raw,3850,0.09316397546981962,0.06155896895929941
40,NEW_CORE_SELECT,OD_CONCAT_MLP,20260916,LOCAL_OD_168,12,AVAILABLE,terminal_H,clip_0_1,3850,0.09315327242215289,0.06153105977952623
40,NEW_CORE_SELECT,OD_CONCAT_MLP,20260916,LOCAL_OD_168,12,AVAILABLE,path_1_to_H,raw,46200,0.078708980316713,0.04924147227212047
40,NEW_CORE_SELECT,OD_CONCAT_MLP,20260916,LOCAL_OD_168,12,AVAILABLE,path_1_to_H,clip_0_1,46200,0.07869980517646027,0.049222722635078604
0,NEW_CORE_SELECT,OD_CONCAT_MLP,20260917,LOCAL_OD_168,3,AVAILABLE,terminal_H,raw,3850,0.07155749091832687,0.04150404715197922
0,NEW_CORE_SELECT,OD_CONCAT_MLP,20260917,LOCAL_OD_168,3,AVAILABLE,terminal_H,clip_0_1,3850,0.07155532535344217,0.04148815061496082
0,NEW_CORE_SELECT,OD_CONCAT_MLP,20260917,LOCAL_OD_168,3,AVAILABLE,path_1_to_H,raw,11550,0.06533001779708264,0.03669940274660176
0,NEW_CORE_SELECT,OD_CONCAT_MLP,20260917,LOCAL_OD_168,3,AVAILABLE,path_1_to_H,clip_0_1,11550,0.0653026967012024,0.0366599289799402
0,NEW_CORE_SELECT,OD_CONCAT_MLP,20260917,LOCAL_OD_168,6,AVAILABLE,terminal_H,raw,3850,0.07640047146889435,0.04762812144991265
0,NEW_CORE_SELECT,OD_CONCAT_MLP,20260917,LOCAL_OD_168,6,AVAILABLE,terminal_H,clip_0_1,3850,0.07639800240261242,0.04762124960119462
0,NEW_CORE_SELECT,OD_CONCAT_MLP,20260917,LOCAL_OD_168,6,AVAILABLE,path_1_to_H,raw,23100,0.0699865059565207,0.04114355073647552
0,NEW_CORE_SELECT,OD_CONCAT_MLP,20260917,LOCAL_OD_168,6,AVAILABLE,path_1_to_H,clip_0_1,23100,0.06997297823626436,0.04111893887692638
0,NEW_CORE_SELECT,OD_CONCAT_MLP,20260917,LOCAL_OD_168,9,AVAILABLE,terminal_H,raw,3850,0.08468624593246253,0.056971649421793065
0,NEW_CORE_SELECT,OD_CONCAT_MLP,20260917,LOCAL_OD_168,9,AVAILABLE,terminal_H,clip_0_1,3850,0.08468509333991603,0.05696355243365054
0,NEW_CORE_SELECT,OD_CONCAT_MLP,20260917,LOCAL_OD_168,9,AVAILABLE,path_1_to_H,raw,34650,0.07434497497347202,0.04506060979594297
0,NEW_CORE_SELECT,OD_CONCAT_MLP,20260917,LOCAL_OD_168,9,AVAILABLE,path_1_to_H,clip_0_1,34650,0.07433592718062032,0.04504229630533493
0,NEW_CORE_SELECT,OD_CONCAT_MLP,20260917,LOCAL_OD_168,12,AVAILABLE,terminal_H,raw,3850,0.09306321667618835,0.06072716654989335
0,NEW_CORE_SELECT,OD_CONCAT_MLP,20260917,LOCAL_OD_168,12,AVAILABLE,terminal_H,clip_0_1,3850,0.09305738102667864,0.06071073253632499
0,NEW_CORE_SELECT,OD_CONCAT_MLP,20260917,LOCAL_OD_168,12,AVAILABLE,path_1_to_H,raw,46200,0.07876578519461823,0.048791925921694526
0,NEW_CORE_SELECT,OD_CONCAT_MLP,20260917,LOCAL_OD_168,12,AVAILABLE,path_1_to_H,clip_0_1,46200,0.07875791627267534,0.0487757014041068
5,NEW_CORE_SELECT,OD_CONCAT_MLP,20260917,LOCAL_OD_168,3,AVAILABLE,terminal_H,raw,3850,0.07168493919084783,0.0418913858107028
5,NEW_CORE_SELECT,OD_CONCAT_MLP,20260917,LOCAL_OD_168,3,AVAILABLE,terminal_H,clip_0_1,3850,0.07168430570627135,0.04187898826956117
5,NEW_CORE_SELECT,OD_CONCAT_MLP,20260917,LOCAL_OD_168,3,AVAILABLE,path_1_to_H,raw,11550,0.06539470512614665,0.03685595029741854
5,NEW_CORE_SELECT,OD_CONCAT_MLP,20260917,LOCAL_OD_168,3,AVAILABLE,path_1_to_H,clip_0_1,11550,0.06536861607018246,0.036821696838835245
5,NEW_CORE_SELECT,OD_CONCAT_MLP,20260917,LOCAL_OD_168,6,AVAILABLE,terminal_H,raw,3850,0.07611874269696481,0.04754504088312046
5,NEW_CORE_SELECT,OD_CONCAT_MLP,20260917,LOCAL_OD_168,6,AVAILABLE,terminal_H,clip_0_1,3850,0.07611635159550455,0.047541314350167105
5,NEW_CORE_SELECT,OD_CONCAT_MLP,20260917,LOCAL_OD_168,6,AVAILABLE,path_1_to_H,raw,23100,0.06997173302733788,0.04130141013560414
5,NEW_CORE_SELECT,OD_CONCAT_MLP,20260917,LOCAL_OD_168,6,AVAILABLE,path_1_to_H,clip_0_1,23100,0.06995890428652893,0.04128150152046983
5,NEW_CORE_SELECT,OD_CONCAT_MLP,20260917,LOCAL_OD_168,9,AVAILABLE,terminal_H,raw,3850,0.08515813116678438,0.05726302626907319
5,NEW_CORE_SELECT,OD_CONCAT_MLP,20260917,LOCAL_OD_168,9,AVAILABLE,terminal_H,clip_0_1,3850,0.08515397931860945,0.05724968305141959
5,NEW_CORE_SELECT,OD_CONCAT_MLP,20260917,LOCAL_OD_168,9,AVAILABLE,path_1_to_H,raw,34650,0.07438310507649193,0.04525885140479211
5,NEW_CORE_SELECT,OD_CONCAT_MLP,20260917,LOCAL_OD_168,9,AVAILABLE,path_1_to_H,clip_0_1,34650,0.07437328420755837,0.04524292599949421
5,NEW_CORE_SELECT,OD_CONCAT_MLP,20260917,LOCAL_OD_168,12,AVAILABLE,terminal_H,raw,3850,0.09351273948171719,0.06098659612325871
5,NEW_CORE_SELECT,OD_CONCAT_MLP,20260917,LOCAL_OD_168,12,AVAILABLE,terminal_H,clip_0_1,3850,0.09350316512570574,0.0609538641927388
5,NEW_CORE_SELECT,OD_CONCAT_MLP,20260917,LOCAL_OD_168,12,AVAILABLE,path_1_to_H,raw,46200,0.07893967494365091,0.049025762833812804
5,NEW_CORE_SELECT,OD_CONCAT_MLP,20260917,LOCAL_OD_168,12,AVAILABLE,path_1_to_H,clip_0_1,46200,0.07893039897798809,0.04900924693051779
10,NEW_CORE_SELECT,OD_CONCAT_MLP,20260917,LOCAL_OD_168,3,AVAILABLE,terminal_H,raw,3850,0.07140141503510009,0.041701197811337645
10,NEW_CORE_SELECT,OD_CONCAT_MLP,20260917,LOCAL_OD_168,3,AVAILABLE,terminal_H,clip_0_1,3850,0.07139931945571466,0.04169227841578556
10,NEW_CORE_SELECT,OD_CONCAT_MLP,20260917,LOCAL_OD_168,3,AVAILABLE,path_1_to_H,raw,11550,0.06523330454768121,0.03689192926726639
10,NEW_CORE_SELECT,OD_CONCAT_MLP,20260917,LOCAL_OD_168,3,AVAILABLE,path_1_to_H,clip_0_1,11550,0.065207588628837,0.03685864321384979
10,NEW_CORE_SELECT,OD_CONCAT_MLP,20260917,LOCAL_OD_168,6,AVAILABLE,terminal_H,raw,3850,0.07606462100048403,0.0476173530406187
10,NEW_CORE_SELECT,OD_CONCAT_MLP,20260917,LOCAL_OD_168,6,AVAILABLE,terminal_H,clip_0_1,3850,0.0760628936291288,0.04760880251998069
10,NEW_CORE_SELECT,OD_CONCAT_MLP,20260917,LOCAL_OD_168,6,AVAILABLE,path_1_to_H,raw,23100,0.06976936933424424,0.041229553903709366
10,NEW_CORE_SELECT,OD_CONCAT_MLP,20260917,LOCAL_OD_168,6,AVAILABLE,path_1_to_H,clip_0_1,23100,0.06975684331535616,0.04120900217181379
10,NEW_CORE_SELECT,OD_CONCAT_MLP,20260917,LOCAL_OD_168,9,AVAILABLE,terminal_H,raw,3850,0.08462604171857675,0.057299141675159614
10,NEW_CORE_SELECT,OD_CONCAT_MLP,20260917,LOCAL_OD_168,9,AVAILABLE,terminal_H,clip_0_1,3850,0.08462604171857675,0.057299141675159614
10,NEW_CORE_SELECT,OD_CONCAT_MLP,20260917,LOCAL_OD_168,9,AVAILABLE,path_1_to_H,raw,34650,0.07409969576824033,0.04513761859872486
10,NEW_CORE_SELECT,OD_CONCAT_MLP,20260917,LOCAL_OD_168,9,AVAILABLE,path_1_to_H,clip_0_1,34650,0.0740915742393954,0.04512290436833733
10,NEW_CORE_SELECT,OD_CONCAT_MLP,20260917,LOCAL_OD_168,12,AVAILABLE,terminal_H,raw,3850,0.09311055233459002,0.061519010868193454
10,NEW_CORE_SELECT,OD_CONCAT_MLP,20260917,LOCAL_OD_168,12,AVAILABLE,terminal_H,clip_0_1,3850,0.09310765606165468,0.06151039952414911
10,NEW_CORE_SELECT,OD_CONCAT_MLP,20260917,LOCAL_OD_168,12,AVAILABLE,path_1_to_H,raw,46200,0.07865351155576644,0.049046276071626836
10,NEW_CORE_SELECT,OD_CONCAT_MLP,20260917,LOCAL_OD_168,12,AVAILABLE,path_1_to_H,clip_0_1,46200,0.07864688425049295,0.04903397068406543
20,NEW_CORE_SELECT,OD_CONCAT_MLP,20260917,LOCAL_OD_168,3,AVAILABLE,terminal_H,raw,3850,0.07126213384458521,0.0416598021751729
20,NEW_CORE_SELECT,OD_CONCAT_MLP,20260917,LOCAL_OD_168,3,AVAILABLE,terminal_H,clip_0_1,3850,0.07125907243908891,0.04164206598746079
20,NEW_CORE_SELECT,OD_CONCAT_MLP,20260917,LOCAL_OD_168,3,AVAILABLE,path_1_to_H,raw,11550,0.06504615538198907,0.036789205028700735
20,NEW_CORE_SELECT,OD_CONCAT_MLP,20260917,LOCAL_OD_168,3,AVAILABLE,path_1_to_H,clip_0_1,11550,0.065025793028344,0.03675285450977748
20,NEW_CORE_SELECT,OD_CONCAT_MLP,20260917,LOCAL_OD_168,6,AVAILABLE,terminal_H,raw,3850,0.07553561753910759,0.047168118609120284
20,NEW_CORE_SELECT,OD_CONCAT_MLP,20260917,LOCAL_OD_168,6,AVAILABLE,terminal_H,clip_0_1,3850,0.07553005481406597,0.04715227762531093
20,NEW_CORE_SELECT,OD_CONCAT_MLP,20260917,LOCAL_OD_168,6,AVAILABLE,path_1_to_H,raw,23100,0.06943805005743284,0.04111215420198712
20,NEW_CORE_SELECT,OD_CONCAT_MLP,20260917,LOCAL_OD_168,6,AVAILABLE,path_1_to_H,clip_0_1,23100,0.06942696409019523,0.04108612007171373
20,NEW_CORE_SELECT,OD_CONCAT_MLP,20260917,LOCAL_OD_168,9,AVAILABLE,terminal_H,raw,3850,0.08504207066311004,0.05745911578294445
20,NEW_CORE_SELECT,OD_CONCAT_MLP,20260917,LOCAL_OD_168,9,AVAILABLE,terminal_H,clip_0_1,3850,0.08503000071077974,0.057450783575926666
20,NEW_CORE_SELECT,OD_CONCAT_MLP,20260917,LOCAL_OD_168,9,AVAILABLE,path_1_to_H,raw,34650,0.07396764634008964,0.04516447059461667
20,NEW_CORE_SELECT,OD_CONCAT_MLP,20260917,LOCAL_OD_168,9,AVAILABLE,path_1_to_H,clip_0_1,34650,0.07395690302304431,0.04514425516640012
20,NEW_CORE_SELECT,OD_CONCAT_MLP,20260917,LOCAL_OD_168,12,AVAILABLE,terminal_H,raw,3850,0.09350394260255276,0.06150661713682688
20,NEW_CORE_SELECT,OD_CONCAT_MLP,20260917,LOCAL_OD_168,12,AVAILABLE,terminal_H,clip_0_1,3850,0.09347864350723757,0.06145587717903096
20,NEW_CORE_SELECT,OD_CONCAT_MLP,20260917,LOCAL_OD_168,12,AVAILABLE,path_1_to_H,raw,46200,0.07870495445490464,0.049079316449845346
20,NEW_CORE_SELECT,OD_CONCAT_MLP,20260917,LOCAL_OD_168,12,AVAILABLE,path_1_to_H,clip_0_1,46200,0.07868937004375662,0.049054637323923074
40,NEW_CORE_SELECT,OD_CONCAT_MLP,20260917,LOCAL_OD_168,3,AVAILABLE,terminal_H,raw,3850,0.07114030698475872,0.04139278252109234
40,NEW_CORE_SELECT,OD_CONCAT_MLP,20260917,LOCAL_OD_168,3,AVAILABLE,terminal_H,clip_0_1,3850,0.07113268392686098,0.04135860574109005
40,NEW_CORE_SELECT,OD_CONCAT_MLP,20260917,LOCAL_OD_168,3,AVAILABLE,path_1_to_H,raw,11550,0.06500733118435933,0.03675477637193958
40,NEW_CORE_SELECT,OD_CONCAT_MLP,20260917,LOCAL_OD_168,3,AVAILABLE,path_1_to_H,clip_0_1,11550,0.06498258946605752,0.036704832500019206
40,NEW_CORE_SELECT,OD_CONCAT_MLP,20260917,LOCAL_OD_168,6,AVAILABLE,terminal_H,raw,3850,0.07563635129540339,0.046907521112044055
40,NEW_CORE_SELECT,OD_CONCAT_MLP,20260917,LOCAL_OD_168,6,AVAILABLE,terminal_H,clip_0_1,3850,0.0756226768806469,0.046864180118786535
40,NEW_CORE_SELECT,OD_CONCAT_MLP,20260917,LOCAL_OD_168,6,AVAILABLE,path_1_to_H,raw,23100,0.06944301351849795,0.040923137004195864
40,NEW_CORE_SELECT,OD_CONCAT_MLP,20260917,LOCAL_OD_168,6,AVAILABLE,path_1_to_H,clip_0_1,23100,0.06942713141014481,0.04087858028820936
40,NEW_CORE_SELECT,OD_CONCAT_MLP,20260917,LOCAL_OD_168,9,AVAILABLE,terminal_H,raw,3850,0.08480311061982643,0.05736743369214026
40,NEW_CORE_SELECT,OD_CONCAT_MLP,20260917,LOCAL_OD_168,9,AVAILABLE,terminal_H,clip_0_1,3850,0.08479069371608888,0.05735524277270275
40,NEW_CORE_SELECT,OD_CONCAT_MLP,20260917,LOCAL_OD_168,9,AVAILABLE,path_1_to_H,raw,34650,0.07380466887249919,0.0448377067225846
40,NEW_CORE_SELECT,OD_CONCAT_MLP,20260917,LOCAL_OD_168,9,AVAILABLE,path_1_to_H,clip_0_1,34650,0.07378990856701968,0.044800310355295116
40,NEW_CORE_SELECT,OD_CONCAT_MLP,20260917,LOCAL_OD_168,12,AVAILABLE,terminal_H,raw,3850,0.09329534255693286,0.06143973058494296
40,NEW_CORE_SELECT,OD_CONCAT_MLP,20260917,LOCAL_OD_168,12,AVAILABLE,terminal_H,clip_0_1,3850,0.09326508345564918,0.061385912584089715
40,NEW_CORE_SELECT,OD_CONCAT_MLP,20260917,LOCAL_OD_168,12,AVAILABLE,path_1_to_H,raw,46200,0.0785061441230125,0.04880462563485693
40,NEW_CORE_SELECT,OD_CONCAT_MLP,20260917,LOCAL_OD_168,12,AVAILABLE,path_1_to_H,clip_0_1,46200,0.07848563390289728,0.048765618504338526
0,NEW_CORE_SELECT,TIMEXER_LOCAL_OD,20260915,LOCAL_OD_168,3,AVAILABLE,terminal_H,raw,3850,0.1437671046602102,0.10311808986807024
0,NEW_CORE_SELECT,TIMEXER_LOCAL_OD,20260915,LOCAL_OD_168,3,AVAILABLE,terminal_H,clip_0_1,3850,0.14375475777035468,0.1031036606518092
0,NEW_CORE_SELECT,TIMEXER_LOCAL_OD,20260915,LOCAL_OD_168,3,AVAILABLE,path_1_to_H,raw,11550,0.13154535542210924,0.09362741614381473
0,NEW_CORE_SELECT,TIMEXER_LOCAL_OD,20260915,LOCAL_OD_168,3,AVAILABLE,path_1_to_H,clip_0_1,11550,0.13154085752928713,0.09362260640506105
0,NEW_CORE_SELECT,TIMEXER_LOCAL_OD,20260915,LOCAL_OD_168,6,AVAILABLE,terminal_H,raw,3850,0.16552305462328362,0.1175568869521285
0,NEW_CORE_SELECT,TIMEXER_LOCAL_OD,20260915,LOCAL_OD_168,6,AVAILABLE,terminal_H,clip_0_1,3850,0.16255366207384797,0.1149437670970892
0,NEW_CORE_SELECT,TIMEXER_LOCAL_OD,20260915,LOCAL_OD_168,6,AVAILABLE,path_1_to_H,raw,23100,0.14411963032752914,0.10254905569133273
0,NEW_CORE_SELECT,TIMEXER_LOCAL_OD,20260915,LOCAL_OD_168,6,AVAILABLE,path_1_to_H,clip_0_1,23100,0.1435531658280256,0.102111130846116
0,NEW_CORE_SELECT,TIMEXER_LOCAL_OD,20260915,LOCAL_OD_168,9,AVAILABLE,terminal_H,raw,3850,0.11695603039660027,0.07826380897192406
0,NEW_CORE_SELECT,TIMEXER_LOCAL_OD,20260915,LOCAL_OD_168,9,AVAILABLE,terminal_H,clip_0_1,3850,0.11690075218794374,0.07822271845605853
0,NEW_CORE_SELECT,TIMEXER_LOCAL_OD,20260915,LOCAL_OD_168,9,AVAILABLE,path_1_to_H,raw,34650,0.13653762213881576,0.09541930227658696
0,NEW_CORE_SELECT,TIMEXER_LOCAL_OD,20260915,LOCAL_OD_168,9,AVAILABLE,path_1_to_H,clip_0_1,34650,0.13612819134436083,0.09511436538175447
0,NEW_CORE_SELECT,TIMEXER_LOCAL_OD,20260915,LOCAL_OD_168,12,AVAILABLE,terminal_H,raw,3850,0.134640213416471,0.09618770313993483
0,NEW_CORE_SELECT,TIMEXER_LOCAL_OD,20260915,LOCAL_OD_168,12,AVAILABLE,terminal_H,clip_0_1,3850,0.134640213416471,0.09618770313993483
0,NEW_CORE_SELECT,TIMEXER_LOCAL_OD,20260915,LOCAL_OD_168,12,AVAILABLE,path_1_to_H,raw,46200,0.1359710466242647,0.09497756369662919
0,NEW_CORE_SELECT,TIMEXER_LOCAL_OD,20260915,LOCAL_OD_168,12,AVAILABLE,path_1_to_H,clip_0_1,46200,0.13559618375526056,0.09468056440838206
5,NEW_CORE_SELECT,TIMEXER_LOCAL_OD,20260915,LOCAL_OD_168,3,AVAILABLE,terminal_H,raw,3850,0.07065385918712036,0.04098409145538296
5,NEW_CORE_SELECT,TIMEXER_LOCAL_OD,20260915,LOCAL_OD_168,3,AVAILABLE,terminal_H,clip_0_1,3850,0.07062973684059876,0.04092629319443912
5,NEW_CORE_SELECT,TIMEXER_LOCAL_OD,20260915,LOCAL_OD_168,3,AVAILABLE,path_1_to_H,raw,11550,0.06531795187824511,0.038059449474290984
5,NEW_CORE_SELECT,TIMEXER_LOCAL_OD,20260915,LOCAL_OD_168,3,AVAILABLE,path_1_to_H,clip_0_1,11550,0.06525582837781164,0.03796832487801517
5,NEW_CORE_SELECT,TIMEXER_LOCAL_OD,20260915,LOCAL_OD_168,6,AVAILABLE,terminal_H,raw,3850,0.07622347490445565,0.04748577114351868
5,NEW_CORE_SELECT,TIMEXER_LOCAL_OD,20260915,LOCAL_OD_168,6,AVAILABLE,terminal_H,clip_0_1,3850,0.07621853639703692,0.0474664218916086
5,NEW_CORE_SELECT,TIMEXER_LOCAL_OD,20260915,LOCAL_OD_168,6,AVAILABLE,path_1_to_H,raw,23100,0.0696955344530511,0.041812933273069175
5,NEW_CORE_SELECT,TIMEXER_LOCAL_OD,20260915,LOCAL_OD_168,6,AVAILABLE,path_1_to_H,clip_0_1,23100,0.06966233566020201,0.04175637663344074
5,NEW_CORE_SELECT,TIMEXER_LOCAL_OD,20260915,LOCAL_OD_168,9,AVAILABLE,terminal_H,raw,3850,0.08546623952570744,0.05799857156665681
5,NEW_CORE_SELECT,TIMEXER_LOCAL_OD,20260915,LOCAL_OD_168,9,AVAILABLE,terminal_H,clip_0_1,3850,0.08545268336957575,0.057980729903203326
5,NEW_CORE_SELECT,TIMEXER_LOCAL_OD,20260915,LOCAL_OD_168,9,AVAILABLE,path_1_to_H,raw,34650,0.07492567517193989,0.046019130708235836
5,NEW_CORE_SELECT,TIMEXER_LOCAL_OD,20260915,LOCAL_OD_168,9,AVAILABLE,path_1_to_H,clip_0_1,34650,0.07489566449117535,0.04596652754848557
5,NEW_CORE_SELECT,TIMEXER_LOCAL_OD,20260915,LOCAL_OD_168,12,AVAILABLE,terminal_H,raw,3850,0.09454208193385866,0.06192508748938124
5,NEW_CORE_SELECT,TIMEXER_LOCAL_OD,20260915,LOCAL_OD_168,12,AVAILABLE,terminal_H,clip_0_1,3850,0.09452099599182347,0.061890340091588045
5,NEW_CORE_SELECT,TIMEXER_LOCAL_OD,20260915,LOCAL_OD_168,12,AVAILABLE,path_1_to_H,raw,46200,0.0795455031212509,0.04989513604279841
5,NEW_CORE_SELECT,TIMEXER_LOCAL_OD,20260915,LOCAL_OD_168,12,AVAILABLE,path_1_to_H,clip_0_1,46200,0.07951793976393111,0.04984873533012039
10,NEW_CORE_SELECT,TIMEXER_LOCAL_OD,20260915,LOCAL_OD_168,3,AVAILABLE,terminal_H,raw,3850,0.071014914972113,0.041729774418250695
10,NEW_CORE_SELECT,TIMEXER_LOCAL_OD,20260915,LOCAL_OD_168,3,AVAILABLE,terminal_H,clip_0_1,3850,0.07101033886841361,0.041717118881400915
10,NEW_CORE_SELECT,TIMEXER_LOCAL_OD,20260915,LOCAL_OD_168,3,AVAILABLE,path_1_to_H,raw,11550,0.06490145021099268,0.03787320606733039
10,NEW_CORE_SELECT,TIMEXER_LOCAL_OD,20260915,LOCAL_OD_168,3,AVAILABLE,path_1_to_H,clip_0_1,11550,0.06489709007953239,0.03785358991473913
10,NEW_CORE_SELECT,TIMEXER_LOCAL_OD,20260915,LOCAL_OD_168,6,AVAILABLE,terminal_H,raw,3850,0.07597533967030075,0.04736077719053568
10,NEW_CORE_SELECT,TIMEXER_LOCAL_OD,20260915,LOCAL_OD_168,6,AVAILABLE,terminal_H,clip_0_1,3850,0.0759753358193474,0.04736024307631343
10,NEW_CORE_SELECT,TIMEXER_LOCAL_OD,20260915,LOCAL_OD_168,6,AVAILABLE,path_1_to_H,raw,23100,0.06958636222551959,0.041773640548919216
10,NEW_CORE_SELECT,TIMEXER_LOCAL_OD,20260915,LOCAL_OD_168,6,AVAILABLE,path_1_to_H,clip_0_1,23100,0.06957976673116065,0.04175335962686172
10,NEW_CORE_SELECT,TIMEXER_LOCAL_OD,20260915,LOCAL_OD_168,9,AVAILABLE,terminal_H,raw,3850,0.08506863919759626,0.05704279276784267
10,NEW_CORE_SELECT,TIMEXER_LOCAL_OD,20260915,LOCAL_OD_168,9,AVAILABLE,terminal_H,clip_0_1,3850,0.08506367551938417,0.057031915520088045
10,NEW_CORE_SELECT,TIMEXER_LOCAL_OD,20260915,LOCAL_OD_168,9,AVAILABLE,path_1_to_H,raw,34650,0.07428324948381713,0.0456972780034704
10,NEW_CORE_SELECT,TIMEXER_LOCAL_OD,20260915,LOCAL_OD_168,9,AVAILABLE,path_1_to_H,clip_0_1,34650,0.07427806371150233,0.04567980435555922
10,NEW_CORE_SELECT,TIMEXER_LOCAL_OD,20260915,LOCAL_OD_168,12,AVAILABLE,terminal_H,raw,3850,0.09254122828027977,0.06132926519173983
10,NEW_CORE_SELECT,TIMEXER_LOCAL_OD,20260915,LOCAL_OD_168,12,AVAILABLE,terminal_H,clip_0_1,3850,0.09254122828027977,0.06132926519173983
10,NEW_CORE_SELECT,TIMEXER_LOCAL_OD,20260915,LOCAL_OD_168,12,AVAILABLE,path_1_to_H,raw,46200,0.07858333353306925,0.04932588589784903
10,NEW_CORE_SELECT,TIMEXER_LOCAL_OD,20260915,LOCAL_OD_168,12,AVAILABLE,path_1_to_H,clip_0_1,46200,0.07857948116922292,0.049312451952782124
20,NEW_CORE_SELECT,TIMEXER_LOCAL_OD,20260915,LOCAL_OD_168,3,AVAILABLE,terminal_H,raw,3850,0.0703931623677177,0.04010938300569723
20,NEW_CORE_SELECT,TIMEXER_LOCAL_OD,20260915,LOCAL_OD_168,3,AVAILABLE,terminal_H,clip_0_1,3850,0.07038754583961017,0.040086591383563235
20,NEW_CORE_SELECT,TIMEXER_LOCAL_OD,20260915,LOCAL_OD_168,3,AVAILABLE,path_1_to_H,raw,11550,0.06394747940692244,0.03588370377754236
20,NEW_CORE_SELECT,TIMEXER_LOCAL_OD,20260915,LOCAL_OD_168,3,AVAILABLE,path_1_to_H,clip_0_1,11550,0.06393286297802309,0.03583539877473921
20,NEW_CORE_SELECT,TIMEXER_LOCAL_OD,20260915,LOCAL_OD_168,6,AVAILABLE,terminal_H,raw,3850,0.07453215654362885,0.04509684876756525
20,NEW_CORE_SELECT,TIMEXER_LOCAL_OD,20260915,LOCAL_OD_168,6,AVAILABLE,terminal_H,clip_0_1,3850,0.07452826277953611,0.0450745012339011
20,NEW_CORE_SELECT,TIMEXER_LOCAL_OD,20260915,LOCAL_OD_168,6,AVAILABLE,path_1_to_H,raw,23100,0.06816752795492671,0.03957823589276845
20,NEW_CORE_SELECT,TIMEXER_LOCAL_OD,20260915,LOCAL_OD_168,6,AVAILABLE,path_1_to_H,clip_0_1,23100,0.06815785663661311,0.03954234577144911
20,NEW_CORE_SELECT,TIMEXER_LOCAL_OD,20260915,LOCAL_OD_168,9,AVAILABLE,terminal_H,raw,3850,0.08439221886680373,0.05711552781597167
20,NEW_CORE_SELECT,TIMEXER_LOCAL_OD,20260915,LOCAL_OD_168,9,AVAILABLE,terminal_H,clip_0_1,3850,0.08439195733893673,0.05711152339015495
20,NEW_CORE_SELECT,TIMEXER_LOCAL_OD,20260915,LOCAL_OD_168,9,AVAILABLE,path_1_to_H,raw,34650,0.07283227166027291,0.04370080159880318
20,NEW_CORE_SELECT,TIMEXER_LOCAL_OD,20260915,LOCAL_OD_168,9,AVAILABLE,path_1_to_H,clip_0_1,34650,0.0728239847675956,0.04367161780383443
20,NEW_CORE_SELECT,TIMEXER_LOCAL_OD,20260915,LOCAL_OD_168,12,AVAILABLE,terminal_H,raw,3850,0.09205665481806925,0.05988847249368955
20,NEW_CORE_SELECT,TIMEXER_LOCAL_OD,20260915,LOCAL_OD_168,12,AVAILABLE,terminal_H,clip_0_1,3850,0.09205300557800772,0.059879748506302184
20,NEW_CORE_SELECT,TIMEXER_LOCAL_OD,20260915,LOCAL_OD_168,12,AVAILABLE,path_1_to_H,raw,46200,0.07747613551956575,0.047581747570861276
20,NEW_CORE_SELECT,TIMEXER_LOCAL_OD,20260915,LOCAL_OD_168,12,AVAILABLE,path_1_to_H,clip_0_1,46200,0.0774676037756701,0.04755650131358438
40,NEW_CORE_SELECT,TIMEXER_LOCAL_OD,20260915,LOCAL_OD_168,3,AVAILABLE,terminal_H,raw,3850,0.07026603757229713,0.04049760690466924
40,NEW_CORE_SELECT,TIMEXER_LOCAL_OD,20260915,LOCAL_OD_168,3,AVAILABLE,terminal_H,clip_0_1,3850,0.07026249191097625,0.040485159135000275
40,NEW_CORE_SELECT,TIMEXER_LOCAL_OD,20260915,LOCAL_OD_168,3,AVAILABLE,path_1_to_H,raw,11550,0.06338110550502903,0.03616190163910518
40,NEW_CORE_SELECT,TIMEXER_LOCAL_OD,20260915,LOCAL_OD_168,3,AVAILABLE,path_1_to_H,clip_0_1,11550,0.0633668859301562,0.03614678299844717
40,NEW_CORE_SELECT,TIMEXER_LOCAL_OD,20260915,LOCAL_OD_168,6,AVAILABLE,terminal_H,raw,3850,0.07485642088953885,0.04590820451992769
40,NEW_CORE_SELECT,TIMEXER_LOCAL_OD,20260915,LOCAL_OD_168,6,AVAILABLE,terminal_H,clip_0_1,3850,0.07485512599788455,0.045900935005856215
40,NEW_CORE_SELECT,TIMEXER_LOCAL_OD,20260915,LOCAL_OD_168,6,AVAILABLE,path_1_to_H,raw,23100,0.06801769368306969,0.04007892814420518
40,NEW_CORE_SELECT,TIMEXER_LOCAL_OD,20260915,LOCAL_OD_168,6,AVAILABLE,path_1_to_H,clip_0_1,23100,0.06800877955567777,0.04006494197869488
40,NEW_CORE_SELECT,TIMEXER_LOCAL_OD,20260915,LOCAL_OD_168,9,AVAILABLE,terminal_H,raw,3850,0.0840253984656473,0.05661492961422576
40,NEW_CORE_SELECT,TIMEXER_LOCAL_OD,20260915,LOCAL_OD_168,9,AVAILABLE,terminal_H,clip_0_1,3850,0.08402429700303884,0.05660325387323444
40,NEW_CORE_SELECT,TIMEXER_LOCAL_OD,20260915,LOCAL_OD_168,9,AVAILABLE,path_1_to_H,raw,34650,0.07270969706214382,0.04413582956435866
40,NEW_CORE_SELECT,TIMEXER_LOCAL_OD,20260915,LOCAL_OD_168,9,AVAILABLE,path_1_to_H,clip_0_1,34650,0.07270383686111745,0.044124335159022164
40,NEW_CORE_SELECT,TIMEXER_LOCAL_OD,20260915,LOCAL_OD_168,12,AVAILABLE,terminal_H,raw,3850,0.0920111198064408,0.06006423132639233
40,NEW_CORE_SELECT,TIMEXER_LOCAL_OD,20260915,LOCAL_OD_168,12,AVAILABLE,terminal_H,clip_0_1,3850,0.0920111198064408,0.06006423132639233
40,NEW_CORE_SELECT,TIMEXER_LOCAL_OD,20260915,LOCAL_OD_168,12,AVAILABLE,path_1_to_H,raw,46200,0.07723050092240655,0.047918255278060526
40,NEW_CORE_SELECT,TIMEXER_LOCAL_OD,20260915,LOCAL_OD_168,12,AVAILABLE,path_1_to_H,clip_0_1,46200,0.07722635655889491,0.04790942562944599
0,NEW_CORE_SELECT,TIMEXER_LOCAL_OD,20260916,LOCAL_OD_168,3,AVAILABLE,terminal_H,raw,3850,0.13966880774804993,0.1004325951757998
0,NEW_CORE_SELECT,TIMEXER_LOCAL_OD,20260916,LOCAL_OD_168,3,AVAILABLE,terminal_H,clip_0_1,3850,0.13966875058068995,0.10043055856346407
0,NEW_CORE_SELECT,TIMEXER_LOCAL_OD,20260916,LOCAL_OD_168,3,AVAILABLE,path_1_to_H,raw,11550,0.15503505646388366,0.11122441500695462
0,NEW_CORE_SELECT,TIMEXER_LOCAL_OD,20260916,LOCAL_OD_168,3,AVAILABLE,path_1_to_H,clip_0_1,11550,0.15498862637532337,0.11121398336221806
0,NEW_CORE_SELECT,TIMEXER_LOCAL_OD,20260916,LOCAL_OD_168,6,AVAILABLE,terminal_H,raw,3850,0.12697267264403503,0.09114845317631186
0,NEW_CORE_SELECT,TIMEXER_LOCAL_OD,20260916,LOCAL_OD_168,6,AVAILABLE,terminal_H,clip_0_1,3850,0.12696844135869967,0.09114221601468789
0,NEW_CORE_SELECT,TIMEXER_LOCAL_OD,20260916,LOCAL_OD_168,6,AVAILABLE,path_1_to_H,raw,23100,0.14589179984154155,0.10412687843139344
0,NEW_CORE_SELECT,TIMEXER_LOCAL_OD,20260916,LOCAL_OD_168,6,AVAILABLE,path_1_to_H,clip_0_1,23100,0.14586647211512083,0.1041191581317155
0,NEW_CORE_SELECT,TIMEXER_LOCAL_OD,20260916,LOCAL_OD_168,9,AVAILABLE,terminal_H,raw,3850,0.1596352941542217,0.11795667337519782
0,NEW_CORE_SELECT,TIMEXER_LOCAL_OD,20260916,LOCAL_OD_168,9,AVAILABLE,terminal_H,clip_0_1,3850,0.1596296247288526,0.11794910736285247
0,NEW_CORE_SELECT,TIMEXER_LOCAL_OD,20260916,LOCAL_OD_168,9,AVAILABLE,path_1_to_H,raw,34650,0.14890993722184012,0.10620664564197853
0,NEW_CORE_SELECT,TIMEXER_LOCAL_OD,20260916,LOCAL_OD_168,9,AVAILABLE,path_1_to_H,clip_0_1,34650,0.14883480565731347,0.10616102380445563
0,NEW_CORE_SELECT,TIMEXER_LOCAL_OD,20260916,LOCAL_OD_168,12,AVAILABLE,terminal_H,raw,3850,0.13480922540066947,0.09623863068082697
0,NEW_CORE_SELECT,TIMEXER_LOCAL_OD,20260916,LOCAL_OD_168,12,AVAILABLE,terminal_H,clip_0_1,3850,0.13480922540066947,0.09623863068082697
0,NEW_CORE_SELECT,TIMEXER_LOCAL_OD,20260916,LOCAL_OD_168,12,AVAILABLE,path_1_to_H,raw,46200,0.14292276514054603,0.10108487255311897
0,NEW_CORE_SELECT,TIMEXER_LOCAL_OD,20260916,LOCAL_OD_168,12,AVAILABLE,path_1_to_H,clip_0_1,46200,0.14285136647905292,0.10103878177455486
5,NEW_CORE_SELECT,TIMEXER_LOCAL_OD,20260916,LOCAL_OD_168,3,AVAILABLE,terminal_H,raw,3850,0.07137769743521634,0.0413697584626543
5,NEW_CORE_SELECT,TIMEXER_LOCAL_OD,20260916,LOCAL_OD_168,3,AVAILABLE,terminal_H,clip_0_1,3850,0.07135341165303134,0.04130841166627678
5,NEW_CORE_SELECT,TIMEXER_LOCAL_OD,20260916,LOCAL_OD_168,3,AVAILABLE,path_1_to_H,raw,11550,0.06599536181317772,0.03820868388737564
5,NEW_CORE_SELECT,TIMEXER_LOCAL_OD,20260916,LOCAL_OD_168,3,AVAILABLE,path_1_to_H,clip_0_1,11550,0.06596535698022829,0.038146307316338605
5,NEW_CORE_SELECT,TIMEXER_LOCAL_OD,20260916,LOCAL_OD_168,6,AVAILABLE,terminal_H,raw,3850,0.0771451902345721,0.048415000359951096
5,NEW_CORE_SELECT,TIMEXER_LOCAL_OD,20260916,LOCAL_OD_168,6,AVAILABLE,terminal_H,clip_0_1,3850,0.077144849013108,0.0484138096333179
5,NEW_CORE_SELECT,TIMEXER_LOCAL_OD,20260916,LOCAL_OD_168,6,AVAILABLE,path_1_to_H,raw,23100,0.0705094712703214,0.04220697018884332
5,NEW_CORE_SELECT,TIMEXER_LOCAL_OD,20260916,LOCAL_OD_168,6,AVAILABLE,path_1_to_H,clip_0_1,23100,0.07049371166528463,0.04217143680817685
5,NEW_CORE_SELECT,TIMEXER_LOCAL_OD,20260916,LOCAL_OD_168,9,AVAILABLE,terminal_H,raw,3850,0.0861512183249726,0.05797585835607795
5,NEW_CORE_SELECT,TIMEXER_LOCAL_OD,20260916,LOCAL_OD_168,9,AVAILABLE,terminal_H,clip_0_1,3850,0.08614230023815812,0.05795434142378243
5,NEW_CORE_SELECT,TIMEXER_LOCAL_OD,20260916,LOCAL_OD_168,9,AVAILABLE,path_1_to_H,raw,34650,0.07517104947291489,0.04623635502017411
5,NEW_CORE_SELECT,TIMEXER_LOCAL_OD,20260916,LOCAL_OD_168,9,AVAILABLE,path_1_to_H,clip_0_1,34650,0.07516002279566358,0.046209665007074865
5,NEW_CORE_SELECT,TIMEXER_LOCAL_OD,20260916,LOCAL_OD_168,12,AVAILABLE,terminal_H,raw,3850,0.09412693234155181,0.06193006079946342
5,NEW_CORE_SELECT,TIMEXER_LOCAL_OD,20260916,LOCAL_OD_168,12,AVAILABLE,terminal_H,clip_0_1,3850,0.09407586093506715,0.06188250670439334
5,NEW_CORE_SELECT,TIMEXER_LOCAL_OD,20260916,LOCAL_OD_168,12,AVAILABLE,path_1_to_H,raw,46200,0.07956659135483611,0.04993481068684441
5,NEW_CORE_SELECT,TIMEXER_LOCAL_OD,20260916,LOCAL_OD_168,12,AVAILABLE,path_1_to_H,clip_0_1,46200,0.07955145761219132,0.049908492845761314
10,NEW_CORE_SELECT,TIMEXER_LOCAL_OD,20260916,LOCAL_OD_168,3,AVAILABLE,terminal_H,raw,3850,0.0706153963161351,0.041025599980751025
10,NEW_CORE_SELECT,TIMEXER_LOCAL_OD,20260916,LOCAL_OD_168,3,AVAILABLE,terminal_H,clip_0_1,3850,0.07061432189098148,0.04102098937400363
10,NEW_CORE_SELECT,TIMEXER_LOCAL_OD,20260916,LOCAL_OD_168,3,AVAILABLE,path_1_to_H,raw,11550,0.0644852386976147,0.03711903407339216
10,NEW_CORE_SELECT,TIMEXER_LOCAL_OD,20260916,LOCAL_OD_168,3,AVAILABLE,path_1_to_H,clip_0_1,11550,0.06447723954659024,0.03709674198123993
10,NEW_CORE_SELECT,TIMEXER_LOCAL_OD,20260916,LOCAL_OD_168,6,AVAILABLE,terminal_H,raw,3850,0.07712391864504779,0.04876292011289337
10,NEW_CORE_SELECT,TIMEXER_LOCAL_OD,20260916,LOCAL_OD_168,6,AVAILABLE,terminal_H,clip_0_1,3850,0.07712391864504779,0.04876292011289337
10,NEW_CORE_SELECT,TIMEXER_LOCAL_OD,20260916,LOCAL_OD_168,6,AVAILABLE,path_1_to_H,raw,23100,0.06934507265863295,0.04137924928724104
10,NEW_CORE_SELECT,TIMEXER_LOCAL_OD,20260916,LOCAL_OD_168,6,AVAILABLE,path_1_to_H,clip_0_1,23100,0.06934083639800502,0.041366312343010365
10,NEW_CORE_SELECT,TIMEXER_LOCAL_OD,20260916,LOCAL_OD_168,9,AVAILABLE,terminal_H,raw,3850,0.08509254266933004,0.05711797725796312
10,NEW_CORE_SELECT,TIMEXER_LOCAL_OD,20260916,LOCAL_OD_168,9,AVAILABLE,terminal_H,clip_0_1,3850,0.0850645847131915,0.05708342433701475
10,NEW_CORE_SELECT,TIMEXER_LOCAL_OD,20260916,LOCAL_OD_168,9,AVAILABLE,path_1_to_H,raw,34650,0.0741136013650909,0.045438667191085
10,NEW_CORE_SELECT,TIMEXER_LOCAL_OD,20260916,LOCAL_OD_168,9,AVAILABLE,path_1_to_H,clip_0_1,34650,0.07410735936878346,0.045425825813371276
10,NEW_CORE_SELECT,TIMEXER_LOCAL_OD,20260916,LOCAL_OD_168,12,AVAILABLE,terminal_H,raw,3850,0.09280717692241468,0.06096686708849746
10,NEW_CORE_SELECT,TIMEXER_LOCAL_OD,20260916,LOCAL_OD_168,12,AVAILABLE,terminal_H,clip_0_1,3850,0.09279628492865422,0.060947283099998126
10,NEW_CORE_SELECT,TIMEXER_LOCAL_OD,20260916,LOCAL_OD_168,12,AVAILABLE,path_1_to_H,raw,46200,0.07856244516278474,0.04916527709636426
10,NEW_CORE_SELECT,TIMEXER_LOCAL_OD,20260916,LOCAL_OD_168,12,AVAILABLE,path_1_to_H,clip_0_1,46200,0.07855437297309517,0.04915109228281288
20,NEW_CORE_SELECT,TIMEXER_LOCAL_OD,20260916,LOCAL_OD_168,3,AVAILABLE,terminal_H,raw,3850,0.07073138720049742,0.04123100992606638
20,NEW_CORE_SELECT,TIMEXER_LOCAL_OD,20260916,LOCAL_OD_168,3,AVAILABLE,terminal_H,clip_0_1,3850,0.07073138654275332,0.041230834857984025
20,NEW_CORE_SELECT,TIMEXER_LOCAL_OD,20260916,LOCAL_OD_168,3,AVAILABLE,path_1_to_H,raw,11550,0.06360708823532446,0.03643176402086271
20,NEW_CORE_SELECT,TIMEXER_LOCAL_OD,20260916,LOCAL_OD_168,3,AVAILABLE,path_1_to_H,clip_0_1,11550,0.06360689653141165,0.03642747957779506
20,NEW_CORE_SELECT,TIMEXER_LOCAL_OD,20260916,LOCAL_OD_168,6,AVAILABLE,terminal_H,raw,3850,0.07515416324102869,0.04630983495334913
20,NEW_CORE_SELECT,TIMEXER_LOCAL_OD,20260916,LOCAL_OD_168,6,AVAILABLE,terminal_H,clip_0_1,3850,0.07515416324102869,0.04630983495334913
20,NEW_CORE_SELECT,TIMEXER_LOCAL_OD,20260916,LOCAL_OD_168,6,AVAILABLE,path_1_to_H,raw,23100,0.0682894805526861,0.040470866749357445
20,NEW_CORE_SELECT,TIMEXER_LOCAL_OD,20260916,LOCAL_OD_168,6,AVAILABLE,path_1_to_H,clip_0_1,23100,0.06828898155967154,0.04046782114202342
20,NEW_CORE_SELECT,TIMEXER_LOCAL_OD,20260916,LOCAL_OD_168,9,AVAILABLE,terminal_H,raw,3850,0.08449019575642204,0.05710077801610452
20,NEW_CORE_SELECT,TIMEXER_LOCAL_OD,20260916,LOCAL_OD_168,9,AVAILABLE,terminal_H,clip_0_1,3850,0.08449019532006595,0.05710063962495656
20,NEW_CORE_SELECT,TIMEXER_LOCAL_OD,20260916,LOCAL_OD_168,9,AVAILABLE,path_1_to_H,raw,34650,0.07308805768546857,0.044608427249177386
20,NEW_CORE_SELECT,TIMEXER_LOCAL_OD,20260916,LOCAL_OD_168,9,AVAILABLE,path_1_to_H,clip_0_1,34650,0.07308772759077338,0.04460609673361145
20,NEW_CORE_SELECT,TIMEXER_LOCAL_OD,20260916,LOCAL_OD_168,12,AVAILABLE,terminal_H,raw,3850,0.09293927841811432,0.06206411607394164
20,NEW_CORE_SELECT,TIMEXER_LOCAL_OD,20260916,LOCAL_OD_168,12,AVAILABLE,terminal_H,clip_0_1,3850,0.09293927841811432,0.06206411607394164
20,NEW_CORE_SELECT,TIMEXER_LOCAL_OD,20260916,LOCAL_OD_168,12,AVAILABLE,path_1_to_H,raw,46200,0.07763683337153886,0.048536109276775076
20,NEW_CORE_SELECT,TIMEXER_LOCAL_OD,20260916,LOCAL_OD_168,12,AVAILABLE,path_1_to_H,clip_0_1,46200,0.0776366003059873,0.048534361390100624
40,NEW_CORE_SELECT,TIMEXER_LOCAL_OD,20260916,LOCAL_OD_168,3,AVAILABLE,terminal_H,raw,3850,0.07050189485105497,0.04089480471543291
40,NEW_CORE_SELECT,TIMEXER_LOCAL_OD,20260916,LOCAL_OD_168,3,AVAILABLE,terminal_H,clip_0_1,3850,0.07050180566618451,0.04089163566637155
40,NEW_CORE_SELECT,TIMEXER_LOCAL_OD,20260916,LOCAL_OD_168,3,AVAILABLE,path_1_to_H,raw,11550,0.06348574009405354,0.03627013322510212
40,NEW_CORE_SELECT,TIMEXER_LOCAL_OD,20260916,LOCAL_OD_168,3,AVAILABLE,path_1_to_H,clip_0_1,11550,0.063485472590563,0.03626451306258736
40,NEW_CORE_SELECT,TIMEXER_LOCAL_OD,20260916,LOCAL_OD_168,6,AVAILABLE,terminal_H,raw,3850,0.07496395800964772,0.046072226551833094
40,NEW_CORE_SELECT,TIMEXER_LOCAL_OD,20260916,LOCAL_OD_168,6,AVAILABLE,terminal_H,clip_0_1,3850,0.07496393554483337,0.046071177029425835
40,NEW_CORE_SELECT,TIMEXER_LOCAL_OD,20260916,LOCAL_OD_168,6,AVAILABLE,path_1_to_H,raw,23100,0.06808233491449994,0.04023171796237655
40,NEW_CORE_SELECT,TIMEXER_LOCAL_OD,20260916,LOCAL_OD_168,6,AVAILABLE,path_1_to_H,clip_0_1,23100,0.06808197930716757,0.04022745101071604
40,NEW_CORE_SELECT,TIMEXER_LOCAL_OD,20260916,LOCAL_OD_168,9,AVAILABLE,terminal_H,raw,3850,0.0841213195839607,0.05681728354776157
40,NEW_CORE_SELECT,TIMEXER_LOCAL_OD,20260916,LOCAL_OD_168,9,AVAILABLE,terminal_H,clip_0_1,3850,0.0841213195839607,0.05681728354776157
40,NEW_CORE_SELECT,TIMEXER_LOCAL_OD,20260916,LOCAL_OD_168,9,AVAILABLE,path_1_to_H,raw,34650,0.0727680902450949,0.044282694621963097
40,NEW_CORE_SELECT,TIMEXER_LOCAL_OD,20260916,LOCAL_OD_168,9,AVAILABLE,path_1_to_H,clip_0_1,34650,0.07276786674671218,0.044279743989574766
40,NEW_CORE_SELECT,TIMEXER_LOCAL_OD,20260916,LOCAL_OD_168,12,AVAILABLE,terminal_H,raw,3850,0.09142371516352746,0.059782162194757106
40,NEW_CORE_SELECT,TIMEXER_LOCAL_OD,20260916,LOCAL_OD_168,12,AVAILABLE,terminal_H,clip_0_1,3850,0.09142371516352746,0.059782162194757106
40,NEW_CORE_SELECT,TIMEXER_LOCAL_OD,20260916,LOCAL_OD_168,12,AVAILABLE,path_1_to_H,raw,46200,0.0771817476095848,0.04801868568028392
40,NEW_CORE_SELECT,TIMEXER_LOCAL_OD,20260916,LOCAL_OD_168,12,AVAILABLE,path_1_to_H,clip_0_1,46200,0.07718158957148645,0.04801647270599267
0,NEW_CORE_SELECT,TIMEXER_LOCAL_OD,20260917,LOCAL_OD_168,3,AVAILABLE,terminal_H,raw,3850,0.13279300085686105,0.09414459762417457
0,NEW_CORE_SELECT,TIMEXER_LOCAL_OD,20260917,LOCAL_OD_168,3,AVAILABLE,terminal_H,clip_0_1,3850,0.13279300085686105,0.09414459762417457
0,NEW_CORE_SELECT,TIMEXER_LOCAL_OD,20260917,LOCAL_OD_168,3,AVAILABLE,path_1_to_H,raw,11550,0.13275306701941492,0.09324106618028247
0,NEW_CORE_SELECT,TIMEXER_LOCAL_OD,20260917,LOCAL_OD_168,3,AVAILABLE,path_1_to_H,clip_0_1,11550,0.1327393950391739,0.09322820399101678
0,NEW_CORE_SELECT,TIMEXER_LOCAL_OD,20260917,LOCAL_OD_168,6,AVAILABLE,terminal_H,raw,3850,0.205959418239591,0.14748785977191353
0,NEW_CORE_SELECT,TIMEXER_LOCAL_OD,20260917,LOCAL_OD_168,6,AVAILABLE,terminal_H,clip_0_1,3850,0.20501420071283838,0.14724349413550905
0,NEW_CORE_SELECT,TIMEXER_LOCAL_OD,20260917,LOCAL_OD_168,6,AVAILABLE,path_1_to_H,raw,23100,0.1450548115234805,0.10058642088947616
0,NEW_CORE_SELECT,TIMEXER_LOCAL_OD,20260917,LOCAL_OD_168,6,AVAILABLE,path_1_to_H,clip_0_1,23100,0.1448229638225408,0.10052839322576049
0,NEW_CORE_SELECT,TIMEXER_LOCAL_OD,20260917,LOCAL_OD_168,9,AVAILABLE,terminal_H,raw,3850,0.10698634428838369,0.07151360128292596
0,NEW_CORE_SELECT,TIMEXER_LOCAL_OD,20260917,LOCAL_OD_168,9,AVAILABLE,terminal_H,clip_0_1,3850,0.10696623052656669,0.07147758642598599
0,NEW_CORE_SELECT,TIMEXER_LOCAL_OD,20260917,LOCAL_OD_168,9,AVAILABLE,path_1_to_H,raw,34650,0.1416825041259199,0.09821843819780085
0,NEW_CORE_SELECT,TIMEXER_LOCAL_OD,20260917,LOCAL_OD_168,9,AVAILABLE,path_1_to_H,clip_0_1,34650,0.1415215095218391,0.09817423638605484
0,NEW_CORE_SELECT,TIMEXER_LOCAL_OD,20260917,LOCAL_OD_168,12,AVAILABLE,terminal_H,raw,3850,0.13516316108110635,0.09572143554119031
0,NEW_CORE_SELECT,TIMEXER_LOCAL_OD,20260917,LOCAL_OD_168,12,AVAILABLE,terminal_H,clip_0_1,3850,0.13516316108110635,0.09572143554119031
0,NEW_CORE_SELECT,TIMEXER_LOCAL_OD,20260917,LOCAL_OD_168,12,AVAILABLE,path_1_to_H,raw,46200,0.13841198340542457,0.09595182199435293
0,NEW_CORE_SELECT,TIMEXER_LOCAL_OD,20260917,LOCAL_OD_168,12,AVAILABLE,path_1_to_H,clip_0_1,46200,0.1382787582799392,0.09590591510333468
5,NEW_CORE_SELECT,TIMEXER_LOCAL_OD,20260917,LOCAL_OD_168,3,AVAILABLE,terminal_H,raw,3850,0.07161640719600892,0.04292318110608242
5,NEW_CORE_SELECT,TIMEXER_LOCAL_OD,20260917,LOCAL_OD_168,3,AVAILABLE,terminal_H,clip_0_1,3850,0.0716108167795117,0.04291151791375566
5,NEW_CORE_SELECT,TIMEXER_LOCAL_OD,20260917,LOCAL_OD_168,3,AVAILABLE,path_1_to_H,raw,11550,0.06568486166075453,0.03913672460489039
5,NEW_CORE_SELECT,TIMEXER_LOCAL_OD,20260917,LOCAL_OD_168,3,AVAILABLE,path_1_to_H,clip_0_1,11550,0.06567333759015585,0.039109539894903185
5,NEW_CORE_SELECT,TIMEXER_LOCAL_OD,20260917,LOCAL_OD_168,6,AVAILABLE,terminal_H,raw,3850,0.07708230125571203,0.04836338055283799
5,NEW_CORE_SELECT,TIMEXER_LOCAL_OD,20260917,LOCAL_OD_168,6,AVAILABLE,terminal_H,clip_0_1,3850,0.07708090286741492,0.04835383392676905
5,NEW_CORE_SELECT,TIMEXER_LOCAL_OD,20260917,LOCAL_OD_168,6,AVAILABLE,path_1_to_H,raw,23100,0.0701615268629674,0.04266443151857672
5,NEW_CORE_SELECT,TIMEXER_LOCAL_OD,20260917,LOCAL_OD_168,6,AVAILABLE,path_1_to_H,clip_0_1,23100,0.07015255862835608,0.04264046411523878
5,NEW_CORE_SELECT,TIMEXER_LOCAL_OD,20260917,LOCAL_OD_168,9,AVAILABLE,terminal_H,raw,3850,0.08795639413377863,0.05990599937108043
5,NEW_CORE_SELECT,TIMEXER_LOCAL_OD,20260917,LOCAL_OD_168,9,AVAILABLE,terminal_H,clip_0_1,3850,0.08791385034355977,0.059878323134760575
5,NEW_CORE_SELECT,TIMEXER_LOCAL_OD,20260917,LOCAL_OD_168,9,AVAILABLE,path_1_to_H,raw,34650,0.07604092447180788,0.047680672328034884
5,NEW_CORE_SELECT,TIMEXER_LOCAL_OD,20260917,LOCAL_OD_168,9,AVAILABLE,path_1_to_H,clip_0_1,34650,0.07602793069079604,0.047660025019308855
5,NEW_CORE_SELECT,TIMEXER_LOCAL_OD,20260917,LOCAL_OD_168,12,AVAILABLE,terminal_H,raw,3850,0.09345791698230987,0.060984713085987546
5,NEW_CORE_SELECT,TIMEXER_LOCAL_OD,20260917,LOCAL_OD_168,12,AVAILABLE,terminal_H,clip_0_1,3850,0.09343459804814098,0.06094584203591304
5,NEW_CORE_SELECT,TIMEXER_LOCAL_OD,20260917,LOCAL_OD_168,12,AVAILABLE,path_1_to_H,raw,46200,0.08019292833972755,0.05100156740571707
5,NEW_CORE_SELECT,TIMEXER_LOCAL_OD,20260917,LOCAL_OD_168,12,AVAILABLE,path_1_to_H,clip_0_1,46200,0.08017077994536864,0.05097612132320334
10,NEW_CORE_SELECT,TIMEXER_LOCAL_OD,20260917,LOCAL_OD_168,3,AVAILABLE,terminal_H,raw,3850,0.07070061348581955,0.04099752476100217
10,NEW_CORE_SELECT,TIMEXER_LOCAL_OD,20260917,LOCAL_OD_168,3,AVAILABLE,terminal_H,clip_0_1,3850,0.07069810649910332,0.04098089981485497
10,NEW_CORE_SELECT,TIMEXER_LOCAL_OD,20260917,LOCAL_OD_168,3,AVAILABLE,path_1_to_H,raw,11550,0.06417482770335091,0.03708390819936894
10,NEW_CORE_SELECT,TIMEXER_LOCAL_OD,20260917,LOCAL_OD_168,3,AVAILABLE,path_1_to_H,clip_0_1,11550,0.06417012561521993,0.03706089714433176
10,NEW_CORE_SELECT,TIMEXER_LOCAL_OD,20260917,LOCAL_OD_168,6,AVAILABLE,terminal_H,raw,3850,0.0751377447358648,0.045787823910450005
10,NEW_CORE_SELECT,TIMEXER_LOCAL_OD,20260917,LOCAL_OD_168,6,AVAILABLE,terminal_H,clip_0_1,3850,0.07513555966135704,0.0457727710307612
10,NEW_CORE_SELECT,TIMEXER_LOCAL_OD,20260917,LOCAL_OD_168,6,AVAILABLE,path_1_to_H,raw,23100,0.06842865960160123,0.04046394991384037
10,NEW_CORE_SELECT,TIMEXER_LOCAL_OD,20260917,LOCAL_OD_168,6,AVAILABLE,path_1_to_H,clip_0_1,23100,0.06842524001180442,0.040444368944076006
10,NEW_CORE_SELECT,TIMEXER_LOCAL_OD,20260917,LOCAL_OD_168,9,AVAILABLE,terminal_H,raw,3850,0.08481933551191516,0.05766405570465926
10,NEW_CORE_SELECT,TIMEXER_LOCAL_OD,20260917,LOCAL_OD_168,9,AVAILABLE,terminal_H,clip_0_1,3850,0.0848115735417502,0.0576496089398619
10,NEW_CORE_SELECT,TIMEXER_LOCAL_OD,20260917,LOCAL_OD_168,9,AVAILABLE,path_1_to_H,raw,34650,0.0732441159806814,0.044501517332356536
10,NEW_CORE_SELECT,TIMEXER_LOCAL_OD,20260917,LOCAL_OD_168,9,AVAILABLE,path_1_to_H,clip_0_1,34650,0.0732380317937896,0.04448159417216794
10,NEW_CORE_SELECT,TIMEXER_LOCAL_OD,20260917,LOCAL_OD_168,12,AVAILABLE,terminal_H,raw,3850,0.09244448036570943,0.06087236014279452
10,NEW_CORE_SELECT,TIMEXER_LOCAL_OD,20260917,LOCAL_OD_168,12,AVAILABLE,terminal_H,clip_0_1,3850,0.09244256024603444,0.0608671912279996
10,NEW_CORE_SELECT,TIMEXER_LOCAL_OD,20260917,LOCAL_OD_168,12,AVAILABLE,path_1_to_H,raw,46200,0.07783658800329168,0.048478744475874504
10,NEW_CORE_SELECT,TIMEXER_LOCAL_OD,20260917,LOCAL_OD_168,12,AVAILABLE,path_1_to_H,clip_0_1,46200,0.07783090033228325,0.04846194769299158
20,NEW_CORE_SELECT,TIMEXER_LOCAL_OD,20260917,LOCAL_OD_168,3,AVAILABLE,terminal_H,raw,3850,0.07130416859150099,0.04239655173976313
20,NEW_CORE_SELECT,TIMEXER_LOCAL_OD,20260917,LOCAL_OD_168,3,AVAILABLE,terminal_H,clip_0_1,3850,0.07130416855615772,0.042396515557518256
20,NEW_CORE_SELECT,TIMEXER_LOCAL_OD,20260917,LOCAL_OD_168,3,AVAILABLE,path_1_to_H,raw,11550,0.06454540837388706,0.037471429662480626
20,NEW_CORE_SELECT,TIMEXER_LOCAL_OD,20260917,LOCAL_OD_168,3,AVAILABLE,path_1_to_H,clip_0_1,11550,0.06454491484963969,0.03746367837943427
20,NEW_CORE_SELECT,TIMEXER_LOCAL_OD,20260917,LOCAL_OD_168,6,AVAILABLE,terminal_H,raw,3850,0.07507810115075093,0.04631292503351322
20,NEW_CORE_SELECT,TIMEXER_LOCAL_OD,20260917,LOCAL_OD_168,6,AVAILABLE,terminal_H,clip_0_1,3850,0.07507718323189637,0.04630629456299659
20,NEW_CORE_SELECT,TIMEXER_LOCAL_OD,20260917,LOCAL_OD_168,6,AVAILABLE,path_1_to_H,raw,23100,0.06865946056029644,0.04109006247334021
20,NEW_CORE_SELECT,TIMEXER_LOCAL_OD,20260917,LOCAL_OD_168,6,AVAILABLE,path_1_to_H,clip_0_1,23100,0.06865887499958008,0.04108353186999468
20,NEW_CORE_SELECT,TIMEXER_LOCAL_OD,20260917,LOCAL_OD_168,9,AVAILABLE,terminal_H,raw,3850,0.08497688968617073,0.05765499701239653
20,NEW_CORE_SELECT,TIMEXER_LOCAL_OD,20260917,LOCAL_OD_168,9,AVAILABLE,terminal_H,clip_0_1,3850,0.08497688968617073,0.05765499701239653
20,NEW_CORE_SELECT,TIMEXER_LOCAL_OD,20260917,LOCAL_OD_168,9,AVAILABLE,path_1_to_H,raw,34650,0.0733753656099554,0.04511681616103376
20,NEW_CORE_SELECT,TIMEXER_LOCAL_OD,20260917,LOCAL_OD_168,9,AVAILABLE,path_1_to_H,clip_0_1,34650,0.07337500032649176,0.045112462425470075
20,NEW_CORE_SELECT,TIMEXER_LOCAL_OD,20260917,LOCAL_OD_168,12,AVAILABLE,terminal_H,raw,3850,0.09180222718996668,0.06050267652959212
20,NEW_CORE_SELECT,TIMEXER_LOCAL_OD,20260917,LOCAL_OD_168,12,AVAILABLE,terminal_H,clip_0_1,3850,0.09180222718996668,0.06050267652959212
20,NEW_CORE_SELECT,TIMEXER_LOCAL_OD,20260917,LOCAL_OD_168,12,AVAILABLE,path_1_to_H,raw,46200,0.07782141317747594,0.04883830191872941
20,NEW_CORE_SELECT,TIMEXER_LOCAL_OD,20260917,LOCAL_OD_168,12,AVAILABLE,path_1_to_H,clip_0_1,46200,0.07782109354801488,0.048834972691075125
40,NEW_CORE_SELECT,TIMEXER_LOCAL_OD,20260917,LOCAL_OD_168,3,AVAILABLE,terminal_H,raw,3850,0.07083585928877056,0.04118543318992892
40,NEW_CORE_SELECT,TIMEXER_LOCAL_OD,20260917,LOCAL_OD_168,3,AVAILABLE,terminal_H,clip_0_1,3850,0.07080357025370448,0.04117481219787876
40,NEW_CORE_SELECT,TIMEXER_LOCAL_OD,20260917,LOCAL_OD_168,3,AVAILABLE,path_1_to_H,raw,11550,0.06351405146683947,0.03609573575736576
40,NEW_CORE_SELECT,TIMEXER_LOCAL_OD,20260917,LOCAL_OD_168,3,AVAILABLE,path_1_to_H,clip_0_1,11550,0.06348882938545247,0.03607784829437088
40,NEW_CORE_SELECT,TIMEXER_LOCAL_OD,20260917,LOCAL_OD_168,6,AVAILABLE,terminal_H,raw,3850,0.07511351560852828,0.046119496740836215
40,NEW_CORE_SELECT,TIMEXER_LOCAL_OD,20260917,LOCAL_OD_168,6,AVAILABLE,terminal_H,clip_0_1,3850,0.07511181367626554,0.0461100450257299
40,NEW_CORE_SELECT,TIMEXER_LOCAL_OD,20260917,LOCAL_OD_168,6,AVAILABLE,path_1_to_H,raw,23100,0.06810917148987822,0.04010519821216953
40,NEW_CORE_SELECT,TIMEXER_LOCAL_OD,20260917,LOCAL_OD_168,6,AVAILABLE,path_1_to_H,clip_0_1,23100,0.06809576110774158,0.04009032175839915
40,NEW_CORE_SELECT,TIMEXER_LOCAL_OD,20260917,LOCAL_OD_168,9,AVAILABLE,terminal_H,raw,3850,0.08418295588859617,0.057170159949788024
40,NEW_CORE_SELECT,TIMEXER_LOCAL_OD,20260917,LOCAL_OD_168,9,AVAILABLE,terminal_H,clip_0_1,3850,0.08418295588859617,0.057170159949788024
40,NEW_CORE_SELECT,TIMEXER_LOCAL_OD,20260917,LOCAL_OD_168,9,AVAILABLE,path_1_to_H,raw,34650,0.07278377737042489,0.044167777030980064
40,NEW_CORE_SELECT,TIMEXER_LOCAL_OD,20260917,LOCAL_OD_168,9,AVAILABLE,path_1_to_H,clip_0_1,34650,0.07277536915778435,0.04415737021688915
40,NEW_CORE_SELECT,TIMEXER_LOCAL_OD,20260917,LOCAL_OD_168,12,AVAILABLE,terminal_H,raw,3850,0.09167319746710806,0.06031187711501276
40,NEW_CORE_SELECT,TIMEXER_LOCAL_OD,20260917,LOCAL_OD_168,12,AVAILABLE,terminal_H,clip_0_1,3850,0.09167319746710806,0.06031187711501276
40,NEW_CORE_SELECT,TIMEXER_LOCAL_OD,20260917,LOCAL_OD_168,12,AVAILABLE,path_1_to_H,raw,46200,0.07723096496926957,0.048028171289685985
40,NEW_CORE_SELECT,TIMEXER_LOCAL_OD,20260917,LOCAL_OD_168,12,AVAILABLE,path_1_to_H,clip_0_1,46200,0.07722502205174632,0.0480203661791178
0,NEW_CORE_SELECT,TIMEXER_GLOBAL_O,20260915,GLOBAL_O_168,3,AVAILABLE,terminal_H,raw,3850,0.11270302276779626,0.0796901617316505
0,NEW_CORE_SELECT,TIMEXER_GLOBAL_O,20260915,GLOBAL_O_168,3,AVAILABLE,terminal_H,clip_0_1,3850,0.11238292426128664,0.07962528054312162
0,NEW_CORE_SELECT,TIMEXER_GLOBAL_O,20260915,GLOBAL_O_168,3,AVAILABLE,path_1_to_H,raw,11550,0.11689410975612669,0.08302623918009881
0,NEW_CORE_SELECT,TIMEXER_GLOBAL_O,20260915,GLOBAL_O_168,3,AVAILABLE,path_1_to_H,clip_0_1,11550,0.1167913304649013,0.08300402393754072
0,NEW_CORE_SELECT,TIMEXER_GLOBAL_O,20260915,GLOBAL_O_168,6,AVAILABLE,terminal_H,raw,3850,0.15302064905299945,0.11173013695878545
0,NEW_CORE_SELECT,TIMEXER_GLOBAL_O,20260915,GLOBAL_O_168,6,AVAILABLE,terminal_H,clip_0_1,3850,0.15302064905299945,0.11173013695878545
0,NEW_CORE_SELECT,TIMEXER_GLOBAL_O,20260915,GLOBAL_O_168,6,AVAILABLE,path_1_to_H,raw,23100,0.13288229927546377,0.0939219101118448
0,NEW_CORE_SELECT,TIMEXER_GLOBAL_O,20260915,GLOBAL_O_168,6,AVAILABLE,path_1_to_H,clip_0_1,23100,0.13283710487050476,0.09391077426862923
0,NEW_CORE_SELECT,TIMEXER_GLOBAL_O,20260915,GLOBAL_O_168,9,AVAILABLE,terminal_H,raw,3850,0.1140913594648979,0.078827882561494
0,NEW_CORE_SELECT,TIMEXER_GLOBAL_O,20260915,GLOBAL_O_168,9,AVAILABLE,terminal_H,clip_0_1,3850,0.11408940488244472,0.07882674953138287
0,NEW_CORE_SELECT,TIMEXER_GLOBAL_O,20260915,GLOBAL_O_168,9,AVAILABLE,path_1_to_H,raw,34650,0.13253289283854272,0.09372333272783594
0,NEW_CORE_SELECT,TIMEXER_GLOBAL_O,20260915,GLOBAL_O_168,9,AVAILABLE,path_1_to_H,clip_0_1,34650,0.1325024212776454,0.09371576249048458
0,NEW_CORE_SELECT,TIMEXER_GLOBAL_O,20260915,GLOBAL_O_168,12,AVAILABLE,terminal_H,raw,3850,0.12005076001596879,0.08242119051032253
0,NEW_CORE_SELECT,TIMEXER_GLOBAL_O,20260915,GLOBAL_O_168,12,AVAILABLE,terminal_H,clip_0_1,3850,0.11927640794453707,0.08217612256090362
0,NEW_CORE_SELECT,TIMEXER_GLOBAL_O,20260915,GLOBAL_O_168,12,AVAILABLE,path_1_to_H,raw,46200,0.12864564563816816,0.09028768750396457
0,NEW_CORE_SELECT,TIMEXER_GLOBAL_O,20260915,GLOBAL_O_168,12,AVAILABLE,path_1_to_H,clip_0_1,46200,0.128561527508631,0.0902606381687489
5,NEW_CORE_SELECT,TIMEXER_GLOBAL_O,20260915,GLOBAL_O_168,3,AVAILABLE,terminal_H,raw,3850,0.07119713088556782,0.04251908149836319
5,NEW_CORE_SELECT,TIMEXER_GLOBAL_O,20260915,GLOBAL_O_168,3,AVAILABLE,terminal_H,clip_0_1,3850,0.07110676473449946,0.0424946257314802
5,NEW_CORE_SELECT,TIMEXER_GLOBAL_O,20260915,GLOBAL_O_168,3,AVAILABLE,path_1_to_H,raw,11550,0.06520095692397081,0.038509464936846975
5,NEW_CORE_SELECT,TIMEXER_GLOBAL_O,20260915,GLOBAL_O_168,3,AVAILABLE,path_1_to_H,clip_0_1,11550,0.0651394678022477,0.038463875039952335
5,NEW_CORE_SELECT,TIMEXER_GLOBAL_O,20260915,GLOBAL_O_168,6,AVAILABLE,terminal_H,raw,3850,0.07756414971600027,0.048864435554518325
5,NEW_CORE_SELECT,TIMEXER_GLOBAL_O,20260915,GLOBAL_O_168,6,AVAILABLE,terminal_H,clip_0_1,3850,0.07756387943547569,0.04885741182494086
5,NEW_CORE_SELECT,TIMEXER_GLOBAL_O,20260915,GLOBAL_O_168,6,AVAILABLE,path_1_to_H,raw,23100,0.0699992330036385,0.04251968184040529
5,NEW_CORE_SELECT,TIMEXER_GLOBAL_O,20260915,GLOBAL_O_168,6,AVAILABLE,path_1_to_H,clip_0_1,23100,0.0699696696678845,0.04249308908803719
5,NEW_CORE_SELECT,TIMEXER_GLOBAL_O,20260915,GLOBAL_O_168,9,AVAILABLE,terminal_H,raw,3850,0.08526660555538886,0.05728263998839569
5,NEW_CORE_SELECT,TIMEXER_GLOBAL_O,20260915,GLOBAL_O_168,9,AVAILABLE,terminal_H,clip_0_1,3850,0.08526372821560736,0.05726633719616122
5,NEW_CORE_SELECT,TIMEXER_GLOBAL_O,20260915,GLOBAL_O_168,9,AVAILABLE,path_1_to_H,raw,34650,0.07589391193114352,0.047034548189595855
5,NEW_CORE_SELECT,TIMEXER_GLOBAL_O,20260915,GLOBAL_O_168,9,AVAILABLE,path_1_to_H,clip_0_1,34650,0.0758721126959455,0.04700715146557002
5,NEW_CORE_SELECT,TIMEXER_GLOBAL_O,20260915,GLOBAL_O_168,12,AVAILABLE,terminal_H,raw,3850,0.09441952972698979,0.061901475168256594
5,NEW_CORE_SELECT,TIMEXER_GLOBAL_O,20260915,GLOBAL_O_168,12,AVAILABLE,terminal_H,clip_0_1,3850,0.09441185119462239,0.061894090507881014
5,NEW_CORE_SELECT,TIMEXER_GLOBAL_O,20260915,GLOBAL_O_168,12,AVAILABLE,path_1_to_H,raw,46200,0.08019060613341214,0.050634825556333384
5,NEW_CORE_SELECT,TIMEXER_GLOBAL_O,20260915,GLOBAL_O_168,12,AVAILABLE,path_1_to_H,clip_0_1,46200,0.08017399449081718,0.0506123590890673
10,NEW_CORE_SELECT,TIMEXER_GLOBAL_O,20260915,GLOBAL_O_168,3,AVAILABLE,terminal_H,raw,3850,0.07070909876187317,0.04196358142335984
10,NEW_CORE_SELECT,TIMEXER_GLOBAL_O,20260915,GLOBAL_O_168,3,AVAILABLE,terminal_H,clip_0_1,3850,0.07064080402887025,0.041949079099486204
10,NEW_CORE_SELECT,TIMEXER_GLOBAL_O,20260915,GLOBAL_O_168,3,AVAILABLE,path_1_to_H,raw,11550,0.06395186424023942,0.03726218303939674
10,NEW_CORE_SELECT,TIMEXER_GLOBAL_O,20260915,GLOBAL_O_168,3,AVAILABLE,path_1_to_H,clip_0_1,11550,0.06390388571977243,0.037225483282191024
10,NEW_CORE_SELECT,TIMEXER_GLOBAL_O,20260915,GLOBAL_O_168,6,AVAILABLE,terminal_H,raw,3850,0.07662496694234437,0.047402122349708115
10,NEW_CORE_SELECT,TIMEXER_GLOBAL_O,20260915,GLOBAL_O_168,6,AVAILABLE,terminal_H,clip_0_1,3850,0.07655792871657387,0.04727974069292669
10,NEW_CORE_SELECT,TIMEXER_GLOBAL_O,20260915,GLOBAL_O_168,6,AVAILABLE,path_1_to_H,raw,23100,0.06932381442976894,0.041574912162062216
10,NEW_CORE_SELECT,TIMEXER_GLOBAL_O,20260915,GLOBAL_O_168,6,AVAILABLE,path_1_to_H,clip_0_1,23100,0.06927385748801372,0.04151239141733164
10,NEW_CORE_SELECT,TIMEXER_GLOBAL_O,20260915,GLOBAL_O_168,9,AVAILABLE,terminal_H,raw,3850,0.0833869907585168,0.05570034541939567
10,NEW_CORE_SELECT,TIMEXER_GLOBAL_O,20260915,GLOBAL_O_168,9,AVAILABLE,terminal_H,clip_0_1,3850,0.08338633247742083,0.05569317318087855
10,NEW_CORE_SELECT,TIMEXER_GLOBAL_O,20260915,GLOBAL_O_168,9,AVAILABLE,path_1_to_H,raw,34650,0.07399201293214643,0.04539161439214982
10,NEW_CORE_SELECT,TIMEXER_GLOBAL_O,20260915,GLOBAL_O_168,9,AVAILABLE,path_1_to_H,clip_0_1,34650,0.07394324193996432,0.04532066860236227
10,NEW_CORE_SELECT,TIMEXER_GLOBAL_O,20260915,GLOBAL_O_168,12,AVAILABLE,terminal_H,raw,3850,0.09081800818024298,0.060086168812515287
10,NEW_CORE_SELECT,TIMEXER_GLOBAL_O,20260915,GLOBAL_O_168,12,AVAILABLE,terminal_H,clip_0_1,3850,0.09081800818024298,0.060086168812515287
10,NEW_CORE_SELECT,TIMEXER_GLOBAL_O,20260915,GLOBAL_O_168,12,AVAILABLE,path_1_to_H,raw,46200,0.07803713839878378,0.04885756113619878
10,NEW_CORE_SELECT,TIMEXER_GLOBAL_O,20260915,GLOBAL_O_168,12,AVAILABLE,path_1_to_H,clip_0_1,46200,0.07800140521772228,0.04880236382687916
20,NEW_CORE_SELECT,TIMEXER_GLOBAL_O,20260915,GLOBAL_O_168,3,AVAILABLE,terminal_H,raw,3850,0.0710447045261848,0.04256543491713025
20,NEW_CORE_SELECT,TIMEXER_GLOBAL_O,20260915,GLOBAL_O_168,3,AVAILABLE,terminal_H,clip_0_1,3850,0.07099257882630346,0.04255823092946372
20,NEW_CORE_SELECT,TIMEXER_GLOBAL_O,20260915,GLOBAL_O_168,3,AVAILABLE,path_1_to_H,raw,11550,0.06343187654289147,0.037051184644309794
20,NEW_CORE_SELECT,TIMEXER_GLOBAL_O,20260915,GLOBAL_O_168,3,AVAILABLE,path_1_to_H,clip_0_1,11550,0.06340843239166835,0.037040165406792905
20,NEW_CORE_SELECT,TIMEXER_GLOBAL_O,20260915,GLOBAL_O_168,6,AVAILABLE,terminal_H,raw,3850,0.07639968232265804,0.04787162585353309
20,NEW_CORE_SELECT,TIMEXER_GLOBAL_O,20260915,GLOBAL_O_168,6,AVAILABLE,terminal_H,clip_0_1,3850,0.07639435635993384,0.04786501125517217
20,NEW_CORE_SELECT,TIMEXER_GLOBAL_O,20260915,GLOBAL_O_168,6,AVAILABLE,path_1_to_H,raw,23100,0.06865318054399744,0.041486829730895756
20,NEW_CORE_SELECT,TIMEXER_GLOBAL_O,20260915,GLOBAL_O_168,6,AVAILABLE,path_1_to_H,clip_0_1,23100,0.06864135289972188,0.041479970619759776
20,NEW_CORE_SELECT,TIMEXER_GLOBAL_O,20260915,GLOBAL_O_168,9,AVAILABLE,terminal_H,raw,3850,0.08561348792422416,0.05827140243457896
20,NEW_CORE_SELECT,TIMEXER_GLOBAL_O,20260915,GLOBAL_O_168,9,AVAILABLE,terminal_H,clip_0_1,3850,0.08560972023206288,0.05826973703435876
20,NEW_CORE_SELECT,TIMEXER_GLOBAL_O,20260915,GLOBAL_O_168,9,AVAILABLE,path_1_to_H,raw,34650,0.07361214470394936,0.045494184836323275
20,NEW_CORE_SELECT,TIMEXER_GLOBAL_O,20260915,GLOBAL_O_168,9,AVAILABLE,path_1_to_H,clip_0_1,34650,0.07358851337311012,0.04547952537483994
20,NEW_CORE_SELECT,TIMEXER_GLOBAL_O,20260915,GLOBAL_O_168,12,AVAILABLE,terminal_H,raw,3850,0.0914103961339621,0.06043957338922403
20,NEW_CORE_SELECT,TIMEXER_GLOBAL_O,20260915,GLOBAL_O_168,12,AVAILABLE,terminal_H,clip_0_1,3850,0.09139268776275461,0.06042133864087911
20,NEW_CORE_SELECT,TIMEXER_GLOBAL_O,20260915,GLOBAL_O_168,12,AVAILABLE,path_1_to_H,raw,46200,0.077941085127386,0.04900983403079026
20,NEW_CORE_SELECT,TIMEXER_GLOBAL_O,20260915,GLOBAL_O_168,12,AVAILABLE,path_1_to_H,clip_0_1,46200,0.07791352773593158,0.04899109722118123
40,NEW_CORE_SELECT,TIMEXER_GLOBAL_O,20260915,GLOBAL_O_168,3,AVAILABLE,terminal_H,raw,3850,0.07025242406909402,0.04125887544982909
40,NEW_CORE_SELECT,TIMEXER_GLOBAL_O,20260915,GLOBAL_O_168,3,AVAILABLE,terminal_H,clip_0_1,3850,0.07016918862282527,0.04124641285398854
40,NEW_CORE_SELECT,TIMEXER_GLOBAL_O,20260915,GLOBAL_O_168,3,AVAILABLE,path_1_to_H,raw,11550,0.06284105515405491,0.03657009205035059
40,NEW_CORE_SELECT,TIMEXER_GLOBAL_O,20260915,GLOBAL_O_168,3,AVAILABLE,path_1_to_H,clip_0_1,11550,0.06279450019906409,0.03655395435588636
40,NEW_CORE_SELECT,TIMEXER_GLOBAL_O,20260915,GLOBAL_O_168,6,AVAILABLE,terminal_H,raw,3850,0.0761253291530553,0.04700193552542236
40,NEW_CORE_SELECT,TIMEXER_GLOBAL_O,20260915,GLOBAL_O_168,6,AVAILABLE,terminal_H,clip_0_1,3850,0.07611692228000592,0.0469854137913457
40,NEW_CORE_SELECT,TIMEXER_GLOBAL_O,20260915,GLOBAL_O_168,6,AVAILABLE,path_1_to_H,raw,23100,0.06819810288953633,0.04077741196379066
40,NEW_CORE_SELECT,TIMEXER_GLOBAL_O,20260915,GLOBAL_O_168,6,AVAILABLE,path_1_to_H,clip_0_1,23100,0.06817353632184227,0.040765009304121524
40,NEW_CORE_SELECT,TIMEXER_GLOBAL_O,20260915,GLOBAL_O_168,9,AVAILABLE,terminal_H,raw,3850,0.0853950652460076,0.05735516932490584
40,NEW_CORE_SELECT,TIMEXER_GLOBAL_O,20260915,GLOBAL_O_168,9,AVAILABLE,terminal_H,clip_0_1,3850,0.08539164553161455,0.05734850182161703
40,NEW_CORE_SELECT,TIMEXER_GLOBAL_O,20260915,GLOBAL_O_168,9,AVAILABLE,path_1_to_H,raw,34650,0.07330647009887854,0.04489209432610476
40,NEW_CORE_SELECT,TIMEXER_GLOBAL_O,20260915,GLOBAL_O_168,9,AVAILABLE,path_1_to_H,clip_0_1,34650,0.07328424541694441,0.04487624336658973
40,NEW_CORE_SELECT,TIMEXER_GLOBAL_O,20260915,GLOBAL_O_168,12,AVAILABLE,terminal_H,raw,3850,0.0926233343708129,0.06031288699694461
40,NEW_CORE_SELECT,TIMEXER_GLOBAL_O,20260915,GLOBAL_O_168,12,AVAILABLE,terminal_H,clip_0_1,3850,0.09260280017966167,0.06029008537845371
40,NEW_CORE_SELECT,TIMEXER_GLOBAL_O,20260915,GLOBAL_O_168,12,AVAILABLE,path_1_to_H,raw,46200,0.07797109115565341,0.04857890299887263
40,NEW_CORE_SELECT,TIMEXER_GLOBAL_O,20260915,GLOBAL_O_168,12,AVAILABLE,path_1_to_H,clip_0_1,46200,0.07794906590198154,0.04856150454697421
0,NEW_CORE_SELECT,TIMEXER_GLOBAL_O,20260916,GLOBAL_O_168,3,AVAILABLE,terminal_H,raw,3850,0.17075941100181954,0.12054365648851766
0,NEW_CORE_SELECT,TIMEXER_GLOBAL_O,20260916,GLOBAL_O_168,3,AVAILABLE,terminal_H,clip_0_1,3850,0.17073679345288434,0.12053956612364038
0,NEW_CORE_SELECT,TIMEXER_GLOBAL_O,20260916,GLOBAL_O_168,3,AVAILABLE,path_1_to_H,raw,11550,0.15388320865258573,0.10767454118883132
0,NEW_CORE_SELECT,TIMEXER_GLOBAL_O,20260916,GLOBAL_O_168,3,AVAILABLE,path_1_to_H,clip_0_1,11550,0.15385195131013027,0.10764048098655038
0,NEW_CORE_SELECT,TIMEXER_GLOBAL_O,20260916,GLOBAL_O_168,6,AVAILABLE,terminal_H,raw,3850,0.14930738149976244,0.10546508245871632
0,NEW_CORE_SELECT,TIMEXER_GLOBAL_O,20260916,GLOBAL_O_168,6,AVAILABLE,terminal_H,clip_0_1,3850,0.1492992381564472,0.10544368077722656
0,NEW_CORE_SELECT,TIMEXER_GLOBAL_O,20260916,GLOBAL_O_168,6,AVAILABLE,path_1_to_H,raw,23100,0.14959172268004903,0.10494529548218047
0,NEW_CORE_SELECT,TIMEXER_GLOBAL_O,20260916,GLOBAL_O_168,6,AVAILABLE,path_1_to_H,clip_0_1,23100,0.14956320878470328,0.104905664047823
0,NEW_CORE_SELECT,TIMEXER_GLOBAL_O,20260916,GLOBAL_O_168,9,AVAILABLE,terminal_H,raw,3850,0.18896678710046447,0.14345300611253683
0,NEW_CORE_SELECT,TIMEXER_GLOBAL_O,20260916,GLOBAL_O_168,9,AVAILABLE,terminal_H,clip_0_1,3850,0.18731221266300455,0.14274547711885593
0,NEW_CORE_SELECT,TIMEXER_GLOBAL_O,20260916,GLOBAL_O_168,9,AVAILABLE,path_1_to_H,raw,34650,0.15033505734966762,0.10611762639065239
0,NEW_CORE_SELECT,TIMEXER_GLOBAL_O,20260916,GLOBAL_O_168,9,AVAILABLE,path_1_to_H,clip_0_1,34650,0.15008342671220634,0.10601155363001778
0,NEW_CORE_SELECT,TIMEXER_GLOBAL_O,20260916,GLOBAL_O_168,12,AVAILABLE,terminal_H,raw,3850,0.12957347678279027,0.08833076614886522
0,NEW_CORE_SELECT,TIMEXER_GLOBAL_O,20260916,GLOBAL_O_168,12,AVAILABLE,terminal_H,clip_0_1,3850,0.12950492773789352,0.08826419503440137
0,NEW_CORE_SELECT,TIMEXER_GLOBAL_O,20260916,GLOBAL_O_168,12,AVAILABLE,path_1_to_H,raw,46200,0.14788229988235538,0.10388890790075742
0,NEW_CORE_SELECT,TIMEXER_GLOBAL_O,20260916,GLOBAL_O_168,12,AVAILABLE,path_1_to_H,clip_0_1,46200,0.14768547247518146,0.10380379834488535
5,NEW_CORE_SELECT,TIMEXER_GLOBAL_O,20260916,GLOBAL_O_168,3,AVAILABLE,terminal_H,raw,3850,0.07077584950818883,0.04152662293767774
5,NEW_CORE_SELECT,TIMEXER_GLOBAL_O,20260916,GLOBAL_O_168,3,AVAILABLE,terminal_H,clip_0_1,3850,0.07074259478569134,0.041455686034562136
5,NEW_CORE_SELECT,TIMEXER_GLOBAL_O,20260916,GLOBAL_O_168,3,AVAILABLE,path_1_to_H,raw,11550,0.06568525132010405,0.03773159305032875
5,NEW_CORE_SELECT,TIMEXER_GLOBAL_O,20260916,GLOBAL_O_168,3,AVAILABLE,path_1_to_H,clip_0_1,11550,0.06564871240250177,0.037644049038433214
5,NEW_CORE_SELECT,TIMEXER_GLOBAL_O,20260916,GLOBAL_O_168,6,AVAILABLE,terminal_H,raw,3850,0.07682795842830681,0.04829094880103291
5,NEW_CORE_SELECT,TIMEXER_GLOBAL_O,20260916,GLOBAL_O_168,6,AVAILABLE,terminal_H,clip_0_1,3850,0.07682567189625937,0.048276774666768
5,NEW_CORE_SELECT,TIMEXER_GLOBAL_O,20260916,GLOBAL_O_168,6,AVAILABLE,path_1_to_H,raw,23100,0.0702822815270002,0.042155776754287735
5,NEW_CORE_SELECT,TIMEXER_GLOBAL_O,20260916,GLOBAL_O_168,6,AVAILABLE,path_1_to_H,clip_0_1,23100,0.07026079987074908,0.042102867090889125
5,NEW_CORE_SELECT,TIMEXER_GLOBAL_O,20260916,GLOBAL_O_168,9,AVAILABLE,terminal_H,raw,3850,0.08581833500639972,0.057960902974614266
5,NEW_CORE_SELECT,TIMEXER_GLOBAL_O,20260916,GLOBAL_O_168,9,AVAILABLE,terminal_H,clip_0_1,3850,0.08581544913796689,0.057945358828314905
5,NEW_CORE_SELECT,TIMEXER_GLOBAL_O,20260916,GLOBAL_O_168,9,AVAILABLE,path_1_to_H,raw,34650,0.07497565399187694,0.04625308566362547
5,NEW_CORE_SELECT,TIMEXER_GLOBAL_O,20260916,GLOBAL_O_168,9,AVAILABLE,path_1_to_H,clip_0_1,34650,0.07496128673462382,0.0462124664727249
5,NEW_CORE_SELECT,TIMEXER_GLOBAL_O,20260916,GLOBAL_O_168,12,AVAILABLE,terminal_H,raw,3850,0.09382101116487628,0.06183889558248512
5,NEW_CORE_SELECT,TIMEXER_GLOBAL_O,20260916,GLOBAL_O_168,12,AVAILABLE,terminal_H,clip_0_1,3850,0.09381782561090232,0.0618305885847416
5,NEW_CORE_SELECT,TIMEXER_GLOBAL_O,20260916,GLOBAL_O_168,12,AVAILABLE,path_1_to_H,raw,46200,0.07932268427898563,0.04988471597503645
5,NEW_CORE_SELECT,TIMEXER_GLOBAL_O,20260916,GLOBAL_O_168,12,AVAILABLE,path_1_to_H,clip_0_1,46200,0.07931206132783417,0.04985259743621049
10,NEW_CORE_SELECT,TIMEXER_GLOBAL_O,20260916,GLOBAL_O_168,3,AVAILABLE,terminal_H,raw,3850,0.07023870992414095,0.04111799961439781
10,NEW_CORE_SELECT,TIMEXER_GLOBAL_O,20260916,GLOBAL_O_168,3,AVAILABLE,terminal_H,clip_0_1,3850,0.07022864094783188,0.04108586539187795
10,NEW_CORE_SELECT,TIMEXER_GLOBAL_O,20260916,GLOBAL_O_168,3,AVAILABLE,path_1_to_H,raw,11550,0.06440332283314078,0.037467805839615405
10,NEW_CORE_SELECT,TIMEXER_GLOBAL_O,20260916,GLOBAL_O_168,3,AVAILABLE,path_1_to_H,clip_0_1,11550,0.06439805621019744,0.03744703349504152
10,NEW_CORE_SELECT,TIMEXER_GLOBAL_O,20260916,GLOBAL_O_168,6,AVAILABLE,terminal_H,raw,3850,0.07801947412240402,0.050371420284878315
10,NEW_CORE_SELECT,TIMEXER_GLOBAL_O,20260916,GLOBAL_O_168,6,AVAILABLE,terminal_H,clip_0_1,3850,0.07801913168057162,0.050367694832021734
10,NEW_CORE_SELECT,TIMEXER_GLOBAL_O,20260916,GLOBAL_O_168,6,AVAILABLE,path_1_to_H,raw,23100,0.06942611983603916,0.04202241913834788
10,NEW_CORE_SELECT,TIMEXER_GLOBAL_O,20260916,GLOBAL_O_168,6,AVAILABLE,path_1_to_H,clip_0_1,23100,0.06942267038260125,0.04200673459283201
10,NEW_CORE_SELECT,TIMEXER_GLOBAL_O,20260916,GLOBAL_O_168,9,AVAILABLE,terminal_H,raw,3850,0.08664122371327428,0.057963067162902907
10,NEW_CORE_SELECT,TIMEXER_GLOBAL_O,20260916,GLOBAL_O_168,9,AVAILABLE,terminal_H,clip_0_1,3850,0.08662889313367995,0.05793874165200471
10,NEW_CORE_SELECT,TIMEXER_GLOBAL_O,20260916,GLOBAL_O_168,9,AVAILABLE,path_1_to_H,raw,34650,0.07440506756259263,0.04611945641556322
10,NEW_CORE_SELECT,TIMEXER_GLOBAL_O,20260916,GLOBAL_O_168,9,AVAILABLE,path_1_to_H,clip_0_1,34650,0.07440056640596363,0.04610307193195923
10,NEW_CORE_SELECT,TIMEXER_GLOBAL_O,20260916,GLOBAL_O_168,12,AVAILABLE,terminal_H,raw,3850,0.09215128281270112,0.06056932594397335
10,NEW_CORE_SELECT,TIMEXER_GLOBAL_O,20260916,GLOBAL_O_168,12,AVAILABLE,terminal_H,clip_0_1,3850,0.09215099263920555,0.060565641797329116
10,NEW_CORE_SELECT,TIMEXER_GLOBAL_O,20260916,GLOBAL_O_168,12,AVAILABLE,path_1_to_H,raw,46200,0.07868748361277887,0.04965617080066893
10,NEW_CORE_SELECT,TIMEXER_GLOBAL_O,20260916,GLOBAL_O_168,12,AVAILABLE,path_1_to_H,clip_0_1,46200,0.07868423914540748,0.049643046063848756
20,NEW_CORE_SELECT,TIMEXER_GLOBAL_O,20260916,GLOBAL_O_168,3,AVAILABLE,terminal_H,raw,3850,0.069728980085323,0.04055904228167681
20,NEW_CORE_SELECT,TIMEXER_GLOBAL_O,20260916,GLOBAL_O_168,3,AVAILABLE,terminal_H,clip_0_1,3850,0.06971628300394181,0.04052319547742025
20,NEW_CORE_SELECT,TIMEXER_GLOBAL_O,20260916,GLOBAL_O_168,3,AVAILABLE,path_1_to_H,raw,11550,0.06267359767551663,0.03602646746285647
20,NEW_CORE_SELECT,TIMEXER_GLOBAL_O,20260916,GLOBAL_O_168,3,AVAILABLE,path_1_to_H,clip_0_1,11550,0.06266545422884594,0.03599542916897539
20,NEW_CORE_SELECT,TIMEXER_GLOBAL_O,20260916,GLOBAL_O_168,6,AVAILABLE,terminal_H,raw,3850,0.07481438639440671,0.0458551231094382
20,NEW_CORE_SELECT,TIMEXER_GLOBAL_O,20260916,GLOBAL_O_168,6,AVAILABLE,terminal_H,clip_0_1,3850,0.07476429740323644,0.04579084342563307
20,NEW_CORE_SELECT,TIMEXER_GLOBAL_O,20260916,GLOBAL_O_168,6,AVAILABLE,path_1_to_H,raw,23100,0.0676384073896516,0.04018986680488469
20,NEW_CORE_SELECT,TIMEXER_GLOBAL_O,20260916,GLOBAL_O_168,6,AVAILABLE,path_1_to_H,clip_0_1,23100,0.06761680451645667,0.0401495040767298
20,NEW_CORE_SELECT,TIMEXER_GLOBAL_O,20260916,GLOBAL_O_168,9,AVAILABLE,terminal_H,raw,3850,0.08566960417002184,0.05808398083166836
20,NEW_CORE_SELECT,TIMEXER_GLOBAL_O,20260916,GLOBAL_O_168,9,AVAILABLE,terminal_H,clip_0_1,3850,0.08565510739446043,0.05805792862549424
20,NEW_CORE_SELECT,TIMEXER_GLOBAL_O,20260916,GLOBAL_O_168,9,AVAILABLE,path_1_to_H,raw,34650,0.072745814279485,0.04444038557377879
20,NEW_CORE_SELECT,TIMEXER_GLOBAL_O,20260916,GLOBAL_O_168,9,AVAILABLE,path_1_to_H,clip_0_1,34650,0.0727192880339044,0.044395687428006064
20,NEW_CORE_SELECT,TIMEXER_GLOBAL_O,20260916,GLOBAL_O_168,12,AVAILABLE,terminal_H,raw,3850,0.09280888261839311,0.06104536608248562
20,NEW_CORE_SELECT,TIMEXER_GLOBAL_O,20260916,GLOBAL_O_168,12,AVAILABLE,terminal_H,clip_0_1,3850,0.09277175614002972,0.06102779827141142
20,NEW_CORE_SELECT,TIMEXER_GLOBAL_O,20260916,GLOBAL_O_168,12,AVAILABLE,path_1_to_H,raw,46200,0.07759548035089962,0.04838911716473487
20,NEW_CORE_SELECT,TIMEXER_GLOBAL_O,20260916,GLOBAL_O_168,12,AVAILABLE,path_1_to_H,clip_0_1,46200,0.07757134268577548,0.048352299257326724
40,NEW_CORE_SELECT,TIMEXER_GLOBAL_O,20260916,GLOBAL_O_168,3,AVAILABLE,terminal_H,raw,3850,0.06928646207955673,0.0400496795751735
40,NEW_CORE_SELECT,TIMEXER_GLOBAL_O,20260916,GLOBAL_O_168,3,AVAILABLE,terminal_H,clip_0_1,3850,0.0692840568795102,0.040035414277491244
40,NEW_CORE_SELECT,TIMEXER_GLOBAL_O,20260916,GLOBAL_O_168,3,AVAILABLE,path_1_to_H,raw,11550,0.06251925610785287,0.03578147826284912
40,NEW_CORE_SELECT,TIMEXER_GLOBAL_O,20260916,GLOBAL_O_168,3,AVAILABLE,path_1_to_H,clip_0_1,11550,0.06251608127781776,0.03576648502941223
40,NEW_CORE_SELECT,TIMEXER_GLOBAL_O,20260916,GLOBAL_O_168,6,AVAILABLE,terminal_H,raw,3850,0.07508609876122839,0.045866702611546045
40,NEW_CORE_SELECT,TIMEXER_GLOBAL_O,20260916,GLOBAL_O_168,6,AVAILABLE,terminal_H,clip_0_1,3850,0.07505609683342458,0.04580853317501386
40,NEW_CORE_SELECT,TIMEXER_GLOBAL_O,20260916,GLOBAL_O_168,6,AVAILABLE,path_1_to_H,raw,23100,0.06733786165939912,0.03967716559888674
40,NEW_CORE_SELECT,TIMEXER_GLOBAL_O,20260916,GLOBAL_O_168,6,AVAILABLE,path_1_to_H,clip_0_1,23100,0.06732535552513585,0.0396465623806517
40,NEW_CORE_SELECT,TIMEXER_GLOBAL_O,20260916,GLOBAL_O_168,9,AVAILABLE,terminal_H,raw,3850,0.08597395820694767,0.05808565208071528
40,NEW_CORE_SELECT,TIMEXER_GLOBAL_O,20260916,GLOBAL_O_168,9,AVAILABLE,terminal_H,clip_0_1,3850,0.08594626512944581,0.058047721755461065
40,NEW_CORE_SELECT,TIMEXER_GLOBAL_O,20260916,GLOBAL_O_168,9,AVAILABLE,path_1_to_H,raw,34650,0.07270941139881268,0.04413117600258166
40,NEW_CORE_SELECT,TIMEXER_GLOBAL_O,20260916,GLOBAL_O_168,9,AVAILABLE,path_1_to_H,clip_0_1,34650,0.07268400907389441,0.04408727074429006
40,NEW_CORE_SELECT,TIMEXER_GLOBAL_O,20260916,GLOBAL_O_168,12,AVAILABLE,terminal_H,raw,3850,0.09346250907790082,0.061049476624526956
40,NEW_CORE_SELECT,TIMEXER_GLOBAL_O,20260916,GLOBAL_O_168,12,AVAILABLE,terminal_H,clip_0_1,3850,0.09344047927815743,0.06103189886547625
40,NEW_CORE_SELECT,TIMEXER_GLOBAL_O,20260916,GLOBAL_O_168,12,AVAILABLE,path_1_to_H,raw,46200,0.07776975818131246,0.048212026156982994
40,NEW_CORE_SELECT,TIMEXER_GLOBAL_O,20260916,GLOBAL_O_168,12,AVAILABLE,path_1_to_H,clip_0_1,46200,0.07774745359607127,0.04817522965614519
0,NEW_CORE_SELECT,TIMEXER_GLOBAL_O,20260917,GLOBAL_O_168,3,AVAILABLE,terminal_H,raw,3850,0.16363709211581848,0.11855617812133164
0,NEW_CORE_SELECT,TIMEXER_GLOBAL_O,20260917,GLOBAL_O_168,3,AVAILABLE,terminal_H,clip_0_1,3850,0.16363709211581848,0.11855617812133164
0,NEW_CORE_SELECT,TIMEXER_GLOBAL_O,20260917,GLOBAL_O_168,3,AVAILABLE,path_1_to_H,raw,11550,0.15763514062116152,0.10990736290812492
0,NEW_CORE_SELECT,TIMEXER_GLOBAL_O,20260917,GLOBAL_O_168,3,AVAILABLE,path_1_to_H,clip_0_1,11550,0.15702366816200722,0.10968124093576556
0,NEW_CORE_SELECT,TIMEXER_GLOBAL_O,20260917,GLOBAL_O_168,6,AVAILABLE,terminal_H,raw,3850,0.166688365384527,0.12067899554048653
0,NEW_CORE_SELECT,TIMEXER_GLOBAL_O,20260917,GLOBAL_O_168,6,AVAILABLE,terminal_H,clip_0_1,3850,0.16659791366765095,0.1206620547238302
0,NEW_CORE_SELECT,TIMEXER_GLOBAL_O,20260917,GLOBAL_O_168,6,AVAILABLE,path_1_to_H,raw,23100,0.15195841588410705,0.1072180838810151
0,NEW_CORE_SELECT,TIMEXER_GLOBAL_O,20260917,GLOBAL_O_168,6,AVAILABLE,path_1_to_H,clip_0_1,23100,0.15162348267868458,0.10709992473777706
0,NEW_CORE_SELECT,TIMEXER_GLOBAL_O,20260917,GLOBAL_O_168,9,AVAILABLE,terminal_H,raw,3850,0.13106087666435154,0.09450172061463455
0,NEW_CORE_SELECT,TIMEXER_GLOBAL_O,20260917,GLOBAL_O_168,9,AVAILABLE,terminal_H,clip_0_1,3850,0.13106087666435154,0.09450172061463455
0,NEW_CORE_SELECT,TIMEXER_GLOBAL_O,20260917,GLOBAL_O_168,9,AVAILABLE,path_1_to_H,raw,34650,0.14393951353301493,0.10038968621363425
0,NEW_CORE_SELECT,TIMEXER_GLOBAL_O,20260917,GLOBAL_O_168,9,AVAILABLE,path_1_to_H,clip_0_1,34650,0.14367528940357951,0.10027903599391758
0,NEW_CORE_SELECT,TIMEXER_GLOBAL_O,20260917,GLOBAL_O_168,12,AVAILABLE,terminal_H,raw,3850,0.14130094951811192,0.10065533554108885
0,NEW_CORE_SELECT,TIMEXER_GLOBAL_O,20260917,GLOBAL_O_168,12,AVAILABLE,terminal_H,clip_0_1,3850,0.1412962879681071,0.10064925321148006
0,NEW_CORE_SELECT,TIMEXER_GLOBAL_O,20260917,GLOBAL_O_168,12,AVAILABLE,path_1_to_H,raw,46200,0.1412760595499782,0.09840383536423238
0,NEW_CORE_SELECT,TIMEXER_GLOBAL_O,20260917,GLOBAL_O_168,12,AVAILABLE,path_1_to_H,clip_0_1,46200,0.14106930509325272,0.09831481331714441
5,NEW_CORE_SELECT,TIMEXER_GLOBAL_O,20260917,GLOBAL_O_168,3,AVAILABLE,terminal_H,raw,3850,0.07023754192682233,0.041607118760562174
5,NEW_CORE_SELECT,TIMEXER_GLOBAL_O,20260917,GLOBAL_O_168,3,AVAILABLE,terminal_H,clip_0_1,3850,0.07022871788808586,0.04158218346270067
5,NEW_CORE_SELECT,TIMEXER_GLOBAL_O,20260917,GLOBAL_O_168,3,AVAILABLE,path_1_to_H,raw,11550,0.0652306121139202,0.038244971563773496
5,NEW_CORE_SELECT,TIMEXER_GLOBAL_O,20260917,GLOBAL_O_168,3,AVAILABLE,path_1_to_H,clip_0_1,11550,0.06521827260896519,0.0382126536623482
5,NEW_CORE_SELECT,TIMEXER_GLOBAL_O,20260917,GLOBAL_O_168,6,AVAILABLE,terminal_H,raw,3850,0.07959593905455502,0.050412441308719
5,NEW_CORE_SELECT,TIMEXER_GLOBAL_O,20260917,GLOBAL_O_168,6,AVAILABLE,terminal_H,clip_0_1,3850,0.07959556947277867,0.050403617579828607
5,NEW_CORE_SELECT,TIMEXER_GLOBAL_O,20260917,GLOBAL_O_168,6,AVAILABLE,path_1_to_H,raw,23100,0.07077432207569616,0.04284999552416692
5,NEW_CORE_SELECT,TIMEXER_GLOBAL_O,20260917,GLOBAL_O_168,6,AVAILABLE,path_1_to_H,clip_0_1,23100,0.07076499690134522,0.04281944422559305
5,NEW_CORE_SELECT,TIMEXER_GLOBAL_O,20260917,GLOBAL_O_168,9,AVAILABLE,terminal_H,raw,3850,0.08606711212012583,0.05796398525114183
5,NEW_CORE_SELECT,TIMEXER_GLOBAL_O,20260917,GLOBAL_O_168,9,AVAILABLE,terminal_H,clip_0_1,3850,0.08606652066870006,0.05795892096185065
5,NEW_CORE_SELECT,TIMEXER_GLOBAL_O,20260917,GLOBAL_O_168,9,AVAILABLE,path_1_to_H,raw,34650,0.0767415395806624,0.04783134725173293
5,NEW_CORE_SELECT,TIMEXER_GLOBAL_O,20260917,GLOBAL_O_168,9,AVAILABLE,path_1_to_H,clip_0_1,34650,0.07673532710385926,0.04780877337781618
5,NEW_CORE_SELECT,TIMEXER_GLOBAL_O,20260917,GLOBAL_O_168,12,AVAILABLE,terminal_H,raw,3850,0.09542564941494137,0.061500483465731726
5,NEW_CORE_SELECT,TIMEXER_GLOBAL_O,20260917,GLOBAL_O_168,12,AVAILABLE,terminal_H,clip_0_1,3850,0.09538218016519932,0.061467752357848085
5,NEW_CORE_SELECT,TIMEXER_GLOBAL_O,20260917,GLOBAL_O_168,12,AVAILABLE,path_1_to_H,raw,46200,0.08083013267616325,0.05099731795287195
5,NEW_CORE_SELECT,TIMEXER_GLOBAL_O,20260917,GLOBAL_O_168,12,AVAILABLE,path_1_to_H,clip_0_1,46200,0.08082143204124273,0.05097758442517249
10,NEW_CORE_SELECT,TIMEXER_GLOBAL_O,20260917,GLOBAL_O_168,3,AVAILABLE,terminal_H,raw,3850,0.07042676104204375,0.0414909921523619
10,NEW_CORE_SELECT,TIMEXER_GLOBAL_O,20260917,GLOBAL_O_168,3,AVAILABLE,terminal_H,clip_0_1,3850,0.07041995850306577,0.04146643792146019
10,NEW_CORE_SELECT,TIMEXER_GLOBAL_O,20260917,GLOBAL_O_168,3,AVAILABLE,path_1_to_H,raw,11550,0.06449279798202302,0.03767527211251874
10,NEW_CORE_SELECT,TIMEXER_GLOBAL_O,20260917,GLOBAL_O_168,3,AVAILABLE,path_1_to_H,clip_0_1,11550,0.06448540246036297,0.0376540011683987
10,NEW_CORE_SELECT,TIMEXER_GLOBAL_O,20260917,GLOBAL_O_168,6,AVAILABLE,terminal_H,raw,3850,0.07656613993135415,0.047895958756108754
10,NEW_CORE_SELECT,TIMEXER_GLOBAL_O,20260917,GLOBAL_O_168,6,AVAILABLE,terminal_H,clip_0_1,3850,0.07655121866633706,0.04785969365787293
10,NEW_CORE_SELECT,TIMEXER_GLOBAL_O,20260917,GLOBAL_O_168,6,AVAILABLE,path_1_to_H,raw,23100,0.06927353930058804,0.0417387400684854
10,NEW_CORE_SELECT,TIMEXER_GLOBAL_O,20260917,GLOBAL_O_168,6,AVAILABLE,path_1_to_H,clip_0_1,23100,0.0692657785701081,0.041715866765047696
10,NEW_CORE_SELECT,TIMEXER_GLOBAL_O,20260917,GLOBAL_O_168,9,AVAILABLE,terminal_H,raw,3850,0.08509634649234282,0.05799630814389169
10,NEW_CORE_SELECT,TIMEXER_GLOBAL_O,20260917,GLOBAL_O_168,9,AVAILABLE,terminal_H,clip_0_1,3850,0.0850835608853772,0.05797927327768563
10,NEW_CORE_SELECT,TIMEXER_GLOBAL_O,20260917,GLOBAL_O_168,9,AVAILABLE,path_1_to_H,raw,34650,0.07408734145558146,0.045774714098786355
10,NEW_CORE_SELECT,TIMEXER_GLOBAL_O,20260917,GLOBAL_O_168,9,AVAILABLE,path_1_to_H,clip_0_1,34650,0.07407583431411524,0.04574891768370366
10,NEW_CORE_SELECT,TIMEXER_GLOBAL_O,20260917,GLOBAL_O_168,12,AVAILABLE,terminal_H,raw,3850,0.0924720721301055,0.06097063769223531
10,NEW_CORE_SELECT,TIMEXER_GLOBAL_O,20260917,GLOBAL_O_168,12,AVAILABLE,terminal_H,clip_0_1,3850,0.09247204565196303,0.060969509888174275
10,NEW_CORE_SELECT,TIMEXER_GLOBAL_O,20260917,GLOBAL_O_168,12,AVAILABLE,path_1_to_H,raw,46200,0.07843515597751867,0.04945635219374712
10,NEW_CORE_SELECT,TIMEXER_GLOBAL_O,20260917,GLOBAL_O_168,12,AVAILABLE,path_1_to_H,clip_0_1,46200,0.07842700008758045,0.04943683860918257
20,NEW_CORE_SELECT,TIMEXER_GLOBAL_O,20260917,GLOBAL_O_168,3,AVAILABLE,terminal_H,raw,3850,0.07010006678704829,0.041641238224753116
20,NEW_CORE_SELECT,TIMEXER_GLOBAL_O,20260917,GLOBAL_O_168,3,AVAILABLE,terminal_H,clip_0_1,3850,0.07009534530570055,0.04161984946276363
20,NEW_CORE_SELECT,TIMEXER_GLOBAL_O,20260917,GLOBAL_O_168,3,AVAILABLE,path_1_to_H,raw,11550,0.06322127902439761,0.036532430726091386
20,NEW_CORE_SELECT,TIMEXER_GLOBAL_O,20260917,GLOBAL_O_168,3,AVAILABLE,path_1_to_H,clip_0_1,11550,0.06321542206970697,0.036508805043229356
20,NEW_CORE_SELECT,TIMEXER_GLOBAL_O,20260917,GLOBAL_O_168,6,AVAILABLE,terminal_H,raw,3850,0.07601014441797387,0.04755628947845914
20,NEW_CORE_SELECT,TIMEXER_GLOBAL_O,20260917,GLOBAL_O_168,6,AVAILABLE,terminal_H,clip_0_1,3850,0.07591689781353415,0.04744684920827677
20,NEW_CORE_SELECT,TIMEXER_GLOBAL_O,20260917,GLOBAL_O_168,6,AVAILABLE,path_1_to_H,raw,23100,0.06818699037352305,0.04093367465552007
20,NEW_CORE_SELECT,TIMEXER_GLOBAL_O,20260917,GLOBAL_O_168,6,AVAILABLE,path_1_to_H,clip_0_1,23100,0.0681565841572983,0.04088428854355709
20,NEW_CORE_SELECT,TIMEXER_GLOBAL_O,20260917,GLOBAL_O_168,9,AVAILABLE,terminal_H,raw,3850,0.0844257891706264,0.05736427979132572
20,NEW_CORE_SELECT,TIMEXER_GLOBAL_O,20260917,GLOBAL_O_168,9,AVAILABLE,terminal_H,clip_0_1,3850,0.08437156501174285,0.05733961896946678
20,NEW_CORE_SELECT,TIMEXER_GLOBAL_O,20260917,GLOBAL_O_168,9,AVAILABLE,path_1_to_H,raw,34650,0.07321036359041563,0.04514794923865047
20,NEW_CORE_SELECT,TIMEXER_GLOBAL_O,20260917,GLOBAL_O_168,9,AVAILABLE,path_1_to_H,clip_0_1,34650,0.07315540949110426,0.04508788589113977
20,NEW_CORE_SELECT,TIMEXER_GLOBAL_O,20260917,GLOBAL_O_168,12,AVAILABLE,terminal_H,raw,3850,0.0919242936030666,0.05993581682008195
20,NEW_CORE_SELECT,TIMEXER_GLOBAL_O,20260917,GLOBAL_O_168,12,AVAILABLE,terminal_H,clip_0_1,3850,0.09191913198541807,0.05991275679223336
20,NEW_CORE_SELECT,TIMEXER_GLOBAL_O,20260917,GLOBAL_O_168,12,AVAILABLE,path_1_to_H,raw,46200,0.07764433740645764,0.048677581654926076
20,NEW_CORE_SELECT,TIMEXER_GLOBAL_O,20260917,GLOBAL_O_168,12,AVAILABLE,path_1_to_H,clip_0_1,46200,0.07760495015626903,0.048630322990576166
40,NEW_CORE_SELECT,TIMEXER_GLOBAL_O,20260917,GLOBAL_O_168,3,AVAILABLE,terminal_H,raw,3850,0.07020845177186485,0.04181109289965266
40,NEW_CORE_SELECT,TIMEXER_GLOBAL_O,20260917,GLOBAL_O_168,3,AVAILABLE,terminal_H,clip_0_1,3850,0.07020768517559958,0.041805400497388914
40,NEW_CORE_SELECT,TIMEXER_GLOBAL_O,20260917,GLOBAL_O_168,3,AVAILABLE,path_1_to_H,raw,11550,0.06295214400262228,0.03669114871224735
40,NEW_CORE_SELECT,TIMEXER_GLOBAL_O,20260917,GLOBAL_O_168,3,AVAILABLE,path_1_to_H,clip_0_1,11550,0.06295171114819102,0.03668694374776441
40,NEW_CORE_SELECT,TIMEXER_GLOBAL_O,20260917,GLOBAL_O_168,6,AVAILABLE,terminal_H,raw,3850,0.07572611147299012,0.04759423368041972
40,NEW_CORE_SELECT,TIMEXER_GLOBAL_O,20260917,GLOBAL_O_168,6,AVAILABLE,terminal_H,clip_0_1,3850,0.07568695360084435,0.04752556336269557
40,NEW_CORE_SELECT,TIMEXER_GLOBAL_O,20260917,GLOBAL_O_168,6,AVAILABLE,path_1_to_H,raw,23100,0.06793942234385213,0.040989962883850005
40,NEW_CORE_SELECT,TIMEXER_GLOBAL_O,20260917,GLOBAL_O_168,6,AVAILABLE,path_1_to_H,clip_0_1,23100,0.067924830204227,0.04096161075924156
40,NEW_CORE_SELECT,TIMEXER_GLOBAL_O,20260917,GLOBAL_O_168,9,AVAILABLE,terminal_H,raw,3850,0.0837323750274379,0.056769902770734064
40,NEW_CORE_SELECT,TIMEXER_GLOBAL_O,20260917,GLOBAL_O_168,9,AVAILABLE,terminal_H,clip_0_1,3850,0.08369839597877772,0.05675125241545694
40,NEW_CORE_SELECT,TIMEXER_GLOBAL_O,20260917,GLOBAL_O_168,9,AVAILABLE,path_1_to_H,raw,34650,0.0729057751043736,0.045130194118797436
40,NEW_CORE_SELECT,TIMEXER_GLOBAL_O,20260917,GLOBAL_O_168,9,AVAILABLE,path_1_to_H,clip_0_1,34650,0.07287954482979174,0.04509696677397039
40,NEW_CORE_SELECT,TIMEXER_GLOBAL_O,20260917,GLOBAL_O_168,12,AVAILABLE,terminal_H,raw,3850,0.09135697282637578,0.05973100585742043
40,NEW_CORE_SELECT,TIMEXER_GLOBAL_O,20260917,GLOBAL_O_168,12,AVAILABLE,terminal_H,clip_0_1,3850,0.0912835647151317,0.05963316703723236
40,NEW_CORE_SELECT,TIMEXER_GLOBAL_O,20260917,GLOBAL_O_168,12,AVAILABLE,path_1_to_H,raw,46200,0.07724612863815498,0.04855916796102958
40,NEW_CORE_SELECT,TIMEXER_GLOBAL_O,20260917,GLOBAL_O_168,12,AVAILABLE,path_1_to_H,clip_0_1,46200,0.07721524795442761,0.04852187121250703
