seed,candidate,reference,horizon,target_scope,postprocess,origin,mae_gain,mse_gain
20260915,P_FWD_BC,BASE_OD,3,terminal_H,raw,1392,0.0,0.0
20260915,P_FWD_BC,BASE_OD,3,terminal_H,raw,1404,0.0,0.0
20260915,P_FWD_BC,BASE_OD,3,terminal_H,raw,1416,0.0,0.0
20260915,P_FWD_BC,BASE_OD,3,terminal_H,raw,1428,0.0,0.0
20260915,P_FWD_BC,BASE_OD,3,terminal_H,raw,1440,0.0,0.0
20260915,P_FWD_BC,BASE_OD,3,terminal_H,raw,1452,0.0,0.0
20260915,P_FWD_BC,BASE_OD,3,terminal_H,raw,1464,0.0,0.0
20260915,P_FWD_BC,BASE_OD,3,terminal_H,raw,1476,0.0,0.0
20260915,P_FWD_BC,BASE_OD,3,terminal_H,raw,1488,0.0,0.0
20260915,P_FWD_BC,BASE_OD,3,terminal_H,raw,1500,0.0,0.0
20260915,P_FWD_BC,BASE_OD,3,terminal_H,raw,1512,0.0,0.0
20260915,P_FWD_BC,BASE_OD,3,terminal_H,raw,1524,0.0,0.0
20260915,P_FWD_BC,BASE_OD,3,terminal_H,raw,1536,0.0,0.0
20260915,P_FWD_BC,BASE_OD,3,terminal_H,raw,1548,0.0,0.0
20260915,P_FWD_BC,BASE_OD,3,terminal_H,clip_0_1,1392,0.0,0.0
20260915,P_FWD_BC,BASE_OD,3,terminal_H,clip_0_1,1404,0.0,0.0
20260915,P_FWD_BC,BASE_OD,3,terminal_H,clip_0_1,1416,0.0,0.0
20260915,P_FWD_BC,BASE_OD,3,terminal_H,clip_0_1,1428,0.0,0.0
20260915,P_FWD_BC,BASE_OD,3,terminal_H,clip_0_1,1440,0.0,0.0
20260915,P_FWD_BC,BASE_OD,3,terminal_H,clip_0_1,1452,0.0,0.0
20260915,P_FWD_BC,BASE_OD,3,terminal_H,clip_0_1,1464,0.0,0.0
20260915,P_FWD_BC,BASE_OD,3,terminal_H,clip_0_1,1476,0.0,0.0
20260915,P_FWD_BC,BASE_OD,3,terminal_H,clip_0_1,1488,0.0,0.0
20260915,P_FWD_BC,BASE_OD,3,terminal_H,clip_0_1,1500,0.0,0.0
20260915,P_FWD_BC,BASE_OD,3,terminal_H,clip_0_1,1512,0.0,0.0
20260915,P_FWD_BC,BASE_OD,3,terminal_H,clip_0_1,1524,0.0,0.0
20260915,P_FWD_BC,BASE_OD,3,terminal_H,clip_0_1,1536,0.0,0.0
20260915,P_FWD_BC,BASE_OD,3,terminal_H,clip_0_1,1548,0.0,0.0
20260915,P_FWD_BC,BASE_OD,3,path_1_to_H,raw,1392,0.0,0.0
20260915,P_FWD_BC,BASE_OD,3,path_1_to_H,raw,1404,0.0,0.0
20260915,P_FWD_BC,BASE_OD,3,path_1_to_H,raw,1416,0.0,0.0
20260915,P_FWD_BC,BASE_OD,3,path_1_to_H,raw,1428,0.0,0.0
20260915,P_FWD_BC,BASE_OD,3,path_1_to_H,raw,1440,0.0,0.0
20260915,P_FWD_BC,BASE_OD,3,path_1_to_H,raw,1452,0.0,0.0
20260915,P_FWD_BC,BASE_OD,3,path_1_to_H,raw,1464,0.0,0.0
20260915,P_FWD_BC,BASE_OD,3,path_1_to_H,raw,1476,0.0,0.0
20260915,P_FWD_BC,BASE_OD,3,path_1_to_H,raw,1488,0.0,0.0
20260915,P_FWD_BC,BASE_OD,3,path_1_to_H,raw,1500,0.0,0.0
20260915,P_FWD_BC,BASE_OD,3,path_1_to_H,raw,1512,0.0,0.0
20260915,P_FWD_BC,BASE_OD,3,path_1_to_H,raw,1524,0.0,0.0
20260915,P_FWD_BC,BASE_OD,3,path_1_to_H,raw,1536,0.0,0.0
20260915,P_FWD_BC,BASE_OD,3,path_1_to_H,raw,1548,0.0,0.0
20260915,P_FWD_BC,BASE_OD,3,path_1_to_H,clip_0_1,1392,0.0,0.0
20260915,P_FWD_BC,BASE_OD,3,path_1_to_H,clip_0_1,1404,0.0,0.0
20260915,P_FWD_BC,BASE_OD,3,path_1_to_H,clip_0_1,1416,0.0,0.0
20260915,P_FWD_BC,BASE_OD,3,path_1_to_H,clip_0_1,1428,0.0,0.0
20260915,P_FWD_BC,BASE_OD,3,path_1_to_H,clip_0_1,1440,0.0,0.0
20260915,P_FWD_BC,BASE_OD,3,path_1_to_H,clip_0_1,1452,0.0,0.0
20260915,P_FWD_BC,BASE_OD,3,path_1_to_H,clip_0_1,1464,0.0,0.0
20260915,P_FWD_BC,BASE_OD,3,path_1_to_H,clip_0_1,1476,0.0,0.0
20260915,P_FWD_BC,BASE_OD,3,path_1_to_H,clip_0_1,1488,0.0,0.0
20260915,P_FWD_BC,BASE_OD,3,path_1_to_H,clip_0_1,1500,0.0,0.0
20260915,P_FWD_BC,BASE_OD,3,path_1_to_H,clip_0_1,1512,0.0,0.0
20260915,P_FWD_BC,BASE_OD,3,path_1_to_H,clip_0_1,1524,0.0,0.0
20260915,P_FWD_BC,BASE_OD,3,path_1_to_H,clip_0_1,1536,0.0,0.0
20260915,P_FWD_BC,BASE_OD,3,path_1_to_H,clip_0_1,1548,0.0,0.0
20260915,P_FWD_BC,BASE_OD,6,terminal_H,raw,1392,0.0,0.0
20260915,P_FWD_BC,BASE_OD,6,terminal_H,raw,1404,0.0,0.0
20260915,P_FWD_BC,BASE_OD,6,terminal_H,raw,1416,0.0,0.0
20260915,P_FWD_BC,BASE_OD,6,terminal_H,raw,1428,0.0,0.0
20260915,P_FWD_BC,BASE_OD,6,terminal_H,raw,1440,0.0,0.0
20260915,P_FWD_BC,BASE_OD,6,terminal_H,raw,1452,0.0,0.0
20260915,P_FWD_BC,BASE_OD,6,terminal_H,raw,1464,0.0,0.0
20260915,P_FWD_BC,BASE_OD,6,terminal_H,raw,1476,0.0,0.0
20260915,P_FWD_BC,BASE_OD,6,terminal_H,raw,1488,0.0,0.0
20260915,P_FWD_BC,BASE_OD,6,terminal_H,raw,1500,0.0,0.0
20260915,P_FWD_BC,BASE_OD,6,terminal_H,raw,1512,0.0,0.0
20260915,P_FWD_BC,BASE_OD,6,terminal_H,raw,1524,0.0,0.0
20260915,P_FWD_BC,BASE_OD,6,terminal_H,raw,1536,0.0,0.0
20260915,P_FWD_BC,BASE_OD,6,terminal_H,raw,1548,0.0,0.0
20260915,P_FWD_BC,BASE_OD,6,terminal_H,clip_0_1,1392,0.0,0.0
20260915,P_FWD_BC,BASE_OD,6,terminal_H,clip_0_1,1404,0.0,0.0
20260915,P_FWD_BC,BASE_OD,6,terminal_H,clip_0_1,1416,0.0,0.0
20260915,P_FWD_BC,BASE_OD,6,terminal_H,clip_0_1,1428,0.0,0.0
20260915,P_FWD_BC,BASE_OD,6,terminal_H,clip_0_1,1440,0.0,0.0
20260915,P_FWD_BC,BASE_OD,6,terminal_H,clip_0_1,1452,0.0,0.0
20260915,P_FWD_BC,BASE_OD,6,terminal_H,clip_0_1,1464,0.0,0.0
20260915,P_FWD_BC,BASE_OD,6,terminal_H,clip_0_1,1476,0.0,0.0
20260915,P_FWD_BC,BASE_OD,6,terminal_H,clip_0_1,1488,0.0,0.0
20260915,P_FWD_BC,BASE_OD,6,terminal_H,clip_0_1,1500,0.0,0.0
20260915,P_FWD_BC,BASE_OD,6,terminal_H,clip_0_1,1512,0.0,0.0
20260915,P_FWD_BC,BASE_OD,6,terminal_H,clip_0_1,1524,0.0,0.0
20260915,P_FWD_BC,BASE_OD,6,terminal_H,clip_0_1,1536,0.0,0.0
20260915,P_FWD_BC,BASE_OD,6,terminal_H,clip_0_1,1548,0.0,0.0
20260915,P_FWD_BC,BASE_OD,6,path_1_to_H,raw,1392,0.0,0.0
20260915,P_FWD_BC,BASE_OD,6,path_1_to_H,raw,1404,0.0,0.0
20260915,P_FWD_BC,BASE_OD,6,path_1_to_H,raw,1416,0.0,0.0
20260915,P_FWD_BC,BASE_OD,6,path_1_to_H,raw,1428,0.0,0.0
20260915,P_FWD_BC,BASE_OD,6,path_1_to_H,raw,1440,0.0,0.0
20260915,P_FWD_BC,BASE_OD,6,path_1_to_H,raw,1452,0.0,0.0
20260915,P_FWD_BC,BASE_OD,6,path_1_to_H,raw,1464,0.0,0.0
20260915,P_FWD_BC,BASE_OD,6,path_1_to_H,raw,1476,0.0,0.0
20260915,P_FWD_BC,BASE_OD,6,path_1_to_H,raw,1488,0.0,0.0
20260915,P_FWD_BC,BASE_OD,6,path_1_to_H,raw,1500,0.0,0.0
20260915,P_FWD_BC,BASE_OD,6,path_1_to_H,raw,1512,0.0,0.0
20260915,P_FWD_BC,BASE_OD,6,path_1_to_H,raw,1524,0.0,0.0
20260915,P_FWD_BC,BASE_OD,6,path_1_to_H,raw,1536,0.0,0.0
20260915,P_FWD_BC,BASE_OD,6,path_1_to_H,raw,1548,0.0,0.0
20260915,P_FWD_BC,BASE_OD,6,path_1_to_H,clip_0_1,1392,0.0,0.0
20260915,P_FWD_BC,BASE_OD,6,path_1_to_H,clip_0_1,1404,0.0,0.0
20260915,P_FWD_BC,BASE_OD,6,path_1_to_H,clip_0_1,1416,0.0,0.0
20260915,P_FWD_BC,BASE_OD,6,path_1_to_H,clip_0_1,1428,0.0,0.0
20260915,P_FWD_BC,BASE_OD,6,path_1_to_H,clip_0_1,1440,0.0,0.0
20260915,P_FWD_BC,BASE_OD,6,path_1_to_H,clip_0_1,1452,0.0,0.0
20260915,P_FWD_BC,BASE_OD,6,path_1_to_H,clip_0_1,1464,0.0,0.0
20260915,P_FWD_BC,BASE_OD,6,path_1_to_H,clip_0_1,1476,0.0,0.0
20260915,P_FWD_BC,BASE_OD,6,path_1_to_H,clip_0_1,1488,0.0,0.0
20260915,P_FWD_BC,BASE_OD,6,path_1_to_H,clip_0_1,1500,0.0,0.0
20260915,P_FWD_BC,BASE_OD,6,path_1_to_H,clip_0_1,1512,0.0,0.0
20260915,P_FWD_BC,BASE_OD,6,path_1_to_H,clip_0_1,1524,0.0,0.0
20260915,P_FWD_BC,BASE_OD,6,path_1_to_H,clip_0_1,1536,0.0,0.0
20260915,P_FWD_BC,BASE_OD,6,path_1_to_H,clip_0_1,1548,0.0,0.0
20260915,P_FWD_BC,BASE_OD,9,terminal_H,raw,1392,0.0,0.0
20260915,P_FWD_BC,BASE_OD,9,terminal_H,raw,1404,0.0,0.0
20260915,P_FWD_BC,BASE_OD,9,terminal_H,raw,1416,0.0,0.0
20260915,P_FWD_BC,BASE_OD,9,terminal_H,raw,1428,0.0,0.0
20260915,P_FWD_BC,BASE_OD,9,terminal_H,raw,1440,0.0,0.0
20260915,P_FWD_BC,BASE_OD,9,terminal_H,raw,1452,0.0,0.0
20260915,P_FWD_BC,BASE_OD,9,terminal_H,raw,1464,0.0,0.0
20260915,P_FWD_BC,BASE_OD,9,terminal_H,raw,1476,0.0,0.0
20260915,P_FWD_BC,BASE_OD,9,terminal_H,raw,1488,0.0,0.0
20260915,P_FWD_BC,BASE_OD,9,terminal_H,raw,1500,0.0,0.0
20260915,P_FWD_BC,BASE_OD,9,terminal_H,raw,1512,0.0,0.0
20260915,P_FWD_BC,BASE_OD,9,terminal_H,raw,1524,0.0,0.0
20260915,P_FWD_BC,BASE_OD,9,terminal_H,raw,1536,0.0,0.0
20260915,P_FWD_BC,BASE_OD,9,terminal_H,raw,1548,0.0,0.0
20260915,P_FWD_BC,BASE_OD,9,terminal_H,clip_0_1,1392,0.0,0.0
20260915,P_FWD_BC,BASE_OD,9,terminal_H,clip_0_1,1404,0.0,0.0
20260915,P_FWD_BC,BASE_OD,9,terminal_H,clip_0_1,1416,0.0,0.0
20260915,P_FWD_BC,BASE_OD,9,terminal_H,clip_0_1,1428,0.0,0.0
20260915,P_FWD_BC,BASE_OD,9,terminal_H,clip_0_1,1440,0.0,0.0
20260915,P_FWD_BC,BASE_OD,9,terminal_H,clip_0_1,1452,0.0,0.0
20260915,P_FWD_BC,BASE_OD,9,terminal_H,clip_0_1,1464,0.0,0.0
20260915,P_FWD_BC,BASE_OD,9,terminal_H,clip_0_1,1476,0.0,0.0
20260915,P_FWD_BC,BASE_OD,9,terminal_H,clip_0_1,1488,0.0,0.0
20260915,P_FWD_BC,BASE_OD,9,terminal_H,clip_0_1,1500,0.0,0.0
20260915,P_FWD_BC,BASE_OD,9,terminal_H,clip_0_1,1512,0.0,0.0
20260915,P_FWD_BC,BASE_OD,9,terminal_H,clip_0_1,1524,0.0,0.0
20260915,P_FWD_BC,BASE_OD,9,terminal_H,clip_0_1,1536,0.0,0.0
20260915,P_FWD_BC,BASE_OD,9,terminal_H,clip_0_1,1548,0.0,0.0
20260915,P_FWD_BC,BASE_OD,9,path_1_to_H,raw,1392,0.0,0.0
20260915,P_FWD_BC,BASE_OD,9,path_1_to_H,raw,1404,0.0,0.0
20260915,P_FWD_BC,BASE_OD,9,path_1_to_H,raw,1416,0.0,0.0
20260915,P_FWD_BC,BASE_OD,9,path_1_to_H,raw,1428,0.0,0.0
20260915,P_FWD_BC,BASE_OD,9,path_1_to_H,raw,1440,0.0,0.0
20260915,P_FWD_BC,BASE_OD,9,path_1_to_H,raw,1452,0.0,0.0
20260915,P_FWD_BC,BASE_OD,9,path_1_to_H,raw,1464,0.0,0.0
20260915,P_FWD_BC,BASE_OD,9,path_1_to_H,raw,1476,0.0,0.0
20260915,P_FWD_BC,BASE_OD,9,path_1_to_H,raw,1488,0.0,0.0
20260915,P_FWD_BC,BASE_OD,9,path_1_to_H,raw,1500,0.0,0.0
20260915,P_FWD_BC,BASE_OD,9,path_1_to_H,raw,1512,0.0,0.0
20260915,P_FWD_BC,BASE_OD,9,path_1_to_H,raw,1524,0.0,0.0
20260915,P_FWD_BC,BASE_OD,9,path_1_to_H,raw,1536,0.0,0.0
20260915,P_FWD_BC,BASE_OD,9,path_1_to_H,raw,1548,0.0,0.0
20260915,P_FWD_BC,BASE_OD,9,path_1_to_H,clip_0_1,1392,0.0,0.0
20260915,P_FWD_BC,BASE_OD,9,path_1_to_H,clip_0_1,1404,0.0,0.0
20260915,P_FWD_BC,BASE_OD,9,path_1_to_H,clip_0_1,1416,0.0,0.0
20260915,P_FWD_BC,BASE_OD,9,path_1_to_H,clip_0_1,1428,0.0,0.0
20260915,P_FWD_BC,BASE_OD,9,path_1_to_H,clip_0_1,1440,0.0,0.0
20260915,P_FWD_BC,BASE_OD,9,path_1_to_H,clip_0_1,1452,0.0,0.0
20260915,P_FWD_BC,BASE_OD,9,path_1_to_H,clip_0_1,1464,0.0,0.0
20260915,P_FWD_BC,BASE_OD,9,path_1_to_H,clip_0_1,1476,0.0,0.0
20260915,P_FWD_BC,BASE_OD,9,path_1_to_H,clip_0_1,1488,0.0,0.0
20260915,P_FWD_BC,BASE_OD,9,path_1_to_H,clip_0_1,1500,0.0,0.0
20260915,P_FWD_BC,BASE_OD,9,path_1_to_H,clip_0_1,1512,0.0,0.0
20260915,P_FWD_BC,BASE_OD,9,path_1_to_H,clip_0_1,1524,0.0,0.0
20260915,P_FWD_BC,BASE_OD,9,path_1_to_H,clip_0_1,1536,0.0,0.0
20260915,P_FWD_BC,BASE_OD,9,path_1_to_H,clip_0_1,1548,0.0,0.0
20260915,P_FWD_BC,BASE_OD,12,terminal_H,raw,1392,0.0,0.0
20260915,P_FWD_BC,BASE_OD,12,terminal_H,raw,1404,0.0,0.0
20260915,P_FWD_BC,BASE_OD,12,terminal_H,raw,1416,0.0,0.0
20260915,P_FWD_BC,BASE_OD,12,terminal_H,raw,1428,0.0,0.0
20260915,P_FWD_BC,BASE_OD,12,terminal_H,raw,1440,0.0,0.0
20260915,P_FWD_BC,BASE_OD,12,terminal_H,raw,1452,0.0,0.0
20260915,P_FWD_BC,BASE_OD,12,terminal_H,raw,1464,0.0,0.0
20260915,P_FWD_BC,BASE_OD,12,terminal_H,raw,1476,0.0,0.0
20260915,P_FWD_BC,BASE_OD,12,terminal_H,raw,1488,0.0,0.0
20260915,P_FWD_BC,BASE_OD,12,terminal_H,raw,1500,0.0,0.0
20260915,P_FWD_BC,BASE_OD,12,terminal_H,raw,1512,0.0,0.0
20260915,P_FWD_BC,BASE_OD,12,terminal_H,raw,1524,0.0,0.0
20260915,P_FWD_BC,BASE_OD,12,terminal_H,raw,1536,0.0,0.0
20260915,P_FWD_BC,BASE_OD,12,terminal_H,raw,1548,0.0,0.0
20260915,P_FWD_BC,BASE_OD,12,terminal_H,clip_0_1,1392,0.0,0.0
20260915,P_FWD_BC,BASE_OD,12,terminal_H,clip_0_1,1404,0.0,0.0
20260915,P_FWD_BC,BASE_OD,12,terminal_H,clip_0_1,1416,0.0,0.0
20260915,P_FWD_BC,BASE_OD,12,terminal_H,clip_0_1,1428,0.0,0.0
20260915,P_FWD_BC,BASE_OD,12,terminal_H,clip_0_1,1440,0.0,0.0
20260915,P_FWD_BC,BASE_OD,12,terminal_H,clip_0_1,1452,0.0,0.0
20260915,P_FWD_BC,BASE_OD,12,terminal_H,clip_0_1,1464,0.0,0.0
20260915,P_FWD_BC,BASE_OD,12,terminal_H,clip_0_1,1476,0.0,0.0
20260915,P_FWD_BC,BASE_OD,12,terminal_H,clip_0_1,1488,0.0,0.0
20260915,P_FWD_BC,BASE_OD,12,terminal_H,clip_0_1,1500,0.0,0.0
20260915,P_FWD_BC,BASE_OD,12,terminal_H,clip_0_1,1512,0.0,0.0
20260915,P_FWD_BC,BASE_OD,12,terminal_H,clip_0_1,1524,0.0,0.0
20260915,P_FWD_BC,BASE_OD,12,terminal_H,clip_0_1,1536,0.0,0.0
20260915,P_FWD_BC,BASE_OD,12,terminal_H,clip_0_1,1548,0.0,0.0
20260915,P_FWD_BC,BASE_OD,12,path_1_to_H,raw,1392,0.0,0.0
20260915,P_FWD_BC,BASE_OD,12,path_1_to_H,raw,1404,0.0,0.0
20260915,P_FWD_BC,BASE_OD,12,path_1_to_H,raw,1416,0.0,0.0
20260915,P_FWD_BC,BASE_OD,12,path_1_to_H,raw,1428,0.0,0.0
20260915,P_FWD_BC,BASE_OD,12,path_1_to_H,raw,1440,0.0,0.0
20260915,P_FWD_BC,BASE_OD,12,path_1_to_H,raw,1452,0.0,0.0
20260915,P_FWD_BC,BASE_OD,12,path_1_to_H,raw,1464,0.0,0.0
20260915,P_FWD_BC,BASE_OD,12,path_1_to_H,raw,1476,0.0,0.0
20260915,P_FWD_BC,BASE_OD,12,path_1_to_H,raw,1488,0.0,0.0
20260915,P_FWD_BC,BASE_OD,12,path_1_to_H,raw,1500,0.0,0.0
20260915,P_FWD_BC,BASE_OD,12,path_1_to_H,raw,1512,0.0,0.0
20260915,P_FWD_BC,BASE_OD,12,path_1_to_H,raw,1524,0.0,0.0
20260915,P_FWD_BC,BASE_OD,12,path_1_to_H,raw,1536,0.0,0.0
20260915,P_FWD_BC,BASE_OD,12,path_1_to_H,raw,1548,0.0,0.0
20260915,P_FWD_BC,BASE_OD,12,path_1_to_H,clip_0_1,1392,0.0,0.0
20260915,P_FWD_BC,BASE_OD,12,path_1_to_H,clip_0_1,1404,0.0,0.0
20260915,P_FWD_BC,BASE_OD,12,path_1_to_H,clip_0_1,1416,0.0,0.0
20260915,P_FWD_BC,BASE_OD,12,path_1_to_H,clip_0_1,1428,0.0,0.0
20260915,P_FWD_BC,BASE_OD,12,path_1_to_H,clip_0_1,1440,0.0,0.0
20260915,P_FWD_BC,BASE_OD,12,path_1_to_H,clip_0_1,1452,0.0,0.0
20260915,P_FWD_BC,BASE_OD,12,path_1_to_H,clip_0_1,1464,0.0,0.0
20260915,P_FWD_BC,BASE_OD,12,path_1_to_H,clip_0_1,1476,0.0,0.0
20260915,P_FWD_BC,BASE_OD,12,path_1_to_H,clip_0_1,1488,0.0,0.0
20260915,P_FWD_BC,BASE_OD,12,path_1_to_H,clip_0_1,1500,0.0,0.0
20260915,P_FWD_BC,BASE_OD,12,path_1_to_H,clip_0_1,1512,0.0,0.0
20260915,P_FWD_BC,BASE_OD,12,path_1_to_H,clip_0_1,1524,0.0,0.0
20260915,P_FWD_BC,BASE_OD,12,path_1_to_H,clip_0_1,1536,0.0,0.0
20260915,P_FWD_BC,BASE_OD,12,path_1_to_H,clip_0_1,1548,0.0,0.0
20260915,P_FWD_BC,P_IS_BC,3,terminal_H,raw,1392,-0.003934993588240064,-0.0004889345887207437
20260915,P_FWD_BC,P_IS_BC,3,terminal_H,raw,1404,0.00468250278368597,0.00032769229523085553
20260915,P_FWD_BC,P_IS_BC,3,terminal_H,raw,1416,0.0007033718765205985,-7.315825837247965e-05
20260915,P_FWD_BC,P_IS_BC,3,terminal_H,raw,1428,0.005124572832792128,0.0004311527063484175
20260915,P_FWD_BC,P_IS_BC,3,terminal_H,raw,1440,-0.002273381806312248,-8.990721457509336e-05
20260915,P_FWD_BC,P_IS_BC,3,terminal_H,raw,1452,0.0027769014622593584,0.00024194375434339832
20260915,P_FWD_BC,P_IS_BC,3,terminal_H,raw,1464,-0.00552442324425419,-0.004578795199909883
20260915,P_FWD_BC,P_IS_BC,3,terminal_H,raw,1476,0.009548382981299198,0.0024929608467318637
20260915,P_FWD_BC,P_IS_BC,3,terminal_H,raw,1488,-0.006771212322186055,-0.00022177773234275812
20260915,P_FWD_BC,P_IS_BC,3,terminal_H,raw,1500,-0.002515282506057623,-0.00016890183617283966
20260915,P_FWD_BC,P_IS_BC,3,terminal_H,raw,1512,0.005922524725479126,0.0019928043518610706
20260915,P_FWD_BC,P_IS_BC,3,terminal_H,raw,1524,0.009841287790786787,0.0021401888467025435
20260915,P_FWD_BC,P_IS_BC,3,terminal_H,raw,1536,0.0013369108909927938,0.000257148765486777
20260915,P_FWD_BC,P_IS_BC,3,terminal_H,raw,1548,-0.0010683734852775268,0.00012576459455914603
20260915,P_FWD_BC,P_IS_BC,3,terminal_H,clip_0_1,1392,-0.004113911303826599,-0.0004993364207413623
20260915,P_FWD_BC,P_IS_BC,3,terminal_H,clip_0_1,1404,0.00468250278368597,0.00032769229523085553
20260915,P_FWD_BC,P_IS_BC,3,terminal_H,clip_0_1,1416,0.0007120069745929615,-7.313775301983186e-05
20260915,P_FWD_BC,P_IS_BC,3,terminal_H,clip_0_1,1428,0.005124572832792128,0.0004311527063484175
20260915,P_FWD_BC,P_IS_BC,3,terminal_H,clip_0_1,1440,-0.0023374544708118588,-9.19652730635463e-05
20260915,P_FWD_BC,P_IS_BC,3,terminal_H,clip_0_1,1452,0.0027756894168266314,0.00024185458264587678
20260915,P_FWD_BC,P_IS_BC,3,terminal_H,clip_0_1,1464,-0.005596820406209847,-0.004582527752168054
20260915,P_FWD_BC,P_IS_BC,3,terminal_H,clip_0_1,1476,0.009562154036084231,0.002493200822955972
20260915,P_FWD_BC,P_IS_BC,3,terminal_H,clip_0_1,1488,-0.006903524037804747,-0.00022296764284853544
20260915,P_FWD_BC,P_IS_BC,3,terminal_H,clip_0_1,1500,-0.002563632005789726,-0.0001808596761726527
20260915,P_FWD_BC,P_IS_BC,3,terminal_H,clip_0_1,1512,0.005502343178348905,0.0018692635196944215
20260915,P_FWD_BC,P_IS_BC,3,terminal_H,clip_0_1,1524,0.009841287790786787,0.0021401888467025435
20260915,P_FWD_BC,P_IS_BC,3,terminal_H,clip_0_1,1536,0.0013369108909927938,0.000257148765486777
20260915,P_FWD_BC,P_IS_BC,3,terminal_H,clip_0_1,1548,-0.0010683734852775268,0.00012576459455914603
20260915,P_FWD_BC,P_IS_BC,3,path_1_to_H,raw,1392,-0.0015025194997984864,-0.0002779031543070017
20260915,P_FWD_BC,P_IS_BC,3,path_1_to_H,raw,1404,0.0038511421569374328,0.0002953474319335844
20260915,P_FWD_BC,P_IS_BC,3,path_1_to_H,raw,1416,0.0002653957739919494,-4.907980282033986e-05
20260915,P_FWD_BC,P_IS_BC,3,path_1_to_H,raw,1428,0.003124492439574301,0.00023267229883781963
20260915,P_FWD_BC,P_IS_BC,3,path_1_to_H,raw,1440,-0.0001698278992628075,-3.636708327516987e-06
20260915,P_FWD_BC,P_IS_BC,3,path_1_to_H,raw,1452,0.0021259353112181886,0.00018070944461966146
20260915,P_FWD_BC,P_IS_BC,3,path_1_to_H,raw,1464,-0.004652460872851783,-0.0035094769829910615
20260915,P_FWD_BC,P_IS_BC,3,path_1_to_H,raw,1476,0.008297619982107748,0.0016801843722514267
20260915,P_FWD_BC,P_IS_BC,3,path_1_to_H,raw,1488,-0.00466736626838713,-0.00033509283250429304
20260915,P_FWD_BC,P_IS_BC,3,path_1_to_H,raw,1500,-0.002437819342018152,-0.0002434843534221405
20260915,P_FWD_BC,P_IS_BC,3,path_1_to_H,raw,1512,0.0036960409428853378,0.0011662337055786459
20260915,P_FWD_BC,P_IS_BC,3,path_1_to_H,raw,1524,0.005630722603938733,0.0011404625158331712
20260915,P_FWD_BC,P_IS_BC,3,path_1_to_H,raw,1536,0.0017420572991609213,0.000331994638923144
20260915,P_FWD_BC,P_IS_BC,3,path_1_to_H,raw,1548,-0.0008528841318077868,-6.815660264934205e-05
20260915,P_FWD_BC,P_IS_BC,3,path_1_to_H,clip_0_1,1392,-0.0016640529766952757,-0.00028922957978816925
20260915,P_FWD_BC,P_IS_BC,3,path_1_to_H,clip_0_1,1404,0.0038336409744471815,0.00029521185727101386
20260915,P_FWD_BC,P_IS_BC,3,path_1_to_H,clip_0_1,1416,0.000283829297335232,-4.891326269025578e-05
20260915,P_FWD_BC,P_IS_BC,3,path_1_to_H,clip_0_1,1428,0.0031081810844336088,0.000232563545926434
20260915,P_FWD_BC,P_IS_BC,3,path_1_to_H,clip_0_1,1440,-0.00021874665569159412,-4.884476660952198e-06
20260915,P_FWD_BC,P_IS_BC,3,path_1_to_H,clip_0_1,1452,0.0021363083758941604,0.0001807931802022872
20260915,P_FWD_BC,P_IS_BC,3,path_1_to_H,clip_0_1,1464,-0.004712593910306911,-0.0035118028220596288
20260915,P_FWD_BC,P_IS_BC,3,path_1_to_H,clip_0_1,1476,0.00829730289007636,0.001680074547335835
20260915,P_FWD_BC,P_IS_BC,3,path_1_to_H,clip_0_1,1488,-0.00501942119099602,-0.00033823382009873394
20260915,P_FWD_BC,P_IS_BC,3,path_1_to_H,clip_0_1,1500,-0.0024866166507284612,-0.00024756720077423754
20260915,P_FWD_BC,P_IS_BC,3,path_1_to_H,clip_0_1,1512,0.0031117581045594363,0.0010577901581008211
20260915,P_FWD_BC,P_IS_BC,3,path_1_to_H,clip_0_1,1524,0.005634282074418005,0.0011405375735371484
20260915,P_FWD_BC,P_IS_BC,3,path_1_to_H,clip_0_1,1536,0.0017420572991609213,0.000331994638923144
20260915,P_FWD_BC,P_IS_BC,3,path_1_to_H,clip_0_1,1548,-0.0008528841318077868,-6.815660264934205e-05
20260915,P_FWD_BC,P_IS_BC,6,terminal_H,raw,1392,-0.00269374659262344,-0.0005156583031890381
20260915,P_FWD_BC,P_IS_BC,6,terminal_H,raw,1404,0.007525243841100582,0.0010633837281390738
20260915,P_FWD_BC,P_IS_BC,6,terminal_H,raw,1416,0.0055926557915488605,0.000570537204319748
20260915,P_FWD_BC,P_IS_BC,6,terminal_H,raw,1428,0.005693477808297502,0.0005292573817329246
20260915,P_FWD_BC,P_IS_BC,6,terminal_H,raw,1440,0.003024760027479296,0.00048623927095495576
20260915,P_FWD_BC,P_IS_BC,6,terminal_H,raw,1452,0.0003156752001899592,0.00024216097280588654
20260915,P_FWD_BC,P_IS_BC,6,terminal_H,raw,1464,-0.007174880765747011,-0.00517262445932189
20260915,P_FWD_BC,P_IS_BC,6,terminal_H,raw,1476,0.01286106080145255,0.0037593885854895815
20260915,P_FWD_BC,P_IS_BC,6,terminal_H,raw,1488,-0.002271730079262102,0.0004176788489456853
20260915,P_FWD_BC,P_IS_BC,6,terminal_H,raw,1500,-0.0015924484694892628,-0.0002868552504983216
20260915,P_FWD_BC,P_IS_BC,6,terminal_H,raw,1512,0.005055174441334757,0.0021139405151052917
20260915,P_FWD_BC,P_IS_BC,6,terminal_H,raw,1524,0.019480128263520743,0.006123145711045458
20260915,P_FWD_BC,P_IS_BC,6,terminal_H,raw,1536,0.010533491500759554,0.0025104174964838944
20260915,P_FWD_BC,P_IS_BC,6,terminal_H,raw,1548,-0.0030035989809952214,-0.0008203251647525132
20260915,P_FWD_BC,P_IS_BC,6,terminal_H,clip_0_1,1392,-0.0029168226599329177,-0.0005271516110173208
20260915,P_FWD_BC,P_IS_BC,6,terminal_H,clip_0_1,1404,0.00747294910496345,0.0010626316747964694
20260915,P_FWD_BC,P_IS_BC,6,terminal_H,clip_0_1,1416,0.0055926557915488605,0.000570537204319748
20260915,P_FWD_BC,P_IS_BC,6,terminal_H,clip_0_1,1428,0.005649287666972807,0.0005277105858893202
20260915,P_FWD_BC,P_IS_BC,6,terminal_H,clip_0_1,1440,0.002903952902526866,0.000482225821559156
20260915,P_FWD_BC,P_IS_BC,6,terminal_H,clip_0_1,1452,0.00033730249240201444,0.00024228960124220362
20260915,P_FWD_BC,P_IS_BC,6,terminal_H,clip_0_1,1464,-0.007256526998769376,-0.0051736240406252375
20260915,P_FWD_BC,P_IS_BC,6,terminal_H,clip_0_1,1476,0.012867329288478236,0.0037594240820910535
20260915,P_FWD_BC,P_IS_BC,6,terminal_H,clip_0_1,1488,-0.0023834076451842573,0.00041708943367727415
20260915,P_FWD_BC,P_IS_BC,6,terminal_H,clip_0_1,1500,-0.0015924484694892628,-0.0002868552504983216
20260915,P_FWD_BC,P_IS_BC,6,terminal_H,clip_0_1,1512,0.004993697291418309,0.002094962309272617
20260915,P_FWD_BC,P_IS_BC,6,terminal_H,clip_0_1,1524,0.019424514981051855,0.006114173928746317
20260915,P_FWD_BC,P_IS_BC,6,terminal_H,clip_0_1,1536,0.010533491500759554,0.0025104174964838944
20260915,P_FWD_BC,P_IS_BC,6,terminal_H,clip_0_1,1548,-0.0030035989809952214,-0.0008203251647525132
20260915,P_FWD_BC,P_IS_BC,6,path_1_to_H,raw,1392,-0.0019131098623999508,-0.0003815204294443377
20260915,P_FWD_BC,P_IS_BC,6,path_1_to_H,raw,1404,0.005223303834828537,0.0005882667592549995
20260915,P_FWD_BC,P_IS_BC,6,path_1_to_H,raw,1416,0.0018943700668909709,0.00011886354754341588
20260915,P_FWD_BC,P_IS_BC,6,path_1_to_H,raw,1428,0.004710843583783423,0.00044578672984927454
20260915,P_FWD_BC,P_IS_BC,6,path_1_to_H,raw,1440,0.0002782246261039721,0.00014301153785434374
20260915,P_FWD_BC,P_IS_BC,6,path_1_to_H,raw,1452,0.0019792720950831187,0.00023368485726368442
20260915,P_FWD_BC,P_IS_BC,6,path_1_to_H,raw,1464,-0.005793748071537582,-0.0043793618459990686
20260915,P_FWD_BC,P_IS_BC,6,path_1_to_H,raw,1476,0.01011156398349399,0.002523697175500601
20260915,P_FWD_BC,P_IS_BC,6,path_1_to_H,raw,1488,-0.003992167668935481,-5.780533826420932e-05
20260915,P_FWD_BC,P_IS_BC,6,path_1_to_H,raw,1500,-0.0020414813185154054,-0.0002634294847770659
20260915,P_FWD_BC,P_IS_BC,6,path_1_to_H,raw,1512,0.004488734148401146,0.0017378379422395083
20260915,P_FWD_BC,P_IS_BC,6,path_1_to_H,raw,1524,0.011648374223953525,0.003838574115538682
20260915,P_FWD_BC,P_IS_BC,6,path_1_to_H,raw,1536,0.003952239586456844,0.0008459181195295062
20260915,P_FWD_BC,P_IS_BC,6,path_1_to_H,raw,1548,-0.001953041538515857,-0.0002262501987493304
20260915,P_FWD_BC,P_IS_BC,6,path_1_to_H,clip_0_1,1392,-0.002118043560109901,-0.0003958111879082963
20260915,P_FWD_BC,P_IS_BC,6,path_1_to_H,clip_0_1,1404,0.0051992429407023925,0.0005880314795249146
20260915,P_FWD_BC,P_IS_BC,6,path_1_to_H,clip_0_1,1416,0.0019035868285626123,0.00011894681760845792
20260915,P_FWD_BC,P_IS_BC,6,path_1_to_H,clip_0_1,1428,0.004690415962355538,0.0004454408126193697
20260915,P_FWD_BC,P_IS_BC,6,path_1_to_H,clip_0_1,1440,0.0002041278834388859,0.00014097439374457672
20260915,P_FWD_BC,P_IS_BC,6,path_1_to_H,clip_0_1,1452,0.0019899445799733653,0.00023374510804296072
20260915,P_FWD_BC,P_IS_BC,6,path_1_to_H,clip_0_1,1464,-0.005862923854003202,-0.004381824401455908
20260915,P_FWD_BC,P_IS_BC,6,path_1_to_H,clip_0_1,1476,0.010115292545827074,0.002523682585360281
20260915,P_FWD_BC,P_IS_BC,6,path_1_to_H,clip_0_1,1488,-0.004294084747656547,-6.030228832532559e-05
20260915,P_FWD_BC,P_IS_BC,6,path_1_to_H,clip_0_1,1500,-0.002075238833953139,-0.00026686327732579747
20260915,P_FWD_BC,P_IS_BC,6,path_1_to_H,clip_0_1,1512,0.004113457031981693,0.0016564314265989529
20260915,P_FWD_BC,P_IS_BC,6,path_1_to_H,clip_0_1,1524,0.011636673020041656,0.003836371031287021
20260915,P_FWD_BC,P_IS_BC,6,path_1_to_H,clip_0_1,1536,0.003952239586456844,0.0008459181195295062
20260915,P_FWD_BC,P_IS_BC,6,path_1_to_H,clip_0_1,1548,-0.001953041538515857,-0.0002262501987493304
20260915,P_FWD_BC,P_IS_BC,9,terminal_H,raw,1392,-0.0025841310641217274,-0.0006449697818156015
20260915,P_FWD_BC,P_IS_BC,9,terminal_H,raw,1404,0.007140876369214675,0.0011293719967571962
20260915,P_FWD_BC,P_IS_BC,9,terminal_H,raw,1416,0.008063617233835625,0.0008625583550680888
20260915,P_FWD_BC,P_IS_BC,9,terminal_H,raw,1428,0.009389019109672044,0.00091690499391671
20260915,P_FWD_BC,P_IS_BC,9,terminal_H,raw,1440,0.00312744328304221,0.00047343181822668743
20260915,P_FWD_BC,P_IS_BC,9,terminal_H,raw,1452,0.007303418038274384,0.0011126302725855775
20260915,P_FWD_BC,P_IS_BC,9,terminal_H,raw,1464,-0.008205155355709181,-0.004887071785323594
20260915,P_FWD_BC,P_IS_BC,9,terminal_H,raw,1476,0.014334176976510054,0.004922002241331278
20260915,P_FWD_BC,P_IS_BC,9,terminal_H,raw,1488,-0.007461092952421307,-0.0008283760453610989
20260915,P_FWD_BC,P_IS_BC,9,terminal_H,raw,1500,-0.006831966472087552,-0.0009547690198050073
20260915,P_FWD_BC,P_IS_BC,9,terminal_H,raw,1512,0.011413415443988753,0.004458701597509465
20260915,P_FWD_BC,P_IS_BC,9,terminal_H,raw,1524,0.02689514337562026,0.010826238198310651
20260915,P_FWD_BC,P_IS_BC,9,terminal_H,raw,1536,0.00847454626744714,0.0021862653173839413
20260915,P_FWD_BC,P_IS_BC,9,terminal_H,raw,1548,0.010386566596678061,0.0023146899124223378
20260915,P_FWD_BC,P_IS_BC,9,terminal_H,clip_0_1,1392,-0.0025841310641217274,-0.0006449697818156015
20260915,P_FWD_BC,P_IS_BC,9,terminal_H,clip_0_1,1404,0.00707683360891141,0.0011282440910916993
20260915,P_FWD_BC,P_IS_BC,9,terminal_H,clip_0_1,1416,0.008063617233835625,0.0008625583550680888
20260915,P_FWD_BC,P_IS_BC,9,terminal_H,clip_0_1,1428,0.009246688917670852,0.0009128822385173831
20260915,P_FWD_BC,P_IS_BC,9,terminal_H,clip_0_1,1440,0.0030743052908757933,0.0004726553155185309
20260915,P_FWD_BC,P_IS_BC,9,terminal_H,clip_0_1,1452,0.007343704250008586,0.001108327400538803
20260915,P_FWD_BC,P_IS_BC,9,terminal_H,clip_0_1,1464,-0.008271220660928932,-0.004887677192683332
20260915,P_FWD_BC,P_IS_BC,9,terminal_H,clip_0_1,1476,0.014334176976510054,0.004922002241331278
20260915,P_FWD_BC,P_IS_BC,9,terminal_H,clip_0_1,1488,-0.007523080792429687,-0.0008289778679657967
20260915,P_FWD_BC,P_IS_BC,9,terminal_H,clip_0_1,1500,-0.006831966472087552,-0.0009547690198050073
20260915,P_FWD_BC,P_IS_BC,9,terminal_H,clip_0_1,1512,0.011399935678143997,0.004457303652280914
20260915,P_FWD_BC,P_IS_BC,9,terminal_H,clip_0_1,1524,0.026858102336072828,0.010815710329357187
20260915,P_FWD_BC,P_IS_BC,9,terminal_H,clip_0_1,1536,0.00847454626744714,0.0021862653173839413
20260915,P_FWD_BC,P_IS_BC,9,terminal_H,clip_0_1,1548,0.010386566596678061,0.0023146899124223378
20260915,P_FWD_BC,P_IS_BC,9,path_1_to_H,raw,1392,-0.0019563738140867437,-0.00030510466275840864
20260915,P_FWD_BC,P_IS_BC,9,path_1_to_H,raw,1404,0.005862051979409404,0.0007262010341662169
20260915,P_FWD_BC,P_IS_BC,9,path_1_to_H,raw,1416,0.0035503817007711503,0.0003468638248986889
20260915,P_FWD_BC,P_IS_BC,9,path_1_to_H,raw,1428,0.006012892886591428,0.0005547285544753393
20260915,P_FWD_BC,P_IS_BC,9,path_1_to_H,raw,1440,0.0009552766917140543,0.00021403649013816158
20260915,P_FWD_BC,P_IS_BC,9,path_1_to_H,raw,1452,0.0030666169360364427,0.00041337037647650474
20260915,P_FWD_BC,P_IS_BC,9,path_1_to_H,raw,1464,-0.006036998321733056,-0.004541508029136476
20260915,P_FWD_BC,P_IS_BC,9,path_1_to_H,raw,1476,0.011295131573297023,0.0032794524248097004
20260915,P_FWD_BC,P_IS_BC,9,path_1_to_H,raw,1488,-0.004478116129314011,-0.00019780480692852207
20260915,P_FWD_BC,P_IS_BC,9,path_1_to_H,raw,1500,-0.002964139453228185,-0.0004033583359299954
20260915,P_FWD_BC,P_IS_BC,9,path_1_to_H,raw,1512,0.006368011954921904,0.0025352010241014925
20260915,P_FWD_BC,P_IS_BC,9,path_1_to_H,raw,1524,0.015823211241345347,0.005492383217231712
20260915,P_FWD_BC,P_IS_BC,9,path_1_to_H,raw,1536,0.004999276959114502,0.0012277083972368503
20260915,P_FWD_BC,P_IS_BC,9,path_1_to_H,raw,1548,-0.0001298607743669559,0.0002504146675304384
20260915,P_FWD_BC,P_IS_BC,9,path_1_to_H,clip_0_1,1392,-0.0021336686975393297,-0.0003167427521784019
20260915,P_FWD_BC,P_IS_BC,9,path_1_to_H,clip_0_1,1404,0.0058281444033254646,0.0007257689283960297
20260915,P_FWD_BC,P_IS_BC,9,path_1_to_H,clip_0_1,1416,0.003556526208552245,0.0003469193382753836
20260915,P_FWD_BC,P_IS_BC,9,path_1_to_H,clip_0_1,1428,0.005968741967892016,0.0005534382396300793
20260915,P_FWD_BC,P_IS_BC,9,path_1_to_H,clip_0_1,1440,0.0008844493090939937,0.00021228449637958387
20260915,P_FWD_BC,P_IS_BC,9,path_1_to_H,clip_0_1,1452,0.0030831612149051684,0.00041295969698168023
20260915,P_FWD_BC,P_IS_BC,9,path_1_to_H,clip_0_1,1464,-0.0061101191047031565,-0.004543516277378772
20260915,P_FWD_BC,P_IS_BC,9,path_1_to_H,clip_0_1,1476,0.011297452416432163,0.003279442153856712
20260915,P_FWD_BC,P_IS_BC,9,path_1_to_H,clip_0_1,1488,-0.004688791368137547,-0.0001995477629235908
20260915,P_FWD_BC,P_IS_BC,9,path_1_to_H,clip_0_1,1500,-0.002986644463520007,-0.00040564753096248316
20260915,P_FWD_BC,P_IS_BC,9,path_1_to_H,clip_0_1,1512,0.00611237784810706,0.0024801876054967036
20260915,P_FWD_BC,P_IS_BC,9,path_1_to_H,clip_0_1,1524,0.015795735487037464,0.00548582418966039
20260915,P_FWD_BC,P_IS_BC,9,path_1_to_H,clip_0_1,1536,0.004999276959114502,0.0012277083972368503
20260915,P_FWD_BC,P_IS_BC,9,path_1_to_H,clip_0_1,1548,-0.0001298607743669559,0.0002504146675304384
20260915,P_FWD_BC,P_IS_BC,12,terminal_H,raw,1392,-0.002180381138232712,-0.001023621117582601
20260915,P_FWD_BC,P_IS_BC,12,terminal_H,raw,1404,0.002254350525392515,0.00040759253174202614
20260915,P_FWD_BC,P_IS_BC,12,terminal_H,raw,1416,0.0075790076862037965,0.0008186582236700453
20260915,P_FWD_BC,P_IS_BC,12,terminal_H,raw,1428,0.007129851490011365,0.0007138110047291351
20260915,P_FWD_BC,P_IS_BC,12,terminal_H,raw,1440,0.0037341739151530457,0.0008444641118118641
20260915,P_FWD_BC,P_IS_BC,12,terminal_H,raw,1452,0.003420887943788372,0.00037962253194673973
20260915,P_FWD_BC,P_IS_BC,12,terminal_H,raw,1464,-0.003193552227343882,-0.0021058230094105203
20260915,P_FWD_BC,P_IS_BC,12,terminal_H,raw,1476,0.010709446085874104,0.003615670048257154
20260915,P_FWD_BC,P_IS_BC,12,terminal_H,raw,1488,-0.008177631953107155,-0.0013596929892308093
20260915,P_FWD_BC,P_IS_BC,12,terminal_H,raw,1500,-0.007267328204688674,-0.00039094295205575663
20260915,P_FWD_BC,P_IS_BC,12,terminal_H,raw,1512,0.0071409588419585395,0.002118724682029645
20260915,P_FWD_BC,P_IS_BC,12,terminal_H,raw,1524,0.022786035955785666,0.010125094028670583
20260915,P_FWD_BC,P_IS_BC,12,terminal_H,raw,1536,0.0073292158665484875,0.0022545945063093564
20260915,P_FWD_BC,P_IS_BC,12,terminal_H,raw,1548,0.00985210176750508,0.003010396725443291
20260915,P_FWD_BC,P_IS_BC,12,terminal_H,clip_0_1,1392,-0.002180381138232712,-0.001023621117582601
20260915,P_FWD_BC,P_IS_BC,12,terminal_H,clip_0_1,1404,0.0022529549741755026,0.00040749231392790355
20260915,P_FWD_BC,P_IS_BC,12,terminal_H,clip_0_1,1416,0.0075790076862037965,0.0008186582236700453
20260915,P_FWD_BC,P_IS_BC,12,terminal_H,clip_0_1,1428,0.00711213320598443,0.000710947259969152
20260915,P_FWD_BC,P_IS_BC,12,terminal_H,clip_0_1,1440,0.0037341739151530457,0.0008444641118118641
20260915,P_FWD_BC,P_IS_BC,12,terminal_H,clip_0_1,1452,0.0034865487853715732,0.0003808081521290286
20260915,P_FWD_BC,P_IS_BC,12,terminal_H,clip_0_1,1464,-0.003193552227343882,-0.0021058230094105203
20260915,P_FWD_BC,P_IS_BC,12,terminal_H,clip_0_1,1476,0.010709446085874104,0.003615670048257154
20260915,P_FWD_BC,P_IS_BC,12,terminal_H,clip_0_1,1488,-0.008177631953107155,-0.0013596929892308093
20260915,P_FWD_BC,P_IS_BC,12,terminal_H,clip_0_1,1500,-0.007267328204688674,-0.00039094295205575663
20260915,P_FWD_BC,P_IS_BC,12,terminal_H,clip_0_1,1512,0.0071409588419585395,0.002118724682029645
20260915,P_FWD_BC,P_IS_BC,12,terminal_H,clip_0_1,1524,0.022786035955785666,0.010125094028670583
20260915,P_FWD_BC,P_IS_BC,12,terminal_H,clip_0_1,1536,0.0073292158665484875,0.0022545945063093564
20260915,P_FWD_BC,P_IS_BC,12,terminal_H,clip_0_1,1548,0.009854603987211077,0.003010800419861933
20260915,P_FWD_BC,P_IS_BC,12,path_1_to_H,raw,1392,-0.001696883309255241,-0.0003999137858579632
20260915,P_FWD_BC,P_IS_BC,12,path_1_to_H,raw,1404,0.005009804436370868,0.0005442026636127791
20260915,P_FWD_BC,P_IS_BC,12,path_1_to_H,raw,1416,0.004748306351564983,0.0004386471936620989
20260915,P_FWD_BC,P_IS_BC,12,path_1_to_H,raw,1428,0.006753763950503644,0.0006751616075158198
20260915,P_FWD_BC,P_IS_BC,12,path_1_to_H,raw,1440,0.0015784825254273524,0.0003546373875887393
20260915,P_FWD_BC,P_IS_BC,12,path_1_to_H,raw,1452,0.0033955834088021533,0.00046236288074013004
20260915,P_FWD_BC,P_IS_BC,12,path_1_to_H,raw,1464,-0.0057113979890301555,-0.004206493034848575
20260915,P_FWD_BC,P_IS_BC,12,path_1_to_H,raw,1476,0.011450888807681341,0.0034419717439242046
20260915,P_FWD_BC,P_IS_BC,12,path_1_to_H,raw,1488,-0.0053898281975971706,-0.0004059941263494666
20260915,P_FWD_BC,P_IS_BC,12,path_1_to_H,raw,1500,-0.004066550526186516,-0.0005142558587283028
20260915,P_FWD_BC,P_IS_BC,12,path_1_to_H,raw,1512,0.006857175456151867,0.0025257997097826133
20260915,P_FWD_BC,P_IS_BC,12,path_1_to_H,raw,1524,0.017613390006645382,0.0066560881062566295
20260915,P_FWD_BC,P_IS_BC,12,path_1_to_H,raw,1536,0.0048310422026922335,0.0013190955331003177
20260915,P_FWD_BC,P_IS_BC,12,path_1_to_H,raw,1548,0.0023018391126833075,0.000823207499824365
20260915,P_FWD_BC,P_IS_BC,12,path_1_to_H,clip_0_1,1392,-0.0018298544718446808,-0.00040864235292295813
20260915,P_FWD_BC,P_IS_BC,12,path_1_to_H,clip_0_1,1404,0.004984132762508502,0.0005438701814887349
20260915,P_FWD_BC,P_IS_BC,12,path_1_to_H,clip_0_1,1416,0.004752914732400804,0.00043868882869461994
20260915,P_FWD_BC,P_IS_BC,12,path_1_to_H,clip_0_1,1428,0.006710099810454332,0.0006732034394501314
20260915,P_FWD_BC,P_IS_BC,12,path_1_to_H,clip_0_1,1440,0.0015205862343206666,0.0003519745919344646
20260915,P_FWD_BC,P_IS_BC,12,path_1_to_H,clip_0_1,1452,0.0034227954676670897,0.0004622977982220124
20260915,P_FWD_BC,P_IS_BC,12,path_1_to_H,clip_0_1,1464,-0.005766238576257731,-0.004207999221030296
20260915,P_FWD_BC,P_IS_BC,12,path_1_to_H,clip_0_1,1476,0.011453455585757721,0.0034419662930147686
20260915,P_FWD_BC,P_IS_BC,12,path_1_to_H,clip_0_1,1488,-0.005552646178278182,-0.00040734961070856265
20260915,P_FWD_BC,P_IS_BC,12,path_1_to_H,clip_0_1,1500,-0.004083429283905383,-0.0005159727550026686
20260915,P_FWD_BC,P_IS_BC,12,path_1_to_H,clip_0_1,1512,0.006658183715810289,0.002481833535405388
20260915,P_FWD_BC,P_IS_BC,12,path_1_to_H,clip_0_1,1524,0.01759260186583327,0.006651168727078147
20260915,P_FWD_BC,P_IS_BC,12,path_1_to_H,clip_0_1,1536,0.0048310422026922335,0.0013190955331003177
20260915,P_FWD_BC,P_IS_BC,12,path_1_to_H,clip_0_1,1548,0.0022945520249964524,0.000821644402941791
20260915,P_FWD_BC,P_FWD_X,3,terminal_H,raw,1392,0.0,0.0
20260915,P_FWD_BC,P_FWD_X,3,terminal_H,raw,1404,0.0,0.0
20260915,P_FWD_BC,P_FWD_X,3,terminal_H,raw,1416,0.0,0.0
20260915,P_FWD_BC,P_FWD_X,3,terminal_H,raw,1428,0.0,0.0
20260915,P_FWD_BC,P_FWD_X,3,terminal_H,raw,1440,0.0,0.0
20260915,P_FWD_BC,P_FWD_X,3,terminal_H,raw,1452,0.0,0.0
20260915,P_FWD_BC,P_FWD_X,3,terminal_H,raw,1464,0.0,0.0
20260915,P_FWD_BC,P_FWD_X,3,terminal_H,raw,1476,0.0,0.0
20260915,P_FWD_BC,P_FWD_X,3,terminal_H,raw,1488,0.0,0.0
20260915,P_FWD_BC,P_FWD_X,3,terminal_H,raw,1500,0.0,0.0
20260915,P_FWD_BC,P_FWD_X,3,terminal_H,raw,1512,0.0,0.0
20260915,P_FWD_BC,P_FWD_X,3,terminal_H,raw,1524,0.0,0.0
20260915,P_FWD_BC,P_FWD_X,3,terminal_H,raw,1536,0.0,0.0
20260915,P_FWD_BC,P_FWD_X,3,terminal_H,raw,1548,0.0,0.0
20260915,P_FWD_BC,P_FWD_X,3,terminal_H,clip_0_1,1392,0.0,0.0
20260915,P_FWD_BC,P_FWD_X,3,terminal_H,clip_0_1,1404,0.0,0.0
20260915,P_FWD_BC,P_FWD_X,3,terminal_H,clip_0_1,1416,0.0,0.0
20260915,P_FWD_BC,P_FWD_X,3,terminal_H,clip_0_1,1428,0.0,0.0
20260915,P_FWD_BC,P_FWD_X,3,terminal_H,clip_0_1,1440,0.0,0.0
20260915,P_FWD_BC,P_FWD_X,3,terminal_H,clip_0_1,1452,0.0,0.0
20260915,P_FWD_BC,P_FWD_X,3,terminal_H,clip_0_1,1464,0.0,0.0
20260915,P_FWD_BC,P_FWD_X,3,terminal_H,clip_0_1,1476,0.0,0.0
20260915,P_FWD_BC,P_FWD_X,3,terminal_H,clip_0_1,1488,0.0,0.0
20260915,P_FWD_BC,P_FWD_X,3,terminal_H,clip_0_1,1500,0.0,0.0
20260915,P_FWD_BC,P_FWD_X,3,terminal_H,clip_0_1,1512,0.0,0.0
20260915,P_FWD_BC,P_FWD_X,3,terminal_H,clip_0_1,1524,0.0,0.0
20260915,P_FWD_BC,P_FWD_X,3,terminal_H,clip_0_1,1536,0.0,0.0
20260915,P_FWD_BC,P_FWD_X,3,terminal_H,clip_0_1,1548,0.0,0.0
20260915,P_FWD_BC,P_FWD_X,3,path_1_to_H,raw,1392,0.0,0.0
20260915,P_FWD_BC,P_FWD_X,3,path_1_to_H,raw,1404,0.0,0.0
20260915,P_FWD_BC,P_FWD_X,3,path_1_to_H,raw,1416,0.0,0.0
20260915,P_FWD_BC,P_FWD_X,3,path_1_to_H,raw,1428,0.0,0.0
20260915,P_FWD_BC,P_FWD_X,3,path_1_to_H,raw,1440,0.0,0.0
20260915,P_FWD_BC,P_FWD_X,3,path_1_to_H,raw,1452,0.0,0.0
20260915,P_FWD_BC,P_FWD_X,3,path_1_to_H,raw,1464,0.0,0.0
20260915,P_FWD_BC,P_FWD_X,3,path_1_to_H,raw,1476,0.0,0.0
20260915,P_FWD_BC,P_FWD_X,3,path_1_to_H,raw,1488,0.0,0.0
20260915,P_FWD_BC,P_FWD_X,3,path_1_to_H,raw,1500,0.0,0.0
20260915,P_FWD_BC,P_FWD_X,3,path_1_to_H,raw,1512,0.0,0.0
20260915,P_FWD_BC,P_FWD_X,3,path_1_to_H,raw,1524,0.0,0.0
20260915,P_FWD_BC,P_FWD_X,3,path_1_to_H,raw,1536,0.0,0.0
20260915,P_FWD_BC,P_FWD_X,3,path_1_to_H,raw,1548,0.0,0.0
20260915,P_FWD_BC,P_FWD_X,3,path_1_to_H,clip_0_1,1392,0.0,0.0
20260915,P_FWD_BC,P_FWD_X,3,path_1_to_H,clip_0_1,1404,0.0,0.0
20260915,P_FWD_BC,P_FWD_X,3,path_1_to_H,clip_0_1,1416,0.0,0.0
20260915,P_FWD_BC,P_FWD_X,3,path_1_to_H,clip_0_1,1428,0.0,0.0
20260915,P_FWD_BC,P_FWD_X,3,path_1_to_H,clip_0_1,1440,0.0,0.0
20260915,P_FWD_BC,P_FWD_X,3,path_1_to_H,clip_0_1,1452,0.0,0.0
20260915,P_FWD_BC,P_FWD_X,3,path_1_to_H,clip_0_1,1464,0.0,0.0
20260915,P_FWD_BC,P_FWD_X,3,path_1_to_H,clip_0_1,1476,0.0,0.0
20260915,P_FWD_BC,P_FWD_X,3,path_1_to_H,clip_0_1,1488,0.0,0.0
20260915,P_FWD_BC,P_FWD_X,3,path_1_to_H,clip_0_1,1500,0.0,0.0
20260915,P_FWD_BC,P_FWD_X,3,path_1_to_H,clip_0_1,1512,0.0,0.0
20260915,P_FWD_BC,P_FWD_X,3,path_1_to_H,clip_0_1,1524,0.0,0.0
20260915,P_FWD_BC,P_FWD_X,3,path_1_to_H,clip_0_1,1536,0.0,0.0
20260915,P_FWD_BC,P_FWD_X,3,path_1_to_H,clip_0_1,1548,0.0,0.0
20260915,P_FWD_BC,P_FWD_X,6,terminal_H,raw,1392,0.0,0.0
20260915,P_FWD_BC,P_FWD_X,6,terminal_H,raw,1404,0.0,0.0
20260915,P_FWD_BC,P_FWD_X,6,terminal_H,raw,1416,0.0,0.0
20260915,P_FWD_BC,P_FWD_X,6,terminal_H,raw,1428,0.0,0.0
20260915,P_FWD_BC,P_FWD_X,6,terminal_H,raw,1440,0.0,0.0
20260915,P_FWD_BC,P_FWD_X,6,terminal_H,raw,1452,0.0,0.0
20260915,P_FWD_BC,P_FWD_X,6,terminal_H,raw,1464,0.0,0.0
20260915,P_FWD_BC,P_FWD_X,6,terminal_H,raw,1476,0.0,0.0
20260915,P_FWD_BC,P_FWD_X,6,terminal_H,raw,1488,0.0,0.0
20260915,P_FWD_BC,P_FWD_X,6,terminal_H,raw,1500,0.0,0.0
20260915,P_FWD_BC,P_FWD_X,6,terminal_H,raw,1512,0.0,0.0
20260915,P_FWD_BC,P_FWD_X,6,terminal_H,raw,1524,0.0,0.0
20260915,P_FWD_BC,P_FWD_X,6,terminal_H,raw,1536,0.0,0.0
20260915,P_FWD_BC,P_FWD_X,6,terminal_H,raw,1548,0.0,0.0
20260915,P_FWD_BC,P_FWD_X,6,terminal_H,clip_0_1,1392,0.0,0.0
20260915,P_FWD_BC,P_FWD_X,6,terminal_H,clip_0_1,1404,0.0,0.0
20260915,P_FWD_BC,P_FWD_X,6,terminal_H,clip_0_1,1416,0.0,0.0
20260915,P_FWD_BC,P_FWD_X,6,terminal_H,clip_0_1,1428,0.0,0.0
20260915,P_FWD_BC,P_FWD_X,6,terminal_H,clip_0_1,1440,0.0,0.0
20260915,P_FWD_BC,P_FWD_X,6,terminal_H,clip_0_1,1452,0.0,0.0
20260915,P_FWD_BC,P_FWD_X,6,terminal_H,clip_0_1,1464,0.0,0.0
20260915,P_FWD_BC,P_FWD_X,6,terminal_H,clip_0_1,1476,0.0,0.0
20260915,P_FWD_BC,P_FWD_X,6,terminal_H,clip_0_1,1488,0.0,0.0
20260915,P_FWD_BC,P_FWD_X,6,terminal_H,clip_0_1,1500,0.0,0.0
20260915,P_FWD_BC,P_FWD_X,6,terminal_H,clip_0_1,1512,0.0,0.0
20260915,P_FWD_BC,P_FWD_X,6,terminal_H,clip_0_1,1524,0.0,0.0
20260915,P_FWD_BC,P_FWD_X,6,terminal_H,clip_0_1,1536,0.0,0.0
20260915,P_FWD_BC,P_FWD_X,6,terminal_H,clip_0_1,1548,0.0,0.0
20260915,P_FWD_BC,P_FWD_X,6,path_1_to_H,raw,1392,0.0,0.0
20260915,P_FWD_BC,P_FWD_X,6,path_1_to_H,raw,1404,0.0,0.0
20260915,P_FWD_BC,P_FWD_X,6,path_1_to_H,raw,1416,0.0,0.0
20260915,P_FWD_BC,P_FWD_X,6,path_1_to_H,raw,1428,0.0,0.0
20260915,P_FWD_BC,P_FWD_X,6,path_1_to_H,raw,1440,0.0,0.0
20260915,P_FWD_BC,P_FWD_X,6,path_1_to_H,raw,1452,0.0,0.0
20260915,P_FWD_BC,P_FWD_X,6,path_1_to_H,raw,1464,0.0,0.0
20260915,P_FWD_BC,P_FWD_X,6,path_1_to_H,raw,1476,0.0,0.0
20260915,P_FWD_BC,P_FWD_X,6,path_1_to_H,raw,1488,0.0,0.0
20260915,P_FWD_BC,P_FWD_X,6,path_1_to_H,raw,1500,0.0,0.0
20260915,P_FWD_BC,P_FWD_X,6,path_1_to_H,raw,1512,0.0,0.0
20260915,P_FWD_BC,P_FWD_X,6,path_1_to_H,raw,1524,0.0,0.0
20260915,P_FWD_BC,P_FWD_X,6,path_1_to_H,raw,1536,0.0,0.0
20260915,P_FWD_BC,P_FWD_X,6,path_1_to_H,raw,1548,0.0,0.0
20260915,P_FWD_BC,P_FWD_X,6,path_1_to_H,clip_0_1,1392,0.0,0.0
20260915,P_FWD_BC,P_FWD_X,6,path_1_to_H,clip_0_1,1404,0.0,0.0
20260915,P_FWD_BC,P_FWD_X,6,path_1_to_H,clip_0_1,1416,0.0,0.0
20260915,P_FWD_BC,P_FWD_X,6,path_1_to_H,clip_0_1,1428,0.0,0.0
20260915,P_FWD_BC,P_FWD_X,6,path_1_to_H,clip_0_1,1440,0.0,0.0
20260915,P_FWD_BC,P_FWD_X,6,path_1_to_H,clip_0_1,1452,0.0,0.0
20260915,P_FWD_BC,P_FWD_X,6,path_1_to_H,clip_0_1,1464,0.0,0.0
20260915,P_FWD_BC,P_FWD_X,6,path_1_to_H,clip_0_1,1476,0.0,0.0
20260915,P_FWD_BC,P_FWD_X,6,path_1_to_H,clip_0_1,1488,0.0,0.0
20260915,P_FWD_BC,P_FWD_X,6,path_1_to_H,clip_0_1,1500,0.0,0.0
20260915,P_FWD_BC,P_FWD_X,6,path_1_to_H,clip_0_1,1512,0.0,0.0
20260915,P_FWD_BC,P_FWD_X,6,path_1_to_H,clip_0_1,1524,0.0,0.0
20260915,P_FWD_BC,P_FWD_X,6,path_1_to_H,clip_0_1,1536,0.0,0.0
20260915,P_FWD_BC,P_FWD_X,6,path_1_to_H,clip_0_1,1548,0.0,0.0
20260915,P_FWD_BC,P_FWD_X,9,terminal_H,raw,1392,0.0,0.0
20260915,P_FWD_BC,P_FWD_X,9,terminal_H,raw,1404,0.0,0.0
20260915,P_FWD_BC,P_FWD_X,9,terminal_H,raw,1416,0.0,0.0
20260915,P_FWD_BC,P_FWD_X,9,terminal_H,raw,1428,0.0,0.0
20260915,P_FWD_BC,P_FWD_X,9,terminal_H,raw,1440,0.0,0.0
20260915,P_FWD_BC,P_FWD_X,9,terminal_H,raw,1452,0.0,0.0
20260915,P_FWD_BC,P_FWD_X,9,terminal_H,raw,1464,0.0,0.0
20260915,P_FWD_BC,P_FWD_X,9,terminal_H,raw,1476,0.0,0.0
20260915,P_FWD_BC,P_FWD_X,9,terminal_H,raw,1488,0.0,0.0
20260915,P_FWD_BC,P_FWD_X,9,terminal_H,raw,1500,0.0,0.0
20260915,P_FWD_BC,P_FWD_X,9,terminal_H,raw,1512,0.0,0.0
20260915,P_FWD_BC,P_FWD_X,9,terminal_H,raw,1524,0.0,0.0
20260915,P_FWD_BC,P_FWD_X,9,terminal_H,raw,1536,0.0,0.0
20260915,P_FWD_BC,P_FWD_X,9,terminal_H,raw,1548,0.0,0.0
20260915,P_FWD_BC,P_FWD_X,9,terminal_H,clip_0_1,1392,0.0,0.0
20260915,P_FWD_BC,P_FWD_X,9,terminal_H,clip_0_1,1404,0.0,0.0
20260915,P_FWD_BC,P_FWD_X,9,terminal_H,clip_0_1,1416,0.0,0.0
20260915,P_FWD_BC,P_FWD_X,9,terminal_H,clip_0_1,1428,0.0,0.0
20260915,P_FWD_BC,P_FWD_X,9,terminal_H,clip_0_1,1440,0.0,0.0
20260915,P_FWD_BC,P_FWD_X,9,terminal_H,clip_0_1,1452,0.0,0.0
20260915,P_FWD_BC,P_FWD_X,9,terminal_H,clip_0_1,1464,0.0,0.0
20260915,P_FWD_BC,P_FWD_X,9,terminal_H,clip_0_1,1476,0.0,0.0
20260915,P_FWD_BC,P_FWD_X,9,terminal_H,clip_0_1,1488,0.0,0.0
20260915,P_FWD_BC,P_FWD_X,9,terminal_H,clip_0_1,1500,0.0,0.0
20260915,P_FWD_BC,P_FWD_X,9,terminal_H,clip_0_1,1512,0.0,0.0
20260915,P_FWD_BC,P_FWD_X,9,terminal_H,clip_0_1,1524,0.0,0.0
20260915,P_FWD_BC,P_FWD_X,9,terminal_H,clip_0_1,1536,0.0,0.0
20260915,P_FWD_BC,P_FWD_X,9,terminal_H,clip_0_1,1548,0.0,0.0
20260915,P_FWD_BC,P_FWD_X,9,path_1_to_H,raw,1392,0.0,0.0
20260915,P_FWD_BC,P_FWD_X,9,path_1_to_H,raw,1404,0.0,0.0
20260915,P_FWD_BC,P_FWD_X,9,path_1_to_H,raw,1416,0.0,0.0
20260915,P_FWD_BC,P_FWD_X,9,path_1_to_H,raw,1428,0.0,0.0
20260915,P_FWD_BC,P_FWD_X,9,path_1_to_H,raw,1440,0.0,0.0
20260915,P_FWD_BC,P_FWD_X,9,path_1_to_H,raw,1452,0.0,0.0
20260915,P_FWD_BC,P_FWD_X,9,path_1_to_H,raw,1464,0.0,0.0
20260915,P_FWD_BC,P_FWD_X,9,path_1_to_H,raw,1476,0.0,0.0
20260915,P_FWD_BC,P_FWD_X,9,path_1_to_H,raw,1488,0.0,0.0
20260915,P_FWD_BC,P_FWD_X,9,path_1_to_H,raw,1500,0.0,0.0
20260915,P_FWD_BC,P_FWD_X,9,path_1_to_H,raw,1512,0.0,0.0
20260915,P_FWD_BC,P_FWD_X,9,path_1_to_H,raw,1524,0.0,0.0
20260915,P_FWD_BC,P_FWD_X,9,path_1_to_H,raw,1536,0.0,0.0
20260915,P_FWD_BC,P_FWD_X,9,path_1_to_H,raw,1548,0.0,0.0
20260915,P_FWD_BC,P_FWD_X,9,path_1_to_H,clip_0_1,1392,0.0,0.0
20260915,P_FWD_BC,P_FWD_X,9,path_1_to_H,clip_0_1,1404,0.0,0.0
20260915,P_FWD_BC,P_FWD_X,9,path_1_to_H,clip_0_1,1416,0.0,0.0
20260915,P_FWD_BC,P_FWD_X,9,path_1_to_H,clip_0_1,1428,0.0,0.0
20260915,P_FWD_BC,P_FWD_X,9,path_1_to_H,clip_0_1,1440,0.0,0.0
20260915,P_FWD_BC,P_FWD_X,9,path_1_to_H,clip_0_1,1452,0.0,0.0
20260915,P_FWD_BC,P_FWD_X,9,path_1_to_H,clip_0_1,1464,0.0,0.0
20260915,P_FWD_BC,P_FWD_X,9,path_1_to_H,clip_0_1,1476,0.0,0.0
20260915,P_FWD_BC,P_FWD_X,9,path_1_to_H,clip_0_1,1488,0.0,0.0
20260915,P_FWD_BC,P_FWD_X,9,path_1_to_H,clip_0_1,1500,0.0,0.0
20260915,P_FWD_BC,P_FWD_X,9,path_1_to_H,clip_0_1,1512,0.0,0.0
20260915,P_FWD_BC,P_FWD_X,9,path_1_to_H,clip_0_1,1524,0.0,0.0
20260915,P_FWD_BC,P_FWD_X,9,path_1_to_H,clip_0_1,1536,0.0,0.0
20260915,P_FWD_BC,P_FWD_X,9,path_1_to_H,clip_0_1,1548,0.0,0.0
20260915,P_FWD_BC,P_FWD_X,12,terminal_H,raw,1392,0.0,0.0
20260915,P_FWD_BC,P_FWD_X,12,terminal_H,raw,1404,0.0,0.0
20260915,P_FWD_BC,P_FWD_X,12,terminal_H,raw,1416,0.0,0.0
20260915,P_FWD_BC,P_FWD_X,12,terminal_H,raw,1428,0.0,0.0
20260915,P_FWD_BC,P_FWD_X,12,terminal_H,raw,1440,0.0,0.0
20260915,P_FWD_BC,P_FWD_X,12,terminal_H,raw,1452,0.0,0.0
20260915,P_FWD_BC,P_FWD_X,12,terminal_H,raw,1464,0.0,0.0
20260915,P_FWD_BC,P_FWD_X,12,terminal_H,raw,1476,0.0,0.0
20260915,P_FWD_BC,P_FWD_X,12,terminal_H,raw,1488,0.0,0.0
20260915,P_FWD_BC,P_FWD_X,12,terminal_H,raw,1500,0.0,0.0
20260915,P_FWD_BC,P_FWD_X,12,terminal_H,raw,1512,0.0,0.0
20260915,P_FWD_BC,P_FWD_X,12,terminal_H,raw,1524,0.0,0.0
20260915,P_FWD_BC,P_FWD_X,12,terminal_H,raw,1536,0.0,0.0
20260915,P_FWD_BC,P_FWD_X,12,terminal_H,raw,1548,0.0,0.0
20260915,P_FWD_BC,P_FWD_X,12,terminal_H,clip_0_1,1392,0.0,0.0
20260915,P_FWD_BC,P_FWD_X,12,terminal_H,clip_0_1,1404,0.0,0.0
20260915,P_FWD_BC,P_FWD_X,12,terminal_H,clip_0_1,1416,0.0,0.0
20260915,P_FWD_BC,P_FWD_X,12,terminal_H,clip_0_1,1428,0.0,0.0
20260915,P_FWD_BC,P_FWD_X,12,terminal_H,clip_0_1,1440,0.0,0.0
20260915,P_FWD_BC,P_FWD_X,12,terminal_H,clip_0_1,1452,0.0,0.0
20260915,P_FWD_BC,P_FWD_X,12,terminal_H,clip_0_1,1464,0.0,0.0
20260915,P_FWD_BC,P_FWD_X,12,terminal_H,clip_0_1,1476,0.0,0.0
20260915,P_FWD_BC,P_FWD_X,12,terminal_H,clip_0_1,1488,0.0,0.0
20260915,P_FWD_BC,P_FWD_X,12,terminal_H,clip_0_1,1500,0.0,0.0
20260915,P_FWD_BC,P_FWD_X,12,terminal_H,clip_0_1,1512,0.0,0.0
20260915,P_FWD_BC,P_FWD_X,12,terminal_H,clip_0_1,1524,0.0,0.0
20260915,P_FWD_BC,P_FWD_X,12,terminal_H,clip_0_1,1536,0.0,0.0
20260915,P_FWD_BC,P_FWD_X,12,terminal_H,clip_0_1,1548,0.0,0.0
20260915,P_FWD_BC,P_FWD_X,12,path_1_to_H,raw,1392,0.0,0.0
20260915,P_FWD_BC,P_FWD_X,12,path_1_to_H,raw,1404,0.0,0.0
20260915,P_FWD_BC,P_FWD_X,12,path_1_to_H,raw,1416,0.0,0.0
20260915,P_FWD_BC,P_FWD_X,12,path_1_to_H,raw,1428,0.0,0.0
20260915,P_FWD_BC,P_FWD_X,12,path_1_to_H,raw,1440,0.0,0.0
20260915,P_FWD_BC,P_FWD_X,12,path_1_to_H,raw,1452,0.0,0.0
20260915,P_FWD_BC,P_FWD_X,12,path_1_to_H,raw,1464,0.0,0.0
20260915,P_FWD_BC,P_FWD_X,12,path_1_to_H,raw,1476,0.0,0.0
20260915,P_FWD_BC,P_FWD_X,12,path_1_to_H,raw,1488,0.0,0.0
20260915,P_FWD_BC,P_FWD_X,12,path_1_to_H,raw,1500,0.0,0.0
20260915,P_FWD_BC,P_FWD_X,12,path_1_to_H,raw,1512,0.0,0.0
20260915,P_FWD_BC,P_FWD_X,12,path_1_to_H,raw,1524,0.0,0.0
20260915,P_FWD_BC,P_FWD_X,12,path_1_to_H,raw,1536,0.0,0.0
20260915,P_FWD_BC,P_FWD_X,12,path_1_to_H,raw,1548,0.0,0.0
20260915,P_FWD_BC,P_FWD_X,12,path_1_to_H,clip_0_1,1392,0.0,0.0
20260915,P_FWD_BC,P_FWD_X,12,path_1_to_H,clip_0_1,1404,0.0,0.0
20260915,P_FWD_BC,P_FWD_X,12,path_1_to_H,clip_0_1,1416,0.0,0.0
20260915,P_FWD_BC,P_FWD_X,12,path_1_to_H,clip_0_1,1428,0.0,0.0
20260915,P_FWD_BC,P_FWD_X,12,path_1_to_H,clip_0_1,1440,0.0,0.0
20260915,P_FWD_BC,P_FWD_X,12,path_1_to_H,clip_0_1,1452,0.0,0.0
20260915,P_FWD_BC,P_FWD_X,12,path_1_to_H,clip_0_1,1464,0.0,0.0
20260915,P_FWD_BC,P_FWD_X,12,path_1_to_H,clip_0_1,1476,0.0,0.0
20260915,P_FWD_BC,P_FWD_X,12,path_1_to_H,clip_0_1,1488,0.0,0.0
20260915,P_FWD_BC,P_FWD_X,12,path_1_to_H,clip_0_1,1500,0.0,0.0
20260915,P_FWD_BC,P_FWD_X,12,path_1_to_H,clip_0_1,1512,0.0,0.0
20260915,P_FWD_BC,P_FWD_X,12,path_1_to_H,clip_0_1,1524,0.0,0.0
20260915,P_FWD_BC,P_FWD_X,12,path_1_to_H,clip_0_1,1536,0.0,0.0
20260915,P_FWD_BC,P_FWD_X,12,path_1_to_H,clip_0_1,1548,0.0,0.0
20260915,P_FWD_BC,P_IS_X,3,terminal_H,raw,1392,0.0,0.0
20260915,P_FWD_BC,P_IS_X,3,terminal_H,raw,1404,0.0,0.0
20260915,P_FWD_BC,P_IS_X,3,terminal_H,raw,1416,0.0,0.0
20260915,P_FWD_BC,P_IS_X,3,terminal_H,raw,1428,0.0,0.0
20260915,P_FWD_BC,P_IS_X,3,terminal_H,raw,1440,0.0,0.0
20260915,P_FWD_BC,P_IS_X,3,terminal_H,raw,1452,0.0,0.0
20260915,P_FWD_BC,P_IS_X,3,terminal_H,raw,1464,0.0,0.0
20260915,P_FWD_BC,P_IS_X,3,terminal_H,raw,1476,0.0,0.0
20260915,P_FWD_BC,P_IS_X,3,terminal_H,raw,1488,0.0,0.0
20260915,P_FWD_BC,P_IS_X,3,terminal_H,raw,1500,0.0,0.0
20260915,P_FWD_BC,P_IS_X,3,terminal_H,raw,1512,0.0,0.0
20260915,P_FWD_BC,P_IS_X,3,terminal_H,raw,1524,0.0,0.0
20260915,P_FWD_BC,P_IS_X,3,terminal_H,raw,1536,0.0,0.0
20260915,P_FWD_BC,P_IS_X,3,terminal_H,raw,1548,0.0,0.0
20260915,P_FWD_BC,P_IS_X,3,terminal_H,clip_0_1,1392,0.0,0.0
20260915,P_FWD_BC,P_IS_X,3,terminal_H,clip_0_1,1404,0.0,0.0
20260915,P_FWD_BC,P_IS_X,3,terminal_H,clip_0_1,1416,0.0,0.0
20260915,P_FWD_BC,P_IS_X,3,terminal_H,clip_0_1,1428,0.0,0.0
20260915,P_FWD_BC,P_IS_X,3,terminal_H,clip_0_1,1440,0.0,0.0
20260915,P_FWD_BC,P_IS_X,3,terminal_H,clip_0_1,1452,0.0,0.0
20260915,P_FWD_BC,P_IS_X,3,terminal_H,clip_0_1,1464,0.0,0.0
20260915,P_FWD_BC,P_IS_X,3,terminal_H,clip_0_1,1476,0.0,0.0
20260915,P_FWD_BC,P_IS_X,3,terminal_H,clip_0_1,1488,0.0,0.0
20260915,P_FWD_BC,P_IS_X,3,terminal_H,clip_0_1,1500,0.0,0.0
20260915,P_FWD_BC,P_IS_X,3,terminal_H,clip_0_1,1512,0.0,0.0
20260915,P_FWD_BC,P_IS_X,3,terminal_H,clip_0_1,1524,0.0,0.0
20260915,P_FWD_BC,P_IS_X,3,terminal_H,clip_0_1,1536,0.0,0.0
20260915,P_FWD_BC,P_IS_X,3,terminal_H,clip_0_1,1548,0.0,0.0
20260915,P_FWD_BC,P_IS_X,3,path_1_to_H,raw,1392,0.0,0.0
20260915,P_FWD_BC,P_IS_X,3,path_1_to_H,raw,1404,0.0,0.0
20260915,P_FWD_BC,P_IS_X,3,path_1_to_H,raw,1416,0.0,0.0
20260915,P_FWD_BC,P_IS_X,3,path_1_to_H,raw,1428,0.0,0.0
20260915,P_FWD_BC,P_IS_X,3,path_1_to_H,raw,1440,0.0,0.0
20260915,P_FWD_BC,P_IS_X,3,path_1_to_H,raw,1452,0.0,0.0
20260915,P_FWD_BC,P_IS_X,3,path_1_to_H,raw,1464,0.0,0.0
20260915,P_FWD_BC,P_IS_X,3,path_1_to_H,raw,1476,0.0,0.0
20260915,P_FWD_BC,P_IS_X,3,path_1_to_H,raw,1488,0.0,0.0
20260915,P_FWD_BC,P_IS_X,3,path_1_to_H,raw,1500,0.0,0.0
20260915,P_FWD_BC,P_IS_X,3,path_1_to_H,raw,1512,0.0,0.0
20260915,P_FWD_BC,P_IS_X,3,path_1_to_H,raw,1524,0.0,0.0
20260915,P_FWD_BC,P_IS_X,3,path_1_to_H,raw,1536,0.0,0.0
20260915,P_FWD_BC,P_IS_X,3,path_1_to_H,raw,1548,0.0,0.0
20260915,P_FWD_BC,P_IS_X,3,path_1_to_H,clip_0_1,1392,0.0,0.0
20260915,P_FWD_BC,P_IS_X,3,path_1_to_H,clip_0_1,1404,0.0,0.0
20260915,P_FWD_BC,P_IS_X,3,path_1_to_H,clip_0_1,1416,0.0,0.0
20260915,P_FWD_BC,P_IS_X,3,path_1_to_H,clip_0_1,1428,0.0,0.0
20260915,P_FWD_BC,P_IS_X,3,path_1_to_H,clip_0_1,1440,0.0,0.0
20260915,P_FWD_BC,P_IS_X,3,path_1_to_H,clip_0_1,1452,0.0,0.0
20260915,P_FWD_BC,P_IS_X,3,path_1_to_H,clip_0_1,1464,0.0,0.0
20260915,P_FWD_BC,P_IS_X,3,path_1_to_H,clip_0_1,1476,0.0,0.0
20260915,P_FWD_BC,P_IS_X,3,path_1_to_H,clip_0_1,1488,0.0,0.0
20260915,P_FWD_BC,P_IS_X,3,path_1_to_H,clip_0_1,1500,0.0,0.0
20260915,P_FWD_BC,P_IS_X,3,path_1_to_H,clip_0_1,1512,0.0,0.0
20260915,P_FWD_BC,P_IS_X,3,path_1_to_H,clip_0_1,1524,0.0,0.0
20260915,P_FWD_BC,P_IS_X,3,path_1_to_H,clip_0_1,1536,0.0,0.0
20260915,P_FWD_BC,P_IS_X,3,path_1_to_H,clip_0_1,1548,0.0,0.0
20260915,P_FWD_BC,P_IS_X,6,terminal_H,raw,1392,0.0,0.0
20260915,P_FWD_BC,P_IS_X,6,terminal_H,raw,1404,0.0,0.0
20260915,P_FWD_BC,P_IS_X,6,terminal_H,raw,1416,0.0,0.0
20260915,P_FWD_BC,P_IS_X,6,terminal_H,raw,1428,0.0,0.0
20260915,P_FWD_BC,P_IS_X,6,terminal_H,raw,1440,0.0,0.0
20260915,P_FWD_BC,P_IS_X,6,terminal_H,raw,1452,0.0,0.0
20260915,P_FWD_BC,P_IS_X,6,terminal_H,raw,1464,0.0,0.0
20260915,P_FWD_BC,P_IS_X,6,terminal_H,raw,1476,0.0,0.0
20260915,P_FWD_BC,P_IS_X,6,terminal_H,raw,1488,0.0,0.0
20260915,P_FWD_BC,P_IS_X,6,terminal_H,raw,1500,0.0,0.0
20260915,P_FWD_BC,P_IS_X,6,terminal_H,raw,1512,0.0,0.0
20260915,P_FWD_BC,P_IS_X,6,terminal_H,raw,1524,0.0,0.0
20260915,P_FWD_BC,P_IS_X,6,terminal_H,raw,1536,0.0,0.0
20260915,P_FWD_BC,P_IS_X,6,terminal_H,raw,1548,0.0,0.0
20260915,P_FWD_BC,P_IS_X,6,terminal_H,clip_0_1,1392,0.0,0.0
20260915,P_FWD_BC,P_IS_X,6,terminal_H,clip_0_1,1404,0.0,0.0
20260915,P_FWD_BC,P_IS_X,6,terminal_H,clip_0_1,1416,0.0,0.0
20260915,P_FWD_BC,P_IS_X,6,terminal_H,clip_0_1,1428,0.0,0.0
20260915,P_FWD_BC,P_IS_X,6,terminal_H,clip_0_1,1440,0.0,0.0
20260915,P_FWD_BC,P_IS_X,6,terminal_H,clip_0_1,1452,0.0,0.0
20260915,P_FWD_BC,P_IS_X,6,terminal_H,clip_0_1,1464,0.0,0.0
20260915,P_FWD_BC,P_IS_X,6,terminal_H,clip_0_1,1476,0.0,0.0
20260915,P_FWD_BC,P_IS_X,6,terminal_H,clip_0_1,1488,0.0,0.0
20260915,P_FWD_BC,P_IS_X,6,terminal_H,clip_0_1,1500,0.0,0.0
20260915,P_FWD_BC,P_IS_X,6,terminal_H,clip_0_1,1512,0.0,0.0
20260915,P_FWD_BC,P_IS_X,6,terminal_H,clip_0_1,1524,0.0,0.0
20260915,P_FWD_BC,P_IS_X,6,terminal_H,clip_0_1,1536,0.0,0.0
20260915,P_FWD_BC,P_IS_X,6,terminal_H,clip_0_1,1548,0.0,0.0
20260915,P_FWD_BC,P_IS_X,6,path_1_to_H,raw,1392,0.0,0.0
20260915,P_FWD_BC,P_IS_X,6,path_1_to_H,raw,1404,0.0,0.0
20260915,P_FWD_BC,P_IS_X,6,path_1_to_H,raw,1416,0.0,0.0
20260915,P_FWD_BC,P_IS_X,6,path_1_to_H,raw,1428,0.0,0.0
20260915,P_FWD_BC,P_IS_X,6,path_1_to_H,raw,1440,0.0,0.0
20260915,P_FWD_BC,P_IS_X,6,path_1_to_H,raw,1452,0.0,0.0
20260915,P_FWD_BC,P_IS_X,6,path_1_to_H,raw,1464,0.0,0.0
20260915,P_FWD_BC,P_IS_X,6,path_1_to_H,raw,1476,0.0,0.0
20260915,P_FWD_BC,P_IS_X,6,path_1_to_H,raw,1488,0.0,0.0
20260915,P_FWD_BC,P_IS_X,6,path_1_to_H,raw,1500,0.0,0.0
20260915,P_FWD_BC,P_IS_X,6,path_1_to_H,raw,1512,0.0,0.0
20260915,P_FWD_BC,P_IS_X,6,path_1_to_H,raw,1524,0.0,0.0
20260915,P_FWD_BC,P_IS_X,6,path_1_to_H,raw,1536,0.0,0.0
20260915,P_FWD_BC,P_IS_X,6,path_1_to_H,raw,1548,0.0,0.0
20260915,P_FWD_BC,P_IS_X,6,path_1_to_H,clip_0_1,1392,0.0,0.0
20260915,P_FWD_BC,P_IS_X,6,path_1_to_H,clip_0_1,1404,0.0,0.0
20260915,P_FWD_BC,P_IS_X,6,path_1_to_H,clip_0_1,1416,0.0,0.0
20260915,P_FWD_BC,P_IS_X,6,path_1_to_H,clip_0_1,1428,0.0,0.0
20260915,P_FWD_BC,P_IS_X,6,path_1_to_H,clip_0_1,1440,0.0,0.0
20260915,P_FWD_BC,P_IS_X,6,path_1_to_H,clip_0_1,1452,0.0,0.0
20260915,P_FWD_BC,P_IS_X,6,path_1_to_H,clip_0_1,1464,0.0,0.0
20260915,P_FWD_BC,P_IS_X,6,path_1_to_H,clip_0_1,1476,0.0,0.0
20260915,P_FWD_BC,P_IS_X,6,path_1_to_H,clip_0_1,1488,0.0,0.0
20260915,P_FWD_BC,P_IS_X,6,path_1_to_H,clip_0_1,1500,0.0,0.0
20260915,P_FWD_BC,P_IS_X,6,path_1_to_H,clip_0_1,1512,0.0,0.0
20260915,P_FWD_BC,P_IS_X,6,path_1_to_H,clip_0_1,1524,0.0,0.0
20260915,P_FWD_BC,P_IS_X,6,path_1_to_H,clip_0_1,1536,0.0,0.0
20260915,P_FWD_BC,P_IS_X,6,path_1_to_H,clip_0_1,1548,0.0,0.0
20260915,P_FWD_BC,P_IS_X,9,terminal_H,raw,1392,0.0,0.0
20260915,P_FWD_BC,P_IS_X,9,terminal_H,raw,1404,0.0,0.0
20260915,P_FWD_BC,P_IS_X,9,terminal_H,raw,1416,0.0,0.0
20260915,P_FWD_BC,P_IS_X,9,terminal_H,raw,1428,0.0,0.0
20260915,P_FWD_BC,P_IS_X,9,terminal_H,raw,1440,0.0,0.0
20260915,P_FWD_BC,P_IS_X,9,terminal_H,raw,1452,0.0,0.0
20260915,P_FWD_BC,P_IS_X,9,terminal_H,raw,1464,0.0,0.0
20260915,P_FWD_BC,P_IS_X,9,terminal_H,raw,1476,0.0,0.0
20260915,P_FWD_BC,P_IS_X,9,terminal_H,raw,1488,0.0,0.0
20260915,P_FWD_BC,P_IS_X,9,terminal_H,raw,1500,0.0,0.0
20260915,P_FWD_BC,P_IS_X,9,terminal_H,raw,1512,0.0,0.0
20260915,P_FWD_BC,P_IS_X,9,terminal_H,raw,1524,0.0,0.0
20260915,P_FWD_BC,P_IS_X,9,terminal_H,raw,1536,0.0,0.0
20260915,P_FWD_BC,P_IS_X,9,terminal_H,raw,1548,0.0,0.0
20260915,P_FWD_BC,P_IS_X,9,terminal_H,clip_0_1,1392,0.0,0.0
20260915,P_FWD_BC,P_IS_X,9,terminal_H,clip_0_1,1404,0.0,0.0
20260915,P_FWD_BC,P_IS_X,9,terminal_H,clip_0_1,1416,0.0,0.0
20260915,P_FWD_BC,P_IS_X,9,terminal_H,clip_0_1,1428,0.0,0.0
20260915,P_FWD_BC,P_IS_X,9,terminal_H,clip_0_1,1440,0.0,0.0
20260915,P_FWD_BC,P_IS_X,9,terminal_H,clip_0_1,1452,0.0,0.0
20260915,P_FWD_BC,P_IS_X,9,terminal_H,clip_0_1,1464,0.0,0.0
20260915,P_FWD_BC,P_IS_X,9,terminal_H,clip_0_1,1476,0.0,0.0
20260915,P_FWD_BC,P_IS_X,9,terminal_H,clip_0_1,1488,0.0,0.0
20260915,P_FWD_BC,P_IS_X,9,terminal_H,clip_0_1,1500,0.0,0.0
20260915,P_FWD_BC,P_IS_X,9,terminal_H,clip_0_1,1512,0.0,0.0
20260915,P_FWD_BC,P_IS_X,9,terminal_H,clip_0_1,1524,0.0,0.0
20260915,P_FWD_BC,P_IS_X,9,terminal_H,clip_0_1,1536,0.0,0.0
20260915,P_FWD_BC,P_IS_X,9,terminal_H,clip_0_1,1548,0.0,0.0
20260915,P_FWD_BC,P_IS_X,9,path_1_to_H,raw,1392,0.0,0.0
20260915,P_FWD_BC,P_IS_X,9,path_1_to_H,raw,1404,0.0,0.0
20260915,P_FWD_BC,P_IS_X,9,path_1_to_H,raw,1416,0.0,0.0
20260915,P_FWD_BC,P_IS_X,9,path_1_to_H,raw,1428,0.0,0.0
20260915,P_FWD_BC,P_IS_X,9,path_1_to_H,raw,1440,0.0,0.0
20260915,P_FWD_BC,P_IS_X,9,path_1_to_H,raw,1452,0.0,0.0
20260915,P_FWD_BC,P_IS_X,9,path_1_to_H,raw,1464,0.0,0.0
20260915,P_FWD_BC,P_IS_X,9,path_1_to_H,raw,1476,0.0,0.0
20260915,P_FWD_BC,P_IS_X,9,path_1_to_H,raw,1488,0.0,0.0
20260915,P_FWD_BC,P_IS_X,9,path_1_to_H,raw,1500,0.0,0.0
20260915,P_FWD_BC,P_IS_X,9,path_1_to_H,raw,1512,0.0,0.0
20260915,P_FWD_BC,P_IS_X,9,path_1_to_H,raw,1524,0.0,0.0
20260915,P_FWD_BC,P_IS_X,9,path_1_to_H,raw,1536,0.0,0.0
20260915,P_FWD_BC,P_IS_X,9,path_1_to_H,raw,1548,0.0,0.0
20260915,P_FWD_BC,P_IS_X,9,path_1_to_H,clip_0_1,1392,0.0,0.0
20260915,P_FWD_BC,P_IS_X,9,path_1_to_H,clip_0_1,1404,0.0,0.0
20260915,P_FWD_BC,P_IS_X,9,path_1_to_H,clip_0_1,1416,0.0,0.0
20260915,P_FWD_BC,P_IS_X,9,path_1_to_H,clip_0_1,1428,0.0,0.0
20260915,P_FWD_BC,P_IS_X,9,path_1_to_H,clip_0_1,1440,0.0,0.0
20260915,P_FWD_BC,P_IS_X,9,path_1_to_H,clip_0_1,1452,0.0,0.0
20260915,P_FWD_BC,P_IS_X,9,path_1_to_H,clip_0_1,1464,0.0,0.0
20260915,P_FWD_BC,P_IS_X,9,path_1_to_H,clip_0_1,1476,0.0,0.0
20260915,P_FWD_BC,P_IS_X,9,path_1_to_H,clip_0_1,1488,0.0,0.0
20260915,P_FWD_BC,P_IS_X,9,path_1_to_H,clip_0_1,1500,0.0,0.0
20260915,P_FWD_BC,P_IS_X,9,path_1_to_H,clip_0_1,1512,0.0,0.0
20260915,P_FWD_BC,P_IS_X,9,path_1_to_H,clip_0_1,1524,0.0,0.0
20260915,P_FWD_BC,P_IS_X,9,path_1_to_H,clip_0_1,1536,0.0,0.0
20260915,P_FWD_BC,P_IS_X,9,path_1_to_H,clip_0_1,1548,0.0,0.0
20260915,P_FWD_BC,P_IS_X,12,terminal_H,raw,1392,0.0,0.0
20260915,P_FWD_BC,P_IS_X,12,terminal_H,raw,1404,0.0,0.0
20260915,P_FWD_BC,P_IS_X,12,terminal_H,raw,1416,0.0,0.0
20260915,P_FWD_BC,P_IS_X,12,terminal_H,raw,1428,0.0,0.0
20260915,P_FWD_BC,P_IS_X,12,terminal_H,raw,1440,0.0,0.0
20260915,P_FWD_BC,P_IS_X,12,terminal_H,raw,1452,0.0,0.0
20260915,P_FWD_BC,P_IS_X,12,terminal_H,raw,1464,0.0,0.0
20260915,P_FWD_BC,P_IS_X,12,terminal_H,raw,1476,0.0,0.0
20260915,P_FWD_BC,P_IS_X,12,terminal_H,raw,1488,0.0,0.0
20260915,P_FWD_BC,P_IS_X,12,terminal_H,raw,1500,0.0,0.0
20260915,P_FWD_BC,P_IS_X,12,terminal_H,raw,1512,0.0,0.0
20260915,P_FWD_BC,P_IS_X,12,terminal_H,raw,1524,0.0,0.0
20260915,P_FWD_BC,P_IS_X,12,terminal_H,raw,1536,0.0,0.0
20260915,P_FWD_BC,P_IS_X,12,terminal_H,raw,1548,0.0,0.0
20260915,P_FWD_BC,P_IS_X,12,terminal_H,clip_0_1,1392,0.0,0.0
20260915,P_FWD_BC,P_IS_X,12,terminal_H,clip_0_1,1404,0.0,0.0
20260915,P_FWD_BC,P_IS_X,12,terminal_H,clip_0_1,1416,0.0,0.0
20260915,P_FWD_BC,P_IS_X,12,terminal_H,clip_0_1,1428,0.0,0.0
20260915,P_FWD_BC,P_IS_X,12,terminal_H,clip_0_1,1440,0.0,0.0
20260915,P_FWD_BC,P_IS_X,12,terminal_H,clip_0_1,1452,0.0,0.0
20260915,P_FWD_BC,P_IS_X,12,terminal_H,clip_0_1,1464,0.0,0.0
20260915,P_FWD_BC,P_IS_X,12,terminal_H,clip_0_1,1476,0.0,0.0
20260915,P_FWD_BC,P_IS_X,12,terminal_H,clip_0_1,1488,0.0,0.0
20260915,P_FWD_BC,P_IS_X,12,terminal_H,clip_0_1,1500,0.0,0.0
20260915,P_FWD_BC,P_IS_X,12,terminal_H,clip_0_1,1512,0.0,0.0
20260915,P_FWD_BC,P_IS_X,12,terminal_H,clip_0_1,1524,0.0,0.0
20260915,P_FWD_BC,P_IS_X,12,terminal_H,clip_0_1,1536,0.0,0.0
20260915,P_FWD_BC,P_IS_X,12,terminal_H,clip_0_1,1548,0.0,0.0
20260915,P_FWD_BC,P_IS_X,12,path_1_to_H,raw,1392,0.0,0.0
20260915,P_FWD_BC,P_IS_X,12,path_1_to_H,raw,1404,0.0,0.0
20260915,P_FWD_BC,P_IS_X,12,path_1_to_H,raw,1416,0.0,0.0
20260915,P_FWD_BC,P_IS_X,12,path_1_to_H,raw,1428,0.0,0.0
20260915,P_FWD_BC,P_IS_X,12,path_1_to_H,raw,1440,0.0,0.0
20260915,P_FWD_BC,P_IS_X,12,path_1_to_H,raw,1452,0.0,0.0
20260915,P_FWD_BC,P_IS_X,12,path_1_to_H,raw,1464,0.0,0.0
20260915,P_FWD_BC,P_IS_X,12,path_1_to_H,raw,1476,0.0,0.0
20260915,P_FWD_BC,P_IS_X,12,path_1_to_H,raw,1488,0.0,0.0
20260915,P_FWD_BC,P_IS_X,12,path_1_to_H,raw,1500,0.0,0.0
20260915,P_FWD_BC,P_IS_X,12,path_1_to_H,raw,1512,0.0,0.0
20260915,P_FWD_BC,P_IS_X,12,path_1_to_H,raw,1524,0.0,0.0
20260915,P_FWD_BC,P_IS_X,12,path_1_to_H,raw,1536,0.0,0.0
20260915,P_FWD_BC,P_IS_X,12,path_1_to_H,raw,1548,0.0,0.0
20260915,P_FWD_BC,P_IS_X,12,path_1_to_H,clip_0_1,1392,0.0,0.0
20260915,P_FWD_BC,P_IS_X,12,path_1_to_H,clip_0_1,1404,0.0,0.0
20260915,P_FWD_BC,P_IS_X,12,path_1_to_H,clip_0_1,1416,0.0,0.0
20260915,P_FWD_BC,P_IS_X,12,path_1_to_H,clip_0_1,1428,0.0,0.0
20260915,P_FWD_BC,P_IS_X,12,path_1_to_H,clip_0_1,1440,0.0,0.0
20260915,P_FWD_BC,P_IS_X,12,path_1_to_H,clip_0_1,1452,0.0,0.0
20260915,P_FWD_BC,P_IS_X,12,path_1_to_H,clip_0_1,1464,0.0,0.0
20260915,P_FWD_BC,P_IS_X,12,path_1_to_H,clip_0_1,1476,0.0,0.0
20260915,P_FWD_BC,P_IS_X,12,path_1_to_H,clip_0_1,1488,0.0,0.0
20260915,P_FWD_BC,P_IS_X,12,path_1_to_H,clip_0_1,1500,0.0,0.0
20260915,P_FWD_BC,P_IS_X,12,path_1_to_H,clip_0_1,1512,0.0,0.0
20260915,P_FWD_BC,P_IS_X,12,path_1_to_H,clip_0_1,1524,0.0,0.0
20260915,P_FWD_BC,P_IS_X,12,path_1_to_H,clip_0_1,1536,0.0,0.0
20260915,P_FWD_BC,P_IS_X,12,path_1_to_H,clip_0_1,1548,0.0,0.0
20260915,P_FWD_BC,C_IS_BC,3,terminal_H,raw,1392,-0.0033672880289021753,-0.0005236301750204446
20260915,P_FWD_BC,C_IS_BC,3,terminal_H,raw,1404,0.0010345741461487731,3.658912651356133e-05
20260915,P_FWD_BC,C_IS_BC,3,terminal_H,raw,1416,0.0006772452999224479,-5.4017117747294885e-06
20260915,P_FWD_BC,C_IS_BC,3,terminal_H,raw,1428,0.0013390094268507825,0.00020529781238862838
20260915,P_FWD_BC,C_IS_BC,3,terminal_H,raw,1440,-0.0038404159537213495,-0.00019341902217899186
20260915,P_FWD_BC,C_IS_BC,3,terminal_H,raw,1452,1.8675169104577885e-05,5.513630276838885e-06
20260915,P_FWD_BC,C_IS_BC,3,terminal_H,raw,1464,0.006423616285834982,0.00365701769542509
20260915,P_FWD_BC,C_IS_BC,3,terminal_H,raw,1476,0.00023558580004195336,0.0002815297050524052
20260915,P_FWD_BC,C_IS_BC,3,terminal_H,raw,1488,0.0016467821963972221,0.00029280736540130667
20260915,P_FWD_BC,C_IS_BC,3,terminal_H,raw,1500,-0.0010525384426879573,-2.8528796981493427e-05
20260915,P_FWD_BC,C_IS_BC,3,terminal_H,raw,1512,0.0038131464567388563,0.0020890303720470975
20260915,P_FWD_BC,C_IS_BC,3,terminal_H,raw,1524,0.003774095809551908,0.0007009563621633723
20260915,P_FWD_BC,C_IS_BC,3,terminal_H,raw,1536,-0.0003612876042579635,-4.4426308755118394e-05
20260915,P_FWD_BC,C_IS_BC,3,terminal_H,raw,1548,-0.0010981362859436917,-0.00026352318307014584
20260915,P_FWD_BC,C_IS_BC,3,terminal_H,clip_0_1,1392,-0.0033943611493603655,-0.0005238317373295642
20260915,P_FWD_BC,C_IS_BC,3,terminal_H,clip_0_1,1404,0.0010345741461487731,3.658912651356133e-05
20260915,P_FWD_BC,C_IS_BC,3,terminal_H,clip_0_1,1416,0.0006580628556269838,-5.594005729512776e-06
20260915,P_FWD_BC,C_IS_BC,3,terminal_H,clip_0_1,1428,0.0013220590077958646,0.00020521880029444065
20260915,P_FWD_BC,C_IS_BC,3,terminal_H,clip_0_1,1440,-0.003880636702685588,-0.00019413306897911783
20260915,P_FWD_BC,C_IS_BC,3,terminal_H,clip_0_1,1452,4.974607855963552e-05,5.94423449282664e-06
20260915,P_FWD_BC,C_IS_BC,3,terminal_H,clip_0_1,1464,0.006328991873098352,0.0036485931960615337
20260915,P_FWD_BC,C_IS_BC,3,terminal_H,clip_0_1,1476,0.00026375065866044334,0.0002819090247592616
20260915,P_FWD_BC,C_IS_BC,3,terminal_H,clip_0_1,1488,0.0016467821963972221,0.00029280736540130667
20260915,P_FWD_BC,C_IS_BC,3,terminal_H,clip_0_1,1500,-0.001079429086465393,-3.294005175246098e-05
20260915,P_FWD_BC,C_IS_BC,3,terminal_H,clip_0_1,1512,0.0037917328766170263,0.0020772241381983455
20260915,P_FWD_BC,C_IS_BC,3,terminal_H,clip_0_1,1524,0.003774095809551908,0.0007009563621633723
20260915,P_FWD_BC,C_IS_BC,3,terminal_H,clip_0_1,1536,-0.0003612876042579635,-4.4426308755118394e-05
20260915,P_FWD_BC,C_IS_BC,3,terminal_H,clip_0_1,1548,-0.0010981362859436917,-0.00026352318307014584
20260915,P_FWD_BC,C_IS_BC,3,path_1_to_H,raw,1392,-0.00220425154327508,-0.0003413370713987304
20260915,P_FWD_BC,C_IS_BC,3,path_1_to_H,raw,1404,0.0011489750522401224,3.913940496579469e-05
20260915,P_FWD_BC,C_IS_BC,3,path_1_to_H,raw,1416,0.0005914988752032278,4.94245626908428e-06
20260915,P_FWD_BC,C_IS_BC,3,path_1_to_H,raw,1428,0.0006449642254729831,2.3875759591983287e-05
20260915,P_FWD_BC,C_IS_BC,3,path_1_to_H,raw,1440,-0.0009174693868422405,-0.00012014010275384138
20260915,P_FWD_BC,C_IS_BC,3,path_1_to_H,raw,1452,-6.999562632366098e-05,-2.2076647353792235e-05
20260915,P_FWD_BC,C_IS_BC,3,path_1_to_H,raw,1464,0.005195107818315854,0.0030118441700852333
20260915,P_FWD_BC,C_IS_BC,3,path_1_to_H,raw,1476,0.0007433492026480362,0.0002533006944494933
20260915,P_FWD_BC,C_IS_BC,3,path_1_to_H,raw,1488,0.0012144415578690328,3.7928168851419446e-05
20260915,P_FWD_BC,C_IS_BC,3,path_1_to_H,raw,1500,-0.00020025525517398468,-9.639221564551897e-05
20260915,P_FWD_BC,C_IS_BC,3,path_1_to_H,raw,1512,0.0019663603317450432,0.001187816894610525
20260915,P_FWD_BC,C_IS_BC,3,path_1_to_H,raw,1524,0.0019366983851471676,0.0002986545032036428
20260915,P_FWD_BC,C_IS_BC,3,path_1_to_H,raw,1536,-0.00027959937697457043,-5.318736327924658e-05
20260915,P_FWD_BC,C_IS_BC,3,path_1_to_H,raw,1548,-0.0007685280284444716,-0.00013787427773782041
20260915,P_FWD_BC,C_IS_BC,3,path_1_to_H,clip_0_1,1392,-0.0022423906580320077,-0.0003433521276362341
20260915,P_FWD_BC,C_IS_BC,3,path_1_to_H,clip_0_1,1404,0.0011457946411167607,3.912378890878661e-05
20260915,P_FWD_BC,C_IS_BC,3,path_1_to_H,clip_0_1,1416,0.0005911774003755443,4.98079640151889e-06
20260915,P_FWD_BC,C_IS_BC,3,path_1_to_H,clip_0_1,1428,0.0006371005530964377,2.3842741407681027e-05
20260915,P_FWD_BC,C_IS_BC,3,path_1_to_H,clip_0_1,1440,-0.0009433035724038164,-0.00012047579458739087
20260915,P_FWD_BC,C_IS_BC,3,path_1_to_H,clip_0_1,1452,-4.4509638175779105e-05,-2.1805725472448647e-05
20260915,P_FWD_BC,C_IS_BC,3,path_1_to_H,clip_0_1,1464,0.005140753143095268,0.003008124131170366
20260915,P_FWD_BC,C_IS_BC,3,path_1_to_H,clip_0_1,1476,0.0007541779918971449,0.00025338903434553675
20260915,P_FWD_BC,C_IS_BC,3,path_1_to_H,clip_0_1,1488,0.0012134029617797055,3.7927705608229714e-05
20260915,P_FWD_BC,C_IS_BC,3,path_1_to_H,clip_0_1,1500,-0.0002010736234547812,-9.71731173885228e-05
20260915,P_FWD_BC,C_IS_BC,3,path_1_to_H,clip_0_1,1512,0.0019372151017311493,0.0011774179892436107
20260915,P_FWD_BC,C_IS_BC,3,path_1_to_H,clip_0_1,1524,0.0019232753502370114,0.00029818339054274955
20260915,P_FWD_BC,C_IS_BC,3,path_1_to_H,clip_0_1,1536,-0.00027959937697457043,-5.318736327924658e-05
20260915,P_FWD_BC,C_IS_BC,3,path_1_to_H,clip_0_1,1548,-0.0007685280284444716,-0.00013787427773782041
20260915,P_FWD_BC,C_IS_BC,6,terminal_H,raw,1392,-0.0031528994874346033,-0.00048209456990896173
20260915,P_FWD_BC,C_IS_BC,6,terminal_H,raw,1404,0.0022265597769482535,0.0001391991325537141
20260915,P_FWD_BC,C_IS_BC,6,terminal_H,raw,1416,0.0009819375116986919,0.00019945176156471045
20260915,P_FWD_BC,C_IS_BC,6,terminal_H,raw,1428,0.0009507094346557331,-6.670086350889023e-05
20260915,P_FWD_BC,C_IS_BC,6,terminal_H,raw,1440,-0.003685260532250664,-0.00042851428097300583
20260915,P_FWD_BC,C_IS_BC,6,terminal_H,raw,1452,0.00042714920385589694,0.00014661884706548278
20260915,P_FWD_BC,C_IS_BC,6,terminal_H,raw,1464,0.00888745459129839,0.00534299849140991
20260915,P_FWD_BC,C_IS_BC,6,terminal_H,raw,1476,-0.0014454197186433027,0.00019327458038364125
20260915,P_FWD_BC,C_IS_BC,6,terminal_H,raw,1488,0.0025517466133173354,0.00031607596458826367
20260915,P_FWD_BC,C_IS_BC,6,terminal_H,raw,1500,-0.005111016670523984,-0.0008662530691877385
20260915,P_FWD_BC,C_IS_BC,6,terminal_H,raw,1512,0.007078063422662874,0.003860625345171042
20260915,P_FWD_BC,C_IS_BC,6,terminal_H,raw,1524,0.008478130834823128,0.0027163373592214404
20260915,P_FWD_BC,C_IS_BC,6,terminal_H,raw,1536,0.006286359304146292,0.001331867710992423
20260915,P_FWD_BC,C_IS_BC,6,terminal_H,raw,1548,-0.0034029294377978404,-0.0009321578653028723
20260915,P_FWD_BC,C_IS_BC,6,terminal_H,clip_0_1,1392,-0.0031940883214178605,-0.0004825611129213093
20260915,P_FWD_BC,C_IS_BC,6,terminal_H,clip_0_1,1404,0.002215111191160179,0.00013916308827166372
20260915,P_FWD_BC,C_IS_BC,6,terminal_H,clip_0_1,1416,0.0009819375116986919,0.00019945176156471045
20260915,P_FWD_BC,C_IS_BC,6,terminal_H,clip_0_1,1428,0.0009657888493966451,-6.641881722306815e-05
20260915,P_FWD_BC,C_IS_BC,6,terminal_H,clip_0_1,1440,-0.0037751254116438495,-0.0004307350975238025
20260915,P_FWD_BC,C_IS_BC,6,terminal_H,clip_0_1,1452,0.0004487764960679523,0.00014674747550179982
20260915,P_FWD_BC,C_IS_BC,6,terminal_H,clip_0_1,1464,0.008702069951421202,0.005327352335752055
20260915,P_FWD_BC,C_IS_BC,6,terminal_H,clip_0_1,1476,-0.0014319896453486756,0.0001933241812725335
20260915,P_FWD_BC,C_IS_BC,6,terminal_H,clip_0_1,1488,0.0025517466133173354,0.00031607596458826367
20260915,P_FWD_BC,C_IS_BC,6,terminal_H,clip_0_1,1500,-0.005111016670523984,-0.0008662530691877385
20260915,P_FWD_BC,C_IS_BC,6,terminal_H,clip_0_1,1512,0.007078063422662874,0.003860625345171042
20260915,P_FWD_BC,C_IS_BC,6,terminal_H,clip_0_1,1524,0.008478130834823128,0.0027163373592214404
20260915,P_FWD_BC,C_IS_BC,6,terminal_H,clip_0_1,1536,0.006286359304146292,0.001331867710992423
20260915,P_FWD_BC,C_IS_BC,6,terminal_H,clip_0_1,1548,-0.0034029294377978404,-0.0009321578653028723
20260915,P_FWD_BC,C_IS_BC,6,path_1_to_H,raw,1392,-0.002369013600299743,-0.00037838913285464994
20260915,P_FWD_BC,C_IS_BC,6,path_1_to_H,raw,1404,0.00154618677191281,9.304962830270431e-05
20260915,P_FWD_BC,C_IS_BC,6,path_1_to_H,raw,1416,0.0004303366593898904,3.8741139501256935e-05
20260915,P_FWD_BC,C_IS_BC,6,path_1_to_H,raw,1428,0.0007373245004680024,3.387677511297543e-06
20260915,P_FWD_BC,C_IS_BC,6,path_1_to_H,raw,1440,-0.002838126298430504,-0.00024569123140471633
20260915,P_FWD_BC,C_IS_BC,6,path_1_to_H,raw,1452,9.552367530245579e-05,4.1677153597845835e-05
20260915,P_FWD_BC,C_IS_BC,6,path_1_to_H,raw,1464,0.0066085018397500665,0.0038440971410214453
20260915,P_FWD_BC,C_IS_BC,6,path_1_to_H,raw,1476,-8.231402642623639e-05,0.00020342834670992048
20260915,P_FWD_BC,C_IS_BC,6,path_1_to_H,raw,1488,0.001708473609861987,0.00014315928604500522
20260915,P_FWD_BC,C_IS_BC,6,path_1_to_H,raw,1500,-0.001936629661428035,-0.0003752122077068294
20260915,P_FWD_BC,C_IS_BC,6,path_1_to_H,raw,1512,0.003883042247049083,0.0022839163799177014
20260915,P_FWD_BC,C_IS_BC,6,path_1_to_H,raw,1524,0.005313311599680037,0.002348043084724444
20260915,P_FWD_BC,C_IS_BC,6,path_1_to_H,raw,1536,0.0013542204801176177,0.00024026222704937345
20260915,P_FWD_BC,C_IS_BC,6,path_1_to_H,raw,1548,-0.0017331582182931922,-0.0003779606895608564
20260915,P_FWD_BC,C_IS_BC,6,path_1_to_H,clip_0_1,1392,-0.0024103874657422975,-0.0003797216302253371
20260915,P_FWD_BC,C_IS_BC,6,path_1_to_H,clip_0_1,1404,0.0015426884687197834,9.303581289385851e-05
20260915,P_FWD_BC,C_IS_BC,6,path_1_to_H,clip_0_1,1416,0.00042820636358299535,3.8753908953039226e-05
20260915,P_FWD_BC,C_IS_BC,6,path_1_to_H,clip_0_1,1428,0.0007359059000698818,3.418176133450092e-06
20260915,P_FWD_BC,C_IS_BC,6,path_1_to_H,clip_0_1,1440,-0.002885588929728076,-0.00024656343796223103
20260915,P_FWD_BC,C_IS_BC,6,path_1_to_H,clip_0_1,1452,0.00011917367343451381,4.1879487395539133e-05
20260915,P_FWD_BC,C_IS_BC,6,path_1_to_H,clip_0_1,1464,0.006497585801458084,0.003836220731607075
20260915,P_FWD_BC,C_IS_BC,6,path_1_to_H,clip_0_1,1476,-6.628247348110496e-05,0.00020354103165654076
20260915,P_FWD_BC,C_IS_BC,6,path_1_to_H,clip_0_1,1488,0.001707954311817323,0.00014315905442341035
20260915,P_FWD_BC,C_IS_BC,6,path_1_to_H,clip_0_1,1500,-0.001937193090669943,-0.00037562326384899826
20260915,P_FWD_BC,C_IS_BC,6,path_1_to_H,clip_0_1,1512,0.0038684696320421368,0.0022787169272342443
20260915,P_FWD_BC,C_IS_BC,6,path_1_to_H,clip_0_1,1524,0.0053066000822249585,0.0023478075283939973
20260915,P_FWD_BC,C_IS_BC,6,path_1_to_H,clip_0_1,1536,0.0013542204801176177,0.00024026222704937345
20260915,P_FWD_BC,C_IS_BC,6,path_1_to_H,clip_0_1,1548,-0.0017331582182931922,-0.0003779606895608564
20260915,P_FWD_BC,C_IS_BC,9,terminal_H,raw,1392,-0.0005612279260411865,-0.0002940373875125337
20260915,P_FWD_BC,C_IS_BC,9,terminal_H,raw,1404,0.004237063914283103,0.0003074041391828819
20260915,P_FWD_BC,C_IS_BC,9,terminal_H,raw,1416,0.001943204516399525,0.00041004641974134895
20260915,P_FWD_BC,C_IS_BC,9,terminal_H,raw,1428,0.001274723491549442,0.0001351918547174093
20260915,P_FWD_BC,C_IS_BC,9,terminal_H,raw,1440,0.0013794412825897445,-3.5758764893921624e-05
20260915,P_FWD_BC,C_IS_BC,9,terminal_H,raw,1452,0.0019835768753604707,7.94246032825439e-05
20260915,P_FWD_BC,C_IS_BC,9,terminal_H,raw,1464,0.006884525086956288,0.004608754863821202
20260915,P_FWD_BC,C_IS_BC,9,terminal_H,raw,1476,-0.0017727053231577892,0.00016539887232976303
20260915,P_FWD_BC,C_IS_BC,9,terminal_H,raw,1488,0.0019368213790486384,6.938740401230757e-05
20260915,P_FWD_BC,C_IS_BC,9,terminal_H,raw,1500,-0.0039776366671053455,-0.0007505796616263647
20260915,P_FWD_BC,C_IS_BC,9,terminal_H,raw,1512,0.006769903128462674,0.0027765032231982165
20260915,P_FWD_BC,C_IS_BC,9,terminal_H,raw,1524,0.012304616978303035,0.004145589451090139
20260915,P_FWD_BC,C_IS_BC,9,terminal_H,raw,1536,0.004866754770641942,0.0012749598006369337
20260915,P_FWD_BC,C_IS_BC,9,terminal_H,raw,1548,0.0015593448367107667,0.00010791444766981013
20260915,P_FWD_BC,C_IS_BC,9,terminal_H,clip_0_1,1392,-0.0005612279260411865,-0.0002940373875125337
20260915,P_FWD_BC,C_IS_BC,9,terminal_H,clip_0_1,1404,0.004175628173433112,0.0003063661928630904
20260915,P_FWD_BC,C_IS_BC,9,terminal_H,clip_0_1,1416,0.001943204516399525,0.00041004641974134895
20260915,P_FWD_BC,C_IS_BC,9,terminal_H,clip_0_1,1428,0.0012691843278660997,0.00013508765841035764
20260915,P_FWD_BC,C_IS_BC,9,terminal_H,clip_0_1,1440,0.0013113364428351199,-3.703428892337247e-05
20260915,P_FWD_BC,C_IS_BC,9,terminal_H,clip_0_1,1452,0.001964236473708741,7.875950418708092e-05
20260915,P_FWD_BC,C_IS_BC,9,terminal_H,clip_0_1,1464,0.006874568303752522,0.004608727600999965
20260915,P_FWD_BC,C_IS_BC,9,terminal_H,clip_0_1,1476,-0.0017727053231577892,0.00016539887232976303
20260915,P_FWD_BC,C_IS_BC,9,terminal_H,clip_0_1,1488,0.0019368213790486384,6.938740401230757e-05
20260915,P_FWD_BC,C_IS_BC,9,terminal_H,clip_0_1,1500,-0.0039776366671053455,-0.0007505796616263647
20260915,P_FWD_BC,C_IS_BC,9,terminal_H,clip_0_1,1512,0.006769903128462674,0.0027765032231982165
20260915,P_FWD_BC,C_IS_BC,9,terminal_H,clip_0_1,1524,0.012304616978303035,0.004145589451090139
20260915,P_FWD_BC,C_IS_BC,9,terminal_H,clip_0_1,1536,0.004866754770641942,0.0012749598006369337
20260915,P_FWD_BC,C_IS_BC,9,terminal_H,clip_0_1,1548,0.0015593448367107667,0.00010791444766981013
20260915,P_FWD_BC,C_IS_BC,9,path_1_to_H,raw,1392,-0.0019447107068034392,-0.00022245860838943356
20260915,P_FWD_BC,C_IS_BC,9,path_1_to_H,raw,1404,0.0021390189795409287,0.00013883666177368133
20260915,P_FWD_BC,C_IS_BC,9,path_1_to_H,raw,1416,0.0009049738658353635,0.00012562729770452058
20260915,P_FWD_BC,C_IS_BC,9,path_1_to_H,raw,1428,0.0010719681880138865,6.485808134202248e-05
20260915,P_FWD_BC,C_IS_BC,9,path_1_to_H,raw,1440,-0.0006380112301183062,-0.00010301988211747903
20260915,P_FWD_BC,C_IS_BC,9,path_1_to_H,raw,1452,0.00045788074099850694,5.9694330049958495e-05
20260915,P_FWD_BC,C_IS_BC,9,path_1_to_H,raw,1464,0.006874946880961974,0.004234572359887752
20260915,P_FWD_BC,C_IS_BC,9,path_1_to_H,raw,1476,-0.0006272663547880191,0.000168596633540143
20260915,P_FWD_BC,C_IS_BC,9,path_1_to_H,raw,1488,0.0017662568931670285,0.00010838307856664673
20260915,P_FWD_BC,C_IS_BC,9,path_1_to_H,raw,1500,-0.002535120354439252,-0.0004561249433185202
20260915,P_FWD_BC,C_IS_BC,9,path_1_to_H,raw,1512,0.004801251049035926,0.0026138123049244118
20260915,P_FWD_BC,C_IS_BC,9,path_1_to_H,raw,1524,0.007034981926093569,0.0026978126765606603
20260915,P_FWD_BC,C_IS_BC,9,path_1_to_H,raw,1536,0.0022501629340678456,0.0005211648508088302
20260915,P_FWD_BC,C_IS_BC,9,path_1_to_H,raw,1548,-0.001416361044783233,-0.00036071814627530345
20260915,P_FWD_BC,C_IS_BC,9,path_1_to_H,clip_0_1,1392,-0.0019728663126536736,-0.0002233477526661068
20260915,P_FWD_BC,C_IS_BC,9,path_1_to_H,clip_0_1,1404,0.0021242047844842946,0.00013863560126176297
20260915,P_FWD_BC,C_IS_BC,9,path_1_to_H,clip_0_1,1416,0.0009032225802482602,0.00012563553936407077
20260915,P_FWD_BC,C_IS_BC,9,path_1_to_H,clip_0_1,1428,0.0010725352974237812,6.482386830607392e-05
20260915,P_FWD_BC,C_IS_BC,9,path_1_to_H,clip_0_1,1440,-0.0006918265649804174,-0.00010400814730308539
20260915,P_FWD_BC,C_IS_BC,9,path_1_to_H,clip_0_1,1452,0.00047005927707178424,5.968143928061784e-05
20260915,P_FWD_BC,C_IS_BC,9,path_1_to_H,clip_0_1,1464,0.006791644855398103,0.0042289375319238326
20260915,P_FWD_BC,C_IS_BC,9,path_1_to_H,clip_0_1,1476,-0.0006159942496162266,0.00016867260211748703
20260915,P_FWD_BC,C_IS_BC,9,path_1_to_H,clip_0_1,1488,0.001765910694470586,0.00010838292415225015
20260915,P_FWD_BC,C_IS_BC,9,path_1_to_H,clip_0_1,1500,-0.002535495973933857,-0.00045639898074663284
20260915,P_FWD_BC,C_IS_BC,9,path_1_to_H,clip_0_1,1512,0.004791535972364628,0.00261034600313544
20260915,P_FWD_BC,C_IS_BC,9,path_1_to_H,clip_0_1,1524,0.007030507581123517,0.002697655639007029
20260915,P_FWD_BC,C_IS_BC,9,path_1_to_H,clip_0_1,1536,0.0022501629340678456,0.0005211648508088302
20260915,P_FWD_BC,C_IS_BC,9,path_1_to_H,clip_0_1,1548,-0.001416361044783233,-0.00036071814627530345
20260915,P_FWD_BC,C_IS_BC,12,terminal_H,raw,1392,-0.0014609806104959574,-0.00035894188174485236
20260915,P_FWD_BC,C_IS_BC,12,terminal_H,raw,1404,0.003534134269834463,0.00018933709178887517
20260915,P_FWD_BC,C_IS_BC,12,terminal_H,raw,1416,0.0013126333873657724,0.00016921578627856094
20260915,P_FWD_BC,C_IS_BC,12,terminal_H,raw,1428,-0.0008570842356625359,-2.0312262584919687e-05
20260915,P_FWD_BC,C_IS_BC,12,terminal_H,raw,1440,-0.0015487934790840503,-2.064058085860016e-06
20260915,P_FWD_BC,C_IS_BC,12,terminal_H,raw,1452,0.0004503291658021328,-5.307379740948592e-06
20260915,P_FWD_BC,C_IS_BC,12,terminal_H,raw,1464,0.007001212001612561,0.004474674386961096
20260915,P_FWD_BC,C_IS_BC,12,terminal_H,raw,1476,-0.0019410577884673766,-1.7684190071108506e-05
20260915,P_FWD_BC,C_IS_BC,12,terminal_H,raw,1488,0.001806934247974795,0.0005616797567444191
20260915,P_FWD_BC,C_IS_BC,12,terminal_H,raw,1500,-0.00413752870098184,4.044094261190416e-05
20260915,P_FWD_BC,C_IS_BC,12,terminal_H,raw,1512,0.004772678984058666,0.0015083669106208599
20260915,P_FWD_BC,C_IS_BC,12,terminal_H,raw,1524,0.011218600583728613,0.004218098740008941
20260915,P_FWD_BC,C_IS_BC,12,terminal_H,raw,1536,0.004760278059801458,0.0012892497247411682
20260915,P_FWD_BC,C_IS_BC,12,terminal_H,raw,1548,0.0020646459062984217,0.0003563404641325994
20260915,P_FWD_BC,C_IS_BC,12,terminal_H,clip_0_1,1392,-0.0014609806104959574,-0.00035894188174485236
20260915,P_FWD_BC,C_IS_BC,12,terminal_H,clip_0_1,1404,0.003429877830232072,0.00017890111648333947
20260915,P_FWD_BC,C_IS_BC,12,terminal_H,clip_0_1,1416,0.0013126333873657724,0.00016921578627856094
20260915,P_FWD_BC,C_IS_BC,12,terminal_H,clip_0_1,1428,-0.0008272687272120069,-1.871762315066383e-05
20260915,P_FWD_BC,C_IS_BC,12,terminal_H,clip_0_1,1440,-0.0015487934790840503,-2.064058085860016e-06
20260915,P_FWD_BC,C_IS_BC,12,terminal_H,clip_0_1,1452,0.0004647609326601788,-4.843474535388453e-06
20260915,P_FWD_BC,C_IS_BC,12,terminal_H,clip_0_1,1464,0.007001212001612561,0.004474674386961096
20260915,P_FWD_BC,C_IS_BC,12,terminal_H,clip_0_1,1476,-0.0019410577884673766,-1.7684190071108506e-05
20260915,P_FWD_BC,C_IS_BC,12,terminal_H,clip_0_1,1488,0.001806934247974795,0.0005616797567444191
20260915,P_FWD_BC,C_IS_BC,12,terminal_H,clip_0_1,1500,-0.00413752870098184,4.044094261190416e-05
20260915,P_FWD_BC,C_IS_BC,12,terminal_H,clip_0_1,1512,0.004772678984058666,0.0015083669106208599
20260915,P_FWD_BC,C_IS_BC,12,terminal_H,clip_0_1,1524,0.011218600583728613,0.004218098740008941
20260915,P_FWD_BC,C_IS_BC,12,terminal_H,clip_0_1,1536,0.004760278059801458,0.0012892497247411682
20260915,P_FWD_BC,C_IS_BC,12,terminal_H,clip_0_1,1548,0.0021710726942651003,0.00037097375566025597
20260915,P_FWD_BC,C_IS_BC,12,path_1_to_H,raw,1392,-0.0015736571744064786,-0.00020376935434464758
20260915,P_FWD_BC,C_IS_BC,12,path_1_to_H,raw,1404,0.002579021839797823,0.0001527950851325341
20260915,P_FWD_BC,C_IS_BC,12,path_1_to_H,raw,1416,0.001171951358597795,0.00017842228933511223
20260915,P_FWD_BC,C_IS_BC,12,path_1_to_H,raw,1428,0.0006957534639481646,4.3585307727807066e-05
20260915,P_FWD_BC,C_IS_BC,12,path_1_to_H,raw,1440,-0.000763202138944528,-8.534845709809134e-05
20260915,P_FWD_BC,C_IS_BC,12,path_1_to_H,raw,1452,0.0006225190991776669,6.729922090139614e-05
20260915,P_FWD_BC,C_IS_BC,12,path_1_to_H,raw,1464,0.007030451248963057,0.004329035030745021
20260915,P_FWD_BC,C_IS_BC,12,path_1_to_H,raw,1476,-0.0009564325625353958,0.00013172115121126262
20260915,P_FWD_BC,C_IS_BC,12,path_1_to_H,raw,1488,0.0018298550756185212,0.0002148878304134809
20260915,P_FWD_BC,C_IS_BC,12,path_1_to_H,raw,1500,-0.0029840649229653723,-0.0004768566145495231
20260915,P_FWD_BC,C_IS_BC,12,path_1_to_H,raw,1512,0.004924217400933996,0.002377804955919255
20260915,P_FWD_BC,C_IS_BC,12,path_1_to_H,raw,1524,0.007887118712172398,0.0030346022309202247
20260915,P_FWD_BC,C_IS_BC,12,path_1_to_H,raw,1536,0.0024182191392304393,0.0006476392739977289
20260915,P_FWD_BC,C_IS_BC,12,path_1_to_H,raw,1548,-0.0008085541994700574,-0.0002175021243732334
20260915,P_FWD_BC,C_IS_BC,12,path_1_to_H,clip_0_1,1392,-0.001594773878794154,-0.00020443621255215245
20260915,P_FWD_BC,C_IS_BC,12,path_1_to_H,clip_0_1,1404,0.0025525585631574663,0.00015127491911037287
20260915,P_FWD_BC,C_IS_BC,12,path_1_to_H,clip_0_1,1416,0.0011706378944074676,0.0001784284705797749
20260915,P_FWD_BC,C_IS_BC,12,path_1_to_H,clip_0_1,1428,0.0007066233863713165,4.461002977078838e-05
20260915,P_FWD_BC,C_IS_BC,12,path_1_to_H,clip_0_1,1440,-0.0008035636400911113,-8.60896559872961e-05
20260915,P_FWD_BC,C_IS_BC,12,path_1_to_H,clip_0_1,1452,0.0006331662758087697,6.733752739163687e-05
20260915,P_FWD_BC,C_IS_BC,12,path_1_to_H,clip_0_1,1464,0.006967974729790154,0.004324808909772081
20260915,P_FWD_BC,C_IS_BC,12,path_1_to_H,clip_0_1,1476,-0.0009471523379315269,0.00013178037994957524
20260915,P_FWD_BC,C_IS_BC,12,path_1_to_H,clip_0_1,1488,0.0018295954265961894,0.00021488771460268348
20260915,P_FWD_BC,C_IS_BC,12,path_1_to_H,clip_0_1,1500,-0.0029843466375863263,-0.00047706214262060754
20260915,P_FWD_BC,C_IS_BC,12,path_1_to_H,clip_0_1,1512,0.004916931093430522,0.0023752052295775263
20260915,P_FWD_BC,C_IS_BC,12,path_1_to_H,clip_0_1,1524,0.007883762953444859,0.0030344844527550015
20260915,P_FWD_BC,C_IS_BC,12,path_1_to_H,clip_0_1,1536,0.0024182191392304393,0.0006476392739977289
20260915,P_FWD_BC,C_IS_BC,12,path_1_to_H,clip_0_1,1548,-0.0007846302692913372,-0.0002130283371063712
20260915,P_FWD_BC,C_FWD_BC,3,terminal_H,raw,1392,0.0,0.0
20260915,P_FWD_BC,C_FWD_BC,3,terminal_H,raw,1404,0.0,0.0
20260915,P_FWD_BC,C_FWD_BC,3,terminal_H,raw,1416,0.0,0.0
20260915,P_FWD_BC,C_FWD_BC,3,terminal_H,raw,1428,0.0,0.0
20260915,P_FWD_BC,C_FWD_BC,3,terminal_H,raw,1440,0.0,0.0
20260915,P_FWD_BC,C_FWD_BC,3,terminal_H,raw,1452,0.0,0.0
20260915,P_FWD_BC,C_FWD_BC,3,terminal_H,raw,1464,0.0,0.0
20260915,P_FWD_BC,C_FWD_BC,3,terminal_H,raw,1476,0.0,0.0
20260915,P_FWD_BC,C_FWD_BC,3,terminal_H,raw,1488,0.0,0.0
20260915,P_FWD_BC,C_FWD_BC,3,terminal_H,raw,1500,0.0,0.0
20260915,P_FWD_BC,C_FWD_BC,3,terminal_H,raw,1512,0.0,0.0
20260915,P_FWD_BC,C_FWD_BC,3,terminal_H,raw,1524,0.0,0.0
20260915,P_FWD_BC,C_FWD_BC,3,terminal_H,raw,1536,0.0,0.0
20260915,P_FWD_BC,C_FWD_BC,3,terminal_H,raw,1548,0.0,0.0
20260915,P_FWD_BC,C_FWD_BC,3,terminal_H,clip_0_1,1392,0.0,0.0
20260915,P_FWD_BC,C_FWD_BC,3,terminal_H,clip_0_1,1404,0.0,0.0
20260915,P_FWD_BC,C_FWD_BC,3,terminal_H,clip_0_1,1416,0.0,0.0
20260915,P_FWD_BC,C_FWD_BC,3,terminal_H,clip_0_1,1428,0.0,0.0
20260915,P_FWD_BC,C_FWD_BC,3,terminal_H,clip_0_1,1440,0.0,0.0
20260915,P_FWD_BC,C_FWD_BC,3,terminal_H,clip_0_1,1452,0.0,0.0
20260915,P_FWD_BC,C_FWD_BC,3,terminal_H,clip_0_1,1464,0.0,0.0
20260915,P_FWD_BC,C_FWD_BC,3,terminal_H,clip_0_1,1476,0.0,0.0
20260915,P_FWD_BC,C_FWD_BC,3,terminal_H,clip_0_1,1488,0.0,0.0
20260915,P_FWD_BC,C_FWD_BC,3,terminal_H,clip_0_1,1500,0.0,0.0
20260915,P_FWD_BC,C_FWD_BC,3,terminal_H,clip_0_1,1512,0.0,0.0
20260915,P_FWD_BC,C_FWD_BC,3,terminal_H,clip_0_1,1524,0.0,0.0
20260915,P_FWD_BC,C_FWD_BC,3,terminal_H,clip_0_1,1536,0.0,0.0
20260915,P_FWD_BC,C_FWD_BC,3,terminal_H,clip_0_1,1548,0.0,0.0
20260915,P_FWD_BC,C_FWD_BC,3,path_1_to_H,raw,1392,0.0,0.0
20260915,P_FWD_BC,C_FWD_BC,3,path_1_to_H,raw,1404,0.0,0.0
20260915,P_FWD_BC,C_FWD_BC,3,path_1_to_H,raw,1416,0.0,0.0
20260915,P_FWD_BC,C_FWD_BC,3,path_1_to_H,raw,1428,0.0,0.0
20260915,P_FWD_BC,C_FWD_BC,3,path_1_to_H,raw,1440,0.0,0.0
20260915,P_FWD_BC,C_FWD_BC,3,path_1_to_H,raw,1452,0.0,0.0
20260915,P_FWD_BC,C_FWD_BC,3,path_1_to_H,raw,1464,0.0,0.0
20260915,P_FWD_BC,C_FWD_BC,3,path_1_to_H,raw,1476,0.0,0.0
20260915,P_FWD_BC,C_FWD_BC,3,path_1_to_H,raw,1488,0.0,0.0
20260915,P_FWD_BC,C_FWD_BC,3,path_1_to_H,raw,1500,0.0,0.0
20260915,P_FWD_BC,C_FWD_BC,3,path_1_to_H,raw,1512,0.0,0.0
20260915,P_FWD_BC,C_FWD_BC,3,path_1_to_H,raw,1524,0.0,0.0
20260915,P_FWD_BC,C_FWD_BC,3,path_1_to_H,raw,1536,0.0,0.0
20260915,P_FWD_BC,C_FWD_BC,3,path_1_to_H,raw,1548,0.0,0.0
20260915,P_FWD_BC,C_FWD_BC,3,path_1_to_H,clip_0_1,1392,0.0,0.0
20260915,P_FWD_BC,C_FWD_BC,3,path_1_to_H,clip_0_1,1404,0.0,0.0
20260915,P_FWD_BC,C_FWD_BC,3,path_1_to_H,clip_0_1,1416,0.0,0.0
20260915,P_FWD_BC,C_FWD_BC,3,path_1_to_H,clip_0_1,1428,0.0,0.0
20260915,P_FWD_BC,C_FWD_BC,3,path_1_to_H,clip_0_1,1440,0.0,0.0
20260915,P_FWD_BC,C_FWD_BC,3,path_1_to_H,clip_0_1,1452,0.0,0.0
20260915,P_FWD_BC,C_FWD_BC,3,path_1_to_H,clip_0_1,1464,0.0,0.0
20260915,P_FWD_BC,C_FWD_BC,3,path_1_to_H,clip_0_1,1476,0.0,0.0
20260915,P_FWD_BC,C_FWD_BC,3,path_1_to_H,clip_0_1,1488,0.0,0.0
20260915,P_FWD_BC,C_FWD_BC,3,path_1_to_H,clip_0_1,1500,0.0,0.0
20260915,P_FWD_BC,C_FWD_BC,3,path_1_to_H,clip_0_1,1512,0.0,0.0
20260915,P_FWD_BC,C_FWD_BC,3,path_1_to_H,clip_0_1,1524,0.0,0.0
20260915,P_FWD_BC,C_FWD_BC,3,path_1_to_H,clip_0_1,1536,0.0,0.0
20260915,P_FWD_BC,C_FWD_BC,3,path_1_to_H,clip_0_1,1548,0.0,0.0
20260915,P_FWD_BC,C_FWD_BC,6,terminal_H,raw,1392,0.0,0.0
20260915,P_FWD_BC,C_FWD_BC,6,terminal_H,raw,1404,0.0,0.0
20260915,P_FWD_BC,C_FWD_BC,6,terminal_H,raw,1416,0.0,0.0
20260915,P_FWD_BC,C_FWD_BC,6,terminal_H,raw,1428,0.0,0.0
20260915,P_FWD_BC,C_FWD_BC,6,terminal_H,raw,1440,0.0,0.0
20260915,P_FWD_BC,C_FWD_BC,6,terminal_H,raw,1452,0.0,0.0
20260915,P_FWD_BC,C_FWD_BC,6,terminal_H,raw,1464,0.0,0.0
20260915,P_FWD_BC,C_FWD_BC,6,terminal_H,raw,1476,0.0,0.0
20260915,P_FWD_BC,C_FWD_BC,6,terminal_H,raw,1488,0.0,0.0
20260915,P_FWD_BC,C_FWD_BC,6,terminal_H,raw,1500,0.0,0.0
20260915,P_FWD_BC,C_FWD_BC,6,terminal_H,raw,1512,0.0,0.0
20260915,P_FWD_BC,C_FWD_BC,6,terminal_H,raw,1524,0.0,0.0
20260915,P_FWD_BC,C_FWD_BC,6,terminal_H,raw,1536,0.0,0.0
20260915,P_FWD_BC,C_FWD_BC,6,terminal_H,raw,1548,0.0,0.0
20260915,P_FWD_BC,C_FWD_BC,6,terminal_H,clip_0_1,1392,0.0,0.0
20260915,P_FWD_BC,C_FWD_BC,6,terminal_H,clip_0_1,1404,0.0,0.0
20260915,P_FWD_BC,C_FWD_BC,6,terminal_H,clip_0_1,1416,0.0,0.0
20260915,P_FWD_BC,C_FWD_BC,6,terminal_H,clip_0_1,1428,0.0,0.0
20260915,P_FWD_BC,C_FWD_BC,6,terminal_H,clip_0_1,1440,0.0,0.0
20260915,P_FWD_BC,C_FWD_BC,6,terminal_H,clip_0_1,1452,0.0,0.0
20260915,P_FWD_BC,C_FWD_BC,6,terminal_H,clip_0_1,1464,0.0,0.0
20260915,P_FWD_BC,C_FWD_BC,6,terminal_H,clip_0_1,1476,0.0,0.0
20260915,P_FWD_BC,C_FWD_BC,6,terminal_H,clip_0_1,1488,0.0,0.0
20260915,P_FWD_BC,C_FWD_BC,6,terminal_H,clip_0_1,1500,0.0,0.0
20260915,P_FWD_BC,C_FWD_BC,6,terminal_H,clip_0_1,1512,0.0,0.0
20260915,P_FWD_BC,C_FWD_BC,6,terminal_H,clip_0_1,1524,0.0,0.0
20260915,P_FWD_BC,C_FWD_BC,6,terminal_H,clip_0_1,1536,0.0,0.0
20260915,P_FWD_BC,C_FWD_BC,6,terminal_H,clip_0_1,1548,0.0,0.0
20260915,P_FWD_BC,C_FWD_BC,6,path_1_to_H,raw,1392,0.0,0.0
20260915,P_FWD_BC,C_FWD_BC,6,path_1_to_H,raw,1404,0.0,0.0
20260915,P_FWD_BC,C_FWD_BC,6,path_1_to_H,raw,1416,0.0,0.0
20260915,P_FWD_BC,C_FWD_BC,6,path_1_to_H,raw,1428,0.0,0.0
20260915,P_FWD_BC,C_FWD_BC,6,path_1_to_H,raw,1440,0.0,0.0
20260915,P_FWD_BC,C_FWD_BC,6,path_1_to_H,raw,1452,0.0,0.0
20260915,P_FWD_BC,C_FWD_BC,6,path_1_to_H,raw,1464,0.0,0.0
20260915,P_FWD_BC,C_FWD_BC,6,path_1_to_H,raw,1476,0.0,0.0
20260915,P_FWD_BC,C_FWD_BC,6,path_1_to_H,raw,1488,0.0,0.0
20260915,P_FWD_BC,C_FWD_BC,6,path_1_to_H,raw,1500,0.0,0.0
20260915,P_FWD_BC,C_FWD_BC,6,path_1_to_H,raw,1512,0.0,0.0
20260915,P_FWD_BC,C_FWD_BC,6,path_1_to_H,raw,1524,0.0,0.0
20260915,P_FWD_BC,C_FWD_BC,6,path_1_to_H,raw,1536,0.0,0.0
20260915,P_FWD_BC,C_FWD_BC,6,path_1_to_H,raw,1548,0.0,0.0
20260915,P_FWD_BC,C_FWD_BC,6,path_1_to_H,clip_0_1,1392,0.0,0.0
20260915,P_FWD_BC,C_FWD_BC,6,path_1_to_H,clip_0_1,1404,0.0,0.0
20260915,P_FWD_BC,C_FWD_BC,6,path_1_to_H,clip_0_1,1416,0.0,0.0
20260915,P_FWD_BC,C_FWD_BC,6,path_1_to_H,clip_0_1,1428,0.0,0.0
20260915,P_FWD_BC,C_FWD_BC,6,path_1_to_H,clip_0_1,1440,0.0,0.0
20260915,P_FWD_BC,C_FWD_BC,6,path_1_to_H,clip_0_1,1452,0.0,0.0
20260915,P_FWD_BC,C_FWD_BC,6,path_1_to_H,clip_0_1,1464,0.0,0.0
20260915,P_FWD_BC,C_FWD_BC,6,path_1_to_H,clip_0_1,1476,0.0,0.0
20260915,P_FWD_BC,C_FWD_BC,6,path_1_to_H,clip_0_1,1488,0.0,0.0
20260915,P_FWD_BC,C_FWD_BC,6,path_1_to_H,clip_0_1,1500,0.0,0.0
20260915,P_FWD_BC,C_FWD_BC,6,path_1_to_H,clip_0_1,1512,0.0,0.0
20260915,P_FWD_BC,C_FWD_BC,6,path_1_to_H,clip_0_1,1524,0.0,0.0
20260915,P_FWD_BC,C_FWD_BC,6,path_1_to_H,clip_0_1,1536,0.0,0.0
20260915,P_FWD_BC,C_FWD_BC,6,path_1_to_H,clip_0_1,1548,0.0,0.0
20260915,P_FWD_BC,C_FWD_BC,9,terminal_H,raw,1392,0.0,0.0
20260915,P_FWD_BC,C_FWD_BC,9,terminal_H,raw,1404,0.0,0.0
20260915,P_FWD_BC,C_FWD_BC,9,terminal_H,raw,1416,0.0,0.0
20260915,P_FWD_BC,C_FWD_BC,9,terminal_H,raw,1428,0.0,0.0
20260915,P_FWD_BC,C_FWD_BC,9,terminal_H,raw,1440,0.0,0.0
20260915,P_FWD_BC,C_FWD_BC,9,terminal_H,raw,1452,0.0,0.0
20260915,P_FWD_BC,C_FWD_BC,9,terminal_H,raw,1464,0.0,0.0
20260915,P_FWD_BC,C_FWD_BC,9,terminal_H,raw,1476,0.0,0.0
20260915,P_FWD_BC,C_FWD_BC,9,terminal_H,raw,1488,0.0,0.0
20260915,P_FWD_BC,C_FWD_BC,9,terminal_H,raw,1500,0.0,0.0
20260915,P_FWD_BC,C_FWD_BC,9,terminal_H,raw,1512,0.0,0.0
20260915,P_FWD_BC,C_FWD_BC,9,terminal_H,raw,1524,0.0,0.0
20260915,P_FWD_BC,C_FWD_BC,9,terminal_H,raw,1536,0.0,0.0
20260915,P_FWD_BC,C_FWD_BC,9,terminal_H,raw,1548,0.0,0.0
20260915,P_FWD_BC,C_FWD_BC,9,terminal_H,clip_0_1,1392,0.0,0.0
20260915,P_FWD_BC,C_FWD_BC,9,terminal_H,clip_0_1,1404,0.0,0.0
20260915,P_FWD_BC,C_FWD_BC,9,terminal_H,clip_0_1,1416,0.0,0.0
20260915,P_FWD_BC,C_FWD_BC,9,terminal_H,clip_0_1,1428,0.0,0.0
20260915,P_FWD_BC,C_FWD_BC,9,terminal_H,clip_0_1,1440,0.0,0.0
20260915,P_FWD_BC,C_FWD_BC,9,terminal_H,clip_0_1,1452,0.0,0.0
20260915,P_FWD_BC,C_FWD_BC,9,terminal_H,clip_0_1,1464,0.0,0.0
20260915,P_FWD_BC,C_FWD_BC,9,terminal_H,clip_0_1,1476,0.0,0.0
20260915,P_FWD_BC,C_FWD_BC,9,terminal_H,clip_0_1,1488,0.0,0.0
20260915,P_FWD_BC,C_FWD_BC,9,terminal_H,clip_0_1,1500,0.0,0.0
20260915,P_FWD_BC,C_FWD_BC,9,terminal_H,clip_0_1,1512,0.0,0.0
20260915,P_FWD_BC,C_FWD_BC,9,terminal_H,clip_0_1,1524,0.0,0.0
20260915,P_FWD_BC,C_FWD_BC,9,terminal_H,clip_0_1,1536,0.0,0.0
20260915,P_FWD_BC,C_FWD_BC,9,terminal_H,clip_0_1,1548,0.0,0.0
20260915,P_FWD_BC,C_FWD_BC,9,path_1_to_H,raw,1392,0.0,0.0
20260915,P_FWD_BC,C_FWD_BC,9,path_1_to_H,raw,1404,0.0,0.0
20260915,P_FWD_BC,C_FWD_BC,9,path_1_to_H,raw,1416,0.0,0.0
20260915,P_FWD_BC,C_FWD_BC,9,path_1_to_H,raw,1428,0.0,0.0
20260915,P_FWD_BC,C_FWD_BC,9,path_1_to_H,raw,1440,0.0,0.0
20260915,P_FWD_BC,C_FWD_BC,9,path_1_to_H,raw,1452,0.0,0.0
20260915,P_FWD_BC,C_FWD_BC,9,path_1_to_H,raw,1464,0.0,0.0
20260915,P_FWD_BC,C_FWD_BC,9,path_1_to_H,raw,1476,0.0,0.0
20260915,P_FWD_BC,C_FWD_BC,9,path_1_to_H,raw,1488,0.0,0.0
20260915,P_FWD_BC,C_FWD_BC,9,path_1_to_H,raw,1500,0.0,0.0
20260915,P_FWD_BC,C_FWD_BC,9,path_1_to_H,raw,1512,0.0,0.0
20260915,P_FWD_BC,C_FWD_BC,9,path_1_to_H,raw,1524,0.0,0.0
20260915,P_FWD_BC,C_FWD_BC,9,path_1_to_H,raw,1536,0.0,0.0
20260915,P_FWD_BC,C_FWD_BC,9,path_1_to_H,raw,1548,0.0,0.0
20260915,P_FWD_BC,C_FWD_BC,9,path_1_to_H,clip_0_1,1392,0.0,0.0
20260915,P_FWD_BC,C_FWD_BC,9,path_1_to_H,clip_0_1,1404,0.0,0.0
20260915,P_FWD_BC,C_FWD_BC,9,path_1_to_H,clip_0_1,1416,0.0,0.0
20260915,P_FWD_BC,C_FWD_BC,9,path_1_to_H,clip_0_1,1428,0.0,0.0
20260915,P_FWD_BC,C_FWD_BC,9,path_1_to_H,clip_0_1,1440,0.0,0.0
20260915,P_FWD_BC,C_FWD_BC,9,path_1_to_H,clip_0_1,1452,0.0,0.0
20260915,P_FWD_BC,C_FWD_BC,9,path_1_to_H,clip_0_1,1464,0.0,0.0
20260915,P_FWD_BC,C_FWD_BC,9,path_1_to_H,clip_0_1,1476,0.0,0.0
20260915,P_FWD_BC,C_FWD_BC,9,path_1_to_H,clip_0_1,1488,0.0,0.0
20260915,P_FWD_BC,C_FWD_BC,9,path_1_to_H,clip_0_1,1500,0.0,0.0
20260915,P_FWD_BC,C_FWD_BC,9,path_1_to_H,clip_0_1,1512,0.0,0.0
20260915,P_FWD_BC,C_FWD_BC,9,path_1_to_H,clip_0_1,1524,0.0,0.0
20260915,P_FWD_BC,C_FWD_BC,9,path_1_to_H,clip_0_1,1536,0.0,0.0
20260915,P_FWD_BC,C_FWD_BC,9,path_1_to_H,clip_0_1,1548,0.0,0.0
20260915,P_FWD_BC,C_FWD_BC,12,terminal_H,raw,1392,0.0,0.0
20260915,P_FWD_BC,C_FWD_BC,12,terminal_H,raw,1404,0.0,0.0
20260915,P_FWD_BC,C_FWD_BC,12,terminal_H,raw,1416,0.0,0.0
20260915,P_FWD_BC,C_FWD_BC,12,terminal_H,raw,1428,0.0,0.0
20260915,P_FWD_BC,C_FWD_BC,12,terminal_H,raw,1440,0.0,0.0
20260915,P_FWD_BC,C_FWD_BC,12,terminal_H,raw,1452,0.0,0.0
20260915,P_FWD_BC,C_FWD_BC,12,terminal_H,raw,1464,0.0,0.0
20260915,P_FWD_BC,C_FWD_BC,12,terminal_H,raw,1476,0.0,0.0
20260915,P_FWD_BC,C_FWD_BC,12,terminal_H,raw,1488,0.0,0.0
20260915,P_FWD_BC,C_FWD_BC,12,terminal_H,raw,1500,0.0,0.0
20260915,P_FWD_BC,C_FWD_BC,12,terminal_H,raw,1512,0.0,0.0
20260915,P_FWD_BC,C_FWD_BC,12,terminal_H,raw,1524,0.0,0.0
20260915,P_FWD_BC,C_FWD_BC,12,terminal_H,raw,1536,0.0,0.0
20260915,P_FWD_BC,C_FWD_BC,12,terminal_H,raw,1548,0.0,0.0
20260915,P_FWD_BC,C_FWD_BC,12,terminal_H,clip_0_1,1392,0.0,0.0
20260915,P_FWD_BC,C_FWD_BC,12,terminal_H,clip_0_1,1404,0.0,0.0
20260915,P_FWD_BC,C_FWD_BC,12,terminal_H,clip_0_1,1416,0.0,0.0
20260915,P_FWD_BC,C_FWD_BC,12,terminal_H,clip_0_1,1428,0.0,0.0
20260915,P_FWD_BC,C_FWD_BC,12,terminal_H,clip_0_1,1440,0.0,0.0
20260915,P_FWD_BC,C_FWD_BC,12,terminal_H,clip_0_1,1452,0.0,0.0
20260915,P_FWD_BC,C_FWD_BC,12,terminal_H,clip_0_1,1464,0.0,0.0
20260915,P_FWD_BC,C_FWD_BC,12,terminal_H,clip_0_1,1476,0.0,0.0
20260915,P_FWD_BC,C_FWD_BC,12,terminal_H,clip_0_1,1488,0.0,0.0
20260915,P_FWD_BC,C_FWD_BC,12,terminal_H,clip_0_1,1500,0.0,0.0
20260915,P_FWD_BC,C_FWD_BC,12,terminal_H,clip_0_1,1512,0.0,0.0
20260915,P_FWD_BC,C_FWD_BC,12,terminal_H,clip_0_1,1524,0.0,0.0
20260915,P_FWD_BC,C_FWD_BC,12,terminal_H,clip_0_1,1536,0.0,0.0
20260915,P_FWD_BC,C_FWD_BC,12,terminal_H,clip_0_1,1548,0.0,0.0
20260915,P_FWD_BC,C_FWD_BC,12,path_1_to_H,raw,1392,0.0,0.0
20260915,P_FWD_BC,C_FWD_BC,12,path_1_to_H,raw,1404,0.0,0.0
20260915,P_FWD_BC,C_FWD_BC,12,path_1_to_H,raw,1416,0.0,0.0
20260915,P_FWD_BC,C_FWD_BC,12,path_1_to_H,raw,1428,0.0,0.0
20260915,P_FWD_BC,C_FWD_BC,12,path_1_to_H,raw,1440,0.0,0.0
20260915,P_FWD_BC,C_FWD_BC,12,path_1_to_H,raw,1452,0.0,0.0
20260915,P_FWD_BC,C_FWD_BC,12,path_1_to_H,raw,1464,0.0,0.0
20260915,P_FWD_BC,C_FWD_BC,12,path_1_to_H,raw,1476,0.0,0.0
20260915,P_FWD_BC,C_FWD_BC,12,path_1_to_H,raw,1488,0.0,0.0
20260915,P_FWD_BC,C_FWD_BC,12,path_1_to_H,raw,1500,0.0,0.0
20260915,P_FWD_BC,C_FWD_BC,12,path_1_to_H,raw,1512,0.0,0.0
20260915,P_FWD_BC,C_FWD_BC,12,path_1_to_H,raw,1524,0.0,0.0
20260915,P_FWD_BC,C_FWD_BC,12,path_1_to_H,raw,1536,0.0,0.0
20260915,P_FWD_BC,C_FWD_BC,12,path_1_to_H,raw,1548,0.0,0.0
20260915,P_FWD_BC,C_FWD_BC,12,path_1_to_H,clip_0_1,1392,0.0,0.0
20260915,P_FWD_BC,C_FWD_BC,12,path_1_to_H,clip_0_1,1404,0.0,0.0
20260915,P_FWD_BC,C_FWD_BC,12,path_1_to_H,clip_0_1,1416,0.0,0.0
20260915,P_FWD_BC,C_FWD_BC,12,path_1_to_H,clip_0_1,1428,0.0,0.0
20260915,P_FWD_BC,C_FWD_BC,12,path_1_to_H,clip_0_1,1440,0.0,0.0
20260915,P_FWD_BC,C_FWD_BC,12,path_1_to_H,clip_0_1,1452,0.0,0.0
20260915,P_FWD_BC,C_FWD_BC,12,path_1_to_H,clip_0_1,1464,0.0,0.0
20260915,P_FWD_BC,C_FWD_BC,12,path_1_to_H,clip_0_1,1476,0.0,0.0
20260915,P_FWD_BC,C_FWD_BC,12,path_1_to_H,clip_0_1,1488,0.0,0.0
20260915,P_FWD_BC,C_FWD_BC,12,path_1_to_H,clip_0_1,1500,0.0,0.0
20260915,P_FWD_BC,C_FWD_BC,12,path_1_to_H,clip_0_1,1512,0.0,0.0
20260915,P_FWD_BC,C_FWD_BC,12,path_1_to_H,clip_0_1,1524,0.0,0.0
20260915,P_FWD_BC,C_FWD_BC,12,path_1_to_H,clip_0_1,1536,0.0,0.0
20260915,P_FWD_BC,C_FWD_BC,12,path_1_to_H,clip_0_1,1548,0.0,0.0
20260915,P_FWD_BC,NATIVE,3,terminal_H,raw,1392,-0.017320530816981223,-0.0014858952531749505
20260915,P_FWD_BC,NATIVE,3,terminal_H,raw,1404,-0.002755828283240265,0.0010882782417472533
20260915,P_FWD_BC,NATIVE,3,terminal_H,raw,1416,-0.007946269497344383,-0.0004839861546379752
20260915,P_FWD_BC,NATIVE,3,terminal_H,raw,1428,-0.0026434784970774425,0.0003776938971086389
20260915,P_FWD_BC,NATIVE,3,terminal_H,raw,1440,-0.012378971631876548,-0.0007692591170091602
20260915,P_FWD_BC,NATIVE,3,terminal_H,raw,1452,-0.006497651168465927,-0.0004595282508066473
20260915,P_FWD_BC,NATIVE,3,terminal_H,raw,1464,-0.0027586838937201036,-0.0009320414290636151
20260915,P_FWD_BC,NATIVE,3,terminal_H,raw,1476,-0.041177410662148556,-0.004857091183351696
20260915,P_FWD_BC,NATIVE,3,terminal_H,raw,1488,-0.014271180267423819,0.00047113206248433837
20260915,P_FWD_BC,NATIVE,3,terminal_H,raw,1500,-0.013120278978782571,0.00017764017550434008
20260915,P_FWD_BC,NATIVE,3,terminal_H,raw,1512,0.008296335795645558,0.003859676552541558
20260915,P_FWD_BC,NATIVE,3,terminal_H,raw,1524,-0.006188452703457091,-0.000375887484157732
20260915,P_FWD_BC,NATIVE,3,terminal_H,raw,1536,-0.0036663106216841307,-0.0007001525675988022
20260915,P_FWD_BC,NATIVE,3,terminal_H,raw,1548,0.00221636595751076,0.0017648365929386236
20260915,P_FWD_BC,NATIVE,3,terminal_H,clip_0_1,1392,-0.017320530816981223,-0.0014858952531749505
20260915,P_FWD_BC,NATIVE,3,terminal_H,clip_0_1,1404,-0.002755828283240265,0.0010882782417472533
20260915,P_FWD_BC,NATIVE,3,terminal_H,clip_0_1,1416,-0.007937634399272019,-0.0004839656492853275
20260915,P_FWD_BC,NATIVE,3,terminal_H,clip_0_1,1428,-0.0026434784970774425,0.0003776938971086389
20260915,P_FWD_BC,NATIVE,3,terminal_H,clip_0_1,1440,-0.012354823941173513,-0.0007691768969527909
20260915,P_FWD_BC,NATIVE,3,terminal_H,clip_0_1,1452,-0.006453539400795835,-0.00045905022222299366
20260915,P_FWD_BC,NATIVE,3,terminal_H,clip_0_1,1464,-0.002696043983994972,-0.0009264479678928411
20260915,P_FWD_BC,NATIVE,3,terminal_H,clip_0_1,1476,-0.0424209721626931,-0.004876609177058722
20260915,P_FWD_BC,NATIVE,3,terminal_H,clip_0_1,1488,-0.01429926462615724,0.00047104839863522873
20260915,P_FWD_BC,NATIVE,3,terminal_H,clip_0_1,1500,-0.013092876054524864,0.00017891578932683288
20260915,P_FWD_BC,NATIVE,3,terminal_H,clip_0_1,1512,0.008296335738259912,0.0038596765302249163
20260915,P_FWD_BC,NATIVE,3,terminal_H,clip_0_1,1524,-0.006188452703457091,-0.000375887484157732
20260915,P_FWD_BC,NATIVE,3,terminal_H,clip_0_1,1536,-0.003666362091649545,-0.0007001868816386194
20260915,P_FWD_BC,NATIVE,3,terminal_H,clip_0_1,1548,0.00221636595751076,0.0017648365929386236
20260915,P_FWD_BC,NATIVE,3,path_1_to_H,raw,1392,-0.014265718404452725,-0.001599280199893718
20260915,P_FWD_BC,NATIVE,3,path_1_to_H,raw,1404,-0.0030049124645587172,0.0003597957639304499
20260915,P_FWD_BC,NATIVE,3,path_1_to_H,raw,1416,-0.005177310114529347,-9.082558573352322e-05
20260915,P_FWD_BC,NATIVE,3,path_1_to_H,raw,1428,-0.0032487817264062625,-0.00020282741188060757
20260915,P_FWD_BC,NATIVE,3,path_1_to_H,raw,1440,-0.008165092418671657,-0.0004598693030591478
20260915,P_FWD_BC,NATIVE,3,path_1_to_H,raw,1452,-0.004519582474147456,-0.0001879474158819732
20260915,P_FWD_BC,NATIVE,3,path_1_to_H,raw,1464,-0.0019527696837781992,-0.00042903120355043385
20260915,P_FWD_BC,NATIVE,3,path_1_to_H,raw,1476,-0.029862004227121514,-0.002812132765494644
20260915,P_FWD_BC,NATIVE,3,path_1_to_H,raw,1488,-0.011018641648197214,-0.0004157489707402818
20260915,P_FWD_BC,NATIVE,3,path_1_to_H,raw,1500,-0.01288733069456216,-0.001113916383397233
20260915,P_FWD_BC,NATIVE,3,path_1_to_H,raw,1512,0.0011973769932157247,0.0015165422681814615
20260915,P_FWD_BC,NATIVE,3,path_1_to_H,raw,1524,-0.0029572582600771754,0.00031571169671989455
20260915,P_FWD_BC,NATIVE,3,path_1_to_H,raw,1536,-0.0019199597537615397,-0.00021010771635439387
20260915,P_FWD_BC,NATIVE,3,path_1_to_H,raw,1548,0.00269587225105719,0.0035561839148223113
20260915,P_FWD_BC,NATIVE,3,path_1_to_H,clip_0_1,1392,-0.014251499910948567,-0.0015987068653025526
20260915,P_FWD_BC,NATIVE,3,path_1_to_H,clip_0_1,1404,-0.0030040843254307064,0.0003597994191914658
20260915,P_FWD_BC,NATIVE,3,path_1_to_H,clip_0_1,1416,-0.0051688361633198425,-0.00010277590865662937
20260915,P_FWD_BC,NATIVE,3,path_1_to_H,clip_0_1,1428,-0.00324759683328266,-0.0002028262536039432
20260915,P_FWD_BC,NATIVE,3,path_1_to_H,clip_0_1,1440,-0.008146293648050973,-0.0004597879289225022
20260915,P_FWD_BC,NATIVE,3,path_1_to_H,clip_0_1,1452,-0.004489928458783226,-0.00018766069321933586
20260915,P_FWD_BC,NATIVE,3,path_1_to_H,clip_0_1,1464,-0.0018996690751460063,-0.00042667737249471333
20260915,P_FWD_BC,NATIVE,3,path_1_to_H,clip_0_1,1476,-0.031102841298675063,-0.0028326198056955604
20260915,P_FWD_BC,NATIVE,3,path_1_to_H,clip_0_1,1488,-0.011046468123296647,-0.0004158363458257528
20260915,P_FWD_BC,NATIVE,3,path_1_to_H,clip_0_1,1500,-0.012752690118112723,-0.0011039174857837453
20260915,P_FWD_BC,NATIVE,3,path_1_to_H,clip_0_1,1512,0.0012023612098042695,0.0015165359367548283
20260915,P_FWD_BC,NATIVE,3,path_1_to_H,clip_0_1,1524,-0.002949571572784825,0.0003158476112435592
20260915,P_FWD_BC,NATIVE,3,path_1_to_H,clip_0_1,1536,-0.0019202129764185122,-0.00021017163649579866
20260915,P_FWD_BC,NATIVE,3,path_1_to_H,clip_0_1,1548,0.00269587225105719,0.0035561839148223113
20260915,P_FWD_BC,NATIVE,12,terminal_H,raw,1392,-4.016850087990565e-05,0.0020425592436908737
20260915,P_FWD_BC,NATIVE,12,terminal_H,raw,1404,-0.007662133657511399,-0.00021749991494701687
20260915,P_FWD_BC,NATIVE,12,terminal_H,raw,1416,-0.006554933097209894,-0.0001889465519971341
20260915,P_FWD_BC,NATIVE,12,terminal_H,raw,1428,-0.005742896884157004,-0.00021632608169419094
20260915,P_FWD_BC,NATIVE,12,terminal_H,raw,1440,0.0015699400297648697,0.003043650636644856
20260915,P_FWD_BC,NATIVE,12,terminal_H,raw,1452,-0.0054097258826398785,6.066353406784113e-05
20260915,P_FWD_BC,NATIVE,12,terminal_H,raw,1464,0.01927807613015391,0.012749917919198038
20260915,P_FWD_BC,NATIVE,12,terminal_H,raw,1476,-0.04278889623167446,-0.009859638588485535
20260915,P_FWD_BC,NATIVE,12,terminal_H,raw,1488,-0.030026358325208228,-0.0029707096449729333
20260915,P_FWD_BC,NATIVE,12,terminal_H,raw,1500,-0.02515394281538611,0.00058382993655761
20260915,P_FWD_BC,NATIVE,12,terminal_H,raw,1512,0.027253616072814773,0.009463995151880867
20260915,P_FWD_BC,NATIVE,12,terminal_H,raw,1524,-0.02223402036785907,-0.008774626140881286
20260915,P_FWD_BC,NATIVE,12,terminal_H,raw,1536,-0.0005030387044652076,0.0009707714377279267
20260915,P_FWD_BC,NATIVE,12,terminal_H,raw,1548,-0.015559721876114412,-0.0042530419955344005
20260915,P_FWD_BC,NATIVE,12,terminal_H,clip_0_1,1392,-4.016850087990565e-05,0.0020425592436908737
20260915,P_FWD_BC,NATIVE,12,terminal_H,clip_0_1,1404,-0.007662133657511399,-0.00021749991494701687
20260915,P_FWD_BC,NATIVE,12,terminal_H,clip_0_1,1416,-0.006554933097209894,-0.0001889465519971341
20260915,P_FWD_BC,NATIVE,12,terminal_H,clip_0_1,1428,-0.005696401669537607,-0.0002134635261587675
20260915,P_FWD_BC,NATIVE,12,terminal_H,clip_0_1,1440,0.0015699400297648697,0.003043650636644856
20260915,P_FWD_BC,NATIVE,12,terminal_H,clip_0_1,1452,-0.005344377274569729,6.184913993904112e-05
20260915,P_FWD_BC,NATIVE,12,terminal_H,clip_0_1,1464,0.019276841657001317,0.012749917673384856
20260915,P_FWD_BC,NATIVE,12,terminal_H,clip_0_1,1476,-0.04281875177152738,-0.009860389440067308
20260915,P_FWD_BC,NATIVE,12,terminal_H,clip_0_1,1488,-0.03002635837900654,-0.0029707096449729338
20260915,P_FWD_BC,NATIVE,12,terminal_H,clip_0_1,1500,-0.025153942856351877,0.0005838299365576094
20260915,P_FWD_BC,NATIVE,12,terminal_H,clip_0_1,1512,0.027253616035012647,0.009463995137180038
20260915,P_FWD_BC,NATIVE,12,terminal_H,clip_0_1,1524,-0.02223402036785907,-0.008774626140881286
20260915,P_FWD_BC,NATIVE,12,terminal_H,clip_0_1,1536,-0.0005030387044652076,0.0009707714377279267
20260915,P_FWD_BC,NATIVE,12,terminal_H,clip_0_1,1548,-0.015433898761305962,-0.004236412919696197
20260915,P_FWD_BC,NATIVE,12,path_1_to_H,raw,1392,-0.009571458601373714,0.0001680762296774145
20260915,P_FWD_BC,NATIVE,12,path_1_to_H,raw,1404,-0.006015542485877416,-0.00018053469170011135
20260915,P_FWD_BC,NATIVE,12,path_1_to_H,raw,1416,-0.008540248325031391,-0.00047626594862016204
20260915,P_FWD_BC,NATIVE,12,path_1_to_H,raw,1428,-0.0046358848279579555,-0.0002728590351149556
20260915,P_FWD_BC,NATIVE,12,path_1_to_H,raw,1440,-0.00729599566120115,0.00025311823435516487
20260915,P_FWD_BC,NATIVE,12,path_1_to_H,raw,1452,-0.004988530362958451,-0.0001520825003427902
20260915,P_FWD_BC,NATIVE,12,path_1_to_H,raw,1464,0.00937774676696291,0.006066697001313054
20260915,P_FWD_BC,NATIVE,12,path_1_to_H,raw,1476,-0.041902687752531594,-0.006530155496902015
20260915,P_FWD_BC,NATIVE,12,path_1_to_H,raw,1488,-0.018635611971995713,-0.0011521926997031628
20260915,P_FWD_BC,NATIVE,12,path_1_to_H,raw,1500,-0.021439275308752816,-0.001865968504978092
20260915,P_FWD_BC,NATIVE,12,path_1_to_H,raw,1512,0.014480018207712076,0.00711589364327255
20260915,P_FWD_BC,NATIVE,12,path_1_to_H,raw,1524,-0.013216267206259388,-0.0036770947740325803
20260915,P_FWD_BC,NATIVE,12,path_1_to_H,raw,1536,-0.0004895228435913473,0.0006146571543766819
20260915,P_FWD_BC,NATIVE,12,path_1_to_H,raw,1548,-0.0011974599667506475,0.0008153055116368018
20260915,P_FWD_BC,NATIVE,12,path_1_to_H,clip_0_1,1392,-0.009567689046472929,0.00016821971577055505
20260915,P_FWD_BC,NATIVE,12,path_1_to_H,clip_0_1,1404,-0.006015335451095413,-0.00018053377788485736
20260915,P_FWD_BC,NATIVE,12,path_1_to_H,clip_0_1,1416,-0.008538154677013174,-0.00047925353138708767
20260915,P_FWD_BC,NATIVE,12,path_1_to_H,clip_0_1,1428,-0.00461385515942807,-0.0002715208934749159
20260915,P_FWD_BC,NATIVE,12,path_1_to_H,clip_0_1,1440,-0.007291057121816392,0.0002531387661469351
20260915,P_FWD_BC,NATIVE,12,path_1_to_H,clip_0_1,1452,-0.004952960480975013,-0.00015165001725736727
20260915,P_FWD_BC,NATIVE,12,path_1_to_H,clip_0_1,1464,0.009398765322458034,0.0060674460264792725
20260915,P_FWD_BC,NATIVE,12,path_1_to_H,clip_0_1,1476,-0.04265242634644927,-0.006541993420200079
20260915,P_FWD_BC,NATIVE,12,path_1_to_H,clip_0_1,1488,-0.01866071831928937,-0.0011524189279192372
20260915,P_FWD_BC,NATIVE,12,path_1_to_H,clip_0_1,1500,-0.021406960868750505,-0.0018634716357174828
20260915,P_FWD_BC,NATIVE,12,path_1_to_H,clip_0_1,1512,0.014478410176748533,0.007113496206922892
20260915,P_FWD_BC,NATIVE,12,path_1_to_H,clip_0_1,1524,-0.013214345534436298,-0.0036770607954016636
20260915,P_FWD_BC,NATIVE,12,path_1_to_H,clip_0_1,1536,-0.0004896549127523397,0.0006146258779603804
20260915,P_FWD_BC,NATIVE,12,path_1_to_H,clip_0_1,1548,-0.0011680615959392554,0.0008206450756762709
20260916,P_FWD_BC,BASE_OD,3,terminal_H,raw,1392,0.0,0.0
20260916,P_FWD_BC,BASE_OD,3,terminal_H,raw,1404,0.0,0.0
20260916,P_FWD_BC,BASE_OD,3,terminal_H,raw,1416,0.0,0.0
20260916,P_FWD_BC,BASE_OD,3,terminal_H,raw,1428,0.0,0.0
20260916,P_FWD_BC,BASE_OD,3,terminal_H,raw,1440,0.0,0.0
20260916,P_FWD_BC,BASE_OD,3,terminal_H,raw,1452,0.0,0.0
20260916,P_FWD_BC,BASE_OD,3,terminal_H,raw,1464,0.0,0.0
20260916,P_FWD_BC,BASE_OD,3,terminal_H,raw,1476,0.0,0.0
20260916,P_FWD_BC,BASE_OD,3,terminal_H,raw,1488,0.0,0.0
20260916,P_FWD_BC,BASE_OD,3,terminal_H,raw,1500,0.0,0.0
20260916,P_FWD_BC,BASE_OD,3,terminal_H,raw,1512,0.0,0.0
20260916,P_FWD_BC,BASE_OD,3,terminal_H,raw,1524,0.0,0.0
20260916,P_FWD_BC,BASE_OD,3,terminal_H,raw,1536,0.0,0.0
20260916,P_FWD_BC,BASE_OD,3,terminal_H,raw,1548,0.0,0.0
20260916,P_FWD_BC,BASE_OD,3,terminal_H,clip_0_1,1392,0.0,0.0
20260916,P_FWD_BC,BASE_OD,3,terminal_H,clip_0_1,1404,0.0,0.0
20260916,P_FWD_BC,BASE_OD,3,terminal_H,clip_0_1,1416,0.0,0.0
20260916,P_FWD_BC,BASE_OD,3,terminal_H,clip_0_1,1428,0.0,0.0
20260916,P_FWD_BC,BASE_OD,3,terminal_H,clip_0_1,1440,0.0,0.0
20260916,P_FWD_BC,BASE_OD,3,terminal_H,clip_0_1,1452,0.0,0.0
20260916,P_FWD_BC,BASE_OD,3,terminal_H,clip_0_1,1464,0.0,0.0
20260916,P_FWD_BC,BASE_OD,3,terminal_H,clip_0_1,1476,0.0,0.0
20260916,P_FWD_BC,BASE_OD,3,terminal_H,clip_0_1,1488,0.0,0.0
20260916,P_FWD_BC,BASE_OD,3,terminal_H,clip_0_1,1500,0.0,0.0
20260916,P_FWD_BC,BASE_OD,3,terminal_H,clip_0_1,1512,0.0,0.0
20260916,P_FWD_BC,BASE_OD,3,terminal_H,clip_0_1,1524,0.0,0.0
20260916,P_FWD_BC,BASE_OD,3,terminal_H,clip_0_1,1536,0.0,0.0
20260916,P_FWD_BC,BASE_OD,3,terminal_H,clip_0_1,1548,0.0,0.0
20260916,P_FWD_BC,BASE_OD,3,path_1_to_H,raw,1392,0.0,0.0
20260916,P_FWD_BC,BASE_OD,3,path_1_to_H,raw,1404,0.0,0.0
20260916,P_FWD_BC,BASE_OD,3,path_1_to_H,raw,1416,0.0,0.0
20260916,P_FWD_BC,BASE_OD,3,path_1_to_H,raw,1428,0.0,0.0
20260916,P_FWD_BC,BASE_OD,3,path_1_to_H,raw,1440,0.0,0.0
20260916,P_FWD_BC,BASE_OD,3,path_1_to_H,raw,1452,0.0,0.0
20260916,P_FWD_BC,BASE_OD,3,path_1_to_H,raw,1464,0.0,0.0
20260916,P_FWD_BC,BASE_OD,3,path_1_to_H,raw,1476,0.0,0.0
20260916,P_FWD_BC,BASE_OD,3,path_1_to_H,raw,1488,0.0,0.0
20260916,P_FWD_BC,BASE_OD,3,path_1_to_H,raw,1500,0.0,0.0
20260916,P_FWD_BC,BASE_OD,3,path_1_to_H,raw,1512,0.0,0.0
20260916,P_FWD_BC,BASE_OD,3,path_1_to_H,raw,1524,0.0,0.0
20260916,P_FWD_BC,BASE_OD,3,path_1_to_H,raw,1536,0.0,0.0
20260916,P_FWD_BC,BASE_OD,3,path_1_to_H,raw,1548,0.0,0.0
20260916,P_FWD_BC,BASE_OD,3,path_1_to_H,clip_0_1,1392,0.0,0.0
20260916,P_FWD_BC,BASE_OD,3,path_1_to_H,clip_0_1,1404,0.0,0.0
20260916,P_FWD_BC,BASE_OD,3,path_1_to_H,clip_0_1,1416,0.0,0.0
20260916,P_FWD_BC,BASE_OD,3,path_1_to_H,clip_0_1,1428,0.0,0.0
20260916,P_FWD_BC,BASE_OD,3,path_1_to_H,clip_0_1,1440,0.0,0.0
20260916,P_FWD_BC,BASE_OD,3,path_1_to_H,clip_0_1,1452,0.0,0.0
20260916,P_FWD_BC,BASE_OD,3,path_1_to_H,clip_0_1,1464,0.0,0.0
20260916,P_FWD_BC,BASE_OD,3,path_1_to_H,clip_0_1,1476,0.0,0.0
20260916,P_FWD_BC,BASE_OD,3,path_1_to_H,clip_0_1,1488,0.0,0.0
20260916,P_FWD_BC,BASE_OD,3,path_1_to_H,clip_0_1,1500,0.0,0.0
20260916,P_FWD_BC,BASE_OD,3,path_1_to_H,clip_0_1,1512,0.0,0.0
20260916,P_FWD_BC,BASE_OD,3,path_1_to_H,clip_0_1,1524,0.0,0.0
20260916,P_FWD_BC,BASE_OD,3,path_1_to_H,clip_0_1,1536,0.0,0.0
20260916,P_FWD_BC,BASE_OD,3,path_1_to_H,clip_0_1,1548,0.0,0.0
20260916,P_FWD_BC,BASE_OD,6,terminal_H,raw,1392,0.0,0.0
20260916,P_FWD_BC,BASE_OD,6,terminal_H,raw,1404,0.0,0.0
20260916,P_FWD_BC,BASE_OD,6,terminal_H,raw,1416,0.0,0.0
20260916,P_FWD_BC,BASE_OD,6,terminal_H,raw,1428,0.0,0.0
20260916,P_FWD_BC,BASE_OD,6,terminal_H,raw,1440,0.0,0.0
20260916,P_FWD_BC,BASE_OD,6,terminal_H,raw,1452,0.0,0.0
20260916,P_FWD_BC,BASE_OD,6,terminal_H,raw,1464,0.0,0.0
20260916,P_FWD_BC,BASE_OD,6,terminal_H,raw,1476,0.0,0.0
20260916,P_FWD_BC,BASE_OD,6,terminal_H,raw,1488,0.0,0.0
20260916,P_FWD_BC,BASE_OD,6,terminal_H,raw,1500,0.0,0.0
20260916,P_FWD_BC,BASE_OD,6,terminal_H,raw,1512,0.0,0.0
20260916,P_FWD_BC,BASE_OD,6,terminal_H,raw,1524,0.0,0.0
20260916,P_FWD_BC,BASE_OD,6,terminal_H,raw,1536,0.0,0.0
20260916,P_FWD_BC,BASE_OD,6,terminal_H,raw,1548,0.0,0.0
20260916,P_FWD_BC,BASE_OD,6,terminal_H,clip_0_1,1392,0.0,0.0
20260916,P_FWD_BC,BASE_OD,6,terminal_H,clip_0_1,1404,0.0,0.0
20260916,P_FWD_BC,BASE_OD,6,terminal_H,clip_0_1,1416,0.0,0.0
20260916,P_FWD_BC,BASE_OD,6,terminal_H,clip_0_1,1428,0.0,0.0
20260916,P_FWD_BC,BASE_OD,6,terminal_H,clip_0_1,1440,0.0,0.0
20260916,P_FWD_BC,BASE_OD,6,terminal_H,clip_0_1,1452,0.0,0.0
20260916,P_FWD_BC,BASE_OD,6,terminal_H,clip_0_1,1464,0.0,0.0
20260916,P_FWD_BC,BASE_OD,6,terminal_H,clip_0_1,1476,0.0,0.0
20260916,P_FWD_BC,BASE_OD,6,terminal_H,clip_0_1,1488,0.0,0.0
20260916,P_FWD_BC,BASE_OD,6,terminal_H,clip_0_1,1500,0.0,0.0
20260916,P_FWD_BC,BASE_OD,6,terminal_H,clip_0_1,1512,0.0,0.0
20260916,P_FWD_BC,BASE_OD,6,terminal_H,clip_0_1,1524,0.0,0.0
20260916,P_FWD_BC,BASE_OD,6,terminal_H,clip_0_1,1536,0.0,0.0
20260916,P_FWD_BC,BASE_OD,6,terminal_H,clip_0_1,1548,0.0,0.0
20260916,P_FWD_BC,BASE_OD,6,path_1_to_H,raw,1392,0.0,0.0
20260916,P_FWD_BC,BASE_OD,6,path_1_to_H,raw,1404,0.0,0.0
20260916,P_FWD_BC,BASE_OD,6,path_1_to_H,raw,1416,0.0,0.0
20260916,P_FWD_BC,BASE_OD,6,path_1_to_H,raw,1428,0.0,0.0
20260916,P_FWD_BC,BASE_OD,6,path_1_to_H,raw,1440,0.0,0.0
20260916,P_FWD_BC,BASE_OD,6,path_1_to_H,raw,1452,0.0,0.0
20260916,P_FWD_BC,BASE_OD,6,path_1_to_H,raw,1464,0.0,0.0
20260916,P_FWD_BC,BASE_OD,6,path_1_to_H,raw,1476,0.0,0.0
20260916,P_FWD_BC,BASE_OD,6,path_1_to_H,raw,1488,0.0,0.0
20260916,P_FWD_BC,BASE_OD,6,path_1_to_H,raw,1500,0.0,0.0
20260916,P_FWD_BC,BASE_OD,6,path_1_to_H,raw,1512,0.0,0.0
20260916,P_FWD_BC,BASE_OD,6,path_1_to_H,raw,1524,0.0,0.0
20260916,P_FWD_BC,BASE_OD,6,path_1_to_H,raw,1536,0.0,0.0
20260916,P_FWD_BC,BASE_OD,6,path_1_to_H,raw,1548,0.0,0.0
20260916,P_FWD_BC,BASE_OD,6,path_1_to_H,clip_0_1,1392,0.0,0.0
20260916,P_FWD_BC,BASE_OD,6,path_1_to_H,clip_0_1,1404,0.0,0.0
20260916,P_FWD_BC,BASE_OD,6,path_1_to_H,clip_0_1,1416,0.0,0.0
20260916,P_FWD_BC,BASE_OD,6,path_1_to_H,clip_0_1,1428,0.0,0.0
20260916,P_FWD_BC,BASE_OD,6,path_1_to_H,clip_0_1,1440,0.0,0.0
20260916,P_FWD_BC,BASE_OD,6,path_1_to_H,clip_0_1,1452,0.0,0.0
20260916,P_FWD_BC,BASE_OD,6,path_1_to_H,clip_0_1,1464,0.0,0.0
20260916,P_FWD_BC,BASE_OD,6,path_1_to_H,clip_0_1,1476,0.0,0.0
20260916,P_FWD_BC,BASE_OD,6,path_1_to_H,clip_0_1,1488,0.0,0.0
20260916,P_FWD_BC,BASE_OD,6,path_1_to_H,clip_0_1,1500,0.0,0.0
20260916,P_FWD_BC,BASE_OD,6,path_1_to_H,clip_0_1,1512,0.0,0.0
20260916,P_FWD_BC,BASE_OD,6,path_1_to_H,clip_0_1,1524,0.0,0.0
20260916,P_FWD_BC,BASE_OD,6,path_1_to_H,clip_0_1,1536,0.0,0.0
20260916,P_FWD_BC,BASE_OD,6,path_1_to_H,clip_0_1,1548,0.0,0.0
20260916,P_FWD_BC,BASE_OD,9,terminal_H,raw,1392,0.0,0.0
20260916,P_FWD_BC,BASE_OD,9,terminal_H,raw,1404,0.0,0.0
20260916,P_FWD_BC,BASE_OD,9,terminal_H,raw,1416,0.0,0.0
20260916,P_FWD_BC,BASE_OD,9,terminal_H,raw,1428,0.0,0.0
20260916,P_FWD_BC,BASE_OD,9,terminal_H,raw,1440,0.0,0.0
20260916,P_FWD_BC,BASE_OD,9,terminal_H,raw,1452,0.0,0.0
20260916,P_FWD_BC,BASE_OD,9,terminal_H,raw,1464,0.0,0.0
20260916,P_FWD_BC,BASE_OD,9,terminal_H,raw,1476,0.0,0.0
20260916,P_FWD_BC,BASE_OD,9,terminal_H,raw,1488,0.0,0.0
20260916,P_FWD_BC,BASE_OD,9,terminal_H,raw,1500,0.0,0.0
20260916,P_FWD_BC,BASE_OD,9,terminal_H,raw,1512,0.0,0.0
20260916,P_FWD_BC,BASE_OD,9,terminal_H,raw,1524,0.0,0.0
20260916,P_FWD_BC,BASE_OD,9,terminal_H,raw,1536,0.0,0.0
20260916,P_FWD_BC,BASE_OD,9,terminal_H,raw,1548,0.0,0.0
20260916,P_FWD_BC,BASE_OD,9,terminal_H,clip_0_1,1392,0.0,0.0
20260916,P_FWD_BC,BASE_OD,9,terminal_H,clip_0_1,1404,0.0,0.0
20260916,P_FWD_BC,BASE_OD,9,terminal_H,clip_0_1,1416,0.0,0.0
20260916,P_FWD_BC,BASE_OD,9,terminal_H,clip_0_1,1428,0.0,0.0
20260916,P_FWD_BC,BASE_OD,9,terminal_H,clip_0_1,1440,0.0,0.0
20260916,P_FWD_BC,BASE_OD,9,terminal_H,clip_0_1,1452,0.0,0.0
20260916,P_FWD_BC,BASE_OD,9,terminal_H,clip_0_1,1464,0.0,0.0
20260916,P_FWD_BC,BASE_OD,9,terminal_H,clip_0_1,1476,0.0,0.0
20260916,P_FWD_BC,BASE_OD,9,terminal_H,clip_0_1,1488,0.0,0.0
20260916,P_FWD_BC,BASE_OD,9,terminal_H,clip_0_1,1500,0.0,0.0
20260916,P_FWD_BC,BASE_OD,9,terminal_H,clip_0_1,1512,0.0,0.0
20260916,P_FWD_BC,BASE_OD,9,terminal_H,clip_0_1,1524,0.0,0.0
20260916,P_FWD_BC,BASE_OD,9,terminal_H,clip_0_1,1536,0.0,0.0
20260916,P_FWD_BC,BASE_OD,9,terminal_H,clip_0_1,1548,0.0,0.0
20260916,P_FWD_BC,BASE_OD,9,path_1_to_H,raw,1392,0.0,0.0
20260916,P_FWD_BC,BASE_OD,9,path_1_to_H,raw,1404,0.0,0.0
20260916,P_FWD_BC,BASE_OD,9,path_1_to_H,raw,1416,0.0,0.0
20260916,P_FWD_BC,BASE_OD,9,path_1_to_H,raw,1428,0.0,0.0
20260916,P_FWD_BC,BASE_OD,9,path_1_to_H,raw,1440,0.0,0.0
20260916,P_FWD_BC,BASE_OD,9,path_1_to_H,raw,1452,0.0,0.0
20260916,P_FWD_BC,BASE_OD,9,path_1_to_H,raw,1464,0.0,0.0
20260916,P_FWD_BC,BASE_OD,9,path_1_to_H,raw,1476,0.0,0.0
20260916,P_FWD_BC,BASE_OD,9,path_1_to_H,raw,1488,0.0,0.0
20260916,P_FWD_BC,BASE_OD,9,path_1_to_H,raw,1500,0.0,0.0
20260916,P_FWD_BC,BASE_OD,9,path_1_to_H,raw,1512,0.0,0.0
20260916,P_FWD_BC,BASE_OD,9,path_1_to_H,raw,1524,0.0,0.0
20260916,P_FWD_BC,BASE_OD,9,path_1_to_H,raw,1536,0.0,0.0
20260916,P_FWD_BC,BASE_OD,9,path_1_to_H,raw,1548,0.0,0.0
20260916,P_FWD_BC,BASE_OD,9,path_1_to_H,clip_0_1,1392,0.0,0.0
20260916,P_FWD_BC,BASE_OD,9,path_1_to_H,clip_0_1,1404,0.0,0.0
20260916,P_FWD_BC,BASE_OD,9,path_1_to_H,clip_0_1,1416,0.0,0.0
20260916,P_FWD_BC,BASE_OD,9,path_1_to_H,clip_0_1,1428,0.0,0.0
20260916,P_FWD_BC,BASE_OD,9,path_1_to_H,clip_0_1,1440,0.0,0.0
20260916,P_FWD_BC,BASE_OD,9,path_1_to_H,clip_0_1,1452,0.0,0.0
20260916,P_FWD_BC,BASE_OD,9,path_1_to_H,clip_0_1,1464,0.0,0.0
20260916,P_FWD_BC,BASE_OD,9,path_1_to_H,clip_0_1,1476,0.0,0.0
20260916,P_FWD_BC,BASE_OD,9,path_1_to_H,clip_0_1,1488,0.0,0.0
20260916,P_FWD_BC,BASE_OD,9,path_1_to_H,clip_0_1,1500,0.0,0.0
20260916,P_FWD_BC,BASE_OD,9,path_1_to_H,clip_0_1,1512,0.0,0.0
20260916,P_FWD_BC,BASE_OD,9,path_1_to_H,clip_0_1,1524,0.0,0.0
20260916,P_FWD_BC,BASE_OD,9,path_1_to_H,clip_0_1,1536,0.0,0.0
20260916,P_FWD_BC,BASE_OD,9,path_1_to_H,clip_0_1,1548,0.0,0.0
20260916,P_FWD_BC,BASE_OD,12,terminal_H,raw,1392,0.0,0.0
20260916,P_FWD_BC,BASE_OD,12,terminal_H,raw,1404,0.0,0.0
20260916,P_FWD_BC,BASE_OD,12,terminal_H,raw,1416,0.0,0.0
20260916,P_FWD_BC,BASE_OD,12,terminal_H,raw,1428,0.0,0.0
20260916,P_FWD_BC,BASE_OD,12,terminal_H,raw,1440,0.0,0.0
20260916,P_FWD_BC,BASE_OD,12,terminal_H,raw,1452,0.0,0.0
20260916,P_FWD_BC,BASE_OD,12,terminal_H,raw,1464,0.0,0.0
20260916,P_FWD_BC,BASE_OD,12,terminal_H,raw,1476,0.0,0.0
20260916,P_FWD_BC,BASE_OD,12,terminal_H,raw,1488,0.0,0.0
20260916,P_FWD_BC,BASE_OD,12,terminal_H,raw,1500,0.0,0.0
20260916,P_FWD_BC,BASE_OD,12,terminal_H,raw,1512,0.0,0.0
20260916,P_FWD_BC,BASE_OD,12,terminal_H,raw,1524,0.0,0.0
20260916,P_FWD_BC,BASE_OD,12,terminal_H,raw,1536,0.0,0.0
20260916,P_FWD_BC,BASE_OD,12,terminal_H,raw,1548,0.0,0.0
20260916,P_FWD_BC,BASE_OD,12,terminal_H,clip_0_1,1392,0.0,0.0
20260916,P_FWD_BC,BASE_OD,12,terminal_H,clip_0_1,1404,0.0,0.0
20260916,P_FWD_BC,BASE_OD,12,terminal_H,clip_0_1,1416,0.0,0.0
20260916,P_FWD_BC,BASE_OD,12,terminal_H,clip_0_1,1428,0.0,0.0
20260916,P_FWD_BC,BASE_OD,12,terminal_H,clip_0_1,1440,0.0,0.0
20260916,P_FWD_BC,BASE_OD,12,terminal_H,clip_0_1,1452,0.0,0.0
20260916,P_FWD_BC,BASE_OD,12,terminal_H,clip_0_1,1464,0.0,0.0
20260916,P_FWD_BC,BASE_OD,12,terminal_H,clip_0_1,1476,0.0,0.0
20260916,P_FWD_BC,BASE_OD,12,terminal_H,clip_0_1,1488,0.0,0.0
20260916,P_FWD_BC,BASE_OD,12,terminal_H,clip_0_1,1500,0.0,0.0
20260916,P_FWD_BC,BASE_OD,12,terminal_H,clip_0_1,1512,0.0,0.0
20260916,P_FWD_BC,BASE_OD,12,terminal_H,clip_0_1,1524,0.0,0.0
20260916,P_FWD_BC,BASE_OD,12,terminal_H,clip_0_1,1536,0.0,0.0
20260916,P_FWD_BC,BASE_OD,12,terminal_H,clip_0_1,1548,0.0,0.0
20260916,P_FWD_BC,BASE_OD,12,path_1_to_H,raw,1392,0.0,0.0
20260916,P_FWD_BC,BASE_OD,12,path_1_to_H,raw,1404,0.0,0.0
20260916,P_FWD_BC,BASE_OD,12,path_1_to_H,raw,1416,0.0,0.0
20260916,P_FWD_BC,BASE_OD,12,path_1_to_H,raw,1428,0.0,0.0
20260916,P_FWD_BC,BASE_OD,12,path_1_to_H,raw,1440,0.0,0.0
20260916,P_FWD_BC,BASE_OD,12,path_1_to_H,raw,1452,0.0,0.0
20260916,P_FWD_BC,BASE_OD,12,path_1_to_H,raw,1464,0.0,0.0
20260916,P_FWD_BC,BASE_OD,12,path_1_to_H,raw,1476,0.0,0.0
20260916,P_FWD_BC,BASE_OD,12,path_1_to_H,raw,1488,0.0,0.0
20260916,P_FWD_BC,BASE_OD,12,path_1_to_H,raw,1500,0.0,0.0
20260916,P_FWD_BC,BASE_OD,12,path_1_to_H,raw,1512,0.0,0.0
20260916,P_FWD_BC,BASE_OD,12,path_1_to_H,raw,1524,0.0,0.0
20260916,P_FWD_BC,BASE_OD,12,path_1_to_H,raw,1536,0.0,0.0
20260916,P_FWD_BC,BASE_OD,12,path_1_to_H,raw,1548,0.0,0.0
20260916,P_FWD_BC,BASE_OD,12,path_1_to_H,clip_0_1,1392,0.0,0.0
20260916,P_FWD_BC,BASE_OD,12,path_1_to_H,clip_0_1,1404,0.0,0.0
20260916,P_FWD_BC,BASE_OD,12,path_1_to_H,clip_0_1,1416,0.0,0.0
20260916,P_FWD_BC,BASE_OD,12,path_1_to_H,clip_0_1,1428,0.0,0.0
20260916,P_FWD_BC,BASE_OD,12,path_1_to_H,clip_0_1,1440,0.0,0.0
20260916,P_FWD_BC,BASE_OD,12,path_1_to_H,clip_0_1,1452,0.0,0.0
20260916,P_FWD_BC,BASE_OD,12,path_1_to_H,clip_0_1,1464,0.0,0.0
20260916,P_FWD_BC,BASE_OD,12,path_1_to_H,clip_0_1,1476,0.0,0.0
20260916,P_FWD_BC,BASE_OD,12,path_1_to_H,clip_0_1,1488,0.0,0.0
20260916,P_FWD_BC,BASE_OD,12,path_1_to_H,clip_0_1,1500,0.0,0.0
20260916,P_FWD_BC,BASE_OD,12,path_1_to_H,clip_0_1,1512,0.0,0.0
20260916,P_FWD_BC,BASE_OD,12,path_1_to_H,clip_0_1,1524,0.0,0.0
20260916,P_FWD_BC,BASE_OD,12,path_1_to_H,clip_0_1,1536,0.0,0.0
20260916,P_FWD_BC,BASE_OD,12,path_1_to_H,clip_0_1,1548,0.0,0.0
20260916,P_FWD_BC,P_IS_BC,3,terminal_H,raw,1392,-0.001487925496958927,-0.00041891594461608366
20260916,P_FWD_BC,P_IS_BC,3,terminal_H,raw,1404,0.005274496247904404,0.00031459969129217345
20260916,P_FWD_BC,P_IS_BC,3,terminal_H,raw,1416,0.002005024727756438,9.18353400216016e-05
20260916,P_FWD_BC,P_IS_BC,3,terminal_H,raw,1428,0.005054374955409566,0.00028578219513766904
20260916,P_FWD_BC,P_IS_BC,3,terminal_H,raw,1440,-0.001470209262447066,1.1731829563406195e-05
20260916,P_FWD_BC,P_IS_BC,3,terminal_H,raw,1452,0.0022497424024025495,7.828188313422232e-05
20260916,P_FWD_BC,P_IS_BC,3,terminal_H,raw,1464,-0.004851044814202767,-0.002863019343909015
20260916,P_FWD_BC,P_IS_BC,3,terminal_H,raw,1476,0.006442263326944688,0.001637462944297817
20260916,P_FWD_BC,P_IS_BC,3,terminal_H,raw,1488,-0.0035493963598103974,-4.610515254801732e-05
20260916,P_FWD_BC,P_IS_BC,3,terminal_H,raw,1500,-0.00637182050631318,-0.0002523346000996263
20260916,P_FWD_BC,P_IS_BC,3,terminal_H,raw,1512,0.005342821130485098,0.002335665126286301
20260916,P_FWD_BC,P_IS_BC,3,terminal_H,raw,1524,0.00814544322411934,0.0017561110802342698
20260916,P_FWD_BC,P_IS_BC,3,terminal_H,raw,1536,0.0020131810959517797,0.0005651585758066133
20260916,P_FWD_BC,P_IS_BC,3,terminal_H,raw,1548,-0.0028665101435412952,-0.0002834971231199038
20260916,P_FWD_BC,P_IS_BC,3,terminal_H,clip_0_1,1392,-0.0014954399342138164,-0.0004189314729770795
20260916,P_FWD_BC,P_IS_BC,3,terminal_H,clip_0_1,1404,0.005274496247904404,0.00031459969129217345
20260916,P_FWD_BC,P_IS_BC,3,terminal_H,clip_0_1,1416,0.0019424621255884182,8.958700246642279e-05
20260916,P_FWD_BC,P_IS_BC,3,terminal_H,clip_0_1,1428,0.005054374955409566,0.00028578219513766904
20260916,P_FWD_BC,P_IS_BC,3,terminal_H,clip_0_1,1440,-0.0014623762966610387,1.1740852801268165e-05
20260916,P_FWD_BC,P_IS_BC,3,terminal_H,clip_0_1,1452,0.002293945707228531,7.875991379745908e-05
20260916,P_FWD_BC,P_IS_BC,3,terminal_H,clip_0_1,1464,-0.004788025720724664,-0.002857425843198653
20260916,P_FWD_BC,P_IS_BC,3,terminal_H,clip_0_1,1476,0.006480832731446188,0.0016378720340128072
20260916,P_FWD_BC,P_IS_BC,3,terminal_H,clip_0_1,1488,-0.003590225393336123,-4.634067336929216e-05
20260916,P_FWD_BC,P_IS_BC,3,terminal_H,clip_0_1,1500,-0.006539507648747218,-0.00026088256420407505
20260916,P_FWD_BC,P_IS_BC,3,terminal_H,clip_0_1,1512,0.004550521013721608,0.002030192445180096
20260916,P_FWD_BC,P_IS_BC,3,terminal_H,clip_0_1,1524,0.00814544322411934,0.0017561110802342698
20260916,P_FWD_BC,P_IS_BC,3,terminal_H,clip_0_1,1536,0.0020131810959517797,0.0005651585758066133
20260916,P_FWD_BC,P_IS_BC,3,terminal_H,clip_0_1,1548,-0.0028665101435412952,-0.0002834971231199038
20260916,P_FWD_BC,P_IS_BC,3,path_1_to_H,raw,1392,-0.00028472338933635885,-0.0002624541505265837
20260916,P_FWD_BC,P_IS_BC,3,path_1_to_H,raw,1404,0.0037958397142586094,0.0002675664063963319
20260916,P_FWD_BC,P_IS_BC,3,path_1_to_H,raw,1416,0.0016880185150854896,9.040301733940721e-05
20260916,P_FWD_BC,P_IS_BC,3,path_1_to_H,raw,1428,0.003149941798849757,0.00011809275343754203
20260916,P_FWD_BC,P_IS_BC,3,path_1_to_H,raw,1440,0.0002569742623465414,-4.322247299035737e-05
20260916,P_FWD_BC,P_IS_BC,3,path_1_to_H,raw,1452,0.0014360292577828813,5.9572145620260504e-05
20260916,P_FWD_BC,P_IS_BC,3,path_1_to_H,raw,1464,-0.004751950850830668,-0.002664951505656207
20260916,P_FWD_BC,P_IS_BC,3,path_1_to_H,raw,1476,0.004512736363410737,0.0009075183913675091
20260916,P_FWD_BC,P_IS_BC,3,path_1_to_H,raw,1488,-0.002849529045719646,-0.0002105507433111317
20260916,P_FWD_BC,P_IS_BC,3,path_1_to_H,raw,1500,-0.0044324715502300155,-0.0003073081882258901
20260916,P_FWD_BC,P_IS_BC,3,path_1_to_H,raw,1512,0.0033492624989870864,0.001145121895094925
20260916,P_FWD_BC,P_IS_BC,3,path_1_to_H,raw,1524,0.0038147683466651233,0.0007016013589233616
20260916,P_FWD_BC,P_IS_BC,3,path_1_to_H,raw,1536,0.0011164593712576054,0.0003451253770942172
20260916,P_FWD_BC,P_IS_BC,3,path_1_to_H,raw,1548,-0.0010668187672297376,-0.00022267191623002357
20260916,P_FWD_BC,P_IS_BC,3,path_1_to_H,clip_0_1,1392,-0.00031213807689167277,-0.00026372925590827437
20260916,P_FWD_BC,P_IS_BC,3,path_1_to_H,clip_0_1,1404,0.003796445915403633,0.00026756919305669975
20260916,P_FWD_BC,P_IS_BC,3,path_1_to_H,clip_0_1,1416,0.0016554630522822157,8.964713531725048e-05
20260916,P_FWD_BC,P_IS_BC,3,path_1_to_H,clip_0_1,1428,0.0031491175313992366,0.00011809216858316077
20260916,P_FWD_BC,P_IS_BC,3,path_1_to_H,clip_0_1,1440,0.0002532988057919056,-4.3257989646076096e-05
20260916,P_FWD_BC,P_IS_BC,3,path_1_to_H,clip_0_1,1452,0.0014660321635166995,5.985889236111989e-05
20260916,P_FWD_BC,P_IS_BC,3,path_1_to_H,clip_0_1,1464,-0.004709877015878845,-0.002662656611945287
20260916,P_FWD_BC,P_IS_BC,3,path_1_to_H,clip_0_1,1476,0.004552200924762874,0.0009078841438592821
20260916,P_FWD_BC,P_IS_BC,3,path_1_to_H,clip_0_1,1488,-0.0029105134370155158,-0.00021123814303806586
20260916,P_FWD_BC,P_IS_BC,3,path_1_to_H,clip_0_1,1500,-0.00463460617293569,-0.0003095243562413004
20260916,P_FWD_BC,P_IS_BC,3,path_1_to_H,clip_0_1,1512,0.002383095600779704,0.0009123770428981464
20260916,P_FWD_BC,P_IS_BC,3,path_1_to_H,clip_0_1,1524,0.003809418329684718,0.0007014492200178201
20260916,P_FWD_BC,P_IS_BC,3,path_1_to_H,clip_0_1,1536,0.0011164593712576054,0.0003451253770942172
20260916,P_FWD_BC,P_IS_BC,3,path_1_to_H,clip_0_1,1548,-0.0010668187672297376,-0.00022267191623002357
20260916,P_FWD_BC,P_IS_BC,6,terminal_H,raw,1392,0.0005570917497022932,1.4989609048875752e-05
20260916,P_FWD_BC,P_IS_BC,6,terminal_H,raw,1404,0.007623838493958068,0.0009806198446290976
20260916,P_FWD_BC,P_IS_BC,6,terminal_H,raw,1416,0.005063374300131813,0.0005077901731114615
20260916,P_FWD_BC,P_IS_BC,6,terminal_H,raw,1428,0.006891114828808415,0.0008005991533952629
20260916,P_FWD_BC,P_IS_BC,6,terminal_H,raw,1440,-0.0011059973210009529,-9.445738175936131e-07
20260916,P_FWD_BC,P_IS_BC,6,terminal_H,raw,1452,0.0026663694844983013,0.0003692361255751261
20260916,P_FWD_BC,P_IS_BC,6,terminal_H,raw,1464,-0.003913645565312947,-0.002121733573392462
20260916,P_FWD_BC,P_IS_BC,6,terminal_H,raw,1476,0.008252260493501844,0.0027228101036181683
20260916,P_FWD_BC,P_IS_BC,6,terminal_H,raw,1488,-0.0021566489171503285,0.00042921708745376176
20260916,P_FWD_BC,P_IS_BC,6,terminal_H,raw,1500,-0.011960609520336727,-0.0014262446984702425
20260916,P_FWD_BC,P_IS_BC,6,terminal_H,raw,1512,0.009269001709117809,0.004791324262487577
20260916,P_FWD_BC,P_IS_BC,6,terminal_H,raw,1524,0.015822599595156896,0.004380941510133116
20260916,P_FWD_BC,P_IS_BC,6,terminal_H,raw,1536,0.004558097544215588,0.001210230136605511
20260916,P_FWD_BC,P_IS_BC,6,terminal_H,raw,1548,0.000534848387200949,8.50187135279611e-05
20260916,P_FWD_BC,P_IS_BC,6,terminal_H,clip_0_1,1392,0.0005211558479189358,1.4634477063705394e-05
20260916,P_FWD_BC,P_IS_BC,6,terminal_H,clip_0_1,1404,0.007623838493958068,0.0009806198446290976
20260916,P_FWD_BC,P_IS_BC,6,terminal_H,clip_0_1,1416,0.0049221992312141515,0.0004966989899286834
20260916,P_FWD_BC,P_IS_BC,6,terminal_H,clip_0_1,1428,0.006875261719684248,0.0008001677822968897
20260916,P_FWD_BC,P_IS_BC,6,terminal_H,clip_0_1,1440,-0.0012753706645225096,-2.0931685935555677e-05
20260916,P_FWD_BC,P_IS_BC,6,terminal_H,clip_0_1,1452,0.0026879967767103564,0.0003693647540114432
20260916,P_FWD_BC,P_IS_BC,6,terminal_H,clip_0_1,1464,-0.0039244866764586,-0.0021217658940574516
20260916,P_FWD_BC,P_IS_BC,6,terminal_H,clip_0_1,1476,0.008265690566796472,0.00272285970450706
20260916,P_FWD_BC,P_IS_BC,6,terminal_H,clip_0_1,1488,-0.0022089962375885825,0.0004288400025301608
20260916,P_FWD_BC,P_IS_BC,6,terminal_H,clip_0_1,1500,-0.011981486484926727,-0.001426364556574128
20260916,P_FWD_BC,P_IS_BC,6,terminal_H,clip_0_1,1512,0.008906786736071252,0.004610530684162766
20260916,P_FWD_BC,P_IS_BC,6,terminal_H,clip_0_1,1524,0.015679474375100765,0.00436342494758369
20260916,P_FWD_BC,P_IS_BC,6,terminal_H,clip_0_1,1536,0.004558097544215588,0.001210230136605511
20260916,P_FWD_BC,P_IS_BC,6,terminal_H,clip_0_1,1548,0.0005030163506191671,7.766627596613507e-05
20260916,P_FWD_BC,P_IS_BC,6,path_1_to_H,raw,1392,-0.000548072184725585,-0.00029694285779167354
20260916,P_FWD_BC,P_IS_BC,6,path_1_to_H,raw,1404,0.0054334295919174,0.0005794979467836401
20260916,P_FWD_BC,P_IS_BC,6,path_1_to_H,raw,1416,0.0024750353547661466,0.00023905557835303447
20260916,P_FWD_BC,P_IS_BC,6,path_1_to_H,raw,1428,0.004557377877024601,0.0003714864561957792
20260916,P_FWD_BC,P_IS_BC,6,path_1_to_H,raw,1440,-0.0010775258258403384,-5.1973624244032434e-05
20260916,P_FWD_BC,P_IS_BC,6,path_1_to_H,raw,1452,0.002140499156373948,0.0002082106939605748
20260916,P_FWD_BC,P_IS_BC,6,path_1_to_H,raw,1464,-0.004743407769583095,-0.002575685347157289
20260916,P_FWD_BC,P_IS_BC,6,path_1_to_H,raw,1476,0.006783405260052658,0.001791841027090791
20260916,P_FWD_BC,P_IS_BC,6,path_1_to_H,raw,1488,-0.0031480123494212107,-1.818355245364406e-05
20260916,P_FWD_BC,P_IS_BC,6,path_1_to_H,raw,1500,-0.0073577960067528515,-0.0007573273074591178
20260916,P_FWD_BC,P_IS_BC,6,path_1_to_H,raw,1512,0.005474615815654741,0.0025794419409735105
20260916,P_FWD_BC,P_IS_BC,6,path_1_to_H,raw,1524,0.009321216916196058,0.003033192328128443
20260916,P_FWD_BC,P_IS_BC,6,path_1_to_H,raw,1536,0.0021819277893022205,0.0005968035955645389
20260916,P_FWD_BC,P_IS_BC,6,path_1_to_H,raw,1548,-0.001173069766241402,-8.086210458062493e-05
20260916,P_FWD_BC,P_IS_BC,6,path_1_to_H,clip_0_1,1392,-0.0005746203498126805,-0.00029768495863686807
20260916,P_FWD_BC,P_IS_BC,6,path_1_to_H,clip_0_1,1404,0.005433732692489911,0.000579499340113824
20260916,P_FWD_BC,P_IS_BC,6,path_1_to_H,clip_0_1,1416,0.002382893601093822,0.00023291119846647584
20260916,P_FWD_BC,P_IS_BC,6,path_1_to_H,clip_0_1,1428,0.004553000946409902,0.0003714113822362426
20260916,P_FWD_BC,P_IS_BC,6,path_1_to_H,clip_0_1,1440,-0.0011258927797133287,-5.707309933120714e-05
20260916,P_FWD_BC,P_IS_BC,6,path_1_to_H,clip_0_1,1452,0.0021664076132989745,0.000208420940188026
20260916,P_FWD_BC,P_IS_BC,6,path_1_to_H,clip_0_1,1464,-0.004707871339519603,-0.002574222490016206
20260916,P_FWD_BC,P_IS_BC,6,path_1_to_H,clip_0_1,1476,0.0068137546990493045,0.001792092418335276
20260916,P_FWD_BC,P_IS_BC,6,path_1_to_H,clip_0_1,1488,-0.0031999582304315824,-1.8650318413309848e-05
20260916,P_FWD_BC,P_IS_BC,6,path_1_to_H,clip_0_1,1500,-0.007471225010904413,-0.0007587194570379517
20260916,P_FWD_BC,P_IS_BC,6,path_1_to_H,clip_0_1,1512,0.004737102839786222,0.002336041873067582
20260916,P_FWD_BC,P_IS_BC,6,path_1_to_H,clip_0_1,1524,0.009283525735392909,0.00302975085521336
20260916,P_FWD_BC,P_IS_BC,6,path_1_to_H,clip_0_1,1536,0.0021819277893022205,0.0005968035955645389
20260916,P_FWD_BC,P_IS_BC,6,path_1_to_H,clip_0_1,1548,-0.001178375105671699,-8.208751084092927e-05
20260916,P_FWD_BC,P_IS_BC,9,terminal_H,raw,1392,0.005934096774364029,0.0004675287547614317
20260916,P_FWD_BC,P_IS_BC,9,terminal_H,raw,1404,0.006499300421667346,0.0011167865553994864
20260916,P_FWD_BC,P_IS_BC,9,terminal_H,raw,1416,0.009462019590973444,0.0011804447539326586
20260916,P_FWD_BC,P_IS_BC,9,terminal_H,raw,1428,0.00954686421355098,0.000994594536325114
20260916,P_FWD_BC,P_IS_BC,9,terminal_H,raw,1440,0.0012967523272810794,-0.00014956885934729668
20260916,P_FWD_BC,P_IS_BC,9,terminal_H,raw,1452,0.009552630533671504,0.0008155698657067306
20260916,P_FWD_BC,P_IS_BC,9,terminal_H,raw,1464,0.0030892953107760604,0.001153217016196882
20260916,P_FWD_BC,P_IS_BC,9,terminal_H,raw,1476,0.0023142024447461184,0.0011082829409349733
20260916,P_FWD_BC,P_IS_BC,9,terminal_H,raw,1488,0.0006036284443258639,-0.00019171889512245967
20260916,P_FWD_BC,P_IS_BC,9,terminal_H,raw,1500,-0.015188028772584947,-0.0019802158122477326
20260916,P_FWD_BC,P_IS_BC,9,terminal_H,raw,1512,0.010522159314400014,0.004068050246150192
20260916,P_FWD_BC,P_IS_BC,9,terminal_H,raw,1524,0.023845468735823227,0.009951407899415343
20260916,P_FWD_BC,P_IS_BC,9,terminal_H,raw,1536,0.0034022905728010693,0.0010942835949039643
20260916,P_FWD_BC,P_IS_BC,9,terminal_H,raw,1548,0.015042636746403838,0.0038621785148812843
20260916,P_FWD_BC,P_IS_BC,9,terminal_H,clip_0_1,1392,0.005931864748053755,0.00046752738472753306
20260916,P_FWD_BC,P_IS_BC,9,terminal_H,clip_0_1,1404,0.006418976155317395,0.0011150122587642057
20260916,P_FWD_BC,P_IS_BC,9,terminal_H,clip_0_1,1416,0.009462019590973444,0.0011804447539326586
20260916,P_FWD_BC,P_IS_BC,9,terminal_H,clip_0_1,1428,0.009365303423628957,0.0009693929490255455
20260916,P_FWD_BC,P_IS_BC,9,terminal_H,clip_0_1,1440,0.0012967523272810794,-0.00014956885934729668
20260916,P_FWD_BC,P_IS_BC,9,terminal_H,clip_0_1,1452,0.009605485977578144,0.0008163381326431368
20260916,P_FWD_BC,P_IS_BC,9,terminal_H,clip_0_1,1464,0.003002662179494719,0.0011521801932694979
20260916,P_FWD_BC,P_IS_BC,9,terminal_H,clip_0_1,1476,0.0023054478270718593,0.0011082618640190524
20260916,P_FWD_BC,P_IS_BC,9,terminal_H,clip_0_1,1488,0.0005295599849564635,-0.0001932275827076327
20260916,P_FWD_BC,P_IS_BC,9,terminal_H,clip_0_1,1500,-0.015206477682098733,-0.0019803094118698507
20260916,P_FWD_BC,P_IS_BC,9,terminal_H,clip_0_1,1512,0.010511111183404287,0.004066333631547839
20260916,P_FWD_BC,P_IS_BC,9,terminal_H,clip_0_1,1524,0.023714235074315197,0.009881187087901094
20260916,P_FWD_BC,P_IS_BC,9,terminal_H,clip_0_1,1536,0.0034022905728010693,0.0010942835949039643
20260916,P_FWD_BC,P_IS_BC,9,terminal_H,clip_0_1,1548,0.015042636746403838,0.0038621785148812843
20260916,P_FWD_BC,P_IS_BC,9,path_1_to_H,raw,1392,0.0008877708424547342,-1.0425978437473052e-05
20260916,P_FWD_BC,P_IS_BC,9,path_1_to_H,raw,1404,0.00578757879292556,0.0006848861641175077
20260916,P_FWD_BC,P_IS_BC,9,path_1_to_H,raw,1416,0.00403761538881816,0.0004335868151993908
20260916,P_FWD_BC,P_IS_BC,9,path_1_to_H,raw,1428,0.005938223284041552,0.0005497403660831578
20260916,P_FWD_BC,P_IS_BC,9,path_1_to_H,raw,1440,-0.0001658514722275637,-2.7698884556005274e-05
20260916,P_FWD_BC,P_IS_BC,9,path_1_to_H,raw,1452,0.004089562496320551,0.00040232779016521094
20260916,P_FWD_BC,P_IS_BC,9,path_1_to_H,raw,1464,-0.0028253615537508258,-0.0016988720146453185
20260916,P_FWD_BC,P_IS_BC,9,path_1_to_H,raw,1476,0.005916490300666514,0.0017945532420559319
20260916,P_FWD_BC,P_IS_BC,9,path_1_to_H,raw,1488,-0.0023369628250852043,-8.83359880439103e-05
20260916,P_FWD_BC,P_IS_BC,9,path_1_to_H,raw,1500,-0.009269561693532519,-0.0010121203882059557
20260916,P_FWD_BC,P_IS_BC,9,path_1_to_H,raw,1512,0.007063889652993457,0.0032522597945395253
20260916,P_FWD_BC,P_IS_BC,9,path_1_to_H,raw,1524,0.012894408252188608,0.004450675831459135
20260916,P_FWD_BC,P_IS_BC,9,path_1_to_H,raw,1536,0.0025816913722607527,0.0007621752774284721
20260916,P_FWD_BC,P_IS_BC,9,path_1_to_H,raw,1548,0.0017045269071508948,0.0006561509489752055
20260916,P_FWD_BC,P_IS_BC,9,path_1_to_H,clip_0_1,1392,0.0008683585749252082,-1.092618000571643e-05
20260916,P_FWD_BC,P_IS_BC,9,path_1_to_H,clip_0_1,1404,0.005773510935369028,0.0006846192404348727
20260916,P_FWD_BC,P_IS_BC,9,path_1_to_H,clip_0_1,1416,0.003950394983185084,0.0004275422541640121
20260916,P_FWD_BC,P_IS_BC,9,path_1_to_H,clip_0_1,1428,0.00591169228474337,0.0005465040627210944
20260916,P_FWD_BC,P_IS_BC,9,path_1_to_H,clip_0_1,1440,-0.000243939063279117,-3.6978169826548885e-05
20260916,P_FWD_BC,P_IS_BC,9,path_1_to_H,clip_0_1,1452,0.004117660671231623,0.0004025805675228565
20260916,P_FWD_BC,P_IS_BC,9,path_1_to_H,clip_0_1,1464,-0.002829815825647088,-0.0016982886160904547
20260916,P_FWD_BC,P_IS_BC,9,path_1_to_H,clip_0_1,1476,0.005936334927908845,0.0017947193396189722
20260916,P_FWD_BC,P_IS_BC,9,path_1_to_H,clip_0_1,1488,-0.002382333290806497,-8.882556200268358e-05
20260916,P_FWD_BC,P_IS_BC,9,path_1_to_H,clip_0_1,1500,-0.009352787772862437,-0.0010130855507673492
20260916,P_FWD_BC,P_IS_BC,9,path_1_to_H,clip_0_1,1512,0.006548069047908216,0.0030836359358192016
20260916,P_FWD_BC,P_IS_BC,9,path_1_to_H,clip_0_1,1524,0.012824429206106254,0.004433151469463819
20260916,P_FWD_BC,P_IS_BC,9,path_1_to_H,clip_0_1,1536,0.0025816913722607527,0.0007621752774284721
20260916,P_FWD_BC,P_IS_BC,9,path_1_to_H,clip_0_1,1548,0.0017009900141973639,0.0006553340114683359
20260916,P_FWD_BC,P_IS_BC,12,terminal_H,raw,1392,0.004626150301794787,0.00039527775389670844
20260916,P_FWD_BC,P_IS_BC,12,terminal_H,raw,1404,0.0028605896135744328,0.0003248130739032017
20260916,P_FWD_BC,P_IS_BC,12,terminal_H,raw,1416,0.007397169409772595,0.0006758794582716104
20260916,P_FWD_BC,P_IS_BC,12,terminal_H,raw,1428,0.005478520903971364,0.0006499701374370389
20260916,P_FWD_BC,P_IS_BC,12,terminal_H,raw,1440,0.0003567449562822924,0.00020674217622354714
20260916,P_FWD_BC,P_IS_BC,12,terminal_H,raw,1452,0.00817791558417743,0.0010648748087566083
20260916,P_FWD_BC,P_IS_BC,12,terminal_H,raw,1464,0.004240467321937388,0.0019829842402339475
20260916,P_FWD_BC,P_IS_BC,12,terminal_H,raw,1476,-0.0004175766568375929,-8.101276850131853e-05
20260916,P_FWD_BC,P_IS_BC,12,terminal_H,raw,1488,-0.0012318015332077454,-0.0004220523440841564
20260916,P_FWD_BC,P_IS_BC,12,terminal_H,raw,1500,-0.015072230042227555,-0.0015529990810849415
20260916,P_FWD_BC,P_IS_BC,12,terminal_H,raw,1512,0.00879012938842982,0.0025586608891126524
20260916,P_FWD_BC,P_IS_BC,12,terminal_H,raw,1524,0.022413820574977403,0.010907106013647168
20260916,P_FWD_BC,P_IS_BC,12,terminal_H,raw,1536,0.0038006025981608747,0.0009041945318000224
20260916,P_FWD_BC,P_IS_BC,12,terminal_H,raw,1548,0.013634360690990582,0.004167588117827285
20260916,P_FWD_BC,P_IS_BC,12,terminal_H,clip_0_1,1392,0.004626150301794787,0.00039527775389670844
20260916,P_FWD_BC,P_IS_BC,12,terminal_H,clip_0_1,1404,0.002853336847368247,0.00032479860818335026
20260916,P_FWD_BC,P_IS_BC,12,terminal_H,clip_0_1,1416,0.007397169409772595,0.0006758794582716104
20260916,P_FWD_BC,P_IS_BC,12,terminal_H,clip_0_1,1428,0.0051642698611436555,0.0006134893760019322
20260916,P_FWD_BC,P_IS_BC,12,terminal_H,clip_0_1,1440,0.0003567449562822924,0.00020674217622354714
20260916,P_FWD_BC,P_IS_BC,12,terminal_H,clip_0_1,1452,0.00824357642576063,0.001066060428938897
20260916,P_FWD_BC,P_IS_BC,12,terminal_H,clip_0_1,1464,0.004240467321937388,0.0019829842402339475
20260916,P_FWD_BC,P_IS_BC,12,terminal_H,clip_0_1,1476,-0.0004175766568375929,-8.101276850131853e-05
20260916,P_FWD_BC,P_IS_BC,12,terminal_H,clip_0_1,1488,-0.0012318015332077454,-0.0004220523440841564
20260916,P_FWD_BC,P_IS_BC,12,terminal_H,clip_0_1,1500,-0.015072230042227555,-0.0015529990810849415
20260916,P_FWD_BC,P_IS_BC,12,terminal_H,clip_0_1,1512,0.00879012938842982,0.0025586608891126524
20260916,P_FWD_BC,P_IS_BC,12,terminal_H,clip_0_1,1524,0.022413820574977403,0.010907106013647168
20260916,P_FWD_BC,P_IS_BC,12,terminal_H,clip_0_1,1536,0.0038006025981608747,0.0009041945318000224
20260916,P_FWD_BC,P_IS_BC,12,terminal_H,clip_0_1,1548,0.013625860868562012,0.004165911925500243
20260916,P_FWD_BC,P_IS_BC,12,path_1_to_H,raw,1392,0.0020458045401222187,0.00016753176827202443
20260916,P_FWD_BC,P_IS_BC,12,path_1_to_H,raw,1404,0.005299729153878381,0.0006314542150631975
20260916,P_FWD_BC,P_IS_BC,12,path_1_to_H,raw,1416,0.005155552946864799,0.0005335759112167069
20260916,P_FWD_BC,P_IS_BC,12,path_1_to_H,raw,1428,0.006021318373830503,0.0005691806137866458
20260916,P_FWD_BC,P_IS_BC,12,path_1_to_H,raw,1440,3.284451975576552e-05,4.288769868836885e-05
20260916,P_FWD_BC,P_IS_BC,12,path_1_to_H,raw,1452,0.0054974144322932844,0.0005897592211174903
20260916,P_FWD_BC,P_IS_BC,12,path_1_to_H,raw,1464,-0.0013243434066481778,-0.0008411916080715023
20260916,P_FWD_BC,P_IS_BC,12,path_1_to_H,raw,1476,0.00439335548157226,0.0013122211770365598
20260916,P_FWD_BC,P_IS_BC,12,path_1_to_H,raw,1488,-0.0018532283470175128,-0.00010666108317536587
20260916,P_FWD_BC,P_IS_BC,12,path_1_to_H,raw,1500,-0.010948447642812137,-0.0012501836809990683
20260916,P_FWD_BC,P_IS_BC,12,path_1_to_H,raw,1512,0.007478431325976385,0.0031148742237097067
20260916,P_FWD_BC,P_IS_BC,12,path_1_to_H,raw,1524,0.015241305872522037,0.00592796025068971
20260916,P_FWD_BC,P_IS_BC,12,path_1_to_H,raw,1536,0.0032278025997917862,0.0009292159853529183
20260916,P_FWD_BC,P_IS_BC,12,path_1_to_H,raw,1548,0.0046580563021881745,0.001465043126791775
20260916,P_FWD_BC,P_IS_BC,12,path_1_to_H,clip_0_1,1392,0.002031245339475074,0.0001671566170958419
20260916,P_FWD_BC,P_IS_BC,12,path_1_to_H,clip_0_1,1404,0.005281368611147039,0.0006311660527283839
20260916,P_FWD_BC,P_IS_BC,12,path_1_to_H,clip_0_1,1416,0.005090137642639993,0.0005290424904401727
20260916,P_FWD_BC,P_IS_BC,12,path_1_to_H,clip_0_1,1428,0.0059261507323029655,0.0005555426331818457
20260916,P_FWD_BC,P_IS_BC,12,path_1_to_H,clip_0_1,1440,-2.5721173532899394e-05,3.592823473546113e-05
20260916,P_FWD_BC,P_IS_BC,12,path_1_to_H,clip_0_1,1452,0.00553329191318998,0.0005901917312387253
20260916,P_FWD_BC,P_IS_BC,12,path_1_to_H,clip_0_1,1464,-0.0013276841105703747,-0.0008407540591553541
20260916,P_FWD_BC,P_IS_BC,12,path_1_to_H,clip_0_1,1476,0.004408457472855143,0.0013123467841277866
20260916,P_FWD_BC,P_IS_BC,12,path_1_to_H,clip_0_1,1488,-0.00189644148031507,-0.00010718371146218599
20260916,P_FWD_BC,P_IS_BC,12,path_1_to_H,clip_0_1,1500,-0.011011420612494377,-0.001250908563587461
20260916,P_FWD_BC,P_IS_BC,12,path_1_to_H,clip_0_1,1512,0.007090124357124511,0.0029880150683528036
20260916,P_FWD_BC,P_IS_BC,12,path_1_to_H,clip_0_1,1524,0.015186986238474143,0.005914117607060395
20260916,P_FWD_BC,P_IS_BC,12,path_1_to_H,clip_0_1,1536,0.0032278025997917862,0.0009292159853529183
20260916,P_FWD_BC,P_IS_BC,12,path_1_to_H,clip_0_1,1548,0.004638304105431114,0.0014606532557711789
20260916,P_FWD_BC,P_FWD_X,3,terminal_H,raw,1392,0.0,0.0
20260916,P_FWD_BC,P_FWD_X,3,terminal_H,raw,1404,0.0,0.0
20260916,P_FWD_BC,P_FWD_X,3,terminal_H,raw,1416,0.0,0.0
20260916,P_FWD_BC,P_FWD_X,3,terminal_H,raw,1428,0.0,0.0
20260916,P_FWD_BC,P_FWD_X,3,terminal_H,raw,1440,0.0,0.0
20260916,P_FWD_BC,P_FWD_X,3,terminal_H,raw,1452,0.0,0.0
20260916,P_FWD_BC,P_FWD_X,3,terminal_H,raw,1464,0.0,0.0
20260916,P_FWD_BC,P_FWD_X,3,terminal_H,raw,1476,0.0,0.0
20260916,P_FWD_BC,P_FWD_X,3,terminal_H,raw,1488,0.0,0.0
20260916,P_FWD_BC,P_FWD_X,3,terminal_H,raw,1500,0.0,0.0
20260916,P_FWD_BC,P_FWD_X,3,terminal_H,raw,1512,0.0,0.0
20260916,P_FWD_BC,P_FWD_X,3,terminal_H,raw,1524,0.0,0.0
20260916,P_FWD_BC,P_FWD_X,3,terminal_H,raw,1536,0.0,0.0
20260916,P_FWD_BC,P_FWD_X,3,terminal_H,raw,1548,0.0,0.0
20260916,P_FWD_BC,P_FWD_X,3,terminal_H,clip_0_1,1392,0.0,0.0
20260916,P_FWD_BC,P_FWD_X,3,terminal_H,clip_0_1,1404,0.0,0.0
20260916,P_FWD_BC,P_FWD_X,3,terminal_H,clip_0_1,1416,0.0,0.0
20260916,P_FWD_BC,P_FWD_X,3,terminal_H,clip_0_1,1428,0.0,0.0
20260916,P_FWD_BC,P_FWD_X,3,terminal_H,clip_0_1,1440,0.0,0.0
20260916,P_FWD_BC,P_FWD_X,3,terminal_H,clip_0_1,1452,0.0,0.0
20260916,P_FWD_BC,P_FWD_X,3,terminal_H,clip_0_1,1464,0.0,0.0
20260916,P_FWD_BC,P_FWD_X,3,terminal_H,clip_0_1,1476,0.0,0.0
20260916,P_FWD_BC,P_FWD_X,3,terminal_H,clip_0_1,1488,0.0,0.0
20260916,P_FWD_BC,P_FWD_X,3,terminal_H,clip_0_1,1500,0.0,0.0
20260916,P_FWD_BC,P_FWD_X,3,terminal_H,clip_0_1,1512,0.0,0.0
20260916,P_FWD_BC,P_FWD_X,3,terminal_H,clip_0_1,1524,0.0,0.0
20260916,P_FWD_BC,P_FWD_X,3,terminal_H,clip_0_1,1536,0.0,0.0
20260916,P_FWD_BC,P_FWD_X,3,terminal_H,clip_0_1,1548,0.0,0.0
20260916,P_FWD_BC,P_FWD_X,3,path_1_to_H,raw,1392,0.0,0.0
20260916,P_FWD_BC,P_FWD_X,3,path_1_to_H,raw,1404,0.0,0.0
20260916,P_FWD_BC,P_FWD_X,3,path_1_to_H,raw,1416,0.0,0.0
20260916,P_FWD_BC,P_FWD_X,3,path_1_to_H,raw,1428,0.0,0.0
20260916,P_FWD_BC,P_FWD_X,3,path_1_to_H,raw,1440,0.0,0.0
20260916,P_FWD_BC,P_FWD_X,3,path_1_to_H,raw,1452,0.0,0.0
20260916,P_FWD_BC,P_FWD_X,3,path_1_to_H,raw,1464,0.0,0.0
20260916,P_FWD_BC,P_FWD_X,3,path_1_to_H,raw,1476,0.0,0.0
20260916,P_FWD_BC,P_FWD_X,3,path_1_to_H,raw,1488,0.0,0.0
20260916,P_FWD_BC,P_FWD_X,3,path_1_to_H,raw,1500,0.0,0.0
20260916,P_FWD_BC,P_FWD_X,3,path_1_to_H,raw,1512,0.0,0.0
20260916,P_FWD_BC,P_FWD_X,3,path_1_to_H,raw,1524,0.0,0.0
20260916,P_FWD_BC,P_FWD_X,3,path_1_to_H,raw,1536,0.0,0.0
20260916,P_FWD_BC,P_FWD_X,3,path_1_to_H,raw,1548,0.0,0.0
20260916,P_FWD_BC,P_FWD_X,3,path_1_to_H,clip_0_1,1392,0.0,0.0
20260916,P_FWD_BC,P_FWD_X,3,path_1_to_H,clip_0_1,1404,0.0,0.0
20260916,P_FWD_BC,P_FWD_X,3,path_1_to_H,clip_0_1,1416,0.0,0.0
20260916,P_FWD_BC,P_FWD_X,3,path_1_to_H,clip_0_1,1428,0.0,0.0
20260916,P_FWD_BC,P_FWD_X,3,path_1_to_H,clip_0_1,1440,0.0,0.0
20260916,P_FWD_BC,P_FWD_X,3,path_1_to_H,clip_0_1,1452,0.0,0.0
20260916,P_FWD_BC,P_FWD_X,3,path_1_to_H,clip_0_1,1464,0.0,0.0
20260916,P_FWD_BC,P_FWD_X,3,path_1_to_H,clip_0_1,1476,0.0,0.0
20260916,P_FWD_BC,P_FWD_X,3,path_1_to_H,clip_0_1,1488,0.0,0.0
20260916,P_FWD_BC,P_FWD_X,3,path_1_to_H,clip_0_1,1500,0.0,0.0
20260916,P_FWD_BC,P_FWD_X,3,path_1_to_H,clip_0_1,1512,0.0,0.0
20260916,P_FWD_BC,P_FWD_X,3,path_1_to_H,clip_0_1,1524,0.0,0.0
20260916,P_FWD_BC,P_FWD_X,3,path_1_to_H,clip_0_1,1536,0.0,0.0
20260916,P_FWD_BC,P_FWD_X,3,path_1_to_H,clip_0_1,1548,0.0,0.0
20260916,P_FWD_BC,P_FWD_X,6,terminal_H,raw,1392,0.0,0.0
20260916,P_FWD_BC,P_FWD_X,6,terminal_H,raw,1404,0.0,0.0
20260916,P_FWD_BC,P_FWD_X,6,terminal_H,raw,1416,0.0,0.0
20260916,P_FWD_BC,P_FWD_X,6,terminal_H,raw,1428,0.0,0.0
20260916,P_FWD_BC,P_FWD_X,6,terminal_H,raw,1440,0.0,0.0
20260916,P_FWD_BC,P_FWD_X,6,terminal_H,raw,1452,0.0,0.0
20260916,P_FWD_BC,P_FWD_X,6,terminal_H,raw,1464,0.0,0.0
20260916,P_FWD_BC,P_FWD_X,6,terminal_H,raw,1476,0.0,0.0
20260916,P_FWD_BC,P_FWD_X,6,terminal_H,raw,1488,0.0,0.0
20260916,P_FWD_BC,P_FWD_X,6,terminal_H,raw,1500,0.0,0.0
20260916,P_FWD_BC,P_FWD_X,6,terminal_H,raw,1512,0.0,0.0
20260916,P_FWD_BC,P_FWD_X,6,terminal_H,raw,1524,0.0,0.0
20260916,P_FWD_BC,P_FWD_X,6,terminal_H,raw,1536,0.0,0.0
20260916,P_FWD_BC,P_FWD_X,6,terminal_H,raw,1548,0.0,0.0
20260916,P_FWD_BC,P_FWD_X,6,terminal_H,clip_0_1,1392,0.0,0.0
20260916,P_FWD_BC,P_FWD_X,6,terminal_H,clip_0_1,1404,0.0,0.0
20260916,P_FWD_BC,P_FWD_X,6,terminal_H,clip_0_1,1416,0.0,0.0
20260916,P_FWD_BC,P_FWD_X,6,terminal_H,clip_0_1,1428,0.0,0.0
20260916,P_FWD_BC,P_FWD_X,6,terminal_H,clip_0_1,1440,0.0,0.0
20260916,P_FWD_BC,P_FWD_X,6,terminal_H,clip_0_1,1452,0.0,0.0
20260916,P_FWD_BC,P_FWD_X,6,terminal_H,clip_0_1,1464,0.0,0.0
20260916,P_FWD_BC,P_FWD_X,6,terminal_H,clip_0_1,1476,0.0,0.0
20260916,P_FWD_BC,P_FWD_X,6,terminal_H,clip_0_1,1488,0.0,0.0
20260916,P_FWD_BC,P_FWD_X,6,terminal_H,clip_0_1,1500,0.0,0.0
20260916,P_FWD_BC,P_FWD_X,6,terminal_H,clip_0_1,1512,0.0,0.0
20260916,P_FWD_BC,P_FWD_X,6,terminal_H,clip_0_1,1524,0.0,0.0
20260916,P_FWD_BC,P_FWD_X,6,terminal_H,clip_0_1,1536,0.0,0.0
20260916,P_FWD_BC,P_FWD_X,6,terminal_H,clip_0_1,1548,0.0,0.0
20260916,P_FWD_BC,P_FWD_X,6,path_1_to_H,raw,1392,0.0,0.0
20260916,P_FWD_BC,P_FWD_X,6,path_1_to_H,raw,1404,0.0,0.0
20260916,P_FWD_BC,P_FWD_X,6,path_1_to_H,raw,1416,0.0,0.0
20260916,P_FWD_BC,P_FWD_X,6,path_1_to_H,raw,1428,0.0,0.0
20260916,P_FWD_BC,P_FWD_X,6,path_1_to_H,raw,1440,0.0,0.0
20260916,P_FWD_BC,P_FWD_X,6,path_1_to_H,raw,1452,0.0,0.0
20260916,P_FWD_BC,P_FWD_X,6,path_1_to_H,raw,1464,0.0,0.0
20260916,P_FWD_BC,P_FWD_X,6,path_1_to_H,raw,1476,0.0,0.0
20260916,P_FWD_BC,P_FWD_X,6,path_1_to_H,raw,1488,0.0,0.0
20260916,P_FWD_BC,P_FWD_X,6,path_1_to_H,raw,1500,0.0,0.0
20260916,P_FWD_BC,P_FWD_X,6,path_1_to_H,raw,1512,0.0,0.0
20260916,P_FWD_BC,P_FWD_X,6,path_1_to_H,raw,1524,0.0,0.0
20260916,P_FWD_BC,P_FWD_X,6,path_1_to_H,raw,1536,0.0,0.0
20260916,P_FWD_BC,P_FWD_X,6,path_1_to_H,raw,1548,0.0,0.0
20260916,P_FWD_BC,P_FWD_X,6,path_1_to_H,clip_0_1,1392,0.0,0.0
20260916,P_FWD_BC,P_FWD_X,6,path_1_to_H,clip_0_1,1404,0.0,0.0
20260916,P_FWD_BC,P_FWD_X,6,path_1_to_H,clip_0_1,1416,0.0,0.0
20260916,P_FWD_BC,P_FWD_X,6,path_1_to_H,clip_0_1,1428,0.0,0.0
20260916,P_FWD_BC,P_FWD_X,6,path_1_to_H,clip_0_1,1440,0.0,0.0
20260916,P_FWD_BC,P_FWD_X,6,path_1_to_H,clip_0_1,1452,0.0,0.0
20260916,P_FWD_BC,P_FWD_X,6,path_1_to_H,clip_0_1,1464,0.0,0.0
20260916,P_FWD_BC,P_FWD_X,6,path_1_to_H,clip_0_1,1476,0.0,0.0
20260916,P_FWD_BC,P_FWD_X,6,path_1_to_H,clip_0_1,1488,0.0,0.0
20260916,P_FWD_BC,P_FWD_X,6,path_1_to_H,clip_0_1,1500,0.0,0.0
20260916,P_FWD_BC,P_FWD_X,6,path_1_to_H,clip_0_1,1512,0.0,0.0
20260916,P_FWD_BC,P_FWD_X,6,path_1_to_H,clip_0_1,1524,0.0,0.0
20260916,P_FWD_BC,P_FWD_X,6,path_1_to_H,clip_0_1,1536,0.0,0.0
20260916,P_FWD_BC,P_FWD_X,6,path_1_to_H,clip_0_1,1548,0.0,0.0
20260916,P_FWD_BC,P_FWD_X,9,terminal_H,raw,1392,0.0,0.0
20260916,P_FWD_BC,P_FWD_X,9,terminal_H,raw,1404,0.0,0.0
20260916,P_FWD_BC,P_FWD_X,9,terminal_H,raw,1416,0.0,0.0
20260916,P_FWD_BC,P_FWD_X,9,terminal_H,raw,1428,0.0,0.0
20260916,P_FWD_BC,P_FWD_X,9,terminal_H,raw,1440,0.0,0.0
20260916,P_FWD_BC,P_FWD_X,9,terminal_H,raw,1452,0.0,0.0
20260916,P_FWD_BC,P_FWD_X,9,terminal_H,raw,1464,0.0,0.0
20260916,P_FWD_BC,P_FWD_X,9,terminal_H,raw,1476,0.0,0.0
20260916,P_FWD_BC,P_FWD_X,9,terminal_H,raw,1488,0.0,0.0
20260916,P_FWD_BC,P_FWD_X,9,terminal_H,raw,1500,0.0,0.0
20260916,P_FWD_BC,P_FWD_X,9,terminal_H,raw,1512,0.0,0.0
20260916,P_FWD_BC,P_FWD_X,9,terminal_H,raw,1524,0.0,0.0
20260916,P_FWD_BC,P_FWD_X,9,terminal_H,raw,1536,0.0,0.0
20260916,P_FWD_BC,P_FWD_X,9,terminal_H,raw,1548,0.0,0.0
20260916,P_FWD_BC,P_FWD_X,9,terminal_H,clip_0_1,1392,0.0,0.0
20260916,P_FWD_BC,P_FWD_X,9,terminal_H,clip_0_1,1404,0.0,0.0
20260916,P_FWD_BC,P_FWD_X,9,terminal_H,clip_0_1,1416,0.0,0.0
20260916,P_FWD_BC,P_FWD_X,9,terminal_H,clip_0_1,1428,0.0,0.0
20260916,P_FWD_BC,P_FWD_X,9,terminal_H,clip_0_1,1440,0.0,0.0
20260916,P_FWD_BC,P_FWD_X,9,terminal_H,clip_0_1,1452,0.0,0.0
20260916,P_FWD_BC,P_FWD_X,9,terminal_H,clip_0_1,1464,0.0,0.0
20260916,P_FWD_BC,P_FWD_X,9,terminal_H,clip_0_1,1476,0.0,0.0
20260916,P_FWD_BC,P_FWD_X,9,terminal_H,clip_0_1,1488,0.0,0.0
20260916,P_FWD_BC,P_FWD_X,9,terminal_H,clip_0_1,1500,0.0,0.0
20260916,P_FWD_BC,P_FWD_X,9,terminal_H,clip_0_1,1512,0.0,0.0
20260916,P_FWD_BC,P_FWD_X,9,terminal_H,clip_0_1,1524,0.0,0.0
20260916,P_FWD_BC,P_FWD_X,9,terminal_H,clip_0_1,1536,0.0,0.0
20260916,P_FWD_BC,P_FWD_X,9,terminal_H,clip_0_1,1548,0.0,0.0
20260916,P_FWD_BC,P_FWD_X,9,path_1_to_H,raw,1392,0.0,0.0
20260916,P_FWD_BC,P_FWD_X,9,path_1_to_H,raw,1404,0.0,0.0
20260916,P_FWD_BC,P_FWD_X,9,path_1_to_H,raw,1416,0.0,0.0
20260916,P_FWD_BC,P_FWD_X,9,path_1_to_H,raw,1428,0.0,0.0
20260916,P_FWD_BC,P_FWD_X,9,path_1_to_H,raw,1440,0.0,0.0
20260916,P_FWD_BC,P_FWD_X,9,path_1_to_H,raw,1452,0.0,0.0
20260916,P_FWD_BC,P_FWD_X,9,path_1_to_H,raw,1464,0.0,0.0
20260916,P_FWD_BC,P_FWD_X,9,path_1_to_H,raw,1476,0.0,0.0
20260916,P_FWD_BC,P_FWD_X,9,path_1_to_H,raw,1488,0.0,0.0
20260916,P_FWD_BC,P_FWD_X,9,path_1_to_H,raw,1500,0.0,0.0
20260916,P_FWD_BC,P_FWD_X,9,path_1_to_H,raw,1512,0.0,0.0
20260916,P_FWD_BC,P_FWD_X,9,path_1_to_H,raw,1524,0.0,0.0
20260916,P_FWD_BC,P_FWD_X,9,path_1_to_H,raw,1536,0.0,0.0
20260916,P_FWD_BC,P_FWD_X,9,path_1_to_H,raw,1548,0.0,0.0
20260916,P_FWD_BC,P_FWD_X,9,path_1_to_H,clip_0_1,1392,0.0,0.0
20260916,P_FWD_BC,P_FWD_X,9,path_1_to_H,clip_0_1,1404,0.0,0.0
20260916,P_FWD_BC,P_FWD_X,9,path_1_to_H,clip_0_1,1416,0.0,0.0
20260916,P_FWD_BC,P_FWD_X,9,path_1_to_H,clip_0_1,1428,0.0,0.0
20260916,P_FWD_BC,P_FWD_X,9,path_1_to_H,clip_0_1,1440,0.0,0.0
20260916,P_FWD_BC,P_FWD_X,9,path_1_to_H,clip_0_1,1452,0.0,0.0
20260916,P_FWD_BC,P_FWD_X,9,path_1_to_H,clip_0_1,1464,0.0,0.0
20260916,P_FWD_BC,P_FWD_X,9,path_1_to_H,clip_0_1,1476,0.0,0.0
20260916,P_FWD_BC,P_FWD_X,9,path_1_to_H,clip_0_1,1488,0.0,0.0
20260916,P_FWD_BC,P_FWD_X,9,path_1_to_H,clip_0_1,1500,0.0,0.0
20260916,P_FWD_BC,P_FWD_X,9,path_1_to_H,clip_0_1,1512,0.0,0.0
20260916,P_FWD_BC,P_FWD_X,9,path_1_to_H,clip_0_1,1524,0.0,0.0
20260916,P_FWD_BC,P_FWD_X,9,path_1_to_H,clip_0_1,1536,0.0,0.0
20260916,P_FWD_BC,P_FWD_X,9,path_1_to_H,clip_0_1,1548,0.0,0.0
20260916,P_FWD_BC,P_FWD_X,12,terminal_H,raw,1392,0.0,0.0
20260916,P_FWD_BC,P_FWD_X,12,terminal_H,raw,1404,0.0,0.0
20260916,P_FWD_BC,P_FWD_X,12,terminal_H,raw,1416,0.0,0.0
20260916,P_FWD_BC,P_FWD_X,12,terminal_H,raw,1428,0.0,0.0
20260916,P_FWD_BC,P_FWD_X,12,terminal_H,raw,1440,0.0,0.0
20260916,P_FWD_BC,P_FWD_X,12,terminal_H,raw,1452,0.0,0.0
20260916,P_FWD_BC,P_FWD_X,12,terminal_H,raw,1464,0.0,0.0
20260916,P_FWD_BC,P_FWD_X,12,terminal_H,raw,1476,0.0,0.0
20260916,P_FWD_BC,P_FWD_X,12,terminal_H,raw,1488,0.0,0.0
20260916,P_FWD_BC,P_FWD_X,12,terminal_H,raw,1500,0.0,0.0
20260916,P_FWD_BC,P_FWD_X,12,terminal_H,raw,1512,0.0,0.0
20260916,P_FWD_BC,P_FWD_X,12,terminal_H,raw,1524,0.0,0.0
20260916,P_FWD_BC,P_FWD_X,12,terminal_H,raw,1536,0.0,0.0
20260916,P_FWD_BC,P_FWD_X,12,terminal_H,raw,1548,0.0,0.0
20260916,P_FWD_BC,P_FWD_X,12,terminal_H,clip_0_1,1392,0.0,0.0
20260916,P_FWD_BC,P_FWD_X,12,terminal_H,clip_0_1,1404,0.0,0.0
20260916,P_FWD_BC,P_FWD_X,12,terminal_H,clip_0_1,1416,0.0,0.0
20260916,P_FWD_BC,P_FWD_X,12,terminal_H,clip_0_1,1428,0.0,0.0
20260916,P_FWD_BC,P_FWD_X,12,terminal_H,clip_0_1,1440,0.0,0.0
20260916,P_FWD_BC,P_FWD_X,12,terminal_H,clip_0_1,1452,0.0,0.0
20260916,P_FWD_BC,P_FWD_X,12,terminal_H,clip_0_1,1464,0.0,0.0
20260916,P_FWD_BC,P_FWD_X,12,terminal_H,clip_0_1,1476,0.0,0.0
20260916,P_FWD_BC,P_FWD_X,12,terminal_H,clip_0_1,1488,0.0,0.0
20260916,P_FWD_BC,P_FWD_X,12,terminal_H,clip_0_1,1500,0.0,0.0
20260916,P_FWD_BC,P_FWD_X,12,terminal_H,clip_0_1,1512,0.0,0.0
20260916,P_FWD_BC,P_FWD_X,12,terminal_H,clip_0_1,1524,0.0,0.0
20260916,P_FWD_BC,P_FWD_X,12,terminal_H,clip_0_1,1536,0.0,0.0
20260916,P_FWD_BC,P_FWD_X,12,terminal_H,clip_0_1,1548,0.0,0.0
20260916,P_FWD_BC,P_FWD_X,12,path_1_to_H,raw,1392,0.0,0.0
20260916,P_FWD_BC,P_FWD_X,12,path_1_to_H,raw,1404,0.0,0.0
20260916,P_FWD_BC,P_FWD_X,12,path_1_to_H,raw,1416,0.0,0.0
20260916,P_FWD_BC,P_FWD_X,12,path_1_to_H,raw,1428,0.0,0.0
20260916,P_FWD_BC,P_FWD_X,12,path_1_to_H,raw,1440,0.0,0.0
20260916,P_FWD_BC,P_FWD_X,12,path_1_to_H,raw,1452,0.0,0.0
20260916,P_FWD_BC,P_FWD_X,12,path_1_to_H,raw,1464,0.0,0.0
20260916,P_FWD_BC,P_FWD_X,12,path_1_to_H,raw,1476,0.0,0.0
20260916,P_FWD_BC,P_FWD_X,12,path_1_to_H,raw,1488,0.0,0.0
20260916,P_FWD_BC,P_FWD_X,12,path_1_to_H,raw,1500,0.0,0.0
20260916,P_FWD_BC,P_FWD_X,12,path_1_to_H,raw,1512,0.0,0.0
20260916,P_FWD_BC,P_FWD_X,12,path_1_to_H,raw,1524,0.0,0.0
20260916,P_FWD_BC,P_FWD_X,12,path_1_to_H,raw,1536,0.0,0.0
20260916,P_FWD_BC,P_FWD_X,12,path_1_to_H,raw,1548,0.0,0.0
20260916,P_FWD_BC,P_FWD_X,12,path_1_to_H,clip_0_1,1392,0.0,0.0
20260916,P_FWD_BC,P_FWD_X,12,path_1_to_H,clip_0_1,1404,0.0,0.0
20260916,P_FWD_BC,P_FWD_X,12,path_1_to_H,clip_0_1,1416,0.0,0.0
20260916,P_FWD_BC,P_FWD_X,12,path_1_to_H,clip_0_1,1428,0.0,0.0
20260916,P_FWD_BC,P_FWD_X,12,path_1_to_H,clip_0_1,1440,0.0,0.0
20260916,P_FWD_BC,P_FWD_X,12,path_1_to_H,clip_0_1,1452,0.0,0.0
20260916,P_FWD_BC,P_FWD_X,12,path_1_to_H,clip_0_1,1464,0.0,0.0
20260916,P_FWD_BC,P_FWD_X,12,path_1_to_H,clip_0_1,1476,0.0,0.0
20260916,P_FWD_BC,P_FWD_X,12,path_1_to_H,clip_0_1,1488,0.0,0.0
20260916,P_FWD_BC,P_FWD_X,12,path_1_to_H,clip_0_1,1500,0.0,0.0
20260916,P_FWD_BC,P_FWD_X,12,path_1_to_H,clip_0_1,1512,0.0,0.0
20260916,P_FWD_BC,P_FWD_X,12,path_1_to_H,clip_0_1,1524,0.0,0.0
20260916,P_FWD_BC,P_FWD_X,12,path_1_to_H,clip_0_1,1536,0.0,0.0
20260916,P_FWD_BC,P_FWD_X,12,path_1_to_H,clip_0_1,1548,0.0,0.0
20260916,P_FWD_BC,P_IS_X,3,terminal_H,raw,1392,0.0,0.0
20260916,P_FWD_BC,P_IS_X,3,terminal_H,raw,1404,0.0,0.0
20260916,P_FWD_BC,P_IS_X,3,terminal_H,raw,1416,0.0,0.0
20260916,P_FWD_BC,P_IS_X,3,terminal_H,raw,1428,0.0,0.0
20260916,P_FWD_BC,P_IS_X,3,terminal_H,raw,1440,0.0,0.0
20260916,P_FWD_BC,P_IS_X,3,terminal_H,raw,1452,0.0,0.0
20260916,P_FWD_BC,P_IS_X,3,terminal_H,raw,1464,0.0,0.0
20260916,P_FWD_BC,P_IS_X,3,terminal_H,raw,1476,0.0,0.0
20260916,P_FWD_BC,P_IS_X,3,terminal_H,raw,1488,0.0,0.0
20260916,P_FWD_BC,P_IS_X,3,terminal_H,raw,1500,0.0,0.0
20260916,P_FWD_BC,P_IS_X,3,terminal_H,raw,1512,0.0,0.0
20260916,P_FWD_BC,P_IS_X,3,terminal_H,raw,1524,0.0,0.0
20260916,P_FWD_BC,P_IS_X,3,terminal_H,raw,1536,0.0,0.0
20260916,P_FWD_BC,P_IS_X,3,terminal_H,raw,1548,0.0,0.0
20260916,P_FWD_BC,P_IS_X,3,terminal_H,clip_0_1,1392,0.0,0.0
20260916,P_FWD_BC,P_IS_X,3,terminal_H,clip_0_1,1404,0.0,0.0
20260916,P_FWD_BC,P_IS_X,3,terminal_H,clip_0_1,1416,0.0,0.0
20260916,P_FWD_BC,P_IS_X,3,terminal_H,clip_0_1,1428,0.0,0.0
20260916,P_FWD_BC,P_IS_X,3,terminal_H,clip_0_1,1440,0.0,0.0
20260916,P_FWD_BC,P_IS_X,3,terminal_H,clip_0_1,1452,0.0,0.0
20260916,P_FWD_BC,P_IS_X,3,terminal_H,clip_0_1,1464,0.0,0.0
20260916,P_FWD_BC,P_IS_X,3,terminal_H,clip_0_1,1476,0.0,0.0
20260916,P_FWD_BC,P_IS_X,3,terminal_H,clip_0_1,1488,0.0,0.0
20260916,P_FWD_BC,P_IS_X,3,terminal_H,clip_0_1,1500,0.0,0.0
20260916,P_FWD_BC,P_IS_X,3,terminal_H,clip_0_1,1512,0.0,0.0
20260916,P_FWD_BC,P_IS_X,3,terminal_H,clip_0_1,1524,0.0,0.0
20260916,P_FWD_BC,P_IS_X,3,terminal_H,clip_0_1,1536,0.0,0.0
20260916,P_FWD_BC,P_IS_X,3,terminal_H,clip_0_1,1548,0.0,0.0
20260916,P_FWD_BC,P_IS_X,3,path_1_to_H,raw,1392,0.0,0.0
20260916,P_FWD_BC,P_IS_X,3,path_1_to_H,raw,1404,0.0,0.0
20260916,P_FWD_BC,P_IS_X,3,path_1_to_H,raw,1416,0.0,0.0
20260916,P_FWD_BC,P_IS_X,3,path_1_to_H,raw,1428,0.0,0.0
20260916,P_FWD_BC,P_IS_X,3,path_1_to_H,raw,1440,0.0,0.0
20260916,P_FWD_BC,P_IS_X,3,path_1_to_H,raw,1452,0.0,0.0
20260916,P_FWD_BC,P_IS_X,3,path_1_to_H,raw,1464,0.0,0.0
20260916,P_FWD_BC,P_IS_X,3,path_1_to_H,raw,1476,0.0,0.0
20260916,P_FWD_BC,P_IS_X,3,path_1_to_H,raw,1488,0.0,0.0
20260916,P_FWD_BC,P_IS_X,3,path_1_to_H,raw,1500,0.0,0.0
20260916,P_FWD_BC,P_IS_X,3,path_1_to_H,raw,1512,0.0,0.0
20260916,P_FWD_BC,P_IS_X,3,path_1_to_H,raw,1524,0.0,0.0
20260916,P_FWD_BC,P_IS_X,3,path_1_to_H,raw,1536,0.0,0.0
20260916,P_FWD_BC,P_IS_X,3,path_1_to_H,raw,1548,0.0,0.0
20260916,P_FWD_BC,P_IS_X,3,path_1_to_H,clip_0_1,1392,0.0,0.0
20260916,P_FWD_BC,P_IS_X,3,path_1_to_H,clip_0_1,1404,0.0,0.0
20260916,P_FWD_BC,P_IS_X,3,path_1_to_H,clip_0_1,1416,0.0,0.0
20260916,P_FWD_BC,P_IS_X,3,path_1_to_H,clip_0_1,1428,0.0,0.0
20260916,P_FWD_BC,P_IS_X,3,path_1_to_H,clip_0_1,1440,0.0,0.0
20260916,P_FWD_BC,P_IS_X,3,path_1_to_H,clip_0_1,1452,0.0,0.0
20260916,P_FWD_BC,P_IS_X,3,path_1_to_H,clip_0_1,1464,0.0,0.0
20260916,P_FWD_BC,P_IS_X,3,path_1_to_H,clip_0_1,1476,0.0,0.0
20260916,P_FWD_BC,P_IS_X,3,path_1_to_H,clip_0_1,1488,0.0,0.0
20260916,P_FWD_BC,P_IS_X,3,path_1_to_H,clip_0_1,1500,0.0,0.0
20260916,P_FWD_BC,P_IS_X,3,path_1_to_H,clip_0_1,1512,0.0,0.0
20260916,P_FWD_BC,P_IS_X,3,path_1_to_H,clip_0_1,1524,0.0,0.0
20260916,P_FWD_BC,P_IS_X,3,path_1_to_H,clip_0_1,1536,0.0,0.0
20260916,P_FWD_BC,P_IS_X,3,path_1_to_H,clip_0_1,1548,0.0,0.0
20260916,P_FWD_BC,P_IS_X,6,terminal_H,raw,1392,0.0,0.0
20260916,P_FWD_BC,P_IS_X,6,terminal_H,raw,1404,0.0,0.0
20260916,P_FWD_BC,P_IS_X,6,terminal_H,raw,1416,0.0,0.0
20260916,P_FWD_BC,P_IS_X,6,terminal_H,raw,1428,0.0,0.0
20260916,P_FWD_BC,P_IS_X,6,terminal_H,raw,1440,0.0,0.0
20260916,P_FWD_BC,P_IS_X,6,terminal_H,raw,1452,0.0,0.0
20260916,P_FWD_BC,P_IS_X,6,terminal_H,raw,1464,0.0,0.0
20260916,P_FWD_BC,P_IS_X,6,terminal_H,raw,1476,0.0,0.0
20260916,P_FWD_BC,P_IS_X,6,terminal_H,raw,1488,0.0,0.0
20260916,P_FWD_BC,P_IS_X,6,terminal_H,raw,1500,0.0,0.0
20260916,P_FWD_BC,P_IS_X,6,terminal_H,raw,1512,0.0,0.0
20260916,P_FWD_BC,P_IS_X,6,terminal_H,raw,1524,0.0,0.0
20260916,P_FWD_BC,P_IS_X,6,terminal_H,raw,1536,0.0,0.0
20260916,P_FWD_BC,P_IS_X,6,terminal_H,raw,1548,0.0,0.0
20260916,P_FWD_BC,P_IS_X,6,terminal_H,clip_0_1,1392,0.0,0.0
20260916,P_FWD_BC,P_IS_X,6,terminal_H,clip_0_1,1404,0.0,0.0
20260916,P_FWD_BC,P_IS_X,6,terminal_H,clip_0_1,1416,0.0,0.0
20260916,P_FWD_BC,P_IS_X,6,terminal_H,clip_0_1,1428,0.0,0.0
20260916,P_FWD_BC,P_IS_X,6,terminal_H,clip_0_1,1440,0.0,0.0
20260916,P_FWD_BC,P_IS_X,6,terminal_H,clip_0_1,1452,0.0,0.0
20260916,P_FWD_BC,P_IS_X,6,terminal_H,clip_0_1,1464,0.0,0.0
20260916,P_FWD_BC,P_IS_X,6,terminal_H,clip_0_1,1476,0.0,0.0
20260916,P_FWD_BC,P_IS_X,6,terminal_H,clip_0_1,1488,0.0,0.0
20260916,P_FWD_BC,P_IS_X,6,terminal_H,clip_0_1,1500,0.0,0.0
20260916,P_FWD_BC,P_IS_X,6,terminal_H,clip_0_1,1512,0.0,0.0
20260916,P_FWD_BC,P_IS_X,6,terminal_H,clip_0_1,1524,0.0,0.0
20260916,P_FWD_BC,P_IS_X,6,terminal_H,clip_0_1,1536,0.0,0.0
20260916,P_FWD_BC,P_IS_X,6,terminal_H,clip_0_1,1548,0.0,0.0
20260916,P_FWD_BC,P_IS_X,6,path_1_to_H,raw,1392,0.0,0.0
20260916,P_FWD_BC,P_IS_X,6,path_1_to_H,raw,1404,0.0,0.0
20260916,P_FWD_BC,P_IS_X,6,path_1_to_H,raw,1416,0.0,0.0
20260916,P_FWD_BC,P_IS_X,6,path_1_to_H,raw,1428,0.0,0.0
20260916,P_FWD_BC,P_IS_X,6,path_1_to_H,raw,1440,0.0,0.0
20260916,P_FWD_BC,P_IS_X,6,path_1_to_H,raw,1452,0.0,0.0
20260916,P_FWD_BC,P_IS_X,6,path_1_to_H,raw,1464,0.0,0.0
20260916,P_FWD_BC,P_IS_X,6,path_1_to_H,raw,1476,0.0,0.0
20260916,P_FWD_BC,P_IS_X,6,path_1_to_H,raw,1488,0.0,0.0
20260916,P_FWD_BC,P_IS_X,6,path_1_to_H,raw,1500,0.0,0.0
20260916,P_FWD_BC,P_IS_X,6,path_1_to_H,raw,1512,0.0,0.0
20260916,P_FWD_BC,P_IS_X,6,path_1_to_H,raw,1524,0.0,0.0
20260916,P_FWD_BC,P_IS_X,6,path_1_to_H,raw,1536,0.0,0.0
20260916,P_FWD_BC,P_IS_X,6,path_1_to_H,raw,1548,0.0,0.0
20260916,P_FWD_BC,P_IS_X,6,path_1_to_H,clip_0_1,1392,0.0,0.0
20260916,P_FWD_BC,P_IS_X,6,path_1_to_H,clip_0_1,1404,0.0,0.0
20260916,P_FWD_BC,P_IS_X,6,path_1_to_H,clip_0_1,1416,0.0,0.0
20260916,P_FWD_BC,P_IS_X,6,path_1_to_H,clip_0_1,1428,0.0,0.0
20260916,P_FWD_BC,P_IS_X,6,path_1_to_H,clip_0_1,1440,0.0,0.0
20260916,P_FWD_BC,P_IS_X,6,path_1_to_H,clip_0_1,1452,0.0,0.0
20260916,P_FWD_BC,P_IS_X,6,path_1_to_H,clip_0_1,1464,0.0,0.0
20260916,P_FWD_BC,P_IS_X,6,path_1_to_H,clip_0_1,1476,0.0,0.0
20260916,P_FWD_BC,P_IS_X,6,path_1_to_H,clip_0_1,1488,0.0,0.0
20260916,P_FWD_BC,P_IS_X,6,path_1_to_H,clip_0_1,1500,0.0,0.0
20260916,P_FWD_BC,P_IS_X,6,path_1_to_H,clip_0_1,1512,0.0,0.0
20260916,P_FWD_BC,P_IS_X,6,path_1_to_H,clip_0_1,1524,0.0,0.0
20260916,P_FWD_BC,P_IS_X,6,path_1_to_H,clip_0_1,1536,0.0,0.0
20260916,P_FWD_BC,P_IS_X,6,path_1_to_H,clip_0_1,1548,0.0,0.0
20260916,P_FWD_BC,P_IS_X,9,terminal_H,raw,1392,0.0,0.0
20260916,P_FWD_BC,P_IS_X,9,terminal_H,raw,1404,0.0,0.0
20260916,P_FWD_BC,P_IS_X,9,terminal_H,raw,1416,0.0,0.0
20260916,P_FWD_BC,P_IS_X,9,terminal_H,raw,1428,0.0,0.0
20260916,P_FWD_BC,P_IS_X,9,terminal_H,raw,1440,0.0,0.0
20260916,P_FWD_BC,P_IS_X,9,terminal_H,raw,1452,0.0,0.0
20260916,P_FWD_BC,P_IS_X,9,terminal_H,raw,1464,0.0,0.0
20260916,P_FWD_BC,P_IS_X,9,terminal_H,raw,1476,0.0,0.0
20260916,P_FWD_BC,P_IS_X,9,terminal_H,raw,1488,0.0,0.0
20260916,P_FWD_BC,P_IS_X,9,terminal_H,raw,1500,0.0,0.0
20260916,P_FWD_BC,P_IS_X,9,terminal_H,raw,1512,0.0,0.0
20260916,P_FWD_BC,P_IS_X,9,terminal_H,raw,1524,0.0,0.0
20260916,P_FWD_BC,P_IS_X,9,terminal_H,raw,1536,0.0,0.0
20260916,P_FWD_BC,P_IS_X,9,terminal_H,raw,1548,0.0,0.0
20260916,P_FWD_BC,P_IS_X,9,terminal_H,clip_0_1,1392,0.0,0.0
20260916,P_FWD_BC,P_IS_X,9,terminal_H,clip_0_1,1404,0.0,0.0
20260916,P_FWD_BC,P_IS_X,9,terminal_H,clip_0_1,1416,0.0,0.0
20260916,P_FWD_BC,P_IS_X,9,terminal_H,clip_0_1,1428,0.0,0.0
20260916,P_FWD_BC,P_IS_X,9,terminal_H,clip_0_1,1440,0.0,0.0
20260916,P_FWD_BC,P_IS_X,9,terminal_H,clip_0_1,1452,0.0,0.0
20260916,P_FWD_BC,P_IS_X,9,terminal_H,clip_0_1,1464,0.0,0.0
20260916,P_FWD_BC,P_IS_X,9,terminal_H,clip_0_1,1476,0.0,0.0
20260916,P_FWD_BC,P_IS_X,9,terminal_H,clip_0_1,1488,0.0,0.0
20260916,P_FWD_BC,P_IS_X,9,terminal_H,clip_0_1,1500,0.0,0.0
20260916,P_FWD_BC,P_IS_X,9,terminal_H,clip_0_1,1512,0.0,0.0
20260916,P_FWD_BC,P_IS_X,9,terminal_H,clip_0_1,1524,0.0,0.0
20260916,P_FWD_BC,P_IS_X,9,terminal_H,clip_0_1,1536,0.0,0.0
20260916,P_FWD_BC,P_IS_X,9,terminal_H,clip_0_1,1548,0.0,0.0
20260916,P_FWD_BC,P_IS_X,9,path_1_to_H,raw,1392,0.0,0.0
20260916,P_FWD_BC,P_IS_X,9,path_1_to_H,raw,1404,0.0,0.0
20260916,P_FWD_BC,P_IS_X,9,path_1_to_H,raw,1416,0.0,0.0
20260916,P_FWD_BC,P_IS_X,9,path_1_to_H,raw,1428,0.0,0.0
20260916,P_FWD_BC,P_IS_X,9,path_1_to_H,raw,1440,0.0,0.0
20260916,P_FWD_BC,P_IS_X,9,path_1_to_H,raw,1452,0.0,0.0
20260916,P_FWD_BC,P_IS_X,9,path_1_to_H,raw,1464,0.0,0.0
20260916,P_FWD_BC,P_IS_X,9,path_1_to_H,raw,1476,0.0,0.0
20260916,P_FWD_BC,P_IS_X,9,path_1_to_H,raw,1488,0.0,0.0
20260916,P_FWD_BC,P_IS_X,9,path_1_to_H,raw,1500,0.0,0.0
20260916,P_FWD_BC,P_IS_X,9,path_1_to_H,raw,1512,0.0,0.0
20260916,P_FWD_BC,P_IS_X,9,path_1_to_H,raw,1524,0.0,0.0
20260916,P_FWD_BC,P_IS_X,9,path_1_to_H,raw,1536,0.0,0.0
20260916,P_FWD_BC,P_IS_X,9,path_1_to_H,raw,1548,0.0,0.0
20260916,P_FWD_BC,P_IS_X,9,path_1_to_H,clip_0_1,1392,0.0,0.0
20260916,P_FWD_BC,P_IS_X,9,path_1_to_H,clip_0_1,1404,0.0,0.0
20260916,P_FWD_BC,P_IS_X,9,path_1_to_H,clip_0_1,1416,0.0,0.0
20260916,P_FWD_BC,P_IS_X,9,path_1_to_H,clip_0_1,1428,0.0,0.0
20260916,P_FWD_BC,P_IS_X,9,path_1_to_H,clip_0_1,1440,0.0,0.0
20260916,P_FWD_BC,P_IS_X,9,path_1_to_H,clip_0_1,1452,0.0,0.0
20260916,P_FWD_BC,P_IS_X,9,path_1_to_H,clip_0_1,1464,0.0,0.0
20260916,P_FWD_BC,P_IS_X,9,path_1_to_H,clip_0_1,1476,0.0,0.0
20260916,P_FWD_BC,P_IS_X,9,path_1_to_H,clip_0_1,1488,0.0,0.0
20260916,P_FWD_BC,P_IS_X,9,path_1_to_H,clip_0_1,1500,0.0,0.0
20260916,P_FWD_BC,P_IS_X,9,path_1_to_H,clip_0_1,1512,0.0,0.0
20260916,P_FWD_BC,P_IS_X,9,path_1_to_H,clip_0_1,1524,0.0,0.0
20260916,P_FWD_BC,P_IS_X,9,path_1_to_H,clip_0_1,1536,0.0,0.0
20260916,P_FWD_BC,P_IS_X,9,path_1_to_H,clip_0_1,1548,0.0,0.0
20260916,P_FWD_BC,P_IS_X,12,terminal_H,raw,1392,0.0,0.0
20260916,P_FWD_BC,P_IS_X,12,terminal_H,raw,1404,0.0,0.0
20260916,P_FWD_BC,P_IS_X,12,terminal_H,raw,1416,0.0,0.0
20260916,P_FWD_BC,P_IS_X,12,terminal_H,raw,1428,0.0,0.0
20260916,P_FWD_BC,P_IS_X,12,terminal_H,raw,1440,0.0,0.0
20260916,P_FWD_BC,P_IS_X,12,terminal_H,raw,1452,0.0,0.0
20260916,P_FWD_BC,P_IS_X,12,terminal_H,raw,1464,0.0,0.0
20260916,P_FWD_BC,P_IS_X,12,terminal_H,raw,1476,0.0,0.0
20260916,P_FWD_BC,P_IS_X,12,terminal_H,raw,1488,0.0,0.0
20260916,P_FWD_BC,P_IS_X,12,terminal_H,raw,1500,0.0,0.0
20260916,P_FWD_BC,P_IS_X,12,terminal_H,raw,1512,0.0,0.0
20260916,P_FWD_BC,P_IS_X,12,terminal_H,raw,1524,0.0,0.0
20260916,P_FWD_BC,P_IS_X,12,terminal_H,raw,1536,0.0,0.0
20260916,P_FWD_BC,P_IS_X,12,terminal_H,raw,1548,0.0,0.0
20260916,P_FWD_BC,P_IS_X,12,terminal_H,clip_0_1,1392,0.0,0.0
20260916,P_FWD_BC,P_IS_X,12,terminal_H,clip_0_1,1404,0.0,0.0
20260916,P_FWD_BC,P_IS_X,12,terminal_H,clip_0_1,1416,0.0,0.0
20260916,P_FWD_BC,P_IS_X,12,terminal_H,clip_0_1,1428,0.0,0.0
20260916,P_FWD_BC,P_IS_X,12,terminal_H,clip_0_1,1440,0.0,0.0
20260916,P_FWD_BC,P_IS_X,12,terminal_H,clip_0_1,1452,0.0,0.0
20260916,P_FWD_BC,P_IS_X,12,terminal_H,clip_0_1,1464,0.0,0.0
20260916,P_FWD_BC,P_IS_X,12,terminal_H,clip_0_1,1476,0.0,0.0
20260916,P_FWD_BC,P_IS_X,12,terminal_H,clip_0_1,1488,0.0,0.0
20260916,P_FWD_BC,P_IS_X,12,terminal_H,clip_0_1,1500,0.0,0.0
20260916,P_FWD_BC,P_IS_X,12,terminal_H,clip_0_1,1512,0.0,0.0
20260916,P_FWD_BC,P_IS_X,12,terminal_H,clip_0_1,1524,0.0,0.0
20260916,P_FWD_BC,P_IS_X,12,terminal_H,clip_0_1,1536,0.0,0.0
20260916,P_FWD_BC,P_IS_X,12,terminal_H,clip_0_1,1548,0.0,0.0
20260916,P_FWD_BC,P_IS_X,12,path_1_to_H,raw,1392,0.0,0.0
20260916,P_FWD_BC,P_IS_X,12,path_1_to_H,raw,1404,0.0,0.0
20260916,P_FWD_BC,P_IS_X,12,path_1_to_H,raw,1416,0.0,0.0
20260916,P_FWD_BC,P_IS_X,12,path_1_to_H,raw,1428,0.0,0.0
20260916,P_FWD_BC,P_IS_X,12,path_1_to_H,raw,1440,0.0,0.0
20260916,P_FWD_BC,P_IS_X,12,path_1_to_H,raw,1452,0.0,0.0
20260916,P_FWD_BC,P_IS_X,12,path_1_to_H,raw,1464,0.0,0.0
20260916,P_FWD_BC,P_IS_X,12,path_1_to_H,raw,1476,0.0,0.0
20260916,P_FWD_BC,P_IS_X,12,path_1_to_H,raw,1488,0.0,0.0
20260916,P_FWD_BC,P_IS_X,12,path_1_to_H,raw,1500,0.0,0.0
20260916,P_FWD_BC,P_IS_X,12,path_1_to_H,raw,1512,0.0,0.0
20260916,P_FWD_BC,P_IS_X,12,path_1_to_H,raw,1524,0.0,0.0
20260916,P_FWD_BC,P_IS_X,12,path_1_to_H,raw,1536,0.0,0.0
20260916,P_FWD_BC,P_IS_X,12,path_1_to_H,raw,1548,0.0,0.0
20260916,P_FWD_BC,P_IS_X,12,path_1_to_H,clip_0_1,1392,0.0,0.0
20260916,P_FWD_BC,P_IS_X,12,path_1_to_H,clip_0_1,1404,0.0,0.0
20260916,P_FWD_BC,P_IS_X,12,path_1_to_H,clip_0_1,1416,0.0,0.0
20260916,P_FWD_BC,P_IS_X,12,path_1_to_H,clip_0_1,1428,0.0,0.0
20260916,P_FWD_BC,P_IS_X,12,path_1_to_H,clip_0_1,1440,0.0,0.0
20260916,P_FWD_BC,P_IS_X,12,path_1_to_H,clip_0_1,1452,0.0,0.0
20260916,P_FWD_BC,P_IS_X,12,path_1_to_H,clip_0_1,1464,0.0,0.0
20260916,P_FWD_BC,P_IS_X,12,path_1_to_H,clip_0_1,1476,0.0,0.0
20260916,P_FWD_BC,P_IS_X,12,path_1_to_H,clip_0_1,1488,0.0,0.0
20260916,P_FWD_BC,P_IS_X,12,path_1_to_H,clip_0_1,1500,0.0,0.0
20260916,P_FWD_BC,P_IS_X,12,path_1_to_H,clip_0_1,1512,0.0,0.0
20260916,P_FWD_BC,P_IS_X,12,path_1_to_H,clip_0_1,1524,0.0,0.0
20260916,P_FWD_BC,P_IS_X,12,path_1_to_H,clip_0_1,1536,0.0,0.0
20260916,P_FWD_BC,P_IS_X,12,path_1_to_H,clip_0_1,1548,0.0,0.0
20260916,P_FWD_BC,C_IS_BC,3,terminal_H,raw,1392,-0.0018250380880669927,-0.00048471565772679467
20260916,P_FWD_BC,C_IS_BC,3,terminal_H,raw,1404,0.0036028441563550682,0.0002711948681672144
20260916,P_FWD_BC,C_IS_BC,3,terminal_H,raw,1416,0.001638462903110972,4.093622070830293e-05
20260916,P_FWD_BC,C_IS_BC,3,terminal_H,raw,1428,0.001714168404911268,1.0837139080304671e-05
20260916,P_FWD_BC,C_IS_BC,3,terminal_H,raw,1440,-0.0033738152375099575,-0.0002488327555206152
20260916,P_FWD_BC,C_IS_BC,3,terminal_H,raw,1452,-0.0004818740627950637,-5.733659023384729e-05
20260916,P_FWD_BC,C_IS_BC,3,terminal_H,raw,1464,0.0012538402515678735,-3.633174806049491e-05
20260916,P_FWD_BC,C_IS_BC,3,terminal_H,raw,1476,-0.003955123783234044,-0.0005276598311389978
20260916,P_FWD_BC,C_IS_BC,3,terminal_H,raw,1488,0.006823005046126735,0.0007970190785253838
20260916,P_FWD_BC,C_IS_BC,3,terminal_H,raw,1500,-0.001323942379065517,-0.00013715239197757044
20260916,P_FWD_BC,C_IS_BC,3,terminal_H,raw,1512,-0.0019829415401425043,-0.0009400084093020802
20260916,P_FWD_BC,C_IS_BC,3,terminal_H,raw,1524,-0.00188401125867361,-0.00028533243293079973
20260916,P_FWD_BC,C_IS_BC,3,terminal_H,raw,1536,0.0014063956867910057,0.00031518266678798307
20260916,P_FWD_BC,C_IS_BC,3,terminal_H,raw,1548,-0.0020867046161432996,-0.0006186194561180941
20260916,P_FWD_BC,C_IS_BC,3,terminal_H,clip_0_1,1392,-0.0018875075062389636,-0.00048578882548364944
20260916,P_FWD_BC,C_IS_BC,3,terminal_H,clip_0_1,1404,0.0036028441563550682,0.0002711948681672144
20260916,P_FWD_BC,C_IS_BC,3,terminal_H,clip_0_1,1416,0.0016470980011833352,4.095672606095075e-05
20260916,P_FWD_BC,C_IS_BC,3,terminal_H,clip_0_1,1428,0.0017120871960364624,1.0835947936950014e-05
20260916,P_FWD_BC,C_IS_BC,3,terminal_H,clip_0_1,1440,-0.0033496675468069233,-0.0002487505354642459
20260916,P_FWD_BC,C_IS_BC,3,terminal_H,clip_0_1,1452,-0.0004376707579690831,-5.6858559570610514e-05
20260916,P_FWD_BC,C_IS_BC,3,terminal_H,clip_0_1,1464,0.001262207246868212,-3.546335307774373e-05
20260916,P_FWD_BC,C_IS_BC,3,terminal_H,clip_0_1,1476,-0.003916554378732543,-0.0005272507414240076
20260916,P_FWD_BC,C_IS_BC,3,terminal_H,clip_0_1,1488,0.006823005046126735,0.0007970190785253838
20260916,P_FWD_BC,C_IS_BC,3,terminal_H,clip_0_1,1500,-0.001288895445034901,-0.00013585548751466643
20260916,P_FWD_BC,C_IS_BC,3,terminal_H,clip_0_1,1512,-0.0019885565135738838,-0.0009430797923539332
20260916,P_FWD_BC,C_IS_BC,3,terminal_H,clip_0_1,1524,-0.00188401125867361,-0.00028533243293079973
20260916,P_FWD_BC,C_IS_BC,3,terminal_H,clip_0_1,1536,0.0014063956867910057,0.00031518266678798307
20260916,P_FWD_BC,C_IS_BC,3,terminal_H,clip_0_1,1548,-0.0020867046161432996,-0.0006186194561180941
20260916,P_FWD_BC,C_IS_BC,3,path_1_to_H,raw,1392,-0.0014921367305100353,-0.0003355696012444577
20260916,P_FWD_BC,C_IS_BC,3,path_1_to_H,raw,1404,0.002521049765045645,0.00015209277064362137
20260916,P_FWD_BC,C_IS_BC,3,path_1_to_H,raw,1416,0.0014164361771597204,5.0630345495750486e-05
20260916,P_FWD_BC,C_IS_BC,3,path_1_to_H,raw,1428,0.0014725135992072933,-3.4754039170630504e-05
20260916,P_FWD_BC,C_IS_BC,3,path_1_to_H,raw,1440,-0.0007097138500689722,-0.00017294527931622123
20260916,P_FWD_BC,C_IS_BC,3,path_1_to_H,raw,1452,-0.00019565705247479693,-4.279361162808884e-05
20260916,P_FWD_BC,C_IS_BC,3,path_1_to_H,raw,1464,0.0009964049133843974,-7.061170353831771e-05
20260916,P_FWD_BC,C_IS_BC,3,path_1_to_H,raw,1476,-0.0024636728748166823,-0.0002690653766351745
20260916,P_FWD_BC,C_IS_BC,3,path_1_to_H,raw,1488,0.00560484856698759,0.0003488613722500888
20260916,P_FWD_BC,C_IS_BC,3,path_1_to_H,raw,1500,-0.0003657858580411513,-0.0002126018017695397
20260916,P_FWD_BC,C_IS_BC,3,path_1_to_H,raw,1512,-0.0007026202605394807,-0.0007024312756173447
20260916,P_FWD_BC,C_IS_BC,3,path_1_to_H,raw,1524,-0.0009335812593295387,-0.00020303931582979612
20260916,P_FWD_BC,C_IS_BC,3,path_1_to_H,raw,1536,0.0008272108438269833,0.00016861154174193396
20260916,P_FWD_BC,C_IS_BC,3,path_1_to_H,raw,1548,-0.0012859980242295223,-0.00032687966131881793
20260916,P_FWD_BC,C_IS_BC,3,path_1_to_H,clip_0_1,1392,-0.001552117406565045,-0.0003365393401064555
20260916,P_FWD_BC,C_IS_BC,3,path_1_to_H,clip_0_1,1404,0.002516018719672914,0.00015201181376675745
20260916,P_FWD_BC,C_IS_BC,3,path_1_to_H,clip_0_1,1416,0.001439121510295906,5.0804351925535246e-05
20260916,P_FWD_BC,C_IS_BC,3,path_1_to_H,clip_0_1,1428,0.0014730047560392939,-3.4753277941751046e-05
20260916,P_FWD_BC,C_IS_BC,3,path_1_to_H,clip_0_1,1440,-0.0006908825018150187,-0.0001728639042461408
20260916,P_FWD_BC,C_IS_BC,3,path_1_to_H,clip_0_1,1452,-0.00016565414674097877,-4.2506864887229464e-05
20260916,P_FWD_BC,C_IS_BC,3,path_1_to_H,clip_0_1,1464,0.000999910175544116,-7.028151127614577e-05
20260916,P_FWD_BC,C_IS_BC,3,path_1_to_H,clip_0_1,1476,-0.002483782452783042,-0.0002699159198021931
20260916,P_FWD_BC,C_IS_BC,3,path_1_to_H,clip_0_1,1488,0.005591043374380581,0.00034878236579033363
20260916,P_FWD_BC,C_IS_BC,3,path_1_to_H,clip_0_1,1500,-0.00033549834675130605,-0.00021098751570797398
20260916,P_FWD_BC,C_IS_BC,3,path_1_to_H,clip_0_1,1512,-0.0007200390722985916,-0.0007085319311777512
20260916,P_FWD_BC,C_IS_BC,3,path_1_to_H,clip_0_1,1524,-0.000941159002102858,-0.0002032687317052769
20260916,P_FWD_BC,C_IS_BC,3,path_1_to_H,clip_0_1,1536,0.0008272108438269833,0.00016861154174193396
20260916,P_FWD_BC,C_IS_BC,3,path_1_to_H,clip_0_1,1548,-0.0012859980242295223,-0.00032687966131881793
20260916,P_FWD_BC,C_IS_BC,6,terminal_H,raw,1392,-0.0024835517408852625,-0.00043510980605879657
20260916,P_FWD_BC,C_IS_BC,6,terminal_H,raw,1404,0.004127483994238191,0.000287426511623835
20260916,P_FWD_BC,C_IS_BC,6,terminal_H,raw,1416,0.002827010579973283,0.0003820186697427215
20260916,P_FWD_BC,C_IS_BC,6,terminal_H,raw,1428,0.0005297220531371998,-0.0001903978953211409
20260916,P_FWD_BC,C_IS_BC,6,terminal_H,raw,1440,-0.004060148108358122,-0.00047846573368243525
20260916,P_FWD_BC,C_IS_BC,6,terminal_H,raw,1452,-0.0005612871775672535,-2.7082538466080856e-05
20260916,P_FWD_BC,C_IS_BC,6,terminal_H,raw,1464,0.0033308144306743257,0.00126354509298962
20260916,P_FWD_BC,C_IS_BC,6,terminal_H,raw,1476,-0.00519241009372487,-0.0008663034238172655
20260916,P_FWD_BC,C_IS_BC,6,terminal_H,raw,1488,0.008001579510395745,0.0008115892603851037
20260916,P_FWD_BC,C_IS_BC,6,terminal_H,raw,1500,-0.001552381346143472,-0.0005057523518236733
20260916,P_FWD_BC,C_IS_BC,6,terminal_H,raw,1512,-0.0007412712360850244,-0.0005046498985684151
20260916,P_FWD_BC,C_IS_BC,6,terminal_H,raw,1524,-0.0014262536466947977,6.852324917677795e-05
20260916,P_FWD_BC,C_IS_BC,6,terminal_H,raw,1536,0.004961245730882095,0.0010609507492090043
20260916,P_FWD_BC,C_IS_BC,6,terminal_H,raw,1548,-0.0017748785820811042,-0.0007996652510883401
20260916,P_FWD_BC,C_IS_BC,6,terminal_H,clip_0_1,1392,-0.0025406237080584228,-0.0004360055386539755
20260916,P_FWD_BC,C_IS_BC,6,terminal_H,clip_0_1,1404,0.004127483994238191,0.000287426511623835
20260916,P_FWD_BC,C_IS_BC,6,terminal_H,clip_0_1,1416,0.002827010579973283,0.0003820186697427215
20260916,P_FWD_BC,C_IS_BC,6,terminal_H,clip_0_1,1428,0.0005712691432594621,-0.00018992320112929336
20260916,P_FWD_BC,C_IS_BC,6,terminal_H,clip_0_1,1440,-0.004060148108358122,-0.00047846573368243525
20260916,P_FWD_BC,C_IS_BC,6,terminal_H,clip_0_1,1452,-0.0005396598853551983,-2.6953910029763806e-05
20260916,P_FWD_BC,C_IS_BC,6,terminal_H,clip_0_1,1464,0.003322621486112076,0.0012631269779785387
20260916,P_FWD_BC,C_IS_BC,6,terminal_H,clip_0_1,1476,-0.005178980020430241,-0.0008662538229283732
20260916,P_FWD_BC,C_IS_BC,6,terminal_H,clip_0_1,1488,0.008001579510395745,0.0008115892603851037
20260916,P_FWD_BC,C_IS_BC,6,terminal_H,clip_0_1,1500,-0.001552381346143472,-0.0005057523518236733
20260916,P_FWD_BC,C_IS_BC,6,terminal_H,clip_0_1,1512,-0.0007412712360850244,-0.0005046498985684151
20260916,P_FWD_BC,C_IS_BC,6,terminal_H,clip_0_1,1524,-0.0014262536466947977,6.852324917677795e-05
20260916,P_FWD_BC,C_IS_BC,6,terminal_H,clip_0_1,1536,0.004961245730882095,0.0010609507492090043
20260916,P_FWD_BC,C_IS_BC,6,terminal_H,clip_0_1,1548,-0.0017748785820811042,-0.0007996652510883401
20260916,P_FWD_BC,C_IS_BC,6,path_1_to_H,raw,1392,-0.0020154345609492,-0.0003981920567873073
20260916,P_FWD_BC,C_IS_BC,6,path_1_to_H,raw,1404,0.0031045033280124794,0.00020482639917547205
20260916,P_FWD_BC,C_IS_BC,6,path_1_to_H,raw,1416,0.0017616551802779477,0.00016106537406841985
20260916,P_FWD_BC,C_IS_BC,6,path_1_to_H,raw,1428,0.0011208937108225176,-9.796791024030488e-05
20260916,P_FWD_BC,C_IS_BC,6,path_1_to_H,raw,1440,-0.002818644057246482,-0.00031209759598561644
20260916,P_FWD_BC,C_IS_BC,6,path_1_to_H,raw,1452,-0.00020652193112545377,-2.460768042717098e-06
20260916,P_FWD_BC,C_IS_BC,6,path_1_to_H,raw,1464,0.0018890959373900863,0.0003326646233839598
20260916,P_FWD_BC,C_IS_BC,6,path_1_to_H,raw,1476,-0.0035965201571786605,-0.0005250335062734004
20260916,P_FWD_BC,C_IS_BC,6,path_1_to_H,raw,1488,0.006515022647568382,0.00047259476643816744
20260916,P_FWD_BC,C_IS_BC,6,path_1_to_H,raw,1500,-0.001041766217118598,-0.00034417370572206637
20260916,P_FWD_BC,C_IS_BC,6,path_1_to_H,raw,1512,-0.0008590908297013876,-0.0006320874613695268
20260916,P_FWD_BC,C_IS_BC,6,path_1_to_H,raw,1524,-0.0007842815041770466,-8.147777841063964e-06
20260916,P_FWD_BC,C_IS_BC,6,path_1_to_H,raw,1536,0.0019835501586033056,0.00039782811246276146
20260916,P_FWD_BC,C_IS_BC,6,path_1_to_H,raw,1548,-0.001640836409760756,-0.00046927719982875894
20260916,P_FWD_BC,C_IS_BC,6,path_1_to_H,clip_0_1,1392,-0.002078592261651766,-0.00039932566614268156
20260916,P_FWD_BC,C_IS_BC,6,path_1_to_H,clip_0_1,1404,0.003101987805326113,0.0002047859207370401
20260916,P_FWD_BC,C_IS_BC,6,path_1_to_H,clip_0_1,1416,0.0017729978468460405,0.00016115237728331222
20260916,P_FWD_BC,C_IS_BC,6,path_1_to_H,clip_0_1,1428,0.001128063804258895,-9.788841392722387e-05
20260916,P_FWD_BC,C_IS_BC,6,path_1_to_H,clip_0_1,1440,-0.0028087506896603298,-0.0003120565319353586
20260916,P_FWD_BC,C_IS_BC,6,path_1_to_H,clip_0_1,1452,-0.0001806134742004276,-2.250521815265909e-06
20260916,P_FWD_BC,C_IS_BC,6,path_1_to_H,clip_0_1,1464,0.001892685209920754,0.0003327941273799697
20260916,P_FWD_BC,C_IS_BC,6,path_1_to_H,clip_0_1,1476,-0.0036040943798256527,-0.0005265843786591927
20260916,P_FWD_BC,C_IS_BC,6,path_1_to_H,clip_0_1,1488,0.006508120051264879,0.00047255526320828984
20260916,P_FWD_BC,C_IS_BC,6,path_1_to_H,clip_0_1,1500,-0.0010266224614736755,-0.0003433665626912835
20260916,P_FWD_BC,C_IS_BC,6,path_1_to_H,clip_0_1,1512,-0.000867800235580943,-0.0006351377891497301
20260916,P_FWD_BC,C_IS_BC,6,path_1_to_H,clip_0_1,1524,-0.0007880703755637063,-8.262485778804345e-06
20260916,P_FWD_BC,C_IS_BC,6,path_1_to_H,clip_0_1,1536,0.0019835501586033056,0.00039782811246276146
20260916,P_FWD_BC,C_IS_BC,6,path_1_to_H,clip_0_1,1548,-0.001640836409760756,-0.00046927719982875894
20260916,P_FWD_BC,C_IS_BC,9,terminal_H,raw,1392,-0.00027318845510305176,-0.00020340691872135566
20260916,P_FWD_BC,C_IS_BC,9,terminal_H,raw,1404,0.007371006273352303,0.0005852294667337058
20260916,P_FWD_BC,C_IS_BC,9,terminal_H,raw,1416,0.004766457490924411,0.0007544672781155511
20260916,P_FWD_BC,C_IS_BC,9,terminal_H,raw,1428,0.0022648522928922646,3.612237748655302e-05
20260916,P_FWD_BC,C_IS_BC,9,terminal_H,raw,1440,0.0031131641798320866,0.00010062676376564606
20260916,P_FWD_BC,C_IS_BC,9,terminal_H,raw,1452,0.0014268871132767603,0.0001413983763321124
20260916,P_FWD_BC,C_IS_BC,9,terminal_H,raw,1464,0.0040604105127596945,0.0020759264195926554
20260916,P_FWD_BC,C_IS_BC,9,terminal_H,raw,1476,-0.004660941304732206,-0.0012487821727458117
20260916,P_FWD_BC,C_IS_BC,9,terminal_H,raw,1488,0.008849805693745718,0.0009496561055779599
20260916,P_FWD_BC,C_IS_BC,9,terminal_H,raw,1500,-0.0019160102290244148,-0.0005859624614367495
20260916,P_FWD_BC,C_IS_BC,9,terminal_H,raw,1512,-0.0010684843633093338,8.355468384146358e-05
20260916,P_FWD_BC,C_IS_BC,9,terminal_H,raw,1524,0.0016032573712033507,0.001211971328994823
20260916,P_FWD_BC,C_IS_BC,9,terminal_H,raw,1536,0.005211995701457956,0.0011753651643578022
20260916,P_FWD_BC,C_IS_BC,9,terminal_H,raw,1548,0.00026030306246570175,-0.00022902093043107116
20260916,P_FWD_BC,C_IS_BC,9,terminal_H,clip_0_1,1392,-0.00027318845510305176,-0.00020340691872135566
20260916,P_FWD_BC,C_IS_BC,9,terminal_H,clip_0_1,1404,0.007371006273352303,0.0005852294667337058
20260916,P_FWD_BC,C_IS_BC,9,terminal_H,clip_0_1,1416,0.004766457490924411,0.0007544672781155511
20260916,P_FWD_BC,C_IS_BC,9,terminal_H,clip_0_1,1428,0.0022440986601075445,3.0553876250069246e-05
20260916,P_FWD_BC,C_IS_BC,9,terminal_H,clip_0_1,1440,0.0031131641798320866,0.00010062676376564606
20260916,P_FWD_BC,C_IS_BC,9,terminal_H,clip_0_1,1452,0.0014300177281428349,0.0001414866896471624
20260916,P_FWD_BC,C_IS_BC,9,terminal_H,clip_0_1,1464,0.0040604105127596945,0.0020759264195926554
20260916,P_FWD_BC,C_IS_BC,9,terminal_H,clip_0_1,1476,-0.004674156418528005,-0.0012488301985347867
20260916,P_FWD_BC,C_IS_BC,9,terminal_H,clip_0_1,1488,0.008849805693745718,0.0009496561055779599
20260916,P_FWD_BC,C_IS_BC,9,terminal_H,clip_0_1,1500,-0.0019160102290244148,-0.0005859624614367495
20260916,P_FWD_BC,C_IS_BC,9,terminal_H,clip_0_1,1512,-0.0010684843633093338,8.355468384146358e-05
20260916,P_FWD_BC,C_IS_BC,9,terminal_H,clip_0_1,1524,0.0016032573712033507,0.001211971328994823
20260916,P_FWD_BC,C_IS_BC,9,terminal_H,clip_0_1,1536,0.005211995701457956,0.0011753651643578022
20260916,P_FWD_BC,C_IS_BC,9,terminal_H,clip_0_1,1548,0.00026030306246570175,-0.00022902093043107116
20260916,P_FWD_BC,C_IS_BC,9,path_1_to_H,raw,1392,-0.001819681340033568,-0.00028490315638574954
20260916,P_FWD_BC,C_IS_BC,9,path_1_to_H,raw,1404,0.004159385624969728,0.000282940264408091
20260916,P_FWD_BC,C_IS_BC,9,path_1_to_H,raw,1416,0.002391117316116043,0.00023651770197130736
20260916,P_FWD_BC,C_IS_BC,9,path_1_to_H,raw,1428,0.0013473695816206858,-7.231852240907572e-05
20260916,P_FWD_BC,C_IS_BC,9,path_1_to_H,raw,1440,-0.00047355168495818084,-0.00013857306788146815
20260916,P_FWD_BC,C_IS_BC,9,path_1_to_H,raw,1452,0.00025181461598876705,4.94502131623411e-05
20260916,P_FWD_BC,C_IS_BC,9,path_1_to_H,raw,1464,0.002539942584302644,0.0008603539551801504
20260916,P_FWD_BC,C_IS_BC,9,path_1_to_H,raw,1476,-0.004043980606122532,-0.0007430596122935496
20260916,P_FWD_BC,C_IS_BC,9,path_1_to_H,raw,1488,0.007142774822576657,0.0005752782168141825
20260916,P_FWD_BC,C_IS_BC,9,path_1_to_H,raw,1500,-0.0013392457865925764,-0.000400154983396025
20260916,P_FWD_BC,C_IS_BC,9,path_1_to_H,raw,1512,-0.0010537936970649166,-0.00045923640237030886
20260916,P_FWD_BC,C_IS_BC,9,path_1_to_H,raw,1524,-0.0003136754323249616,0.0002177662000677109
20260916,P_FWD_BC,C_IS_BC,9,path_1_to_H,raw,1536,0.002659475908518807,0.0006004455498099847
20260916,P_FWD_BC,C_IS_BC,9,path_1_to_H,raw,1548,-0.0009625145927258148,-0.00033949387078044516
20260916,P_FWD_BC,C_IS_BC,9,path_1_to_H,clip_0_1,1392,-0.0018635626144039923,-0.0002856667037774157
20260916,P_FWD_BC,C_IS_BC,9,path_1_to_H,clip_0_1,1404,0.0041577086098454836,0.0002829132787824697
20260916,P_FWD_BC,C_IS_BC,9,path_1_to_H,clip_0_1,1416,0.002398679093828105,0.00023657570411456894
20260916,P_FWD_BC,C_IS_BC,9,path_1_to_H,clip_0_1,1428,0.0013535787711863366,-7.284971882100246e-05
20260916,P_FWD_BC,C_IS_BC,9,path_1_to_H,clip_0_1,1440,-0.00046695610656741367,-0.00013854569184796296
20260916,P_FWD_BC,C_IS_BC,9,path_1_to_H,clip_0_1,1452,0.0002709194644170703,4.9597667302231246e-05
20260916,P_FWD_BC,C_IS_BC,9,path_1_to_H,clip_0_1,1464,0.002542335432656422,0.0008604402911774904
20260916,P_FWD_BC,C_IS_BC,9,path_1_to_H,clip_0_1,1476,-0.004049914030656134,-0.0007440980181365891
20260916,P_FWD_BC,C_IS_BC,9,path_1_to_H,clip_0_1,1488,0.007138173091707654,0.0005752518813275975
20260916,P_FWD_BC,C_IS_BC,9,path_1_to_H,clip_0_1,1500,-0.0013291499494959612,-0.00039961688804216974
20260916,P_FWD_BC,C_IS_BC,9,path_1_to_H,clip_0_1,1512,-0.0010595999676512868,-0.0004612699542237778
20260916,P_FWD_BC,C_IS_BC,9,path_1_to_H,clip_0_1,1524,-0.00031620134658273474,0.00021768972810921734
20260916,P_FWD_BC,C_IS_BC,9,path_1_to_H,clip_0_1,1536,0.002659475908518807,0.0006004455498099847
20260916,P_FWD_BC,C_IS_BC,9,path_1_to_H,clip_0_1,1548,-0.0009625145927258148,-0.00033949387078044516
20260916,P_FWD_BC,C_IS_BC,12,terminal_H,raw,1392,-0.0004865813501611817,-0.00028081227460595806
20260916,P_FWD_BC,C_IS_BC,12,terminal_H,raw,1404,0.0063170174490745305,0.000413691386951928
20260916,P_FWD_BC,C_IS_BC,12,terminal_H,raw,1416,0.0038485661165342934,0.0003705218491867714
20260916,P_FWD_BC,C_IS_BC,12,terminal_H,raw,1428,0.0021628240945227085,0.00010699582237965705
20260916,P_FWD_BC,C_IS_BC,12,terminal_H,raw,1440,-0.0004798201051804642,2.7260584024647013e-05
20260916,P_FWD_BC,C_IS_BC,12,terminal_H,raw,1452,0.0007921029904015784,6.16497003425322e-05
20260916,P_FWD_BC,C_IS_BC,12,terminal_H,raw,1464,0.005537085519295568,0.002800719205410301
20260916,P_FWD_BC,C_IS_BC,12,terminal_H,raw,1476,-0.0031668976957892818,-0.0012890628356668364
20260916,P_FWD_BC,C_IS_BC,12,terminal_H,raw,1488,0.007383829498540383,0.0013118424340376395
20260916,P_FWD_BC,C_IS_BC,12,terminal_H,raw,1500,-0.0013565938751269962,9.025290486555476e-05
20260916,P_FWD_BC,C_IS_BC,12,terminal_H,raw,1512,-0.0018337882901970988,-0.00015336459407409983
20260916,P_FWD_BC,C_IS_BC,12,terminal_H,raw,1524,0.0011240422134532815,0.0009818095940311257
20260916,P_FWD_BC,C_IS_BC,12,terminal_H,raw,1536,0.004311826570319116,0.0010463962175580731
20260916,P_FWD_BC,C_IS_BC,12,terminal_H,raw,1548,0.0009408082871405787,-5.659602159540437e-05
20260916,P_FWD_BC,C_IS_BC,12,terminal_H,clip_0_1,1392,-0.0004865813501611817,-0.00028081227460595806
20260916,P_FWD_BC,C_IS_BC,12,terminal_H,clip_0_1,1404,0.0063170174490745305,0.000413691386951928
20260916,P_FWD_BC,C_IS_BC,12,terminal_H,clip_0_1,1416,0.0038485661165342934,0.0003705218491867714
20260916,P_FWD_BC,C_IS_BC,12,terminal_H,clip_0_1,1428,0.0020544972058912144,9.571436247173664e-05
20260916,P_FWD_BC,C_IS_BC,12,terminal_H,clip_0_1,1440,-0.0004798201051804642,2.7260584024647013e-05
20260916,P_FWD_BC,C_IS_BC,12,terminal_H,clip_0_1,1452,0.0008267653936429851,6.257107215042286e-05
20260916,P_FWD_BC,C_IS_BC,12,terminal_H,clip_0_1,1464,0.005537085519295568,0.002800719205410301
20260916,P_FWD_BC,C_IS_BC,12,terminal_H,clip_0_1,1476,-0.0031668976957892818,-0.0012890628356668364
20260916,P_FWD_BC,C_IS_BC,12,terminal_H,clip_0_1,1488,0.007383829498540383,0.0013118424340376395
20260916,P_FWD_BC,C_IS_BC,12,terminal_H,clip_0_1,1500,-0.0013565938751269962,9.025290486555476e-05
20260916,P_FWD_BC,C_IS_BC,12,terminal_H,clip_0_1,1512,-0.0018337882901970988,-0.00015336459407409983
20260916,P_FWD_BC,C_IS_BC,12,terminal_H,clip_0_1,1524,0.0011240422134532815,0.0009818095940311257
20260916,P_FWD_BC,C_IS_BC,12,terminal_H,clip_0_1,1536,0.004311826570319116,0.0010463962175580731
20260916,P_FWD_BC,C_IS_BC,12,terminal_H,clip_0_1,1548,0.0009924477859820124,-4.871775387702181e-05
20260916,P_FWD_BC,C_IS_BC,12,path_1_to_H,raw,1392,-0.0013364769514309202,-0.00025258780675654045
20260916,P_FWD_BC,C_IS_BC,12,path_1_to_H,raw,1404,0.004676788236773431,0.0002916738675876995
20260916,P_FWD_BC,C_IS_BC,12,path_1_to_H,raw,1416,0.0027892154578429986,0.00030723220895802276
20260916,P_FWD_BC,C_IS_BC,12,path_1_to_H,raw,1428,0.0016131639043917361,-2.097478182331021e-05
20260916,P_FWD_BC,C_IS_BC,12,path_1_to_H,raw,1440,-0.00026029155391894414,-7.957030136702869e-05
20260916,P_FWD_BC,C_IS_BC,12,path_1_to_H,raw,1452,0.0005891278751936245,7.2175084863307e-05
20260916,P_FWD_BC,C_IS_BC,12,path_1_to_H,raw,1464,0.003253804144729154,0.0013171638614106554
20260916,P_FWD_BC,C_IS_BC,12,path_1_to_H,raw,1476,-0.003915036254518848,-0.0008692533896480388
20260916,P_FWD_BC,C_IS_BC,12,path_1_to_H,raw,1488,0.007339225542039212,0.0007582313086981847
20260916,P_FWD_BC,C_IS_BC,12,path_1_to_H,raw,1500,-0.0014523328396421544,-0.00040181808232489584
20260916,P_FWD_BC,C_IS_BC,12,path_1_to_H,raw,1512,-0.0011289045238780688,-0.0003912609040627422
20260916,P_FWD_BC,C_IS_BC,12,path_1_to_H,raw,1524,0.0001663826424651256,0.00044544817979642827
20260916,P_FWD_BC,C_IS_BC,12,path_1_to_H,raw,1536,0.002414436180547584,0.0005938572435448512
20260916,P_FWD_BC,C_IS_BC,12,path_1_to_H,raw,1548,-0.0006351753099979883,-0.00028610343645299
20260916,P_FWD_BC,C_IS_BC,12,path_1_to_H,clip_0_1,1392,-0.0013693879072087386,-0.00025316046730029004
20260916,P_FWD_BC,C_IS_BC,12,path_1_to_H,clip_0_1,1404,0.004675530475430248,0.0002916536283684835
20260916,P_FWD_BC,C_IS_BC,12,path_1_to_H,clip_0_1,1416,0.002794886791127045,0.00030727571056546896
20260916,P_FWD_BC,C_IS_BC,12,path_1_to_H,clip_0_1,1428,0.0015895289790207239,-2.5374602929805442e-05
20260916,P_FWD_BC,C_IS_BC,12,path_1_to_H,clip_0_1,1440,-0.0002553448701258681,-7.954976934189982e-05
20260916,P_FWD_BC,C_IS_BC,12,path_1_to_H,clip_0_1,1452,0.0006095858135251203,7.244515890448164e-05
20260916,P_FWD_BC,C_IS_BC,12,path_1_to_H,clip_0_1,1464,0.0032555987809944884,0.0013172286134086606
20260916,P_FWD_BC,C_IS_BC,12,path_1_to_H,clip_0_1,1476,-0.003919696699488853,-0.000870033487173957
20260916,P_FWD_BC,C_IS_BC,12,path_1_to_H,clip_0_1,1488,0.0073357742438874595,0.000758211557083246
20260916,P_FWD_BC,C_IS_BC,12,path_1_to_H,clip_0_1,1500,-0.001444760961819693,-0.0004014145108095044
20260916,P_FWD_BC,C_IS_BC,12,path_1_to_H,clip_0_1,1512,-0.0011332592268178464,-0.0003927860679528438
20260916,P_FWD_BC,C_IS_BC,12,path_1_to_H,clip_0_1,1524,0.0001644882067717958,0.000445390825827558
20260916,P_FWD_BC,C_IS_BC,12,path_1_to_H,clip_0_1,1536,0.002414436180547584,0.0005938572435448512
20260916,P_FWD_BC,C_IS_BC,12,path_1_to_H,clip_0_1,1548,-0.0006211172465517587,-0.00028330296484604576
20260916,P_FWD_BC,C_FWD_BC,3,terminal_H,raw,1392,0.0,0.0
20260916,P_FWD_BC,C_FWD_BC,3,terminal_H,raw,1404,0.0,0.0
20260916,P_FWD_BC,C_FWD_BC,3,terminal_H,raw,1416,0.0,0.0
20260916,P_FWD_BC,C_FWD_BC,3,terminal_H,raw,1428,0.0,0.0
20260916,P_FWD_BC,C_FWD_BC,3,terminal_H,raw,1440,0.0,0.0
20260916,P_FWD_BC,C_FWD_BC,3,terminal_H,raw,1452,0.0,0.0
20260916,P_FWD_BC,C_FWD_BC,3,terminal_H,raw,1464,0.0,0.0
20260916,P_FWD_BC,C_FWD_BC,3,terminal_H,raw,1476,0.0,0.0
20260916,P_FWD_BC,C_FWD_BC,3,terminal_H,raw,1488,0.0,0.0
20260916,P_FWD_BC,C_FWD_BC,3,terminal_H,raw,1500,0.0,0.0
20260916,P_FWD_BC,C_FWD_BC,3,terminal_H,raw,1512,0.0,0.0
20260916,P_FWD_BC,C_FWD_BC,3,terminal_H,raw,1524,0.0,0.0
20260916,P_FWD_BC,C_FWD_BC,3,terminal_H,raw,1536,0.0,0.0
20260916,P_FWD_BC,C_FWD_BC,3,terminal_H,raw,1548,0.0,0.0
20260916,P_FWD_BC,C_FWD_BC,3,terminal_H,clip_0_1,1392,0.0,0.0
20260916,P_FWD_BC,C_FWD_BC,3,terminal_H,clip_0_1,1404,0.0,0.0
20260916,P_FWD_BC,C_FWD_BC,3,terminal_H,clip_0_1,1416,0.0,0.0
20260916,P_FWD_BC,C_FWD_BC,3,terminal_H,clip_0_1,1428,0.0,0.0
20260916,P_FWD_BC,C_FWD_BC,3,terminal_H,clip_0_1,1440,0.0,0.0
20260916,P_FWD_BC,C_FWD_BC,3,terminal_H,clip_0_1,1452,0.0,0.0
20260916,P_FWD_BC,C_FWD_BC,3,terminal_H,clip_0_1,1464,0.0,0.0
20260916,P_FWD_BC,C_FWD_BC,3,terminal_H,clip_0_1,1476,0.0,0.0
20260916,P_FWD_BC,C_FWD_BC,3,terminal_H,clip_0_1,1488,0.0,0.0
20260916,P_FWD_BC,C_FWD_BC,3,terminal_H,clip_0_1,1500,0.0,0.0
20260916,P_FWD_BC,C_FWD_BC,3,terminal_H,clip_0_1,1512,0.0,0.0
20260916,P_FWD_BC,C_FWD_BC,3,terminal_H,clip_0_1,1524,0.0,0.0
20260916,P_FWD_BC,C_FWD_BC,3,terminal_H,clip_0_1,1536,0.0,0.0
20260916,P_FWD_BC,C_FWD_BC,3,terminal_H,clip_0_1,1548,0.0,0.0
20260916,P_FWD_BC,C_FWD_BC,3,path_1_to_H,raw,1392,0.0,0.0
20260916,P_FWD_BC,C_FWD_BC,3,path_1_to_H,raw,1404,0.0,0.0
20260916,P_FWD_BC,C_FWD_BC,3,path_1_to_H,raw,1416,0.0,0.0
20260916,P_FWD_BC,C_FWD_BC,3,path_1_to_H,raw,1428,0.0,0.0
20260916,P_FWD_BC,C_FWD_BC,3,path_1_to_H,raw,1440,0.0,0.0
20260916,P_FWD_BC,C_FWD_BC,3,path_1_to_H,raw,1452,0.0,0.0
20260916,P_FWD_BC,C_FWD_BC,3,path_1_to_H,raw,1464,0.0,0.0
20260916,P_FWD_BC,C_FWD_BC,3,path_1_to_H,raw,1476,0.0,0.0
20260916,P_FWD_BC,C_FWD_BC,3,path_1_to_H,raw,1488,0.0,0.0
20260916,P_FWD_BC,C_FWD_BC,3,path_1_to_H,raw,1500,0.0,0.0
20260916,P_FWD_BC,C_FWD_BC,3,path_1_to_H,raw,1512,0.0,0.0
20260916,P_FWD_BC,C_FWD_BC,3,path_1_to_H,raw,1524,0.0,0.0
20260916,P_FWD_BC,C_FWD_BC,3,path_1_to_H,raw,1536,0.0,0.0
20260916,P_FWD_BC,C_FWD_BC,3,path_1_to_H,raw,1548,0.0,0.0
20260916,P_FWD_BC,C_FWD_BC,3,path_1_to_H,clip_0_1,1392,0.0,0.0
20260916,P_FWD_BC,C_FWD_BC,3,path_1_to_H,clip_0_1,1404,0.0,0.0
20260916,P_FWD_BC,C_FWD_BC,3,path_1_to_H,clip_0_1,1416,0.0,0.0
20260916,P_FWD_BC,C_FWD_BC,3,path_1_to_H,clip_0_1,1428,0.0,0.0
20260916,P_FWD_BC,C_FWD_BC,3,path_1_to_H,clip_0_1,1440,0.0,0.0
20260916,P_FWD_BC,C_FWD_BC,3,path_1_to_H,clip_0_1,1452,0.0,0.0
20260916,P_FWD_BC,C_FWD_BC,3,path_1_to_H,clip_0_1,1464,0.0,0.0
20260916,P_FWD_BC,C_FWD_BC,3,path_1_to_H,clip_0_1,1476,0.0,0.0
20260916,P_FWD_BC,C_FWD_BC,3,path_1_to_H,clip_0_1,1488,0.0,0.0
20260916,P_FWD_BC,C_FWD_BC,3,path_1_to_H,clip_0_1,1500,0.0,0.0
20260916,P_FWD_BC,C_FWD_BC,3,path_1_to_H,clip_0_1,1512,0.0,0.0
20260916,P_FWD_BC,C_FWD_BC,3,path_1_to_H,clip_0_1,1524,0.0,0.0
20260916,P_FWD_BC,C_FWD_BC,3,path_1_to_H,clip_0_1,1536,0.0,0.0
20260916,P_FWD_BC,C_FWD_BC,3,path_1_to_H,clip_0_1,1548,0.0,0.0
20260916,P_FWD_BC,C_FWD_BC,6,terminal_H,raw,1392,0.0,0.0
20260916,P_FWD_BC,C_FWD_BC,6,terminal_H,raw,1404,0.0,0.0
20260916,P_FWD_BC,C_FWD_BC,6,terminal_H,raw,1416,0.0,0.0
20260916,P_FWD_BC,C_FWD_BC,6,terminal_H,raw,1428,0.0,0.0
20260916,P_FWD_BC,C_FWD_BC,6,terminal_H,raw,1440,0.0,0.0
20260916,P_FWD_BC,C_FWD_BC,6,terminal_H,raw,1452,0.0,0.0
20260916,P_FWD_BC,C_FWD_BC,6,terminal_H,raw,1464,0.0,0.0
20260916,P_FWD_BC,C_FWD_BC,6,terminal_H,raw,1476,0.0,0.0
20260916,P_FWD_BC,C_FWD_BC,6,terminal_H,raw,1488,0.0,0.0
20260916,P_FWD_BC,C_FWD_BC,6,terminal_H,raw,1500,0.0,0.0
20260916,P_FWD_BC,C_FWD_BC,6,terminal_H,raw,1512,0.0,0.0
20260916,P_FWD_BC,C_FWD_BC,6,terminal_H,raw,1524,0.0,0.0
20260916,P_FWD_BC,C_FWD_BC,6,terminal_H,raw,1536,0.0,0.0
20260916,P_FWD_BC,C_FWD_BC,6,terminal_H,raw,1548,0.0,0.0
20260916,P_FWD_BC,C_FWD_BC,6,terminal_H,clip_0_1,1392,0.0,0.0
20260916,P_FWD_BC,C_FWD_BC,6,terminal_H,clip_0_1,1404,0.0,0.0
20260916,P_FWD_BC,C_FWD_BC,6,terminal_H,clip_0_1,1416,0.0,0.0
20260916,P_FWD_BC,C_FWD_BC,6,terminal_H,clip_0_1,1428,0.0,0.0
20260916,P_FWD_BC,C_FWD_BC,6,terminal_H,clip_0_1,1440,0.0,0.0
20260916,P_FWD_BC,C_FWD_BC,6,terminal_H,clip_0_1,1452,0.0,0.0
20260916,P_FWD_BC,C_FWD_BC,6,terminal_H,clip_0_1,1464,0.0,0.0
20260916,P_FWD_BC,C_FWD_BC,6,terminal_H,clip_0_1,1476,0.0,0.0
20260916,P_FWD_BC,C_FWD_BC,6,terminal_H,clip_0_1,1488,0.0,0.0
20260916,P_FWD_BC,C_FWD_BC,6,terminal_H,clip_0_1,1500,0.0,0.0
20260916,P_FWD_BC,C_FWD_BC,6,terminal_H,clip_0_1,1512,0.0,0.0
20260916,P_FWD_BC,C_FWD_BC,6,terminal_H,clip_0_1,1524,0.0,0.0
20260916,P_FWD_BC,C_FWD_BC,6,terminal_H,clip_0_1,1536,0.0,0.0
20260916,P_FWD_BC,C_FWD_BC,6,terminal_H,clip_0_1,1548,0.0,0.0
20260916,P_FWD_BC,C_FWD_BC,6,path_1_to_H,raw,1392,0.0,0.0
20260916,P_FWD_BC,C_FWD_BC,6,path_1_to_H,raw,1404,0.0,0.0
20260916,P_FWD_BC,C_FWD_BC,6,path_1_to_H,raw,1416,0.0,0.0
20260916,P_FWD_BC,C_FWD_BC,6,path_1_to_H,raw,1428,0.0,0.0
20260916,P_FWD_BC,C_FWD_BC,6,path_1_to_H,raw,1440,0.0,0.0
20260916,P_FWD_BC,C_FWD_BC,6,path_1_to_H,raw,1452,0.0,0.0
20260916,P_FWD_BC,C_FWD_BC,6,path_1_to_H,raw,1464,0.0,0.0
20260916,P_FWD_BC,C_FWD_BC,6,path_1_to_H,raw,1476,0.0,0.0
20260916,P_FWD_BC,C_FWD_BC,6,path_1_to_H,raw,1488,0.0,0.0
20260916,P_FWD_BC,C_FWD_BC,6,path_1_to_H,raw,1500,0.0,0.0
20260916,P_FWD_BC,C_FWD_BC,6,path_1_to_H,raw,1512,0.0,0.0
20260916,P_FWD_BC,C_FWD_BC,6,path_1_to_H,raw,1524,0.0,0.0
20260916,P_FWD_BC,C_FWD_BC,6,path_1_to_H,raw,1536,0.0,0.0
20260916,P_FWD_BC,C_FWD_BC,6,path_1_to_H,raw,1548,0.0,0.0
20260916,P_FWD_BC,C_FWD_BC,6,path_1_to_H,clip_0_1,1392,0.0,0.0
20260916,P_FWD_BC,C_FWD_BC,6,path_1_to_H,clip_0_1,1404,0.0,0.0
20260916,P_FWD_BC,C_FWD_BC,6,path_1_to_H,clip_0_1,1416,0.0,0.0
20260916,P_FWD_BC,C_FWD_BC,6,path_1_to_H,clip_0_1,1428,0.0,0.0
20260916,P_FWD_BC,C_FWD_BC,6,path_1_to_H,clip_0_1,1440,0.0,0.0
20260916,P_FWD_BC,C_FWD_BC,6,path_1_to_H,clip_0_1,1452,0.0,0.0
20260916,P_FWD_BC,C_FWD_BC,6,path_1_to_H,clip_0_1,1464,0.0,0.0
20260916,P_FWD_BC,C_FWD_BC,6,path_1_to_H,clip_0_1,1476,0.0,0.0
20260916,P_FWD_BC,C_FWD_BC,6,path_1_to_H,clip_0_1,1488,0.0,0.0
20260916,P_FWD_BC,C_FWD_BC,6,path_1_to_H,clip_0_1,1500,0.0,0.0
20260916,P_FWD_BC,C_FWD_BC,6,path_1_to_H,clip_0_1,1512,0.0,0.0
20260916,P_FWD_BC,C_FWD_BC,6,path_1_to_H,clip_0_1,1524,0.0,0.0
20260916,P_FWD_BC,C_FWD_BC,6,path_1_to_H,clip_0_1,1536,0.0,0.0
20260916,P_FWD_BC,C_FWD_BC,6,path_1_to_H,clip_0_1,1548,0.0,0.0
20260916,P_FWD_BC,C_FWD_BC,9,terminal_H,raw,1392,0.0,0.0
20260916,P_FWD_BC,C_FWD_BC,9,terminal_H,raw,1404,0.0,0.0
20260916,P_FWD_BC,C_FWD_BC,9,terminal_H,raw,1416,0.0,0.0
20260916,P_FWD_BC,C_FWD_BC,9,terminal_H,raw,1428,0.0,0.0
20260916,P_FWD_BC,C_FWD_BC,9,terminal_H,raw,1440,0.0,0.0
20260916,P_FWD_BC,C_FWD_BC,9,terminal_H,raw,1452,0.0,0.0
20260916,P_FWD_BC,C_FWD_BC,9,terminal_H,raw,1464,0.0,0.0
20260916,P_FWD_BC,C_FWD_BC,9,terminal_H,raw,1476,0.0,0.0
20260916,P_FWD_BC,C_FWD_BC,9,terminal_H,raw,1488,0.0,0.0
20260916,P_FWD_BC,C_FWD_BC,9,terminal_H,raw,1500,0.0,0.0
20260916,P_FWD_BC,C_FWD_BC,9,terminal_H,raw,1512,0.0,0.0
20260916,P_FWD_BC,C_FWD_BC,9,terminal_H,raw,1524,0.0,0.0
20260916,P_FWD_BC,C_FWD_BC,9,terminal_H,raw,1536,0.0,0.0
20260916,P_FWD_BC,C_FWD_BC,9,terminal_H,raw,1548,0.0,0.0
20260916,P_FWD_BC,C_FWD_BC,9,terminal_H,clip_0_1,1392,0.0,0.0
20260916,P_FWD_BC,C_FWD_BC,9,terminal_H,clip_0_1,1404,0.0,0.0
20260916,P_FWD_BC,C_FWD_BC,9,terminal_H,clip_0_1,1416,0.0,0.0
20260916,P_FWD_BC,C_FWD_BC,9,terminal_H,clip_0_1,1428,0.0,0.0
20260916,P_FWD_BC,C_FWD_BC,9,terminal_H,clip_0_1,1440,0.0,0.0
20260916,P_FWD_BC,C_FWD_BC,9,terminal_H,clip_0_1,1452,0.0,0.0
20260916,P_FWD_BC,C_FWD_BC,9,terminal_H,clip_0_1,1464,0.0,0.0
20260916,P_FWD_BC,C_FWD_BC,9,terminal_H,clip_0_1,1476,0.0,0.0
20260916,P_FWD_BC,C_FWD_BC,9,terminal_H,clip_0_1,1488,0.0,0.0
20260916,P_FWD_BC,C_FWD_BC,9,terminal_H,clip_0_1,1500,0.0,0.0
20260916,P_FWD_BC,C_FWD_BC,9,terminal_H,clip_0_1,1512,0.0,0.0
20260916,P_FWD_BC,C_FWD_BC,9,terminal_H,clip_0_1,1524,0.0,0.0
20260916,P_FWD_BC,C_FWD_BC,9,terminal_H,clip_0_1,1536,0.0,0.0
20260916,P_FWD_BC,C_FWD_BC,9,terminal_H,clip_0_1,1548,0.0,0.0
20260916,P_FWD_BC,C_FWD_BC,9,path_1_to_H,raw,1392,0.0,0.0
20260916,P_FWD_BC,C_FWD_BC,9,path_1_to_H,raw,1404,0.0,0.0
20260916,P_FWD_BC,C_FWD_BC,9,path_1_to_H,raw,1416,0.0,0.0
20260916,P_FWD_BC,C_FWD_BC,9,path_1_to_H,raw,1428,0.0,0.0
20260916,P_FWD_BC,C_FWD_BC,9,path_1_to_H,raw,1440,0.0,0.0
20260916,P_FWD_BC,C_FWD_BC,9,path_1_to_H,raw,1452,0.0,0.0
20260916,P_FWD_BC,C_FWD_BC,9,path_1_to_H,raw,1464,0.0,0.0
20260916,P_FWD_BC,C_FWD_BC,9,path_1_to_H,raw,1476,0.0,0.0
20260916,P_FWD_BC,C_FWD_BC,9,path_1_to_H,raw,1488,0.0,0.0
20260916,P_FWD_BC,C_FWD_BC,9,path_1_to_H,raw,1500,0.0,0.0
20260916,P_FWD_BC,C_FWD_BC,9,path_1_to_H,raw,1512,0.0,0.0
20260916,P_FWD_BC,C_FWD_BC,9,path_1_to_H,raw,1524,0.0,0.0
20260916,P_FWD_BC,C_FWD_BC,9,path_1_to_H,raw,1536,0.0,0.0
20260916,P_FWD_BC,C_FWD_BC,9,path_1_to_H,raw,1548,0.0,0.0
20260916,P_FWD_BC,C_FWD_BC,9,path_1_to_H,clip_0_1,1392,0.0,0.0
20260916,P_FWD_BC,C_FWD_BC,9,path_1_to_H,clip_0_1,1404,0.0,0.0
20260916,P_FWD_BC,C_FWD_BC,9,path_1_to_H,clip_0_1,1416,0.0,0.0
20260916,P_FWD_BC,C_FWD_BC,9,path_1_to_H,clip_0_1,1428,0.0,0.0
20260916,P_FWD_BC,C_FWD_BC,9,path_1_to_H,clip_0_1,1440,0.0,0.0
20260916,P_FWD_BC,C_FWD_BC,9,path_1_to_H,clip_0_1,1452,0.0,0.0
20260916,P_FWD_BC,C_FWD_BC,9,path_1_to_H,clip_0_1,1464,0.0,0.0
20260916,P_FWD_BC,C_FWD_BC,9,path_1_to_H,clip_0_1,1476,0.0,0.0
20260916,P_FWD_BC,C_FWD_BC,9,path_1_to_H,clip_0_1,1488,0.0,0.0
20260916,P_FWD_BC,C_FWD_BC,9,path_1_to_H,clip_0_1,1500,0.0,0.0
20260916,P_FWD_BC,C_FWD_BC,9,path_1_to_H,clip_0_1,1512,0.0,0.0
20260916,P_FWD_BC,C_FWD_BC,9,path_1_to_H,clip_0_1,1524,0.0,0.0
20260916,P_FWD_BC,C_FWD_BC,9,path_1_to_H,clip_0_1,1536,0.0,0.0
20260916,P_FWD_BC,C_FWD_BC,9,path_1_to_H,clip_0_1,1548,0.0,0.0
20260916,P_FWD_BC,C_FWD_BC,12,terminal_H,raw,1392,0.0,0.0
20260916,P_FWD_BC,C_FWD_BC,12,terminal_H,raw,1404,0.0,0.0
20260916,P_FWD_BC,C_FWD_BC,12,terminal_H,raw,1416,0.0,0.0
20260916,P_FWD_BC,C_FWD_BC,12,terminal_H,raw,1428,0.0,0.0
20260916,P_FWD_BC,C_FWD_BC,12,terminal_H,raw,1440,0.0,0.0
20260916,P_FWD_BC,C_FWD_BC,12,terminal_H,raw,1452,0.0,0.0
20260916,P_FWD_BC,C_FWD_BC,12,terminal_H,raw,1464,0.0,0.0
20260916,P_FWD_BC,C_FWD_BC,12,terminal_H,raw,1476,0.0,0.0
20260916,P_FWD_BC,C_FWD_BC,12,terminal_H,raw,1488,0.0,0.0
20260916,P_FWD_BC,C_FWD_BC,12,terminal_H,raw,1500,0.0,0.0
20260916,P_FWD_BC,C_FWD_BC,12,terminal_H,raw,1512,0.0,0.0
20260916,P_FWD_BC,C_FWD_BC,12,terminal_H,raw,1524,0.0,0.0
20260916,P_FWD_BC,C_FWD_BC,12,terminal_H,raw,1536,0.0,0.0
20260916,P_FWD_BC,C_FWD_BC,12,terminal_H,raw,1548,0.0,0.0
20260916,P_FWD_BC,C_FWD_BC,12,terminal_H,clip_0_1,1392,0.0,0.0
20260916,P_FWD_BC,C_FWD_BC,12,terminal_H,clip_0_1,1404,0.0,0.0
20260916,P_FWD_BC,C_FWD_BC,12,terminal_H,clip_0_1,1416,0.0,0.0
20260916,P_FWD_BC,C_FWD_BC,12,terminal_H,clip_0_1,1428,0.0,0.0
20260916,P_FWD_BC,C_FWD_BC,12,terminal_H,clip_0_1,1440,0.0,0.0
20260916,P_FWD_BC,C_FWD_BC,12,terminal_H,clip_0_1,1452,0.0,0.0
20260916,P_FWD_BC,C_FWD_BC,12,terminal_H,clip_0_1,1464,0.0,0.0
20260916,P_FWD_BC,C_FWD_BC,12,terminal_H,clip_0_1,1476,0.0,0.0
20260916,P_FWD_BC,C_FWD_BC,12,terminal_H,clip_0_1,1488,0.0,0.0
20260916,P_FWD_BC,C_FWD_BC,12,terminal_H,clip_0_1,1500,0.0,0.0
20260916,P_FWD_BC,C_FWD_BC,12,terminal_H,clip_0_1,1512,0.0,0.0
20260916,P_FWD_BC,C_FWD_BC,12,terminal_H,clip_0_1,1524,0.0,0.0
20260916,P_FWD_BC,C_FWD_BC,12,terminal_H,clip_0_1,1536,0.0,0.0
20260916,P_FWD_BC,C_FWD_BC,12,terminal_H,clip_0_1,1548,0.0,0.0
20260916,P_FWD_BC,C_FWD_BC,12,path_1_to_H,raw,1392,0.0,0.0
20260916,P_FWD_BC,C_FWD_BC,12,path_1_to_H,raw,1404,0.0,0.0
20260916,P_FWD_BC,C_FWD_BC,12,path_1_to_H,raw,1416,0.0,0.0
20260916,P_FWD_BC,C_FWD_BC,12,path_1_to_H,raw,1428,0.0,0.0
20260916,P_FWD_BC,C_FWD_BC,12,path_1_to_H,raw,1440,0.0,0.0
20260916,P_FWD_BC,C_FWD_BC,12,path_1_to_H,raw,1452,0.0,0.0
20260916,P_FWD_BC,C_FWD_BC,12,path_1_to_H,raw,1464,0.0,0.0
20260916,P_FWD_BC,C_FWD_BC,12,path_1_to_H,raw,1476,0.0,0.0
20260916,P_FWD_BC,C_FWD_BC,12,path_1_to_H,raw,1488,0.0,0.0
20260916,P_FWD_BC,C_FWD_BC,12,path_1_to_H,raw,1500,0.0,0.0
20260916,P_FWD_BC,C_FWD_BC,12,path_1_to_H,raw,1512,0.0,0.0
20260916,P_FWD_BC,C_FWD_BC,12,path_1_to_H,raw,1524,0.0,0.0
20260916,P_FWD_BC,C_FWD_BC,12,path_1_to_H,raw,1536,0.0,0.0
20260916,P_FWD_BC,C_FWD_BC,12,path_1_to_H,raw,1548,0.0,0.0
20260916,P_FWD_BC,C_FWD_BC,12,path_1_to_H,clip_0_1,1392,0.0,0.0
20260916,P_FWD_BC,C_FWD_BC,12,path_1_to_H,clip_0_1,1404,0.0,0.0
20260916,P_FWD_BC,C_FWD_BC,12,path_1_to_H,clip_0_1,1416,0.0,0.0
20260916,P_FWD_BC,C_FWD_BC,12,path_1_to_H,clip_0_1,1428,0.0,0.0
20260916,P_FWD_BC,C_FWD_BC,12,path_1_to_H,clip_0_1,1440,0.0,0.0
20260916,P_FWD_BC,C_FWD_BC,12,path_1_to_H,clip_0_1,1452,0.0,0.0
20260916,P_FWD_BC,C_FWD_BC,12,path_1_to_H,clip_0_1,1464,0.0,0.0
20260916,P_FWD_BC,C_FWD_BC,12,path_1_to_H,clip_0_1,1476,0.0,0.0
20260916,P_FWD_BC,C_FWD_BC,12,path_1_to_H,clip_0_1,1488,0.0,0.0
20260916,P_FWD_BC,C_FWD_BC,12,path_1_to_H,clip_0_1,1500,0.0,0.0
20260916,P_FWD_BC,C_FWD_BC,12,path_1_to_H,clip_0_1,1512,0.0,0.0
20260916,P_FWD_BC,C_FWD_BC,12,path_1_to_H,clip_0_1,1524,0.0,0.0
20260916,P_FWD_BC,C_FWD_BC,12,path_1_to_H,clip_0_1,1536,0.0,0.0
20260916,P_FWD_BC,C_FWD_BC,12,path_1_to_H,clip_0_1,1548,0.0,0.0
20260916,P_FWD_BC,NATIVE,3,terminal_H,raw,1392,-0.017320530816981223,-0.0014858952531749505
20260916,P_FWD_BC,NATIVE,3,terminal_H,raw,1404,-0.002755828283240265,0.0010882782417472533
20260916,P_FWD_BC,NATIVE,3,terminal_H,raw,1416,-0.007946269497344383,-0.0004839861546379752
20260916,P_FWD_BC,NATIVE,3,terminal_H,raw,1428,-0.0026434784970774425,0.0003776938971086389
20260916,P_FWD_BC,NATIVE,3,terminal_H,raw,1440,-0.012378971631876548,-0.0007692591170091602
20260916,P_FWD_BC,NATIVE,3,terminal_H,raw,1452,-0.006497651168465927,-0.0004595282508066473
20260916,P_FWD_BC,NATIVE,3,terminal_H,raw,1464,-0.0027586838937201036,-0.0009320414290636151
20260916,P_FWD_BC,NATIVE,3,terminal_H,raw,1476,-0.041177410662148556,-0.004857091183351696
20260916,P_FWD_BC,NATIVE,3,terminal_H,raw,1488,-0.014271180267423819,0.00047113206248433837
20260916,P_FWD_BC,NATIVE,3,terminal_H,raw,1500,-0.013120278978782571,0.00017764017550434008
20260916,P_FWD_BC,NATIVE,3,terminal_H,raw,1512,0.008296335795645558,0.003859676552541558
20260916,P_FWD_BC,NATIVE,3,terminal_H,raw,1524,-0.006188452703457091,-0.000375887484157732
20260916,P_FWD_BC,NATIVE,3,terminal_H,raw,1536,-0.0036663106216841307,-0.0007001525675988022
20260916,P_FWD_BC,NATIVE,3,terminal_H,raw,1548,0.00221636595751076,0.0017648365929386236
20260916,P_FWD_BC,NATIVE,3,terminal_H,clip_0_1,1392,-0.017320530816981223,-0.0014858952531749505
20260916,P_FWD_BC,NATIVE,3,terminal_H,clip_0_1,1404,-0.002755828283240265,0.0010882782417472533
20260916,P_FWD_BC,NATIVE,3,terminal_H,clip_0_1,1416,-0.007937634399272019,-0.0004839656492853275
20260916,P_FWD_BC,NATIVE,3,terminal_H,clip_0_1,1428,-0.0026434784970774425,0.0003776938971086389
20260916,P_FWD_BC,NATIVE,3,terminal_H,clip_0_1,1440,-0.012354823941173513,-0.0007691768969527909
20260916,P_FWD_BC,NATIVE,3,terminal_H,clip_0_1,1452,-0.006453539400795835,-0.00045905022222299366
20260916,P_FWD_BC,NATIVE,3,terminal_H,clip_0_1,1464,-0.002696043983994972,-0.0009264479678928411
20260916,P_FWD_BC,NATIVE,3,terminal_H,clip_0_1,1476,-0.0424209721626931,-0.004876609177058722
20260916,P_FWD_BC,NATIVE,3,terminal_H,clip_0_1,1488,-0.01429926462615724,0.00047104839863522873
20260916,P_FWD_BC,NATIVE,3,terminal_H,clip_0_1,1500,-0.013092876054524864,0.00017891578932683288
20260916,P_FWD_BC,NATIVE,3,terminal_H,clip_0_1,1512,0.008296335738259912,0.0038596765302249163
20260916,P_FWD_BC,NATIVE,3,terminal_H,clip_0_1,1524,-0.006188452703457091,-0.000375887484157732
20260916,P_FWD_BC,NATIVE,3,terminal_H,clip_0_1,1536,-0.003666362091649545,-0.0007001868816386194
20260916,P_FWD_BC,NATIVE,3,terminal_H,clip_0_1,1548,0.00221636595751076,0.0017648365929386236
20260916,P_FWD_BC,NATIVE,3,path_1_to_H,raw,1392,-0.014265718404452725,-0.001599280199893718
20260916,P_FWD_BC,NATIVE,3,path_1_to_H,raw,1404,-0.0030049124645587172,0.0003597957639304499
20260916,P_FWD_BC,NATIVE,3,path_1_to_H,raw,1416,-0.005177310114529347,-9.082558573352322e-05
20260916,P_FWD_BC,NATIVE,3,path_1_to_H,raw,1428,-0.0032487817264062625,-0.00020282741188060757
20260916,P_FWD_BC,NATIVE,3,path_1_to_H,raw,1440,-0.008165092418671657,-0.0004598693030591478
20260916,P_FWD_BC,NATIVE,3,path_1_to_H,raw,1452,-0.004519582474147456,-0.0001879474158819732
20260916,P_FWD_BC,NATIVE,3,path_1_to_H,raw,1464,-0.0019527696837781992,-0.00042903120355043385
20260916,P_FWD_BC,NATIVE,3,path_1_to_H,raw,1476,-0.029862004227121514,-0.002812132765494644
20260916,P_FWD_BC,NATIVE,3,path_1_to_H,raw,1488,-0.011018641648197214,-0.0004157489707402818
20260916,P_FWD_BC,NATIVE,3,path_1_to_H,raw,1500,-0.01288733069456216,-0.001113916383397233
20260916,P_FWD_BC,NATIVE,3,path_1_to_H,raw,1512,0.0011973769932157247,0.0015165422681814615
20260916,P_FWD_BC,NATIVE,3,path_1_to_H,raw,1524,-0.0029572582600771754,0.00031571169671989455
20260916,P_FWD_BC,NATIVE,3,path_1_to_H,raw,1536,-0.0019199597537615397,-0.00021010771635439387
20260916,P_FWD_BC,NATIVE,3,path_1_to_H,raw,1548,0.00269587225105719,0.0035561839148223113
20260916,P_FWD_BC,NATIVE,3,path_1_to_H,clip_0_1,1392,-0.014251499910948567,-0.0015987068653025526
20260916,P_FWD_BC,NATIVE,3,path_1_to_H,clip_0_1,1404,-0.0030040843254307064,0.0003597994191914658
20260916,P_FWD_BC,NATIVE,3,path_1_to_H,clip_0_1,1416,-0.0051688361633198425,-0.00010277590865662937
20260916,P_FWD_BC,NATIVE,3,path_1_to_H,clip_0_1,1428,-0.00324759683328266,-0.0002028262536039432
20260916,P_FWD_BC,NATIVE,3,path_1_to_H,clip_0_1,1440,-0.008146293648050973,-0.0004597879289225022
20260916,P_FWD_BC,NATIVE,3,path_1_to_H,clip_0_1,1452,-0.004489928458783226,-0.00018766069321933586
20260916,P_FWD_BC,NATIVE,3,path_1_to_H,clip_0_1,1464,-0.0018996690751460063,-0.00042667737249471333
20260916,P_FWD_BC,NATIVE,3,path_1_to_H,clip_0_1,1476,-0.031102841298675063,-0.0028326198056955604
20260916,P_FWD_BC,NATIVE,3,path_1_to_H,clip_0_1,1488,-0.011046468123296647,-0.0004158363458257528
20260916,P_FWD_BC,NATIVE,3,path_1_to_H,clip_0_1,1500,-0.012752690118112723,-0.0011039174857837453
20260916,P_FWD_BC,NATIVE,3,path_1_to_H,clip_0_1,1512,0.0012023612098042695,0.0015165359367548283
20260916,P_FWD_BC,NATIVE,3,path_1_to_H,clip_0_1,1524,-0.002949571572784825,0.0003158476112435592
20260916,P_FWD_BC,NATIVE,3,path_1_to_H,clip_0_1,1536,-0.0019202129764185122,-0.00021017163649579866
20260916,P_FWD_BC,NATIVE,3,path_1_to_H,clip_0_1,1548,0.00269587225105719,0.0035561839148223113
20260916,P_FWD_BC,NATIVE,12,terminal_H,raw,1392,-4.016850087990565e-05,0.0020425592436908737
20260916,P_FWD_BC,NATIVE,12,terminal_H,raw,1404,-0.007662133657511399,-0.00021749991494701687
20260916,P_FWD_BC,NATIVE,12,terminal_H,raw,1416,-0.006554933097209894,-0.0001889465519971341
20260916,P_FWD_BC,NATIVE,12,terminal_H,raw,1428,-0.005742896884157004,-0.00021632608169419094
20260916,P_FWD_BC,NATIVE,12,terminal_H,raw,1440,0.0015699400297648697,0.003043650636644856
20260916,P_FWD_BC,NATIVE,12,terminal_H,raw,1452,-0.0054097258826398785,6.066353406784113e-05
20260916,P_FWD_BC,NATIVE,12,terminal_H,raw,1464,0.01927807613015391,0.012749917919198038
20260916,P_FWD_BC,NATIVE,12,terminal_H,raw,1476,-0.04278889623167446,-0.009859638588485535
20260916,P_FWD_BC,NATIVE,12,terminal_H,raw,1488,-0.030026358325208228,-0.0029707096449729333
20260916,P_FWD_BC,NATIVE,12,terminal_H,raw,1500,-0.02515394281538611,0.00058382993655761
20260916,P_FWD_BC,NATIVE,12,terminal_H,raw,1512,0.027253616072814773,0.009463995151880867
20260916,P_FWD_BC,NATIVE,12,terminal_H,raw,1524,-0.02223402036785907,-0.008774626140881286
20260916,P_FWD_BC,NATIVE,12,terminal_H,raw,1536,-0.0005030387044652076,0.0009707714377279267
20260916,P_FWD_BC,NATIVE,12,terminal_H,raw,1548,-0.015559721876114412,-0.0042530419955344005
20260916,P_FWD_BC,NATIVE,12,terminal_H,clip_0_1,1392,-4.016850087990565e-05,0.0020425592436908737
20260916,P_FWD_BC,NATIVE,12,terminal_H,clip_0_1,1404,-0.007662133657511399,-0.00021749991494701687
20260916,P_FWD_BC,NATIVE,12,terminal_H,clip_0_1,1416,-0.006554933097209894,-0.0001889465519971341
20260916,P_FWD_BC,NATIVE,12,terminal_H,clip_0_1,1428,-0.005696401669537607,-0.0002134635261587675
20260916,P_FWD_BC,NATIVE,12,terminal_H,clip_0_1,1440,0.0015699400297648697,0.003043650636644856
20260916,P_FWD_BC,NATIVE,12,terminal_H,clip_0_1,1452,-0.005344377274569729,6.184913993904112e-05
20260916,P_FWD_BC,NATIVE,12,terminal_H,clip_0_1,1464,0.019276841657001317,0.012749917673384856
20260916,P_FWD_BC,NATIVE,12,terminal_H,clip_0_1,1476,-0.04281875177152738,-0.009860389440067308
20260916,P_FWD_BC,NATIVE,12,terminal_H,clip_0_1,1488,-0.03002635837900654,-0.0029707096449729338
20260916,P_FWD_BC,NATIVE,12,terminal_H,clip_0_1,1500,-0.025153942856351877,0.0005838299365576094
20260916,P_FWD_BC,NATIVE,12,terminal_H,clip_0_1,1512,0.027253616035012647,0.009463995137180038
20260916,P_FWD_BC,NATIVE,12,terminal_H,clip_0_1,1524,-0.02223402036785907,-0.008774626140881286
20260916,P_FWD_BC,NATIVE,12,terminal_H,clip_0_1,1536,-0.0005030387044652076,0.0009707714377279267
20260916,P_FWD_BC,NATIVE,12,terminal_H,clip_0_1,1548,-0.015433898761305962,-0.004236412919696197
20260916,P_FWD_BC,NATIVE,12,path_1_to_H,raw,1392,-0.009571458601373714,0.0001680762296774145
20260916,P_FWD_BC,NATIVE,12,path_1_to_H,raw,1404,-0.006015542485877416,-0.00018053469170011135
20260916,P_FWD_BC,NATIVE,12,path_1_to_H,raw,1416,-0.008540248325031391,-0.00047626594862016204
20260916,P_FWD_BC,NATIVE,12,path_1_to_H,raw,1428,-0.0046358848279579555,-0.0002728590351149556
20260916,P_FWD_BC,NATIVE,12,path_1_to_H,raw,1440,-0.00729599566120115,0.00025311823435516487
20260916,P_FWD_BC,NATIVE,12,path_1_to_H,raw,1452,-0.004988530362958451,-0.0001520825003427902
20260916,P_FWD_BC,NATIVE,12,path_1_to_H,raw,1464,0.00937774676696291,0.006066697001313054
20260916,P_FWD_BC,NATIVE,12,path_1_to_H,raw,1476,-0.041902687752531594,-0.006530155496902015
20260916,P_FWD_BC,NATIVE,12,path_1_to_H,raw,1488,-0.018635611971995713,-0.0011521926997031628
20260916,P_FWD_BC,NATIVE,12,path_1_to_H,raw,1500,-0.021439275308752816,-0.001865968504978092
20260916,P_FWD_BC,NATIVE,12,path_1_to_H,raw,1512,0.014480018207712076,0.00711589364327255
20260916,P_FWD_BC,NATIVE,12,path_1_to_H,raw,1524,-0.013216267206259388,-0.0036770947740325803
20260916,P_FWD_BC,NATIVE,12,path_1_to_H,raw,1536,-0.0004895228435913473,0.0006146571543766819
20260916,P_FWD_BC,NATIVE,12,path_1_to_H,raw,1548,-0.0011974599667506475,0.0008153055116368018
20260916,P_FWD_BC,NATIVE,12,path_1_to_H,clip_0_1,1392,-0.009567689046472929,0.00016821971577055505
20260916,P_FWD_BC,NATIVE,12,path_1_to_H,clip_0_1,1404,-0.006015335451095413,-0.00018053377788485736
20260916,P_FWD_BC,NATIVE,12,path_1_to_H,clip_0_1,1416,-0.008538154677013174,-0.00047925353138708767
20260916,P_FWD_BC,NATIVE,12,path_1_to_H,clip_0_1,1428,-0.00461385515942807,-0.0002715208934749159
20260916,P_FWD_BC,NATIVE,12,path_1_to_H,clip_0_1,1440,-0.007291057121816392,0.0002531387661469351
20260916,P_FWD_BC,NATIVE,12,path_1_to_H,clip_0_1,1452,-0.004952960480975013,-0.00015165001725736727
20260916,P_FWD_BC,NATIVE,12,path_1_to_H,clip_0_1,1464,0.009398765322458034,0.0060674460264792725
20260916,P_FWD_BC,NATIVE,12,path_1_to_H,clip_0_1,1476,-0.04265242634644927,-0.006541993420200079
20260916,P_FWD_BC,NATIVE,12,path_1_to_H,clip_0_1,1488,-0.01866071831928937,-0.0011524189279192372
20260916,P_FWD_BC,NATIVE,12,path_1_to_H,clip_0_1,1500,-0.021406960868750505,-0.0018634716357174828
20260916,P_FWD_BC,NATIVE,12,path_1_to_H,clip_0_1,1512,0.014478410176748533,0.007113496206922892
20260916,P_FWD_BC,NATIVE,12,path_1_to_H,clip_0_1,1524,-0.013214345534436298,-0.0036770607954016636
20260916,P_FWD_BC,NATIVE,12,path_1_to_H,clip_0_1,1536,-0.0004896549127523397,0.0006146258779603804
20260916,P_FWD_BC,NATIVE,12,path_1_to_H,clip_0_1,1548,-0.0011680615959392554,0.0008206450756762709
20260917,P_FWD_BC,BASE_OD,3,terminal_H,raw,1392,0.0,0.0
20260917,P_FWD_BC,BASE_OD,3,terminal_H,raw,1404,0.0,0.0
20260917,P_FWD_BC,BASE_OD,3,terminal_H,raw,1416,0.0,0.0
20260917,P_FWD_BC,BASE_OD,3,terminal_H,raw,1428,0.0,0.0
20260917,P_FWD_BC,BASE_OD,3,terminal_H,raw,1440,0.0,0.0
20260917,P_FWD_BC,BASE_OD,3,terminal_H,raw,1452,0.0,0.0
20260917,P_FWD_BC,BASE_OD,3,terminal_H,raw,1464,0.0,0.0
20260917,P_FWD_BC,BASE_OD,3,terminal_H,raw,1476,0.0,0.0
20260917,P_FWD_BC,BASE_OD,3,terminal_H,raw,1488,0.0,0.0
20260917,P_FWD_BC,BASE_OD,3,terminal_H,raw,1500,0.0,0.0
20260917,P_FWD_BC,BASE_OD,3,terminal_H,raw,1512,0.0,0.0
20260917,P_FWD_BC,BASE_OD,3,terminal_H,raw,1524,0.0,0.0
20260917,P_FWD_BC,BASE_OD,3,terminal_H,raw,1536,0.0,0.0
20260917,P_FWD_BC,BASE_OD,3,terminal_H,raw,1548,0.0,0.0
20260917,P_FWD_BC,BASE_OD,3,terminal_H,clip_0_1,1392,0.0,0.0
20260917,P_FWD_BC,BASE_OD,3,terminal_H,clip_0_1,1404,0.0,0.0
20260917,P_FWD_BC,BASE_OD,3,terminal_H,clip_0_1,1416,0.0,0.0
20260917,P_FWD_BC,BASE_OD,3,terminal_H,clip_0_1,1428,0.0,0.0
20260917,P_FWD_BC,BASE_OD,3,terminal_H,clip_0_1,1440,0.0,0.0
20260917,P_FWD_BC,BASE_OD,3,terminal_H,clip_0_1,1452,0.0,0.0
20260917,P_FWD_BC,BASE_OD,3,terminal_H,clip_0_1,1464,0.0,0.0
20260917,P_FWD_BC,BASE_OD,3,terminal_H,clip_0_1,1476,0.0,0.0
20260917,P_FWD_BC,BASE_OD,3,terminal_H,clip_0_1,1488,0.0,0.0
20260917,P_FWD_BC,BASE_OD,3,terminal_H,clip_0_1,1500,0.0,0.0
20260917,P_FWD_BC,BASE_OD,3,terminal_H,clip_0_1,1512,0.0,0.0
20260917,P_FWD_BC,BASE_OD,3,terminal_H,clip_0_1,1524,0.0,0.0
20260917,P_FWD_BC,BASE_OD,3,terminal_H,clip_0_1,1536,0.0,0.0
20260917,P_FWD_BC,BASE_OD,3,terminal_H,clip_0_1,1548,0.0,0.0
20260917,P_FWD_BC,BASE_OD,3,path_1_to_H,raw,1392,0.0,0.0
20260917,P_FWD_BC,BASE_OD,3,path_1_to_H,raw,1404,0.0,0.0
20260917,P_FWD_BC,BASE_OD,3,path_1_to_H,raw,1416,0.0,0.0
20260917,P_FWD_BC,BASE_OD,3,path_1_to_H,raw,1428,0.0,0.0
20260917,P_FWD_BC,BASE_OD,3,path_1_to_H,raw,1440,0.0,0.0
20260917,P_FWD_BC,BASE_OD,3,path_1_to_H,raw,1452,0.0,0.0
20260917,P_FWD_BC,BASE_OD,3,path_1_to_H,raw,1464,0.0,0.0
20260917,P_FWD_BC,BASE_OD,3,path_1_to_H,raw,1476,0.0,0.0
20260917,P_FWD_BC,BASE_OD,3,path_1_to_H,raw,1488,0.0,0.0
20260917,P_FWD_BC,BASE_OD,3,path_1_to_H,raw,1500,0.0,0.0
20260917,P_FWD_BC,BASE_OD,3,path_1_to_H,raw,1512,0.0,0.0
20260917,P_FWD_BC,BASE_OD,3,path_1_to_H,raw,1524,0.0,0.0
20260917,P_FWD_BC,BASE_OD,3,path_1_to_H,raw,1536,0.0,0.0
20260917,P_FWD_BC,BASE_OD,3,path_1_to_H,raw,1548,0.0,0.0
20260917,P_FWD_BC,BASE_OD,3,path_1_to_H,clip_0_1,1392,0.0,0.0
20260917,P_FWD_BC,BASE_OD,3,path_1_to_H,clip_0_1,1404,0.0,0.0
20260917,P_FWD_BC,BASE_OD,3,path_1_to_H,clip_0_1,1416,0.0,0.0
20260917,P_FWD_BC,BASE_OD,3,path_1_to_H,clip_0_1,1428,0.0,0.0
20260917,P_FWD_BC,BASE_OD,3,path_1_to_H,clip_0_1,1440,0.0,0.0
20260917,P_FWD_BC,BASE_OD,3,path_1_to_H,clip_0_1,1452,0.0,0.0
20260917,P_FWD_BC,BASE_OD,3,path_1_to_H,clip_0_1,1464,0.0,0.0
20260917,P_FWD_BC,BASE_OD,3,path_1_to_H,clip_0_1,1476,0.0,0.0
20260917,P_FWD_BC,BASE_OD,3,path_1_to_H,clip_0_1,1488,0.0,0.0
20260917,P_FWD_BC,BASE_OD,3,path_1_to_H,clip_0_1,1500,0.0,0.0
20260917,P_FWD_BC,BASE_OD,3,path_1_to_H,clip_0_1,1512,0.0,0.0
20260917,P_FWD_BC,BASE_OD,3,path_1_to_H,clip_0_1,1524,0.0,0.0
20260917,P_FWD_BC,BASE_OD,3,path_1_to_H,clip_0_1,1536,0.0,0.0
20260917,P_FWD_BC,BASE_OD,3,path_1_to_H,clip_0_1,1548,0.0,0.0
20260917,P_FWD_BC,BASE_OD,6,terminal_H,raw,1392,0.0,0.0
20260917,P_FWD_BC,BASE_OD,6,terminal_H,raw,1404,0.0,0.0
20260917,P_FWD_BC,BASE_OD,6,terminal_H,raw,1416,0.0,0.0
20260917,P_FWD_BC,BASE_OD,6,terminal_H,raw,1428,0.0,0.0
20260917,P_FWD_BC,BASE_OD,6,terminal_H,raw,1440,0.0,0.0
20260917,P_FWD_BC,BASE_OD,6,terminal_H,raw,1452,0.0,0.0
20260917,P_FWD_BC,BASE_OD,6,terminal_H,raw,1464,0.0,0.0
20260917,P_FWD_BC,BASE_OD,6,terminal_H,raw,1476,0.0,0.0
20260917,P_FWD_BC,BASE_OD,6,terminal_H,raw,1488,0.0,0.0
20260917,P_FWD_BC,BASE_OD,6,terminal_H,raw,1500,0.0,0.0
20260917,P_FWD_BC,BASE_OD,6,terminal_H,raw,1512,0.0,0.0
20260917,P_FWD_BC,BASE_OD,6,terminal_H,raw,1524,0.0,0.0
20260917,P_FWD_BC,BASE_OD,6,terminal_H,raw,1536,0.0,0.0
20260917,P_FWD_BC,BASE_OD,6,terminal_H,raw,1548,0.0,0.0
20260917,P_FWD_BC,BASE_OD,6,terminal_H,clip_0_1,1392,0.0,0.0
20260917,P_FWD_BC,BASE_OD,6,terminal_H,clip_0_1,1404,0.0,0.0
20260917,P_FWD_BC,BASE_OD,6,terminal_H,clip_0_1,1416,0.0,0.0
20260917,P_FWD_BC,BASE_OD,6,terminal_H,clip_0_1,1428,0.0,0.0
20260917,P_FWD_BC,BASE_OD,6,terminal_H,clip_0_1,1440,0.0,0.0
20260917,P_FWD_BC,BASE_OD,6,terminal_H,clip_0_1,1452,0.0,0.0
20260917,P_FWD_BC,BASE_OD,6,terminal_H,clip_0_1,1464,0.0,0.0
20260917,P_FWD_BC,BASE_OD,6,terminal_H,clip_0_1,1476,0.0,0.0
20260917,P_FWD_BC,BASE_OD,6,terminal_H,clip_0_1,1488,0.0,0.0
20260917,P_FWD_BC,BASE_OD,6,terminal_H,clip_0_1,1500,0.0,0.0
20260917,P_FWD_BC,BASE_OD,6,terminal_H,clip_0_1,1512,0.0,0.0
20260917,P_FWD_BC,BASE_OD,6,terminal_H,clip_0_1,1524,0.0,0.0
20260917,P_FWD_BC,BASE_OD,6,terminal_H,clip_0_1,1536,0.0,0.0
20260917,P_FWD_BC,BASE_OD,6,terminal_H,clip_0_1,1548,0.0,0.0
20260917,P_FWD_BC,BASE_OD,6,path_1_to_H,raw,1392,0.0,0.0
20260917,P_FWD_BC,BASE_OD,6,path_1_to_H,raw,1404,0.0,0.0
20260917,P_FWD_BC,BASE_OD,6,path_1_to_H,raw,1416,0.0,0.0
20260917,P_FWD_BC,BASE_OD,6,path_1_to_H,raw,1428,0.0,0.0
20260917,P_FWD_BC,BASE_OD,6,path_1_to_H,raw,1440,0.0,0.0
20260917,P_FWD_BC,BASE_OD,6,path_1_to_H,raw,1452,0.0,0.0
20260917,P_FWD_BC,BASE_OD,6,path_1_to_H,raw,1464,0.0,0.0
20260917,P_FWD_BC,BASE_OD,6,path_1_to_H,raw,1476,0.0,0.0
20260917,P_FWD_BC,BASE_OD,6,path_1_to_H,raw,1488,0.0,0.0
20260917,P_FWD_BC,BASE_OD,6,path_1_to_H,raw,1500,0.0,0.0
20260917,P_FWD_BC,BASE_OD,6,path_1_to_H,raw,1512,0.0,0.0
20260917,P_FWD_BC,BASE_OD,6,path_1_to_H,raw,1524,0.0,0.0
20260917,P_FWD_BC,BASE_OD,6,path_1_to_H,raw,1536,0.0,0.0
20260917,P_FWD_BC,BASE_OD,6,path_1_to_H,raw,1548,0.0,0.0
20260917,P_FWD_BC,BASE_OD,6,path_1_to_H,clip_0_1,1392,0.0,0.0
20260917,P_FWD_BC,BASE_OD,6,path_1_to_H,clip_0_1,1404,0.0,0.0
20260917,P_FWD_BC,BASE_OD,6,path_1_to_H,clip_0_1,1416,0.0,0.0
20260917,P_FWD_BC,BASE_OD,6,path_1_to_H,clip_0_1,1428,0.0,0.0
20260917,P_FWD_BC,BASE_OD,6,path_1_to_H,clip_0_1,1440,0.0,0.0
20260917,P_FWD_BC,BASE_OD,6,path_1_to_H,clip_0_1,1452,0.0,0.0
20260917,P_FWD_BC,BASE_OD,6,path_1_to_H,clip_0_1,1464,0.0,0.0
20260917,P_FWD_BC,BASE_OD,6,path_1_to_H,clip_0_1,1476,0.0,0.0
20260917,P_FWD_BC,BASE_OD,6,path_1_to_H,clip_0_1,1488,0.0,0.0
20260917,P_FWD_BC,BASE_OD,6,path_1_to_H,clip_0_1,1500,0.0,0.0
20260917,P_FWD_BC,BASE_OD,6,path_1_to_H,clip_0_1,1512,0.0,0.0
20260917,P_FWD_BC,BASE_OD,6,path_1_to_H,clip_0_1,1524,0.0,0.0
20260917,P_FWD_BC,BASE_OD,6,path_1_to_H,clip_0_1,1536,0.0,0.0
20260917,P_FWD_BC,BASE_OD,6,path_1_to_H,clip_0_1,1548,0.0,0.0
20260917,P_FWD_BC,BASE_OD,9,terminal_H,raw,1392,0.0,0.0
20260917,P_FWD_BC,BASE_OD,9,terminal_H,raw,1404,0.0,0.0
20260917,P_FWD_BC,BASE_OD,9,terminal_H,raw,1416,0.0,0.0
20260917,P_FWD_BC,BASE_OD,9,terminal_H,raw,1428,0.0,0.0
20260917,P_FWD_BC,BASE_OD,9,terminal_H,raw,1440,0.0,0.0
20260917,P_FWD_BC,BASE_OD,9,terminal_H,raw,1452,0.0,0.0
20260917,P_FWD_BC,BASE_OD,9,terminal_H,raw,1464,0.0,0.0
20260917,P_FWD_BC,BASE_OD,9,terminal_H,raw,1476,0.0,0.0
20260917,P_FWD_BC,BASE_OD,9,terminal_H,raw,1488,0.0,0.0
20260917,P_FWD_BC,BASE_OD,9,terminal_H,raw,1500,0.0,0.0
20260917,P_FWD_BC,BASE_OD,9,terminal_H,raw,1512,0.0,0.0
20260917,P_FWD_BC,BASE_OD,9,terminal_H,raw,1524,0.0,0.0
20260917,P_FWD_BC,BASE_OD,9,terminal_H,raw,1536,0.0,0.0
20260917,P_FWD_BC,BASE_OD,9,terminal_H,raw,1548,0.0,0.0
20260917,P_FWD_BC,BASE_OD,9,terminal_H,clip_0_1,1392,0.0,0.0
20260917,P_FWD_BC,BASE_OD,9,terminal_H,clip_0_1,1404,0.0,0.0
20260917,P_FWD_BC,BASE_OD,9,terminal_H,clip_0_1,1416,0.0,0.0
20260917,P_FWD_BC,BASE_OD,9,terminal_H,clip_0_1,1428,0.0,0.0
20260917,P_FWD_BC,BASE_OD,9,terminal_H,clip_0_1,1440,0.0,0.0
20260917,P_FWD_BC,BASE_OD,9,terminal_H,clip_0_1,1452,0.0,0.0
20260917,P_FWD_BC,BASE_OD,9,terminal_H,clip_0_1,1464,0.0,0.0
20260917,P_FWD_BC,BASE_OD,9,terminal_H,clip_0_1,1476,0.0,0.0
20260917,P_FWD_BC,BASE_OD,9,terminal_H,clip_0_1,1488,0.0,0.0
20260917,P_FWD_BC,BASE_OD,9,terminal_H,clip_0_1,1500,0.0,0.0
20260917,P_FWD_BC,BASE_OD,9,terminal_H,clip_0_1,1512,0.0,0.0
20260917,P_FWD_BC,BASE_OD,9,terminal_H,clip_0_1,1524,0.0,0.0
20260917,P_FWD_BC,BASE_OD,9,terminal_H,clip_0_1,1536,0.0,0.0
20260917,P_FWD_BC,BASE_OD,9,terminal_H,clip_0_1,1548,0.0,0.0
20260917,P_FWD_BC,BASE_OD,9,path_1_to_H,raw,1392,0.0,0.0
20260917,P_FWD_BC,BASE_OD,9,path_1_to_H,raw,1404,0.0,0.0
20260917,P_FWD_BC,BASE_OD,9,path_1_to_H,raw,1416,0.0,0.0
20260917,P_FWD_BC,BASE_OD,9,path_1_to_H,raw,1428,0.0,0.0
20260917,P_FWD_BC,BASE_OD,9,path_1_to_H,raw,1440,0.0,0.0
20260917,P_FWD_BC,BASE_OD,9,path_1_to_H,raw,1452,0.0,0.0
20260917,P_FWD_BC,BASE_OD,9,path_1_to_H,raw,1464,0.0,0.0
20260917,P_FWD_BC,BASE_OD,9,path_1_to_H,raw,1476,0.0,0.0
20260917,P_FWD_BC,BASE_OD,9,path_1_to_H,raw,1488,0.0,0.0
20260917,P_FWD_BC,BASE_OD,9,path_1_to_H,raw,1500,0.0,0.0
20260917,P_FWD_BC,BASE_OD,9,path_1_to_H,raw,1512,0.0,0.0
20260917,P_FWD_BC,BASE_OD,9,path_1_to_H,raw,1524,0.0,0.0
20260917,P_FWD_BC,BASE_OD,9,path_1_to_H,raw,1536,0.0,0.0
20260917,P_FWD_BC,BASE_OD,9,path_1_to_H,raw,1548,0.0,0.0
20260917,P_FWD_BC,BASE_OD,9,path_1_to_H,clip_0_1,1392,0.0,0.0
20260917,P_FWD_BC,BASE_OD,9,path_1_to_H,clip_0_1,1404,0.0,0.0
20260917,P_FWD_BC,BASE_OD,9,path_1_to_H,clip_0_1,1416,0.0,0.0
20260917,P_FWD_BC,BASE_OD,9,path_1_to_H,clip_0_1,1428,0.0,0.0
20260917,P_FWD_BC,BASE_OD,9,path_1_to_H,clip_0_1,1440,0.0,0.0
20260917,P_FWD_BC,BASE_OD,9,path_1_to_H,clip_0_1,1452,0.0,0.0
20260917,P_FWD_BC,BASE_OD,9,path_1_to_H,clip_0_1,1464,0.0,0.0
20260917,P_FWD_BC,BASE_OD,9,path_1_to_H,clip_0_1,1476,0.0,0.0
20260917,P_FWD_BC,BASE_OD,9,path_1_to_H,clip_0_1,1488,0.0,0.0
20260917,P_FWD_BC,BASE_OD,9,path_1_to_H,clip_0_1,1500,0.0,0.0
20260917,P_FWD_BC,BASE_OD,9,path_1_to_H,clip_0_1,1512,0.0,0.0
20260917,P_FWD_BC,BASE_OD,9,path_1_to_H,clip_0_1,1524,0.0,0.0
20260917,P_FWD_BC,BASE_OD,9,path_1_to_H,clip_0_1,1536,0.0,0.0
20260917,P_FWD_BC,BASE_OD,9,path_1_to_H,clip_0_1,1548,0.0,0.0
20260917,P_FWD_BC,BASE_OD,12,terminal_H,raw,1392,0.0,0.0
20260917,P_FWD_BC,BASE_OD,12,terminal_H,raw,1404,0.0,0.0
20260917,P_FWD_BC,BASE_OD,12,terminal_H,raw,1416,0.0,0.0
20260917,P_FWD_BC,BASE_OD,12,terminal_H,raw,1428,0.0,0.0
20260917,P_FWD_BC,BASE_OD,12,terminal_H,raw,1440,0.0,0.0
20260917,P_FWD_BC,BASE_OD,12,terminal_H,raw,1452,0.0,0.0
20260917,P_FWD_BC,BASE_OD,12,terminal_H,raw,1464,0.0,0.0
20260917,P_FWD_BC,BASE_OD,12,terminal_H,raw,1476,0.0,0.0
20260917,P_FWD_BC,BASE_OD,12,terminal_H,raw,1488,0.0,0.0
20260917,P_FWD_BC,BASE_OD,12,terminal_H,raw,1500,0.0,0.0
20260917,P_FWD_BC,BASE_OD,12,terminal_H,raw,1512,0.0,0.0
20260917,P_FWD_BC,BASE_OD,12,terminal_H,raw,1524,0.0,0.0
20260917,P_FWD_BC,BASE_OD,12,terminal_H,raw,1536,0.0,0.0
20260917,P_FWD_BC,BASE_OD,12,terminal_H,raw,1548,0.0,0.0
20260917,P_FWD_BC,BASE_OD,12,terminal_H,clip_0_1,1392,0.0,0.0
20260917,P_FWD_BC,BASE_OD,12,terminal_H,clip_0_1,1404,0.0,0.0
20260917,P_FWD_BC,BASE_OD,12,terminal_H,clip_0_1,1416,0.0,0.0
20260917,P_FWD_BC,BASE_OD,12,terminal_H,clip_0_1,1428,0.0,0.0
20260917,P_FWD_BC,BASE_OD,12,terminal_H,clip_0_1,1440,0.0,0.0
20260917,P_FWD_BC,BASE_OD,12,terminal_H,clip_0_1,1452,0.0,0.0
20260917,P_FWD_BC,BASE_OD,12,terminal_H,clip_0_1,1464,0.0,0.0
20260917,P_FWD_BC,BASE_OD,12,terminal_H,clip_0_1,1476,0.0,0.0
20260917,P_FWD_BC,BASE_OD,12,terminal_H,clip_0_1,1488,0.0,0.0
20260917,P_FWD_BC,BASE_OD,12,terminal_H,clip_0_1,1500,0.0,0.0
20260917,P_FWD_BC,BASE_OD,12,terminal_H,clip_0_1,1512,0.0,0.0
20260917,P_FWD_BC,BASE_OD,12,terminal_H,clip_0_1,1524,0.0,0.0
20260917,P_FWD_BC,BASE_OD,12,terminal_H,clip_0_1,1536,0.0,0.0
20260917,P_FWD_BC,BASE_OD,12,terminal_H,clip_0_1,1548,0.0,0.0
20260917,P_FWD_BC,BASE_OD,12,path_1_to_H,raw,1392,0.0,0.0
20260917,P_FWD_BC,BASE_OD,12,path_1_to_H,raw,1404,0.0,0.0
20260917,P_FWD_BC,BASE_OD,12,path_1_to_H,raw,1416,0.0,0.0
20260917,P_FWD_BC,BASE_OD,12,path_1_to_H,raw,1428,0.0,0.0
20260917,P_FWD_BC,BASE_OD,12,path_1_to_H,raw,1440,0.0,0.0
20260917,P_FWD_BC,BASE_OD,12,path_1_to_H,raw,1452,0.0,0.0
20260917,P_FWD_BC,BASE_OD,12,path_1_to_H,raw,1464,0.0,0.0
20260917,P_FWD_BC,BASE_OD,12,path_1_to_H,raw,1476,0.0,0.0
20260917,P_FWD_BC,BASE_OD,12,path_1_to_H,raw,1488,0.0,0.0
20260917,P_FWD_BC,BASE_OD,12,path_1_to_H,raw,1500,0.0,0.0
20260917,P_FWD_BC,BASE_OD,12,path_1_to_H,raw,1512,0.0,0.0
20260917,P_FWD_BC,BASE_OD,12,path_1_to_H,raw,1524,0.0,0.0
20260917,P_FWD_BC,BASE_OD,12,path_1_to_H,raw,1536,0.0,0.0
20260917,P_FWD_BC,BASE_OD,12,path_1_to_H,raw,1548,0.0,0.0
20260917,P_FWD_BC,BASE_OD,12,path_1_to_H,clip_0_1,1392,0.0,0.0
20260917,P_FWD_BC,BASE_OD,12,path_1_to_H,clip_0_1,1404,0.0,0.0
20260917,P_FWD_BC,BASE_OD,12,path_1_to_H,clip_0_1,1416,0.0,0.0
20260917,P_FWD_BC,BASE_OD,12,path_1_to_H,clip_0_1,1428,0.0,0.0
20260917,P_FWD_BC,BASE_OD,12,path_1_to_H,clip_0_1,1440,0.0,0.0
20260917,P_FWD_BC,BASE_OD,12,path_1_to_H,clip_0_1,1452,0.0,0.0
20260917,P_FWD_BC,BASE_OD,12,path_1_to_H,clip_0_1,1464,0.0,0.0
20260917,P_FWD_BC,BASE_OD,12,path_1_to_H,clip_0_1,1476,0.0,0.0
20260917,P_FWD_BC,BASE_OD,12,path_1_to_H,clip_0_1,1488,0.0,0.0
20260917,P_FWD_BC,BASE_OD,12,path_1_to_H,clip_0_1,1500,0.0,0.0
20260917,P_FWD_BC,BASE_OD,12,path_1_to_H,clip_0_1,1512,0.0,0.0
20260917,P_FWD_BC,BASE_OD,12,path_1_to_H,clip_0_1,1524,0.0,0.0
20260917,P_FWD_BC,BASE_OD,12,path_1_to_H,clip_0_1,1536,0.0,0.0
20260917,P_FWD_BC,BASE_OD,12,path_1_to_H,clip_0_1,1548,0.0,0.0
20260917,P_FWD_BC,P_IS_BC,3,terminal_H,raw,1392,0.000392397536284451,-0.00016970403493995668
20260917,P_FWD_BC,P_IS_BC,3,terminal_H,raw,1404,0.005257537358530969,0.00023965561316040016
20260917,P_FWD_BC,P_IS_BC,3,terminal_H,raw,1416,0.0007673795710231882,-7.213153513870162e-06
20260917,P_FWD_BC,P_IS_BC,3,terminal_H,raw,1428,0.004260516613855302,0.0003780133884288595
20260917,P_FWD_BC,P_IS_BC,3,terminal_H,raw,1440,-0.0035179126876217267,-0.0003577863486166326
20260917,P_FWD_BC,P_IS_BC,3,terminal_H,raw,1452,0.0005195400228310146,-1.1978107598400165e-05
20260917,P_FWD_BC,P_IS_BC,3,terminal_H,raw,1464,-0.0006155613449082062,-0.0021295510980273128
20260917,P_FWD_BC,P_IS_BC,3,terminal_H,raw,1476,0.009628200094696414,0.0016504471829989899
20260917,P_FWD_BC,P_IS_BC,3,terminal_H,raw,1488,-0.004184497467344489,-0.0002224327351040042
20260917,P_FWD_BC,P_IS_BC,3,terminal_H,raw,1500,-0.00565080359500352,-0.0005087896324673266
20260917,P_FWD_BC,P_IS_BC,3,terminal_H,raw,1512,0.00837712873827003,0.0052824168587347
20260917,P_FWD_BC,P_IS_BC,3,terminal_H,raw,1524,0.004175598824148191,0.0008357930440754397
20260917,P_FWD_BC,P_IS_BC,3,terminal_H,raw,1536,0.005704544685289402,0.0013703079033634707
20260917,P_FWD_BC,P_IS_BC,3,terminal_H,raw,1548,-0.0015777739447020947,-0.0003979556576823137
20260917,P_FWD_BC,P_IS_BC,3,terminal_H,clip_0_1,1392,0.0003123946328395026,-0.00017146416269385264
20260917,P_FWD_BC,P_IS_BC,3,terminal_H,clip_0_1,1404,0.005257537358530969,0.00023965561316040016
20260917,P_FWD_BC,P_IS_BC,3,terminal_H,clip_0_1,1416,0.0007749823573874983,-7.192941219774558e-06
20260917,P_FWD_BC,P_IS_BC,3,terminal_H,clip_0_1,1428,0.004260516613855302,0.0003780133884288595
20260917,P_FWD_BC,P_IS_BC,3,terminal_H,clip_0_1,1440,-0.0034937649969186925,-0.0003577041285602633
20260917,P_FWD_BC,P_IS_BC,3,terminal_H,clip_0_1,1452,0.0005347364644828126,-1.1648890812226609e-05
20260917,P_FWD_BC,P_IS_BC,3,terminal_H,clip_0_1,1464,-0.000567319027408756,-0.0021240176444217397
20260917,P_FWD_BC,P_IS_BC,3,terminal_H,clip_0_1,1476,0.009631574243522569,0.0016505156285579153
20260917,P_FWD_BC,P_IS_BC,3,terminal_H,clip_0_1,1488,-0.004192480589477331,-0.00022245026091972586
20260917,P_FWD_BC,P_IS_BC,3,terminal_H,clip_0_1,1500,-0.005672188179283219,-0.0005111778848148152
20260917,P_FWD_BC,P_IS_BC,3,terminal_H,clip_0_1,1512,0.008020023165505295,0.004898669221308319
20260917,P_FWD_BC,P_IS_BC,3,terminal_H,clip_0_1,1524,0.004175598824148191,0.0008357930440754397
20260917,P_FWD_BC,P_IS_BC,3,terminal_H,clip_0_1,1536,0.005704544685289402,0.0013703079033634707
20260917,P_FWD_BC,P_IS_BC,3,terminal_H,clip_0_1,1548,-0.0015777739447020947,-0.0003979556576823137
20260917,P_FWD_BC,P_IS_BC,3,path_1_to_H,raw,1392,0.0006479091029820968,-0.00018078434103455343
20260917,P_FWD_BC,P_IS_BC,3,path_1_to_H,raw,1404,0.004075889385797476,0.00021532622711255406
20260917,P_FWD_BC,P_IS_BC,3,path_1_to_H,raw,1416,0.0006397132878538639,-9.279861441920295e-06
20260917,P_FWD_BC,P_IS_BC,3,path_1_to_H,raw,1428,0.0030147578362774794,0.000196945005345997
20260917,P_FWD_BC,P_IS_BC,3,path_1_to_H,raw,1440,-0.0007673100051325451,-0.00022929055567741329
20260917,P_FWD_BC,P_IS_BC,3,path_1_to_H,raw,1452,-1.5471807813475537e-05,-7.396161608203801e-05
20260917,P_FWD_BC,P_IS_BC,3,path_1_to_H,raw,1464,-0.000771046730095802,-0.0017342521390301161
20260917,P_FWD_BC,P_IS_BC,3,path_1_to_H,raw,1476,0.009668987743478073,0.001342339947036496
20260917,P_FWD_BC,P_IS_BC,3,path_1_to_H,raw,1488,-0.0026138805389460317,-0.0002985397024464671
20260917,P_FWD_BC,P_IS_BC,3,path_1_to_H,raw,1500,-0.0034514521503087267,-0.00033090022521681673
20260917,P_FWD_BC,P_IS_BC,3,path_1_to_H,raw,1512,0.005112298673961671,0.0029912349221383927
20260917,P_FWD_BC,P_IS_BC,3,path_1_to_H,raw,1524,0.002062511647926691,0.00035301589111761354
20260917,P_FWD_BC,P_IS_BC,3,path_1_to_H,raw,1536,0.003581567906231085,0.0008907821701025433
20260917,P_FWD_BC,P_IS_BC,3,path_1_to_H,raw,1548,-0.0003997001296320558,6.744390791394876e-05
20260917,P_FWD_BC,P_IS_BC,3,path_1_to_H,clip_0_1,1392,0.0005795659847334383,-0.00018209169940205686
20260917,P_FWD_BC,P_IS_BC,3,path_1_to_H,clip_0_1,1404,0.0040789785006909475,0.0002153340997829847
20260917,P_FWD_BC,P_IS_BC,3,path_1_to_H,clip_0_1,1416,0.0006496984994601608,-9.179985704768916e-06
20260917,P_FWD_BC,P_IS_BC,3,path_1_to_H,clip_0_1,1428,0.003015942729401082,0.00019694616362266135
20260917,P_FWD_BC,P_IS_BC,3,path_1_to_H,clip_0_1,1440,-0.0007973181527887301,-0.00023019558787361056
20260917,P_FWD_BC,P_IS_BC,3,path_1_to_H,clip_0_1,1452,-2.638637351472668e-06,-7.376840396311136e-05
20260917,P_FWD_BC,P_IS_BC,3,path_1_to_H,clip_0_1,1464,-0.000732274770299762,-0.0017319711346732492
20260917,P_FWD_BC,P_IS_BC,3,path_1_to_H,clip_0_1,1476,0.009642849865658337,0.0013416845142715454
20260917,P_FWD_BC,P_IS_BC,3,path_1_to_H,clip_0_1,1488,-0.0026432086444107606,-0.0002986919493651516
20260917,P_FWD_BC,P_IS_BC,3,path_1_to_H,clip_0_1,1500,-0.0034634231994051363,-0.00033103917857446195
20260917,P_FWD_BC,P_IS_BC,3,path_1_to_H,clip_0_1,1512,0.004645868109677898,0.0027155341019693495
20260917,P_FWD_BC,P_IS_BC,3,path_1_to_H,clip_0_1,1524,0.0020617768447441904,0.0003529977932554674
20260917,P_FWD_BC,P_IS_BC,3,path_1_to_H,clip_0_1,1536,0.003545055793282567,0.000889682334229172
20260917,P_FWD_BC,P_IS_BC,3,path_1_to_H,clip_0_1,1548,-0.0003997001296320558,6.744390791394876e-05
20260917,P_FWD_BC,P_IS_BC,6,terminal_H,raw,1392,0.00043693148560074277,-0.00012682496594052637
20260917,P_FWD_BC,P_IS_BC,6,terminal_H,raw,1404,0.00727026489612085,0.0006506875619947836
20260917,P_FWD_BC,P_IS_BC,6,terminal_H,raw,1416,0.0032650665485432816,0.0002824046323238921
20260917,P_FWD_BC,P_IS_BC,6,terminal_H,raw,1428,0.005621879566557792,0.0006494683124199874
20260917,P_FWD_BC,P_IS_BC,6,terminal_H,raw,1440,-0.0021078267533900415,-0.00027650383103859237
20260917,P_FWD_BC,P_IS_BC,6,terminal_H,raw,1452,0.0035244051033900365,0.00028848096711344226
20260917,P_FWD_BC,P_IS_BC,6,terminal_H,raw,1464,0.0016792916614157593,-0.001039127850207823
20260917,P_FWD_BC,P_IS_BC,6,terminal_H,raw,1476,0.01423586928696307,0.0034233585787901808
20260917,P_FWD_BC,P_IS_BC,6,terminal_H,raw,1488,-0.00026744612747949025,0.0004068164858283047
20260917,P_FWD_BC,P_IS_BC,6,terminal_H,raw,1500,-0.008502970456720075,-0.0011735957495005826
20260917,P_FWD_BC,P_IS_BC,6,terminal_H,raw,1512,0.010674900183199025,0.006670917093200324
20260917,P_FWD_BC,P_IS_BC,6,terminal_H,raw,1524,0.010242573798728035,0.002990510069544594
20260917,P_FWD_BC,P_IS_BC,6,terminal_H,raw,1536,0.016942454435479006,0.003991460044299981
20260917,P_FWD_BC,P_IS_BC,6,terminal_H,raw,1548,0.0020308177045223704,-4.3452836619902076e-05
20260917,P_FWD_BC,P_IS_BC,6,terminal_H,clip_0_1,1392,0.00032419674168847047,-0.0001303199746238919
20260917,P_FWD_BC,P_IS_BC,6,terminal_H,clip_0_1,1404,0.00727026489612085,0.0006506875619947836
20260917,P_FWD_BC,P_IS_BC,6,terminal_H,clip_0_1,1416,0.003089749050874344,0.00026142949148721365
20260917,P_FWD_BC,P_IS_BC,6,terminal_H,clip_0_1,1428,0.005608221749972941,0.0006491049216375861
20260917,P_FWD_BC,P_IS_BC,6,terminal_H,clip_0_1,1440,-0.002113774543085479,-0.0002768036955661101
20260917,P_FWD_BC,P_IS_BC,6,terminal_H,clip_0_1,1452,0.003526972184900512,0.00028850969035096243
20260917,P_FWD_BC,P_IS_BC,6,terminal_H,clip_0_1,1464,0.0016490543666374366,-0.0010393792810565884
20260917,P_FWD_BC,P_IS_BC,6,terminal_H,clip_0_1,1476,0.014233228722568367,0.0034233371566952443
20260917,P_FWD_BC,P_IS_BC,6,terminal_H,clip_0_1,1488,-0.00026744612747949025,0.0004068164858283047
20260917,P_FWD_BC,P_IS_BC,6,terminal_H,clip_0_1,1500,-0.008502970456720075,-0.0011735957495005826
20260917,P_FWD_BC,P_IS_BC,6,terminal_H,clip_0_1,1512,0.010674900183199025,0.006670917093200324
20260917,P_FWD_BC,P_IS_BC,6,terminal_H,clip_0_1,1524,0.010207896496914873,0.0029872896026105883
20260917,P_FWD_BC,P_IS_BC,6,terminal_H,clip_0_1,1536,0.016942454435479006,0.003991460044299981
20260917,P_FWD_BC,P_IS_BC,6,terminal_H,clip_0_1,1548,0.002002292046280352,-5.00156429560132e-05
20260917,P_FWD_BC,P_IS_BC,6,path_1_to_H,raw,1392,0.0006266617586130952,-0.00017674757319731648
20260917,P_FWD_BC,P_IS_BC,6,path_1_to_H,raw,1404,0.005276094960884171,0.00040260504517685206
20260917,P_FWD_BC,P_IS_BC,6,path_1_to_H,raw,1416,0.0015624799411377676,0.00012373822890745557
20260917,P_FWD_BC,P_IS_BC,6,path_1_to_H,raw,1428,0.004302837172120784,0.00045345727867716386
20260917,P_FWD_BC,P_IS_BC,6,path_1_to_H,raw,1440,-0.0018212298404229562,-0.00025746151871814326
20260917,P_FWD_BC,P_IS_BC,6,path_1_to_H,raw,1452,0.0012650423978853107,5.401280206968779e-05
20260917,P_FWD_BC,P_IS_BC,6,path_1_to_H,raw,1464,-0.00019526204184839658,-0.0017156233007461345
20260917,P_FWD_BC,P_IS_BC,6,path_1_to_H,raw,1476,0.011458741969003521,0.0020827865049571556
20260917,P_FWD_BC,P_IS_BC,6,path_1_to_H,raw,1488,-0.0020179487537640675,-3.1099316066973776e-05
20260917,P_FWD_BC,P_IS_BC,6,path_1_to_H,raw,1500,-0.005598205872796109,-0.0006873949389342902
20260917,P_FWD_BC,P_IS_BC,6,path_1_to_H,raw,1512,0.007739236087422626,0.004761008090000954
20260917,P_FWD_BC,P_IS_BC,6,path_1_to_H,raw,1524,0.005862564520505796,0.0019510348988393644
20260917,P_FWD_BC,P_IS_BC,6,path_1_to_H,raw,1536,0.007823763256296544,0.0018726442762375295
20260917,P_FWD_BC,P_IS_BC,6,path_1_to_H,raw,1548,-0.00040329763640056354,1.992682217709348e-05
20260917,P_FWD_BC,P_IS_BC,6,path_1_to_H,clip_0_1,1392,0.0005337529591416721,-0.00017937829779799086
20260917,P_FWD_BC,P_IS_BC,6,path_1_to_H,clip_0_1,1404,0.005277639518330907,0.0004026089815120674
20260917,P_FWD_BC,P_IS_BC,6,path_1_to_H,clip_0_1,1416,0.001498582357053943,0.00011601293920360713
20260917,P_FWD_BC,P_IS_BC,6,path_1_to_H,clip_0_1,1428,0.004301153315918444,0.00045339729268509585
20260917,P_FWD_BC,P_IS_BC,6,path_1_to_H,clip_0_1,1440,-0.0018386557604324555,-0.00025806272894848543
20260917,P_FWD_BC,P_IS_BC,6,path_1_to_H,clip_0_1,1452,0.0012776309162844572,5.4156883870026554e-05
20260917,P_FWD_BC,P_IS_BC,6,path_1_to_H,clip_0_1,1464,-0.00016602777329486232,-0.001714206967685236
20260917,P_FWD_BC,P_IS_BC,6,path_1_to_H,clip_0_1,1476,0.011434027929368047,0.002080429193624195
20260917,P_FWD_BC,P_IS_BC,6,path_1_to_H,clip_0_1,1488,-0.0020326128064964326,-3.117543952631604e-05
20260917,P_FWD_BC,P_IS_BC,6,path_1_to_H,clip_0_1,1500,-0.005604191397344313,-0.0006874644156131128
20260917,P_FWD_BC,P_IS_BC,6,path_1_to_H,clip_0_1,1512,0.007501963789987129,0.004618153568109822
20260917,P_FWD_BC,P_IS_BC,6,path_1_to_H,clip_0_1,1524,0.005852387059539156,0.0019504623011636986
20260917,P_FWD_BC,P_IS_BC,6,path_1_to_H,clip_0_1,1536,0.007805507199822284,0.0018720943583008436
20260917,P_FWD_BC,P_IS_BC,6,path_1_to_H,clip_0_1,1548,-0.0004080519127742333,1.8833021121074966e-05
20260917,P_FWD_BC,P_IS_BC,9,terminal_H,raw,1392,0.0001343293202552833,-0.00018062756956203164
20260917,P_FWD_BC,P_IS_BC,9,terminal_H,raw,1404,0.006485018737610163,0.0008335485778216433
20260917,P_FWD_BC,P_IS_BC,9,terminal_H,raw,1416,0.005142310391621708,0.0007413972049516987
20260917,P_FWD_BC,P_IS_BC,9,terminal_H,raw,1428,0.00811469156408126,0.0011814908791040314
20260917,P_FWD_BC,P_IS_BC,9,terminal_H,raw,1440,0.004927767766148899,0.0002744675224246198
20260917,P_FWD_BC,P_IS_BC,9,terminal_H,raw,1452,0.008691709523581878,0.0008176909690461605
20260917,P_FWD_BC,P_IS_BC,9,terminal_H,raw,1464,0.002288503973014483,-0.0002977031458592248
20260917,P_FWD_BC,P_IS_BC,9,terminal_H,raw,1476,0.013960912157373767,0.004545644414080965
20260917,P_FWD_BC,P_IS_BC,9,terminal_H,raw,1488,-0.0001272722282489909,1.4682464490151206e-05
20260917,P_FWD_BC,P_IS_BC,9,terminal_H,raw,1500,-0.010772546847992788,-0.0016479415543815372
20260917,P_FWD_BC,P_IS_BC,9,terminal_H,raw,1512,0.013007844440370866,0.0059001297534778
20260917,P_FWD_BC,P_IS_BC,9,terminal_H,raw,1524,0.022608492332903178,0.008460486071484086
20260917,P_FWD_BC,P_IS_BC,9,terminal_H,raw,1536,0.013041546524270354,0.0031052950700648976
20260917,P_FWD_BC,P_IS_BC,9,terminal_H,raw,1548,0.02357725666240224,0.006267393082695984
20260917,P_FWD_BC,P_IS_BC,9,terminal_H,clip_0_1,1392,0.0001343293202552833,-0.00018062756956203164
20260917,P_FWD_BC,P_IS_BC,9,terminal_H,clip_0_1,1404,0.006485018737610163,0.0008335485778216433
20260917,P_FWD_BC,P_IS_BC,9,terminal_H,clip_0_1,1416,0.00511717400164876,0.0007394279929670566
20260917,P_FWD_BC,P_IS_BC,9,terminal_H,clip_0_1,1428,0.007791949575511754,0.0011514506808497857
20260917,P_FWD_BC,P_IS_BC,9,terminal_H,clip_0_1,1440,0.004927767766148899,0.0002744675224246198
20260917,P_FWD_BC,P_IS_BC,9,terminal_H,clip_0_1,1452,0.008662806387446726,0.000816621007994693
20260917,P_FWD_BC,P_IS_BC,9,terminal_H,clip_0_1,1464,0.002288503973014483,-0.0002977031458592248
20260917,P_FWD_BC,P_IS_BC,9,terminal_H,clip_0_1,1476,0.013938245263397377,0.004545503122358268
20260917,P_FWD_BC,P_IS_BC,9,terminal_H,clip_0_1,1488,-0.00014217586581521705,1.4627958412567161e-05
20260917,P_FWD_BC,P_IS_BC,9,terminal_H,clip_0_1,1500,-0.010772546847992788,-0.0016479415543815372
20260917,P_FWD_BC,P_IS_BC,9,terminal_H,clip_0_1,1512,0.013007844440370866,0.0059001297534778
20260917,P_FWD_BC,P_IS_BC,9,terminal_H,clip_0_1,1524,0.022580257619519168,0.008455561056043873
20260917,P_FWD_BC,P_IS_BC,9,terminal_H,clip_0_1,1536,0.013041546524270354,0.0031052950700648976
20260917,P_FWD_BC,P_IS_BC,9,terminal_H,clip_0_1,1548,0.02357725666240224,0.006267393082695984
20260917,P_FWD_BC,P_IS_BC,9,path_1_to_H,raw,1392,0.00045978931040910727,-9.557554642017823e-05
20260917,P_FWD_BC,P_IS_BC,9,path_1_to_H,raw,1404,0.005816645042850201,0.00048240365443101503
20260917,P_FWD_BC,P_IS_BC,9,path_1_to_H,raw,1416,0.002632729449388673,0.0003329404679398049
20260917,P_FWD_BC,P_IS_BC,9,path_1_to_H,raw,1428,0.005375304705649347,0.0006294999657483441
20260917,P_FWD_BC,P_IS_BC,9,path_1_to_H,raw,1440,0.00040478013259863757,-0.00011040135348790228
20260917,P_FWD_BC,P_IS_BC,9,path_1_to_H,raw,1452,0.003392967414310823,0.0002788628599082405
20260917,P_FWD_BC,P_IS_BC,9,path_1_to_H,raw,1464,0.0008219022915593786,-0.0012486685698344436
20260917,P_FWD_BC,P_IS_BC,9,path_1_to_H,raw,1476,0.01213037130482444,0.002807095666365887
20260917,P_FWD_BC,P_IS_BC,9,path_1_to_H,raw,1488,-0.0015587347142866426,-3.822739862265809e-05
20260917,P_FWD_BC,P_IS_BC,9,path_1_to_H,raw,1500,-0.0069241729184261165,-0.0009200524735544934
20260917,P_FWD_BC,P_IS_BC,9,path_1_to_H,raw,1512,0.009180059844155994,0.00534624133385997
20260917,P_FWD_BC,P_IS_BC,9,path_1_to_H,raw,1524,0.009815152329279134,0.003353506005924123
20260917,P_FWD_BC,P_IS_BC,9,path_1_to_H,raw,1536,0.00910554863974614,0.0022536828262615396
20260917,P_FWD_BC,P_IS_BC,9,path_1_to_H,raw,1548,0.00402934926317722,0.0012198647424902088
20260917,P_FWD_BC,P_IS_BC,9,path_1_to_H,clip_0_1,1392,0.0003857115769226634,-9.752474034280873e-05
20260917,P_FWD_BC,P_IS_BC,9,path_1_to_H,clip_0_1,1404,0.005817674747814692,0.00048240627865449184
20260917,P_FWD_BC,P_IS_BC,9,path_1_to_H,clip_0_1,1416,0.002535091203836307,0.0003204343194037163
20260917,P_FWD_BC,P_IS_BC,9,path_1_to_H,clip_0_1,1428,0.005325556082408327,0.0006255699304404239
20260917,P_FWD_BC,P_IS_BC,9,path_1_to_H,clip_0_1,1440,0.0003931628525923045,-0.00011080216030813039
20260917,P_FWD_BC,P_IS_BC,9,path_1_to_H,clip_0_1,1452,0.0033937386535250725,0.00027876430876417875
20260917,P_FWD_BC,P_IS_BC,9,path_1_to_H,clip_0_1,1464,0.0008391049116364102,-0.0012477329798686228
20260917,P_FWD_BC,P_IS_BC,9,path_1_to_H,clip_0_1,1476,0.012109824718369817,0.002805503589254832
20260917,P_FWD_BC,P_IS_BC,9,path_1_to_H,clip_0_1,1488,-0.0015707412336807656,-3.828502077046573e-05
20260917,P_FWD_BC,P_IS_BC,9,path_1_to_H,clip_0_1,1500,-0.006928163268124921,-0.0009200987913403752
20260917,P_FWD_BC,P_IS_BC,9,path_1_to_H,clip_0_1,1512,0.009021878312532329,0.005251004985932549
20260917,P_FWD_BC,P_IS_BC,9,path_1_to_H,clip_0_1,1524,0.009797597494602796,0.003352258543215979
20260917,P_FWD_BC,P_IS_BC,9,path_1_to_H,clip_0_1,1536,0.009093377935429968,0.0022533162143037492
20260917,P_FWD_BC,P_IS_BC,9,path_1_to_H,clip_0_1,1548,0.004026179745594773,0.0012191355417861965
20260917,P_FWD_BC,P_IS_BC,12,terminal_H,raw,1392,0.00010654741510534294,-0.000436437636382192
20260917,P_FWD_BC,P_IS_BC,12,terminal_H,raw,1404,0.0031743569957342396,0.00024584983794900714
20260917,P_FWD_BC,P_IS_BC,12,terminal_H,raw,1416,0.0036981085723497113,0.00042020624505467984
20260917,P_FWD_BC,P_IS_BC,12,terminal_H,raw,1428,0.004689255711238167,0.0006991794296362862
20260917,P_FWD_BC,P_IS_BC,12,terminal_H,raw,1440,0.001600418672000331,0.0004706488767335887
20260917,P_FWD_BC,P_IS_BC,12,terminal_H,raw,1452,0.0036816877648574173,0.000561516129171645
20260917,P_FWD_BC,P_IS_BC,12,terminal_H,raw,1464,0.001336254590008594,8.800177976895378e-05
20260917,P_FWD_BC,P_IS_BC,12,terminal_H,raw,1476,0.0074196944042624405,0.0034367829228851288
20260917,P_FWD_BC,P_IS_BC,12,terminal_H,raw,1488,0.0009853164111209701,0.0005431293891701377
20260917,P_FWD_BC,P_IS_BC,12,terminal_H,raw,1500,-0.009954648178610744,-0.0011041518773673956
20260917,P_FWD_BC,P_IS_BC,12,terminal_H,raw,1512,0.009042442053487672,0.0030340952456372372
20260917,P_FWD_BC,P_IS_BC,12,terminal_H,raw,1524,0.022370622881005536,0.009407718075519426
20260917,P_FWD_BC,P_IS_BC,12,terminal_H,raw,1536,0.00799716656957204,0.0019913380522597456
20260917,P_FWD_BC,P_IS_BC,12,terminal_H,raw,1548,0.020193826291419775,0.005972296472323472
20260917,P_FWD_BC,P_IS_BC,12,terminal_H,clip_0_1,1392,0.00010654741510534294,-0.000436437636382192
20260917,P_FWD_BC,P_IS_BC,12,terminal_H,clip_0_1,1404,0.0031743569957342396,0.00024584983794900714
20260917,P_FWD_BC,P_IS_BC,12,terminal_H,clip_0_1,1416,0.0036981085723497113,0.00042020624505467984
20260917,P_FWD_BC,P_IS_BC,12,terminal_H,clip_0_1,1428,0.004464777698309698,0.0006716245066556559
20260917,P_FWD_BC,P_IS_BC,12,terminal_H,clip_0_1,1440,0.001600418672000331,0.0004706488767335887
20260917,P_FWD_BC,P_IS_BC,12,terminal_H,clip_0_1,1452,0.0036916170059366734,0.0005618475962478829
20260917,P_FWD_BC,P_IS_BC,12,terminal_H,clip_0_1,1464,0.001336254590008594,8.800177976895378e-05
20260917,P_FWD_BC,P_IS_BC,12,terminal_H,clip_0_1,1476,0.0073978006177231265,0.0034367170139193697
20260917,P_FWD_BC,P_IS_BC,12,terminal_H,clip_0_1,1488,0.0009803777138936139,0.0005431226817193042
20260917,P_FWD_BC,P_IS_BC,12,terminal_H,clip_0_1,1500,-0.010080419919155786,-0.0011085019733153212
20260917,P_FWD_BC,P_IS_BC,12,terminal_H,clip_0_1,1512,0.009042442053487672,0.0030340952456372372
20260917,P_FWD_BC,P_IS_BC,12,terminal_H,clip_0_1,1524,0.022370622881005536,0.009407718075519426
20260917,P_FWD_BC,P_IS_BC,12,terminal_H,clip_0_1,1536,0.00799716656957204,0.0019913380522597456
20260917,P_FWD_BC,P_IS_BC,12,terminal_H,clip_0_1,1548,0.020069338243585557,0.005947274636348513
20260917,P_FWD_BC,P_IS_BC,12,path_1_to_H,raw,1392,0.0004460136819060682,-0.000156070470432256
20260917,P_FWD_BC,P_IS_BC,12,path_1_to_H,raw,1404,0.00538524828690284,0.0004286223047187381
20260917,P_FWD_BC,P_IS_BC,12,path_1_to_H,raw,1416,0.002946076921882116,0.00034063796664646483
20260917,P_FWD_BC,P_IS_BC,12,path_1_to_H,raw,1428,0.005561794553862207,0.0006929742542460485
20260917,P_FWD_BC,P_IS_BC,12,path_1_to_H,raw,1440,0.0007472983771572786,1.563560023022746e-05
20260917,P_FWD_BC,P_IS_BC,12,path_1_to_H,raw,1452,0.003967374628865034,0.00038845982278394977
20260917,P_FWD_BC,P_IS_BC,12,path_1_to_H,raw,1464,0.0009454609497090259,-0.0009541834784961819
20260917,P_FWD_BC,P_IS_BC,12,path_1_to_H,raw,1476,0.011567044138341276,0.0030800235678707876
20260917,P_FWD_BC,P_IS_BC,12,path_1_to_H,raw,1488,-0.0006339054172774046,0.00016684771196675736
20260917,P_FWD_BC,P_IS_BC,12,path_1_to_H,raw,1500,-0.007793935537723524,-0.0010739553431684215
20260917,P_FWD_BC,P_IS_BC,12,path_1_to_H,raw,1512,0.009513475328489809,0.00490610238576942
20260917,P_FWD_BC,P_IS_BC,12,path_1_to_H,raw,1524,0.013248203819988643,0.004924010290225814
20260917,P_FWD_BC,P_IS_BC,12,path_1_to_H,raw,1536,0.008075316119858306,0.002030815626109776
20260917,P_FWD_BC,P_IS_BC,12,path_1_to_H,raw,1548,0.008116150780342214,0.0023501495923342786
20260917,P_FWD_BC,P_IS_BC,12,path_1_to_H,clip_0_1,1392,0.00039045538179123524,-0.00015753236587422886
20260917,P_FWD_BC,P_IS_BC,12,path_1_to_H,clip_0_1,1404,0.005386020565626207,0.00042862427288634574
20260917,P_FWD_BC,P_IS_BC,12,path_1_to_H,clip_0_1,1416,0.002872848237717842,0.0003312583552443983
20260917,P_FWD_BC,P_IS_BC,12,path_1_to_H,clip_0_1,1428,0.005456953049602881,0.0006799203305664425
20260917,P_FWD_BC,P_IS_BC,12,path_1_to_H,clip_0_1,1440,0.0007381422881332246,1.5216179371430723e-05
20260917,P_FWD_BC,P_IS_BC,12,path_1_to_H,clip_0_1,1452,0.003966851802382924,0.0003883483765329111
20260917,P_FWD_BC,P_IS_BC,12,path_1_to_H,clip_0_1,1464,0.0009554929513814023,-0.0009542742907076209
20260917,P_FWD_BC,P_IS_BC,12,path_1_to_H,clip_0_1,1476,0.011546386828823935,0.003078796001266449
20260917,P_FWD_BC,P_IS_BC,12,path_1_to_H,clip_0_1,1488,-0.0006445112732330598,0.00016679926791766088
20260917,P_FWD_BC,P_IS_BC,12,path_1_to_H,clip_0_1,1500,-0.007813482225433528,-0.0010757756415780456
20260917,P_FWD_BC,P_IS_BC,12,path_1_to_H,clip_0_1,1512,0.00939483917977206,0.004834675124823854
20260917,P_FWD_BC,P_IS_BC,12,path_1_to_H,clip_0_1,1524,0.01323349538760034,0.00492240476885585
20260917,P_FWD_BC,P_IS_BC,12,path_1_to_H,clip_0_1,1536,0.008066188091621178,0.0020305406671414328
20260917,P_FWD_BC,P_IS_BC,12,path_1_to_H,clip_0_1,1548,0.00809950523673602,0.0023454543707463835
20260917,P_FWD_BC,P_FWD_X,3,terminal_H,raw,1392,0.0,0.0
20260917,P_FWD_BC,P_FWD_X,3,terminal_H,raw,1404,0.0,0.0
20260917,P_FWD_BC,P_FWD_X,3,terminal_H,raw,1416,0.0,0.0
20260917,P_FWD_BC,P_FWD_X,3,terminal_H,raw,1428,0.0,0.0
20260917,P_FWD_BC,P_FWD_X,3,terminal_H,raw,1440,0.0,0.0
20260917,P_FWD_BC,P_FWD_X,3,terminal_H,raw,1452,0.0,0.0
20260917,P_FWD_BC,P_FWD_X,3,terminal_H,raw,1464,0.0,0.0
20260917,P_FWD_BC,P_FWD_X,3,terminal_H,raw,1476,0.0,0.0
20260917,P_FWD_BC,P_FWD_X,3,terminal_H,raw,1488,0.0,0.0
20260917,P_FWD_BC,P_FWD_X,3,terminal_H,raw,1500,0.0,0.0
20260917,P_FWD_BC,P_FWD_X,3,terminal_H,raw,1512,0.0,0.0
20260917,P_FWD_BC,P_FWD_X,3,terminal_H,raw,1524,0.0,0.0
20260917,P_FWD_BC,P_FWD_X,3,terminal_H,raw,1536,0.0,0.0
20260917,P_FWD_BC,P_FWD_X,3,terminal_H,raw,1548,0.0,0.0
20260917,P_FWD_BC,P_FWD_X,3,terminal_H,clip_0_1,1392,0.0,0.0
20260917,P_FWD_BC,P_FWD_X,3,terminal_H,clip_0_1,1404,0.0,0.0
20260917,P_FWD_BC,P_FWD_X,3,terminal_H,clip_0_1,1416,0.0,0.0
20260917,P_FWD_BC,P_FWD_X,3,terminal_H,clip_0_1,1428,0.0,0.0
20260917,P_FWD_BC,P_FWD_X,3,terminal_H,clip_0_1,1440,0.0,0.0
20260917,P_FWD_BC,P_FWD_X,3,terminal_H,clip_0_1,1452,0.0,0.0
20260917,P_FWD_BC,P_FWD_X,3,terminal_H,clip_0_1,1464,0.0,0.0
20260917,P_FWD_BC,P_FWD_X,3,terminal_H,clip_0_1,1476,0.0,0.0
20260917,P_FWD_BC,P_FWD_X,3,terminal_H,clip_0_1,1488,0.0,0.0
20260917,P_FWD_BC,P_FWD_X,3,terminal_H,clip_0_1,1500,0.0,0.0
20260917,P_FWD_BC,P_FWD_X,3,terminal_H,clip_0_1,1512,0.0,0.0
20260917,P_FWD_BC,P_FWD_X,3,terminal_H,clip_0_1,1524,0.0,0.0
20260917,P_FWD_BC,P_FWD_X,3,terminal_H,clip_0_1,1536,0.0,0.0
20260917,P_FWD_BC,P_FWD_X,3,terminal_H,clip_0_1,1548,0.0,0.0
20260917,P_FWD_BC,P_FWD_X,3,path_1_to_H,raw,1392,0.0,0.0
20260917,P_FWD_BC,P_FWD_X,3,path_1_to_H,raw,1404,0.0,0.0
20260917,P_FWD_BC,P_FWD_X,3,path_1_to_H,raw,1416,0.0,0.0
20260917,P_FWD_BC,P_FWD_X,3,path_1_to_H,raw,1428,0.0,0.0
20260917,P_FWD_BC,P_FWD_X,3,path_1_to_H,raw,1440,0.0,0.0
20260917,P_FWD_BC,P_FWD_X,3,path_1_to_H,raw,1452,0.0,0.0
20260917,P_FWD_BC,P_FWD_X,3,path_1_to_H,raw,1464,0.0,0.0
20260917,P_FWD_BC,P_FWD_X,3,path_1_to_H,raw,1476,0.0,0.0
20260917,P_FWD_BC,P_FWD_X,3,path_1_to_H,raw,1488,0.0,0.0
20260917,P_FWD_BC,P_FWD_X,3,path_1_to_H,raw,1500,0.0,0.0
20260917,P_FWD_BC,P_FWD_X,3,path_1_to_H,raw,1512,0.0,0.0
20260917,P_FWD_BC,P_FWD_X,3,path_1_to_H,raw,1524,0.0,0.0
20260917,P_FWD_BC,P_FWD_X,3,path_1_to_H,raw,1536,0.0,0.0
20260917,P_FWD_BC,P_FWD_X,3,path_1_to_H,raw,1548,0.0,0.0
20260917,P_FWD_BC,P_FWD_X,3,path_1_to_H,clip_0_1,1392,0.0,0.0
20260917,P_FWD_BC,P_FWD_X,3,path_1_to_H,clip_0_1,1404,0.0,0.0
20260917,P_FWD_BC,P_FWD_X,3,path_1_to_H,clip_0_1,1416,0.0,0.0
20260917,P_FWD_BC,P_FWD_X,3,path_1_to_H,clip_0_1,1428,0.0,0.0
20260917,P_FWD_BC,P_FWD_X,3,path_1_to_H,clip_0_1,1440,0.0,0.0
20260917,P_FWD_BC,P_FWD_X,3,path_1_to_H,clip_0_1,1452,0.0,0.0
20260917,P_FWD_BC,P_FWD_X,3,path_1_to_H,clip_0_1,1464,0.0,0.0
20260917,P_FWD_BC,P_FWD_X,3,path_1_to_H,clip_0_1,1476,0.0,0.0
20260917,P_FWD_BC,P_FWD_X,3,path_1_to_H,clip_0_1,1488,0.0,0.0
20260917,P_FWD_BC,P_FWD_X,3,path_1_to_H,clip_0_1,1500,0.0,0.0
20260917,P_FWD_BC,P_FWD_X,3,path_1_to_H,clip_0_1,1512,0.0,0.0
20260917,P_FWD_BC,P_FWD_X,3,path_1_to_H,clip_0_1,1524,0.0,0.0
20260917,P_FWD_BC,P_FWD_X,3,path_1_to_H,clip_0_1,1536,0.0,0.0
20260917,P_FWD_BC,P_FWD_X,3,path_1_to_H,clip_0_1,1548,0.0,0.0
20260917,P_FWD_BC,P_FWD_X,6,terminal_H,raw,1392,0.0,0.0
20260917,P_FWD_BC,P_FWD_X,6,terminal_H,raw,1404,0.0,0.0
20260917,P_FWD_BC,P_FWD_X,6,terminal_H,raw,1416,0.0,0.0
20260917,P_FWD_BC,P_FWD_X,6,terminal_H,raw,1428,0.0,0.0
20260917,P_FWD_BC,P_FWD_X,6,terminal_H,raw,1440,0.0,0.0
20260917,P_FWD_BC,P_FWD_X,6,terminal_H,raw,1452,0.0,0.0
20260917,P_FWD_BC,P_FWD_X,6,terminal_H,raw,1464,0.0,0.0
20260917,P_FWD_BC,P_FWD_X,6,terminal_H,raw,1476,0.0,0.0
20260917,P_FWD_BC,P_FWD_X,6,terminal_H,raw,1488,0.0,0.0
20260917,P_FWD_BC,P_FWD_X,6,terminal_H,raw,1500,0.0,0.0
20260917,P_FWD_BC,P_FWD_X,6,terminal_H,raw,1512,0.0,0.0
20260917,P_FWD_BC,P_FWD_X,6,terminal_H,raw,1524,0.0,0.0
20260917,P_FWD_BC,P_FWD_X,6,terminal_H,raw,1536,0.0,0.0
20260917,P_FWD_BC,P_FWD_X,6,terminal_H,raw,1548,0.0,0.0
20260917,P_FWD_BC,P_FWD_X,6,terminal_H,clip_0_1,1392,0.0,0.0
20260917,P_FWD_BC,P_FWD_X,6,terminal_H,clip_0_1,1404,0.0,0.0
20260917,P_FWD_BC,P_FWD_X,6,terminal_H,clip_0_1,1416,0.0,0.0
20260917,P_FWD_BC,P_FWD_X,6,terminal_H,clip_0_1,1428,0.0,0.0
20260917,P_FWD_BC,P_FWD_X,6,terminal_H,clip_0_1,1440,0.0,0.0
20260917,P_FWD_BC,P_FWD_X,6,terminal_H,clip_0_1,1452,0.0,0.0
20260917,P_FWD_BC,P_FWD_X,6,terminal_H,clip_0_1,1464,0.0,0.0
20260917,P_FWD_BC,P_FWD_X,6,terminal_H,clip_0_1,1476,0.0,0.0
20260917,P_FWD_BC,P_FWD_X,6,terminal_H,clip_0_1,1488,0.0,0.0
20260917,P_FWD_BC,P_FWD_X,6,terminal_H,clip_0_1,1500,0.0,0.0
20260917,P_FWD_BC,P_FWD_X,6,terminal_H,clip_0_1,1512,0.0,0.0
20260917,P_FWD_BC,P_FWD_X,6,terminal_H,clip_0_1,1524,0.0,0.0
20260917,P_FWD_BC,P_FWD_X,6,terminal_H,clip_0_1,1536,0.0,0.0
20260917,P_FWD_BC,P_FWD_X,6,terminal_H,clip_0_1,1548,0.0,0.0
20260917,P_FWD_BC,P_FWD_X,6,path_1_to_H,raw,1392,0.0,0.0
20260917,P_FWD_BC,P_FWD_X,6,path_1_to_H,raw,1404,0.0,0.0
20260917,P_FWD_BC,P_FWD_X,6,path_1_to_H,raw,1416,0.0,0.0
20260917,P_FWD_BC,P_FWD_X,6,path_1_to_H,raw,1428,0.0,0.0
20260917,P_FWD_BC,P_FWD_X,6,path_1_to_H,raw,1440,0.0,0.0
20260917,P_FWD_BC,P_FWD_X,6,path_1_to_H,raw,1452,0.0,0.0
20260917,P_FWD_BC,P_FWD_X,6,path_1_to_H,raw,1464,0.0,0.0
20260917,P_FWD_BC,P_FWD_X,6,path_1_to_H,raw,1476,0.0,0.0
20260917,P_FWD_BC,P_FWD_X,6,path_1_to_H,raw,1488,0.0,0.0
20260917,P_FWD_BC,P_FWD_X,6,path_1_to_H,raw,1500,0.0,0.0
20260917,P_FWD_BC,P_FWD_X,6,path_1_to_H,raw,1512,0.0,0.0
20260917,P_FWD_BC,P_FWD_X,6,path_1_to_H,raw,1524,0.0,0.0
20260917,P_FWD_BC,P_FWD_X,6,path_1_to_H,raw,1536,0.0,0.0
20260917,P_FWD_BC,P_FWD_X,6,path_1_to_H,raw,1548,0.0,0.0
20260917,P_FWD_BC,P_FWD_X,6,path_1_to_H,clip_0_1,1392,0.0,0.0
20260917,P_FWD_BC,P_FWD_X,6,path_1_to_H,clip_0_1,1404,0.0,0.0
20260917,P_FWD_BC,P_FWD_X,6,path_1_to_H,clip_0_1,1416,0.0,0.0
20260917,P_FWD_BC,P_FWD_X,6,path_1_to_H,clip_0_1,1428,0.0,0.0
20260917,P_FWD_BC,P_FWD_X,6,path_1_to_H,clip_0_1,1440,0.0,0.0
20260917,P_FWD_BC,P_FWD_X,6,path_1_to_H,clip_0_1,1452,0.0,0.0
20260917,P_FWD_BC,P_FWD_X,6,path_1_to_H,clip_0_1,1464,0.0,0.0
20260917,P_FWD_BC,P_FWD_X,6,path_1_to_H,clip_0_1,1476,0.0,0.0
20260917,P_FWD_BC,P_FWD_X,6,path_1_to_H,clip_0_1,1488,0.0,0.0
20260917,P_FWD_BC,P_FWD_X,6,path_1_to_H,clip_0_1,1500,0.0,0.0
20260917,P_FWD_BC,P_FWD_X,6,path_1_to_H,clip_0_1,1512,0.0,0.0
20260917,P_FWD_BC,P_FWD_X,6,path_1_to_H,clip_0_1,1524,0.0,0.0
20260917,P_FWD_BC,P_FWD_X,6,path_1_to_H,clip_0_1,1536,0.0,0.0
20260917,P_FWD_BC,P_FWD_X,6,path_1_to_H,clip_0_1,1548,0.0,0.0
20260917,P_FWD_BC,P_FWD_X,9,terminal_H,raw,1392,0.0,0.0
20260917,P_FWD_BC,P_FWD_X,9,terminal_H,raw,1404,0.0,0.0
20260917,P_FWD_BC,P_FWD_X,9,terminal_H,raw,1416,0.0,0.0
20260917,P_FWD_BC,P_FWD_X,9,terminal_H,raw,1428,0.0,0.0
20260917,P_FWD_BC,P_FWD_X,9,terminal_H,raw,1440,0.0,0.0
20260917,P_FWD_BC,P_FWD_X,9,terminal_H,raw,1452,0.0,0.0
20260917,P_FWD_BC,P_FWD_X,9,terminal_H,raw,1464,0.0,0.0
20260917,P_FWD_BC,P_FWD_X,9,terminal_H,raw,1476,0.0,0.0
20260917,P_FWD_BC,P_FWD_X,9,terminal_H,raw,1488,0.0,0.0
20260917,P_FWD_BC,P_FWD_X,9,terminal_H,raw,1500,0.0,0.0
20260917,P_FWD_BC,P_FWD_X,9,terminal_H,raw,1512,0.0,0.0
20260917,P_FWD_BC,P_FWD_X,9,terminal_H,raw,1524,0.0,0.0
20260917,P_FWD_BC,P_FWD_X,9,terminal_H,raw,1536,0.0,0.0
20260917,P_FWD_BC,P_FWD_X,9,terminal_H,raw,1548,0.0,0.0
20260917,P_FWD_BC,P_FWD_X,9,terminal_H,clip_0_1,1392,0.0,0.0
20260917,P_FWD_BC,P_FWD_X,9,terminal_H,clip_0_1,1404,0.0,0.0
20260917,P_FWD_BC,P_FWD_X,9,terminal_H,clip_0_1,1416,0.0,0.0
20260917,P_FWD_BC,P_FWD_X,9,terminal_H,clip_0_1,1428,0.0,0.0
20260917,P_FWD_BC,P_FWD_X,9,terminal_H,clip_0_1,1440,0.0,0.0
20260917,P_FWD_BC,P_FWD_X,9,terminal_H,clip_0_1,1452,0.0,0.0
20260917,P_FWD_BC,P_FWD_X,9,terminal_H,clip_0_1,1464,0.0,0.0
20260917,P_FWD_BC,P_FWD_X,9,terminal_H,clip_0_1,1476,0.0,0.0
20260917,P_FWD_BC,P_FWD_X,9,terminal_H,clip_0_1,1488,0.0,0.0
20260917,P_FWD_BC,P_FWD_X,9,terminal_H,clip_0_1,1500,0.0,0.0
20260917,P_FWD_BC,P_FWD_X,9,terminal_H,clip_0_1,1512,0.0,0.0
20260917,P_FWD_BC,P_FWD_X,9,terminal_H,clip_0_1,1524,0.0,0.0
20260917,P_FWD_BC,P_FWD_X,9,terminal_H,clip_0_1,1536,0.0,0.0
20260917,P_FWD_BC,P_FWD_X,9,terminal_H,clip_0_1,1548,0.0,0.0
20260917,P_FWD_BC,P_FWD_X,9,path_1_to_H,raw,1392,0.0,0.0
20260917,P_FWD_BC,P_FWD_X,9,path_1_to_H,raw,1404,0.0,0.0
20260917,P_FWD_BC,P_FWD_X,9,path_1_to_H,raw,1416,0.0,0.0
20260917,P_FWD_BC,P_FWD_X,9,path_1_to_H,raw,1428,0.0,0.0
20260917,P_FWD_BC,P_FWD_X,9,path_1_to_H,raw,1440,0.0,0.0
20260917,P_FWD_BC,P_FWD_X,9,path_1_to_H,raw,1452,0.0,0.0
20260917,P_FWD_BC,P_FWD_X,9,path_1_to_H,raw,1464,0.0,0.0
20260917,P_FWD_BC,P_FWD_X,9,path_1_to_H,raw,1476,0.0,0.0
20260917,P_FWD_BC,P_FWD_X,9,path_1_to_H,raw,1488,0.0,0.0
20260917,P_FWD_BC,P_FWD_X,9,path_1_to_H,raw,1500,0.0,0.0
20260917,P_FWD_BC,P_FWD_X,9,path_1_to_H,raw,1512,0.0,0.0
20260917,P_FWD_BC,P_FWD_X,9,path_1_to_H,raw,1524,0.0,0.0
20260917,P_FWD_BC,P_FWD_X,9,path_1_to_H,raw,1536,0.0,0.0
20260917,P_FWD_BC,P_FWD_X,9,path_1_to_H,raw,1548,0.0,0.0
20260917,P_FWD_BC,P_FWD_X,9,path_1_to_H,clip_0_1,1392,0.0,0.0
20260917,P_FWD_BC,P_FWD_X,9,path_1_to_H,clip_0_1,1404,0.0,0.0
20260917,P_FWD_BC,P_FWD_X,9,path_1_to_H,clip_0_1,1416,0.0,0.0
20260917,P_FWD_BC,P_FWD_X,9,path_1_to_H,clip_0_1,1428,0.0,0.0
20260917,P_FWD_BC,P_FWD_X,9,path_1_to_H,clip_0_1,1440,0.0,0.0
20260917,P_FWD_BC,P_FWD_X,9,path_1_to_H,clip_0_1,1452,0.0,0.0
20260917,P_FWD_BC,P_FWD_X,9,path_1_to_H,clip_0_1,1464,0.0,0.0
20260917,P_FWD_BC,P_FWD_X,9,path_1_to_H,clip_0_1,1476,0.0,0.0
20260917,P_FWD_BC,P_FWD_X,9,path_1_to_H,clip_0_1,1488,0.0,0.0
20260917,P_FWD_BC,P_FWD_X,9,path_1_to_H,clip_0_1,1500,0.0,0.0
20260917,P_FWD_BC,P_FWD_X,9,path_1_to_H,clip_0_1,1512,0.0,0.0
20260917,P_FWD_BC,P_FWD_X,9,path_1_to_H,clip_0_1,1524,0.0,0.0
20260917,P_FWD_BC,P_FWD_X,9,path_1_to_H,clip_0_1,1536,0.0,0.0
20260917,P_FWD_BC,P_FWD_X,9,path_1_to_H,clip_0_1,1548,0.0,0.0
20260917,P_FWD_BC,P_FWD_X,12,terminal_H,raw,1392,0.0,0.0
20260917,P_FWD_BC,P_FWD_X,12,terminal_H,raw,1404,0.0,0.0
20260917,P_FWD_BC,P_FWD_X,12,terminal_H,raw,1416,0.0,0.0
20260917,P_FWD_BC,P_FWD_X,12,terminal_H,raw,1428,0.0,0.0
20260917,P_FWD_BC,P_FWD_X,12,terminal_H,raw,1440,0.0,0.0
20260917,P_FWD_BC,P_FWD_X,12,terminal_H,raw,1452,0.0,0.0
20260917,P_FWD_BC,P_FWD_X,12,terminal_H,raw,1464,0.0,0.0
20260917,P_FWD_BC,P_FWD_X,12,terminal_H,raw,1476,0.0,0.0
20260917,P_FWD_BC,P_FWD_X,12,terminal_H,raw,1488,0.0,0.0
20260917,P_FWD_BC,P_FWD_X,12,terminal_H,raw,1500,0.0,0.0
20260917,P_FWD_BC,P_FWD_X,12,terminal_H,raw,1512,0.0,0.0
20260917,P_FWD_BC,P_FWD_X,12,terminal_H,raw,1524,0.0,0.0
20260917,P_FWD_BC,P_FWD_X,12,terminal_H,raw,1536,0.0,0.0
20260917,P_FWD_BC,P_FWD_X,12,terminal_H,raw,1548,0.0,0.0
20260917,P_FWD_BC,P_FWD_X,12,terminal_H,clip_0_1,1392,0.0,0.0
20260917,P_FWD_BC,P_FWD_X,12,terminal_H,clip_0_1,1404,0.0,0.0
20260917,P_FWD_BC,P_FWD_X,12,terminal_H,clip_0_1,1416,0.0,0.0
20260917,P_FWD_BC,P_FWD_X,12,terminal_H,clip_0_1,1428,0.0,0.0
20260917,P_FWD_BC,P_FWD_X,12,terminal_H,clip_0_1,1440,0.0,0.0
20260917,P_FWD_BC,P_FWD_X,12,terminal_H,clip_0_1,1452,0.0,0.0
20260917,P_FWD_BC,P_FWD_X,12,terminal_H,clip_0_1,1464,0.0,0.0
20260917,P_FWD_BC,P_FWD_X,12,terminal_H,clip_0_1,1476,0.0,0.0
20260917,P_FWD_BC,P_FWD_X,12,terminal_H,clip_0_1,1488,0.0,0.0
20260917,P_FWD_BC,P_FWD_X,12,terminal_H,clip_0_1,1500,0.0,0.0
20260917,P_FWD_BC,P_FWD_X,12,terminal_H,clip_0_1,1512,0.0,0.0
20260917,P_FWD_BC,P_FWD_X,12,terminal_H,clip_0_1,1524,0.0,0.0
20260917,P_FWD_BC,P_FWD_X,12,terminal_H,clip_0_1,1536,0.0,0.0
20260917,P_FWD_BC,P_FWD_X,12,terminal_H,clip_0_1,1548,0.0,0.0
20260917,P_FWD_BC,P_FWD_X,12,path_1_to_H,raw,1392,0.0,0.0
20260917,P_FWD_BC,P_FWD_X,12,path_1_to_H,raw,1404,0.0,0.0
20260917,P_FWD_BC,P_FWD_X,12,path_1_to_H,raw,1416,0.0,0.0
20260917,P_FWD_BC,P_FWD_X,12,path_1_to_H,raw,1428,0.0,0.0
20260917,P_FWD_BC,P_FWD_X,12,path_1_to_H,raw,1440,0.0,0.0
20260917,P_FWD_BC,P_FWD_X,12,path_1_to_H,raw,1452,0.0,0.0
20260917,P_FWD_BC,P_FWD_X,12,path_1_to_H,raw,1464,0.0,0.0
20260917,P_FWD_BC,P_FWD_X,12,path_1_to_H,raw,1476,0.0,0.0
20260917,P_FWD_BC,P_FWD_X,12,path_1_to_H,raw,1488,0.0,0.0
20260917,P_FWD_BC,P_FWD_X,12,path_1_to_H,raw,1500,0.0,0.0
20260917,P_FWD_BC,P_FWD_X,12,path_1_to_H,raw,1512,0.0,0.0
20260917,P_FWD_BC,P_FWD_X,12,path_1_to_H,raw,1524,0.0,0.0
20260917,P_FWD_BC,P_FWD_X,12,path_1_to_H,raw,1536,0.0,0.0
20260917,P_FWD_BC,P_FWD_X,12,path_1_to_H,raw,1548,0.0,0.0
20260917,P_FWD_BC,P_FWD_X,12,path_1_to_H,clip_0_1,1392,0.0,0.0
20260917,P_FWD_BC,P_FWD_X,12,path_1_to_H,clip_0_1,1404,0.0,0.0
20260917,P_FWD_BC,P_FWD_X,12,path_1_to_H,clip_0_1,1416,0.0,0.0
20260917,P_FWD_BC,P_FWD_X,12,path_1_to_H,clip_0_1,1428,0.0,0.0
20260917,P_FWD_BC,P_FWD_X,12,path_1_to_H,clip_0_1,1440,0.0,0.0
20260917,P_FWD_BC,P_FWD_X,12,path_1_to_H,clip_0_1,1452,0.0,0.0
20260917,P_FWD_BC,P_FWD_X,12,path_1_to_H,clip_0_1,1464,0.0,0.0
20260917,P_FWD_BC,P_FWD_X,12,path_1_to_H,clip_0_1,1476,0.0,0.0
20260917,P_FWD_BC,P_FWD_X,12,path_1_to_H,clip_0_1,1488,0.0,0.0
20260917,P_FWD_BC,P_FWD_X,12,path_1_to_H,clip_0_1,1500,0.0,0.0
20260917,P_FWD_BC,P_FWD_X,12,path_1_to_H,clip_0_1,1512,0.0,0.0
20260917,P_FWD_BC,P_FWD_X,12,path_1_to_H,clip_0_1,1524,0.0,0.0
20260917,P_FWD_BC,P_FWD_X,12,path_1_to_H,clip_0_1,1536,0.0,0.0
20260917,P_FWD_BC,P_FWD_X,12,path_1_to_H,clip_0_1,1548,0.0,0.0
20260917,P_FWD_BC,P_IS_X,3,terminal_H,raw,1392,-0.0028386403793433795,-0.00048656067131845105
20260917,P_FWD_BC,P_IS_X,3,terminal_H,raw,1404,0.005166156801980404,0.0002355755838701825
20260917,P_FWD_BC,P_IS_X,3,terminal_H,raw,1416,0.0037124229878272336,0.00022615195372785254
20260917,P_FWD_BC,P_IS_X,3,terminal_H,raw,1428,0.004818969099451934,0.0003691622084045372
20260917,P_FWD_BC,P_IS_X,3,terminal_H,raw,1440,-0.0015286684991135714,-0.00022174163792040597
20260917,P_FWD_BC,P_IS_X,3,terminal_H,raw,1452,0.0006869706548221977,3.286654331552363e-05
20260917,P_FWD_BC,P_IS_X,3,terminal_H,raw,1464,0.0012132603314660428,-0.0014367659300567421
20260917,P_FWD_BC,P_IS_X,3,terminal_H,raw,1476,0.010200913316078775,0.0019686996889401844
20260917,P_FWD_BC,P_IS_X,3,terminal_H,raw,1488,-0.003942956625556804,-0.0003273265511407204
20260917,P_FWD_BC,P_IS_X,3,terminal_H,raw,1500,-0.005708345143493034,-0.0003787978432036783
20260917,P_FWD_BC,P_IS_X,3,terminal_H,raw,1512,0.00831415647668476,0.004933140417146353
20260917,P_FWD_BC,P_IS_X,3,terminal_H,raw,1524,0.004642375302496022,0.00110492601433941
20260917,P_FWD_BC,P_IS_X,3,terminal_H,raw,1536,0.0037365523282898556,0.0008137858655243571
20260917,P_FWD_BC,P_IS_X,3,terminal_H,raw,1548,-0.0030567594217079143,-0.0005300016548840428
20260917,P_FWD_BC,P_IS_X,3,terminal_H,clip_0_1,1392,-0.0029818118629447326,-0.0004951150259388786
20260917,P_FWD_BC,P_IS_X,3,terminal_H,clip_0_1,1404,0.005166156801980404,0.0002355755838701825
20260917,P_FWD_BC,P_IS_X,3,terminal_H,clip_0_1,1416,0.003721058085899596,0.00022617245908050036
20260917,P_FWD_BC,P_IS_X,3,terminal_H,clip_0_1,1428,0.004818969099451934,0.0003691622084045372
20260917,P_FWD_BC,P_IS_X,3,terminal_H,clip_0_1,1440,-0.0015045208084105372,-0.00022165941786403667
20260917,P_FWD_BC,P_IS_X,3,terminal_H,clip_0_1,1452,0.0007269178129432205,3.333959241294751e-05
20260917,P_FWD_BC,P_IS_X,3,terminal_H,clip_0_1,1464,0.0012620704478049924,-0.001432242877463881
20260917,P_FWD_BC,P_IS_X,3,terminal_H,clip_0_1,1476,0.01023020416688307,0.0019690851034765288
20260917,P_FWD_BC,P_IS_X,3,terminal_H,clip_0_1,1488,-0.003942956625556804,-0.0003273265511407204
20260917,P_FWD_BC,P_IS_X,3,terminal_H,clip_0_1,1500,-0.005695765326608568,-0.00038081634307951274
20260917,P_FWD_BC,P_IS_X,3,terminal_H,clip_0_1,1512,0.007821861611392733,0.004638073833918367
20260917,P_FWD_BC,P_IS_X,3,terminal_H,clip_0_1,1524,0.004642375302496022,0.00110492601433941
20260917,P_FWD_BC,P_IS_X,3,terminal_H,clip_0_1,1536,0.0037365523282898556,0.0008137858655243571
20260917,P_FWD_BC,P_IS_X,3,terminal_H,clip_0_1,1548,-0.0030567594217079143,-0.0005300016548840428
20260917,P_FWD_BC,P_IS_X,3,path_1_to_H,raw,1392,-0.0018347621298605355,-0.0003492961799660533
20260917,P_FWD_BC,P_IS_X,3,path_1_to_H,raw,1404,0.003857723761193396,0.00019681619683940536
20260917,P_FWD_BC,P_IS_X,3,path_1_to_H,raw,1416,0.002445461954279283,0.00014953870291527409
20260917,P_FWD_BC,P_IS_X,3,path_1_to_H,raw,1428,0.0030408646184999803,0.0001756865804099309
20260917,P_FWD_BC,P_IS_X,3,path_1_to_H,raw,1440,-0.0003817106918249202,-0.00016932442731489665
20260917,P_FWD_BC,P_IS_X,3,path_1_to_H,raw,1452,1.4609154640981878e-05,-3.3846473547053004e-06
20260917,P_FWD_BC,P_IS_X,3,path_1_to_H,raw,1464,0.0002450455347900144,-0.0013982911955975372
20260917,P_FWD_BC,P_IS_X,3,path_1_to_H,raw,1476,0.008826543632782223,0.0014116609821814689
20260917,P_FWD_BC,P_IS_X,3,path_1_to_H,raw,1488,-0.0025855423730548155,-0.00022853841510359546
20260917,P_FWD_BC,P_IS_X,3,path_1_to_H,raw,1500,-0.0034153693183731587,-0.0002111071652223171
20260917,P_FWD_BC,P_IS_X,3,path_1_to_H,raw,1512,0.004911656210093003,0.00283290235283229
20260917,P_FWD_BC,P_IS_X,3,path_1_to_H,raw,1524,0.002368296971548457,0.0005079201000641523
20260917,P_FWD_BC,P_IS_X,3,path_1_to_H,raw,1536,0.0021443896873324553,0.0005203224807345028
20260917,P_FWD_BC,P_IS_X,3,path_1_to_H,raw,1548,-0.0012424367490003756,-8.489150106059557e-05
20260917,P_FWD_BC,P_IS_X,3,path_1_to_H,clip_0_1,1392,-0.001978488879706205,-0.0003625597571113674
20260917,P_FWD_BC,P_IS_X,3,path_1_to_H,clip_0_1,1404,0.0038608128760868675,0.0001968240695098361
20260917,P_FWD_BC,P_IS_X,3,path_1_to_H,clip_0_1,1416,0.0024680178432805082,0.00014971269552153702
20260917,P_FWD_BC,P_IS_X,3,path_1_to_H,clip_0_1,1428,0.0030420495116235827,0.00017568773868659526
20260917,P_FWD_BC,P_IS_X,3,path_1_to_H,clip_0_1,1440,-0.0003628782671574559,-0.00016924305224386035
20260917,P_FWD_BC,P_IS_X,3,path_1_to_H,clip_0_1,1452,4.319334480648063e-05,-3.0995611357835475e-06
20260917,P_FWD_BC,P_IS_X,3,path_1_to_H,clip_0_1,1464,0.0002892574078696485,-0.0013963150872342983
20260917,P_FWD_BC,P_IS_X,3,path_1_to_H,clip_0_1,1476,0.00884206530285022,0.0014118112773810984
20260917,P_FWD_BC,P_IS_X,3,path_1_to_H,clip_0_1,1488,-0.002606556953811474,-0.00022873172610359078
20260917,P_FWD_BC,P_IS_X,3,path_1_to_H,clip_0_1,1500,-0.00339666363566487,-0.00021141621366009455
20260917,P_FWD_BC,P_IS_X,3,path_1_to_H,clip_0_1,1512,0.0042715343873121,0.0026124476346490767
20260917,P_FWD_BC,P_IS_X,3,path_1_to_H,clip_0_1,1524,0.0023736805646159534,0.0005080255208302183
20260917,P_FWD_BC,P_IS_X,3,path_1_to_H,clip_0_1,1536,0.0021116812527021914,0.0005194398613353339
20260917,P_FWD_BC,P_IS_X,3,path_1_to_H,clip_0_1,1548,-0.0012424367490003756,-8.489150106059557e-05
20260917,P_FWD_BC,P_IS_X,6,terminal_H,raw,1392,-0.0018538330318493322,-0.00037043929542252474
20260917,P_FWD_BC,P_IS_X,6,terminal_H,raw,1404,0.00756647979886629,0.0006813933992266992
20260917,P_FWD_BC,P_IS_X,6,terminal_H,raw,1416,0.0060553577773988345,0.0005402834037005643
20260917,P_FWD_BC,P_IS_X,6,terminal_H,raw,1428,0.005202189662576252,0.0005959238149184943
20260917,P_FWD_BC,P_IS_X,6,terminal_H,raw,1440,-0.0007254064942638506,-0.0001354658848332866
20260917,P_FWD_BC,P_IS_X,6,terminal_H,raw,1452,0.0017362303842638769,0.0001916853614912775
20260917,P_FWD_BC,P_IS_X,6,terminal_H,raw,1464,0.00557529075398044,0.0005151879596545899
20260917,P_FWD_BC,P_IS_X,6,terminal_H,raw,1476,0.014675649290551873,0.004321781551076128
20260917,P_FWD_BC,P_IS_X,6,terminal_H,raw,1488,-0.0028165219358216144,-7.767050118749783e-06
20260917,P_FWD_BC,P_IS_X,6,terminal_H,raw,1500,-0.006449935816024678,-0.000979324137042634
20260917,P_FWD_BC,P_IS_X,6,terminal_H,raw,1512,0.010427026247589493,0.005949026420621501
20260917,P_FWD_BC,P_IS_X,6,terminal_H,raw,1524,0.010228834778153876,0.0030453776440390436
20260917,P_FWD_BC,P_IS_X,6,terminal_H,raw,1536,0.01512537460551919,0.0033886361757591694
20260917,P_FWD_BC,P_IS_X,6,terminal_H,raw,1548,-0.00030037071910589815,-0.0005205367184593189
20260917,P_FWD_BC,P_IS_X,6,terminal_H,clip_0_1,1392,-0.0020176488102041814,-0.00037781908796297615
20260917,P_FWD_BC,P_IS_X,6,terminal_H,clip_0_1,1404,0.00756647979886629,0.0006813933992266992
20260917,P_FWD_BC,P_IS_X,6,terminal_H,clip_0_1,1416,0.005733846989091885,0.0005057163398901923
20260917,P_FWD_BC,P_IS_X,6,terminal_H,clip_0_1,1428,0.005243736752698514,0.0005963985091103419
20260917,P_FWD_BC,P_IS_X,6,terminal_H,clip_0_1,1440,-0.0007254064942638506,-0.0001354658848332866
20260917,P_FWD_BC,P_IS_X,6,terminal_H,clip_0_1,1452,0.0017578576764759324,0.00019181398992759456
20260917,P_FWD_BC,P_IS_X,6,terminal_H,clip_0_1,1464,0.00557529075398044,0.0005151879596545899
20260917,P_FWD_BC,P_IS_X,6,terminal_H,clip_0_1,1476,0.014689079363846499,0.00432183115196502
20260917,P_FWD_BC,P_IS_X,6,terminal_H,clip_0_1,1488,-0.0028165219358216144,-7.767050118749783e-06
20260917,P_FWD_BC,P_IS_X,6,terminal_H,clip_0_1,1500,-0.006449935816024678,-0.000979324137042634
20260917,P_FWD_BC,P_IS_X,6,terminal_H,clip_0_1,1512,0.01041624344330972,0.005947916166238717
20260917,P_FWD_BC,P_IS_X,6,terminal_H,clip_0_1,1524,0.010196380801039013,0.0030423834991921313
20260917,P_FWD_BC,P_IS_X,6,terminal_H,clip_0_1,1536,0.01512537460551919,0.0033886361757591694
20260917,P_FWD_BC,P_IS_X,6,terminal_H,clip_0_1,1548,-0.00030037071910589815,-0.0005205367184593189
20260917,P_FWD_BC,P_IS_X,6,path_1_to_H,raw,1392,-0.0016686876867380107,-0.0003219319414226883
20260917,P_FWD_BC,P_IS_X,6,path_1_to_H,raw,1404,0.005067808756491883,0.00036474887202308533
20260917,P_FWD_BC,P_IS_X,6,path_1_to_H,raw,1416,0.0042557415660433905,0.0003825768405127543
20260917,P_FWD_BC,P_IS_X,6,path_1_to_H,raw,1428,0.00423038037883432,0.0004077132290911751
20260917,P_FWD_BC,P_IS_X,6,path_1_to_H,raw,1440,-0.0008292551496615294,-0.00017228584901238185
20260917,P_FWD_BC,P_IS_X,6,path_1_to_H,raw,1452,0.0008523560836012662,9.958943092685286e-05
20260917,P_FWD_BC,P_IS_X,6,path_1_to_H,raw,1464,0.0019723122992274127,-0.000847061162900996
20260917,P_FWD_BC,P_IS_X,6,path_1_to_H,raw,1476,0.011085849128723345,0.0024567125674404967
20260917,P_FWD_BC,P_IS_X,6,path_1_to_H,raw,1488,-0.002467584897668229,-0.00011091091184878048
20260917,P_FWD_BC,P_IS_X,6,path_1_to_H,raw,1500,-0.0050021898986066585,-0.0005617536940621586
20260917,P_FWD_BC,P_IS_X,6,path_1_to_H,raw,1512,0.0072987903962382136,0.00428565992897243
20260917,P_FWD_BC,P_IS_X,6,path_1_to_H,raw,1524,0.005886841503860943,0.0019966970965230217
20260917,P_FWD_BC,P_IS_X,6,path_1_to_H,raw,1536,0.005710531222503018,0.00127099662080625
20260917,P_FWD_BC,P_IS_X,6,path_1_to_H,raw,1548,-0.0020876607560470026,-0.00031207099371269716
20260917,P_FWD_BC,P_IS_X,6,path_1_to_H,clip_0_1,1392,-0.0018312447801351191,-0.00033388712069096574
20260917,P_FWD_BC,P_IS_X,6,path_1_to_H,clip_0_1,1404,0.0050693533139386186,0.0003647528083583007
20260917,P_FWD_BC,P_IS_X,6,path_1_to_H,clip_0_1,1416,0.004128157712776608,0.0003684468004886754
20260917,P_FWD_BC,P_IS_X,6,path_1_to_H,clip_0_1,1428,0.004237897340416499,0.0004077929239281485
20260917,P_FWD_BC,P_IS_X,6,path_1_to_H,clip_0_1,1440,-0.0008193612438686229,-0.00017224478496164617
20260917,P_FWD_BC,P_IS_X,6,path_1_to_H,clip_0_1,1452,0.0008775551827421324,9.979884689333525e-05
20260917,P_FWD_BC,P_IS_X,6,path_1_to_H,clip_0_1,1464,0.002010887076437938,-0.0008457520366094602
20260917,P_FWD_BC,P_IS_X,6,path_1_to_H,clip_0_1,1476,0.011100055331300035,0.002456271274906329
20260917,P_FWD_BC,P_IS_X,6,path_1_to_H,clip_0_1,1488,-0.0024836594531393668,-0.00011105870817579061
20260917,P_FWD_BC,P_IS_X,6,path_1_to_H,clip_0_1,1500,-0.0049928370572525135,-0.0005619082182810473
20260917,P_FWD_BC,P_IS_X,6,path_1_to_H,clip_0_1,1512,0.006968741914343858,0.004170322036047611
20260917,P_FWD_BC,P_IS_X,6,path_1_to_H,clip_0_1,1524,0.005881733540704607,0.0019962413517771826
20260917,P_FWD_BC,P_IS_X,6,path_1_to_H,clip_0_1,1536,0.005694177005187886,0.0012705553111066656
20260917,P_FWD_BC,P_IS_X,6,path_1_to_H,clip_0_1,1548,-0.0020876607560470026,-0.00031207099371269716
20260917,P_FWD_BC,P_IS_X,9,terminal_H,raw,1392,-0.0005516957787681161,-0.00023752671061277124
20260917,P_FWD_BC,P_IS_X,9,terminal_H,raw,1404,0.009553368536627945,0.0011880421805441777
20260917,P_FWD_BC,P_IS_X,9,terminal_H,raw,1416,0.006325567988756485,0.0009393938396415073
20260917,P_FWD_BC,P_IS_X,9,terminal_H,raw,1428,0.00829221336567626,0.0009102903167351978
20260917,P_FWD_BC,P_IS_X,9,terminal_H,raw,1440,0.004049537892950847,0.0002733476796267212
20260917,P_FWD_BC,P_IS_X,9,terminal_H,raw,1452,0.00651014443838696,0.0007896621539084786
20260917,P_FWD_BC,P_IS_X,9,terminal_H,raw,1464,0.004072406401728952,0.0006906653203730468
20260917,P_FWD_BC,P_IS_X,9,terminal_H,raw,1476,0.01666234115092893,0.006707324412786425
20260917,P_FWD_BC,P_IS_X,9,terminal_H,raw,1488,0.0006461705607528961,5.4563754044392985e-05
20260917,P_FWD_BC,P_IS_X,9,terminal_H,raw,1500,-0.005691568639324345,-0.0010806251099809321
20260917,P_FWD_BC,P_IS_X,9,terminal_H,raw,1512,0.010701353493733332,0.004218638329644931
20260917,P_FWD_BC,P_IS_X,9,terminal_H,raw,1524,0.021857062758032998,0.008293806349816052
20260917,P_FWD_BC,P_IS_X,9,terminal_H,raw,1536,0.01164963162561771,0.0027302071108677673
20260917,P_FWD_BC,P_IS_X,9,terminal_H,raw,1548,0.019236079007949963,0.00481402421131635
20260917,P_FWD_BC,P_IS_X,9,terminal_H,clip_0_1,1392,-0.0005516957787681161,-0.00023752671061277124
20260917,P_FWD_BC,P_IS_X,9,terminal_H,clip_0_1,1404,0.009539381847651511,0.0011856572680914556
20260917,P_FWD_BC,P_IS_X,9,terminal_H,clip_0_1,1416,0.0062909725406351345,0.0009373447471041974
20260917,P_FWD_BC,P_IS_X,9,terminal_H,clip_0_1,1428,0.008232675300918287,0.0009079231672561671
20260917,P_FWD_BC,P_IS_X,9,terminal_H,clip_0_1,1440,0.004049537892950847,0.0002733476796267212
20260917,P_FWD_BC,P_IS_X,9,terminal_H,clip_0_1,1452,0.006531803120078738,0.000790162780402395
20260917,P_FWD_BC,P_IS_X,9,terminal_H,clip_0_1,1464,0.004072406401728952,0.0006906653203730468
20260917,P_FWD_BC,P_IS_X,9,terminal_H,clip_0_1,1476,0.01666234115092893,0.006707324412786425
20260917,P_FWD_BC,P_IS_X,9,terminal_H,clip_0_1,1488,0.0006378233276949606,5.454459306196901e-05
20260917,P_FWD_BC,P_IS_X,9,terminal_H,clip_0_1,1500,-0.005691568639324345,-0.0010806251099809321
20260917,P_FWD_BC,P_IS_X,9,terminal_H,clip_0_1,1512,0.010701353493733332,0.004218638329644931
20260917,P_FWD_BC,P_IS_X,9,terminal_H,clip_0_1,1524,0.021842549317691893,0.00829132951703405
20260917,P_FWD_BC,P_IS_X,9,terminal_H,clip_0_1,1536,0.01164963162561771,0.0027302071108677673
20260917,P_FWD_BC,P_IS_X,9,terminal_H,clip_0_1,1548,0.019236079007949963,0.00481402421131635
20260917,P_FWD_BC,P_IS_X,9,path_1_to_H,raw,1392,-0.0015567760333149957,-0.00023883303788165106
20260917,P_FWD_BC,P_IS_X,9,path_1_to_H,raw,1404,0.006360737606477946,0.0005466736447586141
20260917,P_FWD_BC,P_IS_X,9,path_1_to_H,raw,1416,0.004777172274844689,0.0005536855242760633
20260917,P_FWD_BC,P_IS_X,9,path_1_to_H,raw,1428,0.005307170759682823,0.0005326234859764288
20260917,P_FWD_BC,P_IS_X,9,path_1_to_H,raw,1440,0.0008122333869611999,-5.518310476475471e-05
20260917,P_FWD_BC,P_IS_X,9,path_1_to_H,raw,1452,0.0023093440009322682,0.00024161159547933785
20260917,P_FWD_BC,P_IS_X,9,path_1_to_H,raw,1464,0.003022625338418249,-0.00032923868149652044
20260917,P_FWD_BC,P_IS_X,9,path_1_to_H,raw,1476,0.012620322380005006,0.00363281330220621
20260917,P_FWD_BC,P_IS_X,9,path_1_to_H,raw,1488,-0.0018118769649911146,-0.000109893596911706
20260917,P_FWD_BC,P_IS_X,9,path_1_to_H,raw,1500,-0.0051516070280372556,-0.0007302179848710868
20260917,P_FWD_BC,P_IS_X,9,path_1_to_H,raw,1512,0.008203865959463373,0.004572369561799335
20260917,P_FWD_BC,P_IS_X,9,path_1_to_H,raw,1524,0.009812418404293893,0.003441874536250955
20260917,P_FWD_BC,P_IS_X,9,path_1_to_H,raw,1536,0.007147581204187914,0.0016946670019431333
20260917,P_FWD_BC,P_IS_X,9,path_1_to_H,raw,1548,0.0013964430422461417,0.0005750445474185075
20260917,P_FWD_BC,P_IS_X,9,path_1_to_H,clip_0_1,1392,-0.0016935305366482653,-0.0002478245061505234
20260917,P_FWD_BC,P_IS_X,9,path_1_to_H,clip_0_1,1404,0.0063602132348894985,0.0005464112787095663
20260917,P_FWD_BC,P_IS_X,9,path_1_to_H,clip_0_1,1416,0.004603068453847174,0.0005338733899381172
20260917,P_FWD_BC,P_IS_X,9,path_1_to_H,clip_0_1,1428,0.005306649170469666,0.0005323128170499189
20260917,P_FWD_BC,P_IS_X,9,path_1_to_H,clip_0_1,1440,0.000818829324156471,-5.515572873093091e-05
20260917,P_FWD_BC,P_IS_X,9,path_1_to_H,clip_0_1,1452,0.0023324334048882116,0.00024183125021128135
20260917,P_FWD_BC,P_IS_X,9,path_1_to_H,clip_0_1,1464,0.0030483418565585988,-0.0003283659306354965
20260917,P_FWD_BC,P_IS_X,9,path_1_to_H,clip_0_1,1476,0.012630377584931171,0.0036325199524630293
20260917,P_FWD_BC,P_IS_X,9,path_1_to_H,clip_0_1,1488,-0.0018235208056449777,-0.00010999425679442652
20260917,P_FWD_BC,P_IS_X,9,path_1_to_H,clip_0_1,1500,-0.005145371800467827,-0.0007303210010170127
20260917,P_FWD_BC,P_IS_X,9,path_1_to_H,clip_0_1,1512,0.007983833638200469,0.004495477633182788
20260917,P_FWD_BC,P_IS_X,9,path_1_to_H,clip_0_1,1524,0.00980092533703444,0.0034410130151529385
20260917,P_FWD_BC,P_IS_X,9,path_1_to_H,clip_0_1,1536,0.007136678392644493,0.0016943727954767437
20260917,P_FWD_BC,P_IS_X,9,path_1_to_H,clip_0_1,1548,0.0013964430422461417,0.0005750445474185075
20260917,P_FWD_BC,P_IS_X,12,terminal_H,raw,1392,-0.0009952061338968604,-0.0006594638854423578
20260917,P_FWD_BC,P_IS_X,12,terminal_H,raw,1404,0.0057917487684760825,0.0005562513440528034
20260917,P_FWD_BC,P_IS_X,12,terminal_H,raw,1416,0.0028873526735802247,0.00040145159848468167
20260917,P_FWD_BC,P_IS_X,12,terminal_H,raw,1428,0.004632558749122209,0.00048020314890413193
20260917,P_FWD_BC,P_IS_X,12,terminal_H,raw,1440,0.0019904934560478374,0.0005152686451821923
20260917,P_FWD_BC,P_IS_X,12,terminal_H,raw,1452,0.0014415893456295465,0.0002931191138404435
20260917,P_FWD_BC,P_IS_X,12,terminal_H,raw,1464,0.0019909775848819373,0.0007442908236843035
20260917,P_FWD_BC,P_IS_X,12,terminal_H,raw,1476,0.0121254712237812,0.005880765989929287
20260917,P_FWD_BC,P_IS_X,12,terminal_H,raw,1488,0.0004007934811799739,3.366464867002703e-05
20260917,P_FWD_BC,P_IS_X,12,terminal_H,raw,1500,-0.004187188499263501,-0.000628522687069267
20260917,P_FWD_BC,P_IS_X,12,terminal_H,raw,1512,0.006570917088008896,0.0020204641948318443
20260917,P_FWD_BC,P_IS_X,12,terminal_H,raw,1524,0.021893210128665287,0.008910213487947046
20260917,P_FWD_BC,P_IS_X,12,terminal_H,raw,1536,0.007551582086498424,0.001994059651901216
20260917,P_FWD_BC,P_IS_X,12,terminal_H,raw,1548,0.01876311387978976,0.005367437015385738
20260917,P_FWD_BC,P_IS_X,12,terminal_H,clip_0_1,1392,-0.0009952061338968604,-0.0006594638854423578
20260917,P_FWD_BC,P_IS_X,12,terminal_H,clip_0_1,1404,0.00577279761985772,0.0005498355291657489
20260917,P_FWD_BC,P_IS_X,12,terminal_H,clip_0_1,1416,0.0028873526735802247,0.00040145159848468167
20260917,P_FWD_BC,P_IS_X,12,terminal_H,clip_0_1,1428,0.004611314328822759,0.00047849945113937907
20260917,P_FWD_BC,P_IS_X,12,terminal_H,clip_0_1,1440,0.0019904934560478374,0.0005152686451821923
20260917,P_FWD_BC,P_IS_X,12,terminal_H,clip_0_1,1452,0.0015072501872127476,0.00029430473402273247
20260917,P_FWD_BC,P_IS_X,12,terminal_H,clip_0_1,1464,0.0018872309471379778,0.000713665126844492
20260917,P_FWD_BC,P_IS_X,12,terminal_H,clip_0_1,1476,0.012064158892607748,0.005879732209391958
20260917,P_FWD_BC,P_IS_X,12,terminal_H,clip_0_1,1488,0.0004007934811799739,3.366464867002703e-05
20260917,P_FWD_BC,P_IS_X,12,terminal_H,clip_0_1,1500,-0.004251365539269426,-0.0006296553274968456
20260917,P_FWD_BC,P_IS_X,12,terminal_H,clip_0_1,1512,0.006570917088008896,0.0020204641948318443
20260917,P_FWD_BC,P_IS_X,12,terminal_H,clip_0_1,1524,0.021893210128665287,0.008910213487947046
20260917,P_FWD_BC,P_IS_X,12,terminal_H,clip_0_1,1536,0.007551582086498424,0.001994059651901216
20260917,P_FWD_BC,P_IS_X,12,terminal_H,clip_0_1,1548,0.01851087296764765,0.005315838649620905
20260917,P_FWD_BC,P_IS_X,12,path_1_to_H,raw,1392,-0.0012322459906547328,-0.00032147150963460506
20260917,P_FWD_BC,P_IS_X,12,path_1_to_H,raw,1404,0.006457774711680852,0.0005828540240654805
20260917,P_FWD_BC,P_IS_X,12,path_1_to_H,raw,1416,0.004522165035949105,0.0005081210764860323
20260917,P_FWD_BC,P_IS_X,12,path_1_to_H,raw,1428,0.005458535774420411,0.0005509434676532611
20260917,P_FWD_BC,P_IS_X,12,path_1_to_H,raw,1440,0.0011064688848138053,6.425374519587007e-05
20260917,P_FWD_BC,P_IS_X,12,path_1_to_H,raw,1452,0.0024784819849761456,0.0002774411174414834
20260917,P_FWD_BC,P_IS_X,12,path_1_to_H,raw,1464,0.0028620248545056367,-4.1783410396535965e-05
20260917,P_FWD_BC,P_IS_X,12,path_1_to_H,raw,1476,0.012888480855784609,0.0042959113501807675
20260917,P_FWD_BC,P_IS_X,12,path_1_to_H,raw,1488,-0.001081600094580407,-2.99171895606037e-05
20260917,P_FWD_BC,P_IS_X,12,path_1_to_H,raw,1500,-0.005017143967724293,-0.0007816046380250721
20260917,P_FWD_BC,P_IS_X,12,path_1_to_H,raw,1512,0.008126901888223374,0.004042506903033053
20260917,P_FWD_BC,P_IS_X,12,path_1_to_H,raw,1524,0.012949940374064203,0.004851825218517729
20260917,P_FWD_BC,P_IS_X,12,path_1_to_H,raw,1536,0.0067192578049913194,0.0016476242617124565
20260917,P_FWD_BC,P_IS_X,12,path_1_to_H,raw,1548,0.00554496086955697,0.0016522490059688979
20260917,P_FWD_BC,P_IS_X,12,path_1_to_H,clip_0_1,1392,-0.0013348118681546853,-0.00032821511083625925
20260917,P_FWD_BC,P_IS_X,12,path_1_to_H,clip_0_1,1404,0.0064534506291871714,0.0005817124265416203
20260917,P_FWD_BC,P_IS_X,12,path_1_to_H,clip_0_1,1416,0.0043915871702009685,0.0004932619757325727
20260917,P_FWD_BC,P_IS_X,12,path_1_to_H,clip_0_1,1428,0.005445577579440834,0.0005492395193246136
20260917,P_FWD_BC,P_IS_X,12,path_1_to_H,clip_0_1,1440,0.0011114158377102587,6.427427722123794e-05
20260917,P_FWD_BC,P_IS_X,12,path_1_to_H,clip_0_1,1452,0.0025087606113571464,0.0002778430913325351
20260917,P_FWD_BC,P_IS_X,12,path_1_to_H,clip_0_1,1464,0.002849817825132706,-5.079705692804834e-05
20260917,P_FWD_BC,P_IS_X,12,path_1_to_H,clip_0_1,1476,0.012891582689240929,0.004295607361125818
20260917,P_FWD_BC,P_IS_X,12,path_1_to_H,clip_0_1,1488,-0.0010915614099568003,-2.999766434513223e-05
20260917,P_FWD_BC,P_IS_X,12,path_1_to_H,clip_0_1,1500,-0.00501899788764969,-0.0007820342394587392
20260917,P_FWD_BC,P_IS_X,12,path_1_to_H,clip_0_1,1512,0.007961877647276195,0.003984837956570643
20260917,P_FWD_BC,P_IS_X,12,path_1_to_H,clip_0_1,1524,0.012941320573619618,0.004851179077694216
20260917,P_FWD_BC,P_IS_X,12,path_1_to_H,clip_0_1,1536,0.006711080696333754,0.0016474036068626643
20260917,P_FWD_BC,P_IS_X,12,path_1_to_H,clip_0_1,1548,0.005487794737705047,0.0016384580356123403
20260917,P_FWD_BC,C_IS_BC,3,terminal_H,raw,1392,-0.004438268882892446,-0.0007136903513031606
20260917,P_FWD_BC,C_IS_BC,3,terminal_H,raw,1404,0.0004051589219606807,-9.297400057355826e-05
20260917,P_FWD_BC,C_IS_BC,3,terminal_H,raw,1416,0.00044469610588828345,5.7036298894894015e-06
20260917,P_FWD_BC,C_IS_BC,3,terminal_H,raw,1428,0.0018829632187951867,0.0003161107433939518
20260917,P_FWD_BC,C_IS_BC,3,terminal_H,raw,1440,-0.0012559784976801983,-0.00014366567983055962
20260917,P_FWD_BC,C_IS_BC,3,terminal_H,raw,1452,-0.0001995179286066525,-2.831083684109726e-05
20260917,P_FWD_BC,C_IS_BC,3,terminal_H,raw,1464,0.004075386484118229,0.0020838229098445243
20260917,P_FWD_BC,C_IS_BC,3,terminal_H,raw,1476,-0.0036142098337359793,-0.0004544411391741744
20260917,P_FWD_BC,C_IS_BC,3,terminal_H,raw,1488,0.0017134741285575108,0.0005301408777381244
20260917,P_FWD_BC,C_IS_BC,3,terminal_H,raw,1500,-0.0011145351114309292,5.816314154959835e-05
20260917,P_FWD_BC,C_IS_BC,3,terminal_H,raw,1512,0.0014580579731469125,0.0004140996580738099
20260917,P_FWD_BC,C_IS_BC,3,terminal_H,raw,1524,0.0018268512153999073,0.0004547101929691648
20260917,P_FWD_BC,C_IS_BC,3,terminal_H,raw,1536,0.0006948996466978714,0.00020273321139096392
20260917,P_FWD_BC,C_IS_BC,3,terminal_H,raw,1548,-0.00019161975352149314,0.0001706085235045445
20260917,P_FWD_BC,C_IS_BC,3,terminal_H,clip_0_1,1392,-0.004576937390116456,-0.000718978313899488
20260917,P_FWD_BC,C_IS_BC,3,terminal_H,clip_0_1,1404,0.0004051589219606807,-9.297400057355826e-05
20260917,P_FWD_BC,C_IS_BC,3,terminal_H,clip_0_1,1416,0.00044094926132744964,5.6819743037099776e-06
20260917,P_FWD_BC,C_IS_BC,3,terminal_H,clip_0_1,1428,0.0018703307014580179,0.0003160668587580265
20260917,P_FWD_BC,C_IS_BC,3,terminal_H,clip_0_1,1440,-0.0012587553372216027,-0.00014378281561463333
20260917,P_FWD_BC,C_IS_BC,3,terminal_H,clip_0_1,1452,-0.00019139417464700322,-2.819078302530745e-05
20260917,P_FWD_BC,C_IS_BC,3,terminal_H,clip_0_1,1464,0.003979812801846585,0.0020711716457947837
20260917,P_FWD_BC,C_IS_BC,3,terminal_H,clip_0_1,1476,-0.0035756404292344784,-0.0004540320494591843
20260917,P_FWD_BC,C_IS_BC,3,terminal_H,clip_0_1,1488,0.0017134741285575108,0.0005301408777381244
20260917,P_FWD_BC,C_IS_BC,3,terminal_H,clip_0_1,1500,-0.0010952472391570038,5.9408457554817166e-05
20260917,P_FWD_BC,C_IS_BC,3,terminal_H,clip_0_1,1512,0.001448198229431513,0.00040869488188676357
20260917,P_FWD_BC,C_IS_BC,3,terminal_H,clip_0_1,1524,0.0018268512153999073,0.0004547101929691648
20260917,P_FWD_BC,C_IS_BC,3,terminal_H,clip_0_1,1536,0.0006948996466978714,0.00020273321139096392
20260917,P_FWD_BC,C_IS_BC,3,terminal_H,clip_0_1,1548,-0.00019161975352149314,0.0001706085235045445
20260917,P_FWD_BC,C_IS_BC,3,path_1_to_H,raw,1392,-0.003538626250714843,-0.0005295322178042911
20260917,P_FWD_BC,C_IS_BC,3,path_1_to_H,raw,1404,3.9228621892686915e-05,-8.47094970559505e-05
20260917,P_FWD_BC,C_IS_BC,3,path_1_to_H,raw,1416,0.0005922038026846299,5.89392101212353e-05
20260917,P_FWD_BC,C_IS_BC,3,path_1_to_H,raw,1428,0.001057183074912784,4.643101724446088e-05
20260917,P_FWD_BC,C_IS_BC,3,path_1_to_H,raw,1440,-0.0009639375914128374,-0.00013400111760716234
20260917,P_FWD_BC,C_IS_BC,3,path_1_to_H,raw,1452,-0.00011236740576864015,-9.862947963902122e-06
20260917,P_FWD_BC,C_IS_BC,3,path_1_to_H,raw,1464,0.00317151088684308,0.0015745351701443608
20260917,P_FWD_BC,C_IS_BC,3,path_1_to_H,raw,1476,-0.002876765928454635,-0.0002832142738647298
20260917,P_FWD_BC,C_IS_BC,3,path_1_to_H,raw,1488,0.001382929900424313,9.69210098136239e-05
20260917,P_FWD_BC,C_IS_BC,3,path_1_to_H,raw,1500,-0.0002364290572576336,-0.0001437294103237525
20260917,P_FWD_BC,C_IS_BC,3,path_1_to_H,raw,1512,0.001103588609344266,0.00021138348587423786
20260917,P_FWD_BC,C_IS_BC,3,path_1_to_H,raw,1524,0.0011900582764105146,0.0002188119171043633
20260917,P_FWD_BC,C_IS_BC,3,path_1_to_H,raw,1536,4.932066534094746e-05,0.00010659519707979128
20260917,P_FWD_BC,C_IS_BC,3,path_1_to_H,raw,1548,-0.0001756138440488547,-2.1101548394055877e-05
20260917,P_FWD_BC,C_IS_BC,3,path_1_to_H,clip_0_1,1392,-0.003663317712907457,-0.0005335179394170945
20260917,P_FWD_BC,C_IS_BC,3,path_1_to_H,clip_0_1,1404,3.336173590102541e-05,-8.476779759579977e-05
20260917,P_FWD_BC,C_IS_BC,3,path_1_to_H,clip_0_1,1416,0.0006096402154185917,5.909857274905094e-05
20260917,P_FWD_BC,C_IS_BC,3,path_1_to_H,clip_0_1,1428,0.0010464257695538266,4.638018756356765e-05
20260917,P_FWD_BC,C_IS_BC,3,path_1_to_H,clip_0_1,1440,-0.0009756850067676999,-0.00013415304160142386
20260917,P_FWD_BC,C_IS_BC,3,path_1_to_H,clip_0_1,1452,-9.581174579213642e-05,-9.697192076879376e-06
20260917,P_FWD_BC,C_IS_BC,3,path_1_to_H,clip_0_1,1464,0.0030895888033492715,0.0015678708407214459
20260917,P_FWD_BC,C_IS_BC,3,path_1_to_H,clip_0_1,1476,-0.0028836242113545133,-0.00028370815637930434
20260917,P_FWD_BC,C_IS_BC,3,path_1_to_H,clip_0_1,1488,0.0013665874541367604,9.682493881204592e-05
20260917,P_FWD_BC,C_IS_BC,3,path_1_to_H,clip_0_1,1500,-0.00022687163911213427,-0.00014179190046491457
20260917,P_FWD_BC,C_IS_BC,3,path_1_to_H,clip_0_1,1512,0.0010497521385261605,0.00018751402794476004
20260917,P_FWD_BC,C_IS_BC,3,path_1_to_H,clip_0_1,1524,0.001178206068794404,0.0002184112959457173
20260917,P_FWD_BC,C_IS_BC,3,path_1_to_H,clip_0_1,1536,4.430285766953412e-05,0.00010657442490488375
20260917,P_FWD_BC,C_IS_BC,3,path_1_to_H,clip_0_1,1548,-0.0001756138440488547,-2.1101548394055877e-05
20260917,P_FWD_BC,C_IS_BC,6,terminal_H,raw,1392,-0.003096466270203658,-0.0004663892497980714
20260917,P_FWD_BC,C_IS_BC,6,terminal_H,raw,1404,0.0002716507888351615,-0.00015120451654130644
20260917,P_FWD_BC,C_IS_BC,6,terminal_H,raw,1416,0.0007808023045247772,0.00017529570071828747
20260917,P_FWD_BC,C_IS_BC,6,terminal_H,raw,1428,0.001297681522900839,-0.00011967442626054461
20260917,P_FWD_BC,C_IS_BC,6,terminal_H,raw,1440,0.0014049459572073107,-1.9663286591494176e-05
20260917,P_FWD_BC,C_IS_BC,6,terminal_H,raw,1452,-0.0015359966240981948,-4.086934556314664e-05
20260917,P_FWD_BC,C_IS_BC,6,terminal_H,raw,1464,0.005950745469140337,0.002911025840375165
20260917,P_FWD_BC,C_IS_BC,6,terminal_H,raw,1476,-0.006177437502613186,-0.0010356119389764637
20260917,P_FWD_BC,C_IS_BC,6,terminal_H,raw,1488,0.001305405675395246,0.0006159376008734958
20260917,P_FWD_BC,C_IS_BC,6,terminal_H,raw,1500,-0.00422293036993055,-0.0006827211242270006
20260917,P_FWD_BC,C_IS_BC,6,terminal_H,raw,1512,0.0037844504526725795,0.002181519641477815
20260917,P_FWD_BC,C_IS_BC,6,terminal_H,raw,1524,0.00571742849368189,0.00200093491140097
20260917,P_FWD_BC,C_IS_BC,6,terminal_H,raw,1536,0.005912943608856928,0.0015772191813931782
20260917,P_FWD_BC,C_IS_BC,6,terminal_H,raw,1548,-6.38784621764684e-05,-0.0003640278427655331
20260917,P_FWD_BC,C_IS_BC,6,terminal_H,clip_0_1,1392,-0.003301800674624985,-0.0004741393775798806
20260917,P_FWD_BC,C_IS_BC,6,terminal_H,clip_0_1,1404,0.0002716507888351615,-0.00015120451654130644
20260917,P_FWD_BC,C_IS_BC,6,terminal_H,clip_0_1,1416,0.0007444840865233021,0.000172338813609972
20260917,P_FWD_BC,C_IS_BC,6,terminal_H,clip_0_1,1428,0.0012879920687459798,-0.00011992165752279894
20260917,P_FWD_BC,C_IS_BC,6,terminal_H,clip_0_1,1440,0.001259148324648494,-3.136547570163859e-05
20260917,P_FWD_BC,C_IS_BC,6,terminal_H,clip_0_1,1452,-0.00154025815388794,-4.0925030680605834e-05
20260917,P_FWD_BC,C_IS_BC,6,terminal_H,clip_0_1,1464,0.005856351722928173,0.002901833130315939
20260917,P_FWD_BC,C_IS_BC,6,terminal_H,clip_0_1,1476,-0.006164007429318558,-0.0010355623380875715
20260917,P_FWD_BC,C_IS_BC,6,terminal_H,clip_0_1,1488,0.001305405675395246,0.0006159376008734958
20260917,P_FWD_BC,C_IS_BC,6,terminal_H,clip_0_1,1500,-0.00422293036993055,-0.0006827211242270006
20260917,P_FWD_BC,C_IS_BC,6,terminal_H,clip_0_1,1512,0.0037844504526725795,0.002181519641477815
20260917,P_FWD_BC,C_IS_BC,6,terminal_H,clip_0_1,1524,0.00571742849368189,0.00200093491140097
20260917,P_FWD_BC,C_IS_BC,6,terminal_H,clip_0_1,1536,0.005912943608856928,0.0015772191813931782
20260917,P_FWD_BC,C_IS_BC,6,terminal_H,clip_0_1,1548,-6.38784621764684e-05,-0.0003640278427655331
20260917,P_FWD_BC,C_IS_BC,6,path_1_to_H,raw,1392,-0.003308057936640384,-0.0005291950180228966
20260917,P_FWD_BC,C_IS_BC,6,path_1_to_H,raw,1404,0.0002319048964702007,-7.23870140532445e-05
20260917,P_FWD_BC,C_IS_BC,6,path_1_to_H,raw,1416,0.0003358873665633871,5.403104856707692e-05
20260917,P_FWD_BC,C_IS_BC,6,path_1_to_H,raw,1428,0.0013546574289110274,9.134063055459707e-06
20260917,P_FWD_BC,C_IS_BC,6,path_1_to_H,raw,1440,-0.00035859456266039045,-0.00010084969558541011
20260917,P_FWD_BC,C_IS_BC,6,path_1_to_H,raw,1452,-0.0006263079309980026,-3.543675777194491e-06
20260917,P_FWD_BC,C_IS_BC,6,path_1_to_H,raw,1464,0.004466879847644951,0.002100496977434923
20260917,P_FWD_BC,C_IS_BC,6,path_1_to_H,raw,1476,-0.003966473651134712,-0.0004787966834809827
20260917,P_FWD_BC,C_IS_BC,6,path_1_to_H,raw,1488,0.0012640845262691062,0.00021699770876443803
20260917,P_FWD_BC,C_IS_BC,6,path_1_to_H,raw,1500,-0.0017455524417198064,-0.000362864289393533
20260917,P_FWD_BC,C_IS_BC,6,path_1_to_H,raw,1512,0.0018909359992387354,0.0008993384743885369
20260917,P_FWD_BC,C_IS_BC,6,path_1_to_H,raw,1524,0.0037555205543935754,0.0017526353761143766
20260917,P_FWD_BC,C_IS_BC,6,path_1_to_H,raw,1536,0.00214686256959865,0.0005600038444234675
20260917,P_FWD_BC,C_IS_BC,6,path_1_to_H,raw,1548,-0.0003419479625894618,-4.3027549110849015e-05
20260917,P_FWD_BC,C_IS_BC,6,path_1_to_H,clip_0_1,1392,-0.0034641530698672463,-0.0005352827536386148
20260917,P_FWD_BC,C_IS_BC,6,path_1_to_H,clip_0_1,1404,0.00022897145347436994,-7.241616432316915e-05
20260917,P_FWD_BC,C_IS_BC,6,path_1_to_H,clip_0_1,1416,0.0003249096868050915,5.24310040111671e-05
20260917,P_FWD_BC,C_IS_BC,6,path_1_to_H,clip_0_1,1428,0.001347032384346115,9.066785033144074e-06
20260917,P_FWD_BC,C_IS_BC,6,path_1_to_H,clip_0_1,1440,-0.0004052287818301728,-0.00010396209493556103
20260917,P_FWD_BC,C_IS_BC,6,path_1_to_H,clip_0_1,1452,-0.000614062295927949,-3.4360081960115585e-06
20260917,P_FWD_BC,C_IS_BC,6,path_1_to_H,clip_0_1,1464,0.004376880694307463,0.002093872921943928
20260917,P_FWD_BC,C_IS_BC,6,path_1_to_H,clip_0_1,1476,-0.003959285634264075,-0.0004789751097396714
20260917,P_FWD_BC,C_IS_BC,6,path_1_to_H,clip_0_1,1488,0.00125591330312533,0.00021694967326364901
20260917,P_FWD_BC,C_IS_BC,6,path_1_to_H,clip_0_1,1500,-0.0017457256332349914,-0.0003624646824959019
20260917,P_FWD_BC,C_IS_BC,6,path_1_to_H,clip_0_1,1512,0.0018640177638296824,0.0008874037454237979
20260917,P_FWD_BC,C_IS_BC,6,path_1_to_H,clip_0_1,1524,0.0037495944505855196,0.0017524350655350536
20260917,P_FWD_BC,C_IS_BC,6,path_1_to_H,clip_0_1,1536,0.002144353665762944,0.0005599934583360136
20260917,P_FWD_BC,C_IS_BC,6,path_1_to_H,clip_0_1,1548,-0.0003419479625894618,-4.3027549110849015e-05
20260917,P_FWD_BC,C_IS_BC,9,terminal_H,raw,1392,-0.0008586964256194605,-0.0004471925272207876
20260917,P_FWD_BC,C_IS_BC,9,terminal_H,raw,1404,0.0006267886458617682,0.00016637236714417858
20260917,P_FWD_BC,C_IS_BC,9,terminal_H,raw,1416,0.003484297566593644,0.0006422733096413141
20260917,P_FWD_BC,C_IS_BC,9,terminal_H,raw,1428,0.0025506638414846215,0.00011844761992422736
20260917,P_FWD_BC,C_IS_BC,9,terminal_H,raw,1440,-0.002028764542556831,-0.00032333284251572387
20260917,P_FWD_BC,C_IS_BC,9,terminal_H,raw,1452,0.005828586519360644,0.000672098255980935
20260917,P_FWD_BC,C_IS_BC,9,terminal_H,raw,1464,0.0046692420892628,0.0025220588895347837
20260917,P_FWD_BC,C_IS_BC,9,terminal_H,raw,1476,-0.008523292819245623,-0.0020559603971832627
20260917,P_FWD_BC,C_IS_BC,9,terminal_H,raw,1488,-0.004506648357942979,-0.000828901929338325
20260917,P_FWD_BC,C_IS_BC,9,terminal_H,raw,1500,-0.0051333799199237695,-0.0008828036456229806
20260917,P_FWD_BC,C_IS_BC,9,terminal_H,raw,1512,0.006170195441910962,0.0027903235518904976
20260917,P_FWD_BC,C_IS_BC,9,terminal_H,raw,1524,0.007819023361587175,0.0032527243853419886
20260917,P_FWD_BC,C_IS_BC,9,terminal_H,raw,1536,0.006064145447480865,0.0015186214117723044
20260917,P_FWD_BC,C_IS_BC,9,terminal_H,raw,1548,0.0035376903511921674,0.0006139790157942546
20260917,P_FWD_BC,C_IS_BC,9,terminal_H,clip_0_1,1392,-0.0008698847557733116,-0.00044721825970595405
20260917,P_FWD_BC,C_IS_BC,9,terminal_H,clip_0_1,1404,0.000573293280609017,0.00015666949029120291
20260917,P_FWD_BC,C_IS_BC,9,terminal_H,clip_0_1,1416,0.003484297566593644,0.0006422733096413141
20260917,P_FWD_BC,C_IS_BC,9,terminal_H,clip_0_1,1428,0.0024135133474258133,9.943056054369177e-05
20260917,P_FWD_BC,C_IS_BC,9,terminal_H,clip_0_1,1440,-0.002028764542556831,-0.00032333284251572387
20260917,P_FWD_BC,C_IS_BC,9,terminal_H,clip_0_1,1452,0.005717467420463489,0.0006663144197873144
20260917,P_FWD_BC,C_IS_BC,9,terminal_H,clip_0_1,1464,0.0046692420892628,0.0025220588895347837
20260917,P_FWD_BC,C_IS_BC,9,terminal_H,clip_0_1,1476,-0.008577877578995585,-0.002056779758582427
20260917,P_FWD_BC,C_IS_BC,9,terminal_H,clip_0_1,1488,-0.004506648357942979,-0.000828901929338325
20260917,P_FWD_BC,C_IS_BC,9,terminal_H,clip_0_1,1500,-0.0051333799199237695,-0.0008828036456229806
20260917,P_FWD_BC,C_IS_BC,9,terminal_H,clip_0_1,1512,0.006170195441910962,0.0027903235518904976
20260917,P_FWD_BC,C_IS_BC,9,terminal_H,clip_0_1,1524,0.007819023361587175,0.0032527243853419886
20260917,P_FWD_BC,C_IS_BC,9,terminal_H,clip_0_1,1536,0.006064145447480865,0.0015186214117723044
20260917,P_FWD_BC,C_IS_BC,9,terminal_H,clip_0_1,1548,0.0035376903511921674,0.0006139790157942546
20260917,P_FWD_BC,C_IS_BC,9,path_1_to_H,raw,1392,-0.0025551326895968986,-0.0002765372812640778
20260917,P_FWD_BC,C_IS_BC,9,path_1_to_H,raw,1404,0.0003525270513604166,-3.190046513343331e-05
20260917,P_FWD_BC,C_IS_BC,9,path_1_to_H,raw,1416,0.0009701419037185226,0.00017425420177223026
20260917,P_FWD_BC,C_IS_BC,9,path_1_to_H,raw,1428,0.0020648006501497902,8.437789817572784e-05
20260917,P_FWD_BC,C_IS_BC,9,path_1_to_H,raw,1440,-0.0002291938406099502,-0.00010861044743235915
20260917,P_FWD_BC,C_IS_BC,9,path_1_to_H,raw,1452,0.0005324290456912448,0.0001258990589357837
20260917,P_FWD_BC,C_IS_BC,9,path_1_to_H,raw,1464,0.00478927486810867,0.0023401225385601835
20260917,P_FWD_BC,C_IS_BC,9,path_1_to_H,raw,1476,-0.005229394951590041,-0.000896489551466342
20260917,P_FWD_BC,C_IS_BC,9,path_1_to_H,raw,1488,-5.526953309705235e-05,-4.010434566302559e-05
20260917,P_FWD_BC,C_IS_BC,9,path_1_to_H,raw,1500,-0.002744803730791618,-0.0004690434716554204
20260917,P_FWD_BC,C_IS_BC,9,path_1_to_H,raw,1512,0.0027708024321668415,0.0014072750325124835
20260917,P_FWD_BC,C_IS_BC,9,path_1_to_H,raw,1524,0.005004450364889471,0.0021040702293790062
20260917,P_FWD_BC,C_IS_BC,9,path_1_to_H,raw,1536,0.003373988840782753,0.0008769404174346818
20260917,P_FWD_BC,C_IS_BC,9,path_1_to_H,raw,1548,0.0004850913182479478,0.0001405840645178288
20260917,P_FWD_BC,C_IS_BC,9,path_1_to_H,clip_0_1,1392,-0.0026846697503465364,-0.0002812432750991941
20260917,P_FWD_BC,C_IS_BC,9,path_1_to_H,clip_0_1,1404,0.0003446274932240016,-3.299799607482481e-05
20260917,P_FWD_BC,C_IS_BC,9,path_1_to_H,clip_0_1,1416,0.0009570249729807847,0.00017273097696030934
20260917,P_FWD_BC,C_IS_BC,9,path_1_to_H,clip_0_1,1428,0.0020444474878796083,8.22194667303251e-05
20260917,P_FWD_BC,C_IS_BC,9,path_1_to_H,clip_0_1,1440,-0.0002762407906720352,-0.00011217289735212118
20260917,P_FWD_BC,C_IS_BC,9,path_1_to_H,clip_0_1,1452,0.0005090639115010399,0.00012465335863101498
20260917,P_FWD_BC,C_IS_BC,9,path_1_to_H,clip_0_1,1464,0.004725909149063616,0.0023356784552015174
20260917,P_FWD_BC,C_IS_BC,9,path_1_to_H,clip_0_1,1476,-0.005232742271594378,-0.0008967161929832497
20260917,P_FWD_BC,C_IS_BC,9,path_1_to_H,clip_0_1,1488,-6.0717015192903306e-05,-4.013636933021826e-05
20260917,P_FWD_BC,C_IS_BC,9,path_1_to_H,clip_0_1,1500,-0.002744919191801741,-0.0004687770670569996
20260917,P_FWD_BC,C_IS_BC,9,path_1_to_H,clip_0_1,1512,0.0027528569418941396,0.0013993185465359908
20260917,P_FWD_BC,C_IS_BC,9,path_1_to_H,clip_0_1,1524,0.005000499629017435,0.0021039366889927906
20260917,P_FWD_BC,C_IS_BC,9,path_1_to_H,clip_0_1,1536,0.003372316238225615,0.0008769334933763792
20260917,P_FWD_BC,C_IS_BC,9,path_1_to_H,clip_0_1,1548,0.0004850913182479478,0.0001405840645178288
20260917,P_FWD_BC,C_IS_BC,12,terminal_H,raw,1392,0.0004013881260489104,-0.00020866004548056983
20260917,P_FWD_BC,C_IS_BC,12,terminal_H,raw,1404,-0.0006005374291959392,-0.0001118596807988952
20260917,P_FWD_BC,C_IS_BC,12,terminal_H,raw,1416,0.0047440992926297935,0.0005238383353091721
20260917,P_FWD_BC,C_IS_BC,12,terminal_H,raw,1428,0.0009108172495524534,7.712022065659786e-05
20260917,P_FWD_BC,C_IS_BC,12,terminal_H,raw,1440,-0.0003066096222881187,0.00012891866970729619
20260917,P_FWD_BC,C_IS_BC,12,terminal_H,raw,1452,0.0017047578062756436,0.00017887253345503007
20260917,P_FWD_BC,C_IS_BC,12,terminal_H,raw,1464,0.00563244337177321,0.0027613249406917635
20260917,P_FWD_BC,C_IS_BC,12,terminal_H,raw,1476,-0.0077453954592575334,-0.002198602416546551
20260917,P_FWD_BC,C_IS_BC,12,terminal_H,raw,1488,-0.005341854194394398,-0.0006498850580426947
20260917,P_FWD_BC,C_IS_BC,12,terminal_H,raw,1500,-0.005315670650678458,-0.0002280647149471654
20260917,P_FWD_BC,C_IS_BC,12,terminal_H,raw,1512,0.0040491842689504036,0.0015049950063016286
20260917,P_FWD_BC,C_IS_BC,12,terminal_H,raw,1524,0.008467409818097038,0.0036811822485330334
20260917,P_FWD_BC,C_IS_BC,12,terminal_H,raw,1536,0.00587391197256892,0.0014589796679071061
20260917,P_FWD_BC,C_IS_BC,12,terminal_H,raw,1548,0.005439182077387394,0.0014914018961827496
20260917,P_FWD_BC,C_IS_BC,12,terminal_H,clip_0_1,1392,0.0004013881260489104,-0.00020866004548056983
20260917,P_FWD_BC,C_IS_BC,12,terminal_H,clip_0_1,1404,-0.0006917165328640284,-0.00012801600586903933
20260917,P_FWD_BC,C_IS_BC,12,terminal_H,clip_0_1,1416,0.0047440992926297935,0.0005238383353091721
20260917,P_FWD_BC,C_IS_BC,12,terminal_H,clip_0_1,1428,0.0007292432521974106,5.455316869415823e-05
20260917,P_FWD_BC,C_IS_BC,12,terminal_H,clip_0_1,1440,-0.0003066096222881187,0.00012891866970729619
20260917,P_FWD_BC,C_IS_BC,12,terminal_H,clip_0_1,1452,0.001643854089270945,0.00017565304207741778
20260917,P_FWD_BC,C_IS_BC,12,terminal_H,clip_0_1,1464,0.00563244337177321,0.0027613249406917635
20260917,P_FWD_BC,C_IS_BC,12,terminal_H,clip_0_1,1476,-0.0077453954592575334,-0.002198602416546551
20260917,P_FWD_BC,C_IS_BC,12,terminal_H,clip_0_1,1488,-0.005341854194394398,-0.0006498850580426947
20260917,P_FWD_BC,C_IS_BC,12,terminal_H,clip_0_1,1500,-0.005365475518576047,-0.0002287468592853969
20260917,P_FWD_BC,C_IS_BC,12,terminal_H,clip_0_1,1512,0.0040491842689504036,0.0015049950063016286
20260917,P_FWD_BC,C_IS_BC,12,terminal_H,clip_0_1,1524,0.008467409818097038,0.0036811822485330334
20260917,P_FWD_BC,C_IS_BC,12,terminal_H,clip_0_1,1536,0.00587391197256892,0.0014589796679071061
20260917,P_FWD_BC,C_IS_BC,12,terminal_H,clip_0_1,1548,0.005396152945278112,0.0014830338085138881
20260917,P_FWD_BC,C_IS_BC,12,path_1_to_H,raw,1392,-0.001759598880536485,-0.00023452538567310516
20260917,P_FWD_BC,C_IS_BC,12,path_1_to_H,raw,1404,0.00020074104228113735,-3.201651951651283e-05
20260917,P_FWD_BC,C_IS_BC,12,path_1_to_H,raw,1416,0.0018247862613286249,0.00027898911263331527
20260917,P_FWD_BC,C_IS_BC,12,path_1_to_H,raw,1428,0.0019163565997278207,9.802574141052646e-05
20260917,P_FWD_BC,C_IS_BC,12,path_1_to_H,raw,1440,-0.0002975289094042855,-6.632980326544869e-05
20260917,P_FWD_BC,C_IS_BC,12,path_1_to_H,raw,1452,0.0012398103135872304,0.00020026664582849132
20260917,P_FWD_BC,C_IS_BC,12,path_1_to_H,raw,1464,0.005009397166227229,0.002450160366448883
20260917,P_FWD_BC,C_IS_BC,12,path_1_to_H,raw,1476,-0.005931392318279731,-0.001189255627943882
20260917,P_FWD_BC,C_IS_BC,12,path_1_to_H,raw,1488,-0.0012213910866364427,-0.00015791619519793708
20260917,P_FWD_BC,C_IS_BC,12,path_1_to_H,raw,1500,-0.003571329939723225,-0.0005477991132060686
20260917,P_FWD_BC,C_IS_BC,12,path_1_to_H,raw,1512,0.0031374407968158607,0.0014280817712592681
20260917,P_FWD_BC,C_IS_BC,12,path_1_to_H,raw,1524,0.005738209642891167,0.0024337767785128205
20260917,P_FWD_BC,C_IS_BC,12,path_1_to_H,raw,1536,0.003089867861374786,0.0008249852647809547
20260917,P_FWD_BC,C_IS_BC,12,path_1_to_H,raw,1548,0.0015527836186853732,0.00039070198592426885
20260917,P_FWD_BC,C_IS_BC,12,path_1_to_H,clip_0_1,1392,-0.001856751676098713,-0.00023805488104944238
20260917,P_FWD_BC,C_IS_BC,12,path_1_to_H,clip_0_1,1404,0.00018114467780810616,-3.5112104231070205e-05
20260917,P_FWD_BC,C_IS_BC,12,path_1_to_H,clip_0_1,1416,0.0018149485632753212,0.0002778466940243746
20260917,P_FWD_BC,C_IS_BC,12,path_1_to_H,clip_0_1,1428,0.0018527003085041947,8.847271435444755e-05
20260917,P_FWD_BC,C_IS_BC,12,path_1_to_H,clip_0_1,1440,-0.0003328141219508493,-6.90016407052702e-05
20260917,P_FWD_BC,C_IS_BC,12,path_1_to_H,clip_0_1,1452,0.0012041337119825001,0.00019837864943940512
20260917,P_FWD_BC,C_IS_BC,12,path_1_to_H,clip_0_1,1464,0.00496187287694344,0.002446827303929883
20260917,P_FWD_BC,C_IS_BC,12,path_1_to_H,clip_0_1,1476,-0.0059380651918384975,-0.0011894754011741995
20260917,P_FWD_BC,C_IS_BC,12,path_1_to_H,clip_0_1,1488,-0.0012254766982083309,-0.00015794021294833157
20260917,P_FWD_BC,C_IS_BC,12,path_1_to_H,clip_0_1,1500,-0.0035755669411389494,-0.0005476561551187724
20260917,P_FWD_BC,C_IS_BC,12,path_1_to_H,clip_0_1,1512,0.003123981679111334,0.0014221144067768986
20260917,P_FWD_BC,C_IS_BC,12,path_1_to_H,clip_0_1,1524,0.005735246590987138,0.0024336766232231585
20260917,P_FWD_BC,C_IS_BC,12,path_1_to_H,clip_0_1,1536,0.003088613409456933,0.0008249800717372278
20260917,P_FWD_BC,C_IS_BC,12,path_1_to_H,clip_0_1,1548,0.0015336689649996782,0.0003865932793393288
20260917,P_FWD_BC,C_FWD_BC,3,terminal_H,raw,1392,0.0,0.0
20260917,P_FWD_BC,C_FWD_BC,3,terminal_H,raw,1404,0.0,0.0
20260917,P_FWD_BC,C_FWD_BC,3,terminal_H,raw,1416,0.0,0.0
20260917,P_FWD_BC,C_FWD_BC,3,terminal_H,raw,1428,0.0,0.0
20260917,P_FWD_BC,C_FWD_BC,3,terminal_H,raw,1440,0.0,0.0
20260917,P_FWD_BC,C_FWD_BC,3,terminal_H,raw,1452,0.0,0.0
20260917,P_FWD_BC,C_FWD_BC,3,terminal_H,raw,1464,0.0,0.0
20260917,P_FWD_BC,C_FWD_BC,3,terminal_H,raw,1476,0.0,0.0
20260917,P_FWD_BC,C_FWD_BC,3,terminal_H,raw,1488,0.0,0.0
20260917,P_FWD_BC,C_FWD_BC,3,terminal_H,raw,1500,0.0,0.0
20260917,P_FWD_BC,C_FWD_BC,3,terminal_H,raw,1512,0.0,0.0
20260917,P_FWD_BC,C_FWD_BC,3,terminal_H,raw,1524,0.0,0.0
20260917,P_FWD_BC,C_FWD_BC,3,terminal_H,raw,1536,0.0,0.0
20260917,P_FWD_BC,C_FWD_BC,3,terminal_H,raw,1548,0.0,0.0
20260917,P_FWD_BC,C_FWD_BC,3,terminal_H,clip_0_1,1392,0.0,0.0
20260917,P_FWD_BC,C_FWD_BC,3,terminal_H,clip_0_1,1404,0.0,0.0
20260917,P_FWD_BC,C_FWD_BC,3,terminal_H,clip_0_1,1416,0.0,0.0
20260917,P_FWD_BC,C_FWD_BC,3,terminal_H,clip_0_1,1428,0.0,0.0
20260917,P_FWD_BC,C_FWD_BC,3,terminal_H,clip_0_1,1440,0.0,0.0
20260917,P_FWD_BC,C_FWD_BC,3,terminal_H,clip_0_1,1452,0.0,0.0
20260917,P_FWD_BC,C_FWD_BC,3,terminal_H,clip_0_1,1464,0.0,0.0
20260917,P_FWD_BC,C_FWD_BC,3,terminal_H,clip_0_1,1476,0.0,0.0
20260917,P_FWD_BC,C_FWD_BC,3,terminal_H,clip_0_1,1488,0.0,0.0
20260917,P_FWD_BC,C_FWD_BC,3,terminal_H,clip_0_1,1500,0.0,0.0
20260917,P_FWD_BC,C_FWD_BC,3,terminal_H,clip_0_1,1512,0.0,0.0
20260917,P_FWD_BC,C_FWD_BC,3,terminal_H,clip_0_1,1524,0.0,0.0
20260917,P_FWD_BC,C_FWD_BC,3,terminal_H,clip_0_1,1536,0.0,0.0
20260917,P_FWD_BC,C_FWD_BC,3,terminal_H,clip_0_1,1548,0.0,0.0
20260917,P_FWD_BC,C_FWD_BC,3,path_1_to_H,raw,1392,0.0,0.0
20260917,P_FWD_BC,C_FWD_BC,3,path_1_to_H,raw,1404,0.0,0.0
20260917,P_FWD_BC,C_FWD_BC,3,path_1_to_H,raw,1416,0.0,0.0
20260917,P_FWD_BC,C_FWD_BC,3,path_1_to_H,raw,1428,0.0,0.0
20260917,P_FWD_BC,C_FWD_BC,3,path_1_to_H,raw,1440,0.0,0.0
20260917,P_FWD_BC,C_FWD_BC,3,path_1_to_H,raw,1452,0.0,0.0
20260917,P_FWD_BC,C_FWD_BC,3,path_1_to_H,raw,1464,0.0,0.0
20260917,P_FWD_BC,C_FWD_BC,3,path_1_to_H,raw,1476,0.0,0.0
20260917,P_FWD_BC,C_FWD_BC,3,path_1_to_H,raw,1488,0.0,0.0
20260917,P_FWD_BC,C_FWD_BC,3,path_1_to_H,raw,1500,0.0,0.0
20260917,P_FWD_BC,C_FWD_BC,3,path_1_to_H,raw,1512,0.0,0.0
20260917,P_FWD_BC,C_FWD_BC,3,path_1_to_H,raw,1524,0.0,0.0
20260917,P_FWD_BC,C_FWD_BC,3,path_1_to_H,raw,1536,0.0,0.0
20260917,P_FWD_BC,C_FWD_BC,3,path_1_to_H,raw,1548,0.0,0.0
20260917,P_FWD_BC,C_FWD_BC,3,path_1_to_H,clip_0_1,1392,0.0,0.0
20260917,P_FWD_BC,C_FWD_BC,3,path_1_to_H,clip_0_1,1404,0.0,0.0
20260917,P_FWD_BC,C_FWD_BC,3,path_1_to_H,clip_0_1,1416,0.0,0.0
20260917,P_FWD_BC,C_FWD_BC,3,path_1_to_H,clip_0_1,1428,0.0,0.0
20260917,P_FWD_BC,C_FWD_BC,3,path_1_to_H,clip_0_1,1440,0.0,0.0
20260917,P_FWD_BC,C_FWD_BC,3,path_1_to_H,clip_0_1,1452,0.0,0.0
20260917,P_FWD_BC,C_FWD_BC,3,path_1_to_H,clip_0_1,1464,0.0,0.0
20260917,P_FWD_BC,C_FWD_BC,3,path_1_to_H,clip_0_1,1476,0.0,0.0
20260917,P_FWD_BC,C_FWD_BC,3,path_1_to_H,clip_0_1,1488,0.0,0.0
20260917,P_FWD_BC,C_FWD_BC,3,path_1_to_H,clip_0_1,1500,0.0,0.0
20260917,P_FWD_BC,C_FWD_BC,3,path_1_to_H,clip_0_1,1512,0.0,0.0
20260917,P_FWD_BC,C_FWD_BC,3,path_1_to_H,clip_0_1,1524,0.0,0.0
20260917,P_FWD_BC,C_FWD_BC,3,path_1_to_H,clip_0_1,1536,0.0,0.0
20260917,P_FWD_BC,C_FWD_BC,3,path_1_to_H,clip_0_1,1548,0.0,0.0
20260917,P_FWD_BC,C_FWD_BC,6,terminal_H,raw,1392,0.0,0.0
20260917,P_FWD_BC,C_FWD_BC,6,terminal_H,raw,1404,0.0,0.0
20260917,P_FWD_BC,C_FWD_BC,6,terminal_H,raw,1416,0.0,0.0
20260917,P_FWD_BC,C_FWD_BC,6,terminal_H,raw,1428,0.0,0.0
20260917,P_FWD_BC,C_FWD_BC,6,terminal_H,raw,1440,0.0,0.0
20260917,P_FWD_BC,C_FWD_BC,6,terminal_H,raw,1452,0.0,0.0
20260917,P_FWD_BC,C_FWD_BC,6,terminal_H,raw,1464,0.0,0.0
20260917,P_FWD_BC,C_FWD_BC,6,terminal_H,raw,1476,0.0,0.0
20260917,P_FWD_BC,C_FWD_BC,6,terminal_H,raw,1488,0.0,0.0
20260917,P_FWD_BC,C_FWD_BC,6,terminal_H,raw,1500,0.0,0.0
20260917,P_FWD_BC,C_FWD_BC,6,terminal_H,raw,1512,0.0,0.0
20260917,P_FWD_BC,C_FWD_BC,6,terminal_H,raw,1524,0.0,0.0
20260917,P_FWD_BC,C_FWD_BC,6,terminal_H,raw,1536,0.0,0.0
20260917,P_FWD_BC,C_FWD_BC,6,terminal_H,raw,1548,0.0,0.0
20260917,P_FWD_BC,C_FWD_BC,6,terminal_H,clip_0_1,1392,0.0,0.0
20260917,P_FWD_BC,C_FWD_BC,6,terminal_H,clip_0_1,1404,0.0,0.0
20260917,P_FWD_BC,C_FWD_BC,6,terminal_H,clip_0_1,1416,0.0,0.0
20260917,P_FWD_BC,C_FWD_BC,6,terminal_H,clip_0_1,1428,0.0,0.0
20260917,P_FWD_BC,C_FWD_BC,6,terminal_H,clip_0_1,1440,0.0,0.0
20260917,P_FWD_BC,C_FWD_BC,6,terminal_H,clip_0_1,1452,0.0,0.0
20260917,P_FWD_BC,C_FWD_BC,6,terminal_H,clip_0_1,1464,0.0,0.0
20260917,P_FWD_BC,C_FWD_BC,6,terminal_H,clip_0_1,1476,0.0,0.0
20260917,P_FWD_BC,C_FWD_BC,6,terminal_H,clip_0_1,1488,0.0,0.0
20260917,P_FWD_BC,C_FWD_BC,6,terminal_H,clip_0_1,1500,0.0,0.0
20260917,P_FWD_BC,C_FWD_BC,6,terminal_H,clip_0_1,1512,0.0,0.0
20260917,P_FWD_BC,C_FWD_BC,6,terminal_H,clip_0_1,1524,0.0,0.0
20260917,P_FWD_BC,C_FWD_BC,6,terminal_H,clip_0_1,1536,0.0,0.0
20260917,P_FWD_BC,C_FWD_BC,6,terminal_H,clip_0_1,1548,0.0,0.0
20260917,P_FWD_BC,C_FWD_BC,6,path_1_to_H,raw,1392,0.0,0.0
20260917,P_FWD_BC,C_FWD_BC,6,path_1_to_H,raw,1404,0.0,0.0
20260917,P_FWD_BC,C_FWD_BC,6,path_1_to_H,raw,1416,0.0,0.0
20260917,P_FWD_BC,C_FWD_BC,6,path_1_to_H,raw,1428,0.0,0.0
20260917,P_FWD_BC,C_FWD_BC,6,path_1_to_H,raw,1440,0.0,0.0
20260917,P_FWD_BC,C_FWD_BC,6,path_1_to_H,raw,1452,0.0,0.0
20260917,P_FWD_BC,C_FWD_BC,6,path_1_to_H,raw,1464,0.0,0.0
20260917,P_FWD_BC,C_FWD_BC,6,path_1_to_H,raw,1476,0.0,0.0
20260917,P_FWD_BC,C_FWD_BC,6,path_1_to_H,raw,1488,0.0,0.0
20260917,P_FWD_BC,C_FWD_BC,6,path_1_to_H,raw,1500,0.0,0.0
20260917,P_FWD_BC,C_FWD_BC,6,path_1_to_H,raw,1512,0.0,0.0
20260917,P_FWD_BC,C_FWD_BC,6,path_1_to_H,raw,1524,0.0,0.0
20260917,P_FWD_BC,C_FWD_BC,6,path_1_to_H,raw,1536,0.0,0.0
20260917,P_FWD_BC,C_FWD_BC,6,path_1_to_H,raw,1548,0.0,0.0
20260917,P_FWD_BC,C_FWD_BC,6,path_1_to_H,clip_0_1,1392,0.0,0.0
20260917,P_FWD_BC,C_FWD_BC,6,path_1_to_H,clip_0_1,1404,0.0,0.0
20260917,P_FWD_BC,C_FWD_BC,6,path_1_to_H,clip_0_1,1416,0.0,0.0
20260917,P_FWD_BC,C_FWD_BC,6,path_1_to_H,clip_0_1,1428,0.0,0.0
20260917,P_FWD_BC,C_FWD_BC,6,path_1_to_H,clip_0_1,1440,0.0,0.0
20260917,P_FWD_BC,C_FWD_BC,6,path_1_to_H,clip_0_1,1452,0.0,0.0
20260917,P_FWD_BC,C_FWD_BC,6,path_1_to_H,clip_0_1,1464,0.0,0.0
20260917,P_FWD_BC,C_FWD_BC,6,path_1_to_H,clip_0_1,1476,0.0,0.0
20260917,P_FWD_BC,C_FWD_BC,6,path_1_to_H,clip_0_1,1488,0.0,0.0
20260917,P_FWD_BC,C_FWD_BC,6,path_1_to_H,clip_0_1,1500,0.0,0.0
20260917,P_FWD_BC,C_FWD_BC,6,path_1_to_H,clip_0_1,1512,0.0,0.0
20260917,P_FWD_BC,C_FWD_BC,6,path_1_to_H,clip_0_1,1524,0.0,0.0
20260917,P_FWD_BC,C_FWD_BC,6,path_1_to_H,clip_0_1,1536,0.0,0.0
20260917,P_FWD_BC,C_FWD_BC,6,path_1_to_H,clip_0_1,1548,0.0,0.0
20260917,P_FWD_BC,C_FWD_BC,9,terminal_H,raw,1392,0.0,0.0
20260917,P_FWD_BC,C_FWD_BC,9,terminal_H,raw,1404,0.0,0.0
20260917,P_FWD_BC,C_FWD_BC,9,terminal_H,raw,1416,0.0,0.0
20260917,P_FWD_BC,C_FWD_BC,9,terminal_H,raw,1428,0.0,0.0
20260917,P_FWD_BC,C_FWD_BC,9,terminal_H,raw,1440,0.0,0.0
20260917,P_FWD_BC,C_FWD_BC,9,terminal_H,raw,1452,0.0,0.0
20260917,P_FWD_BC,C_FWD_BC,9,terminal_H,raw,1464,0.0,0.0
20260917,P_FWD_BC,C_FWD_BC,9,terminal_H,raw,1476,0.0,0.0
20260917,P_FWD_BC,C_FWD_BC,9,terminal_H,raw,1488,0.0,0.0
20260917,P_FWD_BC,C_FWD_BC,9,terminal_H,raw,1500,0.0,0.0
20260917,P_FWD_BC,C_FWD_BC,9,terminal_H,raw,1512,0.0,0.0
20260917,P_FWD_BC,C_FWD_BC,9,terminal_H,raw,1524,0.0,0.0
20260917,P_FWD_BC,C_FWD_BC,9,terminal_H,raw,1536,0.0,0.0
20260917,P_FWD_BC,C_FWD_BC,9,terminal_H,raw,1548,0.0,0.0
20260917,P_FWD_BC,C_FWD_BC,9,terminal_H,clip_0_1,1392,0.0,0.0
20260917,P_FWD_BC,C_FWD_BC,9,terminal_H,clip_0_1,1404,0.0,0.0
20260917,P_FWD_BC,C_FWD_BC,9,terminal_H,clip_0_1,1416,0.0,0.0
20260917,P_FWD_BC,C_FWD_BC,9,terminal_H,clip_0_1,1428,0.0,0.0
20260917,P_FWD_BC,C_FWD_BC,9,terminal_H,clip_0_1,1440,0.0,0.0
20260917,P_FWD_BC,C_FWD_BC,9,terminal_H,clip_0_1,1452,0.0,0.0
20260917,P_FWD_BC,C_FWD_BC,9,terminal_H,clip_0_1,1464,0.0,0.0
20260917,P_FWD_BC,C_FWD_BC,9,terminal_H,clip_0_1,1476,0.0,0.0
20260917,P_FWD_BC,C_FWD_BC,9,terminal_H,clip_0_1,1488,0.0,0.0
20260917,P_FWD_BC,C_FWD_BC,9,terminal_H,clip_0_1,1500,0.0,0.0
20260917,P_FWD_BC,C_FWD_BC,9,terminal_H,clip_0_1,1512,0.0,0.0
20260917,P_FWD_BC,C_FWD_BC,9,terminal_H,clip_0_1,1524,0.0,0.0
20260917,P_FWD_BC,C_FWD_BC,9,terminal_H,clip_0_1,1536,0.0,0.0
20260917,P_FWD_BC,C_FWD_BC,9,terminal_H,clip_0_1,1548,0.0,0.0
20260917,P_FWD_BC,C_FWD_BC,9,path_1_to_H,raw,1392,0.0,0.0
20260917,P_FWD_BC,C_FWD_BC,9,path_1_to_H,raw,1404,0.0,0.0
20260917,P_FWD_BC,C_FWD_BC,9,path_1_to_H,raw,1416,0.0,0.0
20260917,P_FWD_BC,C_FWD_BC,9,path_1_to_H,raw,1428,0.0,0.0
20260917,P_FWD_BC,C_FWD_BC,9,path_1_to_H,raw,1440,0.0,0.0
20260917,P_FWD_BC,C_FWD_BC,9,path_1_to_H,raw,1452,0.0,0.0
20260917,P_FWD_BC,C_FWD_BC,9,path_1_to_H,raw,1464,0.0,0.0
20260917,P_FWD_BC,C_FWD_BC,9,path_1_to_H,raw,1476,0.0,0.0
20260917,P_FWD_BC,C_FWD_BC,9,path_1_to_H,raw,1488,0.0,0.0
20260917,P_FWD_BC,C_FWD_BC,9,path_1_to_H,raw,1500,0.0,0.0
20260917,P_FWD_BC,C_FWD_BC,9,path_1_to_H,raw,1512,0.0,0.0
20260917,P_FWD_BC,C_FWD_BC,9,path_1_to_H,raw,1524,0.0,0.0
20260917,P_FWD_BC,C_FWD_BC,9,path_1_to_H,raw,1536,0.0,0.0
20260917,P_FWD_BC,C_FWD_BC,9,path_1_to_H,raw,1548,0.0,0.0
20260917,P_FWD_BC,C_FWD_BC,9,path_1_to_H,clip_0_1,1392,0.0,0.0
20260917,P_FWD_BC,C_FWD_BC,9,path_1_to_H,clip_0_1,1404,0.0,0.0
20260917,P_FWD_BC,C_FWD_BC,9,path_1_to_H,clip_0_1,1416,0.0,0.0
20260917,P_FWD_BC,C_FWD_BC,9,path_1_to_H,clip_0_1,1428,0.0,0.0
20260917,P_FWD_BC,C_FWD_BC,9,path_1_to_H,clip_0_1,1440,0.0,0.0
20260917,P_FWD_BC,C_FWD_BC,9,path_1_to_H,clip_0_1,1452,0.0,0.0
20260917,P_FWD_BC,C_FWD_BC,9,path_1_to_H,clip_0_1,1464,0.0,0.0
20260917,P_FWD_BC,C_FWD_BC,9,path_1_to_H,clip_0_1,1476,0.0,0.0
20260917,P_FWD_BC,C_FWD_BC,9,path_1_to_H,clip_0_1,1488,0.0,0.0
20260917,P_FWD_BC,C_FWD_BC,9,path_1_to_H,clip_0_1,1500,0.0,0.0
20260917,P_FWD_BC,C_FWD_BC,9,path_1_to_H,clip_0_1,1512,0.0,0.0
20260917,P_FWD_BC,C_FWD_BC,9,path_1_to_H,clip_0_1,1524,0.0,0.0
20260917,P_FWD_BC,C_FWD_BC,9,path_1_to_H,clip_0_1,1536,0.0,0.0
20260917,P_FWD_BC,C_FWD_BC,9,path_1_to_H,clip_0_1,1548,0.0,0.0
20260917,P_FWD_BC,C_FWD_BC,12,terminal_H,raw,1392,0.0,0.0
20260917,P_FWD_BC,C_FWD_BC,12,terminal_H,raw,1404,0.0,0.0
20260917,P_FWD_BC,C_FWD_BC,12,terminal_H,raw,1416,0.0,0.0
20260917,P_FWD_BC,C_FWD_BC,12,terminal_H,raw,1428,0.0,0.0
20260917,P_FWD_BC,C_FWD_BC,12,terminal_H,raw,1440,0.0,0.0
20260917,P_FWD_BC,C_FWD_BC,12,terminal_H,raw,1452,0.0,0.0
20260917,P_FWD_BC,C_FWD_BC,12,terminal_H,raw,1464,0.0,0.0
20260917,P_FWD_BC,C_FWD_BC,12,terminal_H,raw,1476,0.0,0.0
20260917,P_FWD_BC,C_FWD_BC,12,terminal_H,raw,1488,0.0,0.0
20260917,P_FWD_BC,C_FWD_BC,12,terminal_H,raw,1500,0.0,0.0
20260917,P_FWD_BC,C_FWD_BC,12,terminal_H,raw,1512,0.0,0.0
20260917,P_FWD_BC,C_FWD_BC,12,terminal_H,raw,1524,0.0,0.0
20260917,P_FWD_BC,C_FWD_BC,12,terminal_H,raw,1536,0.0,0.0
20260917,P_FWD_BC,C_FWD_BC,12,terminal_H,raw,1548,0.0,0.0
20260917,P_FWD_BC,C_FWD_BC,12,terminal_H,clip_0_1,1392,0.0,0.0
20260917,P_FWD_BC,C_FWD_BC,12,terminal_H,clip_0_1,1404,0.0,0.0
20260917,P_FWD_BC,C_FWD_BC,12,terminal_H,clip_0_1,1416,0.0,0.0
20260917,P_FWD_BC,C_FWD_BC,12,terminal_H,clip_0_1,1428,0.0,0.0
20260917,P_FWD_BC,C_FWD_BC,12,terminal_H,clip_0_1,1440,0.0,0.0
20260917,P_FWD_BC,C_FWD_BC,12,terminal_H,clip_0_1,1452,0.0,0.0
20260917,P_FWD_BC,C_FWD_BC,12,terminal_H,clip_0_1,1464,0.0,0.0
20260917,P_FWD_BC,C_FWD_BC,12,terminal_H,clip_0_1,1476,0.0,0.0
20260917,P_FWD_BC,C_FWD_BC,12,terminal_H,clip_0_1,1488,0.0,0.0
20260917,P_FWD_BC,C_FWD_BC,12,terminal_H,clip_0_1,1500,0.0,0.0
20260917,P_FWD_BC,C_FWD_BC,12,terminal_H,clip_0_1,1512,0.0,0.0
20260917,P_FWD_BC,C_FWD_BC,12,terminal_H,clip_0_1,1524,0.0,0.0
20260917,P_FWD_BC,C_FWD_BC,12,terminal_H,clip_0_1,1536,0.0,0.0
20260917,P_FWD_BC,C_FWD_BC,12,terminal_H,clip_0_1,1548,0.0,0.0
20260917,P_FWD_BC,C_FWD_BC,12,path_1_to_H,raw,1392,0.0,0.0
20260917,P_FWD_BC,C_FWD_BC,12,path_1_to_H,raw,1404,0.0,0.0
20260917,P_FWD_BC,C_FWD_BC,12,path_1_to_H,raw,1416,0.0,0.0
20260917,P_FWD_BC,C_FWD_BC,12,path_1_to_H,raw,1428,0.0,0.0
20260917,P_FWD_BC,C_FWD_BC,12,path_1_to_H,raw,1440,0.0,0.0
20260917,P_FWD_BC,C_FWD_BC,12,path_1_to_H,raw,1452,0.0,0.0
20260917,P_FWD_BC,C_FWD_BC,12,path_1_to_H,raw,1464,0.0,0.0
20260917,P_FWD_BC,C_FWD_BC,12,path_1_to_H,raw,1476,0.0,0.0
20260917,P_FWD_BC,C_FWD_BC,12,path_1_to_H,raw,1488,0.0,0.0
20260917,P_FWD_BC,C_FWD_BC,12,path_1_to_H,raw,1500,0.0,0.0
20260917,P_FWD_BC,C_FWD_BC,12,path_1_to_H,raw,1512,0.0,0.0
20260917,P_FWD_BC,C_FWD_BC,12,path_1_to_H,raw,1524,0.0,0.0
20260917,P_FWD_BC,C_FWD_BC,12,path_1_to_H,raw,1536,0.0,0.0
20260917,P_FWD_BC,C_FWD_BC,12,path_1_to_H,raw,1548,0.0,0.0
20260917,P_FWD_BC,C_FWD_BC,12,path_1_to_H,clip_0_1,1392,0.0,0.0
20260917,P_FWD_BC,C_FWD_BC,12,path_1_to_H,clip_0_1,1404,0.0,0.0
20260917,P_FWD_BC,C_FWD_BC,12,path_1_to_H,clip_0_1,1416,0.0,0.0
20260917,P_FWD_BC,C_FWD_BC,12,path_1_to_H,clip_0_1,1428,0.0,0.0
20260917,P_FWD_BC,C_FWD_BC,12,path_1_to_H,clip_0_1,1440,0.0,0.0
20260917,P_FWD_BC,C_FWD_BC,12,path_1_to_H,clip_0_1,1452,0.0,0.0
20260917,P_FWD_BC,C_FWD_BC,12,path_1_to_H,clip_0_1,1464,0.0,0.0
20260917,P_FWD_BC,C_FWD_BC,12,path_1_to_H,clip_0_1,1476,0.0,0.0
20260917,P_FWD_BC,C_FWD_BC,12,path_1_to_H,clip_0_1,1488,0.0,0.0
20260917,P_FWD_BC,C_FWD_BC,12,path_1_to_H,clip_0_1,1500,0.0,0.0
20260917,P_FWD_BC,C_FWD_BC,12,path_1_to_H,clip_0_1,1512,0.0,0.0
20260917,P_FWD_BC,C_FWD_BC,12,path_1_to_H,clip_0_1,1524,0.0,0.0
20260917,P_FWD_BC,C_FWD_BC,12,path_1_to_H,clip_0_1,1536,0.0,0.0
20260917,P_FWD_BC,C_FWD_BC,12,path_1_to_H,clip_0_1,1548,0.0,0.0
20260917,P_FWD_BC,NATIVE,3,terminal_H,raw,1392,-0.017320530816981223,-0.0014858952531749505
20260917,P_FWD_BC,NATIVE,3,terminal_H,raw,1404,-0.002755828283240265,0.0010882782417472533
20260917,P_FWD_BC,NATIVE,3,terminal_H,raw,1416,-0.007946269497344383,-0.0004839861546379752
20260917,P_FWD_BC,NATIVE,3,terminal_H,raw,1428,-0.0026434784970774425,0.0003776938971086389
20260917,P_FWD_BC,NATIVE,3,terminal_H,raw,1440,-0.012378971631876548,-0.0007692591170091602
20260917,P_FWD_BC,NATIVE,3,terminal_H,raw,1452,-0.006497651168465927,-0.0004595282508066473
20260917,P_FWD_BC,NATIVE,3,terminal_H,raw,1464,-0.0027586838937201036,-0.0009320414290636151
20260917,P_FWD_BC,NATIVE,3,terminal_H,raw,1476,-0.041177410662148556,-0.004857091183351696
20260917,P_FWD_BC,NATIVE,3,terminal_H,raw,1488,-0.014271180267423819,0.00047113206248433837
20260917,P_FWD_BC,NATIVE,3,terminal_H,raw,1500,-0.013120278978782571,0.00017764017550434008
20260917,P_FWD_BC,NATIVE,3,terminal_H,raw,1512,0.008296335795645558,0.003859676552541558
20260917,P_FWD_BC,NATIVE,3,terminal_H,raw,1524,-0.006188452703457091,-0.000375887484157732
20260917,P_FWD_BC,NATIVE,3,terminal_H,raw,1536,-0.0036663106216841307,-0.0007001525675988022
20260917,P_FWD_BC,NATIVE,3,terminal_H,raw,1548,0.00221636595751076,0.0017648365929386236
20260917,P_FWD_BC,NATIVE,3,terminal_H,clip_0_1,1392,-0.017320530816981223,-0.0014858952531749505
20260917,P_FWD_BC,NATIVE,3,terminal_H,clip_0_1,1404,-0.002755828283240265,0.0010882782417472533
20260917,P_FWD_BC,NATIVE,3,terminal_H,clip_0_1,1416,-0.007937634399272019,-0.0004839656492853275
20260917,P_FWD_BC,NATIVE,3,terminal_H,clip_0_1,1428,-0.0026434784970774425,0.0003776938971086389
20260917,P_FWD_BC,NATIVE,3,terminal_H,clip_0_1,1440,-0.012354823941173513,-0.0007691768969527909
20260917,P_FWD_BC,NATIVE,3,terminal_H,clip_0_1,1452,-0.006453539400795835,-0.00045905022222299366
20260917,P_FWD_BC,NATIVE,3,terminal_H,clip_0_1,1464,-0.002696043983994972,-0.0009264479678928411
20260917,P_FWD_BC,NATIVE,3,terminal_H,clip_0_1,1476,-0.0424209721626931,-0.004876609177058722
20260917,P_FWD_BC,NATIVE,3,terminal_H,clip_0_1,1488,-0.01429926462615724,0.00047104839863522873
20260917,P_FWD_BC,NATIVE,3,terminal_H,clip_0_1,1500,-0.013092876054524864,0.00017891578932683288
20260917,P_FWD_BC,NATIVE,3,terminal_H,clip_0_1,1512,0.008296335738259912,0.0038596765302249163
20260917,P_FWD_BC,NATIVE,3,terminal_H,clip_0_1,1524,-0.006188452703457091,-0.000375887484157732
20260917,P_FWD_BC,NATIVE,3,terminal_H,clip_0_1,1536,-0.003666362091649545,-0.0007001868816386194
20260917,P_FWD_BC,NATIVE,3,terminal_H,clip_0_1,1548,0.00221636595751076,0.0017648365929386236
20260917,P_FWD_BC,NATIVE,3,path_1_to_H,raw,1392,-0.014265718404452725,-0.001599280199893718
20260917,P_FWD_BC,NATIVE,3,path_1_to_H,raw,1404,-0.0030049124645587172,0.0003597957639304499
20260917,P_FWD_BC,NATIVE,3,path_1_to_H,raw,1416,-0.005177310114529347,-9.082558573352322e-05
20260917,P_FWD_BC,NATIVE,3,path_1_to_H,raw,1428,-0.0032487817264062625,-0.00020282741188060757
20260917,P_FWD_BC,NATIVE,3,path_1_to_H,raw,1440,-0.008165092418671657,-0.0004598693030591478
20260917,P_FWD_BC,NATIVE,3,path_1_to_H,raw,1452,-0.004519582474147456,-0.0001879474158819732
20260917,P_FWD_BC,NATIVE,3,path_1_to_H,raw,1464,-0.0019527696837781992,-0.00042903120355043385
20260917,P_FWD_BC,NATIVE,3,path_1_to_H,raw,1476,-0.029862004227121514,-0.002812132765494644
20260917,P_FWD_BC,NATIVE,3,path_1_to_H,raw,1488,-0.011018641648197214,-0.0004157489707402818
20260917,P_FWD_BC,NATIVE,3,path_1_to_H,raw,1500,-0.01288733069456216,-0.001113916383397233
20260917,P_FWD_BC,NATIVE,3,path_1_to_H,raw,1512,0.0011973769932157247,0.0015165422681814615
20260917,P_FWD_BC,NATIVE,3,path_1_to_H,raw,1524,-0.0029572582600771754,0.00031571169671989455
20260917,P_FWD_BC,NATIVE,3,path_1_to_H,raw,1536,-0.0019199597537615397,-0.00021010771635439387
20260917,P_FWD_BC,NATIVE,3,path_1_to_H,raw,1548,0.00269587225105719,0.0035561839148223113
20260917,P_FWD_BC,NATIVE,3,path_1_to_H,clip_0_1,1392,-0.014251499910948567,-0.0015987068653025526
20260917,P_FWD_BC,NATIVE,3,path_1_to_H,clip_0_1,1404,-0.0030040843254307064,0.0003597994191914658
20260917,P_FWD_BC,NATIVE,3,path_1_to_H,clip_0_1,1416,-0.0051688361633198425,-0.00010277590865662937
20260917,P_FWD_BC,NATIVE,3,path_1_to_H,clip_0_1,1428,-0.00324759683328266,-0.0002028262536039432
20260917,P_FWD_BC,NATIVE,3,path_1_to_H,clip_0_1,1440,-0.008146293648050973,-0.0004597879289225022
20260917,P_FWD_BC,NATIVE,3,path_1_to_H,clip_0_1,1452,-0.004489928458783226,-0.00018766069321933586
20260917,P_FWD_BC,NATIVE,3,path_1_to_H,clip_0_1,1464,-0.0018996690751460063,-0.00042667737249471333
20260917,P_FWD_BC,NATIVE,3,path_1_to_H,clip_0_1,1476,-0.031102841298675063,-0.0028326198056955604
20260917,P_FWD_BC,NATIVE,3,path_1_to_H,clip_0_1,1488,-0.011046468123296647,-0.0004158363458257528
20260917,P_FWD_BC,NATIVE,3,path_1_to_H,clip_0_1,1500,-0.012752690118112723,-0.0011039174857837453
20260917,P_FWD_BC,NATIVE,3,path_1_to_H,clip_0_1,1512,0.0012023612098042695,0.0015165359367548283
20260917,P_FWD_BC,NATIVE,3,path_1_to_H,clip_0_1,1524,-0.002949571572784825,0.0003158476112435592
20260917,P_FWD_BC,NATIVE,3,path_1_to_H,clip_0_1,1536,-0.0019202129764185122,-0.00021017163649579866
20260917,P_FWD_BC,NATIVE,3,path_1_to_H,clip_0_1,1548,0.00269587225105719,0.0035561839148223113
20260917,P_FWD_BC,NATIVE,12,terminal_H,raw,1392,-4.016850087990565e-05,0.0020425592436908737
20260917,P_FWD_BC,NATIVE,12,terminal_H,raw,1404,-0.007662133657511399,-0.00021749991494701687
20260917,P_FWD_BC,NATIVE,12,terminal_H,raw,1416,-0.006554933097209894,-0.0001889465519971341
20260917,P_FWD_BC,NATIVE,12,terminal_H,raw,1428,-0.005742896884157004,-0.00021632608169419094
20260917,P_FWD_BC,NATIVE,12,terminal_H,raw,1440,0.0015699400297648697,0.003043650636644856
20260917,P_FWD_BC,NATIVE,12,terminal_H,raw,1452,-0.0054097258826398785,6.066353406784113e-05
20260917,P_FWD_BC,NATIVE,12,terminal_H,raw,1464,0.01927807613015391,0.012749917919198038
20260917,P_FWD_BC,NATIVE,12,terminal_H,raw,1476,-0.04278889623167446,-0.009859638588485535
20260917,P_FWD_BC,NATIVE,12,terminal_H,raw,1488,-0.030026358325208228,-0.0029707096449729333
20260917,P_FWD_BC,NATIVE,12,terminal_H,raw,1500,-0.02515394281538611,0.00058382993655761
20260917,P_FWD_BC,NATIVE,12,terminal_H,raw,1512,0.027253616072814773,0.009463995151880867
20260917,P_FWD_BC,NATIVE,12,terminal_H,raw,1524,-0.02223402036785907,-0.008774626140881286
20260917,P_FWD_BC,NATIVE,12,terminal_H,raw,1536,-0.0005030387044652076,0.0009707714377279267
20260917,P_FWD_BC,NATIVE,12,terminal_H,raw,1548,-0.015559721876114412,-0.0042530419955344005
20260917,P_FWD_BC,NATIVE,12,terminal_H,clip_0_1,1392,-4.016850087990565e-05,0.0020425592436908737
20260917,P_FWD_BC,NATIVE,12,terminal_H,clip_0_1,1404,-0.007662133657511399,-0.00021749991494701687
20260917,P_FWD_BC,NATIVE,12,terminal_H,clip_0_1,1416,-0.006554933097209894,-0.0001889465519971341
20260917,P_FWD_BC,NATIVE,12,terminal_H,clip_0_1,1428,-0.005696401669537607,-0.0002134635261587675
20260917,P_FWD_BC,NATIVE,12,terminal_H,clip_0_1,1440,0.0015699400297648697,0.003043650636644856
20260917,P_FWD_BC,NATIVE,12,terminal_H,clip_0_1,1452,-0.005344377274569729,6.184913993904112e-05
20260917,P_FWD_BC,NATIVE,12,terminal_H,clip_0_1,1464,0.019276841657001317,0.012749917673384856
20260917,P_FWD_BC,NATIVE,12,terminal_H,clip_0_1,1476,-0.04281875177152738,-0.009860389440067308
20260917,P_FWD_BC,NATIVE,12,terminal_H,clip_0_1,1488,-0.03002635837900654,-0.0029707096449729338
20260917,P_FWD_BC,NATIVE,12,terminal_H,clip_0_1,1500,-0.025153942856351877,0.0005838299365576094
20260917,P_FWD_BC,NATIVE,12,terminal_H,clip_0_1,1512,0.027253616035012647,0.009463995137180038
20260917,P_FWD_BC,NATIVE,12,terminal_H,clip_0_1,1524,-0.02223402036785907,-0.008774626140881286
20260917,P_FWD_BC,NATIVE,12,terminal_H,clip_0_1,1536,-0.0005030387044652076,0.0009707714377279267
20260917,P_FWD_BC,NATIVE,12,terminal_H,clip_0_1,1548,-0.015433898761305962,-0.004236412919696197
20260917,P_FWD_BC,NATIVE,12,path_1_to_H,raw,1392,-0.009571458601373714,0.0001680762296774145
20260917,P_FWD_BC,NATIVE,12,path_1_to_H,raw,1404,-0.006015542485877416,-0.00018053469170011135
20260917,P_FWD_BC,NATIVE,12,path_1_to_H,raw,1416,-0.008540248325031391,-0.00047626594862016204
20260917,P_FWD_BC,NATIVE,12,path_1_to_H,raw,1428,-0.0046358848279579555,-0.0002728590351149556
20260917,P_FWD_BC,NATIVE,12,path_1_to_H,raw,1440,-0.00729599566120115,0.00025311823435516487
20260917,P_FWD_BC,NATIVE,12,path_1_to_H,raw,1452,-0.004988530362958451,-0.0001520825003427902
20260917,P_FWD_BC,NATIVE,12,path_1_to_H,raw,1464,0.00937774676696291,0.006066697001313054
20260917,P_FWD_BC,NATIVE,12,path_1_to_H,raw,1476,-0.041902687752531594,-0.006530155496902015
20260917,P_FWD_BC,NATIVE,12,path_1_to_H,raw,1488,-0.018635611971995713,-0.0011521926997031628
20260917,P_FWD_BC,NATIVE,12,path_1_to_H,raw,1500,-0.021439275308752816,-0.001865968504978092
20260917,P_FWD_BC,NATIVE,12,path_1_to_H,raw,1512,0.014480018207712076,0.00711589364327255
20260917,P_FWD_BC,NATIVE,12,path_1_to_H,raw,1524,-0.013216267206259388,-0.0036770947740325803
20260917,P_FWD_BC,NATIVE,12,path_1_to_H,raw,1536,-0.0004895228435913473,0.0006146571543766819
20260917,P_FWD_BC,NATIVE,12,path_1_to_H,raw,1548,-0.0011974599667506475,0.0008153055116368018
20260917,P_FWD_BC,NATIVE,12,path_1_to_H,clip_0_1,1392,-0.009567689046472929,0.00016821971577055505
20260917,P_FWD_BC,NATIVE,12,path_1_to_H,clip_0_1,1404,-0.006015335451095413,-0.00018053377788485736
20260917,P_FWD_BC,NATIVE,12,path_1_to_H,clip_0_1,1416,-0.008538154677013174,-0.00047925353138708767
20260917,P_FWD_BC,NATIVE,12,path_1_to_H,clip_0_1,1428,-0.00461385515942807,-0.0002715208934749159
20260917,P_FWD_BC,NATIVE,12,path_1_to_H,clip_0_1,1440,-0.007291057121816392,0.0002531387661469351
20260917,P_FWD_BC,NATIVE,12,path_1_to_H,clip_0_1,1452,-0.004952960480975013,-0.00015165001725736727
20260917,P_FWD_BC,NATIVE,12,path_1_to_H,clip_0_1,1464,0.009398765322458034,0.0060674460264792725
20260917,P_FWD_BC,NATIVE,12,path_1_to_H,clip_0_1,1476,-0.04265242634644927,-0.006541993420200079
20260917,P_FWD_BC,NATIVE,12,path_1_to_H,clip_0_1,1488,-0.01866071831928937,-0.0011524189279192372
20260917,P_FWD_BC,NATIVE,12,path_1_to_H,clip_0_1,1500,-0.021406960868750505,-0.0018634716357174828
20260917,P_FWD_BC,NATIVE,12,path_1_to_H,clip_0_1,1512,0.014478410176748533,0.007113496206922892
20260917,P_FWD_BC,NATIVE,12,path_1_to_H,clip_0_1,1524,-0.013214345534436298,-0.0036770607954016636
20260917,P_FWD_BC,NATIVE,12,path_1_to_H,clip_0_1,1536,-0.0004896549127523397,0.0006146258779603804
20260917,P_FWD_BC,NATIVE,12,path_1_to_H,clip_0_1,1548,-0.0011680615959392554,0.0008206450756762709
