independent_undominated,independent_best,pairwise_undominated,pairwise_best,joint_undominated,joint_best,phase,dataset,series,scope,mask,origin_start,time_start,quarter,cluster,K,L,N,pairwise_set_changed,joint_set_changed,higher_order_set_changed
hist_gradient_boosting,hist_gradient_boosting,hist_gradient_boosting,hist_gradient_boosting,hist_gradient_boosting,hist_gradient_boosting,AP2,beijing,Aotizhongxin,annual,natural,17520,2015-03-01 00:00:00,2015Q1,beijing_2015-03-01T00:00:00,24,3,8761,False,False,False
logistic,logistic,logistic,logistic,logistic,logistic,AP2,beijing,Aotizhongxin,origin_week,natural,17520,2015-03-01 00:00:00,2015Q1,beijing_2015-03-01T00:00:00,24,3,168,False,False,False
logistic,logistic,logistic,logistic,logistic,logistic,AP2,beijing,Aotizhongxin,origin_week,natural,17688,2015-03-08 00:00:00,2015Q1,beijing_2015-03-08T00:00:00,24,3,168,False,False,False
logistic,logistic,logistic,logistic,logistic,logistic,AP2,beijing,Aotizhongxin,origin_week,natural,17856,2015-03-15 00:00:00,2015Q1,beijing_2015-03-15T00:00:00,24,3,168,False,False,False
hist_gradient_boosting,hist_gradient_boosting,hist_gradient_boosting,hist_gradient_boosting,hist_gradient_boosting,hist_gradient_boosting,AP2,beijing,Aotizhongxin,origin_week,natural,18024,2015-03-22 00:00:00,2015Q1,beijing_2015-03-22T00:00:00,24,3,168,False,False,False
hist_gradient_boosting,hist_gradient_boosting,hist_gradient_boosting,hist_gradient_boosting,hist_gradient_boosting,hist_gradient_boosting,AP2,beijing,Aotizhongxin,origin_week,natural,18192,2015-03-29 00:00:00,2015Q1,beijing_2015-03-29T00:00:00,24,3,168,False,False,False
hist_gradient_boosting;logistic,,hist_gradient_boosting;logistic,,hist_gradient_boosting;logistic,,AP2,beijing,Aotizhongxin,origin_week,natural,18360,2015-04-05 00:00:00,2015Q2,beijing_2015-04-05T00:00:00,24,3,168,False,False,False
hist_gradient_boosting,hist_gradient_boosting,hist_gradient_boosting,hist_gradient_boosting,hist_gradient_boosting,hist_gradient_boosting,AP2,beijing,Aotizhongxin,origin_week,natural,18528,2015-04-12 00:00:00,2015Q2,beijing_2015-04-12T00:00:00,24,3,168,False,False,False
hist_gradient_boosting,hist_gradient_boosting,hist_gradient_boosting,hist_gradient_boosting,hist_gradient_boosting,hist_gradient_boosting,AP2,beijing,Aotizhongxin,origin_week,natural,18696,2015-04-19 00:00:00,2015Q2,beijing_2015-04-19T00:00:00,24,3,168,False,False,False
hist_gradient_boosting,hist_gradient_boosting,hist_gradient_boosting,hist_gradient_boosting,hist_gradient_boosting,hist_gradient_boosting,AP2,beijing,Aotizhongxin,origin_week,natural,18864,2015-04-26 00:00:00,2015Q2,beijing_2015-04-26T00:00:00,24,3,168,False,False,False
hist_gradient_boosting,hist_gradient_boosting,hist_gradient_boosting,hist_gradient_boosting,hist_gradient_boosting,hist_gradient_boosting,AP2,beijing,Aotizhongxin,origin_week,natural,19032,2015-05-03 00:00:00,2015Q2,beijing_2015-05-03T00:00:00,24,3,168,False,False,False
logistic,logistic,logistic,logistic,logistic,logistic,AP2,beijing,Aotizhongxin,origin_week,natural,19200,2015-05-10 00:00:00,2015Q2,beijing_2015-05-10T00:00:00,24,3,168,False,False,False
hist_gradient_boosting,hist_gradient_boosting,hist_gradient_boosting,hist_gradient_boosting,hist_gradient_boosting,hist_gradient_boosting,AP2,beijing,Aotizhongxin,origin_week,natural,19368,2015-05-17 00:00:00,2015Q2,beijing_2015-05-17T00:00:00,24,3,168,False,False,False
hist_gradient_boosting,hist_gradient_boosting,hist_gradient_boosting,hist_gradient_boosting,hist_gradient_boosting,hist_gradient_boosting,AP2,beijing,Aotizhongxin,origin_week,natural,19536,2015-05-24 00:00:00,2015Q2,beijing_2015-05-24T00:00:00,24,3,168,False,False,False
logistic,logistic,logistic,logistic,logistic,logistic,AP2,beijing,Aotizhongxin,origin_week,natural,19704,2015-05-31 00:00:00,2015Q2,beijing_2015-05-31T00:00:00,24,3,168,False,False,False
hist_gradient_boosting,hist_gradient_boosting,hist_gradient_boosting,hist_gradient_boosting,hist_gradient_boosting,hist_gradient_boosting,AP2,beijing,Aotizhongxin,origin_week,natural,19872,2015-06-07 00:00:00,2015Q2,beijing_2015-06-07T00:00:00,24,3,168,False,False,False
hist_gradient_boosting,hist_gradient_boosting,hist_gradient_boosting,hist_gradient_boosting,hist_gradient_boosting,hist_gradient_boosting,AP2,beijing,Aotizhongxin,origin_week,natural,20040,2015-06-14 00:00:00,2015Q2,beijing_2015-06-14T00:00:00,24,3,168,False,False,False
hist_gradient_boosting,hist_gradient_boosting,hist_gradient_boosting,hist_gradient_boosting,hist_gradient_boosting,hist_gradient_boosting,AP2,beijing,Aotizhongxin,origin_week,natural,20208,2015-06-21 00:00:00,2015Q2,beijing_2015-06-21T00:00:00,24,3,168,False,False,False
hist_gradient_boosting,hist_gradient_boosting,hist_gradient_boosting,hist_gradient_boosting,hist_gradient_boosting,hist_gradient_boosting,AP2,beijing,Aotizhongxin,origin_week,natural,20376,2015-06-28 00:00:00,2015Q2,beijing_2015-06-28T00:00:00,24,3,168,False,False,False
hist_gradient_boosting,hist_gradient_boosting,hist_gradient_boosting,hist_gradient_boosting,hist_gradient_boosting,hist_gradient_boosting,AP2,beijing,Aotizhongxin,origin_week,natural,20544,2015-07-05 00:00:00,2015Q3,beijing_2015-07-05T00:00:00,24,3,168,False,False,False
logistic,logistic,logistic,logistic,logistic,logistic,AP2,beijing,Aotizhongxin,origin_week,natural,20712,2015-07-12 00:00:00,2015Q3,beijing_2015-07-12T00:00:00,24,3,168,False,False,False
hist_gradient_boosting,hist_gradient_boosting,hist_gradient_boosting,hist_gradient_boosting,hist_gradient_boosting,hist_gradient_boosting,AP2,beijing,Aotizhongxin,origin_week,natural,20880,2015-07-19 00:00:00,2015Q3,beijing_2015-07-19T00:00:00,24,3,168,False,False,False
constant,constant,constant,constant,constant,constant,AP2,beijing,Aotizhongxin,origin_week,natural,21048,2015-07-26 00:00:00,2015Q3,beijing_2015-07-26T00:00:00,24,3,168,False,False,False
constant;hist_gradient_boosting;logistic,,constant;hist_gradient_boosting;logistic,,constant;hist_gradient_boosting;logistic,,AP2,beijing,Aotizhongxin,origin_week,natural,21216,2015-08-02 00:00:00,2015Q3,beijing_2015-08-02T00:00:00,24,3,168,False,False,False
hist_gradient_boosting,hist_gradient_boosting,hist_gradient_boosting,hist_gradient_boosting,hist_gradient_boosting,hist_gradient_boosting,AP2,beijing,Aotizhongxin,origin_week,natural,21384,2015-08-09 00:00:00,2015Q3,beijing_2015-08-09T00:00:00,24,3,168,False,False,False
hist_gradient_boosting,hist_gradient_boosting,hist_gradient_boosting,hist_gradient_boosting,hist_gradient_boosting,hist_gradient_boosting,AP2,beijing,Aotizhongxin,origin_week,natural,21552,2015-08-16 00:00:00,2015Q3,beijing_2015-08-16T00:00:00,24,3,168,False,False,False
hist_gradient_boosting,hist_gradient_boosting,hist_gradient_boosting,hist_gradient_boosting,hist_gradient_boosting,hist_gradient_boosting,AP2,beijing,Aotizhongxin,origin_week,natural,21720,2015-08-23 00:00:00,2015Q3,beijing_2015-08-23T00:00:00,24,3,168,False,False,False
hist_gradient_boosting,hist_gradient_boosting,hist_gradient_boosting,hist_gradient_boosting,hist_gradient_boosting,hist_gradient_boosting,AP2,beijing,Aotizhongxin,origin_week,natural,21888,2015-08-30 00:00:00,2015Q3,beijing_2015-08-30T00:00:00,24,3,168,False,False,False
hist_gradient_boosting,hist_gradient_boosting,hist_gradient_boosting,hist_gradient_boosting,hist_gradient_boosting,hist_gradient_boosting,AP2,beijing,Aotizhongxin,origin_week,natural,22056,2015-09-06 00:00:00,2015Q3,beijing_2015-09-06T00:00:00,24,3,168,False,False,False
logistic,logistic,logistic,logistic,logistic,logistic,AP2,beijing,Aotizhongxin,origin_week,natural,22224,2015-09-13 00:00:00,2015Q3,beijing_2015-09-13T00:00:00,24,3,168,False,False,False
logistic,logistic,logistic,logistic,logistic,logistic,AP2,beijing,Aotizhongxin,origin_week,natural,22392,2015-09-20 00:00:00,2015Q3,beijing_2015-09-20T00:00:00,24,3,168,False,False,False
hist_gradient_boosting,hist_gradient_boosting,hist_gradient_boosting,hist_gradient_boosting,hist_gradient_boosting,hist_gradient_boosting,AP2,beijing,Aotizhongxin,origin_week,natural,22560,2015-09-27 00:00:00,2015Q3,beijing_2015-09-27T00:00:00,24,3,168,False,False,False
hist_gradient_boosting,hist_gradient_boosting,hist_gradient_boosting,hist_gradient_boosting,hist_gradient_boosting,hist_gradient_boosting,AP2,beijing,Aotizhongxin,origin_week,natural,22728,2015-10-04 00:00:00,2015Q4,beijing_2015-10-04T00:00:00,24,3,168,False,False,False
hist_gradient_boosting,hist_gradient_boosting,hist_gradient_boosting,hist_gradient_boosting,hist_gradient_boosting,hist_gradient_boosting,AP2,beijing,Aotizhongxin,origin_week,natural,22896,2015-10-11 00:00:00,2015Q4,beijing_2015-10-11T00:00:00,24,3,168,False,False,False
logistic,logistic,logistic,logistic,logistic,logistic,AP2,beijing,Aotizhongxin,origin_week,natural,23064,2015-10-18 00:00:00,2015Q4,beijing_2015-10-18T00:00:00,24,3,168,False,False,False
hist_gradient_boosting,hist_gradient_boosting,hist_gradient_boosting,hist_gradient_boosting,hist_gradient_boosting,hist_gradient_boosting,AP2,beijing,Aotizhongxin,origin_week,natural,23232,2015-10-25 00:00:00,2015Q4,beijing_2015-10-25T00:00:00,24,3,168,False,False,False
logistic,logistic,logistic,logistic,logistic,logistic,AP2,beijing,Aotizhongxin,origin_week,natural,23400,2015-11-01 00:00:00,2015Q4,beijing_2015-11-01T00:00:00,24,3,168,False,False,False
logistic,logistic,logistic,logistic,logistic,logistic,AP2,beijing,Aotizhongxin,origin_week,natural,23568,2015-11-08 00:00:00,2015Q4,beijing_2015-11-08T00:00:00,24,3,168,False,False,False
constant,constant,constant,constant,constant,constant,AP2,beijing,Aotizhongxin,origin_week,natural,23736,2015-11-15 00:00:00,2015Q4,beijing_2015-11-15T00:00:00,24,3,168,False,False,False
logistic,logistic,logistic,logistic,logistic,logistic,AP2,beijing,Aotizhongxin,origin_week,natural,23904,2015-11-22 00:00:00,2015Q4,beijing_2015-11-22T00:00:00,24,3,168,False,False,False
logistic,logistic,logistic,logistic,logistic,logistic,AP2,beijing,Aotizhongxin,origin_week,natural,24072,2015-11-29 00:00:00,2015Q4,beijing_2015-11-29T00:00:00,24,3,168,False,False,False
logistic,logistic,logistic,logistic,logistic,logistic,AP2,beijing,Aotizhongxin,origin_week,natural,24240,2015-12-06 00:00:00,2015Q4,beijing_2015-12-06T00:00:00,24,3,168,False,False,False
logistic,logistic,logistic,logistic,logistic,logistic,AP2,beijing,Aotizhongxin,origin_week,natural,24408,2015-12-13 00:00:00,2015Q4,beijing_2015-12-13T00:00:00,24,3,168,False,False,False
logistic,logistic,logistic,logistic,logistic,logistic,AP2,beijing,Aotizhongxin,origin_week,natural,24576,2015-12-20 00:00:00,2015Q4,beijing_2015-12-20T00:00:00,24,3,168,False,False,False
constant,constant,constant,constant,constant,constant,AP2,beijing,Aotizhongxin,origin_week,natural,24744,2015-12-27 00:00:00,2015Q4,beijing_2015-12-27T00:00:00,24,3,168,False,False,False
logistic,logistic,logistic,logistic,logistic,logistic,AP2,beijing,Aotizhongxin,origin_week,natural,24912,2016-01-03 00:00:00,2016Q1,beijing_2016-01-03T00:00:00,24,3,168,False,False,False
hist_gradient_boosting,hist_gradient_boosting,hist_gradient_boosting,hist_gradient_boosting,hist_gradient_boosting,hist_gradient_boosting,AP2,beijing,Aotizhongxin,origin_week,natural,25080,2016-01-10 00:00:00,2016Q1,beijing_2016-01-10T00:00:00,24,3,168,False,False,False
hist_gradient_boosting,hist_gradient_boosting,hist_gradient_boosting,hist_gradient_boosting,hist_gradient_boosting,hist_gradient_boosting,AP2,beijing,Aotizhongxin,origin_week,natural,25248,2016-01-17 00:00:00,2016Q1,beijing_2016-01-17T00:00:00,24,3,168,False,False,False
hist_gradient_boosting,hist_gradient_boosting,hist_gradient_boosting,hist_gradient_boosting,hist_gradient_boosting,hist_gradient_boosting,AP2,beijing,Aotizhongxin,origin_week,natural,25416,2016-01-24 00:00:00,2016Q1,beijing_2016-01-24T00:00:00,24,3,168,False,False,False
hist_gradient_boosting,hist_gradient_boosting,hist_gradient_boosting,hist_gradient_boosting,hist_gradient_boosting,hist_gradient_boosting,AP2,beijing,Aotizhongxin,origin_week,natural,25584,2016-01-31 00:00:00,2016Q1,beijing_2016-01-31T00:00:00,24,3,168,False,False,False
hist_gradient_boosting,hist_gradient_boosting,hist_gradient_boosting,hist_gradient_boosting,hist_gradient_boosting,hist_gradient_boosting,AP2,beijing,Aotizhongxin,origin_week,natural,25752,2016-02-07 00:00:00,2016Q1,beijing_2016-02-07T00:00:00,24,3,168,False,False,False
hist_gradient_boosting,hist_gradient_boosting,hist_gradient_boosting,hist_gradient_boosting,hist_gradient_boosting,hist_gradient_boosting,AP2,beijing,Aotizhongxin,origin_week,natural,25920,2016-02-14 00:00:00,2016Q1,beijing_2016-02-14T00:00:00,24,3,168,False,False,False
hist_gradient_boosting,hist_gradient_boosting,hist_gradient_boosting,hist_gradient_boosting,hist_gradient_boosting,hist_gradient_boosting,AP2,beijing,Aotizhongxin,origin_week,natural,26088,2016-02-21 00:00:00,2016Q1,beijing_2016-02-21T00:00:00,24,3,168,False,False,False
hist_gradient_boosting,hist_gradient_boosting,hist_gradient_boosting,hist_gradient_boosting,hist_gradient_boosting,hist_gradient_boosting,AP2,beijing,Aotizhongxin,origin_week,natural,26256,2016-02-28 00:00:00,2016Q1,beijing_2016-02-28T00:00:00,24,3,25,False,False,False
hist_gradient_boosting,hist_gradient_boosting,hist_gradient_boosting,hist_gradient_boosting,hist_gradient_boosting,hist_gradient_boosting,AP2,beijing,Aotizhongxin,artificial,iid_10,21589,2015-08-17 13:00:00,2015Q3,beijing_2015-08-17T13:00:00,24,3,577,False,False,False
hist_gradient_boosting,hist_gradient_boosting,hist_gradient_boosting,hist_gradient_boosting,hist_gradient_boosting,hist_gradient_boosting,AP2,beijing,Aotizhongxin,artificial,iid_30,21589,2015-08-17 13:00:00,2015Q3,beijing_2015-08-17T13:00:00,24,3,577,False,False,False
hist_gradient_boosting;logistic,,hist_gradient_boosting;logistic,,hist_gradient_boosting;logistic,,AP2,beijing,Aotizhongxin,artificial,blocks_10,21589,2015-08-17 13:00:00,2015Q3,beijing_2015-08-17T13:00:00,24,3,577,False,False,False
logistic,logistic,logistic,logistic,logistic,logistic,AP2,beijing,Aotizhongxin,annual,natural,17520,2015-03-01 00:00:00,2015Q1,beijing_2015-03-01T00:00:00,72,3,8713,False,False,False
logistic,logistic,logistic,logistic,logistic,logistic,AP2,beijing,Aotizhongxin,origin_week,natural,17520,2015-03-01 00:00:00,2015Q1,beijing_2015-03-01T00:00:00,72,3,168,False,False,False
logistic,logistic,logistic,logistic,logistic,logistic,AP2,beijing,Aotizhongxin,origin_week,natural,17688,2015-03-08 00:00:00,2015Q1,beijing_2015-03-08T00:00:00,72,3,168,False,False,False
constant,constant,constant,constant,constant,constant,AP2,beijing,Aotizhongxin,origin_week,natural,17856,2015-03-15 00:00:00,2015Q1,beijing_2015-03-15T00:00:00,72,3,168,False,False,False
logistic,logistic,logistic,logistic,logistic,logistic,AP2,beijing,Aotizhongxin,origin_week,natural,18024,2015-03-22 00:00:00,2015Q1,beijing_2015-03-22T00:00:00,72,3,168,False,False,False
logistic,logistic,logistic,logistic,logistic,logistic,AP2,beijing,Aotizhongxin,origin_week,natural,18192,2015-03-29 00:00:00,2015Q1,beijing_2015-03-29T00:00:00,72,3,168,False,False,False
logistic,logistic,logistic,logistic,logistic,logistic,AP2,beijing,Aotizhongxin,origin_week,natural,18360,2015-04-05 00:00:00,2015Q2,beijing_2015-04-05T00:00:00,72,3,168,False,False,False
logistic,logistic,logistic,logistic,logistic,logistic,AP2,beijing,Aotizhongxin,origin_week,natural,18528,2015-04-12 00:00:00,2015Q2,beijing_2015-04-12T00:00:00,72,3,168,False,False,False
logistic,logistic,logistic,logistic,logistic,logistic,AP2,beijing,Aotizhongxin,origin_week,natural,18696,2015-04-19 00:00:00,2015Q2,beijing_2015-04-19T00:00:00,72,3,168,False,False,False
hist_gradient_boosting,hist_gradient_boosting,hist_gradient_boosting,hist_gradient_boosting,hist_gradient_boosting,hist_gradient_boosting,AP2,beijing,Aotizhongxin,origin_week,natural,18864,2015-04-26 00:00:00,2015Q2,beijing_2015-04-26T00:00:00,72,3,168,False,False,False
logistic,logistic,logistic,logistic,logistic,logistic,AP2,beijing,Aotizhongxin,origin_week,natural,19032,2015-05-03 00:00:00,2015Q2,beijing_2015-05-03T00:00:00,72,3,168,False,False,False
constant,constant,constant,constant,constant,constant,AP2,beijing,Aotizhongxin,origin_week,natural,19200,2015-05-10 00:00:00,2015Q2,beijing_2015-05-10T00:00:00,72,3,168,False,False,False
hist_gradient_boosting,hist_gradient_boosting,hist_gradient_boosting,hist_gradient_boosting,hist_gradient_boosting,hist_gradient_boosting,AP2,beijing,Aotizhongxin,origin_week,natural,19368,2015-05-17 00:00:00,2015Q2,beijing_2015-05-17T00:00:00,72,3,168,False,False,False
logistic,logistic,logistic,logistic,logistic,logistic,AP2,beijing,Aotizhongxin,origin_week,natural,19536,2015-05-24 00:00:00,2015Q2,beijing_2015-05-24T00:00:00,72,3,168,False,False,False
logistic,logistic,logistic,logistic,logistic,logistic,AP2,beijing,Aotizhongxin,origin_week,natural,19704,2015-05-31 00:00:00,2015Q2,beijing_2015-05-31T00:00:00,72,3,168,False,False,False
constant;hist_gradient_boosting;logistic,,constant;hist_gradient_boosting,,constant;hist_gradient_boosting,,AP2,beijing,Aotizhongxin,origin_week,natural,19872,2015-06-07 00:00:00,2015Q2,beijing_2015-06-07T00:00:00,72,3,168,True,True,False
constant,constant,constant,constant,constant,constant,AP2,beijing,Aotizhongxin,origin_week,natural,20040,2015-06-14 00:00:00,2015Q2,beijing_2015-06-14T00:00:00,72,3,168,False,False,False
logistic,logistic,logistic,logistic,logistic,logistic,AP2,beijing,Aotizhongxin,origin_week,natural,20208,2015-06-21 00:00:00,2015Q2,beijing_2015-06-21T00:00:00,72,3,168,False,False,False
logistic,logistic,logistic,logistic,logistic,logistic,AP2,beijing,Aotizhongxin,origin_week,natural,20376,2015-06-28 00:00:00,2015Q2,beijing_2015-06-28T00:00:00,72,3,168,False,False,False
logistic,logistic,logistic,logistic,logistic,logistic,AP2,beijing,Aotizhongxin,origin_week,natural,20544,2015-07-05 00:00:00,2015Q3,beijing_2015-07-05T00:00:00,72,3,168,False,False,False
logistic,logistic,logistic,logistic,logistic,logistic,AP2,beijing,Aotizhongxin,origin_week,natural,20712,2015-07-12 00:00:00,2015Q3,beijing_2015-07-12T00:00:00,72,3,168,False,False,False
hist_gradient_boosting,hist_gradient_boosting,hist_gradient_boosting,hist_gradient_boosting,hist_gradient_boosting,hist_gradient_boosting,AP2,beijing,Aotizhongxin,origin_week,natural,20880,2015-07-19 00:00:00,2015Q3,beijing_2015-07-19T00:00:00,72,3,168,False,False,False
constant;hist_gradient_boosting;logistic,,constant;hist_gradient_boosting;logistic,,constant;hist_gradient_boosting;logistic,,AP2,beijing,Aotizhongxin,origin_week,natural,21048,2015-07-26 00:00:00,2015Q3,beijing_2015-07-26T00:00:00,72,3,168,False,False,False
hist_gradient_boosting;logistic,,hist_gradient_boosting;logistic,,hist_gradient_boosting;logistic,,AP2,beijing,Aotizhongxin,origin_week,natural,21216,2015-08-02 00:00:00,2015Q3,beijing_2015-08-02T00:00:00,72,3,168,False,False,False
logistic,logistic,logistic,logistic,logistic,logistic,AP2,beijing,Aotizhongxin,origin_week,natural,21384,2015-08-09 00:00:00,2015Q3,beijing_2015-08-09T00:00:00,72,3,168,False,False,False
hist_gradient_boosting,hist_gradient_boosting,hist_gradient_boosting,hist_gradient_boosting,hist_gradient_boosting,hist_gradient_boosting,AP2,beijing,Aotizhongxin,origin_week,natural,21552,2015-08-16 00:00:00,2015Q3,beijing_2015-08-16T00:00:00,72,3,168,False,False,False
hist_gradient_boosting,hist_gradient_boosting,hist_gradient_boosting,hist_gradient_boosting,hist_gradient_boosting,hist_gradient_boosting,AP2,beijing,Aotizhongxin,origin_week,natural,21720,2015-08-23 00:00:00,2015Q3,beijing_2015-08-23T00:00:00,72,3,168,False,False,False
hist_gradient_boosting,hist_gradient_boosting,hist_gradient_boosting,hist_gradient_boosting,hist_gradient_boosting,hist_gradient_boosting,AP2,beijing,Aotizhongxin,origin_week,natural,21888,2015-08-30 00:00:00,2015Q3,beijing_2015-08-30T00:00:00,72,3,168,False,False,False
hist_gradient_boosting,hist_gradient_boosting,hist_gradient_boosting,hist_gradient_boosting,hist_gradient_boosting,hist_gradient_boosting,AP2,beijing,Aotizhongxin,origin_week,natural,22056,2015-09-06 00:00:00,2015Q3,beijing_2015-09-06T00:00:00,72,3,168,False,False,False
logistic,logistic,logistic,logistic,logistic,logistic,AP2,beijing,Aotizhongxin,origin_week,natural,22224,2015-09-13 00:00:00,2015Q3,beijing_2015-09-13T00:00:00,72,3,168,False,False,False
hist_gradient_boosting,hist_gradient_boosting,hist_gradient_boosting,hist_gradient_boosting,hist_gradient_boosting,hist_gradient_boosting,AP2,beijing,Aotizhongxin,origin_week,natural,22392,2015-09-20 00:00:00,2015Q3,beijing_2015-09-20T00:00:00,72,3,168,False,False,False
logistic,logistic,logistic,logistic,logistic,logistic,AP2,beijing,Aotizhongxin,origin_week,natural,22560,2015-09-27 00:00:00,2015Q3,beijing_2015-09-27T00:00:00,72,3,168,False,False,False
constant,constant,constant,constant,constant,constant,AP2,beijing,Aotizhongxin,origin_week,natural,22728,2015-10-04 00:00:00,2015Q4,beijing_2015-10-04T00:00:00,72,3,168,False,False,False
logistic,logistic,logistic,logistic,logistic,logistic,AP2,beijing,Aotizhongxin,origin_week,natural,22896,2015-10-11 00:00:00,2015Q4,beijing_2015-10-11T00:00:00,72,3,168,False,False,False
constant,constant,constant,constant,constant,constant,AP2,beijing,Aotizhongxin,origin_week,natural,23064,2015-10-18 00:00:00,2015Q4,beijing_2015-10-18T00:00:00,72,3,168,False,False,False
logistic,logistic,logistic,logistic,logistic,logistic,AP2,beijing,Aotizhongxin,origin_week,natural,23232,2015-10-25 00:00:00,2015Q4,beijing_2015-10-25T00:00:00,72,3,168,False,False,False
logistic,logistic,logistic,logistic,logistic,logistic,AP2,beijing,Aotizhongxin,origin_week,natural,23400,2015-11-01 00:00:00,2015Q4,beijing_2015-11-01T00:00:00,72,3,168,False,False,False
logistic,logistic,logistic,logistic,logistic,logistic,AP2,beijing,Aotizhongxin,origin_week,natural,23568,2015-11-08 00:00:00,2015Q4,beijing_2015-11-08T00:00:00,72,3,168,False,False,False
constant,constant,constant,constant,constant,constant,AP2,beijing,Aotizhongxin,origin_week,natural,23736,2015-11-15 00:00:00,2015Q4,beijing_2015-11-15T00:00:00,72,3,168,False,False,False
constant,constant,constant,constant,constant,constant,AP2,beijing,Aotizhongxin,origin_week,natural,23904,2015-11-22 00:00:00,2015Q4,beijing_2015-11-22T00:00:00,72,3,168,False,False,False
logistic,logistic,logistic,logistic,logistic,logistic,AP2,beijing,Aotizhongxin,origin_week,natural,24072,2015-11-29 00:00:00,2015Q4,beijing_2015-11-29T00:00:00,72,3,168,False,False,False
logistic,logistic,logistic,logistic,logistic,logistic,AP2,beijing,Aotizhongxin,origin_week,natural,24240,2015-12-06 00:00:00,2015Q4,beijing_2015-12-06T00:00:00,72,3,168,False,False,False
logistic,logistic,logistic,logistic,logistic,logistic,AP2,beijing,Aotizhongxin,origin_week,natural,24408,2015-12-13 00:00:00,2015Q4,beijing_2015-12-13T00:00:00,72,3,168,False,False,False
logistic,logistic,logistic,logistic,logistic,logistic,AP2,beijing,Aotizhongxin,origin_week,natural,24576,2015-12-20 00:00:00,2015Q4,beijing_2015-12-20T00:00:00,72,3,168,False,False,False
logistic,logistic,logistic,logistic,logistic,logistic,AP2,beijing,Aotizhongxin,origin_week,natural,24744,2015-12-27 00:00:00,2015Q4,beijing_2015-12-27T00:00:00,72,3,168,False,False,False
constant,constant,constant,constant,constant,constant,AP2,beijing,Aotizhongxin,origin_week,natural,24912,2016-01-03 00:00:00,2016Q1,beijing_2016-01-03T00:00:00,72,3,168,False,False,False
constant,constant,constant,constant,constant,constant,AP2,beijing,Aotizhongxin,origin_week,natural,25080,2016-01-10 00:00:00,2016Q1,beijing_2016-01-10T00:00:00,72,3,168,False,False,False
hist_gradient_boosting,hist_gradient_boosting,hist_gradient_boosting,hist_gradient_boosting,hist_gradient_boosting,hist_gradient_boosting,AP2,beijing,Aotizhongxin,origin_week,natural,25248,2016-01-17 00:00:00,2016Q1,beijing_2016-01-17T00:00:00,72,3,168,False,False,False
hist_gradient_boosting,hist_gradient_boosting,hist_gradient_boosting,hist_gradient_boosting,hist_gradient_boosting,hist_gradient_boosting,AP2,beijing,Aotizhongxin,origin_week,natural,25416,2016-01-24 00:00:00,2016Q1,beijing_2016-01-24T00:00:00,72,3,168,False,False,False
hist_gradient_boosting,hist_gradient_boosting,hist_gradient_boosting,hist_gradient_boosting,hist_gradient_boosting,hist_gradient_boosting,AP2,beijing,Aotizhongxin,origin_week,natural,25584,2016-01-31 00:00:00,2016Q1,beijing_2016-01-31T00:00:00,72,3,168,False,False,False
logistic,logistic,logistic,logistic,logistic,logistic,AP2,beijing,Aotizhongxin,origin_week,natural,25752,2016-02-07 00:00:00,2016Q1,beijing_2016-02-07T00:00:00,72,3,168,False,False,False
logistic,logistic,logistic,logistic,logistic,logistic,AP2,beijing,Aotizhongxin,origin_week,natural,25920,2016-02-14 00:00:00,2016Q1,beijing_2016-02-14T00:00:00,72,3,168,False,False,False
hist_gradient_boosting,hist_gradient_boosting,hist_gradient_boosting,hist_gradient_boosting,hist_gradient_boosting,hist_gradient_boosting,AP2,beijing,Aotizhongxin,origin_week,natural,26088,2016-02-21 00:00:00,2016Q1,beijing_2016-02-21T00:00:00,72,3,145,False,False,False
hist_gradient_boosting,hist_gradient_boosting,hist_gradient_boosting,hist_gradient_boosting,hist_gradient_boosting,hist_gradient_boosting,AP2,beijing,Aotizhongxin,artificial,iid_10,21589,2015-08-17 13:00:00,2015Q3,beijing_2015-08-17T13:00:00,72,3,529,False,False,False
constant;hist_gradient_boosting,,constant;hist_gradient_boosting,,constant;hist_gradient_boosting,,AP2,beijing,Aotizhongxin,artificial,iid_30,21589,2015-08-17 13:00:00,2015Q3,beijing_2015-08-17T13:00:00,72,3,529,False,False,False
constant;hist_gradient_boosting;logistic,,constant;hist_gradient_boosting;logistic,,constant;hist_gradient_boosting;logistic,,AP2,beijing,Aotizhongxin,artificial,blocks_10,21589,2015-08-17 13:00:00,2015Q3,beijing_2015-08-17T13:00:00,72,3,529,False,False,False
hist_gradient_boosting;logistic,,hist_gradient_boosting;logistic,,hist_gradient_boosting;logistic,,AP2,beijing,Changping,annual,natural,17520,2015-03-01 00:00:00,2015Q1,beijing_2015-03-01T00:00:00,24,3,8761,False,False,False
hist_gradient_boosting,hist_gradient_boosting,hist_gradient_boosting,hist_gradient_boosting,hist_gradient_boosting,hist_gradient_boosting,AP2,beijing,Changping,origin_week,natural,17520,2015-03-01 00:00:00,2015Q1,beijing_2015-03-01T00:00:00,24,3,168,False,False,False
logistic,logistic,logistic,logistic,logistic,logistic,AP2,beijing,Changping,origin_week,natural,17688,2015-03-08 00:00:00,2015Q1,beijing_2015-03-08T00:00:00,24,3,168,False,False,False
logistic,logistic,logistic,logistic,logistic,logistic,AP2,beijing,Changping,origin_week,natural,17856,2015-03-15 00:00:00,2015Q1,beijing_2015-03-15T00:00:00,24,3,168,False,False,False
hist_gradient_boosting,hist_gradient_boosting,hist_gradient_boosting,hist_gradient_boosting,hist_gradient_boosting,hist_gradient_boosting,AP2,beijing,Changping,origin_week,natural,18024,2015-03-22 00:00:00,2015Q1,beijing_2015-03-22T00:00:00,24,3,168,False,False,False
logistic,logistic,logistic,logistic,logistic,logistic,AP2,beijing,Changping,origin_week,natural,18192,2015-03-29 00:00:00,2015Q1,beijing_2015-03-29T00:00:00,24,3,168,False,False,False
hist_gradient_boosting,hist_gradient_boosting,hist_gradient_boosting,hist_gradient_boosting,hist_gradient_boosting,hist_gradient_boosting,AP2,beijing,Changping,origin_week,natural,18360,2015-04-05 00:00:00,2015Q2,beijing_2015-04-05T00:00:00,24,3,168,False,False,False
hist_gradient_boosting,hist_gradient_boosting,hist_gradient_boosting,hist_gradient_boosting,hist_gradient_boosting,hist_gradient_boosting,AP2,beijing,Changping,origin_week,natural,18528,2015-04-12 00:00:00,2015Q2,beijing_2015-04-12T00:00:00,24,3,168,False,False,False
constant;logistic,,constant;logistic,,constant;logistic,,AP2,beijing,Changping,origin_week,natural,18696,2015-04-19 00:00:00,2015Q2,beijing_2015-04-19T00:00:00,24,3,168,False,False,False
hist_gradient_boosting,hist_gradient_boosting,hist_gradient_boosting,hist_gradient_boosting,hist_gradient_boosting,hist_gradient_boosting,AP2,beijing,Changping,origin_week,natural,18864,2015-04-26 00:00:00,2015Q2,beijing_2015-04-26T00:00:00,24,3,168,False,False,False
logistic,logistic,logistic,logistic,logistic,logistic,AP2,beijing,Changping,origin_week,natural,19032,2015-05-03 00:00:00,2015Q2,beijing_2015-05-03T00:00:00,24,3,168,False,False,False
logistic,logistic,logistic,logistic,logistic,logistic,AP2,beijing,Changping,origin_week,natural,19200,2015-05-10 00:00:00,2015Q2,beijing_2015-05-10T00:00:00,24,3,168,False,False,False
hist_gradient_boosting,hist_gradient_boosting,hist_gradient_boosting,hist_gradient_boosting,hist_gradient_boosting,hist_gradient_boosting,AP2,beijing,Changping,origin_week,natural,19368,2015-05-17 00:00:00,2015Q2,beijing_2015-05-17T00:00:00,24,3,168,False,False,False
hist_gradient_boosting,hist_gradient_boosting,hist_gradient_boosting,hist_gradient_boosting,hist_gradient_boosting,hist_gradient_boosting,AP2,beijing,Changping,origin_week,natural,19536,2015-05-24 00:00:00,2015Q2,beijing_2015-05-24T00:00:00,24,3,168,False,False,False
hist_gradient_boosting,hist_gradient_boosting,hist_gradient_boosting,hist_gradient_boosting,hist_gradient_boosting,hist_gradient_boosting,AP2,beijing,Changping,origin_week,natural,19704,2015-05-31 00:00:00,2015Q2,beijing_2015-05-31T00:00:00,24,3,168,False,False,False
hist_gradient_boosting;logistic,,hist_gradient_boosting;logistic,,hist_gradient_boosting;logistic,,AP2,beijing,Changping,origin_week,natural,19872,2015-06-07 00:00:00,2015Q2,beijing_2015-06-07T00:00:00,24,3,168,False,False,False
hist_gradient_boosting,hist_gradient_boosting,hist_gradient_boosting,hist_gradient_boosting,hist_gradient_boosting,hist_gradient_boosting,AP2,beijing,Changping,origin_week,natural,20040,2015-06-14 00:00:00,2015Q2,beijing_2015-06-14T00:00:00,24,3,168,False,False,False
hist_gradient_boosting,hist_gradient_boosting,hist_gradient_boosting,hist_gradient_boosting,hist_gradient_boosting,hist_gradient_boosting,AP2,beijing,Changping,origin_week,natural,20208,2015-06-21 00:00:00,2015Q2,beijing_2015-06-21T00:00:00,24,3,168,False,False,False
logistic,logistic,logistic,logistic,logistic,logistic,AP2,beijing,Changping,origin_week,natural,20376,2015-06-28 00:00:00,2015Q2,beijing_2015-06-28T00:00:00,24,3,168,False,False,False
hist_gradient_boosting,hist_gradient_boosting,hist_gradient_boosting,hist_gradient_boosting,hist_gradient_boosting,hist_gradient_boosting,AP2,beijing,Changping,origin_week,natural,20544,2015-07-05 00:00:00,2015Q3,beijing_2015-07-05T00:00:00,24,3,168,False,False,False
logistic,logistic,logistic,logistic,logistic,logistic,AP2,beijing,Changping,origin_week,natural,20712,2015-07-12 00:00:00,2015Q3,beijing_2015-07-12T00:00:00,24,3,168,False,False,False
hist_gradient_boosting,hist_gradient_boosting,hist_gradient_boosting,hist_gradient_boosting,hist_gradient_boosting,hist_gradient_boosting,AP2,beijing,Changping,origin_week,natural,20880,2015-07-19 00:00:00,2015Q3,beijing_2015-07-19T00:00:00,24,3,168,False,False,False
logistic,logistic,logistic,logistic,logistic,logistic,AP2,beijing,Changping,origin_week,natural,21048,2015-07-26 00:00:00,2015Q3,beijing_2015-07-26T00:00:00,24,3,168,False,False,False
logistic,logistic,logistic,logistic,logistic,logistic,AP2,beijing,Changping,origin_week,natural,21216,2015-08-02 00:00:00,2015Q3,beijing_2015-08-02T00:00:00,24,3,168,False,False,False
logistic,logistic,logistic,logistic,logistic,logistic,AP2,beijing,Changping,origin_week,natural,21384,2015-08-09 00:00:00,2015Q3,beijing_2015-08-09T00:00:00,24,3,168,False,False,False
logistic,logistic,logistic,logistic,logistic,logistic,AP2,beijing,Changping,origin_week,natural,21552,2015-08-16 00:00:00,2015Q3,beijing_2015-08-16T00:00:00,24,3,168,False,False,False
hist_gradient_boosting,hist_gradient_boosting,hist_gradient_boosting,hist_gradient_boosting,hist_gradient_boosting,hist_gradient_boosting,AP2,beijing,Changping,origin_week,natural,21720,2015-08-23 00:00:00,2015Q3,beijing_2015-08-23T00:00:00,24,3,168,False,False,False
logistic,logistic,logistic,logistic,logistic,logistic,AP2,beijing,Changping,origin_week,natural,21888,2015-08-30 00:00:00,2015Q3,beijing_2015-08-30T00:00:00,24,3,168,False,False,False
logistic,logistic,logistic,logistic,logistic,logistic,AP2,beijing,Changping,origin_week,natural,22056,2015-09-06 00:00:00,2015Q3,beijing_2015-09-06T00:00:00,24,3,168,False,False,False
constant;logistic,,constant;logistic,,constant;logistic,,AP2,beijing,Changping,origin_week,natural,22224,2015-09-13 00:00:00,2015Q3,beijing_2015-09-13T00:00:00,24,3,168,False,False,False
logistic,logistic,logistic,logistic,logistic,logistic,AP2,beijing,Changping,origin_week,natural,22392,2015-09-20 00:00:00,2015Q3,beijing_2015-09-20T00:00:00,24,3,168,False,False,False
logistic,logistic,logistic,logistic,logistic,logistic,AP2,beijing,Changping,origin_week,natural,22560,2015-09-27 00:00:00,2015Q3,beijing_2015-09-27T00:00:00,24,3,168,False,False,False
constant;hist_gradient_boosting,,constant;hist_gradient_boosting,,constant;hist_gradient_boosting,,AP2,beijing,Changping,origin_week,natural,22728,2015-10-04 00:00:00,2015Q4,beijing_2015-10-04T00:00:00,24,3,168,False,False,False
hist_gradient_boosting,hist_gradient_boosting,hist_gradient_boosting,hist_gradient_boosting,hist_gradient_boosting,hist_gradient_boosting,AP2,beijing,Changping,origin_week,natural,22896,2015-10-11 00:00:00,2015Q4,beijing_2015-10-11T00:00:00,24,3,168,False,False,False
logistic,logistic,logistic,logistic,logistic,logistic,AP2,beijing,Changping,origin_week,natural,23064,2015-10-18 00:00:00,2015Q4,beijing_2015-10-18T00:00:00,24,3,168,False,False,False
logistic,logistic,logistic,logistic,logistic,logistic,AP2,beijing,Changping,origin_week,natural,23232,2015-10-25 00:00:00,2015Q4,beijing_2015-10-25T00:00:00,24,3,168,False,False,False
constant;hist_gradient_boosting,,constant;hist_gradient_boosting,,constant;hist_gradient_boosting,,AP2,beijing,Changping,origin_week,natural,23400,2015-11-01 00:00:00,2015Q4,beijing_2015-11-01T00:00:00,24,3,168,False,False,False
hist_gradient_boosting,hist_gradient_boosting,hist_gradient_boosting,hist_gradient_boosting,hist_gradient_boosting,hist_gradient_boosting,AP2,beijing,Changping,origin_week,natural,23568,2015-11-08 00:00:00,2015Q4,beijing_2015-11-08T00:00:00,24,3,168,False,False,False
logistic,logistic,logistic,logistic,logistic,logistic,AP2,beijing,Changping,origin_week,natural,23736,2015-11-15 00:00:00,2015Q4,beijing_2015-11-15T00:00:00,24,3,168,False,False,False
logistic,logistic,logistic,logistic,logistic,logistic,AP2,beijing,Changping,origin_week,natural,23904,2015-11-22 00:00:00,2015Q4,beijing_2015-11-22T00:00:00,24,3,168,False,False,False
hist_gradient_boosting,hist_gradient_boosting,hist_gradient_boosting,hist_gradient_boosting,hist_gradient_boosting,hist_gradient_boosting,AP2,beijing,Changping,origin_week,natural,24072,2015-11-29 00:00:00,2015Q4,beijing_2015-11-29T00:00:00,24,3,168,False,False,False
hist_gradient_boosting,hist_gradient_boosting,hist_gradient_boosting,hist_gradient_boosting,hist_gradient_boosting,hist_gradient_boosting,AP2,beijing,Changping,origin_week,natural,24240,2015-12-06 00:00:00,2015Q4,beijing_2015-12-06T00:00:00,24,3,168,False,False,False
logistic,logistic,logistic,logistic,logistic,logistic,AP2,beijing,Changping,origin_week,natural,24408,2015-12-13 00:00:00,2015Q4,beijing_2015-12-13T00:00:00,24,3,168,False,False,False
hist_gradient_boosting,hist_gradient_boosting,hist_gradient_boosting,hist_gradient_boosting,hist_gradient_boosting,hist_gradient_boosting,AP2,beijing,Changping,origin_week,natural,24576,2015-12-20 00:00:00,2015Q4,beijing_2015-12-20T00:00:00,24,3,168,False,False,False
logistic,logistic,logistic,logistic,logistic,logistic,AP2,beijing,Changping,origin_week,natural,24744,2015-12-27 00:00:00,2015Q4,beijing_2015-12-27T00:00:00,24,3,168,False,False,False
logistic,logistic,logistic,logistic,logistic,logistic,AP2,beijing,Changping,origin_week,natural,24912,2016-01-03 00:00:00,2016Q1,beijing_2016-01-03T00:00:00,24,3,168,False,False,False
hist_gradient_boosting,hist_gradient_boosting,hist_gradient_boosting,hist_gradient_boosting,hist_gradient_boosting,hist_gradient_boosting,AP2,beijing,Changping,origin_week,natural,25080,2016-01-10 00:00:00,2016Q1,beijing_2016-01-10T00:00:00,24,3,168,False,False,False
hist_gradient_boosting,hist_gradient_boosting,hist_gradient_boosting,hist_gradient_boosting,hist_gradient_boosting,hist_gradient_boosting,AP2,beijing,Changping,origin_week,natural,25248,2016-01-17 00:00:00,2016Q1,beijing_2016-01-17T00:00:00,24,3,168,False,False,False
logistic,logistic,logistic,logistic,logistic,logistic,AP2,beijing,Changping,origin_week,natural,25416,2016-01-24 00:00:00,2016Q1,beijing_2016-01-24T00:00:00,24,3,168,False,False,False
hist_gradient_boosting,hist_gradient_boosting,hist_gradient_boosting,hist_gradient_boosting,hist_gradient_boosting,hist_gradient_boosting,AP2,beijing,Changping,origin_week,natural,25584,2016-01-31 00:00:00,2016Q1,beijing_2016-01-31T00:00:00,24,3,168,False,False,False
hist_gradient_boosting,hist_gradient_boosting,hist_gradient_boosting,hist_gradient_boosting,hist_gradient_boosting,hist_gradient_boosting,AP2,beijing,Changping,origin_week,natural,25752,2016-02-07 00:00:00,2016Q1,beijing_2016-02-07T00:00:00,24,3,168,False,False,False
logistic,logistic,logistic,logistic,logistic,logistic,AP2,beijing,Changping,origin_week,natural,25920,2016-02-14 00:00:00,2016Q1,beijing_2016-02-14T00:00:00,24,3,168,False,False,False
hist_gradient_boosting,hist_gradient_boosting,hist_gradient_boosting,hist_gradient_boosting,hist_gradient_boosting,hist_gradient_boosting,AP2,beijing,Changping,origin_week,natural,26088,2016-02-21 00:00:00,2016Q1,beijing_2016-02-21T00:00:00,24,3,168,False,False,False
hist_gradient_boosting,hist_gradient_boosting,hist_gradient_boosting,hist_gradient_boosting,hist_gradient_boosting,hist_gradient_boosting,AP2,beijing,Changping,origin_week,natural,26256,2016-02-28 00:00:00,2016Q1,beijing_2016-02-28T00:00:00,24,3,25,False,False,False
hist_gradient_boosting,hist_gradient_boosting,hist_gradient_boosting,hist_gradient_boosting,hist_gradient_boosting,hist_gradient_boosting,AP2,beijing,Changping,artificial,iid_10,20101,2015-06-16 13:00:00,2015Q2,beijing_2015-06-16T13:00:00,24,3,626,False,False,False
hist_gradient_boosting,hist_gradient_boosting,hist_gradient_boosting,hist_gradient_boosting,hist_gradient_boosting,hist_gradient_boosting,AP2,beijing,Changping,artificial,iid_30,20101,2015-06-16 13:00:00,2015Q2,beijing_2015-06-16T13:00:00,24,3,626,False,False,False
hist_gradient_boosting;logistic,,hist_gradient_boosting;logistic,,hist_gradient_boosting;logistic,,AP2,beijing,Changping,artificial,blocks_10,20101,2015-06-16 13:00:00,2015Q2,beijing_2015-06-16T13:00:00,24,3,626,False,False,False
logistic,logistic,logistic,logistic,logistic,logistic,AP2,beijing,Changping,annual,natural,17520,2015-03-01 00:00:00,2015Q1,beijing_2015-03-01T00:00:00,72,3,8713,False,False,False
constant,constant,constant,constant,constant,constant,AP2,beijing,Changping,origin_week,natural,17520,2015-03-01 00:00:00,2015Q1,beijing_2015-03-01T00:00:00,72,3,168,False,False,False
logistic,logistic,logistic,logistic,logistic,logistic,AP2,beijing,Changping,origin_week,natural,17688,2015-03-08 00:00:00,2015Q1,beijing_2015-03-08T00:00:00,72,3,168,False,False,False
logistic,logistic,logistic,logistic,logistic,logistic,AP2,beijing,Changping,origin_week,natural,17856,2015-03-15 00:00:00,2015Q1,beijing_2015-03-15T00:00:00,72,3,168,False,False,False
constant,constant,constant,constant,constant,constant,AP2,beijing,Changping,origin_week,natural,18024,2015-03-22 00:00:00,2015Q1,beijing_2015-03-22T00:00:00,72,3,168,False,False,False
logistic,logistic,logistic,logistic,logistic,logistic,AP2,beijing,Changping,origin_week,natural,18192,2015-03-29 00:00:00,2015Q1,beijing_2015-03-29T00:00:00,72,3,168,False,False,False
constant,constant,constant,constant,constant,constant,AP2,beijing,Changping,origin_week,natural,18360,2015-04-05 00:00:00,2015Q2,beijing_2015-04-05T00:00:00,72,3,168,False,False,False
logistic,logistic,logistic,logistic,logistic,logistic,AP2,beijing,Changping,origin_week,natural,18528,2015-04-12 00:00:00,2015Q2,beijing_2015-04-12T00:00:00,72,3,168,False,False,False
constant,constant,constant,constant,constant,constant,AP2,beijing,Changping,origin_week,natural,18696,2015-04-19 00:00:00,2015Q2,beijing_2015-04-19T00:00:00,72,3,168,False,False,False
constant,constant,constant,constant,constant,constant,AP2,beijing,Changping,origin_week,natural,18864,2015-04-26 00:00:00,2015Q2,beijing_2015-04-26T00:00:00,72,3,168,False,False,False
logistic,logistic,logistic,logistic,logistic,logistic,AP2,beijing,Changping,origin_week,natural,19032,2015-05-03 00:00:00,2015Q2,beijing_2015-05-03T00:00:00,72,3,168,False,False,False
logistic,logistic,logistic,logistic,logistic,logistic,AP2,beijing,Changping,origin_week,natural,19200,2015-05-10 00:00:00,2015Q2,beijing_2015-05-10T00:00:00,72,3,168,False,False,False
hist_gradient_boosting,hist_gradient_boosting,hist_gradient_boosting,hist_gradient_boosting,hist_gradient_boosting,hist_gradient_boosting,AP2,beijing,Changping,origin_week,natural,19368,2015-05-17 00:00:00,2015Q2,beijing_2015-05-17T00:00:00,72,3,168,False,False,False
hist_gradient_boosting,hist_gradient_boosting,hist_gradient_boosting,hist_gradient_boosting,hist_gradient_boosting,hist_gradient_boosting,AP2,beijing,Changping,origin_week,natural,19536,2015-05-24 00:00:00,2015Q2,beijing_2015-05-24T00:00:00,72,3,168,False,False,False
constant;hist_gradient_boosting;logistic,,constant;hist_gradient_boosting;logistic,,constant;hist_gradient_boosting;logistic,,AP2,beijing,Changping,origin_week,natural,19704,2015-05-31 00:00:00,2015Q2,beijing_2015-05-31T00:00:00,72,3,168,False,False,False
logistic,logistic,logistic,logistic,logistic,logistic,AP2,beijing,Changping,origin_week,natural,19872,2015-06-07 00:00:00,2015Q2,beijing_2015-06-07T00:00:00,72,3,168,False,False,False
hist_gradient_boosting,hist_gradient_boosting,hist_gradient_boosting,hist_gradient_boosting,hist_gradient_boosting,hist_gradient_boosting,AP2,beijing,Changping,origin_week,natural,20040,2015-06-14 00:00:00,2015Q2,beijing_2015-06-14T00:00:00,72,3,168,False,False,False
hist_gradient_boosting,hist_gradient_boosting,hist_gradient_boosting,hist_gradient_boosting,hist_gradient_boosting,hist_gradient_boosting,AP2,beijing,Changping,origin_week,natural,20208,2015-06-21 00:00:00,2015Q2,beijing_2015-06-21T00:00:00,72,3,168,False,False,False
logistic,logistic,logistic,logistic,logistic,logistic,AP2,beijing,Changping,origin_week,natural,20376,2015-06-28 00:00:00,2015Q2,beijing_2015-06-28T00:00:00,72,3,168,False,False,False
constant,constant,constant,constant,constant,constant,AP2,beijing,Changping,origin_week,natural,20544,2015-07-05 00:00:00,2015Q3,beijing_2015-07-05T00:00:00,72,3,168,False,False,False
logistic,logistic,logistic,logistic,logistic,logistic,AP2,beijing,Changping,origin_week,natural,20712,2015-07-12 00:00:00,2015Q3,beijing_2015-07-12T00:00:00,72,3,168,False,False,False
hist_gradient_boosting,hist_gradient_boosting,hist_gradient_boosting,hist_gradient_boosting,hist_gradient_boosting,hist_gradient_boosting,AP2,beijing,Changping,origin_week,natural,20880,2015-07-19 00:00:00,2015Q3,beijing_2015-07-19T00:00:00,72,3,168,False,False,False
logistic,logistic,logistic,logistic,logistic,logistic,AP2,beijing,Changping,origin_week,natural,21048,2015-07-26 00:00:00,2015Q3,beijing_2015-07-26T00:00:00,72,3,168,False,False,False
hist_gradient_boosting,hist_gradient_boosting,hist_gradient_boosting,hist_gradient_boosting,hist_gradient_boosting,hist_gradient_boosting,AP2,beijing,Changping,origin_week,natural,21216,2015-08-02 00:00:00,2015Q3,beijing_2015-08-02T00:00:00,72,3,168,False,False,False
constant,constant,constant,constant,constant,constant,AP2,beijing,Changping,origin_week,natural,21384,2015-08-09 00:00:00,2015Q3,beijing_2015-08-09T00:00:00,72,3,168,False,False,False
logistic,logistic,logistic,logistic,logistic,logistic,AP2,beijing,Changping,origin_week,natural,21552,2015-08-16 00:00:00,2015Q3,beijing_2015-08-16T00:00:00,72,3,168,False,False,False
logistic,logistic,logistic,logistic,logistic,logistic,AP2,beijing,Changping,origin_week,natural,21720,2015-08-23 00:00:00,2015Q3,beijing_2015-08-23T00:00:00,72,3,168,False,False,False
logistic,logistic,logistic,logistic,logistic,logistic,AP2,beijing,Changping,origin_week,natural,21888,2015-08-30 00:00:00,2015Q3,beijing_2015-08-30T00:00:00,72,3,168,False,False,False
logistic,logistic,logistic,logistic,logistic,logistic,AP2,beijing,Changping,origin_week,natural,22056,2015-09-06 00:00:00,2015Q3,beijing_2015-09-06T00:00:00,72,3,168,False,False,False
constant,constant,constant,constant,constant,constant,AP2,beijing,Changping,origin_week,natural,22224,2015-09-13 00:00:00,2015Q3,beijing_2015-09-13T00:00:00,72,3,168,False,False,False
hist_gradient_boosting,hist_gradient_boosting,hist_gradient_boosting,hist_gradient_boosting,hist_gradient_boosting,hist_gradient_boosting,AP2,beijing,Changping,origin_week,natural,22392,2015-09-20 00:00:00,2015Q3,beijing_2015-09-20T00:00:00,72,3,168,False,False,False
logistic,logistic,logistic,logistic,logistic,logistic,AP2,beijing,Changping,origin_week,natural,22560,2015-09-27 00:00:00,2015Q3,beijing_2015-09-27T00:00:00,72,3,168,False,False,False
constant;hist_gradient_boosting,,constant;hist_gradient_boosting,,constant,constant,AP2,beijing,Changping,origin_week,natural,22728,2015-10-04 00:00:00,2015Q4,beijing_2015-10-04T00:00:00,72,3,168,False,True,True
constant,constant,constant,constant,constant,constant,AP2,beijing,Changping,origin_week,natural,22896,2015-10-11 00:00:00,2015Q4,beijing_2015-10-11T00:00:00,72,3,168,False,False,False
logistic,logistic,logistic,logistic,logistic,logistic,AP2,beijing,Changping,origin_week,natural,23064,2015-10-18 00:00:00,2015Q4,beijing_2015-10-18T00:00:00,72,3,168,False,False,False
logistic,logistic,logistic,logistic,logistic,logistic,AP2,beijing,Changping,origin_week,natural,23232,2015-10-25 00:00:00,2015Q4,beijing_2015-10-25T00:00:00,72,3,168,False,False,False
constant,constant,constant,constant,constant,constant,AP2,beijing,Changping,origin_week,natural,23400,2015-11-01 00:00:00,2015Q4,beijing_2015-11-01T00:00:00,72,3,168,False,False,False
hist_gradient_boosting,hist_gradient_boosting,hist_gradient_boosting,hist_gradient_boosting,hist_gradient_boosting,hist_gradient_boosting,AP2,beijing,Changping,origin_week,natural,23568,2015-11-08 00:00:00,2015Q4,beijing_2015-11-08T00:00:00,72,3,168,False,False,False
logistic,logistic,logistic,logistic,logistic,logistic,AP2,beijing,Changping,origin_week,natural,23736,2015-11-15 00:00:00,2015Q4,beijing_2015-11-15T00:00:00,72,3,168,False,False,False
constant,constant,constant,constant,constant,constant,AP2,beijing,Changping,origin_week,natural,23904,2015-11-22 00:00:00,2015Q4,beijing_2015-11-22T00:00:00,72,3,168,False,False,False
logistic,logistic,logistic,logistic,logistic,logistic,AP2,beijing,Changping,origin_week,natural,24072,2015-11-29 00:00:00,2015Q4,beijing_2015-11-29T00:00:00,72,3,168,False,False,False
hist_gradient_boosting,hist_gradient_boosting,hist_gradient_boosting,hist_gradient_boosting,hist_gradient_boosting,hist_gradient_boosting,AP2,beijing,Changping,origin_week,natural,24240,2015-12-06 00:00:00,2015Q4,beijing_2015-12-06T00:00:00,72,3,168,False,False,False
constant,constant,constant,constant,constant,constant,AP2,beijing,Changping,origin_week,natural,24408,2015-12-13 00:00:00,2015Q4,beijing_2015-12-13T00:00:00,72,3,168,False,False,False
hist_gradient_boosting,hist_gradient_boosting,hist_gradient_boosting,hist_gradient_boosting,hist_gradient_boosting,hist_gradient_boosting,AP2,beijing,Changping,origin_week,natural,24576,2015-12-20 00:00:00,2015Q4,beijing_2015-12-20T00:00:00,72,3,168,False,False,False
constant,constant,constant,constant,constant,constant,AP2,beijing,Changping,origin_week,natural,24744,2015-12-27 00:00:00,2015Q4,beijing_2015-12-27T00:00:00,72,3,168,False,False,False
logistic,logistic,logistic,logistic,logistic,logistic,AP2,beijing,Changping,origin_week,natural,24912,2016-01-03 00:00:00,2016Q1,beijing_2016-01-03T00:00:00,72,3,168,False,False,False
hist_gradient_boosting,hist_gradient_boosting,hist_gradient_boosting,hist_gradient_boosting,hist_gradient_boosting,hist_gradient_boosting,AP2,beijing,Changping,origin_week,natural,25080,2016-01-10 00:00:00,2016Q1,beijing_2016-01-10T00:00:00,72,3,168,False,False,False
hist_gradient_boosting,hist_gradient_boosting,hist_gradient_boosting,hist_gradient_boosting,hist_gradient_boosting,hist_gradient_boosting,AP2,beijing,Changping,origin_week,natural,25248,2016-01-17 00:00:00,2016Q1,beijing_2016-01-17T00:00:00,72,3,168,False,False,False
hist_gradient_boosting,hist_gradient_boosting,hist_gradient_boosting,hist_gradient_boosting,hist_gradient_boosting,hist_gradient_boosting,AP2,beijing,Changping,origin_week,natural,25416,2016-01-24 00:00:00,2016Q1,beijing_2016-01-24T00:00:00,72,3,168,False,False,False
logistic,logistic,logistic,logistic,logistic,logistic,AP2,beijing,Changping,origin_week,natural,25584,2016-01-31 00:00:00,2016Q1,beijing_2016-01-31T00:00:00,72,3,168,False,False,False
logistic,logistic,logistic,logistic,logistic,logistic,AP2,beijing,Changping,origin_week,natural,25752,2016-02-07 00:00:00,2016Q1,beijing_2016-02-07T00:00:00,72,3,168,False,False,False
logistic,logistic,logistic,logistic,logistic,logistic,AP2,beijing,Changping,origin_week,natural,25920,2016-02-14 00:00:00,2016Q1,beijing_2016-02-14T00:00:00,72,3,168,False,False,False
logistic,logistic,logistic,logistic,logistic,logistic,AP2,beijing,Changping,origin_week,natural,26088,2016-02-21 00:00:00,2016Q1,beijing_2016-02-21T00:00:00,72,3,145,False,False,False
logistic,logistic,logistic,logistic,logistic,logistic,AP2,beijing,Changping,artificial,iid_10,20101,2015-06-16 13:00:00,2015Q2,beijing_2015-06-16T13:00:00,72,3,578,False,False,False
constant;hist_gradient_boosting,,hist_gradient_boosting,hist_gradient_boosting,hist_gradient_boosting,hist_gradient_boosting,AP2,beijing,Changping,artificial,iid_30,20101,2015-06-16 13:00:00,2015Q2,beijing_2015-06-16T13:00:00,72,3,578,True,True,False
constant;hist_gradient_boosting;logistic,,constant;hist_gradient_boosting;logistic,,constant;hist_gradient_boosting;logistic,,AP2,beijing,Changping,artificial,blocks_10,20101,2015-06-16 13:00:00,2015Q2,beijing_2015-06-16T13:00:00,72,3,578,False,False,False
logistic,logistic,logistic,logistic,logistic,logistic,AP2,beijing,Dingling,annual,natural,17520,2015-03-01 00:00:00,2015Q1,beijing_2015-03-01T00:00:00,24,3,8761,False,False,False
logistic,logistic,logistic,logistic,logistic,logistic,AP2,beijing,Dingling,origin_week,natural,17520,2015-03-01 00:00:00,2015Q1,beijing_2015-03-01T00:00:00,24,3,168,False,False,False
logistic,logistic,logistic,logistic,logistic,logistic,AP2,beijing,Dingling,origin_week,natural,17688,2015-03-08 00:00:00,2015Q1,beijing_2015-03-08T00:00:00,24,3,168,False,False,False
logistic,logistic,logistic,logistic,logistic,logistic,AP2,beijing,Dingling,origin_week,natural,17856,2015-03-15 00:00:00,2015Q1,beijing_2015-03-15T00:00:00,24,3,168,False,False,False
hist_gradient_boosting,hist_gradient_boosting,hist_gradient_boosting,hist_gradient_boosting,hist_gradient_boosting,hist_gradient_boosting,AP2,beijing,Dingling,origin_week,natural,18024,2015-03-22 00:00:00,2015Q1,beijing_2015-03-22T00:00:00,24,3,168,False,False,False
logistic,logistic,logistic,logistic,logistic,logistic,AP2,beijing,Dingling,origin_week,natural,18192,2015-03-29 00:00:00,2015Q1,beijing_2015-03-29T00:00:00,24,3,168,False,False,False
logistic,logistic,logistic,logistic,logistic,logistic,AP2,beijing,Dingling,origin_week,natural,18360,2015-04-05 00:00:00,2015Q2,beijing_2015-04-05T00:00:00,24,3,168,False,False,False
hist_gradient_boosting,hist_gradient_boosting,hist_gradient_boosting,hist_gradient_boosting,hist_gradient_boosting,hist_gradient_boosting,AP2,beijing,Dingling,origin_week,natural,18528,2015-04-12 00:00:00,2015Q2,beijing_2015-04-12T00:00:00,24,3,168,False,False,False
logistic,logistic,logistic,logistic,logistic,logistic,AP2,beijing,Dingling,origin_week,natural,18696,2015-04-19 00:00:00,2015Q2,beijing_2015-04-19T00:00:00,24,3,168,False,False,False
hist_gradient_boosting,hist_gradient_boosting,hist_gradient_boosting,hist_gradient_boosting,hist_gradient_boosting,hist_gradient_boosting,AP2,beijing,Dingling,origin_week,natural,18864,2015-04-26 00:00:00,2015Q2,beijing_2015-04-26T00:00:00,24,3,168,False,False,False
logistic,logistic,logistic,logistic,logistic,logistic,AP2,beijing,Dingling,origin_week,natural,19032,2015-05-03 00:00:00,2015Q2,beijing_2015-05-03T00:00:00,24,3,168,False,False,False
hist_gradient_boosting;logistic,,hist_gradient_boosting;logistic,,hist_gradient_boosting;logistic,,AP2,beijing,Dingling,origin_week,natural,19200,2015-05-10 00:00:00,2015Q2,beijing_2015-05-10T00:00:00,24,3,168,False,False,False
hist_gradient_boosting,hist_gradient_boosting,hist_gradient_boosting,hist_gradient_boosting,hist_gradient_boosting,hist_gradient_boosting,AP2,beijing,Dingling,origin_week,natural,19368,2015-05-17 00:00:00,2015Q2,beijing_2015-05-17T00:00:00,24,3,168,False,False,False
hist_gradient_boosting,hist_gradient_boosting,hist_gradient_boosting,hist_gradient_boosting,hist_gradient_boosting,hist_gradient_boosting,AP2,beijing,Dingling,origin_week,natural,19536,2015-05-24 00:00:00,2015Q2,beijing_2015-05-24T00:00:00,24,3,168,False,False,False
hist_gradient_boosting,hist_gradient_boosting,hist_gradient_boosting,hist_gradient_boosting,hist_gradient_boosting,hist_gradient_boosting,AP2,beijing,Dingling,origin_week,natural,19704,2015-05-31 00:00:00,2015Q2,beijing_2015-05-31T00:00:00,24,3,168,False,False,False
hist_gradient_boosting,hist_gradient_boosting,hist_gradient_boosting,hist_gradient_boosting,hist_gradient_boosting,hist_gradient_boosting,AP2,beijing,Dingling,origin_week,natural,19872,2015-06-07 00:00:00,2015Q2,beijing_2015-06-07T00:00:00,24,3,168,False,False,False
hist_gradient_boosting,hist_gradient_boosting,hist_gradient_boosting,hist_gradient_boosting,hist_gradient_boosting,hist_gradient_boosting,AP2,beijing,Dingling,origin_week,natural,20040,2015-06-14 00:00:00,2015Q2,beijing_2015-06-14T00:00:00,24,3,168,False,False,False
hist_gradient_boosting,hist_gradient_boosting,hist_gradient_boosting,hist_gradient_boosting,hist_gradient_boosting,hist_gradient_boosting,AP2,beijing,Dingling,origin_week,natural,20208,2015-06-21 00:00:00,2015Q2,beijing_2015-06-21T00:00:00,24,3,168,False,False,False
logistic,logistic,logistic,logistic,logistic,logistic,AP2,beijing,Dingling,origin_week,natural,20376,2015-06-28 00:00:00,2015Q2,beijing_2015-06-28T00:00:00,24,3,168,False,False,False
hist_gradient_boosting,hist_gradient_boosting,hist_gradient_boosting,hist_gradient_boosting,hist_gradient_boosting,hist_gradient_boosting,AP2,beijing,Dingling,origin_week,natural,20544,2015-07-05 00:00:00,2015Q3,beijing_2015-07-05T00:00:00,24,3,168,False,False,False
logistic,logistic,logistic,logistic,logistic,logistic,AP2,beijing,Dingling,origin_week,natural,20712,2015-07-12 00:00:00,2015Q3,beijing_2015-07-12T00:00:00,24,3,168,False,False,False
hist_gradient_boosting,hist_gradient_boosting,hist_gradient_boosting,hist_gradient_boosting,hist_gradient_boosting,hist_gradient_boosting,AP2,beijing,Dingling,origin_week,natural,20880,2015-07-19 00:00:00,2015Q3,beijing_2015-07-19T00:00:00,24,3,168,False,False,False
logistic,logistic,logistic,logistic,logistic,logistic,AP2,beijing,Dingling,origin_week,natural,21048,2015-07-26 00:00:00,2015Q3,beijing_2015-07-26T00:00:00,24,3,168,False,False,False
logistic,logistic,logistic,logistic,logistic,logistic,AP2,beijing,Dingling,origin_week,natural,21216,2015-08-02 00:00:00,2015Q3,beijing_2015-08-02T00:00:00,24,3,168,False,False,False
logistic,logistic,logistic,logistic,logistic,logistic,AP2,beijing,Dingling,origin_week,natural,21384,2015-08-09 00:00:00,2015Q3,beijing_2015-08-09T00:00:00,24,3,168,False,False,False
logistic,logistic,logistic,logistic,logistic,logistic,AP2,beijing,Dingling,origin_week,natural,21552,2015-08-16 00:00:00,2015Q3,beijing_2015-08-16T00:00:00,24,3,168,False,False,False
hist_gradient_boosting,hist_gradient_boosting,hist_gradient_boosting,hist_gradient_boosting,hist_gradient_boosting,hist_gradient_boosting,AP2,beijing,Dingling,origin_week,natural,21720,2015-08-23 00:00:00,2015Q3,beijing_2015-08-23T00:00:00,24,3,168,False,False,False
logistic,logistic,logistic,logistic,logistic,logistic,AP2,beijing,Dingling,origin_week,natural,21888,2015-08-30 00:00:00,2015Q3,beijing_2015-08-30T00:00:00,24,3,168,False,False,False
logistic,logistic,logistic,logistic,logistic,logistic,AP2,beijing,Dingling,origin_week,natural,22056,2015-09-06 00:00:00,2015Q3,beijing_2015-09-06T00:00:00,24,3,168,False,False,False
logistic,logistic,logistic,logistic,logistic,logistic,AP2,beijing,Dingling,origin_week,natural,22224,2015-09-13 00:00:00,2015Q3,beijing_2015-09-13T00:00:00,24,3,168,False,False,False
hist_gradient_boosting,hist_gradient_boosting,hist_gradient_boosting,hist_gradient_boosting,hist_gradient_boosting,hist_gradient_boosting,AP2,beijing,Dingling,origin_week,natural,22392,2015-09-20 00:00:00,2015Q3,beijing_2015-09-20T00:00:00,24,3,168,False,False,False
logistic,logistic,logistic,logistic,logistic,logistic,AP2,beijing,Dingling,origin_week,natural,22560,2015-09-27 00:00:00,2015Q3,beijing_2015-09-27T00:00:00,24,3,168,False,False,False
logistic,logistic,logistic,logistic,logistic,logistic,AP2,beijing,Dingling,origin_week,natural,22728,2015-10-04 00:00:00,2015Q4,beijing_2015-10-04T00:00:00,24,3,168,False,False,False
hist_gradient_boosting,hist_gradient_boosting,hist_gradient_boosting,hist_gradient_boosting,hist_gradient_boosting,hist_gradient_boosting,AP2,beijing,Dingling,origin_week,natural,22896,2015-10-11 00:00:00,2015Q4,beijing_2015-10-11T00:00:00,24,3,168,False,False,False
logistic,logistic,logistic,logistic,logistic,logistic,AP2,beijing,Dingling,origin_week,natural,23064,2015-10-18 00:00:00,2015Q4,beijing_2015-10-18T00:00:00,24,3,168,False,False,False
logistic,logistic,logistic,logistic,logistic,logistic,AP2,beijing,Dingling,origin_week,natural,23232,2015-10-25 00:00:00,2015Q4,beijing_2015-10-25T00:00:00,24,3,168,False,False,False
logistic,logistic,logistic,logistic,logistic,logistic,AP2,beijing,Dingling,origin_week,natural,23400,2015-11-01 00:00:00,2015Q4,beijing_2015-11-01T00:00:00,24,3,168,False,False,False
hist_gradient_boosting,hist_gradient_boosting,hist_gradient_boosting,hist_gradient_boosting,hist_gradient_boosting,hist_gradient_boosting,AP2,beijing,Dingling,origin_week,natural,23568,2015-11-08 00:00:00,2015Q4,beijing_2015-11-08T00:00:00,24,3,168,False,False,False
logistic,logistic,logistic,logistic,logistic,logistic,AP2,beijing,Dingling,origin_week,natural,23736,2015-11-15 00:00:00,2015Q4,beijing_2015-11-15T00:00:00,24,3,168,False,False,False
logistic,logistic,logistic,logistic,logistic,logistic,AP2,beijing,Dingling,origin_week,natural,23904,2015-11-22 00:00:00,2015Q4,beijing_2015-11-22T00:00:00,24,3,168,False,False,False
hist_gradient_boosting,hist_gradient_boosting,hist_gradient_boosting,hist_gradient_boosting,hist_gradient_boosting,hist_gradient_boosting,AP2,beijing,Dingling,origin_week,natural,24072,2015-11-29 00:00:00,2015Q4,beijing_2015-11-29T00:00:00,24,3,168,False,False,False
logistic,logistic,logistic,logistic,logistic,logistic,AP2,beijing,Dingling,origin_week,natural,24240,2015-12-06 00:00:00,2015Q4,beijing_2015-12-06T00:00:00,24,3,168,False,False,False
logistic,logistic,logistic,logistic,logistic,logistic,AP2,beijing,Dingling,origin_week,natural,24408,2015-12-13 00:00:00,2015Q4,beijing_2015-12-13T00:00:00,24,3,168,False,False,False
logistic,logistic,logistic,logistic,logistic,logistic,AP2,beijing,Dingling,origin_week,natural,24576,2015-12-20 00:00:00,2015Q4,beijing_2015-12-20T00:00:00,24,3,168,False,False,False
constant;logistic,,constant;logistic,,constant;logistic,,AP2,beijing,Dingling,origin_week,natural,24744,2015-12-27 00:00:00,2015Q4,beijing_2015-12-27T00:00:00,24,3,168,False,False,False
hist_gradient_boosting,hist_gradient_boosting,hist_gradient_boosting,hist_gradient_boosting,hist_gradient_boosting,hist_gradient_boosting,AP2,beijing,Dingling,origin_week,natural,24912,2016-01-03 00:00:00,2016Q1,beijing_2016-01-03T00:00:00,24,3,168,False,False,False
logistic,logistic,logistic,logistic,logistic,logistic,AP2,beijing,Dingling,origin_week,natural,25080,2016-01-10 00:00:00,2016Q1,beijing_2016-01-10T00:00:00,24,3,168,False,False,False
logistic,logistic,logistic,logistic,logistic,logistic,AP2,beijing,Dingling,origin_week,natural,25248,2016-01-17 00:00:00,2016Q1,beijing_2016-01-17T00:00:00,24,3,168,False,False,False
hist_gradient_boosting,hist_gradient_boosting,hist_gradient_boosting,hist_gradient_boosting,hist_gradient_boosting,hist_gradient_boosting,AP2,beijing,Dingling,origin_week,natural,25416,2016-01-24 00:00:00,2016Q1,beijing_2016-01-24T00:00:00,24,3,168,False,False,False
hist_gradient_boosting,hist_gradient_boosting,hist_gradient_boosting,hist_gradient_boosting,hist_gradient_boosting,hist_gradient_boosting,AP2,beijing,Dingling,origin_week,natural,25584,2016-01-31 00:00:00,2016Q1,beijing_2016-01-31T00:00:00,24,3,168,False,False,False
hist_gradient_boosting,hist_gradient_boosting,hist_gradient_boosting,hist_gradient_boosting,hist_gradient_boosting,hist_gradient_boosting,AP2,beijing,Dingling,origin_week,natural,25752,2016-02-07 00:00:00,2016Q1,beijing_2016-02-07T00:00:00,24,3,168,False,False,False
logistic,logistic,logistic,logistic,logistic,logistic,AP2,beijing,Dingling,origin_week,natural,25920,2016-02-14 00:00:00,2016Q1,beijing_2016-02-14T00:00:00,24,3,168,False,False,False
hist_gradient_boosting,hist_gradient_boosting,hist_gradient_boosting,hist_gradient_boosting,hist_gradient_boosting,hist_gradient_boosting,AP2,beijing,Dingling,origin_week,natural,26088,2016-02-21 00:00:00,2016Q1,beijing_2016-02-21T00:00:00,24,3,168,False,False,False
hist_gradient_boosting,hist_gradient_boosting,hist_gradient_boosting,hist_gradient_boosting,hist_gradient_boosting,hist_gradient_boosting,AP2,beijing,Dingling,origin_week,natural,26256,2016-02-28 00:00:00,2016Q1,beijing_2016-02-28T00:00:00,24,3,25,False,False,False
hist_gradient_boosting;logistic,,hist_gradient_boosting,hist_gradient_boosting,hist_gradient_boosting,hist_gradient_boosting,AP2,beijing,Dingling,artificial,iid_10,20106,2015-06-16 18:00:00,2015Q2,beijing_2015-06-16T18:00:00,24,3,1172,True,True,False
hist_gradient_boosting;logistic,,hist_gradient_boosting;logistic,,hist_gradient_boosting;logistic,,AP2,beijing,Dingling,artificial,iid_30,20106,2015-06-16 18:00:00,2015Q2,beijing_2015-06-16T18:00:00,24,3,1172,False,False,False
hist_gradient_boosting;logistic,,hist_gradient_boosting;logistic,,hist_gradient_boosting;logistic,,AP2,beijing,Dingling,artificial,blocks_10,20106,2015-06-16 18:00:00,2015Q2,beijing_2015-06-16T18:00:00,24,3,1172,False,False,False
logistic,logistic,logistic,logistic,logistic,logistic,AP2,beijing,Dingling,annual,natural,17520,2015-03-01 00:00:00,2015Q1,beijing_2015-03-01T00:00:00,72,3,8713,False,False,False
hist_gradient_boosting,hist_gradient_boosting,hist_gradient_boosting,hist_gradient_boosting,hist_gradient_boosting,hist_gradient_boosting,AP2,beijing,Dingling,origin_week,natural,17520,2015-03-01 00:00:00,2015Q1,beijing_2015-03-01T00:00:00,72,3,168,False,False,False
logistic,logistic,logistic,logistic,logistic,logistic,AP2,beijing,Dingling,origin_week,natural,17688,2015-03-08 00:00:00,2015Q1,beijing_2015-03-08T00:00:00,72,3,168,False,False,False
logistic,logistic,logistic,logistic,logistic,logistic,AP2,beijing,Dingling,origin_week,natural,17856,2015-03-15 00:00:00,2015Q1,beijing_2015-03-15T00:00:00,72,3,168,False,False,False
constant,constant,constant,constant,constant,constant,AP2,beijing,Dingling,origin_week,natural,18024,2015-03-22 00:00:00,2015Q1,beijing_2015-03-22T00:00:00,72,3,168,False,False,False
logistic,logistic,logistic,logistic,logistic,logistic,AP2,beijing,Dingling,origin_week,natural,18192,2015-03-29 00:00:00,2015Q1,beijing_2015-03-29T00:00:00,72,3,168,False,False,False
constant,constant,constant,constant,constant,constant,AP2,beijing,Dingling,origin_week,natural,18360,2015-04-05 00:00:00,2015Q2,beijing_2015-04-05T00:00:00,72,3,168,False,False,False
constant;hist_gradient_boosting,,constant;hist_gradient_boosting,,constant;hist_gradient_boosting,,AP2,beijing,Dingling,origin_week,natural,18528,2015-04-12 00:00:00,2015Q2,beijing_2015-04-12T00:00:00,72,3,168,False,False,False
constant,constant,constant,constant,constant,constant,AP2,beijing,Dingling,origin_week,natural,18696,2015-04-19 00:00:00,2015Q2,beijing_2015-04-19T00:00:00,72,3,168,False,False,False
constant,constant,constant,constant,constant,constant,AP2,beijing,Dingling,origin_week,natural,18864,2015-04-26 00:00:00,2015Q2,beijing_2015-04-26T00:00:00,72,3,168,False,False,False
logistic,logistic,logistic,logistic,logistic,logistic,AP2,beijing,Dingling,origin_week,natural,19032,2015-05-03 00:00:00,2015Q2,beijing_2015-05-03T00:00:00,72,3,168,False,False,False
constant;logistic,,constant;logistic,,constant;logistic,,AP2,beijing,Dingling,origin_week,natural,19200,2015-05-10 00:00:00,2015Q2,beijing_2015-05-10T00:00:00,72,3,168,False,False,False
hist_gradient_boosting,hist_gradient_boosting,hist_gradient_boosting,hist_gradient_boosting,hist_gradient_boosting,hist_gradient_boosting,AP2,beijing,Dingling,origin_week,natural,19368,2015-05-17 00:00:00,2015Q2,beijing_2015-05-17T00:00:00,72,3,168,False,False,False
hist_gradient_boosting,hist_gradient_boosting,hist_gradient_boosting,hist_gradient_boosting,hist_gradient_boosting,hist_gradient_boosting,AP2,beijing,Dingling,origin_week,natural,19536,2015-05-24 00:00:00,2015Q2,beijing_2015-05-24T00:00:00,72,3,168,False,False,False
logistic,logistic,logistic,logistic,logistic,logistic,AP2,beijing,Dingling,origin_week,natural,19704,2015-05-31 00:00:00,2015Q2,beijing_2015-05-31T00:00:00,72,3,168,False,False,False
logistic,logistic,logistic,logistic,logistic,logistic,AP2,beijing,Dingling,origin_week,natural,19872,2015-06-07 00:00:00,2015Q2,beijing_2015-06-07T00:00:00,72,3,168,False,False,False
logistic,logistic,logistic,logistic,logistic,logistic,AP2,beijing,Dingling,origin_week,natural,20040,2015-06-14 00:00:00,2015Q2,beijing_2015-06-14T00:00:00,72,3,168,False,False,False
constant,constant,constant,constant,constant,constant,AP2,beijing,Dingling,origin_week,natural,20208,2015-06-21 00:00:00,2015Q2,beijing_2015-06-21T00:00:00,72,3,168,False,False,False
logistic,logistic,logistic,logistic,logistic,logistic,AP2,beijing,Dingling,origin_week,natural,20376,2015-06-28 00:00:00,2015Q2,beijing_2015-06-28T00:00:00,72,3,168,False,False,False
constant,constant,constant,constant,constant,constant,AP2,beijing,Dingling,origin_week,natural,20544,2015-07-05 00:00:00,2015Q3,beijing_2015-07-05T00:00:00,72,3,168,False,False,False
logistic,logistic,logistic,logistic,logistic,logistic,AP2,beijing,Dingling,origin_week,natural,20712,2015-07-12 00:00:00,2015Q3,beijing_2015-07-12T00:00:00,72,3,168,False,False,False
hist_gradient_boosting,hist_gradient_boosting,hist_gradient_boosting,hist_gradient_boosting,hist_gradient_boosting,hist_gradient_boosting,AP2,beijing,Dingling,origin_week,natural,20880,2015-07-19 00:00:00,2015Q3,beijing_2015-07-19T00:00:00,72,3,168,False,False,False
logistic,logistic,logistic,logistic,logistic,logistic,AP2,beijing,Dingling,origin_week,natural,21048,2015-07-26 00:00:00,2015Q3,beijing_2015-07-26T00:00:00,72,3,168,False,False,False
constant,constant,constant,constant,constant,constant,AP2,beijing,Dingling,origin_week,natural,21216,2015-08-02 00:00:00,2015Q3,beijing_2015-08-02T00:00:00,72,3,168,False,False,False
constant,constant,constant,constant,constant,constant,AP2,beijing,Dingling,origin_week,natural,21384,2015-08-09 00:00:00,2015Q3,beijing_2015-08-09T00:00:00,72,3,168,False,False,False
hist_gradient_boosting,hist_gradient_boosting,hist_gradient_boosting,hist_gradient_boosting,hist_gradient_boosting,hist_gradient_boosting,AP2,beijing,Dingling,origin_week,natural,21552,2015-08-16 00:00:00,2015Q3,beijing_2015-08-16T00:00:00,72,3,168,False,False,False
logistic,logistic,logistic,logistic,logistic,logistic,AP2,beijing,Dingling,origin_week,natural,21720,2015-08-23 00:00:00,2015Q3,beijing_2015-08-23T00:00:00,72,3,168,False,False,False
logistic,logistic,logistic,logistic,logistic,logistic,AP2,beijing,Dingling,origin_week,natural,21888,2015-08-30 00:00:00,2015Q3,beijing_2015-08-30T00:00:00,72,3,168,False,False,False
logistic,logistic,logistic,logistic,logistic,logistic,AP2,beijing,Dingling,origin_week,natural,22056,2015-09-06 00:00:00,2015Q3,beijing_2015-09-06T00:00:00,72,3,168,False,False,False
constant,constant,constant,constant,constant,constant,AP2,beijing,Dingling,origin_week,natural,22224,2015-09-13 00:00:00,2015Q3,beijing_2015-09-13T00:00:00,72,3,168,False,False,False
logistic,logistic,logistic,logistic,logistic,logistic,AP2,beijing,Dingling,origin_week,natural,22392,2015-09-20 00:00:00,2015Q3,beijing_2015-09-20T00:00:00,72,3,168,False,False,False
logistic,logistic,logistic,logistic,logistic,logistic,AP2,beijing,Dingling,origin_week,natural,22560,2015-09-27 00:00:00,2015Q3,beijing_2015-09-27T00:00:00,72,3,168,False,False,False
logistic,logistic,logistic,logistic,logistic,logistic,AP2,beijing,Dingling,origin_week,natural,22728,2015-10-04 00:00:00,2015Q4,beijing_2015-10-04T00:00:00,72,3,168,False,False,False
logistic,logistic,logistic,logistic,logistic,logistic,AP2,beijing,Dingling,origin_week,natural,22896,2015-10-11 00:00:00,2015Q4,beijing_2015-10-11T00:00:00,72,3,168,False,False,False
logistic,logistic,logistic,logistic,logistic,logistic,AP2,beijing,Dingling,origin_week,natural,23064,2015-10-18 00:00:00,2015Q4,beijing_2015-10-18T00:00:00,72,3,168,False,False,False
logistic,logistic,logistic,logistic,logistic,logistic,AP2,beijing,Dingling,origin_week,natural,23232,2015-10-25 00:00:00,2015Q4,beijing_2015-10-25T00:00:00,72,3,168,False,False,False
constant,constant,constant,constant,constant,constant,AP2,beijing,Dingling,origin_week,natural,23400,2015-11-01 00:00:00,2015Q4,beijing_2015-11-01T00:00:00,72,3,168,False,False,False
constant,constant,constant,constant,constant,constant,AP2,beijing,Dingling,origin_week,natural,23568,2015-11-08 00:00:00,2015Q4,beijing_2015-11-08T00:00:00,72,3,168,False,False,False
constant,constant,constant,constant,constant,constant,AP2,beijing,Dingling,origin_week,natural,23736,2015-11-15 00:00:00,2015Q4,beijing_2015-11-15T00:00:00,72,3,168,False,False,False
logistic,logistic,logistic,logistic,logistic,logistic,AP2,beijing,Dingling,origin_week,natural,23904,2015-11-22 00:00:00,2015Q4,beijing_2015-11-22T00:00:00,72,3,168,False,False,False
hist_gradient_boosting,hist_gradient_boosting,hist_gradient_boosting,hist_gradient_boosting,hist_gradient_boosting,hist_gradient_boosting,AP2,beijing,Dingling,origin_week,natural,24072,2015-11-29 00:00:00,2015Q4,beijing_2015-11-29T00:00:00,72,3,168,False,False,False
hist_gradient_boosting,hist_gradient_boosting,hist_gradient_boosting,hist_gradient_boosting,hist_gradient_boosting,hist_gradient_boosting,AP2,beijing,Dingling,origin_week,natural,24240,2015-12-06 00:00:00,2015Q4,beijing_2015-12-06T00:00:00,72,3,168,False,False,False
logistic,logistic,logistic,logistic,logistic,logistic,AP2,beijing,Dingling,origin_week,natural,24408,2015-12-13 00:00:00,2015Q4,beijing_2015-12-13T00:00:00,72,3,168,False,False,False
hist_gradient_boosting,hist_gradient_boosting,hist_gradient_boosting,hist_gradient_boosting,hist_gradient_boosting,hist_gradient_boosting,AP2,beijing,Dingling,origin_week,natural,24576,2015-12-20 00:00:00,2015Q4,beijing_2015-12-20T00:00:00,72,3,168,False,False,False
constant,constant,constant,constant,constant,constant,AP2,beijing,Dingling,origin_week,natural,24744,2015-12-27 00:00:00,2015Q4,beijing_2015-12-27T00:00:00,72,3,168,False,False,False
logistic,logistic,logistic,logistic,logistic,logistic,AP2,beijing,Dingling,origin_week,natural,24912,2016-01-03 00:00:00,2016Q1,beijing_2016-01-03T00:00:00,72,3,168,False,False,False
constant;hist_gradient_boosting;logistic,,constant;hist_gradient_boosting,,constant;hist_gradient_boosting,,AP2,beijing,Dingling,origin_week,natural,25080,2016-01-10 00:00:00,2016Q1,beijing_2016-01-10T00:00:00,72,3,168,True,True,False
logistic,logistic,logistic,logistic,logistic,logistic,AP2,beijing,Dingling,origin_week,natural,25248,2016-01-17 00:00:00,2016Q1,beijing_2016-01-17T00:00:00,72,3,168,False,False,False
hist_gradient_boosting,hist_gradient_boosting,hist_gradient_boosting,hist_gradient_boosting,hist_gradient_boosting,hist_gradient_boosting,AP2,beijing,Dingling,origin_week,natural,25416,2016-01-24 00:00:00,2016Q1,beijing_2016-01-24T00:00:00,72,3,168,False,False,False
logistic,logistic,logistic,logistic,logistic,logistic,AP2,beijing,Dingling,origin_week,natural,25584,2016-01-31 00:00:00,2016Q1,beijing_2016-01-31T00:00:00,72,3,168,False,False,False
logistic,logistic,logistic,logistic,logistic,logistic,AP2,beijing,Dingling,origin_week,natural,25752,2016-02-07 00:00:00,2016Q1,beijing_2016-02-07T00:00:00,72,3,168,False,False,False
logistic,logistic,logistic,logistic,logistic,logistic,AP2,beijing,Dingling,origin_week,natural,25920,2016-02-14 00:00:00,2016Q1,beijing_2016-02-14T00:00:00,72,3,168,False,False,False
logistic,logistic,logistic,logistic,logistic,logistic,AP2,beijing,Dingling,origin_week,natural,26088,2016-02-21 00:00:00,2016Q1,beijing_2016-02-21T00:00:00,72,3,145,False,False,False
logistic,logistic,logistic,logistic,logistic,logistic,AP2,beijing,Dingling,artificial,iid_10,20106,2015-06-16 18:00:00,2015Q2,beijing_2015-06-16T18:00:00,72,3,1124,False,False,False
constant;hist_gradient_boosting;logistic,,constant;hist_gradient_boosting,,constant;hist_gradient_boosting,,AP2,beijing,Dingling,artificial,iid_30,20106,2015-06-16 18:00:00,2015Q2,beijing_2015-06-16T18:00:00,72,3,1124,True,True,False
logistic,logistic,logistic,logistic,logistic,logistic,AP2,beijing,Dingling,artificial,blocks_10,20106,2015-06-16 18:00:00,2015Q2,beijing_2015-06-16T18:00:00,72,3,1124,False,False,False
hist_gradient_boosting,hist_gradient_boosting,hist_gradient_boosting,hist_gradient_boosting,hist_gradient_boosting,hist_gradient_boosting,AP2,beijing,Dongsi,annual,natural,17520,2015-03-01 00:00:00,2015Q1,beijing_2015-03-01T00:00:00,24,3,8761,False,False,False
logistic,logistic,logistic,logistic,logistic,logistic,AP2,beijing,Dongsi,origin_week,natural,17520,2015-03-01 00:00:00,2015Q1,beijing_2015-03-01T00:00:00,24,3,168,False,False,False
logistic,logistic,logistic,logistic,logistic,logistic,AP2,beijing,Dongsi,origin_week,natural,17688,2015-03-08 00:00:00,2015Q1,beijing_2015-03-08T00:00:00,24,3,168,False,False,False
hist_gradient_boosting,hist_gradient_boosting,hist_gradient_boosting,hist_gradient_boosting,hist_gradient_boosting,hist_gradient_boosting,AP2,beijing,Dongsi,origin_week,natural,17856,2015-03-15 00:00:00,2015Q1,beijing_2015-03-15T00:00:00,24,3,168,False,False,False
hist_gradient_boosting,hist_gradient_boosting,hist_gradient_boosting,hist_gradient_boosting,hist_gradient_boosting,hist_gradient_boosting,AP2,beijing,Dongsi,origin_week,natural,18024,2015-03-22 00:00:00,2015Q1,beijing_2015-03-22T00:00:00,24,3,168,False,False,False
logistic,logistic,logistic,logistic,logistic,logistic,AP2,beijing,Dongsi,origin_week,natural,18192,2015-03-29 00:00:00,2015Q1,beijing_2015-03-29T00:00:00,24,3,168,False,False,False
logistic,logistic,logistic,logistic,logistic,logistic,AP2,beijing,Dongsi,origin_week,natural,18360,2015-04-05 00:00:00,2015Q2,beijing_2015-04-05T00:00:00,24,3,168,False,False,False
hist_gradient_boosting,hist_gradient_boosting,hist_gradient_boosting,hist_gradient_boosting,hist_gradient_boosting,hist_gradient_boosting,AP2,beijing,Dongsi,origin_week,natural,18528,2015-04-12 00:00:00,2015Q2,beijing_2015-04-12T00:00:00,24,3,168,False,False,False
hist_gradient_boosting,hist_gradient_boosting,hist_gradient_boosting,hist_gradient_boosting,hist_gradient_boosting,hist_gradient_boosting,AP2,beijing,Dongsi,origin_week,natural,18696,2015-04-19 00:00:00,2015Q2,beijing_2015-04-19T00:00:00,24,3,168,False,False,False
logistic,logistic,logistic,logistic,logistic,logistic,AP2,beijing,Dongsi,origin_week,natural,18864,2015-04-26 00:00:00,2015Q2,beijing_2015-04-26T00:00:00,24,3,168,False,False,False
hist_gradient_boosting,hist_gradient_boosting,hist_gradient_boosting,hist_gradient_boosting,hist_gradient_boosting,hist_gradient_boosting,AP2,beijing,Dongsi,origin_week,natural,19032,2015-05-03 00:00:00,2015Q2,beijing_2015-05-03T00:00:00,24,3,168,False,False,False
logistic,logistic,logistic,logistic,logistic,logistic,AP2,beijing,Dongsi,origin_week,natural,19200,2015-05-10 00:00:00,2015Q2,beijing_2015-05-10T00:00:00,24,3,168,False,False,False
hist_gradient_boosting,hist_gradient_boosting,hist_gradient_boosting,hist_gradient_boosting,hist_gradient_boosting,hist_gradient_boosting,AP2,beijing,Dongsi,origin_week,natural,19368,2015-05-17 00:00:00,2015Q2,beijing_2015-05-17T00:00:00,24,3,168,False,False,False
logistic,logistic,logistic,logistic,logistic,logistic,AP2,beijing,Dongsi,origin_week,natural,19536,2015-05-24 00:00:00,2015Q2,beijing_2015-05-24T00:00:00,24,3,168,False,False,False
logistic,logistic,logistic,logistic,logistic,logistic,AP2,beijing,Dongsi,origin_week,natural,19704,2015-05-31 00:00:00,2015Q2,beijing_2015-05-31T00:00:00,24,3,168,False,False,False
hist_gradient_boosting,hist_gradient_boosting,hist_gradient_boosting,hist_gradient_boosting,hist_gradient_boosting,hist_gradient_boosting,AP2,beijing,Dongsi,origin_week,natural,19872,2015-06-07 00:00:00,2015Q2,beijing_2015-06-07T00:00:00,24,3,168,False,False,False
hist_gradient_boosting,hist_gradient_boosting,hist_gradient_boosting,hist_gradient_boosting,hist_gradient_boosting,hist_gradient_boosting,AP2,beijing,Dongsi,origin_week,natural,20040,2015-06-14 00:00:00,2015Q2,beijing_2015-06-14T00:00:00,24,3,168,False,False,False
hist_gradient_boosting,hist_gradient_boosting,hist_gradient_boosting,hist_gradient_boosting,hist_gradient_boosting,hist_gradient_boosting,AP2,beijing,Dongsi,origin_week,natural,20208,2015-06-21 00:00:00,2015Q2,beijing_2015-06-21T00:00:00,24,3,168,False,False,False
hist_gradient_boosting,hist_gradient_boosting,hist_gradient_boosting,hist_gradient_boosting,hist_gradient_boosting,hist_gradient_boosting,AP2,beijing,Dongsi,origin_week,natural,20376,2015-06-28 00:00:00,2015Q2,beijing_2015-06-28T00:00:00,24,3,168,False,False,False
hist_gradient_boosting,hist_gradient_boosting,hist_gradient_boosting,hist_gradient_boosting,hist_gradient_boosting,hist_gradient_boosting,AP2,beijing,Dongsi,origin_week,natural,20544,2015-07-05 00:00:00,2015Q3,beijing_2015-07-05T00:00:00,24,3,168,False,False,False
logistic,logistic,logistic,logistic,logistic,logistic,AP2,beijing,Dongsi,origin_week,natural,20712,2015-07-12 00:00:00,2015Q3,beijing_2015-07-12T00:00:00,24,3,168,False,False,False
hist_gradient_boosting,hist_gradient_boosting,hist_gradient_boosting,hist_gradient_boosting,hist_gradient_boosting,hist_gradient_boosting,AP2,beijing,Dongsi,origin_week,natural,20880,2015-07-19 00:00:00,2015Q3,beijing_2015-07-19T00:00:00,24,3,168,False,False,False
hist_gradient_boosting,hist_gradient_boosting,hist_gradient_boosting,hist_gradient_boosting,hist_gradient_boosting,hist_gradient_boosting,AP2,beijing,Dongsi,origin_week,natural,21048,2015-07-26 00:00:00,2015Q3,beijing_2015-07-26T00:00:00,24,3,168,False,False,False
constant,constant,constant,constant,constant,constant,AP2,beijing,Dongsi,origin_week,natural,21216,2015-08-02 00:00:00,2015Q3,beijing_2015-08-02T00:00:00,24,3,168,False,False,False
hist_gradient_boosting,hist_gradient_boosting,hist_gradient_boosting,hist_gradient_boosting,hist_gradient_boosting,hist_gradient_boosting,AP2,beijing,Dongsi,origin_week,natural,21384,2015-08-09 00:00:00,2015Q3,beijing_2015-08-09T00:00:00,24,3,168,False,False,False
hist_gradient_boosting,hist_gradient_boosting,hist_gradient_boosting,hist_gradient_boosting,hist_gradient_boosting,hist_gradient_boosting,AP2,beijing,Dongsi,origin_week,natural,21552,2015-08-16 00:00:00,2015Q3,beijing_2015-08-16T00:00:00,24,3,168,False,False,False
hist_gradient_boosting,hist_gradient_boosting,hist_gradient_boosting,hist_gradient_boosting,hist_gradient_boosting,hist_gradient_boosting,AP2,beijing,Dongsi,origin_week,natural,21720,2015-08-23 00:00:00,2015Q3,beijing_2015-08-23T00:00:00,24,3,168,False,False,False
hist_gradient_boosting,hist_gradient_boosting,hist_gradient_boosting,hist_gradient_boosting,hist_gradient_boosting,hist_gradient_boosting,AP2,beijing,Dongsi,origin_week,natural,21888,2015-08-30 00:00:00,2015Q3,beijing_2015-08-30T00:00:00,24,3,168,False,False,False
hist_gradient_boosting,hist_gradient_boosting,hist_gradient_boosting,hist_gradient_boosting,hist_gradient_boosting,hist_gradient_boosting,AP2,beijing,Dongsi,origin_week,natural,22056,2015-09-06 00:00:00,2015Q3,beijing_2015-09-06T00:00:00,24,3,168,False,False,False
logistic,logistic,logistic,logistic,logistic,logistic,AP2,beijing,Dongsi,origin_week,natural,22224,2015-09-13 00:00:00,2015Q3,beijing_2015-09-13T00:00:00,24,3,168,False,False,False
logistic,logistic,logistic,logistic,logistic,logistic,AP2,beijing,Dongsi,origin_week,natural,22392,2015-09-20 00:00:00,2015Q3,beijing_2015-09-20T00:00:00,24,3,168,False,False,False
hist_gradient_boosting,hist_gradient_boosting,hist_gradient_boosting,hist_gradient_boosting,hist_gradient_boosting,hist_gradient_boosting,AP2,beijing,Dongsi,origin_week,natural,22560,2015-09-27 00:00:00,2015Q3,beijing_2015-09-27T00:00:00,24,3,168,False,False,False
hist_gradient_boosting,hist_gradient_boosting,hist_gradient_boosting,hist_gradient_boosting,hist_gradient_boosting,hist_gradient_boosting,AP2,beijing,Dongsi,origin_week,natural,22728,2015-10-04 00:00:00,2015Q4,beijing_2015-10-04T00:00:00,24,3,168,False,False,False
hist_gradient_boosting,hist_gradient_boosting,hist_gradient_boosting,hist_gradient_boosting,hist_gradient_boosting,hist_gradient_boosting,AP2,beijing,Dongsi,origin_week,natural,22896,2015-10-11 00:00:00,2015Q4,beijing_2015-10-11T00:00:00,24,3,168,False,False,False
hist_gradient_boosting,hist_gradient_boosting,hist_gradient_boosting,hist_gradient_boosting,hist_gradient_boosting,hist_gradient_boosting,AP2,beijing,Dongsi,origin_week,natural,23064,2015-10-18 00:00:00,2015Q4,beijing_2015-10-18T00:00:00,24,3,168,False,False,False
hist_gradient_boosting,hist_gradient_boosting,hist_gradient_boosting,hist_gradient_boosting,hist_gradient_boosting,hist_gradient_boosting,AP2,beijing,Dongsi,origin_week,natural,23232,2015-10-25 00:00:00,2015Q4,beijing_2015-10-25T00:00:00,24,3,168,False,False,False
logistic,logistic,logistic,logistic,logistic,logistic,AP2,beijing,Dongsi,origin_week,natural,23400,2015-11-01 00:00:00,2015Q4,beijing_2015-11-01T00:00:00,24,3,168,False,False,False
logistic,logistic,logistic,logistic,logistic,logistic,AP2,beijing,Dongsi,origin_week,natural,23568,2015-11-08 00:00:00,2015Q4,beijing_2015-11-08T00:00:00,24,3,168,False,False,False
constant;logistic,,logistic,logistic,logistic,logistic,AP2,beijing,Dongsi,origin_week,natural,23736,2015-11-15 00:00:00,2015Q4,beijing_2015-11-15T00:00:00,24,3,168,True,True,False
logistic,logistic,logistic,logistic,logistic,logistic,AP2,beijing,Dongsi,origin_week,natural,23904,2015-11-22 00:00:00,2015Q4,beijing_2015-11-22T00:00:00,24,3,168,False,False,False
logistic,logistic,logistic,logistic,logistic,logistic,AP2,beijing,Dongsi,origin_week,natural,24072,2015-11-29 00:00:00,2015Q4,beijing_2015-11-29T00:00:00,24,3,168,False,False,False
logistic,logistic,logistic,logistic,logistic,logistic,AP2,beijing,Dongsi,origin_week,natural,24240,2015-12-06 00:00:00,2015Q4,beijing_2015-12-06T00:00:00,24,3,168,False,False,False
hist_gradient_boosting,hist_gradient_boosting,hist_gradient_boosting,hist_gradient_boosting,hist_gradient_boosting,hist_gradient_boosting,AP2,beijing,Dongsi,origin_week,natural,24408,2015-12-13 00:00:00,2015Q4,beijing_2015-12-13T00:00:00,24,3,168,False,False,False
logistic,logistic,logistic,logistic,logistic,logistic,AP2,beijing,Dongsi,origin_week,natural,24576,2015-12-20 00:00:00,2015Q4,beijing_2015-12-20T00:00:00,24,3,168,False,False,False
constant,constant,constant,constant,constant,constant,AP2,beijing,Dongsi,origin_week,natural,24744,2015-12-27 00:00:00,2015Q4,beijing_2015-12-27T00:00:00,24,3,168,False,False,False
logistic,logistic,logistic,logistic,logistic,logistic,AP2,beijing,Dongsi,origin_week,natural,24912,2016-01-03 00:00:00,2016Q1,beijing_2016-01-03T00:00:00,24,3,168,False,False,False
hist_gradient_boosting,hist_gradient_boosting,hist_gradient_boosting,hist_gradient_boosting,hist_gradient_boosting,hist_gradient_boosting,AP2,beijing,Dongsi,origin_week,natural,25080,2016-01-10 00:00:00,2016Q1,beijing_2016-01-10T00:00:00,24,3,168,False,False,False
hist_gradient_boosting,hist_gradient_boosting,hist_gradient_boosting,hist_gradient_boosting,hist_gradient_boosting,hist_gradient_boosting,AP2,beijing,Dongsi,origin_week,natural,25248,2016-01-17 00:00:00,2016Q1,beijing_2016-01-17T00:00:00,24,3,168,False,False,False
logistic,logistic,logistic,logistic,logistic,logistic,AP2,beijing,Dongsi,origin_week,natural,25416,2016-01-24 00:00:00,2016Q1,beijing_2016-01-24T00:00:00,24,3,168,False,False,False
hist_gradient_boosting,hist_gradient_boosting,hist_gradient_boosting,hist_gradient_boosting,hist_gradient_boosting,hist_gradient_boosting,AP2,beijing,Dongsi,origin_week,natural,25584,2016-01-31 00:00:00,2016Q1,beijing_2016-01-31T00:00:00,24,3,168,False,False,False
hist_gradient_boosting,hist_gradient_boosting,hist_gradient_boosting,hist_gradient_boosting,hist_gradient_boosting,hist_gradient_boosting,AP2,beijing,Dongsi,origin_week,natural,25752,2016-02-07 00:00:00,2016Q1,beijing_2016-02-07T00:00:00,24,3,168,False,False,False
hist_gradient_boosting,hist_gradient_boosting,hist_gradient_boosting,hist_gradient_boosting,hist_gradient_boosting,hist_gradient_boosting,AP2,beijing,Dongsi,origin_week,natural,25920,2016-02-14 00:00:00,2016Q1,beijing_2016-02-14T00:00:00,24,3,168,False,False,False
hist_gradient_boosting,hist_gradient_boosting,hist_gradient_boosting,hist_gradient_boosting,hist_gradient_boosting,hist_gradient_boosting,AP2,beijing,Dongsi,origin_week,natural,26088,2016-02-21 00:00:00,2016Q1,beijing_2016-02-21T00:00:00,24,3,168,False,False,False
hist_gradient_boosting,hist_gradient_boosting,hist_gradient_boosting,hist_gradient_boosting,hist_gradient_boosting,hist_gradient_boosting,AP2,beijing,Dongsi,origin_week,natural,26256,2016-02-28 00:00:00,2016Q1,beijing_2016-02-28T00:00:00,24,3,25,False,False,False
hist_gradient_boosting,hist_gradient_boosting,hist_gradient_boosting,hist_gradient_boosting,hist_gradient_boosting,hist_gradient_boosting,AP2,beijing,Dongsi,artificial,iid_10,21304,2015-08-05 16:00:00,2015Q3,beijing_2015-08-05T16:00:00,24,3,862,False,False,False
constant;hist_gradient_boosting;logistic,,constant;hist_gradient_boosting;logistic,,constant;hist_gradient_boosting;logistic,,AP2,beijing,Dongsi,artificial,iid_30,21304,2015-08-05 16:00:00,2015Q3,beijing_2015-08-05T16:00:00,24,3,862,False,False,False
hist_gradient_boosting;logistic,,hist_gradient_boosting;logistic,,hist_gradient_boosting;logistic,,AP2,beijing,Dongsi,artificial,blocks_10,21304,2015-08-05 16:00:00,2015Q3,beijing_2015-08-05T16:00:00,24,3,862,False,False,False
logistic,logistic,logistic,logistic,logistic,logistic,AP2,beijing,Dongsi,annual,natural,17520,2015-03-01 00:00:00,2015Q1,beijing_2015-03-01T00:00:00,72,3,8713,False,False,False
logistic,logistic,logistic,logistic,logistic,logistic,AP2,beijing,Dongsi,origin_week,natural,17520,2015-03-01 00:00:00,2015Q1,beijing_2015-03-01T00:00:00,72,3,168,False,False,False
hist_gradient_boosting,hist_gradient_boosting,hist_gradient_boosting,hist_gradient_boosting,hist_gradient_boosting,hist_gradient_boosting,AP2,beijing,Dongsi,origin_week,natural,17688,2015-03-08 00:00:00,2015Q1,beijing_2015-03-08T00:00:00,72,3,168,False,False,False
hist_gradient_boosting,hist_gradient_boosting,hist_gradient_boosting,hist_gradient_boosting,hist_gradient_boosting,hist_gradient_boosting,AP2,beijing,Dongsi,origin_week,natural,17856,2015-03-15 00:00:00,2015Q1,beijing_2015-03-15T00:00:00,72,3,168,False,False,False
logistic,logistic,logistic,logistic,logistic,logistic,AP2,beijing,Dongsi,origin_week,natural,18024,2015-03-22 00:00:00,2015Q1,beijing_2015-03-22T00:00:00,72,3,168,False,False,False
constant;hist_gradient_boosting,,constant,constant,constant,constant,AP2,beijing,Dongsi,origin_week,natural,18192,2015-03-29 00:00:00,2015Q1,beijing_2015-03-29T00:00:00,72,3,168,True,True,False
logistic,logistic,logistic,logistic,logistic,logistic,AP2,beijing,Dongsi,origin_week,natural,18360,2015-04-05 00:00:00,2015Q2,beijing_2015-04-05T00:00:00,72,3,168,False,False,False
hist_gradient_boosting,hist_gradient_boosting,hist_gradient_boosting,hist_gradient_boosting,hist_gradient_boosting,hist_gradient_boosting,AP2,beijing,Dongsi,origin_week,natural,18528,2015-04-12 00:00:00,2015Q2,beijing_2015-04-12T00:00:00,72,3,168,False,False,False
constant,constant,constant,constant,constant,constant,AP2,beijing,Dongsi,origin_week,natural,18696,2015-04-19 00:00:00,2015Q2,beijing_2015-04-19T00:00:00,72,3,168,False,False,False
logistic,logistic,logistic,logistic,logistic,logistic,AP2,beijing,Dongsi,origin_week,natural,18864,2015-04-26 00:00:00,2015Q2,beijing_2015-04-26T00:00:00,72,3,168,False,False,False
logistic,logistic,logistic,logistic,logistic,logistic,AP2,beijing,Dongsi,origin_week,natural,19032,2015-05-03 00:00:00,2015Q2,beijing_2015-05-03T00:00:00,72,3,168,False,False,False
constant,constant,constant,constant,constant,constant,AP2,beijing,Dongsi,origin_week,natural,19200,2015-05-10 00:00:00,2015Q2,beijing_2015-05-10T00:00:00,72,3,168,False,False,False
constant;hist_gradient_boosting,,constant;hist_gradient_boosting,,constant;hist_gradient_boosting,,AP2,beijing,Dongsi,origin_week,natural,19368,2015-05-17 00:00:00,2015Q2,beijing_2015-05-17T00:00:00,72,3,168,False,False,False
logistic,logistic,logistic,logistic,logistic,logistic,AP2,beijing,Dongsi,origin_week,natural,19536,2015-05-24 00:00:00,2015Q2,beijing_2015-05-24T00:00:00,72,3,168,False,False,False
constant,constant,constant,constant,constant,constant,AP2,beijing,Dongsi,origin_week,natural,19704,2015-05-31 00:00:00,2015Q2,beijing_2015-05-31T00:00:00,72,3,168,False,False,False
hist_gradient_boosting,hist_gradient_boosting,hist_gradient_boosting,hist_gradient_boosting,hist_gradient_boosting,hist_gradient_boosting,AP2,beijing,Dongsi,origin_week,natural,19872,2015-06-07 00:00:00,2015Q2,beijing_2015-06-07T00:00:00,72,3,168,False,False,False
hist_gradient_boosting,hist_gradient_boosting,hist_gradient_boosting,hist_gradient_boosting,hist_gradient_boosting,hist_gradient_boosting,AP2,beijing,Dongsi,origin_week,natural,20040,2015-06-14 00:00:00,2015Q2,beijing_2015-06-14T00:00:00,72,3,168,False,False,False
logistic,logistic,logistic,logistic,logistic,logistic,AP2,beijing,Dongsi,origin_week,natural,20208,2015-06-21 00:00:00,2015Q2,beijing_2015-06-21T00:00:00,72,3,168,False,False,False
logistic,logistic,logistic,logistic,logistic,logistic,AP2,beijing,Dongsi,origin_week,natural,20376,2015-06-28 00:00:00,2015Q2,beijing_2015-06-28T00:00:00,72,3,168,False,False,False
logistic,logistic,logistic,logistic,logistic,logistic,AP2,beijing,Dongsi,origin_week,natural,20544,2015-07-05 00:00:00,2015Q3,beijing_2015-07-05T00:00:00,72,3,168,False,False,False
logistic,logistic,logistic,logistic,logistic,logistic,AP2,beijing,Dongsi,origin_week,natural,20712,2015-07-12 00:00:00,2015Q3,beijing_2015-07-12T00:00:00,72,3,168,False,False,False
hist_gradient_boosting,hist_gradient_boosting,hist_gradient_boosting,hist_gradient_boosting,hist_gradient_boosting,hist_gradient_boosting,AP2,beijing,Dongsi,origin_week,natural,20880,2015-07-19 00:00:00,2015Q3,beijing_2015-07-19T00:00:00,72,3,168,False,False,False
hist_gradient_boosting,hist_gradient_boosting,hist_gradient_boosting,hist_gradient_boosting,hist_gradient_boosting,hist_gradient_boosting,AP2,beijing,Dongsi,origin_week,natural,21048,2015-07-26 00:00:00,2015Q3,beijing_2015-07-26T00:00:00,72,3,168,False,False,False
constant,constant,constant,constant,constant,constant,AP2,beijing,Dongsi,origin_week,natural,21216,2015-08-02 00:00:00,2015Q3,beijing_2015-08-02T00:00:00,72,3,168,False,False,False
constant,constant,constant,constant,constant,constant,AP2,beijing,Dongsi,origin_week,natural,21384,2015-08-09 00:00:00,2015Q3,beijing_2015-08-09T00:00:00,72,3,168,False,False,False
hist_gradient_boosting,hist_gradient_boosting,hist_gradient_boosting,hist_gradient_boosting,hist_gradient_boosting,hist_gradient_boosting,AP2,beijing,Dongsi,origin_week,natural,21552,2015-08-16 00:00:00,2015Q3,beijing_2015-08-16T00:00:00,72,3,168,False,False,False
logistic,logistic,logistic,logistic,logistic,logistic,AP2,beijing,Dongsi,origin_week,natural,21720,2015-08-23 00:00:00,2015Q3,beijing_2015-08-23T00:00:00,72,3,168,False,False,False
logistic,logistic,logistic,logistic,logistic,logistic,AP2,beijing,Dongsi,origin_week,natural,21888,2015-08-30 00:00:00,2015Q3,beijing_2015-08-30T00:00:00,72,3,168,False,False,False
hist_gradient_boosting,hist_gradient_boosting,hist_gradient_boosting,hist_gradient_boosting,hist_gradient_boosting,hist_gradient_boosting,AP2,beijing,Dongsi,origin_week,natural,22056,2015-09-06 00:00:00,2015Q3,beijing_2015-09-06T00:00:00,72,3,168,False,False,False
logistic,logistic,logistic,logistic,logistic,logistic,AP2,beijing,Dongsi,origin_week,natural,22224,2015-09-13 00:00:00,2015Q3,beijing_2015-09-13T00:00:00,72,3,168,False,False,False
logistic,logistic,logistic,logistic,logistic,logistic,AP2,beijing,Dongsi,origin_week,natural,22392,2015-09-20 00:00:00,2015Q3,beijing_2015-09-20T00:00:00,72,3,168,False,False,False
logistic,logistic,logistic,logistic,logistic,logistic,AP2,beijing,Dongsi,origin_week,natural,22560,2015-09-27 00:00:00,2015Q3,beijing_2015-09-27T00:00:00,72,3,168,False,False,False
constant,constant,constant,constant,constant,constant,AP2,beijing,Dongsi,origin_week,natural,22728,2015-10-04 00:00:00,2015Q4,beijing_2015-10-04T00:00:00,72,3,168,False,False,False
logistic,logistic,logistic,logistic,logistic,logistic,AP2,beijing,Dongsi,origin_week,natural,22896,2015-10-11 00:00:00,2015Q4,beijing_2015-10-11T00:00:00,72,3,168,False,False,False
constant,constant,constant,constant,constant,constant,AP2,beijing,Dongsi,origin_week,natural,23064,2015-10-18 00:00:00,2015Q4,beijing_2015-10-18T00:00:00,72,3,168,False,False,False
logistic,logistic,logistic,logistic,logistic,logistic,AP2,beijing,Dongsi,origin_week,natural,23232,2015-10-25 00:00:00,2015Q4,beijing_2015-10-25T00:00:00,72,3,168,False,False,False
logistic,logistic,logistic,logistic,logistic,logistic,AP2,beijing,Dongsi,origin_week,natural,23400,2015-11-01 00:00:00,2015Q4,beijing_2015-11-01T00:00:00,72,3,168,False,False,False
logistic,logistic,logistic,logistic,logistic,logistic,AP2,beijing,Dongsi,origin_week,natural,23568,2015-11-08 00:00:00,2015Q4,beijing_2015-11-08T00:00:00,72,3,168,False,False,False
constant,constant,constant,constant,constant,constant,AP2,beijing,Dongsi,origin_week,natural,23736,2015-11-15 00:00:00,2015Q4,beijing_2015-11-15T00:00:00,72,3,168,False,False,False
constant,constant,constant,constant,constant,constant,AP2,beijing,Dongsi,origin_week,natural,23904,2015-11-22 00:00:00,2015Q4,beijing_2015-11-22T00:00:00,72,3,168,False,False,False
logistic,logistic,logistic,logistic,logistic,logistic,AP2,beijing,Dongsi,origin_week,natural,24072,2015-11-29 00:00:00,2015Q4,beijing_2015-11-29T00:00:00,72,3,168,False,False,False
logistic,logistic,logistic,logistic,logistic,logistic,AP2,beijing,Dongsi,origin_week,natural,24240,2015-12-06 00:00:00,2015Q4,beijing_2015-12-06T00:00:00,72,3,168,False,False,False
hist_gradient_boosting,hist_gradient_boosting,hist_gradient_boosting,hist_gradient_boosting,hist_gradient_boosting,hist_gradient_boosting,AP2,beijing,Dongsi,origin_week,natural,24408,2015-12-13 00:00:00,2015Q4,beijing_2015-12-13T00:00:00,72,3,168,False,False,False
logistic,logistic,logistic,logistic,logistic,logistic,AP2,beijing,Dongsi,origin_week,natural,24576,2015-12-20 00:00:00,2015Q4,beijing_2015-12-20T00:00:00,72,3,168,False,False,False
logistic,logistic,logistic,logistic,logistic,logistic,AP2,beijing,Dongsi,origin_week,natural,24744,2015-12-27 00:00:00,2015Q4,beijing_2015-12-27T00:00:00,72,3,168,False,False,False
constant,constant,constant,constant,constant,constant,AP2,beijing,Dongsi,origin_week,natural,24912,2016-01-03 00:00:00,2016Q1,beijing_2016-01-03T00:00:00,72,3,168,False,False,False
constant,constant,constant,constant,constant,constant,AP2,beijing,Dongsi,origin_week,natural,25080,2016-01-10 00:00:00,2016Q1,beijing_2016-01-10T00:00:00,72,3,168,False,False,False
hist_gradient_boosting,hist_gradient_boosting,hist_gradient_boosting,hist_gradient_boosting,hist_gradient_boosting,hist_gradient_boosting,AP2,beijing,Dongsi,origin_week,natural,25248,2016-01-17 00:00:00,2016Q1,beijing_2016-01-17T00:00:00,72,3,168,False,False,False
constant,constant,constant,constant,constant,constant,AP2,beijing,Dongsi,origin_week,natural,25416,2016-01-24 00:00:00,2016Q1,beijing_2016-01-24T00:00:00,72,3,168,False,False,False
logistic,logistic,logistic,logistic,logistic,logistic,AP2,beijing,Dongsi,origin_week,natural,25584,2016-01-31 00:00:00,2016Q1,beijing_2016-01-31T00:00:00,72,3,168,False,False,False
logistic,logistic,logistic,logistic,logistic,logistic,AP2,beijing,Dongsi,origin_week,natural,25752,2016-02-07 00:00:00,2016Q1,beijing_2016-02-07T00:00:00,72,3,168,False,False,False
logistic,logistic,logistic,logistic,logistic,logistic,AP2,beijing,Dongsi,origin_week,natural,25920,2016-02-14 00:00:00,2016Q1,beijing_2016-02-14T00:00:00,72,3,168,False,False,False
hist_gradient_boosting,hist_gradient_boosting,hist_gradient_boosting,hist_gradient_boosting,hist_gradient_boosting,hist_gradient_boosting,AP2,beijing,Dongsi,origin_week,natural,26088,2016-02-21 00:00:00,2016Q1,beijing_2016-02-21T00:00:00,72,3,145,False,False,False
constant;logistic,,constant,constant,constant,constant,AP2,beijing,Dongsi,artificial,iid_10,21304,2015-08-05 16:00:00,2015Q3,beijing_2015-08-05T16:00:00,72,3,814,True,True,False
constant;hist_gradient_boosting;logistic,,constant;hist_gradient_boosting;logistic,,constant;hist_gradient_boosting;logistic,,AP2,beijing,Dongsi,artificial,iid_30,21304,2015-08-05 16:00:00,2015Q3,beijing_2015-08-05T16:00:00,72,3,814,False,False,False
hist_gradient_boosting;logistic,,logistic,logistic,logistic,logistic,AP2,beijing,Dongsi,artificial,blocks_10,21304,2015-08-05 16:00:00,2015Q3,beijing_2015-08-05T16:00:00,72,3,814,True,True,False
hist_gradient_boosting;logistic,,hist_gradient_boosting;logistic,,hist_gradient_boosting;logistic,,AP2,beijing,Guanyuan,annual,natural,17520,2015-03-01 00:00:00,2015Q1,beijing_2015-03-01T00:00:00,24,3,8761,False,False,False
logistic,logistic,logistic,logistic,logistic,logistic,AP2,beijing,Guanyuan,origin_week,natural,17520,2015-03-01 00:00:00,2015Q1,beijing_2015-03-01T00:00:00,24,3,168,False,False,False
logistic,logistic,logistic,logistic,logistic,logistic,AP2,beijing,Guanyuan,origin_week,natural,17688,2015-03-08 00:00:00,2015Q1,beijing_2015-03-08T00:00:00,24,3,168,False,False,False
logistic,logistic,logistic,logistic,logistic,logistic,AP2,beijing,Guanyuan,origin_week,natural,17856,2015-03-15 00:00:00,2015Q1,beijing_2015-03-15T00:00:00,24,3,168,False,False,False
hist_gradient_boosting,hist_gradient_boosting,hist_gradient_boosting,hist_gradient_boosting,hist_gradient_boosting,hist_gradient_boosting,AP2,beijing,Guanyuan,origin_week,natural,18024,2015-03-22 00:00:00,2015Q1,beijing_2015-03-22T00:00:00,24,3,168,False,False,False
hist_gradient_boosting,hist_gradient_boosting,hist_gradient_boosting,hist_gradient_boosting,hist_gradient_boosting,hist_gradient_boosting,AP2,beijing,Guanyuan,origin_week,natural,18192,2015-03-29 00:00:00,2015Q1,beijing_2015-03-29T00:00:00,24,3,168,False,False,False
hist_gradient_boosting;logistic,,hist_gradient_boosting,hist_gradient_boosting,hist_gradient_boosting,hist_gradient_boosting,AP2,beijing,Guanyuan,origin_week,natural,18360,2015-04-05 00:00:00,2015Q2,beijing_2015-04-05T00:00:00,24,3,168,True,True,False
hist_gradient_boosting;logistic,,hist_gradient_boosting;logistic,,hist_gradient_boosting;logistic,,AP2,beijing,Guanyuan,origin_week,natural,18528,2015-04-12 00:00:00,2015Q2,beijing_2015-04-12T00:00:00,24,3,168,False,False,False
hist_gradient_boosting,hist_gradient_boosting,hist_gradient_boosting,hist_gradient_boosting,hist_gradient_boosting,hist_gradient_boosting,AP2,beijing,Guanyuan,origin_week,natural,18696,2015-04-19 00:00:00,2015Q2,beijing_2015-04-19T00:00:00,24,3,168,False,False,False
hist_gradient_boosting,hist_gradient_boosting,hist_gradient_boosting,hist_gradient_boosting,hist_gradient_boosting,hist_gradient_boosting,AP2,beijing,Guanyuan,origin_week,natural,18864,2015-04-26 00:00:00,2015Q2,beijing_2015-04-26T00:00:00,24,3,168,False,False,False
hist_gradient_boosting,hist_gradient_boosting,hist_gradient_boosting,hist_gradient_boosting,hist_gradient_boosting,hist_gradient_boosting,AP2,beijing,Guanyuan,origin_week,natural,19032,2015-05-03 00:00:00,2015Q2,beijing_2015-05-03T00:00:00,24,3,168,False,False,False
logistic,logistic,logistic,logistic,logistic,logistic,AP2,beijing,Guanyuan,origin_week,natural,19200,2015-05-10 00:00:00,2015Q2,beijing_2015-05-10T00:00:00,24,3,168,False,False,False
hist_gradient_boosting,hist_gradient_boosting,hist_gradient_boosting,hist_gradient_boosting,hist_gradient_boosting,hist_gradient_boosting,AP2,beijing,Guanyuan,origin_week,natural,19368,2015-05-17 00:00:00,2015Q2,beijing_2015-05-17T00:00:00,24,3,168,False,False,False
hist_gradient_boosting,hist_gradient_boosting,hist_gradient_boosting,hist_gradient_boosting,hist_gradient_boosting,hist_gradient_boosting,AP2,beijing,Guanyuan,origin_week,natural,19536,2015-05-24 00:00:00,2015Q2,beijing_2015-05-24T00:00:00,24,3,168,False,False,False
logistic,logistic,logistic,logistic,logistic,logistic,AP2,beijing,Guanyuan,origin_week,natural,19704,2015-05-31 00:00:00,2015Q2,beijing_2015-05-31T00:00:00,24,3,168,False,False,False
hist_gradient_boosting,hist_gradient_boosting,hist_gradient_boosting,hist_gradient_boosting,hist_gradient_boosting,hist_gradient_boosting,AP2,beijing,Guanyuan,origin_week,natural,19872,2015-06-07 00:00:00,2015Q2,beijing_2015-06-07T00:00:00,24,3,168,False,False,False
hist_gradient_boosting,hist_gradient_boosting,hist_gradient_boosting,hist_gradient_boosting,hist_gradient_boosting,hist_gradient_boosting,AP2,beijing,Guanyuan,origin_week,natural,20040,2015-06-14 00:00:00,2015Q2,beijing_2015-06-14T00:00:00,24,3,168,False,False,False
hist_gradient_boosting,hist_gradient_boosting,hist_gradient_boosting,hist_gradient_boosting,hist_gradient_boosting,hist_gradient_boosting,AP2,beijing,Guanyuan,origin_week,natural,20208,2015-06-21 00:00:00,2015Q2,beijing_2015-06-21T00:00:00,24,3,168,False,False,False
logistic,logistic,logistic,logistic,logistic,logistic,AP2,beijing,Guanyuan,origin_week,natural,20376,2015-06-28 00:00:00,2015Q2,beijing_2015-06-28T00:00:00,24,3,168,False,False,False
hist_gradient_boosting,hist_gradient_boosting,hist_gradient_boosting,hist_gradient_boosting,hist_gradient_boosting,hist_gradient_boosting,AP2,beijing,Guanyuan,origin_week,natural,20544,2015-07-05 00:00:00,2015Q3,beijing_2015-07-05T00:00:00,24,3,168,False,False,False
logistic,logistic,logistic,logistic,logistic,logistic,AP2,beijing,Guanyuan,origin_week,natural,20712,2015-07-12 00:00:00,2015Q3,beijing_2015-07-12T00:00:00,24,3,168,False,False,False
hist_gradient_boosting,hist_gradient_boosting,hist_gradient_boosting,hist_gradient_boosting,hist_gradient_boosting,hist_gradient_boosting,AP2,beijing,Guanyuan,origin_week,natural,20880,2015-07-19 00:00:00,2015Q3,beijing_2015-07-19T00:00:00,24,3,168,False,False,False
hist_gradient_boosting,hist_gradient_boosting,hist_gradient_boosting,hist_gradient_boosting,hist_gradient_boosting,hist_gradient_boosting,AP2,beijing,Guanyuan,origin_week,natural,21048,2015-07-26 00:00:00,2015Q3,beijing_2015-07-26T00:00:00,24,3,168,False,False,False
constant,constant,constant,constant,constant,constant,AP2,beijing,Guanyuan,origin_week,natural,21216,2015-08-02 00:00:00,2015Q3,beijing_2015-08-02T00:00:00,24,3,168,False,False,False
hist_gradient_boosting,hist_gradient_boosting,hist_gradient_boosting,hist_gradient_boosting,hist_gradient_boosting,hist_gradient_boosting,AP2,beijing,Guanyuan,origin_week,natural,21384,2015-08-09 00:00:00,2015Q3,beijing_2015-08-09T00:00:00,24,3,168,False,False,False
logistic,logistic,logistic,logistic,logistic,logistic,AP2,beijing,Guanyuan,origin_week,natural,21552,2015-08-16 00:00:00,2015Q3,beijing_2015-08-16T00:00:00,24,3,168,False,False,False
hist_gradient_boosting,hist_gradient_boosting,hist_gradient_boosting,hist_gradient_boosting,hist_gradient_boosting,hist_gradient_boosting,AP2,beijing,Guanyuan,origin_week,natural,21720,2015-08-23 00:00:00,2015Q3,beijing_2015-08-23T00:00:00,24,3,168,False,False,False
logistic,logistic,logistic,logistic,logistic,logistic,AP2,beijing,Guanyuan,origin_week,natural,21888,2015-08-30 00:00:00,2015Q3,beijing_2015-08-30T00:00:00,24,3,168,False,False,False
hist_gradient_boosting;logistic,,hist_gradient_boosting;logistic,,hist_gradient_boosting;logistic,,AP2,beijing,Guanyuan,origin_week,natural,22056,2015-09-06 00:00:00,2015Q3,beijing_2015-09-06T00:00:00,24,3,168,False,False,False
hist_gradient_boosting;logistic,,hist_gradient_boosting;logistic,,hist_gradient_boosting;logistic,,AP2,beijing,Guanyuan,origin_week,natural,22224,2015-09-13 00:00:00,2015Q3,beijing_2015-09-13T00:00:00,24,3,168,False,False,False
hist_gradient_boosting,hist_gradient_boosting,hist_gradient_boosting,hist_gradient_boosting,hist_gradient_boosting,hist_gradient_boosting,AP2,beijing,Guanyuan,origin_week,natural,22392,2015-09-20 00:00:00,2015Q3,beijing_2015-09-20T00:00:00,24,3,168,False,False,False
logistic,logistic,logistic,logistic,logistic,logistic,AP2,beijing,Guanyuan,origin_week,natural,22560,2015-09-27 00:00:00,2015Q3,beijing_2015-09-27T00:00:00,24,3,168,False,False,False
logistic,logistic,logistic,logistic,logistic,logistic,AP2,beijing,Guanyuan,origin_week,natural,22728,2015-10-04 00:00:00,2015Q4,beijing_2015-10-04T00:00:00,24,3,168,False,False,False
hist_gradient_boosting,hist_gradient_boosting,hist_gradient_boosting,hist_gradient_boosting,hist_gradient_boosting,hist_gradient_boosting,AP2,beijing,Guanyuan,origin_week,natural,22896,2015-10-11 00:00:00,2015Q4,beijing_2015-10-11T00:00:00,24,3,168,False,False,False
logistic,logistic,logistic,logistic,logistic,logistic,AP2,beijing,Guanyuan,origin_week,natural,23064,2015-10-18 00:00:00,2015Q4,beijing_2015-10-18T00:00:00,24,3,168,False,False,False
hist_gradient_boosting,hist_gradient_boosting,hist_gradient_boosting,hist_gradient_boosting,hist_gradient_boosting,hist_gradient_boosting,AP2,beijing,Guanyuan,origin_week,natural,23232,2015-10-25 00:00:00,2015Q4,beijing_2015-10-25T00:00:00,24,3,168,False,False,False
logistic,logistic,logistic,logistic,logistic,logistic,AP2,beijing,Guanyuan,origin_week,natural,23400,2015-11-01 00:00:00,2015Q4,beijing_2015-11-01T00:00:00,24,3,168,False,False,False
hist_gradient_boosting,hist_gradient_boosting,hist_gradient_boosting,hist_gradient_boosting,hist_gradient_boosting,hist_gradient_boosting,AP2,beijing,Guanyuan,origin_week,natural,23568,2015-11-08 00:00:00,2015Q4,beijing_2015-11-08T00:00:00,24,3,168,False,False,False
constant,constant,constant,constant,constant,constant,AP2,beijing,Guanyuan,origin_week,natural,23736,2015-11-15 00:00:00,2015Q4,beijing_2015-11-15T00:00:00,24,3,168,False,False,False
logistic,logistic,logistic,logistic,logistic,logistic,AP2,beijing,Guanyuan,origin_week,natural,23904,2015-11-22 00:00:00,2015Q4,beijing_2015-11-22T00:00:00,24,3,168,False,False,False
logistic,logistic,logistic,logistic,logistic,logistic,AP2,beijing,Guanyuan,origin_week,natural,24072,2015-11-29 00:00:00,2015Q4,beijing_2015-11-29T00:00:00,24,3,168,False,False,False
logistic,logistic,logistic,logistic,logistic,logistic,AP2,beijing,Guanyuan,origin_week,natural,24240,2015-12-06 00:00:00,2015Q4,beijing_2015-12-06T00:00:00,24,3,168,False,False,False
logistic,logistic,logistic,logistic,logistic,logistic,AP2,beijing,Guanyuan,origin_week,natural,24408,2015-12-13 00:00:00,2015Q4,beijing_2015-12-13T00:00:00,24,3,168,False,False,False
logistic,logistic,logistic,logistic,logistic,logistic,AP2,beijing,Guanyuan,origin_week,natural,24576,2015-12-20 00:00:00,2015Q4,beijing_2015-12-20T00:00:00,24,3,168,False,False,False
constant,constant,constant,constant,constant,constant,AP2,beijing,Guanyuan,origin_week,natural,24744,2015-12-27 00:00:00,2015Q4,beijing_2015-12-27T00:00:00,24,3,168,False,False,False
logistic,logistic,logistic,logistic,logistic,logistic,AP2,beijing,Guanyuan,origin_week,natural,24912,2016-01-03 00:00:00,2016Q1,beijing_2016-01-03T00:00:00,24,3,168,False,False,False
hist_gradient_boosting,hist_gradient_boosting,hist_gradient_boosting,hist_gradient_boosting,hist_gradient_boosting,hist_gradient_boosting,AP2,beijing,Guanyuan,origin_week,natural,25080,2016-01-10 00:00:00,2016Q1,beijing_2016-01-10T00:00:00,24,3,168,False,False,False
logistic,logistic,logistic,logistic,logistic,logistic,AP2,beijing,Guanyuan,origin_week,natural,25248,2016-01-17 00:00:00,2016Q1,beijing_2016-01-17T00:00:00,24,3,168,False,False,False
logistic,logistic,logistic,logistic,logistic,logistic,AP2,beijing,Guanyuan,origin_week,natural,25416,2016-01-24 00:00:00,2016Q1,beijing_2016-01-24T00:00:00,24,3,168,False,False,False
hist_gradient_boosting,hist_gradient_boosting,hist_gradient_boosting,hist_gradient_boosting,hist_gradient_boosting,hist_gradient_boosting,AP2,beijing,Guanyuan,origin_week,natural,25584,2016-01-31 00:00:00,2016Q1,beijing_2016-01-31T00:00:00,24,3,168,False,False,False
hist_gradient_boosting,hist_gradient_boosting,hist_gradient_boosting,hist_gradient_boosting,hist_gradient_boosting,hist_gradient_boosting,AP2,beijing,Guanyuan,origin_week,natural,25752,2016-02-07 00:00:00,2016Q1,beijing_2016-02-07T00:00:00,24,3,168,False,False,False
hist_gradient_boosting,hist_gradient_boosting,hist_gradient_boosting,hist_gradient_boosting,hist_gradient_boosting,hist_gradient_boosting,AP2,beijing,Guanyuan,origin_week,natural,25920,2016-02-14 00:00:00,2016Q1,beijing_2016-02-14T00:00:00,24,3,168,False,False,False
hist_gradient_boosting,hist_gradient_boosting,hist_gradient_boosting,hist_gradient_boosting,hist_gradient_boosting,hist_gradient_boosting,AP2,beijing,Guanyuan,origin_week,natural,26088,2016-02-21 00:00:00,2016Q1,beijing_2016-02-21T00:00:00,24,3,168,False,False,False
hist_gradient_boosting,hist_gradient_boosting,hist_gradient_boosting,hist_gradient_boosting,hist_gradient_boosting,hist_gradient_boosting,AP2,beijing,Guanyuan,origin_week,natural,26256,2016-02-28 00:00:00,2016Q1,beijing_2016-02-28T00:00:00,24,3,25,False,False,False
hist_gradient_boosting,hist_gradient_boosting,hist_gradient_boosting,hist_gradient_boosting,hist_gradient_boosting,hist_gradient_boosting,AP2,beijing,Guanyuan,artificial,iid_10,22661,2015-10-01 05:00:00,2015Q4,beijing_2015-10-01T05:00:00,24,3,719,False,False,False
constant;hist_gradient_boosting,,constant;hist_gradient_boosting,,constant;hist_gradient_boosting,,AP2,beijing,Guanyuan,artificial,iid_30,22661,2015-10-01 05:00:00,2015Q4,beijing_2015-10-01T05:00:00,24,3,719,False,False,False
hist_gradient_boosting;logistic,,hist_gradient_boosting;logistic,,hist_gradient_boosting;logistic,,AP2,beijing,Guanyuan,artificial,blocks_10,22661,2015-10-01 05:00:00,2015Q4,beijing_2015-10-01T05:00:00,24,3,719,False,False,False
logistic,logistic,logistic,logistic,logistic,logistic,AP2,beijing,Guanyuan,annual,natural,17520,2015-03-01 00:00:00,2015Q1,beijing_2015-03-01T00:00:00,72,3,8713,False,False,False
hist_gradient_boosting,hist_gradient_boosting,hist_gradient_boosting,hist_gradient_boosting,hist_gradient_boosting,hist_gradient_boosting,AP2,beijing,Guanyuan,origin_week,natural,17520,2015-03-01 00:00:00,2015Q1,beijing_2015-03-01T00:00:00,72,3,168,False,False,False
logistic,logistic,logistic,logistic,logistic,logistic,AP2,beijing,Guanyuan,origin_week,natural,17688,2015-03-08 00:00:00,2015Q1,beijing_2015-03-08T00:00:00,72,3,168,False,False,False
constant,constant,constant,constant,constant,constant,AP2,beijing,Guanyuan,origin_week,natural,17856,2015-03-15 00:00:00,2015Q1,beijing_2015-03-15T00:00:00,72,3,168,False,False,False
logistic,logistic,logistic,logistic,logistic,logistic,AP2,beijing,Guanyuan,origin_week,natural,18024,2015-03-22 00:00:00,2015Q1,beijing_2015-03-22T00:00:00,72,3,168,False,False,False
logistic,logistic,logistic,logistic,logistic,logistic,AP2,beijing,Guanyuan,origin_week,natural,18192,2015-03-29 00:00:00,2015Q1,beijing_2015-03-29T00:00:00,72,3,168,False,False,False
hist_gradient_boosting,hist_gradient_boosting,hist_gradient_boosting,hist_gradient_boosting,hist_gradient_boosting,hist_gradient_boosting,AP2,beijing,Guanyuan,origin_week,natural,18360,2015-04-05 00:00:00,2015Q2,beijing_2015-04-05T00:00:00,72,3,168,False,False,False
hist_gradient_boosting,hist_gradient_boosting,hist_gradient_boosting,hist_gradient_boosting,hist_gradient_boosting,hist_gradient_boosting,AP2,beijing,Guanyuan,origin_week,natural,18528,2015-04-12 00:00:00,2015Q2,beijing_2015-04-12T00:00:00,72,3,168,False,False,False
constant,constant,constant,constant,constant,constant,AP2,beijing,Guanyuan,origin_week,natural,18696,2015-04-19 00:00:00,2015Q2,beijing_2015-04-19T00:00:00,72,3,168,False,False,False
hist_gradient_boosting,hist_gradient_boosting,hist_gradient_boosting,hist_gradient_boosting,hist_gradient_boosting,hist_gradient_boosting,AP2,beijing,Guanyuan,origin_week,natural,18864,2015-04-26 00:00:00,2015Q2,beijing_2015-04-26T00:00:00,72,3,168,False,False,False
logistic,logistic,logistic,logistic,logistic,logistic,AP2,beijing,Guanyuan,origin_week,natural,19032,2015-05-03 00:00:00,2015Q2,beijing_2015-05-03T00:00:00,72,3,168,False,False,False
logistic,logistic,logistic,logistic,logistic,logistic,AP2,beijing,Guanyuan,origin_week,natural,19200,2015-05-10 00:00:00,2015Q2,beijing_2015-05-10T00:00:00,72,3,168,False,False,False
hist_gradient_boosting,hist_gradient_boosting,hist_gradient_boosting,hist_gradient_boosting,hist_gradient_boosting,hist_gradient_boosting,AP2,beijing,Guanyuan,origin_week,natural,19368,2015-05-17 00:00:00,2015Q2,beijing_2015-05-17T00:00:00,72,3,168,False,False,False
constant,constant,constant,constant,constant,constant,AP2,beijing,Guanyuan,origin_week,natural,19536,2015-05-24 00:00:00,2015Q2,beijing_2015-05-24T00:00:00,72,3,168,False,False,False
logistic,logistic,logistic,logistic,logistic,logistic,AP2,beijing,Guanyuan,origin_week,natural,19704,2015-05-31 00:00:00,2015Q2,beijing_2015-05-31T00:00:00,72,3,168,False,False,False
hist_gradient_boosting,hist_gradient_boosting,hist_gradient_boosting,hist_gradient_boosting,hist_gradient_boosting,hist_gradient_boosting,AP2,beijing,Guanyuan,origin_week,natural,19872,2015-06-07 00:00:00,2015Q2,beijing_2015-06-07T00:00:00,72,3,168,False,False,False
hist_gradient_boosting,hist_gradient_boosting,hist_gradient_boosting,hist_gradient_boosting,hist_gradient_boosting,hist_gradient_boosting,AP2,beijing,Guanyuan,origin_week,natural,20040,2015-06-14 00:00:00,2015Q2,beijing_2015-06-14T00:00:00,72,3,168,False,False,False
hist_gradient_boosting,hist_gradient_boosting,hist_gradient_boosting,hist_gradient_boosting,hist_gradient_boosting,hist_gradient_boosting,AP2,beijing,Guanyuan,origin_week,natural,20208,2015-06-21 00:00:00,2015Q2,beijing_2015-06-21T00:00:00,72,3,168,False,False,False
logistic,logistic,logistic,logistic,logistic,logistic,AP2,beijing,Guanyuan,origin_week,natural,20376,2015-06-28 00:00:00,2015Q2,beijing_2015-06-28T00:00:00,72,3,168,False,False,False
constant,constant,constant,constant,constant,constant,AP2,beijing,Guanyuan,origin_week,natural,20544,2015-07-05 00:00:00,2015Q3,beijing_2015-07-05T00:00:00,72,3,168,False,False,False
logistic,logistic,logistic,logistic,logistic,logistic,AP2,beijing,Guanyuan,origin_week,natural,20712,2015-07-12 00:00:00,2015Q3,beijing_2015-07-12T00:00:00,72,3,168,False,False,False
hist_gradient_boosting,hist_gradient_boosting,hist_gradient_boosting,hist_gradient_boosting,hist_gradient_boosting,hist_gradient_boosting,AP2,beijing,Guanyuan,origin_week,natural,20880,2015-07-19 00:00:00,2015Q3,beijing_2015-07-19T00:00:00,72,3,168,False,False,False
hist_gradient_boosting,hist_gradient_boosting,hist_gradient_boosting,hist_gradient_boosting,hist_gradient_boosting,hist_gradient_boosting,AP2,beijing,Guanyuan,origin_week,natural,21048,2015-07-26 00:00:00,2015Q3,beijing_2015-07-26T00:00:00,72,3,168,False,False,False
constant,constant,constant,constant,constant,constant,AP2,beijing,Guanyuan,origin_week,natural,21216,2015-08-02 00:00:00,2015Q3,beijing_2015-08-02T00:00:00,72,3,168,False,False,False
constant,constant,constant,constant,constant,constant,AP2,beijing,Guanyuan,origin_week,natural,21384,2015-08-09 00:00:00,2015Q3,beijing_2015-08-09T00:00:00,72,3,168,False,False,False
logistic,logistic,logistic,logistic,logistic,logistic,AP2,beijing,Guanyuan,origin_week,natural,21552,2015-08-16 00:00:00,2015Q3,beijing_2015-08-16T00:00:00,72,3,168,False,False,False
logistic,logistic,logistic,logistic,logistic,logistic,AP2,beijing,Guanyuan,origin_week,natural,21720,2015-08-23 00:00:00,2015Q3,beijing_2015-08-23T00:00:00,72,3,168,False,False,False
logistic,logistic,logistic,logistic,logistic,logistic,AP2,beijing,Guanyuan,origin_week,natural,21888,2015-08-30 00:00:00,2015Q3,beijing_2015-08-30T00:00:00,72,3,168,False,False,False
hist_gradient_boosting,hist_gradient_boosting,hist_gradient_boosting,hist_gradient_boosting,hist_gradient_boosting,hist_gradient_boosting,AP2,beijing,Guanyuan,origin_week,natural,22056,2015-09-06 00:00:00,2015Q3,beijing_2015-09-06T00:00:00,72,3,168,False,False,False
hist_gradient_boosting,hist_gradient_boosting,hist_gradient_boosting,hist_gradient_boosting,hist_gradient_boosting,hist_gradient_boosting,AP2,beijing,Guanyuan,origin_week,natural,22224,2015-09-13 00:00:00,2015Q3,beijing_2015-09-13T00:00:00,72,3,168,False,False,False
hist_gradient_boosting,hist_gradient_boosting,hist_gradient_boosting,hist_gradient_boosting,hist_gradient_boosting,hist_gradient_boosting,AP2,beijing,Guanyuan,origin_week,natural,22392,2015-09-20 00:00:00,2015Q3,beijing_2015-09-20T00:00:00,72,3,168,False,False,False
logistic,logistic,logistic,logistic,logistic,logistic,AP2,beijing,Guanyuan,origin_week,natural,22560,2015-09-27 00:00:00,2015Q3,beijing_2015-09-27T00:00:00,72,3,168,False,False,False
logistic,logistic,logistic,logistic,logistic,logistic,AP2,beijing,Guanyuan,origin_week,natural,22728,2015-10-04 00:00:00,2015Q4,beijing_2015-10-04T00:00:00,72,3,168,False,False,False
hist_gradient_boosting,hist_gradient_boosting,hist_gradient_boosting,hist_gradient_boosting,hist_gradient_boosting,hist_gradient_boosting,AP2,beijing,Guanyuan,origin_week,natural,22896,2015-10-11 00:00:00,2015Q4,beijing_2015-10-11T00:00:00,72,3,168,False,False,False
logistic,logistic,logistic,logistic,logistic,logistic,AP2,beijing,Guanyuan,origin_week,natural,23064,2015-10-18 00:00:00,2015Q4,beijing_2015-10-18T00:00:00,72,3,168,False,False,False
logistic,logistic,logistic,logistic,logistic,logistic,AP2,beijing,Guanyuan,origin_week,natural,23232,2015-10-25 00:00:00,2015Q4,beijing_2015-10-25T00:00:00,72,3,168,False,False,False
logistic,logistic,logistic,logistic,logistic,logistic,AP2,beijing,Guanyuan,origin_week,natural,23400,2015-11-01 00:00:00,2015Q4,beijing_2015-11-01T00:00:00,72,3,168,False,False,False
hist_gradient_boosting,hist_gradient_boosting,hist_gradient_boosting,hist_gradient_boosting,hist_gradient_boosting,hist_gradient_boosting,AP2,beijing,Guanyuan,origin_week,natural,23568,2015-11-08 00:00:00,2015Q4,beijing_2015-11-08T00:00:00,72,3,168,False,False,False
constant,constant,constant,constant,constant,constant,AP2,beijing,Guanyuan,origin_week,natural,23736,2015-11-15 00:00:00,2015Q4,beijing_2015-11-15T00:00:00,72,3,168,False,False,False
constant,constant,constant,constant,constant,constant,AP2,beijing,Guanyuan,origin_week,natural,23904,2015-11-22 00:00:00,2015Q4,beijing_2015-11-22T00:00:00,72,3,168,False,False,False
logistic,logistic,logistic,logistic,logistic,logistic,AP2,beijing,Guanyuan,origin_week,natural,24072,2015-11-29 00:00:00,2015Q4,beijing_2015-11-29T00:00:00,72,3,168,False,False,False
logistic,logistic,logistic,logistic,logistic,logistic,AP2,beijing,Guanyuan,origin_week,natural,24240,2015-12-06 00:00:00,2015Q4,beijing_2015-12-06T00:00:00,72,3,168,False,False,False
constant,constant,constant,constant,constant,constant,AP2,beijing,Guanyuan,origin_week,natural,24408,2015-12-13 00:00:00,2015Q4,beijing_2015-12-13T00:00:00,72,3,168,False,False,False
logistic,logistic,logistic,logistic,logistic,logistic,AP2,beijing,Guanyuan,origin_week,natural,24576,2015-12-20 00:00:00,2015Q4,beijing_2015-12-20T00:00:00,72,3,168,False,False,False
logistic,logistic,logistic,logistic,logistic,logistic,AP2,beijing,Guanyuan,origin_week,natural,24744,2015-12-27 00:00:00,2015Q4,beijing_2015-12-27T00:00:00,72,3,168,False,False,False
constant,constant,constant,constant,constant,constant,AP2,beijing,Guanyuan,origin_week,natural,24912,2016-01-03 00:00:00,2016Q1,beijing_2016-01-03T00:00:00,72,3,168,False,False,False
constant,constant,constant,constant,constant,constant,AP2,beijing,Guanyuan,origin_week,natural,25080,2016-01-10 00:00:00,2016Q1,beijing_2016-01-10T00:00:00,72,3,168,False,False,False
hist_gradient_boosting,hist_gradient_boosting,hist_gradient_boosting,hist_gradient_boosting,hist_gradient_boosting,hist_gradient_boosting,AP2,beijing,Guanyuan,origin_week,natural,25248,2016-01-17 00:00:00,2016Q1,beijing_2016-01-17T00:00:00,72,3,168,False,False,False
constant,constant,constant,constant,constant,constant,AP2,beijing,Guanyuan,origin_week,natural,25416,2016-01-24 00:00:00,2016Q1,beijing_2016-01-24T00:00:00,72,3,168,False,False,False
logistic,logistic,logistic,logistic,logistic,logistic,AP2,beijing,Guanyuan,origin_week,natural,25584,2016-01-31 00:00:00,2016Q1,beijing_2016-01-31T00:00:00,72,3,168,False,False,False
logistic,logistic,logistic,logistic,logistic,logistic,AP2,beijing,Guanyuan,origin_week,natural,25752,2016-02-07 00:00:00,2016Q1,beijing_2016-02-07T00:00:00,72,3,168,False,False,False
logistic,logistic,logistic,logistic,logistic,logistic,AP2,beijing,Guanyuan,origin_week,natural,25920,2016-02-14 00:00:00,2016Q1,beijing_2016-02-14T00:00:00,72,3,168,False,False,False
hist_gradient_boosting,hist_gradient_boosting,hist_gradient_boosting,hist_gradient_boosting,hist_gradient_boosting,hist_gradient_boosting,AP2,beijing,Guanyuan,origin_week,natural,26088,2016-02-21 00:00:00,2016Q1,beijing_2016-02-21T00:00:00,72,3,145,False,False,False
constant;logistic,,constant,constant,constant,constant,AP2,beijing,Guanyuan,artificial,iid_10,22661,2015-10-01 05:00:00,2015Q4,beijing_2015-10-01T05:00:00,72,3,671,True,True,False
constant;hist_gradient_boosting,,constant,constant,constant,constant,AP2,beijing,Guanyuan,artificial,iid_30,22661,2015-10-01 05:00:00,2015Q4,beijing_2015-10-01T05:00:00,72,3,671,True,True,False
logistic,logistic,logistic,logistic,logistic,logistic,AP2,beijing,Guanyuan,artificial,blocks_10,22661,2015-10-01 05:00:00,2015Q4,beijing_2015-10-01T05:00:00,72,3,671,False,False,False
logistic,logistic,logistic,logistic,logistic,logistic,AP2,beijing,Gucheng,annual,natural,17520,2015-03-01 00:00:00,2015Q1,beijing_2015-03-01T00:00:00,24,3,8761,False,False,False
logistic,logistic,logistic,logistic,logistic,logistic,AP2,beijing,Gucheng,origin_week,natural,17520,2015-03-01 00:00:00,2015Q1,beijing_2015-03-01T00:00:00,24,3,168,False,False,False
logistic,logistic,logistic,logistic,logistic,logistic,AP2,beijing,Gucheng,origin_week,natural,17688,2015-03-08 00:00:00,2015Q1,beijing_2015-03-08T00:00:00,24,3,168,False,False,False
hist_gradient_boosting,hist_gradient_boosting,hist_gradient_boosting,hist_gradient_boosting,hist_gradient_boosting,hist_gradient_boosting,AP2,beijing,Gucheng,origin_week,natural,17856,2015-03-15 00:00:00,2015Q1,beijing_2015-03-15T00:00:00,24,3,168,False,False,False
hist_gradient_boosting,hist_gradient_boosting,hist_gradient_boosting,hist_gradient_boosting,hist_gradient_boosting,hist_gradient_boosting,AP2,beijing,Gucheng,origin_week,natural,18024,2015-03-22 00:00:00,2015Q1,beijing_2015-03-22T00:00:00,24,3,168,False,False,False
logistic,logistic,logistic,logistic,logistic,logistic,AP2,beijing,Gucheng,origin_week,natural,18192,2015-03-29 00:00:00,2015Q1,beijing_2015-03-29T00:00:00,24,3,168,False,False,False
logistic,logistic,logistic,logistic,logistic,logistic,AP2,beijing,Gucheng,origin_week,natural,18360,2015-04-05 00:00:00,2015Q2,beijing_2015-04-05T00:00:00,24,3,168,False,False,False
logistic,logistic,logistic,logistic,logistic,logistic,AP2,beijing,Gucheng,origin_week,natural,18528,2015-04-12 00:00:00,2015Q2,beijing_2015-04-12T00:00:00,24,3,168,False,False,False
hist_gradient_boosting,hist_gradient_boosting,hist_gradient_boosting,hist_gradient_boosting,hist_gradient_boosting,hist_gradient_boosting,AP2,beijing,Gucheng,origin_week,natural,18696,2015-04-19 00:00:00,2015Q2,beijing_2015-04-19T00:00:00,24,3,168,False,False,False
logistic,logistic,logistic,logistic,logistic,logistic,AP2,beijing,Gucheng,origin_week,natural,18864,2015-04-26 00:00:00,2015Q2,beijing_2015-04-26T00:00:00,24,3,168,False,False,False
logistic,logistic,logistic,logistic,logistic,logistic,AP2,beijing,Gucheng,origin_week,natural,19032,2015-05-03 00:00:00,2015Q2,beijing_2015-05-03T00:00:00,24,3,168,False,False,False
logistic,logistic,logistic,logistic,logistic,logistic,AP2,beijing,Gucheng,origin_week,natural,19200,2015-05-10 00:00:00,2015Q2,beijing_2015-05-10T00:00:00,24,3,168,False,False,False
hist_gradient_boosting;logistic,,hist_gradient_boosting;logistic,,hist_gradient_boosting;logistic,,AP2,beijing,Gucheng,origin_week,natural,19368,2015-05-17 00:00:00,2015Q2,beijing_2015-05-17T00:00:00,24,3,168,False,False,False
logistic,logistic,logistic,logistic,logistic,logistic,AP2,beijing,Gucheng,origin_week,natural,19536,2015-05-24 00:00:00,2015Q2,beijing_2015-05-24T00:00:00,24,3,168,False,False,False
logistic,logistic,logistic,logistic,logistic,logistic,AP2,beijing,Gucheng,origin_week,natural,19704,2015-05-31 00:00:00,2015Q2,beijing_2015-05-31T00:00:00,24,3,168,False,False,False
hist_gradient_boosting,hist_gradient_boosting,hist_gradient_boosting,hist_gradient_boosting,hist_gradient_boosting,hist_gradient_boosting,AP2,beijing,Gucheng,origin_week,natural,19872,2015-06-07 00:00:00,2015Q2,beijing_2015-06-07T00:00:00,24,3,168,False,False,False
constant;hist_gradient_boosting;logistic,,constant;hist_gradient_boosting;logistic,,constant;hist_gradient_boosting;logistic,,AP2,beijing,Gucheng,origin_week,natural,20040,2015-06-14 00:00:00,2015Q2,beijing_2015-06-14T00:00:00,24,3,168,False,False,False
hist_gradient_boosting,hist_gradient_boosting,hist_gradient_boosting,hist_gradient_boosting,hist_gradient_boosting,hist_gradient_boosting,AP2,beijing,Gucheng,origin_week,natural,20208,2015-06-21 00:00:00,2015Q2,beijing_2015-06-21T00:00:00,24,3,168,False,False,False
logistic,logistic,logistic,logistic,logistic,logistic,AP2,beijing,Gucheng,origin_week,natural,20376,2015-06-28 00:00:00,2015Q2,beijing_2015-06-28T00:00:00,24,3,168,False,False,False
hist_gradient_boosting,hist_gradient_boosting,hist_gradient_boosting,hist_gradient_boosting,hist_gradient_boosting,hist_gradient_boosting,AP2,beijing,Gucheng,origin_week,natural,20544,2015-07-05 00:00:00,2015Q3,beijing_2015-07-05T00:00:00,24,3,168,False,False,False
logistic,logistic,logistic,logistic,logistic,logistic,AP2,beijing,Gucheng,origin_week,natural,20712,2015-07-12 00:00:00,2015Q3,beijing_2015-07-12T00:00:00,24,3,168,False,False,False
hist_gradient_boosting,hist_gradient_boosting,hist_gradient_boosting,hist_gradient_boosting,hist_gradient_boosting,hist_gradient_boosting,AP2,beijing,Gucheng,origin_week,natural,20880,2015-07-19 00:00:00,2015Q3,beijing_2015-07-19T00:00:00,24,3,168,False,False,False
hist_gradient_boosting,hist_gradient_boosting,hist_gradient_boosting,hist_gradient_boosting,hist_gradient_boosting,hist_gradient_boosting,AP2,beijing,Gucheng,origin_week,natural,21048,2015-07-26 00:00:00,2015Q3,beijing_2015-07-26T00:00:00,24,3,168,False,False,False
logistic,logistic,logistic,logistic,logistic,logistic,AP2,beijing,Gucheng,origin_week,natural,21216,2015-08-02 00:00:00,2015Q3,beijing_2015-08-02T00:00:00,24,3,168,False,False,False
constant,constant,constant,constant,constant,constant,AP2,beijing,Gucheng,origin_week,natural,21384,2015-08-09 00:00:00,2015Q3,beijing_2015-08-09T00:00:00,24,3,168,False,False,False
logistic,logistic,logistic,logistic,logistic,logistic,AP2,beijing,Gucheng,origin_week,natural,21552,2015-08-16 00:00:00,2015Q3,beijing_2015-08-16T00:00:00,24,3,168,False,False,False
hist_gradient_boosting,hist_gradient_boosting,hist_gradient_boosting,hist_gradient_boosting,hist_gradient_boosting,hist_gradient_boosting,AP2,beijing,Gucheng,origin_week,natural,21720,2015-08-23 00:00:00,2015Q3,beijing_2015-08-23T00:00:00,24,3,168,False,False,False
hist_gradient_boosting,hist_gradient_boosting,hist_gradient_boosting,hist_gradient_boosting,hist_gradient_boosting,hist_gradient_boosting,AP2,beijing,Gucheng,origin_week,natural,21888,2015-08-30 00:00:00,2015Q3,beijing_2015-08-30T00:00:00,24,3,168,False,False,False
hist_gradient_boosting,hist_gradient_boosting,hist_gradient_boosting,hist_gradient_boosting,hist_gradient_boosting,hist_gradient_boosting,AP2,beijing,Gucheng,origin_week,natural,22056,2015-09-06 00:00:00,2015Q3,beijing_2015-09-06T00:00:00,24,3,168,False,False,False
logistic,logistic,logistic,logistic,logistic,logistic,AP2,beijing,Gucheng,origin_week,natural,22224,2015-09-13 00:00:00,2015Q3,beijing_2015-09-13T00:00:00,24,3,168,False,False,False
hist_gradient_boosting,hist_gradient_boosting,hist_gradient_boosting,hist_gradient_boosting,hist_gradient_boosting,hist_gradient_boosting,AP2,beijing,Gucheng,origin_week,natural,22392,2015-09-20 00:00:00,2015Q3,beijing_2015-09-20T00:00:00,24,3,168,False,False,False
logistic,logistic,logistic,logistic,logistic,logistic,AP2,beijing,Gucheng,origin_week,natural,22560,2015-09-27 00:00:00,2015Q3,beijing_2015-09-27T00:00:00,24,3,168,False,False,False
logistic,logistic,logistic,logistic,logistic,logistic,AP2,beijing,Gucheng,origin_week,natural,22728,2015-10-04 00:00:00,2015Q4,beijing_2015-10-04T00:00:00,24,3,168,False,False,False
hist_gradient_boosting,hist_gradient_boosting,hist_gradient_boosting,hist_gradient_boosting,hist_gradient_boosting,hist_gradient_boosting,AP2,beijing,Gucheng,origin_week,natural,22896,2015-10-11 00:00:00,2015Q4,beijing_2015-10-11T00:00:00,24,3,168,False,False,False
hist_gradient_boosting,hist_gradient_boosting,hist_gradient_boosting,hist_gradient_boosting,hist_gradient_boosting,hist_gradient_boosting,AP2,beijing,Gucheng,origin_week,natural,23064,2015-10-18 00:00:00,2015Q4,beijing_2015-10-18T00:00:00,24,3,168,False,False,False
hist_gradient_boosting,hist_gradient_boosting,hist_gradient_boosting,hist_gradient_boosting,hist_gradient_boosting,hist_gradient_boosting,AP2,beijing,Gucheng,origin_week,natural,23232,2015-10-25 00:00:00,2015Q4,beijing_2015-10-25T00:00:00,24,3,168,False,False,False
logistic,logistic,logistic,logistic,logistic,logistic,AP2,beijing,Gucheng,origin_week,natural,23400,2015-11-01 00:00:00,2015Q4,beijing_2015-11-01T00:00:00,24,3,168,False,False,False
logistic,logistic,logistic,logistic,logistic,logistic,AP2,beijing,Gucheng,origin_week,natural,23568,2015-11-08 00:00:00,2015Q4,beijing_2015-11-08T00:00:00,24,3,168,False,False,False
constant,constant,constant,constant,constant,constant,AP2,beijing,Gucheng,origin_week,natural,23736,2015-11-15 00:00:00,2015Q4,beijing_2015-11-15T00:00:00,24,3,168,False,False,False
constant;logistic,,constant;logistic,,constant;logistic,,AP2,beijing,Gucheng,origin_week,natural,23904,2015-11-22 00:00:00,2015Q4,beijing_2015-11-22T00:00:00,24,3,168,False,False,False
logistic,logistic,logistic,logistic,logistic,logistic,AP2,beijing,Gucheng,origin_week,natural,24072,2015-11-29 00:00:00,2015Q4,beijing_2015-11-29T00:00:00,24,3,168,False,False,False
logistic,logistic,logistic,logistic,logistic,logistic,AP2,beijing,Gucheng,origin_week,natural,24240,2015-12-06 00:00:00,2015Q4,beijing_2015-12-06T00:00:00,24,3,168,False,False,False
logistic,logistic,logistic,logistic,logistic,logistic,AP2,beijing,Gucheng,origin_week,natural,24408,2015-12-13 00:00:00,2015Q4,beijing_2015-12-13T00:00:00,24,3,168,False,False,False
logistic,logistic,logistic,logistic,logistic,logistic,AP2,beijing,Gucheng,origin_week,natural,24576,2015-12-20 00:00:00,2015Q4,beijing_2015-12-20T00:00:00,24,3,168,False,False,False
constant,constant,constant,constant,constant,constant,AP2,beijing,Gucheng,origin_week,natural,24744,2015-12-27 00:00:00,2015Q4,beijing_2015-12-27T00:00:00,24,3,168,False,False,False
logistic,logistic,logistic,logistic,logistic,logistic,AP2,beijing,Gucheng,origin_week,natural,24912,2016-01-03 00:00:00,2016Q1,beijing_2016-01-03T00:00:00,24,3,168,False,False,False
hist_gradient_boosting,hist_gradient_boosting,hist_gradient_boosting,hist_gradient_boosting,hist_gradient_boosting,hist_gradient_boosting,AP2,beijing,Gucheng,origin_week,natural,25080,2016-01-10 00:00:00,2016Q1,beijing_2016-01-10T00:00:00,24,3,168,False,False,False
logistic,logistic,logistic,logistic,logistic,logistic,AP2,beijing,Gucheng,origin_week,natural,25248,2016-01-17 00:00:00,2016Q1,beijing_2016-01-17T00:00:00,24,3,168,False,False,False
logistic,logistic,logistic,logistic,logistic,logistic,AP2,beijing,Gucheng,origin_week,natural,25416,2016-01-24 00:00:00,2016Q1,beijing_2016-01-24T00:00:00,24,3,168,False,False,False
logistic,logistic,logistic,logistic,logistic,logistic,AP2,beijing,Gucheng,origin_week,natural,25584,2016-01-31 00:00:00,2016Q1,beijing_2016-01-31T00:00:00,24,3,168,False,False,False
hist_gradient_boosting,hist_gradient_boosting,hist_gradient_boosting,hist_gradient_boosting,hist_gradient_boosting,hist_gradient_boosting,AP2,beijing,Gucheng,origin_week,natural,25752,2016-02-07 00:00:00,2016Q1,beijing_2016-02-07T00:00:00,24,3,168,False,False,False
hist_gradient_boosting,hist_gradient_boosting,hist_gradient_boosting,hist_gradient_boosting,hist_gradient_boosting,hist_gradient_boosting,AP2,beijing,Gucheng,origin_week,natural,25920,2016-02-14 00:00:00,2016Q1,beijing_2016-02-14T00:00:00,24,3,168,False,False,False
hist_gradient_boosting,hist_gradient_boosting,hist_gradient_boosting,hist_gradient_boosting,hist_gradient_boosting,hist_gradient_boosting,AP2,beijing,Gucheng,origin_week,natural,26088,2016-02-21 00:00:00,2016Q1,beijing_2016-02-21T00:00:00,24,3,168,False,False,False
hist_gradient_boosting,hist_gradient_boosting,hist_gradient_boosting,hist_gradient_boosting,hist_gradient_boosting,hist_gradient_boosting,AP2,beijing,Gucheng,origin_week,natural,26256,2016-02-28 00:00:00,2016Q1,beijing_2016-02-28T00:00:00,24,3,25,False,False,False
logistic,logistic,logistic,logistic,logistic,logistic,AP2,beijing,Gucheng,artificial,iid_10,25140,2016-01-12 12:00:00,2016Q1,beijing_2016-01-12T12:00:00,24,3,504,False,False,False
hist_gradient_boosting;logistic,,hist_gradient_boosting;logistic,,hist_gradient_boosting;logistic,,AP2,beijing,Gucheng,artificial,iid_30,25140,2016-01-12 12:00:00,2016Q1,beijing_2016-01-12T12:00:00,24,3,504,False,False,False
constant;hist_gradient_boosting;logistic,,constant;hist_gradient_boosting;logistic,,constant;hist_gradient_boosting;logistic,,AP2,beijing,Gucheng,artificial,blocks_10,25140,2016-01-12 12:00:00,2016Q1,beijing_2016-01-12T12:00:00,24,3,504,False,False,False
logistic,logistic,logistic,logistic,logistic,logistic,AP2,beijing,Gucheng,annual,natural,17520,2015-03-01 00:00:00,2015Q1,beijing_2015-03-01T00:00:00,72,3,8713,False,False,False
constant,constant,constant,constant,constant,constant,AP2,beijing,Gucheng,origin_week,natural,17520,2015-03-01 00:00:00,2015Q1,beijing_2015-03-01T00:00:00,72,3,168,False,False,False
logistic,logistic,logistic,logistic,logistic,logistic,AP2,beijing,Gucheng,origin_week,natural,17688,2015-03-08 00:00:00,2015Q1,beijing_2015-03-08T00:00:00,72,3,168,False,False,False
hist_gradient_boosting,hist_gradient_boosting,hist_gradient_boosting,hist_gradient_boosting,hist_gradient_boosting,hist_gradient_boosting,AP2,beijing,Gucheng,origin_week,natural,17856,2015-03-15 00:00:00,2015Q1,beijing_2015-03-15T00:00:00,72,3,168,False,False,False
logistic,logistic,logistic,logistic,logistic,logistic,AP2,beijing,Gucheng,origin_week,natural,18024,2015-03-22 00:00:00,2015Q1,beijing_2015-03-22T00:00:00,72,3,168,False,False,False
logistic,logistic,logistic,logistic,logistic,logistic,AP2,beijing,Gucheng,origin_week,natural,18192,2015-03-29 00:00:00,2015Q1,beijing_2015-03-29T00:00:00,72,3,168,False,False,False
constant,constant,constant,constant,constant,constant,AP2,beijing,Gucheng,origin_week,natural,18360,2015-04-05 00:00:00,2015Q2,beijing_2015-04-05T00:00:00,72,3,168,False,False,False
logistic,logistic,logistic,logistic,logistic,logistic,AP2,beijing,Gucheng,origin_week,natural,18528,2015-04-12 00:00:00,2015Q2,beijing_2015-04-12T00:00:00,72,3,168,False,False,False
constant,constant,constant,constant,constant,constant,AP2,beijing,Gucheng,origin_week,natural,18696,2015-04-19 00:00:00,2015Q2,beijing_2015-04-19T00:00:00,72,3,168,False,False,False
logistic,logistic,logistic,logistic,logistic,logistic,AP2,beijing,Gucheng,origin_week,natural,18864,2015-04-26 00:00:00,2015Q2,beijing_2015-04-26T00:00:00,72,3,168,False,False,False
logistic,logistic,logistic,logistic,logistic,logistic,AP2,beijing,Gucheng,origin_week,natural,19032,2015-05-03 00:00:00,2015Q2,beijing_2015-05-03T00:00:00,72,3,168,False,False,False
logistic,logistic,logistic,logistic,logistic,logistic,AP2,beijing,Gucheng,origin_week,natural,19200,2015-05-10 00:00:00,2015Q2,beijing_2015-05-10T00:00:00,72,3,168,False,False,False
hist_gradient_boosting;logistic,,hist_gradient_boosting;logistic,,hist_gradient_boosting;logistic,,AP2,beijing,Gucheng,origin_week,natural,19368,2015-05-17 00:00:00,2015Q2,beijing_2015-05-17T00:00:00,72,3,168,False,False,False
logistic,logistic,logistic,logistic,logistic,logistic,AP2,beijing,Gucheng,origin_week,natural,19536,2015-05-24 00:00:00,2015Q2,beijing_2015-05-24T00:00:00,72,3,168,False,False,False
constant,constant,constant,constant,constant,constant,AP2,beijing,Gucheng,origin_week,natural,19704,2015-05-31 00:00:00,2015Q2,beijing_2015-05-31T00:00:00,72,3,168,False,False,False
hist_gradient_boosting,hist_gradient_boosting,hist_gradient_boosting,hist_gradient_boosting,hist_gradient_boosting,hist_gradient_boosting,AP2,beijing,Gucheng,origin_week,natural,19872,2015-06-07 00:00:00,2015Q2,beijing_2015-06-07T00:00:00,72,3,168,False,False,False
constant;hist_gradient_boosting;logistic,,constant;hist_gradient_boosting;logistic,,constant;hist_gradient_boosting;logistic,,AP2,beijing,Gucheng,origin_week,natural,20040,2015-06-14 00:00:00,2015Q2,beijing_2015-06-14T00:00:00,72,3,168,False,False,False
logistic,logistic,logistic,logistic,logistic,logistic,AP2,beijing,Gucheng,origin_week,natural,20208,2015-06-21 00:00:00,2015Q2,beijing_2015-06-21T00:00:00,72,3,168,False,False,False
logistic,logistic,logistic,logistic,logistic,logistic,AP2,beijing,Gucheng,origin_week,natural,20376,2015-06-28 00:00:00,2015Q2,beijing_2015-06-28T00:00:00,72,3,168,False,False,False
constant,constant,constant,constant,constant,constant,AP2,beijing,Gucheng,origin_week,natural,20544,2015-07-05 00:00:00,2015Q3,beijing_2015-07-05T00:00:00,72,3,168,False,False,False
logistic,logistic,logistic,logistic,logistic,logistic,AP2,beijing,Gucheng,origin_week,natural,20712,2015-07-12 00:00:00,2015Q3,beijing_2015-07-12T00:00:00,72,3,168,False,False,False
hist_gradient_boosting,hist_gradient_boosting,hist_gradient_boosting,hist_gradient_boosting,hist_gradient_boosting,hist_gradient_boosting,AP2,beijing,Gucheng,origin_week,natural,20880,2015-07-19 00:00:00,2015Q3,beijing_2015-07-19T00:00:00,72,3,168,False,False,False
hist_gradient_boosting,hist_gradient_boosting,hist_gradient_boosting,hist_gradient_boosting,hist_gradient_boosting,hist_gradient_boosting,AP2,beijing,Gucheng,origin_week,natural,21048,2015-07-26 00:00:00,2015Q3,beijing_2015-07-26T00:00:00,72,3,168,False,False,False
constant,constant,constant,constant,constant,constant,AP2,beijing,Gucheng,origin_week,natural,21216,2015-08-02 00:00:00,2015Q3,beijing_2015-08-02T00:00:00,72,3,168,False,False,False
constant,constant,constant,constant,constant,constant,AP2,beijing,Gucheng,origin_week,natural,21384,2015-08-09 00:00:00,2015Q3,beijing_2015-08-09T00:00:00,72,3,168,False,False,False
logistic,logistic,logistic,logistic,logistic,logistic,AP2,beijing,Gucheng,origin_week,natural,21552,2015-08-16 00:00:00,2015Q3,beijing_2015-08-16T00:00:00,72,3,168,False,False,False
hist_gradient_boosting;logistic,,logistic,logistic,logistic,logistic,AP2,beijing,Gucheng,origin_week,natural,21720,2015-08-23 00:00:00,2015Q3,beijing_2015-08-23T00:00:00,72,3,168,True,True,False
logistic,logistic,logistic,logistic,logistic,logistic,AP2,beijing,Gucheng,origin_week,natural,21888,2015-08-30 00:00:00,2015Q3,beijing_2015-08-30T00:00:00,72,3,168,False,False,False
logistic,logistic,logistic,logistic,logistic,logistic,AP2,beijing,Gucheng,origin_week,natural,22056,2015-09-06 00:00:00,2015Q3,beijing_2015-09-06T00:00:00,72,3,168,False,False,False
logistic,logistic,logistic,logistic,logistic,logistic,AP2,beijing,Gucheng,origin_week,natural,22224,2015-09-13 00:00:00,2015Q3,beijing_2015-09-13T00:00:00,72,3,168,False,False,False
hist_gradient_boosting,hist_gradient_boosting,hist_gradient_boosting,hist_gradient_boosting,hist_gradient_boosting,hist_gradient_boosting,AP2,beijing,Gucheng,origin_week,natural,22392,2015-09-20 00:00:00,2015Q3,beijing_2015-09-20T00:00:00,72,3,168,False,False,False
logistic,logistic,logistic,logistic,logistic,logistic,AP2,beijing,Gucheng,origin_week,natural,22560,2015-09-27 00:00:00,2015Q3,beijing_2015-09-27T00:00:00,72,3,168,False,False,False
logistic,logistic,logistic,logistic,logistic,logistic,AP2,beijing,Gucheng,origin_week,natural,22728,2015-10-04 00:00:00,2015Q4,beijing_2015-10-04T00:00:00,72,3,168,False,False,False
logistic,logistic,logistic,logistic,logistic,logistic,AP2,beijing,Gucheng,origin_week,natural,22896,2015-10-11 00:00:00,2015Q4,beijing_2015-10-11T00:00:00,72,3,168,False,False,False
constant,constant,constant,constant,constant,constant,AP2,beijing,Gucheng,origin_week,natural,23064,2015-10-18 00:00:00,2015Q4,beijing_2015-10-18T00:00:00,72,3,168,False,False,False
logistic,logistic,logistic,logistic,logistic,logistic,AP2,beijing,Gucheng,origin_week,natural,23232,2015-10-25 00:00:00,2015Q4,beijing_2015-10-25T00:00:00,72,3,168,False,False,False
logistic,logistic,logistic,logistic,logistic,logistic,AP2,beijing,Gucheng,origin_week,natural,23400,2015-11-01 00:00:00,2015Q4,beijing_2015-11-01T00:00:00,72,3,168,False,False,False
logistic,logistic,logistic,logistic,logistic,logistic,AP2,beijing,Gucheng,origin_week,natural,23568,2015-11-08 00:00:00,2015Q4,beijing_2015-11-08T00:00:00,72,3,168,False,False,False
logistic,logistic,logistic,logistic,logistic,logistic,AP2,beijing,Gucheng,origin_week,natural,23736,2015-11-15 00:00:00,2015Q4,beijing_2015-11-15T00:00:00,72,3,168,False,False,False
hist_gradient_boosting,hist_gradient_boosting,hist_gradient_boosting,hist_gradient_boosting,hist_gradient_boosting,hist_gradient_boosting,AP2,beijing,Gucheng,origin_week,natural,23904,2015-11-22 00:00:00,2015Q4,beijing_2015-11-22T00:00:00,72,3,168,False,False,False
logistic,logistic,logistic,logistic,logistic,logistic,AP2,beijing,Gucheng,origin_week,natural,24072,2015-11-29 00:00:00,2015Q4,beijing_2015-11-29T00:00:00,72,3,168,False,False,False
logistic,logistic,logistic,logistic,logistic,logistic,AP2,beijing,Gucheng,origin_week,natural,24240,2015-12-06 00:00:00,2015Q4,beijing_2015-12-06T00:00:00,72,3,168,False,False,False
hist_gradient_boosting,hist_gradient_boosting,hist_gradient_boosting,hist_gradient_boosting,hist_gradient_boosting,hist_gradient_boosting,AP2,beijing,Gucheng,origin_week,natural,24408,2015-12-13 00:00:00,2015Q4,beijing_2015-12-13T00:00:00,72,3,168,False,False,False
hist_gradient_boosting,hist_gradient_boosting,hist_gradient_boosting,hist_gradient_boosting,hist_gradient_boosting,hist_gradient_boosting,AP2,beijing,Gucheng,origin_week,natural,24576,2015-12-20 00:00:00,2015Q4,beijing_2015-12-20T00:00:00,72,3,168,False,False,False
logistic,logistic,logistic,logistic,logistic,logistic,AP2,beijing,Gucheng,origin_week,natural,24744,2015-12-27 00:00:00,2015Q4,beijing_2015-12-27T00:00:00,72,3,168,False,False,False
constant,constant,constant,constant,constant,constant,AP2,beijing,Gucheng,origin_week,natural,24912,2016-01-03 00:00:00,2016Q1,beijing_2016-01-03T00:00:00,72,3,168,False,False,False
constant,constant,constant,constant,constant,constant,AP2,beijing,Gucheng,origin_week,natural,25080,2016-01-10 00:00:00,2016Q1,beijing_2016-01-10T00:00:00,72,3,168,False,False,False
hist_gradient_boosting,hist_gradient_boosting,hist_gradient_boosting,hist_gradient_boosting,hist_gradient_boosting,hist_gradient_boosting,AP2,beijing,Gucheng,origin_week,natural,25248,2016-01-17 00:00:00,2016Q1,beijing_2016-01-17T00:00:00,72,3,168,False,False,False
constant,constant,constant,constant,constant,constant,AP2,beijing,Gucheng,origin_week,natural,25416,2016-01-24 00:00:00,2016Q1,beijing_2016-01-24T00:00:00,72,3,168,False,False,False
logistic,logistic,logistic,logistic,logistic,logistic,AP2,beijing,Gucheng,origin_week,natural,25584,2016-01-31 00:00:00,2016Q1,beijing_2016-01-31T00:00:00,72,3,168,False,False,False
logistic,logistic,logistic,logistic,logistic,logistic,AP2,beijing,Gucheng,origin_week,natural,25752,2016-02-07 00:00:00,2016Q1,beijing_2016-02-07T00:00:00,72,3,168,False,False,False
logistic,logistic,logistic,logistic,logistic,logistic,AP2,beijing,Gucheng,origin_week,natural,25920,2016-02-14 00:00:00,2016Q1,beijing_2016-02-14T00:00:00,72,3,168,False,False,False
hist_gradient_boosting,hist_gradient_boosting,hist_gradient_boosting,hist_gradient_boosting,hist_gradient_boosting,hist_gradient_boosting,AP2,beijing,Gucheng,origin_week,natural,26088,2016-02-21 00:00:00,2016Q1,beijing_2016-02-21T00:00:00,72,3,145,False,False,False
hist_gradient_boosting,hist_gradient_boosting,hist_gradient_boosting,hist_gradient_boosting,hist_gradient_boosting,hist_gradient_boosting,AP2,beijing,Gucheng,artificial,iid_10,25140,2016-01-12 12:00:00,2016Q1,beijing_2016-01-12T12:00:00,72,3,456,False,False,False
constant,constant,constant,constant,constant,constant,AP2,beijing,Gucheng,artificial,iid_30,25140,2016-01-12 12:00:00,2016Q1,beijing_2016-01-12T12:00:00,72,3,456,False,False,False
hist_gradient_boosting,hist_gradient_boosting,hist_gradient_boosting,hist_gradient_boosting,hist_gradient_boosting,hist_gradient_boosting,AP2,beijing,Gucheng,artificial,blocks_10,25140,2016-01-12 12:00:00,2016Q1,beijing_2016-01-12T12:00:00,72,3,456,False,False,False
hist_gradient_boosting;logistic,,hist_gradient_boosting;logistic,,hist_gradient_boosting;logistic,,AP2,beijing,Huairou,annual,natural,17520,2015-03-01 00:00:00,2015Q1,beijing_2015-03-01T00:00:00,24,3,8761,False,False,False
logistic,logistic,logistic,logistic,logistic,logistic,AP2,beijing,Huairou,origin_week,natural,17520,2015-03-01 00:00:00,2015Q1,beijing_2015-03-01T00:00:00,24,3,168,False,False,False
hist_gradient_boosting,hist_gradient_boosting,hist_gradient_boosting,hist_gradient_boosting,hist_gradient_boosting,hist_gradient_boosting,AP2,beijing,Huairou,origin_week,natural,17688,2015-03-08 00:00:00,2015Q1,beijing_2015-03-08T00:00:00,24,3,168,False,False,False
hist_gradient_boosting,hist_gradient_boosting,hist_gradient_boosting,hist_gradient_boosting,hist_gradient_boosting,hist_gradient_boosting,AP2,beijing,Huairou,origin_week,natural,17856,2015-03-15 00:00:00,2015Q1,beijing_2015-03-15T00:00:00,24,3,168,False,False,False
hist_gradient_boosting,hist_gradient_boosting,hist_gradient_boosting,hist_gradient_boosting,hist_gradient_boosting,hist_gradient_boosting,AP2,beijing,Huairou,origin_week,natural,18024,2015-03-22 00:00:00,2015Q1,beijing_2015-03-22T00:00:00,24,3,168,False,False,False
logistic,logistic,logistic,logistic,logistic,logistic,AP2,beijing,Huairou,origin_week,natural,18192,2015-03-29 00:00:00,2015Q1,beijing_2015-03-29T00:00:00,24,3,168,False,False,False
logistic,logistic,logistic,logistic,logistic,logistic,AP2,beijing,Huairou,origin_week,natural,18360,2015-04-05 00:00:00,2015Q2,beijing_2015-04-05T00:00:00,24,3,168,False,False,False
logistic,logistic,logistic,logistic,logistic,logistic,AP2,beijing,Huairou,origin_week,natural,18528,2015-04-12 00:00:00,2015Q2,beijing_2015-04-12T00:00:00,24,3,168,False,False,False
constant;hist_gradient_boosting;logistic,,constant;hist_gradient_boosting;logistic,,constant;hist_gradient_boosting;logistic,,AP2,beijing,Huairou,origin_week,natural,18696,2015-04-19 00:00:00,2015Q2,beijing_2015-04-19T00:00:00,24,3,168,False,False,False
hist_gradient_boosting,hist_gradient_boosting,hist_gradient_boosting,hist_gradient_boosting,hist_gradient_boosting,hist_gradient_boosting,AP2,beijing,Huairou,origin_week,natural,18864,2015-04-26 00:00:00,2015Q2,beijing_2015-04-26T00:00:00,24,3,168,False,False,False
logistic,logistic,logistic,logistic,logistic,logistic,AP2,beijing,Huairou,origin_week,natural,19032,2015-05-03 00:00:00,2015Q2,beijing_2015-05-03T00:00:00,24,3,168,False,False,False
logistic,logistic,logistic,logistic,logistic,logistic,AP2,beijing,Huairou,origin_week,natural,19200,2015-05-10 00:00:00,2015Q2,beijing_2015-05-10T00:00:00,24,3,168,False,False,False
hist_gradient_boosting,hist_gradient_boosting,hist_gradient_boosting,hist_gradient_boosting,hist_gradient_boosting,hist_gradient_boosting,AP2,beijing,Huairou,origin_week,natural,19368,2015-05-17 00:00:00,2015Q2,beijing_2015-05-17T00:00:00,24,3,168,False,False,False
hist_gradient_boosting,hist_gradient_boosting,hist_gradient_boosting,hist_gradient_boosting,hist_gradient_boosting,hist_gradient_boosting,AP2,beijing,Huairou,origin_week,natural,19536,2015-05-24 00:00:00,2015Q2,beijing_2015-05-24T00:00:00,24,3,168,False,False,False
logistic,logistic,logistic,logistic,logistic,logistic,AP2,beijing,Huairou,origin_week,natural,19704,2015-05-31 00:00:00,2015Q2,beijing_2015-05-31T00:00:00,24,3,168,False,False,False
logistic,logistic,logistic,logistic,logistic,logistic,AP2,beijing,Huairou,origin_week,natural,19872,2015-06-07 00:00:00,2015Q2,beijing_2015-06-07T00:00:00,24,3,168,False,False,False
hist_gradient_boosting,hist_gradient_boosting,hist_gradient_boosting,hist_gradient_boosting,hist_gradient_boosting,hist_gradient_boosting,AP2,beijing,Huairou,origin_week,natural,20040,2015-06-14 00:00:00,2015Q2,beijing_2015-06-14T00:00:00,24,3,168,False,False,False
hist_gradient_boosting,hist_gradient_boosting,hist_gradient_boosting,hist_gradient_boosting,hist_gradient_boosting,hist_gradient_boosting,AP2,beijing,Huairou,origin_week,natural,20208,2015-06-21 00:00:00,2015Q2,beijing_2015-06-21T00:00:00,24,3,168,False,False,False
hist_gradient_boosting,hist_gradient_boosting,hist_gradient_boosting,hist_gradient_boosting,hist_gradient_boosting,hist_gradient_boosting,AP2,beijing,Huairou,origin_week,natural,20376,2015-06-28 00:00:00,2015Q2,beijing_2015-06-28T00:00:00,24,3,168,False,False,False
hist_gradient_boosting,hist_gradient_boosting,hist_gradient_boosting,hist_gradient_boosting,hist_gradient_boosting,hist_gradient_boosting,AP2,beijing,Huairou,origin_week,natural,20544,2015-07-05 00:00:00,2015Q3,beijing_2015-07-05T00:00:00,24,3,168,False,False,False
logistic,logistic,logistic,logistic,logistic,logistic,AP2,beijing,Huairou,origin_week,natural,20712,2015-07-12 00:00:00,2015Q3,beijing_2015-07-12T00:00:00,24,3,168,False,False,False
constant,constant,constant,constant,constant,constant,AP2,beijing,Huairou,origin_week,natural,20880,2015-07-19 00:00:00,2015Q3,beijing_2015-07-19T00:00:00,24,3,168,False,False,False
logistic,logistic,logistic,logistic,logistic,logistic,AP2,beijing,Huairou,origin_week,natural,21048,2015-07-26 00:00:00,2015Q3,beijing_2015-07-26T00:00:00,24,3,168,False,False,False
hist_gradient_boosting;logistic,,hist_gradient_boosting;logistic,,hist_gradient_boosting;logistic,,AP2,beijing,Huairou,origin_week,natural,21216,2015-08-02 00:00:00,2015Q3,beijing_2015-08-02T00:00:00,24,3,168,False,False,False
logistic,logistic,logistic,logistic,logistic,logistic,AP2,beijing,Huairou,origin_week,natural,21384,2015-08-09 00:00:00,2015Q3,beijing_2015-08-09T00:00:00,24,3,168,False,False,False
hist_gradient_boosting,hist_gradient_boosting,hist_gradient_boosting,hist_gradient_boosting,hist_gradient_boosting,hist_gradient_boosting,AP2,beijing,Huairou,origin_week,natural,21552,2015-08-16 00:00:00,2015Q3,beijing_2015-08-16T00:00:00,24,3,168,False,False,False
hist_gradient_boosting,hist_gradient_boosting,hist_gradient_boosting,hist_gradient_boosting,hist_gradient_boosting,hist_gradient_boosting,AP2,beijing,Huairou,origin_week,natural,21720,2015-08-23 00:00:00,2015Q3,beijing_2015-08-23T00:00:00,24,3,168,False,False,False
hist_gradient_boosting,hist_gradient_boosting,hist_gradient_boosting,hist_gradient_boosting,hist_gradient_boosting,hist_gradient_boosting,AP2,beijing,Huairou,origin_week,natural,21888,2015-08-30 00:00:00,2015Q3,beijing_2015-08-30T00:00:00,24,3,168,False,False,False
logistic,logistic,logistic,logistic,logistic,logistic,AP2,beijing,Huairou,origin_week,natural,22056,2015-09-06 00:00:00,2015Q3,beijing_2015-09-06T00:00:00,24,3,168,False,False,False
logistic,logistic,logistic,logistic,logistic,logistic,AP2,beijing,Huairou,origin_week,natural,22224,2015-09-13 00:00:00,2015Q3,beijing_2015-09-13T00:00:00,24,3,168,False,False,False
hist_gradient_boosting,hist_gradient_boosting,hist_gradient_boosting,hist_gradient_boosting,hist_gradient_boosting,hist_gradient_boosting,AP2,beijing,Huairou,origin_week,natural,22392,2015-09-20 00:00:00,2015Q3,beijing_2015-09-20T00:00:00,24,3,168,False,False,False
logistic,logistic,logistic,logistic,logistic,logistic,AP2,beijing,Huairou,origin_week,natural,22560,2015-09-27 00:00:00,2015Q3,beijing_2015-09-27T00:00:00,24,3,168,False,False,False
hist_gradient_boosting;logistic,,logistic,logistic,logistic,logistic,AP2,beijing,Huairou,origin_week,natural,22728,2015-10-04 00:00:00,2015Q4,beijing_2015-10-04T00:00:00,24,3,168,True,True,False
hist_gradient_boosting,hist_gradient_boosting,hist_gradient_boosting,hist_gradient_boosting,hist_gradient_boosting,hist_gradient_boosting,AP2,beijing,Huairou,origin_week,natural,22896,2015-10-11 00:00:00,2015Q4,beijing_2015-10-11T00:00:00,24,3,168,False,False,False
hist_gradient_boosting,hist_gradient_boosting,hist_gradient_boosting,hist_gradient_boosting,hist_gradient_boosting,hist_gradient_boosting,AP2,beijing,Huairou,origin_week,natural,23064,2015-10-18 00:00:00,2015Q4,beijing_2015-10-18T00:00:00,24,3,168,False,False,False
logistic,logistic,logistic,logistic,logistic,logistic,AP2,beijing,Huairou,origin_week,natural,23232,2015-10-25 00:00:00,2015Q4,beijing_2015-10-25T00:00:00,24,3,168,False,False,False
logistic,logistic,logistic,logistic,logistic,logistic,AP2,beijing,Huairou,origin_week,natural,23400,2015-11-01 00:00:00,2015Q4,beijing_2015-11-01T00:00:00,24,3,168,False,False,False
hist_gradient_boosting,hist_gradient_boosting,hist_gradient_boosting,hist_gradient_boosting,hist_gradient_boosting,hist_gradient_boosting,AP2,beijing,Huairou,origin_week,natural,23568,2015-11-08 00:00:00,2015Q4,beijing_2015-11-08T00:00:00,24,3,168,False,False,False
hist_gradient_boosting,hist_gradient_boosting,hist_gradient_boosting,hist_gradient_boosting,hist_gradient_boosting,hist_gradient_boosting,AP2,beijing,Huairou,origin_week,natural,23736,2015-11-15 00:00:00,2015Q4,beijing_2015-11-15T00:00:00,24,3,168,False,False,False
logistic,logistic,logistic,logistic,logistic,logistic,AP2,beijing,Huairou,origin_week,natural,23904,2015-11-22 00:00:00,2015Q4,beijing_2015-11-22T00:00:00,24,3,168,False,False,False
hist_gradient_boosting,hist_gradient_boosting,hist_gradient_boosting,hist_gradient_boosting,hist_gradient_boosting,hist_gradient_boosting,AP2,beijing,Huairou,origin_week,natural,24072,2015-11-29 00:00:00,2015Q4,beijing_2015-11-29T00:00:00,24,3,168,False,False,False
logistic,logistic,logistic,logistic,logistic,logistic,AP2,beijing,Huairou,origin_week,natural,24240,2015-12-06 00:00:00,2015Q4,beijing_2015-12-06T00:00:00,24,3,168,False,False,False
hist_gradient_boosting;logistic,,hist_gradient_boosting;logistic,,hist_gradient_boosting;logistic,,AP2,beijing,Huairou,origin_week,natural,24408,2015-12-13 00:00:00,2015Q4,beijing_2015-12-13T00:00:00,24,3,168,False,False,False
hist_gradient_boosting,hist_gradient_boosting,hist_gradient_boosting,hist_gradient_boosting,hist_gradient_boosting,hist_gradient_boosting,AP2,beijing,Huairou,origin_week,natural,24576,2015-12-20 00:00:00,2015Q4,beijing_2015-12-20T00:00:00,24,3,168,False,False,False
constant,constant,constant,constant,constant,constant,AP2,beijing,Huairou,origin_week,natural,24744,2015-12-27 00:00:00,2015Q4,beijing_2015-12-27T00:00:00,24,3,168,False,False,False
logistic,logistic,logistic,logistic,logistic,logistic,AP2,beijing,Huairou,origin_week,natural,24912,2016-01-03 00:00:00,2016Q1,beijing_2016-01-03T00:00:00,24,3,168,False,False,False
hist_gradient_boosting,hist_gradient_boosting,hist_gradient_boosting,hist_gradient_boosting,hist_gradient_boosting,hist_gradient_boosting,AP2,beijing,Huairou,origin_week,natural,25080,2016-01-10 00:00:00,2016Q1,beijing_2016-01-10T00:00:00,24,3,168,False,False,False
logistic,logistic,logistic,logistic,logistic,logistic,AP2,beijing,Huairou,origin_week,natural,25248,2016-01-17 00:00:00,2016Q1,beijing_2016-01-17T00:00:00,24,3,168,False,False,False
hist_gradient_boosting,hist_gradient_boosting,hist_gradient_boosting,hist_gradient_boosting,hist_gradient_boosting,hist_gradient_boosting,AP2,beijing,Huairou,origin_week,natural,25416,2016-01-24 00:00:00,2016Q1,beijing_2016-01-24T00:00:00,24,3,168,False,False,False
hist_gradient_boosting,hist_gradient_boosting,hist_gradient_boosting,hist_gradient_boosting,hist_gradient_boosting,hist_gradient_boosting,AP2,beijing,Huairou,origin_week,natural,25584,2016-01-31 00:00:00,2016Q1,beijing_2016-01-31T00:00:00,24,3,168,False,False,False
hist_gradient_boosting,hist_gradient_boosting,hist_gradient_boosting,hist_gradient_boosting,hist_gradient_boosting,hist_gradient_boosting,AP2,beijing,Huairou,origin_week,natural,25752,2016-02-07 00:00:00,2016Q1,beijing_2016-02-07T00:00:00,24,3,168,False,False,False
hist_gradient_boosting,hist_gradient_boosting,hist_gradient_boosting,hist_gradient_boosting,hist_gradient_boosting,hist_gradient_boosting,AP2,beijing,Huairou,origin_week,natural,25920,2016-02-14 00:00:00,2016Q1,beijing_2016-02-14T00:00:00,24,3,168,False,False,False
hist_gradient_boosting;logistic,,hist_gradient_boosting;logistic,,hist_gradient_boosting;logistic,,AP2,beijing,Huairou,origin_week,natural,26088,2016-02-21 00:00:00,2016Q1,beijing_2016-02-21T00:00:00,24,3,168,False,False,False
hist_gradient_boosting,hist_gradient_boosting,hist_gradient_boosting,hist_gradient_boosting,hist_gradient_boosting,hist_gradient_boosting,AP2,beijing,Huairou,origin_week,natural,26256,2016-02-28 00:00:00,2016Q1,beijing_2016-02-28T00:00:00,24,3,25,False,False,False
hist_gradient_boosting,hist_gradient_boosting,hist_gradient_boosting,hist_gradient_boosting,hist_gradient_boosting,hist_gradient_boosting,AP2,beijing,Huairou,artificial,iid_10,20170,2015-06-19 10:00:00,2015Q2,beijing_2015-06-19T10:00:00,24,3,540,False,False,False
hist_gradient_boosting;logistic,,hist_gradient_boosting;logistic,,hist_gradient_boosting;logistic,,AP2,beijing,Huairou,artificial,iid_30,20170,2015-06-19 10:00:00,2015Q2,beijing_2015-06-19T10:00:00,24,3,540,False,False,False
hist_gradient_boosting;logistic,,hist_gradient_boosting,hist_gradient_boosting,hist_gradient_boosting,hist_gradient_boosting,AP2,beijing,Huairou,artificial,blocks_10,20170,2015-06-19 10:00:00,2015Q2,beijing_2015-06-19T10:00:00,24,3,540,True,True,False
logistic,logistic,logistic,logistic,logistic,logistic,AP2,beijing,Huairou,annual,natural,17520,2015-03-01 00:00:00,2015Q1,beijing_2015-03-01T00:00:00,72,3,8713,False,False,False
hist_gradient_boosting,hist_gradient_boosting,hist_gradient_boosting,hist_gradient_boosting,hist_gradient_boosting,hist_gradient_boosting,AP2,beijing,Huairou,origin_week,natural,17520,2015-03-01 00:00:00,2015Q1,beijing_2015-03-01T00:00:00,72,3,168,False,False,False
constant,constant,constant,constant,constant,constant,AP2,beijing,Huairou,origin_week,natural,17688,2015-03-08 00:00:00,2015Q1,beijing_2015-03-08T00:00:00,72,3,168,False,False,False
logistic,logistic,logistic,logistic,logistic,logistic,AP2,beijing,Huairou,origin_week,natural,17856,2015-03-15 00:00:00,2015Q1,beijing_2015-03-15T00:00:00,72,3,168,False,False,False
constant,constant,constant,constant,constant,constant,AP2,beijing,Huairou,origin_week,natural,18024,2015-03-22 00:00:00,2015Q1,beijing_2015-03-22T00:00:00,72,3,168,False,False,False
logistic,logistic,logistic,logistic,logistic,logistic,AP2,beijing,Huairou,origin_week,natural,18192,2015-03-29 00:00:00,2015Q1,beijing_2015-03-29T00:00:00,72,3,168,False,False,False
constant,constant,constant,constant,constant,constant,AP2,beijing,Huairou,origin_week,natural,18360,2015-04-05 00:00:00,2015Q2,beijing_2015-04-05T00:00:00,72,3,168,False,False,False
logistic,logistic,logistic,logistic,logistic,logistic,AP2,beijing,Huairou,origin_week,natural,18528,2015-04-12 00:00:00,2015Q2,beijing_2015-04-12T00:00:00,72,3,168,False,False,False
constant;hist_gradient_boosting;logistic,,constant;hist_gradient_boosting;logistic,,constant;hist_gradient_boosting;logistic,,AP2,beijing,Huairou,origin_week,natural,18696,2015-04-19 00:00:00,2015Q2,beijing_2015-04-19T00:00:00,72,3,168,False,False,False
hist_gradient_boosting,hist_gradient_boosting,hist_gradient_boosting,hist_gradient_boosting,hist_gradient_boosting,hist_gradient_boosting,AP2,beijing,Huairou,origin_week,natural,18864,2015-04-26 00:00:00,2015Q2,beijing_2015-04-26T00:00:00,72,3,168,False,False,False
logistic,logistic,logistic,logistic,logistic,logistic,AP2,beijing,Huairou,origin_week,natural,19032,2015-05-03 00:00:00,2015Q2,beijing_2015-05-03T00:00:00,72,3,168,False,False,False
constant,constant,constant,constant,constant,constant,AP2,beijing,Huairou,origin_week,natural,19200,2015-05-10 00:00:00,2015Q2,beijing_2015-05-10T00:00:00,72,3,168,False,False,False
hist_gradient_boosting,hist_gradient_boosting,hist_gradient_boosting,hist_gradient_boosting,hist_gradient_boosting,hist_gradient_boosting,AP2,beijing,Huairou,origin_week,natural,19368,2015-05-17 00:00:00,2015Q2,beijing_2015-05-17T00:00:00,72,3,168,False,False,False
constant,constant,constant,constant,constant,constant,AP2,beijing,Huairou,origin_week,natural,19536,2015-05-24 00:00:00,2015Q2,beijing_2015-05-24T00:00:00,72,3,168,False,False,False
logistic,logistic,logistic,logistic,logistic,logistic,AP2,beijing,Huairou,origin_week,natural,19704,2015-05-31 00:00:00,2015Q2,beijing_2015-05-31T00:00:00,72,3,168,False,False,False
logistic,logistic,logistic,logistic,logistic,logistic,AP2,beijing,Huairou,origin_week,natural,19872,2015-06-07 00:00:00,2015Q2,beijing_2015-06-07T00:00:00,72,3,168,False,False,False
logistic,logistic,logistic,logistic,logistic,logistic,AP2,beijing,Huairou,origin_week,natural,20040,2015-06-14 00:00:00,2015Q2,beijing_2015-06-14T00:00:00,72,3,168,False,False,False
constant,constant,constant,constant,constant,constant,AP2,beijing,Huairou,origin_week,natural,20208,2015-06-21 00:00:00,2015Q2,beijing_2015-06-21T00:00:00,72,3,168,False,False,False
logistic,logistic,logistic,logistic,logistic,logistic,AP2,beijing,Huairou,origin_week,natural,20376,2015-06-28 00:00:00,2015Q2,beijing_2015-06-28T00:00:00,72,3,168,False,False,False
constant,constant,constant,constant,constant,constant,AP2,beijing,Huairou,origin_week,natural,20544,2015-07-05 00:00:00,2015Q3,beijing_2015-07-05T00:00:00,72,3,168,False,False,False
logistic,logistic,logistic,logistic,logistic,logistic,AP2,beijing,Huairou,origin_week,natural,20712,2015-07-12 00:00:00,2015Q3,beijing_2015-07-12T00:00:00,72,3,168,False,False,False
constant,constant,constant,constant,constant,constant,AP2,beijing,Huairou,origin_week,natural,20880,2015-07-19 00:00:00,2015Q3,beijing_2015-07-19T00:00:00,72,3,168,False,False,False
logistic,logistic,logistic,logistic,logistic,logistic,AP2,beijing,Huairou,origin_week,natural,21048,2015-07-26 00:00:00,2015Q3,beijing_2015-07-26T00:00:00,72,3,168,False,False,False
constant,constant,constant,constant,constant,constant,AP2,beijing,Huairou,origin_week,natural,21216,2015-08-02 00:00:00,2015Q3,beijing_2015-08-02T00:00:00,72,3,168,False,False,False
constant,constant,constant,constant,constant,constant,AP2,beijing,Huairou,origin_week,natural,21384,2015-08-09 00:00:00,2015Q3,beijing_2015-08-09T00:00:00,72,3,168,False,False,False
logistic,logistic,logistic,logistic,logistic,logistic,AP2,beijing,Huairou,origin_week,natural,21552,2015-08-16 00:00:00,2015Q3,beijing_2015-08-16T00:00:00,72,3,168,False,False,False
logistic,logistic,logistic,logistic,logistic,logistic,AP2,beijing,Huairou,origin_week,natural,21720,2015-08-23 00:00:00,2015Q3,beijing_2015-08-23T00:00:00,72,3,168,False,False,False
logistic,logistic,logistic,logistic,logistic,logistic,AP2,beijing,Huairou,origin_week,natural,21888,2015-08-30 00:00:00,2015Q3,beijing_2015-08-30T00:00:00,72,3,168,False,False,False
logistic,logistic,logistic,logistic,logistic,logistic,AP2,beijing,Huairou,origin_week,natural,22056,2015-09-06 00:00:00,2015Q3,beijing_2015-09-06T00:00:00,72,3,168,False,False,False
constant,constant,constant,constant,constant,constant,AP2,beijing,Huairou,origin_week,natural,22224,2015-09-13 00:00:00,2015Q3,beijing_2015-09-13T00:00:00,72,3,168,False,False,False
hist_gradient_boosting,hist_gradient_boosting,hist_gradient_boosting,hist_gradient_boosting,hist_gradient_boosting,hist_gradient_boosting,AP2,beijing,Huairou,origin_week,natural,22392,2015-09-20 00:00:00,2015Q3,beijing_2015-09-20T00:00:00,72,3,168,False,False,False
logistic,logistic,logistic,logistic,logistic,logistic,AP2,beijing,Huairou,origin_week,natural,22560,2015-09-27 00:00:00,2015Q3,beijing_2015-09-27T00:00:00,72,3,168,False,False,False
logistic,logistic,logistic,logistic,logistic,logistic,AP2,beijing,Huairou,origin_week,natural,22728,2015-10-04 00:00:00,2015Q4,beijing_2015-10-04T00:00:00,72,3,168,False,False,False
logistic,logistic,logistic,logistic,logistic,logistic,AP2,beijing,Huairou,origin_week,natural,22896,2015-10-11 00:00:00,2015Q4,beijing_2015-10-11T00:00:00,72,3,168,False,False,False
constant,constant,constant,constant,constant,constant,AP2,beijing,Huairou,origin_week,natural,23064,2015-10-18 00:00:00,2015Q4,beijing_2015-10-18T00:00:00,72,3,168,False,False,False
logistic,logistic,logistic,logistic,logistic,logistic,AP2,beijing,Huairou,origin_week,natural,23232,2015-10-25 00:00:00,2015Q4,beijing_2015-10-25T00:00:00,72,3,168,False,False,False
logistic,logistic,logistic,logistic,logistic,logistic,AP2,beijing,Huairou,origin_week,natural,23400,2015-11-01 00:00:00,2015Q4,beijing_2015-11-01T00:00:00,72,3,168,False,False,False
hist_gradient_boosting,hist_gradient_boosting,hist_gradient_boosting,hist_gradient_boosting,hist_gradient_boosting,hist_gradient_boosting,AP2,beijing,Huairou,origin_week,natural,23568,2015-11-08 00:00:00,2015Q4,beijing_2015-11-08T00:00:00,72,3,168,False,False,False
constant,constant,constant,constant,constant,constant,AP2,beijing,Huairou,origin_week,natural,23736,2015-11-15 00:00:00,2015Q4,beijing_2015-11-15T00:00:00,72,3,168,False,False,False
logistic,logistic,logistic,logistic,logistic,logistic,AP2,beijing,Huairou,origin_week,natural,23904,2015-11-22 00:00:00,2015Q4,beijing_2015-11-22T00:00:00,72,3,168,False,False,False
hist_gradient_boosting,hist_gradient_boosting,hist_gradient_boosting,hist_gradient_boosting,hist_gradient_boosting,hist_gradient_boosting,AP2,beijing,Huairou,origin_week,natural,24072,2015-11-29 00:00:00,2015Q4,beijing_2015-11-29T00:00:00,72,3,168,False,False,False
hist_gradient_boosting,hist_gradient_boosting,hist_gradient_boosting,hist_gradient_boosting,hist_gradient_boosting,hist_gradient_boosting,AP2,beijing,Huairou,origin_week,natural,24240,2015-12-06 00:00:00,2015Q4,beijing_2015-12-06T00:00:00,72,3,168,False,False,False
constant;hist_gradient_boosting,,constant;hist_gradient_boosting,,constant;hist_gradient_boosting,,AP2,beijing,Huairou,origin_week,natural,24408,2015-12-13 00:00:00,2015Q4,beijing_2015-12-13T00:00:00,72,3,168,False,False,False
hist_gradient_boosting,hist_gradient_boosting,hist_gradient_boosting,hist_gradient_boosting,hist_gradient_boosting,hist_gradient_boosting,AP2,beijing,Huairou,origin_week,natural,24576,2015-12-20 00:00:00,2015Q4,beijing_2015-12-20T00:00:00,72,3,168,False,False,False
constant,constant,constant,constant,constant,constant,AP2,beijing,Huairou,origin_week,natural,24744,2015-12-27 00:00:00,2015Q4,beijing_2015-12-27T00:00:00,72,3,168,False,False,False
logistic,logistic,logistic,logistic,logistic,logistic,AP2,beijing,Huairou,origin_week,natural,24912,2016-01-03 00:00:00,2016Q1,beijing_2016-01-03T00:00:00,72,3,168,False,False,False
logistic,logistic,logistic,logistic,logistic,logistic,AP2,beijing,Huairou,origin_week,natural,25080,2016-01-10 00:00:00,2016Q1,beijing_2016-01-10T00:00:00,72,3,168,False,False,False
hist_gradient_boosting,hist_gradient_boosting,hist_gradient_boosting,hist_gradient_boosting,hist_gradient_boosting,hist_gradient_boosting,AP2,beijing,Huairou,origin_week,natural,25248,2016-01-17 00:00:00,2016Q1,beijing_2016-01-17T00:00:00,72,3,168,False,False,False
hist_gradient_boosting,hist_gradient_boosting,hist_gradient_boosting,hist_gradient_boosting,hist_gradient_boosting,hist_gradient_boosting,AP2,beijing,Huairou,origin_week,natural,25416,2016-01-24 00:00:00,2016Q1,beijing_2016-01-24T00:00:00,72,3,168,False,False,False
logistic,logistic,logistic,logistic,logistic,logistic,AP2,beijing,Huairou,origin_week,natural,25584,2016-01-31 00:00:00,2016Q1,beijing_2016-01-31T00:00:00,72,3,168,False,False,False
logistic,logistic,logistic,logistic,logistic,logistic,AP2,beijing,Huairou,origin_week,natural,25752,2016-02-07 00:00:00,2016Q1,beijing_2016-02-07T00:00:00,72,3,168,False,False,False
logistic,logistic,logistic,logistic,logistic,logistic,AP2,beijing,Huairou,origin_week,natural,25920,2016-02-14 00:00:00,2016Q1,beijing_2016-02-14T00:00:00,72,3,168,False,False,False
constant;hist_gradient_boosting;logistic,,constant;hist_gradient_boosting;logistic,,constant;hist_gradient_boosting;logistic,,AP2,beijing,Huairou,origin_week,natural,26088,2016-02-21 00:00:00,2016Q1,beijing_2016-02-21T00:00:00,72,3,145,False,False,False
logistic,logistic,logistic,logistic,logistic,logistic,AP2,beijing,Huairou,artificial,iid_10,20170,2015-06-19 10:00:00,2015Q2,beijing_2015-06-19T10:00:00,72,3,492,False,False,False
constant;hist_gradient_boosting;logistic,,constant;hist_gradient_boosting;logistic,,constant;hist_gradient_boosting;logistic,,AP2,beijing,Huairou,artificial,iid_30,20170,2015-06-19 10:00:00,2015Q2,beijing_2015-06-19T10:00:00,72,3,492,False,False,False
logistic,logistic,logistic,logistic,logistic,logistic,AP2,beijing,Huairou,artificial,blocks_10,20170,2015-06-19 10:00:00,2015Q2,beijing_2015-06-19T10:00:00,72,3,492,False,False,False
hist_gradient_boosting,hist_gradient_boosting,hist_gradient_boosting,hist_gradient_boosting,hist_gradient_boosting,hist_gradient_boosting,AP2,beijing,Nongzhanguan,annual,natural,17520,2015-03-01 00:00:00,2015Q1,beijing_2015-03-01T00:00:00,24,3,8761,False,False,False
logistic,logistic,logistic,logistic,logistic,logistic,AP2,beijing,Nongzhanguan,origin_week,natural,17520,2015-03-01 00:00:00,2015Q1,beijing_2015-03-01T00:00:00,24,3,168,False,False,False
logistic,logistic,logistic,logistic,logistic,logistic,AP2,beijing,Nongzhanguan,origin_week,natural,17688,2015-03-08 00:00:00,2015Q1,beijing_2015-03-08T00:00:00,24,3,168,False,False,False
logistic,logistic,logistic,logistic,logistic,logistic,AP2,beijing,Nongzhanguan,origin_week,natural,17856,2015-03-15 00:00:00,2015Q1,beijing_2015-03-15T00:00:00,24,3,168,False,False,False
hist_gradient_boosting,hist_gradient_boosting,hist_gradient_boosting,hist_gradient_boosting,hist_gradient_boosting,hist_gradient_boosting,AP2,beijing,Nongzhanguan,origin_week,natural,18024,2015-03-22 00:00:00,2015Q1,beijing_2015-03-22T00:00:00,24,3,168,False,False,False
logistic,logistic,logistic,logistic,logistic,logistic,AP2,beijing,Nongzhanguan,origin_week,natural,18192,2015-03-29 00:00:00,2015Q1,beijing_2015-03-29T00:00:00,24,3,168,False,False,False
hist_gradient_boosting,hist_gradient_boosting,hist_gradient_boosting,hist_gradient_boosting,hist_gradient_boosting,hist_gradient_boosting,AP2,beijing,Nongzhanguan,origin_week,natural,18360,2015-04-05 00:00:00,2015Q2,beijing_2015-04-05T00:00:00,24,3,168,False,False,False
hist_gradient_boosting;logistic,,hist_gradient_boosting;logistic,,hist_gradient_boosting;logistic,,AP2,beijing,Nongzhanguan,origin_week,natural,18528,2015-04-12 00:00:00,2015Q2,beijing_2015-04-12T00:00:00,24,3,168,False,False,False
hist_gradient_boosting,hist_gradient_boosting,hist_gradient_boosting,hist_gradient_boosting,hist_gradient_boosting,hist_gradient_boosting,AP2,beijing,Nongzhanguan,origin_week,natural,18696,2015-04-19 00:00:00,2015Q2,beijing_2015-04-19T00:00:00,24,3,168,False,False,False
logistic,logistic,logistic,logistic,logistic,logistic,AP2,beijing,Nongzhanguan,origin_week,natural,18864,2015-04-26 00:00:00,2015Q2,beijing_2015-04-26T00:00:00,24,3,168,False,False,False
hist_gradient_boosting,hist_gradient_boosting,hist_gradient_boosting,hist_gradient_boosting,hist_gradient_boosting,hist_gradient_boosting,AP2,beijing,Nongzhanguan,origin_week,natural,19032,2015-05-03 00:00:00,2015Q2,beijing_2015-05-03T00:00:00,24,3,168,False,False,False
logistic,logistic,logistic,logistic,logistic,logistic,AP2,beijing,Nongzhanguan,origin_week,natural,19200,2015-05-10 00:00:00,2015Q2,beijing_2015-05-10T00:00:00,24,3,168,False,False,False
constant;hist_gradient_boosting,,constant;hist_gradient_boosting,,constant;hist_gradient_boosting,,AP2,beijing,Nongzhanguan,origin_week,natural,19368,2015-05-17 00:00:00,2015Q2,beijing_2015-05-17T00:00:00,24,3,168,False,False,False
hist_gradient_boosting,hist_gradient_boosting,hist_gradient_boosting,hist_gradient_boosting,hist_gradient_boosting,hist_gradient_boosting,AP2,beijing,Nongzhanguan,origin_week,natural,19536,2015-05-24 00:00:00,2015Q2,beijing_2015-05-24T00:00:00,24,3,168,False,False,False
hist_gradient_boosting,hist_gradient_boosting,hist_gradient_boosting,hist_gradient_boosting,hist_gradient_boosting,hist_gradient_boosting,AP2,beijing,Nongzhanguan,origin_week,natural,19704,2015-05-31 00:00:00,2015Q2,beijing_2015-05-31T00:00:00,24,3,168,False,False,False
hist_gradient_boosting,hist_gradient_boosting,hist_gradient_boosting,hist_gradient_boosting,hist_gradient_boosting,hist_gradient_boosting,AP2,beijing,Nongzhanguan,origin_week,natural,19872,2015-06-07 00:00:00,2015Q2,beijing_2015-06-07T00:00:00,24,3,168,False,False,False
hist_gradient_boosting,hist_gradient_boosting,hist_gradient_boosting,hist_gradient_boosting,hist_gradient_boosting,hist_gradient_boosting,AP2,beijing,Nongzhanguan,origin_week,natural,20040,2015-06-14 00:00:00,2015Q2,beijing_2015-06-14T00:00:00,24,3,168,False,False,False
hist_gradient_boosting,hist_gradient_boosting,hist_gradient_boosting,hist_gradient_boosting,hist_gradient_boosting,hist_gradient_boosting,AP2,beijing,Nongzhanguan,origin_week,natural,20208,2015-06-21 00:00:00,2015Q2,beijing_2015-06-21T00:00:00,24,3,168,False,False,False
hist_gradient_boosting,hist_gradient_boosting,hist_gradient_boosting,hist_gradient_boosting,hist_gradient_boosting,hist_gradient_boosting,AP2,beijing,Nongzhanguan,origin_week,natural,20376,2015-06-28 00:00:00,2015Q2,beijing_2015-06-28T00:00:00,24,3,168,False,False,False
hist_gradient_boosting,hist_gradient_boosting,hist_gradient_boosting,hist_gradient_boosting,hist_gradient_boosting,hist_gradient_boosting,AP2,beijing,Nongzhanguan,origin_week,natural,20544,2015-07-05 00:00:00,2015Q3,beijing_2015-07-05T00:00:00,24,3,168,False,False,False
hist_gradient_boosting,hist_gradient_boosting,hist_gradient_boosting,hist_gradient_boosting,hist_gradient_boosting,hist_gradient_boosting,AP2,beijing,Nongzhanguan,origin_week,natural,20712,2015-07-12 00:00:00,2015Q3,beijing_2015-07-12T00:00:00,24,3,168,False,False,False
hist_gradient_boosting,hist_gradient_boosting,hist_gradient_boosting,hist_gradient_boosting,hist_gradient_boosting,hist_gradient_boosting,AP2,beijing,Nongzhanguan,origin_week,natural,20880,2015-07-19 00:00:00,2015Q3,beijing_2015-07-19T00:00:00,24,3,168,False,False,False
constant,constant,constant,constant,constant,constant,AP2,beijing,Nongzhanguan,origin_week,natural,21048,2015-07-26 00:00:00,2015Q3,beijing_2015-07-26T00:00:00,24,3,168,False,False,False
constant,constant,constant,constant,constant,constant,AP2,beijing,Nongzhanguan,origin_week,natural,21216,2015-08-02 00:00:00,2015Q3,beijing_2015-08-02T00:00:00,24,3,168,False,False,False
hist_gradient_boosting,hist_gradient_boosting,hist_gradient_boosting,hist_gradient_boosting,hist_gradient_boosting,hist_gradient_boosting,AP2,beijing,Nongzhanguan,origin_week,natural,21384,2015-08-09 00:00:00,2015Q3,beijing_2015-08-09T00:00:00,24,3,168,False,False,False
hist_gradient_boosting,hist_gradient_boosting,hist_gradient_boosting,hist_gradient_boosting,hist_gradient_boosting,hist_gradient_boosting,AP2,beijing,Nongzhanguan,origin_week,natural,21552,2015-08-16 00:00:00,2015Q3,beijing_2015-08-16T00:00:00,24,3,168,False,False,False
hist_gradient_boosting,hist_gradient_boosting,hist_gradient_boosting,hist_gradient_boosting,hist_gradient_boosting,hist_gradient_boosting,AP2,beijing,Nongzhanguan,origin_week,natural,21720,2015-08-23 00:00:00,2015Q3,beijing_2015-08-23T00:00:00,24,3,168,False,False,False
hist_gradient_boosting,hist_gradient_boosting,hist_gradient_boosting,hist_gradient_boosting,hist_gradient_boosting,hist_gradient_boosting,AP2,beijing,Nongzhanguan,origin_week,natural,21888,2015-08-30 00:00:00,2015Q3,beijing_2015-08-30T00:00:00,24,3,168,False,False,False
hist_gradient_boosting,hist_gradient_boosting,hist_gradient_boosting,hist_gradient_boosting,hist_gradient_boosting,hist_gradient_boosting,AP2,beijing,Nongzhanguan,origin_week,natural,22056,2015-09-06 00:00:00,2015Q3,beijing_2015-09-06T00:00:00,24,3,168,False,False,False
logistic,logistic,logistic,logistic,logistic,logistic,AP2,beijing,Nongzhanguan,origin_week,natural,22224,2015-09-13 00:00:00,2015Q3,beijing_2015-09-13T00:00:00,24,3,168,False,False,False
logistic,logistic,logistic,logistic,logistic,logistic,AP2,beijing,Nongzhanguan,origin_week,natural,22392,2015-09-20 00:00:00,2015Q3,beijing_2015-09-20T00:00:00,24,3,168,False,False,False
hist_gradient_boosting,hist_gradient_boosting,hist_gradient_boosting,hist_gradient_boosting,hist_gradient_boosting,hist_gradient_boosting,AP2,beijing,Nongzhanguan,origin_week,natural,22560,2015-09-27 00:00:00,2015Q3,beijing_2015-09-27T00:00:00,24,3,168,False,False,False
hist_gradient_boosting;logistic,,hist_gradient_boosting;logistic,,hist_gradient_boosting;logistic,,AP2,beijing,Nongzhanguan,origin_week,natural,22728,2015-10-04 00:00:00,2015Q4,beijing_2015-10-04T00:00:00,24,3,168,False,False,False
hist_gradient_boosting,hist_gradient_boosting,hist_gradient_boosting,hist_gradient_boosting,hist_gradient_boosting,hist_gradient_boosting,AP2,beijing,Nongzhanguan,origin_week,natural,22896,2015-10-11 00:00:00,2015Q4,beijing_2015-10-11T00:00:00,24,3,168,False,False,False
hist_gradient_boosting,hist_gradient_boosting,hist_gradient_boosting,hist_gradient_boosting,hist_gradient_boosting,hist_gradient_boosting,AP2,beijing,Nongzhanguan,origin_week,natural,23064,2015-10-18 00:00:00,2015Q4,beijing_2015-10-18T00:00:00,24,3,168,False,False,False
hist_gradient_boosting,hist_gradient_boosting,hist_gradient_boosting,hist_gradient_boosting,hist_gradient_boosting,hist_gradient_boosting,AP2,beijing,Nongzhanguan,origin_week,natural,23232,2015-10-25 00:00:00,2015Q4,beijing_2015-10-25T00:00:00,24,3,168,False,False,False
logistic,logistic,logistic,logistic,logistic,logistic,AP2,beijing,Nongzhanguan,origin_week,natural,23400,2015-11-01 00:00:00,2015Q4,beijing_2015-11-01T00:00:00,24,3,168,False,False,False
logistic,logistic,logistic,logistic,logistic,logistic,AP2,beijing,Nongzhanguan,origin_week,natural,23568,2015-11-08 00:00:00,2015Q4,beijing_2015-11-08T00:00:00,24,3,168,False,False,False
hist_gradient_boosting;logistic,,hist_gradient_boosting;logistic,,hist_gradient_boosting;logistic,,AP2,beijing,Nongzhanguan,origin_week,natural,23736,2015-11-15 00:00:00,2015Q4,beijing_2015-11-15T00:00:00,24,3,168,False,False,False
constant;logistic,,constant;logistic,,constant;logistic,,AP2,beijing,Nongzhanguan,origin_week,natural,23904,2015-11-22 00:00:00,2015Q4,beijing_2015-11-22T00:00:00,24,3,168,False,False,False
logistic,logistic,logistic,logistic,logistic,logistic,AP2,beijing,Nongzhanguan,origin_week,natural,24072,2015-11-29 00:00:00,2015Q4,beijing_2015-11-29T00:00:00,24,3,168,False,False,False
logistic,logistic,logistic,logistic,logistic,logistic,AP2,beijing,Nongzhanguan,origin_week,natural,24240,2015-12-06 00:00:00,2015Q4,beijing_2015-12-06T00:00:00,24,3,168,False,False,False
hist_gradient_boosting,hist_gradient_boosting,hist_gradient_boosting,hist_gradient_boosting,hist_gradient_boosting,hist_gradient_boosting,AP2,beijing,Nongzhanguan,origin_week,natural,24408,2015-12-13 00:00:00,2015Q4,beijing_2015-12-13T00:00:00,24,3,168,False,False,False
logistic,logistic,logistic,logistic,logistic,logistic,AP2,beijing,Nongzhanguan,origin_week,natural,24576,2015-12-20 00:00:00,2015Q4,beijing_2015-12-20T00:00:00,24,3,168,False,False,False
logistic,logistic,logistic,logistic,logistic,logistic,AP2,beijing,Nongzhanguan,origin_week,natural,24744,2015-12-27 00:00:00,2015Q4,beijing_2015-12-27T00:00:00,24,3,168,False,False,False
logistic,logistic,logistic,logistic,logistic,logistic,AP2,beijing,Nongzhanguan,origin_week,natural,24912,2016-01-03 00:00:00,2016Q1,beijing_2016-01-03T00:00:00,24,3,168,False,False,False
hist_gradient_boosting,hist_gradient_boosting,hist_gradient_boosting,hist_gradient_boosting,hist_gradient_boosting,hist_gradient_boosting,AP2,beijing,Nongzhanguan,origin_week,natural,25080,2016-01-10 00:00:00,2016Q1,beijing_2016-01-10T00:00:00,24,3,168,False,False,False
hist_gradient_boosting,hist_gradient_boosting,hist_gradient_boosting,hist_gradient_boosting,hist_gradient_boosting,hist_gradient_boosting,AP2,beijing,Nongzhanguan,origin_week,natural,25248,2016-01-17 00:00:00,2016Q1,beijing_2016-01-17T00:00:00,24,3,168,False,False,False
logistic,logistic,logistic,logistic,logistic,logistic,AP2,beijing,Nongzhanguan,origin_week,natural,25416,2016-01-24 00:00:00,2016Q1,beijing_2016-01-24T00:00:00,24,3,168,False,False,False
hist_gradient_boosting,hist_gradient_boosting,hist_gradient_boosting,hist_gradient_boosting,hist_gradient_boosting,hist_gradient_boosting,AP2,beijing,Nongzhanguan,origin_week,natural,25584,2016-01-31 00:00:00,2016Q1,beijing_2016-01-31T00:00:00,24,3,168,False,False,False
hist_gradient_boosting,hist_gradient_boosting,hist_gradient_boosting,hist_gradient_boosting,hist_gradient_boosting,hist_gradient_boosting,AP2,beijing,Nongzhanguan,origin_week,natural,25752,2016-02-07 00:00:00,2016Q1,beijing_2016-02-07T00:00:00,24,3,168,False,False,False
logistic,logistic,logistic,logistic,logistic,logistic,AP2,beijing,Nongzhanguan,origin_week,natural,25920,2016-02-14 00:00:00,2016Q1,beijing_2016-02-14T00:00:00,24,3,168,False,False,False
hist_gradient_boosting,hist_gradient_boosting,hist_gradient_boosting,hist_gradient_boosting,hist_gradient_boosting,hist_gradient_boosting,AP2,beijing,Nongzhanguan,origin_week,natural,26088,2016-02-21 00:00:00,2016Q1,beijing_2016-02-21T00:00:00,24,3,168,False,False,False
hist_gradient_boosting,hist_gradient_boosting,hist_gradient_boosting,hist_gradient_boosting,hist_gradient_boosting,hist_gradient_boosting,AP2,beijing,Nongzhanguan,origin_week,natural,26256,2016-02-28 00:00:00,2016Q1,beijing_2016-02-28T00:00:00,24,3,25,False,False,False
hist_gradient_boosting,hist_gradient_boosting,hist_gradient_boosting,hist_gradient_boosting,hist_gradient_boosting,hist_gradient_boosting,AP2,beijing,Nongzhanguan,artificial,iid_10,20107,2015-06-16 19:00:00,2015Q2,beijing_2015-06-16T19:00:00,24,3,620,False,False,False
hist_gradient_boosting,hist_gradient_boosting,hist_gradient_boosting,hist_gradient_boosting,hist_gradient_boosting,hist_gradient_boosting,AP2,beijing,Nongzhanguan,artificial,iid_30,20107,2015-06-16 19:00:00,2015Q2,beijing_2015-06-16T19:00:00,24,3,620,False,False,False
hist_gradient_boosting,hist_gradient_boosting,hist_gradient_boosting,hist_gradient_boosting,hist_gradient_boosting,hist_gradient_boosting,AP2,beijing,Nongzhanguan,artificial,blocks_10,20107,2015-06-16 19:00:00,2015Q2,beijing_2015-06-16T19:00:00,24,3,620,False,False,False
logistic,logistic,logistic,logistic,logistic,logistic,AP2,beijing,Nongzhanguan,annual,natural,17520,2015-03-01 00:00:00,2015Q1,beijing_2015-03-01T00:00:00,72,3,8713,False,False,False
logistic,logistic,logistic,logistic,logistic,logistic,AP2,beijing,Nongzhanguan,origin_week,natural,17520,2015-03-01 00:00:00,2015Q1,beijing_2015-03-01T00:00:00,72,3,168,False,False,False
logistic,logistic,logistic,logistic,logistic,logistic,AP2,beijing,Nongzhanguan,origin_week,natural,17688,2015-03-08 00:00:00,2015Q1,beijing_2015-03-08T00:00:00,72,3,168,False,False,False
hist_gradient_boosting,hist_gradient_boosting,hist_gradient_boosting,hist_gradient_boosting,hist_gradient_boosting,hist_gradient_boosting,AP2,beijing,Nongzhanguan,origin_week,natural,17856,2015-03-15 00:00:00,2015Q1,beijing_2015-03-15T00:00:00,72,3,168,False,False,False
logistic,logistic,logistic,logistic,logistic,logistic,AP2,beijing,Nongzhanguan,origin_week,natural,18024,2015-03-22 00:00:00,2015Q1,beijing_2015-03-22T00:00:00,72,3,168,False,False,False
logistic,logistic,logistic,logistic,logistic,logistic,AP2,beijing,Nongzhanguan,origin_week,natural,18192,2015-03-29 00:00:00,2015Q1,beijing_2015-03-29T00:00:00,72,3,168,False,False,False
constant,constant,constant,constant,constant,constant,AP2,beijing,Nongzhanguan,origin_week,natural,18360,2015-04-05 00:00:00,2015Q2,beijing_2015-04-05T00:00:00,72,3,168,False,False,False
logistic,logistic,logistic,logistic,logistic,logistic,AP2,beijing,Nongzhanguan,origin_week,natural,18528,2015-04-12 00:00:00,2015Q2,beijing_2015-04-12T00:00:00,72,3,168,False,False,False
logistic,logistic,logistic,logistic,logistic,logistic,AP2,beijing,Nongzhanguan,origin_week,natural,18696,2015-04-19 00:00:00,2015Q2,beijing_2015-04-19T00:00:00,72,3,168,False,False,False
logistic,logistic,logistic,logistic,logistic,logistic,AP2,beijing,Nongzhanguan,origin_week,natural,18864,2015-04-26 00:00:00,2015Q2,beijing_2015-04-26T00:00:00,72,3,168,False,False,False
logistic,logistic,logistic,logistic,logistic,logistic,AP2,beijing,Nongzhanguan,origin_week,natural,19032,2015-05-03 00:00:00,2015Q2,beijing_2015-05-03T00:00:00,72,3,168,False,False,False
constant,constant,constant,constant,constant,constant,AP2,beijing,Nongzhanguan,origin_week,natural,19200,2015-05-10 00:00:00,2015Q2,beijing_2015-05-10T00:00:00,72,3,168,False,False,False
constant;hist_gradient_boosting;logistic,,constant;hist_gradient_boosting;logistic,,constant;hist_gradient_boosting;logistic,,AP2,beijing,Nongzhanguan,origin_week,natural,19368,2015-05-17 00:00:00,2015Q2,beijing_2015-05-17T00:00:00,72,3,168,False,False,False
logistic,logistic,logistic,logistic,logistic,logistic,AP2,beijing,Nongzhanguan,origin_week,natural,19536,2015-05-24 00:00:00,2015Q2,beijing_2015-05-24T00:00:00,72,3,168,False,False,False
hist_gradient_boosting,hist_gradient_boosting,hist_gradient_boosting,hist_gradient_boosting,hist_gradient_boosting,hist_gradient_boosting,AP2,beijing,Nongzhanguan,origin_week,natural,19704,2015-05-31 00:00:00,2015Q2,beijing_2015-05-31T00:00:00,72,3,168,False,False,False
hist_gradient_boosting,hist_gradient_boosting,hist_gradient_boosting,hist_gradient_boosting,hist_gradient_boosting,hist_gradient_boosting,AP2,beijing,Nongzhanguan,origin_week,natural,19872,2015-06-07 00:00:00,2015Q2,beijing_2015-06-07T00:00:00,72,3,168,False,False,False
hist_gradient_boosting,hist_gradient_boosting,hist_gradient_boosting,hist_gradient_boosting,hist_gradient_boosting,hist_gradient_boosting,AP2,beijing,Nongzhanguan,origin_week,natural,20040,2015-06-14 00:00:00,2015Q2,beijing_2015-06-14T00:00:00,72,3,168,False,False,False
logistic,logistic,logistic,logistic,logistic,logistic,AP2,beijing,Nongzhanguan,origin_week,natural,20208,2015-06-21 00:00:00,2015Q2,beijing_2015-06-21T00:00:00,72,3,168,False,False,False
logistic,logistic,logistic,logistic,logistic,logistic,AP2,beijing,Nongzhanguan,origin_week,natural,20376,2015-06-28 00:00:00,2015Q2,beijing_2015-06-28T00:00:00,72,3,168,False,False,False
logistic,logistic,logistic,logistic,logistic,logistic,AP2,beijing,Nongzhanguan,origin_week,natural,20544,2015-07-05 00:00:00,2015Q3,beijing_2015-07-05T00:00:00,72,3,168,False,False,False
constant;hist_gradient_boosting;logistic,,constant;hist_gradient_boosting;logistic,,constant;hist_gradient_boosting;logistic,,AP2,beijing,Nongzhanguan,origin_week,natural,20712,2015-07-12 00:00:00,2015Q3,beijing_2015-07-12T00:00:00,72,3,168,False,False,False
logistic,logistic,logistic,logistic,logistic,logistic,AP2,beijing,Nongzhanguan,origin_week,natural,20880,2015-07-19 00:00:00,2015Q3,beijing_2015-07-19T00:00:00,72,3,168,False,False,False
constant,constant,constant,constant,constant,constant,AP2,beijing,Nongzhanguan,origin_week,natural,21048,2015-07-26 00:00:00,2015Q3,beijing_2015-07-26T00:00:00,72,3,168,False,False,False
constant,constant,constant,constant,constant,constant,AP2,beijing,Nongzhanguan,origin_week,natural,21216,2015-08-02 00:00:00,2015Q3,beijing_2015-08-02T00:00:00,72,3,168,False,False,False
constant,constant,constant,constant,constant,constant,AP2,beijing,Nongzhanguan,origin_week,natural,21384,2015-08-09 00:00:00,2015Q3,beijing_2015-08-09T00:00:00,72,3,168,False,False,False
hist_gradient_boosting,hist_gradient_boosting,hist_gradient_boosting,hist_gradient_boosting,hist_gradient_boosting,hist_gradient_boosting,AP2,beijing,Nongzhanguan,origin_week,natural,21552,2015-08-16 00:00:00,2015Q3,beijing_2015-08-16T00:00:00,72,3,168,False,False,False
hist_gradient_boosting,hist_gradient_boosting,hist_gradient_boosting,hist_gradient_boosting,hist_gradient_boosting,hist_gradient_boosting,AP2,beijing,Nongzhanguan,origin_week,natural,21720,2015-08-23 00:00:00,2015Q3,beijing_2015-08-23T00:00:00,72,3,168,False,False,False
hist_gradient_boosting,hist_gradient_boosting,hist_gradient_boosting,hist_gradient_boosting,hist_gradient_boosting,hist_gradient_boosting,AP2,beijing,Nongzhanguan,origin_week,natural,21888,2015-08-30 00:00:00,2015Q3,beijing_2015-08-30T00:00:00,72,3,168,False,False,False
constant;hist_gradient_boosting;logistic,,constant;hist_gradient_boosting;logistic,,constant;hist_gradient_boosting;logistic,,AP2,beijing,Nongzhanguan,origin_week,natural,22056,2015-09-06 00:00:00,2015Q3,beijing_2015-09-06T00:00:00,72,3,168,False,False,False
logistic,logistic,logistic,logistic,logistic,logistic,AP2,beijing,Nongzhanguan,origin_week,natural,22224,2015-09-13 00:00:00,2015Q3,beijing_2015-09-13T00:00:00,72,3,168,False,False,False
logistic,logistic,logistic,logistic,logistic,logistic,AP2,beijing,Nongzhanguan,origin_week,natural,22392,2015-09-20 00:00:00,2015Q3,beijing_2015-09-20T00:00:00,72,3,168,False,False,False
logistic,logistic,logistic,logistic,logistic,logistic,AP2,beijing,Nongzhanguan,origin_week,natural,22560,2015-09-27 00:00:00,2015Q3,beijing_2015-09-27T00:00:00,72,3,168,False,False,False
constant;hist_gradient_boosting,,constant;hist_gradient_boosting,,constant;hist_gradient_boosting,,AP2,beijing,Nongzhanguan,origin_week,natural,22728,2015-10-04 00:00:00,2015Q4,beijing_2015-10-04T00:00:00,72,3,168,False,False,False
logistic,logistic,logistic,logistic,logistic,logistic,AP2,beijing,Nongzhanguan,origin_week,natural,22896,2015-10-11 00:00:00,2015Q4,beijing_2015-10-11T00:00:00,72,3,168,False,False,False
constant,constant,constant,constant,constant,constant,AP2,beijing,Nongzhanguan,origin_week,natural,23064,2015-10-18 00:00:00,2015Q4,beijing_2015-10-18T00:00:00,72,3,168,False,False,False
logistic,logistic,logistic,logistic,logistic,logistic,AP2,beijing,Nongzhanguan,origin_week,natural,23232,2015-10-25 00:00:00,2015Q4,beijing_2015-10-25T00:00:00,72,3,168,False,False,False
logistic,logistic,logistic,logistic,logistic,logistic,AP2,beijing,Nongzhanguan,origin_week,natural,23400,2015-11-01 00:00:00,2015Q4,beijing_2015-11-01T00:00:00,72,3,168,False,False,False
hist_gradient_boosting,hist_gradient_boosting,hist_gradient_boosting,hist_gradient_boosting,hist_gradient_boosting,hist_gradient_boosting,AP2,beijing,Nongzhanguan,origin_week,natural,23568,2015-11-08 00:00:00,2015Q4,beijing_2015-11-08T00:00:00,72,3,168,False,False,False
constant,constant,constant,constant,constant,constant,AP2,beijing,Nongzhanguan,origin_week,natural,23736,2015-11-15 00:00:00,2015Q4,beijing_2015-11-15T00:00:00,72,3,168,False,False,False
constant;logistic,,constant;logistic,,constant;logistic,,AP2,beijing,Nongzhanguan,origin_week,natural,23904,2015-11-22 00:00:00,2015Q4,beijing_2015-11-22T00:00:00,72,3,168,False,False,False
logistic,logistic,logistic,logistic,logistic,logistic,AP2,beijing,Nongzhanguan,origin_week,natural,24072,2015-11-29 00:00:00,2015Q4,beijing_2015-11-29T00:00:00,72,3,168,False,False,False
logistic,logistic,logistic,logistic,logistic,logistic,AP2,beijing,Nongzhanguan,origin_week,natural,24240,2015-12-06 00:00:00,2015Q4,beijing_2015-12-06T00:00:00,72,3,168,False,False,False
logistic,logistic,logistic,logistic,logistic,logistic,AP2,beijing,Nongzhanguan,origin_week,natural,24408,2015-12-13 00:00:00,2015Q4,beijing_2015-12-13T00:00:00,72,3,168,False,False,False
logistic,logistic,logistic,logistic,logistic,logistic,AP2,beijing,Nongzhanguan,origin_week,natural,24576,2015-12-20 00:00:00,2015Q4,beijing_2015-12-20T00:00:00,72,3,168,False,False,False
logistic,logistic,logistic,logistic,logistic,logistic,AP2,beijing,Nongzhanguan,origin_week,natural,24744,2015-12-27 00:00:00,2015Q4,beijing_2015-12-27T00:00:00,72,3,168,False,False,False
constant,constant,constant,constant,constant,constant,AP2,beijing,Nongzhanguan,origin_week,natural,24912,2016-01-03 00:00:00,2016Q1,beijing_2016-01-03T00:00:00,72,3,168,False,False,False
constant,constant,constant,constant,constant,constant,AP2,beijing,Nongzhanguan,origin_week,natural,25080,2016-01-10 00:00:00,2016Q1,beijing_2016-01-10T00:00:00,72,3,168,False,False,False
hist_gradient_boosting,hist_gradient_boosting,hist_gradient_boosting,hist_gradient_boosting,hist_gradient_boosting,hist_gradient_boosting,AP2,beijing,Nongzhanguan,origin_week,natural,25248,2016-01-17 00:00:00,2016Q1,beijing_2016-01-17T00:00:00,72,3,168,False,False,False
hist_gradient_boosting,hist_gradient_boosting,hist_gradient_boosting,hist_gradient_boosting,hist_gradient_boosting,hist_gradient_boosting,AP2,beijing,Nongzhanguan,origin_week,natural,25416,2016-01-24 00:00:00,2016Q1,beijing_2016-01-24T00:00:00,72,3,168,False,False,False
logistic,logistic,logistic,logistic,logistic,logistic,AP2,beijing,Nongzhanguan,origin_week,natural,25584,2016-01-31 00:00:00,2016Q1,beijing_2016-01-31T00:00:00,72,3,168,False,False,False
logistic,logistic,logistic,logistic,logistic,logistic,AP2,beijing,Nongzhanguan,origin_week,natural,25752,2016-02-07 00:00:00,2016Q1,beijing_2016-02-07T00:00:00,72,3,168,False,False,False
logistic,logistic,logistic,logistic,logistic,logistic,AP2,beijing,Nongzhanguan,origin_week,natural,25920,2016-02-14 00:00:00,2016Q1,beijing_2016-02-14T00:00:00,72,3,168,False,False,False
hist_gradient_boosting,hist_gradient_boosting,hist_gradient_boosting,hist_gradient_boosting,hist_gradient_boosting,hist_gradient_boosting,AP2,beijing,Nongzhanguan,origin_week,natural,26088,2016-02-21 00:00:00,2016Q1,beijing_2016-02-21T00:00:00,72,3,145,False,False,False
hist_gradient_boosting,hist_gradient_boosting,hist_gradient_boosting,hist_gradient_boosting,hist_gradient_boosting,hist_gradient_boosting,AP2,beijing,Nongzhanguan,artificial,iid_10,20107,2015-06-16 19:00:00,2015Q2,beijing_2015-06-16T19:00:00,72,3,572,False,False,False
constant,constant,constant,constant,constant,constant,AP2,beijing,Nongzhanguan,artificial,iid_30,20107,2015-06-16 19:00:00,2015Q2,beijing_2015-06-16T19:00:00,72,3,572,False,False,False
logistic,logistic,logistic,logistic,logistic,logistic,AP2,beijing,Nongzhanguan,artificial,blocks_10,20107,2015-06-16 19:00:00,2015Q2,beijing_2015-06-16T19:00:00,72,3,572,False,False,False
hist_gradient_boosting,hist_gradient_boosting,hist_gradient_boosting,hist_gradient_boosting,hist_gradient_boosting,hist_gradient_boosting,AP2,beijing,Shunyi,annual,natural,17520,2015-03-01 00:00:00,2015Q1,beijing_2015-03-01T00:00:00,24,3,8761,False,False,False
logistic,logistic,logistic,logistic,logistic,logistic,AP2,beijing,Shunyi,origin_week,natural,17520,2015-03-01 00:00:00,2015Q1,beijing_2015-03-01T00:00:00,24,3,168,False,False,False
logistic,logistic,logistic,logistic,logistic,logistic,AP2,beijing,Shunyi,origin_week,natural,17688,2015-03-08 00:00:00,2015Q1,beijing_2015-03-08T00:00:00,24,3,168,False,False,False
logistic,logistic,logistic,logistic,logistic,logistic,AP2,beijing,Shunyi,origin_week,natural,17856,2015-03-15 00:00:00,2015Q1,beijing_2015-03-15T00:00:00,24,3,168,False,False,False
hist_gradient_boosting,hist_gradient_boosting,hist_gradient_boosting,hist_gradient_boosting,hist_gradient_boosting,hist_gradient_boosting,AP2,beijing,Shunyi,origin_week,natural,18024,2015-03-22 00:00:00,2015Q1,beijing_2015-03-22T00:00:00,24,3,168,False,False,False
logistic,logistic,logistic,logistic,logistic,logistic,AP2,beijing,Shunyi,origin_week,natural,18192,2015-03-29 00:00:00,2015Q1,beijing_2015-03-29T00:00:00,24,3,168,False,False,False
hist_gradient_boosting,hist_gradient_boosting,hist_gradient_boosting,hist_gradient_boosting,hist_gradient_boosting,hist_gradient_boosting,AP2,beijing,Shunyi,origin_week,natural,18360,2015-04-05 00:00:00,2015Q2,beijing_2015-04-05T00:00:00,24,3,168,False,False,False
hist_gradient_boosting;logistic,,hist_gradient_boosting;logistic,,hist_gradient_boosting;logistic,,AP2,beijing,Shunyi,origin_week,natural,18528,2015-04-12 00:00:00,2015Q2,beijing_2015-04-12T00:00:00,24,3,168,False,False,False
constant,constant,constant,constant,constant,constant,AP2,beijing,Shunyi,origin_week,natural,18696,2015-04-19 00:00:00,2015Q2,beijing_2015-04-19T00:00:00,24,3,168,False,False,False
hist_gradient_boosting,hist_gradient_boosting,hist_gradient_boosting,hist_gradient_boosting,hist_gradient_boosting,hist_gradient_boosting,AP2,beijing,Shunyi,origin_week,natural,18864,2015-04-26 00:00:00,2015Q2,beijing_2015-04-26T00:00:00,24,3,168,False,False,False
hist_gradient_boosting,hist_gradient_boosting,hist_gradient_boosting,hist_gradient_boosting,hist_gradient_boosting,hist_gradient_boosting,AP2,beijing,Shunyi,origin_week,natural,19032,2015-05-03 00:00:00,2015Q2,beijing_2015-05-03T00:00:00,24,3,168,False,False,False
logistic,logistic,logistic,logistic,logistic,logistic,AP2,beijing,Shunyi,origin_week,natural,19200,2015-05-10 00:00:00,2015Q2,beijing_2015-05-10T00:00:00,24,3,168,False,False,False
hist_gradient_boosting,hist_gradient_boosting,hist_gradient_boosting,hist_gradient_boosting,hist_gradient_boosting,hist_gradient_boosting,AP2,beijing,Shunyi,origin_week,natural,19368,2015-05-17 00:00:00,2015Q2,beijing_2015-05-17T00:00:00,24,3,168,False,False,False
hist_gradient_boosting,hist_gradient_boosting,hist_gradient_boosting,hist_gradient_boosting,hist_gradient_boosting,hist_gradient_boosting,AP2,beijing,Shunyi,origin_week,natural,19536,2015-05-24 00:00:00,2015Q2,beijing_2015-05-24T00:00:00,24,3,168,False,False,False
logistic,logistic,logistic,logistic,logistic,logistic,AP2,beijing,Shunyi,origin_week,natural,19704,2015-05-31 00:00:00,2015Q2,beijing_2015-05-31T00:00:00,24,3,168,False,False,False
hist_gradient_boosting,hist_gradient_boosting,hist_gradient_boosting,hist_gradient_boosting,hist_gradient_boosting,hist_gradient_boosting,AP2,beijing,Shunyi,origin_week,natural,19872,2015-06-07 00:00:00,2015Q2,beijing_2015-06-07T00:00:00,24,3,168,False,False,False
hist_gradient_boosting;logistic,,logistic,logistic,logistic,logistic,AP2,beijing,Shunyi,origin_week,natural,20040,2015-06-14 00:00:00,2015Q2,beijing_2015-06-14T00:00:00,24,3,168,True,True,False
hist_gradient_boosting,hist_gradient_boosting,hist_gradient_boosting,hist_gradient_boosting,hist_gradient_boosting,hist_gradient_boosting,AP2,beijing,Shunyi,origin_week,natural,20208,2015-06-21 00:00:00,2015Q2,beijing_2015-06-21T00:00:00,24,3,168,False,False,False
hist_gradient_boosting,hist_gradient_boosting,hist_gradient_boosting,hist_gradient_boosting,hist_gradient_boosting,hist_gradient_boosting,AP2,beijing,Shunyi,origin_week,natural,20376,2015-06-28 00:00:00,2015Q2,beijing_2015-06-28T00:00:00,24,3,168,False,False,False
hist_gradient_boosting,hist_gradient_boosting,hist_gradient_boosting,hist_gradient_boosting,hist_gradient_boosting,hist_gradient_boosting,AP2,beijing,Shunyi,origin_week,natural,20544,2015-07-05 00:00:00,2015Q3,beijing_2015-07-05T00:00:00,24,3,168,False,False,False
logistic,logistic,logistic,logistic,logistic,logistic,AP2,beijing,Shunyi,origin_week,natural,20712,2015-07-12 00:00:00,2015Q3,beijing_2015-07-12T00:00:00,24,3,168,False,False,False
hist_gradient_boosting,hist_gradient_boosting,hist_gradient_boosting,hist_gradient_boosting,hist_gradient_boosting,hist_gradient_boosting,AP2,beijing,Shunyi,origin_week,natural,20880,2015-07-19 00:00:00,2015Q3,beijing_2015-07-19T00:00:00,24,3,168,False,False,False
logistic,logistic,logistic,logistic,logistic,logistic,AP2,beijing,Shunyi,origin_week,natural,21048,2015-07-26 00:00:00,2015Q3,beijing_2015-07-26T00:00:00,24,3,168,False,False,False
logistic,logistic,logistic,logistic,logistic,logistic,AP2,beijing,Shunyi,origin_week,natural,21216,2015-08-02 00:00:00,2015Q3,beijing_2015-08-02T00:00:00,24,3,168,False,False,False
hist_gradient_boosting,hist_gradient_boosting,hist_gradient_boosting,hist_gradient_boosting,hist_gradient_boosting,hist_gradient_boosting,AP2,beijing,Shunyi,origin_week,natural,21384,2015-08-09 00:00:00,2015Q3,beijing_2015-08-09T00:00:00,24,3,168,False,False,False
hist_gradient_boosting,hist_gradient_boosting,hist_gradient_boosting,hist_gradient_boosting,hist_gradient_boosting,hist_gradient_boosting,AP2,beijing,Shunyi,origin_week,natural,21552,2015-08-16 00:00:00,2015Q3,beijing_2015-08-16T00:00:00,24,3,168,False,False,False
hist_gradient_boosting,hist_gradient_boosting,hist_gradient_boosting,hist_gradient_boosting,hist_gradient_boosting,hist_gradient_boosting,AP2,beijing,Shunyi,origin_week,natural,21720,2015-08-23 00:00:00,2015Q3,beijing_2015-08-23T00:00:00,24,3,168,False,False,False
hist_gradient_boosting,hist_gradient_boosting,hist_gradient_boosting,hist_gradient_boosting,hist_gradient_boosting,hist_gradient_boosting,AP2,beijing,Shunyi,origin_week,natural,21888,2015-08-30 00:00:00,2015Q3,beijing_2015-08-30T00:00:00,24,3,168,False,False,False
logistic,logistic,logistic,logistic,logistic,logistic,AP2,beijing,Shunyi,origin_week,natural,22056,2015-09-06 00:00:00,2015Q3,beijing_2015-09-06T00:00:00,24,3,168,False,False,False
logistic,logistic,logistic,logistic,logistic,logistic,AP2,beijing,Shunyi,origin_week,natural,22224,2015-09-13 00:00:00,2015Q3,beijing_2015-09-13T00:00:00,24,3,168,False,False,False
constant,constant,constant,constant,constant,constant,AP2,beijing,Shunyi,origin_week,natural,22392,2015-09-20 00:00:00,2015Q3,beijing_2015-09-20T00:00:00,24,3,168,False,False,False
logistic,logistic,logistic,logistic,logistic,logistic,AP2,beijing,Shunyi,origin_week,natural,22560,2015-09-27 00:00:00,2015Q3,beijing_2015-09-27T00:00:00,24,3,168,False,False,False
hist_gradient_boosting,hist_gradient_boosting,hist_gradient_boosting,hist_gradient_boosting,hist_gradient_boosting,hist_gradient_boosting,AP2,beijing,Shunyi,origin_week,natural,22728,2015-10-04 00:00:00,2015Q4,beijing_2015-10-04T00:00:00,24,3,168,False,False,False
hist_gradient_boosting,hist_gradient_boosting,hist_gradient_boosting,hist_gradient_boosting,hist_gradient_boosting,hist_gradient_boosting,AP2,beijing,Shunyi,origin_week,natural,22896,2015-10-11 00:00:00,2015Q4,beijing_2015-10-11T00:00:00,24,3,168,False,False,False
hist_gradient_boosting,hist_gradient_boosting,hist_gradient_boosting,hist_gradient_boosting,hist_gradient_boosting,hist_gradient_boosting,AP2,beijing,Shunyi,origin_week,natural,23064,2015-10-18 00:00:00,2015Q4,beijing_2015-10-18T00:00:00,24,3,168,False,False,False
logistic,logistic,logistic,logistic,logistic,logistic,AP2,beijing,Shunyi,origin_week,natural,23232,2015-10-25 00:00:00,2015Q4,beijing_2015-10-25T00:00:00,24,3,168,False,False,False
logistic,logistic,logistic,logistic,logistic,logistic,AP2,beijing,Shunyi,origin_week,natural,23400,2015-11-01 00:00:00,2015Q4,beijing_2015-11-01T00:00:00,24,3,168,False,False,False
logistic,logistic,logistic,logistic,logistic,logistic,AP2,beijing,Shunyi,origin_week,natural,23568,2015-11-08 00:00:00,2015Q4,beijing_2015-11-08T00:00:00,24,3,168,False,False,False
logistic,logistic,logistic,logistic,logistic,logistic,AP2,beijing,Shunyi,origin_week,natural,23736,2015-11-15 00:00:00,2015Q4,beijing_2015-11-15T00:00:00,24,3,168,False,False,False
logistic,logistic,logistic,logistic,logistic,logistic,AP2,beijing,Shunyi,origin_week,natural,23904,2015-11-22 00:00:00,2015Q4,beijing_2015-11-22T00:00:00,24,3,168,False,False,False
logistic,logistic,logistic,logistic,logistic,logistic,AP2,beijing,Shunyi,origin_week,natural,24072,2015-11-29 00:00:00,2015Q4,beijing_2015-11-29T00:00:00,24,3,168,False,False,False
logistic,logistic,logistic,logistic,logistic,logistic,AP2,beijing,Shunyi,origin_week,natural,24240,2015-12-06 00:00:00,2015Q4,beijing_2015-12-06T00:00:00,24,3,168,False,False,False
hist_gradient_boosting,hist_gradient_boosting,hist_gradient_boosting,hist_gradient_boosting,hist_gradient_boosting,hist_gradient_boosting,AP2,beijing,Shunyi,origin_week,natural,24408,2015-12-13 00:00:00,2015Q4,beijing_2015-12-13T00:00:00,24,3,168,False,False,False
hist_gradient_boosting,hist_gradient_boosting,hist_gradient_boosting,hist_gradient_boosting,hist_gradient_boosting,hist_gradient_boosting,AP2,beijing,Shunyi,origin_week,natural,24576,2015-12-20 00:00:00,2015Q4,beijing_2015-12-20T00:00:00,24,3,168,False,False,False
constant,constant,constant,constant,constant,constant,AP2,beijing,Shunyi,origin_week,natural,24744,2015-12-27 00:00:00,2015Q4,beijing_2015-12-27T00:00:00,24,3,168,False,False,False
hist_gradient_boosting,hist_gradient_boosting,hist_gradient_boosting,hist_gradient_boosting,hist_gradient_boosting,hist_gradient_boosting,AP2,beijing,Shunyi,origin_week,natural,24912,2016-01-03 00:00:00,2016Q1,beijing_2016-01-03T00:00:00,24,3,168,False,False,False
hist_gradient_boosting,hist_gradient_boosting,hist_gradient_boosting,hist_gradient_boosting,hist_gradient_boosting,hist_gradient_boosting,AP2,beijing,Shunyi,origin_week,natural,25080,2016-01-10 00:00:00,2016Q1,beijing_2016-01-10T00:00:00,24,3,168,False,False,False
logistic,logistic,logistic,logistic,logistic,logistic,AP2,beijing,Shunyi,origin_week,natural,25248,2016-01-17 00:00:00,2016Q1,beijing_2016-01-17T00:00:00,24,3,168,False,False,False
hist_gradient_boosting,hist_gradient_boosting,hist_gradient_boosting,hist_gradient_boosting,hist_gradient_boosting,hist_gradient_boosting,AP2,beijing,Shunyi,origin_week,natural,25416,2016-01-24 00:00:00,2016Q1,beijing_2016-01-24T00:00:00,24,3,168,False,False,False
hist_gradient_boosting,hist_gradient_boosting,hist_gradient_boosting,hist_gradient_boosting,hist_gradient_boosting,hist_gradient_boosting,AP2,beijing,Shunyi,origin_week,natural,25584,2016-01-31 00:00:00,2016Q1,beijing_2016-01-31T00:00:00,24,3,168,False,False,False
hist_gradient_boosting,hist_gradient_boosting,hist_gradient_boosting,hist_gradient_boosting,hist_gradient_boosting,hist_gradient_boosting,AP2,beijing,Shunyi,origin_week,natural,25752,2016-02-07 00:00:00,2016Q1,beijing_2016-02-07T00:00:00,24,3,168,False,False,False
hist_gradient_boosting,hist_gradient_boosting,hist_gradient_boosting,hist_gradient_boosting,hist_gradient_boosting,hist_gradient_boosting,AP2,beijing,Shunyi,origin_week,natural,25920,2016-02-14 00:00:00,2016Q1,beijing_2016-02-14T00:00:00,24,3,168,False,False,False
hist_gradient_boosting,hist_gradient_boosting,hist_gradient_boosting,hist_gradient_boosting,hist_gradient_boosting,hist_gradient_boosting,AP2,beijing,Shunyi,origin_week,natural,26088,2016-02-21 00:00:00,2016Q1,beijing_2016-02-21T00:00:00,24,3,168,False,False,False
hist_gradient_boosting,hist_gradient_boosting,hist_gradient_boosting,hist_gradient_boosting,hist_gradient_boosting,hist_gradient_boosting,AP2,beijing,Shunyi,origin_week,natural,26256,2016-02-28 00:00:00,2016Q1,beijing_2016-02-28T00:00:00,24,3,25,False,False,False
hist_gradient_boosting,hist_gradient_boosting,hist_gradient_boosting,hist_gradient_boosting,hist_gradient_boosting,hist_gradient_boosting,AP2,beijing,Shunyi,artificial,iid_10,17766,2015-03-11 06:00:00,2015Q1,beijing_2015-03-11T06:00:00,24,3,462,False,False,False
constant;hist_gradient_boosting;logistic,,constant;hist_gradient_boosting;logistic,,constant;hist_gradient_boosting;logistic,,AP2,beijing,Shunyi,artificial,iid_30,17766,2015-03-11 06:00:00,2015Q1,beijing_2015-03-11T06:00:00,24,3,462,False,False,False
hist_gradient_boosting;logistic,,hist_gradient_boosting;logistic,,hist_gradient_boosting;logistic,,AP2,beijing,Shunyi,artificial,blocks_10,17766,2015-03-11 06:00:00,2015Q1,beijing_2015-03-11T06:00:00,24,3,462,False,False,False
logistic,logistic,logistic,logistic,logistic,logistic,AP2,beijing,Shunyi,annual,natural,17520,2015-03-01 00:00:00,2015Q1,beijing_2015-03-01T00:00:00,72,3,8713,False,False,False
logistic,logistic,logistic,logistic,logistic,logistic,AP2,beijing,Shunyi,origin_week,natural,17520,2015-03-01 00:00:00,2015Q1,beijing_2015-03-01T00:00:00,72,3,168,False,False,False
hist_gradient_boosting,hist_gradient_boosting,hist_gradient_boosting,hist_gradient_boosting,hist_gradient_boosting,hist_gradient_boosting,AP2,beijing,Shunyi,origin_week,natural,17688,2015-03-08 00:00:00,2015Q1,beijing_2015-03-08T00:00:00,72,3,168,False,False,False
hist_gradient_boosting,hist_gradient_boosting,hist_gradient_boosting,hist_gradient_boosting,hist_gradient_boosting,hist_gradient_boosting,AP2,beijing,Shunyi,origin_week,natural,17856,2015-03-15 00:00:00,2015Q1,beijing_2015-03-15T00:00:00,72,3,168,False,False,False
logistic,logistic,logistic,logistic,logistic,logistic,AP2,beijing,Shunyi,origin_week,natural,18024,2015-03-22 00:00:00,2015Q1,beijing_2015-03-22T00:00:00,72,3,168,False,False,False
logistic,logistic,logistic,logistic,logistic,logistic,AP2,beijing,Shunyi,origin_week,natural,18192,2015-03-29 00:00:00,2015Q1,beijing_2015-03-29T00:00:00,72,3,168,False,False,False
constant,constant,constant,constant,constant,constant,AP2,beijing,Shunyi,origin_week,natural,18360,2015-04-05 00:00:00,2015Q2,beijing_2015-04-05T00:00:00,72,3,168,False,False,False
logistic,logistic,logistic,logistic,logistic,logistic,AP2,beijing,Shunyi,origin_week,natural,18528,2015-04-12 00:00:00,2015Q2,beijing_2015-04-12T00:00:00,72,3,168,False,False,False
constant,constant,constant,constant,constant,constant,AP2,beijing,Shunyi,origin_week,natural,18696,2015-04-19 00:00:00,2015Q2,beijing_2015-04-19T00:00:00,72,3,168,False,False,False
hist_gradient_boosting,hist_gradient_boosting,hist_gradient_boosting,hist_gradient_boosting,hist_gradient_boosting,hist_gradient_boosting,AP2,beijing,Shunyi,origin_week,natural,18864,2015-04-26 00:00:00,2015Q2,beijing_2015-04-26T00:00:00,72,3,168,False,False,False
logistic,logistic,logistic,logistic,logistic,logistic,AP2,beijing,Shunyi,origin_week,natural,19032,2015-05-03 00:00:00,2015Q2,beijing_2015-05-03T00:00:00,72,3,168,False,False,False
constant,constant,constant,constant,constant,constant,AP2,beijing,Shunyi,origin_week,natural,19200,2015-05-10 00:00:00,2015Q2,beijing_2015-05-10T00:00:00,72,3,168,False,False,False
hist_gradient_boosting,hist_gradient_boosting,hist_gradient_boosting,hist_gradient_boosting,hist_gradient_boosting,hist_gradient_boosting,AP2,beijing,Shunyi,origin_week,natural,19368,2015-05-17 00:00:00,2015Q2,beijing_2015-05-17T00:00:00,72,3,168,False,False,False
logistic,logistic,logistic,logistic,logistic,logistic,AP2,beijing,Shunyi,origin_week,natural,19536,2015-05-24 00:00:00,2015Q2,beijing_2015-05-24T00:00:00,72,3,168,False,False,False
hist_gradient_boosting,hist_gradient_boosting,hist_gradient_boosting,hist_gradient_boosting,hist_gradient_boosting,hist_gradient_boosting,AP2,beijing,Shunyi,origin_week,natural,19704,2015-05-31 00:00:00,2015Q2,beijing_2015-05-31T00:00:00,72,3,168,False,False,False
hist_gradient_boosting,hist_gradient_boosting,hist_gradient_boosting,hist_gradient_boosting,hist_gradient_boosting,hist_gradient_boosting,AP2,beijing,Shunyi,origin_week,natural,19872,2015-06-07 00:00:00,2015Q2,beijing_2015-06-07T00:00:00,72,3,168,False,False,False
hist_gradient_boosting,hist_gradient_boosting,hist_gradient_boosting,hist_gradient_boosting,hist_gradient_boosting,hist_gradient_boosting,AP2,beijing,Shunyi,origin_week,natural,20040,2015-06-14 00:00:00,2015Q2,beijing_2015-06-14T00:00:00,72,3,168,False,False,False
logistic,logistic,logistic,logistic,logistic,logistic,AP2,beijing,Shunyi,origin_week,natural,20208,2015-06-21 00:00:00,2015Q2,beijing_2015-06-21T00:00:00,72,3,168,False,False,False
logistic,logistic,logistic,logistic,logistic,logistic,AP2,beijing,Shunyi,origin_week,natural,20376,2015-06-28 00:00:00,2015Q2,beijing_2015-06-28T00:00:00,72,3,168,False,False,False
logistic,logistic,logistic,logistic,logistic,logistic,AP2,beijing,Shunyi,origin_week,natural,20544,2015-07-05 00:00:00,2015Q3,beijing_2015-07-05T00:00:00,72,3,168,False,False,False
logistic,logistic,logistic,logistic,logistic,logistic,AP2,beijing,Shunyi,origin_week,natural,20712,2015-07-12 00:00:00,2015Q3,beijing_2015-07-12T00:00:00,72,3,168,False,False,False
hist_gradient_boosting,hist_gradient_boosting,hist_gradient_boosting,hist_gradient_boosting,hist_gradient_boosting,hist_gradient_boosting,AP2,beijing,Shunyi,origin_week,natural,20880,2015-07-19 00:00:00,2015Q3,beijing_2015-07-19T00:00:00,72,3,168,False,False,False
constant,constant,constant,constant,constant,constant,AP2,beijing,Shunyi,origin_week,natural,21048,2015-07-26 00:00:00,2015Q3,beijing_2015-07-26T00:00:00,72,3,168,False,False,False
constant,constant,constant,constant,constant,constant,AP2,beijing,Shunyi,origin_week,natural,21216,2015-08-02 00:00:00,2015Q3,beijing_2015-08-02T00:00:00,72,3,168,False,False,False
hist_gradient_boosting,hist_gradient_boosting,hist_gradient_boosting,hist_gradient_boosting,hist_gradient_boosting,hist_gradient_boosting,AP2,beijing,Shunyi,origin_week,natural,21384,2015-08-09 00:00:00,2015Q3,beijing_2015-08-09T00:00:00,72,3,168,False,False,False
hist_gradient_boosting,hist_gradient_boosting,hist_gradient_boosting,hist_gradient_boosting,hist_gradient_boosting,hist_gradient_boosting,AP2,beijing,Shunyi,origin_week,natural,21552,2015-08-16 00:00:00,2015Q3,beijing_2015-08-16T00:00:00,72,3,168,False,False,False
logistic,logistic,logistic,logistic,logistic,logistic,AP2,beijing,Shunyi,origin_week,natural,21720,2015-08-23 00:00:00,2015Q3,beijing_2015-08-23T00:00:00,72,3,168,False,False,False
logistic,logistic,logistic,logistic,logistic,logistic,AP2,beijing,Shunyi,origin_week,natural,21888,2015-08-30 00:00:00,2015Q3,beijing_2015-08-30T00:00:00,72,3,168,False,False,False
logistic,logistic,logistic,logistic,logistic,logistic,AP2,beijing,Shunyi,origin_week,natural,22056,2015-09-06 00:00:00,2015Q3,beijing_2015-09-06T00:00:00,72,3,168,False,False,False
logistic,logistic,logistic,logistic,logistic,logistic,AP2,beijing,Shunyi,origin_week,natural,22224,2015-09-13 00:00:00,2015Q3,beijing_2015-09-13T00:00:00,72,3,168,False,False,False
hist_gradient_boosting,hist_gradient_boosting,hist_gradient_boosting,hist_gradient_boosting,hist_gradient_boosting,hist_gradient_boosting,AP2,beijing,Shunyi,origin_week,natural,22392,2015-09-20 00:00:00,2015Q3,beijing_2015-09-20T00:00:00,72,3,168,False,False,False
logistic,logistic,logistic,logistic,logistic,logistic,AP2,beijing,Shunyi,origin_week,natural,22560,2015-09-27 00:00:00,2015Q3,beijing_2015-09-27T00:00:00,72,3,168,False,False,False
constant,constant,constant,constant,constant,constant,AP2,beijing,Shunyi,origin_week,natural,22728,2015-10-04 00:00:00,2015Q4,beijing_2015-10-04T00:00:00,72,3,168,False,False,False
logistic,logistic,logistic,logistic,logistic,logistic,AP2,beijing,Shunyi,origin_week,natural,22896,2015-10-11 00:00:00,2015Q4,beijing_2015-10-11T00:00:00,72,3,168,False,False,False
logistic,logistic,logistic,logistic,logistic,logistic,AP2,beijing,Shunyi,origin_week,natural,23064,2015-10-18 00:00:00,2015Q4,beijing_2015-10-18T00:00:00,72,3,168,False,False,False
logistic,logistic,logistic,logistic,logistic,logistic,AP2,beijing,Shunyi,origin_week,natural,23232,2015-10-25 00:00:00,2015Q4,beijing_2015-10-25T00:00:00,72,3,168,False,False,False
logistic,logistic,logistic,logistic,logistic,logistic,AP2,beijing,Shunyi,origin_week,natural,23400,2015-11-01 00:00:00,2015Q4,beijing_2015-11-01T00:00:00,72,3,168,False,False,False
logistic,logistic,logistic,logistic,logistic,logistic,AP2,beijing,Shunyi,origin_week,natural,23568,2015-11-08 00:00:00,2015Q4,beijing_2015-11-08T00:00:00,72,3,168,False,False,False
logistic,logistic,logistic,logistic,logistic,logistic,AP2,beijing,Shunyi,origin_week,natural,23736,2015-11-15 00:00:00,2015Q4,beijing_2015-11-15T00:00:00,72,3,168,False,False,False
logistic,logistic,logistic,logistic,logistic,logistic,AP2,beijing,Shunyi,origin_week,natural,23904,2015-11-22 00:00:00,2015Q4,beijing_2015-11-22T00:00:00,72,3,168,False,False,False
logistic,logistic,logistic,logistic,logistic,logistic,AP2,beijing,Shunyi,origin_week,natural,24072,2015-11-29 00:00:00,2015Q4,beijing_2015-11-29T00:00:00,72,3,168,False,False,False
logistic,logistic,logistic,logistic,logistic,logistic,AP2,beijing,Shunyi,origin_week,natural,24240,2015-12-06 00:00:00,2015Q4,beijing_2015-12-06T00:00:00,72,3,168,False,False,False
logistic,logistic,logistic,logistic,logistic,logistic,AP2,beijing,Shunyi,origin_week,natural,24408,2015-12-13 00:00:00,2015Q4,beijing_2015-12-13T00:00:00,72,3,168,False,False,False
hist_gradient_boosting,hist_gradient_boosting,hist_gradient_boosting,hist_gradient_boosting,hist_gradient_boosting,hist_gradient_boosting,AP2,beijing,Shunyi,origin_week,natural,24576,2015-12-20 00:00:00,2015Q4,beijing_2015-12-20T00:00:00,72,3,168,False,False,False
logistic,logistic,logistic,logistic,logistic,logistic,AP2,beijing,Shunyi,origin_week,natural,24744,2015-12-27 00:00:00,2015Q4,beijing_2015-12-27T00:00:00,72,3,168,False,False,False
hist_gradient_boosting,hist_gradient_boosting,hist_gradient_boosting,hist_gradient_boosting,hist_gradient_boosting,hist_gradient_boosting,AP2,beijing,Shunyi,origin_week,natural,24912,2016-01-03 00:00:00,2016Q1,beijing_2016-01-03T00:00:00,72,3,168,False,False,False
hist_gradient_boosting,hist_gradient_boosting,hist_gradient_boosting,hist_gradient_boosting,hist_gradient_boosting,hist_gradient_boosting,AP2,beijing,Shunyi,origin_week,natural,25080,2016-01-10 00:00:00,2016Q1,beijing_2016-01-10T00:00:00,72,3,168,False,False,False
hist_gradient_boosting,hist_gradient_boosting,hist_gradient_boosting,hist_gradient_boosting,hist_gradient_boosting,hist_gradient_boosting,AP2,beijing,Shunyi,origin_week,natural,25248,2016-01-17 00:00:00,2016Q1,beijing_2016-01-17T00:00:00,72,3,168,False,False,False
hist_gradient_boosting,hist_gradient_boosting,hist_gradient_boosting,hist_gradient_boosting,hist_gradient_boosting,hist_gradient_boosting,AP2,beijing,Shunyi,origin_week,natural,25416,2016-01-24 00:00:00,2016Q1,beijing_2016-01-24T00:00:00,72,3,168,False,False,False
logistic,logistic,logistic,logistic,logistic,logistic,AP2,beijing,Shunyi,origin_week,natural,25584,2016-01-31 00:00:00,2016Q1,beijing_2016-01-31T00:00:00,72,3,168,False,False,False
logistic,logistic,logistic,logistic,logistic,logistic,AP2,beijing,Shunyi,origin_week,natural,25752,2016-02-07 00:00:00,2016Q1,beijing_2016-02-07T00:00:00,72,3,168,False,False,False
logistic,logistic,logistic,logistic,logistic,logistic,AP2,beijing,Shunyi,origin_week,natural,25920,2016-02-14 00:00:00,2016Q1,beijing_2016-02-14T00:00:00,72,3,168,False,False,False
hist_gradient_boosting,hist_gradient_boosting,hist_gradient_boosting,hist_gradient_boosting,hist_gradient_boosting,hist_gradient_boosting,AP2,beijing,Shunyi,origin_week,natural,26088,2016-02-21 00:00:00,2016Q1,beijing_2016-02-21T00:00:00,72,3,145,False,False,False
constant,constant,constant,constant,constant,constant,AP2,beijing,Shunyi,artificial,iid_10,17766,2015-03-11 06:00:00,2015Q1,beijing_2015-03-11T06:00:00,72,3,414,False,False,False
constant;hist_gradient_boosting;logistic,,constant;hist_gradient_boosting;logistic,,constant;hist_gradient_boosting;logistic,,AP2,beijing,Shunyi,artificial,iid_30,17766,2015-03-11 06:00:00,2015Q1,beijing_2015-03-11T06:00:00,72,3,414,False,False,False
constant,constant,constant,constant,constant,constant,AP2,beijing,Shunyi,artificial,blocks_10,17766,2015-03-11 06:00:00,2015Q1,beijing_2015-03-11T06:00:00,72,3,414,False,False,False
hist_gradient_boosting,hist_gradient_boosting,hist_gradient_boosting,hist_gradient_boosting,hist_gradient_boosting,hist_gradient_boosting,AP2,beijing,Tiantan,annual,natural,17520,2015-03-01 00:00:00,2015Q1,beijing_2015-03-01T00:00:00,24,3,8761,False,False,False
logistic,logistic,logistic,logistic,logistic,logistic,AP2,beijing,Tiantan,origin_week,natural,17520,2015-03-01 00:00:00,2015Q1,beijing_2015-03-01T00:00:00,24,3,168,False,False,False
logistic,logistic,logistic,logistic,logistic,logistic,AP2,beijing,Tiantan,origin_week,natural,17688,2015-03-08 00:00:00,2015Q1,beijing_2015-03-08T00:00:00,24,3,168,False,False,False
logistic,logistic,logistic,logistic,logistic,logistic,AP2,beijing,Tiantan,origin_week,natural,17856,2015-03-15 00:00:00,2015Q1,beijing_2015-03-15T00:00:00,24,3,168,False,False,False
hist_gradient_boosting,hist_gradient_boosting,hist_gradient_boosting,hist_gradient_boosting,hist_gradient_boosting,hist_gradient_boosting,AP2,beijing,Tiantan,origin_week,natural,18024,2015-03-22 00:00:00,2015Q1,beijing_2015-03-22T00:00:00,24,3,168,False,False,False
hist_gradient_boosting,hist_gradient_boosting,hist_gradient_boosting,hist_gradient_boosting,hist_gradient_boosting,hist_gradient_boosting,AP2,beijing,Tiantan,origin_week,natural,18192,2015-03-29 00:00:00,2015Q1,beijing_2015-03-29T00:00:00,24,3,168,False,False,False
logistic,logistic,logistic,logistic,logistic,logistic,AP2,beijing,Tiantan,origin_week,natural,18360,2015-04-05 00:00:00,2015Q2,beijing_2015-04-05T00:00:00,24,3,168,False,False,False
hist_gradient_boosting;logistic,,hist_gradient_boosting;logistic,,hist_gradient_boosting;logistic,,AP2,beijing,Tiantan,origin_week,natural,18528,2015-04-12 00:00:00,2015Q2,beijing_2015-04-12T00:00:00,24,3,168,False,False,False
constant;hist_gradient_boosting,,constant;hist_gradient_boosting,,constant;hist_gradient_boosting,,AP2,beijing,Tiantan,origin_week,natural,18696,2015-04-19 00:00:00,2015Q2,beijing_2015-04-19T00:00:00,24,3,168,False,False,False
hist_gradient_boosting,hist_gradient_boosting,hist_gradient_boosting,hist_gradient_boosting,hist_gradient_boosting,hist_gradient_boosting,AP2,beijing,Tiantan,origin_week,natural,18864,2015-04-26 00:00:00,2015Q2,beijing_2015-04-26T00:00:00,24,3,168,False,False,False
hist_gradient_boosting,hist_gradient_boosting,hist_gradient_boosting,hist_gradient_boosting,hist_gradient_boosting,hist_gradient_boosting,AP2,beijing,Tiantan,origin_week,natural,19032,2015-05-03 00:00:00,2015Q2,beijing_2015-05-03T00:00:00,24,3,168,False,False,False
logistic,logistic,logistic,logistic,logistic,logistic,AP2,beijing,Tiantan,origin_week,natural,19200,2015-05-10 00:00:00,2015Q2,beijing_2015-05-10T00:00:00,24,3,168,False,False,False
hist_gradient_boosting,hist_gradient_boosting,hist_gradient_boosting,hist_gradient_boosting,hist_gradient_boosting,hist_gradient_boosting,AP2,beijing,Tiantan,origin_week,natural,19368,2015-05-17 00:00:00,2015Q2,beijing_2015-05-17T00:00:00,24,3,168,False,False,False
hist_gradient_boosting,hist_gradient_boosting,hist_gradient_boosting,hist_gradient_boosting,hist_gradient_boosting,hist_gradient_boosting,AP2,beijing,Tiantan,origin_week,natural,19536,2015-05-24 00:00:00,2015Q2,beijing_2015-05-24T00:00:00,24,3,168,False,False,False
logistic,logistic,logistic,logistic,logistic,logistic,AP2,beijing,Tiantan,origin_week,natural,19704,2015-05-31 00:00:00,2015Q2,beijing_2015-05-31T00:00:00,24,3,168,False,False,False
hist_gradient_boosting,hist_gradient_boosting,hist_gradient_boosting,hist_gradient_boosting,hist_gradient_boosting,hist_gradient_boosting,AP2,beijing,Tiantan,origin_week,natural,19872,2015-06-07 00:00:00,2015Q2,beijing_2015-06-07T00:00:00,24,3,168,False,False,False
hist_gradient_boosting,hist_gradient_boosting,hist_gradient_boosting,hist_gradient_boosting,hist_gradient_boosting,hist_gradient_boosting,AP2,beijing,Tiantan,origin_week,natural,20040,2015-06-14 00:00:00,2015Q2,beijing_2015-06-14T00:00:00,24,3,168,False,False,False
hist_gradient_boosting,hist_gradient_boosting,hist_gradient_boosting,hist_gradient_boosting,hist_gradient_boosting,hist_gradient_boosting,AP2,beijing,Tiantan,origin_week,natural,20208,2015-06-21 00:00:00,2015Q2,beijing_2015-06-21T00:00:00,24,3,168,False,False,False
hist_gradient_boosting,hist_gradient_boosting,hist_gradient_boosting,hist_gradient_boosting,hist_gradient_boosting,hist_gradient_boosting,AP2,beijing,Tiantan,origin_week,natural,20376,2015-06-28 00:00:00,2015Q2,beijing_2015-06-28T00:00:00,24,3,168,False,False,False
hist_gradient_boosting,hist_gradient_boosting,hist_gradient_boosting,hist_gradient_boosting,hist_gradient_boosting,hist_gradient_boosting,AP2,beijing,Tiantan,origin_week,natural,20544,2015-07-05 00:00:00,2015Q3,beijing_2015-07-05T00:00:00,24,3,168,False,False,False
logistic,logistic,logistic,logistic,logistic,logistic,AP2,beijing,Tiantan,origin_week,natural,20712,2015-07-12 00:00:00,2015Q3,beijing_2015-07-12T00:00:00,24,3,168,False,False,False
hist_gradient_boosting,hist_gradient_boosting,hist_gradient_boosting,hist_gradient_boosting,hist_gradient_boosting,hist_gradient_boosting,AP2,beijing,Tiantan,origin_week,natural,20880,2015-07-19 00:00:00,2015Q3,beijing_2015-07-19T00:00:00,24,3,168,False,False,False
constant;hist_gradient_boosting;logistic,,constant;hist_gradient_boosting;logistic,,constant;hist_gradient_boosting;logistic,,AP2,beijing,Tiantan,origin_week,natural,21048,2015-07-26 00:00:00,2015Q3,beijing_2015-07-26T00:00:00,24,3,168,False,False,False
constant;logistic,,constant;logistic,,constant;logistic,,AP2,beijing,Tiantan,origin_week,natural,21216,2015-08-02 00:00:00,2015Q3,beijing_2015-08-02T00:00:00,24,3,168,False,False,False
hist_gradient_boosting,hist_gradient_boosting,hist_gradient_boosting,hist_gradient_boosting,hist_gradient_boosting,hist_gradient_boosting,AP2,beijing,Tiantan,origin_week,natural,21384,2015-08-09 00:00:00,2015Q3,beijing_2015-08-09T00:00:00,24,3,168,False,False,False
hist_gradient_boosting,hist_gradient_boosting,hist_gradient_boosting,hist_gradient_boosting,hist_gradient_boosting,hist_gradient_boosting,AP2,beijing,Tiantan,origin_week,natural,21552,2015-08-16 00:00:00,2015Q3,beijing_2015-08-16T00:00:00,24,3,168,False,False,False
hist_gradient_boosting,hist_gradient_boosting,hist_gradient_boosting,hist_gradient_boosting,hist_gradient_boosting,hist_gradient_boosting,AP2,beijing,Tiantan,origin_week,natural,21720,2015-08-23 00:00:00,2015Q3,beijing_2015-08-23T00:00:00,24,3,168,False,False,False
hist_gradient_boosting,hist_gradient_boosting,hist_gradient_boosting,hist_gradient_boosting,hist_gradient_boosting,hist_gradient_boosting,AP2,beijing,Tiantan,origin_week,natural,21888,2015-08-30 00:00:00,2015Q3,beijing_2015-08-30T00:00:00,24,3,168,False,False,False
hist_gradient_boosting,hist_gradient_boosting,hist_gradient_boosting,hist_gradient_boosting,hist_gradient_boosting,hist_gradient_boosting,AP2,beijing,Tiantan,origin_week,natural,22056,2015-09-06 00:00:00,2015Q3,beijing_2015-09-06T00:00:00,24,3,168,False,False,False
logistic,logistic,logistic,logistic,logistic,logistic,AP2,beijing,Tiantan,origin_week,natural,22224,2015-09-13 00:00:00,2015Q3,beijing_2015-09-13T00:00:00,24,3,168,False,False,False
hist_gradient_boosting,hist_gradient_boosting,hist_gradient_boosting,hist_gradient_boosting,hist_gradient_boosting,hist_gradient_boosting,AP2,beijing,Tiantan,origin_week,natural,22392,2015-09-20 00:00:00,2015Q3,beijing_2015-09-20T00:00:00,24,3,168,False,False,False
hist_gradient_boosting,hist_gradient_boosting,hist_gradient_boosting,hist_gradient_boosting,hist_gradient_boosting,hist_gradient_boosting,AP2,beijing,Tiantan,origin_week,natural,22560,2015-09-27 00:00:00,2015Q3,beijing_2015-09-27T00:00:00,24,3,168,False,False,False
logistic,logistic,logistic,logistic,logistic,logistic,AP2,beijing,Tiantan,origin_week,natural,22728,2015-10-04 00:00:00,2015Q4,beijing_2015-10-04T00:00:00,24,3,168,False,False,False
hist_gradient_boosting,hist_gradient_boosting,hist_gradient_boosting,hist_gradient_boosting,hist_gradient_boosting,hist_gradient_boosting,AP2,beijing,Tiantan,origin_week,natural,22896,2015-10-11 00:00:00,2015Q4,beijing_2015-10-11T00:00:00,24,3,168,False,False,False
constant,constant,constant,constant,constant,constant,AP2,beijing,Tiantan,origin_week,natural,23064,2015-10-18 00:00:00,2015Q4,beijing_2015-10-18T00:00:00,24,3,168,False,False,False
hist_gradient_boosting,hist_gradient_boosting,hist_gradient_boosting,hist_gradient_boosting,hist_gradient_boosting,hist_gradient_boosting,AP2,beijing,Tiantan,origin_week,natural,23232,2015-10-25 00:00:00,2015Q4,beijing_2015-10-25T00:00:00,24,3,168,False,False,False
logistic,logistic,logistic,logistic,logistic,logistic,AP2,beijing,Tiantan,origin_week,natural,23400,2015-11-01 00:00:00,2015Q4,beijing_2015-11-01T00:00:00,24,3,168,False,False,False
logistic,logistic,logistic,logistic,logistic,logistic,AP2,beijing,Tiantan,origin_week,natural,23568,2015-11-08 00:00:00,2015Q4,beijing_2015-11-08T00:00:00,24,3,168,False,False,False
hist_gradient_boosting,hist_gradient_boosting,hist_gradient_boosting,hist_gradient_boosting,hist_gradient_boosting,hist_gradient_boosting,AP2,beijing,Tiantan,origin_week,natural,23736,2015-11-15 00:00:00,2015Q4,beijing_2015-11-15T00:00:00,24,3,168,False,False,False
logistic,logistic,logistic,logistic,logistic,logistic,AP2,beijing,Tiantan,origin_week,natural,23904,2015-11-22 00:00:00,2015Q4,beijing_2015-11-22T00:00:00,24,3,168,False,False,False
logistic,logistic,logistic,logistic,logistic,logistic,AP2,beijing,Tiantan,origin_week,natural,24072,2015-11-29 00:00:00,2015Q4,beijing_2015-11-29T00:00:00,24,3,168,False,False,False
hist_gradient_boosting,hist_gradient_boosting,hist_gradient_boosting,hist_gradient_boosting,hist_gradient_boosting,hist_gradient_boosting,AP2,beijing,Tiantan,origin_week,natural,24240,2015-12-06 00:00:00,2015Q4,beijing_2015-12-06T00:00:00,24,3,168,False,False,False
hist_gradient_boosting,hist_gradient_boosting,hist_gradient_boosting,hist_gradient_boosting,hist_gradient_boosting,hist_gradient_boosting,AP2,beijing,Tiantan,origin_week,natural,24408,2015-12-13 00:00:00,2015Q4,beijing_2015-12-13T00:00:00,24,3,168,False,False,False
logistic,logistic,logistic,logistic,logistic,logistic,AP2,beijing,Tiantan,origin_week,natural,24576,2015-12-20 00:00:00,2015Q4,beijing_2015-12-20T00:00:00,24,3,168,False,False,False
logistic,logistic,logistic,logistic,logistic,logistic,AP2,beijing,Tiantan,origin_week,natural,24744,2015-12-27 00:00:00,2015Q4,beijing_2015-12-27T00:00:00,24,3,168,False,False,False
logistic,logistic,logistic,logistic,logistic,logistic,AP2,beijing,Tiantan,origin_week,natural,24912,2016-01-03 00:00:00,2016Q1,beijing_2016-01-03T00:00:00,24,3,168,False,False,False
hist_gradient_boosting,hist_gradient_boosting,hist_gradient_boosting,hist_gradient_boosting,hist_gradient_boosting,hist_gradient_boosting,AP2,beijing,Tiantan,origin_week,natural,25080,2016-01-10 00:00:00,2016Q1,beijing_2016-01-10T00:00:00,24,3,168,False,False,False
hist_gradient_boosting,hist_gradient_boosting,hist_gradient_boosting,hist_gradient_boosting,hist_gradient_boosting,hist_gradient_boosting,AP2,beijing,Tiantan,origin_week,natural,25248,2016-01-17 00:00:00,2016Q1,beijing_2016-01-17T00:00:00,24,3,168,False,False,False
hist_gradient_boosting,hist_gradient_boosting,hist_gradient_boosting,hist_gradient_boosting,hist_gradient_boosting,hist_gradient_boosting,AP2,beijing,Tiantan,origin_week,natural,25416,2016-01-24 00:00:00,2016Q1,beijing_2016-01-24T00:00:00,24,3,168,False,False,False
logistic,logistic,logistic,logistic,logistic,logistic,AP2,beijing,Tiantan,origin_week,natural,25584,2016-01-31 00:00:00,2016Q1,beijing_2016-01-31T00:00:00,24,3,168,False,False,False
hist_gradient_boosting,hist_gradient_boosting,hist_gradient_boosting,hist_gradient_boosting,hist_gradient_boosting,hist_gradient_boosting,AP2,beijing,Tiantan,origin_week,natural,25752,2016-02-07 00:00:00,2016Q1,beijing_2016-02-07T00:00:00,24,3,168,False,False,False
hist_gradient_boosting,hist_gradient_boosting,hist_gradient_boosting,hist_gradient_boosting,hist_gradient_boosting,hist_gradient_boosting,AP2,beijing,Tiantan,origin_week,natural,25920,2016-02-14 00:00:00,2016Q1,beijing_2016-02-14T00:00:00,24,3,168,False,False,False
hist_gradient_boosting,hist_gradient_boosting,hist_gradient_boosting,hist_gradient_boosting,hist_gradient_boosting,hist_gradient_boosting,AP2,beijing,Tiantan,origin_week,natural,26088,2016-02-21 00:00:00,2016Q1,beijing_2016-02-21T00:00:00,24,3,168,False,False,False
hist_gradient_boosting,hist_gradient_boosting,hist_gradient_boosting,hist_gradient_boosting,hist_gradient_boosting,hist_gradient_boosting,AP2,beijing,Tiantan,origin_week,natural,26256,2016-02-28 00:00:00,2016Q1,beijing_2016-02-28T00:00:00,24,3,25,False,False,False
hist_gradient_boosting,hist_gradient_boosting,hist_gradient_boosting,hist_gradient_boosting,hist_gradient_boosting,hist_gradient_boosting,AP2,beijing,Tiantan,artificial,iid_10,22712,2015-10-03 08:00:00,2015Q4,beijing_2015-10-03T08:00:00,24,3,668,False,False,False
hist_gradient_boosting,hist_gradient_boosting,hist_gradient_boosting,hist_gradient_boosting,hist_gradient_boosting,hist_gradient_boosting,AP2,beijing,Tiantan,artificial,iid_30,22712,2015-10-03 08:00:00,2015Q4,beijing_2015-10-03T08:00:00,24,3,668,False,False,False
hist_gradient_boosting,hist_gradient_boosting,hist_gradient_boosting,hist_gradient_boosting,hist_gradient_boosting,hist_gradient_boosting,AP2,beijing,Tiantan,artificial,blocks_10,22712,2015-10-03 08:00:00,2015Q4,beijing_2015-10-03T08:00:00,24,3,668,False,False,False
logistic,logistic,logistic,logistic,logistic,logistic,AP2,beijing,Tiantan,annual,natural,17520,2015-03-01 00:00:00,2015Q1,beijing_2015-03-01T00:00:00,72,3,8713,False,False,False
logistic,logistic,logistic,logistic,logistic,logistic,AP2,beijing,Tiantan,origin_week,natural,17520,2015-03-01 00:00:00,2015Q1,beijing_2015-03-01T00:00:00,72,3,168,False,False,False
logistic,logistic,logistic,logistic,logistic,logistic,AP2,beijing,Tiantan,origin_week,natural,17688,2015-03-08 00:00:00,2015Q1,beijing_2015-03-08T00:00:00,72,3,168,False,False,False
constant,constant,constant,constant,constant,constant,AP2,beijing,Tiantan,origin_week,natural,17856,2015-03-15 00:00:00,2015Q1,beijing_2015-03-15T00:00:00,72,3,168,False,False,False
logistic,logistic,logistic,logistic,logistic,logistic,AP2,beijing,Tiantan,origin_week,natural,18024,2015-03-22 00:00:00,2015Q1,beijing_2015-03-22T00:00:00,72,3,168,False,False,False
constant;logistic,,constant;logistic,,constant;logistic,,AP2,beijing,Tiantan,origin_week,natural,18192,2015-03-29 00:00:00,2015Q1,beijing_2015-03-29T00:00:00,72,3,168,False,False,False
constant,constant,constant,constant,constant,constant,AP2,beijing,Tiantan,origin_week,natural,18360,2015-04-05 00:00:00,2015Q2,beijing_2015-04-05T00:00:00,72,3,168,False,False,False
logistic,logistic,logistic,logistic,logistic,logistic,AP2,beijing,Tiantan,origin_week,natural,18528,2015-04-12 00:00:00,2015Q2,beijing_2015-04-12T00:00:00,72,3,168,False,False,False
logistic,logistic,logistic,logistic,logistic,logistic,AP2,beijing,Tiantan,origin_week,natural,18696,2015-04-19 00:00:00,2015Q2,beijing_2015-04-19T00:00:00,72,3,168,False,False,False
logistic,logistic,logistic,logistic,logistic,logistic,AP2,beijing,Tiantan,origin_week,natural,18864,2015-04-26 00:00:00,2015Q2,beijing_2015-04-26T00:00:00,72,3,168,False,False,False
constant,constant,constant,constant,constant,constant,AP2,beijing,Tiantan,origin_week,natural,19032,2015-05-03 00:00:00,2015Q2,beijing_2015-05-03T00:00:00,72,3,168,False,False,False
constant,constant,constant,constant,constant,constant,AP2,beijing,Tiantan,origin_week,natural,19200,2015-05-10 00:00:00,2015Q2,beijing_2015-05-10T00:00:00,72,3,168,False,False,False
hist_gradient_boosting,hist_gradient_boosting,hist_gradient_boosting,hist_gradient_boosting,hist_gradient_boosting,hist_gradient_boosting,AP2,beijing,Tiantan,origin_week,natural,19368,2015-05-17 00:00:00,2015Q2,beijing_2015-05-17T00:00:00,72,3,168,False,False,False
logistic,logistic,logistic,logistic,logistic,logistic,AP2,beijing,Tiantan,origin_week,natural,19536,2015-05-24 00:00:00,2015Q2,beijing_2015-05-24T00:00:00,72,3,168,False,False,False
hist_gradient_boosting,hist_gradient_boosting,hist_gradient_boosting,hist_gradient_boosting,hist_gradient_boosting,hist_gradient_boosting,AP2,beijing,Tiantan,origin_week,natural,19704,2015-05-31 00:00:00,2015Q2,beijing_2015-05-31T00:00:00,72,3,168,False,False,False
hist_gradient_boosting,hist_gradient_boosting,hist_gradient_boosting,hist_gradient_boosting,hist_gradient_boosting,hist_gradient_boosting,AP2,beijing,Tiantan,origin_week,natural,19872,2015-06-07 00:00:00,2015Q2,beijing_2015-06-07T00:00:00,72,3,168,False,False,False
hist_gradient_boosting,hist_gradient_boosting,hist_gradient_boosting,hist_gradient_boosting,hist_gradient_boosting,hist_gradient_boosting,AP2,beijing,Tiantan,origin_week,natural,20040,2015-06-14 00:00:00,2015Q2,beijing_2015-06-14T00:00:00,72,3,168,False,False,False
logistic,logistic,logistic,logistic,logistic,logistic,AP2,beijing,Tiantan,origin_week,natural,20208,2015-06-21 00:00:00,2015Q2,beijing_2015-06-21T00:00:00,72,3,168,False,False,False
logistic,logistic,logistic,logistic,logistic,logistic,AP2,beijing,Tiantan,origin_week,natural,20376,2015-06-28 00:00:00,2015Q2,beijing_2015-06-28T00:00:00,72,3,168,False,False,False
logistic,logistic,logistic,logistic,logistic,logistic,AP2,beijing,Tiantan,origin_week,natural,20544,2015-07-05 00:00:00,2015Q3,beijing_2015-07-05T00:00:00,72,3,168,False,False,False
constant;hist_gradient_boosting;logistic,,hist_gradient_boosting;logistic,,hist_gradient_boosting;logistic,,AP2,beijing,Tiantan,origin_week,natural,20712,2015-07-12 00:00:00,2015Q3,beijing_2015-07-12T00:00:00,72,3,168,True,True,False
hist_gradient_boosting,hist_gradient_boosting,hist_gradient_boosting,hist_gradient_boosting,hist_gradient_boosting,hist_gradient_boosting,AP2,beijing,Tiantan,origin_week,natural,20880,2015-07-19 00:00:00,2015Q3,beijing_2015-07-19T00:00:00,72,3,168,False,False,False
logistic,logistic,logistic,logistic,logistic,logistic,AP2,beijing,Tiantan,origin_week,natural,21048,2015-07-26 00:00:00,2015Q3,beijing_2015-07-26T00:00:00,72,3,168,False,False,False
logistic,logistic,logistic,logistic,logistic,logistic,AP2,beijing,Tiantan,origin_week,natural,21216,2015-08-02 00:00:00,2015Q3,beijing_2015-08-02T00:00:00,72,3,168,False,False,False
logistic,logistic,logistic,logistic,logistic,logistic,AP2,beijing,Tiantan,origin_week,natural,21384,2015-08-09 00:00:00,2015Q3,beijing_2015-08-09T00:00:00,72,3,168,False,False,False
hist_gradient_boosting,hist_gradient_boosting,hist_gradient_boosting,hist_gradient_boosting,hist_gradient_boosting,hist_gradient_boosting,AP2,beijing,Tiantan,origin_week,natural,21552,2015-08-16 00:00:00,2015Q3,beijing_2015-08-16T00:00:00,72,3,168,False,False,False
hist_gradient_boosting;logistic,,hist_gradient_boosting;logistic,,hist_gradient_boosting;logistic,,AP2,beijing,Tiantan,origin_week,natural,21720,2015-08-23 00:00:00,2015Q3,beijing_2015-08-23T00:00:00,72,3,168,False,False,False
constant,constant,constant,constant,constant,constant,AP2,beijing,Tiantan,origin_week,natural,21888,2015-08-30 00:00:00,2015Q3,beijing_2015-08-30T00:00:00,72,3,168,False,False,False
hist_gradient_boosting,hist_gradient_boosting,hist_gradient_boosting,hist_gradient_boosting,hist_gradient_boosting,hist_gradient_boosting,AP2,beijing,Tiantan,origin_week,natural,22056,2015-09-06 00:00:00,2015Q3,beijing_2015-09-06T00:00:00,72,3,168,False,False,False
logistic,logistic,logistic,logistic,logistic,logistic,AP2,beijing,Tiantan,origin_week,natural,22224,2015-09-13 00:00:00,2015Q3,beijing_2015-09-13T00:00:00,72,3,168,False,False,False
constant,constant,constant,constant,constant,constant,AP2,beijing,Tiantan,origin_week,natural,22392,2015-09-20 00:00:00,2015Q3,beijing_2015-09-20T00:00:00,72,3,168,False,False,False
logistic,logistic,logistic,logistic,logistic,logistic,AP2,beijing,Tiantan,origin_week,natural,22560,2015-09-27 00:00:00,2015Q3,beijing_2015-09-27T00:00:00,72,3,168,False,False,False
constant,constant,constant,constant,constant,constant,AP2,beijing,Tiantan,origin_week,natural,22728,2015-10-04 00:00:00,2015Q4,beijing_2015-10-04T00:00:00,72,3,168,False,False,False
hist_gradient_boosting,hist_gradient_boosting,hist_gradient_boosting,hist_gradient_boosting,hist_gradient_boosting,hist_gradient_boosting,AP2,beijing,Tiantan,origin_week,natural,22896,2015-10-11 00:00:00,2015Q4,beijing_2015-10-11T00:00:00,72,3,168,False,False,False
constant,constant,constant,constant,constant,constant,AP2,beijing,Tiantan,origin_week,natural,23064,2015-10-18 00:00:00,2015Q4,beijing_2015-10-18T00:00:00,72,3,168,False,False,False
logistic,logistic,logistic,logistic,logistic,logistic,AP2,beijing,Tiantan,origin_week,natural,23232,2015-10-25 00:00:00,2015Q4,beijing_2015-10-25T00:00:00,72,3,168,False,False,False
logistic,logistic,logistic,logistic,logistic,logistic,AP2,beijing,Tiantan,origin_week,natural,23400,2015-11-01 00:00:00,2015Q4,beijing_2015-11-01T00:00:00,72,3,168,False,False,False
logistic,logistic,logistic,logistic,logistic,logistic,AP2,beijing,Tiantan,origin_week,natural,23568,2015-11-08 00:00:00,2015Q4,beijing_2015-11-08T00:00:00,72,3,168,False,False,False
constant,constant,constant,constant,constant,constant,AP2,beijing,Tiantan,origin_week,natural,23736,2015-11-15 00:00:00,2015Q4,beijing_2015-11-15T00:00:00,72,3,168,False,False,False
constant,constant,constant,constant,constant,constant,AP2,beijing,Tiantan,origin_week,natural,23904,2015-11-22 00:00:00,2015Q4,beijing_2015-11-22T00:00:00,72,3,168,False,False,False
logistic,logistic,logistic,logistic,logistic,logistic,AP2,beijing,Tiantan,origin_week,natural,24072,2015-11-29 00:00:00,2015Q4,beijing_2015-11-29T00:00:00,72,3,168,False,False,False
hist_gradient_boosting,hist_gradient_boosting,hist_gradient_boosting,hist_gradient_boosting,hist_gradient_boosting,hist_gradient_boosting,AP2,beijing,Tiantan,origin_week,natural,24240,2015-12-06 00:00:00,2015Q4,beijing_2015-12-06T00:00:00,72,3,168,False,False,False
constant;logistic,,constant;logistic,,constant;logistic,,AP2,beijing,Tiantan,origin_week,natural,24408,2015-12-13 00:00:00,2015Q4,beijing_2015-12-13T00:00:00,72,3,168,False,False,False
logistic,logistic,logistic,logistic,logistic,logistic,AP2,beijing,Tiantan,origin_week,natural,24576,2015-12-20 00:00:00,2015Q4,beijing_2015-12-20T00:00:00,72,3,168,False,False,False
logistic,logistic,logistic,logistic,logistic,logistic,AP2,beijing,Tiantan,origin_week,natural,24744,2015-12-27 00:00:00,2015Q4,beijing_2015-12-27T00:00:00,72,3,168,False,False,False
logistic,logistic,logistic,logistic,logistic,logistic,AP2,beijing,Tiantan,origin_week,natural,24912,2016-01-03 00:00:00,2016Q1,beijing_2016-01-03T00:00:00,72,3,168,False,False,False
constant,constant,constant,constant,constant,constant,AP2,beijing,Tiantan,origin_week,natural,25080,2016-01-10 00:00:00,2016Q1,beijing_2016-01-10T00:00:00,72,3,168,False,False,False
hist_gradient_boosting,hist_gradient_boosting,hist_gradient_boosting,hist_gradient_boosting,hist_gradient_boosting,hist_gradient_boosting,AP2,beijing,Tiantan,origin_week,natural,25248,2016-01-17 00:00:00,2016Q1,beijing_2016-01-17T00:00:00,72,3,168,False,False,False
logistic,logistic,logistic,logistic,logistic,logistic,AP2,beijing,Tiantan,origin_week,natural,25416,2016-01-24 00:00:00,2016Q1,beijing_2016-01-24T00:00:00,72,3,168,False,False,False
logistic,logistic,logistic,logistic,logistic,logistic,AP2,beijing,Tiantan,origin_week,natural,25584,2016-01-31 00:00:00,2016Q1,beijing_2016-01-31T00:00:00,72,3,168,False,False,False
logistic,logistic,logistic,logistic,logistic,logistic,AP2,beijing,Tiantan,origin_week,natural,25752,2016-02-07 00:00:00,2016Q1,beijing_2016-02-07T00:00:00,72,3,168,False,False,False
constant,constant,constant,constant,constant,constant,AP2,beijing,Tiantan,origin_week,natural,25920,2016-02-14 00:00:00,2016Q1,beijing_2016-02-14T00:00:00,72,3,168,False,False,False
hist_gradient_boosting,hist_gradient_boosting,hist_gradient_boosting,hist_gradient_boosting,hist_gradient_boosting,hist_gradient_boosting,AP2,beijing,Tiantan,origin_week,natural,26088,2016-02-21 00:00:00,2016Q1,beijing_2016-02-21T00:00:00,72,3,145,False,False,False
constant,constant,constant,constant,constant,constant,AP2,beijing,Tiantan,artificial,iid_10,22712,2015-10-03 08:00:00,2015Q4,beijing_2015-10-03T08:00:00,72,3,620,False,False,False
constant,constant,constant,constant,constant,constant,AP2,beijing,Tiantan,artificial,iid_30,22712,2015-10-03 08:00:00,2015Q4,beijing_2015-10-03T08:00:00,72,3,620,False,False,False
constant,constant,constant,constant,constant,constant,AP2,beijing,Tiantan,artificial,blocks_10,22712,2015-10-03 08:00:00,2015Q4,beijing_2015-10-03T08:00:00,72,3,620,False,False,False
hist_gradient_boosting,hist_gradient_boosting,hist_gradient_boosting,hist_gradient_boosting,hist_gradient_boosting,hist_gradient_boosting,AP2,beijing,Wanliu,annual,natural,17520,2015-03-01 00:00:00,2015Q1,beijing_2015-03-01T00:00:00,24,3,8761,False,False,False
logistic,logistic,logistic,logistic,logistic,logistic,AP2,beijing,Wanliu,origin_week,natural,17520,2015-03-01 00:00:00,2015Q1,beijing_2015-03-01T00:00:00,24,3,168,False,False,False
logistic,logistic,logistic,logistic,logistic,logistic,AP2,beijing,Wanliu,origin_week,natural,17688,2015-03-08 00:00:00,2015Q1,beijing_2015-03-08T00:00:00,24,3,168,False,False,False
logistic,logistic,logistic,logistic,logistic,logistic,AP2,beijing,Wanliu,origin_week,natural,17856,2015-03-15 00:00:00,2015Q1,beijing_2015-03-15T00:00:00,24,3,168,False,False,False
hist_gradient_boosting,hist_gradient_boosting,hist_gradient_boosting,hist_gradient_boosting,hist_gradient_boosting,hist_gradient_boosting,AP2,beijing,Wanliu,origin_week,natural,18024,2015-03-22 00:00:00,2015Q1,beijing_2015-03-22T00:00:00,24,3,168,False,False,False
hist_gradient_boosting,hist_gradient_boosting,hist_gradient_boosting,hist_gradient_boosting,hist_gradient_boosting,hist_gradient_boosting,AP2,beijing,Wanliu,origin_week,natural,18192,2015-03-29 00:00:00,2015Q1,beijing_2015-03-29T00:00:00,24,3,168,False,False,False
hist_gradient_boosting,hist_gradient_boosting,hist_gradient_boosting,hist_gradient_boosting,hist_gradient_boosting,hist_gradient_boosting,AP2,beijing,Wanliu,origin_week,natural,18360,2015-04-05 00:00:00,2015Q2,beijing_2015-04-05T00:00:00,24,3,168,False,False,False
hist_gradient_boosting,hist_gradient_boosting,hist_gradient_boosting,hist_gradient_boosting,hist_gradient_boosting,hist_gradient_boosting,AP2,beijing,Wanliu,origin_week,natural,18528,2015-04-12 00:00:00,2015Q2,beijing_2015-04-12T00:00:00,24,3,168,False,False,False
constant;hist_gradient_boosting;logistic,,constant;hist_gradient_boosting;logistic,,constant;hist_gradient_boosting;logistic,,AP2,beijing,Wanliu,origin_week,natural,18696,2015-04-19 00:00:00,2015Q2,beijing_2015-04-19T00:00:00,24,3,168,False,False,False
hist_gradient_boosting,hist_gradient_boosting,hist_gradient_boosting,hist_gradient_boosting,hist_gradient_boosting,hist_gradient_boosting,AP2,beijing,Wanliu,origin_week,natural,18864,2015-04-26 00:00:00,2015Q2,beijing_2015-04-26T00:00:00,24,3,168,False,False,False
hist_gradient_boosting,hist_gradient_boosting,hist_gradient_boosting,hist_gradient_boosting,hist_gradient_boosting,hist_gradient_boosting,AP2,beijing,Wanliu,origin_week,natural,19032,2015-05-03 00:00:00,2015Q2,beijing_2015-05-03T00:00:00,24,3,168,False,False,False
hist_gradient_boosting,hist_gradient_boosting,hist_gradient_boosting,hist_gradient_boosting,hist_gradient_boosting,hist_gradient_boosting,AP2,beijing,Wanliu,origin_week,natural,19200,2015-05-10 00:00:00,2015Q2,beijing_2015-05-10T00:00:00,24,3,168,False,False,False
hist_gradient_boosting,hist_gradient_boosting,hist_gradient_boosting,hist_gradient_boosting,hist_gradient_boosting,hist_gradient_boosting,AP2,beijing,Wanliu,origin_week,natural,19368,2015-05-17 00:00:00,2015Q2,beijing_2015-05-17T00:00:00,24,3,168,False,False,False
logistic,logistic,logistic,logistic,logistic,logistic,AP2,beijing,Wanliu,origin_week,natural,19536,2015-05-24 00:00:00,2015Q2,beijing_2015-05-24T00:00:00,24,3,168,False,False,False
logistic,logistic,logistic,logistic,logistic,logistic,AP2,beijing,Wanliu,origin_week,natural,19704,2015-05-31 00:00:00,2015Q2,beijing_2015-05-31T00:00:00,24,3,168,False,False,False
hist_gradient_boosting,hist_gradient_boosting,hist_gradient_boosting,hist_gradient_boosting,hist_gradient_boosting,hist_gradient_boosting,AP2,beijing,Wanliu,origin_week,natural,19872,2015-06-07 00:00:00,2015Q2,beijing_2015-06-07T00:00:00,24,3,168,False,False,False
hist_gradient_boosting,hist_gradient_boosting,hist_gradient_boosting,hist_gradient_boosting,hist_gradient_boosting,hist_gradient_boosting,AP2,beijing,Wanliu,origin_week,natural,20040,2015-06-14 00:00:00,2015Q2,beijing_2015-06-14T00:00:00,24,3,168,False,False,False
hist_gradient_boosting,hist_gradient_boosting,hist_gradient_boosting,hist_gradient_boosting,hist_gradient_boosting,hist_gradient_boosting,AP2,beijing,Wanliu,origin_week,natural,20208,2015-06-21 00:00:00,2015Q2,beijing_2015-06-21T00:00:00,24,3,168,False,False,False
logistic,logistic,logistic,logistic,logistic,logistic,AP2,beijing,Wanliu,origin_week,natural,20376,2015-06-28 00:00:00,2015Q2,beijing_2015-06-28T00:00:00,24,3,168,False,False,False
hist_gradient_boosting,hist_gradient_boosting,hist_gradient_boosting,hist_gradient_boosting,hist_gradient_boosting,hist_gradient_boosting,AP2,beijing,Wanliu,origin_week,natural,20544,2015-07-05 00:00:00,2015Q3,beijing_2015-07-05T00:00:00,24,3,168,False,False,False
hist_gradient_boosting,hist_gradient_boosting,hist_gradient_boosting,hist_gradient_boosting,hist_gradient_boosting,hist_gradient_boosting,AP2,beijing,Wanliu,origin_week,natural,20712,2015-07-12 00:00:00,2015Q3,beijing_2015-07-12T00:00:00,24,3,168,False,False,False
hist_gradient_boosting,hist_gradient_boosting,hist_gradient_boosting,hist_gradient_boosting,hist_gradient_boosting,hist_gradient_boosting,AP2,beijing,Wanliu,origin_week,natural,20880,2015-07-19 00:00:00,2015Q3,beijing_2015-07-19T00:00:00,24,3,168,False,False,False
hist_gradient_boosting,hist_gradient_boosting,hist_gradient_boosting,hist_gradient_boosting,hist_gradient_boosting,hist_gradient_boosting,AP2,beijing,Wanliu,origin_week,natural,21048,2015-07-26 00:00:00,2015Q3,beijing_2015-07-26T00:00:00,24,3,168,False,False,False
logistic,logistic,logistic,logistic,logistic,logistic,AP2,beijing,Wanliu,origin_week,natural,21216,2015-08-02 00:00:00,2015Q3,beijing_2015-08-02T00:00:00,24,3,168,False,False,False
hist_gradient_boosting,hist_gradient_boosting,hist_gradient_boosting,hist_gradient_boosting,hist_gradient_boosting,hist_gradient_boosting,AP2,beijing,Wanliu,origin_week,natural,21384,2015-08-09 00:00:00,2015Q3,beijing_2015-08-09T00:00:00,24,3,168,False,False,False
hist_gradient_boosting,hist_gradient_boosting,hist_gradient_boosting,hist_gradient_boosting,hist_gradient_boosting,hist_gradient_boosting,AP2,beijing,Wanliu,origin_week,natural,21552,2015-08-16 00:00:00,2015Q3,beijing_2015-08-16T00:00:00,24,3,168,False,False,False
hist_gradient_boosting,hist_gradient_boosting,hist_gradient_boosting,hist_gradient_boosting,hist_gradient_boosting,hist_gradient_boosting,AP2,beijing,Wanliu,origin_week,natural,21720,2015-08-23 00:00:00,2015Q3,beijing_2015-08-23T00:00:00,24,3,168,False,False,False
hist_gradient_boosting,hist_gradient_boosting,hist_gradient_boosting,hist_gradient_boosting,hist_gradient_boosting,hist_gradient_boosting,AP2,beijing,Wanliu,origin_week,natural,21888,2015-08-30 00:00:00,2015Q3,beijing_2015-08-30T00:00:00,24,3,168,False,False,False
hist_gradient_boosting,hist_gradient_boosting,hist_gradient_boosting,hist_gradient_boosting,hist_gradient_boosting,hist_gradient_boosting,AP2,beijing,Wanliu,origin_week,natural,22056,2015-09-06 00:00:00,2015Q3,beijing_2015-09-06T00:00:00,24,3,168,False,False,False
logistic,logistic,logistic,logistic,logistic,logistic,AP2,beijing,Wanliu,origin_week,natural,22224,2015-09-13 00:00:00,2015Q3,beijing_2015-09-13T00:00:00,24,3,168,False,False,False
hist_gradient_boosting,hist_gradient_boosting,hist_gradient_boosting,hist_gradient_boosting,hist_gradient_boosting,hist_gradient_boosting,AP2,beijing,Wanliu,origin_week,natural,22392,2015-09-20 00:00:00,2015Q3,beijing_2015-09-20T00:00:00,24,3,168,False,False,False
hist_gradient_boosting,hist_gradient_boosting,hist_gradient_boosting,hist_gradient_boosting,hist_gradient_boosting,hist_gradient_boosting,AP2,beijing,Wanliu,origin_week,natural,22560,2015-09-27 00:00:00,2015Q3,beijing_2015-09-27T00:00:00,24,3,168,False,False,False
logistic,logistic,logistic,logistic,logistic,logistic,AP2,beijing,Wanliu,origin_week,natural,22728,2015-10-04 00:00:00,2015Q4,beijing_2015-10-04T00:00:00,24,3,168,False,False,False
hist_gradient_boosting,hist_gradient_boosting,hist_gradient_boosting,hist_gradient_boosting,hist_gradient_boosting,hist_gradient_boosting,AP2,beijing,Wanliu,origin_week,natural,22896,2015-10-11 00:00:00,2015Q4,beijing_2015-10-11T00:00:00,24,3,168,False,False,False
constant,constant,constant,constant,constant,constant,AP2,beijing,Wanliu,origin_week,natural,23064,2015-10-18 00:00:00,2015Q4,beijing_2015-10-18T00:00:00,24,3,168,False,False,False
hist_gradient_boosting,hist_gradient_boosting,hist_gradient_boosting,hist_gradient_boosting,hist_gradient_boosting,hist_gradient_boosting,AP2,beijing,Wanliu,origin_week,natural,23232,2015-10-25 00:00:00,2015Q4,beijing_2015-10-25T00:00:00,24,3,168,False,False,False
logistic,logistic,logistic,logistic,logistic,logistic,AP2,beijing,Wanliu,origin_week,natural,23400,2015-11-01 00:00:00,2015Q4,beijing_2015-11-01T00:00:00,24,3,168,False,False,False
logistic,logistic,logistic,logistic,logistic,logistic,AP2,beijing,Wanliu,origin_week,natural,23568,2015-11-08 00:00:00,2015Q4,beijing_2015-11-08T00:00:00,24,3,168,False,False,False
logistic,logistic,logistic,logistic,logistic,logistic,AP2,beijing,Wanliu,origin_week,natural,23736,2015-11-15 00:00:00,2015Q4,beijing_2015-11-15T00:00:00,24,3,168,False,False,False
logistic,logistic,logistic,logistic,logistic,logistic,AP2,beijing,Wanliu,origin_week,natural,23904,2015-11-22 00:00:00,2015Q4,beijing_2015-11-22T00:00:00,24,3,168,False,False,False
logistic,logistic,logistic,logistic,logistic,logistic,AP2,beijing,Wanliu,origin_week,natural,24072,2015-11-29 00:00:00,2015Q4,beijing_2015-11-29T00:00:00,24,3,168,False,False,False
logistic,logistic,logistic,logistic,logistic,logistic,AP2,beijing,Wanliu,origin_week,natural,24240,2015-12-06 00:00:00,2015Q4,beijing_2015-12-06T00:00:00,24,3,168,False,False,False
logistic,logistic,logistic,logistic,logistic,logistic,AP2,beijing,Wanliu,origin_week,natural,24408,2015-12-13 00:00:00,2015Q4,beijing_2015-12-13T00:00:00,24,3,168,False,False,False
logistic,logistic,logistic,logistic,logistic,logistic,AP2,beijing,Wanliu,origin_week,natural,24576,2015-12-20 00:00:00,2015Q4,beijing_2015-12-20T00:00:00,24,3,168,False,False,False
logistic,logistic,logistic,logistic,logistic,logistic,AP2,beijing,Wanliu,origin_week,natural,24744,2015-12-27 00:00:00,2015Q4,beijing_2015-12-27T00:00:00,24,3,168,False,False,False
logistic,logistic,logistic,logistic,logistic,logistic,AP2,beijing,Wanliu,origin_week,natural,24912,2016-01-03 00:00:00,2016Q1,beijing_2016-01-03T00:00:00,24,3,168,False,False,False
hist_gradient_boosting,hist_gradient_boosting,hist_gradient_boosting,hist_gradient_boosting,hist_gradient_boosting,hist_gradient_boosting,AP2,beijing,Wanliu,origin_week,natural,25080,2016-01-10 00:00:00,2016Q1,beijing_2016-01-10T00:00:00,24,3,168,False,False,False
hist_gradient_boosting,hist_gradient_boosting,hist_gradient_boosting,hist_gradient_boosting,hist_gradient_boosting,hist_gradient_boosting,AP2,beijing,Wanliu,origin_week,natural,25248,2016-01-17 00:00:00,2016Q1,beijing_2016-01-17T00:00:00,24,3,168,False,False,False
hist_gradient_boosting,hist_gradient_boosting,hist_gradient_boosting,hist_gradient_boosting,hist_gradient_boosting,hist_gradient_boosting,AP2,beijing,Wanliu,origin_week,natural,25416,2016-01-24 00:00:00,2016Q1,beijing_2016-01-24T00:00:00,24,3,168,False,False,False
hist_gradient_boosting,hist_gradient_boosting,hist_gradient_boosting,hist_gradient_boosting,hist_gradient_boosting,hist_gradient_boosting,AP2,beijing,Wanliu,origin_week,natural,25584,2016-01-31 00:00:00,2016Q1,beijing_2016-01-31T00:00:00,24,3,168,False,False,False
hist_gradient_boosting,hist_gradient_boosting,hist_gradient_boosting,hist_gradient_boosting,hist_gradient_boosting,hist_gradient_boosting,AP2,beijing,Wanliu,origin_week,natural,25752,2016-02-07 00:00:00,2016Q1,beijing_2016-02-07T00:00:00,24,3,168,False,False,False
hist_gradient_boosting,hist_gradient_boosting,hist_gradient_boosting,hist_gradient_boosting,hist_gradient_boosting,hist_gradient_boosting,AP2,beijing,Wanliu,origin_week,natural,25920,2016-02-14 00:00:00,2016Q1,beijing_2016-02-14T00:00:00,24,3,168,False,False,False
hist_gradient_boosting,hist_gradient_boosting,hist_gradient_boosting,hist_gradient_boosting,hist_gradient_boosting,hist_gradient_boosting,AP2,beijing,Wanliu,origin_week,natural,26088,2016-02-21 00:00:00,2016Q1,beijing_2016-02-21T00:00:00,24,3,168,False,False,False
hist_gradient_boosting,hist_gradient_boosting,hist_gradient_boosting,hist_gradient_boosting,hist_gradient_boosting,hist_gradient_boosting,AP2,beijing,Wanliu,origin_week,natural,26256,2016-02-28 00:00:00,2016Q1,beijing_2016-02-28T00:00:00,24,3,25,False,False,False
logistic,logistic,logistic,logistic,logistic,logistic,AP2,beijing,Wanliu,artificial,iid_10,24832,2015-12-30 16:00:00,2015Q4,beijing_2015-12-30T16:00:00,24,3,669,False,False,False
constant;hist_gradient_boosting;logistic,,constant;hist_gradient_boosting;logistic,,constant;hist_gradient_boosting;logistic,,AP2,beijing,Wanliu,artificial,iid_30,24832,2015-12-30 16:00:00,2015Q4,beijing_2015-12-30T16:00:00,24,3,669,False,False,False
logistic,logistic,logistic,logistic,logistic,logistic,AP2,beijing,Wanliu,artificial,blocks_10,24832,2015-12-30 16:00:00,2015Q4,beijing_2015-12-30T16:00:00,24,3,669,False,False,False
hist_gradient_boosting,hist_gradient_boosting,hist_gradient_boosting,hist_gradient_boosting,hist_gradient_boosting,hist_gradient_boosting,AP2,beijing,Wanliu,annual,natural,17520,2015-03-01 00:00:00,2015Q1,beijing_2015-03-01T00:00:00,72,3,8713,False,False,False
logistic,logistic,logistic,logistic,logistic,logistic,AP2,beijing,Wanliu,origin_week,natural,17520,2015-03-01 00:00:00,2015Q1,beijing_2015-03-01T00:00:00,72,3,168,False,False,False
logistic,logistic,logistic,logistic,logistic,logistic,AP2,beijing,Wanliu,origin_week,natural,17688,2015-03-08 00:00:00,2015Q1,beijing_2015-03-08T00:00:00,72,3,168,False,False,False
constant,constant,constant,constant,constant,constant,AP2,beijing,Wanliu,origin_week,natural,17856,2015-03-15 00:00:00,2015Q1,beijing_2015-03-15T00:00:00,72,3,168,False,False,False
logistic,logistic,logistic,logistic,logistic,logistic,AP2,beijing,Wanliu,origin_week,natural,18024,2015-03-22 00:00:00,2015Q1,beijing_2015-03-22T00:00:00,72,3,168,False,False,False
logistic,logistic,logistic,logistic,logistic,logistic,AP2,beijing,Wanliu,origin_week,natural,18192,2015-03-29 00:00:00,2015Q1,beijing_2015-03-29T00:00:00,72,3,168,False,False,False
logistic,logistic,logistic,logistic,logistic,logistic,AP2,beijing,Wanliu,origin_week,natural,18360,2015-04-05 00:00:00,2015Q2,beijing_2015-04-05T00:00:00,72,3,168,False,False,False
logistic,logistic,logistic,logistic,logistic,logistic,AP2,beijing,Wanliu,origin_week,natural,18528,2015-04-12 00:00:00,2015Q2,beijing_2015-04-12T00:00:00,72,3,168,False,False,False
logistic,logistic,logistic,logistic,logistic,logistic,AP2,beijing,Wanliu,origin_week,natural,18696,2015-04-19 00:00:00,2015Q2,beijing_2015-04-19T00:00:00,72,3,168,False,False,False
logistic,logistic,logistic,logistic,logistic,logistic,AP2,beijing,Wanliu,origin_week,natural,18864,2015-04-26 00:00:00,2015Q2,beijing_2015-04-26T00:00:00,72,3,168,False,False,False
constant,constant,constant,constant,constant,constant,AP2,beijing,Wanliu,origin_week,natural,19032,2015-05-03 00:00:00,2015Q2,beijing_2015-05-03T00:00:00,72,3,168,False,False,False
constant,constant,constant,constant,constant,constant,AP2,beijing,Wanliu,origin_week,natural,19200,2015-05-10 00:00:00,2015Q2,beijing_2015-05-10T00:00:00,72,3,168,False,False,False
hist_gradient_boosting,hist_gradient_boosting,hist_gradient_boosting,hist_gradient_boosting,hist_gradient_boosting,hist_gradient_boosting,AP2,beijing,Wanliu,origin_week,natural,19368,2015-05-17 00:00:00,2015Q2,beijing_2015-05-17T00:00:00,72,3,168,False,False,False
logistic,logistic,logistic,logistic,logistic,logistic,AP2,beijing,Wanliu,origin_week,natural,19536,2015-05-24 00:00:00,2015Q2,beijing_2015-05-24T00:00:00,72,3,168,False,False,False
hist_gradient_boosting,hist_gradient_boosting,hist_gradient_boosting,hist_gradient_boosting,hist_gradient_boosting,hist_gradient_boosting,AP2,beijing,Wanliu,origin_week,natural,19704,2015-05-31 00:00:00,2015Q2,beijing_2015-05-31T00:00:00,72,3,168,False,False,False
hist_gradient_boosting,hist_gradient_boosting,hist_gradient_boosting,hist_gradient_boosting,hist_gradient_boosting,hist_gradient_boosting,AP2,beijing,Wanliu,origin_week,natural,19872,2015-06-07 00:00:00,2015Q2,beijing_2015-06-07T00:00:00,72,3,168,False,False,False
hist_gradient_boosting,hist_gradient_boosting,hist_gradient_boosting,hist_gradient_boosting,hist_gradient_boosting,hist_gradient_boosting,AP2,beijing,Wanliu,origin_week,natural,20040,2015-06-14 00:00:00,2015Q2,beijing_2015-06-14T00:00:00,72,3,168,False,False,False
logistic,logistic,logistic,logistic,logistic,logistic,AP2,beijing,Wanliu,origin_week,natural,20208,2015-06-21 00:00:00,2015Q2,beijing_2015-06-21T00:00:00,72,3,168,False,False,False
logistic,logistic,logistic,logistic,logistic,logistic,AP2,beijing,Wanliu,origin_week,natural,20376,2015-06-28 00:00:00,2015Q2,beijing_2015-06-28T00:00:00,72,3,168,False,False,False
logistic,logistic,logistic,logistic,logistic,logistic,AP2,beijing,Wanliu,origin_week,natural,20544,2015-07-05 00:00:00,2015Q3,beijing_2015-07-05T00:00:00,72,3,168,False,False,False
constant,constant,constant,constant,constant,constant,AP2,beijing,Wanliu,origin_week,natural,20712,2015-07-12 00:00:00,2015Q3,beijing_2015-07-12T00:00:00,72,3,168,False,False,False
logistic,logistic,logistic,logistic,logistic,logistic,AP2,beijing,Wanliu,origin_week,natural,20880,2015-07-19 00:00:00,2015Q3,beijing_2015-07-19T00:00:00,72,3,168,False,False,False
constant,constant,constant,constant,constant,constant,AP2,beijing,Wanliu,origin_week,natural,21048,2015-07-26 00:00:00,2015Q3,beijing_2015-07-26T00:00:00,72,3,168,False,False,False
constant,constant,constant,constant,constant,constant,AP2,beijing,Wanliu,origin_week,natural,21216,2015-08-02 00:00:00,2015Q3,beijing_2015-08-02T00:00:00,72,3,168,False,False,False
logistic,logistic,logistic,logistic,logistic,logistic,AP2,beijing,Wanliu,origin_week,natural,21384,2015-08-09 00:00:00,2015Q3,beijing_2015-08-09T00:00:00,72,3,168,False,False,False
hist_gradient_boosting,hist_gradient_boosting,hist_gradient_boosting,hist_gradient_boosting,hist_gradient_boosting,hist_gradient_boosting,AP2,beijing,Wanliu,origin_week,natural,21552,2015-08-16 00:00:00,2015Q3,beijing_2015-08-16T00:00:00,72,3,168,False,False,False
hist_gradient_boosting,hist_gradient_boosting,hist_gradient_boosting,hist_gradient_boosting,hist_gradient_boosting,hist_gradient_boosting,AP2,beijing,Wanliu,origin_week,natural,21720,2015-08-23 00:00:00,2015Q3,beijing_2015-08-23T00:00:00,72,3,168,False,False,False
hist_gradient_boosting,hist_gradient_boosting,hist_gradient_boosting,hist_gradient_boosting,hist_gradient_boosting,hist_gradient_boosting,AP2,beijing,Wanliu,origin_week,natural,21888,2015-08-30 00:00:00,2015Q3,beijing_2015-08-30T00:00:00,72,3,168,False,False,False
hist_gradient_boosting,hist_gradient_boosting,hist_gradient_boosting,hist_gradient_boosting,hist_gradient_boosting,hist_gradient_boosting,AP2,beijing,Wanliu,origin_week,natural,22056,2015-09-06 00:00:00,2015Q3,beijing_2015-09-06T00:00:00,72,3,168,False,False,False
logistic,logistic,logistic,logistic,logistic,logistic,AP2,beijing,Wanliu,origin_week,natural,22224,2015-09-13 00:00:00,2015Q3,beijing_2015-09-13T00:00:00,72,3,168,False,False,False
logistic,logistic,logistic,logistic,logistic,logistic,AP2,beijing,Wanliu,origin_week,natural,22392,2015-09-20 00:00:00,2015Q3,beijing_2015-09-20T00:00:00,72,3,168,False,False,False
constant,constant,constant,constant,constant,constant,AP2,beijing,Wanliu,origin_week,natural,22560,2015-09-27 00:00:00,2015Q3,beijing_2015-09-27T00:00:00,72,3,168,False,False,False
constant,constant,constant,constant,constant,constant,AP2,beijing,Wanliu,origin_week,natural,22728,2015-10-04 00:00:00,2015Q4,beijing_2015-10-04T00:00:00,72,3,168,False,False,False
logistic,logistic,logistic,logistic,logistic,logistic,AP2,beijing,Wanliu,origin_week,natural,22896,2015-10-11 00:00:00,2015Q4,beijing_2015-10-11T00:00:00,72,3,168,False,False,False
constant,constant,constant,constant,constant,constant,AP2,beijing,Wanliu,origin_week,natural,23064,2015-10-18 00:00:00,2015Q4,beijing_2015-10-18T00:00:00,72,3,168,False,False,False
hist_gradient_boosting,hist_gradient_boosting,hist_gradient_boosting,hist_gradient_boosting,hist_gradient_boosting,hist_gradient_boosting,AP2,beijing,Wanliu,origin_week,natural,23232,2015-10-25 00:00:00,2015Q4,beijing_2015-10-25T00:00:00,72,3,168,False,False,False
logistic,logistic,logistic,logistic,logistic,logistic,AP2,beijing,Wanliu,origin_week,natural,23400,2015-11-01 00:00:00,2015Q4,beijing_2015-11-01T00:00:00,72,3,168,False,False,False
logistic,logistic,logistic,logistic,logistic,logistic,AP2,beijing,Wanliu,origin_week,natural,23568,2015-11-08 00:00:00,2015Q4,beijing_2015-11-08T00:00:00,72,3,168,False,False,False
constant,constant,constant,constant,constant,constant,AP2,beijing,Wanliu,origin_week,natural,23736,2015-11-15 00:00:00,2015Q4,beijing_2015-11-15T00:00:00,72,3,168,False,False,False
logistic,logistic,logistic,logistic,logistic,logistic,AP2,beijing,Wanliu,origin_week,natural,23904,2015-11-22 00:00:00,2015Q4,beijing_2015-11-22T00:00:00,72,3,168,False,False,False
logistic,logistic,logistic,logistic,logistic,logistic,AP2,beijing,Wanliu,origin_week,natural,24072,2015-11-29 00:00:00,2015Q4,beijing_2015-11-29T00:00:00,72,3,168,False,False,False
logistic,logistic,logistic,logistic,logistic,logistic,AP2,beijing,Wanliu,origin_week,natural,24240,2015-12-06 00:00:00,2015Q4,beijing_2015-12-06T00:00:00,72,3,168,False,False,False
hist_gradient_boosting,hist_gradient_boosting,hist_gradient_boosting,hist_gradient_boosting,hist_gradient_boosting,hist_gradient_boosting,AP2,beijing,Wanliu,origin_week,natural,24408,2015-12-13 00:00:00,2015Q4,beijing_2015-12-13T00:00:00,72,3,168,False,False,False
logistic,logistic,logistic,logistic,logistic,logistic,AP2,beijing,Wanliu,origin_week,natural,24576,2015-12-20 00:00:00,2015Q4,beijing_2015-12-20T00:00:00,72,3,168,False,False,False
logistic,logistic,logistic,logistic,logistic,logistic,AP2,beijing,Wanliu,origin_week,natural,24744,2015-12-27 00:00:00,2015Q4,beijing_2015-12-27T00:00:00,72,3,168,False,False,False
logistic,logistic,logistic,logistic,logistic,logistic,AP2,beijing,Wanliu,origin_week,natural,24912,2016-01-03 00:00:00,2016Q1,beijing_2016-01-03T00:00:00,72,3,168,False,False,False
constant,constant,constant,constant,constant,constant,AP2,beijing,Wanliu,origin_week,natural,25080,2016-01-10 00:00:00,2016Q1,beijing_2016-01-10T00:00:00,72,3,168,False,False,False
constant,constant,constant,constant,constant,constant,AP2,beijing,Wanliu,origin_week,natural,25248,2016-01-17 00:00:00,2016Q1,beijing_2016-01-17T00:00:00,72,3,168,False,False,False
constant,constant,constant,constant,constant,constant,AP2,beijing,Wanliu,origin_week,natural,25416,2016-01-24 00:00:00,2016Q1,beijing_2016-01-24T00:00:00,72,3,168,False,False,False
constant;hist_gradient_boosting;logistic,,hist_gradient_boosting,hist_gradient_boosting,hist_gradient_boosting,hist_gradient_boosting,AP2,beijing,Wanliu,origin_week,natural,25584,2016-01-31 00:00:00,2016Q1,beijing_2016-01-31T00:00:00,72,3,168,True,True,False
logistic,logistic,logistic,logistic,logistic,logistic,AP2,beijing,Wanliu,origin_week,natural,25752,2016-02-07 00:00:00,2016Q1,beijing_2016-02-07T00:00:00,72,3,168,False,False,False
logistic,logistic,logistic,logistic,logistic,logistic,AP2,beijing,Wanliu,origin_week,natural,25920,2016-02-14 00:00:00,2016Q1,beijing_2016-02-14T00:00:00,72,3,168,False,False,False
hist_gradient_boosting,hist_gradient_boosting,hist_gradient_boosting,hist_gradient_boosting,hist_gradient_boosting,hist_gradient_boosting,AP2,beijing,Wanliu,origin_week,natural,26088,2016-02-21 00:00:00,2016Q1,beijing_2016-02-21T00:00:00,72,3,145,False,False,False
constant,constant,constant,constant,constant,constant,AP2,beijing,Wanliu,artificial,iid_10,24832,2015-12-30 16:00:00,2015Q4,beijing_2015-12-30T16:00:00,72,3,621,False,False,False
constant;hist_gradient_boosting,,constant,constant,constant,constant,AP2,beijing,Wanliu,artificial,iid_30,24832,2015-12-30 16:00:00,2015Q4,beijing_2015-12-30T16:00:00,72,3,621,True,True,False
constant;logistic,,constant,constant,constant,constant,AP2,beijing,Wanliu,artificial,blocks_10,24832,2015-12-30 16:00:00,2015Q4,beijing_2015-12-30T16:00:00,72,3,621,True,True,False
hist_gradient_boosting,hist_gradient_boosting,hist_gradient_boosting,hist_gradient_boosting,hist_gradient_boosting,hist_gradient_boosting,AP2,beijing,Wanshouxigong,annual,natural,17520,2015-03-01 00:00:00,2015Q1,beijing_2015-03-01T00:00:00,24,3,8761,False,False,False
logistic,logistic,logistic,logistic,logistic,logistic,AP2,beijing,Wanshouxigong,origin_week,natural,17520,2015-03-01 00:00:00,2015Q1,beijing_2015-03-01T00:00:00,24,3,168,False,False,False
logistic,logistic,logistic,logistic,logistic,logistic,AP2,beijing,Wanshouxigong,origin_week,natural,17688,2015-03-08 00:00:00,2015Q1,beijing_2015-03-08T00:00:00,24,3,168,False,False,False
logistic,logistic,logistic,logistic,logistic,logistic,AP2,beijing,Wanshouxigong,origin_week,natural,17856,2015-03-15 00:00:00,2015Q1,beijing_2015-03-15T00:00:00,24,3,168,False,False,False
hist_gradient_boosting,hist_gradient_boosting,hist_gradient_boosting,hist_gradient_boosting,hist_gradient_boosting,hist_gradient_boosting,AP2,beijing,Wanshouxigong,origin_week,natural,18024,2015-03-22 00:00:00,2015Q1,beijing_2015-03-22T00:00:00,24,3,168,False,False,False
hist_gradient_boosting,hist_gradient_boosting,hist_gradient_boosting,hist_gradient_boosting,hist_gradient_boosting,hist_gradient_boosting,AP2,beijing,Wanshouxigong,origin_week,natural,18192,2015-03-29 00:00:00,2015Q1,beijing_2015-03-29T00:00:00,24,3,168,False,False,False
hist_gradient_boosting,hist_gradient_boosting,hist_gradient_boosting,hist_gradient_boosting,hist_gradient_boosting,hist_gradient_boosting,AP2,beijing,Wanshouxigong,origin_week,natural,18360,2015-04-05 00:00:00,2015Q2,beijing_2015-04-05T00:00:00,24,3,168,False,False,False
hist_gradient_boosting;logistic,,hist_gradient_boosting,hist_gradient_boosting,hist_gradient_boosting,hist_gradient_boosting,AP2,beijing,Wanshouxigong,origin_week,natural,18528,2015-04-12 00:00:00,2015Q2,beijing_2015-04-12T00:00:00,24,3,168,True,True,False
hist_gradient_boosting,hist_gradient_boosting,hist_gradient_boosting,hist_gradient_boosting,hist_gradient_boosting,hist_gradient_boosting,AP2,beijing,Wanshouxigong,origin_week,natural,18696,2015-04-19 00:00:00,2015Q2,beijing_2015-04-19T00:00:00,24,3,168,False,False,False
hist_gradient_boosting,hist_gradient_boosting,hist_gradient_boosting,hist_gradient_boosting,hist_gradient_boosting,hist_gradient_boosting,AP2,beijing,Wanshouxigong,origin_week,natural,18864,2015-04-26 00:00:00,2015Q2,beijing_2015-04-26T00:00:00,24,3,168,False,False,False
hist_gradient_boosting,hist_gradient_boosting,hist_gradient_boosting,hist_gradient_boosting,hist_gradient_boosting,hist_gradient_boosting,AP2,beijing,Wanshouxigong,origin_week,natural,19032,2015-05-03 00:00:00,2015Q2,beijing_2015-05-03T00:00:00,24,3,168,False,False,False
hist_gradient_boosting,hist_gradient_boosting,hist_gradient_boosting,hist_gradient_boosting,hist_gradient_boosting,hist_gradient_boosting,AP2,beijing,Wanshouxigong,origin_week,natural,19200,2015-05-10 00:00:00,2015Q2,beijing_2015-05-10T00:00:00,24,3,168,False,False,False
hist_gradient_boosting,hist_gradient_boosting,hist_gradient_boosting,hist_gradient_boosting,hist_gradient_boosting,hist_gradient_boosting,AP2,beijing,Wanshouxigong,origin_week,natural,19368,2015-05-17 00:00:00,2015Q2,beijing_2015-05-17T00:00:00,24,3,168,False,False,False
constant;logistic,,constant;logistic,,constant;logistic,,AP2,beijing,Wanshouxigong,origin_week,natural,19536,2015-05-24 00:00:00,2015Q2,beijing_2015-05-24T00:00:00,24,3,168,False,False,False
hist_gradient_boosting,hist_gradient_boosting,hist_gradient_boosting,hist_gradient_boosting,hist_gradient_boosting,hist_gradient_boosting,AP2,beijing,Wanshouxigong,origin_week,natural,19704,2015-05-31 00:00:00,2015Q2,beijing_2015-05-31T00:00:00,24,3,168,False,False,False
hist_gradient_boosting,hist_gradient_boosting,hist_gradient_boosting,hist_gradient_boosting,hist_gradient_boosting,hist_gradient_boosting,AP2,beijing,Wanshouxigong,origin_week,natural,19872,2015-06-07 00:00:00,2015Q2,beijing_2015-06-07T00:00:00,24,3,168,False,False,False
hist_gradient_boosting,hist_gradient_boosting,hist_gradient_boosting,hist_gradient_boosting,hist_gradient_boosting,hist_gradient_boosting,AP2,beijing,Wanshouxigong,origin_week,natural,20040,2015-06-14 00:00:00,2015Q2,beijing_2015-06-14T00:00:00,24,3,168,False,False,False
hist_gradient_boosting,hist_gradient_boosting,hist_gradient_boosting,hist_gradient_boosting,hist_gradient_boosting,hist_gradient_boosting,AP2,beijing,Wanshouxigong,origin_week,natural,20208,2015-06-21 00:00:00,2015Q2,beijing_2015-06-21T00:00:00,24,3,168,False,False,False
hist_gradient_boosting,hist_gradient_boosting,hist_gradient_boosting,hist_gradient_boosting,hist_gradient_boosting,hist_gradient_boosting,AP2,beijing,Wanshouxigong,origin_week,natural,20376,2015-06-28 00:00:00,2015Q2,beijing_2015-06-28T00:00:00,24,3,168,False,False,False
logistic,logistic,logistic,logistic,logistic,logistic,AP2,beijing,Wanshouxigong,origin_week,natural,20544,2015-07-05 00:00:00,2015Q3,beijing_2015-07-05T00:00:00,24,3,168,False,False,False
hist_gradient_boosting,hist_gradient_boosting,hist_gradient_boosting,hist_gradient_boosting,hist_gradient_boosting,hist_gradient_boosting,AP2,beijing,Wanshouxigong,origin_week,natural,20712,2015-07-12 00:00:00,2015Q3,beijing_2015-07-12T00:00:00,24,3,168,False,False,False
hist_gradient_boosting,hist_gradient_boosting,hist_gradient_boosting,hist_gradient_boosting,hist_gradient_boosting,hist_gradient_boosting,AP2,beijing,Wanshouxigong,origin_week,natural,20880,2015-07-19 00:00:00,2015Q3,beijing_2015-07-19T00:00:00,24,3,168,False,False,False
constant;logistic,,constant;logistic,,constant;logistic,,AP2,beijing,Wanshouxigong,origin_week,natural,21048,2015-07-26 00:00:00,2015Q3,beijing_2015-07-26T00:00:00,24,3,168,False,False,False
constant;logistic,,constant;logistic,,constant;logistic,,AP2,beijing,Wanshouxigong,origin_week,natural,21216,2015-08-02 00:00:00,2015Q3,beijing_2015-08-02T00:00:00,24,3,168,False,False,False
hist_gradient_boosting,hist_gradient_boosting,hist_gradient_boosting,hist_gradient_boosting,hist_gradient_boosting,hist_gradient_boosting,AP2,beijing,Wanshouxigong,origin_week,natural,21384,2015-08-09 00:00:00,2015Q3,beijing_2015-08-09T00:00:00,24,3,168,False,False,False
hist_gradient_boosting,hist_gradient_boosting,hist_gradient_boosting,hist_gradient_boosting,hist_gradient_boosting,hist_gradient_boosting,AP2,beijing,Wanshouxigong,origin_week,natural,21552,2015-08-16 00:00:00,2015Q3,beijing_2015-08-16T00:00:00,24,3,168,False,False,False
hist_gradient_boosting,hist_gradient_boosting,hist_gradient_boosting,hist_gradient_boosting,hist_gradient_boosting,hist_gradient_boosting,AP2,beijing,Wanshouxigong,origin_week,natural,21720,2015-08-23 00:00:00,2015Q3,beijing_2015-08-23T00:00:00,24,3,168,False,False,False
hist_gradient_boosting,hist_gradient_boosting,hist_gradient_boosting,hist_gradient_boosting,hist_gradient_boosting,hist_gradient_boosting,AP2,beijing,Wanshouxigong,origin_week,natural,21888,2015-08-30 00:00:00,2015Q3,beijing_2015-08-30T00:00:00,24,3,168,False,False,False
hist_gradient_boosting,hist_gradient_boosting,hist_gradient_boosting,hist_gradient_boosting,hist_gradient_boosting,hist_gradient_boosting,AP2,beijing,Wanshouxigong,origin_week,natural,22056,2015-09-06 00:00:00,2015Q3,beijing_2015-09-06T00:00:00,24,3,168,False,False,False
logistic,logistic,logistic,logistic,logistic,logistic,AP2,beijing,Wanshouxigong,origin_week,natural,22224,2015-09-13 00:00:00,2015Q3,beijing_2015-09-13T00:00:00,24,3,168,False,False,False
hist_gradient_boosting,hist_gradient_boosting,hist_gradient_boosting,hist_gradient_boosting,hist_gradient_boosting,hist_gradient_boosting,AP2,beijing,Wanshouxigong,origin_week,natural,22392,2015-09-20 00:00:00,2015Q3,beijing_2015-09-20T00:00:00,24,3,168,False,False,False
hist_gradient_boosting,hist_gradient_boosting,hist_gradient_boosting,hist_gradient_boosting,hist_gradient_boosting,hist_gradient_boosting,AP2,beijing,Wanshouxigong,origin_week,natural,22560,2015-09-27 00:00:00,2015Q3,beijing_2015-09-27T00:00:00,24,3,168,False,False,False
hist_gradient_boosting,hist_gradient_boosting,hist_gradient_boosting,hist_gradient_boosting,hist_gradient_boosting,hist_gradient_boosting,AP2,beijing,Wanshouxigong,origin_week,natural,22728,2015-10-04 00:00:00,2015Q4,beijing_2015-10-04T00:00:00,24,3,168,False,False,False
hist_gradient_boosting,hist_gradient_boosting,hist_gradient_boosting,hist_gradient_boosting,hist_gradient_boosting,hist_gradient_boosting,AP2,beijing,Wanshouxigong,origin_week,natural,22896,2015-10-11 00:00:00,2015Q4,beijing_2015-10-11T00:00:00,24,3,168,False,False,False
constant,constant,constant,constant,constant,constant,AP2,beijing,Wanshouxigong,origin_week,natural,23064,2015-10-18 00:00:00,2015Q4,beijing_2015-10-18T00:00:00,24,3,168,False,False,False
hist_gradient_boosting,hist_gradient_boosting,hist_gradient_boosting,hist_gradient_boosting,hist_gradient_boosting,hist_gradient_boosting,AP2,beijing,Wanshouxigong,origin_week,natural,23232,2015-10-25 00:00:00,2015Q4,beijing_2015-10-25T00:00:00,24,3,168,False,False,False
logistic,logistic,logistic,logistic,logistic,logistic,AP2,beijing,Wanshouxigong,origin_week,natural,23400,2015-11-01 00:00:00,2015Q4,beijing_2015-11-01T00:00:00,24,3,168,False,False,False
logistic,logistic,logistic,logistic,logistic,logistic,AP2,beijing,Wanshouxigong,origin_week,natural,23568,2015-11-08 00:00:00,2015Q4,beijing_2015-11-08T00:00:00,24,3,168,False,False,False
constant;logistic,,constant;logistic,,constant;logistic,,AP2,beijing,Wanshouxigong,origin_week,natural,23736,2015-11-15 00:00:00,2015Q4,beijing_2015-11-15T00:00:00,24,3,168,False,False,False
logistic,logistic,logistic,logistic,logistic,logistic,AP2,beijing,Wanshouxigong,origin_week,natural,23904,2015-11-22 00:00:00,2015Q4,beijing_2015-11-22T00:00:00,24,3,168,False,False,False
logistic,logistic,logistic,logistic,logistic,logistic,AP2,beijing,Wanshouxigong,origin_week,natural,24072,2015-11-29 00:00:00,2015Q4,beijing_2015-11-29T00:00:00,24,3,168,False,False,False
hist_gradient_boosting,hist_gradient_boosting,hist_gradient_boosting,hist_gradient_boosting,hist_gradient_boosting,hist_gradient_boosting,AP2,beijing,Wanshouxigong,origin_week,natural,24240,2015-12-06 00:00:00,2015Q4,beijing_2015-12-06T00:00:00,24,3,168,False,False,False
logistic,logistic,logistic,logistic,logistic,logistic,AP2,beijing,Wanshouxigong,origin_week,natural,24408,2015-12-13 00:00:00,2015Q4,beijing_2015-12-13T00:00:00,24,3,168,False,False,False
logistic,logistic,logistic,logistic,logistic,logistic,AP2,beijing,Wanshouxigong,origin_week,natural,24576,2015-12-20 00:00:00,2015Q4,beijing_2015-12-20T00:00:00,24,3,168,False,False,False
constant,constant,constant,constant,constant,constant,AP2,beijing,Wanshouxigong,origin_week,natural,24744,2015-12-27 00:00:00,2015Q4,beijing_2015-12-27T00:00:00,24,3,168,False,False,False
logistic,logistic,logistic,logistic,logistic,logistic,AP2,beijing,Wanshouxigong,origin_week,natural,24912,2016-01-03 00:00:00,2016Q1,beijing_2016-01-03T00:00:00,24,3,168,False,False,False
hist_gradient_boosting,hist_gradient_boosting,hist_gradient_boosting,hist_gradient_boosting,hist_gradient_boosting,hist_gradient_boosting,AP2,beijing,Wanshouxigong,origin_week,natural,25080,2016-01-10 00:00:00,2016Q1,beijing_2016-01-10T00:00:00,24,3,168,False,False,False
hist_gradient_boosting,hist_gradient_boosting,hist_gradient_boosting,hist_gradient_boosting,hist_gradient_boosting,hist_gradient_boosting,AP2,beijing,Wanshouxigong,origin_week,natural,25248,2016-01-17 00:00:00,2016Q1,beijing_2016-01-17T00:00:00,24,3,168,False,False,False
logistic,logistic,logistic,logistic,logistic,logistic,AP2,beijing,Wanshouxigong,origin_week,natural,25416,2016-01-24 00:00:00,2016Q1,beijing_2016-01-24T00:00:00,24,3,168,False,False,False
logistic,logistic,logistic,logistic,logistic,logistic,AP2,beijing,Wanshouxigong,origin_week,natural,25584,2016-01-31 00:00:00,2016Q1,beijing_2016-01-31T00:00:00,24,3,168,False,False,False
hist_gradient_boosting,hist_gradient_boosting,hist_gradient_boosting,hist_gradient_boosting,hist_gradient_boosting,hist_gradient_boosting,AP2,beijing,Wanshouxigong,origin_week,natural,25752,2016-02-07 00:00:00,2016Q1,beijing_2016-02-07T00:00:00,24,3,168,False,False,False
hist_gradient_boosting,hist_gradient_boosting,hist_gradient_boosting,hist_gradient_boosting,hist_gradient_boosting,hist_gradient_boosting,AP2,beijing,Wanshouxigong,origin_week,natural,25920,2016-02-14 00:00:00,2016Q1,beijing_2016-02-14T00:00:00,24,3,168,False,False,False
hist_gradient_boosting,hist_gradient_boosting,hist_gradient_boosting,hist_gradient_boosting,hist_gradient_boosting,hist_gradient_boosting,AP2,beijing,Wanshouxigong,origin_week,natural,26088,2016-02-21 00:00:00,2016Q1,beijing_2016-02-21T00:00:00,24,3,168,False,False,False
hist_gradient_boosting,hist_gradient_boosting,hist_gradient_boosting,hist_gradient_boosting,hist_gradient_boosting,hist_gradient_boosting,AP2,beijing,Wanshouxigong,origin_week,natural,26256,2016-02-28 00:00:00,2016Q1,beijing_2016-02-28T00:00:00,24,3,25,False,False,False
hist_gradient_boosting,hist_gradient_boosting,hist_gradient_boosting,hist_gradient_boosting,hist_gradient_boosting,hist_gradient_boosting,AP2,beijing,Wanshouxigong,artificial,iid_10,17629,2015-03-05 13:00:00,2015Q1,beijing_2015-03-05T13:00:00,24,3,605,False,False,False
hist_gradient_boosting,hist_gradient_boosting,hist_gradient_boosting,hist_gradient_boosting,hist_gradient_boosting,hist_gradient_boosting,AP2,beijing,Wanshouxigong,artificial,iid_30,17629,2015-03-05 13:00:00,2015Q1,beijing_2015-03-05T13:00:00,24,3,605,False,False,False
hist_gradient_boosting,hist_gradient_boosting,hist_gradient_boosting,hist_gradient_boosting,hist_gradient_boosting,hist_gradient_boosting,AP2,beijing,Wanshouxigong,artificial,blocks_10,17629,2015-03-05 13:00:00,2015Q1,beijing_2015-03-05T13:00:00,24,3,605,False,False,False
logistic,logistic,logistic,logistic,logistic,logistic,AP2,beijing,Wanshouxigong,annual,natural,17520,2015-03-01 00:00:00,2015Q1,beijing_2015-03-01T00:00:00,72,3,8713,False,False,False
hist_gradient_boosting,hist_gradient_boosting,hist_gradient_boosting,hist_gradient_boosting,hist_gradient_boosting,hist_gradient_boosting,AP2,beijing,Wanshouxigong,origin_week,natural,17520,2015-03-01 00:00:00,2015Q1,beijing_2015-03-01T00:00:00,72,3,168,False,False,False
hist_gradient_boosting,hist_gradient_boosting,hist_gradient_boosting,hist_gradient_boosting,hist_gradient_boosting,hist_gradient_boosting,AP2,beijing,Wanshouxigong,origin_week,natural,17688,2015-03-08 00:00:00,2015Q1,beijing_2015-03-08T00:00:00,72,3,168,False,False,False
hist_gradient_boosting,hist_gradient_boosting,hist_gradient_boosting,hist_gradient_boosting,hist_gradient_boosting,hist_gradient_boosting,AP2,beijing,Wanshouxigong,origin_week,natural,17856,2015-03-15 00:00:00,2015Q1,beijing_2015-03-15T00:00:00,72,3,168,False,False,False
logistic,logistic,logistic,logistic,logistic,logistic,AP2,beijing,Wanshouxigong,origin_week,natural,18024,2015-03-22 00:00:00,2015Q1,beijing_2015-03-22T00:00:00,72,3,168,False,False,False
logistic,logistic,logistic,logistic,logistic,logistic,AP2,beijing,Wanshouxigong,origin_week,natural,18192,2015-03-29 00:00:00,2015Q1,beijing_2015-03-29T00:00:00,72,3,168,False,False,False
constant;logistic,,constant;logistic,,constant;logistic,,AP2,beijing,Wanshouxigong,origin_week,natural,18360,2015-04-05 00:00:00,2015Q2,beijing_2015-04-05T00:00:00,72,3,168,False,False,False
constant;hist_gradient_boosting;logistic,,constant;hist_gradient_boosting;logistic,,constant;hist_gradient_boosting;logistic,,AP2,beijing,Wanshouxigong,origin_week,natural,18528,2015-04-12 00:00:00,2015Q2,beijing_2015-04-12T00:00:00,72,3,168,False,False,False
constant,constant,constant,constant,constant,constant,AP2,beijing,Wanshouxigong,origin_week,natural,18696,2015-04-19 00:00:00,2015Q2,beijing_2015-04-19T00:00:00,72,3,168,False,False,False
hist_gradient_boosting,hist_gradient_boosting,hist_gradient_boosting,hist_gradient_boosting,hist_gradient_boosting,hist_gradient_boosting,AP2,beijing,Wanshouxigong,origin_week,natural,18864,2015-04-26 00:00:00,2015Q2,beijing_2015-04-26T00:00:00,72,3,168,False,False,False
constant;logistic,,constant;logistic,,constant;logistic,,AP2,beijing,Wanshouxigong,origin_week,natural,19032,2015-05-03 00:00:00,2015Q2,beijing_2015-05-03T00:00:00,72,3,168,False,False,False
logistic,logistic,logistic,logistic,logistic,logistic,AP2,beijing,Wanshouxigong,origin_week,natural,19200,2015-05-10 00:00:00,2015Q2,beijing_2015-05-10T00:00:00,72,3,168,False,False,False
hist_gradient_boosting,hist_gradient_boosting,hist_gradient_boosting,hist_gradient_boosting,hist_gradient_boosting,hist_gradient_boosting,AP2,beijing,Wanshouxigong,origin_week,natural,19368,2015-05-17 00:00:00,2015Q2,beijing_2015-05-17T00:00:00,72,3,168,False,False,False
logistic,logistic,logistic,logistic,logistic,logistic,AP2,beijing,Wanshouxigong,origin_week,natural,19536,2015-05-24 00:00:00,2015Q2,beijing_2015-05-24T00:00:00,72,3,168,False,False,False
constant,constant,constant,constant,constant,constant,AP2,beijing,Wanshouxigong,origin_week,natural,19704,2015-05-31 00:00:00,2015Q2,beijing_2015-05-31T00:00:00,72,3,168,False,False,False
hist_gradient_boosting,hist_gradient_boosting,hist_gradient_boosting,hist_gradient_boosting,hist_gradient_boosting,hist_gradient_boosting,AP2,beijing,Wanshouxigong,origin_week,natural,19872,2015-06-07 00:00:00,2015Q2,beijing_2015-06-07T00:00:00,72,3,168,False,False,False
hist_gradient_boosting,hist_gradient_boosting,hist_gradient_boosting,hist_gradient_boosting,hist_gradient_boosting,hist_gradient_boosting,AP2,beijing,Wanshouxigong,origin_week,natural,20040,2015-06-14 00:00:00,2015Q2,beijing_2015-06-14T00:00:00,72,3,168,False,False,False
logistic,logistic,logistic,logistic,logistic,logistic,AP2,beijing,Wanshouxigong,origin_week,natural,20208,2015-06-21 00:00:00,2015Q2,beijing_2015-06-21T00:00:00,72,3,168,False,False,False
logistic,logistic,logistic,logistic,logistic,logistic,AP2,beijing,Wanshouxigong,origin_week,natural,20376,2015-06-28 00:00:00,2015Q2,beijing_2015-06-28T00:00:00,72,3,168,False,False,False
logistic,logistic,logistic,logistic,logistic,logistic,AP2,beijing,Wanshouxigong,origin_week,natural,20544,2015-07-05 00:00:00,2015Q3,beijing_2015-07-05T00:00:00,72,3,168,False,False,False
logistic,logistic,logistic,logistic,logistic,logistic,AP2,beijing,Wanshouxigong,origin_week,natural,20712,2015-07-12 00:00:00,2015Q3,beijing_2015-07-12T00:00:00,72,3,168,False,False,False
hist_gradient_boosting,hist_gradient_boosting,hist_gradient_boosting,hist_gradient_boosting,hist_gradient_boosting,hist_gradient_boosting,AP2,beijing,Wanshouxigong,origin_week,natural,20880,2015-07-19 00:00:00,2015Q3,beijing_2015-07-19T00:00:00,72,3,168,False,False,False
logistic,logistic,logistic,logistic,logistic,logistic,AP2,beijing,Wanshouxigong,origin_week,natural,21048,2015-07-26 00:00:00,2015Q3,beijing_2015-07-26T00:00:00,72,3,168,False,False,False
constant,constant,constant,constant,constant,constant,AP2,beijing,Wanshouxigong,origin_week,natural,21216,2015-08-02 00:00:00,2015Q3,beijing_2015-08-02T00:00:00,72,3,168,False,False,False
constant,constant,constant,constant,constant,constant,AP2,beijing,Wanshouxigong,origin_week,natural,21384,2015-08-09 00:00:00,2015Q3,beijing_2015-08-09T00:00:00,72,3,168,False,False,False
hist_gradient_boosting,hist_gradient_boosting,hist_gradient_boosting,hist_gradient_boosting,hist_gradient_boosting,hist_gradient_boosting,AP2,beijing,Wanshouxigong,origin_week,natural,21552,2015-08-16 00:00:00,2015Q3,beijing_2015-08-16T00:00:00,72,3,168,False,False,False
logistic,logistic,logistic,logistic,logistic,logistic,AP2,beijing,Wanshouxigong,origin_week,natural,21720,2015-08-23 00:00:00,2015Q3,beijing_2015-08-23T00:00:00,72,3,168,False,False,False
constant;logistic,,constant,constant,constant,constant,AP2,beijing,Wanshouxigong,origin_week,natural,21888,2015-08-30 00:00:00,2015Q3,beijing_2015-08-30T00:00:00,72,3,168,True,True,False
hist_gradient_boosting,hist_gradient_boosting,hist_gradient_boosting,hist_gradient_boosting,hist_gradient_boosting,hist_gradient_boosting,AP2,beijing,Wanshouxigong,origin_week,natural,22056,2015-09-06 00:00:00,2015Q3,beijing_2015-09-06T00:00:00,72,3,168,False,False,False
hist_gradient_boosting,hist_gradient_boosting,hist_gradient_boosting,hist_gradient_boosting,hist_gradient_boosting,hist_gradient_boosting,AP2,beijing,Wanshouxigong,origin_week,natural,22224,2015-09-13 00:00:00,2015Q3,beijing_2015-09-13T00:00:00,72,3,168,False,False,False
logistic,logistic,logistic,logistic,logistic,logistic,AP2,beijing,Wanshouxigong,origin_week,natural,22392,2015-09-20 00:00:00,2015Q3,beijing_2015-09-20T00:00:00,72,3,168,False,False,False
logistic,logistic,logistic,logistic,logistic,logistic,AP2,beijing,Wanshouxigong,origin_week,natural,22560,2015-09-27 00:00:00,2015Q3,beijing_2015-09-27T00:00:00,72,3,168,False,False,False
constant,constant,constant,constant,constant,constant,AP2,beijing,Wanshouxigong,origin_week,natural,22728,2015-10-04 00:00:00,2015Q4,beijing_2015-10-04T00:00:00,72,3,168,False,False,False
logistic,logistic,logistic,logistic,logistic,logistic,AP2,beijing,Wanshouxigong,origin_week,natural,22896,2015-10-11 00:00:00,2015Q4,beijing_2015-10-11T00:00:00,72,3,168,False,False,False
constant,constant,constant,constant,constant,constant,AP2,beijing,Wanshouxigong,origin_week,natural,23064,2015-10-18 00:00:00,2015Q4,beijing_2015-10-18T00:00:00,72,3,168,False,False,False
logistic,logistic,logistic,logistic,logistic,logistic,AP2,beijing,Wanshouxigong,origin_week,natural,23232,2015-10-25 00:00:00,2015Q4,beijing_2015-10-25T00:00:00,72,3,168,False,False,False
logistic,logistic,logistic,logistic,logistic,logistic,AP2,beijing,Wanshouxigong,origin_week,natural,23400,2015-11-01 00:00:00,2015Q4,beijing_2015-11-01T00:00:00,72,3,168,False,False,False
hist_gradient_boosting,hist_gradient_boosting,hist_gradient_boosting,hist_gradient_boosting,hist_gradient_boosting,hist_gradient_boosting,AP2,beijing,Wanshouxigong,origin_week,natural,23568,2015-11-08 00:00:00,2015Q4,beijing_2015-11-08T00:00:00,72,3,168,False,False,False
constant,constant,constant,constant,constant,constant,AP2,beijing,Wanshouxigong,origin_week,natural,23736,2015-11-15 00:00:00,2015Q4,beijing_2015-11-15T00:00:00,72,3,168,False,False,False
constant,constant,constant,constant,constant,constant,AP2,beijing,Wanshouxigong,origin_week,natural,23904,2015-11-22 00:00:00,2015Q4,beijing_2015-11-22T00:00:00,72,3,168,False,False,False
logistic,logistic,logistic,logistic,logistic,logistic,AP2,beijing,Wanshouxigong,origin_week,natural,24072,2015-11-29 00:00:00,2015Q4,beijing_2015-11-29T00:00:00,72,3,168,False,False,False
hist_gradient_boosting,hist_gradient_boosting,hist_gradient_boosting,hist_gradient_boosting,hist_gradient_boosting,hist_gradient_boosting,AP2,beijing,Wanshouxigong,origin_week,natural,24240,2015-12-06 00:00:00,2015Q4,beijing_2015-12-06T00:00:00,72,3,168,False,False,False
constant,constant,constant,constant,constant,constant,AP2,beijing,Wanshouxigong,origin_week,natural,24408,2015-12-13 00:00:00,2015Q4,beijing_2015-12-13T00:00:00,72,3,168,False,False,False
logistic,logistic,logistic,logistic,logistic,logistic,AP2,beijing,Wanshouxigong,origin_week,natural,24576,2015-12-20 00:00:00,2015Q4,beijing_2015-12-20T00:00:00,72,3,168,False,False,False
logistic,logistic,logistic,logistic,logistic,logistic,AP2,beijing,Wanshouxigong,origin_week,natural,24744,2015-12-27 00:00:00,2015Q4,beijing_2015-12-27T00:00:00,72,3,168,False,False,False
logistic,logistic,logistic,logistic,logistic,logistic,AP2,beijing,Wanshouxigong,origin_week,natural,24912,2016-01-03 00:00:00,2016Q1,beijing_2016-01-03T00:00:00,72,3,168,False,False,False
constant,constant,constant,constant,constant,constant,AP2,beijing,Wanshouxigong,origin_week,natural,25080,2016-01-10 00:00:00,2016Q1,beijing_2016-01-10T00:00:00,72,3,168,False,False,False
hist_gradient_boosting,hist_gradient_boosting,hist_gradient_boosting,hist_gradient_boosting,hist_gradient_boosting,hist_gradient_boosting,AP2,beijing,Wanshouxigong,origin_week,natural,25248,2016-01-17 00:00:00,2016Q1,beijing_2016-01-17T00:00:00,72,3,168,False,False,False
constant,constant,constant,constant,constant,constant,AP2,beijing,Wanshouxigong,origin_week,natural,25416,2016-01-24 00:00:00,2016Q1,beijing_2016-01-24T00:00:00,72,3,168,False,False,False
constant,constant,constant,constant,constant,constant,AP2,beijing,Wanshouxigong,origin_week,natural,25584,2016-01-31 00:00:00,2016Q1,beijing_2016-01-31T00:00:00,72,3,168,False,False,False
logistic,logistic,logistic,logistic,logistic,logistic,AP2,beijing,Wanshouxigong,origin_week,natural,25752,2016-02-07 00:00:00,2016Q1,beijing_2016-02-07T00:00:00,72,3,168,False,False,False
constant,constant,constant,constant,constant,constant,AP2,beijing,Wanshouxigong,origin_week,natural,25920,2016-02-14 00:00:00,2016Q1,beijing_2016-02-14T00:00:00,72,3,168,False,False,False
hist_gradient_boosting,hist_gradient_boosting,hist_gradient_boosting,hist_gradient_boosting,hist_gradient_boosting,hist_gradient_boosting,AP2,beijing,Wanshouxigong,origin_week,natural,26088,2016-02-21 00:00:00,2016Q1,beijing_2016-02-21T00:00:00,72,3,145,False,False,False
constant,constant,constant,constant,constant,constant,AP2,beijing,Wanshouxigong,artificial,iid_10,17629,2015-03-05 13:00:00,2015Q1,beijing_2015-03-05T13:00:00,72,3,557,False,False,False
constant;hist_gradient_boosting,,constant;hist_gradient_boosting,,constant;hist_gradient_boosting,,AP2,beijing,Wanshouxigong,artificial,iid_30,17629,2015-03-05 13:00:00,2015Q1,beijing_2015-03-05T13:00:00,72,3,557,False,False,False
constant,constant,constant,constant,constant,constant,AP2,beijing,Wanshouxigong,artificial,blocks_10,17629,2015-03-05 13:00:00,2015Q1,beijing_2015-03-05T13:00:00,72,3,557,False,False,False
hist_gradient_boosting;logistic,,hist_gradient_boosting;logistic,,hist_gradient_boosting;logistic,,AP2,household,household,annual,natural,809676,2008-07-01 00:00:00,2008Q3,household_2008-07-01T00:00:00,60,5,525541,False,False,False
logistic,logistic,logistic,logistic,logistic,logistic,AP2,household,household,origin_week,natural,809676,2008-07-01 00:00:00,2008Q3,household_2008-07-01T00:00:00,60,5,10080,False,False,False
logistic,logistic,logistic,logistic,logistic,logistic,AP2,household,household,origin_week,natural,819756,2008-07-08 00:00:00,2008Q3,household_2008-07-08T00:00:00,60,5,10080,False,False,False
logistic,logistic,logistic,logistic,logistic,logistic,AP2,household,household,origin_week,natural,829836,2008-07-15 00:00:00,2008Q3,household_2008-07-15T00:00:00,60,5,10080,False,False,False
logistic,logistic,logistic,logistic,logistic,logistic,AP2,household,household,origin_week,natural,839916,2008-07-22 00:00:00,2008Q3,household_2008-07-22T00:00:00,60,5,10080,False,False,False
logistic,logistic,logistic,logistic,logistic,logistic,AP2,household,household,origin_week,natural,849996,2008-07-29 00:00:00,2008Q3,household_2008-07-29T00:00:00,60,5,10080,False,False,False
logistic,logistic,logistic,logistic,logistic,logistic,AP2,household,household,origin_week,natural,860076,2008-08-05 00:00:00,2008Q3,household_2008-08-05T00:00:00,60,5,10080,False,False,False
logistic,logistic,logistic,logistic,logistic,logistic,AP2,household,household,origin_week,natural,870156,2008-08-12 00:00:00,2008Q3,household_2008-08-12T00:00:00,60,5,10080,False,False,False
logistic,logistic,logistic,logistic,logistic,logistic,AP2,household,household,origin_week,natural,880236,2008-08-19 00:00:00,2008Q3,household_2008-08-19T00:00:00,60,5,10080,False,False,False
logistic,logistic,logistic,logistic,logistic,logistic,AP2,household,household,origin_week,natural,890316,2008-08-26 00:00:00,2008Q3,household_2008-08-26T00:00:00,60,5,10080,False,False,False
hist_gradient_boosting,hist_gradient_boosting,hist_gradient_boosting,hist_gradient_boosting,hist_gradient_boosting,hist_gradient_boosting,AP2,household,household,origin_week,natural,900396,2008-09-02 00:00:00,2008Q3,household_2008-09-02T00:00:00,60,5,10080,False,False,False
logistic,logistic,logistic,logistic,logistic,logistic,AP2,household,household,origin_week,natural,910476,2008-09-09 00:00:00,2008Q3,household_2008-09-09T00:00:00,60,5,10080,False,False,False
hist_gradient_boosting,hist_gradient_boosting,hist_gradient_boosting,hist_gradient_boosting,hist_gradient_boosting,hist_gradient_boosting,AP2,household,household,origin_week,natural,920556,2008-09-16 00:00:00,2008Q3,household_2008-09-16T00:00:00,60,5,10080,False,False,False
hist_gradient_boosting,hist_gradient_boosting,hist_gradient_boosting,hist_gradient_boosting,hist_gradient_boosting,hist_gradient_boosting,AP2,household,household,origin_week,natural,930636,2008-09-23 00:00:00,2008Q3,household_2008-09-23T00:00:00,60,5,10080,False,False,False
hist_gradient_boosting,hist_gradient_boosting,hist_gradient_boosting,hist_gradient_boosting,hist_gradient_boosting,hist_gradient_boosting,AP2,household,household,origin_week,natural,940716,2008-09-30 00:00:00,2008Q3,household_2008-09-30T00:00:00,60,5,10080,False,False,False
logistic,logistic,logistic,logistic,logistic,logistic,AP2,household,household,origin_week,natural,950796,2008-10-07 00:00:00,2008Q4,household_2008-10-07T00:00:00,60,5,10080,False,False,False
hist_gradient_boosting,hist_gradient_boosting,hist_gradient_boosting,hist_gradient_boosting,hist_gradient_boosting,hist_gradient_boosting,AP2,household,household,origin_week,natural,960876,2008-10-14 00:00:00,2008Q4,household_2008-10-14T00:00:00,60,5,10080,False,False,False
hist_gradient_boosting,hist_gradient_boosting,hist_gradient_boosting,hist_gradient_boosting,hist_gradient_boosting,hist_gradient_boosting,AP2,household,household,origin_week,natural,970956,2008-10-21 00:00:00,2008Q4,household_2008-10-21T00:00:00,60,5,10080,False,False,False
hist_gradient_boosting,hist_gradient_boosting,hist_gradient_boosting,hist_gradient_boosting,hist_gradient_boosting,hist_gradient_boosting,AP2,household,household,origin_week,natural,981036,2008-10-28 00:00:00,2008Q4,household_2008-10-28T00:00:00,60,5,10080,False,False,False
logistic,logistic,logistic,logistic,logistic,logistic,AP2,household,household,origin_week,natural,991116,2008-11-04 00:00:00,2008Q4,household_2008-11-04T00:00:00,60,5,10080,False,False,False
logistic,logistic,logistic,logistic,logistic,logistic,AP2,household,household,origin_week,natural,1001196,2008-11-11 00:00:00,2008Q4,household_2008-11-11T00:00:00,60,5,10080,False,False,False
logistic,logistic,logistic,logistic,logistic,logistic,AP2,household,household,origin_week,natural,1011276,2008-11-18 00:00:00,2008Q4,household_2008-11-18T00:00:00,60,5,10080,False,False,False
hist_gradient_boosting,hist_gradient_boosting,hist_gradient_boosting,hist_gradient_boosting,hist_gradient_boosting,hist_gradient_boosting,AP2,household,household,origin_week,natural,1021356,2008-11-25 00:00:00,2008Q4,household_2008-11-25T00:00:00,60,5,10080,False,False,False
hist_gradient_boosting,hist_gradient_boosting,hist_gradient_boosting,hist_gradient_boosting,hist_gradient_boosting,hist_gradient_boosting,AP2,household,household,origin_week,natural,1031436,2008-12-02 00:00:00,2008Q4,household_2008-12-02T00:00:00,60,5,10080,False,False,False
hist_gradient_boosting,hist_gradient_boosting,hist_gradient_boosting,hist_gradient_boosting,hist_gradient_boosting,hist_gradient_boosting,AP2,household,household,origin_week,natural,1041516,2008-12-09 00:00:00,2008Q4,household_2008-12-09T00:00:00,60,5,10080,False,False,False
hist_gradient_boosting,hist_gradient_boosting,hist_gradient_boosting,hist_gradient_boosting,hist_gradient_boosting,hist_gradient_boosting,AP2,household,household,origin_week,natural,1051596,2008-12-16 00:00:00,2008Q4,household_2008-12-16T00:00:00,60,5,10080,False,False,False
logistic,logistic,logistic,logistic,logistic,logistic,AP2,household,household,origin_week,natural,1061676,2008-12-23 00:00:00,2008Q4,household_2008-12-23T00:00:00,60,5,10080,False,False,False
logistic,logistic,logistic,logistic,logistic,logistic,AP2,household,household,origin_week,natural,1071756,2008-12-30 00:00:00,2008Q4,household_2008-12-30T00:00:00,60,5,10080,False,False,False
hist_gradient_boosting,hist_gradient_boosting,hist_gradient_boosting,hist_gradient_boosting,hist_gradient_boosting,hist_gradient_boosting,AP2,household,household,origin_week,natural,1081836,2009-01-06 00:00:00,2009Q1,household_2009-01-06T00:00:00,60,5,10080,False,False,False
hist_gradient_boosting,hist_gradient_boosting,hist_gradient_boosting,hist_gradient_boosting,hist_gradient_boosting,hist_gradient_boosting,AP2,household,household,origin_week,natural,1091916,2009-01-13 00:00:00,2009Q1,household_2009-01-13T00:00:00,60,5,10080,False,False,False
logistic,logistic,logistic,logistic,logistic,logistic,AP2,household,household,origin_week,natural,1101996,2009-01-20 00:00:00,2009Q1,household_2009-01-20T00:00:00,60,5,10080,False,False,False
hist_gradient_boosting;logistic,,hist_gradient_boosting;logistic,,hist_gradient_boosting;logistic,,AP2,household,household,origin_week,natural,1112076,2009-01-27 00:00:00,2009Q1,household_2009-01-27T00:00:00,60,5,10080,False,False,False
logistic,logistic,logistic,logistic,logistic,logistic,AP2,household,household,origin_week,natural,1122156,2009-02-03 00:00:00,2009Q1,household_2009-02-03T00:00:00,60,5,10080,False,False,False
hist_gradient_boosting,hist_gradient_boosting,hist_gradient_boosting,hist_gradient_boosting,hist_gradient_boosting,hist_gradient_boosting,AP2,household,household,origin_week,natural,1132236,2009-02-10 00:00:00,2009Q1,household_2009-02-10T00:00:00,60,5,10080,False,False,False
hist_gradient_boosting,hist_gradient_boosting,hist_gradient_boosting,hist_gradient_boosting,hist_gradient_boosting,hist_gradient_boosting,AP2,household,household,origin_week,natural,1142316,2009-02-17 00:00:00,2009Q1,household_2009-02-17T00:00:00,60,5,10080,False,False,False
hist_gradient_boosting,hist_gradient_boosting,hist_gradient_boosting,hist_gradient_boosting,hist_gradient_boosting,hist_gradient_boosting,AP2,household,household,origin_week,natural,1152396,2009-02-24 00:00:00,2009Q1,household_2009-02-24T00:00:00,60,5,10080,False,False,False
logistic,logistic,logistic,logistic,logistic,logistic,AP2,household,household,origin_week,natural,1162476,2009-03-03 00:00:00,2009Q1,household_2009-03-03T00:00:00,60,5,10080,False,False,False
logistic,logistic,logistic,logistic,logistic,logistic,AP2,household,household,origin_week,natural,1172556,2009-03-10 00:00:00,2009Q1,household_2009-03-10T00:00:00,60,5,10080,False,False,False
hist_gradient_boosting,hist_gradient_boosting,hist_gradient_boosting,hist_gradient_boosting,hist_gradient_boosting,hist_gradient_boosting,AP2,household,household,origin_week,natural,1182636,2009-03-17 00:00:00,2009Q1,household_2009-03-17T00:00:00,60,5,10080,False,False,False
logistic,logistic,logistic,logistic,logistic,logistic,AP2,household,household,origin_week,natural,1192716,2009-03-24 00:00:00,2009Q1,household_2009-03-24T00:00:00,60,5,10080,False,False,False
hist_gradient_boosting,hist_gradient_boosting,hist_gradient_boosting,hist_gradient_boosting,hist_gradient_boosting,hist_gradient_boosting,AP2,household,household,origin_week,natural,1202796,2009-03-31 00:00:00,2009Q1,household_2009-03-31T00:00:00,60,5,10080,False,False,False
hist_gradient_boosting,hist_gradient_boosting,hist_gradient_boosting,hist_gradient_boosting,hist_gradient_boosting,hist_gradient_boosting,AP2,household,household,origin_week,natural,1212876,2009-04-07 00:00:00,2009Q2,household_2009-04-07T00:00:00,60,5,10080,False,False,False
hist_gradient_boosting,hist_gradient_boosting,hist_gradient_boosting,hist_gradient_boosting,hist_gradient_boosting,hist_gradient_boosting,AP2,household,household,origin_week,natural,1222956,2009-04-14 00:00:00,2009Q2,household_2009-04-14T00:00:00,60,5,10080,False,False,False
logistic,logistic,logistic,logistic,logistic,logistic,AP2,household,household,origin_week,natural,1233036,2009-04-21 00:00:00,2009Q2,household_2009-04-21T00:00:00,60,5,10080,False,False,False
logistic,logistic,logistic,logistic,logistic,logistic,AP2,household,household,origin_week,natural,1243116,2009-04-28 00:00:00,2009Q2,household_2009-04-28T00:00:00,60,5,10080,False,False,False
logistic,logistic,logistic,logistic,logistic,logistic,AP2,household,household,origin_week,natural,1253196,2009-05-05 00:00:00,2009Q2,household_2009-05-05T00:00:00,60,5,10080,False,False,False
logistic,logistic,logistic,logistic,logistic,logistic,AP2,household,household,origin_week,natural,1263276,2009-05-12 00:00:00,2009Q2,household_2009-05-12T00:00:00,60,5,10080,False,False,False
logistic,logistic,logistic,logistic,logistic,logistic,AP2,household,household,origin_week,natural,1273356,2009-05-19 00:00:00,2009Q2,household_2009-05-19T00:00:00,60,5,10080,False,False,False
logistic,logistic,logistic,logistic,logistic,logistic,AP2,household,household,origin_week,natural,1283436,2009-05-26 00:00:00,2009Q2,household_2009-05-26T00:00:00,60,5,10080,False,False,False
logistic,logistic,logistic,logistic,logistic,logistic,AP2,household,household,origin_week,natural,1293516,2009-06-02 00:00:00,2009Q2,household_2009-06-02T00:00:00,60,5,10080,False,False,False
constant;hist_gradient_boosting;logistic,,constant;hist_gradient_boosting;logistic,,constant;hist_gradient_boosting;logistic,,AP2,household,household,origin_week,natural,1303596,2009-06-09 00:00:00,2009Q2,household_2009-06-09T00:00:00,60,5,10080,False,False,False
logistic,logistic,logistic,logistic,logistic,logistic,AP2,household,household,origin_week,natural,1313676,2009-06-16 00:00:00,2009Q2,household_2009-06-16T00:00:00,60,5,10080,False,False,False
logistic,logistic,logistic,logistic,logistic,logistic,AP2,household,household,origin_week,natural,1323756,2009-06-23 00:00:00,2009Q2,household_2009-06-23T00:00:00,60,5,10080,False,False,False
logistic,logistic,logistic,logistic,logistic,logistic,AP2,household,household,origin_week,natural,1333836,2009-06-30 00:00:00,2009Q2,household_2009-06-30T00:00:00,60,5,1381,False,False,False
hist_gradient_boosting,hist_gradient_boosting,hist_gradient_boosting,hist_gradient_boosting,hist_gradient_boosting,hist_gradient_boosting,AP2,household,household,artificial,iid_10,898638,2008-08-31 18:42:00,2008Q3,household_2008-08-31T18:42:00,60,5,4037,False,False,False
constant;hist_gradient_boosting,,constant;hist_gradient_boosting,,constant;hist_gradient_boosting,,AP2,household,household,artificial,iid_30,898638,2008-08-31 18:42:00,2008Q3,household_2008-08-31T18:42:00,60,5,4037,False,False,False
constant;hist_gradient_boosting,,constant;hist_gradient_boosting,,constant;hist_gradient_boosting,,AP2,household,household,artificial,blocks_10,898638,2008-08-31 18:42:00,2008Q3,household_2008-08-31T18:42:00,60,5,4037,False,False,False
hist_gradient_boosting,hist_gradient_boosting,hist_gradient_boosting,hist_gradient_boosting,hist_gradient_boosting,hist_gradient_boosting,AP2,household,household,annual,natural,809676,2008-07-01 00:00:00,2008Q3,household_2008-07-01T00:00:00,180,5,525421,False,False,False
hist_gradient_boosting,hist_gradient_boosting,hist_gradient_boosting,hist_gradient_boosting,hist_gradient_boosting,hist_gradient_boosting,AP2,household,household,origin_week,natural,809676,2008-07-01 00:00:00,2008Q3,household_2008-07-01T00:00:00,180,5,10080,False,False,False
logistic,logistic,logistic,logistic,logistic,logistic,AP2,household,household,origin_week,natural,819756,2008-07-08 00:00:00,2008Q3,household_2008-07-08T00:00:00,180,5,10080,False,False,False
logistic,logistic,logistic,logistic,logistic,logistic,AP2,household,household,origin_week,natural,829836,2008-07-15 00:00:00,2008Q3,household_2008-07-15T00:00:00,180,5,10080,False,False,False
logistic,logistic,logistic,logistic,logistic,logistic,AP2,household,household,origin_week,natural,839916,2008-07-22 00:00:00,2008Q3,household_2008-07-22T00:00:00,180,5,10080,False,False,False
hist_gradient_boosting,hist_gradient_boosting,hist_gradient_boosting,hist_gradient_boosting,hist_gradient_boosting,hist_gradient_boosting,AP2,household,household,origin_week,natural,849996,2008-07-29 00:00:00,2008Q3,household_2008-07-29T00:00:00,180,5,10080,False,False,False
logistic,logistic,logistic,logistic,logistic,logistic,AP2,household,household,origin_week,natural,860076,2008-08-05 00:00:00,2008Q3,household_2008-08-05T00:00:00,180,5,10080,False,False,False
logistic,logistic,logistic,logistic,logistic,logistic,AP2,household,household,origin_week,natural,870156,2008-08-12 00:00:00,2008Q3,household_2008-08-12T00:00:00,180,5,10080,False,False,False
logistic,logistic,logistic,logistic,logistic,logistic,AP2,household,household,origin_week,natural,880236,2008-08-19 00:00:00,2008Q3,household_2008-08-19T00:00:00,180,5,10080,False,False,False
logistic,logistic,logistic,logistic,logistic,logistic,AP2,household,household,origin_week,natural,890316,2008-08-26 00:00:00,2008Q3,household_2008-08-26T00:00:00,180,5,10080,False,False,False
hist_gradient_boosting,hist_gradient_boosting,hist_gradient_boosting,hist_gradient_boosting,hist_gradient_boosting,hist_gradient_boosting,AP2,household,household,origin_week,natural,900396,2008-09-02 00:00:00,2008Q3,household_2008-09-02T00:00:00,180,5,10080,False,False,False
hist_gradient_boosting,hist_gradient_boosting,hist_gradient_boosting,hist_gradient_boosting,hist_gradient_boosting,hist_gradient_boosting,AP2,household,household,origin_week,natural,910476,2008-09-09 00:00:00,2008Q3,household_2008-09-09T00:00:00,180,5,10080,False,False,False
hist_gradient_boosting,hist_gradient_boosting,hist_gradient_boosting,hist_gradient_boosting,hist_gradient_boosting,hist_gradient_boosting,AP2,household,household,origin_week,natural,920556,2008-09-16 00:00:00,2008Q3,household_2008-09-16T00:00:00,180,5,10080,False,False,False
hist_gradient_boosting,hist_gradient_boosting,hist_gradient_boosting,hist_gradient_boosting,hist_gradient_boosting,hist_gradient_boosting,AP2,household,household,origin_week,natural,930636,2008-09-23 00:00:00,2008Q3,household_2008-09-23T00:00:00,180,5,10080,False,False,False
hist_gradient_boosting,hist_gradient_boosting,hist_gradient_boosting,hist_gradient_boosting,hist_gradient_boosting,hist_gradient_boosting,AP2,household,household,origin_week,natural,940716,2008-09-30 00:00:00,2008Q3,household_2008-09-30T00:00:00,180,5,10080,False,False,False
hist_gradient_boosting,hist_gradient_boosting,hist_gradient_boosting,hist_gradient_boosting,hist_gradient_boosting,hist_gradient_boosting,AP2,household,household,origin_week,natural,950796,2008-10-07 00:00:00,2008Q4,household_2008-10-07T00:00:00,180,5,10080,False,False,False
hist_gradient_boosting,hist_gradient_boosting,hist_gradient_boosting,hist_gradient_boosting,hist_gradient_boosting,hist_gradient_boosting,AP2,household,household,origin_week,natural,960876,2008-10-14 00:00:00,2008Q4,household_2008-10-14T00:00:00,180,5,10080,False,False,False
hist_gradient_boosting,hist_gradient_boosting,hist_gradient_boosting,hist_gradient_boosting,hist_gradient_boosting,hist_gradient_boosting,AP2,household,household,origin_week,natural,970956,2008-10-21 00:00:00,2008Q4,household_2008-10-21T00:00:00,180,5,10080,False,False,False
logistic,logistic,logistic,logistic,logistic,logistic,AP2,household,household,origin_week,natural,981036,2008-10-28 00:00:00,2008Q4,household_2008-10-28T00:00:00,180,5,10080,False,False,False
hist_gradient_boosting,hist_gradient_boosting,hist_gradient_boosting,hist_gradient_boosting,hist_gradient_boosting,hist_gradient_boosting,AP2,household,household,origin_week,natural,991116,2008-11-04 00:00:00,2008Q4,household_2008-11-04T00:00:00,180,5,10080,False,False,False
hist_gradient_boosting,hist_gradient_boosting,hist_gradient_boosting,hist_gradient_boosting,hist_gradient_boosting,hist_gradient_boosting,AP2,household,household,origin_week,natural,1001196,2008-11-11 00:00:00,2008Q4,household_2008-11-11T00:00:00,180,5,10080,False,False,False
hist_gradient_boosting,hist_gradient_boosting,hist_gradient_boosting,hist_gradient_boosting,hist_gradient_boosting,hist_gradient_boosting,AP2,household,household,origin_week,natural,1011276,2008-11-18 00:00:00,2008Q4,household_2008-11-18T00:00:00,180,5,10080,False,False,False
hist_gradient_boosting,hist_gradient_boosting,hist_gradient_boosting,hist_gradient_boosting,hist_gradient_boosting,hist_gradient_boosting,AP2,household,household,origin_week,natural,1021356,2008-11-25 00:00:00,2008Q4,household_2008-11-25T00:00:00,180,5,10080,False,False,False
hist_gradient_boosting,hist_gradient_boosting,hist_gradient_boosting,hist_gradient_boosting,hist_gradient_boosting,hist_gradient_boosting,AP2,household,household,origin_week,natural,1031436,2008-12-02 00:00:00,2008Q4,household_2008-12-02T00:00:00,180,5,10080,False,False,False
hist_gradient_boosting,hist_gradient_boosting,hist_gradient_boosting,hist_gradient_boosting,hist_gradient_boosting,hist_gradient_boosting,AP2,household,household,origin_week,natural,1041516,2008-12-09 00:00:00,2008Q4,household_2008-12-09T00:00:00,180,5,10080,False,False,False
hist_gradient_boosting,hist_gradient_boosting,hist_gradient_boosting,hist_gradient_boosting,hist_gradient_boosting,hist_gradient_boosting,AP2,household,household,origin_week,natural,1051596,2008-12-16 00:00:00,2008Q4,household_2008-12-16T00:00:00,180,5,10080,False,False,False
logistic,logistic,logistic,logistic,logistic,logistic,AP2,household,household,origin_week,natural,1061676,2008-12-23 00:00:00,2008Q4,household_2008-12-23T00:00:00,180,5,10080,False,False,False
logistic,logistic,logistic,logistic,logistic,logistic,AP2,household,household,origin_week,natural,1071756,2008-12-30 00:00:00,2008Q4,household_2008-12-30T00:00:00,180,5,10080,False,False,False
hist_gradient_boosting,hist_gradient_boosting,hist_gradient_boosting,hist_gradient_boosting,hist_gradient_boosting,hist_gradient_boosting,AP2,household,household,origin_week,natural,1081836,2009-01-06 00:00:00,2009Q1,household_2009-01-06T00:00:00,180,5,10080,False,False,False
hist_gradient_boosting,hist_gradient_boosting,hist_gradient_boosting,hist_gradient_boosting,hist_gradient_boosting,hist_gradient_boosting,AP2,household,household,origin_week,natural,1091916,2009-01-13 00:00:00,2009Q1,household_2009-01-13T00:00:00,180,5,10080,False,False,False
hist_gradient_boosting,hist_gradient_boosting,hist_gradient_boosting,hist_gradient_boosting,hist_gradient_boosting,hist_gradient_boosting,AP2,household,household,origin_week,natural,1101996,2009-01-20 00:00:00,2009Q1,household_2009-01-20T00:00:00,180,5,10080,False,False,False
hist_gradient_boosting,hist_gradient_boosting,hist_gradient_boosting,hist_gradient_boosting,hist_gradient_boosting,hist_gradient_boosting,AP2,household,household,origin_week,natural,1112076,2009-01-27 00:00:00,2009Q1,household_2009-01-27T00:00:00,180,5,10080,False,False,False
hist_gradient_boosting,hist_gradient_boosting,hist_gradient_boosting,hist_gradient_boosting,hist_gradient_boosting,hist_gradient_boosting,AP2,household,household,origin_week,natural,1122156,2009-02-03 00:00:00,2009Q1,household_2009-02-03T00:00:00,180,5,10080,False,False,False
hist_gradient_boosting,hist_gradient_boosting,hist_gradient_boosting,hist_gradient_boosting,hist_gradient_boosting,hist_gradient_boosting,AP2,household,household,origin_week,natural,1132236,2009-02-10 00:00:00,2009Q1,household_2009-02-10T00:00:00,180,5,10080,False,False,False
hist_gradient_boosting,hist_gradient_boosting,hist_gradient_boosting,hist_gradient_boosting,hist_gradient_boosting,hist_gradient_boosting,AP2,household,household,origin_week,natural,1142316,2009-02-17 00:00:00,2009Q1,household_2009-02-17T00:00:00,180,5,10080,False,False,False
hist_gradient_boosting,hist_gradient_boosting,hist_gradient_boosting,hist_gradient_boosting,hist_gradient_boosting,hist_gradient_boosting,AP2,household,household,origin_week,natural,1152396,2009-02-24 00:00:00,2009Q1,household_2009-02-24T00:00:00,180,5,10080,False,False,False
hist_gradient_boosting,hist_gradient_boosting,hist_gradient_boosting,hist_gradient_boosting,hist_gradient_boosting,hist_gradient_boosting,AP2,household,household,origin_week,natural,1162476,2009-03-03 00:00:00,2009Q1,household_2009-03-03T00:00:00,180,5,10080,False,False,False
hist_gradient_boosting,hist_gradient_boosting,hist_gradient_boosting,hist_gradient_boosting,hist_gradient_boosting,hist_gradient_boosting,AP2,household,household,origin_week,natural,1172556,2009-03-10 00:00:00,2009Q1,household_2009-03-10T00:00:00,180,5,10080,False,False,False
hist_gradient_boosting,hist_gradient_boosting,hist_gradient_boosting,hist_gradient_boosting,hist_gradient_boosting,hist_gradient_boosting,AP2,household,household,origin_week,natural,1182636,2009-03-17 00:00:00,2009Q1,household_2009-03-17T00:00:00,180,5,10080,False,False,False
hist_gradient_boosting,hist_gradient_boosting,hist_gradient_boosting,hist_gradient_boosting,hist_gradient_boosting,hist_gradient_boosting,AP2,household,household,origin_week,natural,1192716,2009-03-24 00:00:00,2009Q1,household_2009-03-24T00:00:00,180,5,10080,False,False,False
hist_gradient_boosting,hist_gradient_boosting,hist_gradient_boosting,hist_gradient_boosting,hist_gradient_boosting,hist_gradient_boosting,AP2,household,household,origin_week,natural,1202796,2009-03-31 00:00:00,2009Q1,household_2009-03-31T00:00:00,180,5,10080,False,False,False
hist_gradient_boosting,hist_gradient_boosting,hist_gradient_boosting,hist_gradient_boosting,hist_gradient_boosting,hist_gradient_boosting,AP2,household,household,origin_week,natural,1212876,2009-04-07 00:00:00,2009Q2,household_2009-04-07T00:00:00,180,5,10080,False,False,False
hist_gradient_boosting,hist_gradient_boosting,hist_gradient_boosting,hist_gradient_boosting,hist_gradient_boosting,hist_gradient_boosting,AP2,household,household,origin_week,natural,1222956,2009-04-14 00:00:00,2009Q2,household_2009-04-14T00:00:00,180,5,10080,False,False,False
hist_gradient_boosting,hist_gradient_boosting,hist_gradient_boosting,hist_gradient_boosting,hist_gradient_boosting,hist_gradient_boosting,AP2,household,household,origin_week,natural,1233036,2009-04-21 00:00:00,2009Q2,household_2009-04-21T00:00:00,180,5,10080,False,False,False
hist_gradient_boosting,hist_gradient_boosting,hist_gradient_boosting,hist_gradient_boosting,hist_gradient_boosting,hist_gradient_boosting,AP2,household,household,origin_week,natural,1243116,2009-04-28 00:00:00,2009Q2,household_2009-04-28T00:00:00,180,5,10080,False,False,False
logistic,logistic,logistic,logistic,logistic,logistic,AP2,household,household,origin_week,natural,1253196,2009-05-05 00:00:00,2009Q2,household_2009-05-05T00:00:00,180,5,10080,False,False,False
hist_gradient_boosting,hist_gradient_boosting,hist_gradient_boosting,hist_gradient_boosting,hist_gradient_boosting,hist_gradient_boosting,AP2,household,household,origin_week,natural,1263276,2009-05-12 00:00:00,2009Q2,household_2009-05-12T00:00:00,180,5,10080,False,False,False
logistic,logistic,logistic,logistic,logistic,logistic,AP2,household,household,origin_week,natural,1273356,2009-05-19 00:00:00,2009Q2,household_2009-05-19T00:00:00,180,5,10080,False,False,False
logistic,logistic,logistic,logistic,logistic,logistic,AP2,household,household,origin_week,natural,1283436,2009-05-26 00:00:00,2009Q2,household_2009-05-26T00:00:00,180,5,10080,False,False,False
hist_gradient_boosting,hist_gradient_boosting,hist_gradient_boosting,hist_gradient_boosting,hist_gradient_boosting,hist_gradient_boosting,AP2,household,household,origin_week,natural,1293516,2009-06-02 00:00:00,2009Q2,household_2009-06-02T00:00:00,180,5,10080,False,False,False
constant;hist_gradient_boosting;logistic,,constant;hist_gradient_boosting;logistic,,constant;hist_gradient_boosting;logistic,,AP2,household,household,origin_week,natural,1303596,2009-06-09 00:00:00,2009Q2,household_2009-06-09T00:00:00,180,5,10080,False,False,False
hist_gradient_boosting,hist_gradient_boosting,hist_gradient_boosting,hist_gradient_boosting,hist_gradient_boosting,hist_gradient_boosting,AP2,household,household,origin_week,natural,1313676,2009-06-16 00:00:00,2009Q2,household_2009-06-16T00:00:00,180,5,10080,False,False,False
logistic,logistic,logistic,logistic,logistic,logistic,AP2,household,household,origin_week,natural,1323756,2009-06-23 00:00:00,2009Q2,household_2009-06-23T00:00:00,180,5,10080,False,False,False
logistic,logistic,logistic,logistic,logistic,logistic,AP2,household,household,origin_week,natural,1333836,2009-06-30 00:00:00,2009Q2,household_2009-06-30T00:00:00,180,5,1261,False,False,False
hist_gradient_boosting,hist_gradient_boosting,hist_gradient_boosting,hist_gradient_boosting,hist_gradient_boosting,hist_gradient_boosting,AP2,household,household,artificial,iid_10,898638,2008-08-31 18:42:00,2008Q3,household_2008-08-31T18:42:00,180,5,3917,False,False,False
constant;hist_gradient_boosting,,constant;hist_gradient_boosting,,constant;hist_gradient_boosting,,AP2,household,household,artificial,iid_30,898638,2008-08-31 18:42:00,2008Q3,household_2008-08-31T18:42:00,180,5,3917,False,False,False
constant;hist_gradient_boosting,,constant;hist_gradient_boosting,,constant;hist_gradient_boosting,,AP2,household,household,artificial,blocks_10,898638,2008-08-31 18:42:00,2008Q3,household_2008-08-31T18:42:00,180,5,3917,False,False,False
