seed,candidate,reference,horizon,target_scope,postprocess,origin,mae_gain,mse_gain
20260913,OD_PRODUCT,BASE_OD,3,terminal_H,raw,1392,0.008022891941122792,0.0009829803280054972
20260913,OD_PRODUCT,BASE_OD,3,terminal_H,raw,1404,-0.004151958337538401,-0.00040495784558718665
20260913,OD_PRODUCT,BASE_OD,3,terminal_H,raw,1416,-0.0035145795119725107,-0.00022339758883728862
20260913,OD_PRODUCT,BASE_OD,3,terminal_H,raw,1428,-0.00412863728862247,-0.0003173980443265963
20260913,OD_PRODUCT,BASE_OD,3,terminal_H,raw,1440,0.0027363277620064126,0.00015185168627091157
20260913,OD_PRODUCT,BASE_OD,3,terminal_H,raw,1452,-0.0026319936753285145,-0.00039027763302565925
20260913,OD_PRODUCT,BASE_OD,3,terminal_H,raw,1464,0.011841647103444784,0.008949390272149735
20260913,OD_PRODUCT,BASE_OD,3,terminal_H,raw,1476,-0.00629023087824296,-0.0016582750288818857
20260913,OD_PRODUCT,BASE_OD,3,terminal_H,raw,1488,-0.001842568253242575,-4.3256636035172325e-05
20260913,OD_PRODUCT,BASE_OD,3,terminal_H,raw,1500,0.005680700687719607,0.0006173468456903785
20260913,OD_PRODUCT,BASE_OD,3,terminal_H,raw,1512,-0.0023558831015389765,-0.001450147367462766
20260913,OD_PRODUCT,BASE_OD,3,terminal_H,raw,1524,-0.005061706206752719,-0.0011880979735865043
20260913,OD_PRODUCT,BASE_OD,3,terminal_H,raw,1536,-0.00025347059027639926,-4.164304710547709e-05
20260913,OD_PRODUCT,BASE_OD,3,terminal_H,raw,1548,0.00538012470339369,0.0011387638183515012
20260913,OD_PRODUCT,BASE_OD,3,terminal_H,clip_0_1,1392,0.008032652727481271,0.000984633325841735
20260913,OD_PRODUCT,BASE_OD,3,terminal_H,clip_0_1,1404,-0.004151958337538401,-0.00040495784558718665
20260913,OD_PRODUCT,BASE_OD,3,terminal_H,clip_0_1,1416,-0.0035171709553381367,-0.00022311323719159128
20260913,OD_PRODUCT,BASE_OD,3,terminal_H,clip_0_1,1428,-0.004110729977521076,-0.0003165139790714367
20260913,OD_PRODUCT,BASE_OD,3,terminal_H,clip_0_1,1440,0.0028017492218619577,0.0001543465620970839
20260913,OD_PRODUCT,BASE_OD,3,terminal_H,clip_0_1,1452,-0.0026716358463120555,-0.00039074994260486566
20260913,OD_PRODUCT,BASE_OD,3,terminal_H,clip_0_1,1464,0.011880185543152106,0.008953887212727248
20260913,OD_PRODUCT,BASE_OD,3,terminal_H,clip_0_1,1476,-0.006317235372000611,-0.0016586473381277347
20260913,OD_PRODUCT,BASE_OD,3,terminal_H,clip_0_1,1488,-0.0017295723085687072,-4.147999130902411e-05
20260913,OD_PRODUCT,BASE_OD,3,terminal_H,clip_0_1,1500,0.005647896544136982,0.0006165175222276794
20260913,OD_PRODUCT,BASE_OD,3,terminal_H,clip_0_1,1512,-0.0023364958648929464,-0.0014486592019234753
20260913,OD_PRODUCT,BASE_OD,3,terminal_H,clip_0_1,1524,-0.005061706206752719,-0.0011880979735865043
20260913,OD_PRODUCT,BASE_OD,3,terminal_H,clip_0_1,1536,-0.00025347059027639926,-4.164304710547709e-05
20260913,OD_PRODUCT,BASE_OD,3,terminal_H,clip_0_1,1548,0.00538012470339369,0.0011387638183515012
20260913,OD_PRODUCT,BASE_OD,3,path_1_to_H,raw,1392,0.005677671292515911,0.0006174823694887109
20260913,OD_PRODUCT,BASE_OD,3,path_1_to_H,raw,1404,-0.0029204559069884815,-0.00028830830102447887
20260913,OD_PRODUCT,BASE_OD,3,path_1_to_H,raw,1416,-0.0032975898425621876,-0.00024414840985237824
20260913,OD_PRODUCT,BASE_OD,3,path_1_to_H,raw,1428,-0.0022367662865529396,-2.7459537366193056e-05
20260913,OD_PRODUCT,BASE_OD,3,path_1_to_H,raw,1440,0.0006965234875131525,4.847184709654715e-05
20260913,OD_PRODUCT,BASE_OD,3,path_1_to_H,raw,1452,-0.0016728356685919204,-0.000183242107689329
20260913,OD_PRODUCT,BASE_OD,3,path_1_to_H,raw,1464,0.009202281592667087,0.006732993429420617
20260913,OD_PRODUCT,BASE_OD,3,path_1_to_H,raw,1476,-0.00687188946752573,-0.0013345901232642132
20260913,OD_PRODUCT,BASE_OD,3,path_1_to_H,raw,1488,-0.00041584279259800164,9.661766798227209e-05
20260913,OD_PRODUCT,BASE_OD,3,path_1_to_H,raw,1500,0.0038790187605971644,0.0005090568936839242
20260913,OD_PRODUCT,BASE_OD,3,path_1_to_H,raw,1512,-0.0013505146562708772,-0.0008446576076403654
20260913,OD_PRODUCT,BASE_OD,3,path_1_to_H,raw,1524,-0.0033590805063811293,-0.0006798775669410254
20260913,OD_PRODUCT,BASE_OD,3,path_1_to_H,raw,1536,-0.000785566595412244,-0.0001597473933217974
20260913,OD_PRODUCT,BASE_OD,3,path_1_to_H,raw,1548,0.003408008286307016,0.0007422479218471132
20260913,OD_PRODUCT,BASE_OD,3,path_1_to_H,clip_0_1,1392,0.005673688172115088,0.0006182916476835721
20260913,OD_PRODUCT,BASE_OD,3,path_1_to_H,clip_0_1,1404,-0.0029151483786570573,-0.00028825800821051647
20260913,OD_PRODUCT,BASE_OD,3,path_1_to_H,clip_0_1,1416,-0.0033168015059014807,-0.00024421988454926744
20260913,OD_PRODUCT,BASE_OD,3,path_1_to_H,clip_0_1,1428,-0.0022211532857554887,-2.7069265498916625e-05
20260913,OD_PRODUCT,BASE_OD,3,path_1_to_H,clip_0_1,1440,0.0007358583671124445,4.9709025846232626e-05
20260913,OD_PRODUCT,BASE_OD,3,path_1_to_H,clip_0_1,1452,-0.0017013181963782585,-0.00018352694740217824
20260913,OD_PRODUCT,BASE_OD,3,path_1_to_H,clip_0_1,1464,0.009231078467669795,0.006735035143558781
20260913,OD_PRODUCT,BASE_OD,3,path_1_to_H,clip_0_1,1476,-0.006872704873303784,-0.0013342072855165694
20260913,OD_PRODUCT,BASE_OD,3,path_1_to_H,clip_0_1,1488,-0.0002622314732789916,9.914372279409664e-05
20260913,OD_PRODUCT,BASE_OD,3,path_1_to_H,clip_0_1,1500,0.0038386246747463227,0.0005068679660113118
20260913,OD_PRODUCT,BASE_OD,3,path_1_to_H,clip_0_1,1512,-0.0012755020440032166,-0.0008135163576503033
20260913,OD_PRODUCT,BASE_OD,3,path_1_to_H,clip_0_1,1524,-0.003365831737665885,-0.0006800021511826913
20260913,OD_PRODUCT,BASE_OD,3,path_1_to_H,clip_0_1,1536,-0.000785566595412244,-0.0001597473933217974
20260913,OD_PRODUCT,BASE_OD,3,path_1_to_H,clip_0_1,1548,0.003408008286307016,0.0007422479218471132
20260913,OD_PRODUCT,BASE_OD,6,terminal_H,raw,1392,0.003892286036435856,0.0005383548263763523
20260913,OD_PRODUCT,BASE_OD,6,terminal_H,raw,1404,-0.004772623559764101,-0.0005839517084884945
20260913,OD_PRODUCT,BASE_OD,6,terminal_H,raw,1416,-0.0071934755420312545,-0.0007692866550515684
20260913,OD_PRODUCT,BASE_OD,6,terminal_H,raw,1428,-0.007533784784527195,-0.0004767420486517096
20260913,OD_PRODUCT,BASE_OD,6,terminal_H,raw,1440,0.0018016915583807284,3.8673272757861484e-05
20260913,OD_PRODUCT,BASE_OD,6,terminal_H,raw,1452,-0.0036613862801291573,-0.00034583802366000186
20260913,OD_PRODUCT,BASE_OD,6,terminal_H,raw,1464,0.013126205487630646,0.009505171170940132
20260913,OD_PRODUCT,BASE_OD,6,terminal_H,raw,1476,-0.002153976892559719,-0.0013811933378450633
20260913,OD_PRODUCT,BASE_OD,6,terminal_H,raw,1488,0.0014669021274443211,-6.703798705352159e-05
20260913,OD_PRODUCT,BASE_OD,6,terminal_H,raw,1500,0.006213671098671684,0.0009237022587051555
20260913,OD_PRODUCT,BASE_OD,6,terminal_H,raw,1512,-0.009126823588301811,-0.005344145659667298
20260913,OD_PRODUCT,BASE_OD,6,terminal_H,raw,1524,-0.009329677194860435,-0.003332211084929027
20260913,OD_PRODUCT,BASE_OD,6,terminal_H,raw,1536,-0.00437367183472583,-0.0009270315713504256
20260913,OD_PRODUCT,BASE_OD,6,terminal_H,raw,1548,0.007965719568859274,0.0019028378500571584
20260913,OD_PRODUCT,BASE_OD,6,terminal_H,clip_0_1,1392,0.0039977965309754985,0.000540031961521714
20260913,OD_PRODUCT,BASE_OD,6,terminal_H,clip_0_1,1404,-0.004772623559764101,-0.0005839517084884945
20260913,OD_PRODUCT,BASE_OD,6,terminal_H,clip_0_1,1416,-0.0070282742185938316,-0.0007557285202725932
20260913,OD_PRODUCT,BASE_OD,6,terminal_H,clip_0_1,1428,-0.007575331874649458,-0.00047721674284355715
20260913,OD_PRODUCT,BASE_OD,6,terminal_H,clip_0_1,1440,0.0020234530517547686,5.2317113457657475e-05
20260913,OD_PRODUCT,BASE_OD,6,terminal_H,clip_0_1,1452,-0.003671450977784721,-0.00034592988635827755
20260913,OD_PRODUCT,BASE_OD,6,terminal_H,clip_0_1,1464,0.013170337265429684,0.009506596375506828
20260913,OD_PRODUCT,BASE_OD,6,terminal_H,clip_0_1,1476,-0.002167406965854346,-0.0013812429387339556
20260913,OD_PRODUCT,BASE_OD,6,terminal_H,clip_0_1,1488,0.0015390649432675224,-6.572244749481263e-05
20260913,OD_PRODUCT,BASE_OD,6,terminal_H,clip_0_1,1500,0.006213671098671684,0.0009237022587051555
20260913,OD_PRODUCT,BASE_OD,6,terminal_H,clip_0_1,1512,-0.009107445961977514,-0.005318205563387695
20260913,OD_PRODUCT,BASE_OD,6,terminal_H,clip_0_1,1524,-0.009329677194860435,-0.003332211084929027
20260913,OD_PRODUCT,BASE_OD,6,terminal_H,clip_0_1,1536,-0.00437367183472583,-0.0009270315713504256
20260913,OD_PRODUCT,BASE_OD,6,terminal_H,clip_0_1,1548,0.007965719568859274,0.0019028378500571584
20260913,OD_PRODUCT,BASE_OD,6,path_1_to_H,raw,1392,0.004475288155346552,0.0004968733982116443
20260913,OD_PRODUCT,BASE_OD,6,path_1_to_H,raw,1404,-0.0038982043322053446,-0.0004234905912129303
20260913,OD_PRODUCT,BASE_OD,6,path_1_to_H,raw,1416,-0.004888509084364418,-0.0004763381997194886
20260913,OD_PRODUCT,BASE_OD,6,path_1_to_H,raw,1428,-0.004628472495895066,-0.00022078188997481842
20260913,OD_PRODUCT,BASE_OD,6,path_1_to_H,raw,1440,0.0017801238266835263,9.81556683752265e-05
20260913,OD_PRODUCT,BASE_OD,6,path_1_to_H,raw,1452,-0.002730129612804755,-0.00031718326983162196
20260913,OD_PRODUCT,BASE_OD,6,path_1_to_H,raw,1464,0.011688111269728437,0.008218481133496432
20260913,OD_PRODUCT,BASE_OD,6,path_1_to_H,raw,1476,-0.005381733078378759,-0.0014685158669224601
20260913,OD_PRODUCT,BASE_OD,6,path_1_to_H,raw,1488,0.00011339602227135724,7.77142485626113e-05
20260913,OD_PRODUCT,BASE_OD,6,path_1_to_H,raw,1500,0.005119934016239396,0.0006926895022235099
20260913,OD_PRODUCT,BASE_OD,6,path_1_to_H,raw,1512,-0.004002732310199766,-0.002466479912612304
20260913,OD_PRODUCT,BASE_OD,6,path_1_to_H,raw,1524,-0.006385929746936499,-0.0020879082712439226
20260913,OD_PRODUCT,BASE_OD,6,path_1_to_H,raw,1536,-0.001331046948394262,-0.0002684849974026562
20260913,OD_PRODUCT,BASE_OD,6,path_1_to_H,raw,1548,0.005462908204148447,0.0012379151732816937
20260913,OD_PRODUCT,BASE_OD,6,path_1_to_H,clip_0_1,1392,0.00452215620120557,0.0005015539468813883
20260913,OD_PRODUCT,BASE_OD,6,path_1_to_H,clip_0_1,1404,-0.0038955505680396325,-0.00042346544480594906
20260913,OD_PRODUCT,BASE_OD,6,path_1_to_H,clip_0_1,1416,-0.0048216430325907595,-0.00047014552261887417
20260913,OD_PRODUCT,BASE_OD,6,path_1_to_H,clip_0_1,1428,-0.004621068231790674,-0.0002205956785421841
20260913,OD_PRODUCT,BASE_OD,6,path_1_to_H,clip_0_1,1440,0.0018964549762657873,0.00010449999573179422
20260913,OD_PRODUCT,BASE_OD,6,path_1_to_H,clip_0_1,1452,-0.0027533507816632917,-0.0003173864349220612
20260913,OD_PRODUCT,BASE_OD,6,path_1_to_H,clip_0_1,1464,0.01172298710944809,0.008220068047665806
20260913,OD_PRODUCT,BASE_OD,6,path_1_to_H,clip_0_1,1476,-0.005392757939588364,-0.0014683929630472366
20260913,OD_PRODUCT,BASE_OD,6,path_1_to_H,clip_0_1,1488,0.00024606898220875764,8.005132069356351e-05
20260913,OD_PRODUCT,BASE_OD,6,path_1_to_H,clip_0_1,1500,0.005099736973313975,0.0006915950383872036
20260913,OD_PRODUCT,BASE_OD,6,path_1_to_H,clip_0_1,1512,-0.003961466804910639,-0.0024460236444847016
20260913,OD_PRODUCT,BASE_OD,6,path_1_to_H,clip_0_1,1524,-0.006389305362578876,-0.0020879705633647556
20260913,OD_PRODUCT,BASE_OD,6,path_1_to_H,clip_0_1,1536,-0.001331046948394262,-0.0002684849974026562
20260913,OD_PRODUCT,BASE_OD,6,path_1_to_H,clip_0_1,1548,0.005462908204148447,0.0012379151732816937
20260913,OD_PRODUCT,BASE_OD,9,terminal_H,raw,1392,0.0009565661365159354,0.00043211080032970885
20260913,OD_PRODUCT,BASE_OD,9,terminal_H,raw,1404,-0.000555530925682608,-0.00021673715097964472
20260913,OD_PRODUCT,BASE_OD,9,terminal_H,raw,1416,-0.006951950764633707,-0.0009367347098083167
20260913,OD_PRODUCT,BASE_OD,9,terminal_H,raw,1428,-0.007577803667273809,-0.0011199474251354462
20260913,OD_PRODUCT,BASE_OD,9,terminal_H,raw,1440,-0.002817920801376712,-0.00021438743689761617
20260913,OD_PRODUCT,BASE_OD,9,terminal_H,raw,1452,-0.003459146681887816,-0.0001416225259195868
20260913,OD_PRODUCT,BASE_OD,9,terminal_H,raw,1464,0.011378191569606039,0.00742312134280505
20260913,OD_PRODUCT,BASE_OD,9,terminal_H,raw,1476,0.0005665680649761317,-0.0006425384062248581
20260913,OD_PRODUCT,BASE_OD,9,terminal_H,raw,1488,-0.00036581779941866717,-7.122364158171166e-05
20260913,OD_PRODUCT,BASE_OD,9,terminal_H,raw,1500,0.008538381760064979,0.0013936744303139337
20260913,OD_PRODUCT,BASE_OD,9,terminal_H,raw,1512,-0.010910178108088002,-0.004092052070108281
20260913,OD_PRODUCT,BASE_OD,9,terminal_H,raw,1524,-0.0179006710267263,-0.006945764028622868
20260913,OD_PRODUCT,BASE_OD,9,terminal_H,raw,1536,0.0017673096558201034,0.000101897271065326
20260913,OD_PRODUCT,BASE_OD,9,terminal_H,raw,1548,-0.007596746986296936,-0.0014805435235882504
20260913,OD_PRODUCT,BASE_OD,9,terminal_H,clip_0_1,1392,0.0009933263458853793,0.00043248241140275234
20260913,OD_PRODUCT,BASE_OD,9,terminal_H,clip_0_1,1404,-0.000555530925682608,-0.00021673715097964472
20260913,OD_PRODUCT,BASE_OD,9,terminal_H,clip_0_1,1416,-0.006951950764633707,-0.0009367347098083167
20260913,OD_PRODUCT,BASE_OD,9,terminal_H,clip_0_1,1428,-0.007542490106454154,-0.0011168112691753971
20260913,OD_PRODUCT,BASE_OD,9,terminal_H,clip_0_1,1440,-0.002817920801376712,-0.00021438743689761617
20260913,OD_PRODUCT,BASE_OD,9,terminal_H,clip_0_1,1452,-0.0034166919494751746,-0.00013989268468573955
20260913,OD_PRODUCT,BASE_OD,9,terminal_H,clip_0_1,1464,0.01141963850908772,0.00742359375122296
20260913,OD_PRODUCT,BASE_OD,9,terminal_H,clip_0_1,1476,0.000651838211750963,-0.0006404490558685595
20260913,OD_PRODUCT,BASE_OD,9,terminal_H,clip_0_1,1488,-0.00031195401826978144,-7.08179654019407e-05
20260913,OD_PRODUCT,BASE_OD,9,terminal_H,clip_0_1,1500,0.008538381760064979,0.0013936744303139337
20260913,OD_PRODUCT,BASE_OD,9,terminal_H,clip_0_1,1512,-0.010873182643409264,-0.0040439926424646324
20260913,OD_PRODUCT,BASE_OD,9,terminal_H,clip_0_1,1524,-0.0179006710267263,-0.006945764028622868
20260913,OD_PRODUCT,BASE_OD,9,terminal_H,clip_0_1,1536,0.0017673096558201034,0.000101897271065326
20260913,OD_PRODUCT,BASE_OD,9,terminal_H,clip_0_1,1548,-0.007596746986296936,-0.0014805435235882504
20260913,OD_PRODUCT,BASE_OD,9,path_1_to_H,raw,1392,0.004435891736678953,0.0004398899805537056
20260913,OD_PRODUCT,BASE_OD,9,path_1_to_H,raw,1404,-0.003444182107684997,-0.0004154232892112319
20260913,OD_PRODUCT,BASE_OD,9,path_1_to_H,raw,1416,-0.005335118104682941,-0.0005990853012134299
20260913,OD_PRODUCT,BASE_OD,9,path_1_to_H,raw,1428,-0.006256035616519502,-0.0004947510974226904
20260913,OD_PRODUCT,BASE_OD,9,path_1_to_H,raw,1440,0.00016405411890034246,-1.0834831407472636e-05
20260913,OD_PRODUCT,BASE_OD,9,path_1_to_H,raw,1452,-0.003109530352480183,-0.0002669214422931126
20260913,OD_PRODUCT,BASE_OD,9,path_1_to_H,raw,1464,0.011758643527040901,0.008254968464388057
20260913,OD_PRODUCT,BASE_OD,9,path_1_to_H,raw,1476,-0.0033239015391434254,-0.001173691694155479
20260913,OD_PRODUCT,BASE_OD,9,path_1_to_H,raw,1488,0.0004617363816466432,0.00012734747506379767
20260913,OD_PRODUCT,BASE_OD,9,path_1_to_H,raw,1500,0.005672370677557205,0.0007633062269506054
20260913,OD_PRODUCT,BASE_OD,9,path_1_to_H,raw,1512,-0.006470306034999528,-0.003430145757405298
20260913,OD_PRODUCT,BASE_OD,9,path_1_to_H,raw,1524,-0.009470978406763007,-0.003201932320497172
20260913,OD_PRODUCT,BASE_OD,9,path_1_to_H,raw,1536,-0.0003202358822790188,-0.00010364022306519769
20260913,OD_PRODUCT,BASE_OD,9,path_1_to_H,raw,1548,0.0030989108346518293,0.0006588011736844982
20260913,OD_PRODUCT,BASE_OD,9,path_1_to_H,clip_0_1,1392,0.004491912996553955,0.0004435837597842587
20260913,OD_PRODUCT,BASE_OD,9,path_1_to_H,clip_0_1,1404,-0.0034424129315745217,-0.0004154065249399111
20260913,OD_PRODUCT,BASE_OD,9,path_1_to_H,clip_0_1,1416,-0.005254107414207534,-0.0005917793270624817
20260913,OD_PRODUCT,BASE_OD,9,path_1_to_H,clip_0_1,1428,-0.006249679620253928,-0.0004942545524888709
20260913,OD_PRODUCT,BASE_OD,9,path_1_to_H,clip_0_1,1440,0.0002546360826418035,-6.013210301216508e-06
20260913,OD_PRODUCT,BASE_OD,9,path_1_to_H,clip_0_1,1452,-0.0031121914980724186,-0.00026661207905287726
20260913,OD_PRODUCT,BASE_OD,9,path_1_to_H,clip_0_1,1464,0.011797134812241096,0.00825618045541724
20260913,OD_PRODUCT,BASE_OD,9,path_1_to_H,clip_0_1,1476,-0.003316619417366599,-0.001173282565366186
20260913,OD_PRODUCT,BASE_OD,9,path_1_to_H,clip_0_1,1488,0.0005632718565822396,0.00012907283862555988
20260913,OD_PRODUCT,BASE_OD,9,path_1_to_H,clip_0_1,1500,0.005658905982273591,0.000762576584393068
20260913,OD_PRODUCT,BASE_OD,9,path_1_to_H,clip_0_1,1512,-0.006437136638798077,-0.0034108870942079197
20260913,OD_PRODUCT,BASE_OD,9,path_1_to_H,clip_0_1,1524,-0.009473228817191258,-0.0032019738485777275
20260913,OD_PRODUCT,BASE_OD,9,path_1_to_H,clip_0_1,1536,-0.0003202358822790188,-0.00010364022306519769
20260913,OD_PRODUCT,BASE_OD,9,path_1_to_H,clip_0_1,1548,0.0030989108346518293,0.0006588011736844982
20260913,OD_PRODUCT,BASE_OD,12,terminal_H,raw,1392,-0.0006516715194568151,0.0006570540538532567
20260913,OD_PRODUCT,BASE_OD,12,terminal_H,raw,1404,-0.0017493504074183688,-0.00046538113586100784
20260913,OD_PRODUCT,BASE_OD,12,terminal_H,raw,1416,-0.0037878590442753145,-0.0004682177894016978
20260913,OD_PRODUCT,BASE_OD,12,terminal_H,raw,1428,-0.004646260708635592,-0.000721662011323396
20260913,OD_PRODUCT,BASE_OD,12,terminal_H,raw,1440,-0.00016326744504489813,-1.3915261915369494e-05
20260913,OD_PRODUCT,BASE_OD,12,terminal_H,raw,1452,-0.0006161496310247425,-0.00023709593927566234
20260913,OD_PRODUCT,BASE_OD,12,terminal_H,raw,1464,0.009510862867823272,0.005265458663194446
20260913,OD_PRODUCT,BASE_OD,12,terminal_H,raw,1476,0.0019606095190997604,0.0006881553379577515
20260913,OD_PRODUCT,BASE_OD,12,terminal_H,raw,1488,-0.001503374517447739,-0.0005213368346523145
20260913,OD_PRODUCT,BASE_OD,12,terminal_H,raw,1500,0.0018751799092044585,-0.0002776518331719496
20260913,OD_PRODUCT,BASE_OD,12,terminal_H,raw,1512,-0.005779996300012022,-0.0015842429444818994
20260913,OD_PRODUCT,BASE_OD,12,terminal_H,raw,1524,-0.01718863701945526,-0.007064714936957214
20260913,OD_PRODUCT,BASE_OD,12,terminal_H,raw,1536,0.003650769766079916,0.00047442198591848427
20260913,OD_PRODUCT,BASE_OD,12,terminal_H,raw,1548,-0.008787740160364934,-0.0018282271149490095
20260913,OD_PRODUCT,BASE_OD,12,terminal_H,clip_0_1,1392,-0.0006516715194568151,0.0006570540538532567
20260913,OD_PRODUCT,BASE_OD,12,terminal_H,clip_0_1,1404,-0.0017493504074183688,-0.00046538113586100784
20260913,OD_PRODUCT,BASE_OD,12,terminal_H,clip_0_1,1416,-0.0037878590442753145,-0.0004682177894016978
20260913,OD_PRODUCT,BASE_OD,12,terminal_H,clip_0_1,1428,-0.004596931078282358,-0.000717325024100004
20260913,OD_PRODUCT,BASE_OD,12,terminal_H,clip_0_1,1440,-0.00011529403270843078,-4.894530116946032e-07
20260913,OD_PRODUCT,BASE_OD,12,terminal_H,clip_0_1,1452,-0.0006143408992926992,-0.00023702972004403244
20260913,OD_PRODUCT,BASE_OD,12,terminal_H,clip_0_1,1464,0.009510862867823272,0.005265458663194446
20260913,OD_PRODUCT,BASE_OD,12,terminal_H,clip_0_1,1476,0.0019763148633410144,0.0006882231688631291
20260913,OD_PRODUCT,BASE_OD,12,terminal_H,clip_0_1,1488,-0.001503374517447739,-0.0005213368346523145
20260913,OD_PRODUCT,BASE_OD,12,terminal_H,clip_0_1,1500,0.0018751799092044585,-0.0002776518331719496
20260913,OD_PRODUCT,BASE_OD,12,terminal_H,clip_0_1,1512,-0.005779996300012022,-0.0015842429444818994
20260913,OD_PRODUCT,BASE_OD,12,terminal_H,clip_0_1,1524,-0.01718863701945526,-0.007064714936957214
20260913,OD_PRODUCT,BASE_OD,12,terminal_H,clip_0_1,1536,0.003650769766079916,0.00047442198591848427
20260913,OD_PRODUCT,BASE_OD,12,terminal_H,clip_0_1,1548,-0.008749162523830416,-0.0018213845017561324
20260913,OD_PRODUCT,BASE_OD,12,path_1_to_H,raw,1392,0.003171081610172968,0.0004669256630857257
20260913,OD_PRODUCT,BASE_OD,12,path_1_to_H,raw,1404,-0.0029992813676088604,-0.00038835448451707917
20260913,OD_PRODUCT,BASE_OD,12,path_1_to_H,raw,1416,-0.005156838983385353,-0.0005700973475835132
20260913,OD_PRODUCT,BASE_OD,12,path_1_to_H,raw,1428,-0.006083688956023133,-0.0005554660849960624
20260913,OD_PRODUCT,BASE_OD,12,path_1_to_H,raw,1440,-4.1562701706922236e-05,-3.5357058594874524e-05
20260913,OD_PRODUCT,BASE_OD,12,path_1_to_H,raw,1452,-0.002698881462187002,-0.00026809661968520344
20260913,OD_PRODUCT,BASE_OD,12,path_1_to_H,raw,1464,0.011632756523014546,0.007791453456631641
20260913,OD_PRODUCT,BASE_OD,12,path_1_to_H,raw,1476,-0.002116799582940816,-0.0007970290520196378
20260913,OD_PRODUCT,BASE_OD,12,path_1_to_H,raw,1488,1.7191059068408485e-05,-1.490227563292335e-05
20260913,OD_PRODUCT,BASE_OD,12,path_1_to_H,raw,1500,0.005365237688826607,0.0007407162325489298
20260913,OD_PRODUCT,BASE_OD,12,path_1_to_H,raw,1512,-0.006656805286932378,-0.0030237687338685003
20260913,OD_PRODUCT,BASE_OD,12,path_1_to_H,raw,1524,-0.011516899224171767,-0.004227174798864823
20260913,OD_PRODUCT,BASE_OD,12,path_1_to_H,raw,1536,-0.0003662684246188143,-0.0001342405992437258
20260913,OD_PRODUCT,BASE_OD,12,path_1_to_H,raw,1548,0.00042166988003404266,0.00010147091633231979
20260913,OD_PRODUCT,BASE_OD,12,path_1_to_H,clip_0_1,1392,0.00321309755507922,0.00046969599750864064
20260913,OD_PRODUCT,BASE_OD,12,path_1_to_H,clip_0_1,1404,-0.0029979544855260045,-0.00038834191131358856
20260913,OD_PRODUCT,BASE_OD,12,path_1_to_H,clip_0_1,1416,-0.005096080965528798,-0.000564617866970302
20260913,OD_PRODUCT,BASE_OD,12,path_1_to_H,clip_0_1,1428,-0.006061731497526651,-0.0005528783415481354
20260913,OD_PRODUCT,BASE_OD,12,path_1_to_H,clip_0_1,1440,3.9312851813058375e-05,-2.7973855162656825e-05
20260913,OD_PRODUCT,BASE_OD,12,path_1_to_H,clip_0_1,1452,-0.002696905517899347,-0.0002677170205801599
20260913,OD_PRODUCT,BASE_OD,12,path_1_to_H,clip_0_1,1464,0.011664208026628584,0.007792384467814267
20260913,OD_PRODUCT,BASE_OD,12,path_1_to_H,clip_0_1,1476,-0.0021014388932579816,-0.0007965614773662861
20260913,OD_PRODUCT,BASE_OD,12,path_1_to_H,clip_0_1,1488,9.489759007062905e-05,-1.3600274250855267e-05
20260913,OD_PRODUCT,BASE_OD,12,path_1_to_H,clip_0_1,1500,0.005355139167363896,0.0007401690006307765
20260913,OD_PRODUCT,BASE_OD,12,path_1_to_H,clip_0_1,1512,-0.0066282802705259014,-0.003008923423505914
20260913,OD_PRODUCT,BASE_OD,12,path_1_to_H,clip_0_1,1524,-0.011518587031992955,-0.004227205944925239
20260913,OD_PRODUCT,BASE_OD,12,path_1_to_H,clip_0_1,1536,-0.0003662684246188143,-0.0001342405992437258
20260913,OD_PRODUCT,BASE_OD,12,path_1_to_H,clip_0_1,1548,0.00042202485361331253,0.00010207010985059518
20260913,OD_PRODUCT,OD_SEPARABLE,3,terminal_H,raw,1392,0.007267006369842238,0.00046120459514129204
20260913,OD_PRODUCT,OD_SEPARABLE,3,terminal_H,raw,1404,0.001787856060259981,-0.00013283434607098835
20260913,OD_PRODUCT,OD_SEPARABLE,3,terminal_H,raw,1416,-0.002125826748169451,1.9750016976275996e-06
20260913,OD_PRODUCT,OD_SEPARABLE,3,terminal_H,raw,1428,0.001834755278108617,-6.612096992468602e-05
20260913,OD_PRODUCT,OD_SEPARABLE,3,terminal_H,raw,1440,0.003342731835524817,0.0002828106138344805
20260913,OD_PRODUCT,OD_SEPARABLE,3,terminal_H,raw,1452,-1.2471361987646988e-05,-5.346676212086473e-05
20260913,OD_PRODUCT,OD_SEPARABLE,3,terminal_H,raw,1464,0.013515362838669179,0.009428692290679198
20260913,OD_PRODUCT,OD_SEPARABLE,3,terminal_H,raw,1476,-0.0031229380007402768,-0.001282511208274283
20260913,OD_PRODUCT,OD_SEPARABLE,3,terminal_H,raw,1488,-0.011124233667087417,-0.0006552306346959887
20260913,OD_PRODUCT,OD_SEPARABLE,3,terminal_H,raw,1500,0.006599194535295984,0.0006804012687040493
20260913,OD_PRODUCT,OD_SEPARABLE,3,terminal_H,raw,1512,0.009714189942622305,0.005545832682162481
20260913,OD_PRODUCT,OD_SEPARABLE,3,terminal_H,raw,1524,-0.00217287578596174,-0.0006138150044460608
20260913,OD_PRODUCT,OD_SEPARABLE,3,terminal_H,raw,1536,0.0018641585971730646,0.0003538187661718422
20260913,OD_PRODUCT,OD_SEPARABLE,3,terminal_H,raw,1548,0.002344475928016775,0.0004259714277918057
20260913,OD_PRODUCT,OD_SEPARABLE,3,terminal_H,clip_0_1,1392,0.00699070212077633,0.00042972114187077797
20260913,OD_PRODUCT,OD_SEPARABLE,3,terminal_H,clip_0_1,1404,0.0017865211345817816,-0.0001328348361282941
20260913,OD_PRODUCT,OD_SEPARABLE,3,terminal_H,clip_0_1,1416,-0.0021467129347126426,2.0804241997925275e-06
20260913,OD_PRODUCT,OD_SEPARABLE,3,terminal_H,clip_0_1,1428,0.0018081887478911538,-6.57808333739815e-05
20260913,OD_PRODUCT,OD_SEPARABLE,3,terminal_H,clip_0_1,1440,0.003395003248589158,0.00028516561879586994
20260913,OD_PRODUCT,OD_SEPARABLE,3,terminal_H,clip_0_1,1452,-8.023455817642643e-05,-5.421019808014789e-05
20260913,OD_PRODUCT,OD_SEPARABLE,3,terminal_H,clip_0_1,1464,0.013555733353285549,0.009433382671353957
20260913,OD_PRODUCT,OD_SEPARABLE,3,terminal_H,clip_0_1,1476,-0.003111925253383009,-0.0012824745116483535
20260913,OD_PRODUCT,OD_SEPARABLE,3,terminal_H,clip_0_1,1488,-0.011011237722413551,-0.0006534539899698405
20260913,OD_PRODUCT,OD_SEPARABLE,3,terminal_H,clip_0_1,1500,0.006552126871272429,0.0006790238442144307
20260913,OD_PRODUCT,OD_SEPARABLE,3,terminal_H,clip_0_1,1512,0.008964934380359326,0.004856295308146899
20260913,OD_PRODUCT,OD_SEPARABLE,3,terminal_H,clip_0_1,1524,-0.00217287578596174,-0.0006138150044460608
20260913,OD_PRODUCT,OD_SEPARABLE,3,terminal_H,clip_0_1,1536,0.0018641585971730646,0.0003538187661718422
20260913,OD_PRODUCT,OD_SEPARABLE,3,terminal_H,clip_0_1,1548,0.002344475928016775,0.0004259714277918057
20260913,OD_PRODUCT,OD_SEPARABLE,3,path_1_to_H,raw,1392,0.005028052070220841,0.00024723383086819144
20260913,OD_PRODUCT,OD_SEPARABLE,3,path_1_to_H,raw,1404,0.0011688371495189376,-8.327887183302708e-05
20260913,OD_PRODUCT,OD_SEPARABLE,3,path_1_to_H,raw,1416,-0.0019031907995904346,-7.952296898286818e-05
20260913,OD_PRODUCT,OD_SEPARABLE,3,path_1_to_H,raw,1428,0.0014842721002935493,6.78112433584623e-05
20260913,OD_PRODUCT,OD_SEPARABLE,3,path_1_to_H,raw,1440,0.0014010501097265504,0.00013758548199067284
20260913,OD_PRODUCT,OD_SEPARABLE,3,path_1_to_H,raw,1452,0.00028016980235460743,3.694430049511359e-05
20260913,OD_PRODUCT,OD_SEPARABLE,3,path_1_to_H,raw,1464,0.009741379673786594,0.006763489530152657
20260913,OD_PRODUCT,OD_SEPARABLE,3,path_1_to_H,raw,1476,-0.004580051360141794,-0.0011135294304953692
20260913,OD_PRODUCT,OD_SEPARABLE,3,path_1_to_H,raw,1488,-0.006394837165708711,-0.0003273925224972426
20260913,OD_PRODUCT,OD_SEPARABLE,3,path_1_to_H,raw,1500,0.004467612526407628,0.00041087185799502257
20260913,OD_PRODUCT,OD_SEPARABLE,3,path_1_to_H,raw,1512,0.005891389907032459,0.003252330150169557
20260913,OD_PRODUCT,OD_SEPARABLE,3,path_1_to_H,raw,1524,-0.001651637311763507,-0.0004507029970653385
20260913,OD_PRODUCT,OD_SEPARABLE,3,path_1_to_H,raw,1536,0.0005469013289288043,3.725998401770356e-05
20260913,OD_PRODUCT,OD_SEPARABLE,3,path_1_to_H,raw,1548,0.0017914762477742852,0.00034983498211846385
20260913,OD_PRODUCT,OD_SEPARABLE,3,path_1_to_H,clip_0_1,1392,0.004801606840656682,0.00022278487279501659
20260913,OD_PRODUCT,OD_SEPARABLE,3,path_1_to_H,clip_0_1,1404,0.0011637599114468907,-8.364210901937373e-05
20260913,OD_PRODUCT,OD_SEPARABLE,3,path_1_to_H,clip_0_1,1416,-0.0019143835752509944,-7.95019165304344e-05
20260913,OD_PRODUCT,OD_SEPARABLE,3,path_1_to_H,clip_0_1,1428,0.001483172157772204,6.80135720587512e-05
20260913,OD_PRODUCT,OD_SEPARABLE,3,path_1_to_H,clip_0_1,1440,0.0014285017860644076,0.00013866662287779065
20260913,OD_PRODUCT,OD_SEPARABLE,3,path_1_to_H,clip_0_1,1452,0.00022791958965431985,3.643909414042122e-05
20260913,OD_PRODUCT,OD_SEPARABLE,3,path_1_to_H,clip_0_1,1464,0.009776262271073187,0.006765707277919632
20260913,OD_PRODUCT,OD_SEPARABLE,3,path_1_to_H,clip_0_1,1476,-0.004563588333577675,-0.0011130554587803494
20260913,OD_PRODUCT,OD_SEPARABLE,3,path_1_to_H,clip_0_1,1488,-0.006318296580680977,-0.0003259898331330766
20260913,OD_PRODUCT,OD_SEPARABLE,3,path_1_to_H,clip_0_1,1500,0.004410741258857536,0.00040644131720142453
20260913,OD_PRODUCT,OD_SEPARABLE,3,path_1_to_H,clip_0_1,1512,0.005022921105514531,0.0027807096822620304
20260913,OD_PRODUCT,OD_SEPARABLE,3,path_1_to_H,clip_0_1,1524,-0.0016450576978295464,-0.0004506539420218362
20260913,OD_PRODUCT,OD_SEPARABLE,3,path_1_to_H,clip_0_1,1536,0.0005469013289288043,3.725998401770356e-05
20260913,OD_PRODUCT,OD_SEPARABLE,3,path_1_to_H,clip_0_1,1548,0.0017914762477742852,0.00034983498211846385
20260913,OD_PRODUCT,OD_SEPARABLE,6,terminal_H,raw,1392,0.0065334474971168914,0.00019019591032091432
20260913,OD_PRODUCT,OD_SEPARABLE,6,terminal_H,raw,1404,0.005095569451600864,0.00015184460778839182
20260913,OD_PRODUCT,OD_SEPARABLE,6,terminal_H,raw,1416,-0.00308251293554281,-2.23568748124558e-05
20260913,OD_PRODUCT,OD_SEPARABLE,6,terminal_H,raw,1428,0.0014302329558898198,7.165938607496674e-05
20260913,OD_PRODUCT,OD_SEPARABLE,6,terminal_H,raw,1440,0.007284204090668389,0.00044062327056485114
20260913,OD_PRODUCT,OD_SEPARABLE,6,terminal_H,raw,1452,0.0048121442236612215,0.000727085877065986
20260913,OD_PRODUCT,OD_SEPARABLE,6,terminal_H,raw,1464,0.015476111865088992,0.009960956576908632
20260913,OD_PRODUCT,OD_SEPARABLE,6,terminal_H,raw,1476,0.007690377615602832,0.00044091863478828655
20260913,OD_PRODUCT,OD_SEPARABLE,6,terminal_H,raw,1488,-0.004498807297361486,7.3594574673051245e-06
20260913,OD_PRODUCT,OD_SEPARABLE,6,terminal_H,raw,1500,0.01105501325291667,0.001485934818289726
20260913,OD_PRODUCT,OD_SEPARABLE,6,terminal_H,raw,1512,0.008719660980851874,0.005213295508814761
20260913,OD_PRODUCT,OD_SEPARABLE,6,terminal_H,raw,1524,-0.002362963070407596,-0.0017988980664129643
20260913,OD_PRODUCT,OD_SEPARABLE,6,terminal_H,raw,1536,0.0020596893016201646,3.495430589365381e-05
20260913,OD_PRODUCT,OD_SEPARABLE,6,terminal_H,raw,1548,0.004238234254141468,0.0006613774092004724
20260913,OD_PRODUCT,OD_SEPARABLE,6,terminal_H,clip_0_1,1392,0.006380529070644555,0.00017062215339057235
20260913,OD_PRODUCT,OD_SEPARABLE,6,terminal_H,clip_0_1,1404,0.005095569451600864,0.00015184460778839182
20260913,OD_PRODUCT,OD_SEPARABLE,6,terminal_H,clip_0_1,1416,-0.0029353003562629584,-9.765228317795416e-06
20260913,OD_PRODUCT,OD_SEPARABLE,6,terminal_H,clip_0_1,1428,0.0014133265974585543,7.158078421222997e-05
20260913,OD_PRODUCT,OD_SEPARABLE,6,terminal_H,clip_0_1,1440,0.007460163568771631,0.00045255994213243023
20260913,OD_PRODUCT,OD_SEPARABLE,6,terminal_H,clip_0_1,1452,0.004819981913142421,0.0007271188272016268
20260913,OD_PRODUCT,OD_SEPARABLE,6,terminal_H,clip_0_1,1464,0.015520243642888029,0.009962381781475326
20260913,OD_PRODUCT,OD_SEPARABLE,6,terminal_H,clip_0_1,1476,0.007690377615602832,0.00044091863478828655
20260913,OD_PRODUCT,OD_SEPARABLE,6,terminal_H,clip_0_1,1488,-0.004506578538565656,8.0049242421335e-06
20260913,OD_PRODUCT,OD_SEPARABLE,6,terminal_H,clip_0_1,1500,0.01105501325291667,0.001485934818289726
20260913,OD_PRODUCT,OD_SEPARABLE,6,terminal_H,clip_0_1,1512,0.008466760462610086,0.004976166993122649
20260913,OD_PRODUCT,OD_SEPARABLE,6,terminal_H,clip_0_1,1524,-0.002362963070407596,-0.0017988980664129643
20260913,OD_PRODUCT,OD_SEPARABLE,6,terminal_H,clip_0_1,1536,0.0020596893016201646,3.495430589365381e-05
20260913,OD_PRODUCT,OD_SEPARABLE,6,terminal_H,clip_0_1,1548,0.004238234254141468,0.0006613774092004724
20260913,OD_PRODUCT,OD_SEPARABLE,6,path_1_to_H,raw,1392,0.004621305024781578,0.00014802758259968988
20260913,OD_PRODUCT,OD_SEPARABLE,6,path_1_to_H,raw,1404,0.003081759512025135,7.943083281776862e-05
20260913,OD_PRODUCT,OD_SEPARABLE,6,path_1_to_H,raw,1416,-0.0026166900992081192,-0.0001314915406037255
20260913,OD_PRODUCT,OD_SEPARABLE,6,path_1_to_H,raw,1428,0.0015827371479641803,9.457706588829758e-05
20260913,OD_PRODUCT,OD_SEPARABLE,6,path_1_to_H,raw,1440,0.004037199872404606,0.00032748728783024114
20260913,OD_PRODUCT,OD_SEPARABLE,6,path_1_to_H,raw,1452,0.0014976000155545808,0.00021450143941152347
20260913,OD_PRODUCT,OD_SEPARABLE,6,path_1_to_H,raw,1464,0.013264089174382253,0.008575724207682203
20260913,OD_PRODUCT,OD_SEPARABLE,6,path_1_to_H,raw,1476,-0.0008985039002934167,-0.0007757265200572939
20260913,OD_PRODUCT,OD_SEPARABLE,6,path_1_to_H,raw,1488,-0.006071982663592747,-0.0002240764004703126
20260913,OD_PRODUCT,OD_SEPARABLE,6,path_1_to_H,raw,1500,0.007065387351120267,0.0007575301931399287
20260913,OD_PRODUCT,OD_SEPARABLE,6,path_1_to_H,raw,1512,0.007654227985864969,0.004422401983125372
20260913,OD_PRODUCT,OD_SEPARABLE,6,path_1_to_H,raw,1524,-0.0025279926698411953,-0.0011768636872691413
20260913,OD_PRODUCT,OD_SEPARABLE,6,path_1_to_H,raw,1536,0.0016341169936265442,0.00013089312855143348
20260913,OD_PRODUCT,OD_SEPARABLE,6,path_1_to_H,raw,1548,0.002852312224608555,0.0005324501854342122
20260913,OD_PRODUCT,OD_SEPARABLE,6,path_1_to_H,clip_0_1,1392,0.004395919390730253,0.00012207927849356285
20260913,OD_PRODUCT,OD_SEPARABLE,6,path_1_to_H,clip_0_1,1404,0.003079220892989111,7.92492142245953e-05
20260913,OD_PRODUCT,OD_SEPARABLE,6,path_1_to_H,clip_0_1,1416,-0.0025714427542863965,-0.00012659948569728626
20260913,OD_PRODUCT,OD_SEPARABLE,6,path_1_to_H,clip_0_1,1428,0.001575584153759468,9.464756714001562e-05
20260913,OD_PRODUCT,OD_SEPARABLE,6,path_1_to_H,clip_0_1,1440,0.004123261300225116,0.00033279997757293975
20260913,OD_PRODUCT,OD_SEPARABLE,6,path_1_to_H,clip_0_1,1452,0.0014666331235894433,0.00021377165243837427
20260913,OD_PRODUCT,OD_SEPARABLE,6,path_1_to_H,clip_0_1,1464,0.013311971164909323,0.008577662305766972
20260913,OD_PRODUCT,OD_SEPARABLE,6,path_1_to_H,clip_0_1,1476,-0.0008902723870113574,-0.000775489534199784
20260913,OD_PRODUCT,OD_SEPARABLE,6,path_1_to_H,clip_0_1,1488,-0.006167180101897027,-0.0002251737569714359
20260913,OD_PRODUCT,OD_SEPARABLE,6,path_1_to_H,clip_0_1,1500,0.007023610322217757,0.0007550212345836169
20260913,OD_PRODUCT,OD_SEPARABLE,6,path_1_to_H,clip_0_1,1512,0.006960196647628772,0.0039484507682380635
20260913,OD_PRODUCT,OD_SEPARABLE,6,path_1_to_H,clip_0_1,1524,-0.002524702862874215,-0.0011768391597473903
20260913,OD_PRODUCT,OD_SEPARABLE,6,path_1_to_H,clip_0_1,1536,0.0016341169936265442,0.00013089312855143348
20260913,OD_PRODUCT,OD_SEPARABLE,6,path_1_to_H,clip_0_1,1548,0.002852312224608555,0.0005324501854342122
20260913,OD_PRODUCT,OD_SEPARABLE,9,terminal_H,raw,1392,0.0007460583527072059,-0.0005861702541395382
20260913,OD_PRODUCT,OD_SEPARABLE,9,terminal_H,raw,1404,-0.0008929148614590696,-0.0002076898815557938
20260913,OD_PRODUCT,OD_SEPARABLE,9,terminal_H,raw,1416,-0.002262404148643879,-0.00011428219677292693
20260913,OD_PRODUCT,OD_SEPARABLE,9,terminal_H,raw,1428,-0.0012278275551531727,-0.000345487806472863
20260913,OD_PRODUCT,OD_SEPARABLE,9,terminal_H,raw,1440,0.0012913311394885,0.00012550045675922334
20260913,OD_PRODUCT,OD_SEPARABLE,9,terminal_H,raw,1452,-0.00028905706343175817,0.0006773151647465709
20260913,OD_PRODUCT,OD_SEPARABLE,9,terminal_H,raw,1464,0.014060447808859677,0.007840191782584731
20260913,OD_PRODUCT,OD_SEPARABLE,9,terminal_H,raw,1476,0.01181963934575687,0.0019901761285388278
20260913,OD_PRODUCT,OD_SEPARABLE,9,terminal_H,raw,1488,-0.0153696209439543,-0.0020252024952485174
20260913,OD_PRODUCT,OD_SEPARABLE,9,terminal_H,raw,1500,0.015811173655147743,0.0024797247628645072
20260913,OD_PRODUCT,OD_SEPARABLE,9,terminal_H,raw,1512,0.00807965118044231,0.0027193247755188913
20260913,OD_PRODUCT,OD_SEPARABLE,9,terminal_H,raw,1524,-5.846129250314686e-05,0.0006986466783749684
20260913,OD_PRODUCT,OD_SEPARABLE,9,terminal_H,raw,1536,0.005934438281188863,0.0012311956072700912
20260913,OD_PRODUCT,OD_SEPARABLE,9,terminal_H,raw,1548,-0.006194981450238978,-0.0017735335903087401
20260913,OD_PRODUCT,OD_SEPARABLE,9,terminal_H,clip_0_1,1392,0.0007828185620766496,-0.0005857986430664947
20260913,OD_PRODUCT,OD_SEPARABLE,9,terminal_H,clip_0_1,1404,-0.0008929148614590696,-0.0002076898815557938
20260913,OD_PRODUCT,OD_SEPARABLE,9,terminal_H,clip_0_1,1416,-0.002262404148643879,-0.00011428219677292693
20260913,OD_PRODUCT,OD_SEPARABLE,9,terminal_H,clip_0_1,1428,-0.001314860116880512,-0.00036321107766629235
20260913,OD_PRODUCT,OD_SEPARABLE,9,terminal_H,clip_0_1,1440,0.0012913311394885,0.00012550045675922334
20260913,OD_PRODUCT,OD_SEPARABLE,9,terminal_H,clip_0_1,1452,-0.0002193096486531788,0.000679633572852988
20260913,OD_PRODUCT,OD_SEPARABLE,9,terminal_H,clip_0_1,1464,0.014063374879361358,0.007840417952640486
20260913,OD_PRODUCT,OD_SEPARABLE,9,terminal_H,clip_0_1,1476,0.0119049094925317,0.001992265478895127
20260913,OD_PRODUCT,OD_SEPARABLE,9,terminal_H,clip_0_1,1488,-0.015344358209503601,-0.002024924692203962
20260913,OD_PRODUCT,OD_SEPARABLE,9,terminal_H,clip_0_1,1500,0.015811173655147743,0.0024797247628645072
20260913,OD_PRODUCT,OD_SEPARABLE,9,terminal_H,clip_0_1,1512,0.00810654311322027,0.0027539352438053525
20260913,OD_PRODUCT,OD_SEPARABLE,9,terminal_H,clip_0_1,1524,-5.846129250314686e-05,0.0006986466783749684
20260913,OD_PRODUCT,OD_SEPARABLE,9,terminal_H,clip_0_1,1536,0.005934438281188863,0.0012311956072700912
20260913,OD_PRODUCT,OD_SEPARABLE,9,terminal_H,clip_0_1,1548,-0.006194981450238978,-0.0017735335903087401
20260913,OD_PRODUCT,OD_SEPARABLE,9,path_1_to_H,raw,1392,0.0056989013404651935,0.0003186200351533825
20260913,OD_PRODUCT,OD_SEPARABLE,9,path_1_to_H,raw,1404,0.0022701351556815527,-2.9512761849336833e-05
20260913,OD_PRODUCT,OD_SEPARABLE,9,path_1_to_H,raw,1416,-0.0025572662455199857,-0.0002098602509565783
20260913,OD_PRODUCT,OD_SEPARABLE,9,path_1_to_H,raw,1428,0.0007297990150172555,-5.200904949304101e-05
20260913,OD_PRODUCT,OD_SEPARABLE,9,path_1_to_H,raw,1440,0.00249513879035159,0.00022545332019906165
20260913,OD_PRODUCT,OD_SEPARABLE,9,path_1_to_H,raw,1452,0.001602631317639557,0.00040497754529319764
20260913,OD_PRODUCT,OD_SEPARABLE,9,path_1_to_H,raw,1464,0.013905679628594628,0.00865433723445129
20260913,OD_PRODUCT,OD_SEPARABLE,9,path_1_to_H,raw,1476,0.003427430269318939,0.0001232693768217712
20260913,OD_PRODUCT,OD_SEPARABLE,9,path_1_to_H,raw,1488,-0.007596757055986931,-0.0005030708736683786
20260913,OD_PRODUCT,OD_SEPARABLE,9,path_1_to_H,raw,1500,0.00909878013692737,0.0011034131471334178
20260913,OD_PRODUCT,OD_SEPARABLE,9,path_1_to_H,raw,1512,0.007821749259112243,0.004248666123960499
20260913,OD_PRODUCT,OD_SEPARABLE,9,path_1_to_H,raw,1524,-0.0021529034600800316,-0.0009408899830034163
20260913,OD_PRODUCT,OD_SEPARABLE,9,path_1_to_H,raw,1536,0.0027469947208626465,0.00045439064372045605
20260913,OD_PRODUCT,OD_SEPARABLE,9,path_1_to_H,raw,1548,0.0006966662132325093,-1.893649346133668e-05
20260913,OD_PRODUCT,OD_SEPARABLE,9,path_1_to_H,clip_0_1,1392,0.00553740972873314,0.0003002531962093418
20260913,OD_PRODUCT,OD_SEPARABLE,9,path_1_to_H,clip_0_1,1404,0.0022684427429908705,-2.9633840911452378e-05
20260913,OD_PRODUCT,OD_SEPARABLE,9,path_1_to_H,clip_0_1,1416,-0.002494476775194252,-0.00020344898831748065
20260913,OD_PRODUCT,OD_SEPARABLE,9,path_1_to_H,clip_0_1,1428,0.0007078431558735927,-5.396847166965774e-05
20260913,OD_PRODUCT,OD_SEPARABLE,9,path_1_to_H,clip_0_1,1440,0.0025655409395852176,0.00022958718289607167
20260913,OD_PRODUCT,OD_SEPARABLE,9,path_1_to_H,clip_0_1,1452,0.0016027919200994525,0.00040502847381054493
20260913,OD_PRODUCT,OD_SEPARABLE,9,path_1_to_H,clip_0_1,1464,0.013940402818903738,0.008655689036511047
20260913,OD_PRODUCT,OD_SEPARABLE,9,path_1_to_H,clip_0_1,1476,0.00344813437729858,0.0001237554055455192
20260913,OD_PRODUCT,OD_SEPARABLE,9,path_1_to_H,clip_0_1,1488,-0.007651865179387781,-0.0005036533182832803
20260913,OD_PRODUCT,OD_SEPARABLE,9,path_1_to_H,clip_0_1,1500,0.009070928784325699,0.0011017405080958765
20260913,OD_PRODUCT,OD_SEPARABLE,9,path_1_to_H,clip_0_1,1512,0.007350346888760146,0.0039254267141420815
20260913,OD_PRODUCT,OD_SEPARABLE,9,path_1_to_H,clip_0_1,1524,-0.0021507102554353783,-0.0009408736313222489
20260913,OD_PRODUCT,OD_SEPARABLE,9,path_1_to_H,clip_0_1,1536,0.0027469947208626465,0.00045439064372045605
20260913,OD_PRODUCT,OD_SEPARABLE,9,path_1_to_H,clip_0_1,1548,0.0006966662132325093,-1.893649346133668e-05
20260913,OD_PRODUCT,OD_SEPARABLE,12,terminal_H,raw,1392,-0.00027293759266356667,-0.0004443839650589807
20260913,OD_PRODUCT,OD_SEPARABLE,12,terminal_H,raw,1404,-0.0005294988313374522,-0.00042085260635183895
20260913,OD_PRODUCT,OD_SEPARABLE,12,terminal_H,raw,1416,-0.0004895501734697342,-3.047023946112761e-05
20260913,OD_PRODUCT,OD_SEPARABLE,12,terminal_H,raw,1428,-0.003160258073787829,-0.0005013160414355026
20260913,OD_PRODUCT,OD_SEPARABLE,12,terminal_H,raw,1440,0.0053276752934338775,0.0005663015926923534
20260913,OD_PRODUCT,OD_SEPARABLE,12,terminal_H,raw,1452,-0.0007446550154823237,2.492595672349791e-05
20260913,OD_PRODUCT,OD_SEPARABLE,12,terminal_H,raw,1464,0.01135170805262022,0.004812598312057533
20260913,OD_PRODUCT,OD_SEPARABLE,12,terminal_H,raw,1476,0.012489945928814427,0.00369387241902042
20260913,OD_PRODUCT,OD_SEPARABLE,12,terminal_H,raw,1488,-0.009378581760064527,-0.0014785951403211526
20260913,OD_PRODUCT,OD_SEPARABLE,12,terminal_H,raw,1500,0.010489099958838457,0.0017088963691070593
20260913,OD_PRODUCT,OD_SEPARABLE,12,terminal_H,raw,1512,0.004692704416601673,0.0011642000049345263
20260913,OD_PRODUCT,OD_SEPARABLE,12,terminal_H,raw,1524,0.00033905290043709203,0.001829672710308066
20260913,OD_PRODUCT,OD_SEPARABLE,12,terminal_H,raw,1536,0.005014420526488663,0.001423912272471649
20260913,OD_PRODUCT,OD_SEPARABLE,12,terminal_H,raw,1548,-0.007284262836567522,-0.0017426010682494554
20260913,OD_PRODUCT,OD_SEPARABLE,12,terminal_H,clip_0_1,1392,-0.00027293759266356667,-0.0004443839650589807
20260913,OD_PRODUCT,OD_SEPARABLE,12,terminal_H,clip_0_1,1404,-0.0005294988313374522,-0.00042085260635183895
20260913,OD_PRODUCT,OD_SEPARABLE,12,terminal_H,clip_0_1,1416,-0.0004895501734697342,-3.047023946112761e-05
20260913,OD_PRODUCT,OD_SEPARABLE,12,terminal_H,clip_0_1,1428,-0.003282125608577001,-0.0005177678811140273
20260913,OD_PRODUCT,OD_SEPARABLE,12,terminal_H,clip_0_1,1440,0.005375648705770344,0.0005797274015960282
20260913,OD_PRODUCT,OD_SEPARABLE,12,terminal_H,clip_0_1,1452,-0.0007132929123533486,2.5819265051522354e-05
20260913,OD_PRODUCT,OD_SEPARABLE,12,terminal_H,clip_0_1,1464,0.01135170805262022,0.004812598312057533
20260913,OD_PRODUCT,OD_SEPARABLE,12,terminal_H,clip_0_1,1476,0.01250565127305568,0.0036939402499257972
20260913,OD_PRODUCT,OD_SEPARABLE,12,terminal_H,clip_0_1,1488,-0.009378581760064527,-0.0014785951403211526
20260913,OD_PRODUCT,OD_SEPARABLE,12,terminal_H,clip_0_1,1500,0.010489099958838457,0.0017088963691070593
20260913,OD_PRODUCT,OD_SEPARABLE,12,terminal_H,clip_0_1,1512,0.004692704416601673,0.0011642000049345263
20260913,OD_PRODUCT,OD_SEPARABLE,12,terminal_H,clip_0_1,1524,0.00033905290043709203,0.001829672710308066
20260913,OD_PRODUCT,OD_SEPARABLE,12,terminal_H,clip_0_1,1536,0.005014420526488663,0.001423912272471649
20260913,OD_PRODUCT,OD_SEPARABLE,12,terminal_H,clip_0_1,1548,-0.007148043725036409,-0.001721360759906821
20260913,OD_PRODUCT,OD_SEPARABLE,12,path_1_to_H,raw,1392,0.004259459342077221,0.00016011014122042162
20260913,OD_PRODUCT,OD_SEPARABLE,12,path_1_to_H,raw,1404,0.0012140605553860673,-0.00016809395151611036
20260913,OD_PRODUCT,OD_SEPARABLE,12,path_1_to_H,raw,1416,-0.0022364825204477094,-0.00016622788363837804
20260913,OD_PRODUCT,OD_SEPARABLE,12,path_1_to_H,raw,1428,-0.00014291945716302036,-0.00012212721528726269
20260913,OD_PRODUCT,OD_SEPARABLE,12,path_1_to_H,raw,1440,0.003045371938124251,0.0002957878854347812
20260913,OD_PRODUCT,OD_SEPARABLE,12,path_1_to_H,raw,1452,0.000931549229083051,0.00033319237071739103
20260913,OD_PRODUCT,OD_SEPARABLE,12,path_1_to_H,raw,1464,0.013797051988589265,0.008042252468704035
20260913,OD_PRODUCT,OD_SEPARABLE,12,path_1_to_H,raw,1476,0.00548162557026853,0.0008274374376983291
20260913,OD_PRODUCT,OD_SEPARABLE,12,path_1_to_H,raw,1488,-0.008386247492068883,-0.0007565539930424409
20260913,OD_PRODUCT,OD_SEPARABLE,12,path_1_to_H,raw,1500,0.009963381904910189,0.0013803840435080569
20260913,OD_PRODUCT,OD_SEPARABLE,12,path_1_to_H,raw,1512,0.0074175200792730624,0.0036787044012250546
20260913,OD_PRODUCT,OD_SEPARABLE,12,path_1_to_H,raw,1524,-0.001661119962673314,-0.00039238023149759443
20260913,OD_PRODUCT,OD_SEPARABLE,12,path_1_to_H,raw,1536,0.0024729480226150548,0.0004855937833281199
20260913,OD_PRODUCT,OD_SEPARABLE,12,path_1_to_H,raw,1548,-0.0007740701821685598,-0.00034122480601731577
20260913,OD_PRODUCT,OD_SEPARABLE,12,path_1_to_H,clip_0_1,1392,0.0041383406332781815,0.00014633501201239107
20260913,OD_PRODUCT,OD_SEPARABLE,12,path_1_to_H,clip_0_1,1404,0.0012127912458680553,-0.00016818476081269698
20260913,OD_PRODUCT,OD_SEPARABLE,12,path_1_to_H,clip_0_1,1416,-0.002189390417703409,-0.0001614194366590548
20260913,OD_PRODUCT,OD_SEPARABLE,12,path_1_to_H,clip_0_1,1428,-0.00018976926746064053,-0.00012917867275222437
20260913,OD_PRODUCT,OD_SEPARABLE,12,path_1_to_H,clip_0_1,1440,0.003111112630763356,0.0003026552700600643
20260913,OD_PRODUCT,OD_SEPARABLE,12,path_1_to_H,clip_0_1,1452,0.0009428190977467358,0.0003335555067573266
20260913,OD_PRODUCT,OD_SEPARABLE,12,path_1_to_H,clip_0_1,1464,0.013824552834441358,0.00804327283957029
20260913,OD_PRODUCT,OD_SEPARABLE,12,path_1_to_H,clip_0_1,1476,0.0055078788953285,0.0008279649396078266
20260913,OD_PRODUCT,OD_SEPARABLE,12,path_1_to_H,clip_0_1,1488,-0.00842845408798776,-0.0007569934167618861
20260913,OD_PRODUCT,OD_SEPARABLE,12,path_1_to_H,clip_0_1,1500,0.009942493390458933,0.0013791295642299009
20260913,OD_PRODUCT,OD_SEPARABLE,12,path_1_to_H,clip_0_1,1512,0.007060637197271499,0.0034345221918844464
20260913,OD_PRODUCT,OD_SEPARABLE,12,path_1_to_H,clip_0_1,1524,-0.001659475059189824,-0.00039236796773671885
20260913,OD_PRODUCT,OD_SEPARABLE,12,path_1_to_H,clip_0_1,1536,0.0024729480226150548,0.0004855937833281199
20260913,OD_PRODUCT,OD_SEPARABLE,12,path_1_to_H,clip_0_1,1548,-0.0007491407841666793,-0.0003358988817351308
20260913,OD_PRODUCT,OD_CONCAT_MLP,3,terminal_H,raw,1392,0.005226296961600532,0.0005408852956883909
20260913,OD_PRODUCT,OD_CONCAT_MLP,3,terminal_H,raw,1404,-0.0031948225996574,-0.0002524642620302337
20260913,OD_PRODUCT,OD_CONCAT_MLP,3,terminal_H,raw,1416,-0.004934481917667971,-0.0003917849680353767
20260913,OD_PRODUCT,OD_CONCAT_MLP,3,terminal_H,raw,1428,-0.0035051389255878265,-0.00017787658626283495
20260913,OD_PRODUCT,OD_CONCAT_MLP,3,terminal_H,raw,1440,0.004345301856424868,0.0002238582233147819
20260913,OD_PRODUCT,OD_CONCAT_MLP,3,terminal_H,raw,1452,-0.0015978351847825588,-0.00035671786140235927
20260913,OD_PRODUCT,OD_CONCAT_MLP,3,terminal_H,raw,1464,0.010735367868932689,0.00857666786543579
20260913,OD_PRODUCT,OD_CONCAT_MLP,3,terminal_H,raw,1476,-0.007741637679177697,-0.001550731509676318
20260913,OD_PRODUCT,OD_CONCAT_MLP,3,terminal_H,raw,1488,-0.006143221901200297,-0.00038614565479770945
20260913,OD_PRODUCT,OD_CONCAT_MLP,3,terminal_H,raw,1500,0.004600210819053068,0.0005663943818652631
20260913,OD_PRODUCT,OD_CONCAT_MLP,3,terminal_H,raw,1512,0.00416069986118867,0.0012558782120479768
20260913,OD_PRODUCT,OD_CONCAT_MLP,3,terminal_H,raw,1524,-0.0035272361938111494,-0.0008929735809809601
20260913,OD_PRODUCT,OD_CONCAT_MLP,3,terminal_H,raw,1536,-0.00048689180459735704,-2.3044489104889765e-06
20260913,OD_PRODUCT,OD_CONCAT_MLP,3,terminal_H,raw,1548,0.003948931403398492,0.0008205403210708768
20260913,OD_PRODUCT,OD_CONCAT_MLP,3,terminal_H,clip_0_1,1392,0.005140819786910641,0.0005383379464919402
20260913,OD_PRODUCT,OD_CONCAT_MLP,3,terminal_H,clip_0_1,1404,-0.0031948225996574,-0.0002524642620302337
20260913,OD_PRODUCT,OD_CONCAT_MLP,3,terminal_H,clip_0_1,1416,-0.004941436224606759,-0.00039152657146393954
20260913,OD_PRODUCT,OD_CONCAT_MLP,3,terminal_H,clip_0_1,1428,-0.0034905620052579412,-0.00017699557117091533
20260913,OD_PRODUCT,OD_CONCAT_MLP,3,terminal_H,clip_0_1,1440,0.004367276042920356,0.00022580667712924037
20260913,OD_PRODUCT,OD_CONCAT_MLP,3,terminal_H,clip_0_1,1452,-0.001642852939506897,-0.0003570560583488034
20260913,OD_PRODUCT,OD_CONCAT_MLP,3,terminal_H,clip_0_1,1464,0.010805566257194917,0.00858424793380861
20260913,OD_PRODUCT,OD_CONCAT_MLP,3,terminal_H,clip_0_1,1476,-0.0077909022488783855,-0.0015517122912722435
20260913,OD_PRODUCT,OD_CONCAT_MLP,3,terminal_H,clip_0_1,1488,-0.006030225956526429,-0.0003843690100715612
20260913,OD_PRODUCT,OD_CONCAT_MLP,3,terminal_H,clip_0_1,1500,0.0045371271917857055,0.0005638950802843958
20260913,OD_PRODUCT,OD_CONCAT_MLP,3,terminal_H,clip_0_1,1512,0.004180087097834701,0.0012573663775872677
20260913,OD_PRODUCT,OD_CONCAT_MLP,3,terminal_H,clip_0_1,1524,-0.0035272361938111494,-0.0008929735809809601
20260913,OD_PRODUCT,OD_CONCAT_MLP,3,terminal_H,clip_0_1,1536,-0.00048689180459735704,-2.3044489104889765e-06
20260913,OD_PRODUCT,OD_CONCAT_MLP,3,terminal_H,clip_0_1,1548,0.003948931403398492,0.0008205403210708768
20260913,OD_PRODUCT,OD_CONCAT_MLP,3,path_1_to_H,raw,1392,0.0037586400175403166,0.00033724911021932376
20260913,OD_PRODUCT,OD_CONCAT_MLP,3,path_1_to_H,raw,1404,-0.0022495933658446183,-0.0002168680771562916
20260913,OD_PRODUCT,OD_CONCAT_MLP,3,path_1_to_H,raw,1416,-0.004105998668880567,-0.00033393352727982523
20260913,OD_PRODUCT,OD_CONCAT_MLP,3,path_1_to_H,raw,1428,-0.0019750429877072877,1.8189532929260036e-05
20260913,OD_PRODUCT,OD_CONCAT_MLP,3,path_1_to_H,raw,1440,0.0010876591673642652,5.56226298041644e-05
20260913,OD_PRODUCT,OD_CONCAT_MLP,3,path_1_to_H,raw,1452,-0.0011710342359294076,-0.00020348816113201101
20260913,OD_PRODUCT,OD_CONCAT_MLP,3,path_1_to_H,raw,1464,0.008190714097854821,0.006544268070082736
20260913,OD_PRODUCT,OD_CONCAT_MLP,3,path_1_to_H,raw,1476,-0.007647802002467832,-0.0012243439478347906
20260913,OD_PRODUCT,OD_CONCAT_MLP,3,path_1_to_H,raw,1488,-0.003388548238699216,-0.0001440151934901893
20260913,OD_PRODUCT,OD_CONCAT_MLP,3,path_1_to_H,raw,1500,0.0029270680608820734,0.00034481228101133004
20260913,OD_PRODUCT,OD_CONCAT_MLP,3,path_1_to_H,raw,1512,0.0020961394169169987,0.0006506336963193587
20260913,OD_PRODUCT,OD_CONCAT_MLP,3,path_1_to_H,raw,1524,-0.0028302139615997406,-0.0006255167123424521
20260913,OD_PRODUCT,OD_CONCAT_MLP,3,path_1_to_H,raw,1536,-0.0008262905485392705,-0.00014962947666694143
20260913,OD_PRODUCT,OD_CONCAT_MLP,3,path_1_to_H,raw,1548,0.003108299034173675,0.0006747156579604511
20260913,OD_PRODUCT,OD_CONCAT_MLP,3,path_1_to_H,clip_0_1,1392,0.0036667350875506915,0.00033276657096718967
20260913,OD_PRODUCT,OD_CONCAT_MLP,3,path_1_to_H,clip_0_1,1404,-0.002245853721889749,-0.00021682780397671433
20260913,OD_PRODUCT,OD_CONCAT_MLP,3,path_1_to_H,clip_0_1,1416,-0.004127852554194463,-0.000334031883733427
20260913,OD_PRODUCT,OD_CONCAT_MLP,3,path_1_to_H,clip_0_1,1428,-0.001962928637841278,1.85694116910299e-05
20260913,OD_PRODUCT,OD_CONCAT_MLP,3,path_1_to_H,clip_0_1,1440,0.0010979625320357877,5.654004596133965e-05
20260913,OD_PRODUCT,OD_CONCAT_MLP,3,path_1_to_H,clip_0_1,1452,-0.0012006593644285782,-0.00020372746295106307
20260913,OD_PRODUCT,OD_CONCAT_MLP,3,path_1_to_H,clip_0_1,1464,0.008243129993279372,0.006547694513810459
20260913,OD_PRODUCT,OD_CONCAT_MLP,3,path_1_to_H,clip_0_1,1476,-0.007693123101166088,-0.0012250249824947478
20260913,OD_PRODUCT,OD_CONCAT_MLP,3,path_1_to_H,clip_0_1,1488,-0.0032588706281742132,-0.00014169581738950968
20260913,OD_PRODUCT,OD_CONCAT_MLP,3,path_1_to_H,clip_0_1,1500,0.0028670883541102995,0.00034399825109079115
20260913,OD_PRODUCT,OD_CONCAT_MLP,3,path_1_to_H,clip_0_1,1512,0.0021410435714418366,0.0006805027260620718
20260913,OD_PRODUCT,OD_CONCAT_MLP,3,path_1_to_H,clip_0_1,1524,-0.0028367312130452293,-0.0006256357207764664
20260913,OD_PRODUCT,OD_CONCAT_MLP,3,path_1_to_H,clip_0_1,1536,-0.0008323068186607554,-0.00014965933795953553
20260913,OD_PRODUCT,OD_CONCAT_MLP,3,path_1_to_H,clip_0_1,1548,0.003108299034173675,0.0006747156579604511
20260913,OD_PRODUCT,OD_CONCAT_MLP,6,terminal_H,raw,1392,0.00030097586020976977,-6.186113861886919e-05
20260913,OD_PRODUCT,OD_CONCAT_MLP,6,terminal_H,raw,1404,-0.003235512790398982,-0.0004716074462494447
20260913,OD_PRODUCT,OD_CONCAT_MLP,6,terminal_H,raw,1416,-0.007567336435196972,-0.0007477924158064568
20260913,OD_PRODUCT,OD_CONCAT_MLP,6,terminal_H,raw,1428,-0.006793290721477793,-0.000470984419811671
20260913,OD_PRODUCT,OD_CONCAT_MLP,6,terminal_H,raw,1440,0.004720128030895852,1.790263691768219e-05
20260913,OD_PRODUCT,OD_CONCAT_MLP,6,terminal_H,raw,1452,-0.0015726295638589741,-0.00014836984762894148
20260913,OD_PRODUCT,OD_CONCAT_MLP,6,terminal_H,raw,1464,0.011833932300209219,0.008908923629777696
20260913,OD_PRODUCT,OD_CONCAT_MLP,6,terminal_H,raw,1476,-0.006742151888505366,-0.0015928273398983332
20260913,OD_PRODUCT,OD_CONCAT_MLP,6,terminal_H,raw,1488,-0.0034834936205003163,-0.0001850822719669644
20260913,OD_PRODUCT,OD_CONCAT_MLP,6,terminal_H,raw,1500,0.002880375742567104,0.0004192977684802691
20260913,OD_PRODUCT,OD_CONCAT_MLP,6,terminal_H,raw,1512,0.00012677183680203792,-0.0008743399287959454
20260913,OD_PRODUCT,OD_CONCAT_MLP,6,terminal_H,raw,1524,-0.006207279418323724,-0.0022897113891744043
20260913,OD_PRODUCT,OD_CONCAT_MLP,6,terminal_H,raw,1536,0.003937845844957142,0.0007262369746445234
20260913,OD_PRODUCT,OD_CONCAT_MLP,6,terminal_H,raw,1548,0.006915824102149912,0.0017152072182073034
20260913,OD_PRODUCT,OD_CONCAT_MLP,6,terminal_H,clip_0_1,1392,0.000293313721775709,-6.370621580841271e-05
20260913,OD_PRODUCT,OD_CONCAT_MLP,6,terminal_H,clip_0_1,1404,-0.003247397447022952,-0.00047164628864178885
20260913,OD_PRODUCT,OD_CONCAT_MLP,6,terminal_H,clip_0_1,1416,-0.007483416202872245,-0.0007418568928467854
20260913,OD_PRODUCT,OD_CONCAT_MLP,6,terminal_H,clip_0_1,1428,-0.006878778951774922,-0.0004729941851294881
20260913,OD_PRODUCT,OD_CONCAT_MLP,6,terminal_H,clip_0_1,1440,0.004904820262768833,3.1190125435965594e-05
20260913,OD_PRODUCT,OD_CONCAT_MLP,6,terminal_H,clip_0_1,1452,-0.0015610669693024817,-0.0001483330818909001
20260913,OD_PRODUCT,OD_CONCAT_MLP,6,terminal_H,clip_0_1,1464,0.011878064078008257,0.008910348834344392
20260913,OD_PRODUCT,OD_CONCAT_MLP,6,terminal_H,clip_0_1,1476,-0.006783111569242285,-0.0015932887061460026
20260913,OD_PRODUCT,OD_CONCAT_MLP,6,terminal_H,clip_0_1,1488,-0.003473342125589409,-0.00018482421848660952
20260913,OD_PRODUCT,OD_CONCAT_MLP,6,terminal_H,clip_0_1,1500,0.00286822726885413,0.00041749013182560806
20260913,OD_PRODUCT,OD_CONCAT_MLP,6,terminal_H,clip_0_1,1512,0.00014614946312633664,-0.0008483998325163428
20260913,OD_PRODUCT,OD_CONCAT_MLP,6,terminal_H,clip_0_1,1524,-0.006207279418323724,-0.0022897113891744043
20260913,OD_PRODUCT,OD_CONCAT_MLP,6,terminal_H,clip_0_1,1536,0.003937845844957142,0.0007262369746445234
20260913,OD_PRODUCT,OD_CONCAT_MLP,6,terminal_H,clip_0_1,1548,0.006915824102149912,0.0017152072182073034
20260913,OD_PRODUCT,OD_CONCAT_MLP,6,path_1_to_H,raw,1392,0.0023151040607709765,0.00015611541285562042
20260913,OD_PRODUCT,OD_CONCAT_MLP,6,path_1_to_H,raw,1404,-0.003150350564814656,-0.00034580020441058894
20260913,OD_PRODUCT,OD_CONCAT_MLP,6,path_1_to_H,raw,1416,-0.006285777896899669,-0.0006129182944883168
20260913,OD_PRODUCT,OD_CONCAT_MLP,6,path_1_to_H,raw,1428,-0.004209960212469673,-0.00017469770660271037
20260913,OD_PRODUCT,OD_CONCAT_MLP,6,path_1_to_H,raw,1440,0.0034842808054026666,0.00017203889958309815
20260913,OD_PRODUCT,OD_CONCAT_MLP,6,path_1_to_H,raw,1452,-0.0016264990845867868,-0.0002862064752491407
20260913,OD_PRODUCT,OD_CONCAT_MLP,6,path_1_to_H,raw,1464,0.010518826688826977,0.007931771042118028
20260913,OD_PRODUCT,OD_CONCAT_MLP,6,path_1_to_H,raw,1476,-0.007614156259873128,-0.0014903749608696558
20260913,OD_PRODUCT,OD_CONCAT_MLP,6,path_1_to_H,raw,1488,-0.003751814287855162,-0.00013821245952376192
20260913,OD_PRODUCT,OD_CONCAT_MLP,6,path_1_to_H,raw,1500,0.0033296816727452477,0.00040803059462586117
20260913,OD_PRODUCT,OD_CONCAT_MLP,6,path_1_to_H,raw,1512,0.0013627322677516869,3.798104463945233e-05
20260913,OD_PRODUCT,OD_CONCAT_MLP,6,path_1_to_H,raw,1524,-0.004526087446596928,-0.0014874832173658312
20260913,OD_PRODUCT,OD_CONCAT_MLP,6,path_1_to_H,raw,1536,0.0005750724588960824,0.0001404725903670263
20260913,OD_PRODUCT,OD_CONCAT_MLP,6,path_1_to_H,raw,1548,0.004612560207389691,0.0010744440287769096
20260913,OD_PRODUCT,OD_CONCAT_MLP,6,path_1_to_H,clip_0_1,1392,0.002256569075375273,0.00015522947157882346
20260913,OD_PRODUCT,OD_CONCAT_MLP,6,path_1_to_H,clip_0_1,1404,-0.0031504615189412166,-0.0003457865415528577
20260913,OD_PRODUCT,OD_CONCAT_MLP,6,path_1_to_H,clip_0_1,1416,-0.006255176352068685,-0.0006100311721125234
20260913,OD_PRODUCT,OD_CONCAT_MLP,6,path_1_to_H,clip_0_1,1428,-0.004217413576801729,-0.0001748277519744324
20260913,OD_PRODUCT,OD_CONCAT_MLP,6,path_1_to_H,clip_0_1,1440,0.0035649703373366814,0.0001780619750113863
20260913,OD_PRODUCT,OD_CONCAT_MLP,6,path_1_to_H,clip_0_1,1452,-0.0016430747336785621,-0.00028633033937188764
20260913,OD_PRODUCT,OD_CONCAT_MLP,6,path_1_to_H,clip_0_1,1464,0.010579744736315793,0.007934361980910212
20260913,OD_PRODUCT,OD_CONCAT_MLP,6,path_1_to_H,clip_0_1,1476,-0.007662009388224107,-0.0014910717643689389
20260913,OD_PRODUCT,OD_CONCAT_MLP,6,path_1_to_H,clip_0_1,1488,-0.0036540365232789057,-0.00013641088899694147
20260913,OD_PRODUCT,OD_CONCAT_MLP,6,path_1_to_H,clip_0_1,1500,0.003282180461099504,0.00040613516798034075
20260913,OD_PRODUCT,OD_CONCAT_MLP,6,path_1_to_H,clip_0_1,1512,0.001388943544169401,5.780120264337994e-05
20260913,OD_PRODUCT,OD_CONCAT_MLP,6,path_1_to_H,clip_0_1,1524,-0.004529346072319672,-0.0014875427215828385
20260913,OD_PRODUCT,OD_CONCAT_MLP,6,path_1_to_H,clip_0_1,1536,0.00057206432383534,0.00014045765972072927
20260913,OD_PRODUCT,OD_CONCAT_MLP,6,path_1_to_H,clip_0_1,1548,0.004612560207389691,0.0010744440287769096
20260913,OD_PRODUCT,OD_CONCAT_MLP,9,terminal_H,raw,1392,-0.00018203520977056584,7.586799749488767e-05
20260913,OD_PRODUCT,OD_CONCAT_MLP,9,terminal_H,raw,1404,0.0014765171628252666,-1.4187890139756646e-05
20260913,OD_PRODUCT,OD_CONCAT_MLP,9,terminal_H,raw,1416,-0.007349736227165495,-0.0010801147470314073
20260913,OD_PRODUCT,OD_CONCAT_MLP,9,terminal_H,raw,1428,-0.007181974889097439,-0.0011272023147810917
20260913,OD_PRODUCT,OD_CONCAT_MLP,9,terminal_H,raw,1440,-0.0046675372102545545,-0.0004817748213469344
20260913,OD_PRODUCT,OD_CONCAT_MLP,9,terminal_H,raw,1452,-0.003837008194444277,-0.00041224387153984937
20260913,OD_PRODUCT,OD_CONCAT_MLP,9,terminal_H,raw,1464,0.010392255640649271,0.006721576361406189
20260913,OD_PRODUCT,OD_CONCAT_MLP,9,terminal_H,raw,1476,-0.0030412407511349548,-0.0007228455277852472
20260913,OD_PRODUCT,OD_CONCAT_MLP,9,terminal_H,raw,1488,-0.007290250716441621,-0.0011363544304728813
20260913,OD_PRODUCT,OD_CONCAT_MLP,9,terminal_H,raw,1500,0.00586104868437617,0.0010426215646539548
20260913,OD_PRODUCT,OD_CONCAT_MLP,9,terminal_H,raw,1512,-0.0009926440288813292,-0.000604040053370049
20260913,OD_PRODUCT,OD_CONCAT_MLP,9,terminal_H,raw,1524,-0.01447375638757773,-0.00526949235079353
20260913,OD_PRODUCT,OD_CONCAT_MLP,9,terminal_H,raw,1536,0.006461203020529157,0.0012103458494842133
20260913,OD_PRODUCT,OD_CONCAT_MLP,9,terminal_H,raw,1548,-0.005442462395103374,-0.0008415711791521196
20260913,OD_PRODUCT,OD_CONCAT_MLP,9,terminal_H,clip_0_1,1392,-0.00014527500040112203,7.623960856793114e-05
20260913,OD_PRODUCT,OD_CONCAT_MLP,9,terminal_H,clip_0_1,1404,0.0014041799160777555,-1.562687638818448e-05
20260913,OD_PRODUCT,OD_CONCAT_MLP,9,terminal_H,clip_0_1,1416,-0.007349736227165495,-0.0010801147470314073
20260913,OD_PRODUCT,OD_CONCAT_MLP,9,terminal_H,clip_0_1,1428,-0.0072194391973719,-0.00112587517808034
20260913,OD_PRODUCT,OD_CONCAT_MLP,9,terminal_H,clip_0_1,1440,-0.0046675372102545545,-0.0004817748213469344
20260913,OD_PRODUCT,OD_CONCAT_MLP,9,terminal_H,clip_0_1,1452,-0.0038428433706358235,-0.0004125591185115943
20260913,OD_PRODUCT,OD_CONCAT_MLP,9,terminal_H,clip_0_1,1464,0.010427212551691122,0.006722037186695082
20260913,OD_PRODUCT,OD_CONCAT_MLP,9,terminal_H,clip_0_1,1476,-0.0030715380084439504,-0.0007260676101528847
20260913,OD_PRODUCT,OD_CONCAT_MLP,9,terminal_H,clip_0_1,1488,-0.007270746401522938,-0.0011362734118460069
20260913,OD_PRODUCT,OD_CONCAT_MLP,9,terminal_H,clip_0_1,1500,0.00586104868437617,0.0010426215646539548
20260913,OD_PRODUCT,OD_CONCAT_MLP,9,terminal_H,clip_0_1,1512,-0.0009556485642025906,-0.0005559806257264006
20260913,OD_PRODUCT,OD_CONCAT_MLP,9,terminal_H,clip_0_1,1524,-0.01447375638757773,-0.00526949235079353
20260913,OD_PRODUCT,OD_CONCAT_MLP,9,terminal_H,clip_0_1,1536,0.006461203020529157,0.0012103458494842133
20260913,OD_PRODUCT,OD_CONCAT_MLP,9,terminal_H,clip_0_1,1548,-0.005442462395103374,-0.0008415711791521196
20260913,OD_PRODUCT,OD_CONCAT_MLP,9,path_1_to_H,raw,1392,0.0023583181239926537,0.00022702162924317178
20260913,OD_PRODUCT,OD_CONCAT_MLP,9,path_1_to_H,raw,1404,-0.0022159538261653446,-0.00028970117393021654
20260913,OD_PRODUCT,OD_CONCAT_MLP,9,path_1_to_H,raw,1416,-0.0057560209856257465,-0.0006487445641541494
20260913,OD_PRODUCT,OD_CONCAT_MLP,9,path_1_to_H,raw,1428,-0.005737750327983306,-0.0004609752289570781
20260913,OD_PRODUCT,OD_CONCAT_MLP,9,path_1_to_H,raw,1440,0.0006526650692241098,-2.8134422584198952e-05
20260913,OD_PRODUCT,OD_CONCAT_MLP,9,path_1_to_H,raw,1452,-0.0024284026004829148,-0.0002966976669142376
20260913,OD_PRODUCT,OD_CONCAT_MLP,9,path_1_to_H,raw,1464,0.010813259799879685,0.007921297413777383
20260913,OD_PRODUCT,OD_CONCAT_MLP,9,path_1_to_H,raw,1476,-0.005994571408866533,-0.0012017607749687834
20260913,OD_PRODUCT,OD_CONCAT_MLP,9,path_1_to_H,raw,1488,-0.004357314349204836,-0.00028851316148594
20260913,OD_PRODUCT,OD_CONCAT_MLP,9,path_1_to_H,raw,1500,0.0038429191494331358,0.00047670426136630387
20260913,OD_PRODUCT,OD_CONCAT_MLP,9,path_1_to_H,raw,1512,7.098139754240202e-05,-0.0005342197575256443
20260913,OD_PRODUCT,OD_CONCAT_MLP,9,path_1_to_H,raw,1524,-0.0074224828761762195,-0.0023743559009030742
20260913,OD_PRODUCT,OD_CONCAT_MLP,9,path_1_to_H,raw,1536,0.0022185437188785182,0.0004357429511286674
20260913,OD_PRODUCT,OD_CONCAT_MLP,9,path_1_to_H,raw,1548,0.002695042199739639,0.0006292612669288009
20260913,OD_PRODUCT,OD_CONCAT_MLP,9,path_1_to_H,clip_0_1,1392,0.002333452046356473,0.00022682221586194275
20260913,OD_PRODUCT,OD_CONCAT_MLP,9,path_1_to_H,clip_0_1,1404,-0.0022298204818357475,-0.0002899339308887554
20260913,OD_PRODUCT,OD_CONCAT_MLP,9,path_1_to_H,clip_0_1,1416,-0.0057150907344402,-0.0006450913862657143
20260913,OD_PRODUCT,OD_CONCAT_MLP,9,path_1_to_H,clip_0_1,1428,-0.005758011754973169,-0.00046109008202907954
20260913,OD_PRODUCT,OD_CONCAT_MLP,9,path_1_to_H,clip_0_1,1440,0.0007194859545334065,-2.3526969430129245e-05
20260913,OD_PRODUCT,OD_CONCAT_MLP,9,path_1_to_H,clip_0_1,1452,-0.00243459170728859,-0.0002966763426447318
20260913,OD_PRODUCT,OD_CONCAT_MLP,9,path_1_to_H,clip_0_1,1464,0.010868391442654893,0.007923177467540768
20260913,OD_PRODUCT,OD_CONCAT_MLP,9,path_1_to_H,clip_0_1,1476,-0.006035713029447124,-0.0012028389596411436
20260913,OD_PRODUCT,OD_CONCAT_MLP,9,path_1_to_H,clip_0_1,1488,-0.0042882217398388985,-0.0002872520224893463
20260913,OD_PRODUCT,OD_CONCAT_MLP,9,path_1_to_H,clip_0_1,1500,0.0038112134434636212,0.0004754406399850384
20260913,OD_PRODUCT,OD_CONCAT_MLP,9,path_1_to_H,clip_0_1,1512,9.411464116291298e-05,-0.0005153851677440492
20260913,OD_PRODUCT,OD_CONCAT_MLP,9,path_1_to_H,clip_0_1,1524,-0.007424655293324716,-0.0023743955703810792
20260913,OD_PRODUCT,OD_CONCAT_MLP,9,path_1_to_H,clip_0_1,1536,0.0022165382955046903,0.0004357329973644693
20260913,OD_PRODUCT,OD_CONCAT_MLP,9,path_1_to_H,clip_0_1,1548,0.002695042199739639,0.0006292612669288009
20260913,OD_PRODUCT,OD_CONCAT_MLP,12,terminal_H,raw,1392,-0.0007999111732363203,8.25166212859166e-05
20260913,OD_PRODUCT,OD_CONCAT_MLP,12,terminal_H,raw,1404,1.1156454936204005e-05,-0.0002941122321715783
20260913,OD_PRODUCT,OD_CONCAT_MLP,12,terminal_H,raw,1416,-0.003940165402386436,-0.0005187406026052921
20260913,OD_PRODUCT,OD_CONCAT_MLP,12,terminal_H,raw,1428,-0.006379639706387025,-0.0008772262258041602
20260913,OD_PRODUCT,OD_CONCAT_MLP,12,terminal_H,raw,1440,0.0003594148205197084,-0.00014267202197046288
20260913,OD_PRODUCT,OD_CONCAT_MLP,12,terminal_H,raw,1452,-0.0009227076560600585,-0.00020269783462472895
20260913,OD_PRODUCT,OD_CONCAT_MLP,12,terminal_H,raw,1464,0.006593550563004748,0.004091967369583836
20260913,OD_PRODUCT,OD_CONCAT_MLP,12,terminal_H,raw,1476,-0.0047882362358241245,-0.0005961605874393432
20260913,OD_PRODUCT,OD_CONCAT_MLP,12,terminal_H,raw,1488,-0.009878555006730488,-0.0020172113920837224
20260913,OD_PRODUCT,OD_CONCAT_MLP,12,terminal_H,raw,1500,-0.00041661578681034627,-0.00015214362590526255
20260913,OD_PRODUCT,OD_CONCAT_MLP,12,terminal_H,raw,1512,0.0020019600164392615,0.0005667211678206064
20260913,OD_PRODUCT,OD_CONCAT_MLP,12,terminal_H,raw,1524,-0.013067715486091596,-0.005224334042723653
20260913,OD_PRODUCT,OD_CONCAT_MLP,12,terminal_H,raw,1536,0.008040232389048685,0.0012622648722596889
20260913,OD_PRODUCT,OD_CONCAT_MLP,12,terminal_H,raw,1548,-0.006926781665193583,-0.0013553433151403116
20260913,OD_PRODUCT,OD_CONCAT_MLP,12,terminal_H,clip_0_1,1392,-0.0007999111732363203,8.25166212859166e-05
20260913,OD_PRODUCT,OD_CONCAT_MLP,12,terminal_H,clip_0_1,1404,1.1156454936204005e-05,-0.0002941122321715783
20260913,OD_PRODUCT,OD_CONCAT_MLP,12,terminal_H,clip_0_1,1416,-0.003940165402386436,-0.0005187406026052921
20260913,OD_PRODUCT,OD_CONCAT_MLP,12,terminal_H,clip_0_1,1428,-0.006301232671412055,-0.0008701101125742515
20260913,OD_PRODUCT,OD_CONCAT_MLP,12,terminal_H,clip_0_1,1440,0.00040738823285617576,-0.00012924621306678808
20260913,OD_PRODUCT,OD_CONCAT_MLP,12,terminal_H,clip_0_1,1452,-0.0009539544275880208,-0.00020412584731409092
20260913,OD_PRODUCT,OD_CONCAT_MLP,12,terminal_H,clip_0_1,1464,0.006593550563004748,0.004091967369583836
20260913,OD_PRODUCT,OD_CONCAT_MLP,12,terminal_H,clip_0_1,1476,-0.004799219544770669,-0.000596288634691435
20260913,OD_PRODUCT,OD_CONCAT_MLP,12,terminal_H,clip_0_1,1488,-0.009878555006730488,-0.0020172113920837224
20260913,OD_PRODUCT,OD_CONCAT_MLP,12,terminal_H,clip_0_1,1500,-0.00041661578681034627,-0.00015214362590526255
20260913,OD_PRODUCT,OD_CONCAT_MLP,12,terminal_H,clip_0_1,1512,0.0020019600164392615,0.0005667211678206064
20260913,OD_PRODUCT,OD_CONCAT_MLP,12,terminal_H,clip_0_1,1524,-0.013067715486091596,-0.005224334042723653
20260913,OD_PRODUCT,OD_CONCAT_MLP,12,terminal_H,clip_0_1,1536,0.008040232389048685,0.0012622648722596889
20260913,OD_PRODUCT,OD_CONCAT_MLP,12,terminal_H,clip_0_1,1548,-0.006936067865651936,-0.0013571126621835592
20260913,OD_PRODUCT,OD_CONCAT_MLP,12,path_1_to_H,raw,1392,0.0015936158632155523,0.0001909481322596357
20260913,OD_PRODUCT,OD_CONCAT_MLP,12,path_1_to_H,raw,1404,-0.0015204017865539723,-0.00021748328045793024
20260913,OD_PRODUCT,OD_CONCAT_MLP,12,path_1_to_H,raw,1416,-0.005775848325708583,-0.0006704202382773216
20260913,OD_PRODUCT,OD_CONCAT_MLP,12,path_1_to_H,raw,1428,-0.006073041193313017,-0.0005848314928790175
20260913,OD_PRODUCT,OD_CONCAT_MLP,12,path_1_to_H,raw,1440,0.00044831110708261,-7.664184726397663e-05
20260913,OD_PRODUCT,OD_CONCAT_MLP,12,path_1_to_H,raw,1452,-0.0021843046073274615,-0.0002869864934850053
20260913,OD_PRODUCT,OD_CONCAT_MLP,12,path_1_to_H,raw,1464,0.010259001052764687,0.007231960572007544
20260913,OD_PRODUCT,OD_CONCAT_MLP,12,path_1_to_H,raw,1476,-0.005628155913719581,-0.001074562392580377
20260913,OD_PRODUCT,OD_CONCAT_MLP,12,path_1_to_H,raw,1488,-0.005627380088783842,-0.0006554752940075211
20260913,OD_PRODUCT,OD_CONCAT_MLP,12,path_1_to_H,raw,1500,0.003304081490811336,0.00045041414067096793
20260913,OD_PRODUCT,OD_CONCAT_MLP,12,path_1_to_H,raw,1512,0.00034302585769298494,-0.0002550567701418063
20260913,OD_PRODUCT,OD_CONCAT_MLP,12,path_1_to_H,raw,1524,-0.009365698949216605,-0.0032376647316469964
20260913,OD_PRODUCT,OD_CONCAT_MLP,12,path_1_to_H,raw,1536,0.002056942812231282,0.0003544740460631647
20260913,OD_PRODUCT,OD_CONCAT_MLP,12,path_1_to_H,raw,1548,0.00043412314486591925,0.0001879207920859279
20260913,OD_PRODUCT,OD_CONCAT_MLP,12,path_1_to_H,clip_0_1,1392,0.0015749663049884168,0.00019079857222371397
20260913,OD_PRODUCT,OD_CONCAT_MLP,12,path_1_to_H,clip_0_1,1404,-0.0015340505742794633,-0.00021767532462042488
20260913,OD_PRODUCT,OD_CONCAT_MLP,12,path_1_to_H,clip_0_1,1416,-0.005745150637319422,-0.0006676803548609952
20260913,OD_PRODUCT,OD_CONCAT_MLP,12,path_1_to_H,clip_0_1,1428,-0.006065961847345245,-0.0005815263520079308
20260913,OD_PRODUCT,OD_CONCAT_MLP,12,path_1_to_H,clip_0_1,1440,0.0005113658517784679,-6.941926979589872e-05
20260913,OD_PRODUCT,OD_CONCAT_MLP,12,path_1_to_H,clip_0_1,1452,-0.0021934600807186153,-0.0002871795213061433
20260913,OD_PRODUCT,OD_CONCAT_MLP,12,path_1_to_H,clip_0_1,1464,0.010302932824559985,0.007233392630240823
20260913,OD_PRODUCT,OD_CONCAT_MLP,12,path_1_to_H,clip_0_1,1476,-0.005660792859993588,-0.0010755987883450937
20260913,OD_PRODUCT,OD_CONCAT_MLP,12,path_1_to_H,clip_0_1,1488,-0.0055740057069588655,-0.0006545214610493292
20260913,OD_PRODUCT,OD_CONCAT_MLP,12,path_1_to_H,clip_0_1,1500,0.0032803022113342,0.00044946642463501875
20260913,OD_PRODUCT,OD_CONCAT_MLP,12,path_1_to_H,clip_0_1,1512,0.00036395939683195447,-0.00024056814621216778
20260913,OD_PRODUCT,OD_CONCAT_MLP,12,path_1_to_H,clip_0_1,1524,-0.009367328262077977,-0.0032376944837555002
20260913,OD_PRODUCT,OD_CONCAT_MLP,12,path_1_to_H,clip_0_1,1536,0.002055438744700911,0.00035446658074001614
20260913,OD_PRODUCT,OD_CONCAT_MLP,12,path_1_to_H,clip_0_1,1548,0.00043109698016126585,0.0001876697748771644
20260913,OD_PRODUCT,OO_PRODUCT,3,terminal_H,raw,1392,0.010505271994326267,0.0010204141588984817
20260913,OD_PRODUCT,OO_PRODUCT,3,terminal_H,raw,1404,-0.000871312952920965,0.0001966807939472479
20260913,OD_PRODUCT,OO_PRODUCT,3,terminal_H,raw,1416,-0.0031491569129839525,-0.0002069656556801018
20260913,OD_PRODUCT,OO_PRODUCT,3,terminal_H,raw,1428,0.0008056184178021067,5.446193883032915e-05
20260913,OD_PRODUCT,OO_PRODUCT,3,terminal_H,raw,1440,0.0016492306815466577,0.00010888377905897036
20260913,OD_PRODUCT,OO_PRODUCT,3,terminal_H,raw,1452,-0.0024895963871580935,-0.00022066430698497675
20260913,OD_PRODUCT,OO_PRODUCT,3,terminal_H,raw,1464,0.010018353450632414,0.007832007665493421
20260913,OD_PRODUCT,OO_PRODUCT,3,terminal_H,raw,1476,-0.0009523477380440229,-0.0007821988555611928
20260913,OD_PRODUCT,OO_PRODUCT,3,terminal_H,raw,1488,-0.007659300371994676,-0.00042651311091232327
20260913,OD_PRODUCT,OO_PRODUCT,3,terminal_H,raw,1500,0.0021754848875589552,0.0002911808831156977
20260913,OD_PRODUCT,OO_PRODUCT,3,terminal_H,raw,1512,-0.005330200521493716,-0.00405468867933214
20260913,OD_PRODUCT,OO_PRODUCT,3,terminal_H,raw,1524,-0.003376561114129387,-0.0008725233742315715
20260913,OD_PRODUCT,OO_PRODUCT,3,terminal_H,raw,1536,0.0007475571858132327,2.030389178755918e-05
20260913,OD_PRODUCT,OO_PRODUCT,3,terminal_H,raw,1548,0.007082460959168734,0.0018457262872670441
20260913,OD_PRODUCT,OO_PRODUCT,3,terminal_H,clip_0_1,1392,0.01046751764169418,0.001021446292415564
20260913,OD_PRODUCT,OO_PRODUCT,3,terminal_H,clip_0_1,1404,-0.000871312952920965,0.0001966807939472479
20260913,OD_PRODUCT,OO_PRODUCT,3,terminal_H,clip_0_1,1416,-0.0031699747433940407,-0.00020685922201199404
20260913,OD_PRODUCT,OO_PRODUCT,3,terminal_H,clip_0_1,1428,0.0007726122644786731,5.2370333653164533e-05
20260913,OD_PRODUCT,OO_PRODUCT,3,terminal_H,clip_0_1,1440,0.001677481454391319,0.00011032713308459821
20260913,OD_PRODUCT,OO_PRODUCT,3,terminal_H,clip_0_1,1452,-0.0025394104895363366,-0.00022110417003600238
20260913,OD_PRODUCT,OO_PRODUCT,3,terminal_H,clip_0_1,1464,0.010075755860406986,0.007839217212086896
20260913,OD_PRODUCT,OO_PRODUCT,3,terminal_H,clip_0_1,1476,-0.0009779203614427635,-0.0007825413541136545
20260913,OD_PRODUCT,OO_PRODUCT,3,terminal_H,clip_0_1,1488,-0.007822690588917736,-0.0004325230029411475
20260913,OD_PRODUCT,OO_PRODUCT,3,terminal_H,clip_0_1,1500,0.0020873114203158153,0.00028039879734387957
20260913,OD_PRODUCT,OO_PRODUCT,3,terminal_H,clip_0_1,1512,-0.005421407946556895,-0.004073973861060423
20260913,OD_PRODUCT,OO_PRODUCT,3,terminal_H,clip_0_1,1524,-0.003376561114129387,-0.0008725233742315715
20260913,OD_PRODUCT,OO_PRODUCT,3,terminal_H,clip_0_1,1536,0.0007475571858132327,2.030389178755918e-05
20260913,OD_PRODUCT,OO_PRODUCT,3,terminal_H,clip_0_1,1548,0.007082460959168734,0.0018457262872670441
20260913,OD_PRODUCT,OO_PRODUCT,3,path_1_to_H,raw,1392,0.007416538410481904,0.0005687556648076773
20260913,OD_PRODUCT,OO_PRODUCT,3,path_1_to_H,raw,1404,-0.0006599978966953078,4.505466428518404e-05
20260913,OD_PRODUCT,OO_PRODUCT,3,path_1_to_H,raw,1416,-0.0026121330484055088,-0.00022628470394738364
20260913,OD_PRODUCT,OO_PRODUCT,3,path_1_to_H,raw,1428,7.192701270695871e-05,7.876890747915633e-05
20260913,OD_PRODUCT,OO_PRODUCT,3,path_1_to_H,raw,1440,-0.0001071437629932882,1.1219569204198936e-05
20260913,OD_PRODUCT,OO_PRODUCT,3,path_1_to_H,raw,1452,-0.001711563630449463,-0.00025527426873889084
20260913,OD_PRODUCT,OO_PRODUCT,3,path_1_to_H,raw,1464,0.007804001756396401,0.005700527135775085
20260913,OD_PRODUCT,OO_PRODUCT,3,path_1_to_H,raw,1476,-0.004195662859903628,-0.0010032431011869852
20260913,OD_PRODUCT,OO_PRODUCT,3,path_1_to_H,raw,1488,-0.004212467250827842,-0.00023350525224752824
20260913,OD_PRODUCT,OO_PRODUCT,3,path_1_to_H,raw,1500,0.0012493858460045865,0.00017708685203986967
20260913,OD_PRODUCT,OO_PRODUCT,3,path_1_to_H,raw,1512,-0.003955314838793089,-0.0027836083520032416
20260913,OD_PRODUCT,OO_PRODUCT,3,path_1_to_H,raw,1524,-0.0022503341683118923,-0.0005544054803115771
20260913,OD_PRODUCT,OO_PRODUCT,3,path_1_to_H,raw,1536,-0.0006179572827867281,-0.00010735574639428347
20260913,OD_PRODUCT,OO_PRODUCT,3,path_1_to_H,raw,1548,0.0050315191808356806,0.0016378515175308119
20260913,OD_PRODUCT,OO_PRODUCT,3,path_1_to_H,clip_0_1,1392,0.007368836311110095,0.0005692939427616101
20260913,OD_PRODUCT,OO_PRODUCT,3,path_1_to_H,clip_0_1,1404,-0.0006516012534704129,4.5112829769577136e-05
20260913,OD_PRODUCT,OO_PRODUCT,3,path_1_to_H,clip_0_1,1416,-0.00264917299537225,-0.00022668099713841862
20260913,OD_PRODUCT,OO_PRODUCT,3,path_1_to_H,clip_0_1,1428,4.972339071620577e-05,7.776804461044867e-05
20260913,OD_PRODUCT,OO_PRODUCT,3,path_1_to_H,clip_0_1,1440,-8.654454398233458e-05,1.2039309105953247e-05
20260913,OD_PRODUCT,OO_PRODUCT,3,path_1_to_H,clip_0_1,1452,-0.0017454338602502146,-0.0002555292404490156
20260913,OD_PRODUCT,OO_PRODUCT,3,path_1_to_H,clip_0_1,1464,0.007853881361526191,0.005703824260225991
20260913,OD_PRODUCT,OO_PRODUCT,3,path_1_to_H,clip_0_1,1476,-0.00420269065696194,-0.0010030197689788695
20260913,OD_PRODUCT,OO_PRODUCT,3,path_1_to_H,clip_0_1,1488,-0.004321562182410172,-0.0002373592843003348
20260913,OD_PRODUCT,OO_PRODUCT,3,path_1_to_H,clip_0_1,1500,0.001142521411253475,0.00016866640010322642
20260913,OD_PRODUCT,OO_PRODUCT,3,path_1_to_H,clip_0_1,1512,-0.0039943902997529165,-0.0027667610737037163
20260913,OD_PRODUCT,OO_PRODUCT,3,path_1_to_H,clip_0_1,1524,-0.0022473168316173124,-0.000554374116635637
20260913,OD_PRODUCT,OO_PRODUCT,3,path_1_to_H,clip_0_1,1536,-0.0006179572827867281,-0.00010735574639428347
20260913,OD_PRODUCT,OO_PRODUCT,3,path_1_to_H,clip_0_1,1548,0.0050315191808356806,0.0016378515175308119
20260913,OD_PRODUCT,OO_PRODUCT,6,terminal_H,raw,1392,0.0076992814438823975,0.0008724532066759142
20260913,OD_PRODUCT,OO_PRODUCT,6,terminal_H,raw,1404,-0.0008383800223917266,-0.00023724685033344007
20260913,OD_PRODUCT,OO_PRODUCT,6,terminal_H,raw,1416,-0.007403413427657389,-0.000837401944231801
20260913,OD_PRODUCT,OO_PRODUCT,6,terminal_H,raw,1428,-0.004587239065033527,-0.0004993747100560734
20260913,OD_PRODUCT,OO_PRODUCT,6,terminal_H,raw,1440,0.0016341546196212823,8.521227999863143e-05
20260913,OD_PRODUCT,OO_PRODUCT,6,terminal_H,raw,1452,-1.1646706709904237e-06,0.00010330749553695468
20260913,OD_PRODUCT,OO_PRODUCT,6,terminal_H,raw,1464,0.014281751247651187,0.00915581545063797
20260913,OD_PRODUCT,OO_PRODUCT,6,terminal_H,raw,1476,0.011348789067749623,0.0011087299678832947
20260913,OD_PRODUCT,OO_PRODUCT,6,terminal_H,raw,1488,-0.0028214933126758657,0.00022208247179941
20260913,OD_PRODUCT,OO_PRODUCT,6,terminal_H,raw,1500,0.0024272085681228523,0.000203316159721942
20260913,OD_PRODUCT,OO_PRODUCT,6,terminal_H,raw,1512,-0.01038384833561925,-0.007240598062085092
20260913,OD_PRODUCT,OO_PRODUCT,6,terminal_H,raw,1524,-0.008489593893085224,-0.0026631429291314786
20260913,OD_PRODUCT,OO_PRODUCT,6,terminal_H,raw,1536,0.0005093996388406214,9.28028759853337e-05
20260913,OD_PRODUCT,OO_PRODUCT,6,terminal_H,raw,1548,0.009080644819228552,0.0027465968122597608
20260913,OD_PRODUCT,OO_PRODUCT,6,terminal_H,clip_0_1,1392,0.007662977417823312,0.0008684372488943573
20260913,OD_PRODUCT,OO_PRODUCT,6,terminal_H,clip_0_1,1404,-0.0008383800223917266,-0.00023724685033344007
20260913,OD_PRODUCT,OO_PRODUCT,6,terminal_H,clip_0_1,1416,-0.007255767053438504,-0.0008239285579193938
20260913,OD_PRODUCT,OO_PRODUCT,6,terminal_H,clip_0_1,1428,-0.004587239065033527,-0.0004993747100560734
20260913,OD_PRODUCT,OO_PRODUCT,6,terminal_H,clip_0_1,1440,0.0016719113308658656,8.831009161869196e-05
20260913,OD_PRODUCT,OO_PRODUCT,6,terminal_H,clip_0_1,1452,-1.1731868501628267e-05,0.00010320958615444427
20260913,OD_PRODUCT,OO_PRODUCT,6,terminal_H,clip_0_1,1464,0.014218510673864908,0.009155207820996379
20260913,OD_PRODUCT,OO_PRODUCT,6,terminal_H,clip_0_1,1476,0.01133979027806443,0.00110870769887395
20260913,OD_PRODUCT,OO_PRODUCT,6,terminal_H,clip_0_1,1488,-0.002963441378651106,0.00021851659406730607
20260913,OD_PRODUCT,OO_PRODUCT,6,terminal_H,clip_0_1,1500,0.002386916145184013,0.0002031081543745632
20260913,OD_PRODUCT,OO_PRODUCT,6,terminal_H,clip_0_1,1512,-0.010372245140987718,-0.007217784360020676
20260913,OD_PRODUCT,OO_PRODUCT,6,terminal_H,clip_0_1,1524,-0.008489593893085224,-0.0026631429291314786
20260913,OD_PRODUCT,OO_PRODUCT,6,terminal_H,clip_0_1,1536,0.0005093996388406214,9.28028759853337e-05
20260913,OD_PRODUCT,OO_PRODUCT,6,terminal_H,clip_0_1,1548,0.009080644819228552,0.0027465968122597608
20260913,OD_PRODUCT,OO_PRODUCT,6,path_1_to_H,raw,1392,0.006461449795879963,0.0006376111513012717
20260913,OD_PRODUCT,OO_PRODUCT,6,path_1_to_H,raw,1404,-0.0011336771701719998,-9.409296541288529e-05
20260913,OD_PRODUCT,OO_PRODUCT,6,path_1_to_H,raw,1416,-0.0051682459831589355,-0.0004939124300924806
20260913,OD_PRODUCT,OO_PRODUCT,6,path_1_to_H,raw,1428,-0.0015021223714218642,-0.00012109448495266017
20260913,OD_PRODUCT,OO_PRODUCT,6,path_1_to_H,raw,1440,0.0012601262882127053,0.0001230565225038778
20260913,OD_PRODUCT,OO_PRODUCT,6,path_1_to_H,raw,1452,-0.001389542283506201,-0.0001922340656951553
20260913,OD_PRODUCT,OO_PRODUCT,6,path_1_to_H,raw,1464,0.01075336929814319,0.007254176702425754
20260913,OD_PRODUCT,OO_PRODUCT,6,path_1_to_H,raw,1476,0.0008900217941878496,-0.0004879117198738409
20260913,OD_PRODUCT,OO_PRODUCT,6,path_1_to_H,raw,1488,-0.003699623608534723,2.0395359807261985e-05
20260913,OD_PRODUCT,OO_PRODUCT,6,path_1_to_H,raw,1500,0.0016213385059740816,0.00013136503051496508
20260913,OD_PRODUCT,OO_PRODUCT,6,path_1_to_H,raw,1512,-0.006732956381678891,-0.004808299569392421
20260913,OD_PRODUCT,OO_PRODUCT,6,path_1_to_H,raw,1524,-0.004796103268513682,-0.0012827244458076923
20260913,OD_PRODUCT,OO_PRODUCT,6,path_1_to_H,raw,1536,0.0006010981404963942,6.46166114824626e-05
20260913,OD_PRODUCT,OO_PRODUCT,6,path_1_to_H,raw,1548,0.007185095910811964,0.002096355191397663
20260913,OD_PRODUCT,OO_PRODUCT,6,path_1_to_H,clip_0_1,1392,0.006435496343380298,0.0006404525912849135
20260913,OD_PRODUCT,OO_PRODUCT,6,path_1_to_H,clip_0_1,1404,-0.0011294788485595524,-9.406388267068875e-05
20260913,OD_PRODUCT,OO_PRODUCT,6,path_1_to_H,clip_0_1,1416,-0.005114774999597446,-0.00048789846891661497
20260913,OD_PRODUCT,OO_PRODUCT,6,path_1_to_H,clip_0_1,1428,-0.0015165603785616626,-0.0001216850879085498
20260913,OD_PRODUCT,OO_PRODUCT,6,path_1_to_H,clip_0_1,1440,0.0012911894001063828,0.0001250446434326199
20260913,OD_PRODUCT,OO_PRODUCT,6,path_1_to_H,clip_0_1,1452,-0.001414793474420554,-0.0001924139923368573
20260913,OD_PRODUCT,OO_PRODUCT,6,path_1_to_H,clip_0_1,1464,0.010782444475719135,0.0072561579852021005
20260913,OD_PRODUCT,OO_PRODUCT,6,path_1_to_H,clip_0_1,1476,0.0008734986839015784,-0.0004882068742398073
20260913,OD_PRODUCT,OO_PRODUCT,6,path_1_to_H,clip_0_1,1488,-0.003846593145741536,1.637792895345133e-05
20260913,OD_PRODUCT,OO_PRODUCT,6,path_1_to_H,clip_0_1,1500,0.001549373022814629,0.0001262107338411864
20260913,OD_PRODUCT,OO_PRODUCT,6,path_1_to_H,clip_0_1,1512,-0.006765974828196586,-0.004799597878442279
20260913,OD_PRODUCT,OO_PRODUCT,6,path_1_to_H,clip_0_1,1524,-0.004794594600166392,-0.0012827087639697221
20260913,OD_PRODUCT,OO_PRODUCT,6,path_1_to_H,clip_0_1,1536,0.0006010981404963942,6.46166114824626e-05
20260913,OD_PRODUCT,OO_PRODUCT,6,path_1_to_H,clip_0_1,1548,0.007185095910811964,0.002096355191397663
20260913,OD_PRODUCT,OO_PRODUCT,9,terminal_H,raw,1392,-0.0002050639095444647,-0.00014054729189093632
20260913,OD_PRODUCT,OO_PRODUCT,9,terminal_H,raw,1404,-0.00039911310737610165,-5.941253683754023e-05
20260913,OD_PRODUCT,OO_PRODUCT,9,terminal_H,raw,1416,-0.004398660656578124,-0.0007516326556245153
20260913,OD_PRODUCT,OO_PRODUCT,9,terminal_H,raw,1428,-0.005027287623834905,-0.0009201487384035555
20260913,OD_PRODUCT,OO_PRODUCT,9,terminal_H,raw,1440,-0.001761372601884928,-0.00016015053188267003
20260913,OD_PRODUCT,OO_PRODUCT,9,terminal_H,raw,1452,-0.0027666393103123804,-0.000842867507850469
20260913,OD_PRODUCT,OO_PRODUCT,9,terminal_H,raw,1464,0.01234595218952687,0.0077159018572732175
20260913,OD_PRODUCT,OO_PRODUCT,9,terminal_H,raw,1476,0.014237590570661249,0.002930336206075318
20260913,OD_PRODUCT,OO_PRODUCT,9,terminal_H,raw,1488,-0.014588451724465979,-0.001951665500202652
20260913,OD_PRODUCT,OO_PRODUCT,9,terminal_H,raw,1500,0.008551011335404514,0.001159852725097944
20260913,OD_PRODUCT,OO_PRODUCT,9,terminal_H,raw,1512,-0.007458626692042827,-0.0036773813999028686
20260913,OD_PRODUCT,OO_PRODUCT,9,terminal_H,raw,1524,-0.017086325579682697,-0.00738283500008558
20260913,OD_PRODUCT,OO_PRODUCT,9,terminal_H,raw,1536,-0.001587464216192813,-0.000691755378032638
20260913,OD_PRODUCT,OO_PRODUCT,9,terminal_H,raw,1548,-0.003697668178455451,-0.00052479468823752
20260913,OD_PRODUCT,OO_PRODUCT,9,terminal_H,clip_0_1,1392,-0.00016830370017502085,-0.00014017568081789282
20260913,OD_PRODUCT,OO_PRODUCT,9,terminal_H,clip_0_1,1404,-0.00039911310737610165,-5.941253683754023e-05
20260913,OD_PRODUCT,OO_PRODUCT,9,terminal_H,clip_0_1,1416,-0.004398660656578124,-0.0007516326556245153
20260913,OD_PRODUCT,OO_PRODUCT,9,terminal_H,clip_0_1,1428,-0.005087273223351847,-0.0009230777271389842
20260913,OD_PRODUCT,OO_PRODUCT,9,terminal_H,clip_0_1,1440,-0.001761372601884928,-0.00016015053188267003
20260913,OD_PRODUCT,OO_PRODUCT,9,terminal_H,clip_0_1,1452,-0.0027780897099196076,-0.0008421463759141439
20260913,OD_PRODUCT,OO_PRODUCT,9,terminal_H,clip_0_1,1464,0.012244082909071466,0.007713067820760544
20260913,OD_PRODUCT,OO_PRODUCT,9,terminal_H,clip_0_1,1476,0.014267415316886882,0.0029319286946539766
20260913,OD_PRODUCT,OO_PRODUCT,9,terminal_H,clip_0_1,1488,-0.014579176486499684,-0.0019517772724462795
20260913,OD_PRODUCT,OO_PRODUCT,9,terminal_H,clip_0_1,1500,0.008516975336733972,0.0011596893378100972
20260913,OD_PRODUCT,OO_PRODUCT,9,terminal_H,clip_0_1,1512,-0.0074216312273640865,-0.00362932197225922
20260913,OD_PRODUCT,OO_PRODUCT,9,terminal_H,clip_0_1,1524,-0.017086325579682697,-0.00738283500008558
20260913,OD_PRODUCT,OO_PRODUCT,9,terminal_H,clip_0_1,1536,-0.001587464216192813,-0.000691755378032638
20260913,OD_PRODUCT,OO_PRODUCT,9,terminal_H,clip_0_1,1548,-0.003778769888097052,-0.0005361448748873261
20260913,OD_PRODUCT,OO_PRODUCT,9,path_1_to_H,raw,1392,0.006375656655946932,0.0006741465635803455
20260913,OD_PRODUCT,OO_PRODUCT,9,path_1_to_H,raw,1404,-0.0013275501430763741,-0.00015392500038436164
20260913,OD_PRODUCT,OO_PRODUCT,9,path_1_to_H,raw,1416,-0.004280573725998153,-0.0004361501847154821
20260913,OD_PRODUCT,OO_PRODUCT,9,path_1_to_H,raw,1428,-0.003018784218193589,-0.00030755787918527723
20260913,OD_PRODUCT,OO_PRODUCT,9,path_1_to_H,raw,1440,-8.795064973199912e-06,2.2417492991534344e-05
20260913,OD_PRODUCT,OO_PRODUCT,9,path_1_to_H,raw,1452,-0.0016066281430386251,-0.00022027864572862866
20260913,OD_PRODUCT,OO_PRODUCT,9,path_1_to_H,raw,1464,0.01145445007511884,0.007575555887677985
20260913,OD_PRODUCT,OO_PRODUCT,9,path_1_to_H,raw,1476,0.0057165250572757875,0.0006474928894881393
20260913,OD_PRODUCT,OO_PRODUCT,9,path_1_to_H,raw,1488,-0.005442026434242362,-0.0002755010160366451
20260913,OD_PRODUCT,OO_PRODUCT,9,path_1_to_H,raw,1500,0.0030375822673989993,0.00027060876564406826
20260913,OD_PRODUCT,OO_PRODUCT,9,path_1_to_H,raw,1512,-0.007470635728172369,-0.0049131985539339115
20260913,OD_PRODUCT,OO_PRODUCT,9,path_1_to_H,raw,1524,-0.0078060282888118195,-0.0025431692335579894
20260913,OD_PRODUCT,OO_PRODUCT,9,path_1_to_H,raw,1536,0.0009951095889380757,0.00010438351435725189
20260913,OD_PRODUCT,OO_PRODUCT,9,path_1_to_H,raw,1548,0.0049025372295580455,0.0013882911702558847
20260913,OD_PRODUCT,OO_PRODUCT,9,path_1_to_H,clip_0_1,1392,0.006359470691304903,0.0006758814765374754
20260913,OD_PRODUCT,OO_PRODUCT,9,path_1_to_H,clip_0_1,1404,-0.0013247512620014092,-0.00015390561188956394
20260913,OD_PRODUCT,OO_PRODUCT,9,path_1_to_H,clip_0_1,1416,-0.004210709162329832,-0.00042897550928013315
20260913,OD_PRODUCT,OO_PRODUCT,9,path_1_to_H,clip_0_1,1428,-0.003042882877272976,-0.00030882257516355696
20260913,OD_PRODUCT,OO_PRODUCT,9,path_1_to_H,clip_0_1,1440,2.0497072363675247e-05,2.4090363536259796e-05
20260913,OD_PRODUCT,OO_PRODUCT,9,path_1_to_H,clip_0_1,1452,-0.001623279694381838,-0.0002201551691996458
20260913,OD_PRODUCT,OO_PRODUCT,9,path_1_to_H,clip_0_1,1464,0.011436241999395004,0.007575563150035175
20260913,OD_PRODUCT,OO_PRODUCT,9,path_1_to_H,clip_0_1,1476,0.0057116619809073526,0.0006475582465013618
20260913,OD_PRODUCT,OO_PRODUCT,9,path_1_to_H,clip_0_1,1488,-0.005546604523694798,-0.0002786230915065729
20260913,OD_PRODUCT,OO_PRODUCT,9,path_1_to_H,clip_0_1,1500,0.0029729738445595046,0.00026707012869885046
20260913,OD_PRODUCT,OO_PRODUCT,9,path_1_to_H,clip_0_1,1512,-0.007486988966508798,-0.0049017762755215084
20260913,OD_PRODUCT,OO_PRODUCT,9,path_1_to_H,clip_0_1,1524,-0.007805022509913626,-0.0025431587789993427
20260913,OD_PRODUCT,OO_PRODUCT,9,path_1_to_H,clip_0_1,1536,0.0009951095889380757,0.00010438351435725189
20260913,OD_PRODUCT,OO_PRODUCT,9,path_1_to_H,clip_0_1,1548,0.004886875508376803,0.001385355769151417
20260913,OD_PRODUCT,OO_PRODUCT,12,terminal_H,raw,1392,-0.0030093481503581884,-0.0004959899786524496
20260913,OD_PRODUCT,OO_PRODUCT,12,terminal_H,raw,1404,-0.00020931582106258612,-7.253978934218381e-05
20260913,OD_PRODUCT,OO_PRODUCT,12,terminal_H,raw,1416,-0.0021184941727873364,-0.0004406375186391776
20260913,OD_PRODUCT,OO_PRODUCT,12,terminal_H,raw,1428,-0.004566306066351628,-0.0006791135230961305
20260913,OD_PRODUCT,OO_PRODUCT,12,terminal_H,raw,1440,0.00219837007953437,0.0003054395658013837
20260913,OD_PRODUCT,OO_PRODUCT,12,terminal_H,raw,1452,0.002230730533202741,0.0003099186132007687
20260913,OD_PRODUCT,OO_PRODUCT,12,terminal_H,raw,1464,0.010539235906466396,0.006007596046851425
20260913,OD_PRODUCT,OO_PRODUCT,12,terminal_H,raw,1476,0.015814338803537442,0.004394996413663204
20260913,OD_PRODUCT,OO_PRODUCT,12,terminal_H,raw,1488,-0.013350905487255626,-0.0025912964882625973
20260913,OD_PRODUCT,OO_PRODUCT,12,terminal_H,raw,1500,0.004623850906430631,0.0008201290316372028
20260913,OD_PRODUCT,OO_PRODUCT,12,terminal_H,raw,1512,-0.0019222000549669078,-0.0009203955380532409
20260913,OD_PRODUCT,OO_PRODUCT,12,terminal_H,raw,1524,-0.019955275099469313,-0.009287422126518176
20260913,OD_PRODUCT,OO_PRODUCT,12,terminal_H,raw,1536,0.0021633440880481783,0.0005329082323187498
20260913,OD_PRODUCT,OO_PRODUCT,12,terminal_H,raw,1548,-0.003908911506701532,-0.0011784289737402454
20260913,OD_PRODUCT,OO_PRODUCT,12,terminal_H,clip_0_1,1392,-0.0030093481503581884,-0.0004959899786524496
20260913,OD_PRODUCT,OO_PRODUCT,12,terminal_H,clip_0_1,1404,-0.00020931582106258612,-7.253978934218381e-05
20260913,OD_PRODUCT,OO_PRODUCT,12,terminal_H,clip_0_1,1416,-0.0021184941727873364,-0.0004406375186391776
20260913,OD_PRODUCT,OO_PRODUCT,12,terminal_H,clip_0_1,1428,-0.004573421865310508,-0.0007091416427846934
20260913,OD_PRODUCT,OO_PRODUCT,12,terminal_H,clip_0_1,1440,0.0022463434918708375,0.0003188653747050585
20260913,OD_PRODUCT,OO_PRODUCT,12,terminal_H,clip_0_1,1452,0.0022330492410901626,0.0003100031779165391
20260913,OD_PRODUCT,OO_PRODUCT,12,terminal_H,clip_0_1,1464,0.010539235906466396,0.006007596046851425
20260913,OD_PRODUCT,OO_PRODUCT,12,terminal_H,clip_0_1,1476,0.015810727934123733,0.004395012699035891
20260913,OD_PRODUCT,OO_PRODUCT,12,terminal_H,clip_0_1,1488,-0.013350905487255626,-0.0025912964882625973
20260913,OD_PRODUCT,OO_PRODUCT,12,terminal_H,clip_0_1,1500,0.00460158611519022,0.0008200586809650286
20260913,OD_PRODUCT,OO_PRODUCT,12,terminal_H,clip_0_1,1512,-0.0019222000549669078,-0.0009203955380532409
20260913,OD_PRODUCT,OO_PRODUCT,12,terminal_H,clip_0_1,1524,-0.019955275099469313,-0.009287422126518176
20260913,OD_PRODUCT,OO_PRODUCT,12,terminal_H,clip_0_1,1536,0.0021633440880481783,0.0005329082323187498
20260913,OD_PRODUCT,OO_PRODUCT,12,terminal_H,clip_0_1,1548,-0.004123299494700584,-0.0012239978969750798
20260913,OD_PRODUCT,OO_PRODUCT,12,path_1_to_H,raw,1392,0.004098168156492242,0.0004277986274254703
20260913,OD_PRODUCT,OO_PRODUCT,12,path_1_to_H,raw,1404,-0.0010082698932150523,-0.000130974660426307
20260913,OD_PRODUCT,OO_PRODUCT,12,path_1_to_H,raw,1416,-0.003987445831585822,-0.00044380044800978265
20260913,OD_PRODUCT,OO_PRODUCT,12,path_1_to_H,raw,1428,-0.003499333497051779,-0.00039657840020754524
20260913,OD_PRODUCT,OO_PRODUCT,12,path_1_to_H,raw,1440,0.00019194454545939482,2.6781828938662727e-05
20260913,OD_PRODUCT,OO_PRODUCT,12,path_1_to_H,raw,1452,-0.0009008120775849473,-0.00013950529183784355
20260913,OD_PRODUCT,OO_PRODUCT,12,path_1_to_H,raw,1464,0.011772570821844998,0.007397953508649171
20260913,OD_PRODUCT,OO_PRODUCT,12,path_1_to_H,raw,1476,0.008401471334742765,0.0015298165049142938
20260913,OD_PRODUCT,OO_PRODUCT,12,path_1_to_H,raw,1488,-0.00714745891635256,-0.0006697516072659384
20260913,OD_PRODUCT,OO_PRODUCT,12,path_1_to_H,raw,1500,0.003912271731246195,0.0004743795376355436
20260913,OD_PRODUCT,OO_PRODUCT,12,path_1_to_H,raw,1512,-0.006559444780522173,-0.004009383041611745
20260913,OD_PRODUCT,OO_PRODUCT,12,path_1_to_H,raw,1524,-0.010932433274232694,-0.004190255565974732
20260913,OD_PRODUCT,OO_PRODUCT,12,path_1_to_H,raw,1536,0.0007200321904602278,3.429722725153085e-05
20260913,OD_PRODUCT,OO_PRODUCT,12,path_1_to_H,raw,1548,0.0030871273508947636,0.0008839058048616142
20260913,OD_PRODUCT,OO_PRODUCT,12,path_1_to_H,clip_0_1,1392,0.004086028683010719,0.0004290998121433177
20260913,OD_PRODUCT,OO_PRODUCT,12,path_1_to_H,clip_0_1,1404,-0.0010061707324088285,-0.00013096011905520873
20260913,OD_PRODUCT,OO_PRODUCT,12,path_1_to_H,clip_0_1,1416,-0.003935047408834582,-0.00043841944143327096
20260913,OD_PRODUCT,OO_PRODUCT,12,path_1_to_H,clip_0_1,1428,-0.0035193482564127845,-0.0004030929046456128
20260913,OD_PRODUCT,OO_PRODUCT,12,path_1_to_H,clip_0_1,1440,0.000226852729175936,3.180346944973243e-05
20260913,OD_PRODUCT,OO_PRODUCT,12,path_1_to_H,clip_0_1,1452,-0.0009105998653392153,-0.00013930663110134331
20260913,OD_PRODUCT,OO_PRODUCT,12,path_1_to_H,clip_0_1,1464,0.01175969936696999,0.007397970299878732
20260913,OD_PRODUCT,OO_PRODUCT,12,path_1_to_H,clip_0_1,1476,0.008399090609145236,0.0015299554571101526
20260913,OD_PRODUCT,OO_PRODUCT,12,path_1_to_H,clip_0_1,1488,-0.007227238641362067,-0.0006721129588847807
20260913,OD_PRODUCT,OO_PRODUCT,12,path_1_to_H,clip_0_1,1500,0.0038579633566186112,0.00047170477203645504
20260913,OD_PRODUCT,OO_PRODUCT,12,path_1_to_H,clip_0_1,1512,-0.006568061740019107,-0.00400041501983789
20260913,OD_PRODUCT,OO_PRODUCT,12,path_1_to_H,clip_0_1,1524,-0.01093167894005905,-0.004190247725055747
20260913,OD_PRODUCT,OO_PRODUCT,12,path_1_to_H,clip_0_1,1536,0.0007200321904602278,3.429722725153085e-05
20260913,OD_PRODUCT,OO_PRODUCT,12,path_1_to_H,clip_0_1,1548,0.0030025412304396444,0.0008653012495208381
20260913,OD_PRODUCT,NATIVE,3,terminal_H,raw,1392,-0.009297638875858426,-0.0005029149251694536
20260913,OD_PRODUCT,NATIVE,3,terminal_H,raw,1404,-0.006907786620778666,0.000683320396160067
20260913,OD_PRODUCT,NATIVE,3,terminal_H,raw,1416,-0.011460849009316893,-0.000707383743475264
20260913,OD_PRODUCT,NATIVE,3,terminal_H,raw,1428,-0.006772115785699912,6.0295852782042564e-05
20260913,OD_PRODUCT,NATIVE,3,terminal_H,raw,1440,-0.009642643869870134,-0.0006174074307382486
20260913,OD_PRODUCT,NATIVE,3,terminal_H,raw,1452,-0.009129644843794442,-0.0008498058838323066
20260913,OD_PRODUCT,NATIVE,3,terminal_H,raw,1464,0.009082963209724682,0.008017348843086122
20260913,OD_PRODUCT,NATIVE,3,terminal_H,raw,1476,-0.047467641540391514,-0.006515366212233581
20260913,OD_PRODUCT,NATIVE,3,terminal_H,raw,1488,-0.016113748520666396,0.00042787542644916605
20260913,OD_PRODUCT,NATIVE,3,terminal_H,raw,1500,-0.007439578291062962,0.0007949870211947187
20260913,OD_PRODUCT,NATIVE,3,terminal_H,raw,1512,0.005940452694106583,0.002409529185078792
20260913,OD_PRODUCT,NATIVE,3,terminal_H,raw,1524,-0.01125015891020981,-0.0015639854577442361
20260913,OD_PRODUCT,NATIVE,3,terminal_H,raw,1536,-0.0039197812119605305,-0.0007417956147042793
20260913,OD_PRODUCT,NATIVE,3,terminal_H,raw,1548,0.00759649066090445,0.002903600411290125
20260913,OD_PRODUCT,NATIVE,3,terminal_H,clip_0_1,1392,-0.009287878089499949,-0.0005012619273332157
20260913,OD_PRODUCT,NATIVE,3,terminal_H,clip_0_1,1404,-0.006907786620778666,0.000683320396160067
20260913,OD_PRODUCT,NATIVE,3,terminal_H,clip_0_1,1416,-0.011454805354610154,-0.0007070788864769188
20260913,OD_PRODUCT,NATIVE,3,terminal_H,clip_0_1,1428,-0.006754208474598518,6.117991803720217e-05
20260913,OD_PRODUCT,NATIVE,3,terminal_H,clip_0_1,1440,-0.009553074719311556,-0.000614830334855707
20260913,OD_PRODUCT,NATIVE,3,terminal_H,clip_0_1,1452,-0.00912517524710789,-0.0008498001648278594
20260913,OD_PRODUCT,NATIVE,3,terminal_H,clip_0_1,1464,0.009184141559157135,0.008027439244834407
20260913,OD_PRODUCT,NATIVE,3,terminal_H,clip_0_1,1476,-0.04873820753469372,-0.006535256515186457
20260913,OD_PRODUCT,NATIVE,3,terminal_H,clip_0_1,1488,-0.016028836934725947,0.00042956840732620485
20260913,OD_PRODUCT,NATIVE,3,terminal_H,clip_0_1,1500,-0.007444979510387881,0.0007954333115545122
20260913,OD_PRODUCT,NATIVE,3,terminal_H,clip_0_1,1512,0.005959839873366966,0.0024110173283014413
20260913,OD_PRODUCT,NATIVE,3,terminal_H,clip_0_1,1524,-0.01125015891020981,-0.0015639854577442361
20260913,OD_PRODUCT,NATIVE,3,terminal_H,clip_0_1,1536,-0.003919832681925945,-0.0007418299287440966
20260913,OD_PRODUCT,NATIVE,3,terminal_H,clip_0_1,1548,0.00759649066090445,0.002903600411290125
20260913,OD_PRODUCT,NATIVE,3,path_1_to_H,raw,1392,-0.008588047111936814,-0.000981797830405007
20260913,OD_PRODUCT,NATIVE,3,path_1_to_H,raw,1404,-0.005925368371547199,7.148746290597104e-05
20260913,OD_PRODUCT,NATIVE,3,path_1_to_H,raw,1416,-0.008474899957091534,-0.00033497399558590134
20260913,OD_PRODUCT,NATIVE,3,path_1_to_H,raw,1428,-0.005485548012959203,-0.0002302869492468006
20260913,OD_PRODUCT,NATIVE,3,path_1_to_H,raw,1440,-0.0074685689311585046,-0.00041139745596260066
20260913,OD_PRODUCT,NATIVE,3,path_1_to_H,raw,1452,-0.006192418142739377,-0.0003711895235713022
20260913,OD_PRODUCT,NATIVE,3,path_1_to_H,raw,1464,0.007249511908888888,0.0063039622258701826
20260913,OD_PRODUCT,NATIVE,3,path_1_to_H,raw,1476,-0.03673389369464724,-0.0041467228887588576
20260913,OD_PRODUCT,NATIVE,3,path_1_to_H,raw,1488,-0.011434484440795215,-0.0003191313027580097
20260913,OD_PRODUCT,NATIVE,3,path_1_to_H,raw,1500,-0.009008311933964995,-0.0006048594897133089
20260913,OD_PRODUCT,NATIVE,3,path_1_to_H,raw,1512,-0.00015313766305515304,0.0006718846605410963
20260913,OD_PRODUCT,NATIVE,3,path_1_to_H,raw,1524,-0.006316338766458304,-0.0003641658702211311
20260913,OD_PRODUCT,NATIVE,3,path_1_to_H,raw,1536,-0.002705526349173784,-0.0003698551096761913
20260913,OD_PRODUCT,NATIVE,3,path_1_to_H,raw,1548,0.006103880537364206,0.004298431836669424
20260913,OD_PRODUCT,NATIVE,3,path_1_to_H,clip_0_1,1392,-0.00857781173883348,-0.0009804152176189805
20260913,OD_PRODUCT,NATIVE,3,path_1_to_H,clip_0_1,1404,-0.005919232704087764,7.154141098094924e-05
20260913,OD_PRODUCT,NATIVE,3,path_1_to_H,clip_0_1,1416,-0.008485637669221323,-0.00034699579320589675
20260913,OD_PRODUCT,NATIVE,3,path_1_to_H,clip_0_1,1428,-0.005468750119038148,-0.00022989551910285983
20260913,OD_PRODUCT,NATIVE,3,path_1_to_H,clip_0_1,1440,-0.00741043528093853,-0.00041007890307626955
20260913,OD_PRODUCT,NATIVE,3,path_1_to_H,clip_0_1,1452,-0.006191246655161486,-0.0003711876406215141
20260913,OD_PRODUCT,NATIVE,3,path_1_to_H,clip_0_1,1464,0.00733140939252379,0.006308357771064067
20260913,OD_PRODUCT,NATIVE,3,path_1_to_H,clip_0_1,1476,-0.03797554617197885,-0.004166827091212129
20260913,OD_PRODUCT,NATIVE,3,path_1_to_H,clip_0_1,1488,-0.01130869959657564,-0.00031669262303165614
20260913,OD_PRODUCT,NATIVE,3,path_1_to_H,clip_0_1,1500,-0.0089140654433664,-0.0005970495197724335
20260913,OD_PRODUCT,NATIVE,3,path_1_to_H,clip_0_1,1512,-7.314083419894792e-05,0.0007030195791045253
20260913,OD_PRODUCT,NATIVE,3,path_1_to_H,clip_0_1,1524,-0.006315403310450711,-0.00036415453993913236
20260913,OD_PRODUCT,NATIVE,3,path_1_to_H,clip_0_1,1536,-0.0027057795718307565,-0.00036991902981759595
20260913,OD_PRODUCT,NATIVE,3,path_1_to_H,clip_0_1,1548,0.006103880537364206,0.004298431836669424
20260913,OD_PRODUCT,NATIVE,12,terminal_H,raw,1392,-0.0006918400203367207,0.0026996132975441304
20260913,OD_PRODUCT,NATIVE,12,terminal_H,raw,1404,-0.009411484064929768,-0.0006828810508080247
20260913,OD_PRODUCT,NATIVE,12,terminal_H,raw,1416,-0.010342792141485209,-0.000657164341398832
20260913,OD_PRODUCT,NATIVE,12,terminal_H,raw,1428,-0.010389157592792596,-0.0009379880930175869
20260913,OD_PRODUCT,NATIVE,12,terminal_H,raw,1440,0.0014066725847199724,0.003029735374729487
20260913,OD_PRODUCT,NATIVE,12,terminal_H,raw,1452,-0.006025875513664621,-0.00017643240520782123
20260913,OD_PRODUCT,NATIVE,12,terminal_H,raw,1464,0.028788938997977184,0.018015376582392485
20260913,OD_PRODUCT,NATIVE,12,terminal_H,raw,1476,-0.040828286712574685,-0.009171483250527784
20260913,OD_PRODUCT,NATIVE,12,terminal_H,raw,1488,-0.031529732842655964,-0.003492046479625248
20260913,OD_PRODUCT,NATIVE,12,terminal_H,raw,1500,-0.023278762906181652,0.00030617810338566043
20260913,OD_PRODUCT,NATIVE,12,terminal_H,raw,1512,0.021473619772802755,0.007879752207398965
20260913,OD_PRODUCT,NATIVE,12,terminal_H,raw,1524,-0.03942265738731433,-0.015839341077838503
20260913,OD_PRODUCT,NATIVE,12,terminal_H,raw,1536,0.0031477310616147072,0.0014451934236464111
20260913,OD_PRODUCT,NATIVE,12,terminal_H,raw,1548,-0.02434746203647934,-0.006081269110483409
20260913,OD_PRODUCT,NATIVE,12,terminal_H,clip_0_1,1392,-0.0006918400203367207,0.0026996132975441304
20260913,OD_PRODUCT,NATIVE,12,terminal_H,clip_0_1,1404,-0.009411484064929768,-0.0006828810508080247
20260913,OD_PRODUCT,NATIVE,12,terminal_H,clip_0_1,1416,-0.010342792141485209,-0.000657164341398832
20260913,OD_PRODUCT,NATIVE,12,terminal_H,clip_0_1,1428,-0.010293332747819964,-0.0009307885502587715
20260913,OD_PRODUCT,NATIVE,12,terminal_H,clip_0_1,1440,0.0014546459970564397,0.003043161183633161
20260913,OD_PRODUCT,NATIVE,12,terminal_H,clip_0_1,1452,-0.005958718173862429,-0.00017518058010499135
20260913,OD_PRODUCT,NATIVE,12,terminal_H,clip_0_1,1464,0.028787704524824587,0.018015376336579302
20260913,OD_PRODUCT,NATIVE,12,terminal_H,clip_0_1,1476,-0.04084243690818636,-0.00917216627120418
20260913,OD_PRODUCT,NATIVE,12,terminal_H,clip_0_1,1488,-0.03152973289645428,-0.0034920464796252483
20260913,OD_PRODUCT,NATIVE,12,terminal_H,clip_0_1,1500,-0.02327876294714742,0.0003061781033856602
20260913,OD_PRODUCT,NATIVE,12,terminal_H,clip_0_1,1512,0.021473619735000622,0.007879752192698136
20260913,OD_PRODUCT,NATIVE,12,terminal_H,clip_0_1,1524,-0.03942265738731433,-0.015839341077838503
20260913,OD_PRODUCT,NATIVE,12,terminal_H,clip_0_1,1536,0.0031477310616147072,0.0014451934236464111
20260913,OD_PRODUCT,NATIVE,12,terminal_H,clip_0_1,1548,-0.02418306128513638,-0.006057797421452329
20260913,OD_PRODUCT,NATIVE,12,path_1_to_H,raw,1392,-0.006400376991200745,0.0006350018927631402
20260913,OD_PRODUCT,NATIVE,12,path_1_to_H,raw,1404,-0.009014823853486276,-0.0005688891762171905
20260913,OD_PRODUCT,NATIVE,12,path_1_to_H,raw,1416,-0.013697087308416744,-0.0010463632962036753
20260913,OD_PRODUCT,NATIVE,12,path_1_to_H,raw,1428,-0.01071957378398109,-0.000828325120111018
20260913,OD_PRODUCT,NATIVE,12,path_1_to_H,raw,1440,-0.0073375583629080735,0.00021776117576029032
20260913,OD_PRODUCT,NATIVE,12,path_1_to_H,raw,1452,-0.007687411825145453,-0.00042017912002799375
20260913,OD_PRODUCT,NATIVE,12,path_1_to_H,raw,1464,0.02101050328997746,0.013858150457944694
20260913,OD_PRODUCT,NATIVE,12,path_1_to_H,raw,1476,-0.04401948733547241,-0.0073271845489216525
20260913,OD_PRODUCT,NATIVE,12,path_1_to_H,raw,1488,-0.018618420912927303,-0.0011670949753360862
20260913,OD_PRODUCT,NATIVE,12,path_1_to_H,raw,1500,-0.016074037619926207,-0.0011252522724291623
20260913,OD_PRODUCT,NATIVE,12,path_1_to_H,raw,1512,0.0078232129207797,0.004092124909404049
20260913,OD_PRODUCT,NATIVE,12,path_1_to_H,raw,1524,-0.024733166430431153,-0.007904269572897403
20260913,OD_PRODUCT,NATIVE,12,path_1_to_H,raw,1536,-0.0008557912682101613,0.000480416555132956
20260913,OD_PRODUCT,NATIVE,12,path_1_to_H,raw,1548,-0.0007757900867166047,0.0009167764279691213
20260913,OD_PRODUCT,NATIVE,12,path_1_to_H,clip_0_1,1392,-0.006354591491393708,0.0006379157132791953
20260913,OD_PRODUCT,NATIVE,12,path_1_to_H,clip_0_1,1404,-0.009013289936621418,-0.000568875689198446
20260913,OD_PRODUCT,NATIVE,12,path_1_to_H,clip_0_1,1416,-0.013634235642541973,-0.0010438713983573896
20260913,OD_PRODUCT,NATIVE,12,path_1_to_H,clip_0_1,1428,-0.01067558665695472,-0.0008243992350230513
20260913,OD_PRODUCT,NATIVE,12,path_1_to_H,clip_0_1,1440,-0.007251744270003334,0.00022516491098427817
20260913,OD_PRODUCT,NATIVE,12,path_1_to_H,clip_0_1,1452,-0.007649865998874359,-0.00041936703783752724
20260913,OD_PRODUCT,NATIVE,12,path_1_to_H,clip_0_1,1464,0.021062973349086616,0.013859830494293538
20260913,OD_PRODUCT,NATIVE,12,path_1_to_H,clip_0_1,1476,-0.04475386523970725,-0.007338554897566366
20260913,OD_PRODUCT,NATIVE,12,path_1_to_H,clip_0_1,1488,-0.01856582072921874,-0.0011660192021700922
20260913,OD_PRODUCT,NATIVE,12,path_1_to_H,clip_0_1,1500,-0.016051821701386606,-0.0011233026350867064
20260913,OD_PRODUCT,NATIVE,12,path_1_to_H,clip_0_1,1512,0.007850129906222632,0.004104572783416979
20260913,OD_PRODUCT,NATIVE,12,path_1_to_H,clip_0_1,1524,-0.024732932566429257,-0.007904266740326902
20260913,OD_PRODUCT,NATIVE,12,path_1_to_H,clip_0_1,1536,-0.0008559233373711538,0.00048038527871665463
20260913,OD_PRODUCT,NATIVE,12,path_1_to_H,clip_0_1,1548,-0.0007460367423259425,0.0009227151855268658
20260914,OD_PRODUCT,BASE_OD,3,terminal_H,raw,1392,0.0002519138897552518,0.0004293694459935232
20260914,OD_PRODUCT,BASE_OD,3,terminal_H,raw,1404,-0.0011875788460491417,-2.8531646772518102e-05
20260914,OD_PRODUCT,BASE_OD,3,terminal_H,raw,1416,-0.005497033324838975,-0.00037060399389901154
20260914,OD_PRODUCT,BASE_OD,3,terminal_H,raw,1428,-0.003197749345560522,-0.0004013098722170396
20260914,OD_PRODUCT,BASE_OD,3,terminal_H,raw,1440,0.00032072227570926977,1.69008338897973e-05
20260914,OD_PRODUCT,BASE_OD,3,terminal_H,raw,1452,0.0002301003241176891,-3.58086331323127e-05
20260914,OD_PRODUCT,BASE_OD,3,terminal_H,raw,1464,0.007307580171334671,0.005556935079560177
20260914,OD_PRODUCT,BASE_OD,3,terminal_H,raw,1476,0.000838608506331657,-0.0001843294568548512
20260914,OD_PRODUCT,BASE_OD,3,terminal_H,raw,1488,-0.0005202301145482115,-1.669490538375022e-05
20260914,OD_PRODUCT,BASE_OD,3,terminal_H,raw,1500,0.004788444813855092,0.0004521618523233176
20260914,OD_PRODUCT,BASE_OD,3,terminal_H,raw,1512,-0.002675054934966556,-0.00118108497981705
20260914,OD_PRODUCT,BASE_OD,3,terminal_H,raw,1524,0.0001855532565449356,0.00016173045554343003
20260914,OD_PRODUCT,BASE_OD,3,terminal_H,raw,1536,-0.001860656402261637,-9.742309232096276e-05
20260914,OD_PRODUCT,BASE_OD,3,terminal_H,raw,1548,0.002729637507712982,0.0007624399875740017
20260914,OD_PRODUCT,BASE_OD,3,terminal_H,clip_0_1,1392,0.00032749508815097054,0.0004309403883200297
20260914,OD_PRODUCT,BASE_OD,3,terminal_H,clip_0_1,1404,-0.0011875788460491417,-2.8531646772518102e-05
20260914,OD_PRODUCT,BASE_OD,3,terminal_H,clip_0_1,1416,-0.005469466718147219,-0.0003685488137430894
20260914,OD_PRODUCT,BASE_OD,3,terminal_H,clip_0_1,1428,-0.003197749345560522,-0.0004013098722170396
20260914,OD_PRODUCT,BASE_OD,3,terminal_H,clip_0_1,1440,0.00047843922265172534,2.0201380547678122e-05
20260914,OD_PRODUCT,BASE_OD,3,terminal_H,clip_0_1,1452,0.00018589701929170845,-3.6286663795549476e-05
20260914,OD_PRODUCT,BASE_OD,3,terminal_H,clip_0_1,1464,0.0072825524927747284,0.005551613491791949
20260914,OD_PRODUCT,BASE_OD,3,terminal_H,clip_0_1,1476,0.0008286357763574847,-0.00018451365987648532
20260914,OD_PRODUCT,BASE_OD,3,terminal_H,clip_0_1,1488,-0.0005194469216696573,-1.6694736701201863e-05
20260914,OD_PRODUCT,BASE_OD,3,terminal_H,clip_0_1,1500,0.0047980824327482725,0.00045756813922606475
20260914,OD_PRODUCT,BASE_OD,3,terminal_H,clip_0_1,1512,-0.002607888073133605,-0.0011460840909073419
20260914,OD_PRODUCT,BASE_OD,3,terminal_H,clip_0_1,1524,0.0001855532565449356,0.00016173045554343003
20260914,OD_PRODUCT,BASE_OD,3,terminal_H,clip_0_1,1536,-0.001860656402261637,-9.742309232096276e-05
20260914,OD_PRODUCT,BASE_OD,3,terminal_H,clip_0_1,1548,0.002729637507712982,0.0007624399875740017
20260914,OD_PRODUCT,BASE_OD,3,path_1_to_H,raw,1392,-0.00018833794586502466,0.00031075665394043314
20260914,OD_PRODUCT,BASE_OD,3,path_1_to_H,raw,1404,-0.0010606923779491579,-7.331666825650023e-05
20260914,OD_PRODUCT,BASE_OD,3,path_1_to_H,raw,1416,-0.004514520208241658,-0.0002748291510210339
20260914,OD_PRODUCT,BASE_OD,3,path_1_to_H,raw,1428,-0.0018627964195936167,-0.0001448032424212293
20260914,OD_PRODUCT,BASE_OD,3,path_1_to_H,raw,1440,-9.259054614135551e-05,5.7555393366786126e-05
20260914,OD_PRODUCT,BASE_OD,3,path_1_to_H,raw,1452,0.0005138672823969855,8.905550486946297e-05
20260914,OD_PRODUCT,BASE_OD,3,path_1_to_H,raw,1464,0.004856907877470061,0.003608234024979921
20260914,OD_PRODUCT,BASE_OD,3,path_1_to_H,raw,1476,-0.00028738313371169,-0.00023408570297697986
20260914,OD_PRODUCT,BASE_OD,3,path_1_to_H,raw,1488,-0.0006081819431029531,5.0228933170050734e-05
20260914,OD_PRODUCT,BASE_OD,3,path_1_to_H,raw,1500,0.0040544810135055565,0.000379413674474591
20260914,OD_PRODUCT,BASE_OD,3,path_1_to_H,raw,1512,-0.0013909544717148684,-0.000701313716101512
20260914,OD_PRODUCT,BASE_OD,3,path_1_to_H,raw,1524,-0.0002158268585417907,9.497097962676215e-05
20260914,OD_PRODUCT,BASE_OD,3,path_1_to_H,raw,1536,-0.00043129693263541254,-3.0377838759165456e-05
20260914,OD_PRODUCT,BASE_OD,3,path_1_to_H,raw,1548,0.001647696488670418,0.0002222959471860389
20260914,OD_PRODUCT,BASE_OD,3,path_1_to_H,clip_0_1,1392,-0.0001327654026432777,0.0003115587951994298
20260914,OD_PRODUCT,BASE_OD,3,path_1_to_H,clip_0_1,1404,-0.001037865798942374,-7.111081988418867e-05
20260914,OD_PRODUCT,BASE_OD,3,path_1_to_H,clip_0_1,1416,-0.0044867171948945175,-0.000273900953977316
20260914,OD_PRODUCT,BASE_OD,3,path_1_to_H,clip_0_1,1428,-0.0018639813127172195,-0.00014480440069789365
20260914,OD_PRODUCT,BASE_OD,3,path_1_to_H,clip_0_1,1440,3.9815731234549526e-05,5.990779303580896e-05
20260914,OD_PRODUCT,BASE_OD,3,path_1_to_H,clip_0_1,1452,0.0004838643766631673,8.87687581286036e-05
20260914,OD_PRODUCT,BASE_OD,3,path_1_to_H,clip_0_1,1464,0.004837129371480796,0.0036061083660834763
20260914,OD_PRODUCT,BASE_OD,3,path_1_to_H,clip_0_1,1476,-0.0003135309777881069,-0.0002343439176336974
20260914,OD_PRODUCT,BASE_OD,3,path_1_to_H,clip_0_1,1488,-0.0005579486363711333,5.0929753505235644e-05
20260914,OD_PRODUCT,BASE_OD,3,path_1_to_H,clip_0_1,1500,0.004047042429076526,0.00038183281385538193
20260914,OD_PRODUCT,BASE_OD,3,path_1_to_H,clip_0_1,1512,-0.001302811779018539,-0.0006719186671829425
20260914,OD_PRODUCT,BASE_OD,3,path_1_to_H,clip_0_1,1524,-0.0002303864490511095,9.479609474422794e-05
20260914,OD_PRODUCT,BASE_OD,3,path_1_to_H,clip_0_1,1536,-0.00043129693263541254,-3.0377838759165456e-05
20260914,OD_PRODUCT,BASE_OD,3,path_1_to_H,clip_0_1,1548,0.001647696488670418,0.0002222959471860389
20260914,OD_PRODUCT,BASE_OD,6,terminal_H,raw,1392,0.0032959580011600025,0.00058972092070322
20260914,OD_PRODUCT,BASE_OD,6,terminal_H,raw,1404,-0.005109543285427204,-0.0005991966025748898
20260914,OD_PRODUCT,BASE_OD,6,terminal_H,raw,1416,-0.014582163925825023,-0.0015708038940801163
20260914,OD_PRODUCT,BASE_OD,6,terminal_H,raw,1428,-0.0018907281311742016,-0.00012549920692697154
20260914,OD_PRODUCT,BASE_OD,6,terminal_H,raw,1440,-0.002264121331021779,-8.754199353093674e-05
20260914,OD_PRODUCT,BASE_OD,6,terminal_H,raw,1452,-0.005235218431103107,-0.0004009566709223975
20260914,OD_PRODUCT,BASE_OD,6,terminal_H,raw,1464,0.013574713556047623,0.009470372743864256
20260914,OD_PRODUCT,BASE_OD,6,terminal_H,raw,1476,-0.0008130050921169988,-0.0008931856864518139
20260914,OD_PRODUCT,BASE_OD,6,terminal_H,raw,1488,0.0037489256435535695,-9.186313530252055e-06
20260914,OD_PRODUCT,BASE_OD,6,terminal_H,raw,1500,0.007947200644534289,0.0011072671153827753
20260914,OD_PRODUCT,BASE_OD,6,terminal_H,raw,1512,-0.002354427754351206,-0.0018650355482740851
20260914,OD_PRODUCT,BASE_OD,6,terminal_H,raw,1524,-0.0015800695460537447,-0.0005974114561253726
20260914,OD_PRODUCT,BASE_OD,6,terminal_H,raw,1536,-0.0059164532813248,-0.0014478271334729946
20260914,OD_PRODUCT,BASE_OD,6,terminal_H,raw,1548,0.006384244565740064,0.0015685240641666266
20260914,OD_PRODUCT,BASE_OD,6,terminal_H,clip_0_1,1392,0.0034074215928633625,0.0005931375570789587
20260914,OD_PRODUCT,BASE_OD,6,terminal_H,clip_0_1,1404,-0.005109543285427204,-0.0005991966025748898
20260914,OD_PRODUCT,BASE_OD,6,terminal_H,clip_0_1,1416,-0.014291041306196142,-0.0015395722014840635
20260914,OD_PRODUCT,BASE_OD,6,terminal_H,clip_0_1,1428,-0.001932275221296464,-0.00012597390111881908
20260914,OD_PRODUCT,BASE_OD,6,terminal_H,clip_0_1,1440,-0.002037390228595363,-7.653565812771412e-05
20260914,OD_PRODUCT,BASE_OD,6,terminal_H,clip_0_1,1452,-0.005256845723315162,-0.00040108529935871455
20260914,OD_PRODUCT,BASE_OD,6,terminal_H,clip_0_1,1464,0.01359770563722769,0.009470446336813258
20260914,OD_PRODUCT,BASE_OD,6,terminal_H,clip_0_1,1476,-0.0008168228342012888,-0.0008932098781900995
20260914,OD_PRODUCT,BASE_OD,6,terminal_H,clip_0_1,1488,0.003966069447114172,-7.4367405954451805e-06
20260914,OD_PRODUCT,BASE_OD,6,terminal_H,clip_0_1,1500,0.007947200644534289,0.0011072671153827753
20260914,OD_PRODUCT,BASE_OD,6,terminal_H,clip_0_1,1512,-0.0023306344795494803,-0.0018553625552319836
20260914,OD_PRODUCT,BASE_OD,6,terminal_H,clip_0_1,1524,-0.0015800695460537447,-0.0005974114561253726
20260914,OD_PRODUCT,BASE_OD,6,terminal_H,clip_0_1,1536,-0.0059164532813248,-0.0014478271334729946
20260914,OD_PRODUCT,BASE_OD,6,terminal_H,clip_0_1,1548,0.006384244565740064,0.0015685240641666266
20260914,OD_PRODUCT,BASE_OD,6,path_1_to_H,raw,1392,0.0010545068563002924,0.00044940436656839086
20260914,OD_PRODUCT,BASE_OD,6,path_1_to_H,raw,1404,-0.002472569459453748,-0.00023394728057922102
20260914,OD_PRODUCT,BASE_OD,6,path_1_to_H,raw,1416,-0.008428031771014685,-0.0007699589931507719
20260914,OD_PRODUCT,BASE_OD,6,path_1_to_H,raw,1428,-0.0021939083415353634,-0.0001667397537658528
20260914,OD_PRODUCT,BASE_OD,6,path_1_to_H,raw,1440,-0.0007246648439184183,-2.3079938653704734e-05
20260914,OD_PRODUCT,BASE_OD,6,path_1_to_H,raw,1452,-0.0014574593656912107,-0.0001012776693315293
20260914,OD_PRODUCT,BASE_OD,6,path_1_to_H,raw,1464,0.00858703266340384,0.006006301447176651
20260914,OD_PRODUCT,BASE_OD,6,path_1_to_H,raw,1476,-0.0002573703994217238,-0.000433608086809458
20260914,OD_PRODUCT,BASE_OD,6,path_1_to_H,raw,1488,0.0008992154670458225,3.9755763091468074e-05
20260914,OD_PRODUCT,BASE_OD,6,path_1_to_H,raw,1500,0.005887092670338954,0.0007349803442675981
20260914,OD_PRODUCT,BASE_OD,6,path_1_to_H,raw,1512,-0.0015949372312796324,-0.0011041413909110862
20260914,OD_PRODUCT,BASE_OD,6,path_1_to_H,raw,1524,-0.0008276616698875477,-0.00032206439392367243
20260914,OD_PRODUCT,BASE_OD,6,path_1_to_H,raw,1536,-0.0018486822846171661,-0.0003299452553900585
20260914,OD_PRODUCT,BASE_OD,6,path_1_to_H,raw,1548,0.0034595986025625384,0.0006963221793711997
20260914,OD_PRODUCT,BASE_OD,6,path_1_to_H,clip_0_1,1392,0.0011381562878827476,0.0004515905373117095
20260914,OD_PRODUCT,BASE_OD,6,path_1_to_H,clip_0_1,1404,-0.0024611561699503567,-0.00023284435639306521
20260914,OD_PRODUCT,BASE_OD,6,path_1_to_H,clip_0_1,1416,-0.008292256616051413,-0.0007568504780925845
20260914,OD_PRODUCT,BASE_OD,6,path_1_to_H,clip_0_1,1428,-0.002201425303117542,-0.0001668194486028262
20260914,OD_PRODUCT,BASE_OD,6,path_1_to_H,clip_0_1,1440,-0.0005673865253216867,-1.846842916676074e-05
20260914,OD_PRODUCT,BASE_OD,6,path_1_to_H,clip_0_1,1452,-0.0014833678226162373,-0.00010148791555898045
20260914,OD_PRODUCT,BASE_OD,6,path_1_to_H,clip_0_1,1464,0.008567395219911195,0.006004937468806255
20260914,OD_PRODUCT,BASE_OD,6,path_1_to_H,clip_0_1,1476,-0.0002762042781538387,-0.00043378839368520146
20260914,OD_PRODUCT,BASE_OD,6,path_1_to_H,clip_0_1,1488,0.0010553830012267173,4.15807446310745e-05
20260914,OD_PRODUCT,BASE_OD,6,path_1_to_H,clip_0_1,1500,0.005887189527741437,0.0007365921382460961
20260914,OD_PRODUCT,BASE_OD,6,path_1_to_H,clip_0_1,1512,-0.0015373279151519432,-0.0010839612090286217
20260914,OD_PRODUCT,BASE_OD,6,path_1_to_H,clip_0_1,1524,-0.000834941465142207,-0.00032215183636493945
20260914,OD_PRODUCT,BASE_OD,6,path_1_to_H,clip_0_1,1536,-0.0018486822846171661,-0.0003299452553900585
20260914,OD_PRODUCT,BASE_OD,6,path_1_to_H,clip_0_1,1548,0.0034595986025625384,0.0006963221793711997
20260914,OD_PRODUCT,BASE_OD,9,terminal_H,raw,1392,0.004509831075137591,0.0010590597248343965
20260914,OD_PRODUCT,BASE_OD,9,terminal_H,raw,1404,-0.0026088917631716807,-0.0008946300310670833
20260914,OD_PRODUCT,BASE_OD,9,terminal_H,raw,1416,-0.014488197938789795,-0.0018590239444508003
20260914,OD_PRODUCT,BASE_OD,9,terminal_H,raw,1428,-0.0036066294668613656,-0.00047893559717859254
20260914,OD_PRODUCT,BASE_OD,9,terminal_H,raw,1440,0.0011380293281062135,0.00047199616484102546
20260914,OD_PRODUCT,BASE_OD,9,terminal_H,raw,1452,-0.004844776106082912,-0.0008007816569470851
20260914,OD_PRODUCT,BASE_OD,9,terminal_H,raw,1464,0.01412667540878511,0.008605959307259074
20260914,OD_PRODUCT,BASE_OD,9,terminal_H,raw,1476,0.0007731930290492531,-0.00020055723745046527
20260914,OD_PRODUCT,BASE_OD,9,terminal_H,raw,1488,0.00907124064790496,0.0011249345502890584
20260914,OD_PRODUCT,BASE_OD,9,terminal_H,raw,1500,0.008131095784208654,0.0012339374670083812
20260914,OD_PRODUCT,BASE_OD,9,terminal_H,raw,1512,-0.008500044890724296,-0.0031660922262133637
20260914,OD_PRODUCT,BASE_OD,9,terminal_H,raw,1524,-0.004969238939165482,-0.0016988836258463474
20260914,OD_PRODUCT,BASE_OD,9,terminal_H,raw,1536,-0.0016763849438280543,-0.00036393267917450664
20260914,OD_PRODUCT,BASE_OD,9,terminal_H,raw,1548,-0.00121269632112369,-0.00012254320650005704
20260914,OD_PRODUCT,BASE_OD,9,terminal_H,clip_0_1,1392,0.004509831075137591,0.0010590597248343965
20260914,OD_PRODUCT,BASE_OD,9,terminal_H,clip_0_1,1404,-0.0025934266236528883,-0.0008919867358385427
20260914,OD_PRODUCT,BASE_OD,9,terminal_H,clip_0_1,1416,-0.014411914796963035,-0.0018565431745175924
20260914,OD_PRODUCT,BASE_OD,9,terminal_H,clip_0_1,1428,-0.0034138826066082237,-0.000443515749309797
20260914,OD_PRODUCT,BASE_OD,9,terminal_H,clip_0_1,1440,0.001170895077336591,0.0004722932081459558
20260914,OD_PRODUCT,BASE_OD,9,terminal_H,clip_0_1,1452,-0.004866223479467691,-0.0008012786454876672
20260914,OD_PRODUCT,BASE_OD,9,terminal_H,clip_0_1,1464,0.014154148052845712,0.008606166862456287
20260914,OD_PRODUCT,BASE_OD,9,terminal_H,clip_0_1,1476,0.0008911418552080458,-0.00019673145791260007
20260914,OD_PRODUCT,BASE_OD,9,terminal_H,clip_0_1,1488,0.00907124064790496,0.0011249345502890584
20260914,OD_PRODUCT,BASE_OD,9,terminal_H,clip_0_1,1500,0.008131095784208654,0.0012339374670083812
20260914,OD_PRODUCT,BASE_OD,9,terminal_H,clip_0_1,1512,-0.0084908403928069,-0.0031651484776428823
20260914,OD_PRODUCT,BASE_OD,9,terminal_H,clip_0_1,1524,-0.004969238939165482,-0.0016988836258463474
20260914,OD_PRODUCT,BASE_OD,9,terminal_H,clip_0_1,1536,-0.0016763849438280543,-0.00036393267917450664
20260914,OD_PRODUCT,BASE_OD,9,terminal_H,clip_0_1,1548,-0.00121269632112369,-0.00012254320650005704
20260914,OD_PRODUCT,BASE_OD,9,path_1_to_H,raw,1392,0.0019110246679842561,0.0003058825362124597
20260914,OD_PRODUCT,BASE_OD,9,path_1_to_H,raw,1404,-0.0027953420023570327,-0.00035734592715643053
20260914,OD_PRODUCT,BASE_OD,9,path_1_to_H,raw,1416,-0.00959714009039795,-0.001011075797421318
20260914,OD_PRODUCT,BASE_OD,9,path_1_to_H,raw,1428,-0.0029602867863920998,-0.00025732895450041195
20260914,OD_PRODUCT,BASE_OD,9,path_1_to_H,raw,1440,-0.0007522417674826114,3.404322733373694e-05
20260914,OD_PRODUCT,BASE_OD,9,path_1_to_H,raw,1452,-0.0028705332868224297,-0.0002929039680902473
20260914,OD_PRODUCT,BASE_OD,9,path_1_to_H,raw,1464,0.010225799313308278,0.007019216535098329
20260914,OD_PRODUCT,BASE_OD,9,path_1_to_H,raw,1476,5.8742644235990436e-05,-0.0004224044928074408
20260914,OD_PRODUCT,BASE_OD,9,path_1_to_H,raw,1488,0.0033078786628486854,0.000305994005142681
20260914,OD_PRODUCT,BASE_OD,9,path_1_to_H,raw,1500,0.006783614462140387,0.0008874741961998797
20260914,OD_PRODUCT,BASE_OD,9,path_1_to_H,raw,1512,-0.003539275534253972,-0.0018244515557278948
20260914,OD_PRODUCT,BASE_OD,9,path_1_to_H,raw,1524,-0.0017595471678920236,-0.0005842857538950173
20260914,OD_PRODUCT,BASE_OD,9,path_1_to_H,raw,1536,-0.0012068694224308088,-0.00021651916758874776
20260914,OD_PRODUCT,BASE_OD,9,path_1_to_H,raw,1548,0.0027033432890372308,0.0005398240944480995
20260914,OD_PRODUCT,BASE_OD,9,path_1_to_H,clip_0_1,1392,0.0019805027208465806,0.0003076580425099692
20260914,OD_PRODUCT,BASE_OD,9,path_1_to_H,clip_0_1,1404,-0.002786014793852683,-0.0003563169448958222
20260914,OD_PRODUCT,BASE_OD,9,path_1_to_H,clip_0_1,1416,-0.009427729568779943,-0.0009935769296709714
20260914,OD_PRODUCT,BASE_OD,9,path_1_to_H,clip_0_1,1428,-0.002940610969107659,-0.00025199259125093556
20260914,OD_PRODUCT,BASE_OD,9,path_1_to_H,clip_0_1,1440,-0.0006066348518029292,3.854551815903203e-05
20260914,OD_PRODUCT,BASE_OD,9,path_1_to_H,clip_0_1,1452,-0.0028939619779892356,-0.0002931231589769053
20260914,OD_PRODUCT,BASE_OD,9,path_1_to_H,clip_0_1,1464,0.010226298138006237,0.007018410416108311
20260914,OD_PRODUCT,BASE_OD,9,path_1_to_H,clip_0_1,1476,7.111071562514087e-05,-0.00042186711406152035
20260914,OD_PRODUCT,BASE_OD,9,path_1_to_H,clip_0_1,1488,0.0034167377714618826,0.00030725968355097255
20260914,OD_PRODUCT,BASE_OD,9,path_1_to_H,clip_0_1,1500,0.006783679033742044,0.0008885487255188784
20260914,OD_PRODUCT,BASE_OD,9,path_1_to_H,clip_0_1,1512,-0.003499309831937721,-0.0018107851731700836
20260914,OD_PRODUCT,BASE_OD,9,path_1_to_H,clip_0_1,1524,-0.0017644003647284633,-0.000584344048855862
20260914,OD_PRODUCT,BASE_OD,9,path_1_to_H,clip_0_1,1536,-0.0012068694224308088,-0.00021651916758874776
20260914,OD_PRODUCT,BASE_OD,9,path_1_to_H,clip_0_1,1548,0.0027033432890372308,0.0005398240944480995
20260914,OD_PRODUCT,BASE_OD,12,terminal_H,raw,1392,0.0028366105539838196,0.0010746957728819608
20260914,OD_PRODUCT,BASE_OD,12,terminal_H,raw,1404,0.0007635982725767965,1.5795801441129207e-05
20260914,OD_PRODUCT,BASE_OD,12,terminal_H,raw,1416,-0.0057156510719732845,-0.0004726896310538729
20260914,OD_PRODUCT,BASE_OD,12,terminal_H,raw,1428,-0.0016427961152121846,-0.00035835070431213
20260914,OD_PRODUCT,BASE_OD,12,terminal_H,raw,1440,0.0013143661429454768,0.000221888159429538
20260914,OD_PRODUCT,BASE_OD,12,terminal_H,raw,1452,-0.0020500098235493544,-0.0005044148615099633
20260914,OD_PRODUCT,BASE_OD,12,terminal_H,raw,1464,0.010844210284670223,0.005873410093856886
20260914,OD_PRODUCT,BASE_OD,12,terminal_H,raw,1476,0.0015270732415591235,0.0002677540558558799
20260914,OD_PRODUCT,BASE_OD,12,terminal_H,raw,1488,0.011189674607957426,0.0018245730716559226
20260914,OD_PRODUCT,BASE_OD,12,terminal_H,raw,1500,0.004397722838218224,0.0006798500629934467
20260914,OD_PRODUCT,BASE_OD,12,terminal_H,raw,1512,-0.005707914350309319,-0.0013288789404155726
20260914,OD_PRODUCT,BASE_OD,12,terminal_H,raw,1524,-0.006295561264036759,-0.002040778778490889
20260914,OD_PRODUCT,BASE_OD,12,terminal_H,raw,1536,0.0017348195768940471,-2.981900643126473e-05
20260914,OD_PRODUCT,BASE_OD,12,terminal_H,raw,1548,-0.003667168590509099,-0.0006280534252615005
20260914,OD_PRODUCT,BASE_OD,12,terminal_H,clip_0_1,1392,0.0028366105539838196,0.0010746957728819608
20260914,OD_PRODUCT,BASE_OD,12,terminal_H,clip_0_1,1404,0.0007635982725767965,1.5795801441129207e-05
20260914,OD_PRODUCT,BASE_OD,12,terminal_H,clip_0_1,1416,-0.0057156510719732845,-0.0004726896310538729
20260914,OD_PRODUCT,BASE_OD,12,terminal_H,clip_0_1,1428,-0.0014537010426557927,-0.00033731163394099515
20260914,OD_PRODUCT,BASE_OD,12,terminal_H,clip_0_1,1440,0.0013143661429454768,0.000221888159429538
20260914,OD_PRODUCT,BASE_OD,12,terminal_H,clip_0_1,1452,-0.0020750072512702696,-0.0005051457655548448
20260914,OD_PRODUCT,BASE_OD,12,terminal_H,clip_0_1,1464,0.010852996755761745,0.005873431324427303
20260914,OD_PRODUCT,BASE_OD,12,terminal_H,clip_0_1,1476,0.0016085608574646286,0.00026958011953101974
20260914,OD_PRODUCT,BASE_OD,12,terminal_H,clip_0_1,1488,0.011189674607957426,0.0018245730716559226
20260914,OD_PRODUCT,BASE_OD,12,terminal_H,clip_0_1,1500,0.004415608262974278,0.0006816829517319826
20260914,OD_PRODUCT,BASE_OD,12,terminal_H,clip_0_1,1512,-0.005707914350309319,-0.0013288789404155726
20260914,OD_PRODUCT,BASE_OD,12,terminal_H,clip_0_1,1524,-0.006295561264036759,-0.002040778778490889
20260914,OD_PRODUCT,BASE_OD,12,terminal_H,clip_0_1,1536,0.0017348195768940471,-2.981900643126473e-05
20260914,OD_PRODUCT,BASE_OD,12,terminal_H,clip_0_1,1548,-0.0037502503803271228,-0.0006387945499855718
20260914,OD_PRODUCT,BASE_OD,12,path_1_to_H,raw,1392,0.00208528963932323,0.0004798458105682683
20260914,OD_PRODUCT,BASE_OD,12,path_1_to_H,raw,1404,-0.002180301640524917,-0.0002960540778405172
20260914,OD_PRODUCT,BASE_OD,12,path_1_to_H,raw,1416,-0.009450703041875693,-0.0009896705247264884
20260914,OD_PRODUCT,BASE_OD,12,path_1_to_H,raw,1428,-0.0025659269691680584,-0.00029106895914351105
20260914,OD_PRODUCT,BASE_OD,12,path_1_to_H,raw,1440,-6.636105329215335e-05,0.00010227260192206757
20260914,OD_PRODUCT,BASE_OD,12,path_1_to_H,raw,1452,-0.0029136163148150637,-0.0003481991738653743
20260914,OD_PRODUCT,BASE_OD,12,path_1_to_H,raw,1464,0.010975235056495133,0.007089217495599459
20260914,OD_PRODUCT,BASE_OD,12,path_1_to_H,raw,1476,0.0003255503254263556,-0.0002608928891264182
20260914,OD_PRODUCT,BASE_OD,12,path_1_to_H,raw,1488,0.005137229841097671,0.0006169722782505204
20260914,OD_PRODUCT,BASE_OD,12,path_1_to_H,raw,1500,0.006618008800491852,0.0009233603107632332
20260914,OD_PRODUCT,BASE_OD,12,path_1_to_H,raw,1512,-0.004302889563192146,-0.0017573497537770823
20260914,OD_PRODUCT,BASE_OD,12,path_1_to_H,raw,1524,-0.0025557121817513166,-0.0009472190167404271
20260914,OD_PRODUCT,BASE_OD,12,path_1_to_H,raw,1536,-0.001399768709585419,-0.00025207200019040297
20260914,OD_PRODUCT,BASE_OD,12,path_1_to_H,raw,1548,0.00146715574857105,0.00038752929320478793
20260914,OD_PRODUCT,BASE_OD,12,path_1_to_H,clip_0_1,1392,0.0021373981789699734,0.0004811774402914004
20260914,OD_PRODUCT,BASE_OD,12,path_1_to_H,clip_0_1,1404,-0.0021733062341466555,-0.00029528234114506094
20260914,OD_PRODUCT,BASE_OD,12,path_1_to_H,clip_0_1,1416,-0.00932364515066219,-0.0009765463739137285
20260914,OD_PRODUCT,BASE_OD,12,path_1_to_H,clip_0_1,1428,-0.0024988120244469883,-0.000278489394680115
20260914,OD_PRODUCT,BASE_OD,12,path_1_to_H,clip_0_1,1440,4.2844133467608275e-05,0.0001056493200410389
20260914,OD_PRODUCT,BASE_OD,12,path_1_to_H,clip_0_1,1452,-0.002936642562981109,-0.00034850839824556395
20260914,OD_PRODUCT,BASE_OD,12,path_1_to_H,clip_0_1,1464,0.010976341380942896,0.007088614675571145
20260914,OD_PRODUCT,BASE_OD,12,path_1_to_H,clip_0_1,1476,0.00035859490003212267,-0.0002598122380046028
20260914,OD_PRODUCT,BASE_OD,12,path_1_to_H,clip_0_1,1488,0.005218874172557567,0.0006179215370567391
20260914,OD_PRODUCT,BASE_OD,12,path_1_to_H,clip_0_1,1500,0.0066195476812560975,0.0009243189484806935
20260914,OD_PRODUCT,BASE_OD,12,path_1_to_H,clip_0_1,1512,-0.004266655332291251,-0.0017448433473778032
20260914,OD_PRODUCT,BASE_OD,12,path_1_to_H,clip_0_1,1524,-0.0025593520793786464,-0.0009472627379610608
20260914,OD_PRODUCT,BASE_OD,12,path_1_to_H,clip_0_1,1536,-0.001399768709585419,-0.00025207200019040297
20260914,OD_PRODUCT,BASE_OD,12,path_1_to_H,clip_0_1,1548,0.0014684137441241933,0.00038826027717063586
20260914,OD_PRODUCT,OD_SEPARABLE,3,terminal_H,raw,1392,-0.0019760416491141305,0.0001277956508731888
20260914,OD_PRODUCT,OD_SEPARABLE,3,terminal_H,raw,1404,0.001401565866801571,9.269466014117898e-05
20260914,OD_PRODUCT,OD_SEPARABLE,3,terminal_H,raw,1416,-0.001881856086542772,-0.0001621641047734646
20260914,OD_PRODUCT,OD_SEPARABLE,3,terminal_H,raw,1428,9.478704271435671e-05,-0.00020171675931736238
20260914,OD_PRODUCT,OD_SEPARABLE,3,terminal_H,raw,1440,0.004133735707537825,0.00022776498486955327
20260914,OD_PRODUCT,OD_SEPARABLE,3,terminal_H,raw,1452,0.002663971790245161,0.00021856112019436844
20260914,OD_PRODUCT,OD_SEPARABLE,3,terminal_H,raw,1464,0.001607492418279376,0.002410182822359491
20260914,OD_PRODUCT,OD_SEPARABLE,3,terminal_H,raw,1476,-0.0004020487475600266,-0.0004182905794515397
20260914,OD_PRODUCT,OD_SEPARABLE,3,terminal_H,raw,1488,-0.004000492605798453,-0.0004000148711291436
20260914,OD_PRODUCT,OD_SEPARABLE,3,terminal_H,raw,1500,0.0038626323223028857,0.0006619454320059677
20260914,OD_PRODUCT,OD_SEPARABLE,3,terminal_H,raw,1512,0.0011602709844554583,-3.1112702392304225e-06
20260914,OD_PRODUCT,OD_SEPARABLE,3,terminal_H,raw,1524,-0.00022833523841860693,6.041414078269729e-05
20260914,OD_PRODUCT,OD_SEPARABLE,3,terminal_H,raw,1536,-0.00047860800491412623,2.6165975054674945e-05
20260914,OD_PRODUCT,OD_SEPARABLE,3,terminal_H,raw,1548,0.0030729413140980493,0.0007199141003762006
20260914,OD_PRODUCT,OD_SEPARABLE,3,terminal_H,clip_0_1,1392,-0.00200557217432165,0.0001263282627290134
20260914,OD_PRODUCT,OD_SEPARABLE,3,terminal_H,clip_0_1,1404,0.001401565866801571,9.269466014117898e-05
20260914,OD_PRODUCT,OD_SEPARABLE,3,terminal_H,clip_0_1,1416,-0.0018462973999267788,-0.00016008853296978784
20260914,OD_PRODUCT,OD_SEPARABLE,3,terminal_H,clip_0_1,1428,6.085655186448188e-05,-0.00020203336082492363
20260914,OD_PRODUCT,OD_SEPARABLE,3,terminal_H,clip_0_1,1440,0.004214881660586184,0.00023001533282069128
20260914,OD_PRODUCT,OD_SEPARABLE,3,terminal_H,clip_0_1,1452,0.002663971790245161,0.00021856112019436844
20260914,OD_PRODUCT,OD_SEPARABLE,3,terminal_H,clip_0_1,1464,0.0016354107799754103,0.0024104268320412903
20260914,OD_PRODUCT,OD_SEPARABLE,3,terminal_H,clip_0_1,1476,-0.0003886478564415977,-0.00041812919351237143
20260914,OD_PRODUCT,OD_SEPARABLE,3,terminal_H,clip_0_1,1488,-0.004011885600158942,-0.0004000554738189073
20260914,OD_PRODUCT,OD_SEPARABLE,3,terminal_H,clip_0_1,1500,0.0038221053462884126,0.0006565214975770355
20260914,OD_PRODUCT,OD_SEPARABLE,3,terminal_H,clip_0_1,1512,0.0012265234354497253,3.152362438907894e-05
20260914,OD_PRODUCT,OD_SEPARABLE,3,terminal_H,clip_0_1,1524,-0.00022833523841860693,6.041414078269729e-05
20260914,OD_PRODUCT,OD_SEPARABLE,3,terminal_H,clip_0_1,1536,-0.00047860800491412623,2.6165975054674945e-05
20260914,OD_PRODUCT,OD_SEPARABLE,3,terminal_H,clip_0_1,1548,0.0030729413140980493,0.0007199141003762006
20260914,OD_PRODUCT,OD_SEPARABLE,3,path_1_to_H,raw,1392,-0.002680324053269662,1.438730577515257e-05
20260914,OD_PRODUCT,OD_SEPARABLE,3,path_1_to_H,raw,1404,0.0013597265565146715,6.447712328986684e-05
20260914,OD_PRODUCT,OD_SEPARABLE,3,path_1_to_H,raw,1416,-0.001377771972089823,-9.985575130969134e-05
20260914,OD_PRODUCT,OD_SEPARABLE,3,path_1_to_H,raw,1428,-0.0006982949289338182,-0.00015852074770478662
20260914,OD_PRODUCT,OD_SEPARABLE,3,path_1_to_H,raw,1440,0.001701918822082536,6.120701561408313e-05
20260914,OD_PRODUCT,OD_SEPARABLE,3,path_1_to_H,raw,1452,0.00312360465151092,0.00028879473267723733
20260914,OD_PRODUCT,OD_SEPARABLE,3,path_1_to_H,raw,1464,0.0004416883622106191,0.001092722295058452
20260914,OD_PRODUCT,OD_SEPARABLE,3,path_1_to_H,raw,1476,-0.0018657255001329682,-0.0004571308267689767
20260914,OD_PRODUCT,OD_SEPARABLE,3,path_1_to_H,raw,1488,-0.003606492510968495,-0.00022093034330276088
20260914,OD_PRODUCT,OD_SEPARABLE,3,path_1_to_H,raw,1500,0.002615647245256307,0.0003209801780699994
20260914,OD_PRODUCT,OD_SEPARABLE,3,path_1_to_H,raw,1512,0.0008530148972205705,9.236340641303396e-05
20260914,OD_PRODUCT,OD_SEPARABLE,3,path_1_to_H,raw,1524,4.3898062716574635e-05,6.392714674084129e-05
20260914,OD_PRODUCT,OD_SEPARABLE,3,path_1_to_H,raw,1536,-1.150754120815423e-05,3.814664246288756e-05
20260914,OD_PRODUCT,OD_SEPARABLE,3,path_1_to_H,raw,1548,0.0014203737026557554,0.00020711907952872767
20260914,OD_PRODUCT,OD_SEPARABLE,3,path_1_to_H,clip_0_1,1392,-0.0026948132374037172,1.3461954844089137e-05
20260914,OD_PRODUCT,OD_SEPARABLE,3,path_1_to_H,clip_0_1,1404,0.0013642031086100487,6.490855611557764e-05
20260914,OD_PRODUCT,OD_SEPARABLE,3,path_1_to_H,clip_0_1,1416,-0.0013514812672847786,-9.899233190822008e-05
20260914,OD_PRODUCT,OD_SEPARABLE,3,path_1_to_H,clip_0_1,1428,-0.0007191717424433345,-0.0001586542615966903
20260914,OD_PRODUCT,OD_SEPARABLE,3,path_1_to_H,clip_0_1,1440,0.001778182040109833,6.291015407566032e-05
20260914,OD_PRODUCT,OD_SEPARABLE,3,path_1_to_H,clip_0_1,1452,0.00312360465151092,0.00028879473267723733
20260914,OD_PRODUCT,OD_SEPARABLE,3,path_1_to_H,clip_0_1,1464,0.00046956919473618603,0.0010929339731560919
20260914,OD_PRODUCT,OD_SEPARABLE,3,path_1_to_H,clip_0_1,1476,-0.0018553275028799488,-0.00045703351879326694
20260914,OD_PRODUCT,OD_SEPARABLE,3,path_1_to_H,clip_0_1,1488,-0.0036023096805201343,-0.00022078166496863032
20260914,OD_PRODUCT,OD_SEPARABLE,3,path_1_to_H,clip_0_1,1500,0.0025564889655148412,0.0003155275882688022
20260914,OD_PRODUCT,OD_SEPARABLE,3,path_1_to_H,clip_0_1,1512,0.0008553334866164993,0.00010748462870687637
20260914,OD_PRODUCT,OD_SEPARABLE,3,path_1_to_H,clip_0_1,1524,3.5885665391299195e-05,6.387418296935037e-05
20260914,OD_PRODUCT,OD_SEPARABLE,3,path_1_to_H,clip_0_1,1536,-2.880248217524893e-05,3.789987260186694e-05
20260914,OD_PRODUCT,OD_SEPARABLE,3,path_1_to_H,clip_0_1,1548,0.0014203737026557554,0.00020711907952872767
20260914,OD_PRODUCT,OD_SEPARABLE,6,terminal_H,raw,1392,0.0013374166062117751,0.00040223807746905463
20260914,OD_PRODUCT,OD_SEPARABLE,6,terminal_H,raw,1404,-0.0012936728400870577,-0.00032740193047902315
20260914,OD_PRODUCT,OD_SEPARABLE,6,terminal_H,raw,1416,-0.008297819215633198,-0.0009675646311573807
20260914,OD_PRODUCT,OD_SEPARABLE,6,terminal_H,raw,1428,0.0014396651437392335,-0.00010443809333004319
20260914,OD_PRODUCT,OD_SEPARABLE,6,terminal_H,raw,1440,0.004095326790300404,0.0005040232484835415
20260914,OD_PRODUCT,OD_SEPARABLE,6,terminal_H,raw,1452,0.0006332782926913926,0.00014511600007764938
20260914,OD_PRODUCT,OD_SEPARABLE,6,terminal_H,raw,1464,0.009267776391475859,0.007012086324266373
20260914,OD_PRODUCT,OD_SEPARABLE,6,terminal_H,raw,1476,-0.005298849150603811,-0.0019543740674226005
20260914,OD_PRODUCT,OD_SEPARABLE,6,terminal_H,raw,1488,-0.001222452304801466,0.0002234455015220486
20260914,OD_PRODUCT,OD_SEPARABLE,6,terminal_H,raw,1500,-0.004386551945640142,-0.00045760090927764673
20260914,OD_PRODUCT,OD_SEPARABLE,6,terminal_H,raw,1512,0.013563487051154727,0.005992057084487165
20260914,OD_PRODUCT,OD_SEPARABLE,6,terminal_H,raw,1524,-0.00021162330731449726,-0.00035549127323111
20260914,OD_PRODUCT,OD_SEPARABLE,6,terminal_H,raw,1536,-0.002671401707151297,-0.0004760984460614465
20260914,OD_PRODUCT,OD_SEPARABLE,6,terminal_H,raw,1548,0.004578297224485261,0.0012106518107728036
20260914,OD_PRODUCT,OD_SEPARABLE,6,terminal_H,clip_0_1,1392,0.0013375049836441648,0.00040224349329746954
20260914,OD_PRODUCT,OD_SEPARABLE,6,terminal_H,clip_0_1,1404,-0.0012936728400870577,-0.00032740193047902315
20260914,OD_PRODUCT,OD_SEPARABLE,6,terminal_H,clip_0_1,1416,-0.008054893694197422,-0.0009369717526367426
20260914,OD_PRODUCT,OD_SEPARABLE,6,terminal_H,clip_0_1,1428,0.0014291809283988228,-0.00010446832099215186
20260914,OD_PRODUCT,OD_SEPARABLE,6,terminal_H,clip_0_1,1440,0.004130739858227334,0.0005082920674040333
20260914,OD_PRODUCT,OD_SEPARABLE,6,terminal_H,clip_0_1,1452,0.0006332782926913926,0.00014511600007764938
20260914,OD_PRODUCT,OD_SEPARABLE,6,terminal_H,clip_0_1,1464,0.009260050352006373,0.007012029411297379
20260914,OD_PRODUCT,OD_SEPARABLE,6,terminal_H,clip_0_1,1476,-0.005294392673265924,-0.001954355968550011
20260914,OD_PRODUCT,OD_SEPARABLE,6,terminal_H,clip_0_1,1488,-0.0013200513556159363,0.00022202522749375858
20260914,OD_PRODUCT,OD_SEPARABLE,6,terminal_H,clip_0_1,1500,-0.004408020298554956,-0.0004576792829276495
20260914,OD_PRODUCT,OD_SEPARABLE,6,terminal_H,clip_0_1,1512,0.013560155040824268,0.0059789357057902425
20260914,OD_PRODUCT,OD_SEPARABLE,6,terminal_H,clip_0_1,1524,-0.00021162330731449726,-0.00035549127323111
20260914,OD_PRODUCT,OD_SEPARABLE,6,terminal_H,clip_0_1,1536,-0.002671401707151297,-0.0004760984460614465
20260914,OD_PRODUCT,OD_SEPARABLE,6,terminal_H,clip_0_1,1548,0.004578297224485261,0.0012106518107728036
20260914,OD_PRODUCT,OD_SEPARABLE,6,path_1_to_H,raw,1392,-0.0009840086057716524,0.0002579916229119746
20260914,OD_PRODUCT,OD_SEPARABLE,6,path_1_to_H,raw,1404,0.0005066357146961623,-2.7095447724801536e-05
20260914,OD_PRODUCT,OD_SEPARABLE,6,path_1_to_H,raw,1416,-0.0037854570997066174,-0.0004016471190782725
20260914,OD_PRODUCT,OD_SEPARABLE,6,path_1_to_H,raw,1428,0.00037431971635966806,-0.00012841368051460866
20260914,OD_PRODUCT,OD_SEPARABLE,6,path_1_to_H,raw,1440,0.003773832560031488,0.0002945205057649241
20260914,OD_PRODUCT,OD_SEPARABLE,6,path_1_to_H,raw,1452,0.002245773110691195,0.0002396942540574878
20260914,OD_PRODUCT,OD_SEPARABLE,6,path_1_to_H,raw,1464,0.003722987091282337,0.0032395511201673086
20260914,OD_PRODUCT,OD_SEPARABLE,6,path_1_to_H,raw,1476,-0.0031431139283475545,-0.0010509899586480357
20260914,OD_PRODUCT,OD_SEPARABLE,6,path_1_to_H,raw,1488,-0.003257491790063327,-0.00012282656225335163
20260914,OD_PRODUCT,OD_SEPARABLE,6,path_1_to_H,raw,1500,0.0007544543279242993,0.0001684591099254378
20260914,OD_PRODUCT,OD_SEPARABLE,6,path_1_to_H,raw,1512,0.005554509254891086,0.0022184988302865983
20260914,OD_PRODUCT,OD_SEPARABLE,6,path_1_to_H,raw,1524,-3.831867725221365e-05,-3.750541376511386e-05
20260914,OD_PRODUCT,OD_SEPARABLE,6,path_1_to_H,raw,1536,-0.0007882602848796748,-5.660383095500178e-05
20260914,OD_PRODUCT,OD_SEPARABLE,6,path_1_to_H,raw,1548,0.003484505013243324,0.0006949602542764071
20260914,OD_PRODUCT,OD_SEPARABLE,6,path_1_to_H,clip_0_1,1392,-0.0009937858398347168,0.00025738772874045316
20260914,OD_PRODUCT,OD_SEPARABLE,6,path_1_to_H,clip_0_1,1404,0.000508873990743851,-2.687973131194613e-05
20260914,OD_PRODUCT,OD_SEPARABLE,6,path_1_to_H,clip_0_1,1416,-0.003666986334496676,-0.00038876344504541093
20260914,OD_PRODUCT,OD_SEPARABLE,6,path_1_to_H,clip_0_1,1428,0.00035363675686061335,-0.00012854740435846955
20260914,OD_PRODUCT,OD_SEPARABLE,6,path_1_to_H,clip_0_1,1440,0.003815883481685855,0.000296380299464387
20260914,OD_PRODUCT,OD_SEPARABLE,6,path_1_to_H,clip_0_1,1452,0.002245773110691195,0.0002396942540574878
20260914,OD_PRODUCT,OD_SEPARABLE,6,path_1_to_H,clip_0_1,1464,0.0037316751935676726,0.003239610540825119
20260914,OD_PRODUCT,OD_SEPARABLE,6,path_1_to_H,clip_0_1,1476,-0.0031377529171682673,-0.0010509431115734837
20260914,OD_PRODUCT,OD_SEPARABLE,6,path_1_to_H,clip_0_1,1488,-0.003272839924215759,-0.00012291418805689645
20260914,OD_PRODUCT,OD_SEPARABLE,6,path_1_to_H,clip_0_1,1500,0.0007159984247605816,0.00016476958016336718
20260914,OD_PRODUCT,OD_SEPARABLE,6,path_1_to_H,clip_0_1,1512,0.005560974985264891,0.002226458615113929
20260914,OD_PRODUCT,OD_SEPARABLE,6,path_1_to_H,clip_0_1,1524,-4.2324875914851376e-05,-3.753189565085932e-05
20260914,OD_PRODUCT,OD_SEPARABLE,6,path_1_to_H,clip_0_1,1536,-0.0007969077553632221,-5.672721588551208e-05
20260914,OD_PRODUCT,OD_SEPARABLE,6,path_1_to_H,clip_0_1,1548,0.003484505013243324,0.0006949602542764071
20260914,OD_PRODUCT,OD_SEPARABLE,9,terminal_H,raw,1392,0.0019954203647620503,0.0007203112484819465
20260914,OD_PRODUCT,OD_SEPARABLE,9,terminal_H,raw,1404,-0.001427551426389592,-0.0005629921253476803
20260914,OD_PRODUCT,OD_SEPARABLE,9,terminal_H,raw,1416,-0.007737438757199489,-0.001053538792835037
20260914,OD_PRODUCT,OD_SEPARABLE,9,terminal_H,raw,1428,5.67074907831867e-05,-0.00024188156787194906
20260914,OD_PRODUCT,OD_SEPARABLE,9,terminal_H,raw,1440,0.0003519943093347135,0.00030453026699040625
20260914,OD_PRODUCT,OD_SEPARABLE,9,terminal_H,raw,1452,-0.0017706002363663863,-0.0004838639158995812
20260914,OD_PRODUCT,OD_SEPARABLE,9,terminal_H,raw,1464,0.01174360386911408,0.007292523391859458
20260914,OD_PRODUCT,OD_SEPARABLE,9,terminal_H,raw,1476,-3.864920497560123e-05,-0.0013963263243326782
20260914,OD_PRODUCT,OD_SEPARABLE,9,terminal_H,raw,1488,-0.004853840759197504,-0.0005420766053552417
20260914,OD_PRODUCT,OD_SEPARABLE,9,terminal_H,raw,1500,0.003744995978988577,0.000246113563212397
20260914,OD_PRODUCT,OD_SEPARABLE,9,terminal_H,raw,1512,0.004963755976757866,0.0009562444171640928
20260914,OD_PRODUCT,OD_SEPARABLE,9,terminal_H,raw,1524,-0.005410278729312709,-0.0018000695680528863
20260914,OD_PRODUCT,OD_SEPARABLE,9,terminal_H,raw,1536,-0.0015939784711432765,-0.0003600605758843979
20260914,OD_PRODUCT,OD_SEPARABLE,9,terminal_H,raw,1548,-0.005353831334054874,-0.0013727301147884864
20260914,OD_PRODUCT,OD_SEPARABLE,9,terminal_H,clip_0_1,1392,0.0019954203647620503,0.0007203112484819465
20260914,OD_PRODUCT,OD_SEPARABLE,9,terminal_H,clip_0_1,1404,-0.0014120862868707996,-0.0005603488301191397
20260914,OD_PRODUCT,OD_SEPARABLE,9,terminal_H,clip_0_1,1416,-0.007697474912667178,-0.0010514207730247188
20260914,OD_PRODUCT,OD_SEPARABLE,9,terminal_H,clip_0_1,1428,0.0002635152205543747,-0.00020627301148886217
20260914,OD_PRODUCT,OD_SEPARABLE,9,terminal_H,clip_0_1,1440,0.0003432862061981307,0.0003043520043651634
20260914,OD_PRODUCT,OD_SEPARABLE,9,terminal_H,clip_0_1,1452,-0.0018482602185383122,-0.0004868639935363209
20260914,OD_PRODUCT,OD_SEPARABLE,9,terminal_H,clip_0_1,1464,0.01173429299153651,0.00729254363117713
20260914,OD_PRODUCT,OD_SEPARABLE,9,terminal_H,clip_0_1,1476,-4.905671679589622e-06,-0.001395666387965705
20260914,OD_PRODUCT,OD_SEPARABLE,9,terminal_H,clip_0_1,1488,-0.004853840759197504,-0.0005420766053552417
20260914,OD_PRODUCT,OD_SEPARABLE,9,terminal_H,clip_0_1,1500,0.0037336820290527198,0.00024557551947848295
20260914,OD_PRODUCT,OD_SEPARABLE,9,terminal_H,clip_0_1,1512,0.004968504383461356,0.0009565885596024499
20260914,OD_PRODUCT,OD_SEPARABLE,9,terminal_H,clip_0_1,1524,-0.005410278729312709,-0.0018000695680528863
20260914,OD_PRODUCT,OD_SEPARABLE,9,terminal_H,clip_0_1,1536,-0.0015939784711432765,-0.0003600605758843979
20260914,OD_PRODUCT,OD_SEPARABLE,9,terminal_H,clip_0_1,1548,-0.005353831334054874,-0.0013727301147884864
20260914,OD_PRODUCT,OD_SEPARABLE,9,path_1_to_H,raw,1392,-0.00028633079790077627,0.00015734064273600787
20260914,OD_PRODUCT,OD_SEPARABLE,9,path_1_to_H,raw,1404,0.00010922133788856816,-0.00011041969712551889
20260914,OD_PRODUCT,OD_SEPARABLE,9,path_1_to_H,raw,1416,-0.004943651573541706,-0.0006275113194727229
20260914,OD_PRODUCT,OD_SEPARABLE,9,path_1_to_H,raw,1428,0.0008486907144724942,-3.0334286399613404e-05
20260914,OD_PRODUCT,OD_SEPARABLE,9,path_1_to_H,raw,1440,0.0020106839644667856,0.0002427393689307879
20260914,OD_PRODUCT,OD_SEPARABLE,9,path_1_to_H,raw,1452,0.001052479889758881,7.851086384461302e-05
20260914,OD_PRODUCT,OD_SEPARABLE,9,path_1_to_H,raw,1464,0.005961765937113793,0.004556049039249892
20260914,OD_PRODUCT,OD_SEPARABLE,9,path_1_to_H,raw,1476,-0.0024321529189020585,-0.0012321878788704144
20260914,OD_PRODUCT,OD_SEPARABLE,9,path_1_to_H,raw,1488,-0.0031326856345056833,-0.00018159016161750215
20260914,OD_PRODUCT,OD_SEPARABLE,9,path_1_to_H,raw,1500,0.0012801896907796908,0.00017939023160209823
20260914,OD_PRODUCT,OD_SEPARABLE,9,path_1_to_H,raw,1512,0.005715265338117013,0.0020992321756502547
20260914,OD_PRODUCT,OD_SEPARABLE,9,path_1_to_H,raw,1524,-0.0012354989123535866,-0.00042162374271518247
20260914,OD_PRODUCT,OD_SEPARABLE,9,path_1_to_H,raw,1536,-0.0006971745787509823,-0.00012034238635346759
20260914,OD_PRODUCT,OD_SEPARABLE,9,path_1_to_H,raw,1548,0.002573038340507195,0.0004744074947793871
20260914,OD_PRODUCT,OD_SEPARABLE,9,path_1_to_H,clip_0_1,1392,-0.0002953885590205008,0.00015689654302366066
20260914,OD_PRODUCT,OD_SEPARABLE,9,path_1_to_H,clip_0_1,1404,0.00011243187075578193,-0.00010998218671377746
20260914,OD_PRODUCT,OD_SEPARABLE,9,path_1_to_H,clip_0_1,1416,-0.00479658233165741,-0.0006102667038387924
20260914,OD_PRODUCT,OD_SEPARABLE,9,path_1_to_H,clip_0_1,1428,0.0008610995735215341,-2.500179524759131e-05
20260914,OD_PRODUCT,OD_SEPARABLE,9,path_1_to_H,clip_0_1,1440,0.002054864307816114,0.00024506078986825063
20260914,OD_PRODUCT,OD_SEPARABLE,9,path_1_to_H,clip_0_1,1452,0.0010300287306255907,7.781448770905684e-05
20260914,OD_PRODUCT,OD_SEPARABLE,9,path_1_to_H,clip_0_1,1464,0.005963041909226476,0.004556006122687079
20260914,OD_PRODUCT,OD_SEPARABLE,9,path_1_to_H,clip_0_1,1476,-0.0024174866761437408,-0.0012320564963345364
20260914,OD_PRODUCT,OD_SEPARABLE,9,path_1_to_H,clip_0_1,1488,-0.003147054185886514,-0.00018190396086680284
20260914,OD_PRODUCT,OD_SEPARABLE,9,path_1_to_H,clip_0_1,1500,0.001250577454705453,0.00017672038990410952
20260914,OD_PRODUCT,OD_SEPARABLE,9,path_1_to_H,clip_0_1,1512,0.005720640195351352,0.002104685003934407
20260914,OD_PRODUCT,OD_SEPARABLE,9,path_1_to_H,clip_0_1,1524,-0.0012381697114620118,-0.0004216413973056795
20260914,OD_PRODUCT,OD_SEPARABLE,9,path_1_to_H,clip_0_1,1536,-0.0007029395590733472,-0.0001204246429738078
20260914,OD_PRODUCT,OD_SEPARABLE,9,path_1_to_H,clip_0_1,1548,0.002573038340507195,0.0004744074947793871
20260914,OD_PRODUCT,OD_SEPARABLE,12,terminal_H,raw,1392,-0.00016271263908331022,0.0005664209752253986
20260914,OD_PRODUCT,OD_SEPARABLE,12,terminal_H,raw,1404,0.0009211793821447995,0.0002029750597829793
20260914,OD_PRODUCT,OD_SEPARABLE,12,terminal_H,raw,1416,-0.0014591636505937409,7.093336927138069e-05
20260914,OD_PRODUCT,OD_SEPARABLE,12,terminal_H,raw,1428,-0.0005357527975857993,-0.0002980839109969369
20260914,OD_PRODUCT,OD_SEPARABLE,12,terminal_H,raw,1440,0.00260427112813991,0.0001609018391983338
20260914,OD_PRODUCT,OD_SEPARABLE,12,terminal_H,raw,1452,0.0037786200339701846,0.00018304614010691955
20260914,OD_PRODUCT,OD_SEPARABLE,12,terminal_H,raw,1464,0.0064449986022721084,0.004083992488163344
20260914,OD_PRODUCT,OD_SEPARABLE,12,terminal_H,raw,1476,0.0005910553758199975,-0.0013194923700857175
20260914,OD_PRODUCT,OD_SEPARABLE,12,terminal_H,raw,1488,-0.0005412609448241313,1.7115593952967035e-05
20260914,OD_PRODUCT,OD_SEPARABLE,12,terminal_H,raw,1500,-0.0023687472552556543,3.490825645515672e-05
20260914,OD_PRODUCT,OD_SEPARABLE,12,terminal_H,raw,1512,0.004331914789420052,0.0012468525153204756
20260914,OD_PRODUCT,OD_SEPARABLE,12,terminal_H,raw,1524,-0.007184485215935195,-0.002587089472656984
20260914,OD_PRODUCT,OD_SEPARABLE,12,terminal_H,raw,1536,0.0014848006421081098,0.0003322400947826722
20260914,OD_PRODUCT,OD_SEPARABLE,12,terminal_H,raw,1548,-0.00711715583571096,-0.001646317822123208
20260914,OD_PRODUCT,OD_SEPARABLE,12,terminal_H,clip_0_1,1392,-0.00016271263908331022,0.0005664209752253986
20260914,OD_PRODUCT,OD_SEPARABLE,12,terminal_H,clip_0_1,1404,0.0009211793821447995,0.0002029750597829793
20260914,OD_PRODUCT,OD_SEPARABLE,12,terminal_H,clip_0_1,1416,-0.0014591636505937409,7.093336927138069e-05
20260914,OD_PRODUCT,OD_SEPARABLE,12,terminal_H,clip_0_1,1428,-0.00037800958530337543,-0.00027964624918049453
20260914,OD_PRODUCT,OD_SEPARABLE,12,terminal_H,clip_0_1,1440,0.00260427112813991,0.0001609018391983338
20260914,OD_PRODUCT,OD_SEPARABLE,12,terminal_H,clip_0_1,1452,0.0037369095569865073,0.0001816348553237236
20260914,OD_PRODUCT,OD_SEPARABLE,12,terminal_H,clip_0_1,1464,0.00645378507336363,0.004084013718733759
20260914,OD_PRODUCT,OD_SEPARABLE,12,terminal_H,clip_0_1,1476,0.0006589616302144854,-0.0013177170310902132
20260914,OD_PRODUCT,OD_SEPARABLE,12,terminal_H,clip_0_1,1488,-0.0005412609448241313,1.7115593952967035e-05
20260914,OD_PRODUCT,OD_SEPARABLE,12,terminal_H,clip_0_1,1500,-0.0023508618304996006,3.674114519369271e-05
20260914,OD_PRODUCT,OD_SEPARABLE,12,terminal_H,clip_0_1,1512,0.004331914789420052,0.0012468525153204756
20260914,OD_PRODUCT,OD_SEPARABLE,12,terminal_H,clip_0_1,1524,-0.007184485215935195,-0.002587089472656984
20260914,OD_PRODUCT,OD_SEPARABLE,12,terminal_H,clip_0_1,1536,0.0014848006421081098,0.0003322400947826722
20260914,OD_PRODUCT,OD_SEPARABLE,12,terminal_H,clip_0_1,1548,-0.007074414510720537,-0.0016404298710090766
20260914,OD_PRODUCT,OD_SEPARABLE,12,path_1_to_H,raw,1392,-5.178132397671492e-05,0.00028910781806102987
20260914,OD_PRODUCT,OD_SEPARABLE,12,path_1_to_H,raw,1404,-0.00012073738109507105,-0.000116137065867692
20260914,OD_PRODUCT,OD_SEPARABLE,12,path_1_to_H,raw,1416,-0.004716289351583911,-0.0005613451661265215
20260914,OD_PRODUCT,OD_SEPARABLE,12,path_1_to_H,raw,1428,0.0007448591768920471,-7.530769829168133e-05
20260914,OD_PRODUCT,OD_SEPARABLE,12,path_1_to_H,raw,1440,0.0021614645715223885,0.00023965969463758528
20260914,OD_PRODUCT,OD_SEPARABLE,12,path_1_to_H,raw,1452,0.0016431923823401941,0.00010520184648933487
20260914,OD_PRODUCT,OD_SEPARABLE,12,path_1_to_H,raw,1464,0.007198269081174303,0.0049715965910894985
20260914,OD_PRODUCT,OD_SEPARABLE,12,path_1_to_H,raw,1476,-0.0016605611134292851,-0.0012706777773351435
20260914,OD_PRODUCT,OD_SEPARABLE,12,path_1_to_H,raw,1488,-0.002422067821096758,-0.00013341586321071044
20260914,OD_PRODUCT,OD_SEPARABLE,12,path_1_to_H,raw,1500,0.0010369283580437855,0.00014950989688884556
20260914,OD_PRODUCT,OD_SEPARABLE,12,path_1_to_H,raw,1512,0.00518132210369683,0.0018288570723845223
20260914,OD_PRODUCT,OD_SEPARABLE,12,path_1_to_H,raw,1524,-0.002473078014869541,-0.0009332919592247782
20260914,OD_PRODUCT,OD_SEPARABLE,12,path_1_to_H,raw,1536,-0.0008161521326867284,-0.00016329043743353196
20260914,OD_PRODUCT,OD_SEPARABLE,12,path_1_to_H,raw,1548,0.00043020865353163306,3.304702504766272e-05
20260914,OD_PRODUCT,OD_SEPARABLE,12,path_1_to_H,clip_0_1,1392,-5.8574644816508394e-05,0.0002887747432767694
20260914,OD_PRODUCT,OD_SEPARABLE,12,path_1_to_H,clip_0_1,1404,-0.00011832948144466075,-0.00011580893305888593
20260914,OD_PRODUCT,OD_SEPARABLE,12,path_1_to_H,clip_0_1,1416,-0.004605987420170689,-0.0005484117044010736
20260914,OD_PRODUCT,OD_SEPARABLE,12,path_1_to_H,clip_0_1,1428,0.0007950331123680491,-6.420444236781311e-05
20260914,OD_PRODUCT,OD_SEPARABLE,12,path_1_to_H,clip_0_1,1440,0.002194599829034385,0.0002414007603406823
20260914,OD_PRODUCT,OD_SEPARABLE,12,path_1_to_H,clip_0_1,1452,0.0016165206020294068,0.00010437106247865926
20260914,OD_PRODUCT,OD_SEPARABLE,12,path_1_to_H,clip_0_1,1464,0.007199958266183109,0.004971566172881589
20260914,OD_PRODUCT,OD_SEPARABLE,12,path_1_to_H,clip_0_1,1476,-0.001630932059889747,-0.0012699604289377784
20260914,OD_PRODUCT,OD_SEPARABLE,12,path_1_to_H,clip_0_1,1488,-0.0024328442346323803,-0.00013365121264768596
20260914,OD_PRODUCT,OD_SEPARABLE,12,path_1_to_H,clip_0_1,1500,0.0010162096330511117,0.00014766025634356539
20260914,OD_PRODUCT,OD_SEPARABLE,12,path_1_to_H,clip_0_1,1512,0.0051903170289323355,0.0018348521230299418
20260914,OD_PRODUCT,OD_SEPARABLE,12,path_1_to_H,clip_0_1,1524,-0.0024750811142008598,-0.0009333052001676511
20260914,OD_PRODUCT,OD_SEPARABLE,12,path_1_to_H,clip_0_1,1536,-0.000820475867928502,-0.0001633521298987871
20260914,OD_PRODUCT,OD_SEPARABLE,12,path_1_to_H,clip_0_1,1548,0.00044906715138681155,3.6886918081809176e-05
20260914,OD_PRODUCT,OD_CONCAT_MLP,3,terminal_H,raw,1392,-0.0016522015750058178,5.140225060968171e-05
20260914,OD_PRODUCT,OD_CONCAT_MLP,3,terminal_H,raw,1404,-0.0006172154187818815,-1.2889724191620125e-05
20260914,OD_PRODUCT,OD_CONCAT_MLP,3,terminal_H,raw,1416,-0.005961618915865249,-0.000350569618765795
20260914,OD_PRODUCT,OD_CONCAT_MLP,3,terminal_H,raw,1428,-0.0024153264059334576,-0.0002597857287143296
20260914,OD_PRODUCT,OD_CONCAT_MLP,3,terminal_H,raw,1440,-0.0018706646524888654,-6.286522293942563e-05
20260914,OD_PRODUCT,OD_CONCAT_MLP,3,terminal_H,raw,1452,-6.26617879151428e-05,-0.0001537035816983584
20260914,OD_PRODUCT,OD_CONCAT_MLP,3,terminal_H,raw,1464,0.010254155213007021,0.005990504876169048
20260914,OD_PRODUCT,OD_CONCAT_MLP,3,terminal_H,raw,1476,0.0030489437982764633,0.00028740223802844735
20260914,OD_PRODUCT,OD_CONCAT_MLP,3,terminal_H,raw,1488,-0.0011006062588029084,-0.00013183552017645105
20260914,OD_PRODUCT,OD_CONCAT_MLP,3,terminal_H,raw,1500,0.0003022256672810926,0.0001058785544208753
20260914,OD_PRODUCT,OD_CONCAT_MLP,3,terminal_H,raw,1512,0.0020235375509658426,0.0025564492049532507
20260914,OD_PRODUCT,OD_CONCAT_MLP,3,terminal_H,raw,1524,0.0002336999170121081,0.00018645049860281947
20260914,OD_PRODUCT,OD_CONCAT_MLP,3,terminal_H,raw,1536,-0.0010670818716290809,-2.6474665776737043e-05
20260914,OD_PRODUCT,OD_CONCAT_MLP,3,terminal_H,raw,1548,0.0007472956363215004,0.00016957563065504556
20260914,OD_PRODUCT,OD_CONCAT_MLP,3,terminal_H,clip_0_1,1392,-0.0016597332721056768,5.107356075183208e-05
20260914,OD_PRODUCT,OD_CONCAT_MLP,3,terminal_H,clip_0_1,1404,-0.0006172154187818815,-1.2889724191620125e-05
20260914,OD_PRODUCT,OD_CONCAT_MLP,3,terminal_H,clip_0_1,1416,-0.005925417211101129,-0.00034849393325722515
20260914,OD_PRODUCT,OD_CONCAT_MLP,3,terminal_H,clip_0_1,1428,-0.0024153264059334576,-0.0002597857287143296
20260914,OD_PRODUCT,OD_CONCAT_MLP,3,terminal_H,clip_0_1,1440,-0.001838036145389497,-6.165611151703779e-05
20260914,OD_PRODUCT,OD_CONCAT_MLP,3,terminal_H,clip_0_1,1452,-9.521228462230959e-05,-0.0001539949537782263
20260914,OD_PRODUCT,OD_CONCAT_MLP,3,terminal_H,clip_0_1,1464,0.010290855730157696,0.00599068412385898
20260914,OD_PRODUCT,OD_CONCAT_MLP,3,terminal_H,clip_0_1,1476,0.0030594904938868023,0.0002875375292436048
20260914,OD_PRODUCT,OD_CONCAT_MLP,3,terminal_H,clip_0_1,1488,-0.0011157766644659714,-0.0001326835680432823
20260914,OD_PRODUCT,OD_CONCAT_MLP,3,terminal_H,clip_0_1,1500,0.0003481524202499972,0.00011258217012828818
20260914,OD_PRODUCT,OD_CONCAT_MLP,3,terminal_H,clip_0_1,1512,0.00191516021440033,0.0024293237925970303
20260914,OD_PRODUCT,OD_CONCAT_MLP,3,terminal_H,clip_0_1,1524,0.0002336999170121081,0.00018645049860281947
20260914,OD_PRODUCT,OD_CONCAT_MLP,3,terminal_H,clip_0_1,1536,-0.0010670818716290809,-2.6474665776737043e-05
20260914,OD_PRODUCT,OD_CONCAT_MLP,3,terminal_H,clip_0_1,1548,0.0007472956363215004,0.00016957563065504556
20260914,OD_PRODUCT,OD_CONCAT_MLP,3,path_1_to_H,raw,1392,-0.0017712043613379862,7.661775090860553e-06
20260914,OD_PRODUCT,OD_CONCAT_MLP,3,path_1_to_H,raw,1404,-0.00030655376131757803,-2.178141927314263e-05
20260914,OD_PRODUCT,OD_CONCAT_MLP,3,path_1_to_H,raw,1416,-0.004793631593946514,-0.00024026758576794197
20260914,OD_PRODUCT,OD_CONCAT_MLP,3,path_1_to_H,raw,1428,-0.0017140511055709407,-0.00014758007031364235
20260914,OD_PRODUCT,OD_CONCAT_MLP,3,path_1_to_H,raw,1440,-0.0008450049440229257,2.7849403828004186e-05
20260914,OD_PRODUCT,OD_CONCAT_MLP,3,path_1_to_H,raw,1452,0.0006122747582664128,1.3474260682688065e-05
20260914,OD_PRODUCT,OD_CONCAT_MLP,3,path_1_to_H,raw,1464,0.006081797283906861,0.0034148056010636927
20260914,OD_PRODUCT,OD_CONCAT_MLP,3,path_1_to_H,raw,1476,0.0006941748722054429,-5.274379355677246e-05
20260914,OD_PRODUCT,OD_CONCAT_MLP,3,path_1_to_H,raw,1488,-0.002371844335271623,-0.00015576676234758865
20260914,OD_PRODUCT,OD_CONCAT_MLP,3,path_1_to_H,raw,1500,1.393251713104341e-05,2.0291010008524753e-05
20260914,OD_PRODUCT,OD_CONCAT_MLP,3,path_1_to_H,raw,1512,0.0017347125345937163,0.0015696600286312643
20260914,OD_PRODUCT,OD_CONCAT_MLP,3,path_1_to_H,raw,1524,-0.00023905012975283742,5.96276196474217e-05
20260914,OD_PRODUCT,OD_CONCAT_MLP,3,path_1_to_H,raw,1536,0.00012403223009386363,2.624867257791345e-05
20260914,OD_PRODUCT,OD_CONCAT_MLP,3,path_1_to_H,raw,1548,0.0007103765008394412,-2.0135870375869623e-05
20260914,OD_PRODUCT,OD_CONCAT_MLP,3,path_1_to_H,clip_0_1,1392,-0.0017724922912774872,7.5757444337872425e-06
20260914,OD_PRODUCT,OD_CONCAT_MLP,3,path_1_to_H,clip_0_1,1404,-0.00028402477430409715,-1.9577160801818363e-05
20260914,OD_PRODUCT,OD_CONCAT_MLP,3,path_1_to_H,clip_0_1,1416,-0.00475905639722363,-0.0002392773884046752
20260914,OD_PRODUCT,OD_CONCAT_MLP,3,path_1_to_H,clip_0_1,1428,-0.0017140511055709407,-0.00014758007031364235
20260914,OD_PRODUCT,OD_CONCAT_MLP,3,path_1_to_H,clip_0_1,1440,-0.0007944105836712386,2.9065507680797734e-05
20260914,OD_PRODUCT,OD_CONCAT_MLP,3,path_1_to_H,clip_0_1,1452,0.0005901647563730006,1.3295030996417119e-05
20260914,OD_PRODUCT,OD_CONCAT_MLP,3,path_1_to_H,clip_0_1,1464,0.006115091257777131,0.003415002828939224
20260914,OD_PRODUCT,OD_CONCAT_MLP,3,path_1_to_H,clip_0_1,1476,0.00067387766737972,-5.291966962157719e-05
20260914,OD_PRODUCT,OD_CONCAT_MLP,3,path_1_to_H,clip_0_1,1488,-0.00234059507855796,-0.0001561694047304566
20260914,OD_PRODUCT,OD_CONCAT_MLP,3,path_1_to_H,clip_0_1,1500,4.708205783283669e-05,2.5143232245991694e-05
20260914,OD_PRODUCT,OD_CONCAT_MLP,3,path_1_to_H,clip_0_1,1512,0.0013508055270099446,0.0014116188415794497
20260914,OD_PRODUCT,OD_CONCAT_MLP,3,path_1_to_H,clip_0_1,1524,-0.0002495935384129872,5.953590978782738e-05
20260914,OD_PRODUCT,OD_CONCAT_MLP,3,path_1_to_H,clip_0_1,1536,0.00012403223009386363,2.624867257791345e-05
20260914,OD_PRODUCT,OD_CONCAT_MLP,3,path_1_to_H,clip_0_1,1548,0.0007103765008394412,-2.0135870375869623e-05
20260914,OD_PRODUCT,OD_CONCAT_MLP,6,terminal_H,raw,1392,0.0039116563539297955,0.0003297903619433616
20260914,OD_PRODUCT,OD_CONCAT_MLP,6,terminal_H,raw,1404,-0.002770238211785027,-0.0003772744459509361
20260914,OD_PRODUCT,OD_CONCAT_MLP,6,terminal_H,raw,1416,-0.014370209551103423,-0.0014324863850113812
20260914,OD_PRODUCT,OD_CONCAT_MLP,6,terminal_H,raw,1428,-0.0012948701501760886,-0.00011048197361701885
20260914,OD_PRODUCT,OD_CONCAT_MLP,6,terminal_H,raw,1440,-0.002720366009917724,-0.00013398360458785505
20260914,OD_PRODUCT,OD_CONCAT_MLP,6,terminal_H,raw,1452,-0.0035389227539295606,-0.0005544376289784038
20260914,OD_PRODUCT,OD_CONCAT_MLP,6,terminal_H,raw,1464,0.018532678448269578,0.01009465040840181
20260914,OD_PRODUCT,OD_CONCAT_MLP,6,terminal_H,raw,1476,-6.361974527889432e-05,-0.0007868154676808116
20260914,OD_PRODUCT,OD_CONCAT_MLP,6,terminal_H,raw,1488,0.0014963202374422072,0.00010629275663624157
20260914,OD_PRODUCT,OD_CONCAT_MLP,6,terminal_H,raw,1500,0.003098708532929023,0.00022677369878925814
20260914,OD_PRODUCT,OD_CONCAT_MLP,6,terminal_H,raw,1512,0.007128610411112274,0.004718808925138727
20260914,OD_PRODUCT,OD_CONCAT_MLP,6,terminal_H,raw,1524,-0.002010081110113845,-0.00043764518695377686
20260914,OD_PRODUCT,OD_CONCAT_MLP,6,terminal_H,raw,1536,0.0026064736564287124,5.589114073787997e-05
20260914,OD_PRODUCT,OD_CONCAT_MLP,6,terminal_H,raw,1548,0.003273565623567311,0.000512603430621814
20260914,OD_PRODUCT,OD_CONCAT_MLP,6,terminal_H,clip_0_1,1392,0.003907533283906519,0.00032953292231759556
20260914,OD_PRODUCT,OD_CONCAT_MLP,6,terminal_H,clip_0_1,1404,-0.002770238211785027,-0.0003772744459509361
20260914,OD_PRODUCT,OD_CONCAT_MLP,6,terminal_H,clip_0_1,1416,-0.014079086931474544,-0.0014012546924153286
20260914,OD_PRODUCT,OD_CONCAT_MLP,6,terminal_H,clip_0_1,1428,-0.0012948701501760886,-0.00011048197361701885
20260914,OD_PRODUCT,OD_CONCAT_MLP,6,terminal_H,clip_0_1,1440,-0.00263221995136057,-0.00012607181277732085
20260914,OD_PRODUCT,OD_CONCAT_MLP,6,terminal_H,clip_0_1,1452,-0.0035398520419933923,-0.0005544378664618879
20260914,OD_PRODUCT,OD_CONCAT_MLP,6,terminal_H,clip_0_1,1464,0.0185501092447972,0.010094715496181893
20260914,OD_PRODUCT,OD_CONCAT_MLP,6,terminal_H,clip_0_1,1476,-5.4007414068557226e-05,-0.0007867900585302049
20260914,OD_PRODUCT,OD_CONCAT_MLP,6,terminal_H,clip_0_1,1488,0.0016204152440851302,0.00010112239241968407
20260914,OD_PRODUCT,OD_CONCAT_MLP,6,terminal_H,clip_0_1,1500,0.003098708532929023,0.00022677369878925814
20260914,OD_PRODUCT,OD_CONCAT_MLP,6,terminal_H,clip_0_1,1512,0.007140338009537605,0.0047158277678419095
20260914,OD_PRODUCT,OD_CONCAT_MLP,6,terminal_H,clip_0_1,1524,-0.002010081110113845,-0.00043764518695377686
20260914,OD_PRODUCT,OD_CONCAT_MLP,6,terminal_H,clip_0_1,1536,0.0026064736564287124,5.589114073787997e-05
20260914,OD_PRODUCT,OD_CONCAT_MLP,6,terminal_H,clip_0_1,1548,0.003273565623567311,0.000512603430621814
20260914,OD_PRODUCT,OD_CONCAT_MLP,6,path_1_to_H,raw,1392,8.771373686117131e-05,0.00013744748223307431
20260914,OD_PRODUCT,OD_CONCAT_MLP,6,path_1_to_H,raw,1404,-0.001063730422245423,-0.00011530300036136176
20260914,OD_PRODUCT,OD_CONCAT_MLP,6,path_1_to_H,raw,1416,-0.008933459546936877,-0.000735145847642447
20260914,OD_PRODUCT,OD_CONCAT_MLP,6,path_1_to_H,raw,1428,-0.0017307750039005105,-0.00014703230197984866
20260914,OD_PRODUCT,OD_CONCAT_MLP,6,path_1_to_H,raw,1440,-0.0016618423769446903,-8.021303168390593e-05
20260914,OD_PRODUCT,OD_CONCAT_MLP,6,path_1_to_H,raw,1452,-0.0008692523001039505,-0.0001986179740288334
20260914,OD_PRODUCT,OD_CONCAT_MLP,6,path_1_to_H,raw,1464,0.01129432850272701,0.00617808280270509
20260914,OD_PRODUCT,OD_CONCAT_MLP,6,path_1_to_H,raw,1476,0.0005644173820580026,-0.000279372526716379
20260914,OD_PRODUCT,OD_CONCAT_MLP,6,path_1_to_H,raw,1488,-0.0014140759336989763,-0.00010949788596399372
20260914,OD_PRODUCT,OD_CONCAT_MLP,6,path_1_to_H,raw,1500,0.0012766631670761948,0.00014051102021227346
20260914,OD_PRODUCT,OD_CONCAT_MLP,6,path_1_to_H,raw,1512,0.003929663749394958,0.0029327641227397984
20260914,OD_PRODUCT,OD_CONCAT_MLP,6,path_1_to_H,raw,1524,-0.0007155991012432094,-7.190968597746149e-05
20260914,OD_PRODUCT,OD_CONCAT_MLP,6,path_1_to_H,raw,1536,0.0007679548868846726,7.530872500843583e-05
20260914,OD_PRODUCT,OD_CONCAT_MLP,6,path_1_to_H,raw,1548,0.0014912847346795254,0.00014889536742293733
20260914,OD_PRODUCT,OD_CONCAT_MLP,6,path_1_to_H,clip_0_1,1392,8.032386946510562e-05,0.00013697801964233824
20260914,OD_PRODUCT,OD_CONCAT_MLP,6,path_1_to_H,clip_0_1,1404,-0.0010524659287386828,-0.00011420087112569961
20260914,OD_PRODUCT,OD_CONCAT_MLP,6,path_1_to_H,clip_0_1,1416,-0.008804464229031772,-0.0007226139027829168
20260914,OD_PRODUCT,OD_CONCAT_MLP,6,path_1_to_H,clip_0_1,1428,-0.0017307750039005105,-0.00014703230197984866
20260914,OD_PRODUCT,OD_CONCAT_MLP,6,path_1_to_H,clip_0_1,1440,-0.0016173664397944247,-7.758387063484289e-05
20260914,OD_PRODUCT,OD_CONCAT_MLP,6,path_1_to_H,clip_0_1,1452,-0.0008853679167106402,-0.00019873437190433879
20260914,OD_PRODUCT,OD_CONCAT_MLP,6,path_1_to_H,clip_0_1,1464,0.011316710474866199,0.006178199832847512
20260914,OD_PRODUCT,OD_CONCAT_MLP,6,path_1_to_H,clip_0_1,1476,0.0005567942995460552,-0.00027945211991802345
20260914,OD_PRODUCT,OD_CONCAT_MLP,6,path_1_to_H,clip_0_1,1488,-0.001308971998003413,-0.00011022552018198612
20260914,OD_PRODUCT,OD_CONCAT_MLP,6,path_1_to_H,clip_0_1,1500,0.0012913610391444893,0.00014328587780837058
20260914,OD_PRODUCT,OD_CONCAT_MLP,6,path_1_to_H,clip_0_1,1512,0.0036968592469318606,0.0028090751708340603
20260914,OD_PRODUCT,OD_CONCAT_MLP,6,path_1_to_H,clip_0_1,1524,-0.0007208708055732844,-7.195554090725864e-05
20260914,OD_PRODUCT,OD_CONCAT_MLP,6,path_1_to_H,clip_0_1,1536,0.0007679548868846726,7.530872500843583e-05
20260914,OD_PRODUCT,OD_CONCAT_MLP,6,path_1_to_H,clip_0_1,1548,0.0014912847346795254,0.00014889536742293733
20260914,OD_PRODUCT,OD_CONCAT_MLP,9,terminal_H,raw,1392,0.0037485301935556536,0.0005346880156322966
20260914,OD_PRODUCT,OD_CONCAT_MLP,9,terminal_H,raw,1404,0.000745028996706665,-0.0003582236843148323
20260914,OD_PRODUCT,OD_CONCAT_MLP,9,terminal_H,raw,1416,-0.012932352423582849,-0.001728641237599495
20260914,OD_PRODUCT,OD_CONCAT_MLP,9,terminal_H,raw,1428,-0.003651189238483004,-0.0005847864978378788
20260914,OD_PRODUCT,OD_CONCAT_MLP,9,terminal_H,raw,1440,0.001199846499668762,0.0005650969896698442
20260914,OD_PRODUCT,OD_CONCAT_MLP,9,terminal_H,raw,1452,-0.004512552806977453,-0.0011397346560797507
20260914,OD_PRODUCT,OD_CONCAT_MLP,9,terminal_H,raw,1464,0.018621355562840062,0.0093414350458946
20260914,OD_PRODUCT,OD_CONCAT_MLP,9,terminal_H,raw,1476,0.0026595604519386467,0.0003290376372389996
20260914,OD_PRODUCT,OD_CONCAT_MLP,9,terminal_H,raw,1488,0.004029891383502527,0.00016418443291189643
20260914,OD_PRODUCT,OD_CONCAT_MLP,9,terminal_H,raw,1500,0.002731748938190077,9.605878304482358e-05
20260914,OD_PRODUCT,OD_CONCAT_MLP,9,terminal_H,raw,1512,0.00319558472537118,0.002056696407932876
20260914,OD_PRODUCT,OD_CONCAT_MLP,9,terminal_H,raw,1524,-0.0037934693740237823,-0.0003055666231728143
20260914,OD_PRODUCT,OD_CONCAT_MLP,9,terminal_H,raw,1536,0.00507194437058933,0.0010890486646705651
20260914,OD_PRODUCT,OD_CONCAT_MLP,9,terminal_H,raw,1548,-0.0014881062367036,-0.0003667208319774502
20260914,OD_PRODUCT,OD_CONCAT_MLP,9,terminal_H,clip_0_1,1392,0.0037485301935556536,0.0005346880156322966
20260914,OD_PRODUCT,OD_CONCAT_MLP,9,terminal_H,clip_0_1,1404,0.0007604941362254574,-0.00035558038908629176
20260914,OD_PRODUCT,OD_CONCAT_MLP,9,terminal_H,clip_0_1,1416,-0.01285606928175609,-0.001726160467666287
20260914,OD_PRODUCT,OD_CONCAT_MLP,9,terminal_H,clip_0_1,1428,-0.0034443989024308826,-0.0005491781077191322
20260914,OD_PRODUCT,OD_CONCAT_MLP,9,terminal_H,clip_0_1,1440,0.0012084760835454952,0.0005653104840286546
20260914,OD_PRODUCT,OD_CONCAT_MLP,9,terminal_H,clip_0_1,1452,-0.004623510908264829,-0.0011426083983171183
20260914,OD_PRODUCT,OD_CONCAT_MLP,9,terminal_H,clip_0_1,1464,0.018645238845978337,0.009341639058126057
20260914,OD_PRODUCT,OD_CONCAT_MLP,9,terminal_H,clip_0_1,1476,0.0027775092780974397,0.00033286341677686484
20260914,OD_PRODUCT,OD_CONCAT_MLP,9,terminal_H,clip_0_1,1488,0.004029891383502527,0.00016418443291189643
20260914,OD_PRODUCT,OD_CONCAT_MLP,9,terminal_H,clip_0_1,1500,0.002731748938190077,9.605878304482358e-05
20260914,OD_PRODUCT,OD_CONCAT_MLP,9,terminal_H,clip_0_1,1512,0.003204789223288578,0.0020576401565033575
20260914,OD_PRODUCT,OD_CONCAT_MLP,9,terminal_H,clip_0_1,1524,-0.0037934693740237823,-0.0003055666231728143
20260914,OD_PRODUCT,OD_CONCAT_MLP,9,terminal_H,clip_0_1,1536,0.00507194437058933,0.0010890486646705651
20260914,OD_PRODUCT,OD_CONCAT_MLP,9,terminal_H,clip_0_1,1548,-0.0014881062367036,-0.0003667208319774502
20260914,OD_PRODUCT,OD_CONCAT_MLP,9,path_1_to_H,raw,1392,0.001480925839596068,0.00016444029855391983
20260914,OD_PRODUCT,OD_CONCAT_MLP,9,path_1_to_H,raw,1404,-0.0008826854980929546,-0.00016612224641175162
20260914,OD_PRODUCT,OD_CONCAT_MLP,9,path_1_to_H,raw,1416,-0.009255635038193459,-0.000987751520042418
20260914,OD_PRODUCT,OD_CONCAT_MLP,9,path_1_to_H,raw,1428,-0.0025664707549132915,-0.0002593106922579569
20260914,OD_PRODUCT,OD_CONCAT_MLP,9,path_1_to_H,raw,1440,-0.0007166326535429084,7.123411745222118e-05
20260914,OD_PRODUCT,OD_CONCAT_MLP,9,path_1_to_H,raw,1452,-0.0019298042978620818,-0.00036547481553482876
20260914,OD_PRODUCT,OD_CONCAT_MLP,9,path_1_to_H,raw,1464,0.01367148827968893,0.007363772324014051
20260914,OD_PRODUCT,OD_CONCAT_MLP,9,path_1_to_H,raw,1476,0.0013600851935299681,-0.00013736611651535461
20260914,OD_PRODUCT,OD_CONCAT_MLP,9,path_1_to_H,raw,1488,0.00021069665821892602,-5.500048999814117e-05
20260914,OD_PRODUCT,OD_CONCAT_MLP,9,path_1_to_H,raw,1500,0.0021102846551464016,0.0001827508101079016
20260914,OD_PRODUCT,OD_CONCAT_MLP,9,path_1_to_H,raw,1512,0.0039213868594489745,0.003005236794322075
20260914,OD_PRODUCT,OD_CONCAT_MLP,9,path_1_to_H,raw,1524,-0.0015838911746332883,-0.0001496195524513994
20260914,OD_PRODUCT,OD_CONCAT_MLP,9,path_1_to_H,raw,1536,0.0025458836649681913,0.00042686638564276135
20260914,OD_PRODUCT,OD_CONCAT_MLP,9,path_1_to_H,raw,1548,0.001141287735164247,0.0001064644775204713
20260914,OD_PRODUCT,OD_CONCAT_MLP,9,path_1_to_H,clip_0_1,1392,0.001475467659973268,0.0001641601139993746
20260914,OD_PRODUCT,OD_CONCAT_MLP,9,path_1_to_H,clip_0_1,1404,-0.0008734574869197062,-0.00016509379411813903
20260914,OD_PRODUCT,OD_CONCAT_MLP,9,path_1_to_H,clip_0_1,1416,-0.009090744407947562,-0.0009706370324245096
20260914,OD_PRODUCT,OD_CONCAT_MLP,9,path_1_to_H,clip_0_1,1428,-0.002536488157234477,-0.00025386572157265296
20260914,OD_PRODUCT,OD_CONCAT_MLP,9,path_1_to_H,clip_0_1,1440,-0.0006745383283254538,7.385113704560855e-05
20260914,OD_PRODUCT,OD_CONCAT_MLP,9,path_1_to_H,clip_0_1,1452,-0.00196489621997769,-0.00036609358413320725
20260914,OD_PRODUCT,OD_CONCAT_MLP,9,path_1_to_H,clip_0_1,1464,0.01369868785996143,0.007363951637211342
20260914,OD_PRODUCT,OD_CONCAT_MLP,9,path_1_to_H,clip_0_1,1476,0.0013805115322742681,-0.00013676075004043767
20260914,OD_PRODUCT,OD_CONCAT_MLP,9,path_1_to_H,clip_0_1,1488,0.00027411625619444253,-5.6314000104181525e-05
20260914,OD_PRODUCT,OD_CONCAT_MLP,9,path_1_to_H,clip_0_1,1500,0.0021200832365252643,0.00018460071517196637
20260914,OD_PRODUCT,OD_CONCAT_MLP,9,path_1_to_H,clip_0_1,1512,0.0037677433493713683,0.0029229904210210838
20260914,OD_PRODUCT,OD_CONCAT_MLP,9,path_1_to_H,clip_0_1,1524,-0.0015874056441866715,-0.0001496501224045975
20260914,OD_PRODUCT,OD_CONCAT_MLP,9,path_1_to_H,clip_0_1,1536,0.0025458836649681913,0.00042686638564276135
20260914,OD_PRODUCT,OD_CONCAT_MLP,9,path_1_to_H,clip_0_1,1548,0.001141287735164247,0.0001064644775204713
20260914,OD_PRODUCT,OD_CONCAT_MLP,12,terminal_H,raw,1392,0.0028930475335108754,0.000618944831527844
20260914,OD_PRODUCT,OD_CONCAT_MLP,12,terminal_H,raw,1404,0.004481931897850211,0.0003572180925770067
20260914,OD_PRODUCT,OD_CONCAT_MLP,12,terminal_H,raw,1416,-0.004081372931850975,-0.0005507893406634758
20260914,OD_PRODUCT,OD_CONCAT_MLP,12,terminal_H,raw,1428,-0.0019416953843471524,-0.0004993847037423055
20260914,OD_PRODUCT,OD_CONCAT_MLP,12,terminal_H,raw,1440,-0.0011817989305431117,-0.0002293128112372168
20260914,OD_PRODUCT,OD_CONCAT_MLP,12,terminal_H,raw,1452,-0.0010883887759042363,-0.0004358127693763204
20260914,OD_PRODUCT,OD_CONCAT_MLP,12,terminal_H,raw,1464,0.014903665703285766,0.006540485309256637
20260914,OD_PRODUCT,OD_CONCAT_MLP,12,terminal_H,raw,1476,0.0018703333692120863,7.89532142988621e-05
20260914,OD_PRODUCT,OD_CONCAT_MLP,12,terminal_H,raw,1488,0.00780741956966553,0.0012526368141173602
20260914,OD_PRODUCT,OD_CONCAT_MLP,12,terminal_H,raw,1500,0.0014968712185344831,0.0004940790932507343
20260914,OD_PRODUCT,OD_CONCAT_MLP,12,terminal_H,raw,1512,0.0024175251113580194,0.0015268093454124485
20260914,OD_PRODUCT,OD_CONCAT_MLP,12,terminal_H,raw,1524,-0.0049968677300884536,-0.00044033918048251125
20260914,OD_PRODUCT,OD_CONCAT_MLP,12,terminal_H,raw,1536,0.008409853713056777,0.001590568405603595
20260914,OD_PRODUCT,OD_CONCAT_MLP,12,terminal_H,raw,1548,-0.004027087912154025,-0.00096785727897351
20260914,OD_PRODUCT,OD_CONCAT_MLP,12,terminal_H,clip_0_1,1392,0.0028930475335108754,0.000618944831527844
20260914,OD_PRODUCT,OD_CONCAT_MLP,12,terminal_H,clip_0_1,1404,0.004481931897850211,0.0003572180925770067
20260914,OD_PRODUCT,OD_CONCAT_MLP,12,terminal_H,clip_0_1,1416,-0.004081372931850975,-0.0005507893406634758
20260914,OD_PRODUCT,OD_CONCAT_MLP,12,terminal_H,clip_0_1,1428,-0.001819449868057788,-0.00048383080269186597
20260914,OD_PRODUCT,OD_CONCAT_MLP,12,terminal_H,clip_0_1,1440,-0.0011817989305431117,-0.0002293128112372168
20260914,OD_PRODUCT,OD_CONCAT_MLP,12,terminal_H,clip_0_1,1452,-0.0011571495458539544,-0.000438650807539717
20260914,OD_PRODUCT,OD_CONCAT_MLP,12,terminal_H,clip_0_1,1464,0.01491245217437729,0.0065405065398270535
20260914,OD_PRODUCT,OD_CONCAT_MLP,12,terminal_H,clip_0_1,1476,0.0019518209851175912,8.077927797400203e-05
20260914,OD_PRODUCT,OD_CONCAT_MLP,12,terminal_H,clip_0_1,1488,0.00780741956966553,0.0012526368141173602
20260914,OD_PRODUCT,OD_CONCAT_MLP,12,terminal_H,clip_0_1,1500,0.0015147566432905373,0.0004959119819892703
20260914,OD_PRODUCT,OD_CONCAT_MLP,12,terminal_H,clip_0_1,1512,0.0024175251113580194,0.0015268093454124485
20260914,OD_PRODUCT,OD_CONCAT_MLP,12,terminal_H,clip_0_1,1524,-0.0049968677300884536,-0.00044033918048251125
20260914,OD_PRODUCT,OD_CONCAT_MLP,12,terminal_H,clip_0_1,1536,0.008409853713056777,0.001590568405603595
20260914,OD_PRODUCT,OD_CONCAT_MLP,12,terminal_H,clip_0_1,1548,-0.003984346587163601,-0.0009619693278593786
20260914,OD_PRODUCT,OD_CONCAT_MLP,12,path_1_to_H,raw,1392,0.0017298200730949157,0.00027276185009435954
20260914,OD_PRODUCT,OD_CONCAT_MLP,12,path_1_to_H,raw,1404,0.00011845060741005705,-0.00010683700507746413
20260914,OD_PRODUCT,OD_CONCAT_MLP,12,path_1_to_H,raw,1416,-0.008933229595081542,-0.0009828758930192037
20260914,OD_PRODUCT,OD_CONCAT_MLP,12,path_1_to_H,raw,1428,-0.0022957993847162964,-0.0003182062930926644
20260914,OD_PRODUCT,OD_CONCAT_MLP,12,path_1_to_H,raw,1440,-0.0006190312485344153,5.205581505609107e-05
20260914,OD_PRODUCT,OD_CONCAT_MLP,12,path_1_to_H,raw,1452,-0.0018678208286888446,-0.00036864044039695685
20260914,OD_PRODUCT,OD_CONCAT_MLP,12,path_1_to_H,raw,1464,0.01455702825027592,0.007480517438706681
20260914,OD_PRODUCT,OD_CONCAT_MLP,12,path_1_to_H,raw,1476,0.0014991632279721782,-3.684523756719596e-05
20260914,OD_PRODUCT,OD_CONCAT_MLP,12,path_1_to_H,raw,1488,0.0017132785390860706,0.00020175803435432837
20260914,OD_PRODUCT,OD_CONCAT_MLP,12,path_1_to_H,raw,1500,0.00203188445393345,0.00017873664386224407
20260914,OD_PRODUCT,OD_CONCAT_MLP,12,path_1_to_H,raw,1512,0.0037114534945915986,0.0027056367085534685
20260914,OD_PRODUCT,OD_CONCAT_MLP,12,path_1_to_H,raw,1524,-0.0022130348858856765,-0.0002795636724296302
20260914,OD_PRODUCT,OD_CONCAT_MLP,12,path_1_to_H,raw,1536,0.002175966430212228,0.0003925508234279476
20260914,OD_PRODUCT,OD_CONCAT_MLP,12,path_1_to_H,raw,1548,-0.00013459251445546594,-6.82317092845012e-05
20260914,OD_PRODUCT,OD_CONCAT_MLP,12,path_1_to_H,clip_0_1,1392,0.0017257264383778155,0.00027255171167845065
20260914,OD_PRODUCT,OD_CONCAT_MLP,12,path_1_to_H,clip_0_1,1404,0.0001253716157899934,-0.00010606566585725469
20260914,OD_PRODUCT,OD_CONCAT_MLP,12,path_1_to_H,clip_0_1,1416,-0.00880956162239712,-0.0009700400273057726
20260914,OD_PRODUCT,OD_CONCAT_MLP,12,path_1_to_H,clip_0_1,1428,-0.002232784677886666,-0.00030686787958657675
20260914,OD_PRODUCT,OD_CONCAT_MLP,12,path_1_to_H,clip_0_1,1440,-0.0005874605046213244,5.4018579751131634e-05
20260914,OD_PRODUCT,OD_CONCAT_MLP,12,path_1_to_H,clip_0_1,1452,-0.0019135463901765596,-0.0003697837377701039
20260914,OD_PRODUCT,OD_CONCAT_MLP,12,path_1_to_H,clip_0_1,1464,0.01457816014140459,0.00748065369281885
20260914,OD_PRODUCT,OD_CONCAT_MLP,12,path_1_to_H,clip_0_1,1476,0.0015390776488193323,-3.5711343343328504e-05
20260914,OD_PRODUCT,OD_CONCAT_MLP,12,path_1_to_H,clip_0_1,1488,0.0017608432375677081,0.0002007729017747981
20260914,OD_PRODUCT,OD_CONCAT_MLP,12,path_1_to_H,clip_0_1,1500,0.002040723842030602,0.00018027681338850395
20260914,OD_PRODUCT,OD_CONCAT_MLP,12,path_1_to_H,clip_0_1,1512,0.0036024808161971007,0.0026462085480586455
20260914,OD_PRODUCT,OD_CONCAT_MLP,12,path_1_to_H,clip_0_1,1524,-0.0022156707380507137,-0.00027958659989452876
20260914,OD_PRODUCT,OD_CONCAT_MLP,12,path_1_to_H,clip_0_1,1536,0.002175966430212228,0.0003925508234279476
20260914,OD_PRODUCT,OD_CONCAT_MLP,12,path_1_to_H,clip_0_1,1548,-0.00010393614809093039,-6.216116127918425e-05
20260914,OD_PRODUCT,OO_PRODUCT,3,terminal_H,raw,1392,-0.000965844967333534,7.007389378728316e-05
20260914,OD_PRODUCT,OO_PRODUCT,3,terminal_H,raw,1404,-0.0012494667021647576,-0.0001880635805946257
20260914,OD_PRODUCT,OO_PRODUCT,3,terminal_H,raw,1416,-0.0029876799032630278,-0.00011823501696609042
20260914,OD_PRODUCT,OO_PRODUCT,3,terminal_H,raw,1428,-0.0009208438610278461,0.0001672770697927995
20260914,OD_PRODUCT,OO_PRODUCT,3,terminal_H,raw,1440,0.0003870131854942552,-4.4422885534820164e-05
20260914,OD_PRODUCT,OO_PRODUCT,3,terminal_H,raw,1452,-0.0013442470379167954,-8.349895971015932e-05
20260914,OD_PRODUCT,OO_PRODUCT,3,terminal_H,raw,1464,0.007876166258351459,0.005993700752549148
20260914,OD_PRODUCT,OO_PRODUCT,3,terminal_H,raw,1476,0.0031959886752192246,0.000580479662965687
20260914,OD_PRODUCT,OO_PRODUCT,3,terminal_H,raw,1488,-0.00047111181500636683,0.0003163749889798513
20260914,OD_PRODUCT,OO_PRODUCT,3,terminal_H,raw,1500,0.006341929549660117,0.0005739508000816483
20260914,OD_PRODUCT,OO_PRODUCT,3,terminal_H,raw,1512,-0.0005731291630878334,-0.0011187318570735959
20260914,OD_PRODUCT,OO_PRODUCT,3,terminal_H,raw,1524,0.0010403158856692844,0.00024273619095510423
20260914,OD_PRODUCT,OO_PRODUCT,3,terminal_H,raw,1536,0.0008565791588640232,0.00020771445368445246
20260914,OD_PRODUCT,OO_PRODUCT,3,terminal_H,raw,1548,0.0017570616870810987,0.0004860320036221897
20260914,OD_PRODUCT,OO_PRODUCT,3,terminal_H,clip_0_1,1392,-0.0009024156957005592,7.160422704967679e-05
20260914,OD_PRODUCT,OO_PRODUCT,3,terminal_H,clip_0_1,1404,-0.0012494667021647576,-0.0001880635805946257
20260914,OD_PRODUCT,OO_PRODUCT,3,terminal_H,clip_0_1,1416,-0.002990969716941937,-0.0001165882159654779
20260914,OD_PRODUCT,OO_PRODUCT,3,terminal_H,clip_0_1,1428,-0.0009252249410787483,0.0001670770768069922
20260914,OD_PRODUCT,OO_PRODUCT,3,terminal_H,clip_0_1,1440,0.0005496014985589403,-4.109462399743576e-05
20260914,OD_PRODUCT,OO_PRODUCT,3,terminal_H,clip_0_1,1452,-0.0013831224469510828,-8.373990835014176e-05
20260914,OD_PRODUCT,OO_PRODUCT,3,terminal_H,clip_0_1,1464,0.007888290434906447,0.005993562525544849
20260914,OD_PRODUCT,OO_PRODUCT,3,terminal_H,clip_0_1,1476,0.0031807896973857805,0.000580177083388474
20260914,OD_PRODUCT,OO_PRODUCT,3,terminal_H,clip_0_1,1488,-0.0005129876886936271,0.00031623876821989963
20260914,OD_PRODUCT,OO_PRODUCT,3,terminal_H,clip_0_1,1500,0.006297021518378744,0.0005712058821123967
20260914,OD_PRODUCT,OO_PRODUCT,3,terminal_H,clip_0_1,1512,-0.0006865403509037396,-0.0011386828846444142
20260914,OD_PRODUCT,OO_PRODUCT,3,terminal_H,clip_0_1,1524,0.0010403158856692844,0.00024273619095510423
20260914,OD_PRODUCT,OO_PRODUCT,3,terminal_H,clip_0_1,1536,0.0008565791588640232,0.00020771445368445246
20260914,OD_PRODUCT,OO_PRODUCT,3,terminal_H,clip_0_1,1548,0.0017570616870810987,0.0004860320036221897
20260914,OD_PRODUCT,OO_PRODUCT,3,path_1_to_H,raw,1392,-0.0012728724499235207,-9.323568723584729e-05
20260914,OD_PRODUCT,OO_PRODUCT,3,path_1_to_H,raw,1404,-0.0004640790814214353,-7.923278473275462e-05
20260914,OD_PRODUCT,OO_PRODUCT,3,path_1_to_H,raw,1416,-0.002193373442640875,-6.596099424293119e-05
20260914,OD_PRODUCT,OO_PRODUCT,3,path_1_to_H,raw,1428,-0.000686972666628104,-2.8077394884809502e-05
20260914,OD_PRODUCT,OO_PRODUCT,3,path_1_to_H,raw,1440,-0.000501718951056288,-2.6556768160252347e-05
20260914,OD_PRODUCT,OO_PRODUCT,3,path_1_to_H,raw,1452,-0.0007523624638901831,-2.233566985037427e-05
20260914,OD_PRODUCT,OO_PRODUCT,3,path_1_to_H,raw,1464,0.005343693981963477,0.0039641262141673446
20260914,OD_PRODUCT,OO_PRODUCT,3,path_1_to_H,raw,1476,0.0017612728829304886,0.00026546153257875316
20260914,OD_PRODUCT,OO_PRODUCT,3,path_1_to_H,raw,1488,-0.0011102368384242067,4.068926636269755e-05
20260914,OD_PRODUCT,OO_PRODUCT,3,path_1_to_H,raw,1500,0.0051428680542335336,0.00039401801261870897
20260914,OD_PRODUCT,OO_PRODUCT,3,path_1_to_H,raw,1512,4.475593310214985e-05,-0.0007383689057443659
20260914,OD_PRODUCT,OO_PRODUCT,3,path_1_to_H,raw,1524,0.0004918083941134396,0.00010289896414964691
20260914,OD_PRODUCT,OO_PRODUCT,3,path_1_to_H,raw,1536,0.0005981624523646409,0.00014406241635898145
20260914,OD_PRODUCT,OO_PRODUCT,3,path_1_to_H,raw,1548,0.002062769851245456,0.0005803795548821763
20260914,OD_PRODUCT,OO_PRODUCT,3,path_1_to_H,clip_0_1,1392,-0.0012195455890920248,-9.192599727742678e-05
20260914,OD_PRODUCT,OO_PRODUCT,3,path_1_to_H,clip_0_1,1404,-0.0004381633875211807,-7.70190636900124e-05
20260914,OD_PRODUCT,OO_PRODUCT,3,path_1_to_H,clip_0_1,1416,-0.002191556949874957,-6.537982485862036e-05
20260914,OD_PRODUCT,OO_PRODUCT,3,path_1_to_H,clip_0_1,1428,-0.0007022269808696112,-2.830103458125961e-05
20260914,OD_PRODUCT,OO_PRODUCT,3,path_1_to_H,clip_0_1,1440,-0.0003864961175890058,-2.4396270215133175e-05
20260914,OD_PRODUCT,OO_PRODUCT,3,path_1_to_H,clip_0_1,1452,-0.0007784366017067628,-2.2557903183044793e-05
20260914,OD_PRODUCT,OO_PRODUCT,3,path_1_to_H,clip_0_1,1464,0.005345363876946473,0.003964114874852433
20260914,OD_PRODUCT,OO_PRODUCT,3,path_1_to_H,clip_0_1,1476,0.0017351068726352502,0.00026512772885993056
20260914,OD_PRODUCT,OO_PRODUCT,3,path_1_to_H,clip_0_1,1488,-0.0011350595986178806,4.0816509518310285e-05
20260914,OD_PRODUCT,OO_PRODUCT,3,path_1_to_H,clip_0_1,1500,0.005125221003490523,0.0003948515609044377
20260914,OD_PRODUCT,OO_PRODUCT,3,path_1_to_H,clip_0_1,1512,-0.00028307944586469113,-0.0007985401619408936
20260914,OD_PRODUCT,OO_PRODUCT,3,path_1_to_H,clip_0_1,1524,0.0004856092773254372,0.0001028672601842621
20260914,OD_PRODUCT,OO_PRODUCT,3,path_1_to_H,clip_0_1,1536,0.0005981624523646409,0.00014406241635898145
20260914,OD_PRODUCT,OO_PRODUCT,3,path_1_to_H,clip_0_1,1548,0.002062769851245456,0.0005803795548821763
20260914,OD_PRODUCT,OO_PRODUCT,6,terminal_H,raw,1392,0.005278789424144045,0.0005703522573711301
20260914,OD_PRODUCT,OO_PRODUCT,6,terminal_H,raw,1404,-0.001222792961730083,-0.00031032833110694645
20260914,OD_PRODUCT,OO_PRODUCT,6,terminal_H,raw,1416,-0.013129741638729674,-0.0012293714072398117
20260914,OD_PRODUCT,OO_PRODUCT,6,terminal_H,raw,1428,-0.001929569797783983,-0.0005204187811045486
20260914,OD_PRODUCT,OO_PRODUCT,6,terminal_H,raw,1440,-0.0018874904589729511,6.167961287229753e-05
20260914,OD_PRODUCT,OO_PRODUCT,6,terminal_H,raw,1452,-0.0057087494164911766,-0.0003528867170370394
20260914,OD_PRODUCT,OO_PRODUCT,6,terminal_H,raw,1464,0.01630959056880828,0.010944192845083316
20260914,OD_PRODUCT,OO_PRODUCT,6,terminal_H,raw,1476,0.000228985843760502,-0.00019139676729664054
20260914,OD_PRODUCT,OO_PRODUCT,6,terminal_H,raw,1488,-0.0015982470385706767,5.713679700235318e-06
20260914,OD_PRODUCT,OO_PRODUCT,6,terminal_H,raw,1500,0.00741706439918581,0.0010228072283814378
20260914,OD_PRODUCT,OO_PRODUCT,6,terminal_H,raw,1512,0.0060448786444529294,0.0013670323252196652
20260914,OD_PRODUCT,OO_PRODUCT,6,terminal_H,raw,1524,0.0021862887522444588,0.0005994011933447136
20260914,OD_PRODUCT,OO_PRODUCT,6,terminal_H,raw,1536,-0.00598668397647974,-0.0012867488294744187
20260914,OD_PRODUCT,OO_PRODUCT,6,terminal_H,raw,1548,0.007708583878965827,0.001997011563277928
20260914,OD_PRODUCT,OO_PRODUCT,6,terminal_H,clip_0_1,1392,0.0053083314760328125,0.000572928515465524
20260914,OD_PRODUCT,OO_PRODUCT,6,terminal_H,clip_0_1,1404,-0.001222792961730083,-0.00031032833110694645
20260914,OD_PRODUCT,OO_PRODUCT,6,terminal_H,clip_0_1,1416,-0.012884806192387705,-0.0012009793925215556
20260914,OD_PRODUCT,OO_PRODUCT,6,terminal_H,clip_0_1,1428,-0.001929569797783983,-0.0005204187811045486
20260914,OD_PRODUCT,OO_PRODUCT,6,terminal_H,clip_0_1,1440,-0.0016907004551465097,7.243941919454246e-05
20260914,OD_PRODUCT,OO_PRODUCT,6,terminal_H,clip_0_1,1452,-0.005710150671742804,-0.0003528872570040165
20260914,OD_PRODUCT,OO_PRODUCT,6,terminal_H,clip_0_1,1464,0.016230774215888182,0.010942821692425575
20260914,OD_PRODUCT,OO_PRODUCT,6,terminal_H,clip_0_1,1476,0.0002385981749708391,-0.0001913713581460338
20260914,OD_PRODUCT,OO_PRODUCT,6,terminal_H,clip_0_1,1488,-0.0014768194848455217,6.962613156255107e-06
20260914,OD_PRODUCT,OO_PRODUCT,6,terminal_H,clip_0_1,1500,0.00737989444322213,0.0010224272868341938
20260914,OD_PRODUCT,OO_PRODUCT,6,terminal_H,clip_0_1,1512,0.005550996963379012,0.001152591640432959
20260914,OD_PRODUCT,OO_PRODUCT,6,terminal_H,clip_0_1,1524,0.0021862887522444588,0.0005994011933447136
20260914,OD_PRODUCT,OO_PRODUCT,6,terminal_H,clip_0_1,1536,-0.00598668397647974,-0.0012867488294744187
20260914,OD_PRODUCT,OO_PRODUCT,6,terminal_H,clip_0_1,1548,0.007708583878965827,0.001997011563277928
20260914,OD_PRODUCT,OO_PRODUCT,6,path_1_to_H,raw,1392,0.000789886165450792,0.00019658922557512398
20260914,OD_PRODUCT,OO_PRODUCT,6,path_1_to_H,raw,1404,-0.0009390704632661128,-0.0001285112389190065
20260914,OD_PRODUCT,OO_PRODUCT,6,path_1_to_H,raw,1416,-0.006309078028241964,-0.0005061492914429981
20260914,OD_PRODUCT,OO_PRODUCT,6,path_1_to_H,raw,1428,-0.0012332502254531776,-0.00021024853732165157
20260914,OD_PRODUCT,OO_PRODUCT,6,path_1_to_H,raw,1440,-0.0006865634738433468,2.8371107366523146e-05
20260914,OD_PRODUCT,OO_PRODUCT,6,path_1_to_H,raw,1452,-0.002615347997016887,-0.00018771629964039351
20260914,OD_PRODUCT,OO_PRODUCT,6,path_1_to_H,raw,1464,0.00918566816304328,0.006465355858978646
20260914,OD_PRODUCT,OO_PRODUCT,6,path_1_to_H,raw,1476,0.0007089342027011065,-2.9405091189024035e-05
20260914,OD_PRODUCT,OO_PRODUCT,6,path_1_to_H,raw,1488,-0.0014792426390436136,4.092480331821402e-06
20260914,OD_PRODUCT,OO_PRODUCT,6,path_1_to_H,raw,1500,0.0060654914866779775,0.0007015407471172392
20260914,OD_PRODUCT,OO_PRODUCT,6,path_1_to_H,raw,1512,0.0030529536013388222,0.00036813500243462006
20260914,OD_PRODUCT,OO_PRODUCT,6,path_1_to_H,raw,1524,0.0011862332383588902,0.0008637627902039824
20260914,OD_PRODUCT,OO_PRODUCT,6,path_1_to_H,raw,1536,-0.00047911321232784024,-7.352391882061914e-05
20260914,OD_PRODUCT,OO_PRODUCT,6,path_1_to_H,raw,1548,0.004085366835927801,0.0009475758999939748
20260914,OD_PRODUCT,OO_PRODUCT,6,path_1_to_H,clip_0_1,1392,0.0008422015599631504,0.00019872825928782893
20260914,OD_PRODUCT,OO_PRODUCT,6,path_1_to_H,clip_0_1,1404,-0.0009261126163159856,-0.00012740437839763537
20260914,OD_PRODUCT,OO_PRODUCT,6,path_1_to_H,clip_0_1,1416,-0.0062082784768114985,-0.0004942637772868945
20260914,OD_PRODUCT,OO_PRODUCT,6,path_1_to_H,clip_0_1,1428,-0.0012474654454111423,-0.0002104319714135892
20260914,OD_PRODUCT,OO_PRODUCT,6,path_1_to_H,clip_0_1,1440,-0.0005534636026339183,3.2780018824223824e-05
20260914,OD_PRODUCT,OO_PRODUCT,6,path_1_to_H,clip_0_1,1452,-0.0026343901059987,-0.0001878601910786681
20260914,OD_PRODUCT,OO_PRODUCT,6,path_1_to_H,clip_0_1,1464,0.009150231524085591,0.006464839451957628
20260914,OD_PRODUCT,OO_PRODUCT,6,path_1_to_H,clip_0_1,1476,0.0006900496658487447,-2.965713284697642e-05
20260914,OD_PRODUCT,OO_PRODUCT,6,path_1_to_H,clip_0_1,1488,-0.001440720151667504,5.17888831113349e-06
20260914,OD_PRODUCT,OO_PRODUCT,6,path_1_to_H,clip_0_1,1500,0.006031239371177003,0.0007013661711054974
20260914,OD_PRODUCT,OO_PRODUCT,6,path_1_to_H,clip_0_1,1512,0.0025560560270919434,0.00020939621877209943
20260914,OD_PRODUCT,OO_PRODUCT,6,path_1_to_H,clip_0_1,1524,0.001183133679964889,0.0008637469382212901
20260914,OD_PRODUCT,OO_PRODUCT,6,path_1_to_H,clip_0_1,1536,-0.00047911321232784024,-7.352391882061914e-05
20260914,OD_PRODUCT,OO_PRODUCT,6,path_1_to_H,clip_0_1,1548,0.004085366835927801,0.0009475758999939748
20260914,OD_PRODUCT,OO_PRODUCT,9,terminal_H,raw,1392,0.004462347159817515,0.0008819458972648274
20260914,OD_PRODUCT,OO_PRODUCT,9,terminal_H,raw,1404,0.0009655197861309629,-0.00035864849309619786
20260914,OD_PRODUCT,OO_PRODUCT,9,terminal_H,raw,1416,-0.010012245561644293,-0.0012106513932239272
20260914,OD_PRODUCT,OO_PRODUCT,9,terminal_H,raw,1428,-0.0035854978811340294,-0.0006239102453744495
20260914,OD_PRODUCT,OO_PRODUCT,9,terminal_H,raw,1440,-0.0021721081690801096,4.568480860644727e-05
20260914,OD_PRODUCT,OO_PRODUCT,9,terminal_H,raw,1452,-0.001933004609133225,-0.0006262219671334074
20260914,OD_PRODUCT,OO_PRODUCT,9,terminal_H,raw,1464,0.015460630377161486,0.009575177135485339
20260914,OD_PRODUCT,OO_PRODUCT,9,terminal_H,raw,1476,0.008408335488274257,0.0018313513355453722
20260914,OD_PRODUCT,OO_PRODUCT,9,terminal_H,raw,1488,-0.0016375882018163142,-0.0004100836687497749
20260914,OD_PRODUCT,OO_PRODUCT,9,terminal_H,raw,1500,0.010320453181687618,0.0012628990533439112
20260914,OD_PRODUCT,OO_PRODUCT,9,terminal_H,raw,1512,-0.002982396012166875,-0.002162717003049175
20260914,OD_PRODUCT,OO_PRODUCT,9,terminal_H,raw,1524,-0.001532194844688938,-0.0006887810801340418
20260914,OD_PRODUCT,OO_PRODUCT,9,terminal_H,raw,1536,-0.006343843698306389,-0.001628968129072159
20260914,OD_PRODUCT,OO_PRODUCT,9,terminal_H,raw,1548,0.0012618023944856035,9.457305063705727e-05
20260914,OD_PRODUCT,OO_PRODUCT,9,terminal_H,clip_0_1,1392,0.004447862138018464,0.0008819007038596117
20260914,OD_PRODUCT,OO_PRODUCT,9,terminal_H,clip_0_1,1404,0.0009809849256497553,-0.0003560051978676573
20260914,OD_PRODUCT,OO_PRODUCT,9,terminal_H,clip_0_1,1416,-0.009935962419817534,-0.0012081706232907195
20260914,OD_PRODUCT,OO_PRODUCT,9,terminal_H,clip_0_1,1428,-0.003382309020277359,-0.0005883398654457484
20260914,OD_PRODUCT,OO_PRODUCT,9,terminal_H,clip_0_1,1440,-0.0021392424198497318,4.5981851911377656e-05
20260914,OD_PRODUCT,OO_PRODUCT,9,terminal_H,clip_0_1,1452,-0.001901596538611364,-0.000625950688737583
20260914,OD_PRODUCT,OO_PRODUCT,9,terminal_H,clip_0_1,1464,0.015406376039881002,0.009574434453474875
20260914,OD_PRODUCT,OO_PRODUCT,9,terminal_H,clip_0_1,1476,0.008510244553385374,0.0018351063647512591
20260914,OD_PRODUCT,OO_PRODUCT,9,terminal_H,clip_0_1,1488,-0.0016505027118743193,-0.00041012953450653546
20260914,OD_PRODUCT,OO_PRODUCT,9,terminal_H,clip_0_1,1500,0.010320453181687618,0.0012628990533439112
20260914,OD_PRODUCT,OO_PRODUCT,9,terminal_H,clip_0_1,1512,-0.0029731915142494772,-0.002161773254478694
20260914,OD_PRODUCT,OO_PRODUCT,9,terminal_H,clip_0_1,1524,-0.001532194844688938,-0.0006887810801340418
20260914,OD_PRODUCT,OO_PRODUCT,9,terminal_H,clip_0_1,1536,-0.006343843698306389,-0.001628968129072159
20260914,OD_PRODUCT,OO_PRODUCT,9,terminal_H,clip_0_1,1548,0.0012618023944856035,9.457305063705727e-05
20260914,OD_PRODUCT,OO_PRODUCT,9,path_1_to_H,raw,1392,0.0018734736189733917,0.00023842044727658796
20260914,OD_PRODUCT,OO_PRODUCT,9,path_1_to_H,raw,1404,-0.0006852388357503817,-0.00015639405458284602
20260914,OD_PRODUCT,OO_PRODUCT,9,path_1_to_H,raw,1416,-0.0070083224358560205,-0.0006497098883564982
20260914,OD_PRODUCT,OO_PRODUCT,9,path_1_to_H,raw,1428,-0.0019952880339783,-0.00031966371966146945
20260914,OD_PRODUCT,OO_PRODUCT,9,path_1_to_H,raw,1440,-0.001181195590828006,-9.282070938212097e-06
20260914,OD_PRODUCT,OO_PRODUCT,9,path_1_to_H,raw,1452,-0.0031666438685451865,-0.0002987857103644413
20260914,OD_PRODUCT,OO_PRODUCT,9,path_1_to_H,raw,1464,0.011335006428521003,0.007713686552959658
20260914,OD_PRODUCT,OO_PRODUCT,9,path_1_to_H,raw,1476,0.0027051074976552785,0.00039254951815495716
20260914,OD_PRODUCT,OO_PRODUCT,9,path_1_to_H,raw,1488,-0.0009674149466418516,-2.8110818325019706e-05
20260914,OD_PRODUCT,OO_PRODUCT,9,path_1_to_H,raw,1500,0.007593144836902109,0.0009280518693068442
20260914,OD_PRODUCT,OO_PRODUCT,9,path_1_to_H,raw,1512,0.00235081694206561,2.1547950552502916e-05
20260914,OD_PRODUCT,OO_PRODUCT,9,path_1_to_H,raw,1524,0.0007497854637128293,0.0005320545134105777
20260914,OD_PRODUCT,OO_PRODUCT,9,path_1_to_H,raw,1536,-0.001387123827386112,-0.0003740324707473974
20260914,OD_PRODUCT,OO_PRODUCT,9,path_1_to_H,raw,1548,0.003387821727915657,0.0007349149979882919
20260914,OD_PRODUCT,OO_PRODUCT,9,path_1_to_H,clip_0_1,1392,0.0019180826760723734,0.00024015025638216117
20260914,OD_PRODUCT,OO_PRODUCT,9,path_1_to_H,clip_0_1,1404,-0.0006748819222815422,-0.00015536244809876077
20260914,OD_PRODUCT,OO_PRODUCT,9,path_1_to_H,clip_0_1,1416,-0.006862228983259885,-0.0006330263545408743
20260914,OD_PRODUCT,OO_PRODUCT,9,path_1_to_H,clip_0_1,1428,-0.00198081546189041,-0.00031498127930770884
20260914,OD_PRODUCT,OO_PRODUCT,9,path_1_to_H,clip_0_1,1440,-0.0010552439951670369,-4.937778944289546e-06
20260914,OD_PRODUCT,OO_PRODUCT,9,path_1_to_H,clip_0_1,1452,-0.003174874702649023,-0.00029884815611873366
20260914,OD_PRODUCT,OO_PRODUCT,9,path_1_to_H,clip_0_1,1464,0.01128808211767439,0.007712850778959919
20260914,OD_PRODUCT,OO_PRODUCT,9,path_1_to_H,clip_0_1,1476,0.0027162440045006716,0.00039303205784433796
20260914,OD_PRODUCT,OO_PRODUCT,9,path_1_to_H,clip_0_1,1488,-0.0009448815694003624,-2.7384380299980605e-05
20260914,OD_PRODUCT,OO_PRODUCT,9,path_1_to_H,clip_0_1,1500,0.007564191396880924,0.000927878719202349
20260914,OD_PRODUCT,OO_PRODUCT,9,path_1_to_H,clip_0_1,1512,0.0019465977133240272,-0.0001050174237204268
20260914,OD_PRODUCT,OO_PRODUCT,9,path_1_to_H,clip_0_1,1524,0.0007477190914501618,0.0005320439454221162
20260914,OD_PRODUCT,OO_PRODUCT,9,path_1_to_H,clip_0_1,1536,-0.001387123827386112,-0.0003740324707473974
20260914,OD_PRODUCT,OO_PRODUCT,9,path_1_to_H,clip_0_1,1548,0.003387821727915657,0.0007349149979882919
20260914,OD_PRODUCT,OO_PRODUCT,12,terminal_H,raw,1392,2.4954453759130535e-06,0.00030380629299847357
20260914,OD_PRODUCT,OO_PRODUCT,12,terminal_H,raw,1404,0.005151085791079906,0.0008090903358097421
20260914,OD_PRODUCT,OO_PRODUCT,12,terminal_H,raw,1416,-0.003229461072911042,-0.0002256736606050023
20260914,OD_PRODUCT,OO_PRODUCT,12,terminal_H,raw,1428,-0.0012416150800603131,-0.0005184069267079705
20260914,OD_PRODUCT,OO_PRODUCT,12,terminal_H,raw,1440,0.0007856472333501873,5.925819995737022e-05
20260914,OD_PRODUCT,OO_PRODUCT,12,terminal_H,raw,1452,0.0017558994710818014,8.987661141142926e-05
20260914,OD_PRODUCT,OO_PRODUCT,12,terminal_H,raw,1464,0.012032562746017132,0.007536056586118298
20260914,OD_PRODUCT,OO_PRODUCT,12,terminal_H,raw,1476,0.0065996748388415065,0.00124221475845355
20260914,OD_PRODUCT,OO_PRODUCT,12,terminal_H,raw,1488,0.001343923585373328,0.00017904902543208743
20260914,OD_PRODUCT,OO_PRODUCT,12,terminal_H,raw,1500,0.00507780946285643,0.0005795725731067645
20260914,OD_PRODUCT,OO_PRODUCT,12,terminal_H,raw,1512,-0.003374147306778228,-0.0011222050081535412
20260914,OD_PRODUCT,OO_PRODUCT,12,terminal_H,raw,1524,-0.0030722867025865207,-0.0011229235311617305
20260914,OD_PRODUCT,OO_PRODUCT,12,terminal_H,raw,1536,-0.0045995272870475975,-0.0014712670604143216
20260914,OD_PRODUCT,OO_PRODUCT,12,terminal_H,raw,1548,0.0011927593917573668,0.0005627247652157442
20260914,OD_PRODUCT,OO_PRODUCT,12,terminal_H,clip_0_1,1392,-1.1381885213654504e-05,0.0003037533334147933
20260914,OD_PRODUCT,OO_PRODUCT,12,terminal_H,clip_0_1,1404,0.005151085791079906,0.0008090903358097421
20260914,OD_PRODUCT,OO_PRODUCT,12,terminal_H,clip_0_1,1416,-0.003243556952579287,-0.00022572830140649828
20260914,OD_PRODUCT,OO_PRODUCT,12,terminal_H,clip_0_1,1428,-0.0011332820803323703,-0.000504152688832929
20260914,OD_PRODUCT,OO_PRODUCT,12,terminal_H,clip_0_1,1440,0.0007856472333501873,5.925819995737022e-05
20260914,OD_PRODUCT,OO_PRODUCT,12,terminal_H,clip_0_1,1452,0.0017965628849440874,9.033132754883655e-05
20260914,OD_PRODUCT,OO_PRODUCT,12,terminal_H,clip_0_1,1464,0.012041150708645837,0.007536024870259326
20260914,OD_PRODUCT,OO_PRODUCT,12,terminal_H,clip_0_1,1476,0.006659709632727778,0.001243914260646228
20260914,OD_PRODUCT,OO_PRODUCT,12,terminal_H,clip_0_1,1488,0.001343923585373328,0.00017904902543208743
20260914,OD_PRODUCT,OO_PRODUCT,12,terminal_H,clip_0_1,1500,0.005095694887612484,0.0005814054618453005
20260914,OD_PRODUCT,OO_PRODUCT,12,terminal_H,clip_0_1,1512,-0.003374147306778228,-0.0011222050081535412
20260914,OD_PRODUCT,OO_PRODUCT,12,terminal_H,clip_0_1,1524,-0.0030722867025865207,-0.0011229235311617305
20260914,OD_PRODUCT,OO_PRODUCT,12,terminal_H,clip_0_1,1536,-0.0045995272870475975,-0.0014712670604143216
20260914,OD_PRODUCT,OO_PRODUCT,12,terminal_H,clip_0_1,1548,0.0011025308881921234,0.0005507777824034084
20260914,OD_PRODUCT,OO_PRODUCT,12,path_1_to_H,raw,1392,0.0016274049924797692,0.00027845834704657175
20260914,OD_PRODUCT,OO_PRODUCT,12,path_1_to_H,raw,1404,0.0003505465273111955,-2.0200227999899213e-05
20260914,OD_PRODUCT,OO_PRODUCT,12,path_1_to_H,raw,1416,-0.0067256134337110125,-0.0006248631591099559
20260914,OD_PRODUCT,OO_PRODUCT,12,path_1_to_H,raw,1428,-0.0018992983741069243,-0.000371552471331381
20260914,OD_PRODUCT,OO_PRODUCT,12,path_1_to_H,raw,1440,-0.0009045812947479619,-1.3621183382767287e-05
20260914,OD_PRODUCT,OO_PRODUCT,12,path_1_to_H,raw,1452,-0.0021292075771138317,-0.00020210152519458478
20260914,OD_PRODUCT,OO_PRODUCT,12,path_1_to_H,raw,1464,0.011940801354413584,0.007852863552077169
20260914,OD_PRODUCT,OO_PRODUCT,12,path_1_to_H,raw,1476,0.0038392784022782517,0.0006190748045542039
20260914,OD_PRODUCT,OO_PRODUCT,12,path_1_to_H,raw,1488,-0.0005890965023153141,3.361273581684202e-05
20260914,OD_PRODUCT,OO_PRODUCT,12,path_1_to_H,raw,1500,0.007227100916098645,0.0008975909606386222
20260914,OD_PRODUCT,OO_PRODUCT,12,path_1_to_H,raw,1512,0.001020444663493334,-0.0002175313328493667
20260914,OD_PRODUCT,OO_PRODUCT,12,path_1_to_H,raw,1524,2.5496251927998602e-05,0.00011974179426033017
20260914,OD_PRODUCT,OO_PRODUCT,12,path_1_to_H,raw,1536,-0.0015082428568857977,-0.00039643985183122145
20260914,OD_PRODUCT,OO_PRODUCT,12,path_1_to_H,raw,1548,0.0030456647899013683,0.0007541704535485856
20260914,OD_PRODUCT,OO_PRODUCT,12,path_1_to_H,clip_0_1,1392,0.0016597053410882085,0.0002797512905771116
20260914,OD_PRODUCT,OO_PRODUCT,12,path_1_to_H,clip_0_1,1404,0.00035831421241282516,-1.942652313683527e-05
20260914,OD_PRODUCT,OO_PRODUCT,12,path_1_to_H,clip_0_1,1416,-0.006617218000902931,-0.0006123550621483625
20260914,OD_PRODUCT,OO_PRODUCT,12,path_1_to_H,clip_0_1,1428,-0.0018509943162338923,-0.00036118336950010586
20260914,OD_PRODUCT,OO_PRODUCT,12,path_1_to_H,clip_0_1,1440,-0.0008101175980022354,-1.0362964387325377e-05
20260914,OD_PRODUCT,OO_PRODUCT,12,path_1_to_H,clip_0_1,1452,-0.0021260315827692565,-0.00020205026362249957
20260914,OD_PRODUCT,OO_PRODUCT,12,path_1_to_H,clip_0_1,1464,0.011898408739550665,0.007849916661529703
20260914,OD_PRODUCT,OO_PRODUCT,12,path_1_to_H,clip_0_1,1476,0.003865668182818263,0.0006200660219453464
20260914,OD_PRODUCT,OO_PRODUCT,12,path_1_to_H,clip_0_1,1488,-0.0005729003454072197,3.415592937881726e-05
20260914,OD_PRODUCT,OO_PRODUCT,12,path_1_to_H,clip_0_1,1500,0.00720687628814576,0.0008976138387884622
20260914,OD_PRODUCT,OO_PRODUCT,12,path_1_to_H,clip_0_1,1512,0.0007226037140238487,-0.0003107635274373198
20260914,OD_PRODUCT,OO_PRODUCT,12,path_1_to_H,clip_0_1,1524,2.3946472730997994e-05,0.00011973386826898403
20260914,OD_PRODUCT,OO_PRODUCT,12,path_1_to_H,clip_0_1,1536,-0.0015082428568857977,-0.00039643985183122145
20260914,OD_PRODUCT,OO_PRODUCT,12,path_1_to_H,clip_0_1,1548,0.003051669338366584,0.0007555864927814574
20260914,OD_PRODUCT,NATIVE,3,terminal_H,raw,1392,-0.017068616927225968,-0.0010565258071814274
20260914,OD_PRODUCT,NATIVE,3,terminal_H,raw,1404,-0.003943407129289406,0.0010597465949747356
20260914,OD_PRODUCT,NATIVE,3,terminal_H,raw,1416,-0.013443302822183357,-0.0008545901485369868
20260914,OD_PRODUCT,NATIVE,3,terminal_H,raw,1428,-0.005841227842637964,-2.3615975108400604e-05
20260914,OD_PRODUCT,NATIVE,3,terminal_H,raw,1440,-0.012058249356167278,-0.000752358283119363
20260914,OD_PRODUCT,NATIVE,3,terminal_H,raw,1452,-0.006267550844348238,-0.0004953368839389602
20260914,OD_PRODUCT,NATIVE,3,terminal_H,raw,1464,0.004548896277614567,0.004624893650496561
20260914,OD_PRODUCT,NATIVE,3,terminal_H,raw,1476,-0.04033880215581691,-0.005041420640206547
20260914,OD_PRODUCT,NATIVE,3,terminal_H,raw,1488,-0.01479141038197203,0.00045443715710058783
20260914,OD_PRODUCT,NATIVE,3,terminal_H,raw,1500,-0.008331834164927476,0.0006298020278276577
20260914,OD_PRODUCT,NATIVE,3,terminal_H,raw,1512,0.005621280860679003,0.002678591572724508
20260914,OD_PRODUCT,NATIVE,3,terminal_H,raw,1524,-0.006002899446912156,-0.00021415702861430212
20260914,OD_PRODUCT,NATIVE,3,terminal_H,raw,1536,-0.005526967023945768,-0.000797575659919765
20260914,OD_PRODUCT,NATIVE,3,terminal_H,raw,1548,0.004946003465223741,0.002527276580512625
20260914,OD_PRODUCT,NATIVE,3,terminal_H,clip_0_1,1392,-0.016993035728830246,-0.0010549548648549206
20260914,OD_PRODUCT,NATIVE,3,terminal_H,clip_0_1,1404,-0.003943407129289406,0.0010597465949747356
20260914,OD_PRODUCT,NATIVE,3,terminal_H,clip_0_1,1416,-0.013407101117419239,-0.0008525144630284168
20260914,OD_PRODUCT,NATIVE,3,terminal_H,clip_0_1,1428,-0.005841227842637964,-2.3615975108400604e-05
20260914,OD_PRODUCT,NATIVE,3,terminal_H,clip_0_1,1440,-0.011876384718521787,-0.0007489755164051127
20260914,OD_PRODUCT,NATIVE,3,terminal_H,clip_0_1,1452,-0.006267642381504126,-0.0004953368860185431
20260914,OD_PRODUCT,NATIVE,3,terminal_H,clip_0_1,1464,0.0045865085087797575,0.004625165523899106
20260914,OD_PRODUCT,NATIVE,3,terminal_H,clip_0_1,1476,-0.041592336386335624,-0.005061122836935208
20260914,OD_PRODUCT,NATIVE,3,terminal_H,clip_0_1,1488,-0.014818711547826898,0.00045435366193402675
20260914,OD_PRODUCT,NATIVE,3,terminal_H,clip_0_1,1500,-0.00829479362177659,0.0006364839285528975
20260914,OD_PRODUCT,NATIVE,3,terminal_H,clip_0_1,1512,0.005688447665126307,0.002713592439317575
20260914,OD_PRODUCT,NATIVE,3,terminal_H,clip_0_1,1524,-0.006002899446912156,-0.00021415702861430212
20260914,OD_PRODUCT,NATIVE,3,terminal_H,clip_0_1,1536,-0.005527018493911182,-0.0007976099739595822
20260914,OD_PRODUCT,NATIVE,3,terminal_H,clip_0_1,1548,0.004946003465223741,0.002527276580512625
20260914,OD_PRODUCT,NATIVE,3,path_1_to_H,raw,1392,-0.014454056350317749,-0.0012885235459532847
20260914,OD_PRODUCT,NATIVE,3,path_1_to_H,raw,1404,-0.0040656048425078755,0.00028647909567394974
20260914,OD_PRODUCT,NATIVE,3,path_1_to_H,raw,1416,-0.009691830322771005,-0.00036565473675455714
20260914,OD_PRODUCT,NATIVE,3,path_1_to_H,raw,1428,-0.005111578145999879,-0.0003476306543018368
20260914,OD_PRODUCT,NATIVE,3,path_1_to_H,raw,1440,-0.008257682964813013,-0.0004023139096923617
20260914,OD_PRODUCT,NATIVE,3,path_1_to_H,raw,1452,-0.0040057151917504705,-9.889191101251025e-05
20260914,OD_PRODUCT,NATIVE,3,path_1_to_H,raw,1464,0.0029041381936918617,0.0031792028214294873
20260914,OD_PRODUCT,NATIVE,3,path_1_to_H,raw,1476,-0.03014938736083321,-0.003046218468471624
20260914,OD_PRODUCT,NATIVE,3,path_1_to_H,raw,1488,-0.011626823591300166,-0.0003655200375702311
20260914,OD_PRODUCT,NATIVE,3,path_1_to_H,raw,1500,-0.008832849681056604,-0.000734502708922642
20260914,OD_PRODUCT,NATIVE,3,path_1_to_H,raw,1512,-0.00019357747849914326,0.0008152285520799501
20260914,OD_PRODUCT,NATIVE,3,path_1_to_H,raw,1524,-0.0031730851186189666,0.0004106826763466568
20260914,OD_PRODUCT,NATIVE,3,path_1_to_H,raw,1536,-0.002351256686396952,-0.00024048555511355942
20260914,OD_PRODUCT,NATIVE,3,path_1_to_H,raw,1548,0.004343568739727609,0.00377847986200835
20260914,OD_PRODUCT,NATIVE,3,path_1_to_H,clip_0_1,1392,-0.014384265313591844,-0.0012871480701031226
20260914,OD_PRODUCT,NATIVE,3,path_1_to_H,clip_0_1,1404,-0.004041950124373081,0.00028868859930727703
20260914,OD_PRODUCT,NATIVE,3,path_1_to_H,clip_0_1,1416,-0.009655553358214358,-0.00037667686263394534
20260914,OD_PRODUCT,NATIVE,3,path_1_to_H,clip_0_1,1428,-0.005111578145999879,-0.0003476306543018368
20260914,OD_PRODUCT,NATIVE,3,path_1_to_H,clip_0_1,1440,-0.008106477916816424,-0.00039988013588669326
20260914,OD_PRODUCT,NATIVE,3,path_1_to_H,clip_0_1,1452,-0.004006064082120059,-9.889193509073232e-05
20260914,OD_PRODUCT,NATIVE,3,path_1_to_H,clip_0_1,1464,0.0029374602963347894,0.0031794309935887625
20260914,OD_PRODUCT,NATIVE,3,path_1_to_H,clip_0_1,1476,-0.03141637227646318,-0.003066963723329257
20260914,OD_PRODUCT,NATIVE,3,path_1_to_H,clip_0_1,1488,-0.01160441675966778,-0.00036490659232051714
20260914,OD_PRODUCT,NATIVE,3,path_1_to_H,clip_0_1,1500,-0.008705647689036195,-0.0007220846719283631
20260914,OD_PRODUCT,NATIVE,3,path_1_to_H,clip_0_1,1512,-0.00010045056921427027,0.000844617269571886
20260914,OD_PRODUCT,NATIVE,3,path_1_to_H,clip_0_1,1524,-0.0031799580218359355,0.0004106437059877872
20260914,OD_PRODUCT,NATIVE,3,path_1_to_H,clip_0_1,1536,-0.002351509909053925,-0.00024054947525496413
20260914,OD_PRODUCT,NATIVE,3,path_1_to_H,clip_0_1,1548,0.004343568739727609,0.00377847986200835
20260914,OD_PRODUCT,NATIVE,12,terminal_H,raw,1392,0.002796442053103914,0.003117255016572834
20260914,OD_PRODUCT,NATIVE,12,terminal_H,raw,1404,-0.006898535384934602,-0.00020170411350588764
20260914,OD_PRODUCT,NATIVE,12,terminal_H,raw,1416,-0.012270584169183179,-0.000661636183051007
20260914,OD_PRODUCT,NATIVE,12,terminal_H,raw,1428,-0.007385692999369188,-0.0005746767860063211
20260914,OD_PRODUCT,NATIVE,12,terminal_H,raw,1440,0.002884306172710347,0.003265538796074394
20260914,OD_PRODUCT,NATIVE,12,terminal_H,raw,1452,-0.007459735706189232,-0.00044375132744212207
20260914,OD_PRODUCT,NATIVE,12,terminal_H,raw,1464,0.030122286414824142,0.018623328013054927
20260914,OD_PRODUCT,NATIVE,12,terminal_H,raw,1476,-0.04126182299011533,-0.009591884532629654
20260914,OD_PRODUCT,NATIVE,12,terminal_H,raw,1488,-0.018836683717250804,-0.0011461365733170111
20260914,OD_PRODUCT,NATIVE,12,terminal_H,raw,1500,-0.020756219977167888,0.0012636799995510565
20260914,OD_PRODUCT,NATIVE,12,terminal_H,raw,1512,0.021545701722505455,0.008135116211465293
20260914,OD_PRODUCT,NATIVE,12,terminal_H,raw,1524,-0.02852958163189583,-0.010815404919372175
20260914,OD_PRODUCT,NATIVE,12,terminal_H,raw,1536,0.0012317808724288393,0.0009409524312966621
20260914,OD_PRODUCT,NATIVE,12,terminal_H,raw,1548,-0.019226890466623514,-0.004881095420795901
20260914,OD_PRODUCT,NATIVE,12,terminal_H,clip_0_1,1392,0.002796442053103914,0.003117255016572834
20260914,OD_PRODUCT,NATIVE,12,terminal_H,clip_0_1,1404,-0.006898535384934602,-0.00020170411350588764
20260914,OD_PRODUCT,NATIVE,12,terminal_H,clip_0_1,1416,-0.012270584169183179,-0.000661636183051007
20260914,OD_PRODUCT,NATIVE,12,terminal_H,clip_0_1,1428,-0.0071501027121934,-0.0005507751600997627
20260914,OD_PRODUCT,NATIVE,12,terminal_H,clip_0_1,1440,0.002884306172710347,0.003265538796074394
20260914,OD_PRODUCT,NATIVE,12,terminal_H,clip_0_1,1452,-0.0074193845258399985,-0.0004432966256158037
20260914,OD_PRODUCT,NATIVE,12,terminal_H,clip_0_1,1464,0.030129838412763066,0.01862334899781216
20260914,OD_PRODUCT,NATIVE,12,terminal_H,clip_0_1,1476,-0.04121019091406274,-0.009590809320536287
20260914,OD_PRODUCT,NATIVE,12,terminal_H,clip_0_1,1488,-0.01883668377104911,-0.0011461365733170116
20260914,OD_PRODUCT,NATIVE,12,terminal_H,clip_0_1,1500,-0.0207383345933776,0.0012655128882895924
20260914,OD_PRODUCT,NATIVE,12,terminal_H,clip_0_1,1512,0.02154570168470333,0.008135116196764465
20260914,OD_PRODUCT,NATIVE,12,terminal_H,clip_0_1,1524,-0.02852958163189583,-0.010815404919372175
20260914,OD_PRODUCT,NATIVE,12,terminal_H,clip_0_1,1536,0.0012317808724288393,0.0009409524312966621
20260914,OD_PRODUCT,NATIVE,12,terminal_H,clip_0_1,1548,-0.019184149141633085,-0.0048752074696817695
20260914,OD_PRODUCT,NATIVE,12,path_1_to_H,raw,1392,-0.007486168962050485,0.0006479220402456825
20260914,OD_PRODUCT,NATIVE,12,path_1_to_H,raw,1404,-0.008195844126402334,-0.0004765887695406285
20260914,OD_PRODUCT,NATIVE,12,path_1_to_H,raw,1416,-0.017990951366907086,-0.0014659364733466504
20260914,OD_PRODUCT,NATIVE,12,path_1_to_H,raw,1428,-0.007201811797126014,-0.0005639279942584667
20260914,OD_PRODUCT,NATIVE,12,path_1_to_H,raw,1440,-0.007362356714493305,0.00035539083627723265
20260914,OD_PRODUCT,NATIVE,12,path_1_to_H,raw,1452,-0.007902146677773515,-0.0005002816742081645
20260914,OD_PRODUCT,NATIVE,12,path_1_to_H,raw,1464,0.02035298182345805,0.013155914496912514
20260914,OD_PRODUCT,NATIVE,12,path_1_to_H,raw,1476,-0.04157713742710524,-0.006791048386028433
20260914,OD_PRODUCT,NATIVE,12,path_1_to_H,raw,1488,-0.013498382130898044,-0.0005352204214526425
20260914,OD_PRODUCT,NATIVE,12,path_1_to_H,raw,1500,-0.014821266508260962,-0.0009426081942148587
20260914,OD_PRODUCT,NATIVE,12,path_1_to_H,raw,1512,0.010177128644519931,0.005358543889495467
20260914,OD_PRODUCT,NATIVE,12,path_1_to_H,raw,1524,-0.015771979388010702,-0.0046243137907730075
20260914,OD_PRODUCT,NATIVE,12,path_1_to_H,raw,1536,-0.0018892915531767667,0.00036258515418627883
20260914,OD_PRODUCT,NATIVE,12,path_1_to_H,raw,1548,0.0002696957818204032,0.0012028348048415897
20260914,OD_PRODUCT,NATIVE,12,path_1_to_H,clip_0_1,1392,-0.007430290867502955,0.0006493971560619552
20260914,OD_PRODUCT,NATIVE,12,path_1_to_H,clip_0_1,1404,-0.008188641685242068,-0.00047581611902991835
20260914,OD_PRODUCT,NATIVE,12,path_1_to_H,clip_0_1,1416,-0.017861799827675363,-0.001455799905300816
20260914,OD_PRODUCT,NATIVE,12,path_1_to_H,clip_0_1,1428,-0.007112667183875058,-0.000550010288155031
20260914,OD_PRODUCT,NATIVE,12,path_1_to_H,clip_0_1,1440,-0.007248212988348783,0.00035878808618797404
20260914,OD_PRODUCT,NATIVE,12,path_1_to_H,clip_0_1,1452,-0.00788960304395612,-0.0005001584155029313
20260914,OD_PRODUCT,NATIVE,12,path_1_to_H,clip_0_1,1464,0.020375106703400935,0.013156060702050417
20260914,OD_PRODUCT,NATIVE,12,path_1_to_H,clip_0_1,1476,-0.04229383144641714,-0.006801805658204681
20260914,OD_PRODUCT,NATIVE,12,path_1_to_H,clip_0_1,1488,-0.013441844146731805,-0.000534497390862498
20260914,OD_PRODUCT,NATIVE,12,path_1_to_H,clip_0_1,1500,-0.014787413187494405,-0.0009391526872367891
20260914,OD_PRODUCT,NATIVE,12,path_1_to_H,clip_0_1,1512,0.010211754844457282,0.00536865285954509
20260914,OD_PRODUCT,NATIVE,12,path_1_to_H,clip_0_1,1524,-0.015773697613814943,-0.004624323533362724
20260914,OD_PRODUCT,NATIVE,12,path_1_to_H,clip_0_1,1536,-0.0018894236223377593,0.00036255387776997747
20260914,OD_PRODUCT,NATIVE,12,path_1_to_H,clip_0_1,1548,0.000300352148184939,0.0012089053528469066
