phase,dataset,series,K,scope,model_A,model_B,panel_start,independent_width,width_reduction,active_ambiguous_windows,components,mixed_sign_components,independent_bounds_provably_exact
initial,beijing,Aotizhongxin,24,full_station,constant,logistic,6570,0.0054071104650337,3.747440631557408e-06,23,1,1,False
initial,beijing,Aotizhongxin,24,full_station,constant,hist_gradient_boosting,6570,0.0050830493213124,0.0015576619050541,23,1,1,False
initial,beijing,Aotizhongxin,24,full_station,logistic,hist_gradient_boosting,6570,0.0023849026152862,0.0004124847251466,23,1,1,False
initial,beijing,Aotizhongxin,24,fixed_panel,constant,logistic,6570,0.0,0.0,0,0,0,True
initial,beijing,Aotizhongxin,24,fixed_panel,constant,hist_gradient_boosting,6570,0.0,0.0,0,0,0,True
initial,beijing,Aotizhongxin,24,fixed_panel,logistic,hist_gradient_boosting,6570,0.0,0.0,0,0,0,True
initial,beijing,Aotizhongxin,24,fixed_panel,constant,logistic,6738,0.0,0.0,0,0,0,True
initial,beijing,Aotizhongxin,24,fixed_panel,constant,hist_gradient_boosting,6738,0.0,0.0,0,0,0,True
initial,beijing,Aotizhongxin,24,fixed_panel,logistic,hist_gradient_boosting,6738,0.0,0.0,0,0,0,True
initial,beijing,Aotizhongxin,24,fixed_panel,constant,logistic,6906,0.0,0.0,0,0,0,True
initial,beijing,Aotizhongxin,24,fixed_panel,constant,hist_gradient_boosting,6906,0.0,0.0,0,0,0,True
initial,beijing,Aotizhongxin,24,fixed_panel,logistic,hist_gradient_boosting,6906,0.0,0.0,0,0,0,True
initial,beijing,Aotizhongxin,24,fixed_panel,constant,logistic,7074,0.0,0.0,0,0,0,True
initial,beijing,Aotizhongxin,24,fixed_panel,constant,hist_gradient_boosting,7074,0.0,0.0,0,0,0,True
initial,beijing,Aotizhongxin,24,fixed_panel,logistic,hist_gradient_boosting,7074,0.0,0.0,0,0,0,True
initial,beijing,Aotizhongxin,24,fixed_panel,constant,logistic,7242,0.0,0.0,0,0,0,True
initial,beijing,Aotizhongxin,24,fixed_panel,constant,hist_gradient_boosting,7242,0.0,0.0,0,0,0,True
initial,beijing,Aotizhongxin,24,fixed_panel,logistic,hist_gradient_boosting,7242,0.0,0.0,0,0,0,True
initial,beijing,Aotizhongxin,24,fixed_panel,constant,logistic,7410,0.0,0.0,0,0,0,True
initial,beijing,Aotizhongxin,24,fixed_panel,constant,hist_gradient_boosting,7410,0.0,0.0,0,0,0,True
initial,beijing,Aotizhongxin,24,fixed_panel,logistic,hist_gradient_boosting,7410,0.0,0.0,0,0,0,True
initial,beijing,Aotizhongxin,24,fixed_panel,constant,logistic,7578,0.0,0.0,0,0,0,True
initial,beijing,Aotizhongxin,24,fixed_panel,constant,hist_gradient_boosting,7578,0.0,0.0,0,0,0,True
initial,beijing,Aotizhongxin,24,fixed_panel,logistic,hist_gradient_boosting,7578,0.0,0.0,0,0,0,True
initial,beijing,Aotizhongxin,24,fixed_panel,constant,logistic,7746,0.0,0.0,0,0,0,True
initial,beijing,Aotizhongxin,24,fixed_panel,constant,hist_gradient_boosting,7746,0.0,0.0,0,0,0,True
initial,beijing,Aotizhongxin,24,fixed_panel,logistic,hist_gradient_boosting,7746,0.0,0.0,0,0,0,True
initial,beijing,Aotizhongxin,24,fixed_panel,constant,logistic,7914,0.0808083336395043,5.600485413025103e-05,23,1,1,False
initial,beijing,Aotizhongxin,24,fixed_panel,constant,hist_gradient_boosting,7914,0.0759652957192001,0.0232789886086367,23,1,1,False
initial,beijing,Aotizhongxin,24,fixed_panel,logistic,hist_gradient_boosting,7914,0.0356419583953466,0.0061645130992598,23,1,1,False
initial,beijing,Aotizhongxin,24,fixed_panel,constant,logistic,8082,0.0,0.0,0,0,0,True
initial,beijing,Aotizhongxin,24,fixed_panel,constant,hist_gradient_boosting,8082,0.0,0.0,0,0,0,True
initial,beijing,Aotizhongxin,24,fixed_panel,logistic,hist_gradient_boosting,8082,0.0,0.0,0,0,0,True
initial,beijing,Aotizhongxin,24,fixed_panel,constant,logistic,8250,0.0,0.0,0,0,0,True
initial,beijing,Aotizhongxin,24,fixed_panel,constant,hist_gradient_boosting,8250,0.0,0.0,0,0,0,True
initial,beijing,Aotizhongxin,24,fixed_panel,logistic,hist_gradient_boosting,8250,0.0,0.0,0,0,0,True
initial,beijing,Aotizhongxin,24,fixed_panel,constant,logistic,8418,0.0,0.0,0,0,0,True
initial,beijing,Aotizhongxin,24,fixed_panel,constant,hist_gradient_boosting,8418,0.0,0.0,0,0,0,True
initial,beijing,Aotizhongxin,24,fixed_panel,logistic,hist_gradient_boosting,8418,0.0,0.0,0,0,0,True
initial,beijing,Aotizhongxin,24,fixed_panel,constant,logistic,8586,0.0,0.0,0,0,0,True
initial,beijing,Aotizhongxin,24,fixed_panel,constant,hist_gradient_boosting,8586,0.0,0.0,0,0,0,True
initial,beijing,Aotizhongxin,24,fixed_panel,logistic,hist_gradient_boosting,8586,0.0,0.0,0,0,0,True
initial,beijing,Changping,24,full_station,constant,logistic,6570,0.0071227589819618,0.0002602206902291,23,1,1,False
initial,beijing,Changping,24,full_station,constant,hist_gradient_boosting,6570,0.0054209228640248,0.0002345914310384,23,1,1,False
initial,beijing,Changping,24,full_station,logistic,hist_gradient_boosting,6570,0.0020660497152797,0.0003898428565333,23,1,1,False
initial,beijing,Changping,24,fixed_panel,constant,logistic,6570,0.0,0.0,0,0,0,True
initial,beijing,Changping,24,fixed_panel,constant,hist_gradient_boosting,6570,0.0,0.0,0,0,0,True
initial,beijing,Changping,24,fixed_panel,logistic,hist_gradient_boosting,6570,0.0,0.0,0,0,0,True
initial,beijing,Changping,24,fixed_panel,constant,logistic,6738,0.0,0.0,0,0,0,True
initial,beijing,Changping,24,fixed_panel,constant,hist_gradient_boosting,6738,0.0,0.0,0,0,0,True
initial,beijing,Changping,24,fixed_panel,logistic,hist_gradient_boosting,6738,0.0,0.0,0,0,0,True
initial,beijing,Changping,24,fixed_panel,constant,logistic,6906,0.0,0.0,0,0,0,True
initial,beijing,Changping,24,fixed_panel,constant,hist_gradient_boosting,6906,0.0,0.0,0,0,0,True
initial,beijing,Changping,24,fixed_panel,logistic,hist_gradient_boosting,6906,0.0,0.0,0,0,0,True
initial,beijing,Changping,24,fixed_panel,constant,logistic,7074,0.0,0.0,0,0,0,True
initial,beijing,Changping,24,fixed_panel,constant,hist_gradient_boosting,7074,0.0,0.0,0,0,0,True
initial,beijing,Changping,24,fixed_panel,logistic,hist_gradient_boosting,7074,0.0,0.0,0,0,0,True
initial,beijing,Changping,24,fixed_panel,constant,logistic,7242,0.0,0.0,0,0,0,True
initial,beijing,Changping,24,fixed_panel,constant,hist_gradient_boosting,7242,0.0,0.0,0,0,0,True
initial,beijing,Changping,24,fixed_panel,logistic,hist_gradient_boosting,7242,0.0,0.0,0,0,0,True
initial,beijing,Changping,24,fixed_panel,constant,logistic,7410,0.0,0.0,0,0,0,True
initial,beijing,Changping,24,fixed_panel,constant,hist_gradient_boosting,7410,0.0,0.0,0,0,0,True
initial,beijing,Changping,24,fixed_panel,logistic,hist_gradient_boosting,7410,0.0,0.0,0,0,0,True
initial,beijing,Changping,24,fixed_panel,constant,logistic,7578,0.0,0.0,0,0,0,True
initial,beijing,Changping,24,fixed_panel,constant,hist_gradient_boosting,7578,0.0,0.0,0,0,0,True
initial,beijing,Changping,24,fixed_panel,logistic,hist_gradient_boosting,7578,0.0,0.0,0,0,0,True
initial,beijing,Changping,24,fixed_panel,constant,logistic,7746,0.0,0.0,0,0,0,True
initial,beijing,Changping,24,fixed_panel,constant,hist_gradient_boosting,7746,0.0,0.0,0,0,0,True
initial,beijing,Changping,24,fixed_panel,logistic,hist_gradient_boosting,7746,0.0,0.0,0,0,0,True
initial,beijing,Changping,24,fixed_panel,constant,logistic,7914,0.1064484049235262,0.003888953349838,23,1,1,False
initial,beijing,Changping,24,fixed_panel,constant,hist_gradient_boosting,7914,0.0810147575609782,0.0035059284900713,23,1,1,False
initial,beijing,Changping,24,fixed_panel,logistic,hist_gradient_boosting,7914,0.030876756779387,0.0058261342766058,23,1,1,False
initial,beijing,Changping,24,fixed_panel,constant,logistic,8082,0.0,0.0,0,0,0,True
initial,beijing,Changping,24,fixed_panel,constant,hist_gradient_boosting,8082,0.0,0.0,0,0,0,True
initial,beijing,Changping,24,fixed_panel,logistic,hist_gradient_boosting,8082,0.0,0.0,0,0,0,True
initial,beijing,Changping,24,fixed_panel,constant,logistic,8250,0.0,0.0,0,0,0,True
initial,beijing,Changping,24,fixed_panel,constant,hist_gradient_boosting,8250,0.0,0.0,0,0,0,True
initial,beijing,Changping,24,fixed_panel,logistic,hist_gradient_boosting,8250,0.0,0.0,0,0,0,True
initial,beijing,Changping,24,fixed_panel,constant,logistic,8418,0.0,0.0,0,0,0,True
initial,beijing,Changping,24,fixed_panel,constant,hist_gradient_boosting,8418,0.0,0.0,0,0,0,True
initial,beijing,Changping,24,fixed_panel,logistic,hist_gradient_boosting,8418,0.0,0.0,0,0,0,True
initial,beijing,Changping,24,fixed_panel,constant,logistic,8586,0.0,0.0,0,0,0,True
initial,beijing,Changping,24,fixed_panel,constant,hist_gradient_boosting,8586,0.0,0.0,0,0,0,True
initial,beijing,Changping,24,fixed_panel,logistic,hist_gradient_boosting,8586,0.0,0.0,0,0,0,True
initial,beijing,Dingling,24,full_station,constant,logistic,6570,0.0084553633697558,1.1102230246251563e-16,29,3,0,True
initial,beijing,Dingling,24,full_station,constant,hist_gradient_boosting,6570,0.0071681509374243,8.326672684688674e-17,29,3,0,True
initial,beijing,Dingling,24,full_station,logistic,hist_gradient_boosting,6570,0.0028340151792167,0.0015468027468851,29,3,1,False
initial,beijing,Dingling,24,fixed_panel,constant,logistic,6570,0.0,0.0,0,0,0,True
initial,beijing,Dingling,24,fixed_panel,constant,hist_gradient_boosting,6570,0.0,0.0,0,0,0,True
initial,beijing,Dingling,24,fixed_panel,logistic,hist_gradient_boosting,6570,0.0,0.0,0,0,0,True
initial,beijing,Dingling,24,fixed_panel,constant,logistic,6738,0.0,0.0,0,0,0,True
initial,beijing,Dingling,24,fixed_panel,constant,hist_gradient_boosting,6738,0.0,0.0,0,0,0,True
initial,beijing,Dingling,24,fixed_panel,logistic,hist_gradient_boosting,6738,0.0,0.0,0,0,0,True
initial,beijing,Dingling,24,fixed_panel,constant,logistic,6906,0.0,0.0,0,0,0,True
initial,beijing,Dingling,24,fixed_panel,constant,hist_gradient_boosting,6906,0.0,0.0,0,0,0,True
initial,beijing,Dingling,24,fixed_panel,logistic,hist_gradient_boosting,6906,0.0,0.0,0,0,0,True
initial,beijing,Dingling,24,fixed_panel,constant,logistic,7074,0.0,0.0,0,0,0,True
initial,beijing,Dingling,24,fixed_panel,constant,hist_gradient_boosting,7074,0.0,0.0,0,0,0,True
initial,beijing,Dingling,24,fixed_panel,logistic,hist_gradient_boosting,7074,0.0,0.0,0,0,0,True
initial,beijing,Dingling,24,fixed_panel,constant,logistic,7242,0.0,0.0,0,0,0,True
initial,beijing,Dingling,24,fixed_panel,constant,hist_gradient_boosting,7242,0.0,0.0,0,0,0,True
initial,beijing,Dingling,24,fixed_panel,logistic,hist_gradient_boosting,7242,0.0,0.0,0,0,0,True
initial,beijing,Dingling,24,fixed_panel,constant,logistic,7410,0.0,0.0,0,0,0,True
initial,beijing,Dingling,24,fixed_panel,constant,hist_gradient_boosting,7410,0.0,0.0,0,0,0,True
initial,beijing,Dingling,24,fixed_panel,logistic,hist_gradient_boosting,7410,0.0,0.0,0,0,0,True
initial,beijing,Dingling,24,fixed_panel,constant,logistic,7578,0.0,0.0,0,0,0,True
initial,beijing,Dingling,24,fixed_panel,constant,hist_gradient_boosting,7578,0.0,0.0,0,0,0,True
initial,beijing,Dingling,24,fixed_panel,logistic,hist_gradient_boosting,7578,0.0,0.0,0,0,0,True
initial,beijing,Dingling,24,fixed_panel,constant,logistic,7746,0.0,0.0,0,0,0,True
initial,beijing,Dingling,24,fixed_panel,constant,hist_gradient_boosting,7746,0.0,0.0,0,0,0,True
initial,beijing,Dingling,24,fixed_panel,logistic,hist_gradient_boosting,7746,0.0,0.0,0,0,0,True
initial,beijing,Dingling,24,fixed_panel,constant,logistic,7914,0.1038388347776412,-2.775557561562892e-17,23,1,0,True
initial,beijing,Dingling,24,fixed_panel,constant,hist_gradient_boosting,7914,0.0889918969692547,2.775557561562892e-17,23,1,0,True
initial,beijing,Dingling,24,fixed_panel,logistic,hist_gradient_boosting,7914,0.0379636381704568,0.0231167003620702,23,1,1,False
initial,beijing,Dingling,24,fixed_panel,constant,logistic,8082,0.0190788802798561,2.775557561562892e-17,5,1,0,True
initial,beijing,Dingling,24,fixed_panel,constant,hist_gradient_boosting,8082,0.0171242269385738,-4.163336342344337e-17,5,1,0,True
initial,beijing,Dingling,24,fixed_panel,logistic,hist_gradient_boosting,8082,0.0019546533412822,1.3877787807814457e-17,5,1,0,True
initial,beijing,Dingling,24,fixed_panel,constant,logistic,8250,0.0034462326822331,-5.551115123125783e-17,1,1,0,True
initial,beijing,Dingling,24,fixed_panel,constant,hist_gradient_boosting,8250,0.0010106559638848,0.0,1,1,0,True
initial,beijing,Dingling,24,fixed_panel,logistic,hist_gradient_boosting,8250,0.0024355767183483,0.0,1,1,0,True
initial,beijing,Dingling,24,fixed_panel,constant,logistic,8418,0.0,0.0,0,0,0,True
initial,beijing,Dingling,24,fixed_panel,constant,hist_gradient_boosting,8418,0.0,0.0,0,0,0,True
initial,beijing,Dingling,24,fixed_panel,logistic,hist_gradient_boosting,8418,0.0,0.0,0,0,0,True
initial,beijing,Dingling,24,fixed_panel,constant,logistic,8586,0.0,0.0,0,0,0,True
initial,beijing,Dingling,24,fixed_panel,constant,hist_gradient_boosting,8586,0.0,0.0,0,0,0,True
initial,beijing,Dingling,24,fixed_panel,logistic,hist_gradient_boosting,8586,0.0,0.0,0,0,0,True
initial,beijing,Dongsi,24,full_station,constant,logistic,6570,0.0060368047660706,5.551115123125783e-17,23,1,0,True
initial,beijing,Dongsi,24,full_station,constant,hist_gradient_boosting,6570,0.0042774940664256,0.0004140050653151,23,1,1,False
initial,beijing,Dongsi,24,full_station,logistic,hist_gradient_boosting,6570,0.0022882909486062,0.0001004052626391,23,1,1,False
initial,beijing,Dongsi,24,fixed_panel,constant,logistic,6570,0.0,0.0,0,0,0,True
initial,beijing,Dongsi,24,fixed_panel,constant,hist_gradient_boosting,6570,0.0,0.0,0,0,0,True
initial,beijing,Dongsi,24,fixed_panel,logistic,hist_gradient_boosting,6570,0.0,0.0,0,0,0,True
initial,beijing,Dongsi,24,fixed_panel,constant,logistic,6738,0.0,0.0,0,0,0,True
initial,beijing,Dongsi,24,fixed_panel,constant,hist_gradient_boosting,6738,0.0,0.0,0,0,0,True
initial,beijing,Dongsi,24,fixed_panel,logistic,hist_gradient_boosting,6738,0.0,0.0,0,0,0,True
initial,beijing,Dongsi,24,fixed_panel,constant,logistic,6906,0.0,0.0,0,0,0,True
initial,beijing,Dongsi,24,fixed_panel,constant,hist_gradient_boosting,6906,0.0,0.0,0,0,0,True
initial,beijing,Dongsi,24,fixed_panel,logistic,hist_gradient_boosting,6906,0.0,0.0,0,0,0,True
initial,beijing,Dongsi,24,fixed_panel,constant,logistic,7074,0.0,0.0,0,0,0,True
initial,beijing,Dongsi,24,fixed_panel,constant,hist_gradient_boosting,7074,0.0,0.0,0,0,0,True
initial,beijing,Dongsi,24,fixed_panel,logistic,hist_gradient_boosting,7074,0.0,0.0,0,0,0,True
initial,beijing,Dongsi,24,fixed_panel,constant,logistic,7242,0.0,0.0,0,0,0,True
initial,beijing,Dongsi,24,fixed_panel,constant,hist_gradient_boosting,7242,0.0,0.0,0,0,0,True
initial,beijing,Dongsi,24,fixed_panel,logistic,hist_gradient_boosting,7242,0.0,0.0,0,0,0,True
initial,beijing,Dongsi,24,fixed_panel,constant,logistic,7410,0.0,0.0,0,0,0,True
initial,beijing,Dongsi,24,fixed_panel,constant,hist_gradient_boosting,7410,0.0,0.0,0,0,0,True
initial,beijing,Dongsi,24,fixed_panel,logistic,hist_gradient_boosting,7410,0.0,0.0,0,0,0,True
initial,beijing,Dongsi,24,fixed_panel,constant,logistic,7578,0.0,0.0,0,0,0,True
initial,beijing,Dongsi,24,fixed_panel,constant,hist_gradient_boosting,7578,0.0,0.0,0,0,0,True
initial,beijing,Dongsi,24,fixed_panel,logistic,hist_gradient_boosting,7578,0.0,0.0,0,0,0,True
initial,beijing,Dongsi,24,fixed_panel,constant,logistic,7746,0.0,0.0,0,0,0,True
initial,beijing,Dongsi,24,fixed_panel,constant,hist_gradient_boosting,7746,0.0,0.0,0,0,0,True
initial,beijing,Dongsi,24,fixed_panel,logistic,hist_gradient_boosting,7746,0.0,0.0,0,0,0,True
initial,beijing,Dongsi,24,fixed_panel,constant,logistic,7914,0.0902190064005181,8.326672684688674e-17,23,1,0,True
initial,beijing,Dongsi,24,fixed_panel,constant,hist_gradient_boosting,7914,0.0639264113237547,0.006187234320951,23,1,1,False
initial,beijing,Dongsi,24,fixed_panel,logistic,hist_gradient_boosting,7914,0.0341981136939989,0.0015005393388901,23,1,1,False
initial,beijing,Dongsi,24,fixed_panel,constant,logistic,8082,0.0,0.0,0,0,0,True
initial,beijing,Dongsi,24,fixed_panel,constant,hist_gradient_boosting,8082,0.0,0.0,0,0,0,True
initial,beijing,Dongsi,24,fixed_panel,logistic,hist_gradient_boosting,8082,0.0,0.0,0,0,0,True
initial,beijing,Dongsi,24,fixed_panel,constant,logistic,8250,0.0,0.0,0,0,0,True
initial,beijing,Dongsi,24,fixed_panel,constant,hist_gradient_boosting,8250,0.0,0.0,0,0,0,True
initial,beijing,Dongsi,24,fixed_panel,logistic,hist_gradient_boosting,8250,0.0,0.0,0,0,0,True
initial,beijing,Dongsi,24,fixed_panel,constant,logistic,8418,0.0,0.0,0,0,0,True
initial,beijing,Dongsi,24,fixed_panel,constant,hist_gradient_boosting,8418,0.0,0.0,0,0,0,True
initial,beijing,Dongsi,24,fixed_panel,logistic,hist_gradient_boosting,8418,0.0,0.0,0,0,0,True
initial,beijing,Dongsi,24,fixed_panel,constant,logistic,8586,0.0,0.0,0,0,0,True
initial,beijing,Dongsi,24,fixed_panel,constant,hist_gradient_boosting,8586,0.0,0.0,0,0,0,True
initial,beijing,Dongsi,24,fixed_panel,logistic,hist_gradient_boosting,8586,0.0,0.0,0,0,0,True
initial,beijing,Guanyuan,24,full_station,constant,logistic,6570,0.0069713858725028,-1.1102230246251563e-16,27,3,0,True
initial,beijing,Guanyuan,24,full_station,constant,hist_gradient_boosting,6570,0.0056631095450155,0.001247411680999,27,3,1,False
initial,beijing,Guanyuan,24,full_station,logistic,hist_gradient_boosting,6570,0.0030110669106454,0.0003962002364563,27,3,1,False
initial,beijing,Guanyuan,24,fixed_panel,constant,logistic,6570,0.0,0.0,0,0,0,True
initial,beijing,Guanyuan,24,fixed_panel,constant,hist_gradient_boosting,6570,0.0,0.0,0,0,0,True
initial,beijing,Guanyuan,24,fixed_panel,logistic,hist_gradient_boosting,6570,0.0,0.0,0,0,0,True
initial,beijing,Guanyuan,24,fixed_panel,constant,logistic,6738,0.0,0.0,0,0,0,True
initial,beijing,Guanyuan,24,fixed_panel,constant,hist_gradient_boosting,6738,0.0,0.0,0,0,0,True
initial,beijing,Guanyuan,24,fixed_panel,logistic,hist_gradient_boosting,6738,0.0,0.0,0,0,0,True
initial,beijing,Guanyuan,24,fixed_panel,constant,logistic,6906,0.0,0.0,0,0,0,True
initial,beijing,Guanyuan,24,fixed_panel,constant,hist_gradient_boosting,6906,0.0,0.0,0,0,0,True
initial,beijing,Guanyuan,24,fixed_panel,logistic,hist_gradient_boosting,6906,0.0,0.0,0,0,0,True
initial,beijing,Guanyuan,24,fixed_panel,constant,logistic,7074,0.0,0.0,0,0,0,True
initial,beijing,Guanyuan,24,fixed_panel,constant,hist_gradient_boosting,7074,0.0,0.0,0,0,0,True
initial,beijing,Guanyuan,24,fixed_panel,logistic,hist_gradient_boosting,7074,0.0,0.0,0,0,0,True
initial,beijing,Guanyuan,24,fixed_panel,constant,logistic,7242,0.0,0.0,0,0,0,True
initial,beijing,Guanyuan,24,fixed_panel,constant,hist_gradient_boosting,7242,0.0,0.0,0,0,0,True
initial,beijing,Guanyuan,24,fixed_panel,logistic,hist_gradient_boosting,7242,0.0,0.0,0,0,0,True
initial,beijing,Guanyuan,24,fixed_panel,constant,logistic,7410,0.0,0.0,0,0,0,True
initial,beijing,Guanyuan,24,fixed_panel,constant,hist_gradient_boosting,7410,0.0,0.0,0,0,0,True
initial,beijing,Guanyuan,24,fixed_panel,logistic,hist_gradient_boosting,7410,0.0,0.0,0,0,0,True
initial,beijing,Guanyuan,24,fixed_panel,constant,logistic,7578,0.0,0.0,0,0,0,True
initial,beijing,Guanyuan,24,fixed_panel,constant,hist_gradient_boosting,7578,0.0,0.0,0,0,0,True
initial,beijing,Guanyuan,24,fixed_panel,logistic,hist_gradient_boosting,7578,0.0,0.0,0,0,0,True
initial,beijing,Guanyuan,24,fixed_panel,constant,logistic,7746,0.0,0.0,0,0,0,True
initial,beijing,Guanyuan,24,fixed_panel,constant,hist_gradient_boosting,7746,0.0,0.0,0,0,0,True
initial,beijing,Guanyuan,24,fixed_panel,logistic,hist_gradient_boosting,7746,0.0,0.0,0,0,0,True
initial,beijing,Guanyuan,24,fixed_panel,constant,logistic,7914,0.0918947048719706,5.551115123125783e-17,24,2,0,True
initial,beijing,Guanyuan,24,fixed_panel,constant,hist_gradient_boosting,7914,0.0740959744548995,0.0186423525015506,24,2,1,False
initial,beijing,Guanyuan,24,fixed_panel,logistic,hist_gradient_boosting,7914,0.0432466420977864,0.0059211442234538,24,2,1,False
initial,beijing,Guanyuan,24,fixed_panel,constant,logistic,8082,0.0,0.0,0,0,0,True
initial,beijing,Guanyuan,24,fixed_panel,constant,hist_gradient_boosting,8082,0.0,0.0,0,0,0,True
initial,beijing,Guanyuan,24,fixed_panel,logistic,hist_gradient_boosting,8082,0.0,0.0,0,0,0,True
initial,beijing,Guanyuan,24,fixed_panel,constant,logistic,8250,0.0,0.0,0,0,0,True
initial,beijing,Guanyuan,24,fixed_panel,constant,hist_gradient_boosting,8250,0.0,0.0,0,0,0,True
initial,beijing,Guanyuan,24,fixed_panel,logistic,hist_gradient_boosting,8250,0.0,0.0,0,0,0,True
initial,beijing,Guanyuan,24,fixed_panel,constant,logistic,8418,0.0,0.0,0,0,0,True
initial,beijing,Guanyuan,24,fixed_panel,constant,hist_gradient_boosting,8418,0.0,0.0,0,0,0,True
initial,beijing,Guanyuan,24,fixed_panel,logistic,hist_gradient_boosting,8418,0.0,0.0,0,0,0,True
initial,beijing,Guanyuan,24,fixed_panel,constant,logistic,8586,0.0,0.0,0,0,0,True
initial,beijing,Guanyuan,24,fixed_panel,constant,hist_gradient_boosting,8586,0.0,0.0,0,0,0,True
initial,beijing,Guanyuan,24,fixed_panel,logistic,hist_gradient_boosting,8586,0.0,0.0,0,0,0,True
initial,beijing,Gucheng,24,full_station,constant,logistic,6570,0.0037408263818723,0.000334612175496,21,1,1,False
initial,beijing,Gucheng,24,full_station,constant,hist_gradient_boosting,6570,0.0047701786401963,0.0033102898668116,21,1,1,False
initial,beijing,Gucheng,24,full_station,logistic,hist_gradient_boosting,6570,0.0024338315274643,0.0003404473026971,21,1,1,False
initial,beijing,Gucheng,24,fixed_panel,constant,logistic,6570,0.0,0.0,0,0,0,True
initial,beijing,Gucheng,24,fixed_panel,constant,hist_gradient_boosting,6570,0.0,0.0,0,0,0,True
initial,beijing,Gucheng,24,fixed_panel,logistic,hist_gradient_boosting,6570,0.0,0.0,0,0,0,True
initial,beijing,Gucheng,24,fixed_panel,constant,logistic,6738,0.0,0.0,0,0,0,True
initial,beijing,Gucheng,24,fixed_panel,constant,hist_gradient_boosting,6738,0.0,0.0,0,0,0,True
initial,beijing,Gucheng,24,fixed_panel,logistic,hist_gradient_boosting,6738,0.0,0.0,0,0,0,True
initial,beijing,Gucheng,24,fixed_panel,constant,logistic,6906,0.0,0.0,0,0,0,True
initial,beijing,Gucheng,24,fixed_panel,constant,hist_gradient_boosting,6906,0.0,0.0,0,0,0,True
initial,beijing,Gucheng,24,fixed_panel,logistic,hist_gradient_boosting,6906,0.0,0.0,0,0,0,True
initial,beijing,Gucheng,24,fixed_panel,constant,logistic,7074,0.0,0.0,0,0,0,True
initial,beijing,Gucheng,24,fixed_panel,constant,hist_gradient_boosting,7074,0.0,0.0,0,0,0,True
initial,beijing,Gucheng,24,fixed_panel,logistic,hist_gradient_boosting,7074,0.0,0.0,0,0,0,True
initial,beijing,Gucheng,24,fixed_panel,constant,logistic,7242,0.0,0.0,0,0,0,True
initial,beijing,Gucheng,24,fixed_panel,constant,hist_gradient_boosting,7242,0.0,0.0,0,0,0,True
initial,beijing,Gucheng,24,fixed_panel,logistic,hist_gradient_boosting,7242,0.0,0.0,0,0,0,True
initial,beijing,Gucheng,24,fixed_panel,constant,logistic,7410,0.0,0.0,0,0,0,True
initial,beijing,Gucheng,24,fixed_panel,constant,hist_gradient_boosting,7410,0.0,0.0,0,0,0,True
initial,beijing,Gucheng,24,fixed_panel,logistic,hist_gradient_boosting,7410,0.0,0.0,0,0,0,True
initial,beijing,Gucheng,24,fixed_panel,constant,logistic,7578,0.0,0.0,0,0,0,True
initial,beijing,Gucheng,24,fixed_panel,constant,hist_gradient_boosting,7578,0.0,0.0,0,0,0,True
initial,beijing,Gucheng,24,fixed_panel,logistic,hist_gradient_boosting,7578,0.0,0.0,0,0,0,True
initial,beijing,Gucheng,24,fixed_panel,constant,logistic,7746,0.0,0.0,0,0,0,True
initial,beijing,Gucheng,24,fixed_panel,constant,hist_gradient_boosting,7746,0.0,0.0,0,0,0,True
initial,beijing,Gucheng,24,fixed_panel,logistic,hist_gradient_boosting,7746,0.0,0.0,0,0,0,True
initial,beijing,Gucheng,24,fixed_panel,constant,logistic,7914,0.0559060053070169,0.0050007212710342,21,1,1,False
initial,beijing,Gucheng,24,fixed_panel,constant,hist_gradient_boosting,7914,0.0712894973331408,0.0494717113198694,21,1,1,False
initial,beijing,Gucheng,24,fixed_panel,logistic,hist_gradient_boosting,7914,0.0363731925518298,0.0050879262409967,21,1,1,False
initial,beijing,Gucheng,24,fixed_panel,constant,logistic,8082,0.0,0.0,0,0,0,True
initial,beijing,Gucheng,24,fixed_panel,constant,hist_gradient_boosting,8082,0.0,0.0,0,0,0,True
initial,beijing,Gucheng,24,fixed_panel,logistic,hist_gradient_boosting,8082,0.0,0.0,0,0,0,True
initial,beijing,Gucheng,24,fixed_panel,constant,logistic,8250,0.0,0.0,0,0,0,True
initial,beijing,Gucheng,24,fixed_panel,constant,hist_gradient_boosting,8250,0.0,0.0,0,0,0,True
initial,beijing,Gucheng,24,fixed_panel,logistic,hist_gradient_boosting,8250,0.0,0.0,0,0,0,True
initial,beijing,Gucheng,24,fixed_panel,constant,logistic,8418,0.0,0.0,0,0,0,True
initial,beijing,Gucheng,24,fixed_panel,constant,hist_gradient_boosting,8418,0.0,0.0,0,0,0,True
initial,beijing,Gucheng,24,fixed_panel,logistic,hist_gradient_boosting,8418,0.0,0.0,0,0,0,True
initial,beijing,Gucheng,24,fixed_panel,constant,logistic,8586,0.0,0.0,0,0,0,True
initial,beijing,Gucheng,24,fixed_panel,constant,hist_gradient_boosting,8586,0.0,0.0,0,0,0,True
initial,beijing,Gucheng,24,fixed_panel,logistic,hist_gradient_boosting,8586,0.0,0.0,0,0,0,True
initial,beijing,Huairou,24,full_station,constant,logistic,6570,0.016154274686693,0.0004108724691414,71,3,2,False
initial,beijing,Huairou,24,full_station,constant,hist_gradient_boosting,6570,0.0210694776476829,0.0022244158541849,71,3,2,False
initial,beijing,Huairou,24,full_station,logistic,hist_gradient_boosting,6570,0.0088235668083069,0.0008983606731232,71,3,2,False
initial,beijing,Huairou,24,fixed_panel,constant,logistic,6570,0.0245281678974873,0.0,5,1,0,True
initial,beijing,Huairou,24,fixed_panel,constant,hist_gradient_boosting,6570,0.0407812917294769,0.0,5,1,0,True
initial,beijing,Huairou,24,fixed_panel,logistic,hist_gradient_boosting,6570,0.0162531238319896,1.0408340855860844e-17,5,1,0,True
initial,beijing,Huairou,24,fixed_panel,constant,logistic,6738,0.0,0.0,0,0,0,True
initial,beijing,Huairou,24,fixed_panel,constant,hist_gradient_boosting,6738,0.0,0.0,0,0,0,True
initial,beijing,Huairou,24,fixed_panel,logistic,hist_gradient_boosting,6738,0.0,0.0,0,0,0,True
initial,beijing,Huairou,24,fixed_panel,constant,logistic,6906,0.134344573951653,-2.775557561562892e-17,31,1,0,True
initial,beijing,Huairou,24,fixed_panel,constant,hist_gradient_boosting,6906,0.1865151950633847,0.0029874635660945,31,1,1,False
initial,beijing,Huairou,24,fixed_panel,logistic,hist_gradient_boosting,6906,0.0632418327669308,0.0109673045433321,31,1,1,False
initial,beijing,Huairou,24,fixed_panel,constant,logistic,7074,0.0,0.0,0,0,0,True
initial,beijing,Huairou,24,fixed_panel,constant,hist_gradient_boosting,7074,0.0,0.0,0,0,0,True
initial,beijing,Huairou,24,fixed_panel,logistic,hist_gradient_boosting,7074,0.0,0.0,0,0,0,True
initial,beijing,Huairou,24,fixed_panel,constant,logistic,7242,0.0,0.0,0,0,0,True
initial,beijing,Huairou,24,fixed_panel,constant,hist_gradient_boosting,7242,0.0,0.0,0,0,0,True
initial,beijing,Huairou,24,fixed_panel,logistic,hist_gradient_boosting,7242,0.0,0.0,0,0,0,True
initial,beijing,Huairou,24,fixed_panel,constant,logistic,7410,0.0,0.0,0,0,0,True
initial,beijing,Huairou,24,fixed_panel,constant,hist_gradient_boosting,7410,0.0,0.0,0,0,0,True
initial,beijing,Huairou,24,fixed_panel,logistic,hist_gradient_boosting,7410,0.0,0.0,0,0,0,True
initial,beijing,Huairou,24,fixed_panel,constant,logistic,7578,0.0,0.0,0,0,0,True
initial,beijing,Huairou,24,fixed_panel,constant,hist_gradient_boosting,7578,0.0,0.0,0,0,0,True
initial,beijing,Huairou,24,fixed_panel,logistic,hist_gradient_boosting,7578,0.0,0.0,0,0,0,True
initial,beijing,Huairou,24,fixed_panel,constant,logistic,7746,0.0,0.0,0,0,0,True
initial,beijing,Huairou,24,fixed_panel,constant,hist_gradient_boosting,7746,0.0,0.0,0,0,0,True
initial,beijing,Huairou,24,fixed_panel,logistic,hist_gradient_boosting,7746,0.0,0.0,0,0,0,True
initial,beijing,Huairou,24,fixed_panel,constant,logistic,7914,0.0700647498249164,0.0059749026026569,21,1,1,False
initial,beijing,Huairou,24,fixed_panel,constant,hist_gradient_boosting,7914,0.0588534623081187,0.0302560478547225,21,1,1,False
initial,beijing,Huairou,24,fixed_panel,logistic,hist_gradient_boosting,7914,0.0357962934531591,0.0003038606842957,21,1,1,False
initial,beijing,Huairou,24,fixed_panel,constant,logistic,8082,0.0,0.0,0,0,0,True
initial,beijing,Huairou,24,fixed_panel,constant,hist_gradient_boosting,8082,0.0,0.0,0,0,0,True
initial,beijing,Huairou,24,fixed_panel,logistic,hist_gradient_boosting,8082,0.0,0.0,0,0,0,True
initial,beijing,Huairou,24,fixed_panel,constant,logistic,8250,0.0,0.0,0,0,0,True
initial,beijing,Huairou,24,fixed_panel,constant,hist_gradient_boosting,8250,0.0,0.0,0,0,0,True
initial,beijing,Huairou,24,fixed_panel,logistic,hist_gradient_boosting,8250,0.0,0.0,0,0,0,True
initial,beijing,Huairou,24,fixed_panel,constant,logistic,8418,0.0,0.0,0,0,0,True
initial,beijing,Huairou,24,fixed_panel,constant,hist_gradient_boosting,8418,0.0,0.0,0,0,0,True
initial,beijing,Huairou,24,fixed_panel,logistic,hist_gradient_boosting,8418,0.0,0.0,0,0,0,True
initial,beijing,Huairou,24,fixed_panel,constant,logistic,8586,0.0,0.0,0,0,0,True
initial,beijing,Huairou,24,fixed_panel,constant,hist_gradient_boosting,8586,0.0,0.0,0,0,0,True
initial,beijing,Huairou,24,fixed_panel,logistic,hist_gradient_boosting,8586,0.0,0.0,0,0,0,True
initial,beijing,Nongzhanguan,24,full_station,constant,logistic,6570,0.006002354705031,1.1102230246251563e-16,23,1,0,True
initial,beijing,Nongzhanguan,24,full_station,constant,hist_gradient_boosting,6570,0.0040397702036609,9.564722109983367e-05,23,1,1,False
initial,beijing,Nongzhanguan,24,full_station,logistic,hist_gradient_boosting,6570,0.0022205902608251,9.438326622697792e-05,23,1,1,False
initial,beijing,Nongzhanguan,24,fixed_panel,constant,logistic,6570,0.0,0.0,0,0,0,True
initial,beijing,Nongzhanguan,24,fixed_panel,constant,hist_gradient_boosting,6570,0.0,0.0,0,0,0,True
initial,beijing,Nongzhanguan,24,fixed_panel,logistic,hist_gradient_boosting,6570,0.0,0.0,0,0,0,True
initial,beijing,Nongzhanguan,24,fixed_panel,constant,logistic,6738,0.0,0.0,0,0,0,True
initial,beijing,Nongzhanguan,24,fixed_panel,constant,hist_gradient_boosting,6738,0.0,0.0,0,0,0,True
initial,beijing,Nongzhanguan,24,fixed_panel,logistic,hist_gradient_boosting,6738,0.0,0.0,0,0,0,True
initial,beijing,Nongzhanguan,24,fixed_panel,constant,logistic,6906,0.0,0.0,0,0,0,True
initial,beijing,Nongzhanguan,24,fixed_panel,constant,hist_gradient_boosting,6906,0.0,0.0,0,0,0,True
initial,beijing,Nongzhanguan,24,fixed_panel,logistic,hist_gradient_boosting,6906,0.0,0.0,0,0,0,True
initial,beijing,Nongzhanguan,24,fixed_panel,constant,logistic,7074,0.0,0.0,0,0,0,True
initial,beijing,Nongzhanguan,24,fixed_panel,constant,hist_gradient_boosting,7074,0.0,0.0,0,0,0,True
initial,beijing,Nongzhanguan,24,fixed_panel,logistic,hist_gradient_boosting,7074,0.0,0.0,0,0,0,True
initial,beijing,Nongzhanguan,24,fixed_panel,constant,logistic,7242,0.0,0.0,0,0,0,True
initial,beijing,Nongzhanguan,24,fixed_panel,constant,hist_gradient_boosting,7242,0.0,0.0,0,0,0,True
initial,beijing,Nongzhanguan,24,fixed_panel,logistic,hist_gradient_boosting,7242,0.0,0.0,0,0,0,True
initial,beijing,Nongzhanguan,24,fixed_panel,constant,logistic,7410,0.0,0.0,0,0,0,True
initial,beijing,Nongzhanguan,24,fixed_panel,constant,hist_gradient_boosting,7410,0.0,0.0,0,0,0,True
initial,beijing,Nongzhanguan,24,fixed_panel,logistic,hist_gradient_boosting,7410,0.0,0.0,0,0,0,True
initial,beijing,Nongzhanguan,24,fixed_panel,constant,logistic,7578,0.0,0.0,0,0,0,True
initial,beijing,Nongzhanguan,24,fixed_panel,constant,hist_gradient_boosting,7578,0.0,0.0,0,0,0,True
initial,beijing,Nongzhanguan,24,fixed_panel,logistic,hist_gradient_boosting,7578,0.0,0.0,0,0,0,True
initial,beijing,Nongzhanguan,24,fixed_panel,constant,logistic,7746,0.0,0.0,0,0,0,True
initial,beijing,Nongzhanguan,24,fixed_panel,constant,hist_gradient_boosting,7746,0.0,0.0,0,0,0,True
initial,beijing,Nongzhanguan,24,fixed_panel,logistic,hist_gradient_boosting,7746,0.0,0.0,0,0,0,True
initial,beijing,Nongzhanguan,24,fixed_panel,constant,logistic,7914,0.0897041561779459,-1.1102230246251563e-16,23,1,0,True
initial,beijing,Nongzhanguan,24,fixed_panel,constant,hist_gradient_boosting,7914,0.0603736691816084,0.0014294312284365,23,1,1,False
initial,beijing,Nongzhanguan,24,fixed_panel,logistic,hist_gradient_boosting,7914,0.0331863385876417,0.0014105416407855,23,1,1,False
initial,beijing,Nongzhanguan,24,fixed_panel,constant,logistic,8082,0.0,0.0,0,0,0,True
initial,beijing,Nongzhanguan,24,fixed_panel,constant,hist_gradient_boosting,8082,0.0,0.0,0,0,0,True
initial,beijing,Nongzhanguan,24,fixed_panel,logistic,hist_gradient_boosting,8082,0.0,0.0,0,0,0,True
initial,beijing,Nongzhanguan,24,fixed_panel,constant,logistic,8250,0.0,0.0,0,0,0,True
initial,beijing,Nongzhanguan,24,fixed_panel,constant,hist_gradient_boosting,8250,0.0,0.0,0,0,0,True
initial,beijing,Nongzhanguan,24,fixed_panel,logistic,hist_gradient_boosting,8250,0.0,0.0,0,0,0,True
initial,beijing,Nongzhanguan,24,fixed_panel,constant,logistic,8418,0.0,0.0,0,0,0,True
initial,beijing,Nongzhanguan,24,fixed_panel,constant,hist_gradient_boosting,8418,0.0,0.0,0,0,0,True
initial,beijing,Nongzhanguan,24,fixed_panel,logistic,hist_gradient_boosting,8418,0.0,0.0,0,0,0,True
initial,beijing,Nongzhanguan,24,fixed_panel,constant,logistic,8586,0.0,0.0,0,0,0,True
initial,beijing,Nongzhanguan,24,fixed_panel,constant,hist_gradient_boosting,8586,0.0,0.0,0,0,0,True
initial,beijing,Nongzhanguan,24,fixed_panel,logistic,hist_gradient_boosting,8586,0.0,0.0,0,0,0,True
initial,beijing,Shunyi,24,full_station,constant,logistic,6570,0.0074895556222959,-2.775557561562892e-17,24,2,0,True
initial,beijing,Shunyi,24,full_station,constant,hist_gradient_boosting,6570,0.0056060783948917,2.0816681711721685e-17,24,2,0,True
initial,beijing,Shunyi,24,full_station,logistic,hist_gradient_boosting,6570,0.0021676943537847,0.0002842171263805,24,2,1,False
initial,beijing,Shunyi,24,fixed_panel,constant,logistic,6570,0.0,0.0,0,0,0,True
initial,beijing,Shunyi,24,fixed_panel,constant,hist_gradient_boosting,6570,0.0,0.0,0,0,0,True
initial,beijing,Shunyi,24,fixed_panel,logistic,hist_gradient_boosting,6570,0.0,0.0,0,0,0,True
initial,beijing,Shunyi,24,fixed_panel,constant,logistic,6738,0.0,0.0,0,0,0,True
initial,beijing,Shunyi,24,fixed_panel,constant,hist_gradient_boosting,6738,0.0,0.0,0,0,0,True
initial,beijing,Shunyi,24,fixed_panel,logistic,hist_gradient_boosting,6738,0.0,0.0,0,0,0,True
initial,beijing,Shunyi,24,fixed_panel,constant,logistic,6906,0.0,0.0,0,0,0,True
initial,beijing,Shunyi,24,fixed_panel,constant,hist_gradient_boosting,6906,0.0,0.0,0,0,0,True
initial,beijing,Shunyi,24,fixed_panel,logistic,hist_gradient_boosting,6906,0.0,0.0,0,0,0,True
initial,beijing,Shunyi,24,fixed_panel,constant,logistic,7074,0.0,0.0,0,0,0,True
initial,beijing,Shunyi,24,fixed_panel,constant,hist_gradient_boosting,7074,0.0,0.0,0,0,0,True
initial,beijing,Shunyi,24,fixed_panel,logistic,hist_gradient_boosting,7074,0.0,0.0,0,0,0,True
initial,beijing,Shunyi,24,fixed_panel,constant,logistic,7242,0.0,0.0,0,0,0,True
initial,beijing,Shunyi,24,fixed_panel,constant,hist_gradient_boosting,7242,0.0,0.0,0,0,0,True
initial,beijing,Shunyi,24,fixed_panel,logistic,hist_gradient_boosting,7242,0.0,0.0,0,0,0,True
initial,beijing,Shunyi,24,fixed_panel,constant,logistic,7410,0.0,0.0,0,0,0,True
initial,beijing,Shunyi,24,fixed_panel,constant,hist_gradient_boosting,7410,0.0,0.0,0,0,0,True
initial,beijing,Shunyi,24,fixed_panel,logistic,hist_gradient_boosting,7410,0.0,0.0,0,0,0,True
initial,beijing,Shunyi,24,fixed_panel,constant,logistic,7578,0.0,0.0,0,0,0,True
initial,beijing,Shunyi,24,fixed_panel,constant,hist_gradient_boosting,7578,0.0,0.0,0,0,0,True
initial,beijing,Shunyi,24,fixed_panel,logistic,hist_gradient_boosting,7578,0.0,0.0,0,0,0,True
initial,beijing,Shunyi,24,fixed_panel,constant,logistic,7746,0.0,0.0,0,0,0,True
initial,beijing,Shunyi,24,fixed_panel,constant,hist_gradient_boosting,7746,0.0,0.0,0,0,0,True
initial,beijing,Shunyi,24,fixed_panel,logistic,hist_gradient_boosting,7746,0.0,0.0,0,0,0,True
initial,beijing,Shunyi,24,fixed_panel,constant,logistic,7914,0.1119301174725191,0.0,24,2,0,True
initial,beijing,Shunyi,24,fixed_panel,constant,hist_gradient_boosting,7914,0.0837818750464164,-5.551115123125783e-17,24,2,0,True
initial,beijing,Shunyi,24,fixed_panel,logistic,hist_gradient_boosting,7914,0.0323958183769079,0.0042475759508052,24,2,1,False
initial,beijing,Shunyi,24,fixed_panel,constant,logistic,8082,0.0,0.0,0,0,0,True
initial,beijing,Shunyi,24,fixed_panel,constant,hist_gradient_boosting,8082,0.0,0.0,0,0,0,True
initial,beijing,Shunyi,24,fixed_panel,logistic,hist_gradient_boosting,8082,0.0,0.0,0,0,0,True
initial,beijing,Shunyi,24,fixed_panel,constant,logistic,8250,0.0,0.0,0,0,0,True
initial,beijing,Shunyi,24,fixed_panel,constant,hist_gradient_boosting,8250,0.0,0.0,0,0,0,True
initial,beijing,Shunyi,24,fixed_panel,logistic,hist_gradient_boosting,8250,0.0,0.0,0,0,0,True
initial,beijing,Shunyi,24,fixed_panel,constant,logistic,8418,0.0,0.0,0,0,0,True
initial,beijing,Shunyi,24,fixed_panel,constant,hist_gradient_boosting,8418,0.0,0.0,0,0,0,True
initial,beijing,Shunyi,24,fixed_panel,logistic,hist_gradient_boosting,8418,0.0,0.0,0,0,0,True
initial,beijing,Shunyi,24,fixed_panel,constant,logistic,8586,0.0,0.0,0,0,0,True
initial,beijing,Shunyi,24,fixed_panel,constant,hist_gradient_boosting,8586,0.0,0.0,0,0,0,True
initial,beijing,Shunyi,24,fixed_panel,logistic,hist_gradient_boosting,8586,0.0,0.0,0,0,0,True
initial,beijing,Tiantan,24,full_station,constant,logistic,6570,0.0102414715578059,2.775557561562892e-17,36,2,0,True
initial,beijing,Tiantan,24,full_station,constant,hist_gradient_boosting,6570,0.0113636687985604,0.0004977330693936,36,2,1,False
initial,beijing,Tiantan,24,full_station,logistic,hist_gradient_boosting,6570,0.0049437065187171,5.0350512409501336e-05,36,2,1,False
initial,beijing,Tiantan,24,fixed_panel,constant,logistic,6570,0.0,0.0,0,0,0,True
initial,beijing,Tiantan,24,fixed_panel,constant,hist_gradient_boosting,6570,0.0,0.0,0,0,0,True
initial,beijing,Tiantan,24,fixed_panel,logistic,hist_gradient_boosting,6570,0.0,0.0,0,0,0,True
initial,beijing,Tiantan,24,fixed_panel,constant,logistic,6738,0.0,0.0,0,0,0,True
initial,beijing,Tiantan,24,fixed_panel,constant,hist_gradient_boosting,6738,0.0,0.0,0,0,0,True
initial,beijing,Tiantan,24,fixed_panel,logistic,hist_gradient_boosting,6738,0.0,0.0,0,0,0,True
initial,beijing,Tiantan,24,fixed_panel,constant,logistic,6906,0.0,0.0,0,0,0,True
initial,beijing,Tiantan,24,fixed_panel,constant,hist_gradient_boosting,6906,0.0,0.0,0,0,0,True
initial,beijing,Tiantan,24,fixed_panel,logistic,hist_gradient_boosting,6906,0.0,0.0,0,0,0,True
initial,beijing,Tiantan,24,fixed_panel,constant,logistic,7074,0.0,0.0,0,0,0,True
initial,beijing,Tiantan,24,fixed_panel,constant,hist_gradient_boosting,7074,0.0,0.0,0,0,0,True
initial,beijing,Tiantan,24,fixed_panel,logistic,hist_gradient_boosting,7074,0.0,0.0,0,0,0,True
initial,beijing,Tiantan,24,fixed_panel,constant,logistic,7242,0.0,0.0,0,0,0,True
initial,beijing,Tiantan,24,fixed_panel,constant,hist_gradient_boosting,7242,0.0,0.0,0,0,0,True
initial,beijing,Tiantan,24,fixed_panel,logistic,hist_gradient_boosting,7242,0.0,0.0,0,0,0,True
initial,beijing,Tiantan,24,fixed_panel,constant,logistic,7410,0.0,0.0,0,0,0,True
initial,beijing,Tiantan,24,fixed_panel,constant,hist_gradient_boosting,7410,0.0,0.0,0,0,0,True
initial,beijing,Tiantan,24,fixed_panel,logistic,hist_gradient_boosting,7410,0.0,0.0,0,0,0,True
initial,beijing,Tiantan,24,fixed_panel,constant,logistic,7578,0.0,0.0,0,0,0,True
initial,beijing,Tiantan,24,fixed_panel,constant,hist_gradient_boosting,7578,0.0,0.0,0,0,0,True
initial,beijing,Tiantan,24,fixed_panel,logistic,hist_gradient_boosting,7578,0.0,0.0,0,0,0,True
initial,beijing,Tiantan,24,fixed_panel,constant,logistic,7746,0.0,0.0,0,0,0,True
initial,beijing,Tiantan,24,fixed_panel,constant,hist_gradient_boosting,7746,0.0,0.0,0,0,0,True
initial,beijing,Tiantan,24,fixed_panel,logistic,hist_gradient_boosting,7746,0.0,0.0,0,0,0,True
initial,beijing,Tiantan,24,fixed_panel,constant,logistic,7914,0.0894423150840052,4.163336342344337e-17,23,1,0,True
initial,beijing,Tiantan,24,fixed_panel,constant,hist_gradient_boosting,7914,0.0649819237613234,0.0074385349060403,23,1,1,False
initial,beijing,Tiantan,24,fixed_panel,logistic,hist_gradient_boosting,7914,0.0326514059555588,0.0007524797268367,23,1,1,False
initial,beijing,Tiantan,24,fixed_panel,constant,logistic,8082,0.0,0.0,0,0,0,True
initial,beijing,Tiantan,24,fixed_panel,constant,hist_gradient_boosting,8082,0.0,0.0,0,0,0,True
initial,beijing,Tiantan,24,fixed_panel,logistic,hist_gradient_boosting,8082,0.0,0.0,0,0,0,True
initial,beijing,Tiantan,24,fixed_panel,constant,logistic,8250,0.0636147115764456,6.938893903907227e-17,13,1,0,True
initial,beijing,Tiantan,24,fixed_panel,constant,hist_gradient_boosting,8250,0.1048461471799217,-5.551115123125783e-17,13,1,0,True
initial,beijing,Tiantan,24,fixed_panel,logistic,hist_gradient_boosting,8250,0.0412314356034761,-4.163336342344337e-17,13,1,0,True
initial,beijing,Tiantan,24,fixed_panel,constant,logistic,8418,0.0,0.0,0,0,0,True
initial,beijing,Tiantan,24,fixed_panel,constant,hist_gradient_boosting,8418,0.0,0.0,0,0,0,True
initial,beijing,Tiantan,24,fixed_panel,logistic,hist_gradient_boosting,8418,0.0,0.0,0,0,0,True
initial,beijing,Tiantan,24,fixed_panel,constant,logistic,8586,0.0,0.0,0,0,0,True
initial,beijing,Tiantan,24,fixed_panel,constant,hist_gradient_boosting,8586,0.0,0.0,0,0,0,True
initial,beijing,Tiantan,24,fixed_panel,logistic,hist_gradient_boosting,8586,0.0,0.0,0,0,0,True
initial,beijing,Wanliu,24,full_station,constant,logistic,6570,0.0038355269966578,0.0011111377622231,20,1,1,False
initial,beijing,Wanliu,24,full_station,constant,hist_gradient_boosting,6570,0.0050953739194125,0.0023018912489026,20,1,1,False
initial,beijing,Wanliu,24,full_station,logistic,hist_gradient_boosting,6570,0.0014360768999409,0.0013669834638655,20,1,1,False
initial,beijing,Wanliu,24,fixed_panel,constant,logistic,6570,0.0,0.0,0,0,0,True
initial,beijing,Wanliu,24,fixed_panel,constant,hist_gradient_boosting,6570,0.0,0.0,0,0,0,True
initial,beijing,Wanliu,24,fixed_panel,logistic,hist_gradient_boosting,6570,0.0,0.0,0,0,0,True
initial,beijing,Wanliu,24,fixed_panel,constant,logistic,6738,0.0,0.0,0,0,0,True
initial,beijing,Wanliu,24,fixed_panel,constant,hist_gradient_boosting,6738,0.0,0.0,0,0,0,True
initial,beijing,Wanliu,24,fixed_panel,logistic,hist_gradient_boosting,6738,0.0,0.0,0,0,0,True
initial,beijing,Wanliu,24,fixed_panel,constant,logistic,6906,0.0,0.0,0,0,0,True
initial,beijing,Wanliu,24,fixed_panel,constant,hist_gradient_boosting,6906,0.0,0.0,0,0,0,True
initial,beijing,Wanliu,24,fixed_panel,logistic,hist_gradient_boosting,6906,0.0,0.0,0,0,0,True
initial,beijing,Wanliu,24,fixed_panel,constant,logistic,7074,0.0,0.0,0,0,0,True
initial,beijing,Wanliu,24,fixed_panel,constant,hist_gradient_boosting,7074,0.0,0.0,0,0,0,True
initial,beijing,Wanliu,24,fixed_panel,logistic,hist_gradient_boosting,7074,0.0,0.0,0,0,0,True
initial,beijing,Wanliu,24,fixed_panel,constant,logistic,7242,0.0,0.0,0,0,0,True
initial,beijing,Wanliu,24,fixed_panel,constant,hist_gradient_boosting,7242,0.0,0.0,0,0,0,True
initial,beijing,Wanliu,24,fixed_panel,logistic,hist_gradient_boosting,7242,0.0,0.0,0,0,0,True
initial,beijing,Wanliu,24,fixed_panel,constant,logistic,7410,0.0,0.0,0,0,0,True
initial,beijing,Wanliu,24,fixed_panel,constant,hist_gradient_boosting,7410,0.0,0.0,0,0,0,True
initial,beijing,Wanliu,24,fixed_panel,logistic,hist_gradient_boosting,7410,0.0,0.0,0,0,0,True
initial,beijing,Wanliu,24,fixed_panel,constant,logistic,7578,0.0,0.0,0,0,0,True
initial,beijing,Wanliu,24,fixed_panel,constant,hist_gradient_boosting,7578,0.0,0.0,0,0,0,True
initial,beijing,Wanliu,24,fixed_panel,logistic,hist_gradient_boosting,7578,0.0,0.0,0,0,0,True
initial,beijing,Wanliu,24,fixed_panel,constant,logistic,7746,0.0,0.0,0,0,0,True
initial,beijing,Wanliu,24,fixed_panel,constant,hist_gradient_boosting,7746,0.0,0.0,0,0,0,True
initial,beijing,Wanliu,24,fixed_panel,logistic,hist_gradient_boosting,7746,0.0,0.0,0,0,0,True
initial,beijing,Wanliu,24,fixed_panel,constant,logistic,7914,0.0573212896672932,0.0166057622809503,20,1,1,False
initial,beijing,Wanliu,24,fixed_panel,constant,hist_gradient_boosting,7914,0.076149484712876,0.0344013678370476,20,1,1,False
initial,beijing,Wanliu,24,fixed_panel,logistic,hist_gradient_boosting,7914,0.0214619216701523,0.0204293321806668,20,1,1,False
initial,beijing,Wanliu,24,fixed_panel,constant,logistic,8082,0.0,0.0,0,0,0,True
initial,beijing,Wanliu,24,fixed_panel,constant,hist_gradient_boosting,8082,0.0,0.0,0,0,0,True
initial,beijing,Wanliu,24,fixed_panel,logistic,hist_gradient_boosting,8082,0.0,0.0,0,0,0,True
initial,beijing,Wanliu,24,fixed_panel,constant,logistic,8250,0.0,0.0,0,0,0,True
initial,beijing,Wanliu,24,fixed_panel,constant,hist_gradient_boosting,8250,0.0,0.0,0,0,0,True
initial,beijing,Wanliu,24,fixed_panel,logistic,hist_gradient_boosting,8250,0.0,0.0,0,0,0,True
initial,beijing,Wanliu,24,fixed_panel,constant,logistic,8418,0.0,0.0,0,0,0,True
initial,beijing,Wanliu,24,fixed_panel,constant,hist_gradient_boosting,8418,0.0,0.0,0,0,0,True
initial,beijing,Wanliu,24,fixed_panel,logistic,hist_gradient_boosting,8418,0.0,0.0,0,0,0,True
initial,beijing,Wanliu,24,fixed_panel,constant,logistic,8586,0.0,0.0,0,0,0,True
initial,beijing,Wanliu,24,fixed_panel,constant,hist_gradient_boosting,8586,0.0,0.0,0,0,0,True
initial,beijing,Wanliu,24,fixed_panel,logistic,hist_gradient_boosting,8586,0.0,0.0,0,0,0,True
initial,beijing,Wanshouxigong,24,full_station,constant,logistic,6570,0.0057870706028744,0.0001952383964728,27,2,1,False
initial,beijing,Wanshouxigong,24,full_station,constant,hist_gradient_boosting,6570,0.0049341630935882,0.0013768897535262,27,2,1,False
initial,beijing,Wanshouxigong,24,full_station,logistic,hist_gradient_boosting,6570,0.0026428524300922,0.0006082935637524,27,2,1,False
initial,beijing,Wanshouxigong,24,fixed_panel,constant,logistic,6570,0.0,0.0,0,0,0,True
initial,beijing,Wanshouxigong,24,fixed_panel,constant,hist_gradient_boosting,6570,0.0,0.0,0,0,0,True
initial,beijing,Wanshouxigong,24,fixed_panel,logistic,hist_gradient_boosting,6570,0.0,0.0,0,0,0,True
initial,beijing,Wanshouxigong,24,fixed_panel,constant,logistic,6738,0.0,0.0,0,0,0,True
initial,beijing,Wanshouxigong,24,fixed_panel,constant,hist_gradient_boosting,6738,0.0,0.0,0,0,0,True
initial,beijing,Wanshouxigong,24,fixed_panel,logistic,hist_gradient_boosting,6738,0.0,0.0,0,0,0,True
initial,beijing,Wanshouxigong,24,fixed_panel,constant,logistic,6906,0.0,0.0,0,0,0,True
initial,beijing,Wanshouxigong,24,fixed_panel,constant,hist_gradient_boosting,6906,0.0,0.0,0,0,0,True
initial,beijing,Wanshouxigong,24,fixed_panel,logistic,hist_gradient_boosting,6906,0.0,0.0,0,0,0,True
initial,beijing,Wanshouxigong,24,fixed_panel,constant,logistic,7074,0.0,0.0,0,0,0,True
initial,beijing,Wanshouxigong,24,fixed_panel,constant,hist_gradient_boosting,7074,0.0,0.0,0,0,0,True
initial,beijing,Wanshouxigong,24,fixed_panel,logistic,hist_gradient_boosting,7074,0.0,0.0,0,0,0,True
initial,beijing,Wanshouxigong,24,fixed_panel,constant,logistic,7242,0.0,0.0,0,0,0,True
initial,beijing,Wanshouxigong,24,fixed_panel,constant,hist_gradient_boosting,7242,0.0,0.0,0,0,0,True
initial,beijing,Wanshouxigong,24,fixed_panel,logistic,hist_gradient_boosting,7242,0.0,0.0,0,0,0,True
initial,beijing,Wanshouxigong,24,fixed_panel,constant,logistic,7410,0.0,0.0,0,0,0,True
initial,beijing,Wanshouxigong,24,fixed_panel,constant,hist_gradient_boosting,7410,0.0,0.0,0,0,0,True
initial,beijing,Wanshouxigong,24,fixed_panel,logistic,hist_gradient_boosting,7410,0.0,0.0,0,0,0,True
initial,beijing,Wanshouxigong,24,fixed_panel,constant,logistic,7578,0.0,0.0,0,0,0,True
initial,beijing,Wanshouxigong,24,fixed_panel,constant,hist_gradient_boosting,7578,0.0,0.0,0,0,0,True
initial,beijing,Wanshouxigong,24,fixed_panel,logistic,hist_gradient_boosting,7578,0.0,0.0,0,0,0,True
initial,beijing,Wanshouxigong,24,fixed_panel,constant,logistic,7746,0.0,0.0,0,0,0,True
initial,beijing,Wanshouxigong,24,fixed_panel,constant,hist_gradient_boosting,7746,0.0,0.0,0,0,0,True
initial,beijing,Wanshouxigong,24,fixed_panel,logistic,hist_gradient_boosting,7746,0.0,0.0,0,0,0,True
initial,beijing,Wanshouxigong,24,fixed_panel,constant,logistic,7914,0.0697687808184473,0.0029178041734919,23,1,1,False
initial,beijing,Wanshouxigong,24,fixed_panel,constant,hist_gradient_boosting,7914,0.0595465480365656,0.0205773799716649,23,1,1,False
initial,beijing,Wanshouxigong,24,fixed_panel,logistic,hist_gradient_boosting,7914,0.0369726510121337,0.0090908424320791,23,1,1,False
initial,beijing,Wanshouxigong,24,fixed_panel,constant,logistic,8082,0.0,0.0,0,0,0,True
initial,beijing,Wanshouxigong,24,fixed_panel,constant,hist_gradient_boosting,8082,0.0,0.0,0,0,0,True
initial,beijing,Wanshouxigong,24,fixed_panel,logistic,hist_gradient_boosting,8082,0.0,0.0,0,0,0,True
initial,beijing,Wanshouxigong,24,fixed_panel,constant,logistic,8250,0.0,0.0,0,0,0,True
initial,beijing,Wanshouxigong,24,fixed_panel,constant,hist_gradient_boosting,8250,0.0,0.0,0,0,0,True
initial,beijing,Wanshouxigong,24,fixed_panel,logistic,hist_gradient_boosting,8250,0.0,0.0,0,0,0,True
initial,beijing,Wanshouxigong,24,fixed_panel,constant,logistic,8418,0.0,0.0,0,0,0,True
initial,beijing,Wanshouxigong,24,fixed_panel,constant,hist_gradient_boosting,8418,0.0,0.0,0,0,0,True
initial,beijing,Wanshouxigong,24,fixed_panel,logistic,hist_gradient_boosting,8418,0.0,0.0,0,0,0,True
initial,beijing,Wanshouxigong,24,fixed_panel,constant,logistic,8586,0.0,0.0,0,0,0,True
initial,beijing,Wanshouxigong,24,fixed_panel,constant,hist_gradient_boosting,8586,0.0,0.0,0,0,0,True
initial,beijing,Wanshouxigong,24,fixed_panel,logistic,hist_gradient_boosting,8586,0.0,0.0,0,0,0,True
initial,beijing,Aotizhongxin,72,full_station,constant,logistic,6570,0.0,0.0,0,0,0,True
initial,beijing,Aotizhongxin,72,full_station,constant,hist_gradient_boosting,6570,0.0,0.0,0,0,0,True
initial,beijing,Aotizhongxin,72,full_station,logistic,hist_gradient_boosting,6570,0.0,0.0,0,0,0,True
initial,beijing,Aotizhongxin,72,fixed_panel,constant,logistic,6570,0.0,0.0,0,0,0,True
initial,beijing,Aotizhongxin,72,fixed_panel,constant,hist_gradient_boosting,6570,0.0,0.0,0,0,0,True
initial,beijing,Aotizhongxin,72,fixed_panel,logistic,hist_gradient_boosting,6570,0.0,0.0,0,0,0,True
initial,beijing,Aotizhongxin,72,fixed_panel,constant,logistic,6738,0.0,0.0,0,0,0,True
initial,beijing,Aotizhongxin,72,fixed_panel,constant,hist_gradient_boosting,6738,0.0,0.0,0,0,0,True
initial,beijing,Aotizhongxin,72,fixed_panel,logistic,hist_gradient_boosting,6738,0.0,0.0,0,0,0,True
initial,beijing,Aotizhongxin,72,fixed_panel,constant,logistic,6906,0.0,0.0,0,0,0,True
initial,beijing,Aotizhongxin,72,fixed_panel,constant,hist_gradient_boosting,6906,0.0,0.0,0,0,0,True
initial,beijing,Aotizhongxin,72,fixed_panel,logistic,hist_gradient_boosting,6906,0.0,0.0,0,0,0,True
initial,beijing,Aotizhongxin,72,fixed_panel,constant,logistic,7074,0.0,0.0,0,0,0,True
initial,beijing,Aotizhongxin,72,fixed_panel,constant,hist_gradient_boosting,7074,0.0,0.0,0,0,0,True
initial,beijing,Aotizhongxin,72,fixed_panel,logistic,hist_gradient_boosting,7074,0.0,0.0,0,0,0,True
initial,beijing,Aotizhongxin,72,fixed_panel,constant,logistic,7242,0.0,0.0,0,0,0,True
initial,beijing,Aotizhongxin,72,fixed_panel,constant,hist_gradient_boosting,7242,0.0,0.0,0,0,0,True
initial,beijing,Aotizhongxin,72,fixed_panel,logistic,hist_gradient_boosting,7242,0.0,0.0,0,0,0,True
initial,beijing,Aotizhongxin,72,fixed_panel,constant,logistic,7410,0.0,0.0,0,0,0,True
initial,beijing,Aotizhongxin,72,fixed_panel,constant,hist_gradient_boosting,7410,0.0,0.0,0,0,0,True
initial,beijing,Aotizhongxin,72,fixed_panel,logistic,hist_gradient_boosting,7410,0.0,0.0,0,0,0,True
initial,beijing,Aotizhongxin,72,fixed_panel,constant,logistic,7578,0.0,0.0,0,0,0,True
initial,beijing,Aotizhongxin,72,fixed_panel,constant,hist_gradient_boosting,7578,0.0,0.0,0,0,0,True
initial,beijing,Aotizhongxin,72,fixed_panel,logistic,hist_gradient_boosting,7578,0.0,0.0,0,0,0,True
initial,beijing,Aotizhongxin,72,fixed_panel,constant,logistic,7746,0.0,0.0,0,0,0,True
initial,beijing,Aotizhongxin,72,fixed_panel,constant,hist_gradient_boosting,7746,0.0,0.0,0,0,0,True
initial,beijing,Aotizhongxin,72,fixed_panel,logistic,hist_gradient_boosting,7746,0.0,0.0,0,0,0,True
initial,beijing,Aotizhongxin,72,fixed_panel,constant,logistic,7914,0.0,0.0,0,0,0,True
initial,beijing,Aotizhongxin,72,fixed_panel,constant,hist_gradient_boosting,7914,0.0,0.0,0,0,0,True
initial,beijing,Aotizhongxin,72,fixed_panel,logistic,hist_gradient_boosting,7914,0.0,0.0,0,0,0,True
initial,beijing,Aotizhongxin,72,fixed_panel,constant,logistic,8082,0.0,0.0,0,0,0,True
initial,beijing,Aotizhongxin,72,fixed_panel,constant,hist_gradient_boosting,8082,0.0,0.0,0,0,0,True
initial,beijing,Aotizhongxin,72,fixed_panel,logistic,hist_gradient_boosting,8082,0.0,0.0,0,0,0,True
initial,beijing,Aotizhongxin,72,fixed_panel,constant,logistic,8250,0.0,0.0,0,0,0,True
initial,beijing,Aotizhongxin,72,fixed_panel,constant,hist_gradient_boosting,8250,0.0,0.0,0,0,0,True
initial,beijing,Aotizhongxin,72,fixed_panel,logistic,hist_gradient_boosting,8250,0.0,0.0,0,0,0,True
initial,beijing,Aotizhongxin,72,fixed_panel,constant,logistic,8418,0.0,0.0,0,0,0,True
initial,beijing,Aotizhongxin,72,fixed_panel,constant,hist_gradient_boosting,8418,0.0,0.0,0,0,0,True
initial,beijing,Aotizhongxin,72,fixed_panel,logistic,hist_gradient_boosting,8418,0.0,0.0,0,0,0,True
initial,beijing,Aotizhongxin,72,fixed_panel,constant,logistic,8586,0.0,0.0,0,0,0,True
initial,beijing,Aotizhongxin,72,fixed_panel,constant,hist_gradient_boosting,8586,0.0,0.0,0,0,0,True
initial,beijing,Aotizhongxin,72,fixed_panel,logistic,hist_gradient_boosting,8586,0.0,0.0,0,0,0,True
initial,beijing,Changping,72,full_station,constant,logistic,6570,0.0,0.0,0,0,0,True
initial,beijing,Changping,72,full_station,constant,hist_gradient_boosting,6570,0.0,0.0,0,0,0,True
initial,beijing,Changping,72,full_station,logistic,hist_gradient_boosting,6570,0.0,0.0,0,0,0,True
initial,beijing,Changping,72,fixed_panel,constant,logistic,6570,0.0,0.0,0,0,0,True
initial,beijing,Changping,72,fixed_panel,constant,hist_gradient_boosting,6570,0.0,0.0,0,0,0,True
initial,beijing,Changping,72,fixed_panel,logistic,hist_gradient_boosting,6570,0.0,0.0,0,0,0,True
initial,beijing,Changping,72,fixed_panel,constant,logistic,6738,0.0,0.0,0,0,0,True
initial,beijing,Changping,72,fixed_panel,constant,hist_gradient_boosting,6738,0.0,0.0,0,0,0,True
initial,beijing,Changping,72,fixed_panel,logistic,hist_gradient_boosting,6738,0.0,0.0,0,0,0,True
initial,beijing,Changping,72,fixed_panel,constant,logistic,6906,0.0,0.0,0,0,0,True
initial,beijing,Changping,72,fixed_panel,constant,hist_gradient_boosting,6906,0.0,0.0,0,0,0,True
initial,beijing,Changping,72,fixed_panel,logistic,hist_gradient_boosting,6906,0.0,0.0,0,0,0,True
initial,beijing,Changping,72,fixed_panel,constant,logistic,7074,0.0,0.0,0,0,0,True
initial,beijing,Changping,72,fixed_panel,constant,hist_gradient_boosting,7074,0.0,0.0,0,0,0,True
initial,beijing,Changping,72,fixed_panel,logistic,hist_gradient_boosting,7074,0.0,0.0,0,0,0,True
initial,beijing,Changping,72,fixed_panel,constant,logistic,7242,0.0,0.0,0,0,0,True
initial,beijing,Changping,72,fixed_panel,constant,hist_gradient_boosting,7242,0.0,0.0,0,0,0,True
initial,beijing,Changping,72,fixed_panel,logistic,hist_gradient_boosting,7242,0.0,0.0,0,0,0,True
initial,beijing,Changping,72,fixed_panel,constant,logistic,7410,0.0,0.0,0,0,0,True
initial,beijing,Changping,72,fixed_panel,constant,hist_gradient_boosting,7410,0.0,0.0,0,0,0,True
initial,beijing,Changping,72,fixed_panel,logistic,hist_gradient_boosting,7410,0.0,0.0,0,0,0,True
initial,beijing,Changping,72,fixed_panel,constant,logistic,7578,0.0,0.0,0,0,0,True
initial,beijing,Changping,72,fixed_panel,constant,hist_gradient_boosting,7578,0.0,0.0,0,0,0,True
initial,beijing,Changping,72,fixed_panel,logistic,hist_gradient_boosting,7578,0.0,0.0,0,0,0,True
initial,beijing,Changping,72,fixed_panel,constant,logistic,7746,0.0,0.0,0,0,0,True
initial,beijing,Changping,72,fixed_panel,constant,hist_gradient_boosting,7746,0.0,0.0,0,0,0,True
initial,beijing,Changping,72,fixed_panel,logistic,hist_gradient_boosting,7746,0.0,0.0,0,0,0,True
initial,beijing,Changping,72,fixed_panel,constant,logistic,7914,0.0,0.0,0,0,0,True
initial,beijing,Changping,72,fixed_panel,constant,hist_gradient_boosting,7914,0.0,0.0,0,0,0,True
initial,beijing,Changping,72,fixed_panel,logistic,hist_gradient_boosting,7914,0.0,0.0,0,0,0,True
initial,beijing,Changping,72,fixed_panel,constant,logistic,8082,0.0,0.0,0,0,0,True
initial,beijing,Changping,72,fixed_panel,constant,hist_gradient_boosting,8082,0.0,0.0,0,0,0,True
initial,beijing,Changping,72,fixed_panel,logistic,hist_gradient_boosting,8082,0.0,0.0,0,0,0,True
initial,beijing,Changping,72,fixed_panel,constant,logistic,8250,0.0,0.0,0,0,0,True
initial,beijing,Changping,72,fixed_panel,constant,hist_gradient_boosting,8250,0.0,0.0,0,0,0,True
initial,beijing,Changping,72,fixed_panel,logistic,hist_gradient_boosting,8250,0.0,0.0,0,0,0,True
initial,beijing,Changping,72,fixed_panel,constant,logistic,8418,0.0,0.0,0,0,0,True
initial,beijing,Changping,72,fixed_panel,constant,hist_gradient_boosting,8418,0.0,0.0,0,0,0,True
initial,beijing,Changping,72,fixed_panel,logistic,hist_gradient_boosting,8418,0.0,0.0,0,0,0,True
initial,beijing,Changping,72,fixed_panel,constant,logistic,8586,0.0,0.0,0,0,0,True
initial,beijing,Changping,72,fixed_panel,constant,hist_gradient_boosting,8586,0.0,0.0,0,0,0,True
initial,beijing,Changping,72,fixed_panel,logistic,hist_gradient_boosting,8586,0.0,0.0,0,0,0,True
initial,beijing,Dingling,72,full_station,constant,logistic,6570,1.346748065497727e-08,-1.0408340855860844e-17,1,1,0,True
initial,beijing,Dingling,72,full_station,constant,hist_gradient_boosting,6570,2.947766348221359e-05,-1.3010426069826053e-17,1,1,0,True
initial,beijing,Dingling,72,full_station,logistic,hist_gradient_boosting,6570,2.9491130962878972e-05,0.0,1,1,0,True
initial,beijing,Dingling,72,fixed_panel,constant,logistic,6570,0.0,0.0,0,0,0,True
initial,beijing,Dingling,72,fixed_panel,constant,hist_gradient_boosting,6570,0.0,0.0,0,0,0,True
initial,beijing,Dingling,72,fixed_panel,logistic,hist_gradient_boosting,6570,0.0,0.0,0,0,0,True
initial,beijing,Dingling,72,fixed_panel,constant,logistic,6738,0.0,0.0,0,0,0,True
initial,beijing,Dingling,72,fixed_panel,constant,hist_gradient_boosting,6738,0.0,0.0,0,0,0,True
initial,beijing,Dingling,72,fixed_panel,logistic,hist_gradient_boosting,6738,0.0,0.0,0,0,0,True
initial,beijing,Dingling,72,fixed_panel,constant,logistic,6906,0.0,0.0,0,0,0,True
initial,beijing,Dingling,72,fixed_panel,constant,hist_gradient_boosting,6906,0.0,0.0,0,0,0,True
initial,beijing,Dingling,72,fixed_panel,logistic,hist_gradient_boosting,6906,0.0,0.0,0,0,0,True
initial,beijing,Dingling,72,fixed_panel,constant,logistic,7074,0.0,0.0,0,0,0,True
initial,beijing,Dingling,72,fixed_panel,constant,hist_gradient_boosting,7074,0.0,0.0,0,0,0,True
initial,beijing,Dingling,72,fixed_panel,logistic,hist_gradient_boosting,7074,0.0,0.0,0,0,0,True
initial,beijing,Dingling,72,fixed_panel,constant,logistic,7242,0.0,0.0,0,0,0,True
initial,beijing,Dingling,72,fixed_panel,constant,hist_gradient_boosting,7242,0.0,0.0,0,0,0,True
initial,beijing,Dingling,72,fixed_panel,logistic,hist_gradient_boosting,7242,0.0,0.0,0,0,0,True
initial,beijing,Dingling,72,fixed_panel,constant,logistic,7410,0.0,0.0,0,0,0,True
initial,beijing,Dingling,72,fixed_panel,constant,hist_gradient_boosting,7410,0.0,0.0,0,0,0,True
initial,beijing,Dingling,72,fixed_panel,logistic,hist_gradient_boosting,7410,0.0,0.0,0,0,0,True
initial,beijing,Dingling,72,fixed_panel,constant,logistic,7578,0.0,0.0,0,0,0,True
initial,beijing,Dingling,72,fixed_panel,constant,hist_gradient_boosting,7578,0.0,0.0,0,0,0,True
initial,beijing,Dingling,72,fixed_panel,logistic,hist_gradient_boosting,7578,0.0,0.0,0,0,0,True
initial,beijing,Dingling,72,fixed_panel,constant,logistic,7746,0.0,0.0,0,0,0,True
initial,beijing,Dingling,72,fixed_panel,constant,hist_gradient_boosting,7746,0.0,0.0,0,0,0,True
initial,beijing,Dingling,72,fixed_panel,logistic,hist_gradient_boosting,7746,0.0,0.0,0,0,0,True
initial,beijing,Dingling,72,fixed_panel,constant,logistic,7914,0.0,0.0,0,0,0,True
initial,beijing,Dingling,72,fixed_panel,constant,hist_gradient_boosting,7914,0.0,0.0,0,0,0,True
initial,beijing,Dingling,72,fixed_panel,logistic,hist_gradient_boosting,7914,0.0,0.0,0,0,0,True
initial,beijing,Dingling,72,fixed_panel,constant,logistic,8082,0.0,0.0,0,0,0,True
initial,beijing,Dingling,72,fixed_panel,constant,hist_gradient_boosting,8082,0.0,0.0,0,0,0,True
initial,beijing,Dingling,72,fixed_panel,logistic,hist_gradient_boosting,8082,0.0,0.0,0,0,0,True
initial,beijing,Dingling,72,fixed_panel,constant,logistic,8250,2.942019743613564e-07,8.673617379884035e-19,1,1,0,True
initial,beijing,Dingling,72,fixed_panel,constant,hist_gradient_boosting,8250,0.0006439501950394,4.445228907190568e-18,1,1,0,True
initial,beijing,Dingling,72,fixed_panel,logistic,hist_gradient_boosting,8250,0.0006442443970138,8.673617379884035e-18,1,1,0,True
initial,beijing,Dingling,72,fixed_panel,constant,logistic,8418,0.0,0.0,0,0,0,True
initial,beijing,Dingling,72,fixed_panel,constant,hist_gradient_boosting,8418,0.0,0.0,0,0,0,True
initial,beijing,Dingling,72,fixed_panel,logistic,hist_gradient_boosting,8418,0.0,0.0,0,0,0,True
initial,beijing,Dingling,72,fixed_panel,constant,logistic,8586,0.0,0.0,0,0,0,True
initial,beijing,Dingling,72,fixed_panel,constant,hist_gradient_boosting,8586,0.0,0.0,0,0,0,True
initial,beijing,Dingling,72,fixed_panel,logistic,hist_gradient_boosting,8586,0.0,0.0,0,0,0,True
initial,beijing,Dongsi,72,full_station,constant,logistic,6570,0.0,0.0,0,0,0,True
initial,beijing,Dongsi,72,full_station,constant,hist_gradient_boosting,6570,0.0,0.0,0,0,0,True
initial,beijing,Dongsi,72,full_station,logistic,hist_gradient_boosting,6570,0.0,0.0,0,0,0,True
initial,beijing,Dongsi,72,fixed_panel,constant,logistic,6570,0.0,0.0,0,0,0,True
initial,beijing,Dongsi,72,fixed_panel,constant,hist_gradient_boosting,6570,0.0,0.0,0,0,0,True
initial,beijing,Dongsi,72,fixed_panel,logistic,hist_gradient_boosting,6570,0.0,0.0,0,0,0,True
initial,beijing,Dongsi,72,fixed_panel,constant,logistic,6738,0.0,0.0,0,0,0,True
initial,beijing,Dongsi,72,fixed_panel,constant,hist_gradient_boosting,6738,0.0,0.0,0,0,0,True
initial,beijing,Dongsi,72,fixed_panel,logistic,hist_gradient_boosting,6738,0.0,0.0,0,0,0,True
initial,beijing,Dongsi,72,fixed_panel,constant,logistic,6906,0.0,0.0,0,0,0,True
initial,beijing,Dongsi,72,fixed_panel,constant,hist_gradient_boosting,6906,0.0,0.0,0,0,0,True
initial,beijing,Dongsi,72,fixed_panel,logistic,hist_gradient_boosting,6906,0.0,0.0,0,0,0,True
initial,beijing,Dongsi,72,fixed_panel,constant,logistic,7074,0.0,0.0,0,0,0,True
initial,beijing,Dongsi,72,fixed_panel,constant,hist_gradient_boosting,7074,0.0,0.0,0,0,0,True
initial,beijing,Dongsi,72,fixed_panel,logistic,hist_gradient_boosting,7074,0.0,0.0,0,0,0,True
initial,beijing,Dongsi,72,fixed_panel,constant,logistic,7242,0.0,0.0,0,0,0,True
initial,beijing,Dongsi,72,fixed_panel,constant,hist_gradient_boosting,7242,0.0,0.0,0,0,0,True
initial,beijing,Dongsi,72,fixed_panel,logistic,hist_gradient_boosting,7242,0.0,0.0,0,0,0,True
initial,beijing,Dongsi,72,fixed_panel,constant,logistic,7410,0.0,0.0,0,0,0,True
initial,beijing,Dongsi,72,fixed_panel,constant,hist_gradient_boosting,7410,0.0,0.0,0,0,0,True
initial,beijing,Dongsi,72,fixed_panel,logistic,hist_gradient_boosting,7410,0.0,0.0,0,0,0,True
initial,beijing,Dongsi,72,fixed_panel,constant,logistic,7578,0.0,0.0,0,0,0,True
initial,beijing,Dongsi,72,fixed_panel,constant,hist_gradient_boosting,7578,0.0,0.0,0,0,0,True
initial,beijing,Dongsi,72,fixed_panel,logistic,hist_gradient_boosting,7578,0.0,0.0,0,0,0,True
initial,beijing,Dongsi,72,fixed_panel,constant,logistic,7746,0.0,0.0,0,0,0,True
initial,beijing,Dongsi,72,fixed_panel,constant,hist_gradient_boosting,7746,0.0,0.0,0,0,0,True
initial,beijing,Dongsi,72,fixed_panel,logistic,hist_gradient_boosting,7746,0.0,0.0,0,0,0,True
initial,beijing,Dongsi,72,fixed_panel,constant,logistic,7914,0.0,0.0,0,0,0,True
initial,beijing,Dongsi,72,fixed_panel,constant,hist_gradient_boosting,7914,0.0,0.0,0,0,0,True
initial,beijing,Dongsi,72,fixed_panel,logistic,hist_gradient_boosting,7914,0.0,0.0,0,0,0,True
initial,beijing,Dongsi,72,fixed_panel,constant,logistic,8082,0.0,0.0,0,0,0,True
initial,beijing,Dongsi,72,fixed_panel,constant,hist_gradient_boosting,8082,0.0,0.0,0,0,0,True
initial,beijing,Dongsi,72,fixed_panel,logistic,hist_gradient_boosting,8082,0.0,0.0,0,0,0,True
initial,beijing,Dongsi,72,fixed_panel,constant,logistic,8250,0.0,0.0,0,0,0,True
initial,beijing,Dongsi,72,fixed_panel,constant,hist_gradient_boosting,8250,0.0,0.0,0,0,0,True
initial,beijing,Dongsi,72,fixed_panel,logistic,hist_gradient_boosting,8250,0.0,0.0,0,0,0,True
initial,beijing,Dongsi,72,fixed_panel,constant,logistic,8418,0.0,0.0,0,0,0,True
initial,beijing,Dongsi,72,fixed_panel,constant,hist_gradient_boosting,8418,0.0,0.0,0,0,0,True
initial,beijing,Dongsi,72,fixed_panel,logistic,hist_gradient_boosting,8418,0.0,0.0,0,0,0,True
initial,beijing,Dongsi,72,fixed_panel,constant,logistic,8586,0.0,0.0,0,0,0,True
initial,beijing,Dongsi,72,fixed_panel,constant,hist_gradient_boosting,8586,0.0,0.0,0,0,0,True
initial,beijing,Dongsi,72,fixed_panel,logistic,hist_gradient_boosting,8586,0.0,0.0,0,0,0,True
initial,beijing,Guanyuan,72,full_station,constant,logistic,6570,0.0,0.0,0,0,0,True
initial,beijing,Guanyuan,72,full_station,constant,hist_gradient_boosting,6570,0.0,0.0,0,0,0,True
initial,beijing,Guanyuan,72,full_station,logistic,hist_gradient_boosting,6570,0.0,0.0,0,0,0,True
initial,beijing,Guanyuan,72,fixed_panel,constant,logistic,6570,0.0,0.0,0,0,0,True
initial,beijing,Guanyuan,72,fixed_panel,constant,hist_gradient_boosting,6570,0.0,0.0,0,0,0,True
initial,beijing,Guanyuan,72,fixed_panel,logistic,hist_gradient_boosting,6570,0.0,0.0,0,0,0,True
initial,beijing,Guanyuan,72,fixed_panel,constant,logistic,6738,0.0,0.0,0,0,0,True
initial,beijing,Guanyuan,72,fixed_panel,constant,hist_gradient_boosting,6738,0.0,0.0,0,0,0,True
initial,beijing,Guanyuan,72,fixed_panel,logistic,hist_gradient_boosting,6738,0.0,0.0,0,0,0,True
initial,beijing,Guanyuan,72,fixed_panel,constant,logistic,6906,0.0,0.0,0,0,0,True
initial,beijing,Guanyuan,72,fixed_panel,constant,hist_gradient_boosting,6906,0.0,0.0,0,0,0,True
initial,beijing,Guanyuan,72,fixed_panel,logistic,hist_gradient_boosting,6906,0.0,0.0,0,0,0,True
initial,beijing,Guanyuan,72,fixed_panel,constant,logistic,7074,0.0,0.0,0,0,0,True
initial,beijing,Guanyuan,72,fixed_panel,constant,hist_gradient_boosting,7074,0.0,0.0,0,0,0,True
initial,beijing,Guanyuan,72,fixed_panel,logistic,hist_gradient_boosting,7074,0.0,0.0,0,0,0,True
initial,beijing,Guanyuan,72,fixed_panel,constant,logistic,7242,0.0,0.0,0,0,0,True
initial,beijing,Guanyuan,72,fixed_panel,constant,hist_gradient_boosting,7242,0.0,0.0,0,0,0,True
initial,beijing,Guanyuan,72,fixed_panel,logistic,hist_gradient_boosting,7242,0.0,0.0,0,0,0,True
initial,beijing,Guanyuan,72,fixed_panel,constant,logistic,7410,0.0,0.0,0,0,0,True
initial,beijing,Guanyuan,72,fixed_panel,constant,hist_gradient_boosting,7410,0.0,0.0,0,0,0,True
initial,beijing,Guanyuan,72,fixed_panel,logistic,hist_gradient_boosting,7410,0.0,0.0,0,0,0,True
initial,beijing,Guanyuan,72,fixed_panel,constant,logistic,7578,0.0,0.0,0,0,0,True
initial,beijing,Guanyuan,72,fixed_panel,constant,hist_gradient_boosting,7578,0.0,0.0,0,0,0,True
initial,beijing,Guanyuan,72,fixed_panel,logistic,hist_gradient_boosting,7578,0.0,0.0,0,0,0,True
initial,beijing,Guanyuan,72,fixed_panel,constant,logistic,7746,0.0,0.0,0,0,0,True
initial,beijing,Guanyuan,72,fixed_panel,constant,hist_gradient_boosting,7746,0.0,0.0,0,0,0,True
initial,beijing,Guanyuan,72,fixed_panel,logistic,hist_gradient_boosting,7746,0.0,0.0,0,0,0,True
initial,beijing,Guanyuan,72,fixed_panel,constant,logistic,7914,0.0,0.0,0,0,0,True
initial,beijing,Guanyuan,72,fixed_panel,constant,hist_gradient_boosting,7914,0.0,0.0,0,0,0,True
initial,beijing,Guanyuan,72,fixed_panel,logistic,hist_gradient_boosting,7914,0.0,0.0,0,0,0,True
initial,beijing,Guanyuan,72,fixed_panel,constant,logistic,8082,0.0,0.0,0,0,0,True
initial,beijing,Guanyuan,72,fixed_panel,constant,hist_gradient_boosting,8082,0.0,0.0,0,0,0,True
initial,beijing,Guanyuan,72,fixed_panel,logistic,hist_gradient_boosting,8082,0.0,0.0,0,0,0,True
initial,beijing,Guanyuan,72,fixed_panel,constant,logistic,8250,0.0,0.0,0,0,0,True
initial,beijing,Guanyuan,72,fixed_panel,constant,hist_gradient_boosting,8250,0.0,0.0,0,0,0,True
initial,beijing,Guanyuan,72,fixed_panel,logistic,hist_gradient_boosting,8250,0.0,0.0,0,0,0,True
initial,beijing,Guanyuan,72,fixed_panel,constant,logistic,8418,0.0,0.0,0,0,0,True
initial,beijing,Guanyuan,72,fixed_panel,constant,hist_gradient_boosting,8418,0.0,0.0,0,0,0,True
initial,beijing,Guanyuan,72,fixed_panel,logistic,hist_gradient_boosting,8418,0.0,0.0,0,0,0,True
initial,beijing,Guanyuan,72,fixed_panel,constant,logistic,8586,0.0,0.0,0,0,0,True
initial,beijing,Guanyuan,72,fixed_panel,constant,hist_gradient_boosting,8586,0.0,0.0,0,0,0,True
initial,beijing,Guanyuan,72,fixed_panel,logistic,hist_gradient_boosting,8586,0.0,0.0,0,0,0,True
initial,beijing,Gucheng,72,full_station,constant,logistic,6570,0.0,0.0,0,0,0,True
initial,beijing,Gucheng,72,full_station,constant,hist_gradient_boosting,6570,0.0,0.0,0,0,0,True
initial,beijing,Gucheng,72,full_station,logistic,hist_gradient_boosting,6570,0.0,0.0,0,0,0,True
initial,beijing,Gucheng,72,fixed_panel,constant,logistic,6570,0.0,0.0,0,0,0,True
initial,beijing,Gucheng,72,fixed_panel,constant,hist_gradient_boosting,6570,0.0,0.0,0,0,0,True
initial,beijing,Gucheng,72,fixed_panel,logistic,hist_gradient_boosting,6570,0.0,0.0,0,0,0,True
initial,beijing,Gucheng,72,fixed_panel,constant,logistic,6738,0.0,0.0,0,0,0,True
initial,beijing,Gucheng,72,fixed_panel,constant,hist_gradient_boosting,6738,0.0,0.0,0,0,0,True
initial,beijing,Gucheng,72,fixed_panel,logistic,hist_gradient_boosting,6738,0.0,0.0,0,0,0,True
initial,beijing,Gucheng,72,fixed_panel,constant,logistic,6906,0.0,0.0,0,0,0,True
initial,beijing,Gucheng,72,fixed_panel,constant,hist_gradient_boosting,6906,0.0,0.0,0,0,0,True
initial,beijing,Gucheng,72,fixed_panel,logistic,hist_gradient_boosting,6906,0.0,0.0,0,0,0,True
initial,beijing,Gucheng,72,fixed_panel,constant,logistic,7074,0.0,0.0,0,0,0,True
initial,beijing,Gucheng,72,fixed_panel,constant,hist_gradient_boosting,7074,0.0,0.0,0,0,0,True
initial,beijing,Gucheng,72,fixed_panel,logistic,hist_gradient_boosting,7074,0.0,0.0,0,0,0,True
initial,beijing,Gucheng,72,fixed_panel,constant,logistic,7242,0.0,0.0,0,0,0,True
initial,beijing,Gucheng,72,fixed_panel,constant,hist_gradient_boosting,7242,0.0,0.0,0,0,0,True
initial,beijing,Gucheng,72,fixed_panel,logistic,hist_gradient_boosting,7242,0.0,0.0,0,0,0,True
initial,beijing,Gucheng,72,fixed_panel,constant,logistic,7410,0.0,0.0,0,0,0,True
initial,beijing,Gucheng,72,fixed_panel,constant,hist_gradient_boosting,7410,0.0,0.0,0,0,0,True
initial,beijing,Gucheng,72,fixed_panel,logistic,hist_gradient_boosting,7410,0.0,0.0,0,0,0,True
initial,beijing,Gucheng,72,fixed_panel,constant,logistic,7578,0.0,0.0,0,0,0,True
initial,beijing,Gucheng,72,fixed_panel,constant,hist_gradient_boosting,7578,0.0,0.0,0,0,0,True
initial,beijing,Gucheng,72,fixed_panel,logistic,hist_gradient_boosting,7578,0.0,0.0,0,0,0,True
initial,beijing,Gucheng,72,fixed_panel,constant,logistic,7746,0.0,0.0,0,0,0,True
initial,beijing,Gucheng,72,fixed_panel,constant,hist_gradient_boosting,7746,0.0,0.0,0,0,0,True
initial,beijing,Gucheng,72,fixed_panel,logistic,hist_gradient_boosting,7746,0.0,0.0,0,0,0,True
initial,beijing,Gucheng,72,fixed_panel,constant,logistic,7914,0.0,0.0,0,0,0,True
initial,beijing,Gucheng,72,fixed_panel,constant,hist_gradient_boosting,7914,0.0,0.0,0,0,0,True
initial,beijing,Gucheng,72,fixed_panel,logistic,hist_gradient_boosting,7914,0.0,0.0,0,0,0,True
initial,beijing,Gucheng,72,fixed_panel,constant,logistic,8082,0.0,0.0,0,0,0,True
initial,beijing,Gucheng,72,fixed_panel,constant,hist_gradient_boosting,8082,0.0,0.0,0,0,0,True
initial,beijing,Gucheng,72,fixed_panel,logistic,hist_gradient_boosting,8082,0.0,0.0,0,0,0,True
initial,beijing,Gucheng,72,fixed_panel,constant,logistic,8250,0.0,0.0,0,0,0,True
initial,beijing,Gucheng,72,fixed_panel,constant,hist_gradient_boosting,8250,0.0,0.0,0,0,0,True
initial,beijing,Gucheng,72,fixed_panel,logistic,hist_gradient_boosting,8250,0.0,0.0,0,0,0,True
initial,beijing,Gucheng,72,fixed_panel,constant,logistic,8418,0.0,0.0,0,0,0,True
initial,beijing,Gucheng,72,fixed_panel,constant,hist_gradient_boosting,8418,0.0,0.0,0,0,0,True
initial,beijing,Gucheng,72,fixed_panel,logistic,hist_gradient_boosting,8418,0.0,0.0,0,0,0,True
initial,beijing,Gucheng,72,fixed_panel,constant,logistic,8586,0.0,0.0,0,0,0,True
initial,beijing,Gucheng,72,fixed_panel,constant,hist_gradient_boosting,8586,0.0,0.0,0,0,0,True
initial,beijing,Gucheng,72,fixed_panel,logistic,hist_gradient_boosting,8586,0.0,0.0,0,0,0,True
initial,beijing,Huairou,72,full_station,constant,logistic,6570,0.0030863966126258,0.0001090756279701,43,1,1,False
initial,beijing,Huairou,72,full_station,constant,hist_gradient_boosting,6570,0.0086065244196369,0.0006438459265056,43,1,1,False
initial,beijing,Huairou,72,full_station,logistic,hist_gradient_boosting,6570,0.0072262408830031,0.0021654042641456,43,1,1,False
initial,beijing,Huairou,72,fixed_panel,constant,logistic,6570,0.0,0.0,0,0,0,True
initial,beijing,Huairou,72,fixed_panel,constant,hist_gradient_boosting,6570,0.0,0.0,0,0,0,True
initial,beijing,Huairou,72,fixed_panel,logistic,hist_gradient_boosting,6570,0.0,0.0,0,0,0,True
initial,beijing,Huairou,72,fixed_panel,constant,logistic,6738,0.0,0.0,0,0,0,True
initial,beijing,Huairou,72,fixed_panel,constant,hist_gradient_boosting,6738,0.0,0.0,0,0,0,True
initial,beijing,Huairou,72,fixed_panel,logistic,hist_gradient_boosting,6738,0.0,0.0,0,0,0,True
initial,beijing,Huairou,72,fixed_panel,constant,logistic,6906,0.0141930437288505,0.0023120590721891,15,1,1,False
initial,beijing,Huairou,72,fixed_panel,constant,hist_gradient_boosting,6906,0.060327354311805,0.0005518056844951,15,1,1,False
initial,beijing,Huairou,72,fixed_panel,logistic,hist_gradient_boosting,6906,0.0510001744380824,0.00145674206641,15,1,1,False
initial,beijing,Huairou,72,fixed_panel,constant,logistic,7074,0.0,0.0,0,0,0,True
initial,beijing,Huairou,72,fixed_panel,constant,hist_gradient_boosting,7074,0.0,0.0,0,0,0,True
initial,beijing,Huairou,72,fixed_panel,logistic,hist_gradient_boosting,7074,0.0,0.0,0,0,0,True
initial,beijing,Huairou,72,fixed_panel,constant,logistic,7242,0.0,0.0,0,0,0,True
initial,beijing,Huairou,72,fixed_panel,constant,hist_gradient_boosting,7242,0.0,0.0,0,0,0,True
initial,beijing,Huairou,72,fixed_panel,logistic,hist_gradient_boosting,7242,0.0,0.0,0,0,0,True
initial,beijing,Huairou,72,fixed_panel,constant,logistic,7410,0.0,0.0,0,0,0,True
initial,beijing,Huairou,72,fixed_panel,constant,hist_gradient_boosting,7410,0.0,0.0,0,0,0,True
initial,beijing,Huairou,72,fixed_panel,logistic,hist_gradient_boosting,7410,0.0,0.0,0,0,0,True
initial,beijing,Huairou,72,fixed_panel,constant,logistic,7578,0.0,0.0,0,0,0,True
initial,beijing,Huairou,72,fixed_panel,constant,hist_gradient_boosting,7578,0.0,0.0,0,0,0,True
initial,beijing,Huairou,72,fixed_panel,logistic,hist_gradient_boosting,7578,0.0,0.0,0,0,0,True
initial,beijing,Huairou,72,fixed_panel,constant,logistic,7746,0.0,0.0,0,0,0,True
initial,beijing,Huairou,72,fixed_panel,constant,hist_gradient_boosting,7746,0.0,0.0,0,0,0,True
initial,beijing,Huairou,72,fixed_panel,logistic,hist_gradient_boosting,7746,0.0,0.0,0,0,0,True
initial,beijing,Huairou,72,fixed_panel,constant,logistic,7914,0.0,0.0,0,0,0,True
initial,beijing,Huairou,72,fixed_panel,constant,hist_gradient_boosting,7914,0.0,0.0,0,0,0,True
initial,beijing,Huairou,72,fixed_panel,logistic,hist_gradient_boosting,7914,0.0,0.0,0,0,0,True
initial,beijing,Huairou,72,fixed_panel,constant,logistic,8082,0.0,0.0,0,0,0,True
initial,beijing,Huairou,72,fixed_panel,constant,hist_gradient_boosting,8082,0.0,0.0,0,0,0,True
initial,beijing,Huairou,72,fixed_panel,logistic,hist_gradient_boosting,8082,0.0,0.0,0,0,0,True
initial,beijing,Huairou,72,fixed_panel,constant,logistic,8250,0.0,0.0,0,0,0,True
initial,beijing,Huairou,72,fixed_panel,constant,hist_gradient_boosting,8250,0.0,0.0,0,0,0,True
initial,beijing,Huairou,72,fixed_panel,logistic,hist_gradient_boosting,8250,0.0,0.0,0,0,0,True
initial,beijing,Huairou,72,fixed_panel,constant,logistic,8418,0.0,0.0,0,0,0,True
initial,beijing,Huairou,72,fixed_panel,constant,hist_gradient_boosting,8418,0.0,0.0,0,0,0,True
initial,beijing,Huairou,72,fixed_panel,logistic,hist_gradient_boosting,8418,0.0,0.0,0,0,0,True
initial,beijing,Huairou,72,fixed_panel,constant,logistic,8586,0.0,0.0,0,0,0,True
initial,beijing,Huairou,72,fixed_panel,constant,hist_gradient_boosting,8586,0.0,0.0,0,0,0,True
initial,beijing,Huairou,72,fixed_panel,logistic,hist_gradient_boosting,8586,0.0,0.0,0,0,0,True
initial,beijing,Nongzhanguan,72,full_station,constant,logistic,6570,0.0,0.0,0,0,0,True
initial,beijing,Nongzhanguan,72,full_station,constant,hist_gradient_boosting,6570,0.0,0.0,0,0,0,True
initial,beijing,Nongzhanguan,72,full_station,logistic,hist_gradient_boosting,6570,0.0,0.0,0,0,0,True
initial,beijing,Nongzhanguan,72,fixed_panel,constant,logistic,6570,0.0,0.0,0,0,0,True
initial,beijing,Nongzhanguan,72,fixed_panel,constant,hist_gradient_boosting,6570,0.0,0.0,0,0,0,True
initial,beijing,Nongzhanguan,72,fixed_panel,logistic,hist_gradient_boosting,6570,0.0,0.0,0,0,0,True
initial,beijing,Nongzhanguan,72,fixed_panel,constant,logistic,6738,0.0,0.0,0,0,0,True
initial,beijing,Nongzhanguan,72,fixed_panel,constant,hist_gradient_boosting,6738,0.0,0.0,0,0,0,True
initial,beijing,Nongzhanguan,72,fixed_panel,logistic,hist_gradient_boosting,6738,0.0,0.0,0,0,0,True
initial,beijing,Nongzhanguan,72,fixed_panel,constant,logistic,6906,0.0,0.0,0,0,0,True
initial,beijing,Nongzhanguan,72,fixed_panel,constant,hist_gradient_boosting,6906,0.0,0.0,0,0,0,True
initial,beijing,Nongzhanguan,72,fixed_panel,logistic,hist_gradient_boosting,6906,0.0,0.0,0,0,0,True
initial,beijing,Nongzhanguan,72,fixed_panel,constant,logistic,7074,0.0,0.0,0,0,0,True
initial,beijing,Nongzhanguan,72,fixed_panel,constant,hist_gradient_boosting,7074,0.0,0.0,0,0,0,True
initial,beijing,Nongzhanguan,72,fixed_panel,logistic,hist_gradient_boosting,7074,0.0,0.0,0,0,0,True
initial,beijing,Nongzhanguan,72,fixed_panel,constant,logistic,7242,0.0,0.0,0,0,0,True
initial,beijing,Nongzhanguan,72,fixed_panel,constant,hist_gradient_boosting,7242,0.0,0.0,0,0,0,True
initial,beijing,Nongzhanguan,72,fixed_panel,logistic,hist_gradient_boosting,7242,0.0,0.0,0,0,0,True
initial,beijing,Nongzhanguan,72,fixed_panel,constant,logistic,7410,0.0,0.0,0,0,0,True
initial,beijing,Nongzhanguan,72,fixed_panel,constant,hist_gradient_boosting,7410,0.0,0.0,0,0,0,True
initial,beijing,Nongzhanguan,72,fixed_panel,logistic,hist_gradient_boosting,7410,0.0,0.0,0,0,0,True
initial,beijing,Nongzhanguan,72,fixed_panel,constant,logistic,7578,0.0,0.0,0,0,0,True
initial,beijing,Nongzhanguan,72,fixed_panel,constant,hist_gradient_boosting,7578,0.0,0.0,0,0,0,True
initial,beijing,Nongzhanguan,72,fixed_panel,logistic,hist_gradient_boosting,7578,0.0,0.0,0,0,0,True
initial,beijing,Nongzhanguan,72,fixed_panel,constant,logistic,7746,0.0,0.0,0,0,0,True
initial,beijing,Nongzhanguan,72,fixed_panel,constant,hist_gradient_boosting,7746,0.0,0.0,0,0,0,True
initial,beijing,Nongzhanguan,72,fixed_panel,logistic,hist_gradient_boosting,7746,0.0,0.0,0,0,0,True
initial,beijing,Nongzhanguan,72,fixed_panel,constant,logistic,7914,0.0,0.0,0,0,0,True
initial,beijing,Nongzhanguan,72,fixed_panel,constant,hist_gradient_boosting,7914,0.0,0.0,0,0,0,True
initial,beijing,Nongzhanguan,72,fixed_panel,logistic,hist_gradient_boosting,7914,0.0,0.0,0,0,0,True
initial,beijing,Nongzhanguan,72,fixed_panel,constant,logistic,8082,0.0,0.0,0,0,0,True
initial,beijing,Nongzhanguan,72,fixed_panel,constant,hist_gradient_boosting,8082,0.0,0.0,0,0,0,True
initial,beijing,Nongzhanguan,72,fixed_panel,logistic,hist_gradient_boosting,8082,0.0,0.0,0,0,0,True
initial,beijing,Nongzhanguan,72,fixed_panel,constant,logistic,8250,0.0,0.0,0,0,0,True
initial,beijing,Nongzhanguan,72,fixed_panel,constant,hist_gradient_boosting,8250,0.0,0.0,0,0,0,True
initial,beijing,Nongzhanguan,72,fixed_panel,logistic,hist_gradient_boosting,8250,0.0,0.0,0,0,0,True
initial,beijing,Nongzhanguan,72,fixed_panel,constant,logistic,8418,0.0,0.0,0,0,0,True
initial,beijing,Nongzhanguan,72,fixed_panel,constant,hist_gradient_boosting,8418,0.0,0.0,0,0,0,True
initial,beijing,Nongzhanguan,72,fixed_panel,logistic,hist_gradient_boosting,8418,0.0,0.0,0,0,0,True
initial,beijing,Nongzhanguan,72,fixed_panel,constant,logistic,8586,0.0,0.0,0,0,0,True
initial,beijing,Nongzhanguan,72,fixed_panel,constant,hist_gradient_boosting,8586,0.0,0.0,0,0,0,True
initial,beijing,Nongzhanguan,72,fixed_panel,logistic,hist_gradient_boosting,8586,0.0,0.0,0,0,0,True
initial,beijing,Shunyi,72,full_station,constant,logistic,6570,0.0,0.0,0,0,0,True
initial,beijing,Shunyi,72,full_station,constant,hist_gradient_boosting,6570,0.0,0.0,0,0,0,True
initial,beijing,Shunyi,72,full_station,logistic,hist_gradient_boosting,6570,0.0,0.0,0,0,0,True
initial,beijing,Shunyi,72,fixed_panel,constant,logistic,6570,0.0,0.0,0,0,0,True
initial,beijing,Shunyi,72,fixed_panel,constant,hist_gradient_boosting,6570,0.0,0.0,0,0,0,True
initial,beijing,Shunyi,72,fixed_panel,logistic,hist_gradient_boosting,6570,0.0,0.0,0,0,0,True
initial,beijing,Shunyi,72,fixed_panel,constant,logistic,6738,0.0,0.0,0,0,0,True
initial,beijing,Shunyi,72,fixed_panel,constant,hist_gradient_boosting,6738,0.0,0.0,0,0,0,True
initial,beijing,Shunyi,72,fixed_panel,logistic,hist_gradient_boosting,6738,0.0,0.0,0,0,0,True
initial,beijing,Shunyi,72,fixed_panel,constant,logistic,6906,0.0,0.0,0,0,0,True
initial,beijing,Shunyi,72,fixed_panel,constant,hist_gradient_boosting,6906,0.0,0.0,0,0,0,True
initial,beijing,Shunyi,72,fixed_panel,logistic,hist_gradient_boosting,6906,0.0,0.0,0,0,0,True
initial,beijing,Shunyi,72,fixed_panel,constant,logistic,7074,0.0,0.0,0,0,0,True
initial,beijing,Shunyi,72,fixed_panel,constant,hist_gradient_boosting,7074,0.0,0.0,0,0,0,True
initial,beijing,Shunyi,72,fixed_panel,logistic,hist_gradient_boosting,7074,0.0,0.0,0,0,0,True
initial,beijing,Shunyi,72,fixed_panel,constant,logistic,7242,0.0,0.0,0,0,0,True
initial,beijing,Shunyi,72,fixed_panel,constant,hist_gradient_boosting,7242,0.0,0.0,0,0,0,True
initial,beijing,Shunyi,72,fixed_panel,logistic,hist_gradient_boosting,7242,0.0,0.0,0,0,0,True
initial,beijing,Shunyi,72,fixed_panel,constant,logistic,7410,0.0,0.0,0,0,0,True
initial,beijing,Shunyi,72,fixed_panel,constant,hist_gradient_boosting,7410,0.0,0.0,0,0,0,True
initial,beijing,Shunyi,72,fixed_panel,logistic,hist_gradient_boosting,7410,0.0,0.0,0,0,0,True
initial,beijing,Shunyi,72,fixed_panel,constant,logistic,7578,0.0,0.0,0,0,0,True
initial,beijing,Shunyi,72,fixed_panel,constant,hist_gradient_boosting,7578,0.0,0.0,0,0,0,True
initial,beijing,Shunyi,72,fixed_panel,logistic,hist_gradient_boosting,7578,0.0,0.0,0,0,0,True
initial,beijing,Shunyi,72,fixed_panel,constant,logistic,7746,0.0,0.0,0,0,0,True
initial,beijing,Shunyi,72,fixed_panel,constant,hist_gradient_boosting,7746,0.0,0.0,0,0,0,True
initial,beijing,Shunyi,72,fixed_panel,logistic,hist_gradient_boosting,7746,0.0,0.0,0,0,0,True
initial,beijing,Shunyi,72,fixed_panel,constant,logistic,7914,0.0,0.0,0,0,0,True
initial,beijing,Shunyi,72,fixed_panel,constant,hist_gradient_boosting,7914,0.0,0.0,0,0,0,True
initial,beijing,Shunyi,72,fixed_panel,logistic,hist_gradient_boosting,7914,0.0,0.0,0,0,0,True
initial,beijing,Shunyi,72,fixed_panel,constant,logistic,8082,0.0,0.0,0,0,0,True
initial,beijing,Shunyi,72,fixed_panel,constant,hist_gradient_boosting,8082,0.0,0.0,0,0,0,True
initial,beijing,Shunyi,72,fixed_panel,logistic,hist_gradient_boosting,8082,0.0,0.0,0,0,0,True
initial,beijing,Shunyi,72,fixed_panel,constant,logistic,8250,0.0,0.0,0,0,0,True
initial,beijing,Shunyi,72,fixed_panel,constant,hist_gradient_boosting,8250,0.0,0.0,0,0,0,True
initial,beijing,Shunyi,72,fixed_panel,logistic,hist_gradient_boosting,8250,0.0,0.0,0,0,0,True
initial,beijing,Shunyi,72,fixed_panel,constant,logistic,8418,0.0,0.0,0,0,0,True
initial,beijing,Shunyi,72,fixed_panel,constant,hist_gradient_boosting,8418,0.0,0.0,0,0,0,True
initial,beijing,Shunyi,72,fixed_panel,logistic,hist_gradient_boosting,8418,0.0,0.0,0,0,0,True
initial,beijing,Shunyi,72,fixed_panel,constant,logistic,8586,0.0,0.0,0,0,0,True
initial,beijing,Shunyi,72,fixed_panel,constant,hist_gradient_boosting,8586,0.0,0.0,0,0,0,True
initial,beijing,Shunyi,72,fixed_panel,logistic,hist_gradient_boosting,8586,0.0,0.0,0,0,0,True
initial,beijing,Tiantan,72,full_station,constant,logistic,6570,0.0,0.0,0,0,0,True
initial,beijing,Tiantan,72,full_station,constant,hist_gradient_boosting,6570,0.0,0.0,0,0,0,True
initial,beijing,Tiantan,72,full_station,logistic,hist_gradient_boosting,6570,0.0,0.0,0,0,0,True
initial,beijing,Tiantan,72,fixed_panel,constant,logistic,6570,0.0,0.0,0,0,0,True
initial,beijing,Tiantan,72,fixed_panel,constant,hist_gradient_boosting,6570,0.0,0.0,0,0,0,True
initial,beijing,Tiantan,72,fixed_panel,logistic,hist_gradient_boosting,6570,0.0,0.0,0,0,0,True
initial,beijing,Tiantan,72,fixed_panel,constant,logistic,6738,0.0,0.0,0,0,0,True
initial,beijing,Tiantan,72,fixed_panel,constant,hist_gradient_boosting,6738,0.0,0.0,0,0,0,True
initial,beijing,Tiantan,72,fixed_panel,logistic,hist_gradient_boosting,6738,0.0,0.0,0,0,0,True
initial,beijing,Tiantan,72,fixed_panel,constant,logistic,6906,0.0,0.0,0,0,0,True
initial,beijing,Tiantan,72,fixed_panel,constant,hist_gradient_boosting,6906,0.0,0.0,0,0,0,True
initial,beijing,Tiantan,72,fixed_panel,logistic,hist_gradient_boosting,6906,0.0,0.0,0,0,0,True
initial,beijing,Tiantan,72,fixed_panel,constant,logistic,7074,0.0,0.0,0,0,0,True
initial,beijing,Tiantan,72,fixed_panel,constant,hist_gradient_boosting,7074,0.0,0.0,0,0,0,True
initial,beijing,Tiantan,72,fixed_panel,logistic,hist_gradient_boosting,7074,0.0,0.0,0,0,0,True
initial,beijing,Tiantan,72,fixed_panel,constant,logistic,7242,0.0,0.0,0,0,0,True
initial,beijing,Tiantan,72,fixed_panel,constant,hist_gradient_boosting,7242,0.0,0.0,0,0,0,True
initial,beijing,Tiantan,72,fixed_panel,logistic,hist_gradient_boosting,7242,0.0,0.0,0,0,0,True
initial,beijing,Tiantan,72,fixed_panel,constant,logistic,7410,0.0,0.0,0,0,0,True
initial,beijing,Tiantan,72,fixed_panel,constant,hist_gradient_boosting,7410,0.0,0.0,0,0,0,True
initial,beijing,Tiantan,72,fixed_panel,logistic,hist_gradient_boosting,7410,0.0,0.0,0,0,0,True
initial,beijing,Tiantan,72,fixed_panel,constant,logistic,7578,0.0,0.0,0,0,0,True
initial,beijing,Tiantan,72,fixed_panel,constant,hist_gradient_boosting,7578,0.0,0.0,0,0,0,True
initial,beijing,Tiantan,72,fixed_panel,logistic,hist_gradient_boosting,7578,0.0,0.0,0,0,0,True
initial,beijing,Tiantan,72,fixed_panel,constant,logistic,7746,0.0,0.0,0,0,0,True
initial,beijing,Tiantan,72,fixed_panel,constant,hist_gradient_boosting,7746,0.0,0.0,0,0,0,True
initial,beijing,Tiantan,72,fixed_panel,logistic,hist_gradient_boosting,7746,0.0,0.0,0,0,0,True
initial,beijing,Tiantan,72,fixed_panel,constant,logistic,7914,0.0,0.0,0,0,0,True
initial,beijing,Tiantan,72,fixed_panel,constant,hist_gradient_boosting,7914,0.0,0.0,0,0,0,True
initial,beijing,Tiantan,72,fixed_panel,logistic,hist_gradient_boosting,7914,0.0,0.0,0,0,0,True
initial,beijing,Tiantan,72,fixed_panel,constant,logistic,8082,0.0,0.0,0,0,0,True
initial,beijing,Tiantan,72,fixed_panel,constant,hist_gradient_boosting,8082,0.0,0.0,0,0,0,True
initial,beijing,Tiantan,72,fixed_panel,logistic,hist_gradient_boosting,8082,0.0,0.0,0,0,0,True
initial,beijing,Tiantan,72,fixed_panel,constant,logistic,8250,0.0,0.0,0,0,0,True
initial,beijing,Tiantan,72,fixed_panel,constant,hist_gradient_boosting,8250,0.0,0.0,0,0,0,True
initial,beijing,Tiantan,72,fixed_panel,logistic,hist_gradient_boosting,8250,0.0,0.0,0,0,0,True
initial,beijing,Tiantan,72,fixed_panel,constant,logistic,8418,0.0,0.0,0,0,0,True
initial,beijing,Tiantan,72,fixed_panel,constant,hist_gradient_boosting,8418,0.0,0.0,0,0,0,True
initial,beijing,Tiantan,72,fixed_panel,logistic,hist_gradient_boosting,8418,0.0,0.0,0,0,0,True
initial,beijing,Tiantan,72,fixed_panel,constant,logistic,8586,0.0,0.0,0,0,0,True
initial,beijing,Tiantan,72,fixed_panel,constant,hist_gradient_boosting,8586,0.0,0.0,0,0,0,True
initial,beijing,Tiantan,72,fixed_panel,logistic,hist_gradient_boosting,8586,0.0,0.0,0,0,0,True
initial,beijing,Wanliu,72,full_station,constant,logistic,6570,0.0,0.0,0,0,0,True
initial,beijing,Wanliu,72,full_station,constant,hist_gradient_boosting,6570,0.0,0.0,0,0,0,True
initial,beijing,Wanliu,72,full_station,logistic,hist_gradient_boosting,6570,0.0,0.0,0,0,0,True
initial,beijing,Wanliu,72,fixed_panel,constant,logistic,6570,0.0,0.0,0,0,0,True
initial,beijing,Wanliu,72,fixed_panel,constant,hist_gradient_boosting,6570,0.0,0.0,0,0,0,True
initial,beijing,Wanliu,72,fixed_panel,logistic,hist_gradient_boosting,6570,0.0,0.0,0,0,0,True
initial,beijing,Wanliu,72,fixed_panel,constant,logistic,6738,0.0,0.0,0,0,0,True
initial,beijing,Wanliu,72,fixed_panel,constant,hist_gradient_boosting,6738,0.0,0.0,0,0,0,True
initial,beijing,Wanliu,72,fixed_panel,logistic,hist_gradient_boosting,6738,0.0,0.0,0,0,0,True
initial,beijing,Wanliu,72,fixed_panel,constant,logistic,6906,0.0,0.0,0,0,0,True
initial,beijing,Wanliu,72,fixed_panel,constant,hist_gradient_boosting,6906,0.0,0.0,0,0,0,True
initial,beijing,Wanliu,72,fixed_panel,logistic,hist_gradient_boosting,6906,0.0,0.0,0,0,0,True
initial,beijing,Wanliu,72,fixed_panel,constant,logistic,7074,0.0,0.0,0,0,0,True
initial,beijing,Wanliu,72,fixed_panel,constant,hist_gradient_boosting,7074,0.0,0.0,0,0,0,True
initial,beijing,Wanliu,72,fixed_panel,logistic,hist_gradient_boosting,7074,0.0,0.0,0,0,0,True
initial,beijing,Wanliu,72,fixed_panel,constant,logistic,7242,0.0,0.0,0,0,0,True
initial,beijing,Wanliu,72,fixed_panel,constant,hist_gradient_boosting,7242,0.0,0.0,0,0,0,True
initial,beijing,Wanliu,72,fixed_panel,logistic,hist_gradient_boosting,7242,0.0,0.0,0,0,0,True
initial,beijing,Wanliu,72,fixed_panel,constant,logistic,7410,0.0,0.0,0,0,0,True
initial,beijing,Wanliu,72,fixed_panel,constant,hist_gradient_boosting,7410,0.0,0.0,0,0,0,True
initial,beijing,Wanliu,72,fixed_panel,logistic,hist_gradient_boosting,7410,0.0,0.0,0,0,0,True
initial,beijing,Wanliu,72,fixed_panel,constant,logistic,7578,0.0,0.0,0,0,0,True
initial,beijing,Wanliu,72,fixed_panel,constant,hist_gradient_boosting,7578,0.0,0.0,0,0,0,True
initial,beijing,Wanliu,72,fixed_panel,logistic,hist_gradient_boosting,7578,0.0,0.0,0,0,0,True
initial,beijing,Wanliu,72,fixed_panel,constant,logistic,7746,0.0,0.0,0,0,0,True
initial,beijing,Wanliu,72,fixed_panel,constant,hist_gradient_boosting,7746,0.0,0.0,0,0,0,True
initial,beijing,Wanliu,72,fixed_panel,logistic,hist_gradient_boosting,7746,0.0,0.0,0,0,0,True
initial,beijing,Wanliu,72,fixed_panel,constant,logistic,7914,0.0,0.0,0,0,0,True
initial,beijing,Wanliu,72,fixed_panel,constant,hist_gradient_boosting,7914,0.0,0.0,0,0,0,True
initial,beijing,Wanliu,72,fixed_panel,logistic,hist_gradient_boosting,7914,0.0,0.0,0,0,0,True
initial,beijing,Wanliu,72,fixed_panel,constant,logistic,8082,0.0,0.0,0,0,0,True
initial,beijing,Wanliu,72,fixed_panel,constant,hist_gradient_boosting,8082,0.0,0.0,0,0,0,True
initial,beijing,Wanliu,72,fixed_panel,logistic,hist_gradient_boosting,8082,0.0,0.0,0,0,0,True
initial,beijing,Wanliu,72,fixed_panel,constant,logistic,8250,0.0,0.0,0,0,0,True
initial,beijing,Wanliu,72,fixed_panel,constant,hist_gradient_boosting,8250,0.0,0.0,0,0,0,True
initial,beijing,Wanliu,72,fixed_panel,logistic,hist_gradient_boosting,8250,0.0,0.0,0,0,0,True
initial,beijing,Wanliu,72,fixed_panel,constant,logistic,8418,0.0,0.0,0,0,0,True
initial,beijing,Wanliu,72,fixed_panel,constant,hist_gradient_boosting,8418,0.0,0.0,0,0,0,True
initial,beijing,Wanliu,72,fixed_panel,logistic,hist_gradient_boosting,8418,0.0,0.0,0,0,0,True
initial,beijing,Wanliu,72,fixed_panel,constant,logistic,8586,0.0,0.0,0,0,0,True
initial,beijing,Wanliu,72,fixed_panel,constant,hist_gradient_boosting,8586,0.0,0.0,0,0,0,True
initial,beijing,Wanliu,72,fixed_panel,logistic,hist_gradient_boosting,8586,0.0,0.0,0,0,0,True
initial,beijing,Wanshouxigong,72,full_station,constant,logistic,6570,0.0,0.0,0,0,0,True
initial,beijing,Wanshouxigong,72,full_station,constant,hist_gradient_boosting,6570,0.0,0.0,0,0,0,True
initial,beijing,Wanshouxigong,72,full_station,logistic,hist_gradient_boosting,6570,0.0,0.0,0,0,0,True
initial,beijing,Wanshouxigong,72,fixed_panel,constant,logistic,6570,0.0,0.0,0,0,0,True
initial,beijing,Wanshouxigong,72,fixed_panel,constant,hist_gradient_boosting,6570,0.0,0.0,0,0,0,True
initial,beijing,Wanshouxigong,72,fixed_panel,logistic,hist_gradient_boosting,6570,0.0,0.0,0,0,0,True
initial,beijing,Wanshouxigong,72,fixed_panel,constant,logistic,6738,0.0,0.0,0,0,0,True
initial,beijing,Wanshouxigong,72,fixed_panel,constant,hist_gradient_boosting,6738,0.0,0.0,0,0,0,True
initial,beijing,Wanshouxigong,72,fixed_panel,logistic,hist_gradient_boosting,6738,0.0,0.0,0,0,0,True
initial,beijing,Wanshouxigong,72,fixed_panel,constant,logistic,6906,0.0,0.0,0,0,0,True
initial,beijing,Wanshouxigong,72,fixed_panel,constant,hist_gradient_boosting,6906,0.0,0.0,0,0,0,True
initial,beijing,Wanshouxigong,72,fixed_panel,logistic,hist_gradient_boosting,6906,0.0,0.0,0,0,0,True
initial,beijing,Wanshouxigong,72,fixed_panel,constant,logistic,7074,0.0,0.0,0,0,0,True
initial,beijing,Wanshouxigong,72,fixed_panel,constant,hist_gradient_boosting,7074,0.0,0.0,0,0,0,True
initial,beijing,Wanshouxigong,72,fixed_panel,logistic,hist_gradient_boosting,7074,0.0,0.0,0,0,0,True
initial,beijing,Wanshouxigong,72,fixed_panel,constant,logistic,7242,0.0,0.0,0,0,0,True
initial,beijing,Wanshouxigong,72,fixed_panel,constant,hist_gradient_boosting,7242,0.0,0.0,0,0,0,True
initial,beijing,Wanshouxigong,72,fixed_panel,logistic,hist_gradient_boosting,7242,0.0,0.0,0,0,0,True
initial,beijing,Wanshouxigong,72,fixed_panel,constant,logistic,7410,0.0,0.0,0,0,0,True
initial,beijing,Wanshouxigong,72,fixed_panel,constant,hist_gradient_boosting,7410,0.0,0.0,0,0,0,True
initial,beijing,Wanshouxigong,72,fixed_panel,logistic,hist_gradient_boosting,7410,0.0,0.0,0,0,0,True
initial,beijing,Wanshouxigong,72,fixed_panel,constant,logistic,7578,0.0,0.0,0,0,0,True
initial,beijing,Wanshouxigong,72,fixed_panel,constant,hist_gradient_boosting,7578,0.0,0.0,0,0,0,True
initial,beijing,Wanshouxigong,72,fixed_panel,logistic,hist_gradient_boosting,7578,0.0,0.0,0,0,0,True
initial,beijing,Wanshouxigong,72,fixed_panel,constant,logistic,7746,0.0,0.0,0,0,0,True
initial,beijing,Wanshouxigong,72,fixed_panel,constant,hist_gradient_boosting,7746,0.0,0.0,0,0,0,True
initial,beijing,Wanshouxigong,72,fixed_panel,logistic,hist_gradient_boosting,7746,0.0,0.0,0,0,0,True
initial,beijing,Wanshouxigong,72,fixed_panel,constant,logistic,7914,0.0,0.0,0,0,0,True
initial,beijing,Wanshouxigong,72,fixed_panel,constant,hist_gradient_boosting,7914,0.0,0.0,0,0,0,True
initial,beijing,Wanshouxigong,72,fixed_panel,logistic,hist_gradient_boosting,7914,0.0,0.0,0,0,0,True
initial,beijing,Wanshouxigong,72,fixed_panel,constant,logistic,8082,0.0,0.0,0,0,0,True
initial,beijing,Wanshouxigong,72,fixed_panel,constant,hist_gradient_boosting,8082,0.0,0.0,0,0,0,True
initial,beijing,Wanshouxigong,72,fixed_panel,logistic,hist_gradient_boosting,8082,0.0,0.0,0,0,0,True
initial,beijing,Wanshouxigong,72,fixed_panel,constant,logistic,8250,0.0,0.0,0,0,0,True
initial,beijing,Wanshouxigong,72,fixed_panel,constant,hist_gradient_boosting,8250,0.0,0.0,0,0,0,True
initial,beijing,Wanshouxigong,72,fixed_panel,logistic,hist_gradient_boosting,8250,0.0,0.0,0,0,0,True
initial,beijing,Wanshouxigong,72,fixed_panel,constant,logistic,8418,0.0,0.0,0,0,0,True
initial,beijing,Wanshouxigong,72,fixed_panel,constant,hist_gradient_boosting,8418,0.0,0.0,0,0,0,True
initial,beijing,Wanshouxigong,72,fixed_panel,logistic,hist_gradient_boosting,8418,0.0,0.0,0,0,0,True
initial,beijing,Wanshouxigong,72,fixed_panel,constant,logistic,8586,0.0,0.0,0,0,0,True
initial,beijing,Wanshouxigong,72,fixed_panel,constant,hist_gradient_boosting,8586,0.0,0.0,0,0,0,True
initial,beijing,Wanshouxigong,72,fixed_panel,logistic,hist_gradient_boosting,8586,0.0,0.0,0,0,0,True
initial,household,household,60,full_station,constant,logistic,86400,0.0,0.0,0,0,0,True
initial,household,household,60,full_station,constant,hist_gradient_boosting,86400,0.0,0.0,0,0,0,True
initial,household,household,60,full_station,logistic,hist_gradient_boosting,86400,0.0,0.0,0,0,0,True
initial,household,household,60,fixed_panel,constant,logistic,86400,0.0,0.0,0,0,0,True
initial,household,household,60,fixed_panel,constant,hist_gradient_boosting,86400,0.0,0.0,0,0,0,True
initial,household,household,60,fixed_panel,logistic,hist_gradient_boosting,86400,0.0,0.0,0,0,0,True
initial,household,household,60,fixed_panel,constant,logistic,96480,0.0,0.0,0,0,0,True
initial,household,household,60,fixed_panel,constant,hist_gradient_boosting,96480,0.0,0.0,0,0,0,True
initial,household,household,60,fixed_panel,logistic,hist_gradient_boosting,96480,0.0,0.0,0,0,0,True
initial,household,household,60,fixed_panel,constant,logistic,106560,0.0,0.0,0,0,0,True
initial,household,household,60,fixed_panel,constant,hist_gradient_boosting,106560,0.0,0.0,0,0,0,True
initial,household,household,60,fixed_panel,logistic,hist_gradient_boosting,106560,0.0,0.0,0,0,0,True
initial,household,household,60,fixed_panel,constant,logistic,116640,0.0,0.0,0,0,0,True
initial,household,household,60,fixed_panel,constant,hist_gradient_boosting,116640,0.0,0.0,0,0,0,True
initial,household,household,60,fixed_panel,logistic,hist_gradient_boosting,116640,0.0,0.0,0,0,0,True
initial,household,household,60,fixed_panel,constant,logistic,126720,0.0,0.0,0,0,0,True
initial,household,household,60,fixed_panel,constant,hist_gradient_boosting,126720,0.0,0.0,0,0,0,True
initial,household,household,60,fixed_panel,logistic,hist_gradient_boosting,126720,0.0,0.0,0,0,0,True
initial,household,household,180,full_station,constant,logistic,86400,0.0,0.0,0,0,0,True
initial,household,household,180,full_station,constant,hist_gradient_boosting,86400,0.0,0.0,0,0,0,True
initial,household,household,180,full_station,logistic,hist_gradient_boosting,86400,0.0,0.0,0,0,0,True
initial,household,household,180,fixed_panel,constant,logistic,86400,0.0,0.0,0,0,0,True
initial,household,household,180,fixed_panel,constant,hist_gradient_boosting,86400,0.0,0.0,0,0,0,True
initial,household,household,180,fixed_panel,logistic,hist_gradient_boosting,86400,0.0,0.0,0,0,0,True
initial,household,household,180,fixed_panel,constant,logistic,96480,0.0,0.0,0,0,0,True
initial,household,household,180,fixed_panel,constant,hist_gradient_boosting,96480,0.0,0.0,0,0,0,True
initial,household,household,180,fixed_panel,logistic,hist_gradient_boosting,96480,0.0,0.0,0,0,0,True
initial,household,household,180,fixed_panel,constant,logistic,106560,0.0,0.0,0,0,0,True
initial,household,household,180,fixed_panel,constant,hist_gradient_boosting,106560,0.0,0.0,0,0,0,True
initial,household,household,180,fixed_panel,logistic,hist_gradient_boosting,106560,0.0,0.0,0,0,0,True
initial,household,household,180,fixed_panel,constant,logistic,116640,0.0,0.0,0,0,0,True
initial,household,household,180,fixed_panel,constant,hist_gradient_boosting,116640,0.0,0.0,0,0,0,True
initial,household,household,180,fixed_panel,logistic,hist_gradient_boosting,116640,0.0,0.0,0,0,0,True
initial,household,household,180,fixed_panel,constant,logistic,126720,0.0,0.0,0,0,0,True
initial,household,household,180,fixed_panel,constant,hist_gradient_boosting,126720,0.0,0.0,0,0,0,True
initial,household,household,180,fixed_panel,logistic,hist_gradient_boosting,126720,0.0,0.0,0,0,0,True
extension,household,household,60,full_station,constant,logistic,172800,0.0234707138227897,7.499998450581288e-05,3858,2,1,False
extension,household,household,60,full_station,constant,hist_gradient_boosting,172800,0.0200985997473915,5.452746454812432e-05,3858,2,2,False
extension,household,household,60,full_station,logistic,hist_gradient_boosting,172800,0.0037126974793367,6.0141780116330576e-05,3858,2,1,False
extension,household,household,60,fixed_panel,constant,logistic,172800,0.0,0.0,0,0,0,True
extension,household,household,60,fixed_panel,constant,hist_gradient_boosting,172800,0.0,0.0,0,0,0,True
extension,household,household,60,fixed_panel,logistic,hist_gradient_boosting,172800,0.0,0.0,0,0,0,True
extension,household,household,60,fixed_panel,constant,logistic,182880,0.129034920073452,4.0523140398818206e-15,2459,1,0,True
extension,household,household,60,fixed_panel,constant,hist_gradient_boosting,182880,0.1040152081613758,0.0001204784737844,2459,1,1,False
extension,household,household,60,fixed_panel,logistic,hist_gradient_boosting,182880,0.0268888601806038,9.26342336171615e-16,2459,1,0,True
extension,household,household,60,fixed_panel,constant,logistic,192960,0.0664142252005743,2.0261570199409107e-15,1256,1,0,True
extension,household,household,60,fixed_panel,constant,hist_gradient_boosting,192960,0.0653203072556812,4.996003610813204e-16,1256,1,0,True
extension,household,household,60,fixed_panel,logistic,hist_gradient_boosting,192960,0.001093917944893,4.336808689942018e-17,1256,1,0,True
extension,household,household,60,fixed_panel,constant,logistic,203040,0.0,0.0,0,0,0,True
extension,household,household,60,fixed_panel,constant,hist_gradient_boosting,203040,0.0,0.0,0,0,0,True
extension,household,household,60,fixed_panel,logistic,hist_gradient_boosting,203040,0.0,0.0,0,0,0,True
extension,household,household,60,fixed_panel,constant,logistic,213120,0.0,0.0,0,0,0,True
extension,household,household,60,fixed_panel,constant,hist_gradient_boosting,213120,0.0,0.0,0,0,0,True
extension,household,household,60,fixed_panel,logistic,hist_gradient_boosting,213120,0.0,0.0,0,0,0,True
extension,household,household,60,fixed_panel,constant,logistic,223200,0.0,0.0,0,0,0,True
extension,household,household,60,fixed_panel,constant,hist_gradient_boosting,223200,0.0,0.0,0,0,0,True
extension,household,household,60,fixed_panel,logistic,hist_gradient_boosting,223200,0.0,0.0,0,0,0,True
extension,household,household,60,fixed_panel,constant,logistic,233280,0.0,0.0,0,0,0,True
extension,household,household,60,fixed_panel,constant,hist_gradient_boosting,233280,0.0,0.0,0,0,0,True
extension,household,household,60,fixed_panel,logistic,hist_gradient_boosting,233280,0.0,0.0,0,0,0,True
extension,household,household,60,fixed_panel,constant,logistic,243360,0.0036548984186571,0.0006462003454986,84,1,1,False
extension,household,household,60,fixed_panel,constant,hist_gradient_boosting,243360,0.0007713347039479,0.0003493305090059,84,1,1,False
extension,household,household,60,fixed_panel,logistic,hist_gradient_boosting,243360,0.0039488842296815,0.000518181961581,84,1,1,False
extension,household,household,60,fixed_panel,constant,logistic,253440,0.0,0.0,0,0,0,True
extension,household,household,60,fixed_panel,constant,hist_gradient_boosting,253440,0.0,0.0,0,0,0,True
extension,household,household,60,fixed_panel,logistic,hist_gradient_boosting,253440,0.0,0.0,0,0,0,True
extension,household,household,180,full_station,constant,logistic,172800,0.0389331325330453,0.0001709013138029,4045,2,2,False
extension,household,household,180,full_station,constant,hist_gradient_boosting,172800,0.031215218134591,8.829471128792357e-05,4045,2,1,False
extension,household,household,180,full_station,logistic,hist_gradient_boosting,172800,0.0164744480186961,1.5973876532380388e-05,4045,2,1,False
extension,household,household,180,fixed_panel,constant,logistic,172800,0.0,0.0,0,0,0,True
extension,household,household,180,fixed_panel,constant,hist_gradient_boosting,172800,0.0,0.0,0,0,0,True
extension,household,household,180,fixed_panel,logistic,hist_gradient_boosting,172800,0.0,0.0,0,0,0,True
extension,household,household,180,fixed_panel,constant,logistic,182880,0.2041509805984265,0.0013368633350576,2406,1,1,False
extension,household,household,180,fixed_panel,constant,hist_gradient_boosting,182880,0.1398059533881088,0.000768897919609,2406,1,1,False
extension,household,household,180,fixed_panel,logistic,hist_gradient_boosting,182880,0.1235871828197515,0.0001391055053574,2406,1,1,False
extension,household,household,180,fixed_panel,constant,logistic,192960,0.1096338921319673,5.2735593669694936e-15,1256,1,0,True
extension,household,household,180,fixed_panel,constant,hist_gradient_boosting,192960,0.107999882087655,-1.7486012637846217e-15,1256,1,0,True
extension,household,household,180,fixed_panel,logistic,hist_gradient_boosting,192960,0.0016340100443123,-2.4286128663675302e-17,1256,1,0,True
extension,household,household,180,fixed_panel,constant,logistic,203040,0.0,0.0,0,0,0,True
extension,household,household,180,fixed_panel,constant,hist_gradient_boosting,203040,0.0,0.0,0,0,0,True
extension,household,household,180,fixed_panel,logistic,hist_gradient_boosting,203040,0.0,0.0,0,0,0,True
extension,household,household,180,fixed_panel,constant,logistic,213120,0.0,0.0,0,0,0,True
extension,household,household,180,fixed_panel,constant,hist_gradient_boosting,213120,0.0,0.0,0,0,0,True
extension,household,household,180,fixed_panel,logistic,hist_gradient_boosting,213120,0.0,0.0,0,0,0,True
extension,household,household,180,fixed_panel,constant,logistic,223200,0.0,0.0,0,0,0,True
extension,household,household,180,fixed_panel,constant,hist_gradient_boosting,223200,0.0,0.0,0,0,0,True
extension,household,household,180,fixed_panel,logistic,hist_gradient_boosting,223200,0.0,0.0,0,0,0,True
extension,household,household,180,fixed_panel,constant,logistic,233280,0.0,0.0,0,0,0,True
extension,household,household,180,fixed_panel,constant,hist_gradient_boosting,233280,0.0,0.0,0,0,0,True
extension,household,household,180,fixed_panel,logistic,hist_gradient_boosting,233280,0.0,0.0,0,0,0,True
extension,household,household,180,fixed_panel,constant,logistic,243360,0.0096324284696124,0.0001513986766287,204,1,1,False
extension,household,household,180,fixed_panel,constant,hist_gradient_boosting,243360,0.0085819362124623,1.0234868508263162e-16,204,1,0,True
extension,household,household,180,fixed_panel,logistic,hist_gradient_boosting,243360,0.018062966005446,-2.0816681711721685e-17,204,1,0,True
extension,household,household,180,fixed_panel,constant,logistic,253440,0.0,0.0,0,0,0,True
extension,household,household,180,fixed_panel,constant,hist_gradient_boosting,253440,0.0,0.0,0,0,0,True
extension,household,household,180,fixed_panel,logistic,hist_gradient_boosting,253440,0.0,0.0,0,0,0,True
