dataset,series,scope,mask,K,L,panel_start,model_A,model_B,windows,missing_snapshots,ambiguous_windows,independent_lower,independent_upper,joint_lower,joint_upper,reachable_states,seconds,truth_delta,truth_covered,independent_width,joint_width,width_reduction,relative_width_reduction,independent_winner,joint_winner,new_strict_decision
beijing,Aotizhongxin,full_station,natural,24,3,6570,constant,logistic,2167,27,23,0.050395349067997836,0.055802459533031555,0.05039722278831351,0.05580058581271567,64,0.029542000003857538,,,0.0054071104650337196,0.005403363024402162,3.7474406315574083e-06,0.0006930579014042833,B,B,False
beijing,Aotizhongxin,full_station,natural,24,3,6570,constant,hist_gradient_boosting,2167,27,23,0.027352149237235744,0.03243519855854817,0.028083759048764687,0.03160914646502294,64,0.0005601000011665747,,,0.005083049321312427,0.003525387416258255,0.0015576619050541723,0.3064424141082284,B,B,False
beijing,Aotizhongxin,full_station,natural,24,3,6570,logistic,hist_gradient_boosting,2167,27,23,-0.02439768171026586,-0.022012779094979618,-0.024191439347692557,-0.02221902145755292,64,0.0006276000058278441,,,0.0023849026152862433,0.0019724178901396362,0.0004124847251466071,0.17295663248585075,A,A,False
beijing,Aotizhongxin,fixed_panel,natural,24,3,6570,constant,logistic,145,0,0,-0.011872417523227121,-0.011872417523227121,-0.01187241752322707,-0.01187241752322707,64,0.00026020000223070383,,,0.0,0.0,0.0,0.0,A,A,False
beijing,Aotizhongxin,fixed_panel,natural,24,3,6570,constant,hist_gradient_boosting,145,0,0,-0.05332802375857529,-0.05332802375857529,-0.05332802375857528,-0.05332802375857528,64,0.00019890000112354755,,,0.0,0.0,0.0,0.0,A,A,False
beijing,Aotizhongxin,fixed_panel,natural,24,3,6570,logistic,hist_gradient_boosting,145,0,0,-0.04145560623534819,-0.04145560623534819,-0.04145560623534817,-0.04145560623534817,64,0.0001505999971413985,,,0.0,0.0,0.0,0.0,A,A,False
beijing,Aotizhongxin,fixed_panel,natural,24,3,6738,constant,logistic,145,0,0,0.19333392020832404,0.19333392020832404,0.19333392020832404,0.19333392020832404,64,0.00017260000458918512,,,0.0,0.0,0.0,0.0,B,B,False
beijing,Aotizhongxin,fixed_panel,natural,24,3,6738,constant,hist_gradient_boosting,145,0,0,0.16612846725984975,0.16612846725984975,0.16612846725984967,0.16612846725984967,64,0.000152900000102818,,,0.0,0.0,0.0,0.0,B,B,False
beijing,Aotizhongxin,fixed_panel,natural,24,3,6738,logistic,hist_gradient_boosting,145,0,0,-0.027205452948474332,-0.027205452948474332,-0.02720545294847433,-0.02720545294847433,64,0.00014679999731015414,,,0.0,0.0,0.0,0.0,A,A,False
beijing,Aotizhongxin,fixed_panel,natural,24,3,6906,constant,logistic,145,1,0,-0.04746187725614914,-0.04746187725614914,-0.0474618772561491,-0.0474618772561491,64,0.00011069999891333282,,,0.0,0.0,0.0,0.0,A,A,False
beijing,Aotizhongxin,fixed_panel,natural,24,3,6906,constant,hist_gradient_boosting,145,1,0,-0.143502646210737,-0.143502646210737,-0.143502646210737,-0.143502646210737,64,9.639999188948423e-05,,,0.0,0.0,0.0,0.0,A,A,False
beijing,Aotizhongxin,fixed_panel,natural,24,3,6906,logistic,hist_gradient_boosting,145,1,0,-0.09604076895458785,-0.09604076895458785,-0.09604076895458785,-0.09604076895458785,64,0.00010720000136643648,,,0.0,0.0,0.0,0.0,A,A,False
beijing,Aotizhongxin,fixed_panel,natural,24,3,7074,constant,logistic,145,0,0,0.0957001097767884,0.0957001097767884,0.0957001097767884,0.0957001097767884,64,0.00014009998994879425,,,0.0,0.0,0.0,0.0,B,B,False
beijing,Aotizhongxin,fixed_panel,natural,24,3,7074,constant,hist_gradient_boosting,145,0,0,0.049259205079041725,0.049259205079041725,0.049259205079041676,0.049259205079041676,64,0.00010790000669658184,,,0.0,0.0,0.0,0.0,B,B,False
beijing,Aotizhongxin,fixed_panel,natural,24,3,7074,logistic,hist_gradient_boosting,145,0,0,-0.04644090469774669,-0.04644090469774669,-0.04644090469774671,-0.04644090469774671,64,0.00017220000154338777,,,0.0,0.0,0.0,0.0,A,A,False
beijing,Aotizhongxin,fixed_panel,natural,24,3,7242,constant,logistic,145,0,0,0.019546677569132403,0.019546677569132403,0.019546677569132365,0.019546677569132365,64,0.00013059999037068337,,,0.0,0.0,0.0,0.0,B,B,False
beijing,Aotizhongxin,fixed_panel,natural,24,3,7242,constant,hist_gradient_boosting,145,0,0,0.013770488492950634,0.013770488492950634,0.013770488492950615,0.013770488492950615,64,9.660000796429813e-05,,,0.0,0.0,0.0,0.0,B,B,False
beijing,Aotizhongxin,fixed_panel,natural,24,3,7242,logistic,hist_gradient_boosting,145,0,0,-0.005776189076181762,-0.005776189076181762,-0.00577618907618181,-0.00577618907618181,64,9.800000407267362e-05,,,0.0,0.0,0.0,0.0,A,A,False
beijing,Aotizhongxin,fixed_panel,natural,24,3,7410,constant,logistic,145,0,0,0.01611525161158153,0.01611525161158153,0.01611525161158148,0.01611525161158148,64,0.00010920000204350799,,,0.0,0.0,0.0,0.0,B,B,False
beijing,Aotizhongxin,fixed_panel,natural,24,3,7410,constant,hist_gradient_boosting,145,0,0,0.01774830268408406,0.01774830268408406,0.017748302684084307,0.017748302684084307,64,0.00010830000974237919,,,0.0,0.0,0.0,0.0,B,B,False
beijing,Aotizhongxin,fixed_panel,natural,24,3,7410,logistic,hist_gradient_boosting,145,0,0,0.001633051072502566,0.001633051072502566,0.001633051072502575,0.001633051072502575,64,0.00012760001118294895,,,0.0,0.0,0.0,0.0,B,B,False
beijing,Aotizhongxin,fixed_panel,natural,24,3,7578,constant,logistic,145,0,0,0.0649374856014018,0.0649374856014018,0.06493748560140175,0.06493748560140175,64,9.890001092571765e-05,,,0.0,0.0,0.0,0.0,B,B,False
beijing,Aotizhongxin,fixed_panel,natural,24,3,7578,constant,hist_gradient_boosting,145,0,0,0.06694260465743126,0.06694260465743126,0.06694260465743121,0.06694260465743121,64,9.760000102687627e-05,,,0.0,0.0,0.0,0.0,B,B,False
beijing,Aotizhongxin,fixed_panel,natural,24,3,7578,logistic,hist_gradient_boosting,145,0,0,0.002005119056029459,0.002005119056029459,0.002005119056029453,0.002005119056029453,64,0.00012070000229869038,,,0.0,0.0,0.0,0.0,B,B,False
beijing,Aotizhongxin,fixed_panel,natural,24,3,7746,constant,logistic,145,1,0,0.032210980817277406,0.032210980817277406,0.032210980817277406,0.032210980817277406,64,0.00014980000560171902,,,0.0,0.0,0.0,0.0,B,B,False
beijing,Aotizhongxin,fixed_panel,natural,24,3,7746,constant,hist_gradient_boosting,145,1,0,0.02048805916199056,0.02048805916199056,0.02048805916199053,0.02048805916199053,64,9.73999995039776e-05,,,0.0,0.0,0.0,0.0,B,B,False
beijing,Aotizhongxin,fixed_panel,natural,24,3,7746,logistic,hist_gradient_boosting,145,1,0,-0.01172292165528686,-0.01172292165528686,-0.011722921655286836,-0.011722921655286836,64,9.169999975711107e-05,,,0.0,0.0,0.0,0.0,A,A,False
beijing,Aotizhongxin,fixed_panel,natural,24,3,7914,constant,logistic,145,5,23,-0.000634779736327668,0.0801735539031767,-0.0006067773092625173,0.08014555147611159,64,0.00011159999121446162,,,0.08080833363950436,0.08075232878537411,5.6004854130251025e-05,0.0006930579014300106,UNRESOLVED,UNRESOLVED,False
beijing,Aotizhongxin,fixed_panel,natural,24,3,7914,constant,hist_gradient_boosting,145,5,23,0.004225271747324456,0.08019056746652464,0.015159054241004818,0.06784536135156821,64,0.00010230000771116465,,,0.07596529571920019,0.05268630711056339,0.023278988608636794,0.3064424141082234,B,B,False
beijing,Aotizhongxin,fixed_panel,natural,24,3,7914,logistic,hist_gradient_boosting,145,5,23,-0.015382446674173296,0.02025951172117339,-0.012300190124543366,0.017177255171543462,64,8.97999998414889e-05,,,0.03564195839534669,0.029477445296086827,0.006164513099259861,0.17295663248584797,UNRESOLVED,UNRESOLVED,False
beijing,Aotizhongxin,fixed_panel,natural,24,3,8082,constant,logistic,145,0,0,0.08330884117074715,0.08330884117074715,0.0833088411707471,0.0833088411707471,64,0.00011170000652782619,,,0.0,0.0,0.0,0.0,B,B,False
beijing,Aotizhongxin,fixed_panel,natural,24,3,8082,constant,hist_gradient_boosting,145,0,0,0.08754216895285453,0.08754216895285453,0.08754216895285448,0.08754216895285448,64,0.00011369999265298247,,,0.0,0.0,0.0,0.0,B,B,False
beijing,Aotizhongxin,fixed_panel,natural,24,3,8082,logistic,hist_gradient_boosting,145,0,0,0.004233327782107397,0.004233327782107397,0.004233327782107376,0.004233327782107376,64,0.00010180000390391797,,,0.0,0.0,0.0,0.0,B,B,False
beijing,Aotizhongxin,fixed_panel,natural,24,3,8250,constant,logistic,145,3,0,0.09387406032093876,0.09387406032093876,0.09387406032093876,0.09387406032093876,64,9.419998968951404e-05,,,0.0,0.0,0.0,0.0,B,B,False
beijing,Aotizhongxin,fixed_panel,natural,24,3,8250,constant,hist_gradient_boosting,145,3,0,0.10900115613379316,0.10900115613379316,0.10900115613379313,0.10900115613379313,64,9.099999442696571e-05,,,0.0,0.0,0.0,0.0,B,B,False
beijing,Aotizhongxin,fixed_panel,natural,24,3,8250,logistic,hist_gradient_boosting,145,3,0,0.015127095812854392,0.015127095812854392,0.01512709581285438,0.01512709581285438,64,9.09000082174316e-05,,,0.0,0.0,0.0,0.0,B,B,False
beijing,Aotizhongxin,fixed_panel,natural,24,3,8418,constant,logistic,145,1,0,-0.024838218539741726,-0.024838218539741726,-0.02483821853974175,-0.02483821853974175,64,0.00010489999840501696,,,0.0,0.0,0.0,0.0,A,A,False
beijing,Aotizhongxin,fixed_panel,natural,24,3,8418,constant,hist_gradient_boosting,145,1,0,-0.12277613265103698,-0.12277613265103698,-0.12277613265103704,-0.12277613265103704,64,9.790000331122428e-05,,,0.0,0.0,0.0,0.0,A,A,False
beijing,Aotizhongxin,fixed_panel,natural,24,3,8418,logistic,hist_gradient_boosting,145,1,0,-0.0979379141112953,-0.0979379141112953,-0.09793791411129533,-0.09793791411129533,64,9.729999874252826e-05,,,0.0,0.0,0.0,0.0,A,A,False
beijing,Aotizhongxin,fixed_panel,natural,24,3,8586,constant,logistic,145,16,0,0.11425822418095008,0.11425822418095008,0.11425822418095008,0.11425822418095008,64,0.00010909998673014343,,,0.0,0.0,0.0,0.0,B,B,False
beijing,Aotizhongxin,fixed_panel,natural,24,3,8586,constant,hist_gradient_boosting,145,16,0,0.08936153617606542,0.08936153617606542,0.08936153617606536,0.08936153617606536,64,0.0001551000023027882,,,0.0,0.0,0.0,0.0,B,B,False
beijing,Aotizhongxin,fixed_panel,natural,24,3,8586,logistic,hist_gradient_boosting,145,16,0,-0.024896688004884662,-0.024896688004884662,-0.024896688004884763,-0.024896688004884763,64,0.00010140000085812062,,,0.0,0.0,0.0,0.0,A,A,False
beijing,Aotizhongxin,artificial,iid_10,24,3,7025,constant,logistic,834,75,35,0.043587739312997545,0.0530272040746739,0.04527534182676487,0.05155623490897187,64,0.00037910000537522137,0.045275341826765056,True,0.009439464761676356,0.006280893082207001,0.0031585716794693547,0.334613429809385,B,B,False
beijing,Aotizhongxin,artificial,iid_10,24,3,7025,constant,hist_gradient_boosting,834,75,35,0.035236817600454294,0.05771199790382875,0.03653047460072111,0.05647303382160629,64,0.0002508999896235764,0.03653047460072101,True,0.022475180303374455,0.019942559220885177,0.002532621082489278,0.1126852398202575,B,B,False
beijing,Aotizhongxin,artificial,iid_10,24,3,7025,logistic,hist_gradient_boosting,834,75,35,-0.009361258356147768,0.005695130472759388,-0.008848192370799375,0.005402600673765164,64,0.0002590999938547611,-0.008744867226044051,True,0.015056388828907155,0.014250793044564539,0.0008055957843426161,0.053505245746306156,UNRESOLVED,UNRESOLVED,False
beijing,Aotizhongxin,artificial,iid_30,24,3,7025,constant,logistic,834,259,219,-0.008326192137671457,0.06901958747108673,-0.0013565138470784913,0.06208124776535729,64,0.00044270000944379717,0.03769462158616695,True,0.07734577960875819,0.06343776161243578,0.013908017996322408,0.179816120112487,UNRESOLVED,UNRESOLVED,False
beijing,Aotizhongxin,artificial,iid_30,24,3,7025,constant,hist_gradient_boosting,834,259,219,-0.01687698712013629,0.08244099132869831,-0.012020683610517151,0.07779925097954901,64,0.00029769999673590064,0.04469887100006471,True,0.0993179784488346,0.08981993459006617,0.009498043858768429,0.09563267403455572,UNRESOLVED,UNRESOLVED,False
beijing,Aotizhongxin,artificial,iid_30,24,3,7025,logistic,hist_gradient_boosting,834,259,219,-0.03241282546179399,0.037283434336940716,-0.03035265819626549,0.03340346470653594,64,0.0002683000057004392,0.007004249413897758,True,0.0696962597987347,0.06375612290280143,0.005940136895933271,0.08522891921441544,UNRESOLVED,UNRESOLVED,False
beijing,Aotizhongxin,artificial,blocks_10,24,3,7025,constant,logistic,834,72,32,0.03804305752618161,0.04951329205957812,0.038682045459353956,0.04887430412640553,64,0.0004813999985344708,0.04768050839568505,True,0.01147023453339651,0.010192258667051576,0.001277975866344934,0.11141671625144232,B,B,False
beijing,Aotizhongxin,artificial,blocks_10,24,3,7025,constant,hist_gradient_boosting,834,72,32,0.01913789888029566,0.037828097915627204,0.020174002312649184,0.036791994483273784,64,0.00039679999463260174,0.03586469175694948,True,0.018690199035331544,0.0166179921706246,0.002072206864706945,0.11087131072225022,B,B,False
beijing,Aotizhongxin,artificial,blocks_10,24,3,7025,logistic,hist_gradient_boosting,834,72,32,-0.020279631329646327,-0.010310721460190535,-0.018867579366097512,-0.010666504111798612,64,0.00039450000622309744,-0.011815816638735578,True,0.009968909869455792,0.0082010752542989,0.0017678346151568918,0.17733479771679378,A,A,False
beijing,Changping,full_station,natural,24,3,6570,constant,logistic,2167,42,23,0.05539558515023408,0.06251834413219591,0.05539558515023412,0.062258123441966816,64,0.0005699999892385677,,,0.007122758981961831,0.006862538291732695,0.00026022069022913624,0.03653369303778735,B,B,False
beijing,Changping,full_station,natural,24,3,6570,constant,hist_gradient_boosting,2167,42,23,0.04178166346353238,0.04720258632755724,0.041781663463532355,0.04696799489651873,64,0.0009868999914033338,,,0.00542092286402486,0.005186331432986378,0.00023459143103848196,0.043275183381654946,B,B,False
beijing,Changping,full_station,natural,24,3,6570,logistic,hist_gradient_boosting,2167,42,23,-0.015497864603310051,-0.013431814888030346,-0.015290128545448018,-0.01361392168670169,64,0.0004905000096186996,,,0.0020660497152797056,0.0016762068587463288,0.00038984285653337683,0.1886899689055155,A,A,False
beijing,Changping,fixed_panel,natural,24,3,6570,constant,logistic,145,0,0,0.0447626800364856,0.0447626800364856,0.044762680036485605,0.044762680036485605,64,0.0002891999902203679,,,0.0,0.0,0.0,0.0,B,B,False
beijing,Changping,fixed_panel,natural,24,3,6570,constant,hist_gradient_boosting,145,0,0,0.02847103114708333,0.02847103114708333,0.028471031147083353,0.028471031147083353,64,0.00014060000830795616,,,0.0,0.0,0.0,0.0,B,B,False
beijing,Changping,fixed_panel,natural,24,3,6570,logistic,hist_gradient_boosting,145,0,0,-0.01629164888940225,-0.01629164888940225,-0.01629164888940225,-0.01629164888940225,64,0.00011240001185797155,,,0.0,0.0,0.0,0.0,A,A,False
beijing,Changping,fixed_panel,natural,24,3,6738,constant,logistic,145,0,0,0.2324926237671118,0.2324926237671118,0.23249262376711186,0.23249262376711186,64,0.00011409999569877982,,,0.0,0.0,0.0,0.0,B,B,False
beijing,Changping,fixed_panel,natural,24,3,6738,constant,hist_gradient_boosting,145,0,0,0.1551302488958871,0.1551302488958871,0.15513024889588717,0.15513024889588717,64,0.00011029999586753547,,,0.0,0.0,0.0,0.0,B,B,False
beijing,Changping,fixed_panel,natural,24,3,6738,logistic,hist_gradient_boosting,145,0,0,-0.07736237487122469,-0.07736237487122469,-0.07736237487122469,-0.07736237487122469,64,0.00010580000525806099,,,0.0,0.0,0.0,0.0,A,A,False
beijing,Changping,fixed_panel,natural,24,3,6906,constant,logistic,145,0,0,-0.036007790934225195,-0.036007790934225195,-0.03600779093422515,-0.03600779093422515,64,0.00010030000703409314,,,0.0,0.0,0.0,0.0,A,A,False
beijing,Changping,fixed_panel,natural,24,3,6906,constant,hist_gradient_boosting,145,0,0,-0.11033194270679249,-0.11033194270679249,-0.11033194270679249,-0.11033194270679249,64,0.0001269999920623377,,,0.0,0.0,0.0,0.0,A,A,False
beijing,Changping,fixed_panel,natural,24,3,6906,logistic,hist_gradient_boosting,145,0,0,-0.07432415177256733,-0.07432415177256733,-0.07432415177256721,-0.07432415177256721,64,0.0001142999972216785,,,0.0,0.0,0.0,0.0,A,A,False
beijing,Changping,fixed_panel,natural,24,3,7074,constant,logistic,145,0,0,0.08816143367042861,0.08816143367042861,0.08816143367042864,0.08816143367042864,64,0.00011589999485295266,,,0.0,0.0,0.0,0.0,B,B,False
beijing,Changping,fixed_panel,natural,24,3,7074,constant,hist_gradient_boosting,145,0,0,0.05187168955386866,0.05187168955386866,0.051871689553868706,0.051871689553868706,64,0.00010380000458098948,,,0.0,0.0,0.0,0.0,B,B,False
beijing,Changping,fixed_panel,natural,24,3,7074,logistic,hist_gradient_boosting,145,0,0,-0.036289744116559976,-0.036289744116559976,-0.03628974411655995,-0.03628974411655995,64,0.0001044000091496855,,,0.0,0.0,0.0,0.0,A,A,False
beijing,Changping,fixed_panel,natural,24,3,7242,constant,logistic,145,1,0,-0.01924376861058325,-0.01924376861058325,-0.01924376861058322,-0.01924376861058322,64,0.00010600000678095967,,,0.0,0.0,0.0,0.0,A,A,False
beijing,Changping,fixed_panel,natural,24,3,7242,constant,hist_gradient_boosting,145,1,0,0.0026686937209006445,0.0026686937209006445,0.0026686937209006445,0.0026686937209006445,64,0.00011330000415910035,,,0.0,0.0,0.0,0.0,B,B,False
beijing,Changping,fixed_panel,natural,24,3,7242,logistic,hist_gradient_boosting,145,1,0,0.02191246233148392,0.02191246233148392,0.02191246233148391,0.02191246233148391,64,0.00010940000356640667,,,0.0,0.0,0.0,0.0,B,B,False
beijing,Changping,fixed_panel,natural,24,3,7410,constant,logistic,145,3,0,0.10497240486783438,0.10497240486783438,0.10497240486783443,0.10497240486783443,64,0.00012100000458303839,,,0.0,0.0,0.0,0.0,B,B,False
beijing,Changping,fixed_panel,natural,24,3,7410,constant,hist_gradient_boosting,145,3,0,0.07318743758294782,0.07318743758294782,0.07318743758294775,0.07318743758294775,64,9.460000728722662e-05,,,0.0,0.0,0.0,0.0,B,B,False
beijing,Changping,fixed_panel,natural,24,3,7410,logistic,hist_gradient_boosting,145,3,0,-0.03178496728488654,-0.03178496728488654,-0.03178496728488655,-0.03178496728488655,64,0.0001016000023810193,,,0.0,0.0,0.0,0.0,A,A,False
beijing,Changping,fixed_panel,natural,24,3,7578,constant,logistic,145,4,0,0.018942333217364035,0.018942333217364035,0.01894233321736401,0.01894233321736401,64,9.890001092571765e-05,,,0.0,0.0,0.0,0.0,B,B,False
beijing,Changping,fixed_panel,natural,24,3,7578,constant,hist_gradient_boosting,145,4,0,0.032338132568919827,0.032338132568919827,0.032338132568919875,0.032338132568919875,64,0.00010059999476652592,,,0.0,0.0,0.0,0.0,B,B,False
beijing,Changping,fixed_panel,natural,24,3,7578,logistic,hist_gradient_boosting,145,4,0,0.013395799351555777,0.013395799351555777,0.013395799351555776,0.013395799351555776,64,9.560000034980476e-05,,,0.0,0.0,0.0,0.0,B,B,False
beijing,Changping,fixed_panel,natural,24,3,7746,constant,logistic,145,3,0,0.06672777589507634,0.06672777589507634,0.06672777589507636,0.06672777589507636,64,9.770000178832561e-05,,,0.0,0.0,0.0,0.0,B,B,False
beijing,Changping,fixed_panel,natural,24,3,7746,constant,hist_gradient_boosting,145,3,0,0.06463566924816415,0.06463566924816415,0.06463566924816415,0.06463566924816415,64,9.369998588226736e-05,,,0.0,0.0,0.0,0.0,B,B,False
beijing,Changping,fixed_panel,natural,24,3,7746,logistic,hist_gradient_boosting,145,3,0,-0.002092106646912239,-0.002092106646912239,-0.002092106646912257,-0.002092106646912257,64,9.90999978967011e-05,,,0.0,0.0,0.0,0.0,A,A,False
beijing,Changping,fixed_panel,natural,24,3,7914,constant,logistic,145,7,23,-0.11602377603007621,-0.00957537110654998,-0.11602377603007619,-0.013464324456387976,64,9.719999798107892e-05,,,0.10644840492352624,0.1025594515736882,0.003888953349838034,0.0365336930377858,A,A,False
beijing,Changping,fixed_panel,natural,24,3,7914,constant,hist_gradient_boosting,145,7,23,-0.06509245440157517,0.01592230315940308,-0.06509245440157517,0.012416374669331718,64,0.00016920000780373812,,,0.08101475756097826,0.07750882907090689,0.003505928490071364,0.04327518338165141,UNRESOLVED,UNRESOLVED,False
beijing,Changping,fixed_panel,natural,24,3,7914,logistic,hist_gradient_boosting,145,7,23,0.022776119557533524,0.05365287633692057,0.025880699125719824,0.05093132162850103,64,0.00018699999782256782,,,0.030876756779387046,0.025050622502781207,0.005826134276605839,0.18868996890551978,B,B,False
beijing,Changping,fixed_panel,natural,24,3,8082,constant,logistic,145,0,0,0.1776473342499385,0.1776473342499385,0.17764733424993842,0.17764733424993842,64,0.00013019998732488602,,,0.0,0.0,0.0,0.0,B,B,False
beijing,Changping,fixed_panel,natural,24,3,8082,constant,hist_gradient_boosting,145,0,0,0.1901173397740542,0.1901173397740542,0.19011733977405423,0.19011733977405423,64,0.00010710000060498714,,,0.0,0.0,0.0,0.0,B,B,False
beijing,Changping,fixed_panel,natural,24,3,8082,logistic,hist_gradient_boosting,145,0,0,0.0124700055241157,0.0124700055241157,0.012470005524115717,0.012470005524115717,64,0.00010109999857377261,,,0.0,0.0,0.0,0.0,B,B,False
beijing,Changping,fixed_panel,natural,24,3,8250,constant,logistic,145,3,0,0.15773584458836856,0.15773584458836856,0.15773584458836853,0.15773584458836853,64,0.00010990000737365335,,,0.0,0.0,0.0,0.0,B,B,False
beijing,Changping,fixed_panel,natural,24,3,8250,constant,hist_gradient_boosting,145,3,0,0.20045268721523113,0.20045268721523113,0.20045268721523116,0.20045268721523116,64,0.00010299999848939478,,,0.0,0.0,0.0,0.0,B,B,False
beijing,Changping,fixed_panel,natural,24,3,8250,logistic,hist_gradient_boosting,145,3,0,0.04271684262686257,0.04271684262686257,0.042716842626862574,0.042716842626862574,64,0.0002906000008806586,,,0.0,0.0,0.0,0.0,B,B,False
beijing,Changping,fixed_panel,natural,24,3,8418,constant,logistic,145,3,0,-0.08797542742586446,-0.08797542742586446,-0.08797542742586441,-0.08797542742586441,64,0.00017749999824445695,,,0.0,0.0,0.0,0.0,A,A,False
beijing,Changping,fixed_panel,natural,24,3,8418,constant,hist_gradient_boosting,145,3,0,-0.1449258524795752,-0.1449258524795752,-0.14492585247957507,-0.14492585247957507,64,0.00012569999671541154,,,0.0,0.0,0.0,0.0,A,A,False
beijing,Changping,fixed_panel,natural,24,3,8418,logistic,hist_gradient_boosting,145,3,0,-0.05695042505371067,-0.05695042505371067,-0.05695042505371067,-0.05695042505371067,64,0.00010699999984353781,,,0.0,0.0,0.0,0.0,A,A,False
beijing,Changping,fixed_panel,natural,24,3,8586,constant,logistic,145,18,0,0.11174000215347128,0.11174000215347128,0.11174000215347177,0.11174000215347177,64,0.00011350000568199903,,,0.0,0.0,0.0,0.0,B,B,False
beijing,Changping,fixed_panel,natural,24,3,8586,constant,hist_gradient_boosting,145,18,0,0.09632246653047649,0.09632246653047649,0.09632246653047659,0.09632246653047659,64,9.790000331122428e-05,,,0.0,0.0,0.0,0.0,B,B,False
beijing,Changping,fixed_panel,natural,24,3,8586,logistic,hist_gradient_boosting,145,18,0,-0.015417535622994806,-0.015417535622994806,-0.01541753562299471,-0.01541753562299471,64,0.00010220000694971532,,,0.0,0.0,0.0,0.0,A,A,False
beijing,Changping,artificial,iid_10,24,3,6570,constant,logistic,809,77,55,0.052485319316199784,0.07290117791418686,0.05474103637062107,0.0706454608597657,64,0.0003606999962357804,0.0621809419619844,True,0.02041585859798708,0.015904424489144628,0.004511434108842451,0.22097694726820158,B,B,False
beijing,Changping,artificial,iid_10,24,3,6570,constant,hist_gradient_boosting,809,77,55,0.03551486317722167,0.0585308416875941,0.037840153625809406,0.056205551239006245,64,0.0002803000097628683,0.0413758924754458,True,0.02301597851037243,0.01836539761319684,0.004650580897175592,0.2020587955919298,B,B,False
beijing,Changping,artificial,iid_10,24,3,6570,logistic,hist_gradient_boosting,809,77,55,-0.021603164115233317,-0.009737628250337553,-0.021366008475440148,-0.00997478389013074,64,0.0002738999901339412,-0.0208050494865386,True,0.011865535864895764,0.011391224585309409,0.00047431127958635563,0.03997386085103897,A,A,False
beijing,Changping,artificial,iid_30,24,3,6570,constant,logistic,809,249,235,-0.022037638548268172,0.06379430203543208,-0.011685749873615458,0.05553583814862733,64,0.00039659999310970306,0.037543524574983625,True,0.08583194058370025,0.06722158802224279,0.01861035256145746,0.2168231597106826,UNRESOLVED,UNRESOLVED,False
beijing,Changping,artificial,iid_30,24,3,6570,constant,hist_gradient_boosting,809,249,235,-0.00928905219466739,0.06858656386612842,-0.0008543311905238626,0.05956564354194286,64,0.00031489999673794955,0.0325361599697487,True,0.07787561606079581,0.06041997473246672,0.017455641328329087,0.2241477141535785,UNRESOLVED,UNRESOLVED,False
beijing,Changping,artificial,iid_30,24,3,6570,logistic,hist_gradient_boosting,809,249,235,-0.015715965583298557,0.033256813767595664,-0.011590221376775702,0.029715892365409433,64,0.0003969000099459663,-0.005007364605234933,True,0.048972779350894224,0.04130611374218514,0.007666665608709086,0.15654953037843247,UNRESOLVED,UNRESOLVED,False
beijing,Changping,artificial,blocks_10,24,3,6570,constant,logistic,809,75,142,-0.006059857533173518,0.06622291568318646,-0.0014241252104377205,0.06057363814671638,64,0.0003961999900639057,0.05335571072529895,True,0.07228277321635998,0.0619977633571541,0.010285009859205878,0.14228853434303543,UNRESOLVED,UNRESOLVED,False
beijing,Changping,artificial,blocks_10,24,3,6570,constant,hist_gradient_boosting,809,75,142,-0.02832994060077009,0.04421545089907456,-0.022009627154806602,0.03661333061298093,64,0.00029340000764932483,0.030379685704066735,True,0.07254539149984465,0.05862295776778753,0.013922433732057121,0.19191341371542442,UNRESOLVED,UNRESOLVED,False
beijing,Changping,artificial,blocks_10,24,3,6570,logistic,hist_gradient_boosting,809,75,142,-0.03684814071281512,-0.007429407138893364,-0.03350454565292828,-0.010305214150633967,64,0.00026420000358484685,-0.02297602502123221,True,0.029418733573921756,0.02319933150229431,0.006219402071627446,0.21140957872981442,A,A,False
beijing,Dingling,full_station,natural,24,3,6570,constant,logistic,2167,76,29,0.09100666113266491,0.09946202450242075,0.09100666113266494,0.09946202450242067,64,0.0007968000136315823,,,0.008455363369755844,0.008455363369755733,1.1102230246251565e-16,1.313039991393315e-14,B,B,False
beijing,Dingling,full_station,natural,24,3,6570,constant,hist_gradient_boosting,2167,76,29,0.07381874604927656,0.08098689698670086,0.0738187460492766,0.08098689698670082,64,0.0008439999946858734,,,0.007168150937424303,0.00716815093742422,8.326672684688674e-17,1.1616207244208305e-14,B,B,False
beijing,Dingling,full_station,natural,24,3,6570,logistic,hist_gradient_boosting,2167,76,29,-0.019248528889162474,-0.016414513709945736,-0.01847512751571989,-0.017187915083388346,64,0.0006456999981310219,,,0.0028340151792167374,0.001287212432331545,0.0015468027468851925,0.5457990339037974,A,A,False
beijing,Dingling,fixed_panel,natural,24,3,6570,constant,logistic,145,0,0,0.18039604947019502,0.18039604947019502,0.18039604947019502,0.18039604947019502,64,0.0002277999883517623,,,0.0,0.0,0.0,0.0,B,B,False
beijing,Dingling,fixed_panel,natural,24,3,6570,constant,hist_gradient_boosting,145,0,0,0.21845544153010163,0.21845544153010163,0.21845544153010163,0.21845544153010163,64,0.00013860000763088465,,,0.0,0.0,0.0,0.0,B,B,False
beijing,Dingling,fixed_panel,natural,24,3,6570,logistic,hist_gradient_boosting,145,0,0,0.03805939205990659,0.03805939205990659,0.038059392059906584,0.038059392059906584,64,0.00013349999790079892,,,0.0,0.0,0.0,0.0,B,B,False
beijing,Dingling,fixed_panel,natural,24,3,6738,constant,logistic,145,1,0,0.2788920596111584,0.2788920596111584,0.2788920596111584,0.2788920596111584,64,0.0001244000013684854,,,0.0,0.0,0.0,0.0,B,B,False
beijing,Dingling,fixed_panel,natural,24,3,6738,constant,hist_gradient_boosting,145,1,0,0.19732261844979054,0.19732261844979054,0.19732261844979054,0.19732261844979054,64,0.00013070000568404794,,,0.0,0.0,0.0,0.0,B,B,False
beijing,Dingling,fixed_panel,natural,24,3,6738,logistic,hist_gradient_boosting,145,1,0,-0.08156944116136788,-0.08156944116136788,-0.08156944116136788,-0.08156944116136788,64,0.000112900001113303,,,0.0,0.0,0.0,0.0,A,A,False
beijing,Dingling,fixed_panel,natural,24,3,6906,constant,logistic,145,0,0,0.1817768283623975,0.1817768283623975,0.18177682836239747,0.18177682836239747,64,0.0001188000023830682,,,0.0,0.0,0.0,0.0,B,B,False
beijing,Dingling,fixed_panel,natural,24,3,6906,constant,hist_gradient_boosting,145,0,0,0.2137523044335715,0.2137523044335715,0.21375230443357146,0.21375230443357146,64,0.00011950000771321356,,,0.0,0.0,0.0,0.0,B,B,False
beijing,Dingling,fixed_panel,natural,24,3,6906,logistic,hist_gradient_boosting,145,0,0,0.031975476071173944,0.031975476071173944,0.03197547607117394,0.03197547607117394,64,0.00010489999840501696,,,0.0,0.0,0.0,0.0,B,B,False
beijing,Dingling,fixed_panel,natural,24,3,7074,constant,logistic,145,0,0,0.05821426020623109,0.05821426020623109,0.05821426020623112,0.05821426020623112,64,0.00011189999349880964,,,0.0,0.0,0.0,0.0,B,B,False
beijing,Dingling,fixed_panel,natural,24,3,7074,constant,hist_gradient_boosting,145,0,0,-0.003513597208095378,-0.003513597208095378,-0.0035135972080955124,-0.0035135972080955124,64,0.00010540000221226364,,,0.0,0.0,0.0,0.0,A,A,False
beijing,Dingling,fixed_panel,natural,24,3,7074,logistic,hist_gradient_boosting,145,0,0,-0.06172785741432649,-0.06172785741432649,-0.06172785741432646,-0.06172785741432646,64,0.00010289999772794545,,,0.0,0.0,0.0,0.0,A,A,False
beijing,Dingling,fixed_panel,natural,24,3,7242,constant,logistic,145,0,0,0.14393738482836393,0.14393738482836393,0.14393738482836393,0.14393738482836393,64,0.00010370000381954014,,,0.0,0.0,0.0,0.0,B,B,False
beijing,Dingling,fixed_panel,natural,24,3,7242,constant,hist_gradient_boosting,145,0,0,0.09949144507077946,0.09949144507077946,0.09949144507077948,0.09949144507077948,64,0.00010140000085812062,,,0.0,0.0,0.0,0.0,B,B,False
beijing,Dingling,fixed_panel,natural,24,3,7242,logistic,hist_gradient_boosting,145,0,0,-0.04444593975758448,-0.04444593975758448,-0.04444593975758448,-0.04444593975758448,64,0.00010340000153519213,,,0.0,0.0,0.0,0.0,A,A,False
beijing,Dingling,fixed_panel,natural,24,3,7410,constant,logistic,145,0,0,0.15027302955711294,0.15027302955711294,0.15027302955711294,0.15027302955711294,64,0.0001058999914675951,,,0.0,0.0,0.0,0.0,B,B,False
beijing,Dingling,fixed_panel,natural,24,3,7410,constant,hist_gradient_boosting,145,0,0,0.1396110542562671,0.1396110542562671,0.13961105425626708,0.13961105425626708,64,0.00010660001134965569,,,0.0,0.0,0.0,0.0,B,B,False
beijing,Dingling,fixed_panel,natural,24,3,7410,logistic,hist_gradient_boosting,145,0,0,-0.010661975300845828,-0.010661975300845828,-0.010661975300845816,-0.010661975300845816,64,0.00010459999612066895,,,0.0,0.0,0.0,0.0,A,A,False
beijing,Dingling,fixed_panel,natural,24,3,7578,constant,logistic,145,1,0,-0.05119574228846918,-0.05119574228846918,-0.051195742288469175,-0.051195742288469175,64,0.0001100999943446368,,,0.0,0.0,0.0,0.0,A,A,False
beijing,Dingling,fixed_panel,natural,24,3,7578,constant,hist_gradient_boosting,145,1,0,-0.050226463053279186,-0.050226463053279186,-0.05022646305327909,-0.05022646305327909,64,0.0001058999914675951,,,0.0,0.0,0.0,0.0,A,A,False
beijing,Dingling,fixed_panel,natural,24,3,7578,logistic,hist_gradient_boosting,145,1,0,0.0009692792351900026,0.0009692792351900026,0.0009692792351900011,0.0009692792351900011,64,0.00011600001016631722,,,0.0,0.0,0.0,0.0,B,B,False
beijing,Dingling,fixed_panel,natural,24,3,7746,constant,logistic,145,18,0,-0.005887983564386755,-0.005887983564386755,-0.0058879835643866904,-0.0058879835643866904,64,0.00011170000652782619,,,0.0,0.0,0.0,0.0,A,A,False
beijing,Dingling,fixed_panel,natural,24,3,7746,constant,hist_gradient_boosting,145,18,0,0.0340585383663177,0.0340585383663177,0.03405853836631771,0.03405853836631771,64,0.00010410000686533749,,,0.0,0.0,0.0,0.0,B,B,False
beijing,Dingling,fixed_panel,natural,24,3,7746,logistic,hist_gradient_boosting,145,18,0,0.03994652193070448,0.03994652193070448,0.03994652193070448,0.03994652193070448,64,0.00010320000001229346,,,0.0,0.0,0.0,0.0,B,B,False
beijing,Dingling,fixed_panel,natural,24,3,7914,constant,logistic,145,4,23,-0.09396321482745465,0.009875619950186603,-0.09396321482745468,0.009875619950186591,64,0.00010420000762678683,,,0.10383883477764125,0.10383883477764128,-2.7755575615628914e-17,-2.6729475224817616e-16,UNRESOLVED,UNRESOLVED,False
beijing,Dingling,fixed_panel,natural,24,3,7914,constant,hist_gradient_boosting,145,4,23,-0.0823309133058364,0.006660983663418336,-0.08233091330583638,0.006660983663418343,64,0.00010810000821948051,,,0.08899189696925475,0.08899189696925472,2.7755575615628914e-17,3.1188879618127493e-16,UNRESOLVED,UNRESOLVED,False
beijing,Dingling,fixed_panel,natural,24,3,7914,logistic,hist_gradient_boosting,145,4,23,-0.014772986467803425,0.02319065170265341,-0.0032146362867682974,0.011632301521618246,64,0.00011909999011550099,,,0.03796363817045684,0.014846937808386543,0.023116700362070294,0.6089168866871043,UNRESOLVED,UNRESOLVED,False
beijing,Dingling,fixed_panel,natural,24,3,8082,constant,logistic,145,24,5,0.1406420087668332,0.1597208890466893,0.14064200876683325,0.15972088904668932,64,0.00010900000052060932,,,0.019078880279856103,0.019078880279856075,2.7755575615628914e-17,1.4547801133242529e-15,B,B,False
beijing,Dingling,fixed_panel,natural,24,3,8082,constant,hist_gradient_boosting,145,24,5,0.09547226806840525,0.11259649500697913,0.09547226806840516,0.11259649500697907,64,0.00010710000060498714,,,0.017124226938573878,0.01712422693857392,-4.163336342344337e-17,-2.431255061778026e-15,B,B,False
beijing,Dingling,fixed_panel,natural,24,3,8082,logistic,hist_gradient_boosting,145,24,5,-0.047124394039710193,-0.045169740698427954,-0.04712439403971016,-0.04516974069842793,64,0.0001041999930748716,,,0.0019546533412822392,0.0019546533412822253,1.3877787807814457e-17,7.099871631821284e-15,A,A,False
beijing,Dingling,fixed_panel,natural,24,3,8250,constant,logistic,145,4,1,0.1520850775131549,0.15553131019538805,0.1520850775131549,0.1555313101953881,64,0.00010320000001229346,,,0.0034462326822331524,0.003446232682233208,-5.551115123125783e-17,-1.610777807239838e-14,B,B,False
beijing,Dingling,fixed_panel,natural,24,3,8250,constant,hist_gradient_boosting,145,4,1,0.1224842475942576,0.12349490355814242,0.12248424759425758,0.1234949035581424,64,0.0001252999936696142,,,0.0010106559638848184,0.0010106559638848184,0.0,0.0,B,B,False
beijing,Dingling,fixed_panel,natural,24,3,8250,logistic,hist_gradient_boosting,145,4,1,-0.032036406637245586,-0.029600829918897252,-0.03203640663724559,-0.02960082991889726,64,0.00011750000703614205,,,0.002435576718348334,0.002435576718348334,0.0,0.0,A,A,False
beijing,Dingling,fixed_panel,natural,24,3,8418,constant,logistic,145,1,0,-0.07154199086544559,-0.07154199086544559,-0.07154199086544559,-0.07154199086544559,64,0.00011570000788196921,,,0.0,0.0,0.0,0.0,A,A,False
beijing,Dingling,fixed_panel,natural,24,3,8418,constant,hist_gradient_boosting,145,1,0,-0.12041578323068723,-0.12041578323068723,-0.12041578323068733,-0.12041578323068733,64,0.00011559999256860465,,,0.0,0.0,0.0,0.0,A,A,False
beijing,Dingling,fixed_panel,natural,24,3,8418,logistic,hist_gradient_boosting,145,1,0,-0.048873792365241676,-0.048873792365241676,-0.04887379236524163,-0.04887379236524163,64,0.00011249999806750566,,,0.0,0.0,0.0,0.0,A,A,False
beijing,Dingling,fixed_panel,natural,24,3,8586,constant,logistic,145,23,0,0.12843298589037974,0.12843298589037974,0.12843298589037985,0.12843298589037985,64,0.0001171000039903447,,,0.0,0.0,0.0,0.0,B,B,False
beijing,Dingling,fixed_panel,natural,24,3,8586,constant,hist_gradient_boosting,145,23,0,0.10731151998027055,0.10731151998027055,0.10731151998027046,0.10731151998027046,64,0.00011150000500492752,,,0.0,0.0,0.0,0.0,B,B,False
beijing,Dingling,fixed_panel,natural,24,3,8586,logistic,hist_gradient_boosting,145,23,0,-0.02112146591010923,-0.02112146591010923,-0.02112146591010928,-0.02112146591010928,64,0.00010889999975915998,,,0.0,0.0,0.0,0.0,A,A,False
beijing,Dingling,artificial,iid_10,24,3,6740,constant,logistic,936,93,29,0.12132300043771681,0.12817480183593194,0.12276822836057065,0.12672957391307815,64,0.00048770000285003334,0.12547839853517162,True,0.006851801398215132,0.003961345552507503,0.002890455845707629,0.4218534189360161,B,B,False
beijing,Dingling,artificial,iid_10,24,3,6740,constant,hist_gradient_boosting,936,93,29,0.09383975470203064,0.10199294347039209,0.09592184375652375,0.09991085441589899,64,0.0003339000104460865,0.09788083447500488,True,0.00815318876836145,0.003989010659375236,0.004164178108986213,0.5107422662830227,B,B,False
beijing,Dingling,artificial,iid_10,24,3,6740,logistic,hist_gradient_boosting,936,93,29,-0.028546026576773485,-0.025119077524452544,-0.02776569073415503,-0.025899413367070998,64,0.0002823999966494739,-0.027597564060166734,True,0.0034269490523209413,0.0018662773670840328,0.0015606716852369085,0.4554114057166754,A,A,False
beijing,Dingling,artificial,iid_30,24,3,6740,constant,logistic,936,279,218,0.01297074875799074,0.09041181297064023,0.01953646537473423,0.08625910304047045,64,0.00043330001062713563,0.07560413459155181,True,0.07744106421264949,0.06672263766573622,0.010718426546913268,0.13840753166150943,B,B,False
beijing,Dingling,artificial,iid_30,24,3,6740,constant,hist_gradient_boosting,936,279,218,0.002321460374175496,0.07954629546640843,0.008133890609872869,0.0743408430891393,64,0.0003163999936077744,0.0666106177509749,True,0.07722483509223294,0.06620695247926643,0.011017882612966504,0.1426727891332804,B,B,False
beijing,Dingling,artificial,iid_30,24,3,6740,logistic,hist_gradient_boosting,936,279,218,-0.02759764740274424,0.006082841514697206,-0.025594413559599585,0.003336797092752697,64,0.000294400000711903,-0.008993516840576901,True,0.033680488917441444,0.028931210652352282,0.0047492782650891616,0.14100977799730655,UNRESOLVED,UNRESOLVED,False
beijing,Dingling,artificial,blocks_10,24,3,6740,constant,logistic,936,89,198,0.014437232422934479,0.14956461691546058,0.015800470916764512,0.14629092518371384,64,0.00039760000072419643,0.1258100415021857,True,0.1351273844925261,0.13049045426694933,0.004636930225576763,0.03431525181213903,B,B,False
beijing,Dingling,artificial,blocks_10,24,3,6740,constant,hist_gradient_boosting,936,89,198,0.026300633533925588,0.1257971264641343,0.02850217231405197,0.12372671875351852,64,0.00030329999572131783,0.09382309530661094,True,0.09949649293020871,0.09522454643946655,0.004271946490742154,0.0429356489352714,B,B,False
beijing,Dingling,artificial,blocks_10,24,3,6740,logistic,hist_gradient_boosting,936,89,198,-0.04013856682151416,0.02823447748117902,-0.036785681150026006,0.02691714519815602,64,0.0003029000072274357,-0.03198694619557476,True,0.06837304430269318,0.06370282634818203,0.004670217954511155,0.06830495851311973,UNRESOLVED,UNRESOLVED,False
beijing,Dongsi,full_station,natural,24,3,6570,constant,logistic,2167,32,23,0.060509409119902366,0.06654621388597304,0.06050940911990263,0.06654621388597325,64,0.0006386000022757798,,,0.006036804766070672,0.0060368047660706164,5.551115123125783e-17,9.195452459097792e-15,B,B,False
beijing,Dongsi,full_station,natural,24,3,6570,constant,hist_gradient_boosting,2167,32,23,0.027898128430952594,0.03217562249737826,0.028097846003106525,0.03196133500421705,64,0.0005324999947333708,,,0.004277494066425663,0.003863489001110526,0.00041400506531513726,0.09678682398759841,B,B,False
beijing,Dongsi,full_station,natural,24,3,6570,logistic,hist_gradient_boosting,2167,32,23,-0.034635081513075434,-0.032346790564469145,-0.03458487888175599,-0.0323969931957888,64,0.00046159999328665435,,,0.002288290948606289,0.0021878856859671864,0.00010040526263910277,0.043877839354412425,A,A,False
beijing,Dongsi,fixed_panel,natural,24,3,6570,constant,logistic,145,0,0,0.008784555230441159,0.008784555230441159,0.008784555230441086,0.008784555230441086,64,0.00022959998750593513,,,0.0,0.0,0.0,0.0,B,B,False
beijing,Dongsi,fixed_panel,natural,24,3,6570,constant,hist_gradient_boosting,145,0,0,-0.0820173664985133,-0.0820173664985133,-0.08201736649851327,-0.08201736649851327,64,0.0001286999904550612,,,0.0,0.0,0.0,0.0,A,A,False
beijing,Dongsi,fixed_panel,natural,24,3,6570,logistic,hist_gradient_boosting,145,0,0,-0.09080192172895447,-0.09080192172895447,-0.09080192172895447,-0.09080192172895447,64,0.00011340000492054969,,,0.0,0.0,0.0,0.0,A,A,False
beijing,Dongsi,fixed_panel,natural,24,3,6738,constant,logistic,145,0,0,0.17699455862173707,0.17699455862173707,0.1769945586217371,0.1769945586217371,64,0.00011079999967478216,,,0.0,0.0,0.0,0.0,B,B,False
beijing,Dongsi,fixed_panel,natural,24,3,6738,constant,hist_gradient_boosting,145,0,0,0.20176277204594678,0.20176277204594678,0.20176277204594678,0.20176277204594678,64,9.980000322684646e-05,,,0.0,0.0,0.0,0.0,B,B,False
beijing,Dongsi,fixed_panel,natural,24,3,6738,logistic,hist_gradient_boosting,145,0,0,0.024768213424209724,0.024768213424209724,0.02476821342420973,0.02476821342420973,64,9.830000635702163e-05,,,0.0,0.0,0.0,0.0,B,B,False
beijing,Dongsi,fixed_panel,natural,24,3,6906,constant,logistic,145,1,0,-0.03369671570492796,-0.03369671570492796,-0.033696715704928056,-0.033696715704928056,64,0.0001300999865634367,,,0.0,0.0,0.0,0.0,A,A,False
beijing,Dongsi,fixed_panel,natural,24,3,6906,constant,hist_gradient_boosting,145,1,0,-0.10815831483758585,-0.10815831483758585,-0.1081583148375858,-0.1081583148375858,64,0.0001016000023810193,,,0.0,0.0,0.0,0.0,A,A,False
beijing,Dongsi,fixed_panel,natural,24,3,6906,logistic,hist_gradient_boosting,145,1,0,-0.07446159913265785,-0.07446159913265785,-0.07446159913265775,-0.07446159913265775,64,9.769998723641038e-05,,,0.0,0.0,0.0,0.0,A,A,False
beijing,Dongsi,fixed_panel,natural,24,3,7074,constant,logistic,145,0,0,0.10328052380619065,0.10328052380619065,0.10328052380619071,0.10328052380619071,64,9.859999408945441e-05,,,0.0,0.0,0.0,0.0,B,B,False
beijing,Dongsi,fixed_panel,natural,24,3,7074,constant,hist_gradient_boosting,145,0,0,0.05880337360075025,0.05880337360075025,0.0588033736007501,0.0588033736007501,64,0.00010269999620504677,,,0.0,0.0,0.0,0.0,B,B,False
beijing,Dongsi,fixed_panel,natural,24,3,7074,logistic,hist_gradient_boosting,145,0,0,-0.044477150205440415,-0.044477150205440415,-0.044477150205440394,-0.044477150205440394,64,0.00010940000356640667,,,0.0,0.0,0.0,0.0,A,A,False
beijing,Dongsi,fixed_panel,natural,24,3,7242,constant,logistic,145,0,0,0.021268120224149308,0.021268120224149308,0.021268120224149308,0.021268120224149308,64,0.00011449999874457717,,,0.0,0.0,0.0,0.0,B,B,False
beijing,Dongsi,fixed_panel,natural,24,3,7242,constant,hist_gradient_boosting,145,0,0,0.0340357746633212,0.0340357746633212,0.03403577466332121,0.03403577466332121,64,9.470000804867595e-05,,,0.0,0.0,0.0,0.0,B,B,False
beijing,Dongsi,fixed_panel,natural,24,3,7242,logistic,hist_gradient_boosting,145,0,0,0.01276765443917191,0.01276765443917191,0.01276765443917191,0.01276765443917191,64,9.250000584870577e-05,,,0.0,0.0,0.0,0.0,B,B,False
beijing,Dongsi,fixed_panel,natural,24,3,7410,constant,logistic,145,0,0,0.1632578651020546,0.1632578651020546,0.16325786510205464,0.16325786510205464,64,9.410000347997993e-05,,,0.0,0.0,0.0,0.0,B,B,False
beijing,Dongsi,fixed_panel,natural,24,3,7410,constant,hist_gradient_boosting,145,0,0,0.14933302745045512,0.14933302745045512,0.1493330274504552,0.1493330274504552,64,9.339999814983457e-05,,,0.0,0.0,0.0,0.0,B,B,False
beijing,Dongsi,fixed_panel,natural,24,3,7410,logistic,hist_gradient_boosting,145,0,0,-0.013924837651599485,-0.013924837651599485,-0.013924837651599473,-0.013924837651599473,64,0.00010009999095927924,,,0.0,0.0,0.0,0.0,A,A,False
beijing,Dongsi,fixed_panel,natural,24,3,7578,constant,logistic,145,2,0,0.04952472474027048,0.04952472474027048,0.04952472474027034,0.04952472474027034,64,0.0001002000062726438,,,0.0,0.0,0.0,0.0,B,B,False
beijing,Dongsi,fixed_panel,natural,24,3,7578,constant,hist_gradient_boosting,145,2,0,0.01887690187988178,0.01887690187988178,0.018876901879881877,0.018876901879881877,64,0.00010309999925084412,,,0.0,0.0,0.0,0.0,B,B,False
beijing,Dongsi,fixed_panel,natural,24,3,7578,logistic,hist_gradient_boosting,145,2,0,-0.030647822860388606,-0.030647822860388606,-0.030647822860388592,-0.030647822860388592,64,9.700001101009548e-05,,,0.0,0.0,0.0,0.0,A,A,False
beijing,Dongsi,fixed_panel,natural,24,3,7746,constant,logistic,145,2,0,0.05100759306828218,0.05100759306828218,0.05100759306828223,0.05100759306828223,64,0.00010239999392069876,,,0.0,0.0,0.0,0.0,B,B,False
beijing,Dongsi,fixed_panel,natural,24,3,7746,constant,hist_gradient_boosting,145,2,0,-0.04603233895129724,-0.04603233895129724,-0.04603233895129719,-0.04603233895129719,64,9.43000050028786e-05,,,0.0,0.0,0.0,0.0,A,A,False
beijing,Dongsi,fixed_panel,natural,24,3,7746,logistic,hist_gradient_boosting,145,2,0,-0.09703993201957944,-0.09703993201957944,-0.09703993201957925,-0.09703993201957925,64,9.500001033302397e-05,,,0.0,0.0,0.0,0.0,A,A,False
beijing,Dongsi,fixed_panel,natural,24,3,7914,constant,logistic,145,6,23,-0.00017103771824550248,0.09004796868227259,-0.00017103771824544123,0.09004796868227256,64,0.00010070001007989049,,,0.0902190064005181,0.09021900640051801,8.326672684688674e-17,9.229399676297984e-16,UNRESOLVED,UNRESOLVED,False
beijing,Dongsi,fixed_panel,natural,24,3,7914,constant,hist_gradient_boosting,145,6,23,0.01767882513055663,0.08160523645431136,0.020663569812334914,0.07840274681513856,64,9.750000026542693e-05,,,0.06392641132375473,0.05773917700280365,0.006187234320951085,0.09678682398759869,B,B,False
beijing,Dongsi,fixed_panel,natural,24,3,7914,logistic,hist_gradient_boosting,145,6,23,-0.012395491536579047,0.021802622157419942,-0.01164522186713399,0.021052352487974886,64,0.00010779999138321728,,,0.034198113693998985,0.03269757435510888,0.0015005393388901056,0.04387783935443835,UNRESOLVED,UNRESOLVED,False
beijing,Dongsi,fixed_panel,natural,24,3,8082,constant,logistic,145,0,0,0.07987616179801596,0.07987616179801596,0.0798761617980159,0.0798761617980159,64,9.500001033302397e-05,,,0.0,0.0,0.0,0.0,B,B,False
beijing,Dongsi,fixed_panel,natural,24,3,8082,constant,hist_gradient_boosting,145,0,0,0.08350317540840055,0.08350317540840055,0.08350317540840052,0.08350317540840052,64,9.460000728722662e-05,,,0.0,0.0,0.0,0.0,B,B,False
beijing,Dongsi,fixed_panel,natural,24,3,8082,logistic,hist_gradient_boosting,145,0,0,0.003627013610384589,0.003627013610384589,0.003627013610384589,0.003627013610384589,64,9.200000204145908e-05,,,0.0,0.0,0.0,0.0,B,B,False
beijing,Dongsi,fixed_panel,natural,24,3,8250,constant,logistic,145,3,0,0.09622477769509417,0.09622477769509417,0.09622477769509422,0.09622477769509422,64,9.679999493528157e-05,,,0.0,0.0,0.0,0.0,B,B,False
beijing,Dongsi,fixed_panel,natural,24,3,8250,constant,hist_gradient_boosting,145,3,0,0.1027493754024653,0.1027493754024653,0.10274937540246529,0.10274937540246529,64,0.00010309999925084412,,,0.0,0.0,0.0,0.0,B,B,False
beijing,Dongsi,fixed_panel,natural,24,3,8250,logistic,hist_gradient_boosting,145,3,0,0.0065245977073711105,0.0065245977073711105,0.0065245977073711105,0.0065245977073711105,64,9.640000644139946e-05,,,0.0,0.0,0.0,0.0,B,B,False
beijing,Dongsi,fixed_panel,natural,24,3,8418,constant,logistic,145,1,0,-0.04928995078247169,-0.04928995078247169,-0.04928995078247169,-0.04928995078247169,64,9.569998655933887e-05,,,0.0,0.0,0.0,0.0,A,A,False
beijing,Dongsi,fixed_panel,natural,24,3,8418,constant,hist_gradient_boosting,145,1,0,-0.15527414219448435,-0.15527414219448435,-0.15527414219448446,-0.15527414219448446,64,9.279999358113855e-05,,,0.0,0.0,0.0,0.0,A,A,False
beijing,Dongsi,fixed_panel,natural,24,3,8418,logistic,hist_gradient_boosting,145,1,0,-0.10598419141201276,-0.10598419141201276,-0.10598419141201271,-0.10598419141201271,64,9.919999865815043e-05,,,0.0,0.0,0.0,0.0,A,A,False
beijing,Dongsi,fixed_panel,natural,24,3,8586,constant,logistic,145,17,0,0.12081030916190064,0.12081030916190064,0.12081030916190033,0.12081030916190033,64,0.00011989999620709568,,,0.0,0.0,0.0,0.0,B,B,False
beijing,Dongsi,fixed_panel,natural,24,3,8586,constant,hist_gradient_boosting,145,17,0,0.09795214337582145,0.09795214337582145,0.09795214337582135,0.09795214337582135,64,0.00010469999688211828,,,0.0,0.0,0.0,0.0,B,B,False
beijing,Dongsi,fixed_panel,natural,24,3,8586,logistic,hist_gradient_boosting,145,17,0,-0.02285816578607916,-0.02285816578607916,-0.022858165786079108,-0.022858165786079108,64,0.00010299999848939478,,,0.0,0.0,0.0,0.0,A,A,False
beijing,Dongsi,artificial,iid_10,24,3,6972,constant,logistic,615,58,34,0.06096740041981661,0.07445549385198026,0.06321355029003747,0.07247643511047189,64,0.00031099999614525586,0.07056585505487993,True,0.013488093432163652,0.009262884820434414,0.004225208611729238,0.31325469629783426,B,B,False
beijing,Dongsi,artificial,iid_10,24,3,6972,constant,hist_gradient_boosting,615,58,34,0.04534367136552001,0.07172508564867193,0.04785337378708847,0.06921538322710351,64,0.0002238000015495345,0.06418176661856165,True,0.026381414283151917,0.02136200944001504,0.005019404843136878,0.190262917266814,B,B,False
beijing,Dongsi,artificial,iid_10,24,3,6972,logistic,hist_gradient_boosting,615,58,34,-0.017982161007114937,-0.0003719762504900128,-0.017924856003461977,-0.00042928125414300807,64,0.0002103000006172806,-0.006384088436318264,True,0.017610184756624923,0.017495574749318968,0.00011461000730595555,0.006508166091945143,A,A,False
beijing,Dongsi,artificial,iid_30,24,3,6972,constant,logistic,615,177,163,-0.018257076160280463,0.07098758448861127,-0.010961733253814247,0.06369224158214486,64,0.00031770000350661576,0.05234722878413556,True,0.08924466064889174,0.0746539748359591,0.01459068581293263,0.16349085431940427,UNRESOLVED,UNRESOLVED,False
beijing,Dongsi,artificial,iid_30,24,3,6972,constant,hist_gradient_boosting,615,177,163,-0.00983385956558854,0.08550002855779708,-0.000605188865390652,0.0701959264778005,64,0.00024920000578276813,0.06017401653542567,True,0.09533388812338561,0.07080111534319115,0.02453277278019446,0.2573352798581234,UNRESOLVED,UNRESOLVED,False
beijing,Dongsi,artificial,iid_30,24,3,6972,logistic,hist_gradient_boosting,615,177,163,-0.017881142053391426,0.04081680271726921,-0.014844529409200814,0.038062959774430166,64,0.0002305999951204285,0.007826787751290117,True,0.058697944770660634,0.05290748918363098,0.005790455587029654,0.09864835318602047,UNRESOLVED,UNRESOLVED,False
beijing,Dongsi,artificial,blocks_10,24,3,6972,constant,logistic,615,55,25,0.05451069405709701,0.07705635400440297,0.055186198589673774,0.07457029370291447,64,0.0002992000081576407,0.07370185965418494,True,0.02254565994730596,0.0193840951132407,0.00316156483406526,0.14022942071576147,B,B,False
beijing,Dongsi,artificial,blocks_10,24,3,6972,constant,hist_gradient_boosting,615,55,25,0.04978880138347841,0.07384513513903367,0.05075562622879992,0.07124561039639642,64,0.00020249999943189323,0.07066385288524338,True,0.024056333755555256,0.020489984167596495,0.0035663495879587614,0.14824992138027662,B,B,False
beijing,Dongsi,artificial,blocks_10,24,3,6972,logistic,hist_gradient_boosting,615,55,25,-0.007523298587607793,-0.000409812951380118,-0.004895104770046398,-0.0030380067689415938,64,0.00021630000264849514,-0.0030380067689415556,True,0.007113485636227675,0.0018570980011048044,0.0052563876351228705,0.7389327685365743,A,A,False
beijing,Guanyuan,full_station,natural,24,3,6570,constant,logistic,2167,37,27,0.056641167985422985,0.06361255385792584,0.056641167985422694,0.06361255385792566,64,0.0005475999932968989,,,0.006971385872502858,0.006971385872502969,-1.1102230246251565e-16,-1.5925427812053755e-14,B,B,False
beijing,Guanyuan,full_station,natural,24,3,6570,constant,hist_gradient_boosting,2167,37,27,0.025361038295312437,0.031024147840328028,0.025955154802960456,0.030370852666977047,64,0.0004430999979376793,,,0.005663109545015591,0.004415697864016591,0.0012474116809990006,0.22026974245923162,B,B,False
beijing,Guanyuan,full_station,natural,24,3,6570,logistic,hist_gradient_boosting,2167,37,27,-0.03343980130917692,-0.030428734398531488,-0.033241701190948846,-0.030626834516759734,64,0.0004212000058032572,,,0.0030110669106454303,0.002614866674189111,0.00039620023645631913,0.13158134581984182,A,A,False
beijing,Guanyuan,fixed_panel,natural,24,3,6570,constant,logistic,145,0,0,-0.004125166023216676,-0.004125166023216676,-0.004125166023216726,-0.004125166023216726,64,0.0002834000042639673,,,0.0,0.0,0.0,0.0,A,A,False
beijing,Guanyuan,fixed_panel,natural,24,3,6570,constant,hist_gradient_boosting,145,0,0,-0.07459200474415345,-0.07459200474415345,-0.07459200474415346,-0.07459200474415346,64,0.00016479998885188252,,,0.0,0.0,0.0,0.0,A,A,False
beijing,Guanyuan,fixed_panel,natural,24,3,6570,logistic,hist_gradient_boosting,145,0,0,-0.07046683872093676,-0.07046683872093676,-0.07046683872093666,-0.07046683872093666,64,0.00012280000373721123,,,0.0,0.0,0.0,0.0,A,A,False
beijing,Guanyuan,fixed_panel,natural,24,3,6738,constant,logistic,145,1,0,0.20706721999975994,0.20706721999975994,0.2070672199997599,0.2070672199997599,64,0.00011350000568199903,,,0.0,0.0,0.0,0.0,B,B,False
beijing,Guanyuan,fixed_panel,natural,24,3,6738,constant,hist_gradient_boosting,145,1,0,0.16447591627226238,0.16447591627226238,0.16447591627226235,0.16447591627226235,64,9.920001321006566e-05,,,0.0,0.0,0.0,0.0,B,B,False
beijing,Guanyuan,fixed_panel,natural,24,3,6738,logistic,hist_gradient_boosting,145,1,0,-0.042591303727497504,-0.042591303727497504,-0.042591303727497504,-0.042591303727497504,64,9.099999442696571e-05,,,0.0,0.0,0.0,0.0,A,A,False
beijing,Guanyuan,fixed_panel,natural,24,3,6906,constant,logistic,145,0,0,-0.05222935662066139,-0.05222935662066139,-0.05222935662066138,-0.05222935662066138,64,9.329999738838524e-05,,,0.0,0.0,0.0,0.0,A,A,False
beijing,Guanyuan,fixed_panel,natural,24,3,6906,constant,hist_gradient_boosting,145,0,0,-0.13980784954222691,-0.13980784954222691,-0.13980784954222691,-0.13980784954222691,64,8.940001134760678e-05,,,0.0,0.0,0.0,0.0,A,A,False
beijing,Guanyuan,fixed_panel,natural,24,3,6906,logistic,hist_gradient_boosting,145,0,0,-0.08757849292156553,-0.08757849292156553,-0.08757849292156557,-0.08757849292156557,64,8.72999953571707e-05,,,0.0,0.0,0.0,0.0,A,A,False
beijing,Guanyuan,fixed_panel,natural,24,3,7074,constant,logistic,145,0,0,0.09055443350338695,0.09055443350338695,0.090554433503387,0.090554433503387,64,9.719999798107892e-05,,,0.0,0.0,0.0,0.0,B,B,False
beijing,Guanyuan,fixed_panel,natural,24,3,7074,constant,hist_gradient_boosting,145,0,0,0.03817262438877622,0.03817262438877622,0.03817262438877617,0.03817262438877617,64,8.959999831859022e-05,,,0.0,0.0,0.0,0.0,B,B,False
beijing,Guanyuan,fixed_panel,natural,24,3,7074,logistic,hist_gradient_boosting,145,0,0,-0.05238180911461076,-0.05238180911461076,-0.052381809114610794,-0.052381809114610794,64,9.539999882690609e-05,,,0.0,0.0,0.0,0.0,A,A,False
beijing,Guanyuan,fixed_panel,natural,24,3,7242,constant,logistic,145,0,0,0.029451527730005728,0.029451527730005728,0.02945152773000574,0.02945152773000574,64,9.580000187270343e-05,,,0.0,0.0,0.0,0.0,B,B,False
beijing,Guanyuan,fixed_panel,natural,24,3,7242,constant,hist_gradient_boosting,145,0,0,0.03545107860992159,0.03545107860992159,0.03545107860992157,0.03545107860992157,64,0.00010220000694971532,,,0.0,0.0,0.0,0.0,B,B,False
beijing,Guanyuan,fixed_panel,natural,24,3,7242,logistic,hist_gradient_boosting,145,0,0,0.005999550879915859,0.005999550879915859,0.005999550879915859,0.005999550879915859,64,0.00011900000390596688,,,0.0,0.0,0.0,0.0,B,B,False
beijing,Guanyuan,fixed_panel,natural,24,3,7410,constant,logistic,145,0,0,0.14944548109296477,0.14944548109296477,0.1494454810929648,0.1494454810929648,64,0.00011490000179037452,,,0.0,0.0,0.0,0.0,B,B,False
beijing,Guanyuan,fixed_panel,natural,24,3,7410,constant,hist_gradient_boosting,145,0,0,0.15334092877911357,0.15334092877911357,0.15334092877911365,0.15334092877911365,64,0.00011189999349880964,,,0.0,0.0,0.0,0.0,B,B,False
beijing,Guanyuan,fixed_panel,natural,24,3,7410,logistic,hist_gradient_boosting,145,0,0,0.0038954476861487717,0.0038954476861487717,0.0038954476861487626,0.0038954476861487626,64,8.910000906325877e-05,,,0.0,0.0,0.0,0.0,B,B,False
beijing,Guanyuan,fixed_panel,natural,24,3,7578,constant,logistic,145,3,0,0.03908318314525063,0.03908318314525063,0.03908318314525063,0.03908318314525063,64,9.349999891128391e-05,,,0.0,0.0,0.0,0.0,B,B,False
beijing,Guanyuan,fixed_panel,natural,24,3,7578,constant,hist_gradient_boosting,145,3,0,0.0236589254820124,0.0236589254820124,0.0236589254820125,0.0236589254820125,64,9.220000356435776e-05,,,0.0,0.0,0.0,0.0,B,B,False
beijing,Guanyuan,fixed_panel,natural,24,3,7578,logistic,hist_gradient_boosting,145,3,0,-0.015424257663238239,-0.015424257663238239,-0.015424257663238251,-0.015424257663238251,64,0.00010230000771116465,,,0.0,0.0,0.0,0.0,A,A,False
beijing,Guanyuan,fixed_panel,natural,24,3,7746,constant,logistic,145,5,0,0.053098835982129416,0.053098835982129416,0.053098835982129416,0.053098835982129416,64,9.760000102687627e-05,,,0.0,0.0,0.0,0.0,B,B,False
beijing,Guanyuan,fixed_panel,natural,24,3,7746,constant,hist_gradient_boosting,145,5,0,-0.03304627825598326,-0.03304627825598326,-0.03304627825598329,-0.03304627825598329,64,9.869999485090375e-05,,,0.0,0.0,0.0,0.0,A,A,False
beijing,Guanyuan,fixed_panel,natural,24,3,7746,logistic,hist_gradient_boosting,145,5,0,-0.0861451142381127,-0.0861451142381127,-0.0861451142381127,-0.0861451142381127,64,8.939999679569155e-05,,,0.0,0.0,0.0,0.0,A,A,False
beijing,Guanyuan,fixed_panel,natural,24,3,7914,constant,logistic,145,5,24,-0.01514298138861658,0.07675172348335407,-0.015142981388616531,0.07675172348335407,64,9.229998977389187e-05,,,0.09189470487197066,0.0918947048719706,5.551115123125783e-17,6.040734480686015e-16,UNRESOLVED,UNRESOLVED,False
beijing,Guanyuan,fixed_panel,natural,24,3,7914,constant,hist_gradient_boosting,145,5,24,0.005920294763610207,0.0800162692185098,0.014799263536530027,0.07025288548987897,64,8.900000830180943e-05,,,0.07409597445489959,0.05545362195334894,0.018642352501550642,0.2515973727141923,B,B,False
beijing,Guanyuan,fixed_panel,natural,24,3,7914,logistic,hist_gradient_boosting,145,5,24,-0.009459410105201968,0.033787231992584495,-0.00649883799347506,0.030826659880857577,64,8.779999916441739e-05,,,0.04324664209778646,0.03732549787433264,0.005921144223453821,0.13691569879726892,UNRESOLVED,UNRESOLVED,False
beijing,Guanyuan,fixed_panel,natural,24,3,8082,constant,logistic,145,0,0,0.07833690278018811,0.07833690278018811,0.07833690278018811,0.07833690278018811,64,9.950000094249845e-05,,,0.0,0.0,0.0,0.0,B,B,False
beijing,Guanyuan,fixed_panel,natural,24,3,8082,constant,hist_gradient_boosting,145,0,0,0.08696311689626204,0.08696311689626204,0.08696311689626204,0.08696311689626204,64,0.00010299999848939478,,,0.0,0.0,0.0,0.0,B,B,False
beijing,Guanyuan,fixed_panel,natural,24,3,8082,logistic,hist_gradient_boosting,145,0,0,0.008626214116073906,0.008626214116073906,0.00862621411607393,0.00862621411607393,64,0.0001019000046653673,,,0.0,0.0,0.0,0.0,B,B,False
beijing,Guanyuan,fixed_panel,natural,24,3,8250,constant,logistic,145,3,0,0.11021360592910998,0.11021360592910998,0.11021360592910995,0.11021360592910995,64,9.780000254977494e-05,,,0.0,0.0,0.0,0.0,B,B,False
beijing,Guanyuan,fixed_panel,natural,24,3,8250,constant,hist_gradient_boosting,145,3,0,0.12827221465446614,0.12827221465446614,0.12827221465446614,0.12827221465446614,64,9.670000872574747e-05,,,0.0,0.0,0.0,0.0,B,B,False
beijing,Guanyuan,fixed_panel,natural,24,3,8250,logistic,hist_gradient_boosting,145,3,0,0.018058608725356154,0.018058608725356154,0.01805860872535614,0.01805860872535614,64,0.00010210000618826598,,,0.0,0.0,0.0,0.0,B,B,False
beijing,Guanyuan,fixed_panel,natural,24,3,8418,constant,logistic,145,2,0,-0.061442920015629024,-0.061442920015629024,-0.061442920015629114,-0.061442920015629114,64,9.940000018104911e-05,,,0.0,0.0,0.0,0.0,A,A,False
beijing,Guanyuan,fixed_panel,natural,24,3,8418,constant,hist_gradient_boosting,145,2,0,-0.1557124990265659,-0.1557124990265659,-0.15571249902656595,-0.15571249902656595,64,9.349999891128391e-05,,,0.0,0.0,0.0,0.0,A,A,False
beijing,Guanyuan,fixed_panel,natural,24,3,8418,logistic,hist_gradient_boosting,145,2,0,-0.09426957901093684,-0.09426957901093684,-0.09426957901093687,-0.09426957901093687,64,9.380000119563192e-05,,,0.0,0.0,0.0,0.0,A,A,False
beijing,Guanyuan,fixed_panel,natural,24,3,8586,constant,logistic,145,18,0,0.10961491270811302,0.10961491270811302,0.10961491270811322,0.10961491270811322,64,9.429999045096338e-05,,,0.0,0.0,0.0,0.0,B,B,False
beijing,Guanyuan,fixed_panel,natural,24,3,8586,constant,hist_gradient_boosting,145,18,0,0.07985648701940626,0.07985648701940626,0.07985648701940616,0.07985648701940616,64,9.389998740516603e-05,,,0.0,0.0,0.0,0.0,B,B,False
beijing,Guanyuan,fixed_panel,natural,24,3,8586,logistic,hist_gradient_boosting,145,18,0,-0.02975842568870684,-0.02975842568870684,-0.029758425688706888,-0.029758425688706888,64,8.579999848734587e-05,,,0.0,0.0,0.0,0.0,A,A,False
beijing,Guanyuan,artificial,iid_10,24,3,6881,constant,logistic,717,82,69,0.04258941683303232,0.07167481489237466,0.04692683329889506,0.0660239334446938,64,0.0003043999895453453,0.06311522876800744,True,0.029085398059342342,0.01909710014579874,0.009988297913543602,0.34341279748568965,B,B,False
beijing,Guanyuan,artificial,iid_10,24,3,6881,constant,hist_gradient_boosting,717,82,69,0.03212785620153959,0.06882110173390789,0.03987591090532287,0.0629337453073503,64,0.00023910000163596123,0.05421044753702621,True,0.0366932455323683,0.023057834402027425,0.013635411130340877,0.37160548031415314,B,B,False
beijing,Guanyuan,artificial,iid_10,24,3,6881,logistic,hist_gradient_boosting,717,82,69,-0.0176694463072744,0.004354172517314897,-0.01653089967594701,0.0030431694179421775,64,0.0002015999925788492,-0.00890478123098124,True,0.022023618824589294,0.019574069093889188,0.002449549730700107,0.11122376164471177,UNRESOLVED,UNRESOLVED,False
beijing,Guanyuan,artificial,iid_30,24,3,6881,constant,logistic,717,221,221,-0.04567937723630332,0.06591256839429087,-0.038544616425593016,0.05999186650064034,64,0.00033460000122431666,0.05104278390501056,True,0.11159194563059419,0.09853648292623335,0.013055462704360837,0.11699287641761069,UNRESOLVED,UNRESOLVED,False
beijing,Guanyuan,artificial,iid_30,24,3,6881,constant,hist_gradient_boosting,717,221,221,-0.03697481388367663,0.07966987989798924,-0.020468152191185755,0.06950119884212345,64,0.0002459999959683046,0.05838678542417888,True,0.11664469378166586,0.0899693510333092,0.02667534274835666,0.22868886602152041,UNRESOLVED,UNRESOLVED,False
beijing,Guanyuan,artificial,iid_30,24,3,6881,logistic,hist_gradient_boosting,717,221,221,-0.022414777294356123,0.04487665215068117,-0.019346460026375096,0.04322597372831998,64,0.00021499999274965376,0.007344001519168317,True,0.0672914294450373,0.06257243375469508,0.0047189956903422176,0.07012773735467498,UNRESOLVED,UNRESOLVED,False
beijing,Guanyuan,artificial,blocks_10,24,3,6881,constant,logistic,717,72,98,-0.010819591734256404,0.06130447421918297,-0.006805684712409489,0.05881168228853,64,0.00031350000062957406,0.05645597886022989,True,0.07212406595343937,0.0656173670009395,0.006506698952499876,0.09021536523884219,UNRESOLVED,UNRESOLVED,False
beijing,Guanyuan,artificial,blocks_10,24,3,6881,constant,hist_gradient_boosting,717,72,98,-0.026346404412083958,0.05132890240169873,-0.024930347589573517,0.0506918409845694,64,0.00021930001094006002,0.04873827207485025,True,0.0776753068137827,0.07562218857414292,0.002053118239639773,0.02643205831889251,UNRESOLVED,UNRESOLVED,False
beijing,Guanyuan,artificial,blocks_10,24,3,6881,logistic,hist_gradient_boosting,717,72,98,-0.03239884581353771,0.0068964613182259426,-0.03229002357523731,0.0067673907354262935,64,0.00020930000755470246,-0.007717706785379642,True,0.03929530713176366,0.039057414310663605,0.0002378928211000525,0.006053975359000467,UNRESOLVED,UNRESOLVED,False
beijing,Gucheng,full_station,natural,24,3,6570,constant,logistic,2167,44,21,0.04376340472947861,0.047504231111351,0.04393071081722696,0.04733692502360325,64,0.0005230999959167093,,,0.0037408263818723905,0.0034062142063762957,0.00033461217549609484,0.08944873173413942,B,B,False
beijing,Gucheng,full_station,natural,24,3,6570,constant,hist_gradient_boosting,2167,44,21,0.019988450900932157,0.02475862954112847,0.02157006643845009,0.02302995521183472,64,0.000417199989897199,,,0.0047701786401963125,0.00145988877338463,0.0033102898668116824,0.6939551149965844,B,B,False
beijing,Gucheng,full_station,natural,24,3,6570,logistic,hist_gradient_boosting,2167,44,21,-0.024477193463116696,-0.022043361935652313,-0.024306969811768057,-0.022213585587000796,64,0.0003988999960711226,,,0.002433831527464382,0.0020933842247672606,0.0003404473026971215,0.1398812115199308,A,A,False
beijing,Gucheng,fixed_panel,natural,24,3,6570,constant,logistic,145,0,0,0.005970914690843873,0.005970914690843873,0.005970914690843849,0.005970914690843849,64,0.00021640000340994447,,,0.0,0.0,0.0,0.0,B,B,False
beijing,Gucheng,fixed_panel,natural,24,3,6570,constant,hist_gradient_boosting,145,0,0,-0.06634168614436305,-0.06634168614436305,-0.06634168614436309,-0.06634168614436309,64,0.0001255000097444281,,,0.0,0.0,0.0,0.0,A,A,False
beijing,Gucheng,fixed_panel,natural,24,3,6570,logistic,hist_gradient_boosting,145,0,0,-0.07231260083520691,-0.07231260083520691,-0.07231260083520681,-0.07231260083520681,64,0.00012260000221431255,,,0.0,0.0,0.0,0.0,A,A,False
beijing,Gucheng,fixed_panel,natural,24,3,6738,constant,logistic,145,0,0,0.143744262228955,0.143744262228955,0.143744262228955,0.143744262228955,64,0.00011569999333005399,,,0.0,0.0,0.0,0.0,B,B,False
beijing,Gucheng,fixed_panel,natural,24,3,6738,constant,hist_gradient_boosting,145,0,0,0.08192244372187828,0.08192244372187828,0.08192244372187829,0.08192244372187829,64,9.40000027185306e-05,,,0.0,0.0,0.0,0.0,B,B,False
beijing,Gucheng,fixed_panel,natural,24,3,6738,logistic,hist_gradient_boosting,145,0,0,-0.06182181850707674,-0.06182181850707674,-0.06182181850707673,-0.06182181850707673,64,9.309999586548656e-05,,,0.0,0.0,0.0,0.0,A,A,False
beijing,Gucheng,fixed_panel,natural,24,3,6906,constant,logistic,145,0,0,-0.02448484404720433,-0.02448484404720433,-0.024484844047204354,-0.024484844047204354,64,9.06000059330836e-05,,,0.0,0.0,0.0,0.0,A,A,False
beijing,Gucheng,fixed_panel,natural,24,3,6906,constant,hist_gradient_boosting,145,0,0,-0.09009291844971529,-0.09009291844971529,-0.09009291844971526,-0.09009291844971526,64,9.279999358113855e-05,,,0.0,0.0,0.0,0.0,A,A,False
beijing,Gucheng,fixed_panel,natural,24,3,6906,logistic,hist_gradient_boosting,145,0,0,-0.06560807440251093,-0.06560807440251093,-0.0656080744025109,-0.0656080744025109,64,8.869999146554619e-05,,,0.0,0.0,0.0,0.0,A,A,False
beijing,Gucheng,fixed_panel,natural,24,3,7074,constant,logistic,145,0,0,0.10980814564687646,0.10980814564687646,0.10980814564687666,0.10980814564687666,64,9.390000195708126e-05,,,0.0,0.0,0.0,0.0,B,B,False
beijing,Gucheng,fixed_panel,natural,24,3,7074,constant,hist_gradient_boosting,145,0,0,0.08052577778244802,0.08052577778244802,0.08052577778244811,0.08052577778244811,64,8.64000030560419e-05,,,0.0,0.0,0.0,0.0,B,B,False
beijing,Gucheng,fixed_panel,natural,24,3,7074,logistic,hist_gradient_boosting,145,0,0,-0.02928236786442847,-0.02928236786442847,-0.02928236786442847,-0.02928236786442847,64,8.92000098247081e-05,,,0.0,0.0,0.0,0.0,A,A,False
beijing,Gucheng,fixed_panel,natural,24,3,7242,constant,logistic,145,0,0,0.0003816139524703082,0.0003816139524703082,0.00038161395247030206,0.00038161395247030206,64,9.310001041740179e-05,,,0.0,0.0,0.0,0.0,B,B,False
beijing,Gucheng,fixed_panel,natural,24,3,7242,constant,hist_gradient_boosting,145,0,0,0.021300062206232852,0.021300062206232852,0.021300062206232883,0.021300062206232883,64,9.630000567995012e-05,,,0.0,0.0,0.0,0.0,B,B,False
beijing,Gucheng,fixed_panel,natural,24,3,7242,logistic,hist_gradient_boosting,145,0,0,0.020918448253762552,0.020918448253762552,0.020918448253762552,0.020918448253762552,64,9.240000508725643e-05,,,0.0,0.0,0.0,0.0,B,B,False
beijing,Gucheng,fixed_panel,natural,24,3,7410,constant,logistic,145,0,0,0.17256817703250557,0.17256817703250557,0.17256817703250557,0.17256817703250557,64,9.459999273531139e-05,,,0.0,0.0,0.0,0.0,B,B,False
beijing,Gucheng,fixed_panel,natural,24,3,7410,constant,hist_gradient_boosting,145,0,0,0.15871712132445623,0.15871712132445623,0.15871712132445634,0.15871712132445634,64,9.259999205823988e-05,,,0.0,0.0,0.0,0.0,B,B,False
beijing,Gucheng,fixed_panel,natural,24,3,7410,logistic,hist_gradient_boosting,145,0,0,-0.013851055708049368,-0.013851055708049368,-0.013851055708049365,-0.013851055708049365,64,8.789999992586672e-05,,,0.0,0.0,0.0,0.0,A,A,False
beijing,Gucheng,fixed_panel,natural,24,3,7578,constant,logistic,145,2,0,0.06715694150665967,0.06715694150665967,0.06715694150665961,0.06715694150665961,64,9.029998909682035e-05,,,0.0,0.0,0.0,0.0,B,B,False
beijing,Gucheng,fixed_panel,natural,24,3,7578,constant,hist_gradient_boosting,145,2,0,0.0964243058947019,0.0964243058947019,0.096424305894702,0.096424305894702,64,9.210000280290842e-05,,,0.0,0.0,0.0,0.0,B,B,False
beijing,Gucheng,fixed_panel,natural,24,3,7578,logistic,hist_gradient_boosting,145,2,0,0.029267364388042266,0.029267364388042266,0.029267364388042266,0.029267364388042266,64,9.159999899566174e-05,,,0.0,0.0,0.0,0.0,B,B,False
beijing,Gucheng,fixed_panel,natural,24,3,7746,constant,logistic,145,15,0,0.08058445440468762,0.08058445440468762,0.08058445440468756,0.08058445440468756,64,8.909999451134354e-05,,,0.0,0.0,0.0,0.0,B,B,False
beijing,Gucheng,fixed_panel,natural,24,3,7746,constant,hist_gradient_boosting,145,15,0,-0.00134718490065056,-0.00134718490065056,-0.00134718490065056,-0.00134718490065056,64,9.180000051856041e-05,,,0.0,0.0,0.0,0.0,A,A,False
beijing,Gucheng,fixed_panel,natural,24,3,7746,logistic,hist_gradient_boosting,145,15,0,-0.08193163930533807,-0.08193163930533807,-0.08193163930533813,-0.08193163930533813,64,9.620000491850078e-05,,,0.0,0.0,0.0,0.0,A,A,False
beijing,Gucheng,fixed_panel,natural,24,3,7914,constant,logistic,145,5,21,-0.08028573258067784,-0.02437972727366092,-0.07778537194516073,-0.026880087909178063,64,9.089999366551638e-05,,,0.05590600530701692,0.05090528403598267,0.00500072127103425,0.08944873173413082,A,A,False
beijing,Gucheng,fixed_panel,natural,24,3,7914,constant,hist_gradient_boosting,145,5,21,-0.07063911937580061,0.0006503779573402554,-0.047002147859926804,-0.025184361846655425,64,9.030000364873558e-05,,,0.07128949733314087,0.02181778601327138,0.049471711319869494,0.6939551149965988,UNRESOLVED,A,True
beijing,Gucheng,fixed_panel,natural,24,3,7914,logistic,hist_gradient_boosting,145,5,21,-0.0008482370579757318,0.03552495549385411,0.0016957260625226692,0.03298099237335573,64,0.00010150000161956996,,,0.03637319255182984,0.03128526631083306,0.005087926240996778,0.13988121151990596,UNRESOLVED,B,True
beijing,Gucheng,fixed_panel,natural,24,3,8082,constant,logistic,145,0,0,0.07623296868926978,0.07623296868926978,0.07623296868926985,0.07623296868926985,64,0.00010459999612066895,,,0.0,0.0,0.0,0.0,B,B,False
beijing,Gucheng,fixed_panel,natural,24,3,8082,constant,hist_gradient_boosting,145,0,0,0.07703586504701236,0.07703586504701236,0.0770358650470123,0.0770358650470123,64,0.00010980000661220402,,,0.0,0.0,0.0,0.0,B,B,False
beijing,Gucheng,fixed_panel,natural,24,3,8082,logistic,hist_gradient_boosting,145,0,0,0.0008028963577425759,0.0008028963577425759,0.0008028963577425759,0.0008028963577425759,64,0.00011690000246744603,,,0.0,0.0,0.0,0.0,B,B,False
beijing,Gucheng,fixed_panel,natural,24,3,8250,constant,logistic,145,5,0,0.0751329007987671,0.0751329007987671,0.07513290079876707,0.07513290079876707,64,8.730000990908593e-05,,,0.0,0.0,0.0,0.0,B,B,False
beijing,Gucheng,fixed_panel,natural,24,3,8250,constant,hist_gradient_boosting,145,5,0,0.06980254429257407,0.06980254429257407,0.06980254429257411,0.06980254429257411,64,9.200000204145908e-05,,,0.0,0.0,0.0,0.0,B,B,False
beijing,Gucheng,fixed_panel,natural,24,3,8250,logistic,hist_gradient_boosting,145,5,0,-0.0053303565061930515,-0.0053303565061930515,-0.0053303565061930515,-0.0053303565061930515,64,9.280000813305378e-05,,,0.0,0.0,0.0,0.0,A,A,False
beijing,Gucheng,fixed_panel,natural,24,3,8418,constant,logistic,145,3,0,-0.056478676886404774,-0.056478676886404774,-0.0564786768864047,-0.0564786768864047,64,9.869999485090375e-05,,,0.0,0.0,0.0,0.0,A,A,False
beijing,Gucheng,fixed_panel,natural,24,3,8418,constant,hist_gradient_boosting,145,3,0,-0.12367147397847227,-0.12367147397847227,-0.12367147397847233,-0.12367147397847233,64,0.0001016000023810193,,,0.0,0.0,0.0,0.0,A,A,False
beijing,Gucheng,fixed_panel,natural,24,3,8418,logistic,hist_gradient_boosting,145,3,0,-0.06719279709206756,-0.06719279709206756,-0.06719279709206756,-0.06719279709206756,64,9.010000212583691e-05,,,0.0,0.0,0.0,0.0,A,A,False
beijing,Gucheng,fixed_panel,natural,24,3,8586,constant,logistic,145,14,0,0.07393676067466558,0.07393676067466558,0.07393676067466567,0.07393676067466567,64,9.190000128000975e-05,,,0.0,0.0,0.0,0.0,B,B,False
beijing,Gucheng,fixed_panel,natural,24,3,8586,constant,hist_gradient_boosting,145,14,0,0.04079030418322166,0.04079030418322166,0.04079030418322151,0.04079030418322151,64,9.410000347997993e-05,,,0.0,0.0,0.0,0.0,B,B,False
beijing,Gucheng,fixed_panel,natural,24,3,8586,logistic,hist_gradient_boosting,145,14,0,-0.033146456491443925,-0.033146456491443925,-0.03314645649144402,-0.03314645649144402,64,8.369999704882503e-05,,,0.0,0.0,0.0,0.0,A,A,False
beijing,Gucheng,artificial,iid_10,24,3,6570,constant,logistic,1151,100,31,0.0529848906259126,0.0630105446269354,0.05375355950255655,0.062241875750291366,64,0.0004465000092750415,0.05678003504977914,True,0.010025654001022795,0.008488316247734815,0.0015373377532879803,0.1533403958615712,B,B,False
beijing,Gucheng,artificial,iid_10,24,3,6570,constant,hist_gradient_boosting,1151,100,31,0.03541388966468642,0.045947847697458064,0.03669183864709395,0.04466989871505038,64,0.0003100000030826777,0.03947391134029994,True,0.010533958032771643,0.007978060067956427,0.0025558979648152153,0.24263415108202402,B,B,False
beijing,Gucheng,artificial,iid_10,24,3,6570,logistic,hist_gradient_boosting,1151,100,31,-0.01836802907026124,-0.016265668820442298,-0.01771757102931934,-0.016916126861384176,64,0.0002778000052785501,-0.017306123709479204,True,0.002102360249818941,0.0008014441679351642,0.0013009160818837767,0.6187883746355145,A,A,False
beijing,Gucheng,artificial,iid_30,24,3,6570,constant,logistic,1151,334,186,0.00389139098196708,0.059631291785928,0.008516640568675654,0.055172476801846095,64,0.0004295000107958913,0.04902040829688166,True,0.05573990080396092,0.04665583623317044,0.00908406457079048,0.16297238494807223,B,B,False
beijing,Gucheng,artificial,iid_30,24,3,6570,constant,hist_gradient_boosting,1151,334,186,-0.013086517092850289,0.0508519267793359,-0.006254162788362225,0.04654469907787002,64,0.0003319999959785491,0.03954689749428276,True,0.0639384438721862,0.05279886186623224,0.011139582005953955,0.17422353956912257,UNRESOLVED,UNRESOLVED,False
beijing,Gucheng,artificial,iid_30,24,3,6570,logistic,hist_gradient_boosting,1151,334,186,-0.027814037294844045,0.0020567642134346653,-0.02481977097527255,-0.0008054523083941735,64,0.0002994999958900735,-0.009473510802598912,True,0.02987080150827871,0.02401431866687838,0.005856482841400331,0.19606045186893306,UNRESOLVED,A,True
beijing,Gucheng,artificial,blocks_10,24,3,6570,constant,logistic,1151,114,110,0.004372466562911149,0.059799698021926966,0.005920613793988819,0.05822890069976013,64,0.00038729999505449086,0.05092726956723888,True,0.05542723145901582,0.052308286905771315,0.0031189445532445043,0.05627097856314047,B,B,False
beijing,Gucheng,artificial,blocks_10,24,3,6570,constant,hist_gradient_boosting,1151,114,110,-0.00034547469695919003,0.04240318316339881,0.0025274905910275315,0.04115292475343975,64,0.0002724999940255657,0.03511513388374569,True,0.042748657860358,0.038625434162412216,0.004123223697945787,0.09645270528526616,UNRESOLVED,B,True
beijing,Gucheng,artificial,blocks_10,24,3,6570,logistic,hist_gradient_boosting,1151,114,110,-0.022465862167149207,0.0003514060487506381,-0.02014368508573648,-0.0005218860353136417,64,0.0002570000069681555,-0.015812135683493187,True,0.022817268215899845,0.01962179905042284,0.0031954691654770065,0.14004608856945877,UNRESOLVED,A,True
beijing,Huairou,full_station,natural,24,3,6570,constant,logistic,2167,75,71,0.06117456743038228,0.07732884211707534,0.06137446610998192,0.07711786832753352,64,0.0004933000018354505,,,0.016154274686693067,0.0157434022175516,0.00041087246914146835,0.02543428764894785,B,B,False
beijing,Huairou,full_station,natural,24,3,6570,constant,hist_gradient_boosting,2167,75,71,0.05223125960187837,0.07330073724956133,0.053343467528970755,0.07218852932246879,64,0.00041399999463465065,,,0.021069477647682966,0.018845061793498034,0.0022244158541849315,0.1055752729792783,B,B,False
beijing,Huairou,full_station,natural,24,3,6570,logistic,hist_gradient_boosting,2167,75,71,-0.010897489752162402,-0.002073922943855455,-0.0104796477007075,-0.0025544415655237834,64,0.0004194000066490844,,,0.008823566808306947,0.007925206135183717,0.0008983606731232299,0.10181377810586396,A,A,False
beijing,Huairou,fixed_panel,natural,24,3,6570,constant,logistic,145,5,5,0.002960401017463489,0.027488568914950832,0.002960401017463489,0.027488568914950832,64,0.00018810000619851053,,,0.02452816789748734,0.02452816789748734,0.0,0.0,B,B,False
beijing,Huairou,fixed_panel,natural,24,3,6570,constant,hist_gradient_boosting,145,5,5,0.029299786141206485,0.07008107787068346,0.02929978614120649,0.07008107787068346,64,0.00011190000805072486,,,0.040781291729476976,0.040781291729476976,0.0,0.0,B,B,False
beijing,Huairou,fixed_panel,natural,24,3,6570,logistic,hist_gradient_boosting,145,5,5,0.02633938512374298,0.042592508955732626,0.02633938512374297,0.042592508955732605,64,9.26000066101551e-05,,,0.016253123831989645,0.016253123831989635,1.0408340855860843e-17,6.403901775100604e-16,B,B,False
beijing,Huairou,fixed_panel,natural,24,3,6738,constant,logistic,145,1,0,0.22112879826396406,0.22112879826396406,0.22112879826396412,0.22112879826396412,64,0.00011500000255182385,,,0.0,0.0,0.0,0.0,B,B,False
beijing,Huairou,fixed_panel,natural,24,3,6738,constant,hist_gradient_boosting,145,1,0,0.13031679233861698,0.13031679233861698,0.130316792338617,0.130316792338617,64,9.169999975711107e-05,,,0.0,0.0,0.0,0.0,B,B,False
beijing,Huairou,fixed_panel,natural,24,3,6738,logistic,hist_gradient_boosting,145,1,0,-0.0908120059253471,-0.0908120059253471,-0.0908120059253471,-0.0908120059253471,64,8.81000014487654e-05,,,0.0,0.0,0.0,0.0,A,A,False
beijing,Huairou,fixed_panel,natural,24,3,6906,constant,logistic,145,26,31,-0.012914181890940154,0.1214303920607129,-0.012914181890940178,0.1214303920607129,64,0.00012840000272262841,,,0.13434457395165306,0.13434457395165308,-2.7755575615628914e-17,-2.0659990053351456e-16,UNRESOLVED,UNRESOLVED,False
beijing,Huairou,fixed_panel,natural,24,3,6906,constant,hist_gradient_boosting,145,26,31,-0.02962794618558555,0.15688724887779915,-0.028134214402538296,0.15539351709475185,64,0.00010410000686533749,,,0.1865151950633847,0.18352773149729015,0.002987463566094556,0.01601726639526236,UNRESOLVED,UNRESOLVED,False
beijing,Huairou,fixed_panel,natural,24,3,6906,logistic,hist_gradient_boosting,145,26,31,-0.022249370122244982,0.04099246264468584,-0.01831140318955971,0.033963125034038984,64,8.769999840296805e-05,,,0.06324183276693082,0.052274528223598696,0.010967304543332126,0.17341851213817025,UNRESOLVED,UNRESOLVED,False
beijing,Huairou,fixed_panel,natural,24,3,7074,constant,logistic,145,0,0,0.0674982898195562,0.0674982898195562,0.06749828981955612,0.06749828981955612,64,8.489999163430184e-05,,,0.0,0.0,0.0,0.0,B,B,False
beijing,Huairou,fixed_panel,natural,24,3,7074,constant,hist_gradient_boosting,145,0,0,0.08076520485564372,0.08076520485564372,0.08076520485564381,0.08076520485564381,64,9.14999982342124e-05,,,0.0,0.0,0.0,0.0,B,B,False
beijing,Huairou,fixed_panel,natural,24,3,7074,logistic,hist_gradient_boosting,145,0,0,0.01326691503608754,0.01326691503608754,0.013266915036087552,0.013266915036087552,64,9.240000508725643e-05,,,0.0,0.0,0.0,0.0,B,B,False
beijing,Huairou,fixed_panel,natural,24,3,7242,constant,logistic,145,1,0,-0.017938774749010046,-0.017938774749010046,-0.01793877474901006,-0.01793877474901006,64,8.340000931639224e-05,,,0.0,0.0,0.0,0.0,A,A,False
beijing,Huairou,fixed_panel,natural,24,3,7242,constant,hist_gradient_boosting,145,1,0,-0.04484764173554907,-0.04484764173554907,-0.04484764173554904,-0.04484764173554904,64,8.080000407062471e-05,,,0.0,0.0,0.0,0.0,A,A,False
beijing,Huairou,fixed_panel,natural,24,3,7242,logistic,hist_gradient_boosting,145,1,0,-0.026908866986539014,-0.026908866986539014,-0.026908866986539017,-0.026908866986539017,64,8.230000094044954e-05,,,0.0,0.0,0.0,0.0,A,A,False
beijing,Huairou,fixed_panel,natural,24,3,7410,constant,logistic,145,0,0,0.165218872192323,0.165218872192323,0.1652188721923231,0.1652188721923231,64,9.139999747276306e-05,,,0.0,0.0,0.0,0.0,B,B,False
beijing,Huairou,fixed_panel,natural,24,3,7410,constant,hist_gradient_boosting,145,0,0,0.13110140543038723,0.13110140543038723,0.13110140543038717,0.13110140543038717,64,8.699999307282269e-05,,,0.0,0.0,0.0,0.0,B,B,False
beijing,Huairou,fixed_panel,natural,24,3,7410,logistic,hist_gradient_boosting,145,0,0,-0.03411746676193583,-0.03411746676193583,-0.03411746676193583,-0.03411746676193583,64,8.379999781027436e-05,,,0.0,0.0,0.0,0.0,A,A,False
beijing,Huairou,fixed_panel,natural,24,3,7578,constant,logistic,145,1,0,0.0034662336311345808,0.0034662336311345808,0.003466233631134584,0.003466233631134584,64,8.280000474769622e-05,,,0.0,0.0,0.0,0.0,B,B,False
beijing,Huairou,fixed_panel,natural,24,3,7578,constant,hist_gradient_boosting,145,1,0,0.04005656337880841,0.04005656337880841,0.04005656337880839,0.04005656337880839,64,8.719999459572136e-05,,,0.0,0.0,0.0,0.0,B,B,False
beijing,Huairou,fixed_panel,natural,24,3,7578,logistic,hist_gradient_boosting,145,1,0,0.036590329747673817,0.036590329747673817,0.03659032974767384,0.03659032974767384,64,8.289999095723033e-05,,,0.0,0.0,0.0,0.0,B,B,False
beijing,Huairou,fixed_panel,natural,24,3,7746,constant,logistic,145,4,0,0.02706648241082068,0.02706648241082068,0.027066482410820644,0.027066482410820644,64,8.710000838618726e-05,,,0.0,0.0,0.0,0.0,B,B,False
beijing,Huairou,fixed_panel,natural,24,3,7746,constant,hist_gradient_boosting,145,4,0,0.07124895910383232,0.07124895910383232,0.07124895910383226,0.07124895910383226,64,9.580000187270343e-05,,,0.0,0.0,0.0,0.0,B,B,False
beijing,Huairou,fixed_panel,natural,24,3,7746,logistic,hist_gradient_boosting,145,4,0,0.04418247669301171,0.04418247669301171,0.04418247669301169,0.04418247669301169,64,8.72999953571707e-05,,,0.0,0.0,0.0,0.0,B,B,False
beijing,Huairou,fixed_panel,natural,24,3,7914,constant,logistic,145,6,21,0.006873044218351061,0.07693779404326753,0.00986049551967953,0.07395034274193904,64,8.549999620299786e-05,,,0.07006474982491648,0.06408984722225951,0.00597490260265697,0.08527687057454063,B,B,False
beijing,Huairou,fixed_panel,natural,24,3,7914,constant,hist_gradient_boosting,145,6,21,0.032734053250782824,0.09158751555890156,0.0478620771781441,0.07645949163154027,64,9.630000567995012e-05,,,0.058853462308118734,0.02859741445339617,0.030256047854722565,0.5140912134671267,B,B,False
beijing,Huairou,fixed_panel,natural,24,3,7914,logistic,hist_gradient_boosting,145,6,21,0.00235721854745334,0.03815351200061244,0.002509148889601247,0.03800158165846456,64,9.159999899566174e-05,,,0.0357962934531591,0.03549243276886331,0.0003038606842957897,0.00848860747812909,B,B,False
beijing,Huairou,fixed_panel,natural,24,3,8082,constant,logistic,145,2,0,0.17674874814128616,0.17674874814128616,0.17674874814128616,0.17674874814128616,64,8.630000229459256e-05,,,0.0,0.0,0.0,0.0,B,B,False
beijing,Huairou,fixed_panel,natural,24,3,8082,constant,hist_gradient_boosting,145,2,0,0.1564448084229528,0.1564448084229528,0.15644480842295277,0.15644480842295277,64,8.180001168511808e-05,,,0.0,0.0,0.0,0.0,B,B,False
beijing,Huairou,fixed_panel,natural,24,3,8082,logistic,hist_gradient_boosting,145,2,0,-0.02030393971833333,-0.02030393971833333,-0.02030393971833332,-0.02030393971833332,64,8.070000330917537e-05,,,0.0,0.0,0.0,0.0,A,A,False
beijing,Huairou,fixed_panel,natural,24,3,8250,constant,logistic,145,6,0,0.13139932580420602,0.13139932580420602,0.13139932580420616,0.13139932580420616,64,8.38999985717237e-05,,,0.0,0.0,0.0,0.0,B,B,False
beijing,Huairou,fixed_panel,natural,24,3,8250,constant,hist_gradient_boosting,145,6,0,0.1554367417800476,0.1554367417800476,0.15543674178004763,0.15543674178004763,64,8.290000550914556e-05,,,0.0,0.0,0.0,0.0,B,B,False
beijing,Huairou,fixed_panel,natural,24,3,8250,logistic,hist_gradient_boosting,145,6,0,0.02403741597584157,0.02403741597584157,0.024037415975841553,0.024037415975841553,64,8.630000229459256e-05,,,0.0,0.0,0.0,0.0,B,B,False
beijing,Huairou,fixed_panel,natural,24,3,8418,constant,logistic,145,2,0,-0.0164920356165052,-0.0164920356165052,-0.016492035616505273,-0.016492035616505273,64,8.800000068731606e-05,,,0.0,0.0,0.0,0.0,A,A,False
beijing,Huairou,fixed_panel,natural,24,3,8418,constant,hist_gradient_boosting,145,2,0,-0.05261383161097538,-0.05261383161097538,-0.05261383161097549,-0.05261383161097549,64,8.359999628737569e-05,,,0.0,0.0,0.0,0.0,A,A,False
beijing,Huairou,fixed_panel,natural,24,3,8418,logistic,hist_gradient_boosting,145,2,0,-0.036121795994470206,-0.036121795994470206,-0.036121795994470136,-0.036121795994470136,64,8.629998774267733e-05,,,0.0,0.0,0.0,0.0,A,A,False
beijing,Huairou,fixed_panel,natural,24,3,8586,constant,logistic,145,21,0,0.04569798737714866,0.04569798737714866,0.04569798737714847,0.04569798737714847,64,8.620000153314322e-05,,,0.0,0.0,0.0,0.0,B,B,False
beijing,Huairou,fixed_panel,natural,24,3,8586,constant,hist_gradient_boosting,145,21,0,0.02063237926225973,0.02063237926225973,0.020632379262259803,0.020632379262259803,64,8.690000686328858e-05,,,0.0,0.0,0.0,0.0,B,B,False
beijing,Huairou,fixed_panel,natural,24,3,8586,logistic,hist_gradient_boosting,145,21,0,-0.025065608114888862,-0.025065608114888862,-0.025065608114888862,-0.025065608114888862,64,9.339999814983457e-05,,,0.0,0.0,0.0,0.0,A,A,False
beijing,Huairou,artificial,iid_10,24,3,7310,constant,logistic,336,39,4,0.07888892795220419,0.08328608937994797,0.07888892795220426,0.08328608937994805,64,0.00022279999393504113,0.08208141181636416,True,0.0043971614277437815,0.004397161427743795,-1.3877787807814457e-17,-3.1560787648715593e-15,B,B,False
beijing,Huairou,artificial,iid_10,24,3,7310,constant,hist_gradient_boosting,336,39,4,0.08125383857853999,0.0851798430683387,0.08125383857853993,0.08517984306833869,64,0.0001660999987507239,0.08473427736581146,True,0.003926004489798712,0.003926004489798754,-4.163336342344337e-17,-1.0604512432836757e-14,B,B,False
beijing,Huairou,artificial,iid_10,24,3,7310,logistic,hist_gradient_boosting,336,39,4,0.0016057987652792311,0.002652865549447304,0.0016057987652792363,0.002652865549447304,64,0.00013910001143813133,0.002652865549447309,True,0.0010470667841680728,0.0010470667841680676,5.204170427930421e-18,4.970237339794229e-15,B,B,False
beijing,Huairou,artificial,iid_30,24,3,7310,constant,logistic,336,109,55,0.031293528785361915,0.07549584758824954,0.031623479892519575,0.07516589648109193,64,0.0002734000008786097,0.05414331236629854,True,0.04420231880288762,0.04354241658857235,0.0006599022143152708,0.01492913114486114,B,B,False
beijing,Huairou,artificial,iid_30,24,3,7310,constant,hist_gradient_boosting,336,109,55,0.03645260917530318,0.0771749126106497,0.03986257396154812,0.07593132168667438,64,0.00015439999697264284,0.06088766064153276,True,0.04072230343534652,0.03606874772512626,0.004653555710220254,0.11427535570546872,B,B,False
beijing,Huairou,artificial,iid_30,24,3,7310,logistic,hist_gradient_boosting,336,109,55,-0.006941869864777459,0.013780015277118857,-0.004063742239690067,0.010982403531301138,64,0.0001362999901175499,0.006744348275234212,True,0.020721885141896317,0.015046145770991205,0.005675739370905111,0.2739007253461549,UNRESOLVED,UNRESOLVED,False
beijing,Huairou,artificial,blocks_10,24,3,7310,constant,logistic,336,24,43,0.03826365576731336,0.09719993385015038,0.039537739411098526,0.09203400052488932,64,0.00022080000780988485,0.09203400052488923,True,0.058936278082837024,0.05249626111379079,0.006440016969046232,0.10927084604824486,B,B,False
beijing,Huairou,artificial,blocks_10,24,3,7310,constant,hist_gradient_boosting,336,24,43,0.026529331017765626,0.08359028589704706,0.028082478712334866,0.07808060828871598,64,0.00015269999857991934,0.07808060828871606,True,0.057060954879281436,0.04999812957638111,0.007062825302900325,0.12377685087539261,B,B,False
beijing,Huairou,artificial,blocks_10,24,3,7310,logistic,hist_gradient_boosting,336,24,43,-0.024106431610013496,-0.0012375410926375597,-0.021946194515471758,-0.003898910238589126,64,0.0001429999974789098,-0.013953392236173161,True,0.022868890517375937,0.01804728427688263,0.004821606240493305,0.21083691125416934,A,A,False
beijing,Nongzhanguan,full_station,natural,24,3,6570,constant,logistic,2167,29,23,0.05503249881141158,0.0610348535164426,0.05503249881141156,0.061034853516442465,64,0.000488800011225976,,,0.006002354705031014,0.006002354705030903,1.1102230246251565e-16,1.849645812658484e-14,B,B,False
beijing,Nongzhanguan,full_station,natural,24,3,6570,constant,hist_gradient_boosting,2167,29,23,0.025062133666906537,0.02910190387056747,0.02507596964139221,0.02902009262395331,64,0.0004160999960731715,,,0.004039770203660933,0.0039441229825611,9.564722109983367e-05,0.02367640144807146,B,B,False
beijing,Nongzhanguan,full_station,natural,24,3,6570,logistic,hist_gradient_boosting,2167,29,23,-0.03206195252560261,-0.02984136226477749,-0.03201476089248904,-0.0298885538978909,64,0.000374099996406585,,,0.0022205902608251164,0.0021262069945981385,9.438326622697793e-05,0.042503683769155795,A,A,False
beijing,Nongzhanguan,fixed_panel,natural,24,3,6570,constant,logistic,145,0,0,0.0039062074448198876,0.0039062074448198876,0.0039062074448198386,0.0039062074448198386,64,0.00018399998953100294,,,0.0,0.0,0.0,0.0,B,B,False
beijing,Nongzhanguan,fixed_panel,natural,24,3,6570,constant,hist_gradient_boosting,145,0,0,-0.11079787873829287,-0.11079787873829287,-0.11079787873829287,-0.11079787873829287,64,0.00012139999307692051,,,0.0,0.0,0.0,0.0,A,A,False
beijing,Nongzhanguan,fixed_panel,natural,24,3,6570,logistic,hist_gradient_boosting,145,0,0,-0.11470408618311274,-0.11470408618311274,-0.11470408618311274,-0.11470408618311274,64,0.00010400000610388815,,,0.0,0.0,0.0,0.0,A,A,False
beijing,Nongzhanguan,fixed_panel,natural,24,3,6738,constant,logistic,145,0,0,0.12519643396411628,0.12519643396411628,0.12519643396411634,0.12519643396411634,64,0.00011300000187475234,,,0.0,0.0,0.0,0.0,B,B,False
beijing,Nongzhanguan,fixed_panel,natural,24,3,6738,constant,hist_gradient_boosting,145,0,0,0.12014961446041808,0.12014961446041808,0.12014961446041815,0.12014961446041815,64,0.0001264000020455569,,,0.0,0.0,0.0,0.0,B,B,False
beijing,Nongzhanguan,fixed_panel,natural,24,3,6738,logistic,hist_gradient_boosting,145,0,0,-0.005046819503698233,-0.005046819503698233,-0.005046819503698233,-0.005046819503698233,64,0.00010019999172072858,,,0.0,0.0,0.0,0.0,A,A,False
beijing,Nongzhanguan,fixed_panel,natural,24,3,6906,constant,logistic,145,1,0,-0.030096401505410854,-0.030096401505410854,-0.030096401505410854,-0.030096401505410854,64,9.09000082174316e-05,,,0.0,0.0,0.0,0.0,A,A,False
beijing,Nongzhanguan,fixed_panel,natural,24,3,6906,constant,hist_gradient_boosting,145,1,0,-0.060571075479204754,-0.060571075479204754,-0.060571075479204727,-0.060571075479204727,64,9.289999434258789e-05,,,0.0,0.0,0.0,0.0,A,A,False
beijing,Nongzhanguan,fixed_panel,natural,24,3,6906,logistic,hist_gradient_boosting,145,1,0,-0.030474673973793862,-0.030474673973793862,-0.030474673973793814,-0.030474673973793814,64,8.610000077169389e-05,,,0.0,0.0,0.0,0.0,A,A,False
beijing,Nongzhanguan,fixed_panel,natural,24,3,7074,constant,logistic,145,0,0,0.10848672930308705,0.10848672930308705,0.10848672930308705,0.10848672930308705,64,9.640000644139946e-05,,,0.0,0.0,0.0,0.0,B,B,False
beijing,Nongzhanguan,fixed_panel,natural,24,3,7074,constant,hist_gradient_boosting,145,0,0,0.07581041270385909,0.07581041270385909,0.07581041270385899,0.07581041270385899,64,8.830000297166407e-05,,,0.0,0.0,0.0,0.0,B,B,False
beijing,Nongzhanguan,fixed_panel,natural,24,3,7074,logistic,hist_gradient_boosting,145,0,0,-0.03267631659922798,-0.03267631659922798,-0.032676316599227956,-0.032676316599227956,64,8.749999688006938e-05,,,0.0,0.0,0.0,0.0,A,A,False
beijing,Nongzhanguan,fixed_panel,natural,24,3,7242,constant,logistic,145,0,0,0.010884414594280302,0.010884414594280302,0.010884414594280327,0.010884414594280327,64,8.800000068731606e-05,,,0.0,0.0,0.0,0.0,B,B,False
beijing,Nongzhanguan,fixed_panel,natural,24,3,7242,constant,hist_gradient_boosting,145,0,0,0.02296349710752323,0.02296349710752323,0.022963497107523236,0.022963497107523236,64,8.490000618621707e-05,,,0.0,0.0,0.0,0.0,B,B,False
beijing,Nongzhanguan,fixed_panel,natural,24,3,7242,logistic,hist_gradient_boosting,145,0,0,0.012079082513242951,0.012079082513242951,0.012079082513242927,0.012079082513242927,64,8.97999998414889e-05,,,0.0,0.0,0.0,0.0,B,B,False
beijing,Nongzhanguan,fixed_panel,natural,24,3,7410,constant,logistic,145,0,0,0.11228734619941506,0.11228734619941506,0.11228734619941516,0.11228734619941516,64,9.200000204145908e-05,,,0.0,0.0,0.0,0.0,B,B,False
beijing,Nongzhanguan,fixed_panel,natural,24,3,7410,constant,hist_gradient_boosting,145,0,0,0.07349856623651456,0.07349856623651456,0.07349856623651467,0.07349856623651467,64,0.0001007999962894246,,,0.0,0.0,0.0,0.0,B,B,False
beijing,Nongzhanguan,fixed_panel,natural,24,3,7410,logistic,hist_gradient_boosting,145,0,0,-0.03878877996290049,-0.03878877996290049,-0.03878877996290049,-0.03878877996290049,64,8.990000060293823e-05,,,0.0,0.0,0.0,0.0,A,A,False
beijing,Nongzhanguan,fixed_panel,natural,24,3,7578,constant,logistic,145,0,0,0.053375086808503086,0.053375086808503086,0.053375086808503135,0.053375086808503135,64,8.569999772589654e-05,,,0.0,0.0,0.0,0.0,B,B,False
beijing,Nongzhanguan,fixed_panel,natural,24,3,7578,constant,hist_gradient_boosting,145,0,0,0.03776332214042506,0.03776332214042506,0.03776332214042506,0.03776332214042506,64,8.040000102482736e-05,,,0.0,0.0,0.0,0.0,B,B,False
beijing,Nongzhanguan,fixed_panel,natural,24,3,7578,logistic,hist_gradient_boosting,145,0,0,-0.015611764668078046,-0.015611764668078046,-0.015611764668078034,-0.015611764668078034,64,7.999999797903001e-05,,,0.0,0.0,0.0,0.0,A,A,False
beijing,Nongzhanguan,fixed_panel,natural,24,3,7746,constant,logistic,145,4,0,0.04460507032778652,0.04460507032778652,0.04460507032778649,0.04460507032778649,64,0.00012769999739248306,,,0.0,0.0,0.0,0.0,B,B,False
beijing,Nongzhanguan,fixed_panel,natural,24,3,7746,constant,hist_gradient_boosting,145,4,0,-0.034898237911563365,-0.034898237911563365,-0.03489823791156346,-0.03489823791156346,64,8.81000014487654e-05,,,0.0,0.0,0.0,0.0,A,A,False
beijing,Nongzhanguan,fixed_panel,natural,24,3,7746,logistic,hist_gradient_boosting,145,4,0,-0.07950330823934984,-0.07950330823934984,-0.07950330823934984,-0.07950330823934984,64,9.06999921426177e-05,,,0.0,0.0,0.0,0.0,A,A,False
beijing,Nongzhanguan,fixed_panel,natural,24,3,7914,constant,logistic,145,6,23,0.007651822503831102,0.09735597868177708,0.0076518225038310645,0.09735597868177714,64,8.64000030560419e-05,,,0.08970415617794597,0.08970415617794608,-1.1102230246251565e-16,-1.237649482397236e-15,B,B,False
beijing,Nongzhanguan,fixed_panel,natural,24,3,7914,constant,hist_gradient_boosting,145,6,23,0.028492914662909676,0.08886658384451816,0.0286996909160869,0.08764392886925887,64,9.99999901978299e-05,,,0.06037366918160848,0.05894423795317197,0.0014294312284365146,0.02367640144806636,B,B,False
beijing,Nongzhanguan,fixed_panel,natural,24,3,7914,logistic,hist_gradient_boosting,145,6,23,-0.010417320632911026,0.022769017954730714,-0.009712049812518223,0.022063747134337914,64,9.90999978967011e-05,,,0.03318633858764174,0.03177579694685614,0.0014105416407855995,0.04250368376916612,UNRESOLVED,UNRESOLVED,False
beijing,Nongzhanguan,fixed_panel,natural,24,3,8082,constant,logistic,145,0,0,0.08130532920479075,0.08130532920479075,0.08130532920479074,0.08130532920479074,64,9.23000043258071e-05,,,0.0,0.0,0.0,0.0,B,B,False
beijing,Nongzhanguan,fixed_panel,natural,24,3,8082,constant,hist_gradient_boosting,145,0,0,0.08250495885404839,0.08250495885404839,0.08250495885404832,0.08250495885404832,64,0.00010210000618826598,,,0.0,0.0,0.0,0.0,B,B,False
beijing,Nongzhanguan,fixed_panel,natural,24,3,8082,logistic,hist_gradient_boosting,145,0,0,0.0011996296492576349,0.0011996296492576349,0.001199629649257598,0.001199629649257598,64,8.650000381749123e-05,,,0.0,0.0,0.0,0.0,B,B,False
beijing,Nongzhanguan,fixed_panel,natural,24,3,8250,constant,logistic,145,2,0,0.10864418856236603,0.10864418856236603,0.10864418856236605,0.10864418856236605,64,9.040000441018492e-05,,,0.0,0.0,0.0,0.0,B,B,False
beijing,Nongzhanguan,fixed_panel,natural,24,3,8250,constant,hist_gradient_boosting,145,2,0,0.12100811296018599,0.12100811296018599,0.12100811296018603,0.12100811296018603,64,8.850000449456275e-05,,,0.0,0.0,0.0,0.0,B,B,False
beijing,Nongzhanguan,fixed_panel,natural,24,3,8250,logistic,hist_gradient_boosting,145,2,0,0.012363924397819965,0.012363924397819965,0.012363924397820003,0.012363924397820003,64,8.429998706560582e-05,,,0.0,0.0,0.0,0.0,B,B,False
beijing,Nongzhanguan,fixed_panel,natural,24,3,8418,constant,logistic,145,1,0,-0.042386830033447905,-0.042386830033447905,-0.04238683003344802,-0.04238683003344802,64,8.399999933317304e-05,,,0.0,0.0,0.0,0.0,A,A,False
beijing,Nongzhanguan,fixed_panel,natural,24,3,8418,constant,hist_gradient_boosting,145,1,0,-0.13522176723486837,-0.13522176723486837,-0.13522176723486853,-0.13522176723486853,64,8.159999561030418e-05,,,0.0,0.0,0.0,0.0,A,A,False
beijing,Nongzhanguan,fixed_panel,natural,24,3,8418,logistic,hist_gradient_boosting,145,1,0,-0.0928349372014205,-0.0928349372014205,-0.0928349372014206,-0.0928349372014206,64,9.689999569673091e-05,,,0.0,0.0,0.0,0.0,A,A,False
beijing,Nongzhanguan,fixed_panel,natural,24,3,8586,constant,logistic,145,15,0,0.11320593978632655,0.11320593978632655,0.11320593978632655,0.11320593978632655,64,8.81000014487654e-05,,,0.0,0.0,0.0,0.0,B,B,False
beijing,Nongzhanguan,fixed_panel,natural,24,3,8586,constant,hist_gradient_boosting,145,15,0,0.0911951439157305,0.0911951439157305,0.09119514391573055,0.09119514391573055,64,8.159999561030418e-05,,,0.0,0.0,0.0,0.0,B,B,False
beijing,Nongzhanguan,fixed_panel,natural,24,3,8586,logistic,hist_gradient_boosting,145,15,0,-0.02201079587059603,-0.02201079587059603,-0.02201079587059603,-0.02201079587059603,64,8.240000170189887e-05,,,0.0,0.0,0.0,0.0,A,A,False
beijing,Nongzhanguan,artificial,iid_10,24,3,6973,constant,logistic,882,88,35,0.04942426312439552,0.06357667182343973,0.049915093099428084,0.06308584184840746,64,0.00039180000021588057,0.0558657459364324,True,0.014152408699044217,0.013170748748979375,0.000981659950064842,0.06936345401974849,B,B,False
beijing,Nongzhanguan,artificial,iid_10,24,3,6973,constant,hist_gradient_boosting,882,88,35,0.028208181977575963,0.04579745985835226,0.029734463937047033,0.04427117789888134,64,0.00024619999749120325,0.03468603762906207,True,0.0175892778807763,0.014536713961834306,0.003052563918941993,0.17354685846871554,B,B,False
beijing,Nongzhanguan,artificial,iid_10,24,3,6973,logistic,hist_gradient_boosting,882,88,35,-0.023121451781116915,-0.015873841330789992,-0.022157307824741308,-0.016837985287165732,64,0.0002300000051036477,-0.021179708307370326,True,0.007247610450326923,0.005319322537575576,0.0019282879127513475,0.26605843760054276,A,A,False
beijing,Nongzhanguan,artificial,iid_30,24,3,6973,constant,logistic,882,278,106,0.01241338422223987,0.05769627587536994,0.015733327891192816,0.05585240867595997,64,0.00040010000520851463,0.04324118133256498,True,0.04528289165313007,0.040119080784767155,0.005163810868362914,0.11403447703644999,B,B,False
beijing,Nongzhanguan,artificial,iid_30,24,3,6973,constant,hist_gradient_boosting,882,278,106,0.0031511008453895674,0.048464407801100694,0.0051396904603211455,0.04647553425995295,64,0.00029399999766610563,0.03611268177752932,True,0.045313306955711126,0.0413358437996318,0.003977463156079324,0.08777693404647922,B,B,False
beijing,Nongzhanguan,artificial,iid_30,24,3,6973,logistic,hist_gradient_boosting,882,278,106,-0.027259825848907793,0.00876567439778826,-0.026483445387171047,0.006374992905704619,64,0.00026559999969322234,-0.007128499555035655,True,0.036025500246696054,0.032858438292875665,0.0031670619538203895,0.08791167179172883,UNRESOLVED,UNRESOLVED,False
beijing,Nongzhanguan,artificial,blocks_10,24,3,6973,constant,logistic,882,88,80,0.03711170798482866,0.07548013641667556,0.0381496656695424,0.07229664329012249,64,0.0003691999881993979,0.059679765329613055,True,0.0383684284318469,0.03414697762058009,0.004221450811266812,0.11002407405779713,B,B,False
beijing,Nongzhanguan,artificial,blocks_10,24,3,6973,constant,hist_gradient_boosting,882,88,80,0.0010789590947021675,0.045264779165592336,0.0019604457072739554,0.04241180281675815,64,0.0002840999950421974,0.0282808463041355,True,0.04418582007089017,0.0404513571094842,0.0037344629614059696,0.08451722646347921,B,B,False
beijing,Nongzhanguan,artificial,blocks_10,24,3,6973,logistic,hist_gradient_boosting,882,88,80,-0.04612657471992052,-0.02012153142128916,-0.04249013644952643,-0.021936997918930917,64,0.00026760000037029386,-0.031398919025477555,True,0.02600504329863136,0.02055313853059551,0.005451904768035851,0.20964797887195916,A,A,False
beijing,Shunyi,full_station,natural,24,3,6570,constant,logistic,2167,47,24,0.05140937102347972,0.05889892664577565,0.051409371023479644,0.058898926645775604,64,0.0006584999937331304,,,0.007489555622295932,0.00748955562229596,-2.7755575615628914e-17,-3.7059041971732374e-15,B,B,False
beijing,Shunyi,full_station,natural,24,3,6570,constant,hist_gradient_boosting,2167,47,24,0.03217052701053749,0.03777660540542922,0.032170527010537436,0.037776605405429146,64,0.0005133000086061656,,,0.005606078394891731,0.00560607839489171,2.0816681711721685e-17,3.713234144333387e-15,B,B,False
beijing,Shunyi,full_station,natural,24,3,6570,logistic,hist_gradient_boosting,2167,47,24,-0.021264429803536728,-0.01909673544975193,-0.021122321240346575,-0.019238844012942374,64,0.0004884000081801787,,,0.002167694353784798,0.001883477227404201,0.00028421712638059676,0.13111494518789202,A,A,False
beijing,Shunyi,fixed_panel,natural,24,3,6570,constant,logistic,145,0,0,-0.07657920706853384,-0.07657920706853384,-0.0765792070685338,-0.0765792070685338,64,0.00023800000781193376,,,0.0,0.0,0.0,0.0,A,A,False
beijing,Shunyi,fixed_panel,natural,24,3,6570,constant,hist_gradient_boosting,145,0,0,-0.16149168890525434,-0.16149168890525434,-0.16149168890525434,-0.16149168890525434,64,0.00013139999646227807,,,0.0,0.0,0.0,0.0,A,A,False
beijing,Shunyi,fixed_panel,natural,24,3,6570,logistic,hist_gradient_boosting,145,0,0,-0.0849124818367205,-0.0849124818367205,-0.08491248183672052,-0.08491248183672052,64,0.00011320000339765102,,,0.0,0.0,0.0,0.0,A,A,False
beijing,Shunyi,fixed_panel,natural,24,3,6738,constant,logistic,145,0,0,0.22706172730280832,0.22706172730280832,0.22706172730280827,0.22706172730280827,64,0.00011930000619031489,,,0.0,0.0,0.0,0.0,B,B,False
beijing,Shunyi,fixed_panel,natural,24,3,6738,constant,hist_gradient_boosting,145,0,0,0.16827804855377543,0.16827804855377543,0.16827804855377546,0.16827804855377546,64,0.00010990000737365335,,,0.0,0.0,0.0,0.0,B,B,False
beijing,Shunyi,fixed_panel,natural,24,3,6738,logistic,hist_gradient_boosting,145,0,0,-0.058783678749032904,-0.058783678749032904,-0.05878367874903292,-0.05878367874903292,64,0.00010370000381954014,,,0.0,0.0,0.0,0.0,A,A,False
beijing,Shunyi,fixed_panel,natural,24,3,6906,constant,logistic,145,2,0,0.11452565577040244,0.11452565577040244,0.11452565577040244,0.11452565577040244,64,0.00011350000568199903,,,0.0,0.0,0.0,0.0,B,B,False
beijing,Shunyi,fixed_panel,natural,24,3,6906,constant,hist_gradient_boosting,145,2,0,0.1751626686031983,0.1751626686031983,0.1751626686031983,0.1751626686031983,64,0.00011639999866019934,,,0.0,0.0,0.0,0.0,B,B,False
beijing,Shunyi,fixed_panel,natural,24,3,6906,logistic,hist_gradient_boosting,145,2,0,0.06063701283279586,0.06063701283279586,0.060637012832795864,0.060637012832795864,64,0.00010710000060498714,,,0.0,0.0,0.0,0.0,B,B,False
beijing,Shunyi,fixed_panel,natural,24,3,7074,constant,logistic,145,0,0,0.07966809626223696,0.07966809626223696,0.07966809626223696,0.07966809626223696,64,0.00010469999688211828,,,0.0,0.0,0.0,0.0,B,B,False
beijing,Shunyi,fixed_panel,natural,24,3,7074,constant,hist_gradient_boosting,145,0,0,-0.008782145799039007,-0.008782145799039007,-0.008782145799038875,-0.008782145799038875,64,0.00011340000492054969,,,0.0,0.0,0.0,0.0,A,A,False
beijing,Shunyi,fixed_panel,natural,24,3,7074,logistic,hist_gradient_boosting,145,0,0,-0.08845024206127597,-0.08845024206127597,-0.08845024206127584,-0.08845024206127584,64,0.00011500000255182385,,,0.0,0.0,0.0,0.0,A,A,False
beijing,Shunyi,fixed_panel,natural,24,3,7242,constant,logistic,145,0,0,0.002407721551780235,0.002407721551780235,0.0024077215517802537,0.0024077215517802537,64,0.00010220000694971532,,,0.0,0.0,0.0,0.0,B,B,False
beijing,Shunyi,fixed_panel,natural,24,3,7242,constant,hist_gradient_boosting,145,0,0,0.004653275006790172,0.004653275006790172,0.004653275006790179,0.004653275006790179,64,0.00010170000314246863,,,0.0,0.0,0.0,0.0,B,B,False
beijing,Shunyi,fixed_panel,natural,24,3,7242,logistic,hist_gradient_boosting,145,0,0,0.0022455534550099403,0.0022455534550099403,0.002245553455009934,0.002245553455009934,64,9.73999995039776e-05,,,0.0,0.0,0.0,0.0,B,B,False
beijing,Shunyi,fixed_panel,natural,24,3,7410,constant,logistic,145,0,0,0.16263122924541062,0.16263122924541062,0.16263122924541062,0.16263122924541062,64,0.00010299999848939478,,,0.0,0.0,0.0,0.0,B,B,False
beijing,Shunyi,fixed_panel,natural,24,3,7410,constant,hist_gradient_boosting,145,0,0,0.11620566413809472,0.11620566413809472,0.11620566413809481,0.11620566413809481,64,0.00010560000373516232,,,0.0,0.0,0.0,0.0,B,B,False
beijing,Shunyi,fixed_panel,natural,24,3,7410,logistic,hist_gradient_boosting,145,0,0,-0.0464255651073159,-0.0464255651073159,-0.04642556510731591,-0.04642556510731591,64,0.00013220000255387276,,,0.0,0.0,0.0,0.0,A,A,False
beijing,Shunyi,fixed_panel,natural,24,3,7578,constant,logistic,145,0,0,-0.0014817973196371256,-0.0014817973196371256,-0.00148179731963715,-0.00148179731963715,64,0.00011750000703614205,,,0.0,0.0,0.0,0.0,A,A,False
beijing,Shunyi,fixed_panel,natural,24,3,7578,constant,hist_gradient_boosting,145,0,0,-0.02745424982310295,-0.02745424982310295,-0.027454249823102926,-0.027454249823102926,64,0.00012660000356845558,,,0.0,0.0,0.0,0.0,A,A,False
beijing,Shunyi,fixed_panel,natural,24,3,7578,logistic,hist_gradient_boosting,145,0,0,-0.02597245250346586,-0.02597245250346586,-0.02597245250346586,-0.02597245250346586,64,0.00017099999240599573,,,0.0,0.0,0.0,0.0,A,A,False
beijing,Shunyi,fixed_panel,natural,24,3,7746,constant,logistic,145,3,0,0.014505316294902326,0.014505316294902326,0.014505316294902338,0.014505316294902338,64,0.00016709999181330204,,,0.0,0.0,0.0,0.0,B,B,False
beijing,Shunyi,fixed_panel,natural,24,3,7746,constant,hist_gradient_boosting,145,3,0,0.0276508354196425,0.0276508354196425,0.027650835419642476,0.027650835419642476,64,0.0001303000026382506,,,0.0,0.0,0.0,0.0,B,B,False
beijing,Shunyi,fixed_panel,natural,24,3,7746,logistic,hist_gradient_boosting,145,3,0,0.013145519124740148,0.013145519124740148,0.013145519124740147,0.013145519124740147,64,0.00011989999620709568,,,0.0,0.0,0.0,0.0,B,B,False
beijing,Shunyi,fixed_panel,natural,24,3,7914,constant,logistic,145,10,24,-0.012792944565758899,0.0991371729067602,-0.012792944565758935,0.09913717290676016,64,0.00012310000602155924,,,0.1119301174725191,0.1119301174725191,0.0,0.0,UNRESOLVED,UNRESOLVED,False
beijing,Shunyi,fixed_panel,natural,24,3,7914,constant,hist_gradient_boosting,145,10,24,0.016386631804538206,0.10016850685095462,0.016386631804538192,0.10016850685095464,64,0.00010770000517368317,,,0.0837818750464164,0.08378187504641646,-5.551115123125783e-17,-6.625675445972512e-16,B,B,False
beijing,Shunyi,fixed_panel,natural,24,3,7914,logistic,hist_gradient_boosting,145,10,24,-0.0010924540312082067,0.03130336434569977,0.0010313339441944149,0.029179576370297142,64,0.00011199999426025897,,,0.03239581837690798,0.028148242426102726,0.0042475759508052505,0.13111494518789374,UNRESOLVED,B,True
beijing,Shunyi,fixed_panel,natural,24,3,8082,constant,logistic,145,5,0,0.08921381237218604,0.08921381237218604,0.08921381237218606,0.08921381237218606,64,0.00011059999815188348,,,0.0,0.0,0.0,0.0,B,B,False
beijing,Shunyi,fixed_panel,natural,24,3,8082,constant,hist_gradient_boosting,145,5,0,0.07976334888260275,0.07976334888260275,0.07976334888260257,0.07976334888260257,64,0.00011500000255182385,,,0.0,0.0,0.0,0.0,B,B,False
beijing,Shunyi,fixed_panel,natural,24,3,8082,logistic,hist_gradient_boosting,145,5,0,-0.00945046348958333,-0.00945046348958333,-0.009450463489583323,-0.009450463489583323,64,0.00010370000381954014,,,0.0,0.0,0.0,0.0,A,A,False
beijing,Shunyi,fixed_panel,natural,24,3,8250,constant,logistic,145,7,0,0.07145005767311832,0.07145005767311832,0.0714500576731183,0.0714500576731183,64,0.00010710000060498714,,,0.0,0.0,0.0,0.0,B,B,False
beijing,Shunyi,fixed_panel,natural,24,3,8250,constant,hist_gradient_boosting,145,7,0,0.07664760260568504,0.07664760260568504,0.0766476026056851,0.0766476026056851,64,0.00011399999493733048,,,0.0,0.0,0.0,0.0,B,B,False
beijing,Shunyi,fixed_panel,natural,24,3,8250,logistic,hist_gradient_boosting,145,7,0,0.005197544932566688,0.005197544932566688,0.005197544932566682,0.005197544932566682,64,0.00011320000339765102,,,0.0,0.0,0.0,0.0,B,B,False
beijing,Shunyi,fixed_panel,natural,24,3,8418,constant,logistic,145,1,0,-0.03499644582708776,-0.03499644582708776,-0.03499644582708766,-0.03499644582708766,64,0.00011520000407472253,,,0.0,0.0,0.0,0.0,A,A,False
beijing,Shunyi,fixed_panel,natural,24,3,8418,constant,hist_gradient_boosting,145,1,0,-0.10942869667080213,-0.10942869667080213,-0.10942869667080227,-0.10942869667080227,64,0.00010659999679774046,,,0.0,0.0,0.0,0.0,A,A,False
beijing,Shunyi,fixed_panel,natural,24,3,8418,logistic,hist_gradient_boosting,145,1,0,-0.0744322508437144,-0.0744322508437144,-0.07443225084371441,-0.07443225084371441,64,0.00010040000779554248,,,0.0,0.0,0.0,0.0,A,A,False
beijing,Shunyi,fixed_panel,natural,24,3,8586,constant,logistic,145,19,0,0.0005629738440240548,0.0005629738440240548,0.0005629738440240058,0.0005629738440240058,64,0.0001137000072048977,,,0.0,0.0,0.0,0.0,B,B,False
beijing,Shunyi,fixed_panel,natural,24,3,8586,constant,hist_gradient_boosting,145,19,0,-0.024398999995632296,-0.024398999995632296,-0.02439899999563237,-0.02439899999563237,64,0.00010380000458098948,,,0.0,0.0,0.0,0.0,A,A,False
beijing,Shunyi,fixed_panel,natural,24,3,8586,logistic,hist_gradient_boosting,145,19,0,-0.024961973839656277,-0.024961973839656277,-0.024961973839656326,-0.024961973839656326,64,9.960000170394778e-05,,,0.0,0.0,0.0,0.0,A,A,False
beijing,Shunyi,artificial,iid_10,24,3,7001,constant,logistic,858,88,15,0.06955604632399597,0.07757000252223777,0.06955604632399613,0.07757000252223796,64,0.0003825000021606684,0.07527780129048102,True,0.0080139561982418,0.008013956198241828,-2.7755575615628914e-17,-3.4634049561835976e-15,B,B,False
beijing,Shunyi,artificial,iid_10,24,3,7001,constant,hist_gradient_boosting,858,88,15,0.07397782108390649,0.08151522743453614,0.07399850477759329,0.08149454374084895,64,0.00030059998971410096,0.07884567246450551,True,0.007537406350629647,0.007496038963255666,4.13673873739806e-05,0.005488278785782184,B,B,False
beijing,Shunyi,artificial,iid_10,24,3,7001,logistic,hist_gradient_boosting,858,88,15,0.003029732987811782,0.005337266684397089,0.003212825096350172,0.005154174575858691,64,0.00027540000155568123,0.003567871174024497,True,0.002307533696585307,0.0019413494795085186,0.00036618421707678827,0.158690734448935,B,B,False
beijing,Shunyi,artificial,iid_30,24,3,7001,constant,logistic,858,276,277,-0.03599093995771656,0.08303634517451827,-0.027407167178069732,0.0730660396206042,64,0.0006616999889956787,0.060205224294836344,True,0.11902728513223483,0.10047320679867394,0.01855407833356089,0.15588088321890234,UNRESOLVED,UNRESOLVED,False
beijing,Shunyi,artificial,iid_30,24,3,7001,constant,hist_gradient_boosting,858,276,277,-0.047523189806740175,0.0859272919680569,-0.039782205197922874,0.0760948029513042,64,0.00046270000166259706,0.06341135019684555,True,0.13345048177479707,0.11587700814922708,0.01757347362556999,0.13168535168892023,UNRESOLVED,UNRESOLVED,False
beijing,Shunyi,artificial,iid_30,24,3,7001,logistic,hist_gradient_boosting,858,276,277,-0.03729461852003082,0.02865331546454576,-0.03433183573523228,0.025595877762195674,64,0.00046949999523349106,0.0032061259020092054,True,0.06594793398457657,0.059927713497427954,0.00602022048714862,0.09128747670179609,UNRESOLVED,UNRESOLVED,False
beijing,Shunyi,artificial,blocks_10,24,3,7001,constant,logistic,858,80,155,-0.009848037759079586,0.07567130277429827,-0.007642632475148813,0.07149287268356477,64,0.0003971999976783991,0.07149287268356501,True,0.08551934053337786,0.07913550515871359,0.006383835374664262,0.07464785550085805,UNRESOLVED,UNRESOLVED,False
beijing,Shunyi,artificial,blocks_10,24,3,7001,constant,hist_gradient_boosting,858,80,155,-0.003254634096748648,0.07808278184616273,-0.0016639408255632033,0.07564965706874198,64,0.0003043000033358112,0.07306788265107159,True,0.08133741594291137,0.07731359789430518,0.004023818048606187,0.04947068949707476,UNRESOLVED,UNRESOLVED,False
beijing,Shunyi,artificial,blocks_10,24,3,7001,logistic,hist_gradient_boosting,858,80,155,-0.022816165337471918,0.0318210480716673,-0.020056484464657787,0.028507658829009488,64,0.0002705999941099435,0.0015750099675065632,True,0.05463721340913922,0.048564143293667275,0.006073070115471944,0.11115263273027932,UNRESOLVED,UNRESOLVED,False
beijing,Tiantan,full_station,natural,24,3,6570,constant,logistic,2167,61,36,0.056355178149880246,0.06659664970768615,0.056355178149880565,0.06659664970768644,64,0.0005849000008311123,,,0.010241471557805908,0.01024147155780588,2.7755575615628914e-17,2.7101159690741904e-15,B,B,False
beijing,Tiantan,full_station,natural,24,3,6570,constant,hist_gradient_boosting,2167,61,36,0.017766866035839168,0.029130534834399636,0.01801573257053565,0.028881668299702474,64,0.0004915999888908118,,,0.011363668798560468,0.010865935729166824,0.0004977330693936438,0.04380038508837004,B,B,False
beijing,Tiantan,full_station,natural,24,3,6570,logistic,hist_gradient_boosting,2167,61,36,-0.04049906675302239,-0.03555536023430523,-0.04047389149681747,-0.03558053549050981,64,0.0004817000008188188,,,0.004943706518717159,0.004893356006307657,5.0350512409501336e-05,0.010184769710514041,A,A,False
beijing,Tiantan,fixed_panel,natural,24,3,6570,constant,logistic,145,0,0,-0.007309722297882237,-0.007309722297882237,-0.007309722297882188,-0.007309722297882188,64,0.00020319999021012336,,,0.0,0.0,0.0,0.0,A,A,False
beijing,Tiantan,fixed_panel,natural,24,3,6570,constant,hist_gradient_boosting,145,0,0,-0.10887827990376635,-0.10887827990376635,-0.10887827990376638,-0.10887827990376638,64,0.00012229999992996454,,,0.0,0.0,0.0,0.0,A,A,False
beijing,Tiantan,fixed_panel,natural,24,3,6570,logistic,hist_gradient_boosting,145,0,0,-0.10156855760588414,-0.10156855760588414,-0.10156855760588414,-0.10156855760588414,64,0.00011330000415910035,,,0.0,0.0,0.0,0.0,A,A,False
beijing,Tiantan,fixed_panel,natural,24,3,6738,constant,logistic,145,0,0,0.19696392574635116,0.19696392574635116,0.19696392574635116,0.19696392574635116,64,0.00011670000094454736,,,0.0,0.0,0.0,0.0,B,B,False
beijing,Tiantan,fixed_panel,natural,24,3,6738,constant,hist_gradient_boosting,145,0,0,0.2044887014422922,0.2044887014422922,0.20448870144229223,0.20448870144229223,64,0.00010629999451339245,,,0.0,0.0,0.0,0.0,B,B,False
beijing,Tiantan,fixed_panel,natural,24,3,6738,logistic,hist_gradient_boosting,145,0,0,0.007524775695941086,0.007524775695941086,0.007524775695941086,0.007524775695941086,64,0.00010410000686533749,,,0.0,0.0,0.0,0.0,B,B,False
beijing,Tiantan,fixed_panel,natural,24,3,6906,constant,logistic,145,0,0,-0.02715879943300568,-0.02715879943300568,-0.027158799433005695,-0.027158799433005695,64,0.00010309999925084412,,,0.0,0.0,0.0,0.0,A,A,False
beijing,Tiantan,fixed_panel,natural,24,3,6906,constant,hist_gradient_boosting,145,0,0,-0.13384121066750707,-0.13384121066750707,-0.13384121066750712,-0.13384121066750712,64,9.600000339560211e-05,,,0.0,0.0,0.0,0.0,A,A,False
beijing,Tiantan,fixed_panel,natural,24,3,6906,logistic,hist_gradient_boosting,145,0,0,-0.10668241123450138,-0.10668241123450138,-0.10668241123450144,-0.10668241123450144,64,9.610000415705144e-05,,,0.0,0.0,0.0,0.0,A,A,False
beijing,Tiantan,fixed_panel,natural,24,3,7074,constant,logistic,145,0,0,0.08840804132298764,0.08840804132298764,0.08840804132298755,0.08840804132298755,64,9.689999569673091e-05,,,0.0,0.0,0.0,0.0,B,B,False
beijing,Tiantan,fixed_panel,natural,24,3,7074,constant,hist_gradient_boosting,145,0,0,0.025550722313017922,0.025550722313017922,0.025550722313017873,0.025550722313017873,64,0.00010239999392069876,,,0.0,0.0,0.0,0.0,B,B,False
beijing,Tiantan,fixed_panel,natural,24,3,7074,logistic,hist_gradient_boosting,145,0,0,-0.06285731900996967,-0.06285731900996967,-0.0628573190099697,-0.0628573190099697,64,0.00011380000796634704,,,0.0,0.0,0.0,0.0,A,A,False
beijing,Tiantan,fixed_panel,natural,24,3,7242,constant,logistic,145,0,0,0.00045046156340713484,0.00045046156340713484,0.0004504615634071226,0.0004504615634071226,64,0.00010380000458098948,,,0.0,0.0,0.0,0.0,B,B,False
beijing,Tiantan,fixed_panel,natural,24,3,7242,constant,hist_gradient_boosting,145,0,0,-0.04394024795379325,-0.04394024795379325,-0.04394024795379325,-0.04394024795379325,64,9.750000026542693e-05,,,0.0,0.0,0.0,0.0,A,A,False
beijing,Tiantan,fixed_panel,natural,24,3,7242,logistic,hist_gradient_boosting,145,0,0,-0.04439070951720038,-0.04439070951720038,-0.04439070951720043,-0.04439070951720043,64,9.439999121241271e-05,,,0.0,0.0,0.0,0.0,A,A,False
beijing,Tiantan,fixed_panel,natural,24,3,7410,constant,logistic,145,0,0,0.16509792802147882,0.16509792802147882,0.16509792802147885,0.16509792802147885,64,9.719999798107892e-05,,,0.0,0.0,0.0,0.0,B,B,False
beijing,Tiantan,fixed_panel,natural,24,3,7410,constant,hist_gradient_boosting,145,0,0,0.16986248176762758,0.16986248176762758,0.16986248176762753,0.16986248176762753,64,9.960000170394778e-05,,,0.0,0.0,0.0,0.0,B,B,False
beijing,Tiantan,fixed_panel,natural,24,3,7410,logistic,hist_gradient_boosting,145,0,0,0.004764553746148731,0.004764553746148731,0.004764553746148719,0.004764553746148719,64,9.969998791348189e-05,,,0.0,0.0,0.0,0.0,B,B,False
beijing,Tiantan,fixed_panel,natural,24,3,7578,constant,logistic,145,0,0,0.0374210509461853,0.0374210509461853,0.03742105094618535,0.03742105094618535,64,0.00011020000965800136,,,0.0,0.0,0.0,0.0,B,B,False
beijing,Tiantan,fixed_panel,natural,24,3,7578,constant,hist_gradient_boosting,145,0,0,0.01838502399865493,0.01838502399865493,0.01838502399865498,0.01838502399865498,64,9.699999645818025e-05,,,0.0,0.0,0.0,0.0,B,B,False
beijing,Tiantan,fixed_panel,natural,24,3,7578,logistic,hist_gradient_boosting,145,0,0,-0.019036026947530427,-0.019036026947530427,-0.019036026947530395,-0.019036026947530395,64,0.00010059999476652592,,,0.0,0.0,0.0,0.0,A,A,False
beijing,Tiantan,fixed_panel,natural,24,3,7746,constant,logistic,145,14,0,0.07640442318915565,0.07640442318915565,0.07640442318915559,0.07640442318915559,64,0.00010000000474974513,,,0.0,0.0,0.0,0.0,B,B,False
beijing,Tiantan,fixed_panel,natural,24,3,7746,constant,hist_gradient_boosting,145,14,0,0.004060875832837496,0.004060875832837496,0.004060875832837472,0.004060875832837472,64,9.980000322684646e-05,,,0.0,0.0,0.0,0.0,B,B,False
beijing,Tiantan,fixed_panel,natural,24,3,7746,logistic,hist_gradient_boosting,145,14,0,-0.07234354735631807,-0.07234354735631807,-0.07234354735631802,-0.07234354735631802,64,0.00010400000610388815,,,0.0,0.0,0.0,0.0,A,A,False
beijing,Tiantan,fixed_panel,natural,24,3,7914,constant,logistic,145,6,23,-0.007116142442474035,0.08232617264153119,-0.007116142442474015,0.08232617264153116,64,9.889999637380242e-05,,,0.08944231508400523,0.08944231508400519,4.163336342344337e-17,4.654772563114097e-16,UNRESOLVED,UNRESOLVED,False
beijing,Tiantan,fixed_panel,natural,24,3,7914,constant,hist_gradient_boosting,145,6,23,0.01680758402144177,0.08178950778276521,0.020526851474461944,0.07807024032974501,64,0.00010430000838823617,,,0.06498192376132345,0.05754338885528307,0.007438534906040378,0.11447083243275287,B,B,False
beijing,Tiantan,fixed_panel,natural,24,3,7914,logistic,hist_gradient_boosting,145,6,23,-0.00463217217520454,0.028019233780354345,-0.004255932311786149,0.02764299391693598,64,0.00010600000678095967,,,0.03265140595555888,0.031898926228722126,0.0007524797268367578,0.02304585988918644,UNRESOLVED,UNRESOLVED,False
beijing,Tiantan,fixed_panel,natural,24,3,8082,constant,logistic,145,0,0,0.08104734093270366,0.08104734093270366,0.0810473409327037,0.0810473409327037,64,0.00010070001007989049,,,0.0,0.0,0.0,0.0,B,B,False
beijing,Tiantan,fixed_panel,natural,24,3,8082,constant,hist_gradient_boosting,145,0,0,0.0927867376037167,0.0927867376037167,0.0927867376037167,0.0927867376037167,64,0.00010099999781232327,,,0.0,0.0,0.0,0.0,B,B,False
beijing,Tiantan,fixed_panel,natural,24,3,8082,logistic,hist_gradient_boosting,145,0,0,0.011739396671013022,0.011739396671013022,0.011739396671013022,0.011739396671013022,64,0.00011600001016631722,,,0.0,0.0,0.0,0.0,B,B,False
beijing,Tiantan,fixed_panel,natural,24,3,8250,constant,logistic,145,7,13,0.03482744058747176,0.09844215216391741,0.034827440587471795,0.09844215216391738,64,0.00011899998935405165,,,0.06361471157644566,0.06361471157644559,6.938893903907228e-17,1.090768743888554e-15,B,B,False
beijing,Tiantan,fixed_panel,natural,24,3,8250,constant,hist_gradient_boosting,145,7,13,0.01611879987770835,0.12096494705763011,0.01611879987770835,0.12096494705763017,64,0.00010109999857377261,,,0.10484614717992176,0.10484614717992181,-5.551115123125783e-17,-5.294534203149844e-16,B,B,False
beijing,Tiantan,fixed_panel,natural,24,3,8250,logistic,hist_gradient_boosting,145,7,13,-0.01870864070976336,0.022522794893712755,-0.018708640709763386,0.022522794893712766,64,9.519999730400741e-05,,,0.04123143560347611,0.041231435603476155,-4.163336342344337e-17,-1.0097480918159778e-15,UNRESOLVED,UNRESOLVED,False
beijing,Tiantan,fixed_panel,natural,24,3,8418,constant,logistic,145,18,0,-0.03443839580263694,-0.03443839580263694,-0.034438395802636794,-0.034438395802636794,64,9.869999485090375e-05,,,0.0,0.0,0.0,0.0,A,A,False
beijing,Tiantan,fixed_panel,natural,24,3,8418,constant,hist_gradient_boosting,145,18,0,-0.1508583576741282,-0.1508583576741282,-0.1508583576741281,-0.1508583576741281,64,9.629999112803489e-05,,,0.0,0.0,0.0,0.0,A,A,False
beijing,Tiantan,fixed_panel,natural,24,3,8418,logistic,hist_gradient_boosting,145,18,0,-0.11641996187149121,-0.11641996187149121,-0.11641996187149121,-0.11641996187149121,64,0.00010259999544359744,,,0.0,0.0,0.0,0.0,A,A,False
beijing,Tiantan,fixed_panel,natural,24,3,8586,constant,logistic,145,16,0,0.116895170358952,0.116895170358952,0.1168951703589518,0.1168951703589518,64,0.00010290001227986068,,,0.0,0.0,0.0,0.0,B,B,False
beijing,Tiantan,fixed_panel,natural,24,3,8586,constant,hist_gradient_boosting,145,16,0,0.0999978388312347,0.0999978388312347,0.09999783883123455,0.09999783883123455,64,9.65999934123829e-05,,,0.0,0.0,0.0,0.0,B,B,False
beijing,Tiantan,fixed_panel,natural,24,3,8586,logistic,hist_gradient_boosting,145,16,0,-0.01689733152771728,-0.01689733152771728,-0.016897331527717305,-0.016897331527717305,64,9.649999265093356e-05,,,0.0,0.0,0.0,0.0,A,A,False
beijing,Tiantan,artificial,iid_10,24,3,6570,constant,logistic,1156,122,41,0.060855567888648245,0.0729485114333022,0.06162090380471808,0.07282448798810573,64,0.00041870000131893903,0.07005758965832691,True,0.012092943544653949,0.011203584183387648,0.0008893593612663009,0.07354366271390303,B,B,False
beijing,Tiantan,artificial,iid_10,24,3,6570,constant,hist_gradient_boosting,1156,122,41,0.03946056681698911,0.056820322769765015,0.03973295790579174,0.05659802260187536,64,0.0003223999956389889,0.0462349644523948,True,0.017359755952775904,0.01686506469608362,0.000494691256692284,0.0284964407355727,B,B,False
beijing,Tiantan,artificial,iid_10,24,3,6570,logistic,hist_gradient_boosting,1156,122,41,-0.02393389956918042,-0.013589290166015835,-0.023933899569180395,-0.013589290166015898,64,0.00030059998971410096,-0.023822625205932105,True,0.010344609403164584,0.010344609403164498,8.673617379884035e-17,8.384673641936287e-15,A,A,False
beijing,Tiantan,artificial,iid_30,24,3,6570,constant,logistic,1156,349,256,0.0027091147487302526,0.07861561886964738,0.007788097313926357,0.07400477323715135,64,0.00045279999903868884,0.061199112447828614,True,0.07590650412091712,0.066216675923225,0.009689828197692124,0.1276547814961479,B,B,False
beijing,Tiantan,artificial,iid_30,24,3,6570,constant,hist_gradient_boosting,1156,349,256,-0.0059086632311768595,0.07725407171017903,0.0029069652372329473,0.06807638700025027,64,0.00034159999631810933,0.05115129280796807,True,0.0831627349413559,0.06516942176301732,0.017993313178338577,0.21636269166745145,UNRESOLVED,B,True
beijing,Tiantan,artificial,iid_30,24,3,6570,logistic,hist_gradient_boosting,1156,349,256,-0.02956185038567799,0.019582525246302603,-0.0276612724004656,0.017681947261090115,64,0.000337799996486865,-0.010047819639860544,True,0.0491443756319806,0.04534321966155572,0.00380115597042488,0.07734671407548183,UNRESOLVED,UNRESOLVED,False
beijing,Tiantan,artificial,blocks_10,24,3,6570,constant,logistic,1156,111,79,0.037394608389921834,0.06564684511796116,0.04492653029917075,0.06275123357536609,64,0.00038499999209307134,0.05832098142297753,True,0.02825223672803933,0.01782470327619534,0.010427533451843989,0.36908700547220874,B,B,False
beijing,Tiantan,artificial,blocks_10,24,3,6570,constant,hist_gradient_boosting,1156,111,79,0.020175659290560807,0.04747738646950832,0.02785308809658176,0.0439908479453525,64,0.00030870000773575157,0.0378622020430027,True,0.02730172717894751,0.016137759848770736,0.011163967330176775,0.4089106618421329,B,B,False
beijing,Tiantan,artificial,blocks_10,24,3,6570,logistic,hist_gradient_boosting,1156,111,79,-0.02445966804214783,-0.010928739705665965,-0.024087022564385472,-0.011847151917104214,64,0.00028580000798683614,-0.020458779379974826,True,0.013530928336481866,0.012239870647281258,0.001291057689200608,0.09541530758977412,A,A,False
beijing,Wanliu,full_station,natural,24,3,6570,constant,logistic,2167,32,20,0.05849971990696495,0.062335246903622785,0.05905528878807682,0.06177967802251145,64,0.0005068999889772385,,,0.0038355269966578315,0.002724389234434632,0.0011111377622231994,0.2896962433562358,B,B,False
beijing,Wanliu,full_station,natural,24,3,6570,constant,hist_gradient_boosting,2167,32,20,0.034496299514117625,0.0395916734335302,0.03564724513856891,0.03844072780907882,64,0.000441100011812523,,,0.005095373919412574,0.0027934826705099114,0.0023018912489026627,0.4517610062203323,B,B,False
beijing,Wanliu,full_station,natural,24,3,6570,logistic,hist_gradient_boosting,2167,32,20,-0.024091535381440505,-0.022655458481499517,-0.02340804364950766,-0.023338950213432255,64,0.0004152000037720427,,,0.0014360768999409877,6.909343607540419e-05,0.0013669834638655835,0.9518873703224087,A,A,False
beijing,Wanliu,fixed_panel,natural,24,3,6570,constant,logistic,145,2,0,0.026479131348348763,0.026479131348348763,0.026479131348348714,0.026479131348348714,64,0.00019489999976940453,,,0.0,0.0,0.0,0.0,B,B,False
beijing,Wanliu,fixed_panel,natural,24,3,6570,constant,hist_gradient_boosting,145,2,0,0.03133610765575863,0.03133610765575863,0.03133610765575858,0.03133610765575858,64,0.00012599999899975955,,,0.0,0.0,0.0,0.0,B,B,False
beijing,Wanliu,fixed_panel,natural,24,3,6570,logistic,hist_gradient_boosting,145,2,0,0.004856976307409891,0.004856976307409891,0.004856976307409866,0.004856976307409866,64,0.00010489999840501696,,,0.0,0.0,0.0,0.0,B,B,False
beijing,Wanliu,fixed_panel,natural,24,3,6738,constant,logistic,145,0,0,0.14870530567802068,0.14870530567802068,0.14870530567802076,0.14870530567802076,64,9.389998740516603e-05,,,0.0,0.0,0.0,0.0,B,B,False
beijing,Wanliu,fixed_panel,natural,24,3,6738,constant,hist_gradient_boosting,145,0,0,0.18009917195296346,0.18009917195296346,0.1800991719529634,0.1800991719529634,64,9.169999975711107e-05,,,0.0,0.0,0.0,0.0,B,B,False
beijing,Wanliu,fixed_panel,natural,24,3,6738,logistic,hist_gradient_boosting,145,0,0,0.03139386627494277,0.03139386627494277,0.031393866274942776,0.031393866274942776,64,0.00010350000229664147,,,0.0,0.0,0.0,0.0,B,B,False
beijing,Wanliu,fixed_panel,natural,24,3,6906,constant,logistic,145,2,0,0.0012561235026282702,0.0012561235026282702,0.0012561235026283682,0.0012561235026283682,64,9.529999806545675e-05,,,0.0,0.0,0.0,0.0,B,B,False
beijing,Wanliu,fixed_panel,natural,24,3,6906,constant,hist_gradient_boosting,145,2,0,-0.06393858102446724,-0.06393858102446724,-0.06393858102446721,-0.06393858102446721,64,0.00011619999713730067,,,0.0,0.0,0.0,0.0,A,A,False
beijing,Wanliu,fixed_panel,natural,24,3,6906,logistic,hist_gradient_boosting,145,2,0,-0.06519470452709547,-0.06519470452709547,-0.06519470452709557,-0.06519470452709557,64,9.620000491850078e-05,,,0.0,0.0,0.0,0.0,A,A,False
beijing,Wanliu,fixed_panel,natural,24,3,7074,constant,logistic,145,0,0,0.10420221099291736,0.10420221099291736,0.1042022109929174,0.1042022109929174,64,9.980000322684646e-05,,,0.0,0.0,0.0,0.0,B,B,False
beijing,Wanliu,fixed_panel,natural,24,3,7074,constant,hist_gradient_boosting,145,0,0,0.13029371526636646,0.13029371526636646,0.13029371526636646,0.13029371526636646,64,9.729999874252826e-05,,,0.0,0.0,0.0,0.0,B,B,False
beijing,Wanliu,fixed_panel,natural,24,3,7074,logistic,hist_gradient_boosting,145,0,0,0.02609150427344912,0.02609150427344912,0.02609150427344912,0.02609150427344912,64,8.519999391864985e-05,,,0.0,0.0,0.0,0.0,B,B,False
beijing,Wanliu,fixed_panel,natural,24,3,7242,constant,logistic,145,0,0,0.03365750950089071,0.03365750950089071,0.033657509500890664,0.033657509500890664,64,8.460000390186906e-05,,,0.0,0.0,0.0,0.0,B,B,False
beijing,Wanliu,fixed_panel,natural,24,3,7242,constant,hist_gradient_boosting,145,0,0,-0.038280721978221875,-0.038280721978221875,-0.03828072197822187,-0.03828072197822187,64,8.260000322479755e-05,,,0.0,0.0,0.0,0.0,A,A,False
beijing,Wanliu,fixed_panel,natural,24,3,7242,logistic,hist_gradient_boosting,145,0,0,-0.07193823147911253,-0.07193823147911253,-0.07193823147911253,-0.07193823147911253,64,8.3099992480129e-05,,,0.0,0.0,0.0,0.0,A,A,False
beijing,Wanliu,fixed_panel,natural,24,3,7410,constant,logistic,145,0,0,0.11211899781204575,0.11211899781204575,0.11211899781204575,0.11211899781204575,64,8.880000677891076e-05,,,0.0,0.0,0.0,0.0,B,B,False
beijing,Wanliu,fixed_panel,natural,24,3,7410,constant,hist_gradient_boosting,145,0,0,0.09486524264702702,0.09486524264702702,0.09486524264702711,0.09486524264702711,64,8.689999231137335e-05,,,0.0,0.0,0.0,0.0,B,B,False
beijing,Wanliu,fixed_panel,natural,24,3,7410,logistic,hist_gradient_boosting,145,0,0,-0.017253755165018734,-0.017253755165018734,-0.017253755165018727,-0.017253755165018727,64,9.99999901978299e-05,,,0.0,0.0,0.0,0.0,A,A,False
beijing,Wanliu,fixed_panel,natural,24,3,7578,constant,logistic,145,2,0,0.057812452850270084,0.057812452850270084,0.05781245285027033,0.05781245285027033,64,8.589999924879521e-05,,,0.0,0.0,0.0,0.0,B,B,False
beijing,Wanliu,fixed_panel,natural,24,3,7578,constant,hist_gradient_boosting,145,2,0,0.037328662920975045,0.037328662920975045,0.03732866292097509,0.03732866292097509,64,9.210000280290842e-05,,,0.0,0.0,0.0,0.0,B,B,False
beijing,Wanliu,fixed_panel,natural,24,3,7578,logistic,hist_gradient_boosting,145,2,0,-0.02048378992929499,-0.02048378992929499,-0.02048378992929504,-0.02048378992929504,64,9.719999798107892e-05,,,0.0,0.0,0.0,0.0,A,A,False
beijing,Wanliu,fixed_panel,natural,24,3,7746,constant,logistic,145,1,0,0.07195662638972511,0.07195662638972511,0.0719566263897252,0.0719566263897252,64,9.760000102687627e-05,,,0.0,0.0,0.0,0.0,B,B,False
beijing,Wanliu,fixed_panel,natural,24,3,7746,constant,hist_gradient_boosting,145,1,0,-0.016854684143078717,-0.016854684143078717,-0.01685468414307875,-0.01685468414307875,64,8.969999908003956e-05,,,0.0,0.0,0.0,0.0,A,A,False
beijing,Wanliu,fixed_panel,natural,24,3,7746,logistic,hist_gradient_boosting,145,1,0,-0.08881131053280392,-0.08881131053280392,-0.08881131053280392,-0.08881131053280392,64,9.780000254977494e-05,,,0.0,0.0,0.0,0.0,A,A,False
beijing,Wanliu,fixed_panel,natural,24,3,7914,constant,logistic,145,5,20,-0.05149037723794684,0.005830912429346397,-0.04318749609747166,-0.002471968711128772,64,9.580000187270343e-05,,,0.05732128966729324,0.04071552738634289,0.01660576228095035,0.2896962433562512,UNRESOLVED,A,True
beijing,Wanliu,fixed_panel,natural,24,3,7914,constant,hist_gradient_boosting,145,5,20,-0.06770393697332017,0.008445547739555878,-0.05050325305479634,-0.008755136178967969,64,9.380000119563192e-05,,,0.07614948471287604,0.04174811687582837,0.03440136783704767,0.4517610062203189,UNRESOLVED,A,True
beijing,Wanliu,fixed_panel,natural,24,3,7914,logistic,hist_gradient_boosting,145,5,20,-0.01753042304765806,0.003931498622494273,-0.007315756957324621,-0.00628316746783918,64,8.75000114319846e-05,,,0.021461921670152335,0.0010325894894854413,0.020429332180666893,0.9518873703224119,UNRESOLVED,A,True
beijing,Wanliu,fixed_panel,natural,24,3,8082,constant,logistic,145,0,0,0.08353436716920767,0.08353436716920767,0.08353436716920767,0.08353436716920767,64,9.610000415705144e-05,,,0.0,0.0,0.0,0.0,B,B,False
beijing,Wanliu,fixed_panel,natural,24,3,8082,constant,hist_gradient_boosting,145,0,0,0.07827758949979476,0.07827758949979476,0.07827758949979462,0.07827758949979462,64,0.00022570000146515667,,,0.0,0.0,0.0,0.0,B,B,False
beijing,Wanliu,fixed_panel,natural,24,3,8082,logistic,hist_gradient_boosting,145,0,0,-0.005256777669412948,-0.005256777669412948,-0.005256777669412951,-0.005256777669412951,64,0.00033239999902434647,,,0.0,0.0,0.0,0.0,A,A,False
beijing,Wanliu,fixed_panel,natural,24,3,8250,constant,logistic,145,3,0,0.08863647213991002,0.08863647213991002,0.08863647213991008,0.08863647213991008,64,0.00023949999012984335,,,0.0,0.0,0.0,0.0,B,B,False
beijing,Wanliu,fixed_panel,natural,24,3,8250,constant,hist_gradient_boosting,145,3,0,0.09650220591022914,0.09650220591022914,0.09650220591022911,0.09650220591022911,64,0.00014400000509340316,,,0.0,0.0,0.0,0.0,B,B,False
beijing,Wanliu,fixed_panel,natural,24,3,8250,logistic,hist_gradient_boosting,145,3,0,0.007865733770319126,0.007865733770319126,0.00786573377031915,0.00786573377031915,64,9.050000517163426e-05,,,0.0,0.0,0.0,0.0,B,B,False
beijing,Wanliu,fixed_panel,natural,24,3,8418,constant,logistic,145,2,0,-0.04219013826652155,-0.04219013826652155,-0.0421901382665215,-0.0421901382665215,64,9.089999366551638e-05,,,0.0,0.0,0.0,0.0,A,A,False
beijing,Wanliu,fixed_panel,natural,24,3,8418,constant,hist_gradient_boosting,145,2,0,-0.1553084361533292,-0.1553084361533292,-0.15530843615332937,-0.15530843615332937,64,8.620000153314322e-05,,,0.0,0.0,0.0,0.0,A,A,False
beijing,Wanliu,fixed_panel,natural,24,3,8418,logistic,hist_gradient_boosting,145,2,0,-0.1131182978868076,-0.1131182978868076,-0.11311829788680756,-0.11311829788680756,64,0.00010520000068936497,,,0.0,0.0,0.0,0.0,A,A,False
beijing,Wanliu,fixed_panel,natural,24,3,8586,constant,logistic,145,15,0,0.08059558663142247,0.08059558663142247,0.08059558663142272,0.08059558663142272,64,9.109999518841505e-05,,,0.0,0.0,0.0,0.0,B,B,False
beijing,Wanliu,fixed_panel,natural,24,3,8586,constant,hist_gradient_boosting,145,15,0,0.053225802842220366,0.053225802842220366,0.053225802842220116,0.053225802842220116,64,8.660000457894057e-05,,,0.0,0.0,0.0,0.0,B,B,False
beijing,Wanliu,fixed_panel,natural,24,3,8586,logistic,hist_gradient_boosting,145,15,0,-0.0273697837892021,-0.0273697837892021,-0.0273697837892021,-0.0273697837892021,64,8.960001287050545e-05,,,0.0,0.0,0.0,0.0,A,A,False
beijing,Wanliu,artificial,iid_10,24,3,7021,constant,logistic,675,77,33,0.05821932186279616,0.08207182681530277,0.05830449651430799,0.08198665216379095,64,0.00032419999479316175,0.08198008372950921,True,0.023852504952506612,0.023682155649482957,0.00017034930302365497,0.007141778331577427,B,B,False
beijing,Wanliu,artificial,iid_10,24,3,7021,constant,hist_gradient_boosting,675,77,33,0.019868171016709988,0.06728425166528662,0.01987065156600059,0.06728177111599606,64,0.0002454000059515238,0.06563380294495598,True,0.047416080648576636,0.047411119549995474,4.961098581161838e-06,0.0001046290311915682,B,B,False
beijing,Wanliu,artificial,iid_10,24,3,7021,logistic,hist_gradient_boosting,675,77,33,-0.04094279644444422,-0.012195929551658167,-0.04094267297808981,-0.012196053018012305,64,0.0002297000028192997,-0.016346280784553212,True,0.028746866892786056,0.028746619960077505,2.469327085516393e-07,8.589899882745355e-06,A,A,False
beijing,Wanliu,artificial,iid_30,24,3,7021,constant,logistic,675,210,170,-0.011293558328532703,0.08318047435877407,-0.00305606338077879,0.07846997132969318,64,0.00038919999497011304,0.07462140248180406,True,0.09447403268730678,0.08152603471047197,0.01294799797683481,0.13705351204484426,UNRESOLVED,UNRESOLVED,False
beijing,Wanliu,artificial,iid_30,24,3,7021,constant,hist_gradient_boosting,675,210,170,-0.053854711050613895,0.08154543977898915,-0.04863716632330085,0.07816225195449615,64,0.00024380000832024962,0.07055318308254464,True,0.13540015082960305,0.126799418277797,0.008600732551806045,0.06352084912098661,UNRESOLVED,UNRESOLVED,False
beijing,Wanliu,artificial,iid_30,24,3,7021,logistic,hist_gradient_boosting,675,210,170,-0.07045836115273295,0.026262173850866728,-0.0682192018264859,0.02465461285419984,64,0.00022610000451095402,-0.0040682193992594125,True,0.09672053500359967,0.09287381468068574,0.0038467203229139296,0.03977149550269511,UNRESOLVED,UNRESOLVED,False
beijing,Wanliu,artificial,blocks_10,24,3,7021,constant,logistic,675,61,22,0.07147836726205137,0.0815031698189099,0.07334235381619704,0.07963918326476434,64,0.00032869999995455146,0.07726569171863705,True,0.01002480255685853,0.006296829448567298,0.0037279731082912326,0.37187496583069524,B,B,False
beijing,Wanliu,artificial,blocks_10,24,3,7021,constant,hist_gradient_boosting,675,61,22,0.05465482435207737,0.06658325133874318,0.05733912049805326,0.06317826490737001,64,0.0002463999990141019,0.06317826490737023,True,0.01192842698666581,0.005839144409316752,0.006089282577349059,0.5104849603519359,B,B,False
beijing,Wanliu,artificial,blocks_10,24,3,7021,logistic,hist_gradient_boosting,675,61,22,-0.017982106040439136,-0.01376135534970155,-0.01765603457887379,-0.014087426811266707,64,0.0002032000047620386,-0.01408742681126681,True,0.004220750690737586,0.0035686077676070835,0.0006521429231305022,0.15450875233204991,A,A,False
beijing,Wanshouxigong,full_station,natural,24,3,6570,constant,logistic,2167,65,27,0.06093975289642038,0.06672682349929485,0.061037372094656726,0.06662920430105834,64,0.0005633999971905723,,,0.005787070602874464,0.005591832206401616,0.00019523839647284796,0.03373699922995102,B,B,False
beijing,Wanshouxigong,full_station,natural,24,3,6570,constant,hist_gradient_boosting,2167,65,27,0.028273776793332917,0.03320793988692114,0.028962221670096017,0.03251949501015796,64,0.0004532000020844862,,,0.004934163093588222,0.0035572733400619436,0.0013768897535262788,0.2790523392539457,B,B,False
beijing,Wanshouxigong,full_station,natural,24,3,6570,logistic,hist_gradient_boosting,2167,65,27,-0.034413856072776715,-0.03177100364268451,-0.034109709290900576,-0.03207515042456081,64,0.0004470999992918223,,,0.002642852430092206,0.0020345588663397696,0.0006082935637524364,0.2301655426637702,A,A,False
beijing,Wanshouxigong,fixed_panel,natural,24,3,6570,constant,logistic,145,1,0,0.030068469305047123,0.030068469305047123,0.030068469305046926,0.030068469305046926,64,0.00018020000425167382,,,0.0,0.0,0.0,0.0,B,B,False
beijing,Wanshouxigong,fixed_panel,natural,24,3,6570,constant,hist_gradient_boosting,145,1,0,-0.05495674529811089,-0.05495674529811089,-0.054956745298110905,-0.054956745298110905,64,0.00012059998698532581,,,0.0,0.0,0.0,0.0,A,A,False
beijing,Wanshouxigong,fixed_panel,natural,24,3,6570,logistic,hist_gradient_boosting,145,1,0,-0.085025214603158,-0.085025214603158,-0.08502521460315796,-0.08502521460315796,64,0.00012310000602155924,,,0.0,0.0,0.0,0.0,A,A,False
beijing,Wanshouxigong,fixed_panel,natural,24,3,6738,constant,logistic,145,0,0,0.13938818616526516,0.13938818616526516,0.13938818616526516,0.13938818616526516,64,0.00010930000280495733,,,0.0,0.0,0.0,0.0,B,B,False
beijing,Wanshouxigong,fixed_panel,natural,24,3,6738,constant,hist_gradient_boosting,145,0,0,0.22174790794610366,0.22174790794610366,0.22174790794610372,0.22174790794610372,64,0.00010729998757597059,,,0.0,0.0,0.0,0.0,B,B,False
beijing,Wanshouxigong,fixed_panel,natural,24,3,6738,logistic,hist_gradient_boosting,145,0,0,0.08235972178083847,0.08235972178083847,0.08235972178083847,0.08235972178083847,64,9.819999104365706e-05,,,0.0,0.0,0.0,0.0,B,B,False
beijing,Wanshouxigong,fixed_panel,natural,24,3,6906,constant,logistic,145,0,0,-0.0026831131488770678,-0.0026831131488770678,-0.0026831131488771415,-0.0026831131488771415,64,9.469999349676073e-05,,,0.0,0.0,0.0,0.0,A,A,False
beijing,Wanshouxigong,fixed_panel,natural,24,3,6906,constant,hist_gradient_boosting,145,0,0,-0.09532404856086554,-0.09532404856086554,-0.09532404856086556,-0.09532404856086556,64,9.130001126322895e-05,,,0.0,0.0,0.0,0.0,A,A,False
beijing,Wanshouxigong,fixed_panel,natural,24,3,6906,logistic,hist_gradient_boosting,145,0,0,-0.09264093541198846,-0.09264093541198846,-0.09264093541198842,-0.09264093541198842,64,9.380000119563192e-05,,,0.0,0.0,0.0,0.0,A,A,False
beijing,Wanshouxigong,fixed_panel,natural,24,3,7074,constant,logistic,145,0,0,0.09122922640611442,0.09122922640611442,0.09122922640611437,0.09122922640611437,64,9.139999747276306e-05,,,0.0,0.0,0.0,0.0,B,B,False
beijing,Wanshouxigong,fixed_panel,natural,24,3,7074,constant,hist_gradient_boosting,145,0,0,0.042333146205238356,0.042333146205238356,0.04233314620523821,0.04233314620523821,64,9.289999434258789e-05,,,0.0,0.0,0.0,0.0,B,B,False
beijing,Wanshouxigong,fixed_panel,natural,24,3,7074,logistic,hist_gradient_boosting,145,0,0,-0.04889608020087609,-0.04889608020087609,-0.048896080200876116,-0.048896080200876116,64,9.310001041740179e-05,,,0.0,0.0,0.0,0.0,A,A,False
beijing,Wanshouxigong,fixed_panel,natural,24,3,7242,constant,logistic,145,0,0,0.028257272702941878,0.028257272702941878,0.028257272702941805,0.028257272702941805,64,9.690001024864614e-05,,,0.0,0.0,0.0,0.0,B,B,False
beijing,Wanshouxigong,fixed_panel,natural,24,3,7242,constant,hist_gradient_boosting,145,0,0,-0.031196837483802097,-0.031196837483802097,-0.031196837483802035,-0.031196837483802035,64,8.969999908003956e-05,,,0.0,0.0,0.0,0.0,A,A,False
beijing,Wanshouxigong,fixed_panel,natural,24,3,7242,logistic,hist_gradient_boosting,145,0,0,-0.05945411018674401,-0.05945411018674401,-0.05945411018674396,-0.05945411018674396,64,9.299999510403723e-05,,,0.0,0.0,0.0,0.0,A,A,False
beijing,Wanshouxigong,fixed_panel,natural,24,3,7410,constant,logistic,145,0,0,0.07330600790338024,0.07330600790338024,0.07330600790338027,0.07330600790338027,64,0.00011439999798312783,,,0.0,0.0,0.0,0.0,B,B,False
beijing,Wanshouxigong,fixed_panel,natural,24,3,7410,constant,hist_gradient_boosting,145,0,0,0.06090200459242166,0.06090200459242166,0.06090200459242171,0.06090200459242171,64,9.470000804867595e-05,,,0.0,0.0,0.0,0.0,B,B,False
beijing,Wanshouxigong,fixed_panel,natural,24,3,7410,logistic,hist_gradient_boosting,145,0,0,-0.012404003310958575,-0.012404003310958575,-0.01240400331095858,-0.01240400331095858,64,9.380000119563192e-05,,,0.0,0.0,0.0,0.0,A,A,False
beijing,Wanshouxigong,fixed_panel,natural,24,3,7578,constant,logistic,145,4,0,0.057709793907651505,0.057709793907651505,0.05770979390765166,0.05770979390765166,64,9.299999510403723e-05,,,0.0,0.0,0.0,0.0,B,B,False
beijing,Wanshouxigong,fixed_panel,natural,24,3,7578,constant,hist_gradient_boosting,145,4,0,0.04356497323331918,0.04356497323331918,0.043564973233319426,0.043564973233319426,64,9.459999273531139e-05,,,0.0,0.0,0.0,0.0,B,B,False
beijing,Wanshouxigong,fixed_panel,natural,24,3,7578,logistic,hist_gradient_boosting,145,4,0,-0.014144820674332361,-0.014144820674332361,-0.014144820674332337,-0.014144820674332337,64,9.649999265093356e-05,,,0.0,0.0,0.0,0.0,A,A,False
beijing,Wanshouxigong,fixed_panel,natural,24,3,7746,constant,logistic,145,16,0,0.08184996844130234,0.08184996844130234,0.08184996844130238,0.08184996844130238,64,9.23000043258071e-05,,,0.0,0.0,0.0,0.0,B,B,False
beijing,Wanshouxigong,fixed_panel,natural,24,3,7746,constant,hist_gradient_boosting,145,16,0,-0.0020922043063636517,-0.0020922043063636517,-0.0020922043063636704,-0.0020922043063636704,64,9.719999798107892e-05,,,0.0,0.0,0.0,0.0,A,A,False
beijing,Wanshouxigong,fixed_panel,natural,24,3,7746,logistic,hist_gradient_boosting,145,16,0,-0.08394217274766598,-0.08394217274766598,-0.08394217274766604,-0.08394217274766604,64,9.40999889280647e-05,,,0.0,0.0,0.0,0.0,A,A,False
beijing,Wanshouxigong,fixed_panel,natural,24,3,7914,constant,logistic,145,6,23,0.010396492159686195,0.08016527297813351,0.011855394246432149,0.07870637089138753,64,9.349999891128391e-05,,,0.06976878081844731,0.06685097664495539,0.0029178041734919252,0.04182105720156771,B,B,False
beijing,Wanshouxigong,fixed_panel,natural,24,3,7914,constant,hist_gradient_boosting,145,6,23,0.029116228643512897,0.08866277668007855,0.039404918629345344,0.07837408669424609,64,8.730000990908593e-05,,,0.05954654803656565,0.03896916806490074,0.020577379971664908,0.34556797413393286,B,B,False
beijing,Wanshouxigong,fixed_panel,natural,24,3,7914,logistic,hist_gradient_boosting,145,6,23,-0.004877705413181053,0.03209494559895273,-0.00033228419714146517,0.027549524382913165,64,9.139999747276306e-05,,,0.03697265101213378,0.02788180858005463,0.009090842432079152,0.24588018936201506,UNRESOLVED,UNRESOLVED,False
beijing,Wanshouxigong,fixed_panel,natural,24,3,8082,constant,logistic,145,1,0,0.08729787952145748,0.08729787952145748,0.08729787952145748,0.08729787952145748,64,8.830000297166407e-05,,,0.0,0.0,0.0,0.0,B,B,False
beijing,Wanshouxigong,fixed_panel,natural,24,3,8082,constant,hist_gradient_boosting,145,1,0,0.07750894115533705,0.07750894115533705,0.07750894115533691,0.07750894115533691,64,8.610000077169389e-05,,,0.0,0.0,0.0,0.0,B,B,False
beijing,Wanshouxigong,fixed_panel,natural,24,3,8082,logistic,hist_gradient_boosting,145,1,0,-0.009788938366120445,-0.009788938366120445,-0.009788938366120447,-0.009788938366120447,64,9.109999518841505e-05,,,0.0,0.0,0.0,0.0,A,A,False
beijing,Wanshouxigong,fixed_panel,natural,24,3,8250,constant,logistic,145,2,0,0.08803655462266936,0.08803655462266936,0.08803655462266936,0.08803655462266936,64,8.840000373311341e-05,,,0.0,0.0,0.0,0.0,B,B,False
beijing,Wanshouxigong,fixed_panel,natural,24,3,8250,constant,hist_gradient_boosting,145,2,0,0.09796645284383625,0.09796645284383625,0.09796645284383629,0.09796645284383629,64,8.710000838618726e-05,,,0.0,0.0,0.0,0.0,B,B,False
beijing,Wanshouxigong,fixed_panel,natural,24,3,8250,logistic,hist_gradient_boosting,145,2,0,0.009929898221166876,0.009929898221166876,0.009929898221166852,0.009929898221166852,64,8.610000077169389e-05,,,0.0,0.0,0.0,0.0,B,B,False
beijing,Wanshouxigong,fixed_panel,natural,24,3,8418,constant,logistic,145,18,0,-0.008913882646786797,-0.008913882646786797,-0.00891388264678692,-0.00891388264678692,64,9.000000136438757e-05,,,0.0,0.0,0.0,0.0,A,A,False
beijing,Wanshouxigong,fixed_panel,natural,24,3,8418,constant,hist_gradient_boosting,145,18,0,-0.13861380830982803,-0.13861380830982803,-0.13861380830982803,-0.13861380830982803,64,8.950001210905612e-05,,,0.0,0.0,0.0,0.0,A,A,False
beijing,Wanshouxigong,fixed_panel,natural,24,3,8418,logistic,hist_gradient_boosting,145,18,0,-0.12969992566304123,-0.12969992566304123,-0.12969992566304137,-0.12969992566304137,64,9.279999358113855e-05,,,0.0,0.0,0.0,0.0,A,A,False
beijing,Wanshouxigong,fixed_panel,natural,24,3,8586,constant,logistic,145,17,0,0.10706354106078067,0.10706354106078067,0.10706354106078057,0.10706354106078057,64,8.72999953571707e-05,,,0.0,0.0,0.0,0.0,B,B,False
beijing,Wanshouxigong,fixed_panel,natural,24,3,8586,constant,hist_gradient_boosting,145,17,0,0.08221898223164405,0.08221898223164405,0.08221898223164395,0.08221898223164395,64,9.810000483412296e-05,,,0.0,0.0,0.0,0.0,B,B,False
beijing,Wanshouxigong,fixed_panel,natural,24,3,8586,logistic,hist_gradient_boosting,145,17,0,-0.02484455882913669,-0.02484455882913669,-0.024844558829136738,-0.024844558829136738,64,8.740001067053527e-05,,,0.0,0.0,0.0,0.0,A,A,False
beijing,Wanshouxigong,artificial,iid_10,24,3,6710,constant,logistic,934,84,13,0.06768332626561006,0.07436765805989441,0.06768332626560988,0.07383151608472917,64,0.0008828999998513609,0.06880904935140407,True,0.006684331794284348,0.006148189819119285,0.0005361419751650637,0.08020876157337208,B,B,False
beijing,Wanshouxigong,artificial,iid_10,24,3,6710,constant,hist_gradient_boosting,934,84,13,0.0519930294615601,0.06054361284349181,0.05205327901590607,0.06048336328914563,64,0.00028360000578686595,0.05262165812003134,True,0.008550583381931709,0.00843008427323956,0.00012049910869214864,0.01409250144812061,B,B,False
beijing,Wanshouxigong,artificial,iid_10,24,3,6710,logistic,hist_gradient_boosting,934,84,13,-0.01664460445153458,-0.012869737568918058,-0.01664460445153455,-0.012869737568918042,64,0.0004574000049615279,-0.016187391231372722,True,0.0037748668826165233,0.0037748668826165076,1.5612511283791264e-17,4.135910422613249e-15,A,A,False
beijing,Wanshouxigong,artificial,iid_30,24,3,6710,constant,logistic,934,283,220,-0.021405110824720266,0.06659451391358333,-0.01638895489626823,0.062200776979465744,64,0.00039790000300854445,0.04936327311310769,True,0.0879996247383036,0.07858973187573398,0.009409892862569616,0.106931056701129,UNRESOLVED,UNRESOLVED,False
beijing,Wanshouxigong,artificial,iid_30,24,3,6710,constant,hist_gradient_boosting,934,283,220,-0.018506329798696847,0.08197709979524048,-0.009093496376188809,0.070127218089588,64,0.0003628999984357506,0.05003880577952073,True,0.10048342959393733,0.0792207144657768,0.021262715128160525,0.21160419398586502,UNRESOLVED,UNRESOLVED,False
beijing,Wanshouxigong,artificial,iid_30,24,3,6710,logistic,hist_gradient_boosting,934,283,220,-0.029686753329660878,0.047968120237341524,-0.0274004070191132,0.04515279957227249,64,0.0006881000008434057,0.0006755326664130304,True,0.0776548735670024,0.07255320659138569,0.005101666975616717,0.06569667480322251,UNRESOLVED,UNRESOLVED,False
beijing,Wanshouxigong,artificial,blocks_10,24,3,6710,constant,logistic,934,89,102,0.016076675370979888,0.0643320952601503,0.017454347621049627,0.05753490352698904,64,0.0005762000073445961,0.05633815099948976,True,0.04825541988917041,0.04008055590593941,0.008174863983231001,0.16940820330662218,B,B,False
beijing,Wanshouxigong,artificial,blocks_10,24,3,6710,constant,hist_gradient_boosting,934,89,102,-0.003188544527696893,0.045214757329944635,-0.0031341523132457066,0.04205466687816139,64,0.0006223999953363091,0.039244686942319536,True,0.04840330185764153,0.0451888191914071,0.0032144826662344334,0.06641040058978862,UNRESOLVED,UNRESOLVED,False
beijing,Wanshouxigong,artificial,blocks_10,24,3,6710,logistic,hist_gradient_boosting,934,89,102,-0.032788216448383256,-0.005594341380499252,-0.02716412959456788,-0.010026260135589535,64,0.000378700002329424,-0.017093464057170226,True,0.027193875067884003,0.017137869458978345,0.010056005608905658,0.3697893582213964,A,A,False
beijing,Aotizhongxin,full_station,natural,72,3,6570,constant,logistic,2119,27,0,0.002787870332765158,0.002787870332765158,0.0027878703327651176,0.0027878703327651176,208,0.0016872999985935166,,,0.0,0.0,0.0,0.0,B,B,False
beijing,Aotizhongxin,full_station,natural,72,3,6570,constant,hist_gradient_boosting,2119,27,0,-0.018762436769553095,-0.018762436769553095,-0.018762436769553095,-0.018762436769553095,208,0.000756499997805804,,,0.0,0.0,0.0,0.0,A,A,False
beijing,Aotizhongxin,full_station,natural,72,3,6570,logistic,hist_gradient_boosting,2119,27,0,-0.021550307102318263,-0.021550307102318263,-0.021550307102318162,-0.021550307102318162,208,0.000984499987680465,,,0.0,0.0,0.0,0.0,A,A,False
beijing,Aotizhongxin,fixed_panel,natural,72,3,6570,constant,logistic,97,0,0,0.0019358285271249436,0.0019358285271249436,0.0019358285271249619,0.0019358285271249619,208,0.0002145999897038564,,,0.0,0.0,0.0,0.0,B,B,False
beijing,Aotizhongxin,fixed_panel,natural,72,3,6570,constant,hist_gradient_boosting,97,0,0,-0.04997102259071205,-0.04997102259071205,-0.04997102259071205,-0.04997102259071205,208,0.00011419999646022916,,,0.0,0.0,0.0,0.0,A,A,False
beijing,Aotizhongxin,fixed_panel,natural,72,3,6570,logistic,hist_gradient_boosting,97,0,0,-0.05190685111783701,-0.05190685111783701,-0.05190685111783704,-0.05190685111783704,208,0.00010069999552797526,,,0.0,0.0,0.0,0.0,A,A,False
beijing,Aotizhongxin,fixed_panel,natural,72,3,6738,constant,logistic,97,0,0,0.055032012795745364,0.055032012795745364,0.055032012795745364,0.055032012795745364,208,9.699999645818025e-05,,,0.0,0.0,0.0,0.0,B,B,False
beijing,Aotizhongxin,fixed_panel,natural,72,3,6738,constant,hist_gradient_boosting,97,0,0,-0.03936889821352596,-0.03936889821352596,-0.039368898213525946,-0.039368898213525946,208,9.390000195708126e-05,,,0.0,0.0,0.0,0.0,A,A,False
beijing,Aotizhongxin,fixed_panel,natural,72,3,6738,logistic,hist_gradient_boosting,97,0,0,-0.09440091100927132,-0.09440091100927132,-0.09440091100927132,-0.09440091100927132,208,9.14999982342124e-05,,,0.0,0.0,0.0,0.0,A,A,False
beijing,Aotizhongxin,fixed_panel,natural,72,3,6906,constant,logistic,97,1,0,0.0029678553451091753,0.0029678553451091753,0.0029678553451091385,0.0029678553451091385,208,9.73999995039776e-05,,,0.0,0.0,0.0,0.0,B,B,False
beijing,Aotizhongxin,fixed_panel,natural,72,3,6906,constant,hist_gradient_boosting,97,1,0,-0.007836369818614745,-0.007836369818614745,-0.007836369818614776,-0.007836369818614776,208,9.010000212583691e-05,,,0.0,0.0,0.0,0.0,A,A,False
beijing,Aotizhongxin,fixed_panel,natural,72,3,6906,logistic,hist_gradient_boosting,97,1,0,-0.010804225163723919,-0.010804225163723919,-0.010804225163723919,-0.010804225163723919,208,8.949999755714089e-05,,,0.0,0.0,0.0,0.0,A,A,False
beijing,Aotizhongxin,fixed_panel,natural,72,3,7074,constant,logistic,97,0,0,0.003497835655397273,0.003497835655397273,0.003497835655397254,0.003497835655397254,208,8.910000906325877e-05,,,0.0,0.0,0.0,0.0,B,B,False
beijing,Aotizhongxin,fixed_panel,natural,72,3,7074,constant,hist_gradient_boosting,97,0,0,0.003549814970815361,0.003549814970815361,0.003549814970815379,0.003549814970815379,208,8.81000014487654e-05,,,0.0,0.0,0.0,0.0,B,B,False
beijing,Aotizhongxin,fixed_panel,natural,72,3,7074,logistic,hist_gradient_boosting,97,0,0,5.1979315418092955e-05,5.1979315418092955e-05,5.1979315418092955e-05,5.1979315418092955e-05,208,8.680000610183924e-05,,,0.0,0.0,0.0,0.0,B,B,False
beijing,Aotizhongxin,fixed_panel,natural,72,3,7242,constant,logistic,97,0,0,0.0023173248347919087,0.0023173248347919087,0.0023173248347918905,0.0023173248347918905,208,8.789999992586672e-05,,,0.0,0.0,0.0,0.0,B,B,False
beijing,Aotizhongxin,fixed_panel,natural,72,3,7242,constant,hist_gradient_boosting,97,0,0,-0.0027273712263821653,-0.0027273712263821653,-0.0027273712263822017,-0.0027273712263822017,208,8.690000686328858e-05,,,0.0,0.0,0.0,0.0,A,A,False
beijing,Aotizhongxin,fixed_panel,natural,72,3,7242,logistic,hist_gradient_boosting,97,0,0,-0.00504469606117407,-0.00504469606117407,-0.005044696061174088,-0.005044696061174088,208,8.560001151636243e-05,,,0.0,0.0,0.0,0.0,A,A,False
beijing,Aotizhongxin,fixed_panel,natural,72,3,7410,constant,logistic,97,0,0,0.00032345274153703236,0.00032345274153703236,0.0003234527415370507,0.0003234527415370507,208,8.709999383427203e-05,,,0.0,0.0,0.0,0.0,B,B,False
beijing,Aotizhongxin,fixed_panel,natural,72,3,7410,constant,hist_gradient_boosting,97,0,0,0.00223693042007589,0.00223693042007589,0.0022369304200758533,0.0022369304200758533,208,0.00011219999578315765,,,0.0,0.0,0.0,0.0,B,B,False
beijing,Aotizhongxin,fixed_panel,natural,72,3,7410,logistic,hist_gradient_boosting,97,0,0,0.0019134776785388588,0.0019134776785388588,0.0019134776785388588,0.0019134776785388588,208,0.0002351000002818182,,,0.0,0.0,0.0,0.0,B,B,False
beijing,Aotizhongxin,fixed_panel,natural,72,3,7578,constant,logistic,97,0,0,0.00300806735086549,0.00300806735086549,0.003008067350865499,0.003008067350865499,208,0.000149500003317371,,,0.0,0.0,0.0,0.0,B,B,False
beijing,Aotizhongxin,fixed_panel,natural,72,3,7578,constant,hist_gradient_boosting,97,0,0,0.0015123062129894472,0.0015123062129894472,0.0015123062129894565,0.0015123062129894565,208,0.00011320000339765102,,,0.0,0.0,0.0,0.0,B,B,False
beijing,Aotizhongxin,fixed_panel,natural,72,3,7578,logistic,hist_gradient_boosting,97,0,0,-0.0014957611378760562,-0.0014957611378760562,-0.0014957611378760471,-0.0014957611378760471,208,0.0001007999962894246,,,0.0,0.0,0.0,0.0,A,A,False
beijing,Aotizhongxin,fixed_panel,natural,72,3,7746,constant,logistic,97,1,0,-0.007778206756191955,-0.007778206756191955,-0.007778206756191969,-0.007778206756191969,208,0.0001016000023810193,,,0.0,0.0,0.0,0.0,A,A,False
beijing,Aotizhongxin,fixed_panel,natural,72,3,7746,constant,hist_gradient_boosting,97,1,0,-0.03125961793113582,-0.03125961793113582,-0.03125961793113584,-0.03125961793113584,208,0.0001007999962894246,,,0.0,0.0,0.0,0.0,A,A,False
beijing,Aotizhongxin,fixed_panel,natural,72,3,7746,logistic,hist_gradient_boosting,97,1,0,-0.023481411174943876,-0.023481411174943876,-0.02348141117494386,-0.02348141117494386,208,9.899999713525176e-05,,,0.0,0.0,0.0,0.0,A,A,False
beijing,Aotizhongxin,fixed_panel,natural,72,3,7914,constant,logistic,97,5,0,-0.000513714867154665,-0.000513714867154665,-0.0005137148671546741,-0.0005137148671546741,208,9.40999889280647e-05,,,0.0,0.0,0.0,0.0,A,A,False
beijing,Aotizhongxin,fixed_panel,natural,72,3,7914,constant,hist_gradient_boosting,97,5,0,-0.02365038272638085,-0.02365038272638085,-0.02365038272638085,-0.02365038272638085,208,9.310001041740179e-05,,,0.0,0.0,0.0,0.0,A,A,False
beijing,Aotizhongxin,fixed_panel,natural,72,3,7914,logistic,hist_gradient_boosting,97,5,0,-0.023136667859226204,-0.023136667859226204,-0.02313666785922622,-0.02313666785922622,208,0.00010170000314246863,,,0.0,0.0,0.0,0.0,A,A,False
beijing,Aotizhongxin,fixed_panel,natural,72,3,8082,constant,logistic,97,0,0,-0.01581141537656282,-0.01581141537656282,-0.01581141537656282,-0.01581141537656282,208,9.189998672809452e-05,,,0.0,0.0,0.0,0.0,A,A,False
beijing,Aotizhongxin,fixed_panel,natural,72,3,8082,constant,hist_gradient_boosting,97,0,0,-0.0046891415326584945,-0.0046891415326584945,-0.004689141532658511,-0.004689141532658511,208,9.049999061971903e-05,,,0.0,0.0,0.0,0.0,A,A,False
beijing,Aotizhongxin,fixed_panel,natural,72,3,8082,logistic,hist_gradient_boosting,97,0,0,0.01112227384390434,0.01112227384390434,0.011122273843904304,0.011122273843904304,208,8.990000060293823e-05,,,0.0,0.0,0.0,0.0,B,B,False
beijing,Aotizhongxin,fixed_panel,natural,72,3,8250,constant,logistic,97,3,0,-0.0006569766353583574,-0.0006569766353583574,-0.0006569766353583483,-0.0006569766353583483,208,9.010000212583691e-05,,,0.0,0.0,0.0,0.0,A,A,False
beijing,Aotizhongxin,fixed_panel,natural,72,3,8250,constant,hist_gradient_boosting,97,3,0,-0.013064279717588419,-0.013064279717588419,-0.013064279717588419,-0.013064279717588419,208,9.509999654255807e-05,,,0.0,0.0,0.0,0.0,A,A,False
beijing,Aotizhongxin,fixed_panel,natural,72,3,8250,logistic,hist_gradient_boosting,97,3,0,-0.012407303082230028,-0.012407303082230028,-0.012407303082230082,-0.012407303082230082,208,9.000000136438757e-05,,,0.0,0.0,0.0,0.0,A,A,False
beijing,Aotizhongxin,fixed_panel,natural,72,3,8418,constant,logistic,97,1,0,-0.016057592001768744,-0.016057592001768744,-0.016057592001768754,-0.016057592001768754,208,0.00010029999248217791,,,0.0,0.0,0.0,0.0,A,A,False
beijing,Aotizhongxin,fixed_panel,natural,72,3,8418,constant,hist_gradient_boosting,97,1,0,-0.08894556227446809,-0.08894556227446809,-0.08894556227446801,-0.08894556227446801,208,9.57000011112541e-05,,,0.0,0.0,0.0,0.0,A,A,False
beijing,Aotizhongxin,fixed_panel,natural,72,3,8418,logistic,hist_gradient_boosting,97,1,0,-0.07288797027269933,-0.07288797027269933,-0.07288797027269935,-0.07288797027269935,208,8.859999070409685e-05,,,0.0,0.0,0.0,0.0,A,A,False
beijing,Aotizhongxin,fixed_panel,natural,72,3,8586,constant,logistic,97,16,0,0.0028043229123205014,0.0028043229123205014,0.002804322912320465,0.002804322912320465,208,9.059999138116837e-05,,,0.0,0.0,0.0,0.0,B,B,False
beijing,Aotizhongxin,fixed_panel,natural,72,3,8586,constant,hist_gradient_boosting,97,16,0,-0.0015538897170614208,-0.0015538897170614208,-0.0015538897170614757,-0.0015538897170614757,208,8.959999831859022e-05,,,0.0,0.0,0.0,0.0,A,A,False
beijing,Aotizhongxin,fixed_panel,natural,72,3,8586,logistic,hist_gradient_boosting,97,16,0,-0.004358212629381922,-0.004358212629381922,-0.004358212629381941,-0.004358212629381941,208,8.81000014487654e-05,,,0.0,0.0,0.0,0.0,A,A,False
beijing,Aotizhongxin,artificial,iid_10,72,3,7025,constant,logistic,786,75,7,0.0006351791546016022,0.0014284865168248772,0.0006351791546015661,0.0014284865168248592,208,0.00035039999056607485,0.001428486516824862,True,0.0007933073622232751,0.0007933073622232932,-1.8106176280507924e-17,-2.2823658449058955e-14,B,B,False
beijing,Aotizhongxin,artificial,iid_10,72,3,7025,constant,hist_gradient_boosting,786,75,7,-0.003635347828612418,-0.0028250004100802296,-0.003635347828612436,-0.0028250004100802565,208,0.00027609999233391136,-0.0028250004100802456,True,0.0008103474185321884,0.0008103474185321797,8.673617379884035e-18,1.0703578713923556e-14,A,A,False
beijing,Aotizhongxin,artificial,iid_10,72,3,7025,logistic,hist_gradient_boosting,786,75,7,-0.004309162284029294,-0.004214851626089829,-0.004270526983214011,-0.0042312387729032536,208,0.0002756000030785799,-0.004253486926905106,True,9.431065793946529e-05,3.9288210310757694e-05,5.5022447628707595e-05,0.5834170689809478,A,A,False
beijing,Aotizhongxin,artificial,iid_30,72,3,7025,constant,logistic,786,259,84,-0.005360060975754082,0.0038500041667263087,-0.005283716018217085,0.003773659209189366,208,0.00045700000191573054,-0.00022979989747517714,True,0.009210065142480392,0.00905737522740645,0.00015268991507394122,0.016578592302206,UNRESOLVED,UNRESOLVED,False
beijing,Aotizhongxin,artificial,iid_30,72,3,7025,constant,hist_gradient_boosting,786,259,84,-0.005444778760095941,0.004223869652848205,-0.0046258543432326615,0.0035343915014567364,208,0.00033429999893996865,-0.0015417361023104892,True,0.009668648412944146,0.008160245844689398,0.0015084025682547478,0.15600966172638317,UNRESOLVED,UNRESOLVED,False
beijing,Aotizhongxin,artificial,iid_30,72,3,7025,logistic,hist_gradient_boosting,786,259,84,-0.0018126352564317768,0.0021017829582117963,-0.0014242893631593759,0.0017362645922920457,208,0.00029739999445155263,-0.001311936204835311,True,0.003914418214643573,0.0031605539554514215,0.0007538642591921516,0.19258653977543752,UNRESOLVED,UNRESOLVED,False
beijing,Aotizhongxin,artificial,blocks_10,72,3,7025,constant,logistic,786,72,9,-0.001041029177307097,0.00039160591649162093,-0.001041029177307079,0.000391605916491639,208,0.00035539999953471124,0.00039160591649159583,True,0.0014326350937987177,0.001432635093798718,-2.168404344971009e-19,-1.5135775706997061e-16,UNRESOLVED,UNRESOLVED,False
beijing,Aotizhongxin,artificial,blocks_10,72,3,7025,constant,hist_gradient_boosting,786,72,9,-0.004450497407904099,-0.003197005907701835,-0.004450497407904117,-0.003197005907701835,208,0.00028399999428074807,-0.0031970059077018427,True,0.001253491500202264,0.0012534915002022822,-1.8214596497756474e-17,-1.453108895817591e-14,A,A,False
beijing,Aotizhongxin,artificial,blocks_10,72,3,7025,logistic,hist_gradient_boosting,786,72,9,-0.0035886118241934377,-0.003409468230597002,-0.003588611824193444,-0.003409468230597009,208,0.00028110000130254775,-0.0035886118241934386,True,0.00017914359359643556,0.00017914359359643512,4.336808689942018e-19,2.4208561427609477e-15,A,A,False
beijing,Changping,full_station,natural,72,3,6570,constant,logistic,2119,42,0,-0.003428689068100777,-0.003428689068100777,-0.003428689068100797,-0.003428689068100797,208,0.0006052999960957095,,,0.0,0.0,0.0,0.0,A,A,False
beijing,Changping,full_station,natural,72,3,6570,constant,hist_gradient_boosting,2119,42,0,-0.021479247427178307,-0.021479247427178307,-0.0214792474271784,-0.0214792474271784,208,0.0005266000080155209,,,0.0,0.0,0.0,0.0,A,A,False
beijing,Changping,full_station,natural,72,3,6570,logistic,hist_gradient_boosting,2119,42,0,-0.018050558359077536,-0.018050558359077536,-0.018050558359077536,-0.018050558359077536,208,0.0005394000036176294,,,0.0,0.0,0.0,0.0,A,A,False
beijing,Changping,fixed_panel,natural,72,3,6570,constant,logistic,97,0,0,0.005127598963762523,0.005127598963762523,0.005127598963762513,0.005127598963762513,208,0.000225499999942258,,,0.0,0.0,0.0,0.0,B,B,False
beijing,Changping,fixed_panel,natural,72,3,6570,constant,hist_gradient_boosting,97,0,0,-0.004525095779561348,-0.004525095779561348,-0.004525095779561348,-0.004525095779561348,208,0.0001205000007757917,,,0.0,0.0,0.0,0.0,A,A,False
beijing,Changping,fixed_panel,natural,72,3,6570,logistic,hist_gradient_boosting,97,0,0,-0.009652694743323876,-0.009652694743323876,-0.009652694743323923,-0.009652694743323923,208,0.00010150000161956996,,,0.0,0.0,0.0,0.0,A,A,False
beijing,Changping,fixed_panel,natural,72,3,6738,constant,logistic,97,0,0,0.07645887194876944,0.07645887194876944,0.07645887194876944,0.07645887194876944,208,9.770000178832561e-05,,,0.0,0.0,0.0,0.0,B,B,False
beijing,Changping,fixed_panel,natural,72,3,6738,constant,hist_gradient_boosting,97,0,0,-0.044139388160812074,-0.044139388160812074,-0.04413938816081206,-0.04413938816081206,208,9.269999281968921e-05,,,0.0,0.0,0.0,0.0,A,A,False
beijing,Changping,fixed_panel,natural,72,3,6738,logistic,hist_gradient_boosting,97,0,0,-0.12059826010958155,-0.12059826010958155,-0.12059826010958155,-0.12059826010958155,208,0.00011999999696854502,,,0.0,0.0,0.0,0.0,A,A,False
beijing,Changping,fixed_panel,natural,72,3,6906,constant,logistic,97,0,0,-0.00782149277424899,-0.00782149277424899,-0.007821492774248963,-0.007821492774248963,208,0.00010269999620504677,,,0.0,0.0,0.0,0.0,A,A,False
beijing,Changping,fixed_panel,natural,72,3,6906,constant,hist_gradient_boosting,97,0,0,-0.022939997332952062,-0.022939997332952062,-0.02293999733295202,-0.02293999733295202,208,9.40000027185306e-05,,,0.0,0.0,0.0,0.0,A,A,False
beijing,Changping,fixed_panel,natural,72,3,6906,logistic,hist_gradient_boosting,97,0,0,-0.015118504558703075,-0.015118504558703075,-0.01511850455870307,-0.01511850455870307,208,0.00010050000855699182,,,0.0,0.0,0.0,0.0,A,A,False
beijing,Changping,fixed_panel,natural,72,3,7074,constant,logistic,97,0,0,0.0006917853002559842,0.0006917853002559842,0.0006917853002560026,0.0006917853002560026,208,9.039998985826969e-05,,,0.0,0.0,0.0,0.0,B,B,False
beijing,Changping,fixed_panel,natural,72,3,7074,constant,hist_gradient_boosting,97,0,0,-0.016679226333104216,-0.016679226333104216,-0.016679226333104192,-0.016679226333104192,208,9.740001405589283e-05,,,0.0,0.0,0.0,0.0,A,A,False
beijing,Changping,fixed_panel,natural,72,3,7074,logistic,hist_gradient_boosting,97,0,0,-0.017371011633360196,-0.017371011633360196,-0.017371011633360196,-0.017371011633360196,208,8.869999146554619e-05,,,0.0,0.0,0.0,0.0,A,A,False
beijing,Changping,fixed_panel,natural,72,3,7242,constant,logistic,97,1,0,-0.0026598013700790736,-0.0026598013700790736,-0.002659801370079087,-0.002659801370079087,208,9.180000051856041e-05,,,0.0,0.0,0.0,0.0,A,A,False
beijing,Changping,fixed_panel,natural,72,3,7242,constant,hist_gradient_boosting,97,1,0,0.002478693527170051,0.002478693527170051,0.002478693527170051,0.002478693527170051,208,8.999998681247234e-05,,,0.0,0.0,0.0,0.0,B,B,False
beijing,Changping,fixed_panel,natural,72,3,7242,logistic,hist_gradient_boosting,97,1,0,0.005138494897249138,0.005138494897249138,0.0051384948972491564,0.0051384948972491564,208,8.949999755714089e-05,,,0.0,0.0,0.0,0.0,B,B,False
beijing,Changping,fixed_panel,natural,72,3,7410,constant,logistic,97,3,0,-0.007726687041805161,-0.007726687041805161,-0.007726687041805166,-0.007726687041805166,208,9.000000136438757e-05,,,0.0,0.0,0.0,0.0,A,A,False
beijing,Changping,fixed_panel,natural,72,3,7410,constant,hist_gradient_boosting,97,3,0,-0.005164028557462643,-0.005164028557462643,-0.0051640285574626596,-0.0051640285574626596,208,8.89999937498942e-05,,,0.0,0.0,0.0,0.0,A,A,False
beijing,Changping,fixed_panel,natural,72,3,7410,logistic,hist_gradient_boosting,97,3,0,0.002562658484342518,0.002562658484342518,0.0025626584843425225,0.0025626584843425225,208,9.000000136438757e-05,,,0.0,0.0,0.0,0.0,B,B,False
beijing,Changping,fixed_panel,natural,72,3,7578,constant,logistic,97,4,0,-0.005608111221904171,-0.005608111221904171,-0.005608111221904169,-0.005608111221904169,208,9.119999594986439e-05,,,0.0,0.0,0.0,0.0,A,A,False
beijing,Changping,fixed_panel,natural,72,3,7578,constant,hist_gradient_boosting,97,4,0,-0.009161855703660342,-0.009161855703660342,-0.009161855703660347,-0.009161855703660347,208,8.919999527279288e-05,,,0.0,0.0,0.0,0.0,A,A,False
beijing,Changping,fixed_panel,natural,72,3,7578,logistic,hist_gradient_boosting,97,4,0,-0.0035537444817561673,-0.0035537444817561673,-0.0035537444817561764,-0.0035537444817561764,208,8.830000297166407e-05,,,0.0,0.0,0.0,0.0,A,A,False
beijing,Changping,fixed_panel,natural,72,3,7746,constant,logistic,97,3,0,-0.032755941895104626,-0.032755941895104626,-0.03275594189510466,-0.03275594189510466,208,8.92000098247081e-05,,,0.0,0.0,0.0,0.0,A,A,False
beijing,Changping,fixed_panel,natural,72,3,7746,constant,hist_gradient_boosting,97,3,0,-0.033697063924163044,-0.033697063924163044,-0.033697063924163044,-0.033697063924163044,208,8.97999998414889e-05,,,0.0,0.0,0.0,0.0,A,A,False
beijing,Changping,fixed_panel,natural,72,3,7746,logistic,hist_gradient_boosting,97,3,0,-0.0009411220290583775,-0.0009411220290583775,-0.0009411220290583752,-0.0009411220290583752,208,9.259999205823988e-05,,,0.0,0.0,0.0,0.0,A,A,False
beijing,Changping,fixed_panel,natural,72,3,7914,constant,logistic,97,7,0,-0.006598491830496427,-0.006598491830496427,-0.006598491830496438,-0.006598491830496438,208,9.31999966269359e-05,,,0.0,0.0,0.0,0.0,A,A,False
beijing,Changping,fixed_panel,natural,72,3,7914,constant,hist_gradient_boosting,97,7,0,-0.04916811088112006,-0.04916811088112006,-0.04916811088112008,-0.04916811088112008,208,9.339999814983457e-05,,,0.0,0.0,0.0,0.0,A,A,False
beijing,Changping,fixed_panel,natural,72,3,7914,logistic,hist_gradient_boosting,97,7,0,-0.04256961905062365,-0.04256961905062365,-0.04256961905062365,-0.04256961905062365,208,9.020000288728625e-05,,,0.0,0.0,0.0,0.0,A,A,False
beijing,Changping,fixed_panel,natural,72,3,8082,constant,logistic,97,0,0,-0.03270348928852734,-0.03270348928852734,-0.03270348928852734,-0.03270348928852734,208,9.390000195708126e-05,,,0.0,0.0,0.0,0.0,A,A,False
beijing,Changping,fixed_panel,natural,72,3,8082,constant,hist_gradient_boosting,97,0,0,0.01027222616305466,0.01027222616305466,0.01027222616305466,0.01027222616305466,208,9.410000347997993e-05,,,0.0,0.0,0.0,0.0,B,B,False
beijing,Changping,fixed_panel,natural,72,3,8082,logistic,hist_gradient_boosting,97,0,0,0.042975715451582006,0.042975715451582006,0.04297571545158197,0.04297571545158197,208,9.000000136438757e-05,,,0.0,0.0,0.0,0.0,B,B,False
beijing,Changping,fixed_panel,natural,72,3,8250,constant,logistic,97,3,0,-0.01516090714800851,-0.01516090714800851,-0.015160907148008492,-0.015160907148008492,208,8.969999908003956e-05,,,0.0,0.0,0.0,0.0,A,A,False
beijing,Changping,fixed_panel,natural,72,3,8250,constant,hist_gradient_boosting,97,3,0,0.018209749119887576,0.018209749119887576,0.018209749119887573,0.018209749119887573,208,0.00012859998969361186,,,0.0,0.0,0.0,0.0,B,B,False
beijing,Changping,fixed_panel,natural,72,3,8250,logistic,hist_gradient_boosting,97,3,0,0.03337065626789608,0.03337065626789608,0.03337065626789606,0.03337065626789606,208,0.0001066999975591898,,,0.0,0.0,0.0,0.0,B,B,False
beijing,Changping,fixed_panel,natural,72,3,8418,constant,logistic,97,3,0,-0.029377902015544518,-0.029377902015544518,-0.0293779020155445,-0.0293779020155445,208,9.48999950196594e-05,,,0.0,0.0,0.0,0.0,A,A,False
beijing,Changping,fixed_panel,natural,72,3,8418,constant,hist_gradient_boosting,97,3,0,-0.08098846782514571,-0.08098846782514571,-0.08098846782514568,-0.08098846782514568,208,9.09000082174316e-05,,,0.0,0.0,0.0,0.0,A,A,False
beijing,Changping,fixed_panel,natural,72,3,8418,logistic,hist_gradient_boosting,97,3,0,-0.05161056580960117,-0.05161056580960117,-0.051610565809601154,-0.051610565809601154,208,8.929999603424221e-05,,,0.0,0.0,0.0,0.0,A,A,False
beijing,Changping,fixed_panel,natural,72,3,8586,constant,logistic,97,18,0,0.00023640502811570301,0.00023640502811570301,0.00023640502811570301,0.00023640502811570301,208,9.180000051856041e-05,,,0.0,0.0,0.0,0.0,B,B,False
beijing,Changping,fixed_panel,natural,72,3,8586,constant,hist_gradient_boosting,97,18,0,-0.016014381492640485,-0.016014381492640485,-0.016014381492640523,-0.016014381492640523,208,8.999998681247234e-05,,,0.0,0.0,0.0,0.0,A,A,False
beijing,Changping,fixed_panel,natural,72,3,8586,logistic,hist_gradient_boosting,97,18,0,-0.016250786520756188,-0.016250786520756188,-0.01625078652075617,-0.01625078652075617,208,9.359999967273325e-05,,,0.0,0.0,0.0,0.0,A,A,False
beijing,Changping,artificial,iid_10,72,3,6570,constant,logistic,761,77,46,0.005225739782590165,0.007991232452276821,0.006100020991877773,0.007324425050404,208,0.0003691999881993979,0.007265481976773359,True,0.0027654926696866564,0.0012244040585262274,0.001541088611160429,0.5572564440516278,B,B,False
beijing,Changping,artificial,iid_10,72,3,6570,constant,hist_gradient_boosting,761,77,46,-0.013781730299412018,-0.008293468149171345,-0.013105125229444752,-0.008970073219138635,208,0.0002972999936901033,-0.009544504061574635,True,0.005488262150240673,0.004135052010306117,0.0013532101399345558,0.2465644138145286,A,A,False
beijing,Changping,artificial,iid_10,72,3,6570,logistic,hist_gradient_boosting,761,77,46,-0.019897071347792825,-0.015395099335657525,-0.019254914029808362,-0.016037256653642,208,0.0002666999935172498,-0.01680998603834799,True,0.0045019720121353,0.0032176573761663607,0.001284314635968939,0.2852782364055134,A,A,False
beijing,Changping,artificial,iid_30,72,3,6570,constant,logistic,761,249,167,-0.017307273622641776,0.0006394969429950346,-0.017010885516994617,0.00034310883734780086,208,0.0003735999925993383,-0.005905538841035779,True,0.017946770565636812,0.017353994354342418,0.0005927762112943949,0.03302968682451428,UNRESOLVED,UNRESOLVED,False
beijing,Changping,artificial,iid_30,72,3,6570,constant,hist_gradient_boosting,761,249,167,-0.020802723227569275,-0.0013440594396684346,-0.020572620951433508,-0.0015741617158041728,208,0.0003173000004608184,-0.009797404553007753,True,0.01945866378790084,0.018998459235629334,0.0004602045522715051,0.023650367635091915,A,A,False
beijing,Changping,artificial,iid_30,72,3,6570,logistic,hist_gradient_boosting,761,249,167,-0.006556697931472844,0.001077691943881863,-0.005624235848580401,-0.0006542255348447851,208,0.00030020000122021884,-0.003891865711971972,True,0.007634389875354707,0.004970010313735616,0.002664379561619091,0.34899705217049837,UNRESOLVED,A,True
beijing,Changping,artificial,blocks_10,72,3,6570,constant,logistic,761,72,21,-0.0013353766617964025,0.002070016759886626,-0.0013353766617964211,0.0020700167598866163,208,0.0003495999990263954,-0.0003553879732821749,True,0.0034053934216830284,0.0034053934216830375,-9.107298248878237e-18,-2.6743747700015198e-15,UNRESOLVED,UNRESOLVED,False
beijing,Changping,artificial,blocks_10,72,3,6570,constant,hist_gradient_boosting,761,72,21,-0.010421704539743221,-0.007210433707579309,-0.01042170453974324,-0.007210433707579337,208,0.0002800999936880544,-0.009502286920328609,True,0.003211270832163912,0.0032112708321639033,8.673617379884035e-18,2.7009921720116412e-15,A,A,False
beijing,Changping,artificial,blocks_10,72,3,6570,logistic,hist_gradient_boosting,761,72,21,-0.009288757599003196,-0.009078020746409551,-0.009280450467465944,-0.009086327877946814,208,0.00026559999969322234,-0.009146898947046435,True,0.00021073685259364455,0.0001941225895191294,1.6614263074515162e-05,0.0788389067694381,A,A,False
beijing,Dingling,full_station,natural,72,3,6570,constant,logistic,2119,76,1,0.02229337359343914,0.022293387060919795,0.022293373593439053,0.02229338706091972,208,0.0006349000032059848,,,1.346748065497727e-08,1.3467480665385612e-08,-1.0408340855860843e-17,-7.728498835462711e-10,B,B,False
beijing,Dingling,full_station,natural,72,3,6570,constant,hist_gradient_boosting,2119,76,1,-0.00438723086230486,-0.0043577531988226465,-0.0043872308623047465,-0.00435775319882252,208,0.0005653999978676438,,,2.947766348221359e-05,2.94776634822266e-05,-1.3010426069826053e-17,-4.4136558101616036e-13,A,A,False
beijing,Dingling,full_station,natural,72,3,6570,logistic,hist_gradient_boosting,2119,76,1,-0.02668061792322466,-0.02665112679226178,-0.02668061792322466,-0.02665112679226178,208,0.0005428000004030764,,,2.9491130962878975e-05,2.9491130962878975e-05,0.0,0.0,A,A,False
beijing,Dingling,fixed_panel,natural,72,3,6570,constant,logistic,97,0,0,0.01826033841947122,0.01826033841947122,0.018260338419471236,0.018260338419471236,208,0.00020110000332351774,,,0.0,0.0,0.0,0.0,B,B,False
beijing,Dingling,fixed_panel,natural,72,3,6570,constant,hist_gradient_boosting,97,0,0,0.0761251463807624,0.0761251463807624,0.0761251463807624,0.0761251463807624,208,0.00011359999189153314,,,0.0,0.0,0.0,0.0,B,B,False
beijing,Dingling,fixed_panel,natural,72,3,6570,logistic,hist_gradient_boosting,97,0,0,0.057864807961291176,0.057864807961291176,0.05786480796129121,0.05786480796129121,208,0.00016900000628083944,,,0.0,0.0,0.0,0.0,B,B,False
beijing,Dingling,fixed_panel,natural,72,3,6738,constant,logistic,97,1,0,0.1845879703999511,0.1845879703999511,0.18458797039995106,0.18458797039995106,208,0.00013749999925494194,,,0.0,0.0,0.0,0.0,B,B,False
beijing,Dingling,fixed_panel,natural,72,3,6738,constant,hist_gradient_boosting,97,1,0,-0.004277577615418029,-0.004277577615418029,-0.00427757761541802,-0.00427757761541802,208,0.00010989999282173812,,,0.0,0.0,0.0,0.0,A,A,False
beijing,Dingling,fixed_panel,natural,72,3,6738,logistic,hist_gradient_boosting,97,1,0,-0.1888655480153691,-0.1888655480153691,-0.1888655480153691,-0.1888655480153691,208,0.0001007999962894246,,,0.0,0.0,0.0,0.0,A,A,False
beijing,Dingling,fixed_panel,natural,72,3,6906,constant,logistic,97,0,0,0.051675415966435295,0.051675415966435295,0.051675415966435295,0.051675415966435295,208,9.729999874252826e-05,,,0.0,0.0,0.0,0.0,B,B,False
beijing,Dingling,fixed_panel,natural,72,3,6906,constant,hist_gradient_boosting,97,0,0,0.06225322065124081,0.06225322065124081,0.06225322065124081,0.06225322065124081,208,9.719999798107892e-05,,,0.0,0.0,0.0,0.0,B,B,False
beijing,Dingling,fixed_panel,natural,72,3,6906,logistic,hist_gradient_boosting,97,0,0,0.010577804684805521,0.010577804684805521,0.010577804684805521,0.010577804684805521,208,9.159999899566174e-05,,,0.0,0.0,0.0,0.0,B,B,False
beijing,Dingling,fixed_panel,natural,72,3,7074,constant,logistic,97,0,0,-0.0038544068032339133,-0.0038544068032339133,-0.0038544068032339133,-0.0038544068032339133,208,0.0001429999974789098,,,0.0,0.0,0.0,0.0,A,A,False
beijing,Dingling,fixed_panel,natural,72,3,7074,constant,hist_gradient_boosting,97,0,0,-0.008311032410970247,-0.008311032410970247,-0.008311032410970247,-0.008311032410970247,208,0.0001458999904571101,,,0.0,0.0,0.0,0.0,A,A,False
beijing,Dingling,fixed_panel,natural,72,3,7074,logistic,hist_gradient_boosting,97,0,0,-0.004456625607736337,-0.004456625607736337,-0.004456625607736337,-0.004456625607736337,208,0.00011069999891333282,,,0.0,0.0,0.0,0.0,A,A,False
beijing,Dingling,fixed_panel,natural,72,3,7242,constant,logistic,97,0,0,0.04161064894516768,0.04161064894516768,0.04161064894516767,0.04161064894516767,208,0.0001078000059351325,,,0.0,0.0,0.0,0.0,B,B,False
beijing,Dingling,fixed_panel,natural,72,3,7242,constant,hist_gradient_boosting,97,0,0,-0.023037712393674577,-0.023037712393674577,-0.023037712393674577,-0.023037712393674577,208,9.609998960513622e-05,,,0.0,0.0,0.0,0.0,A,A,False
beijing,Dingling,fixed_panel,natural,72,3,7242,logistic,hist_gradient_boosting,97,0,0,-0.06464836133884226,-0.06464836133884226,-0.06464836133884226,-0.06464836133884226,208,9.159999899566174e-05,,,0.0,0.0,0.0,0.0,A,A,False
beijing,Dingling,fixed_panel,natural,72,3,7410,constant,logistic,97,0,0,0.06264662098313305,0.06264662098313305,0.06264662098313303,0.06264662098313303,208,9.57000011112541e-05,,,0.0,0.0,0.0,0.0,B,B,False
beijing,Dingling,fixed_panel,natural,72,3,7410,constant,hist_gradient_boosting,97,0,0,0.03328325790385551,0.03328325790385551,0.03328325790385551,0.03328325790385551,208,9.310001041740179e-05,,,0.0,0.0,0.0,0.0,B,B,False
beijing,Dingling,fixed_panel,natural,72,3,7410,logistic,hist_gradient_boosting,97,0,0,-0.029363363079277543,-0.029363363079277543,-0.029363363079277543,-0.029363363079277543,208,9.040000441018492e-05,,,0.0,0.0,0.0,0.0,A,A,False
beijing,Dingling,fixed_panel,natural,72,3,7578,constant,logistic,97,1,0,-0.02050772716640967,-0.02050772716640967,-0.020507727166409688,-0.020507727166409688,208,9.249999129679054e-05,,,0.0,0.0,0.0,0.0,A,A,False
beijing,Dingling,fixed_panel,natural,72,3,7578,constant,hist_gradient_boosting,97,1,0,-0.01881314400649496,-0.01881314400649496,-0.018813144006494944,-0.018813144006494944,208,9.679999493528157e-05,,,0.0,0.0,0.0,0.0,A,A,False
beijing,Dingling,fixed_panel,natural,72,3,7578,logistic,hist_gradient_boosting,97,1,0,0.0016945831599147467,0.0016945831599147467,0.0016945831599147376,0.0016945831599147376,208,8.959999831859022e-05,,,0.0,0.0,0.0,0.0,B,B,False
beijing,Dingling,fixed_panel,natural,72,3,7746,constant,logistic,97,18,0,-0.05451819091767618,-0.05451819091767618,-0.054518190917676145,-0.054518190917676145,208,9.270000737160444e-05,,,0.0,0.0,0.0,0.0,A,A,False
beijing,Dingling,fixed_panel,natural,72,3,7746,constant,hist_gradient_boosting,97,18,0,-0.009776531770251602,-0.009776531770251602,-0.009776531770251591,-0.009776531770251591,208,9.509999654255807e-05,,,0.0,0.0,0.0,0.0,A,A,False
beijing,Dingling,fixed_panel,natural,72,3,7746,logistic,hist_gradient_boosting,97,18,0,0.04474165914742464,0.04474165914742464,0.04474165914742467,0.04474165914742467,208,9.030000364873558e-05,,,0.0,0.0,0.0,0.0,B,B,False
beijing,Dingling,fixed_panel,natural,72,3,7914,constant,logistic,97,4,0,-0.004355600171878136,-0.004355600171878136,-0.004355600171878157,-0.004355600171878157,208,9.089999366551638e-05,,,0.0,0.0,0.0,0.0,A,A,False
beijing,Dingling,fixed_panel,natural,72,3,7914,constant,hist_gradient_boosting,97,4,0,-0.011122726798598286,-0.011122726798598286,-0.011122726798598341,-0.011122726798598341,208,9.399998816661537e-05,,,0.0,0.0,0.0,0.0,A,A,False
beijing,Dingling,fixed_panel,natural,72,3,7914,logistic,hist_gradient_boosting,97,4,0,-0.006767126626720149,-0.006767126626720149,-0.006767126626720146,-0.006767126626720146,208,9.669999417383224e-05,,,0.0,0.0,0.0,0.0,A,A,False
beijing,Dingling,fixed_panel,natural,72,3,8082,constant,logistic,97,24,0,-0.055988508791378344,-0.055988508791378344,-0.05598850879137827,-0.05598850879137827,208,9.529999806545675e-05,,,0.0,0.0,0.0,0.0,A,A,False
beijing,Dingling,fixed_panel,natural,72,3,8082,constant,hist_gradient_boosting,97,24,0,-0.051347345381934965,-0.051347345381934965,-0.051347345381934965,-0.051347345381934965,208,9.259999205823988e-05,,,0.0,0.0,0.0,0.0,A,A,False
beijing,Dingling,fixed_panel,natural,72,3,8082,logistic,hist_gradient_boosting,97,24,0,0.004641163409443466,0.004641163409443466,0.004641163409443503,0.004641163409443503,208,9.200000204145908e-05,,,0.0,0.0,0.0,0.0,B,B,False
beijing,Dingling,fixed_panel,natural,72,3,8250,constant,logistic,97,4,1,-0.007378872893938699,-0.007378578691964338,-0.0073788728939386755,-0.007378578691964315,208,9.059999138116837e-05,,,2.9420197436135637e-07,2.94201974360489e-07,8.673617379884035e-19,2.948184626806951e-12,A,A,False
beijing,Dingling,fixed_panel,natural,72,3,8250,constant,hist_gradient_boosting,97,4,1,0.0007518567398830544,0.0013958069349224859,0.0007518567398830452,0.0013958069349224722,208,8.909999451134354e-05,,,0.0006439501950394314,0.000643950195039427,4.445228907190568e-18,6.9030632204690464e-15,B,B,False
beijing,Dingling,fixed_panel,natural,72,3,8250,logistic,hist_gradient_boosting,97,4,1,0.008130435431847393,0.008774679828861194,0.008130435431847402,0.008774679828861194,208,8.820000221021473e-05,,,0.0006442443970138007,0.000644244397013792,8.673617379884035e-18,1.346324068953949e-14,B,B,False
beijing,Dingling,fixed_panel,natural,72,3,8418,constant,logistic,97,1,0,-0.02544378823699154,-0.02544378823699154,-0.025443788236991557,-0.025443788236991557,208,8.940001134760678e-05,,,0.0,0.0,0.0,0.0,A,A,False
beijing,Dingling,fixed_panel,natural,72,3,8418,constant,hist_gradient_boosting,97,1,0,-0.045049058206165865,-0.045049058206165865,-0.045049058206165865,-0.045049058206165865,208,8.820000221021473e-05,,,0.0,0.0,0.0,0.0,A,A,False
beijing,Dingling,fixed_panel,natural,72,3,8418,logistic,hist_gradient_boosting,97,1,0,-0.01960526996917432,-0.01960526996917432,-0.01960526996917431,-0.01960526996917431,208,8.700000762473792e-05,,,0.0,0.0,0.0,0.0,A,A,False
beijing,Dingling,fixed_panel,natural,72,3,8586,constant,logistic,97,23,0,0.0009275811279996422,0.0009275811279996422,0.000927581127999633,0.000927581127999633,208,9.980000322684646e-05,,,0.0,0.0,0.0,0.0,B,B,False
beijing,Dingling,fixed_panel,natural,72,3,8586,constant,hist_gradient_boosting,97,23,0,0.002582948448320774,0.002582948448320774,0.0025829484483208018,0.0025829484483208018,208,9.580000187270343e-05,,,0.0,0.0,0.0,0.0,B,B,False
beijing,Dingling,fixed_panel,natural,72,3,8586,logistic,hist_gradient_boosting,97,23,0,0.0016553673203211273,0.0016553673203211273,0.0016553673203211251,0.0016553673203211251,208,9.300000965595245e-05,,,0.0,0.0,0.0,0.0,B,B,False
beijing,Dingling,artificial,iid_10,72,3,6740,constant,logistic,888,93,52,0.04871234906507399,0.0548128906031018,0.05038991985798787,0.05313531981018791,208,0.00036700000055134296,0.05077439647661837,True,0.006100541538027811,0.0027453999522000436,0.0033551415858277672,0.5499743858661473,B,B,False
beijing,Dingling,artificial,iid_10,72,3,6740,constant,hist_gradient_boosting,888,93,52,0.004532461472259657,0.022437348599197996,0.005269275815683774,0.021700534255773878,208,0.000337799996486865,0.005725546413438282,True,0.01790488712693834,0.016431258440090104,0.0014736286868482357,0.08230315423944368,B,B,False
beijing,Dingling,artificial,iid_10,72,3,6740,logistic,hist_gradient_boosting,888,93,52,-0.04514583623361779,-0.031409593363100355,-0.04514583623361779,-0.031409593363100355,208,0.0003096000000368804,-0.045048850063180094,True,0.013736242870517439,0.013736242870517439,0.0,0.0,A,A,False
beijing,Dingling,artificial,iid_30,72,3,6740,constant,logistic,888,279,240,-0.007445758088355524,0.014156263524109652,-0.005971443197441556,0.012991640698803403,208,0.0004022999928565696,0.005404286323631111,True,0.021602021612465175,0.01896308389624496,0.002638937716220216,0.12216160892540956,UNRESOLVED,UNRESOLVED,False
beijing,Dingling,artificial,iid_30,72,3,6740,constant,hist_gradient_boosting,888,279,240,-0.021596633584859425,0.014747227346224261,-0.020284542211557316,0.013314198157334336,208,0.0003445000038482249,-0.004135989513501416,True,0.03634386093108369,0.033598740368891655,0.0027451205621920327,0.07553189154551884,UNRESOLVED,UNRESOLVED,False
beijing,Dingling,artificial,iid_30,72,3,6740,logistic,hist_gradient_boosting,888,279,240,-0.02305363332998752,0.009493721655598232,-0.021041425237477707,0.005391567186488882,208,0.0003193000011378899,-0.009540275837132524,True,0.03254735498558575,0.02643299242396659,0.0061143625616191626,0.18786050554114245,UNRESOLVED,UNRESOLVED,False
beijing,Dingling,artificial,blocks_10,72,3,6740,constant,logistic,888,88,126,0.02708347351952221,0.05939273486881156,0.027523659958698685,0.05877226523393411,208,0.0003583000070648268,0.05862469571210275,True,0.03230926134928935,0.031248605275235427,0.0010606560740539263,0.03282823654144775,B,B,False
beijing,Dingling,artificial,blocks_10,72,3,6740,constant,hist_gradient_boosting,888,88,126,-0.012785337291154409,-0.0007378308362243785,-0.010156318043743893,-0.0030330822706451056,208,0.0003037000133190304,-0.004839695867131209,True,0.01204750645493003,0.007123235773098788,0.004924270681831243,0.40873775002761287,A,A,False
beijing,Dingling,artificial,blocks_10,72,3,6740,logistic,hist_gradient_boosting,888,88,126,-0.06515632940827217,-0.0348430471074404,-0.0640797765191386,-0.03571817695976888,208,0.00029240000003483146,-0.06346439157923396,True,0.030313282300831766,0.02836159955936972,0.0019516827414620477,0.06438374842068803,A,A,False
beijing,Dongsi,full_station,natural,72,3,6570,constant,logistic,2119,32,0,0.0032654918945437786,0.0032654918945437786,0.0032654918945437587,0.0032654918945437587,208,0.0006600000051548705,,,0.0,0.0,0.0,0.0,B,B,False
beijing,Dongsi,full_station,natural,72,3,6570,constant,hist_gradient_boosting,2119,32,0,-0.02140622947304563,-0.02140622947304563,-0.021406229473045633,-0.021406229473045633,208,0.0006088999944040552,,,0.0,0.0,0.0,0.0,A,A,False
beijing,Dongsi,full_station,natural,72,3,6570,logistic,hist_gradient_boosting,2119,32,0,-0.02467172136758941,-0.02467172136758941,-0.024671721367589397,-0.024671721367589397,208,0.0005434000049717724,,,0.0,0.0,0.0,0.0,A,A,False
beijing,Dongsi,fixed_panel,natural,72,3,6570,constant,logistic,97,0,0,0.002489176233038268,0.002489176233038268,0.0024891762330382958,0.0024891762330382958,208,0.0002589000068837777,,,0.0,0.0,0.0,0.0,B,B,False
beijing,Dongsi,fixed_panel,natural,72,3,6570,constant,hist_gradient_boosting,97,0,0,-0.0802609724890161,-0.0802609724890161,-0.08026097248901612,-0.08026097248901612,208,0.00012770001194439828,,,0.0,0.0,0.0,0.0,A,A,False
beijing,Dongsi,fixed_panel,natural,72,3,6570,logistic,hist_gradient_boosting,97,0,0,-0.08275014872205434,-0.08275014872205434,-0.08275014872205438,-0.08275014872205438,208,0.00011210000957362354,,,0.0,0.0,0.0,0.0,A,A,False
beijing,Dongsi,fixed_panel,natural,72,3,6738,constant,logistic,97,0,0,0.08308157403232358,0.08308157403232358,0.08308157403232358,0.08308157403232358,208,0.00010469999688211828,,,0.0,0.0,0.0,0.0,B,B,False
beijing,Dongsi,fixed_panel,natural,72,3,6738,constant,hist_gradient_boosting,97,0,0,0.0014116324046965145,0.0014116324046965145,0.0014116324046964963,0.0014116324046964963,208,9.940000018104911e-05,,,0.0,0.0,0.0,0.0,B,B,False
beijing,Dongsi,fixed_panel,natural,72,3,6738,logistic,hist_gradient_boosting,97,0,0,-0.08166994162762707,-0.08166994162762707,-0.08166994162762707,-0.08166994162762707,208,9.470000804867595e-05,,,0.0,0.0,0.0,0.0,A,A,False
beijing,Dongsi,fixed_panel,natural,72,3,6906,constant,logistic,97,1,0,0.0028632496019597563,0.0028632496019597563,0.0028632496019597017,0.0028632496019597017,208,9.610000415705144e-05,,,0.0,0.0,0.0,0.0,B,B,False
beijing,Dongsi,fixed_panel,natural,72,3,6906,constant,hist_gradient_boosting,97,1,0,0.0008676510440100169,0.0008676510440100169,0.0008676510440100444,0.0008676510440100444,208,0.00010439999459777027,,,0.0,0.0,0.0,0.0,B,B,False
beijing,Dongsi,fixed_panel,natural,72,3,6906,logistic,hist_gradient_boosting,97,1,0,-0.0019955985579496985,-0.0019955985579496985,-0.0019955985579496937,-0.0019955985579496937,208,9.929999941959977e-05,,,0.0,0.0,0.0,0.0,A,A,False
beijing,Dongsi,fixed_panel,natural,72,3,7074,constant,logistic,97,0,0,0.003558803027382748,0.003558803027382748,0.003558803027382748,0.003558803027382748,208,0.00010109999857377261,,,0.0,0.0,0.0,0.0,B,B,False
beijing,Dongsi,fixed_panel,natural,72,3,7074,constant,hist_gradient_boosting,97,0,0,0.0035647441707362328,0.0035647441707362328,0.0035647441707361777,0.0035647441707361777,208,9.539999882690609e-05,,,0.0,0.0,0.0,0.0,B,B,False
beijing,Dongsi,fixed_panel,natural,72,3,7074,logistic,hist_gradient_boosting,97,0,0,5.9411433534970286e-06,5.9411433534970286e-06,5.9411433534970286e-06,5.9411433534970286e-06,208,9.200000204145908e-05,,,0.0,0.0,0.0,0.0,B,B,False
beijing,Dongsi,fixed_panel,natural,72,3,7242,constant,logistic,97,0,0,0.0015889360203398583,0.0015889360203398583,0.0015889360203398583,0.0015889360203398583,208,9.190000128000975e-05,,,0.0,0.0,0.0,0.0,B,B,False
beijing,Dongsi,fixed_panel,natural,72,3,7242,constant,hist_gradient_boosting,97,0,0,-0.01085888456235577,-0.01085888456235577,-0.010858884562355769,-0.010858884562355769,208,9.06999921426177e-05,,,0.0,0.0,0.0,0.0,A,A,False
beijing,Dongsi,fixed_panel,natural,72,3,7242,logistic,hist_gradient_boosting,97,0,0,-0.012447820582695633,-0.012447820582695633,-0.012447820582695616,-0.012447820582695616,208,9.629999112803489e-05,,,0.0,0.0,0.0,0.0,A,A,False
beijing,Dongsi,fixed_panel,natural,72,3,7410,constant,logistic,97,0,0,0.02235343410455226,0.02235343410455226,0.022353434104552268,0.022353434104552268,208,9.859999408945441e-05,,,0.0,0.0,0.0,0.0,B,B,False
beijing,Dongsi,fixed_panel,natural,72,3,7410,constant,hist_gradient_boosting,97,0,0,0.027946228060714944,0.027946228060714944,0.02794622806071494,0.02794622806071494,208,9.06999921426177e-05,,,0.0,0.0,0.0,0.0,B,B,False
beijing,Dongsi,fixed_panel,natural,72,3,7410,logistic,hist_gradient_boosting,97,0,0,0.0055927939561626755,0.0055927939561626755,0.005592793956162666,0.005592793956162666,208,8.949999755714089e-05,,,0.0,0.0,0.0,0.0,B,B,False
beijing,Dongsi,fixed_panel,natural,72,3,7578,constant,logistic,97,2,0,0.0034131574704279553,0.0034131574704279553,0.003413157470427974,0.003413157470427974,208,9.109999518841505e-05,,,0.0,0.0,0.0,0.0,B,B,False
beijing,Dongsi,fixed_panel,natural,72,3,7578,constant,hist_gradient_boosting,97,2,0,0.0034222694201727737,0.0034222694201727737,0.00342226942017281,0.00342226942017281,208,9.469999349676073e-05,,,0.0,0.0,0.0,0.0,B,B,False
beijing,Dongsi,fixed_panel,natural,72,3,7578,logistic,hist_gradient_boosting,97,2,0,9.111949744836405e-06,9.111949744836405e-06,9.111949744836405e-06,9.111949744836405e-06,208,8.81000014487654e-05,,,0.0,0.0,0.0,0.0,B,B,False
beijing,Dongsi,fixed_panel,natural,72,3,7746,constant,logistic,97,2,0,-0.012009856167096959,-0.012009856167096959,-0.012009856167096985,-0.012009856167096985,208,8.969999908003956e-05,,,0.0,0.0,0.0,0.0,A,A,False
beijing,Dongsi,fixed_panel,natural,72,3,7746,constant,hist_gradient_boosting,97,2,0,-0.12231895522534092,-0.12231895522534092,-0.12231895522534095,-0.12231895522534095,208,0.00010119999933522195,,,0.0,0.0,0.0,0.0,A,A,False
beijing,Dongsi,fixed_panel,natural,72,3,7746,logistic,hist_gradient_boosting,97,2,0,-0.11030909905824395,-0.11030909905824395,-0.11030909905824395,-0.11030909905824395,208,8.759999764151871e-05,,,0.0,0.0,0.0,0.0,A,A,False
beijing,Dongsi,fixed_panel,natural,72,3,7914,constant,logistic,97,6,0,-0.002298130360314539,-0.002298130360314539,-0.002298130360314523,-0.002298130360314523,208,9.019998833537102e-05,,,0.0,0.0,0.0,0.0,A,A,False
beijing,Dongsi,fixed_panel,natural,72,3,7914,constant,hist_gradient_boosting,97,6,0,-0.021304753424176693,-0.021304753424176693,-0.02130475342417673,-0.02130475342417673,208,9.419998968951404e-05,,,0.0,0.0,0.0,0.0,A,A,False
beijing,Dongsi,fixed_panel,natural,72,3,7914,logistic,hist_gradient_boosting,97,6,0,-0.019006623063862155,-0.019006623063862155,-0.019006623063862135,-0.019006623063862135,208,8.840000373311341e-05,,,0.0,0.0,0.0,0.0,A,A,False
beijing,Dongsi,fixed_panel,natural,72,3,8082,constant,logistic,97,0,0,-0.020284810329655973,-0.020284810329655973,-0.020284810329655973,-0.020284810329655973,208,8.909999451134354e-05,,,0.0,0.0,0.0,0.0,A,A,False
beijing,Dongsi,fixed_panel,natural,72,3,8082,constant,hist_gradient_boosting,97,0,0,-0.005950736938159245,-0.005950736938159245,-0.005950736938159263,-0.005950736938159263,208,8.840000373311341e-05,,,0.0,0.0,0.0,0.0,A,A,False
beijing,Dongsi,fixed_panel,natural,72,3,8082,logistic,hist_gradient_boosting,97,0,0,0.014334073391496768,0.014334073391496768,0.01433407339149675,0.01433407339149675,208,8.770001295488328e-05,,,0.0,0.0,0.0,0.0,B,B,False
beijing,Dongsi,fixed_panel,natural,72,3,8250,constant,logistic,97,3,0,-0.001476902052252093,-0.001476902052252093,-0.0014769020522520976,-0.0014769020522520976,208,9.289999434258789e-05,,,0.0,0.0,0.0,0.0,A,A,False
beijing,Dongsi,fixed_panel,natural,72,3,8250,constant,hist_gradient_boosting,97,3,0,-0.004932258750151786,-0.004932258750151786,-0.004932258750151786,-0.004932258750151786,208,8.800000068731606e-05,,,0.0,0.0,0.0,0.0,A,A,False
beijing,Dongsi,fixed_panel,natural,72,3,8250,logistic,hist_gradient_boosting,97,3,0,-0.0034553566978996956,-0.0034553566978996956,-0.0034553566978997047,-0.0034553566978997047,208,8.909999451134354e-05,,,0.0,0.0,0.0,0.0,A,A,False
beijing,Dongsi,fixed_panel,natural,72,3,8418,constant,logistic,97,1,0,-0.030711661826363444,-0.030711661826363444,-0.030711661826363517,-0.030711661826363517,208,8.849998994264752e-05,,,0.0,0.0,0.0,0.0,A,A,False
beijing,Dongsi,fixed_panel,natural,72,3,8418,constant,hist_gradient_boosting,97,1,0,-0.0945798473399708,-0.0945798473399708,-0.0945798473399708,-0.0945798473399708,208,8.879999222699553e-05,,,0.0,0.0,0.0,0.0,A,A,False
beijing,Dongsi,fixed_panel,natural,72,3,8418,logistic,hist_gradient_boosting,97,1,0,-0.06386818551360733,-0.06386818551360733,-0.06386818551360733,-0.06386818551360733,208,8.689999231137335e-05,,,0.0,0.0,0.0,0.0,A,A,False
beijing,Dongsi,fixed_panel,natural,72,3,8586,constant,logistic,97,17,0,0.003165706279262394,0.003165706279262394,0.003165706279262412,0.003165706279262412,208,8.969999908003956e-05,,,0.0,0.0,0.0,0.0,B,B,False
beijing,Dongsi,fixed_panel,natural,72,3,8586,constant,hist_gradient_boosting,97,17,0,-0.0010407421137985193,-0.0010407421137985193,-0.001040742113798565,-0.001040742113798565,208,8.81000014487654e-05,,,0.0,0.0,0.0,0.0,A,A,False
beijing,Dongsi,fixed_panel,natural,72,3,8586,logistic,hist_gradient_boosting,97,17,0,-0.0042064483930609135,-0.0042064483930609135,-0.004206448393060895,-0.004206448393060895,208,8.769999840296805e-05,,,0.0,0.0,0.0,0.0,A,A,False
beijing,Dongsi,artificial,iid_10,72,3,6972,constant,logistic,567,58,13,0.004118419183345935,0.0065565037916585685,0.0041219430509422395,0.006552979924062238,208,0.00030870000773575157,0.0041219430509422585,True,0.002438084608312634,0.0024310368731199983,7.047735192635546e-06,0.0028906852406214035,B,B,False
beijing,Dongsi,artificial,iid_10,72,3,6972,constant,hist_gradient_boosting,567,58,13,-0.0016392088162004268,0.0008650959247338552,-0.0016392088162004517,0.000865095924733849,208,0.00023039999359752983,-0.00163920881620044,True,0.002504304740934282,0.0025043047409343006,-1.8648277366750676e-17,-7.446488864527547e-15,UNRESOLVED,UNRESOLVED,False
beijing,Dongsi,artificial,iid_10,72,3,6972,logistic,hist_gradient_boosting,567,58,13,-0.006148635007508852,-0.005300400858962235,-0.0059724060556523885,-0.005433425275852725,208,0.0002103000006172806,-0.0057611518671427,True,0.0008482341485466175,0.0005389807797996637,0.00030925336874695376,0.36458490768950425,A,A,False
beijing,Dongsi,artificial,iid_30,72,3,6972,constant,logistic,567,177,53,-0.004553704657780926,0.003083309457744822,-0.003961883954961692,0.0021878823206253344,208,0.00031939998734742403,-0.0010807754232257977,True,0.007637014115525748,0.006149766275587026,0.0014872478399387216,0.194742057228257,UNRESOLVED,UNRESOLVED,False
beijing,Dongsi,artificial,iid_30,72,3,6972,constant,hist_gradient_boosting,567,177,53,-0.007200129972172456,0.0027786929665447116,-0.00595684306423412,0.0012412302437900585,208,0.0002564000023994595,-0.003991400128111082,True,0.009978822938717168,0.007198073308024178,0.00278074963069299,0.27866509384627586,UNRESOLVED,UNRESOLVED,False
beijing,Dongsi,artificial,iid_30,72,3,6972,logistic,hist_gradient_boosting,567,177,53,-0.004051063974276845,0.0011000221686852194,-0.003605194932282033,0.000691489112342774,208,0.00023809999402146786,-0.0029106247048852852,True,0.005151086142962064,0.004296684044624808,0.0008544020983372565,0.16586833817652755,UNRESOLVED,UNRESOLVED,False
beijing,Dongsi,artificial,blocks_10,72,3,6972,constant,logistic,567,54,0,0.002161542843188756,0.002161542843188756,0.0021615428431887183,0.0021615428431887183,208,0.00029969999741297215,0.002161542843188736,True,0.0,0.0,0.0,0.0,B,B,False
beijing,Dongsi,artificial,blocks_10,72,3,6972,constant,hist_gradient_boosting,567,54,0,-0.007943652657569229,-0.007943652657569229,-0.007943652657569229,-0.007943652657569229,208,0.00023010000586509705,-0.00794365265756924,True,0.0,0.0,0.0,0.0,A,A,False
beijing,Dongsi,artificial,blocks_10,72,3,6972,logistic,hist_gradient_boosting,567,54,0,-0.01010519550075798,-0.01010519550075798,-0.01010519550075798,-0.01010519550075798,208,0.00021660000493284315,-0.010105195500757978,True,0.0,0.0,0.0,0.0,A,A,False
beijing,Guanyuan,full_station,natural,72,3,6570,constant,logistic,2119,37,0,0.003913934018797098,0.003913934018797098,0.003913934018797014,0.003913934018797014,208,0.0006449000065913424,,,0.0,0.0,0.0,0.0,B,B,False
beijing,Guanyuan,full_station,natural,72,3,6570,constant,hist_gradient_boosting,2119,37,0,-0.019877551534643236,-0.019877551534643236,-0.019877551534643233,-0.019877551534643233,208,0.0005784999957541004,,,0.0,0.0,0.0,0.0,A,A,False
beijing,Guanyuan,full_station,natural,72,3,6570,logistic,hist_gradient_boosting,2119,37,0,-0.02379148555344033,-0.02379148555344033,-0.023791485553440336,-0.023791485553440336,208,0.0005563000013353303,,,0.0,0.0,0.0,0.0,A,A,False
beijing,Guanyuan,fixed_panel,natural,72,3,6570,constant,logistic,97,0,0,0.0013045369969673802,0.0013045369969673802,0.0013045369969673986,0.0013045369969673986,208,0.00018699999782256782,,,0.0,0.0,0.0,0.0,B,B,False
beijing,Guanyuan,fixed_panel,natural,72,3,6570,constant,hist_gradient_boosting,97,0,0,-0.05886167751663743,-0.05886167751663743,-0.05886167751663743,-0.05886167751663743,208,0.0002049000031547621,,,0.0,0.0,0.0,0.0,A,A,False
beijing,Guanyuan,fixed_panel,natural,72,3,6570,logistic,hist_gradient_boosting,97,0,0,-0.06016621451360479,-0.06016621451360479,-0.06016621451360483,-0.06016621451360483,208,0.00016969999705906957,,,0.0,0.0,0.0,0.0,A,A,False
beijing,Guanyuan,fixed_panel,natural,72,3,6738,constant,logistic,97,1,0,0.10978590284472858,0.10978590284472858,0.10978590284472856,0.10978590284472856,208,0.00011669998639263213,,,0.0,0.0,0.0,0.0,B,B,False
beijing,Guanyuan,fixed_panel,natural,72,3,6738,constant,hist_gradient_boosting,97,1,0,-0.012329216465165216,-0.012329216465165216,-0.012329216465165197,-0.012329216465165197,208,0.00010580000525806099,,,0.0,0.0,0.0,0.0,A,A,False
beijing,Guanyuan,fixed_panel,natural,72,3,6738,logistic,hist_gradient_boosting,97,1,0,-0.1221151193098938,-0.1221151193098938,-0.1221151193098938,-0.1221151193098938,208,9.73999995039776e-05,,,0.0,0.0,0.0,0.0,A,A,False
beijing,Guanyuan,fixed_panel,natural,72,3,6906,constant,logistic,97,0,0,0.0025095450237040797,0.0025095450237040797,0.002509545023704089,0.002509545023704089,208,9.790000331122428e-05,,,0.0,0.0,0.0,0.0,B,B,False
beijing,Guanyuan,fixed_panel,natural,72,3,6906,constant,hist_gradient_boosting,97,0,0,0.0008452591990472916,0.0008452591990472916,0.0008452591990472916,0.0008452591990472916,208,9.380000119563192e-05,,,0.0,0.0,0.0,0.0,B,B,False
beijing,Guanyuan,fixed_panel,natural,72,3,6906,logistic,hist_gradient_boosting,97,0,0,-0.0016642858246567903,-0.0016642858246567903,-0.0016642858246567903,-0.0016642858246567903,208,9.26000066101551e-05,,,0.0,0.0,0.0,0.0,A,A,False
beijing,Guanyuan,fixed_panel,natural,72,3,7074,constant,logistic,97,0,0,0.0030945675710752733,0.0030945675710752733,0.003094567571075237,0.003094567571075237,208,9.270000737160444e-05,,,0.0,0.0,0.0,0.0,B,B,False
beijing,Guanyuan,fixed_panel,natural,72,3,7074,constant,hist_gradient_boosting,97,0,0,0.0034414286801300693,0.0034414286801300693,0.0034414286801300693,0.0034414286801300693,208,9.519999730400741e-05,,,0.0,0.0,0.0,0.0,B,B,False
beijing,Guanyuan,fixed_panel,natural,72,3,7074,logistic,hist_gradient_boosting,97,0,0,0.000346861109054782,0.000346861109054782,0.000346861109054782,0.000346861109054782,208,9.560000034980476e-05,,,0.0,0.0,0.0,0.0,B,B,False
beijing,Guanyuan,fixed_panel,natural,72,3,7242,constant,logistic,97,0,0,0.0007805880671590059,0.0007805880671590059,0.000780588067159015,0.000780588067159015,208,9.410000347997993e-05,,,0.0,0.0,0.0,0.0,B,B,False
beijing,Guanyuan,fixed_panel,natural,72,3,7242,constant,hist_gradient_boosting,97,0,0,-0.004938705998022879,-0.004938705998022879,-0.00493870599802286,-0.00493870599802286,208,9.620000491850078e-05,,,0.0,0.0,0.0,0.0,A,A,False
beijing,Guanyuan,fixed_panel,natural,72,3,7242,logistic,hist_gradient_boosting,97,0,0,-0.0057192940651818866,-0.0057192940651818866,-0.0057192940651818866,-0.0057192940651818866,208,9.240000508725643e-05,,,0.0,0.0,0.0,0.0,A,A,False
beijing,Guanyuan,fixed_panel,natural,72,3,7410,constant,logistic,97,0,0,0.02188440972064558,0.02188440972064558,0.021884409720645596,0.021884409720645596,208,9.420000424142927e-05,,,0.0,0.0,0.0,0.0,B,B,False
beijing,Guanyuan,fixed_panel,natural,72,3,7410,constant,hist_gradient_boosting,97,0,0,0.0233737048336873,0.0233737048336873,0.0233737048336873,0.0233737048336873,208,9.300000965595245e-05,,,0.0,0.0,0.0,0.0,B,B,False
beijing,Guanyuan,fixed_panel,natural,72,3,7410,logistic,hist_gradient_boosting,97,0,0,0.0014892951130417338,0.0014892951130417338,0.0014892951130417338,0.0014892951130417338,208,9.129999671131372e-05,,,0.0,0.0,0.0,0.0,B,B,False
beijing,Guanyuan,fixed_panel,natural,72,3,7578,constant,logistic,97,3,0,0.00268963224870532,0.00268963224870532,0.0026896322487052924,0.0026896322487052924,208,9.099999442696571e-05,,,0.0,0.0,0.0,0.0,B,B,False
beijing,Guanyuan,fixed_panel,natural,72,3,7578,constant,hist_gradient_boosting,97,3,0,0.002762510352683177,0.002762510352683177,0.0027625103526831953,0.0027625103526831953,208,0.00010060000931844115,,,0.0,0.0,0.0,0.0,B,B,False
beijing,Guanyuan,fixed_panel,natural,72,3,7578,logistic,hist_gradient_boosting,97,3,0,7.287810397786485e-05,7.287810397786485e-05,7.287810397786485e-05,7.287810397786485e-05,208,9.180000051856041e-05,,,0.0,0.0,0.0,0.0,B,B,False
beijing,Guanyuan,fixed_panel,natural,72,3,7746,constant,logistic,97,5,0,-0.018585718670670364,-0.018585718670670364,-0.018585718670670392,-0.018585718670670392,208,9.14999982342124e-05,,,0.0,0.0,0.0,0.0,A,A,False
beijing,Guanyuan,fixed_panel,natural,72,3,7746,constant,hist_gradient_boosting,97,5,0,-0.11806899048628965,-0.11806899048628965,-0.11806899048628945,-0.11806899048628945,208,9.010000212583691e-05,,,0.0,0.0,0.0,0.0,A,A,False
beijing,Guanyuan,fixed_panel,natural,72,3,7746,logistic,hist_gradient_boosting,97,5,0,-0.09948327181561924,-0.09948327181561924,-0.09948327181561933,-0.09948327181561933,208,8.959999831859022e-05,,,0.0,0.0,0.0,0.0,A,A,False
beijing,Guanyuan,fixed_panel,natural,72,3,7914,constant,logistic,97,5,0,-0.0030717395199546067,-0.0030717395199546067,-0.0030717395199546136,-0.0030717395199546136,208,9.289999434258789e-05,,,0.0,0.0,0.0,0.0,A,A,False
beijing,Guanyuan,fixed_panel,natural,72,3,7914,constant,hist_gradient_boosting,97,5,0,-0.019618053517682442,-0.019618053517682442,-0.019618053517682442,-0.019618053517682442,208,9.180000051856041e-05,,,0.0,0.0,0.0,0.0,A,A,False
beijing,Guanyuan,fixed_panel,natural,72,3,7914,logistic,hist_gradient_boosting,97,5,0,-0.01654631399772783,-0.01654631399772783,-0.016546313997727814,-0.016546313997727814,208,9.169999975711107e-05,,,0.0,0.0,0.0,0.0,A,A,False
beijing,Guanyuan,fixed_panel,natural,72,3,8082,constant,logistic,97,0,0,-0.023240595854492358,-0.023240595854492358,-0.02324059585449238,-0.02324059585449238,208,9.049999061971903e-05,,,0.0,0.0,0.0,0.0,A,A,False
beijing,Guanyuan,fixed_panel,natural,72,3,8082,constant,hist_gradient_boosting,97,0,0,-0.0062706286019221895,-0.0062706286019221895,-0.006270628601922219,-0.006270628601922219,208,9.109999518841505e-05,,,0.0,0.0,0.0,0.0,A,A,False
beijing,Guanyuan,fixed_panel,natural,72,3,8082,logistic,hist_gradient_boosting,97,0,0,0.01696996725257015,0.01696996725257015,0.01696996725257015,0.01696996725257015,208,8.97999998414889e-05,,,0.0,0.0,0.0,0.0,B,B,False
beijing,Guanyuan,fixed_panel,natural,72,3,8250,constant,logistic,97,3,0,-0.003744503829360197,-0.003744503829360197,-0.0037445038293601996,-0.0037445038293601996,208,9.099999442696571e-05,,,0.0,0.0,0.0,0.0,A,A,False
beijing,Guanyuan,fixed_panel,natural,72,3,8250,constant,hist_gradient_boosting,97,3,0,-0.005841263084480831,-0.005841263084480831,-0.005841263084480831,-0.005841263084480831,208,9.099999442696571e-05,,,0.0,0.0,0.0,0.0,A,A,False
beijing,Guanyuan,fixed_panel,natural,72,3,8250,logistic,hist_gradient_boosting,97,3,0,-0.002096759255120639,-0.002096759255120639,-0.0020967592551206665,-0.0020967592551206665,208,9.169999975711107e-05,,,0.0,0.0,0.0,0.0,A,A,False
beijing,Guanyuan,fixed_panel,natural,72,3,8418,constant,logistic,97,2,0,-0.02954877779437754,-0.02954877779437754,-0.02954877779437754,-0.02954877779437754,208,9.06999921426177e-05,,,0.0,0.0,0.0,0.0,A,A,False
beijing,Guanyuan,fixed_panel,natural,72,3,8418,constant,hist_gradient_boosting,97,2,0,-0.10319229498058367,-0.10319229498058367,-0.1031922949805837,-0.1031922949805837,208,9.020000288728625e-05,,,0.0,0.0,0.0,0.0,A,A,False
beijing,Guanyuan,fixed_panel,natural,72,3,8418,logistic,hist_gradient_boosting,97,2,0,-0.07364351718620615,-0.07364351718620615,-0.07364351718620618,-0.07364351718620618,208,9.030000364873558e-05,,,0.0,0.0,0.0,0.0,A,A,False
beijing,Guanyuan,fixed_panel,natural,72,3,8586,constant,logistic,97,18,0,0.002233999351843073,0.002233999351843073,0.002233999351843091,0.002233999351843091,208,9.339999814983457e-05,,,0.0,0.0,0.0,0.0,B,B,False
beijing,Guanyuan,fixed_panel,natural,72,3,8586,constant,hist_gradient_boosting,97,18,0,-9.112362324730136e-05,-9.112362324730136e-05,-9.112362324733799e-05,-9.112362324733799e-05,208,9.139999747276306e-05,,,0.0,0.0,0.0,0.0,A,A,False
beijing,Guanyuan,fixed_panel,natural,72,3,8586,logistic,hist_gradient_boosting,97,18,0,-0.002325122975090388,-0.002325122975090388,-0.0023251229750903784,-0.0023251229750903784,208,9.040000441018492e-05,,,0.0,0.0,0.0,0.0,A,A,False
beijing,Guanyuan,artificial,iid_10,72,3,6881,constant,logistic,669,82,16,0.005828196785325236,0.008327376175565893,0.0060014559786884135,0.008154116982202768,208,0.0003336999943712726,0.006001455978688387,True,0.0024991793902406564,0.0021526610035143548,0.0003465183867263017,0.13865286664873383,B,B,False
beijing,Guanyuan,artificial,iid_10,72,3,6881,constant,hist_gradient_boosting,669,82,16,-0.0018449471279169216,0.00023608541567093173,-0.0018449471279169535,0.00023608541567089985,208,0.0002604000037536025,-0.0018449471279169411,True,0.0020810325435878536,0.0020810325435878536,0.0,0.0,UNRESOLVED,UNRESOLVED,False
beijing,Guanyuan,artificial,iid_10,72,3,6881,logistic,hist_gradient_boosting,669,82,16,-0.008609244522893397,-0.0071551901502437424,-0.008591215949449144,-0.007229316902678639,208,0.0002607999922474846,-0.007846403106605327,True,0.0014540543726496548,0.0013618990467705048,9.215532587915007e-05,0.06337818420862747,A,A,False
beijing,Guanyuan,artificial,iid_30,72,3,6881,constant,logistic,669,221,67,-0.002329129363975745,0.004209009777807348,-0.0016944502824795718,0.0035743306963110896,208,0.00034929999674204737,0.00040796997712659014,True,0.006538139141783092,0.005268780978790661,0.0012693581629924311,0.19414670374332987,UNRESOLVED,UNRESOLVED,False
beijing,Guanyuan,artificial,iid_30,72,3,6881,constant,hist_gradient_boosting,669,221,67,-0.0044657125047981375,0.002867342136873345,-0.004082835045375451,0.002253012417136326,208,0.0002854000049410388,-0.0025498943095789944,True,0.007333054641671482,0.006335847462511777,0.0009972071791597053,0.1359879651643239,UNRESOLVED,UNRESOLVED,False
beijing,Guanyuan,artificial,iid_30,72,3,6881,logistic,hist_gradient_boosting,669,221,67,-0.003773602687124269,0.00029535190536789433,-0.0034601183379890975,-0.00014832496498300005,208,0.00026789998810272664,-0.0029578642867055843,True,0.0040689545924921635,0.0033117933730060973,0.0007571612194860662,0.1860824942316002,UNRESOLVED,A,True
beijing,Guanyuan,artificial,blocks_10,72,3,6881,constant,logistic,669,63,25,0.004188804477115782,0.00929757972671813,0.0047888149029426865,0.008829429151407818,208,0.00039879999530967325,0.008697569300891161,True,0.005108775249602349,0.004040614248465132,0.0010681610011372168,0.2090835765813654,B,B,False
beijing,Guanyuan,artificial,blocks_10,72,3,6881,constant,hist_gradient_boosting,669,63,25,-0.002532316942954444,0.0006145863472303654,-0.0025323169429544543,0.000614586347230323,208,0.00025490000552963465,-0.0025323169429544547,True,0.0031469032901848093,0.003146903290184777,3.209238430557093e-17,1.0198084067491706e-14,UNRESOLVED,UNRESOLVED,False
beijing,Guanyuan,artificial,blocks_10,72,3,6881,logistic,hist_gradient_boosting,669,63,25,-0.011229886243845615,-0.004174228555712361,-0.011229886243845626,-0.004174228555712369,208,0.00025049998657777905,-0.011229886243845615,True,0.007055657688133254,0.007055657688133257,-2.6020852139652106e-18,-3.6879414067119453e-16,A,A,False
beijing,Gucheng,full_station,natural,72,3,6570,constant,logistic,2119,44,0,-0.00261304125501363,-0.00261304125501363,-0.002613041255013667,-0.002613041255013667,208,0.0006240000075194985,,,0.0,0.0,0.0,0.0,A,A,False
beijing,Gucheng,full_station,natural,72,3,6570,constant,hist_gradient_boosting,2119,44,0,-0.026495263451600415,-0.026495263451600415,-0.026495263451600335,-0.026495263451600335,208,0.0005605999904219061,,,0.0,0.0,0.0,0.0,A,A,False
beijing,Gucheng,full_station,natural,72,3,6570,logistic,hist_gradient_boosting,2119,44,0,-0.023882222196586797,-0.023882222196586797,-0.02388222219658684,-0.02388222219658684,208,0.0005368999991333112,,,0.0,0.0,0.0,0.0,A,A,False
beijing,Gucheng,fixed_panel,natural,72,3,6570,constant,logistic,97,0,0,0.0018121944726169886,0.0018121944726169886,0.0018121944726169795,0.0018121944726169795,208,0.0002179000002797693,,,0.0,0.0,0.0,0.0,B,B,False
beijing,Gucheng,fixed_panel,natural,72,3,6570,constant,hist_gradient_boosting,97,0,0,-0.05170044064392775,-0.05170044064392775,-0.05170044064392775,-0.05170044064392775,208,0.00011569999333005399,,,0.0,0.0,0.0,0.0,A,A,False
beijing,Gucheng,fixed_panel,natural,72,3,6570,logistic,hist_gradient_boosting,97,0,0,-0.05351263511654474,-0.05351263511654474,-0.05351263511654478,-0.05351263511654478,208,9.940000018104911e-05,,,0.0,0.0,0.0,0.0,A,A,False
beijing,Gucheng,fixed_panel,natural,72,3,6738,constant,logistic,97,0,0,0.00646825116296456,0.00646825116296456,0.006468251162964567,0.006468251162964567,208,9.719999798107892e-05,,,0.0,0.0,0.0,0.0,B,B,False
beijing,Gucheng,fixed_panel,natural,72,3,6738,constant,hist_gradient_boosting,97,0,0,-0.006426630020432213,-0.006426630020432213,-0.00642663002043225,-0.00642663002043225,208,9.300000965595245e-05,,,0.0,0.0,0.0,0.0,A,A,False
beijing,Gucheng,fixed_panel,natural,72,3,6738,logistic,hist_gradient_boosting,97,0,0,-0.01289488118339674,-0.01289488118339674,-0.01289488118339674,-0.01289488118339674,208,9.129999671131372e-05,,,0.0,0.0,0.0,0.0,A,A,False
beijing,Gucheng,fixed_panel,natural,72,3,6906,constant,logistic,97,0,0,0.0005383010751397088,0.0005383010751397088,0.0005383010751396905,0.0005383010751396905,208,9.23999905353412e-05,,,0.0,0.0,0.0,0.0,B,B,False
beijing,Gucheng,fixed_panel,natural,72,3,6906,constant,hist_gradient_boosting,97,0,0,-0.020713290615936783,-0.020713290615936783,-0.020713290615936776,-0.020713290615936776,208,9.369998588226736e-05,,,0.0,0.0,0.0,0.0,A,A,False
beijing,Gucheng,fixed_panel,natural,72,3,6906,logistic,hist_gradient_boosting,97,0,0,-0.02125159169107649,-0.02125159169107649,-0.02125159169107649,-0.02125159169107649,208,9.23000043258071e-05,,,0.0,0.0,0.0,0.0,A,A,False
beijing,Gucheng,fixed_panel,natural,72,3,7074,constant,logistic,97,0,0,0.003562125172957082,0.003562125172957082,0.0035621251729571366,0.0035621251729571366,208,8.769999840296805e-05,,,0.0,0.0,0.0,0.0,B,B,False
beijing,Gucheng,fixed_panel,natural,72,3,7074,constant,hist_gradient_boosting,97,0,0,0.0024485102515072812,0.0024485102515072812,0.0024485102515072995,0.0024485102515072995,208,8.739999611862004e-05,,,0.0,0.0,0.0,0.0,B,B,False
beijing,Gucheng,fixed_panel,natural,72,3,7074,logistic,hist_gradient_boosting,97,0,0,-0.001113614921449796,-0.001113614921449796,-0.0011136149214498053,-0.0011136149214498053,208,8.769999840296805e-05,,,0.0,0.0,0.0,0.0,A,A,False
beijing,Gucheng,fixed_panel,natural,72,3,7242,constant,logistic,97,0,0,0.0020973599330714045,0.0020973599330714045,0.0020973599330713585,0.0020973599330713585,208,8.89999937498942e-05,,,0.0,0.0,0.0,0.0,B,B,False
beijing,Gucheng,fixed_panel,natural,72,3,7242,constant,hist_gradient_boosting,97,0,0,-0.018148995030015852,-0.018148995030015852,-0.018148995030015873,-0.018148995030015873,208,9.049999061971903e-05,,,0.0,0.0,0.0,0.0,A,A,False
beijing,Gucheng,fixed_panel,natural,72,3,7242,logistic,hist_gradient_boosting,97,0,0,-0.020246354963087264,-0.020246354963087264,-0.020246354963087246,-0.020246354963087246,208,8.769999840296805e-05,,,0.0,0.0,0.0,0.0,A,A,False
beijing,Gucheng,fixed_panel,natural,72,3,7410,constant,logistic,97,0,0,0.01263862824785484,0.01263862824785484,0.012638628247854848,0.012638628247854848,208,8.949999755714089e-05,,,0.0,0.0,0.0,0.0,B,B,False
beijing,Gucheng,fixed_panel,natural,72,3,7410,constant,hist_gradient_boosting,97,0,0,0.012988831762590084,0.012988831762590084,0.012988831762590093,0.012988831762590093,208,9.800000407267362e-05,,,0.0,0.0,0.0,0.0,B,B,False
beijing,Gucheng,fixed_panel,natural,72,3,7410,logistic,hist_gradient_boosting,97,0,0,0.00035020351473524894,0.00035020351473524894,0.00035020351473524894,0.00035020351473524894,208,8.850000449456275e-05,,,0.0,0.0,0.0,0.0,B,B,False
beijing,Gucheng,fixed_panel,natural,72,3,7578,constant,logistic,97,2,0,0.0029643185091311965,0.0029643185091311965,0.0029643185091312333,0.0029643185091312333,208,9.270000737160444e-05,,,0.0,0.0,0.0,0.0,B,B,False
beijing,Gucheng,fixed_panel,natural,72,3,7578,constant,hist_gradient_boosting,97,2,0,0.002767959356754272,0.002767959356754272,0.002767959356754272,0.002767959356754272,208,9.800000407267362e-05,,,0.0,0.0,0.0,0.0,B,B,False
beijing,Gucheng,fixed_panel,natural,72,3,7578,logistic,hist_gradient_boosting,97,2,0,-0.00019635915237693627,-0.00019635915237693627,-0.00019635915237693627,-0.00019635915237693627,208,8.959999831859022e-05,,,0.0,0.0,0.0,0.0,A,A,False
beijing,Gucheng,fixed_panel,natural,72,3,7746,constant,logistic,97,15,0,-0.008441760254114517,-0.008441760254114517,-0.008441760254114517,-0.008441760254114517,208,0.00010200000542681664,,,0.0,0.0,0.0,0.0,A,A,False
beijing,Gucheng,fixed_panel,natural,72,3,7746,constant,hist_gradient_boosting,97,15,0,-0.18412503894357768,-0.18412503894357768,-0.18412503894357773,-0.18412503894357773,208,9.110000974033028e-05,,,0.0,0.0,0.0,0.0,A,A,False
beijing,Gucheng,fixed_panel,natural,72,3,7746,logistic,hist_gradient_boosting,97,15,0,-0.1756832786894632,-0.1756832786894632,-0.17568327868946326,-0.17568327868946326,208,0.0001024999946821481,,,0.0,0.0,0.0,0.0,A,A,False
beijing,Gucheng,fixed_panel,natural,72,3,7914,constant,logistic,97,5,0,-0.004765605187805388,-0.004765605187805388,-0.004765605187805368,-0.004765605187805368,208,9.329999738838524e-05,,,0.0,0.0,0.0,0.0,A,A,False
beijing,Gucheng,fixed_panel,natural,72,3,7914,constant,hist_gradient_boosting,97,5,0,-0.01943027136333968,-0.01943027136333968,-0.01943027136333969,-0.01943027136333969,208,9.050000517163426e-05,,,0.0,0.0,0.0,0.0,A,A,False
beijing,Gucheng,fixed_panel,natural,72,3,7914,logistic,hist_gradient_boosting,97,5,0,-0.014664666175534295,-0.014664666175534295,-0.014664666175534304,-0.014664666175534304,208,9.010000212583691e-05,,,0.0,0.0,0.0,0.0,A,A,False
beijing,Gucheng,fixed_panel,natural,72,3,8082,constant,logistic,97,0,0,-0.022632826122640868,-0.022632826122640868,-0.022632826122640868,-0.022632826122640868,208,8.990000060293823e-05,,,0.0,0.0,0.0,0.0,A,A,False
beijing,Gucheng,fixed_panel,natural,72,3,8082,constant,hist_gradient_boosting,97,0,0,-0.008701955089857738,-0.008701955089857738,-0.008701955089857747,-0.008701955089857747,208,9.000000136438757e-05,,,0.0,0.0,0.0,0.0,A,A,False
beijing,Gucheng,fixed_panel,natural,72,3,8082,logistic,hist_gradient_boosting,97,0,0,0.01393087103278313,0.01393087103278313,0.01393087103278313,0.01393087103278313,208,8.959999831859022e-05,,,0.0,0.0,0.0,0.0,B,B,False
beijing,Gucheng,fixed_panel,natural,72,3,8250,constant,logistic,97,5,0,-0.0012720561765857262,-0.0012720561765857262,-0.0012720561765857286,-0.0012720561765857286,208,0.00010109999857377261,,,0.0,0.0,0.0,0.0,A,A,False
beijing,Gucheng,fixed_panel,natural,72,3,8250,constant,hist_gradient_boosting,97,5,0,-0.015035664283753919,-0.015035664283753919,-0.015035664283753945,-0.015035664283753945,208,9.589998808223754e-05,,,0.0,0.0,0.0,0.0,A,A,False
beijing,Gucheng,fixed_panel,natural,72,3,8250,logistic,hist_gradient_boosting,97,5,0,-0.013763608107168201,-0.013763608107168201,-0.013763608107168238,-0.013763608107168238,208,8.959999831859022e-05,,,0.0,0.0,0.0,0.0,A,A,False
beijing,Gucheng,fixed_panel,natural,72,3,8418,constant,logistic,97,3,0,-0.02955679827690311,-0.02955679827690311,-0.02955679827690311,-0.02955679827690311,208,9.070000669453293e-05,,,0.0,0.0,0.0,0.0,A,A,False
beijing,Gucheng,fixed_panel,natural,72,3,8418,constant,hist_gradient_boosting,97,3,0,-0.07552115353572103,-0.07552115353572103,-0.07552115353572103,-0.07552115353572103,208,9.06000059330836e-05,,,0.0,0.0,0.0,0.0,A,A,False
beijing,Gucheng,fixed_panel,natural,72,3,8418,logistic,hist_gradient_boosting,97,3,0,-0.04596435525881793,-0.04596435525881793,-0.04596435525881793,-0.04596435525881793,208,8.959999831859022e-05,,,0.0,0.0,0.0,0.0,A,A,False
beijing,Gucheng,fixed_panel,natural,72,3,8586,constant,logistic,97,14,0,0.0022559631692642777,0.0022559631692642777,0.0022559631692642777,0.0022559631692642777,208,9.539999882690609e-05,,,0.0,0.0,0.0,0.0,B,B,False
beijing,Gucheng,fixed_panel,natural,72,3,8586,constant,hist_gradient_boosting,97,14,0,-0.010828509032715004,-0.010828509032715004,-0.010828509032715022,-0.010828509032715022,208,9.14999982342124e-05,,,0.0,0.0,0.0,0.0,A,A,False
beijing,Gucheng,fixed_panel,natural,72,3,8586,logistic,hist_gradient_boosting,97,14,0,-0.013084472201979285,-0.013084472201979285,-0.013084472201979341,-0.013084472201979341,208,8.969999908003956e-05,,,0.0,0.0,0.0,0.0,A,A,False
beijing,Gucheng,artificial,iid_10,72,3,6570,constant,logistic,1103,100,45,0.002102791321414761,0.0063000595872850455,0.002539557730419789,0.005863293178279979,208,0.00043790000199805945,0.0025395577304197607,True,0.004197268265870285,0.00332373544786019,0.0008735328180100948,0.20811936780718773,B,B,False
beijing,Gucheng,artificial,iid_10,72,3,6570,constant,hist_gradient_boosting,1103,100,45,-0.008412857963685128,-0.004919264285117415,-0.007761041532384151,-0.0055710807164183855,208,0.00035909999860450625,-0.005571080716418401,True,0.003493593678567712,0.002189960815965766,0.0013036328626019464,0.373149536707544,A,A,False
beijing,Gucheng,artificial,iid_10,72,3,6570,logistic,hist_gradient_boosting,1103,100,45,-0.014195642995079054,-0.007539330162423303,-0.013624334710664168,-0.008110638446838136,208,0.0003473000106168911,-0.008110638446838162,True,0.006656312832655751,0.005513696263826032,0.0011426165688297185,0.17165908477499167,A,A,False
beijing,Gucheng,artificial,iid_30,72,3,6570,constant,logistic,1103,334,66,-0.0012717634352112366,0.0036228870347145567,-0.0006980335760193351,0.0030491571755226553,208,0.0004830999969271943,0.002670458360519942,True,0.004894650469925793,0.00374719075154199,0.001147459718383803,0.23443139105317962,UNRESOLVED,UNRESOLVED,False
beijing,Gucheng,artificial,iid_30,72,3,6570,constant,hist_gradient_boosting,1103,334,66,-0.007054542770317205,-0.0013321861339981014,-0.007006323194241191,-0.0013804057100742053,208,0.00040750000334810466,-0.0018063500695678636,True,0.005722356636319103,0.005625917484166985,9.643915215211754e-05,0.016853048189976478,A,A,False
beijing,Gucheng,artificial,iid_30,72,3,6570,logistic,hist_gradient_boosting,1103,334,66,-0.006688620199665942,-0.004049232304152664,-0.006380766424030187,-0.004357086079788348,208,0.00040580000495538116,-0.004476808430087805,True,0.002639387895513278,0.002023680344241839,0.0006157075512714391,0.23327664430002373,A,A,False
beijing,Gucheng,artificial,blocks_10,72,3,6570,constant,logistic,1103,108,18,0.0004175718315067615,0.0020517106505048024,0.00041757183150670994,0.0020517106505047508,208,0.0004478999908315018,0.0020517106505047794,True,0.0016341388189980409,0.0016341388189980409,0.0,0.0,B,B,False
beijing,Gucheng,artificial,blocks_10,72,3,6570,constant,hist_gradient_boosting,1103,108,18,-0.005758382349528102,-0.004359811385256723,-0.005758382349528012,-0.004359811385256621,208,0.00037549999251496047,-0.004359811385256728,True,0.001398570964271379,0.001398570964271391,-1.214306433183765e-17,-8.682479932767579e-15,A,A,False
beijing,Gucheng,artificial,blocks_10,72,3,6570,logistic,hist_gradient_boosting,1103,108,18,-0.006432457479681991,-0.006155018737114366,-0.006427421773336582,-0.00617595418103485,208,0.0003615000023273751,-0.006411522035761508,True,0.0002774387425676251,0.000251467592301732,2.597115026589311e-05,0.09361039494894156,A,A,False
beijing,Huairou,full_station,natural,72,3,6570,constant,logistic,2119,75,43,0.0013977130043074065,0.004484109616933291,0.0014018814491807993,0.004379202433836546,208,0.0006419999990612268,,,0.0030863966126258844,0.002977320984655747,0.0001090756279701374,0.03534076843006143,B,B,False
beijing,Huairou,full_station,natural,72,3,6570,constant,hist_gradient_boosting,2119,75,43,-0.01316365546711662,-0.00455713104747965,-0.012854362317784555,-0.004891683824653243,208,0.0005960999988019466,,,0.008606524419636968,0.007962678493131311,0.0006438459265056574,0.07480905126308995,A,A,False
beijing,Huairou,full_station,natural,72,3,6570,logistic,hist_gradient_boosting,2119,75,43,-0.015414425009420056,-0.008188184126416899,-0.014331722877347223,-0.00927088625848974,208,0.0005566000036196783,,,0.007226240883003157,0.005060836618857482,0.002165404264145675,0.29965846685777153,A,A,False
beijing,Huairou,fixed_panel,natural,72,3,6570,constant,logistic,97,5,0,-0.0008058050180038312,-0.0008058050180038312,-0.000805805018003822,-0.000805805018003822,208,0.00018289999570697546,,,0.0,0.0,0.0,0.0,A,A,False
beijing,Huairou,fixed_panel,natural,72,3,6570,constant,hist_gradient_boosting,97,5,0,-0.016001478687526487,-0.016001478687526487,-0.016001478687526507,-0.016001478687526507,208,0.00011890000314451754,,,0.0,0.0,0.0,0.0,A,A,False
beijing,Huairou,fixed_panel,natural,72,3,6570,logistic,hist_gradient_boosting,97,5,0,-0.015195673669522658,-0.015195673669522658,-0.015195673669522658,-0.015195673669522658,208,0.00010609999299049377,,,0.0,0.0,0.0,0.0,A,A,False
beijing,Huairou,fixed_panel,natural,72,3,6738,constant,logistic,97,1,0,0.0517242264830753,0.0517242264830753,0.051724226483075314,0.051724226483075314,208,0.00010189999011345208,,,0.0,0.0,0.0,0.0,B,B,False
beijing,Huairou,fixed_panel,natural,72,3,6738,constant,hist_gradient_boosting,97,1,0,-0.037006123350438756,-0.037006123350438756,-0.037006123350438756,-0.037006123350438756,208,9.610000415705144e-05,,,0.0,0.0,0.0,0.0,A,A,False
beijing,Huairou,fixed_panel,natural,72,3,6738,logistic,hist_gradient_boosting,97,1,0,-0.08873034983351405,-0.08873034983351405,-0.08873034983351405,-0.08873034983351405,208,9.919999865815043e-05,,,0.0,0.0,0.0,0.0,A,A,False
beijing,Huairou,fixed_panel,natural,72,3,6906,constant,logistic,97,26,15,-0.0013182853238994248,0.012874758404951088,-0.0012625928305642587,0.010618391826097091,208,0.00010429999383632094,,,0.014193043728850514,0.011880984656661351,0.0023120590721891626,0.16290086301146167,UNRESOLVED,UNRESOLVED,False
beijing,Huairou,fixed_panel,natural,72,3,6906,constant,hist_gradient_boosting,97,26,15,-0.013413013095026825,0.046914341216778274,-0.013413013095026832,0.04636253553228314,208,9.799998952075839e-05,,,0.060327354311805095,0.059775548627309966,0.0005518056844951297,0.009146857023483793,UNRESOLVED,UNRESOLVED,False
beijing,Huairou,fixed_panel,natural,72,3,6906,logistic,hist_gradient_boosting,97,26,15,-0.01452765969869131,0.0364725147393911,-0.013799288665486268,0.03574414370618607,208,9.65999934123829e-05,,,0.05100017443808241,0.04954343237167234,0.0014567420664100758,0.028563472232406913,UNRESOLVED,UNRESOLVED,False
beijing,Huairou,fixed_panel,natural,72,3,7074,constant,logistic,97,0,0,0.003388010003813104,0.003388010003813104,0.003388010003813067,0.003388010003813067,208,0.00010590000601951033,,,0.0,0.0,0.0,0.0,B,B,False
beijing,Huairou,fixed_panel,natural,72,3,7074,constant,hist_gradient_boosting,97,0,0,0.0036500483874237813,0.0036500483874237813,0.0036500483874237813,0.0036500483874237813,208,0.00010050000855699182,,,0.0,0.0,0.0,0.0,B,B,False
beijing,Huairou,fixed_panel,natural,72,3,7074,logistic,hist_gradient_boosting,97,0,0,0.00026203838361068095,0.00026203838361068095,0.00026203838361068095,0.00026203838361068095,208,9.460000728722662e-05,,,0.0,0.0,0.0,0.0,B,B,False
beijing,Huairou,fixed_panel,natural,72,3,7242,constant,logistic,97,1,0,-0.0016785654225906998,-0.0016785654225906998,-0.0016785654225907089,-0.0016785654225907089,208,9.48999950196594e-05,,,0.0,0.0,0.0,0.0,A,A,False
beijing,Huairou,fixed_panel,natural,72,3,7242,constant,hist_gradient_boosting,97,1,0,-0.001236159050515055,-0.001236159050515055,-0.0012361590505150643,-0.0012361590505150643,208,9.329999738838524e-05,,,0.0,0.0,0.0,0.0,A,A,False
beijing,Huairou,fixed_panel,natural,72,3,7242,logistic,hist_gradient_boosting,97,1,0,0.0004424063720756492,0.0004424063720756492,0.0004424063720756492,0.0004424063720756492,208,9.31999966269359e-05,,,0.0,0.0,0.0,0.0,B,B,False
beijing,Huairou,fixed_panel,natural,72,3,7410,constant,logistic,97,0,0,0.0312913331811628,0.0312913331811628,0.03129133318116278,0.03129133318116278,208,0.00012539999443106353,,,0.0,0.0,0.0,0.0,B,B,False
beijing,Huairou,fixed_panel,natural,72,3,7410,constant,hist_gradient_boosting,97,0,0,0.010087894613678733,0.010087894613678733,0.01008789461367875,0.01008789461367875,208,0.00010050000855699182,,,0.0,0.0,0.0,0.0,B,B,False
beijing,Huairou,fixed_panel,natural,72,3,7410,logistic,hist_gradient_boosting,97,0,0,-0.021203438567484065,-0.021203438567484065,-0.021203438567484065,-0.021203438567484065,208,9.339999814983457e-05,,,0.0,0.0,0.0,0.0,A,A,False
beijing,Huairou,fixed_panel,natural,72,3,7578,constant,logistic,97,1,0,-0.003565167587316162,-0.003565167587316162,-0.003565167587316169,-0.003565167587316169,208,9.460000728722662e-05,,,0.0,0.0,0.0,0.0,A,A,False
beijing,Huairou,fixed_panel,natural,72,3,7578,constant,hist_gradient_boosting,97,1,0,0.0015619913761484075,0.0015619913761484075,0.001561991376148435,0.001561991376148435,208,9.770000178832561e-05,,,0.0,0.0,0.0,0.0,B,B,False
beijing,Huairou,fixed_panel,natural,72,3,7578,logistic,hist_gradient_boosting,97,1,0,0.00512715896346456,0.00512715896346456,0.005127158963464541,0.005127158963464541,208,9.840000711847097e-05,,,0.0,0.0,0.0,0.0,B,B,False
beijing,Huairou,fixed_panel,natural,72,3,7746,constant,logistic,97,4,0,-0.015828286517770983,-0.015828286517770983,-0.015828286517770993,-0.015828286517770993,208,9.799998952075839e-05,,,0.0,0.0,0.0,0.0,A,A,False
beijing,Huairou,fixed_panel,natural,72,3,7746,constant,hist_gradient_boosting,97,4,0,-0.002275084195545557,-0.002275084195545557,-0.002275084195545573,-0.002275084195545573,208,9.469999349676073e-05,,,0.0,0.0,0.0,0.0,A,A,False
beijing,Huairou,fixed_panel,natural,72,3,7746,logistic,hist_gradient_boosting,97,4,0,0.013553202322225438,0.013553202322225438,0.013553202322225438,0.013553202322225438,208,9.300000965595245e-05,,,0.0,0.0,0.0,0.0,B,B,False
beijing,Huairou,fixed_panel,natural,72,3,7914,constant,logistic,97,6,0,-0.0046048328003513665,-0.0046048328003513665,-0.0046048328003513595,-0.0046048328003513595,208,9.539999882690609e-05,,,0.0,0.0,0.0,0.0,A,A,False
beijing,Huairou,fixed_panel,natural,72,3,7914,constant,hist_gradient_boosting,97,6,0,-0.025351730478149394,-0.025351730478149394,-0.025351730478149405,-0.025351730478149405,208,9.40000027185306e-05,,,0.0,0.0,0.0,0.0,A,A,False
beijing,Huairou,fixed_panel,natural,72,3,7914,logistic,hist_gradient_boosting,97,6,0,-0.020746897677798033,-0.020746897677798033,-0.020746897677798044,-0.020746897677798044,208,9.339999814983457e-05,,,0.0,0.0,0.0,0.0,A,A,False
beijing,Huairou,fixed_panel,natural,72,3,8082,constant,logistic,97,2,0,-0.02180122616757024,-0.02180122616757024,-0.021801226167570256,-0.021801226167570256,208,9.520001185592264e-05,,,0.0,0.0,0.0,0.0,A,A,False
beijing,Huairou,fixed_panel,natural,72,3,8082,constant,hist_gradient_boosting,97,2,0,-0.004022973295669165,-0.004022973295669165,-0.004022973295669149,-0.004022973295669149,208,9.359999967273325e-05,,,0.0,0.0,0.0,0.0,A,A,False
beijing,Huairou,fixed_panel,natural,72,3,8082,logistic,hist_gradient_boosting,97,2,0,0.017778252871901084,0.017778252871901084,0.017778252871901046,0.017778252871901046,208,0.0001100999943446368,,,0.0,0.0,0.0,0.0,B,B,False
beijing,Huairou,fixed_panel,natural,72,3,8250,constant,logistic,97,6,0,-0.006168138858268536,-0.006168138858268536,-0.006168138858268536,-0.006168138858268536,208,9.529999806545675e-05,,,0.0,0.0,0.0,0.0,A,A,False
beijing,Huairou,fixed_panel,natural,72,3,8250,constant,hist_gradient_boosting,97,6,0,0.0017014460969380979,0.0017014460969380979,0.0017014460969380703,0.0017014460969380703,208,9.31999966269359e-05,,,0.0,0.0,0.0,0.0,B,B,False
beijing,Huairou,fixed_panel,natural,72,3,8250,logistic,hist_gradient_boosting,97,6,0,0.007869584955206637,0.007869584955206637,0.007869584955206637,0.007869584955206637,208,9.209998825099319e-05,,,0.0,0.0,0.0,0.0,B,B,False
beijing,Huairou,fixed_panel,natural,72,3,8418,constant,logistic,97,2,0,-0.014477785905256188,-0.014477785905256188,-0.014477785905256202,-0.014477785905256202,208,9.259999205823988e-05,,,0.0,0.0,0.0,0.0,A,A,False
beijing,Huairou,fixed_panel,natural,72,3,8418,constant,hist_gradient_boosting,97,2,0,-0.04491297401615676,-0.04491297401615676,-0.04491297401615674,-0.04491297401615674,208,9.159999899566174e-05,,,0.0,0.0,0.0,0.0,A,A,False
beijing,Huairou,fixed_panel,natural,72,3,8418,logistic,hist_gradient_boosting,97,2,0,-0.03043518811090057,-0.03043518811090057,-0.030435188110900575,-0.030435188110900575,208,9.070000669453293e-05,,,0.0,0.0,0.0,0.0,A,A,False
beijing,Huairou,fixed_panel,natural,72,3,8586,constant,logistic,97,21,0,0.002716889192666641,0.002716889192666641,0.002716889192666641,0.002716889192666641,208,9.620000491850078e-05,,,0.0,0.0,0.0,0.0,B,B,False
beijing,Huairou,fixed_panel,natural,72,3,8586,constant,hist_gradient_boosting,97,21,0,-0.007395713993827229,-0.007395713993827229,-0.0073957139938272244,-0.0073957139938272244,208,9.370000043418258e-05,,,0.0,0.0,0.0,0.0,A,A,False
beijing,Huairou,fixed_panel,natural,72,3,8586,logistic,hist_gradient_boosting,97,21,0,-0.010112603186493884,-0.010112603186493884,-0.010112603186493848,-0.010112603186493848,208,9.210000280290842e-05,,,0.0,0.0,0.0,0.0,A,A,False
beijing,Huairou,artificial,iid_10,72,3,7310,constant,logistic,288,39,0,0.008379231097725303,0.008379231097725303,0.008379231097725278,0.008379231097725278,208,0.00024229999689850956,0.008379231097725297,True,0.0,0.0,0.0,0.0,B,B,False
beijing,Huairou,artificial,iid_10,72,3,7310,constant,hist_gradient_boosting,288,39,0,0.002492709284047323,0.002492709284047323,0.002492709284047335,0.002492709284047335,208,0.00017600000137463212,0.0024927092840473053,True,0.0,0.0,0.0,0.0,B,B,False
beijing,Huairou,artificial,iid_10,72,3,7310,logistic,hist_gradient_boosting,288,39,0,-0.005886521813677986,-0.005886521813677986,-0.005886521813677982,-0.005886521813677982,208,0.0001559000083943829,-0.005886521813677991,True,0.0,0.0,0.0,0.0,A,A,False
beijing,Huairou,artificial,iid_30,72,3,7310,constant,logistic,288,109,29,-0.002447152170404513,0.002603417002283331,-0.0013465378946060245,0.001567338642952085,208,0.00022309999621938914,0.00037045813437547044,True,0.0050505691726878445,0.0029138765375581093,0.002136692635129735,0.423059770507532,UNRESOLVED,UNRESOLVED,False
beijing,Huairou,artificial,iid_30,72,3,7310,constant,hist_gradient_boosting,288,109,29,-0.00675200618123691,0.0009109389917617561,-0.006456188113740417,0.0006151209242652876,208,0.0001720000000204891,-0.0009798154329248487,True,0.007662945172998666,0.007071309038005705,0.0005916361349929608,0.07720740807041969,UNRESOLVED,UNRESOLVED,False
beijing,Huairou,artificial,iid_30,72,3,7310,logistic,hist_gradient_boosting,288,109,29,-0.005955700327256793,-4.163169409717742e-05,-0.005576810219217459,-0.0008876818022195529,208,0.00015709998842794448,-0.0013502735673003193,True,0.005914068633159616,0.004689128416997906,0.00122494021616171,0.20712309784394242,A,A,False
beijing,Huairou,artificial,blocks_10,72,3,7310,constant,logistic,288,18,34,-0.006362835509752767,0.03378534101249564,-0.006362835509752772,0.03378534101249564,208,0.0002201999886892736,0.011327392200678,True,0.040148176522248405,0.04014817652224841,-6.938893903907228e-18,-1.728321060873584e-16,UNRESOLVED,UNRESOLVED,False
beijing,Huairou,artificial,blocks_10,72,3,7310,constant,hist_gradient_boosting,288,18,34,-0.0031242819620743035,0.00791327213934413,-0.0011166656066025997,0.004719687095673824,208,0.00017240000306628644,0.002535605771568102,True,0.011037554101418434,0.005836352702276424,0.00520120139914201,0.47122771506719996,UNRESOLVED,UNRESOLVED,False
beijing,Huairou,artificial,blocks_10,72,3,7310,logistic,hist_gradient_boosting,288,18,34,-0.02906565391682181,0.006432138591348761,-0.02906565391682181,0.006432138591348761,208,0.00014970000484026968,-0.0087917864291099,True,0.03549779250817057,0.03549779250817057,0.0,0.0,UNRESOLVED,UNRESOLVED,False
beijing,Nongzhanguan,full_station,natural,72,3,6570,constant,logistic,2119,29,0,-0.0017768536644291455,-0.0017768536644291455,-0.0017768536644291186,-0.0017768536644291186,208,0.0006057999999029562,,,0.0,0.0,0.0,0.0,A,A,False
beijing,Nongzhanguan,full_station,natural,72,3,6570,constant,hist_gradient_boosting,2119,29,0,-0.016886728481987575,-0.016886728481987575,-0.01688672848198756,-0.01688672848198756,208,0.0005395000043790787,,,0.0,0.0,0.0,0.0,A,A,False
beijing,Nongzhanguan,full_station,natural,72,3,6570,logistic,hist_gradient_boosting,2119,29,0,-0.015109874817558433,-0.015109874817558433,-0.015109874817558445,-0.015109874817558445,208,0.0005975999956717715,,,0.0,0.0,0.0,0.0,A,A,False
beijing,Nongzhanguan,fixed_panel,natural,72,3,6570,constant,logistic,97,0,0,0.0025103064210895407,0.0025103064210895407,0.0025103064210895407,0.0025103064210895407,208,0.00016929999401327223,,,0.0,0.0,0.0,0.0,B,B,False
beijing,Nongzhanguan,fixed_panel,natural,72,3,6570,constant,hist_gradient_boosting,97,0,0,-0.05049322353803305,-0.05049322353803305,-0.05049322353803304,-0.05049322353803304,208,0.00010920000204350799,,,0.0,0.0,0.0,0.0,A,A,False
beijing,Nongzhanguan,fixed_panel,natural,72,3,6570,logistic,hist_gradient_boosting,97,0,0,-0.05300352995912261,-0.05300352995912261,-0.05300352995912257,-0.05300352995912257,208,0.00010170000314246863,,,0.0,0.0,0.0,0.0,A,A,False
beijing,Nongzhanguan,fixed_panel,natural,72,3,6738,constant,logistic,97,0,0,0.008350134263324115,0.008350134263324115,0.008350134263324106,0.008350134263324106,208,9.720001253299415e-05,,,0.0,0.0,0.0,0.0,B,B,False
beijing,Nongzhanguan,fixed_panel,natural,72,3,6738,constant,hist_gradient_boosting,97,0,0,-0.006525683767679051,-0.006525683767679051,-0.0065256837676790705,-0.0065256837676790705,208,9.339999814983457e-05,,,0.0,0.0,0.0,0.0,A,A,False
beijing,Nongzhanguan,fixed_panel,natural,72,3,6738,logistic,hist_gradient_boosting,97,0,0,-0.014875818031003182,-0.014875818031003182,-0.0148758180310032,-0.0148758180310032,208,9.109999518841505e-05,,,0.0,0.0,0.0,0.0,A,A,False
beijing,Nongzhanguan,fixed_panel,natural,72,3,6906,constant,logistic,97,1,0,0.0031425907980769632,0.0031425907980769632,0.0031425907980769815,0.0031425907980769815,208,9.859999408945441e-05,,,0.0,0.0,0.0,0.0,B,B,False
beijing,Nongzhanguan,fixed_panel,natural,72,3,6906,constant,hist_gradient_boosting,97,1,0,0.0025937176246784385,0.0025937176246784385,0.002593717624678475,0.002593717624678475,208,9.82999918051064e-05,,,0.0,0.0,0.0,0.0,B,B,False
beijing,Nongzhanguan,fixed_panel,natural,72,3,6906,logistic,hist_gradient_boosting,97,1,0,-0.0005488731733985156,-0.0005488731733985156,-0.0005488731733985156,-0.0005488731733985156,208,9.31999966269359e-05,,,0.0,0.0,0.0,0.0,A,A,False
beijing,Nongzhanguan,fixed_panel,natural,72,3,7074,constant,logistic,97,0,0,0.0035978528541828303,0.0035978528541828303,0.0035978528541828303,0.0035978528541828303,208,0.0001036000030580908,,,0.0,0.0,0.0,0.0,B,B,False
beijing,Nongzhanguan,fixed_panel,natural,72,3,7074,constant,hist_gradient_boosting,97,0,0,0.00357803000718876,0.00357803000718876,0.00357803000718876,0.00357803000718876,208,9.290000889450312e-05,,,0.0,0.0,0.0,0.0,B,B,False
beijing,Nongzhanguan,fixed_panel,natural,72,3,7074,logistic,hist_gradient_boosting,97,0,0,-1.982284699410124e-05,-1.982284699410124e-05,-1.982284699410124e-05,-1.982284699410124e-05,208,9.240000508725643e-05,,,0.0,0.0,0.0,0.0,A,A,False
beijing,Nongzhanguan,fixed_panel,natural,72,3,7242,constant,logistic,97,0,0,0.0010542753320550962,0.0010542753320550962,0.0010542753320550962,0.0010542753320550962,208,9.049999061971903e-05,,,0.0,0.0,0.0,0.0,B,B,False
beijing,Nongzhanguan,fixed_panel,natural,72,3,7242,constant,hist_gradient_boosting,97,0,0,-0.011876592179254119,-0.011876592179254119,-0.011876592179254132,-0.011876592179254132,208,8.949999755714089e-05,,,0.0,0.0,0.0,0.0,A,A,False
beijing,Nongzhanguan,fixed_panel,natural,72,3,7242,logistic,hist_gradient_boosting,97,0,0,-0.012930867511309199,-0.012930867511309199,-0.012930867511309226,-0.012930867511309226,208,8.89999937498942e-05,,,0.0,0.0,0.0,0.0,A,A,False
beijing,Nongzhanguan,fixed_panel,natural,72,3,7410,constant,logistic,97,0,0,0.00045003202338289583,0.00045003202338289583,0.00045003202338289583,0.00045003202338289583,208,9.070000669453293e-05,,,0.0,0.0,0.0,0.0,B,B,False
beijing,Nongzhanguan,fixed_panel,natural,72,3,7410,constant,hist_gradient_boosting,97,0,0,0.002950699343442823,0.002950699343442823,0.002950699343442823,0.002950699343442823,208,9.590000263415277e-05,,,0.0,0.0,0.0,0.0,B,B,False
beijing,Nongzhanguan,fixed_panel,natural,72,3,7410,logistic,hist_gradient_boosting,97,0,0,0.0025006673200599155,0.0025006673200599155,0.0025006673200599155,0.0025006673200599155,208,8.740001067053527e-05,,,0.0,0.0,0.0,0.0,B,B,False
beijing,Nongzhanguan,fixed_panel,natural,72,3,7578,constant,logistic,97,0,0,0.003398166513574009,0.003398166513574009,0.003398166513574009,0.003398166513574009,208,9.200000204145908e-05,,,0.0,0.0,0.0,0.0,B,B,False
beijing,Nongzhanguan,fixed_panel,natural,72,3,7578,constant,hist_gradient_boosting,97,0,0,0.0035912070957836864,0.0035912070957836864,0.0035912070957837047,0.0035912070957837047,208,8.620000153314322e-05,,,0.0,0.0,0.0,0.0,B,B,False
beijing,Nongzhanguan,fixed_panel,natural,72,3,7578,logistic,hist_gradient_boosting,97,0,0,0.00019304058220968195,0.00019304058220968195,0.00019304058220968195,0.00019304058220968195,208,9.039998985826969e-05,,,0.0,0.0,0.0,0.0,B,B,False
beijing,Nongzhanguan,fixed_panel,natural,72,3,7746,constant,logistic,97,4,0,-0.014868285189899178,-0.014868285189899178,-0.014868285189899152,-0.014868285189899152,208,8.770001295488328e-05,,,0.0,0.0,0.0,0.0,A,A,False
beijing,Nongzhanguan,fixed_panel,natural,72,3,7746,constant,hist_gradient_boosting,97,4,0,-0.06269331485815549,-0.06269331485815549,-0.06269331485815541,-0.06269331485815541,208,8.709999383427203e-05,,,0.0,0.0,0.0,0.0,A,A,False
beijing,Nongzhanguan,fixed_panel,natural,72,3,7746,logistic,hist_gradient_boosting,97,4,0,-0.04782502966825627,-0.04782502966825627,-0.04782502966825627,-0.04782502966825627,208,8.630000229459256e-05,,,0.0,0.0,0.0,0.0,A,A,False
beijing,Nongzhanguan,fixed_panel,natural,72,3,7914,constant,logistic,97,6,0,-0.0016514745131233671,-0.0016514745131233671,-0.001651474513123349,-0.001651474513123349,208,8.909999451134354e-05,,,0.0,0.0,0.0,0.0,A,A,False
beijing,Nongzhanguan,fixed_panel,natural,72,3,7914,constant,hist_gradient_boosting,97,6,0,-0.02007761403721141,-0.02007761403721141,-0.020077614037211405,-0.020077614037211405,208,8.72999953571707e-05,,,0.0,0.0,0.0,0.0,A,A,False
beijing,Nongzhanguan,fixed_panel,natural,72,3,7914,logistic,hist_gradient_boosting,97,6,0,-0.018426139524088052,-0.018426139524088052,-0.01842613952408806,-0.01842613952408806,208,8.740001067053527e-05,,,0.0,0.0,0.0,0.0,A,A,False
beijing,Nongzhanguan,fixed_panel,natural,72,3,8082,constant,logistic,97,0,0,-0.028051266770438652,-0.028051266770438652,-0.028051266770438652,-0.028051266770438652,208,9.40999889280647e-05,,,0.0,0.0,0.0,0.0,A,A,False
beijing,Nongzhanguan,fixed_panel,natural,72,3,8082,constant,hist_gradient_boosting,97,0,0,-0.005607570719141914,-0.005607570719141914,-0.005607570719141918,-0.005607570719141918,208,9.390000195708126e-05,,,0.0,0.0,0.0,0.0,A,A,False
beijing,Nongzhanguan,fixed_panel,natural,72,3,8082,logistic,hist_gradient_boosting,97,0,0,0.02244369605129673,0.02244369605129673,0.022443696051296674,0.022443696051296674,208,8.830000297166407e-05,,,0.0,0.0,0.0,0.0,B,B,False
beijing,Nongzhanguan,fixed_panel,natural,72,3,8250,constant,logistic,97,2,0,-0.002465148239594217,-0.002465148239594217,-0.002465148239594217,-0.002465148239594217,208,9.48999950196594e-05,,,0.0,0.0,0.0,0.0,A,A,False
beijing,Nongzhanguan,fixed_panel,natural,72,3,8250,constant,hist_gradient_boosting,97,2,0,-0.0042763130903813425,-0.0042763130903813425,-0.004276313090381352,-0.004276313090381352,208,9.420000424142927e-05,,,0.0,0.0,0.0,0.0,A,A,False
beijing,Nongzhanguan,fixed_panel,natural,72,3,8250,logistic,hist_gradient_boosting,97,2,0,-0.0018111648507871266,-0.0018111648507871266,-0.0018111648507871448,-0.0018111648507871448,208,8.850000449456275e-05,,,0.0,0.0,0.0,0.0,A,A,False
beijing,Nongzhanguan,fixed_panel,natural,72,3,8418,constant,logistic,97,1,0,-0.03739127333242954,-0.03739127333242954,-0.03739127333242954,-0.03739127333242954,208,8.879999222699553e-05,,,0.0,0.0,0.0,0.0,A,A,False
beijing,Nongzhanguan,fixed_panel,natural,72,3,8418,constant,hist_gradient_boosting,97,1,0,-0.10984612225087945,-0.10984612225087945,-0.10984612225087949,-0.10984612225087949,208,8.81000014487654e-05,,,0.0,0.0,0.0,0.0,A,A,False
beijing,Nongzhanguan,fixed_panel,natural,72,3,8418,logistic,hist_gradient_boosting,97,1,0,-0.07245484891844987,-0.07245484891844987,-0.07245484891844987,-0.07245484891844987,208,8.789999992586672e-05,,,0.0,0.0,0.0,0.0,A,A,False
beijing,Nongzhanguan,fixed_panel,natural,72,3,8586,constant,logistic,97,15,0,0.003160817637181648,0.003160817637181648,0.0031608176371816297,0.0031608176371816297,208,8.990000060293823e-05,,,0.0,0.0,0.0,0.0,B,B,False
beijing,Nongzhanguan,fixed_panel,natural,72,3,8586,constant,hist_gradient_boosting,97,15,0,0.002566846776606526,0.002566846776606526,0.0025668467766064526,0.0025668467766064526,208,8.909999451134354e-05,,,0.0,0.0,0.0,0.0,B,B,False
beijing,Nongzhanguan,fixed_panel,natural,72,3,8586,logistic,hist_gradient_boosting,97,15,0,-0.0005939708605751448,-0.0005939708605751448,-0.0005939708605751355,-0.0005939708605751355,208,9.229998977389187e-05,,,0.0,0.0,0.0,0.0,A,A,False
beijing,Nongzhanguan,artificial,iid_10,72,3,6973,constant,logistic,834,88,9,0.0032007285243694523,0.005002714389807695,0.0032007285243695377,0.0050027143898077634,208,0.00035659999412018806,0.0032007285243694206,True,0.0018019858654382426,0.0018019858654382257,1.691355389077387e-17,9.386063573068314e-15,B,B,False
beijing,Nongzhanguan,artificial,iid_10,72,3,6973,constant,hist_gradient_boosting,834,88,9,-0.004812780107189989,-0.004178686748620481,-0.004668099883868184,-0.004323366971942243,208,0.0002897000085795298,-0.0043233669719422805,True,0.0006340933585695079,0.0003447329119259405,0.0002893604466435674,0.45633729281813373,A,A,False
beijing,Nongzhanguan,artificial,iid_10,72,3,6973,logistic,hist_gradient_boosting,834,88,9,-0.00967081427367589,-0.007524095496311701,-0.009670814273675896,-0.0075240954963117085,208,0.0002818999928422272,-0.007524095496311701,True,0.00214671877736419,0.0021467187773641875,2.6020852139652106e-18,1.2121220727198063e-15,A,A,False
beijing,Nongzhanguan,artificial,iid_30,72,3,6973,constant,logistic,834,278,55,-0.002158046344459594,0.003822452764387295,-0.0019638610933933143,0.003628267513321168,208,0.0003954999992856756,0.0005971701933423047,True,0.005980499108846888,0.0055921286067144825,0.00038837050213240583,0.06493947997716336,UNRESOLVED,UNRESOLVED,False
beijing,Nongzhanguan,artificial,iid_30,72,3,6973,constant,hist_gradient_boosting,834,278,55,-0.004818091765150565,0.0017127108562626898,-0.004818091765150446,0.0017127108562628262,208,0.0003324999997857958,-0.001977330019705952,True,0.006530802621413255,0.006530802621413272,-1.734723475976807e-17,-2.6562178901089125e-15,UNRESOLVED,UNRESOLVED,False
beijing,Nongzhanguan,artificial,iid_30,72,3,6973,logistic,hist_gradient_boosting,834,278,55,-0.0032386853294386073,-0.0015311019993769427,-0.0029002687341455847,-0.0018816866921621623,208,0.00030620000325143337,-0.0025745002130482565,True,0.0017075833300616646,0.0010185820419834225,0.0006890012880782421,0.4034949720745756,A,A,False
beijing,Nongzhanguan,artificial,blocks_10,72,3,6973,constant,logistic,834,72,0,0.0037694888365864434,0.0037694888365864434,0.003769488836586546,0.003769488836586546,208,0.0003536000003805384,0.0037694888365864335,True,0.0,0.0,0.0,0.0,B,B,False
beijing,Nongzhanguan,artificial,blocks_10,72,3,6973,constant,hist_gradient_boosting,834,72,0,-0.0053549280747673626,-0.0053549280747673626,-0.005354928074767379,-0.005354928074767379,208,0.0002908000024035573,-0.005354928074767379,True,0.0,0.0,0.0,0.0,A,A,False
beijing,Nongzhanguan,artificial,blocks_10,72,3,6973,logistic,hist_gradient_boosting,834,72,0,-0.00912441691135381,-0.00912441691135381,-0.009124416911353815,-0.009124416911353815,208,0.0002840000088326633,-0.009124416911353812,True,0.0,0.0,0.0,0.0,A,A,False
beijing,Shunyi,full_station,natural,72,3,6570,constant,logistic,2119,47,0,0.008243096399207072,0.008243096399207072,0.008243096399207065,0.008243096399207065,208,0.0006055000121705234,,,0.0,0.0,0.0,0.0,B,B,False
beijing,Shunyi,full_station,natural,72,3,6570,constant,hist_gradient_boosting,2119,47,0,-0.005171577028791695,-0.005171577028791695,-0.005171577028791686,-0.005171577028791686,208,0.0005741999921156093,,,0.0,0.0,0.0,0.0,A,A,False
beijing,Shunyi,full_station,natural,72,3,6570,logistic,hist_gradient_boosting,2119,47,0,-0.013414673427998774,-0.013414673427998774,-0.013414673427998763,-0.013414673427998763,208,0.0005601000011665747,,,0.0,0.0,0.0,0.0,A,A,False
beijing,Shunyi,fixed_panel,natural,72,3,6570,constant,logistic,97,0,0,-8.9033178514045e-05,-8.9033178514045e-05,-8.903317851406331e-05,-8.903317851406331e-05,208,0.00017330000991933048,,,0.0,0.0,0.0,0.0,A,A,False
beijing,Shunyi,fixed_panel,natural,72,3,6570,constant,hist_gradient_boosting,97,0,0,-0.004481433489226554,-0.004481433489226554,-0.004481433489226545,-0.004481433489226545,208,0.00013099999341648072,,,0.0,0.0,0.0,0.0,A,A,False
beijing,Shunyi,fixed_panel,natural,72,3,6570,logistic,hist_gradient_boosting,97,0,0,-0.004392400310712509,-0.004392400310712509,-0.004392400310712509,-0.004392400310712509,208,0.00010540000221226364,,,0.0,0.0,0.0,0.0,A,A,False
beijing,Shunyi,fixed_panel,natural,72,3,6738,constant,logistic,97,0,0,0.09993901427973065,0.09993901427973065,0.09993901427973065,0.09993901427973065,208,9.770000178832561e-05,,,0.0,0.0,0.0,0.0,B,B,False
beijing,Shunyi,fixed_panel,natural,72,3,6738,constant,hist_gradient_boosting,97,0,0,-0.021346227632228994,-0.021346227632228994,-0.021346227632228976,-0.021346227632228976,208,0.00010019999172072858,,,0.0,0.0,0.0,0.0,A,A,False
beijing,Shunyi,fixed_panel,natural,72,3,6738,logistic,hist_gradient_boosting,97,0,0,-0.12128524191195966,-0.12128524191195966,-0.12128524191195966,-0.12128524191195966,208,9.51000110944733e-05,,,0.0,0.0,0.0,0.0,A,A,False
beijing,Shunyi,fixed_panel,natural,72,3,6906,constant,logistic,97,2,0,0.014002791672934778,0.014002791672934778,0.01400279167293475,0.01400279167293475,208,9.73999995039776e-05,,,0.0,0.0,0.0,0.0,B,B,False
beijing,Shunyi,fixed_panel,natural,72,3,6906,constant,hist_gradient_boosting,97,2,0,0.06424731931725063,0.06424731931725063,0.06424731931725063,0.06424731931725063,208,9.980000322684646e-05,,,0.0,0.0,0.0,0.0,B,B,False
beijing,Shunyi,fixed_panel,natural,72,3,6906,logistic,hist_gradient_boosting,97,2,0,0.050244527644315855,0.050244527644315855,0.050244527644315855,0.050244527644315855,208,9.800000407267362e-05,,,0.0,0.0,0.0,0.0,B,B,False
beijing,Shunyi,fixed_panel,natural,72,3,7074,constant,logistic,97,0,0,0.003331807917786539,0.003331807917786539,0.003331807917786539,0.003331807917786539,208,0.00010550000297371298,,,0.0,0.0,0.0,0.0,B,B,False
beijing,Shunyi,fixed_panel,natural,72,3,7074,constant,hist_gradient_boosting,97,0,0,0.0013152478328818968,0.0013152478328818968,0.0013152478328818968,0.0013152478328818968,208,9.299999510403723e-05,,,0.0,0.0,0.0,0.0,B,B,False
beijing,Shunyi,fixed_panel,natural,72,3,7074,logistic,hist_gradient_boosting,97,0,0,-0.0020165600849046286,-0.0020165600849046286,-0.0020165600849046147,-0.0020165600849046147,208,0.00011820001236628741,,,0.0,0.0,0.0,0.0,A,A,False
beijing,Shunyi,fixed_panel,natural,72,3,7242,constant,logistic,97,0,0,0.0010411815217473365,0.0010411815217473365,0.0010411815217473274,0.0010411815217473274,208,9.960000170394778e-05,,,0.0,0.0,0.0,0.0,B,B,False
beijing,Shunyi,fixed_panel,natural,72,3,7242,constant,hist_gradient_boosting,97,0,0,-0.0026107419361733677,-0.0026107419361733677,-0.0026107419361734046,-0.0026107419361734046,208,9.279999358113855e-05,,,0.0,0.0,0.0,0.0,A,A,False
beijing,Shunyi,fixed_panel,natural,72,3,7242,logistic,hist_gradient_boosting,97,0,0,-0.0036519234579207105,-0.0036519234579207105,-0.0036519234579207105,-0.0036519234579207105,208,9.560000034980476e-05,,,0.0,0.0,0.0,0.0,A,A,False
beijing,Shunyi,fixed_panel,natural,72,3,7410,constant,logistic,97,0,0,0.029656336987537824,0.029656336987537824,0.029656336987537824,0.029656336987537824,208,9.26000066101551e-05,,,0.0,0.0,0.0,0.0,B,B,False
beijing,Shunyi,fixed_panel,natural,72,3,7410,constant,hist_gradient_boosting,97,0,0,0.00974276129806939,0.00974276129806939,0.009742761298069379,0.009742761298069379,208,0.0001016000023810193,,,0.0,0.0,0.0,0.0,B,B,False
beijing,Shunyi,fixed_panel,natural,72,3,7410,logistic,hist_gradient_boosting,97,0,0,-0.01991357568946844,-0.01991357568946844,-0.01991357568946844,-0.01991357568946844,208,9.279999358113855e-05,,,0.0,0.0,0.0,0.0,A,A,False
beijing,Shunyi,fixed_panel,natural,72,3,7578,constant,logistic,97,0,0,0.0015045416059262498,0.0015045416059262498,0.0015045416059262407,0.0015045416059262407,208,9.359999967273325e-05,,,0.0,0.0,0.0,0.0,B,B,False
beijing,Shunyi,fixed_panel,natural,72,3,7578,constant,hist_gradient_boosting,97,0,0,-0.007507087467320071,-0.007507087467320071,-0.007507087467320076,-0.007507087467320076,208,9.629999112803489e-05,,,0.0,0.0,0.0,0.0,A,A,False
beijing,Shunyi,fixed_panel,natural,72,3,7578,logistic,hist_gradient_boosting,97,0,0,-0.009011629073246326,-0.009011629073246326,-0.00901162907324632,-0.00901162907324632,208,9.06999921426177e-05,,,0.0,0.0,0.0,0.0,A,A,False
beijing,Shunyi,fixed_panel,natural,72,3,7746,constant,logistic,97,3,0,-0.015458525850143751,-0.015458525850143751,-0.015458525850143743,-0.015458525850143743,208,9.270000737160444e-05,,,0.0,0.0,0.0,0.0,A,A,False
beijing,Shunyi,fixed_panel,natural,72,3,7746,constant,hist_gradient_boosting,97,3,0,-0.005997273438249821,-0.005997273438249821,-0.005997273438249848,-0.005997273438249848,208,9.210000280290842e-05,,,0.0,0.0,0.0,0.0,A,A,False
beijing,Shunyi,fixed_panel,natural,72,3,7746,logistic,hist_gradient_boosting,97,3,0,0.009461252411893911,0.009461252411893911,0.009461252411893911,0.009461252411893911,208,9.180000051856041e-05,,,0.0,0.0,0.0,0.0,B,B,False
beijing,Shunyi,fixed_panel,natural,72,3,7914,constant,logistic,97,10,0,-0.005616633316546526,-0.005616633316546526,-0.00561663331654654,-0.00561663331654654,208,9.770000178832561e-05,,,0.0,0.0,0.0,0.0,A,A,False
beijing,Shunyi,fixed_panel,natural,72,3,7914,constant,hist_gradient_boosting,97,10,0,-0.03528274201130418,-0.03528274201130418,-0.0352827420113042,-0.0352827420113042,208,9.190000128000975e-05,,,0.0,0.0,0.0,0.0,A,A,False
beijing,Shunyi,fixed_panel,natural,72,3,7914,logistic,hist_gradient_boosting,97,10,0,-0.02966610869475764,-0.02966610869475764,-0.029666108694757647,-0.029666108694757647,208,9.110000974033028e-05,,,0.0,0.0,0.0,0.0,A,A,False
beijing,Shunyi,fixed_panel,natural,72,3,8082,constant,logistic,97,5,0,-0.03009520239519754,-0.03009520239519754,-0.03009520239519754,-0.03009520239519754,208,9.180000051856041e-05,,,0.0,0.0,0.0,0.0,A,A,False
beijing,Shunyi,fixed_panel,natural,72,3,8082,constant,hist_gradient_boosting,97,5,0,-0.011563252231782138,-0.011563252231782138,-0.011563252231782102,-0.011563252231782102,208,9.210000280290842e-05,,,0.0,0.0,0.0,0.0,A,A,False
beijing,Shunyi,fixed_panel,natural,72,3,8082,logistic,hist_gradient_boosting,97,5,0,0.01853195016341538,0.01853195016341538,0.018531950163415398,0.018531950163415398,208,9.849999332800508e-05,,,0.0,0.0,0.0,0.0,B,B,False
beijing,Shunyi,fixed_panel,natural,72,3,8250,constant,logistic,97,7,0,-0.0013255311773811224,-0.0013255311773811224,-0.0013255311773811224,-0.0013255311773811224,208,9.280000813305378e-05,,,0.0,0.0,0.0,0.0,A,A,False
beijing,Shunyi,fixed_panel,natural,72,3,8250,constant,hist_gradient_boosting,97,7,0,0.0013963107754777608,0.0013963107754777608,0.0013963107754777517,0.0013963107754777517,208,9.06000059330836e-05,,,0.0,0.0,0.0,0.0,B,B,False
beijing,Shunyi,fixed_panel,natural,72,3,8250,logistic,hist_gradient_boosting,97,7,0,0.002721841952858881,0.002721841952858881,0.002721841952858858,0.002721841952858858,208,9.350001346319914e-05,,,0.0,0.0,0.0,0.0,B,B,False
beijing,Shunyi,fixed_panel,natural,72,3,8418,constant,logistic,97,1,0,-0.034549352843340694,-0.034549352843340694,-0.034549352843340715,-0.034549352843340715,208,9.709999721962959e-05,,,0.0,0.0,0.0,0.0,A,A,False
beijing,Shunyi,fixed_panel,natural,72,3,8418,constant,hist_gradient_boosting,97,1,0,-0.07764694765576569,-0.07764694765576569,-0.07764694765576569,-0.07764694765576569,208,9.99000039882958e-05,,,0.0,0.0,0.0,0.0,A,A,False
beijing,Shunyi,fixed_panel,natural,72,3,8418,logistic,hist_gradient_boosting,97,1,0,-0.04309759481242499,-0.04309759481242499,-0.04309759481242497,-0.04309759481242497,208,8.969999908003956e-05,,,0.0,0.0,0.0,0.0,A,A,False
beijing,Shunyi,fixed_panel,natural,72,3,8586,constant,logistic,97,19,0,0.0024853930266705783,0.0024853930266705783,0.0024853930266705783,0.0024853930266705783,208,9.760000102687627e-05,,,0.0,0.0,0.0,0.0,B,B,False
beijing,Shunyi,fixed_panel,natural,72,3,8586,constant,hist_gradient_boosting,97,19,0,-0.004267605101608636,-0.004267605101608636,-0.004267605101608646,-0.004267605101608646,208,9.180000051856041e-05,,,0.0,0.0,0.0,0.0,A,A,False
beijing,Shunyi,fixed_panel,natural,72,3,8586,logistic,hist_gradient_boosting,97,19,0,-0.006752998128279212,-0.006752998128279212,-0.006752998128279221,-0.006752998128279221,208,9.000000136438757e-05,,,0.0,0.0,0.0,0.0,A,A,False
beijing,Shunyi,artificial,iid_10,72,3,7001,constant,logistic,810,88,3,0.007906303619372376,0.008097218731303476,0.007947987848996,0.008055534501680027,208,0.00036199999158270657,0.008024713317066296,True,0.00019091511193109964,0.00010754665268402665,8.336845924707299e-05,0.43667815713383795,B,B,False
beijing,Shunyi,artificial,iid_10,72,3,7001,constant,hist_gradient_boosting,810,88,3,0.010618451518845745,0.010828112413065258,0.010618451518845823,0.010828112413065345,208,0.0002871000033337623,0.010828112413065251,True,0.00020966089421951307,0.00020966089421952175,-8.673617379884035e-18,-4.1369743328495186e-14,B,B,False
beijing,Shunyi,artificial,iid_10,72,3,7001,logistic,hist_gradient_boosting,810,88,3,0.0026396424852362056,0.002803399095998954,0.0026396424852362034,0.0028033990959989647,208,0.0002739000046858564,0.0028033990959989564,True,0.00016375661076274825,0.00016375661076276126,-1.3010426069826053e-17,-7.944977616003333e-14,B,B,False
beijing,Shunyi,artificial,iid_30,72,3,7001,constant,logistic,810,276,145,-0.008989095211576625,0.005532046050767573,-0.008403598588202867,0.004341143402573688,208,0.0005409000004874542,0.0011600674964463264,True,0.014521141262344198,0.012744741990776555,0.001776399271567643,0.1223319324200881,UNRESOLVED,UNRESOLVED,False
beijing,Shunyi,artificial,iid_30,72,3,7001,constant,hist_gradient_boosting,810,276,145,-0.01123427571517683,0.014912058643486069,-0.010244955848719393,0.014234697998595409,208,0.0004093000025022775,0.010004232969526624,True,0.026146334358662898,0.024479653847314802,0.001666680511348096,0.06374432792319454,UNRESOLVED,UNRESOLVED,False
beijing,Shunyi,artificial,iid_30,72,3,7001,logistic,hist_gradient_boosting,810,276,145,-0.007936067312422196,0.015070899401540489,-0.007242600248472647,0.014315782165053581,208,0.0003209999995306134,0.0088441654730803,True,0.023006966713962684,0.021558382413526228,0.0014485843004364563,0.0629628546190457,UNRESOLVED,UNRESOLVED,False
beijing,Shunyi,artificial,blocks_10,72,3,7001,constant,logistic,810,58,30,0.002820049827920106,0.007205301188555797,0.002931323020481454,0.007094027995994483,208,0.00047250000352505594,0.007094027995994486,True,0.004385251360635691,0.0041627049755130294,0.00022254638512266174,0.05074883212404982,B,B,False
beijing,Shunyi,artificial,blocks_10,72,3,7001,constant,hist_gradient_boosting,810,58,30,-0.010347432015548117,0.007619509134979008,-0.010150548848830277,0.007422625968261144,208,0.00035539999953471124,0.007422625968261142,True,0.017966941150527126,0.017573174817091423,0.0003937663334357029,0.02191615869038177,UNRESOLVED,UNRESOLVED,False
beijing,Shunyi,artificial,blocks_10,72,3,7001,logistic,hist_gradient_boosting,810,58,30,-0.013362294791523911,0.0006090208944788824,-0.013081871869311666,0.0003285979722666543,208,0.0002702000056160614,0.0003285979722666565,True,0.013971315686002793,0.01341046984157832,0.0005608458444244721,0.04014266494503144,UNRESOLVED,UNRESOLVED,False
beijing,Tiantan,full_station,natural,72,3,6570,constant,logistic,2119,61,0,0.003745617589688308,0.003745617589688308,0.0037456175896883447,0.0037456175896883447,208,0.0006053999968571588,,,0.0,0.0,0.0,0.0,B,B,False
beijing,Tiantan,full_station,natural,72,3,6570,constant,hist_gradient_boosting,2119,61,0,-0.022762041353447036,-0.022762041353447036,-0.02276204135344716,-0.02276204135344716,208,0.000530699995579198,,,0.0,0.0,0.0,0.0,A,A,False
beijing,Tiantan,full_station,natural,72,3,6570,logistic,hist_gradient_boosting,2119,61,0,-0.02650765894313534,-0.02650765894313534,-0.026507658943135323,-0.026507658943135323,208,0.0005205999914323911,,,0.0,0.0,0.0,0.0,A,A,False
beijing,Tiantan,fixed_panel,natural,72,3,6570,constant,logistic,97,0,0,0.0008819389262855582,0.0008819389262855582,0.0008819389262855765,0.0008819389262855765,208,0.00017680000746622682,,,0.0,0.0,0.0,0.0,B,B,False
beijing,Tiantan,fixed_panel,natural,72,3,6570,constant,hist_gradient_boosting,97,0,0,-0.07202601529364673,-0.07202601529364673,-0.07202601529364673,-0.07202601529364673,208,0.00010849999671336263,,,0.0,0.0,0.0,0.0,A,A,False
beijing,Tiantan,fixed_panel,natural,72,3,6570,logistic,hist_gradient_boosting,97,0,0,-0.07290795421993225,-0.07290795421993225,-0.07290795421993229,-0.07290795421993229,208,9.729999874252826e-05,,,0.0,0.0,0.0,0.0,A,A,False
beijing,Tiantan,fixed_panel,natural,72,3,6738,constant,logistic,97,0,0,0.10588704938518938,0.10588704938518938,0.10588704938518938,0.10588704938518938,208,9.509999654255807e-05,,,0.0,0.0,0.0,0.0,B,B,False
beijing,Tiantan,fixed_panel,natural,72,3,6738,constant,hist_gradient_boosting,97,0,0,-0.027209457636022488,-0.027209457636022488,-0.02720945763602245,-0.02720945763602245,208,9.250000584870577e-05,,,0.0,0.0,0.0,0.0,A,A,False
beijing,Tiantan,fixed_panel,natural,72,3,6738,logistic,hist_gradient_boosting,97,0,0,-0.1330965070212119,-0.1330965070212119,-0.1330965070212119,-0.1330965070212119,208,9.499999578110874e-05,,,0.0,0.0,0.0,0.0,A,A,False
beijing,Tiantan,fixed_panel,natural,72,3,6906,constant,logistic,97,0,0,0.001386107157635461,0.001386107157635461,0.0013861071576354792,0.0013861071576354792,208,9.370000043418258e-05,,,0.0,0.0,0.0,0.0,B,B,False
beijing,Tiantan,fixed_panel,natural,72,3,6906,constant,hist_gradient_boosting,97,0,0,-0.00989607554241046,-0.00989607554241046,-0.00989607554241044,-0.00989607554241044,208,9.23000043258071e-05,,,0.0,0.0,0.0,0.0,A,A,False
beijing,Tiantan,fixed_panel,natural,72,3,6906,logistic,hist_gradient_boosting,97,0,0,-0.011282182700045919,-0.011282182700045919,-0.01128218270004591,-0.01128218270004591,208,9.000000136438757e-05,,,0.0,0.0,0.0,0.0,A,A,False
beijing,Tiantan,fixed_panel,natural,72,3,7074,constant,logistic,97,0,0,0.0031826917269835117,0.0031826917269835117,0.003182691726983548,0.003182691726983548,208,0.00010560000373516232,,,0.0,0.0,0.0,0.0,B,B,False
beijing,Tiantan,fixed_panel,natural,72,3,7074,constant,hist_gradient_boosting,97,0,0,0.002947199961848558,0.002947199961848558,0.002947199961848521,0.002947199961848521,208,9.120001050177962e-05,,,0.0,0.0,0.0,0.0,B,B,False
beijing,Tiantan,fixed_panel,natural,72,3,7074,logistic,hist_gradient_boosting,97,0,0,-0.0002354917651349686,-0.0002354917651349686,-0.0002354917651349686,-0.0002354917651349686,208,8.800000068731606e-05,,,0.0,0.0,0.0,0.0,A,A,False
beijing,Tiantan,fixed_panel,natural,72,3,7242,constant,logistic,97,0,0,-0.0004023372753118369,-0.0004023372753118369,-0.0004023372753118369,-0.0004023372753118369,208,9.020000288728625e-05,,,0.0,0.0,0.0,0.0,A,A,False
beijing,Tiantan,fixed_panel,natural,72,3,7242,constant,hist_gradient_boosting,97,0,0,-0.013881305744724489,-0.013881305744724489,-0.013881305744724497,-0.013881305744724497,208,9.349999891128391e-05,,,0.0,0.0,0.0,0.0,A,A,False
beijing,Tiantan,fixed_panel,natural,72,3,7242,logistic,hist_gradient_boosting,97,0,0,-0.013478968469412652,-0.013478968469412652,-0.01347896846941266,-0.01347896846941266,208,8.779999916441739e-05,,,0.0,0.0,0.0,0.0,A,A,False
beijing,Tiantan,fixed_panel,natural,72,3,7410,constant,logistic,97,0,0,0.025003974326784688,0.025003974326784688,0.025003974326784677,0.025003974326784677,208,9.429999045096338e-05,,,0.0,0.0,0.0,0.0,B,B,False
beijing,Tiantan,fixed_panel,natural,72,3,7410,constant,hist_gradient_boosting,97,0,0,0.036003423907073125,0.036003423907073125,0.03600342390707311,0.03600342390707311,208,9.019998833537102e-05,,,0.0,0.0,0.0,0.0,B,B,False
beijing,Tiantan,fixed_panel,natural,72,3,7410,logistic,hist_gradient_boosting,97,0,0,0.010999449580288428,0.010999449580288428,0.010999449580288428,0.010999449580288428,208,8.919999527279288e-05,,,0.0,0.0,0.0,0.0,B,B,False
beijing,Tiantan,fixed_panel,natural,72,3,7578,constant,logistic,97,0,0,0.002722812904275006,0.002722812904275006,0.0027228129042749876,0.0027228129042749876,208,9.320001117885113e-05,,,0.0,0.0,0.0,0.0,B,B,False
beijing,Tiantan,fixed_panel,natural,72,3,7578,constant,hist_gradient_boosting,97,0,0,0.003433843146898987,0.003433843146898987,0.003433843146899024,0.003433843146899024,208,8.739999611862004e-05,,,0.0,0.0,0.0,0.0,B,B,False
beijing,Tiantan,fixed_panel,natural,72,3,7578,logistic,hist_gradient_boosting,97,0,0,0.0007110302426239492,0.0007110302426239492,0.0007110302426239492,0.0007110302426239492,208,8.739999611862004e-05,,,0.0,0.0,0.0,0.0,B,B,False
beijing,Tiantan,fixed_panel,natural,72,3,7746,constant,logistic,97,14,0,-0.015485635588345975,-0.015485635588345975,-0.015485635588345995,-0.015485635588345995,208,9.120001050177962e-05,,,0.0,0.0,0.0,0.0,A,A,False
beijing,Tiantan,fixed_panel,natural,72,3,7746,constant,hist_gradient_boosting,97,14,0,-0.14553369667976218,-0.14553369667976218,-0.1455336966797621,-0.1455336966797621,208,9.82999918051064e-05,,,0.0,0.0,0.0,0.0,A,A,False
beijing,Tiantan,fixed_panel,natural,72,3,7746,logistic,hist_gradient_boosting,97,14,0,-0.13004806109141623,-0.13004806109141623,-0.13004806109141623,-0.13004806109141623,208,9.439999121241271e-05,,,0.0,0.0,0.0,0.0,A,A,False
beijing,Tiantan,fixed_panel,natural,72,3,7914,constant,logistic,97,6,0,-0.003375065298076508,-0.003375065298076508,-0.0033750652980764897,-0.0033750652980764897,208,9.229998977389187e-05,,,0.0,0.0,0.0,0.0,A,A,False
beijing,Tiantan,fixed_panel,natural,72,3,7914,constant,hist_gradient_boosting,97,6,0,-0.024685669008600596,-0.024685669008600596,-0.02468566900860058,-0.02468566900860058,208,9.549999958835542e-05,,,0.0,0.0,0.0,0.0,A,A,False
beijing,Tiantan,fixed_panel,natural,72,3,7914,logistic,hist_gradient_boosting,97,6,0,-0.021310603710524095,-0.021310603710524095,-0.021310603710524074,-0.021310603710524074,208,8.97999998414889e-05,,,0.0,0.0,0.0,0.0,A,A,False
beijing,Tiantan,fixed_panel,natural,72,3,8082,constant,logistic,97,0,0,-0.02903242800879801,-0.02903242800879801,-0.029032428008798045,-0.029032428008798045,208,8.959999831859022e-05,,,0.0,0.0,0.0,0.0,A,A,False
beijing,Tiantan,fixed_panel,natural,72,3,8082,constant,hist_gradient_boosting,97,0,0,-0.012045413170863339,-0.012045413170863339,-0.012045413170863365,-0.012045413170863365,208,8.850000449456275e-05,,,0.0,0.0,0.0,0.0,A,A,False
beijing,Tiantan,fixed_panel,natural,72,3,8082,logistic,hist_gradient_boosting,97,0,0,0.01698701483793466,0.01698701483793466,0.0169870148379347,0.0169870148379347,208,8.769999840296805e-05,,,0.0,0.0,0.0,0.0,B,B,False
beijing,Tiantan,fixed_panel,natural,72,3,8250,constant,logistic,97,7,0,-0.004406845713583163,-0.004406845713583163,-0.004406845713583143,-0.004406845713583143,208,9.690001024864614e-05,,,0.0,0.0,0.0,0.0,A,A,False
beijing,Tiantan,fixed_panel,natural,72,3,8250,constant,hist_gradient_boosting,97,7,0,-0.008314157722558602,-0.008314157722558602,-0.008314157722558594,-0.008314157722558594,208,9.190000128000975e-05,,,0.0,0.0,0.0,0.0,A,A,False
beijing,Tiantan,fixed_panel,natural,72,3,8250,logistic,hist_gradient_boosting,97,7,0,-0.003907312008975439,-0.003907312008975439,-0.003907312008975462,-0.003907312008975462,208,9.070000669453293e-05,,,0.0,0.0,0.0,0.0,A,A,False
beijing,Tiantan,fixed_panel,natural,72,3,8418,constant,logistic,97,18,0,-0.02263717064498026,-0.02263717064498026,-0.022637170644980248,-0.022637170644980248,208,9.200000204145908e-05,,,0.0,0.0,0.0,0.0,A,A,False
beijing,Tiantan,fixed_panel,natural,72,3,8418,constant,hist_gradient_boosting,97,18,0,-0.08880885433199105,-0.08880885433199105,-0.08880885433199097,-0.08880885433199097,208,8.969999908003956e-05,,,0.0,0.0,0.0,0.0,A,A,False
beijing,Tiantan,fixed_panel,natural,72,3,8418,logistic,hist_gradient_boosting,97,18,0,-0.06617168368701083,-0.06617168368701083,-0.06617168368701083,-0.06617168368701083,208,8.859999070409685e-05,,,0.0,0.0,0.0,0.0,A,A,False
beijing,Tiantan,fixed_panel,natural,72,3,8586,constant,logistic,97,16,0,0.0029989698266583388,0.0029989698266583388,0.0029989698266583756,0.0029989698266583756,208,8.959999831859022e-05,,,0.0,0.0,0.0,0.0,B,B,False
beijing,Tiantan,fixed_panel,natural,72,3,8586,constant,hist_gradient_boosting,97,16,0,0.0002749127187214609,0.0002749127187214609,0.0002749127187214609,0.0002749127187214609,208,9.250000584870577e-05,,,0.0,0.0,0.0,0.0,B,B,False
beijing,Tiantan,fixed_panel,natural,72,3,8586,logistic,hist_gradient_boosting,97,16,0,-0.0027240571079368914,-0.0027240571079368914,-0.0027240571079368823,-0.0027240571079368823,208,9.159999899566174e-05,,,0.0,0.0,0.0,0.0,A,A,False
beijing,Tiantan,artificial,iid_10,72,3,6570,constant,logistic,1108,122,23,0.006985769625813166,0.008734098698355291,0.007061606985127134,0.008645091145520948,208,0.0004256000102031976,0.007976396465492504,True,0.001748329072542125,0.0015834841603938141,0.0001648449121483108,0.09428711947723958,B,B,False
beijing,Tiantan,artificial,iid_10,72,3,6570,constant,hist_gradient_boosting,1108,122,23,-0.004779009377750596,-0.0031742398767727335,-0.0047790093777506405,-0.003174239876772753,208,0.00035659999412018806,-0.003301692402318272,True,0.0016047695009778627,0.0016047695009778875,-2.47198095326695e-17,-1.5403962698447685e-14,A,A,False
beijing,Tiantan,artificial,iid_10,72,3,6570,logistic,hist_gradient_boosting,1108,122,23,-0.012507987613480516,-0.011165129965211266,-0.01239502871088104,-0.011278088867810765,208,0.00034080000477842987,-0.011278088867810777,True,0.0013428576482692502,0.0011169398430702759,0.0002259178051989743,0.16823660012671468,A,A,False
beijing,Tiantan,artificial,iid_30,72,3,6570,constant,logistic,1108,349,58,-0.00204850305347035,0.0016923812289187442,-0.0018401533622341335,0.0014840315376826306,208,0.00047050000284798443,0.00020166952623317376,True,0.0037408842823890938,0.0033241848999167644,0.0004166993824723294,0.11139061008489864,UNRESOLVED,UNRESOLVED,False
beijing,Tiantan,artificial,iid_30,72,3,6570,constant,hist_gradient_boosting,1108,349,58,-0.008271604677373139,-0.0019032158565787912,-0.007653489846839819,-0.00221834953633808,208,0.00039539999852422625,-0.00436215148549803,True,0.006368388820794347,0.005435140310501739,0.0009332485102926088,0.14654389619636982,A,A,False
beijing,Tiantan,artificial,iid_30,72,3,6570,logistic,hist_gradient_boosting,1108,349,58,-0.006692922177590759,-0.0031257765318095645,-0.00645039525182192,-0.0035212911532135787,208,0.000384599989047274,-0.004563821011731204,True,0.003567145645781195,0.0029291040986083416,0.0006380415471728532,0.1788661329058584,A,A,False
beijing,Tiantan,artificial,blocks_10,72,3,6570,constant,logistic,1108,108,33,0.0031257336353351615,0.005609494495353722,0.0032091890210052608,0.00441630395045769,208,0.00041530000453349203,0.004416303950457712,True,0.0024837608600185605,0.001207114929452429,0.0012766459305661314,0.5139971207037184,B,B,False
beijing,Tiantan,artificial,blocks_10,72,3,6570,constant,hist_gradient_boosting,1108,108,33,-0.009192839214044703,-0.007219515028629361,-0.009155968294890248,-0.007256385947783861,208,0.0003521999897202477,-0.009155968294890248,True,0.001973324185415342,0.0018995823471063874,7.37418383089548e-05,0.037369348054401785,A,A,False
beijing,Tiantan,artificial,blocks_10,72,3,6570,logistic,hist_gradient_boosting,1108,108,33,-0.014382157742548729,-0.010765424630814232,-0.013572272245348013,-0.010765424630814282,208,0.0003415000101085752,-0.013572272245347962,True,0.003616733111734497,0.0028068476145337307,0.0008098854972007664,0.22392735990750645,A,A,False
beijing,Wanliu,full_station,natural,72,3,6570,constant,logistic,2119,32,0,0.0021197481258615333,0.0021197481258615333,0.002119748125861439,0.002119748125861439,208,0.0006462999881478027,,,0.0,0.0,0.0,0.0,B,B,False
beijing,Wanliu,full_station,natural,72,3,6570,constant,hist_gradient_boosting,2119,32,0,-0.01609029982725351,-0.01609029982725351,-0.016090299827253487,-0.016090299827253487,208,0.0005732999998144805,,,0.0,0.0,0.0,0.0,A,A,False
beijing,Wanliu,full_station,natural,72,3,6570,logistic,hist_gradient_boosting,2119,32,0,-0.018210047953115024,-0.018210047953115024,-0.018210047953114945,-0.018210047953114945,208,0.0005516999954124913,,,0.0,0.0,0.0,0.0,A,A,False
beijing,Wanliu,fixed_panel,natural,72,3,6570,constant,logistic,97,2,0,0.0033936376162273336,0.0033936376162273336,0.00339363761622737,0.00339363761622737,208,0.000182100004167296,,,0.0,0.0,0.0,0.0,B,B,False
beijing,Wanliu,fixed_panel,natural,72,3,6570,constant,hist_gradient_boosting,97,2,0,-0.001977387552331366,-0.001977387552331366,-0.0019773875523313843,-0.0019773875523313843,208,0.00011660000018309802,,,0.0,0.0,0.0,0.0,A,A,False
beijing,Wanliu,fixed_panel,natural,72,3,6570,logistic,hist_gradient_boosting,97,2,0,-0.0053710251685587,-0.0053710251685587,-0.0053710251685587,-0.0053710251685587,208,0.00010279999696649611,,,0.0,0.0,0.0,0.0,A,A,False
beijing,Wanliu,fixed_panel,natural,72,3,6738,constant,logistic,97,0,0,0.026861022966107546,0.026861022966107546,0.026861022966107546,0.026861022966107546,208,0.00010130000009667128,,,0.0,0.0,0.0,0.0,B,B,False
beijing,Wanliu,fixed_panel,natural,72,3,6738,constant,hist_gradient_boosting,97,0,0,-0.04563765757194096,-0.04563765757194096,-0.045637657571940944,-0.045637657571940944,208,9.750000026542693e-05,,,0.0,0.0,0.0,0.0,A,A,False
beijing,Wanliu,fixed_panel,natural,72,3,6738,logistic,hist_gradient_boosting,97,0,0,-0.07249868053804852,-0.07249868053804852,-0.07249868053804852,-0.07249868053804852,208,9.899999713525176e-05,,,0.0,0.0,0.0,0.0,A,A,False
beijing,Wanliu,fixed_panel,natural,72,3,6906,constant,logistic,97,2,0,0.0030540292663754284,0.0030540292663754284,0.00305402926637541,0.00305402926637541,208,9.68000094871968e-05,,,0.0,0.0,0.0,0.0,B,B,False
beijing,Wanliu,fixed_panel,natural,72,3,6906,constant,hist_gradient_boosting,97,2,0,-0.002187220261606989,-0.002187220261606989,-0.00218722026160697,-0.00218722026160697,208,0.00010609999299049377,,,0.0,0.0,0.0,0.0,A,A,False
beijing,Wanliu,fixed_panel,natural,72,3,6906,logistic,hist_gradient_boosting,97,2,0,-0.005241249527982413,-0.005241249527982413,-0.005241249527982413,-0.005241249527982413,208,0.000106100007542409,,,0.0,0.0,0.0,0.0,A,A,False
beijing,Wanliu,fixed_panel,natural,72,3,7074,constant,logistic,97,0,0,0.0038030713623709643,0.0038030713623709643,0.0038030713623709825,0.0038030713623709825,208,9.68000094871968e-05,,,0.0,0.0,0.0,0.0,B,B,False
beijing,Wanliu,fixed_panel,natural,72,3,7074,constant,hist_gradient_boosting,97,0,0,0.0036693505129941897,0.0036693505129941897,0.0036693505129941346,0.0036693505129941346,208,9.339999814983457e-05,,,0.0,0.0,0.0,0.0,B,B,False
beijing,Wanliu,fixed_panel,natural,72,3,7074,logistic,hist_gradient_boosting,97,0,0,-0.00013372084937676292,-0.00013372084937676292,-0.00013372084937676292,-0.00013372084937676292,208,9.110000974033028e-05,,,0.0,0.0,0.0,0.0,A,A,False
beijing,Wanliu,fixed_panel,natural,72,3,7242,constant,logistic,97,0,0,0.0033377681288016543,0.0033377681288016543,0.0033377681288016543,0.0033377681288016543,208,9.549999958835542e-05,,,0.0,0.0,0.0,0.0,B,B,False
beijing,Wanliu,fixed_panel,natural,72,3,7242,constant,hist_gradient_boosting,97,0,0,0.0029165514831702606,0.0029165514831702606,0.002916551483170224,0.002916551483170224,208,9.250000584870577e-05,,,0.0,0.0,0.0,0.0,B,B,False
beijing,Wanliu,fixed_panel,natural,72,3,7242,logistic,hist_gradient_boosting,97,0,0,-0.0004212166456314026,-0.0004212166456314026,-0.0004212166456314026,-0.0004212166456314026,208,9.000000136438757e-05,,,0.0,0.0,0.0,0.0,A,A,False
beijing,Wanliu,fixed_panel,natural,72,3,7410,constant,logistic,97,0,0,0.001589776696870474,0.001589776696870474,0.001589776696870474,0.001589776696870474,208,9.549999958835542e-05,,,0.0,0.0,0.0,0.0,B,B,False
beijing,Wanliu,fixed_panel,natural,72,3,7410,constant,hist_gradient_boosting,97,0,0,0.0019776241434335214,0.0019776241434335214,0.0019776241434334937,0.0019776241434334937,208,9.020000288728625e-05,,,0.0,0.0,0.0,0.0,B,B,False
beijing,Wanliu,fixed_panel,natural,72,3,7410,logistic,hist_gradient_boosting,97,0,0,0.00038784744656305414,0.00038784744656305414,0.00038784744656305414,0.00038784744656305414,208,9.049999061971903e-05,,,0.0,0.0,0.0,0.0,B,B,False
beijing,Wanliu,fixed_panel,natural,72,3,7578,constant,logistic,97,2,0,0.00354564871186631,0.00354564871186631,0.00354564871186631,0.00354564871186631,208,8.990000060293823e-05,,,0.0,0.0,0.0,0.0,B,B,False
beijing,Wanliu,fixed_panel,natural,72,3,7578,constant,hist_gradient_boosting,97,2,0,0.0023965023721913524,0.0023965023721913524,0.0023965023721913524,0.0023965023721913524,208,9.330001194030046e-05,,,0.0,0.0,0.0,0.0,B,B,False
beijing,Wanliu,fixed_panel,natural,72,3,7578,logistic,hist_gradient_boosting,97,2,0,-0.001149146339674944,-0.001149146339674944,-0.001149146339674944,-0.001149146339674944,208,8.81000014487654e-05,,,0.0,0.0,0.0,0.0,A,A,False
beijing,Wanliu,fixed_panel,natural,72,3,7746,constant,logistic,97,1,0,-0.005678090343139263,-0.005678090343139263,-0.005678090343139249,-0.005678090343139249,208,8.949999755714089e-05,,,0.0,0.0,0.0,0.0,A,A,False
beijing,Wanliu,fixed_panel,natural,72,3,7746,constant,hist_gradient_boosting,97,1,0,-0.11441091122222188,-0.11441091122222188,-0.11441091122222195,-0.11441091122222195,208,8.969999908003956e-05,,,0.0,0.0,0.0,0.0,A,A,False
beijing,Wanliu,fixed_panel,natural,72,3,7746,logistic,hist_gradient_boosting,97,1,0,-0.10873282087908269,-0.10873282087908269,-0.10873282087908269,-0.10873282087908269,208,8.830000297166407e-05,,,0.0,0.0,0.0,0.0,A,A,False
beijing,Wanliu,fixed_panel,natural,72,3,7914,constant,logistic,97,5,0,0.0008836656791272748,0.0008836656791272748,0.0008836656791272748,0.0008836656791272748,208,9.109999518841505e-05,,,0.0,0.0,0.0,0.0,B,B,False
beijing,Wanliu,fixed_panel,natural,72,3,7914,constant,hist_gradient_boosting,97,5,0,-0.0043322795236810496,-0.0043322795236810496,-0.004332279523681031,-0.004332279523681031,208,8.939999679569155e-05,,,0.0,0.0,0.0,0.0,A,A,False
beijing,Wanliu,fixed_panel,natural,72,3,7914,logistic,hist_gradient_boosting,97,5,0,-0.005215945202808331,-0.005215945202808331,-0.005215945202808331,-0.005215945202808331,208,8.870000601746142e-05,,,0.0,0.0,0.0,0.0,A,A,False
beijing,Wanliu,fixed_panel,natural,72,3,8082,constant,logistic,97,0,0,-0.008585793373208889,-0.008585793373208889,-0.008585793373208871,-0.008585793373208871,208,8.900000830180943e-05,,,0.0,0.0,0.0,0.0,A,A,False
beijing,Wanliu,fixed_panel,natural,72,3,8082,constant,hist_gradient_boosting,97,0,0,-0.003030026833356109,-0.003030026833356109,-0.0030300268333560538,-0.0030300268333560538,208,9.420000424142927e-05,,,0.0,0.0,0.0,0.0,A,A,False
beijing,Wanliu,fixed_panel,natural,72,3,8082,logistic,hist_gradient_boosting,97,0,0,0.005555766539852795,0.005555766539852795,0.005555766539852813,0.005555766539852813,208,9.469999349676073e-05,,,0.0,0.0,0.0,0.0,B,B,False
beijing,Wanliu,fixed_panel,natural,72,3,8250,constant,logistic,97,3,0,0.002207108558943387,0.002207108558943387,0.002207108558943387,0.002207108558943387,208,9.150001278612763e-05,,,0.0,0.0,0.0,0.0,B,B,False
beijing,Wanliu,fixed_panel,natural,72,3,8250,constant,hist_gradient_boosting,97,3,0,-0.001287585138572567,-0.001287585138572567,-0.001287585138572567,-0.001287585138572567,208,9.420000424142927e-05,,,0.0,0.0,0.0,0.0,A,A,False
beijing,Wanliu,fixed_panel,natural,72,3,8250,logistic,hist_gradient_boosting,97,3,0,-0.0034946936975159483,-0.0034946936975159483,-0.0034946936975159665,-0.0034946936975159665,208,8.939999679569155e-05,,,0.0,0.0,0.0,0.0,A,A,False
beijing,Wanliu,fixed_panel,natural,72,3,8418,constant,logistic,97,2,0,-0.009125473526712932,-0.009125473526712932,-0.009125473526712925,-0.009125473526712925,208,9.119999594986439e-05,,,0.0,0.0,0.0,0.0,A,A,False
beijing,Wanliu,fixed_panel,natural,72,3,8418,constant,hist_gradient_boosting,97,2,0,-0.10034854883282578,-0.10034854883282578,-0.10034854883282575,-0.10034854883282575,208,8.97999998414889e-05,,,0.0,0.0,0.0,0.0,A,A,False
beijing,Wanliu,fixed_panel,natural,72,3,8418,logistic,hist_gradient_boosting,97,2,0,-0.09122307530611284,-0.09122307530611284,-0.09122307530611291,-0.09122307530611291,208,8.859999070409685e-05,,,0.0,0.0,0.0,0.0,A,A,False
beijing,Wanliu,fixed_panel,natural,72,3,8586,constant,logistic,97,15,0,0.0035814115055685957,0.0035814115055685957,0.003581411505568559,0.003581411505568559,208,9.010000212583691e-05,,,0.0,0.0,0.0,0.0,B,B,False
beijing,Wanliu,fixed_panel,natural,72,3,8586,constant,hist_gradient_boosting,97,15,0,-0.007245027246087666,-0.007245027246087666,-0.007245027246087664,-0.007245027246087664,208,9.509999654255807e-05,,,0.0,0.0,0.0,0.0,A,A,False
beijing,Wanliu,fixed_panel,natural,72,3,8586,logistic,hist_gradient_boosting,97,15,0,-0.010826438751656293,-0.010826438751656293,-0.010826438751656257,-0.010826438751656257,208,9.000000136438757e-05,,,0.0,0.0,0.0,0.0,A,A,False
beijing,Wanliu,artificial,iid_10,72,3,7021,constant,logistic,627,77,6,0.0027143565899363496,0.0033554296197014794,0.0027143565899364515,0.003346066037694863,208,0.0003100000030826777,0.0030861732160857034,True,0.0006410730297651298,0.0006317094477584113,9.363582006718506e-06,0.014606108152996306,B,B,False
beijing,Wanliu,artificial,iid_10,72,3,7021,constant,hist_gradient_boosting,627,77,6,0.0018164468241230092,0.0023687994392497555,0.001890791574776473,0.0022944546885962465,208,0.0002442999975755811,0.0021760444533639716,True,0.0005523526151267463,0.00040366311381977355,0.00014868950130697274,0.26919307926668096,B,B,False
beijing,Wanliu,artificial,iid_10,72,3,7021,logistic,hist_gradient_boosting,627,77,6,-0.0012062119145732268,-0.0006783280316918547,-0.0010516113490985001,-0.0007729114361390612,208,0.0002356000040890649,-0.0009101287627217319,True,0.0005278838828813721,0.00027869991295943893,0.0002491839699219332,0.47204314812909465,A,A,False
beijing,Wanliu,artificial,iid_30,72,3,7021,constant,logistic,627,210,42,-0.0028964608547058374,0.0038348444713238805,-0.002896460854705792,0.003834844471323971,208,0.00034139999479521066,0.0033634367679513093,True,0.006731305326029718,0.006731305326029763,-4.5102810375396984e-17,-6.700455289256606e-15,UNRESOLVED,UNRESOLVED,False
beijing,Wanliu,artificial,iid_30,72,3,7021,constant,hist_gradient_boosting,627,210,42,-0.0036860749991736255,0.00336520866335922,-0.003686074999173739,0.003365208663359084,208,0.0002826999989338219,0.0028275654132136276,True,0.007051283662532846,0.007051283662532823,2.2551405187698492e-17,3.198198550361247e-15,UNRESOLVED,UNRESOLVED,False
beijing,Wanliu,artificial,iid_30,72,3,7021,logistic,hist_gradient_boosting,627,210,42,-0.0014133203423168075,0.00015407038988435033,-0.0013804191498745849,6.26084413158025e-05,208,0.00026889999571722,-0.0005358713547376814,True,0.0015673907322011579,0.0014430275911903874,0.0001243631410107705,0.07934405790196405,UNRESOLVED,UNRESOLVED,False
beijing,Wanliu,artificial,blocks_10,72,3,7021,constant,logistic,627,38,0,0.0022668503255610876,0.0022668503255610876,0.002266850325561042,0.002266850325561042,208,0.0003188999980920926,0.0022668503255610767,True,0.0,0.0,0.0,0.0,B,B,False
beijing,Wanliu,artificial,blocks_10,72,3,7021,constant,hist_gradient_boosting,627,38,0,0.0010065990970700256,0.0010065990970700256,0.0010065990970699575,0.0010065990970699575,208,0.0002547999902162701,0.0010065990970700074,True,0.0,0.0,0.0,0.0,B,B,False
beijing,Wanliu,artificial,blocks_10,72,3,7021,logistic,hist_gradient_boosting,627,38,0,-0.0012602512284910705,-0.0012602512284910705,-0.0012602512284910648,-0.0012602512284910648,208,0.00023499999952036887,-0.0012602512284910694,True,0.0,0.0,0.0,0.0,A,A,False
beijing,Wanshouxigong,full_station,natural,72,3,6570,constant,logistic,2119,65,0,0.002490506737033539,0.002490506737033539,0.002490506737033606,0.002490506737033606,208,0.0006598000036319718,,,0.0,0.0,0.0,0.0,B,B,False
beijing,Wanshouxigong,full_station,natural,72,3,6570,constant,hist_gradient_boosting,2119,65,0,-0.023001113555126133,-0.023001113555126133,-0.023001113555126122,-0.023001113555126122,208,0.0005690999969374388,,,0.0,0.0,0.0,0.0,A,A,False
beijing,Wanshouxigong,full_station,natural,72,3,6570,logistic,hist_gradient_boosting,2119,65,0,-0.02549162029215966,-0.02549162029215966,-0.02549162029215961,-0.02549162029215961,208,0.0005524000007426366,,,0.0,0.0,0.0,0.0,A,A,False
beijing,Wanshouxigong,fixed_panel,natural,72,3,6570,constant,logistic,97,1,0,0.003481489787236529,0.003481489787236529,0.0034814897872364556,0.0034814897872364556,208,0.00018560000171419233,,,0.0,0.0,0.0,0.0,B,B,False
beijing,Wanshouxigong,fixed_panel,natural,72,3,6570,constant,hist_gradient_boosting,97,1,0,-0.015526339416020291,-0.015526339416020291,-0.015526339416020272,-0.015526339416020272,208,0.00013080000644549727,,,0.0,0.0,0.0,0.0,A,A,False
beijing,Wanshouxigong,fixed_panel,natural,72,3,6570,logistic,hist_gradient_boosting,97,1,0,-0.019007829203256818,-0.019007829203256818,-0.019007829203256818,-0.019007829203256818,208,0.00010990000737365335,,,0.0,0.0,0.0,0.0,A,A,False
beijing,Wanshouxigong,fixed_panel,natural,72,3,6738,constant,logistic,97,0,0,0.02117804200613973,0.02117804200613973,0.02117804200613972,0.02117804200613972,208,0.00010560000373516232,,,0.0,0.0,0.0,0.0,B,B,False
beijing,Wanshouxigong,fixed_panel,natural,72,3,6738,constant,hist_gradient_boosting,97,0,0,-0.034429481437395396,-0.034429481437395396,-0.03442948143739542,-0.03442948143739542,208,9.99000039882958e-05,,,0.0,0.0,0.0,0.0,A,A,False
beijing,Wanshouxigong,fixed_panel,natural,72,3,6738,logistic,hist_gradient_boosting,97,0,0,-0.05560752344353512,-0.05560752344353512,-0.05560752344353512,-0.05560752344353512,208,9.899999713525176e-05,,,0.0,0.0,0.0,0.0,A,A,False
beijing,Wanshouxigong,fixed_panel,natural,72,3,6906,constant,logistic,97,0,0,0.0032902224146420796,0.0032902224146420796,0.0032902224146420613,0.0032902224146420613,208,9.810000483412296e-05,,,0.0,0.0,0.0,0.0,B,B,False
beijing,Wanshouxigong,fixed_panel,natural,72,3,6906,constant,hist_gradient_boosting,97,0,0,-0.006039014197346613,-0.006039014197346613,-0.006039014197346622,-0.006039014197346622,208,9.699999645818025e-05,,,0.0,0.0,0.0,0.0,A,A,False
beijing,Wanshouxigong,fixed_panel,natural,72,3,6906,logistic,hist_gradient_boosting,97,0,0,-0.009329236611988683,-0.009329236611988683,-0.009329236611988702,-0.009329236611988702,208,9.310001041740179e-05,,,0.0,0.0,0.0,0.0,A,A,False
beijing,Wanshouxigong,fixed_panel,natural,72,3,7074,constant,logistic,97,0,0,0.0038032898075201454,0.0038032898075201454,0.0038032898075201636,0.0038032898075201636,208,9.660000796429813e-05,,,0.0,0.0,0.0,0.0,B,B,False
beijing,Wanshouxigong,fixed_panel,natural,72,3,7074,constant,hist_gradient_boosting,97,0,0,0.003512235076863655,0.003512235076863655,0.0035122350768636186,0.0035122350768636186,208,9.270000737160444e-05,,,0.0,0.0,0.0,0.0,B,B,False
beijing,Wanshouxigong,fixed_panel,natural,72,3,7074,logistic,hist_gradient_boosting,97,0,0,-0.0002910547306565086,-0.0002910547306565086,-0.0002910547306565086,-0.0002910547306565086,208,9.159999899566174e-05,,,0.0,0.0,0.0,0.0,A,A,False
beijing,Wanshouxigong,fixed_panel,natural,72,3,7242,constant,logistic,97,0,0,0.003069692799278003,0.003069692799278003,0.0030696927992779665,0.0030696927992779665,208,9.73999995039776e-05,,,0.0,0.0,0.0,0.0,B,B,False
beijing,Wanshouxigong,fixed_panel,natural,72,3,7242,constant,hist_gradient_boosting,97,0,0,-0.007595130807605171,-0.007595130807605171,-0.007595130807605163,-0.007595130807605163,208,9.110000974033028e-05,,,0.0,0.0,0.0,0.0,A,A,False
beijing,Wanshouxigong,fixed_panel,natural,72,3,7242,logistic,hist_gradient_boosting,97,0,0,-0.010664823606883174,-0.010664823606883174,-0.010664823606883174,-0.010664823606883174,208,9.030000364873558e-05,,,0.0,0.0,0.0,0.0,A,A,False
beijing,Wanshouxigong,fixed_panel,natural,72,3,7410,constant,logistic,97,0,0,0.0014217362715434377,0.0014217362715434377,0.0014217362715434744,0.0014217362715434744,208,9.14999982342124e-05,,,0.0,0.0,0.0,0.0,B,B,False
beijing,Wanshouxigong,fixed_panel,natural,72,3,7410,constant,hist_gradient_boosting,97,0,0,-0.0029811728430908305,-0.0029811728430908305,-0.0029811728430908535,-0.0029811728430908535,208,9.100000897888094e-05,,,0.0,0.0,0.0,0.0,A,A,False
beijing,Wanshouxigong,fixed_panel,natural,72,3,7410,logistic,hist_gradient_boosting,97,0,0,-0.004402909114634264,-0.004402909114634264,-0.004402909114634264,-0.004402909114634264,208,9.040000441018492e-05,,,0.0,0.0,0.0,0.0,A,A,False
beijing,Wanshouxigong,fixed_panel,natural,72,3,7578,constant,logistic,97,4,0,0.0037844260264660503,0.0037844260264660503,0.0037844260264660503,0.0037844260264660503,208,9.049999061971903e-05,,,0.0,0.0,0.0,0.0,B,B,False
beijing,Wanshouxigong,fixed_panel,natural,72,3,7578,constant,hist_gradient_boosting,97,4,0,0.003834422759415835,0.003834422759415835,0.003834422759415798,0.003834422759415798,208,9.329999738838524e-05,,,0.0,0.0,0.0,0.0,B,B,False
beijing,Wanshouxigong,fixed_panel,natural,72,3,7578,logistic,hist_gradient_boosting,97,4,0,4.999673294981199e-05,4.999673294981199e-05,4.999673294981199e-05,4.999673294981199e-05,208,8.730000990908593e-05,,,0.0,0.0,0.0,0.0,B,B,False
beijing,Wanshouxigong,fixed_panel,natural,72,3,7746,constant,logistic,97,16,0,-0.0029440905424870387,-0.0029440905424870387,-0.0029440905424870435,-0.0029440905424870435,208,9.679999493528157e-05,,,0.0,0.0,0.0,0.0,A,A,False
beijing,Wanshouxigong,fixed_panel,natural,72,3,7746,constant,hist_gradient_boosting,97,16,0,-0.19544384132614517,-0.19544384132614517,-0.1954438413261451,-0.1954438413261451,208,9.189998672809452e-05,,,0.0,0.0,0.0,0.0,A,A,False
beijing,Wanshouxigong,fixed_panel,natural,72,3,7746,logistic,hist_gradient_boosting,97,16,0,-0.1924997507836581,-0.1924997507836581,-0.19249975078365816,-0.19249975078365816,208,9.059999138116837e-05,,,0.0,0.0,0.0,0.0,A,A,False
beijing,Wanshouxigong,fixed_panel,natural,72,3,7914,constant,logistic,97,6,0,0.0016028206004165232,0.0016028206004165232,0.0016028206004165232,0.0016028206004165232,208,9.180000051856041e-05,,,0.0,0.0,0.0,0.0,B,B,False
beijing,Wanshouxigong,fixed_panel,natural,72,3,7914,constant,hist_gradient_boosting,97,6,0,-0.01670867323017693,-0.01670867323017693,-0.016708673230176947,-0.016708673230176947,208,9.030000364873558e-05,,,0.0,0.0,0.0,0.0,A,A,False
beijing,Wanshouxigong,fixed_panel,natural,72,3,7914,logistic,hist_gradient_boosting,97,6,0,-0.018311493830593453,-0.018311493830593453,-0.018311493830593453,-0.018311493830593453,208,8.879999222699553e-05,,,0.0,0.0,0.0,0.0,A,A,False
beijing,Wanshouxigong,fixed_panel,natural,72,3,8082,constant,logistic,97,1,0,-0.008678538239378334,-0.008678538239378334,-0.008678538239378334,-0.008678538239378334,208,8.97999998414889e-05,,,0.0,0.0,0.0,0.0,A,A,False
beijing,Wanshouxigong,fixed_panel,natural,72,3,8082,constant,hist_gradient_boosting,97,1,0,-0.021062451566753685,-0.021062451566753685,-0.021062451566753685,-0.021062451566753685,208,8.919999527279288e-05,,,0.0,0.0,0.0,0.0,A,A,False
beijing,Wanshouxigong,fixed_panel,natural,72,3,8082,logistic,hist_gradient_boosting,97,1,0,-0.012383913327375356,-0.012383913327375356,-0.012383913327375368,-0.012383913327375368,208,8.839998918119818e-05,,,0.0,0.0,0.0,0.0,A,A,False
beijing,Wanshouxigong,fixed_panel,natural,72,3,8250,constant,logistic,97,2,0,0.0017440958801974264,0.0017440958801974264,0.0017440958801974264,0.0017440958801974264,208,9.549999958835542e-05,,,0.0,0.0,0.0,0.0,B,B,False
beijing,Wanshouxigong,fixed_panel,natural,72,3,8250,constant,hist_gradient_boosting,97,2,0,-0.0015631453232298903,-0.0015631453232298903,-0.0015631453232298994,-0.0015631453232298994,208,9.09000082174316e-05,,,0.0,0.0,0.0,0.0,A,A,False
beijing,Wanshouxigong,fixed_panel,natural,72,3,8250,logistic,hist_gradient_boosting,97,2,0,-0.003307241203427311,-0.003307241203427311,-0.003307241203427274,-0.003307241203427274,208,9.099999442696571e-05,,,0.0,0.0,0.0,0.0,A,A,False
beijing,Wanshouxigong,fixed_panel,natural,72,3,8418,constant,logistic,97,18,0,-0.0093991092132259,-0.0093991092132259,-0.009399109213225908,-0.009399109213225908,208,9.309999586548656e-05,,,0.0,0.0,0.0,0.0,A,A,False
beijing,Wanshouxigong,fixed_panel,natural,72,3,8418,constant,hist_gradient_boosting,97,18,0,-0.08945571652387484,-0.08945571652387484,-0.08945571652387477,-0.08945571652387477,208,9.310001041740179e-05,,,0.0,0.0,0.0,0.0,A,A,False
beijing,Wanshouxigong,fixed_panel,natural,72,3,8418,logistic,hist_gradient_boosting,97,18,0,-0.08005660731064895,-0.08005660731064895,-0.080056607310649,-0.080056607310649,208,9.109999518841505e-05,,,0.0,0.0,0.0,0.0,A,A,False
beijing,Wanshouxigong,fixed_panel,natural,72,3,8586,constant,logistic,97,17,0,0.0038045288042593945,0.0038045288042593945,0.0038045288042593945,0.0038045288042593945,208,9.23999905353412e-05,,,0.0,0.0,0.0,0.0,B,B,False
beijing,Wanshouxigong,fixed_panel,natural,72,3,8586,constant,hist_gradient_boosting,97,17,0,-0.005495186481717109,-0.005495186481717109,-0.005495186481717106,-0.005495186481717106,208,9.06999921426177e-05,,,0.0,0.0,0.0,0.0,A,A,False
beijing,Wanshouxigong,fixed_panel,natural,72,3,8586,logistic,hist_gradient_boosting,97,17,0,-0.009299715285976489,-0.009299715285976489,-0.009299715285976489,-0.009299715285976489,208,8.949999755714089e-05,,,0.0,0.0,0.0,0.0,A,A,False
beijing,Wanshouxigong,artificial,iid_10,72,3,6710,constant,logistic,886,84,0,0.0035127456517920095,0.0035127456517920095,0.0035127456517919774,0.0035127456517919774,208,0.00037120000342838466,0.0035127456517919935,True,0.0,0.0,0.0,0.0,B,B,False
beijing,Wanshouxigong,artificial,iid_10,72,3,6710,constant,hist_gradient_boosting,886,84,0,-0.005482970072574748,-0.005482970072574748,-0.00548297007257478,-0.00548297007257478,208,0.00030359999800566584,-0.005482970072574768,True,0.0,0.0,0.0,0.0,A,A,False
beijing,Wanshouxigong,artificial,iid_10,72,3,6710,logistic,hist_gradient_boosting,886,84,0,-0.00899571572436677,-0.00899571572436677,-0.008995715724366712,-0.008995715724366712,208,0.00029299999005161226,-0.008995715724366762,True,0.0,0.0,0.0,0.0,A,A,False
beijing,Wanshouxigong,artificial,iid_30,72,3,6710,constant,logistic,886,283,95,-0.005305080658857056,0.004157149375337391,-0.00492068280033289,0.0037727515168130654,208,0.0004243000003043562,-0.0013158619068288802,True,0.009462230034194448,0.008693434317145955,0.0007687957170484927,0.08124889315417524,UNRESOLVED,UNRESOLVED,False
beijing,Wanshouxigong,artificial,iid_30,72,3,6710,constant,hist_gradient_boosting,886,283,95,-0.006249158182549778,0.0019500790323962727,-0.006233328871622976,0.001934249721469527,208,0.0003547999949660152,-0.0030865836012128243,True,0.00819923721494605,0.008167578593092502,3.16586218535482e-05,0.0038611667187575705,UNRESOLVED,UNRESOLVED,False
beijing,Wanshouxigong,artificial,iid_30,72,3,6710,logistic,hist_gradient_boosting,886,283,95,-0.003976678549062378,0.0008255306824285013,-0.0020480686734265334,-0.0004545762468542322,208,0.0003343000134918839,-0.001770721694383944,True,0.004802209231490879,0.001593492426572301,0.0032087168049185783,0.6681751357015341,UNRESOLVED,A,True
beijing,Wanshouxigong,artificial,blocks_10,72,3,6710,constant,logistic,886,77,50,-0.0002058279853063323,0.0046766997543049625,0.00043201555808776616,0.0028344707205467724,208,0.00035999999090563506,0.0023731835777425804,True,0.004882527739611295,0.0024024551624590063,0.002480072577152289,0.5079484868118191,UNRESOLVED,B,True
beijing,Wanshouxigong,artificial,blocks_10,72,3,6710,constant,hist_gradient_boosting,886,77,50,-0.003043355819748587,0.0034752803036800163,-0.0005559859189092646,0.0034434361590809587,208,0.00030020000122021884,-0.0005559859189092726,True,0.006518636123428604,0.0039994220779902235,0.00251921404543838,0.3864633640745927,UNRESOLVED,UNRESOLVED,False
beijing,Wanshouxigong,artificial,blocks_10,72,3,6710,logistic,hist_gradient_boosting,886,77,50,-0.006567549423214436,0.0025286021381472268,-0.0029291694966518816,0.0025200694093576318,208,0.00030509999487549067,-0.002929169496651853,True,0.009096151561361662,0.005449238906009513,0.003646912655352149,0.40092918755261137,UNRESOLVED,UNRESOLVED,False
household,household,full_station,natural,60,5,86400,constant,logistic,43141,2,0,0.08078465231102797,0.08078465231102797,0.08078465231102801,0.08078465231102801,271,0.01250630000140518,,,0.0,0.0,0.0,0.0,B,B,False
household,household,full_station,natural,60,5,86400,constant,hist_gradient_boosting,43141,2,0,0.08538947850298421,0.08538947850298421,0.08538947850298578,0.08538947850298578,271,0.011795600003097206,,,0.0,0.0,0.0,0.0,B,B,False
household,household,full_station,natural,60,5,86400,logistic,hist_gradient_boosting,43141,2,0,0.004604826191956277,0.004604826191956277,0.004604826191956262,0.004604826191956262,271,0.012494499998865649,,,0.0,0.0,0.0,0.0,B,B,False
household,household,fixed_panel,natural,60,5,86400,constant,logistic,10021,0,0,0.09299675577122822,0.09299675577122822,0.09299675577122837,0.09299675577122837,271,0.0031442000035895035,,,0.0,0.0,0.0,0.0,B,B,False
household,household,fixed_panel,natural,60,5,86400,constant,hist_gradient_boosting,10021,0,0,0.09875351214529539,0.09875351214529539,0.09875351214529547,0.09875351214529547,271,0.0030401999974856153,,,0.0,0.0,0.0,0.0,B,B,False
household,household,fixed_panel,natural,60,5,86400,logistic,hist_gradient_boosting,10021,0,0,0.005756756374067197,0.005756756374067197,0.005756756374067166,0.005756756374067166,271,0.0029156999953556806,,,0.0,0.0,0.0,0.0,B,B,False
household,household,fixed_panel,natural,60,5,96480,constant,logistic,10021,2,0,0.09009013218100173,0.09009013218100173,0.09009013218100173,0.09009013218100173,271,0.002943500003311783,,,0.0,0.0,0.0,0.0,B,B,False
household,household,fixed_panel,natural,60,5,96480,constant,hist_gradient_boosting,10021,2,0,0.08846713169869697,0.08846713169869697,0.08846713169869705,0.08846713169869705,271,0.0027914000093005598,,,0.0,0.0,0.0,0.0,B,B,False
household,household,fixed_panel,natural,60,5,96480,logistic,hist_gradient_boosting,10021,2,0,-0.0016230004823047494,-0.0016230004823047494,-0.0016230004823047422,-0.0016230004823047422,271,0.0028360999858705327,,,0.0,0.0,0.0,0.0,A,A,False
household,household,fixed_panel,natural,60,5,106560,constant,logistic,10021,0,0,0.08647755637111566,0.08647755637111566,0.08647755637111569,0.08647755637111569,271,0.0031067999952938408,,,0.0,0.0,0.0,0.0,B,B,False
household,household,fixed_panel,natural,60,5,106560,constant,hist_gradient_boosting,10021,0,0,0.08788087857619026,0.08788087857619026,0.08788087857619027,0.08788087857619027,271,0.0029071000026306137,,,0.0,0.0,0.0,0.0,B,B,False
household,household,fixed_panel,natural,60,5,106560,logistic,hist_gradient_boosting,10021,0,0,0.0014033222050745915,0.0014033222050745915,0.0014033222050745908,0.0014033222050745908,271,0.0027879999979631975,,,0.0,0.0,0.0,0.0,B,B,False
household,household,fixed_panel,natural,60,5,116640,constant,logistic,10021,0,0,0.06085450324398871,0.06085450324398871,0.0608545032439888,0.0608545032439888,271,0.002863500005332753,,,0.0,0.0,0.0,0.0,B,B,False
household,household,fixed_panel,natural,60,5,116640,constant,hist_gradient_boosting,10021,0,0,0.07220673773205477,0.07220673773205477,0.072206737732055,0.072206737732055,271,0.0029169000044930726,,,0.0,0.0,0.0,0.0,B,B,False
household,household,fixed_panel,natural,60,5,116640,logistic,hist_gradient_boosting,10021,0,0,0.011352234488066078,0.011352234488066078,0.01135223448806605,0.01135223448806605,271,0.0029118999955244362,,,0.0,0.0,0.0,0.0,B,B,False
household,household,fixed_panel,natural,60,5,126720,constant,logistic,2821,0,0,0.0596038032113166,0.0596038032113166,0.059603803211316635,0.059603803211316635,271,0.0010513000015635043,,,0.0,0.0,0.0,0.0,B,B,False
household,household,fixed_panel,natural,60,5,126720,constant,hist_gradient_boosting,2821,0,0,0.06733737769043165,0.06733737769043165,0.06733737769043167,0.06733737769043167,271,0.0009358999959658831,,,0.0,0.0,0.0,0.0,B,B,False
household,household,fixed_panel,natural,60,5,126720,logistic,hist_gradient_boosting,2821,0,0,0.00773357447911503,0.00773357447911503,0.007733574479115027,0.007733574479115027,271,0.0008721000049263239,,,0.0,0.0,0.0,0.0,B,B,False
household,household,artificial,iid_10,60,5,98256,constant,logistic,4037,428,0,-0.05655562765706698,-0.05655562765706698,-0.05655562765706698,-0.05655562765706698,271,0.001210800008266233,-0.056555627657066974,True,0.0,0.0,0.0,0.0,A,A,False
household,household,artificial,iid_10,60,5,98256,constant,hist_gradient_boosting,4037,428,0,0.0605871973806269,0.0605871973806269,0.0605871973806269,0.0605871973806269,271,0.001023200005874969,0.0605871973806269,True,0.0,0.0,0.0,0.0,B,B,False
household,household,artificial,iid_10,60,5,98256,logistic,hist_gradient_boosting,4037,428,0,0.11714282503769385,0.11714282503769385,0.11714282503769385,0.11714282503769385,271,0.0010123999963980168,0.11714282503769387,True,0.0,0.0,0.0,0.0,B,B,False
household,household,artificial,iid_30,60,5,98256,constant,logistic,4037,1255,535,-0.2918987427402316,-0.19168935246024157,-0.2909594062148828,-0.19262868898559032,271,0.001316099995165132,-0.24078515457552632,True,0.10020939027999001,0.09833071722929249,0.0018786730506975269,0.01874747511633811,A,A,False
household,household,artificial,iid_30,60,5,98256,constant,hist_gradient_boosting,4037,1255,535,-0.009513514840074733,0.06113158758566074,-0.0090181408226035,0.060578019639477246,271,0.0013182999973651022,0.060578019639477246,True,0.07064510242573548,0.06959616046208075,0.0010489419636547231,0.0148480493004792,UNRESOLVED,UNRESOLVED,False
household,household,artificial,iid_30,60,5,98256,logistic,hist_gradient_boosting,4037,1255,535,0.23247829078457335,0.30272787716148586,0.2330144134616105,0.30229025816746624,271,0.0011253999982727692,0.3013631742150036,True,0.0702495863769125,0.06927584470585574,0.0009737416710567659,0.01386117301577146,B,B,False
household,household,artificial,blocks_10,60,5,98256,constant,logistic,4037,369,1419,-0.2771581194809162,-0.04431575053883576,-0.2564032521781799,-0.0700426111828313,271,0.0012442000006558374,-0.12753456436090485,True,0.2328423689420804,0.1863606409953486,0.046481727946731805,0.19962744820850944,A,A,False
household,household,artificial,blocks_10,60,5,98256,constant,hist_gradient_boosting,4037,369,1419,-0.09608219950056561,0.0757832449205695,-0.09242088341008102,0.0723847129511046,271,0.0011420999944675714,0.06003523410136582,True,0.1718654444211351,0.16480559636118564,0.0070598480599494695,0.0410777633847685,UNRESOLVED,UNRESOLVED,False
household,household,artificial,blocks_10,60,5,98256,logistic,hist_gradient_boosting,4037,369,1419,0.08383138247561404,0.2173435329641418,0.08807871217150559,0.21098447397074868,271,0.0011186000047018752,0.18756979846227068,True,0.13351215048852777,0.12290576179924309,0.01060638868928468,0.07944137406577126,B,B,False
household,household,full_station,natural,180,5,86400,constant,logistic,43021,2,0,0.09003075631504019,0.09003075631504019,0.09003075631503965,0.09003075631503965,871,0.023981199992704205,,,0.0,0.0,0.0,0.0,B,B,False
household,household,full_station,natural,180,5,86400,constant,hist_gradient_boosting,43021,2,0,0.12404127289222996,0.12404127289222996,0.1240412728922317,0.1240412728922317,871,0.0226521999866236,,,0.0,0.0,0.0,0.0,B,B,False
household,household,full_station,natural,180,5,86400,logistic,hist_gradient_boosting,43021,2,0,0.03401051657718976,0.03401051657718976,0.03401051657718989,0.03401051657718989,871,0.023359200000413693,,,0.0,0.0,0.0,0.0,B,B,False
household,household,fixed_panel,natural,180,5,86400,constant,logistic,9901,0,0,0.036852924371867116,0.036852924371867116,0.03685292437186707,0.03685292437186707,871,0.005676800006767735,,,0.0,0.0,0.0,0.0,B,B,False
household,household,fixed_panel,natural,180,5,86400,constant,hist_gradient_boosting,9901,0,0,0.1019663189070889,0.1019663189070889,0.10196631890708631,0.10196631890708631,871,0.005937699999776669,,,0.0,0.0,0.0,0.0,B,B,False
household,household,fixed_panel,natural,180,5,86400,logistic,hist_gradient_boosting,9901,0,0,0.06511339453522176,0.06511339453522176,0.0651133945352218,0.0651133945352218,871,0.007962700008647516,,,0.0,0.0,0.0,0.0,B,B,False
household,household,fixed_panel,natural,180,5,96480,constant,logistic,9901,2,0,0.14957269744933818,0.14957269744933818,0.14957269744933815,0.14957269744933815,871,0.005851699999766424,,,0.0,0.0,0.0,0.0,B,B,False
household,household,fixed_panel,natural,180,5,96480,constant,hist_gradient_boosting,9901,2,0,0.13925084091680168,0.13925084091680168,0.1392508409168015,0.1392508409168015,871,0.006704500003252178,,,0.0,0.0,0.0,0.0,B,B,False
household,household,fixed_panel,natural,180,5,96480,logistic,hist_gradient_boosting,9901,2,0,-0.01032185653253652,-0.01032185653253652,-0.010321856532536523,-0.010321856532536523,871,0.006238900008611381,,,0.0,0.0,0.0,0.0,A,A,False
household,household,fixed_panel,natural,180,5,106560,constant,logistic,9901,0,0,0.13797083922236936,0.13797083922236936,0.1379708392223694,0.1379708392223694,871,0.006817299989052117,,,0.0,0.0,0.0,0.0,B,B,False
household,household,fixed_panel,natural,180,5,106560,constant,hist_gradient_boosting,9901,0,0,0.1422484540888218,0.1422484540888218,0.14224845408882159,0.14224845408882159,871,0.006173300003865734,,,0.0,0.0,0.0,0.0,B,B,False
household,household,fixed_panel,natural,180,5,106560,logistic,hist_gradient_boosting,9901,0,0,0.004277614866452433,0.004277614866452433,0.004277614866452402,0.004277614866452402,871,0.012332400001469068,,,0.0,0.0,0.0,0.0,B,B,False
household,household,fixed_panel,natural,180,5,116640,constant,logistic,9901,0,0,0.051775031470704586,0.051775031470704586,0.05177503147070436,0.05177503147070436,871,0.006816299995989539,,,0.0,0.0,0.0,0.0,B,B,False
household,household,fixed_panel,natural,180,5,116640,constant,hist_gradient_boosting,9901,0,0,0.11610733614069346,0.11610733614069346,0.11610733614069367,0.11610733614069367,871,0.013057100004516542,,,0.0,0.0,0.0,0.0,B,B,False
household,household,fixed_panel,natural,180,5,116640,logistic,hist_gradient_boosting,9901,0,0,0.06433230466998889,0.06433230466998889,0.06433230466998889,0.06433230466998889,871,0.008040600005188026,,,0.0,0.0,0.0,0.0,B,B,False
household,household,fixed_panel,natural,180,5,126720,constant,logistic,2701,0,0,0.037022390650255116,0.037022390650255116,0.037022390650255116,0.037022390650255116,871,0.0029285999917192385,,,0.0,0.0,0.0,0.0,B,B,False
household,household,fixed_panel,natural,180,5,126720,constant,hist_gradient_boosting,2701,0,0,0.10549569969920286,0.10549569969920286,0.10549569969920265,0.10549569969920265,871,0.00212239999382291,,,0.0,0.0,0.0,0.0,B,B,False
household,household,fixed_panel,natural,180,5,126720,logistic,hist_gradient_boosting,2701,0,0,0.06847330904894774,0.06847330904894774,0.06847330904894772,0.06847330904894772,871,0.002193799999076873,,,0.0,0.0,0.0,0.0,B,B,False
household,household,artificial,iid_10,180,5,98256,constant,logistic,3917,428,0,0.21103722066875374,0.21103722066875374,0.21103722066875374,0.21103722066875374,871,0.0025242999981855974,0.2110372206687538,True,0.0,0.0,0.0,0.0,B,B,False
household,household,artificial,iid_10,180,5,98256,constant,hist_gradient_boosting,3917,428,0,0.060989604091029985,0.060989604091029985,0.060989604091029985,0.060989604091029985,871,0.002375600000959821,0.06098960409102999,True,0.0,0.0,0.0,0.0,B,B,False
household,household,artificial,iid_10,180,5,98256,logistic,hist_gradient_boosting,3917,428,0,-0.1500476165777238,-0.1500476165777238,-0.1500476165777238,-0.1500476165777238,871,0.002390000008745119,-0.1500476165777238,True,0.0,0.0,0.0,0.0,A,A,False
household,household,artificial,iid_30,180,5,98256,constant,logistic,3917,1255,1204,-0.06659077885555593,0.22263716556063282,-0.06645007172341093,0.22249645842848748,871,0.002817399988998659,0.22249645842848745,True,0.28922794441618876,0.2889465301518984,0.0002814142642903472,0.0009729843527339187,UNRESOLVED,UNRESOLVED,False
household,household,artificial,iid_30,180,5,98256,constant,hist_gradient_boosting,3917,1255,1204,-0.1032117174625073,0.09555367673809319,-0.0940728912843901,0.07792093446498337,871,0.0028463999915402383,0.06038838585317735,True,0.1987653942006005,0.17199382574937347,0.026771568451227024,0.13468928310633535,UNRESOLVED,UNRESOLVED,False
household,household,artificial,iid_30,180,5,98256,logistic,hist_gradient_boosting,3917,1255,1204,-0.16257340833409287,-0.0011310190953981389,-0.16241415181149002,-0.001290275618001108,871,0.002623599997605197,-0.16210807257531012,True,0.16144238923869472,0.16112387619348892,0.0003185130452058038,0.0019729207843602837,A,A,False
household,household,artificial,blocks_10,180,5,98256,constant,logistic,3917,405,1565,-0.13644952167954827,0.18516523708188332,-0.13644952167954752,0.18516523708188332,871,0.003470799987553619,0.18516523708188332,True,0.3216147587614316,0.32161475876143086,7.216449660063518e-16,2.243817941643828e-15,UNRESOLVED,UNRESOLVED,False
household,household,artificial,blocks_10,180,5,98256,constant,hist_gradient_boosting,3917,405,1565,-0.12417841088918331,0.14151671861728987,-0.12402335727478571,0.1386258178800952,871,0.0032227000046987087,0.05942041493257554,True,0.26569512950647317,0.2626491751548809,0.0030459543515922727,0.011464095549098365,UNRESOLVED,UNRESOLVED,False
household,household,artificial,blocks_10,180,5,98256,logistic,hist_gradient_boosting,3917,405,1565,-0.12970129162675473,0.09832388395252628,-0.12574482214930777,0.09828944367066515,871,0.0031669000018155202,-0.12574482214930777,True,0.228025175579281,0.22403426581997293,0.0039909097593080756,0.017502057609075253,UNRESOLVED,UNRESOLVED,False
